dataset,run,seed,path,Dataset,Shift type,Wandb,Project name,Target name,Confounder names,Up weight,Resume,Minority fraction,Imbalance ratio,Fraction,Root dir,Reweight groups,Augment data,Val fraction,Loss type,Alpha,Generalization adjustment,Sv dropout,Automatic adjustment,Robust step size,Joint dro alpha,Use normalized loss,Btl,Hinge,Model,Train from scratch,N epochs,Batch size,Lr,Scheduler,Weight decay,Gamma,Minimum variational weight,Seed,Show progress,Log dir,Log every,Save step,Save best,Save last,Use bert params,Num folds per sweep,Num sweeps,Q,Metadata csv name,Fold,Metadata path,Aug col,Finetune,Normalize,Unfreeze,Restart layers,Pretrained path,L1,Accum,Recalculate groups,Max grad norm,Adam epsilon,Warmup steps
CUB,erm_50,111,results/CUB/erm_50/model_outputs_111,CUB,confounder,False,spurious,waterbird_complete50,['forest2water2'],0,False,None,None,1.0,../datasets,False,False,0.1,erm,0.2,0.0,0.0,False,0.01,1,False,False,False,resnet50,False,301,64,0.001,False,0.0001,0.1,0,111,False,results/CUB/erm_50/model_outputs_111,50,10,True,False,1,5,4,0.7,metadata.csv,None,../datasets//metadata.csv,None,,,,,,,,,,,
CUB,erm_50,222,results/CUB/erm_50/model_outputs_222,CUB,confounder,False,spurious,waterbird_complete50,['forest2water2'],0,False,None,None,1.0,../datasets,False,False,0.1,erm,0.2,0.0,0.0,False,0.01,1,False,False,False,resnet50,False,301,64,0.001,False,0.0001,0.1,0,222,False,results/CUB/erm_50/model_outputs_222,50,10,True,False,1,5,4,0.7,metadata.csv,None,../datasets//metadata.csv,None,,,,,,,,,,,
CUB,erm_50,333,results/CUB/erm_50/model_outputs_333,CUB,confounder,False,spurious,waterbird_complete50,['forest2water2'],0,False,None,None,1.0,../datasets,False,False,0.1,erm,0.2,0.0,0.0,False,0.01,1,False,False,False,resnet50,False,301,64,0.001,False,0.0001,0.1,0,333,False,results/CUB/erm_50/model_outputs_333,50,10,True,False,1,5,4,0.7,metadata.csv,None,../datasets//metadata.csv,None,,,,,,,,,,,
CUB,erm_625,111,results/CUB/erm_625/model_outputs_111,CUB,confounder,False,spurious,waterbird_complete625,['forest2water2'],0,False,None,None,1.0,../datasets,False,False,0.1,erm,0.2,0.0,0.0,False,0.01,1,False,False,False,resnet50,False,301,64,0.001,False,0.0001,0.1,0,111,False,results/CUB/erm_625/model_outputs_111,50,10,True,False,1,5,4,0.7,metadata.csv,None,../datasets//metadata.csv,None,,,,,,,,,,,
CUB,erm_625,222,results/CUB/erm_625/model_outputs_222,CUB,confounder,False,spurious,waterbird_complete625,['forest2water2'],0,False,None,None,1.0,../datasets,False,False,0.1,erm,0.2,0.0,0.0,False,0.01,1,False,False,False,resnet50,False,301,64,0.001,False,0.0001,0.1,0,222,False,results/CUB/erm_625/model_outputs_222,50,10,True,False,1,5,4,0.7,metadata.csv,None,../datasets//metadata.csv,None,,,,,,,,,,,
CUB,erm_625,333,results/CUB/erm_625/model_outputs_333,CUB,confounder,False,spurious,waterbird_complete625,['forest2water2'],0,False,None,None,1.0,../datasets,False,False,0.1,erm,0.2,0.0,0.0,False,0.01,1,False,False,False,resnet50,False,301,64,0.001,False,0.0001,0.1,0,333,False,results/CUB/erm_625/model_outputs_333,50,10,True,False,1,5,4,0.7,metadata.csv,None,../datasets//metadata.csv,None,,,,,,,,,,,
CUB,erm_75,111,results/CUB/erm_75/model_outputs_111,CUB,confounder,False,spurious,waterbird_complete75,['forest2water2'],0,False,None,None,1.0,../datasets,False,False,0.1,erm,0.2,0.0,0.0,False,0.01,1,False,False,False,resnet50,False,301,64,0.001,False,0.0001,0.1,0,111,False,results/CUB/erm_75/model_outputs_111,50,10,True,False,1,5,4,0.7,metadata.csv,None,../datasets//metadata.csv,None,,,,,,,,,,,
CUB,erm_75,222,results/CUB/erm_75/model_outputs_222,CUB,confounder,False,spurious,waterbird_complete75,['forest2water2'],0,False,None,None,1.0,../datasets,False,False,0.1,erm,0.2,0.0,0.0,False,0.01,1,False,False,False,resnet50,False,301,64,0.001,False,0.0001,0.1,0,222,False,results/CUB/erm_75/model_outputs_222,50,10,True,False,1,5,4,0.7,metadata.csv,None,../datasets//metadata.csv,None,,,,,,,,,,,
CUB,erm_75,333,results/CUB/erm_75/model_outputs_333,CUB,confounder,False,spurious,waterbird_complete75,['forest2water2'],0,False,None,None,1.0,../datasets,False,False,0.1,erm,0.2,0.0,0.0,False,0.01,1,False,False,False,resnet50,False,301,64,0.001,False,0.0001,0.1,0,333,False,results/CUB/erm_75/model_outputs_333,50,10,True,False,1,5,4,0.7,metadata.csv,None,../datasets//metadata.csv,None,,,,,,,,,,,
CUB,erm_875,111,results/CUB/erm_875/model_outputs_111,CUB,confounder,False,spurious,waterbird_complete875,['forest2water2'],0,False,None,None,1.0,../datasets,False,False,0.1,erm,0.2,0.0,0.0,False,0.01,1,False,False,False,resnet50,False,301,64,0.001,False,0.0001,0.1,0,111,False,results/CUB/erm_875/model_outputs_111,50,10,True,False,1,5,4,0.7,metadata.csv,None,../datasets//metadata.csv,None,,,,,,,,,,,
CUB,erm_875,222,results/CUB/erm_875/model_outputs_222,CUB,confounder,False,spurious,waterbird_complete875,['forest2water2'],0,False,None,None,1.0,../datasets,False,False,0.1,erm,0.2,0.0,0.0,False,0.01,1,False,False,False,resnet50,False,301,64,0.001,False,0.0001,0.1,0,222,False,results/CUB/erm_875/model_outputs_222,50,10,True,False,1,5,4,0.7,metadata.csv,None,../datasets//metadata.csv,None,,,,,,,,,,,
CUB,erm_875,333,results/CUB/erm_875/model_outputs_333,CUB,confounder,False,spurious,waterbird_complete875,['forest2water2'],0,False,None,None,1.0,../datasets,False,False,0.1,erm,0.2,0.0,0.0,False,0.01,1,False,False,False,resnet50,False,301,64,0.001,False,0.0001,0.1,0,333,False,results/CUB/erm_875/model_outputs_333,50,10,True,False,1,5,4,0.7,metadata.csv,None,../datasets//metadata.csv,None,,,,,,,,,,,
CUB,erm_95,111,results/CUB/erm_95/model_outputs_111,CUB,confounder,False,spurious,waterbird_complete95,['forest2water2'],0,False,None,None,1.0,../datasets,False,False,0.1,erm,0.2,0.0,0.0,False,0.01,1,False,False,False,resnet50,False,301,64,0.001,False,0.0001,0.1,0,111,False,results/CUB/erm_95/model_outputs_111,50,10,True,False,1,5,4,0.7,metadata.csv,None,../datasets//metadata.csv,None,,,,,,,,,,,
CUB,erm_95,222,results/CUB/erm_95/model_outputs_222,CUB,confounder,False,spurious,waterbird_complete95,['forest2water2'],0,False,None,None,1.0,../datasets,False,False,0.1,erm,0.2,0.0,0.0,False,0.01,1,False,False,False,resnet50,False,301,64,0.001,False,0.0001,0.1,0,222,False,results/CUB/erm_95/model_outputs_222,50,10,True,False,1,5,4,0.7,metadata.csv,None,../datasets//metadata.csv,None,,,,,,,,,,,
CUB,erm_95,333,results/CUB/erm_95/model_outputs_333,CUB,confounder,False,spurious,waterbird_complete95,['forest2water2'],0,False,None,None,1.0,../datasets,False,False,0.1,erm,0.2,0.0,0.0,False,0.01,1,False,False,False,resnet50,False,301,64,0.001,False,0.0001,0.1,0,333,False,results/CUB/erm_95/model_outputs_333,50,10,True,False,1,5,4,0.7,metadata.csv,None,../datasets//metadata.csv,None,,,,,,,,,,,
CUB,erm_dfr_2_50,111,results/CUB/erm_dfr_2_50/model_outputs_111,CUB,confounder,False,spurious,waterbird_complete50,['forest2water2'],0,False,None,None,1.0,../datasets,False,False,0.1,erm,0.2,0.0,0.0,False,0.01,1,False,False,False,resnet50,False,301,64,0.0001,False,0.0001,0.1,0,111,False,results/CUB/erm_dfr_2_50/model_outputs_111,50,10,True,False,1,5,4,0.7,metadata_dfr.csv,None,../datasets//metadata.csv,None,True,True,0,0,pretrained_models/CUB/erm_50_111.pth,0.0,1,,,,
CUB,erm_dfr_2_50,222,results/CUB/erm_dfr_2_50/model_outputs_222,CUB,confounder,False,spurious,waterbird_complete50,['forest2water2'],0,False,None,None,1.0,../datasets,False,False,0.1,erm,0.2,0.0,0.0,False,0.01,1,False,False,False,resnet50,False,301,64,0.0001,False,0.0001,0.1,0,222,False,results/CUB/erm_dfr_2_50/model_outputs_222,50,10,True,False,1,5,4,0.7,metadata_dfr.csv,None,../datasets//metadata.csv,None,True,True,0,0,pretrained_models/CUB/erm_50_222.pth,0.0,1,,,,
CUB,erm_dfr_2_50,333,results/CUB/erm_dfr_2_50/model_outputs_333,CUB,confounder,False,spurious,waterbird_complete50,['forest2water2'],0,False,None,None,1.0,../datasets,False,False,0.1,erm,0.2,0.0,0.0,False,0.01,1,False,False,False,resnet50,False,301,64,0.0001,False,0.0001,0.1,0,333,False,results/CUB/erm_dfr_2_50/model_outputs_333,50,10,True,False,1,5,4,0.7,metadata_dfr.csv,None,../datasets//metadata.csv,None,True,True,0,0,pretrained_models/CUB/erm_50_333.pth,0.0,1,,,,
CUB,erm_dfr_2_625,111,results/CUB/erm_dfr_2_625/model_outputs_111,CUB,confounder,False,spurious,waterbird_complete625,['forest2water2'],0,False,None,None,1.0,../datasets,False,False,0.1,erm,0.2,0.0,0.0,False,0.01,1,False,False,False,resnet50,False,301,64,0.0001,False,0.0001,0.1,0,111,False,results/CUB/erm_dfr_2_625/model_outputs_111,50,10,True,False,1,5,4,0.7,metadata_dfr.csv,None,../datasets//metadata.csv,None,True,True,0,0,pretrained_models/CUB/erm_625_111.pth,0.0,1,,,,
CUB,erm_dfr_2_625,222,results/CUB/erm_dfr_2_625/model_outputs_222,CUB,confounder,False,spurious,waterbird_complete625,['forest2water2'],0,False,None,None,1.0,../datasets,False,False,0.1,erm,0.2,0.0,0.0,False,0.01,1,False,False,False,resnet50,False,301,64,0.0001,False,0.0001,0.1,0,222,False,results/CUB/erm_dfr_2_625/model_outputs_222,50,10,True,False,1,5,4,0.7,metadata_dfr.csv,None,../datasets//metadata.csv,None,True,True,0,0,pretrained_models/CUB/erm_625_222.pth,0.0,1,,,,
CUB,erm_dfr_2_625,333,results/CUB/erm_dfr_2_625/model_outputs_333,CUB,confounder,False,spurious,waterbird_complete625,['forest2water2'],0,False,None,None,1.0,../datasets,False,False,0.1,erm,0.2,0.0,0.0,False,0.01,1,False,False,False,resnet50,False,301,64,0.0001,False,0.0001,0.1,0,333,False,results/CUB/erm_dfr_2_625/model_outputs_333,50,10,True,False,1,5,4,0.7,metadata_dfr.csv,None,../datasets//metadata.csv,None,True,True,0,0,pretrained_models/CUB/erm_625_333.pth,0.0,1,,,,
CUB,erm_dfr_2_75,111,results/CUB/erm_dfr_2_75/model_outputs_111,CUB,confounder,False,spurious,waterbird_complete75,['forest2water2'],0,False,None,None,1.0,../datasets,False,False,0.1,erm,0.2,0.0,0.0,False,0.01,1,False,False,False,resnet50,False,301,64,0.0001,False,0.0001,0.1,0,111,False,results/CUB/erm_dfr_2_75/model_outputs_111,50,10,True,False,1,5,4,0.7,metadata_dfr.csv,None,../datasets//metadata.csv,None,True,True,0,0,pretrained_models/CUB/erm_75_111.pth,0.0,1,,,,
CUB,erm_dfr_2_75,222,results/CUB/erm_dfr_2_75/model_outputs_222,CUB,confounder,False,spurious,waterbird_complete75,['forest2water2'],0,False,None,None,1.0,../datasets,False,False,0.1,erm,0.2,0.0,0.0,False,0.01,1,False,False,False,resnet50,False,301,64,0.0001,False,0.0001,0.1,0,222,False,results/CUB/erm_dfr_2_75/model_outputs_222,50,10,True,False,1,5,4,0.7,metadata_dfr.csv,None,../datasets//metadata.csv,None,True,True,0,0,pretrained_models/CUB/erm_75_222.pth,0.0,1,,,,
CUB,erm_dfr_2_75,333,results/CUB/erm_dfr_2_75/model_outputs_333,CUB,confounder,False,spurious,waterbird_complete75,['forest2water2'],0,False,None,None,1.0,../datasets,False,False,0.1,erm,0.2,0.0,0.0,False,0.01,1,False,False,False,resnet50,False,301,64,0.0001,False,0.0001,0.1,0,333,False,results/CUB/erm_dfr_2_75/model_outputs_333,50,10,True,False,1,5,4,0.7,metadata_dfr.csv,None,../datasets//metadata.csv,None,True,True,0,0,pretrained_models/CUB/erm_75_333.pth,0.0,1,,,,
CUB,erm_dfr_2_875,111,results/CUB/erm_dfr_2_875/model_outputs_111,CUB,confounder,False,spurious,waterbird_complete875,['forest2water2'],0,False,None,None,1.0,../datasets,False,False,0.1,erm,0.2,0.0,0.0,False,0.01,1,False,False,False,resnet50,False,301,64,0.0001,False,0.0001,0.1,0,111,False,results/CUB/erm_dfr_2_875/model_outputs_111,50,10,True,False,1,5,4,0.7,metadata_dfr.csv,None,../datasets//metadata.csv,None,True,True,0,0,pretrained_models/CUB/erm_875_111.pth,0.0,1,,,,
CUB,erm_dfr_2_875,222,results/CUB/erm_dfr_2_875/model_outputs_222,CUB,confounder,False,spurious,waterbird_complete875,['forest2water2'],0,False,None,None,1.0,../datasets,False,False,0.1,erm,0.2,0.0,0.0,False,0.01,1,False,False,False,resnet50,False,301,64,0.0001,False,0.0001,0.1,0,222,False,results/CUB/erm_dfr_2_875/model_outputs_222,50,10,True,False,1,5,4,0.7,metadata_dfr.csv,None,../datasets//metadata.csv,None,True,True,0,0,pretrained_models/CUB/erm_875_222.pth,0.0,1,,,,
CUB,erm_dfr_2_875,333,results/CUB/erm_dfr_2_875/model_outputs_333,CUB,confounder,False,spurious,waterbird_complete875,['forest2water2'],0,False,None,None,1.0,../datasets,False,False,0.1,erm,0.2,0.0,0.0,False,0.01,1,False,False,False,resnet50,False,301,64,0.0001,False,0.0001,0.1,0,333,False,results/CUB/erm_dfr_2_875/model_outputs_333,50,10,True,False,1,5,4,0.7,metadata_dfr.csv,None,../datasets//metadata.csv,None,True,True,0,0,pretrained_models/CUB/erm_875_333.pth,0.0,1,,,,
CUB,erm_dfr_2_95,111,results/CUB/erm_dfr_2_95/model_outputs_111,CUB,confounder,False,spurious,waterbird_complete95,['forest2water2'],0,False,None,None,1.0,../datasets,False,False,0.1,erm,0.2,0.0,0.0,False,0.01,1,False,False,False,resnet50,False,301,64,0.0001,False,0.0001,0.1,0,111,False,results/CUB/erm_dfr_2_95/model_outputs_111,50,10,True,False,1,5,4,0.7,metadata_dfr.csv,None,../datasets//metadata.csv,None,True,True,0,0,pretrained_models/CUB/erm_95_111.pth,0.0,1,,,,
CUB,erm_dfr_2_95,222,results/CUB/erm_dfr_2_95/model_outputs_222,CUB,confounder,False,spurious,waterbird_complete95,['forest2water2'],0,False,None,None,1.0,../datasets,False,False,0.1,erm,0.2,0.0,0.0,False,0.01,1,False,False,False,resnet50,False,301,64,0.0001,False,0.0001,0.1,0,222,False,results/CUB/erm_dfr_2_95/model_outputs_222,50,10,True,False,1,5,4,0.7,metadata_dfr.csv,None,../datasets//metadata.csv,None,True,True,0,0,pretrained_models/CUB/erm_95_222.pth,0.0,1,,,,
CUB,erm_dfr_2_95,333,results/CUB/erm_dfr_2_95/model_outputs_333,CUB,confounder,False,spurious,waterbird_complete95,['forest2water2'],0,False,None,None,1.0,../datasets,False,False,0.1,erm,0.2,0.0,0.0,False,0.01,1,False,False,False,resnet50,False,301,64,0.0001,False,0.0001,0.1,0,333,False,results/CUB/erm_dfr_2_95/model_outputs_333,50,10,True,False,1,5,4,0.7,metadata_dfr.csv,None,../datasets//metadata.csv,None,True,True,0,0,pretrained_models/CUB/erm_95_333.pth,0.0,1,,,,
CUB,erm_dfr_625,111,results/CUB/erm_dfr_625/model_outputs_111,CUB,confounder,False,spurious,waterbird_complete50,['forest2water2'],0,False,None,None,0.357,../datasets,False,False,0.1,erm,0.2,0.0,0.0,False,0.01,1,False,False,False,resnet50,False,301,64,0.0001,False,0.0001,0.1,0,111,False,results/CUB/erm_dfr_625/model_outputs_111,50,10,True,False,1,5,4,0.7,metadata.csv,None,../datasets//metadata.csv,None,True,True,0,0,pretrained_models/CUB/erm_625_111.pth,0.0,,,,,
CUB,erm_dfr_625,222,results/CUB/erm_dfr_625/model_outputs_222,CUB,confounder,False,spurious,waterbird_complete50,['forest2water2'],0,False,None,None,0.357,../datasets,False,False,0.1,erm,0.2,0.0,0.0,False,0.01,1,False,False,False,resnet50,False,301,64,0.0001,False,0.0001,0.1,0,222,False,results/CUB/erm_dfr_625/model_outputs_222,50,10,True,False,1,5,4,0.7,metadata.csv,None,../datasets//metadata.csv,None,True,True,0,0,pretrained_models/CUB/erm_625_222.pth,0.0,,,,,
CUB,erm_dfr_625,333,results/CUB/erm_dfr_625/model_outputs_333,CUB,confounder,False,spurious,waterbird_complete50,['forest2water2'],0,False,None,None,0.357,../datasets,False,False,0.1,erm,0.2,0.0,0.0,False,0.01,1,False,False,False,resnet50,False,301,64,0.0001,False,0.0001,0.1,0,333,False,results/CUB/erm_dfr_625/model_outputs_333,50,10,True,False,1,5,4,0.7,metadata.csv,None,../datasets//metadata.csv,None,True,True,0,0,pretrained_models/CUB/erm_625_333.pth,0.0,,,,,
CUB,erm_dfr_75,111,results/CUB/erm_dfr_75/model_outputs_111,CUB,confounder,False,spurious,waterbird_complete50,['forest2water2'],0,False,None,None,0.225,../datasets,False,False,0.1,erm,0.2,0.0,0.0,False,0.01,1,False,False,False,resnet50,False,301,64,0.0001,False,0.0001,0.1,0,111,False,results/CUB/erm_dfr_75/model_outputs_111,50,10,True,False,1,5,4,0.7,metadata.csv,None,../datasets//metadata.csv,None,True,True,0,0,pretrained_models/CUB/erm_75_111.pth,0.0,,,,,
CUB,erm_dfr_75,222,results/CUB/erm_dfr_75/model_outputs_222,CUB,confounder,False,spurious,waterbird_complete50,['forest2water2'],0,False,None,None,0.225,../datasets,False,False,0.1,erm,0.2,0.0,0.0,False,0.01,1,False,False,False,resnet50,False,301,64,0.0001,False,0.0001,0.1,0,222,False,results/CUB/erm_dfr_75/model_outputs_222,50,10,True,False,1,5,4,0.7,metadata.csv,None,../datasets//metadata.csv,None,True,True,0,0,pretrained_models/CUB/erm_75_222.pth,0.0,,,,,
CUB,erm_dfr_75,333,results/CUB/erm_dfr_75/model_outputs_333,CUB,confounder,False,spurious,waterbird_complete50,['forest2water2'],0,False,None,None,0.225,../datasets,False,False,0.1,erm,0.2,0.0,0.0,False,0.01,1,False,False,False,resnet50,False,301,64,0.0001,False,0.0001,0.1,0,333,False,results/CUB/erm_dfr_75/model_outputs_333,50,10,True,False,1,5,4,0.7,metadata.csv,None,../datasets//metadata.csv,None,True,True,0,0,pretrained_models/CUB/erm_75_333.pth,0.0,,,,,
CUB,erm_dfr_875,111,results/CUB/erm_dfr_875/model_outputs_111,CUB,confounder,False,spurious,waterbird_complete50,['forest2water2'],0,False,None,None,0.118,../datasets,False,False,0.1,erm,0.2,0.0,0.0,False,0.01,1,False,False,False,resnet50,False,301,64,0.0001,False,0.0001,0.1,0,111,False,results/CUB/erm_dfr_875/model_outputs_111,50,10,True,False,1,5,4,0.7,metadata.csv,None,../datasets//metadata.csv,None,True,True,0,0,pretrained_models/CUB/erm_875_111.pth,0.0,,,,,
CUB,erm_dfr_875,222,results/CUB/erm_dfr_875/model_outputs_222,CUB,confounder,False,spurious,waterbird_complete50,['forest2water2'],0,False,None,None,0.118,../datasets,False,False,0.1,erm,0.2,0.0,0.0,False,0.01,1,False,False,False,resnet50,False,301,64,0.0001,False,0.0001,0.1,0,222,False,results/CUB/erm_dfr_875/model_outputs_222,50,10,True,False,1,5,4,0.7,metadata.csv,None,../datasets//metadata.csv,None,True,True,0,0,pretrained_models/CUB/erm_875_222.pth,0.0,,,,,
CUB,erm_dfr_875,333,results/CUB/erm_dfr_875/model_outputs_333,CUB,confounder,False,spurious,waterbird_complete50,['forest2water2'],0,False,None,None,0.118,../datasets,False,False,0.1,erm,0.2,0.0,0.0,False,0.01,1,False,False,False,resnet50,False,301,64,0.0001,False,0.0001,0.1,0,333,False,results/CUB/erm_dfr_875/model_outputs_333,50,10,True,False,1,5,4,0.7,metadata.csv,None,../datasets//metadata.csv,None,True,True,0,0,pretrained_models/CUB/erm_875_333.pth,0.0,,,,,
CUB,erm_dfr_95,111,results/CUB/erm_dfr_95/model_outputs_111,CUB,confounder,False,spurious,waterbird_complete50,['forest2water2'],0,False,None,None,0.047,../datasets,False,False,0.1,erm,0.2,0.0,0.0,False,0.01,1,False,False,False,resnet50,False,301,64,0.0001,False,0.0001,0.1,0,111,False,results/CUB/erm_dfr_95/model_outputs_111,50,10,True,False,1,5,4,0.7,metadata.csv,None,../datasets//metadata.csv,None,True,True,0,0,pretrained_models/CUB/erm_95_111.pth,0.0,,,,,
CUB,erm_dfr_95,222,results/CUB/erm_dfr_95/model_outputs_222,CUB,confounder,False,spurious,waterbird_complete50,['forest2water2'],0,False,None,None,0.047,../datasets,False,False,0.1,erm,0.2,0.0,0.0,False,0.01,1,False,False,False,resnet50,False,301,64,0.0001,False,0.0001,0.1,0,222,False,results/CUB/erm_dfr_95/model_outputs_222,50,10,True,False,1,5,4,0.7,metadata.csv,None,../datasets//metadata.csv,None,True,True,0,0,pretrained_models/CUB/erm_95_222.pth,0.0,,,,,
CUB,erm_dfr_95,333,results/CUB/erm_dfr_95/model_outputs_333,CUB,confounder,False,spurious,waterbird_complete50,['forest2water2'],0,False,None,None,0.047,../datasets,False,False,0.1,erm,0.2,0.0,0.0,False,0.01,1,False,False,False,resnet50,False,301,64,0.0001,False,0.0001,0.1,0,333,False,results/CUB/erm_dfr_95/model_outputs_333,50,10,True,False,1,5,4,0.7,metadata.csv,None,../datasets//metadata.csv,None,True,True,0,0,pretrained_models/CUB/erm_95_333.pth,0.0,,,,,
CUB,erm_dfr_gdro_2_50,111,results/CUB/erm_dfr_gdro_2_50/model_outputs_111,CUB,confounder,False,spurious,waterbird_complete50,['forest2water2'],0,False,None,None,1.0,../datasets,False,False,0.1,group_dro,0.2,0.0,0.0,False,0.01,1,False,False,False,resnet50,False,301,64,1e-05,False,1.0,0.1,0,111,False,results/CUB/erm_dfr_gdro_2_50/model_outputs_111,50,10,True,False,1,5,4,0.7,metadata_dfr.csv,None,../datasets//metadata.csv,None,True,True,0,0,pretrained_models/CUB/erm_50_111.pth,0.0,1,,,,
CUB,erm_dfr_gdro_2_50,222,results/CUB/erm_dfr_gdro_2_50/model_outputs_222,CUB,confounder,False,spurious,waterbird_complete50,['forest2water2'],0,False,None,None,1.0,../datasets,False,False,0.1,group_dro,0.2,0.0,0.0,False,0.01,1,False,False,False,resnet50,False,301,64,1e-05,False,1.0,0.1,0,222,False,results/CUB/erm_dfr_gdro_2_50/model_outputs_222,50,10,True,False,1,5,4,0.7,metadata_dfr.csv,None,../datasets//metadata.csv,None,True,True,0,0,pretrained_models/CUB/erm_50_222.pth,0.0,1,,,,
CUB,erm_dfr_gdro_2_50,333,results/CUB/erm_dfr_gdro_2_50/model_outputs_333,CUB,confounder,False,spurious,waterbird_complete50,['forest2water2'],0,False,None,None,1.0,../datasets,False,False,0.1,group_dro,0.2,0.0,0.0,False,0.01,1,False,False,False,resnet50,False,301,64,1e-05,False,1.0,0.1,0,333,False,results/CUB/erm_dfr_gdro_2_50/model_outputs_333,50,10,True,False,1,5,4,0.7,metadata_dfr.csv,None,../datasets//metadata.csv,None,True,True,0,0,pretrained_models/CUB/erm_50_333.pth,0.0,1,,,,
CUB,erm_dfr_gdro_2_625,111,results/CUB/erm_dfr_gdro_2_625/model_outputs_111,CUB,confounder,False,spurious,waterbird_complete625,['forest2water2'],0,False,None,None,1.0,../datasets,False,False,0.1,group_dro,0.2,0.0,0.0,False,0.01,1,False,False,False,resnet50,False,301,64,1e-05,False,1.0,0.1,0,111,False,results/CUB/erm_dfr_gdro_2_625/model_outputs_111,50,10,True,False,1,5,4,0.7,metadata_dfr.csv,None,../datasets//metadata.csv,None,True,True,0,0,pretrained_models/CUB/erm_625_111.pth,0.0,1,,,,
CUB,erm_dfr_gdro_2_625,222,results/CUB/erm_dfr_gdro_2_625/model_outputs_222,CUB,confounder,False,spurious,waterbird_complete625,['forest2water2'],0,False,None,None,1.0,../datasets,False,False,0.1,group_dro,0.2,0.0,0.0,False,0.01,1,False,False,False,resnet50,False,301,64,1e-05,False,1.0,0.1,0,222,False,results/CUB/erm_dfr_gdro_2_625/model_outputs_222,50,10,True,False,1,5,4,0.7,metadata_dfr.csv,None,../datasets//metadata.csv,None,True,True,0,0,pretrained_models/CUB/erm_625_222.pth,0.0,1,,,,
CUB,erm_dfr_gdro_2_625,333,results/CUB/erm_dfr_gdro_2_625/model_outputs_333,CUB,confounder,False,spurious,waterbird_complete625,['forest2water2'],0,False,None,None,1.0,../datasets,False,False,0.1,group_dro,0.2,0.0,0.0,False,0.01,1,False,False,False,resnet50,False,301,64,1e-05,False,1.0,0.1,0,333,False,results/CUB/erm_dfr_gdro_2_625/model_outputs_333,50,10,True,False,1,5,4,0.7,metadata_dfr.csv,None,../datasets//metadata.csv,None,True,True,0,0,pretrained_models/CUB/erm_625_333.pth,0.0,1,,,,
CUB,erm_dfr_gdro_2_75,111,results/CUB/erm_dfr_gdro_2_75/model_outputs_111,CUB,confounder,False,spurious,waterbird_complete75,['forest2water2'],0,False,None,None,1.0,../datasets,False,False,0.1,group_dro,0.2,0.0,0.0,False,0.01,1,False,False,False,resnet50,False,301,64,1e-05,False,1.0,0.1,0,111,False,results/CUB/erm_dfr_gdro_2_75/model_outputs_111,50,10,True,False,1,5,4,0.7,metadata_dfr.csv,None,../datasets//metadata.csv,None,True,True,0,0,pretrained_models/CUB/erm_75_111.pth,0.0,1,,,,
CUB,erm_dfr_gdro_2_75,222,results/CUB/erm_dfr_gdro_2_75/model_outputs_222,CUB,confounder,False,spurious,waterbird_complete75,['forest2water2'],0,False,None,None,1.0,../datasets,False,False,0.1,group_dro,0.2,0.0,0.0,False,0.01,1,False,False,False,resnet50,False,301,64,1e-05,False,1.0,0.1,0,222,False,results/CUB/erm_dfr_gdro_2_75/model_outputs_222,50,10,True,False,1,5,4,0.7,metadata_dfr.csv,None,../datasets//metadata.csv,None,True,True,0,0,pretrained_models/CUB/erm_75_222.pth,0.0,1,,,,
CUB,erm_dfr_gdro_2_75,333,results/CUB/erm_dfr_gdro_2_75/model_outputs_333,CUB,confounder,False,spurious,waterbird_complete75,['forest2water2'],0,False,None,None,1.0,../datasets,False,False,0.1,group_dro,0.2,0.0,0.0,False,0.01,1,False,False,False,resnet50,False,301,64,1e-05,False,1.0,0.1,0,333,False,results/CUB/erm_dfr_gdro_2_75/model_outputs_333,50,10,True,False,1,5,4,0.7,metadata_dfr.csv,None,../datasets//metadata.csv,None,True,True,0,0,pretrained_models/CUB/erm_75_333.pth,0.0,1,,,,
CUB,erm_dfr_gdro_2_875,111,results/CUB/erm_dfr_gdro_2_875/model_outputs_111,CUB,confounder,False,spurious,waterbird_complete875,['forest2water2'],0,False,None,None,1.0,../datasets,False,False,0.1,group_dro,0.2,0.0,0.0,False,0.01,1,False,False,False,resnet50,False,301,64,1e-05,False,1.0,0.1,0,111,False,results/CUB/erm_dfr_gdro_2_875/model_outputs_111,50,10,True,False,1,5,4,0.7,metadata_dfr.csv,None,../datasets//metadata.csv,None,True,True,0,0,pretrained_models/CUB/erm_875_111.pth,0.0,1,,,,
CUB,erm_dfr_gdro_2_875,222,results/CUB/erm_dfr_gdro_2_875/model_outputs_222,CUB,confounder,False,spurious,waterbird_complete875,['forest2water2'],0,False,None,None,1.0,../datasets,False,False,0.1,group_dro,0.2,0.0,0.0,False,0.01,1,False,False,False,resnet50,False,301,64,1e-05,False,1.0,0.1,0,222,False,results/CUB/erm_dfr_gdro_2_875/model_outputs_222,50,10,True,False,1,5,4,0.7,metadata_dfr.csv,None,../datasets//metadata.csv,None,True,True,0,0,pretrained_models/CUB/erm_875_222.pth,0.0,1,,,,
CUB,erm_dfr_gdro_2_875,333,results/CUB/erm_dfr_gdro_2_875/model_outputs_333,CUB,confounder,False,spurious,waterbird_complete875,['forest2water2'],0,False,None,None,1.0,../datasets,False,False,0.1,group_dro,0.2,0.0,0.0,False,0.01,1,False,False,False,resnet50,False,301,64,1e-05,False,1.0,0.1,0,333,False,results/CUB/erm_dfr_gdro_2_875/model_outputs_333,50,10,True,False,1,5,4,0.7,metadata_dfr.csv,None,../datasets//metadata.csv,None,True,True,0,0,pretrained_models/CUB/erm_875_333.pth,0.0,1,,,,
CUB,erm_dfr_gdro_2_95,111,results/CUB/erm_dfr_gdro_2_95/model_outputs_111,CUB,confounder,False,spurious,waterbird_complete95,['forest2water2'],0,False,None,None,1.0,../datasets,False,False,0.1,group_dro,0.2,0.0,0.0,False,0.01,1,False,False,False,resnet50,False,301,64,1e-05,False,1.0,0.1,0,111,False,results/CUB/erm_dfr_gdro_2_95/model_outputs_111,50,10,True,False,1,5,4,0.7,metadata_dfr.csv,None,../datasets//metadata.csv,None,True,True,0,0,pretrained_models/CUB/erm_95_111.pth,0.0,1,,,,
CUB,erm_dfr_gdro_2_95,222,results/CUB/erm_dfr_gdro_2_95/model_outputs_222,CUB,confounder,False,spurious,waterbird_complete95,['forest2water2'],0,False,None,None,1.0,../datasets,False,False,0.1,group_dro,0.2,0.0,0.0,False,0.01,1,False,False,False,resnet50,False,301,64,1e-05,False,1.0,0.1,0,222,False,results/CUB/erm_dfr_gdro_2_95/model_outputs_222,50,10,True,False,1,5,4,0.7,metadata_dfr.csv,None,../datasets//metadata.csv,None,True,True,0,0,pretrained_models/CUB/erm_95_222.pth,0.0,1,,,,
CUB,erm_dfr_gdro_2_95,333,results/CUB/erm_dfr_gdro_2_95/model_outputs_333,CUB,confounder,False,spurious,waterbird_complete95,['forest2water2'],0,False,None,None,1.0,../datasets,False,False,0.1,group_dro,0.2,0.0,0.0,False,0.01,1,False,False,False,resnet50,False,301,64,1e-05,False,1.0,0.1,0,333,False,results/CUB/erm_dfr_gdro_2_95/model_outputs_333,50,10,True,False,1,5,4,0.7,metadata_dfr.csv,None,../datasets//metadata.csv,None,True,True,0,0,pretrained_models/CUB/erm_95_333.pth,0.0,1,,,,
CUB,erm_dfr_gdro_625,111,results/CUB/erm_dfr_gdro_625/model_outputs_111,CUB,confounder,False,spurious,waterbird_complete50,['forest2water2'],0,False,None,None,0.357,../datasets,False,False,0.1,group_dro,0.2,0.0,0.0,False,0.01,1,False,False,False,resnet50,False,301,64,1e-05,False,1.0,0.1,0,111,False,results/CUB/erm_dfr_gdro_625/model_outputs_111,50,10,True,False,1,5,4,0.7,metadata.csv,None,../datasets//metadata.csv,None,True,True,0,0,pretrained_models/CUB/erm_625_111.pth,0.0,,,,,
CUB,erm_dfr_gdro_625,333,results/CUB/erm_dfr_gdro_625/model_outputs_333,CUB,confounder,False,spurious,waterbird_complete50,['forest2water2'],0,False,None,None,0.357,../datasets,False,False,0.1,group_dro,0.2,0.0,0.0,False,0.01,1,False,False,False,resnet50,False,301,64,1e-05,False,1.0,0.1,0,333,False,results/CUB/erm_dfr_gdro_625/model_outputs_333,50,10,True,False,1,5,4,0.7,metadata.csv,None,../datasets//metadata.csv,None,True,True,0,0,pretrained_models/CUB/erm_625_333.pth,0.0,,,,,
CUB,erm_dfr_gdro_75,111,results/CUB/erm_dfr_gdro_75/model_outputs_111,CUB,confounder,False,spurious,waterbird_complete50,['forest2water2'],0,False,None,None,0.225,../datasets,False,False,0.1,group_dro,0.2,0.0,0.0,False,0.01,1,False,False,False,resnet50,False,301,64,1e-05,False,1.0,0.1,0,111,False,results/CUB/erm_dfr_gdro_75/model_outputs_111,50,10,True,False,1,5,4,0.7,metadata.csv,None,../datasets//metadata.csv,None,True,True,0,0,pretrained_models/CUB/erm_75_111.pth,0.0,,,,,
CUB,erm_dfr_gdro_75,222,results/CUB/erm_dfr_gdro_75/model_outputs_222,CUB,confounder,False,spurious,waterbird_complete50,['forest2water2'],0,False,None,None,0.225,../datasets,False,False,0.1,group_dro,0.2,0.0,0.0,False,0.01,1,False,False,False,resnet50,False,301,64,1e-05,False,1.0,0.1,0,222,False,results/CUB/erm_dfr_gdro_75/model_outputs_222,50,10,True,False,1,5,4,0.7,metadata.csv,None,../datasets//metadata.csv,None,True,True,0,0,pretrained_models/CUB/erm_75_222.pth,0.0,,,,,
CUB,erm_dfr_gdro_75,333,results/CUB/erm_dfr_gdro_75/model_outputs_333,CUB,confounder,False,spurious,waterbird_complete50,['forest2water2'],0,False,None,None,0.225,../datasets,False,False,0.1,group_dro,0.2,0.0,0.0,False,0.01,1,False,False,False,resnet50,False,301,64,1e-05,False,1.0,0.1,0,333,False,results/CUB/erm_dfr_gdro_75/model_outputs_333,50,10,True,False,1,5,4,0.7,metadata.csv,None,../datasets//metadata.csv,None,True,True,0,0,pretrained_models/CUB/erm_75_333.pth,0.0,,,,,
CUB,erm_dfr_gdro_875,111,results/CUB/erm_dfr_gdro_875/model_outputs_111,CUB,confounder,False,spurious,waterbird_complete50,['forest2water2'],0,False,None,None,0.118,../datasets,False,False,0.1,group_dro,0.2,0.0,0.0,False,0.01,1,False,False,False,resnet50,False,301,64,1e-05,False,1.0,0.1,0,111,False,results/CUB/erm_dfr_gdro_875/model_outputs_111,50,10,True,False,1,5,4,0.7,metadata.csv,None,../datasets//metadata.csv,None,True,True,0,0,pretrained_models/CUB/erm_875_111.pth,0.0,,,,,
CUB,erm_dfr_gdro_875,222,results/CUB/erm_dfr_gdro_875/model_outputs_222,CUB,confounder,False,spurious,waterbird_complete50,['forest2water2'],0,False,None,None,0.118,../datasets,False,False,0.1,group_dro,0.2,0.0,0.0,False,0.01,1,False,False,False,resnet50,False,301,64,1e-05,False,1.0,0.1,0,222,False,results/CUB/erm_dfr_gdro_875/model_outputs_222,50,10,True,False,1,5,4,0.7,metadata.csv,None,../datasets//metadata.csv,None,True,True,0,0,pretrained_models/CUB/erm_875_222.pth,0.0,,,,,
CUB,erm_dfr_gdro_875,333,results/CUB/erm_dfr_gdro_875/model_outputs_333,CUB,confounder,False,spurious,waterbird_complete50,['forest2water2'],0,False,None,None,0.118,../datasets,False,False,0.1,group_dro,0.2,0.0,0.0,False,0.01,1,False,False,False,resnet50,False,301,64,1e-05,False,1.0,0.1,0,333,False,results/CUB/erm_dfr_gdro_875/model_outputs_333,50,10,True,False,1,5,4,0.7,metadata.csv,None,../datasets//metadata.csv,None,True,True,0,0,pretrained_models/CUB/erm_875_333.pth,0.0,,,,,
CUB,erm_dfr_gdro_95,111,results/CUB/erm_dfr_gdro_95/model_outputs_111,CUB,confounder,False,spurious,waterbird_complete50,['forest2water2'],0,False,None,None,0.047,../datasets,False,False,0.1,group_dro,0.2,0.0,0.0,False,0.01,1,False,False,False,resnet50,False,301,64,1e-05,False,1.0,0.1,0,111,False,results/CUB/erm_dfr_gdro_95/model_outputs_111,50,10,True,False,1,5,4,0.7,metadata.csv,None,../datasets//metadata.csv,None,True,True,0,0,pretrained_models/CUB/erm_95_111.pth,0.0,,,,,
CUB,erm_dfr_gdro_95,222,results/CUB/erm_dfr_gdro_95/model_outputs_222,CUB,confounder,False,spurious,waterbird_complete50,['forest2water2'],0,False,None,None,0.047,../datasets,False,False,0.1,group_dro,0.2,0.0,0.0,False,0.01,1,False,False,False,resnet50,False,301,64,1e-05,False,1.0,0.1,0,222,False,results/CUB/erm_dfr_gdro_95/model_outputs_222,50,10,True,False,1,5,4,0.7,metadata.csv,None,../datasets//metadata.csv,None,True,True,0,0,pretrained_models/CUB/erm_95_222.pth,0.0,,,,,
CUB,erm_dfr_gdro_95,333,results/CUB/erm_dfr_gdro_95/model_outputs_333,CUB,confounder,False,spurious,waterbird_complete50,['forest2water2'],0,False,None,None,0.047,../datasets,False,False,0.1,group_dro,0.2,0.0,0.0,False,0.01,1,False,False,False,resnet50,False,301,64,1e-05,False,1.0,0.1,0,333,False,results/CUB/erm_dfr_gdro_95/model_outputs_333,50,10,True,False,1,5,4,0.7,metadata.csv,None,../datasets//metadata.csv,None,True,True,0,0,pretrained_models/CUB/erm_95_333.pth,0.0,,,,,
CUB,erm_dfr_gdro_new_0.1_95,111,results/CUB/erm_dfr_gdro_new_0.1_95/model_outputs_111,CUB,confounder,False,spurious,waterbird_complete50,['forest2water2'],0,False,None,None,0.0101,/workspace1/araymond,True,False,0.1,group_dro,0.2,0.0,0.0,False,0.01,1,False,False,False,resnet50,False,301,64,0.0001,False,0.0001,0.1,0,111,False,results/CUB/erm_dfr_gdro_new_0.1_95/model_outputs_111,50,10,True,False,1,5,4,0.7,metadata_dfr.csv,None,../datasets//metadata.csv,None,True,True,0,0,pretrained_models/CUB/erm_95_111.pth,0.0,1,,,,
CUB,erm_dfr_gdro_new_0.1_95,222,results/CUB/erm_dfr_gdro_new_0.1_95/model_outputs_222,CUB,confounder,False,spurious,waterbird_complete50,['forest2water2'],0,False,None,None,0.0101,/workspace1/araymond,True,False,0.1,group_dro,0.2,0.0,0.0,False,0.01,1,False,False,False,resnet50,False,301,64,0.0001,False,0.0001,0.1,0,222,False,results/CUB/erm_dfr_gdro_new_0.1_95/model_outputs_222,50,10,True,False,1,5,4,0.7,metadata_dfr.csv,None,../datasets//metadata.csv,None,True,True,0,0,pretrained_models/CUB/erm_95_222.pth,0.0,1,,,,
CUB,erm_dfr_gdro_new_0.1_95,333,results/CUB/erm_dfr_gdro_new_0.1_95/model_outputs_333,CUB,confounder,False,spurious,waterbird_complete50,['forest2water2'],0,False,None,None,0.0101,/workspace1/araymond,True,False,0.1,group_dro,0.2,0.0,0.0,False,0.01,1,False,False,False,resnet50,False,301,64,0.0001,False,0.0001,0.1,0,333,False,results/CUB/erm_dfr_gdro_new_0.1_95/model_outputs_333,50,10,True,False,1,5,4,0.7,metadata_dfr.csv,None,../datasets//metadata.csv,None,True,True,0,0,pretrained_models/CUB/erm_95_333.pth,0.0,1,,,,
CUB,erm_dfr_gdro_new_0.25_95,111,results/CUB/erm_dfr_gdro_new_0.25_95/model_outputs_111,CUB,confounder,False,spurious,waterbird_complete50,['forest2water2'],0,False,None,None,0.0252,/workspace1/araymond,True,False,0.1,group_dro,0.2,0.0,0.0,False,0.01,1,False,False,False,resnet50,False,301,64,0.0001,False,0.0001,0.1,0,111,False,results/CUB/erm_dfr_gdro_new_0.25_95/model_outputs_111,50,10,True,False,1,5,4,0.7,metadata_dfr.csv,None,../datasets//metadata.csv,None,True,True,0,0,pretrained_models/CUB/erm_95_111.pth,0.0,1,,,,
CUB,erm_dfr_gdro_new_0.25_95,222,results/CUB/erm_dfr_gdro_new_0.25_95/model_outputs_222,CUB,confounder,False,spurious,waterbird_complete50,['forest2water2'],0,False,None,None,0.0252,/workspace1/araymond,True,False,0.1,group_dro,0.2,0.0,0.0,False,0.01,1,False,False,False,resnet50,False,301,64,0.0001,False,0.0001,0.1,0,222,False,results/CUB/erm_dfr_gdro_new_0.25_95/model_outputs_222,50,10,True,False,1,5,4,0.7,metadata_dfr.csv,None,../datasets//metadata.csv,None,True,True,0,0,pretrained_models/CUB/erm_95_222.pth,0.0,1,,,,
CUB,erm_dfr_gdro_new_0.25_95,333,results/CUB/erm_dfr_gdro_new_0.25_95/model_outputs_333,CUB,confounder,False,spurious,waterbird_complete50,['forest2water2'],0,False,None,None,0.0252,/workspace1/araymond,True,False,0.1,group_dro,0.2,0.0,0.0,False,0.01,1,False,False,False,resnet50,False,301,64,0.0001,False,0.0001,0.1,0,333,False,results/CUB/erm_dfr_gdro_new_0.25_95/model_outputs_333,50,10,True,False,1,5,4,0.7,metadata_dfr.csv,None,../datasets//metadata.csv,None,True,True,0,0,pretrained_models/CUB/erm_95_333.pth,0.0,1,,,,
CUB,erm_dfr_gdro_new_0.5_95,111,results/CUB/erm_dfr_gdro_new_0.5_95/model_outputs_111,CUB,confounder,False,spurious,waterbird_complete50,['forest2water2'],0,False,None,None,0.0504,/workspace1/araymond,True,False,0.1,group_dro,0.2,0.0,0.0,False,0.01,1,False,False,False,resnet50,False,301,64,0.0001,False,0.0001,0.1,0,111,False,results/CUB/erm_dfr_gdro_new_0.5_95/model_outputs_111,50,10,True,False,1,5,4,0.7,metadata_dfr.csv,None,../datasets//metadata.csv,None,True,True,0,0,pretrained_models/CUB/erm_95_111.pth,0.0,1,,,,
CUB,erm_dfr_gdro_new_0.5_95,222,results/CUB/erm_dfr_gdro_new_0.5_95/model_outputs_222,CUB,confounder,False,spurious,waterbird_complete50,['forest2water2'],0,False,None,None,0.0504,/workspace1/araymond,True,False,0.1,group_dro,0.2,0.0,0.0,False,0.01,1,False,False,False,resnet50,False,301,64,0.0001,False,0.0001,0.1,0,222,False,results/CUB/erm_dfr_gdro_new_0.5_95/model_outputs_222,50,10,True,False,1,5,4,0.7,metadata_dfr.csv,None,../datasets//metadata.csv,None,True,True,0,0,pretrained_models/CUB/erm_95_222.pth,0.0,1,,,,
CUB,erm_dfr_gdro_new_0.5_95,333,results/CUB/erm_dfr_gdro_new_0.5_95/model_outputs_333,CUB,confounder,False,spurious,waterbird_complete50,['forest2water2'],0,False,None,None,0.0504,/workspace1/araymond,True,False,0.1,group_dro,0.2,0.0,0.0,False,0.01,1,False,False,False,resnet50,False,301,64,0.0001,False,0.0001,0.1,0,333,False,results/CUB/erm_dfr_gdro_new_0.5_95/model_outputs_333,50,10,True,False,1,5,4,0.7,metadata_dfr.csv,None,../datasets//metadata.csv,None,True,True,0,0,pretrained_models/CUB/erm_95_333.pth,0.0,1,,,,
CUB,erm_dfr_gdro_new_0.75_95,111,results/CUB/erm_dfr_gdro_new_0.75_95/model_outputs_111,CUB,confounder,False,spurious,waterbird_complete50,['forest2water2'],0,False,None,None,0.0756,/workspace1/araymond,True,False,0.1,group_dro,0.2,0.0,0.0,False,0.01,1,False,False,False,resnet50,False,301,64,0.0001,False,0.0001,0.1,0,111,False,results/CUB/erm_dfr_gdro_new_0.75_95/model_outputs_111,50,10,True,False,1,5,4,0.7,metadata_dfr.csv,None,../datasets//metadata.csv,None,True,True,0,0,pretrained_models/CUB/erm_95_111.pth,0.0,1,,,,
CUB,erm_dfr_gdro_new_0.75_95,222,results/CUB/erm_dfr_gdro_new_0.75_95/model_outputs_222,CUB,confounder,False,spurious,waterbird_complete50,['forest2water2'],0,False,None,None,0.0756,/workspace1/araymond,True,False,0.1,group_dro,0.2,0.0,0.0,False,0.01,1,False,False,False,resnet50,False,301,64,0.0001,False,0.0001,0.1,0,222,False,results/CUB/erm_dfr_gdro_new_0.75_95/model_outputs_222,50,10,True,False,1,5,4,0.7,metadata_dfr.csv,None,../datasets//metadata.csv,None,True,True,0,0,pretrained_models/CUB/erm_95_222.pth,0.0,1,,,,
CUB,erm_dfr_gdro_new_0.75_95,333,results/CUB/erm_dfr_gdro_new_0.75_95/model_outputs_333,CUB,confounder,False,spurious,waterbird_complete50,['forest2water2'],0,False,None,None,0.0756,/workspace1/araymond,True,False,0.1,group_dro,0.2,0.0,0.0,False,0.01,1,False,False,False,resnet50,False,301,64,0.0001,False,0.0001,0.1,0,333,False,results/CUB/erm_dfr_gdro_new_0.75_95/model_outputs_333,50,10,True,False,1,5,4,0.7,metadata_dfr.csv,None,../datasets//metadata.csv,None,True,True,0,0,pretrained_models/CUB/erm_95_333.pth,0.0,1,,,,
CUB,erm_dfr_gdro_new_0.9_95,111,results/CUB/erm_dfr_gdro_new_0.9_95/model_outputs_111,CUB,confounder,False,spurious,waterbird_complete50,['forest2water2'],0,False,None,None,0.0908,/workspace1/araymond,True,False,0.1,group_dro,0.2,0.0,0.0,False,0.01,1,False,False,False,resnet50,False,301,64,0.0001,False,0.0001,0.1,0,111,False,results/CUB/erm_dfr_gdro_new_0.9_95/model_outputs_111,50,10,True,False,1,5,4,0.7,metadata_dfr.csv,None,../datasets//metadata.csv,None,True,True,0,0,pretrained_models/CUB/erm_95_111.pth,0.0,1,,,,
CUB,erm_dfr_gdro_new_0.9_95,222,results/CUB/erm_dfr_gdro_new_0.9_95/model_outputs_222,CUB,confounder,False,spurious,waterbird_complete50,['forest2water2'],0,False,None,None,0.0908,/workspace1/araymond,True,False,0.1,group_dro,0.2,0.0,0.0,False,0.01,1,False,False,False,resnet50,False,301,64,0.0001,False,0.0001,0.1,0,222,False,results/CUB/erm_dfr_gdro_new_0.9_95/model_outputs_222,50,10,True,False,1,5,4,0.7,metadata_dfr.csv,None,../datasets//metadata.csv,None,True,True,0,0,pretrained_models/CUB/erm_95_222.pth,0.0,1,,,,
CUB,erm_dfr_gdro_new_0.9_95,333,results/CUB/erm_dfr_gdro_new_0.9_95/model_outputs_333,CUB,confounder,False,spurious,waterbird_complete50,['forest2water2'],0,False,None,None,0.0908,/workspace1/araymond,True,False,0.1,group_dro,0.2,0.0,0.0,False,0.01,1,False,False,False,resnet50,False,301,64,0.0001,False,0.0001,0.1,0,333,False,results/CUB/erm_dfr_gdro_new_0.9_95/model_outputs_333,50,10,True,False,1,5,4,0.7,metadata_dfr.csv,None,../datasets//metadata.csv,None,True,True,0,0,pretrained_models/CUB/erm_95_333.pth,0.0,1,,,,
CUB,erm_dfr_gdro_new_625,111,results/CUB/erm_dfr_gdro_new_625/model_outputs_111,CUB,confounder,False,spurious,waterbird_complete50,['forest2water2'],0,False,None,None,0.7710583153347733,/workspace1/araymond,True,False,0.1,group_dro,0.2,0.0,0.0,False,0.01,1,False,False,False,resnet50,False,301,64,0.0001,False,0.0001,0.1,0,111,False,results/CUB/erm_dfr_gdro_new_625/model_outputs_111,50,10,True,False,1,5,4,0.7,metadata_dfr.csv,None,../datasets//metadata.csv,None,True,True,0,0,pretrained_models/CUB/erm_625_111.pth,0.0,1,,,,
CUB,erm_dfr_gdro_new_625,222,results/CUB/erm_dfr_gdro_new_625/model_outputs_222,CUB,confounder,False,spurious,waterbird_complete50,['forest2water2'],0,False,None,None,0.7710583153347733,/workspace1/araymond,True,False,0.1,group_dro,0.2,0.0,0.0,False,0.01,1,False,False,False,resnet50,False,301,64,0.0001,False,0.0001,0.1,0,222,False,results/CUB/erm_dfr_gdro_new_625/model_outputs_222,50,10,True,False,1,5,4,0.7,metadata_dfr.csv,None,../datasets//metadata.csv,None,True,True,0,0,pretrained_models/CUB/erm_625_222.pth,0.0,1,,,,
CUB,erm_dfr_gdro_new_625,333,results/CUB/erm_dfr_gdro_new_625/model_outputs_333,CUB,confounder,False,spurious,waterbird_complete50,['forest2water2'],0,False,None,None,0.7710583153347733,/workspace1/araymond,True,False,0.1,group_dro,0.2,0.0,0.0,False,0.01,1,False,False,False,resnet50,False,301,64,0.0001,False,0.0001,0.1,0,333,False,results/CUB/erm_dfr_gdro_new_625/model_outputs_333,50,10,True,False,1,5,4,0.7,metadata_dfr.csv,None,../datasets//metadata.csv,None,True,True,0,0,pretrained_models/CUB/erm_625_333.pth,0.0,1,,,,
CUB,erm_dfr_gdro_new_75,111,results/CUB/erm_dfr_gdro_new_75/model_outputs_111,CUB,confounder,False,spurious,waterbird_complete50,['forest2water2'],0,False,None,None,0.4863930885529158,/workspace1/araymond,True,False,0.1,group_dro,0.2,0.0,0.0,False,0.01,1,False,False,False,resnet50,False,301,64,0.0001,False,0.0001,0.1,0,111,False,results/CUB/erm_dfr_gdro_new_75/model_outputs_111,50,10,True,False,1,5,4,0.7,metadata_dfr.csv,None,../datasets//metadata.csv,None,True,True,0,0,pretrained_models/CUB/erm_75_111.pth,0.0,1,,,,
CUB,erm_dfr_gdro_new_75,222,results/CUB/erm_dfr_gdro_new_75/model_outputs_222,CUB,confounder,False,spurious,waterbird_complete50,['forest2water2'],0,False,None,None,0.4863930885529158,/workspace1/araymond,True,False,0.1,group_dro,0.2,0.0,0.0,False,0.01,1,False,False,False,resnet50,False,301,64,0.0001,False,0.0001,0.1,0,222,False,results/CUB/erm_dfr_gdro_new_75/model_outputs_222,50,10,True,False,1,5,4,0.7,metadata_dfr.csv,None,../datasets//metadata.csv,None,True,True,0,0,pretrained_models/CUB/erm_75_222.pth,0.0,1,,,,
CUB,erm_dfr_gdro_new_75,333,results/CUB/erm_dfr_gdro_new_75/model_outputs_333,CUB,confounder,False,spurious,waterbird_complete50,['forest2water2'],0,False,None,None,0.4863930885529158,/workspace1/araymond,True,False,0.1,group_dro,0.2,0.0,0.0,False,0.01,1,False,False,False,resnet50,False,301,64,0.0001,False,0.0001,0.1,0,333,False,results/CUB/erm_dfr_gdro_new_75/model_outputs_333,50,10,True,False,1,5,4,0.7,metadata_dfr.csv,None,../datasets//metadata.csv,None,True,True,0,0,pretrained_models/CUB/erm_75_333.pth,0.0,1,,,,
CUB,erm_dfr_gdro_new_875,111,results/CUB/erm_dfr_gdro_new_875/model_outputs_111,CUB,confounder,False,spurious,waterbird_complete50,['forest2water2'],0,False,None,None,0.25399568034557235,/workspace1/araymond,True,False,0.1,group_dro,0.2,0.0,0.0,False,0.01,1,False,False,False,resnet50,False,301,64,0.0001,False,0.0001,0.1,0,111,False,results/CUB/erm_dfr_gdro_new_875/model_outputs_111,50,10,True,False,1,5,4,0.7,metadata_dfr.csv,None,../datasets//metadata.csv,None,True,True,0,0,pretrained_models/CUB/erm_875_111.pth,0.0,1,,,,
CUB,erm_dfr_gdro_new_875,222,results/CUB/erm_dfr_gdro_new_875/model_outputs_222,CUB,confounder,False,spurious,waterbird_complete50,['forest2water2'],0,False,None,None,0.25399568034557235,/workspace1/araymond,True,False,0.1,group_dro,0.2,0.0,0.0,False,0.01,1,False,False,False,resnet50,False,301,64,0.0001,False,0.0001,0.1,0,222,False,results/CUB/erm_dfr_gdro_new_875/model_outputs_222,50,10,True,False,1,5,4,0.7,metadata_dfr.csv,None,../datasets//metadata.csv,None,True,True,0,0,pretrained_models/CUB/erm_875_222.pth,0.0,1,,,,
CUB,erm_dfr_gdro_new_875,333,results/CUB/erm_dfr_gdro_new_875/model_outputs_333,CUB,confounder,False,spurious,waterbird_complete50,['forest2water2'],0,False,None,None,0.25399568034557235,/workspace1/araymond,True,False,0.1,group_dro,0.2,0.0,0.0,False,0.01,1,False,False,False,resnet50,False,301,64,0.0001,False,0.0001,0.1,0,333,False,results/CUB/erm_dfr_gdro_new_875/model_outputs_333,50,10,True,False,1,5,4,0.7,metadata_dfr.csv,None,../datasets//metadata.csv,None,True,True,0,0,pretrained_models/CUB/erm_875_333.pth,0.0,1,,,,
CUB,erm_dfr_gdro_new_95,111,results/CUB/erm_dfr_gdro_new_95/model_outputs_111,CUB,confounder,False,spurious,waterbird_complete50,['forest2water2'],0,False,None,None,0.10086393088552917,/workspace1/araymond,True,False,0.1,group_dro,0.2,0.0,0.0,False,0.01,1,False,False,False,resnet50,False,301,64,0.0001,False,0.0001,0.1,0,111,False,results/CUB/erm_dfr_gdro_new_95/model_outputs_111,50,10,True,False,1,5,4,0.7,metadata_dfr.csv,None,../datasets//metadata.csv,None,True,True,0,0,pretrained_models/CUB/erm_95_111.pth,0.0,1,,,,
CUB,erm_dfr_gdro_new_95,222,results/CUB/erm_dfr_gdro_new_95/model_outputs_222,CUB,confounder,False,spurious,waterbird_complete50,['forest2water2'],0,False,None,None,0.10086393088552917,/workspace1/araymond,True,False,0.1,group_dro,0.2,0.0,0.0,False,0.01,1,False,False,False,resnet50,False,301,64,0.0001,False,0.0001,0.1,0,222,False,results/CUB/erm_dfr_gdro_new_95/model_outputs_222,50,10,True,False,1,5,4,0.7,metadata_dfr.csv,None,../datasets//metadata.csv,None,True,True,0,0,pretrained_models/CUB/erm_95_222.pth,0.0,1,,,,
CUB,erm_dfr_gdro_new_95,333,results/CUB/erm_dfr_gdro_new_95/model_outputs_333,CUB,confounder,False,spurious,waterbird_complete50,['forest2water2'],0,False,None,None,0.10086393088552917,/workspace1/araymond,True,False,0.1,group_dro,0.2,0.0,0.0,False,0.01,1,False,False,False,resnet50,False,301,64,0.0001,False,0.0001,0.1,0,333,False,results/CUB/erm_dfr_gdro_new_95/model_outputs_333,50,10,True,False,1,5,4,0.7,metadata_dfr.csv,None,../datasets//metadata.csv,None,True,True,0,0,pretrained_models/CUB/erm_95_333.pth,0.0,1,,,,
CUB,erm_dfr_new_625,111,results/CUB/erm_dfr_new_625/model_outputs_111,CUB,confounder,False,spurious,waterbird_complete50,['forest2water2'],0,False,None,None,0.7710583153347733,/workspace1/araymond,False,False,0.1,erm,0.2,0.0,0.0,False,0.01,1,False,False,False,resnet50,False,301,64,0.0001,False,0.0001,0.1,0,111,False,results/CUB/erm_dfr_new_625/model_outputs_111,50,10,True,False,1,5,4,0.7,metadata_dfr.csv,None,../datasets//metadata.csv,None,True,True,0,0,pretrained_models/CUB/erm_625_111.pth,0.0,1,,,,
CUB,erm_dfr_new_625,222,results/CUB/erm_dfr_new_625/model_outputs_222,CUB,confounder,False,spurious,waterbird_complete50,['forest2water2'],0,False,None,None,0.7710583153347733,/workspace1/araymond,False,False,0.1,erm,0.2,0.0,0.0,False,0.01,1,False,False,False,resnet50,False,301,64,0.0001,False,0.0001,0.1,0,222,False,results/CUB/erm_dfr_new_625/model_outputs_222,50,10,True,False,1,5,4,0.7,metadata_dfr.csv,None,../datasets//metadata.csv,None,True,True,0,0,pretrained_models/CUB/erm_625_222.pth,0.0,1,,,,
CUB,erm_dfr_new_625,333,results/CUB/erm_dfr_new_625/model_outputs_333,CUB,confounder,False,spurious,waterbird_complete50,['forest2water2'],0,False,None,None,0.7710583153347733,/workspace1/araymond,False,False,0.1,erm,0.2,0.0,0.0,False,0.01,1,False,False,False,resnet50,False,301,64,0.0001,False,0.0001,0.1,0,333,False,results/CUB/erm_dfr_new_625/model_outputs_333,50,10,True,False,1,5,4,0.7,metadata_dfr.csv,None,../datasets//metadata.csv,None,True,True,0,0,pretrained_models/CUB/erm_625_333.pth,0.0,1,,,,
CUB,erm_dfr_new_75,111,results/CUB/erm_dfr_new_75/model_outputs_111,CUB,confounder,False,spurious,waterbird_complete50,['forest2water2'],0,False,None,None,0.4863930885529158,/workspace1/araymond,False,False,0.1,erm,0.2,0.0,0.0,False,0.01,1,False,False,False,resnet50,False,301,64,0.0001,False,0.0001,0.1,0,111,False,results/CUB/erm_dfr_new_75/model_outputs_111,50,10,True,False,1,5,4,0.7,metadata_dfr.csv,None,../datasets//metadata.csv,None,True,True,0,0,pretrained_models/CUB/erm_75_111.pth,0.0,1,,,,
CUB,erm_dfr_new_75,222,results/CUB/erm_dfr_new_75/model_outputs_222,CUB,confounder,False,spurious,waterbird_complete50,['forest2water2'],0,False,None,None,0.4863930885529158,/workspace1/araymond,False,False,0.1,erm,0.2,0.0,0.0,False,0.01,1,False,False,False,resnet50,False,301,64,0.0001,False,0.0001,0.1,0,222,False,results/CUB/erm_dfr_new_75/model_outputs_222,50,10,True,False,1,5,4,0.7,metadata_dfr.csv,None,../datasets//metadata.csv,None,True,True,0,0,pretrained_models/CUB/erm_75_222.pth,0.0,1,,,,
CUB,erm_dfr_new_75,333,results/CUB/erm_dfr_new_75/model_outputs_333,CUB,confounder,False,spurious,waterbird_complete50,['forest2water2'],0,False,None,None,0.4863930885529158,/workspace1/araymond,False,False,0.1,erm,0.2,0.0,0.0,False,0.01,1,False,False,False,resnet50,False,301,64,0.0001,False,0.0001,0.1,0,333,False,results/CUB/erm_dfr_new_75/model_outputs_333,50,10,True,False,1,5,4,0.7,metadata_dfr.csv,None,../datasets//metadata.csv,None,True,True,0,0,pretrained_models/CUB/erm_75_333.pth,0.0,1,,,,
CUB,erm_dfr_new_875,111,results/CUB/erm_dfr_new_875/model_outputs_111,CUB,confounder,False,spurious,waterbird_complete50,['forest2water2'],0,False,None,None,0.25399568034557235,/workspace1/araymond,False,False,0.1,erm,0.2,0.0,0.0,False,0.01,1,False,False,False,resnet50,False,301,64,0.0001,False,0.0001,0.1,0,111,False,results/CUB/erm_dfr_new_875/model_outputs_111,50,10,True,False,1,5,4,0.7,metadata_dfr.csv,None,../datasets//metadata.csv,None,True,True,0,0,pretrained_models/CUB/erm_875_111.pth,0.0,1,,,,
CUB,erm_dfr_new_875,222,results/CUB/erm_dfr_new_875/model_outputs_222,CUB,confounder,False,spurious,waterbird_complete50,['forest2water2'],0,False,None,None,0.25399568034557235,/workspace1/araymond,False,False,0.1,erm,0.2,0.0,0.0,False,0.01,1,False,False,False,resnet50,False,301,64,0.0001,False,0.0001,0.1,0,222,False,results/CUB/erm_dfr_new_875/model_outputs_222,50,10,True,False,1,5,4,0.7,metadata_dfr.csv,None,../datasets//metadata.csv,None,True,True,0,0,pretrained_models/CUB/erm_875_222.pth,0.0,1,,,,
CUB,erm_dfr_new_875,333,results/CUB/erm_dfr_new_875/model_outputs_333,CUB,confounder,False,spurious,waterbird_complete50,['forest2water2'],0,False,None,None,0.25399568034557235,/workspace1/araymond,False,False,0.1,erm,0.2,0.0,0.0,False,0.01,1,False,False,False,resnet50,False,301,64,0.0001,False,0.0001,0.1,0,333,False,results/CUB/erm_dfr_new_875/model_outputs_333,50,10,True,False,1,5,4,0.7,metadata_dfr.csv,None,../datasets//metadata.csv,None,True,True,0,0,pretrained_models/CUB/erm_875_333.pth,0.0,1,,,,
CUB,erm_dfr_new_95,111,results/CUB/erm_dfr_new_95/model_outputs_111,CUB,confounder,False,spurious,waterbird_complete50,['forest2water2'],0,False,None,None,0.10086393088552917,/workspace1/araymond,False,False,0.1,erm,0.2,0.0,0.0,False,0.01,1,False,False,False,resnet50,False,301,64,0.0001,False,0.0001,0.1,0,111,False,results/CUB/erm_dfr_new_95/model_outputs_111,50,10,True,False,1,5,4,0.7,metadata_dfr.csv,None,../datasets//metadata.csv,None,True,True,0,0,pretrained_models/CUB/erm_95_111.pth,0.0,1,,,,
CUB,erm_dfr_new_95,222,results/CUB/erm_dfr_new_95/model_outputs_222,CUB,confounder,False,spurious,waterbird_complete50,['forest2water2'],0,False,None,None,0.10086393088552917,/workspace1/araymond,False,False,0.1,erm,0.2,0.0,0.0,False,0.01,1,False,False,False,resnet50,False,301,64,0.0001,False,0.0001,0.1,0,222,False,results/CUB/erm_dfr_new_95/model_outputs_222,50,10,True,False,1,5,4,0.7,metadata_dfr.csv,None,../datasets//metadata.csv,None,True,True,0,0,pretrained_models/CUB/erm_95_222.pth,0.0,1,,,,
CUB,erm_dfr_new_95,333,results/CUB/erm_dfr_new_95/model_outputs_333,CUB,confounder,False,spurious,waterbird_complete50,['forest2water2'],0,False,None,None,0.10086393088552917,/workspace1/araymond,False,False,0.1,erm,0.2,0.0,0.0,False,0.01,1,False,False,False,resnet50,False,301,64,0.0001,False,0.0001,0.1,0,333,False,results/CUB/erm_dfr_new_95/model_outputs_333,50,10,True,False,1,5,4,0.7,metadata_dfr.csv,None,../datasets//metadata.csv,None,True,True,0,0,pretrained_models/CUB/erm_95_333.pth,0.0,1,,,,
CUB,erm_dfr_rw_50,111,results/CUB/erm_dfr_rw_50/model_outputs_111,CUB,confounder,False,spurious,waterbird_complete50,['forest2water2'],0,False,None,None,0.047,../datasets,True,False,0.1,erm,0.2,0.0,0.0,False,0.01,1,False,False,False,resnet50,False,301,64,1e-05,False,1.0,0.1,0,111,False,results/CUB/erm_dfr_rw_50/model_outputs_111,50,10,True,True,1,5,4,0.7,metadata.csv,None,None,None,True,False,0,0,pretrained_models/CUB/erm_50_111.pth,0.0,1,False,,,
CUB,erm_dfr_rw_50,222,results/CUB/erm_dfr_rw_50/model_outputs_222,CUB,confounder,False,spurious,waterbird_complete50,['forest2water2'],0,False,None,None,0.047,../datasets,True,False,0.1,erm,0.2,0.0,0.0,False,0.01,1,False,False,False,resnet50,False,301,64,1e-05,False,1.0,0.1,0,222,False,results/CUB/erm_dfr_rw_50/model_outputs_222,50,10,True,True,1,5,4,0.7,metadata.csv,None,None,None,True,False,0,0,pretrained_models/CUB/erm_50_222.pth,0.0,1,False,,,
CUB,erm_dfr_rw_50,333,results/CUB/erm_dfr_rw_50/model_outputs_333,CUB,confounder,False,spurious,waterbird_complete50,['forest2water2'],0,False,None,None,0.047,../datasets,True,False,0.1,erm,0.2,0.0,0.0,False,0.01,1,False,False,False,resnet50,False,301,64,1e-05,False,1.0,0.1,0,333,False,results/CUB/erm_dfr_rw_50/model_outputs_333,50,10,True,True,1,5,4,0.7,metadata.csv,None,None,None,True,False,0,0,pretrained_models/CUB/erm_50_333.pth,0.0,1,False,,,
CUB,erm_dfr_rw_625,111,results/CUB/erm_dfr_rw_625/model_outputs_111,CUB,confounder,False,spurious,waterbird_complete50,['forest2water2'],0,False,None,None,0.047,../datasets,True,False,0.1,erm,0.2,0.0,0.0,False,0.01,1,False,False,False,resnet50,False,301,64,1e-05,False,1.0,0.1,0,111,False,results/CUB/erm_dfr_rw_625/model_outputs_111,50,10,True,True,1,5,4,0.7,metadata.csv,None,None,None,True,False,0,0,pretrained_models/CUB/erm_625_111.pth,0.0,1,False,,,
CUB,erm_dfr_rw_625,222,results/CUB/erm_dfr_rw_625/model_outputs_222,CUB,confounder,False,spurious,waterbird_complete50,['forest2water2'],0,False,None,None,0.047,../datasets,True,False,0.1,erm,0.2,0.0,0.0,False,0.01,1,False,False,False,resnet50,False,301,64,1e-05,False,1.0,0.1,0,222,False,results/CUB/erm_dfr_rw_625/model_outputs_222,50,10,True,True,1,5,4,0.7,metadata.csv,None,None,None,True,False,0,0,pretrained_models/CUB/erm_625_222.pth,0.0,1,False,,,
CUB,erm_dfr_rw_625,333,results/CUB/erm_dfr_rw_625/model_outputs_333,CUB,confounder,False,spurious,waterbird_complete50,['forest2water2'],0,False,None,None,0.047,../datasets,True,False,0.1,erm,0.2,0.0,0.0,False,0.01,1,False,False,False,resnet50,False,301,64,1e-05,False,1.0,0.1,0,333,False,results/CUB/erm_dfr_rw_625/model_outputs_333,50,10,True,True,1,5,4,0.7,metadata.csv,None,None,None,True,False,0,0,pretrained_models/CUB/erm_625_333.pth,0.0,1,False,,,
CUB,erm_dfr_rw_75,111,results/CUB/erm_dfr_rw_75/model_outputs_111,CUB,confounder,False,spurious,waterbird_complete50,['forest2water2'],0,False,None,None,0.047,../datasets,True,False,0.1,erm,0.2,0.0,0.0,False,0.01,1,False,False,False,resnet50,False,301,64,1e-05,False,1.0,0.1,0,111,False,results/CUB/erm_dfr_rw_75/model_outputs_111,50,10,True,True,1,5,4,0.7,metadata.csv,None,None,None,True,False,0,0,pretrained_models/CUB/erm_75_111.pth,0.0,1,False,,,
CUB,erm_dfr_rw_75,222,results/CUB/erm_dfr_rw_75/model_outputs_222,CUB,confounder,False,spurious,waterbird_complete50,['forest2water2'],0,False,None,None,0.047,../datasets,True,False,0.1,erm,0.2,0.0,0.0,False,0.01,1,False,False,False,resnet50,False,301,64,1e-05,False,1.0,0.1,0,222,False,results/CUB/erm_dfr_rw_75/model_outputs_222,50,10,True,True,1,5,4,0.7,metadata.csv,None,None,None,True,False,0,0,pretrained_models/CUB/erm_75_222.pth,0.0,1,False,,,
CUB,erm_dfr_rw_75,333,results/CUB/erm_dfr_rw_75/model_outputs_333,CUB,confounder,False,spurious,waterbird_complete50,['forest2water2'],0,False,None,None,0.047,../datasets,True,False,0.1,erm,0.2,0.0,0.0,False,0.01,1,False,False,False,resnet50,False,301,64,1e-05,False,1.0,0.1,0,333,False,results/CUB/erm_dfr_rw_75/model_outputs_333,50,10,True,True,1,5,4,0.7,metadata.csv,None,None,None,True,False,0,0,pretrained_models/CUB/erm_75_333.pth,0.0,1,False,,,
CUB,erm_dfr_rw_875,111,results/CUB/erm_dfr_rw_875/model_outputs_111,CUB,confounder,False,spurious,waterbird_complete50,['forest2water2'],0,False,None,None,0.047,../datasets,True,False,0.1,erm,0.2,0.0,0.0,False,0.01,1,False,False,False,resnet50,False,301,64,1e-05,False,1.0,0.1,0,111,False,results/CUB/erm_dfr_rw_875/model_outputs_111,50,10,True,True,1,5,4,0.7,metadata.csv,None,None,None,True,False,0,0,pretrained_models/CUB/erm_875_111.pth,0.0,1,False,,,
CUB,erm_dfr_rw_875,222,results/CUB/erm_dfr_rw_875/model_outputs_222,CUB,confounder,False,spurious,waterbird_complete50,['forest2water2'],0,False,None,None,0.047,../datasets,True,False,0.1,erm,0.2,0.0,0.0,False,0.01,1,False,False,False,resnet50,False,301,64,1e-05,False,1.0,0.1,0,222,False,results/CUB/erm_dfr_rw_875/model_outputs_222,50,10,True,True,1,5,4,0.7,metadata.csv,None,None,None,True,False,0,0,pretrained_models/CUB/erm_875_222.pth,0.0,1,False,,,
CUB,erm_dfr_rw_875,333,results/CUB/erm_dfr_rw_875/model_outputs_333,CUB,confounder,False,spurious,waterbird_complete50,['forest2water2'],0,False,None,None,0.047,../datasets,True,False,0.1,erm,0.2,0.0,0.0,False,0.01,1,False,False,False,resnet50,False,301,64,1e-05,False,1.0,0.1,0,333,False,results/CUB/erm_dfr_rw_875/model_outputs_333,50,10,True,True,1,5,4,0.7,metadata.csv,None,None,None,True,False,0,0,pretrained_models/CUB/erm_875_333.pth,0.0,1,False,,,
CUB,erm_dfr_rw_95,111,results/CUB/erm_dfr_rw_95/model_outputs_111,CUB,confounder,False,spurious,waterbird_complete50,['forest2water2'],0,False,None,None,0.047,../datasets,True,False,0.1,erm,0.2,0.0,0.0,False,0.01,1,False,False,False,resnet50,False,301,64,1e-05,False,1.0,0.1,0,111,False,results/CUB/erm_dfr_rw_95/model_outputs_111,50,10,True,True,1,5,4,0.7,metadata.csv,None,None,None,True,False,0,0,pretrained_models/CUB/erm_95_111.pth,0.0,1,False,,,
CUB,erm_dfr_rw_95,222,results/CUB/erm_dfr_rw_95/model_outputs_222,CUB,confounder,False,spurious,waterbird_complete50,['forest2water2'],0,False,None,None,0.047,../datasets,True,False,0.1,erm,0.2,0.0,0.0,False,0.01,1,False,False,False,resnet50,False,301,64,1e-05,False,1.0,0.1,0,222,False,results/CUB/erm_dfr_rw_95/model_outputs_222,50,10,True,True,1,5,4,0.7,metadata.csv,None,None,None,True,False,0,0,pretrained_models/CUB/erm_95_222.pth,0.0,1,False,,,
CUB,erm_dfr_rw_95,333,results/CUB/erm_dfr_rw_95/model_outputs_333,CUB,confounder,False,spurious,waterbird_complete50,['forest2water2'],0,False,None,None,0.047,../datasets,True,False,0.1,erm,0.2,0.0,0.0,False,0.01,1,False,False,False,resnet50,False,301,64,1e-05,False,1.0,0.1,0,333,False,results/CUB/erm_dfr_rw_95/model_outputs_333,50,10,True,True,1,5,4,0.7,metadata.csv,None,None,None,True,False,0,0,pretrained_models/CUB/erm_95_333.pth,0.0,1,False,,,
CUB,erm_dfr_rw_new_0.1_95,111,results/CUB/erm_dfr_rw_new_0.1_95/model_outputs_111,CUB,confounder,False,spurious,waterbird_complete50,['forest2water2'],0,False,None,None,0.0101,/workspace1/araymond,True,False,0.1,erm,0.2,0.0,0.0,False,0.01,1,False,False,False,resnet50,False,301,64,0.0001,False,0.0001,0.1,0,111,False,results/CUB/erm_dfr_rw_new_0.1_95/model_outputs_111,50,10,True,False,1,5,4,0.7,metadata_dfr.csv,None,../datasets//metadata.csv,None,True,True,0,0,pretrained_models/CUB/erm_95_111.pth,0.0,1,,,,
CUB,erm_dfr_rw_new_0.1_95,222,results/CUB/erm_dfr_rw_new_0.1_95/model_outputs_222,CUB,confounder,False,spurious,waterbird_complete50,['forest2water2'],0,False,None,None,0.0101,/workspace1/araymond,True,False,0.1,erm,0.2,0.0,0.0,False,0.01,1,False,False,False,resnet50,False,301,64,0.0001,False,0.0001,0.1,0,222,False,results/CUB/erm_dfr_rw_new_0.1_95/model_outputs_222,50,10,True,False,1,5,4,0.7,metadata_dfr.csv,None,../datasets//metadata.csv,None,True,True,0,0,pretrained_models/CUB/erm_95_222.pth,0.0,1,,,,
CUB,erm_dfr_rw_new_0.1_95,333,results/CUB/erm_dfr_rw_new_0.1_95/model_outputs_333,CUB,confounder,False,spurious,waterbird_complete50,['forest2water2'],0,False,None,None,0.0101,/workspace1/araymond,True,False,0.1,erm,0.2,0.0,0.0,False,0.01,1,False,False,False,resnet50,False,301,64,0.0001,False,0.0001,0.1,0,333,False,results/CUB/erm_dfr_rw_new_0.1_95/model_outputs_333,50,10,True,False,1,5,4,0.7,metadata_dfr.csv,None,../datasets//metadata.csv,None,True,True,0,0,pretrained_models/CUB/erm_95_333.pth,0.0,1,,,,
CUB,erm_dfr_rw_new_0.25_95,111,results/CUB/erm_dfr_rw_new_0.25_95/model_outputs_111,CUB,confounder,False,spurious,waterbird_complete50,['forest2water2'],0,False,None,None,0.0252,/workspace1/araymond,True,False,0.1,erm,0.2,0.0,0.0,False,0.01,1,False,False,False,resnet50,False,301,64,0.0001,False,0.0001,0.1,0,111,False,results/CUB/erm_dfr_rw_new_0.25_95/model_outputs_111,50,10,True,False,1,5,4,0.7,metadata_dfr.csv,None,../datasets//metadata.csv,None,True,True,0,0,pretrained_models/CUB/erm_95_111.pth,0.0,1,,,,
CUB,erm_dfr_rw_new_0.25_95,222,results/CUB/erm_dfr_rw_new_0.25_95/model_outputs_222,CUB,confounder,False,spurious,waterbird_complete50,['forest2water2'],0,False,None,None,0.0252,/workspace1/araymond,True,False,0.1,erm,0.2,0.0,0.0,False,0.01,1,False,False,False,resnet50,False,301,64,0.0001,False,0.0001,0.1,0,222,False,results/CUB/erm_dfr_rw_new_0.25_95/model_outputs_222,50,10,True,False,1,5,4,0.7,metadata_dfr.csv,None,../datasets//metadata.csv,None,True,True,0,0,pretrained_models/CUB/erm_95_222.pth,0.0,1,,,,
CUB,erm_dfr_rw_new_0.25_95,333,results/CUB/erm_dfr_rw_new_0.25_95/model_outputs_333,CUB,confounder,False,spurious,waterbird_complete50,['forest2water2'],0,False,None,None,0.0252,/workspace1/araymond,True,False,0.1,erm,0.2,0.0,0.0,False,0.01,1,False,False,False,resnet50,False,301,64,0.0001,False,0.0001,0.1,0,333,False,results/CUB/erm_dfr_rw_new_0.25_95/model_outputs_333,50,10,True,False,1,5,4,0.7,metadata_dfr.csv,None,../datasets//metadata.csv,None,True,True,0,0,pretrained_models/CUB/erm_95_333.pth,0.0,1,,,,
CUB,erm_dfr_rw_new_0.5_95,111,results/CUB/erm_dfr_rw_new_0.5_95/model_outputs_111,CUB,confounder,False,spurious,waterbird_complete50,['forest2water2'],0,False,None,None,0.0504,/workspace1/araymond,True,False,0.1,erm,0.2,0.0,0.0,False,0.01,1,False,False,False,resnet50,False,301,64,0.0001,False,0.0001,0.1,0,111,False,results/CUB/erm_dfr_rw_new_0.5_95/model_outputs_111,50,10,True,False,1,5,4,0.7,metadata_dfr.csv,None,../datasets//metadata.csv,None,True,True,0,0,pretrained_models/CUB/erm_95_111.pth,0.0,1,,,,
CUB,erm_dfr_rw_new_0.5_95,222,results/CUB/erm_dfr_rw_new_0.5_95/model_outputs_222,CUB,confounder,False,spurious,waterbird_complete50,['forest2water2'],0,False,None,None,0.0504,/workspace1/araymond,True,False,0.1,erm,0.2,0.0,0.0,False,0.01,1,False,False,False,resnet50,False,301,64,0.0001,False,0.0001,0.1,0,222,False,results/CUB/erm_dfr_rw_new_0.5_95/model_outputs_222,50,10,True,False,1,5,4,0.7,metadata_dfr.csv,None,../datasets//metadata.csv,None,True,True,0,0,pretrained_models/CUB/erm_95_222.pth,0.0,1,,,,
CUB,erm_dfr_rw_new_0.5_95,333,results/CUB/erm_dfr_rw_new_0.5_95/model_outputs_333,CUB,confounder,False,spurious,waterbird_complete50,['forest2water2'],0,False,None,None,0.0504,/workspace1/araymond,True,False,0.1,erm,0.2,0.0,0.0,False,0.01,1,False,False,False,resnet50,False,301,64,0.0001,False,0.0001,0.1,0,333,False,results/CUB/erm_dfr_rw_new_0.5_95/model_outputs_333,50,10,True,False,1,5,4,0.7,metadata_dfr.csv,None,../datasets//metadata.csv,None,True,True,0,0,pretrained_models/CUB/erm_95_333.pth,0.0,1,,,,
CUB,erm_dfr_rw_new_0.75_95,111,results/CUB/erm_dfr_rw_new_0.75_95/model_outputs_111,CUB,confounder,False,spurious,waterbird_complete50,['forest2water2'],0,False,None,None,0.0756,/workspace1/araymond,True,False,0.1,erm,0.2,0.0,0.0,False,0.01,1,False,False,False,resnet50,False,301,64,0.0001,False,0.0001,0.1,0,111,False,results/CUB/erm_dfr_rw_new_0.75_95/model_outputs_111,50,10,True,False,1,5,4,0.7,metadata_dfr.csv,None,../datasets//metadata.csv,None,True,True,0,0,pretrained_models/CUB/erm_95_111.pth,0.0,1,,,,
CUB,erm_dfr_rw_new_0.75_95,222,results/CUB/erm_dfr_rw_new_0.75_95/model_outputs_222,CUB,confounder,False,spurious,waterbird_complete50,['forest2water2'],0,False,None,None,0.0756,/workspace1/araymond,True,False,0.1,erm,0.2,0.0,0.0,False,0.01,1,False,False,False,resnet50,False,301,64,0.0001,False,0.0001,0.1,0,222,False,results/CUB/erm_dfr_rw_new_0.75_95/model_outputs_222,50,10,True,False,1,5,4,0.7,metadata_dfr.csv,None,../datasets//metadata.csv,None,True,True,0,0,pretrained_models/CUB/erm_95_222.pth,0.0,1,,,,
CUB,erm_dfr_rw_new_0.75_95,333,results/CUB/erm_dfr_rw_new_0.75_95/model_outputs_333,CUB,confounder,False,spurious,waterbird_complete50,['forest2water2'],0,False,None,None,0.0756,/workspace1/araymond,True,False,0.1,erm,0.2,0.0,0.0,False,0.01,1,False,False,False,resnet50,False,301,64,0.0001,False,0.0001,0.1,0,333,False,results/CUB/erm_dfr_rw_new_0.75_95/model_outputs_333,50,10,True,False,1,5,4,0.7,metadata_dfr.csv,None,../datasets//metadata.csv,None,True,True,0,0,pretrained_models/CUB/erm_95_333.pth,0.0,1,,,,
CUB,erm_dfr_rw_new_0.9_95,111,results/CUB/erm_dfr_rw_new_0.9_95/model_outputs_111,CUB,confounder,False,spurious,waterbird_complete50,['forest2water2'],0,False,None,None,0.0908,/workspace1/araymond,True,False,0.1,erm,0.2,0.0,0.0,False,0.01,1,False,False,False,resnet50,False,301,64,0.0001,False,0.0001,0.1,0,111,False,results/CUB/erm_dfr_rw_new_0.9_95/model_outputs_111,50,10,True,False,1,5,4,0.7,metadata_dfr.csv,None,../datasets//metadata.csv,None,True,True,0,0,pretrained_models/CUB/erm_95_111.pth,0.0,1,,,,
CUB,erm_dfr_rw_new_0.9_95,222,results/CUB/erm_dfr_rw_new_0.9_95/model_outputs_222,CUB,confounder,False,spurious,waterbird_complete50,['forest2water2'],0,False,None,None,0.0908,/workspace1/araymond,True,False,0.1,erm,0.2,0.0,0.0,False,0.01,1,False,False,False,resnet50,False,301,64,0.0001,False,0.0001,0.1,0,222,False,results/CUB/erm_dfr_rw_new_0.9_95/model_outputs_222,50,10,True,False,1,5,4,0.7,metadata_dfr.csv,None,../datasets//metadata.csv,None,True,True,0,0,pretrained_models/CUB/erm_95_222.pth,0.0,1,,,,
CUB,erm_dfr_rw_new_0.9_95,333,results/CUB/erm_dfr_rw_new_0.9_95/model_outputs_333,CUB,confounder,False,spurious,waterbird_complete50,['forest2water2'],0,False,None,None,0.0908,/workspace1/araymond,True,False,0.1,erm,0.2,0.0,0.0,False,0.01,1,False,False,False,resnet50,False,301,64,0.0001,False,0.0001,0.1,0,333,False,results/CUB/erm_dfr_rw_new_0.9_95/model_outputs_333,50,10,True,False,1,5,4,0.7,metadata_dfr.csv,None,../datasets//metadata.csv,None,True,True,0,0,pretrained_models/CUB/erm_95_333.pth,0.0,1,,,,
CUB,erm_dfr_rw_new_111,50,results/CUB/erm_dfr_rw_new_111/model_outputs_50,CUB,confounder,False,spurious,waterbird_complete50,['forest2water2'],0,False,None,None,0.10086393088552917,../datasets,True,False,0.1,erm,0.2,0.0,0.0,False,0.01,1,False,False,False,resnet50,False,301,64,1e-05,False,1.0,0.1,0,50,False,results/CUB/erm_dfr_rw_new_111/model_outputs_50,50,10,True,True,1,5,4,0.7,metadata_dfr.csv,None,None,None,True,False,0,0,pretrained_models/CUB/erm_111_50.pth,0.0,1,False,,,
CUB,erm_dfr_rw_new_111,625,results/CUB/erm_dfr_rw_new_111/model_outputs_625,CUB,confounder,False,spurious,waterbird_complete50,['forest2water2'],0,False,None,None,0.10086393088552917,../datasets,True,False,0.1,erm,0.2,0.0,0.0,False,0.01,1,False,False,False,resnet50,False,301,64,1e-05,False,1.0,0.1,0,625,False,results/CUB/erm_dfr_rw_new_111/model_outputs_625,50,10,True,True,1,5,4,0.7,metadata_dfr.csv,None,None,None,True,False,0,0,pretrained_models/CUB/erm_111_625.pth,0.0,1,False,,,
CUB,erm_dfr_rw_new_111,75,results/CUB/erm_dfr_rw_new_111/model_outputs_75,CUB,confounder,False,spurious,waterbird_complete50,['forest2water2'],0,False,None,None,0.10086393088552917,../datasets,True,False,0.1,erm,0.2,0.0,0.0,False,0.01,1,False,False,False,resnet50,False,301,64,1e-05,False,1.0,0.1,0,75,False,results/CUB/erm_dfr_rw_new_111/model_outputs_75,50,10,True,True,1,5,4,0.7,metadata_dfr.csv,None,None,None,True,False,0,0,pretrained_models/CUB/erm_111_75.pth,0.0,1,False,,,
CUB,erm_dfr_rw_new_111,875,results/CUB/erm_dfr_rw_new_111/model_outputs_875,CUB,confounder,False,spurious,waterbird_complete50,['forest2water2'],0,False,None,None,0.10086393088552917,../datasets,True,False,0.1,erm,0.2,0.0,0.0,False,0.01,1,False,False,False,resnet50,False,301,64,1e-05,False,1.0,0.1,0,875,False,results/CUB/erm_dfr_rw_new_111/model_outputs_875,50,10,True,True,1,5,4,0.7,metadata_dfr.csv,None,None,None,True,False,0,0,pretrained_models/CUB/erm_111_875.pth,0.0,1,False,,,
CUB,erm_dfr_rw_new_111,95,results/CUB/erm_dfr_rw_new_111/model_outputs_95,CUB,confounder,False,spurious,waterbird_complete50,['forest2water2'],0,False,None,None,0.10086393088552917,../datasets,True,False,0.1,erm,0.2,0.0,0.0,False,0.01,1,False,False,False,resnet50,False,301,64,1e-05,False,1.0,0.1,0,95,False,results/CUB/erm_dfr_rw_new_111/model_outputs_95,50,10,True,True,1,5,4,0.7,metadata_dfr.csv,None,None,None,True,False,0,0,pretrained_models/CUB/erm_111_95.pth,0.0,1,False,,,
CUB,erm_dfr_rw_new_222,50,results/CUB/erm_dfr_rw_new_222/model_outputs_50,CUB,confounder,False,spurious,waterbird_complete50,['forest2water2'],0,False,None,None,0.10086393088552917,../datasets,True,False,0.1,erm,0.2,0.0,0.0,False,0.01,1,False,False,False,resnet50,False,301,64,1e-05,False,1.0,0.1,0,50,False,results/CUB/erm_dfr_rw_new_222/model_outputs_50,50,10,True,True,1,5,4,0.7,metadata_dfr.csv,None,None,None,True,False,0,0,pretrained_models/CUB/erm_222_50.pth,0.0,1,False,,,
CUB,erm_dfr_rw_new_222,625,results/CUB/erm_dfr_rw_new_222/model_outputs_625,CUB,confounder,False,spurious,waterbird_complete50,['forest2water2'],0,False,None,None,0.10086393088552917,../datasets,True,False,0.1,erm,0.2,0.0,0.0,False,0.01,1,False,False,False,resnet50,False,301,64,1e-05,False,1.0,0.1,0,625,False,results/CUB/erm_dfr_rw_new_222/model_outputs_625,50,10,True,True,1,5,4,0.7,metadata_dfr.csv,None,None,None,True,False,0,0,pretrained_models/CUB/erm_222_625.pth,0.0,1,False,,,
CUB,erm_dfr_rw_new_222,75,results/CUB/erm_dfr_rw_new_222/model_outputs_75,CUB,confounder,False,spurious,waterbird_complete50,['forest2water2'],0,False,None,None,0.10086393088552917,../datasets,True,False,0.1,erm,0.2,0.0,0.0,False,0.01,1,False,False,False,resnet50,False,301,64,1e-05,False,1.0,0.1,0,75,False,results/CUB/erm_dfr_rw_new_222/model_outputs_75,50,10,True,True,1,5,4,0.7,metadata_dfr.csv,None,None,None,True,False,0,0,pretrained_models/CUB/erm_222_75.pth,0.0,1,False,,,
CUB,erm_dfr_rw_new_222,875,results/CUB/erm_dfr_rw_new_222/model_outputs_875,CUB,confounder,False,spurious,waterbird_complete50,['forest2water2'],0,False,None,None,0.10086393088552917,../datasets,True,False,0.1,erm,0.2,0.0,0.0,False,0.01,1,False,False,False,resnet50,False,301,64,1e-05,False,1.0,0.1,0,875,False,results/CUB/erm_dfr_rw_new_222/model_outputs_875,50,10,True,True,1,5,4,0.7,metadata_dfr.csv,None,None,None,True,False,0,0,pretrained_models/CUB/erm_222_875.pth,0.0,1,False,,,
CUB,erm_dfr_rw_new_222,95,results/CUB/erm_dfr_rw_new_222/model_outputs_95,CUB,confounder,False,spurious,waterbird_complete50,['forest2water2'],0,False,None,None,0.10086393088552917,../datasets,True,False,0.1,erm,0.2,0.0,0.0,False,0.01,1,False,False,False,resnet50,False,301,64,1e-05,False,1.0,0.1,0,95,False,results/CUB/erm_dfr_rw_new_222/model_outputs_95,50,10,True,True,1,5,4,0.7,metadata_dfr.csv,None,None,None,True,False,0,0,pretrained_models/CUB/erm_222_95.pth,0.0,1,False,,,
CUB,erm_dfr_rw_new_333,50,results/CUB/erm_dfr_rw_new_333/model_outputs_50,CUB,confounder,False,spurious,waterbird_complete50,['forest2water2'],0,False,None,None,0.10086393088552917,../datasets,True,False,0.1,erm,0.2,0.0,0.0,False,0.01,1,False,False,False,resnet50,False,301,64,1e-05,False,1.0,0.1,0,50,False,results/CUB/erm_dfr_rw_new_333/model_outputs_50,50,10,True,True,1,5,4,0.7,metadata_dfr.csv,None,None,None,True,False,0,0,pretrained_models/CUB/erm_333_50.pth,0.0,1,False,,,
CUB,erm_dfr_rw_new_333,625,results/CUB/erm_dfr_rw_new_333/model_outputs_625,CUB,confounder,False,spurious,waterbird_complete50,['forest2water2'],0,False,None,None,0.10086393088552917,../datasets,True,False,0.1,erm,0.2,0.0,0.0,False,0.01,1,False,False,False,resnet50,False,301,64,1e-05,False,1.0,0.1,0,625,False,results/CUB/erm_dfr_rw_new_333/model_outputs_625,50,10,True,True,1,5,4,0.7,metadata_dfr.csv,None,None,None,True,False,0,0,pretrained_models/CUB/erm_333_625.pth,0.0,1,False,,,
CUB,erm_dfr_rw_new_333,75,results/CUB/erm_dfr_rw_new_333/model_outputs_75,CUB,confounder,False,spurious,waterbird_complete50,['forest2water2'],0,False,None,None,0.10086393088552917,../datasets,True,False,0.1,erm,0.2,0.0,0.0,False,0.01,1,False,False,False,resnet50,False,301,64,1e-05,False,1.0,0.1,0,75,False,results/CUB/erm_dfr_rw_new_333/model_outputs_75,50,10,True,True,1,5,4,0.7,metadata_dfr.csv,None,None,None,True,False,0,0,pretrained_models/CUB/erm_333_75.pth,0.0,1,False,,,
CUB,erm_dfr_rw_new_333,875,results/CUB/erm_dfr_rw_new_333/model_outputs_875,CUB,confounder,False,spurious,waterbird_complete50,['forest2water2'],0,False,None,None,0.10086393088552917,../datasets,True,False,0.1,erm,0.2,0.0,0.0,False,0.01,1,False,False,False,resnet50,False,301,64,1e-05,False,1.0,0.1,0,875,False,results/CUB/erm_dfr_rw_new_333/model_outputs_875,50,10,True,True,1,5,4,0.7,metadata_dfr.csv,None,None,None,True,False,0,0,pretrained_models/CUB/erm_333_875.pth,0.0,1,False,,,
CUB,erm_dfr_rw_new_333,95,results/CUB/erm_dfr_rw_new_333/model_outputs_95,CUB,confounder,False,spurious,waterbird_complete50,['forest2water2'],0,False,None,None,0.10086393088552917,../datasets,True,False,0.1,erm,0.2,0.0,0.0,False,0.01,1,False,False,False,resnet50,False,301,64,1e-05,False,1.0,0.1,0,95,False,results/CUB/erm_dfr_rw_new_333/model_outputs_95,50,10,True,True,1,5,4,0.7,metadata_dfr.csv,None,None,None,True,False,0,0,pretrained_models/CUB/erm_333_95.pth,0.0,1,False,,,
CUB,erm_dfr_rw_new_50,111,results/CUB/erm_dfr_rw_new_50/model_outputs_111,CUB,confounder,False,spurious,waterbird_complete50,['forest2water2'],0,False,None,None,0.10086393088552917,../datasets,True,False,0.1,erm,0.2,0.0,0.0,False,0.01,1,False,False,False,resnet50,False,301,64,1e-05,False,1.0,0.1,0,111,False,results/CUB/erm_dfr_rw_new_50/model_outputs_111,50,10,True,True,1,5,4,0.7,metadata_dfr.csv,None,None,None,True,False,0,0,pretrained_models/CUB/erm_50_111.pth,0.0,1,False,,,
CUB,erm_dfr_rw_new_50,222,results/CUB/erm_dfr_rw_new_50/model_outputs_222,CUB,confounder,False,spurious,waterbird_complete50,['forest2water2'],0,False,None,None,0.10086393088552917,../datasets,True,False,0.1,erm,0.2,0.0,0.0,False,0.01,1,False,False,False,resnet50,False,301,64,1e-05,False,1.0,0.1,0,222,False,results/CUB/erm_dfr_rw_new_50/model_outputs_222,50,10,True,True,1,5,4,0.7,metadata_dfr.csv,None,None,None,True,False,0,0,pretrained_models/CUB/erm_50_222.pth,0.0,1,False,,,
CUB,erm_dfr_rw_new_50,333,results/CUB/erm_dfr_rw_new_50/model_outputs_333,CUB,confounder,False,spurious,waterbird_complete50,['forest2water2'],0,False,None,None,0.10086393088552917,../datasets,True,False,0.1,erm,0.2,0.0,0.0,False,0.01,1,False,False,False,resnet50,False,301,64,1e-05,False,1.0,0.1,0,333,False,results/CUB/erm_dfr_rw_new_50/model_outputs_333,50,10,True,True,1,5,4,0.7,metadata_dfr.csv,None,None,None,True,False,0,0,pretrained_models/CUB/erm_50_333.pth,0.0,1,False,,,
CUB,erm_dfr_rw_new_625,111,results/CUB/erm_dfr_rw_new_625/model_outputs_111,CUB,confounder,False,spurious,waterbird_complete50,['forest2water2'],0,False,None,None,0.7710583153347733,/workspace1/araymond,True,False,0.1,erm,0.2,0.0,0.0,False,0.01,1,False,False,False,resnet50,False,301,64,0.0001,False,0.0001,0.1,0,111,False,results/CUB/erm_dfr_rw_new_625/model_outputs_111,50,10,True,False,1,5,4,0.7,metadata_dfr.csv,None,../datasets//metadata.csv,None,True,True,0,0,pretrained_models/CUB/erm_625_111.pth,0.0,1,,,,
CUB,erm_dfr_rw_new_625,222,results/CUB/erm_dfr_rw_new_625/model_outputs_222,CUB,confounder,False,spurious,waterbird_complete50,['forest2water2'],0,False,None,None,0.7710583153347733,/workspace1/araymond,True,False,0.1,erm,0.2,0.0,0.0,False,0.01,1,False,False,False,resnet50,False,301,64,0.0001,False,0.0001,0.1,0,222,False,results/CUB/erm_dfr_rw_new_625/model_outputs_222,50,10,True,False,1,5,4,0.7,metadata_dfr.csv,None,../datasets//metadata.csv,None,True,True,0,0,pretrained_models/CUB/erm_625_222.pth,0.0,1,,,,
CUB,erm_dfr_rw_new_625,333,results/CUB/erm_dfr_rw_new_625/model_outputs_333,CUB,confounder,False,spurious,waterbird_complete50,['forest2water2'],0,False,None,None,0.7710583153347733,/workspace1/araymond,True,False,0.1,erm,0.2,0.0,0.0,False,0.01,1,False,False,False,resnet50,False,301,64,0.0001,False,0.0001,0.1,0,333,False,results/CUB/erm_dfr_rw_new_625/model_outputs_333,50,10,True,False,1,5,4,0.7,metadata_dfr.csv,None,../datasets//metadata.csv,None,True,True,0,0,pretrained_models/CUB/erm_625_333.pth,0.0,1,,,,
CUB,erm_dfr_rw_new_75,111,results/CUB/erm_dfr_rw_new_75/model_outputs_111,CUB,confounder,False,spurious,waterbird_complete50,['forest2water2'],0,False,None,None,0.4863930885529158,/workspace1/araymond,True,False,0.1,erm,0.2,0.0,0.0,False,0.01,1,False,False,False,resnet50,False,301,64,0.0001,False,0.0001,0.1,0,111,False,results/CUB/erm_dfr_rw_new_75/model_outputs_111,50,10,True,False,1,5,4,0.7,metadata_dfr.csv,None,../datasets//metadata.csv,None,True,True,0,0,pretrained_models/CUB/erm_75_111.pth,0.0,1,,,,
CUB,erm_dfr_rw_new_75,222,results/CUB/erm_dfr_rw_new_75/model_outputs_222,CUB,confounder,False,spurious,waterbird_complete50,['forest2water2'],0,False,None,None,0.4863930885529158,/workspace1/araymond,True,False,0.1,erm,0.2,0.0,0.0,False,0.01,1,False,False,False,resnet50,False,301,64,0.0001,False,0.0001,0.1,0,222,False,results/CUB/erm_dfr_rw_new_75/model_outputs_222,50,10,True,False,1,5,4,0.7,metadata_dfr.csv,None,../datasets//metadata.csv,None,True,True,0,0,pretrained_models/CUB/erm_75_222.pth,0.0,1,,,,
CUB,erm_dfr_rw_new_75,333,results/CUB/erm_dfr_rw_new_75/model_outputs_333,CUB,confounder,False,spurious,waterbird_complete50,['forest2water2'],0,False,None,None,0.4863930885529158,/workspace1/araymond,True,False,0.1,erm,0.2,0.0,0.0,False,0.01,1,False,False,False,resnet50,False,301,64,0.0001,False,0.0001,0.1,0,333,False,results/CUB/erm_dfr_rw_new_75/model_outputs_333,50,10,True,False,1,5,4,0.7,metadata_dfr.csv,None,../datasets//metadata.csv,None,True,True,0,0,pretrained_models/CUB/erm_75_333.pth,0.0,1,,,,
CUB,erm_dfr_rw_new_875,111,results/CUB/erm_dfr_rw_new_875/model_outputs_111,CUB,confounder,False,spurious,waterbird_complete50,['forest2water2'],0,False,None,None,0.25399568034557235,/workspace1/araymond,True,False,0.1,erm,0.2,0.0,0.0,False,0.01,1,False,False,False,resnet50,False,301,64,0.0001,False,0.0001,0.1,0,111,False,results/CUB/erm_dfr_rw_new_875/model_outputs_111,50,10,True,False,1,5,4,0.7,metadata_dfr.csv,None,../datasets//metadata.csv,None,True,True,0,0,pretrained_models/CUB/erm_875_111.pth,0.0,1,,,,
CUB,erm_dfr_rw_new_875,222,results/CUB/erm_dfr_rw_new_875/model_outputs_222,CUB,confounder,False,spurious,waterbird_complete50,['forest2water2'],0,False,None,None,0.25399568034557235,/workspace1/araymond,True,False,0.1,erm,0.2,0.0,0.0,False,0.01,1,False,False,False,resnet50,False,301,64,0.0001,False,0.0001,0.1,0,222,False,results/CUB/erm_dfr_rw_new_875/model_outputs_222,50,10,True,False,1,5,4,0.7,metadata_dfr.csv,None,../datasets//metadata.csv,None,True,True,0,0,pretrained_models/CUB/erm_875_222.pth,0.0,1,,,,
CUB,erm_dfr_rw_new_875,333,results/CUB/erm_dfr_rw_new_875/model_outputs_333,CUB,confounder,False,spurious,waterbird_complete50,['forest2water2'],0,False,None,None,0.25399568034557235,/workspace1/araymond,True,False,0.1,erm,0.2,0.0,0.0,False,0.01,1,False,False,False,resnet50,False,301,64,0.0001,False,0.0001,0.1,0,333,False,results/CUB/erm_dfr_rw_new_875/model_outputs_333,50,10,True,False,1,5,4,0.7,metadata_dfr.csv,None,../datasets//metadata.csv,None,True,True,0,0,pretrained_models/CUB/erm_875_333.pth,0.0,1,,,,
CUB,erm_dfr_rw_new_95,111,results/CUB/erm_dfr_rw_new_95/model_outputs_111,CUB,confounder,False,spurious,waterbird_complete50,['forest2water2'],0,False,None,None,0.10086393088552917,/workspace1/araymond,True,False,0.1,erm,0.2,0.0,0.0,False,0.01,1,False,False,False,resnet50,False,301,64,0.0001,False,0.0001,0.1,0,111,False,results/CUB/erm_dfr_rw_new_95/model_outputs_111,50,10,True,False,1,5,4,0.7,metadata_dfr.csv,None,../datasets//metadata.csv,None,True,True,0,0,pretrained_models/CUB/erm_95_111.pth,0.0,1,,,,
CUB,erm_dfr_rw_new_95,222,results/CUB/erm_dfr_rw_new_95/model_outputs_222,CUB,confounder,False,spurious,waterbird_complete50,['forest2water2'],0,False,None,None,0.10086393088552917,/workspace1/araymond,True,False,0.1,erm,0.2,0.0,0.0,False,0.01,1,False,False,False,resnet50,False,301,64,0.0001,False,0.0001,0.1,0,222,False,results/CUB/erm_dfr_rw_new_95/model_outputs_222,50,10,True,False,1,5,4,0.7,metadata_dfr.csv,None,../datasets//metadata.csv,None,True,True,0,0,pretrained_models/CUB/erm_95_222.pth,0.0,1,,,,
CUB,erm_dfr_rw_new_95,333,results/CUB/erm_dfr_rw_new_95/model_outputs_333,CUB,confounder,False,spurious,waterbird_complete50,['forest2water2'],0,False,None,None,0.10086393088552917,/workspace1/araymond,True,False,0.1,erm,0.2,0.0,0.0,False,0.01,1,False,False,False,resnet50,False,301,64,0.0001,False,0.0001,0.1,0,333,False,results/CUB/erm_dfr_rw_new_95/model_outputs_333,50,10,True,False,1,5,4,0.7,metadata_dfr.csv,None,../datasets//metadata.csv,None,True,True,0,0,pretrained_models/CUB/erm_95_333.pth,0.0,1,,,,
CUB,erm_gdro_0.1_95,111,results/CUB/erm_gdro_0.1_95/model_outputs_111,CUB,confounder,False,spurious,waterbird_complete95,['forest2water2'],0,False,None,None,0.1,../datasets,True,False,0.1,group_dro,0.2,0.0,0.0,False,0.01,1,False,False,False,resnet50,False,301,64,1e-05,False,1.0,0.1,0,111,False,results/CUB/erm_gdro_0.1_95/model_outputs_111,50,10,True,False,1,5,4,0.7,metadata.csv,None,../datasets//metadata.csv,None,True,False,0,0,pretrained_models/CUB/erm_95_111.pth,0.0,1,,,,
CUB,erm_gdro_0.1_95,222,results/CUB/erm_gdro_0.1_95/model_outputs_222,CUB,confounder,False,spurious,waterbird_complete95,['forest2water2'],0,False,None,None,0.1,../datasets,True,False,0.1,group_dro,0.2,0.0,0.0,False,0.01,1,False,False,False,resnet50,False,301,64,1e-05,False,1.0,0.1,0,222,False,results/CUB/erm_gdro_0.1_95/model_outputs_222,50,10,True,False,1,5,4,0.7,metadata.csv,None,../datasets//metadata.csv,None,True,False,0,0,pretrained_models/CUB/erm_95_222.pth,0.0,1,,,,
CUB,erm_gdro_0.1_95,333,results/CUB/erm_gdro_0.1_95/model_outputs_333,CUB,confounder,False,spurious,waterbird_complete95,['forest2water2'],0,False,None,None,0.1,../datasets,True,False,0.1,group_dro,0.2,0.0,0.0,False,0.01,1,False,False,False,resnet50,False,301,64,1e-05,False,1.0,0.1,0,333,False,results/CUB/erm_gdro_0.1_95/model_outputs_333,50,10,True,False,1,5,4,0.7,metadata.csv,None,../datasets//metadata.csv,None,True,False,0,0,pretrained_models/CUB/erm_95_333.pth,0.0,1,,,,
CUB,erm_gdro_0.25_95,111,results/CUB/erm_gdro_0.25_95/model_outputs_111,CUB,confounder,False,spurious,waterbird_complete95,['forest2water2'],0,False,None,None,0.25,../datasets,True,False,0.1,group_dro,0.2,0.0,0.0,False,0.01,1,False,False,False,resnet50,False,301,64,1e-05,False,1.0,0.1,0,111,False,results/CUB/erm_gdro_0.25_95/model_outputs_111,50,10,True,False,1,5,4,0.7,metadata.csv,None,../datasets//metadata.csv,None,True,False,0,0,pretrained_models/CUB/erm_95_111.pth,0.0,1,,,,
CUB,erm_gdro_0.25_95,222,results/CUB/erm_gdro_0.25_95/model_outputs_222,CUB,confounder,False,spurious,waterbird_complete95,['forest2water2'],0,False,None,None,0.25,../datasets,True,False,0.1,group_dro,0.2,0.0,0.0,False,0.01,1,False,False,False,resnet50,False,301,64,1e-05,False,1.0,0.1,0,222,False,results/CUB/erm_gdro_0.25_95/model_outputs_222,50,10,True,False,1,5,4,0.7,metadata.csv,None,../datasets//metadata.csv,None,True,False,0,0,pretrained_models/CUB/erm_95_222.pth,0.0,1,,,,
CUB,erm_gdro_0.25_95,333,results/CUB/erm_gdro_0.25_95/model_outputs_333,CUB,confounder,False,spurious,waterbird_complete95,['forest2water2'],0,False,None,None,0.25,../datasets,True,False,0.1,group_dro,0.2,0.0,0.0,False,0.01,1,False,False,False,resnet50,False,301,64,1e-05,False,1.0,0.1,0,333,False,results/CUB/erm_gdro_0.25_95/model_outputs_333,50,10,True,False,1,5,4,0.7,metadata.csv,None,../datasets//metadata.csv,None,True,False,0,0,pretrained_models/CUB/erm_95_333.pth,0.0,1,,,,
CUB,erm_gdro_0.5_95,111,results/CUB/erm_gdro_0.5_95/model_outputs_111,CUB,confounder,False,spurious,waterbird_complete95,['forest2water2'],0,False,None,None,0.5,../datasets,True,False,0.1,group_dro,0.2,0.0,0.0,False,0.01,1,False,False,False,resnet50,False,301,64,1e-05,False,1.0,0.1,0,111,False,results/CUB/erm_gdro_0.5_95/model_outputs_111,50,10,True,False,1,5,4,0.7,metadata.csv,None,../datasets//metadata.csv,None,True,False,0,0,pretrained_models/CUB/erm_95_111.pth,0.0,1,,,,
CUB,erm_gdro_0.5_95,222,results/CUB/erm_gdro_0.5_95/model_outputs_222,CUB,confounder,False,spurious,waterbird_complete95,['forest2water2'],0,False,None,None,0.5,../datasets,True,False,0.1,group_dro,0.2,0.0,0.0,False,0.01,1,False,False,False,resnet50,False,301,64,1e-05,False,1.0,0.1,0,222,False,results/CUB/erm_gdro_0.5_95/model_outputs_222,50,10,True,False,1,5,4,0.7,metadata.csv,None,../datasets//metadata.csv,None,True,False,0,0,pretrained_models/CUB/erm_95_222.pth,0.0,1,,,,
CUB,erm_gdro_0.5_95,333,results/CUB/erm_gdro_0.5_95/model_outputs_333,CUB,confounder,False,spurious,waterbird_complete95,['forest2water2'],0,False,None,None,0.5,../datasets,True,False,0.1,group_dro,0.2,0.0,0.0,False,0.01,1,False,False,False,resnet50,False,301,64,1e-05,False,1.0,0.1,0,333,False,results/CUB/erm_gdro_0.5_95/model_outputs_333,50,10,True,False,1,5,4,0.7,metadata.csv,None,../datasets//metadata.csv,None,True,False,0,0,pretrained_models/CUB/erm_95_333.pth,0.0,1,,,,
CUB,erm_gdro_0.75_95,111,results/CUB/erm_gdro_0.75_95/model_outputs_111,CUB,confounder,False,spurious,waterbird_complete95,['forest2water2'],0,False,None,None,0.75,../datasets,True,False,0.1,group_dro,0.2,0.0,0.0,False,0.01,1,False,False,False,resnet50,False,301,64,1e-05,False,1.0,0.1,0,111,False,results/CUB/erm_gdro_0.75_95/model_outputs_111,50,10,True,False,1,5,4,0.7,metadata.csv,None,../datasets//metadata.csv,None,True,False,0,0,pretrained_models/CUB/erm_95_111.pth,0.0,1,,,,
CUB,erm_gdro_0.75_95,222,results/CUB/erm_gdro_0.75_95/model_outputs_222,CUB,confounder,False,spurious,waterbird_complete95,['forest2water2'],0,False,None,None,0.75,../datasets,True,False,0.1,group_dro,0.2,0.0,0.0,False,0.01,1,False,False,False,resnet50,False,301,64,1e-05,False,1.0,0.1,0,222,False,results/CUB/erm_gdro_0.75_95/model_outputs_222,50,10,True,False,1,5,4,0.7,metadata.csv,None,../datasets//metadata.csv,None,True,False,0,0,pretrained_models/CUB/erm_95_222.pth,0.0,1,,,,
CUB,erm_gdro_0.75_95,333,results/CUB/erm_gdro_0.75_95/model_outputs_333,CUB,confounder,False,spurious,waterbird_complete95,['forest2water2'],0,False,None,None,0.75,../datasets,True,False,0.1,group_dro,0.2,0.0,0.0,False,0.01,1,False,False,False,resnet50,False,301,64,1e-05,False,1.0,0.1,0,333,False,results/CUB/erm_gdro_0.75_95/model_outputs_333,50,10,True,False,1,5,4,0.7,metadata.csv,None,../datasets//metadata.csv,None,True,False,0,0,pretrained_models/CUB/erm_95_333.pth,0.0,1,,,,
CUB,erm_gdro_0.9_95,111,results/CUB/erm_gdro_0.9_95/model_outputs_111,CUB,confounder,False,spurious,waterbird_complete95,['forest2water2'],0,False,None,None,0.9,../datasets,True,False,0.1,group_dro,0.2,0.0,0.0,False,0.01,1,False,False,False,resnet50,False,301,64,1e-05,False,1.0,0.1,0,111,False,results/CUB/erm_gdro_0.9_95/model_outputs_111,50,10,True,False,1,5,4,0.7,metadata.csv,None,../datasets//metadata.csv,None,True,False,0,0,pretrained_models/CUB/erm_95_111.pth,0.0,1,,,,
CUB,erm_gdro_0.9_95,222,results/CUB/erm_gdro_0.9_95/model_outputs_222,CUB,confounder,False,spurious,waterbird_complete95,['forest2water2'],0,False,None,None,0.9,../datasets,True,False,0.1,group_dro,0.2,0.0,0.0,False,0.01,1,False,False,False,resnet50,False,301,64,1e-05,False,1.0,0.1,0,222,False,results/CUB/erm_gdro_0.9_95/model_outputs_222,50,10,True,False,1,5,4,0.7,metadata.csv,None,../datasets//metadata.csv,None,True,False,0,0,pretrained_models/CUB/erm_95_222.pth,0.0,1,,,,
CUB,erm_gdro_0.9_95,333,results/CUB/erm_gdro_0.9_95/model_outputs_333,CUB,confounder,False,spurious,waterbird_complete95,['forest2water2'],0,False,None,None,0.9,../datasets,True,False,0.1,group_dro,0.2,0.0,0.0,False,0.01,1,False,False,False,resnet50,False,301,64,1e-05,False,1.0,0.1,0,333,False,results/CUB/erm_gdro_0.9_95/model_outputs_333,50,10,True,False,1,5,4,0.7,metadata.csv,None,../datasets//metadata.csv,None,True,False,0,0,pretrained_models/CUB/erm_95_333.pth,0.0,1,,,,
CUB,erm_gdro_50,111,results/CUB/erm_gdro_50/model_outputs_111,CUB,confounder,False,spurious,waterbird_complete50,['forest2water2'],0,False,None,None,1.0,../datasets,True,False,0.1,group_dro,0.2,0.0,0.0,False,0.01,1,False,False,False,resnet50,False,301,64,1e-05,False,1.0,0.1,0,111,False,results/CUB/erm_gdro_50/model_outputs_111,50,10,True,False,1,5,4,0.7,metadata.csv,None,../datasets//metadata.csv,None,True,,,,pretrained_models/CUB/erm_50_111.pth,,,,,,
CUB,erm_gdro_50,222,results/CUB/erm_gdro_50/model_outputs_222,CUB,confounder,False,spurious,waterbird_complete50,['forest2water2'],0,False,None,None,1.0,../datasets,True,False,0.1,group_dro,0.2,0.0,0.0,False,0.01,1,False,False,False,resnet50,False,301,64,1e-05,False,1.0,0.1,0,222,False,results/CUB/erm_gdro_50/model_outputs_222,50,10,True,False,1,5,4,0.7,metadata.csv,None,../datasets//metadata.csv,None,True,,,,pretrained_models/CUB/erm_50_222.pth,,,,,,
CUB,erm_gdro_50,333,results/CUB/erm_gdro_50/model_outputs_333,CUB,confounder,False,spurious,waterbird_complete50,['forest2water2'],0,False,None,None,1.0,../datasets,True,False,0.1,group_dro,0.2,0.0,0.0,False,0.01,1,False,False,False,resnet50,False,301,64,1e-05,False,1.0,0.1,0,333,False,results/CUB/erm_gdro_50/model_outputs_333,50,10,True,False,1,5,4,0.7,metadata.csv,None,../datasets//metadata.csv,None,True,,,,pretrained_models/CUB/erm_50_333.pth,,,,,,
CUB,erm_gdro_625,111,results/CUB/erm_gdro_625/model_outputs_111,CUB,confounder,False,spurious,waterbird_complete625,['forest2water2'],0,False,None,None,1.0,../datasets,True,False,0.1,group_dro,0.2,0.0,0.0,False,0.01,1,False,False,False,resnet50,False,301,64,1e-05,False,1.0,0.1,0,111,False,results/CUB/erm_gdro_625/model_outputs_111,50,10,True,False,1,5,4,0.7,metadata.csv,None,../datasets//metadata.csv,None,True,,,,pretrained_models/CUB/erm_625_111.pth,,,,,,
CUB,erm_gdro_625,222,results/CUB/erm_gdro_625/model_outputs_222,CUB,confounder,False,spurious,waterbird_complete625,['forest2water2'],0,False,None,None,1.0,../datasets,True,False,0.1,group_dro,0.2,0.0,0.0,False,0.01,1,False,False,False,resnet50,False,301,64,1e-05,False,1.0,0.1,0,222,False,results/CUB/erm_gdro_625/model_outputs_222,50,10,True,False,1,5,4,0.7,metadata.csv,None,../datasets//metadata.csv,None,True,,,,pretrained_models/CUB/erm_625_222.pth,,,,,,
CUB,erm_gdro_625,333,results/CUB/erm_gdro_625/model_outputs_333,CUB,confounder,False,spurious,waterbird_complete625,['forest2water2'],0,False,None,None,1.0,../datasets,True,False,0.1,group_dro,0.2,0.0,0.0,False,0.01,1,False,False,False,resnet50,False,301,64,1e-05,False,1.0,0.1,0,333,False,results/CUB/erm_gdro_625/model_outputs_333,50,10,True,False,1,5,4,0.7,metadata.csv,None,../datasets//metadata.csv,None,True,,,,pretrained_models/CUB/erm_625_333.pth,,,,,,
CUB,erm_gdro_75,111,results/CUB/erm_gdro_75/model_outputs_111,CUB,confounder,False,spurious,waterbird_complete75,['forest2water2'],0,False,None,None,1.0,../datasets,True,False,0.1,group_dro,0.2,0.0,0.0,False,0.01,1,False,False,False,resnet50,False,301,64,1e-05,False,1.0,0.1,0,111,False,results/CUB/erm_gdro_75/model_outputs_111,50,10,True,False,1,5,4,0.7,metadata.csv,None,../datasets//metadata.csv,None,True,,,,pretrained_models/CUB/erm_75_111.pth,,,,,,
CUB,erm_gdro_75,222,results/CUB/erm_gdro_75/model_outputs_222,CUB,confounder,False,spurious,waterbird_complete75,['forest2water2'],0,False,None,None,1.0,../datasets,True,False,0.1,group_dro,0.2,0.0,0.0,False,0.01,1,False,False,False,resnet50,False,301,64,1e-05,False,1.0,0.1,0,222,False,results/CUB/erm_gdro_75/model_outputs_222,50,10,True,False,1,5,4,0.7,metadata.csv,None,../datasets//metadata.csv,None,True,,,,pretrained_models/CUB/erm_75_222.pth,,,,,,
CUB,erm_gdro_75,333,results/CUB/erm_gdro_75/model_outputs_333,CUB,confounder,False,spurious,waterbird_complete75,['forest2water2'],0,False,None,None,1.0,../datasets,True,False,0.1,group_dro,0.2,0.0,0.0,False,0.01,1,False,False,False,resnet50,False,301,64,1e-05,False,1.0,0.1,0,333,False,results/CUB/erm_gdro_75/model_outputs_333,50,10,True,False,1,5,4,0.7,metadata.csv,None,../datasets//metadata.csv,None,True,,,,pretrained_models/CUB/erm_75_333.pth,,,,,,
CUB,erm_gdro_875,111,results/CUB/erm_gdro_875/model_outputs_111,CUB,confounder,False,spurious,waterbird_complete875,['forest2water2'],0,False,None,None,1.0,../datasets,True,False,0.1,group_dro,0.2,0.0,0.0,False,0.01,1,False,False,False,resnet50,False,301,64,1e-05,False,1.0,0.1,0,111,False,results/CUB/erm_gdro_875/model_outputs_111,50,10,True,False,1,5,4,0.7,metadata.csv,None,../datasets//metadata.csv,None,True,,,,pretrained_models/CUB/erm_875_111.pth,,,,,,
CUB,erm_gdro_875,222,results/CUB/erm_gdro_875/model_outputs_222,CUB,confounder,False,spurious,waterbird_complete875,['forest2water2'],0,False,None,None,1.0,../datasets,True,False,0.1,group_dro,0.2,0.0,0.0,False,0.01,1,False,False,False,resnet50,False,301,64,1e-05,False,1.0,0.1,0,222,False,results/CUB/erm_gdro_875/model_outputs_222,50,10,True,False,1,5,4,0.7,metadata.csv,None,../datasets//metadata.csv,None,True,,,,pretrained_models/CUB/erm_875_222.pth,,,,,,
CUB,erm_gdro_875,333,results/CUB/erm_gdro_875/model_outputs_333,CUB,confounder,False,spurious,waterbird_complete875,['forest2water2'],0,False,None,None,1.0,../datasets,True,False,0.1,group_dro,0.2,0.0,0.0,False,0.01,1,False,False,False,resnet50,False,301,64,1e-05,False,1.0,0.1,0,333,False,results/CUB/erm_gdro_875/model_outputs_333,50,10,True,False,1,5,4,0.7,metadata.csv,None,../datasets//metadata.csv,None,True,,,,pretrained_models/CUB/erm_875_333.pth,,,,,,
CUB,erm_gdro_95,111,results/CUB/erm_gdro_95/model_outputs_111,CUB,confounder,False,spurious,waterbird_complete95,['forest2water2'],0,False,None,None,1.0,../datasets,True,False,0.1,group_dro,0.2,0.0,0.0,False,0.01,1,False,False,False,resnet50,False,301,64,1e-05,False,1.0,0.1,0,111,False,results/CUB/erm_gdro_95/model_outputs_111,50,10,True,False,1,5,4,0.7,metadata.csv,None,../datasets//metadata.csv,None,True,,,,pretrained_models/CUB/erm_95_111.pth,,,,,,
CUB,erm_gdro_95,222,results/CUB/erm_gdro_95/model_outputs_222,CUB,confounder,False,spurious,waterbird_complete95,['forest2water2'],0,False,None,None,1.0,../datasets,True,False,0.1,group_dro,0.2,0.0,0.0,False,0.01,1,False,False,False,resnet50,False,301,64,1e-05,False,1.0,0.1,0,222,False,results/CUB/erm_gdro_95/model_outputs_222,50,10,True,False,1,5,4,0.7,metadata.csv,None,../datasets//metadata.csv,None,True,,,,pretrained_models/CUB/erm_95_222.pth,,,,,,
CUB,erm_gdro_95,333,results/CUB/erm_gdro_95/model_outputs_333,CUB,confounder,False,spurious,waterbird_complete95,['forest2water2'],0,False,None,None,1.0,../datasets,True,False,0.1,group_dro,0.2,0.0,0.0,False,0.01,1,False,False,False,resnet50,False,301,64,1e-05,False,1.0,0.1,0,333,False,results/CUB/erm_gdro_95/model_outputs_333,50,10,True,False,1,5,4,0.7,metadata.csv,None,../datasets//metadata.csv,None,True,,,,pretrained_models/CUB/erm_95_333.pth,,,,,,
CUB,erm_gdro_frz0_50,111,results/CUB/erm_gdro_frz0_50/model_outputs_111,CUB,confounder,False,spurious,waterbird_complete50,['forest2water2'],0,False,None,None,1.0,../datasets,True,False,0.1,group_dro,0.2,0.0,0.0,False,0.01,1,False,False,False,resnet50,False,301,64,1e-05,False,1.0,0.1,0,111,False,results/CUB/erm_gdro_frz0_50/model_outputs_111,50,50,True,False,1,5,4,0.7,metadata.csv,None,../datasets//metadata.csv,None,False,,0,,pretrained_models/CUB/erm_50_111.pth,,,,,,
CUB,erm_gdro_frz0_50,222,results/CUB/erm_gdro_frz0_50/model_outputs_222,CUB,confounder,False,spurious,waterbird_complete50,['forest2water2'],0,False,None,None,1.0,../datasets,True,False,0.1,group_dro,0.2,0.0,0.0,False,0.01,1,False,False,False,resnet50,False,301,64,1e-05,False,1.0,0.1,0,222,False,results/CUB/erm_gdro_frz0_50/model_outputs_222,50,50,True,False,1,5,4,0.7,metadata.csv,None,../datasets//metadata.csv,None,False,,0,,pretrained_models/CUB/erm_50_222.pth,,,,,,
CUB,erm_gdro_frz0_50,333,results/CUB/erm_gdro_frz0_50/model_outputs_333,CUB,confounder,False,spurious,waterbird_complete50,['forest2water2'],0,False,None,None,1.0,../datasets,True,False,0.1,group_dro,0.2,0.0,0.0,False,0.01,1,False,False,False,resnet50,False,301,64,1e-05,False,1.0,0.1,0,333,False,results/CUB/erm_gdro_frz0_50/model_outputs_333,50,50,True,False,1,5,4,0.7,metadata.csv,None,../datasets//metadata.csv,None,False,,0,,pretrained_models/CUB/erm_50_333.pth,,,,,,
CUB,erm_gdro_frz0_625,111,results/CUB/erm_gdro_frz0_625/model_outputs_111,CUB,confounder,False,spurious,waterbird_complete625,['forest2water2'],0,False,None,None,1.0,../datasets,True,False,0.1,group_dro,0.2,0.0,0.0,False,0.01,1,False,False,False,resnet50,False,301,64,1e-05,False,1.0,0.1,0,111,False,results/CUB/erm_gdro_frz0_625/model_outputs_111,50,50,True,False,1,5,4,0.7,metadata.csv,None,../datasets//metadata.csv,None,False,,0,,pretrained_models/CUB/erm_625_111.pth,,,,,,
CUB,erm_gdro_frz0_625,222,results/CUB/erm_gdro_frz0_625/model_outputs_222,CUB,confounder,False,spurious,waterbird_complete625,['forest2water2'],0,False,None,None,1.0,../datasets,True,False,0.1,group_dro,0.2,0.0,0.0,False,0.01,1,False,False,False,resnet50,False,301,64,1e-05,False,1.0,0.1,0,222,False,results/CUB/erm_gdro_frz0_625/model_outputs_222,50,50,True,False,1,5,4,0.7,metadata.csv,None,../datasets//metadata.csv,None,False,,0,,pretrained_models/CUB/erm_625_222.pth,,,,,,
CUB,erm_gdro_frz0_625,333,results/CUB/erm_gdro_frz0_625/model_outputs_333,CUB,confounder,False,spurious,waterbird_complete625,['forest2water2'],0,False,None,None,1.0,../datasets,True,False,0.1,group_dro,0.2,0.0,0.0,False,0.01,1,False,False,False,resnet50,False,301,64,1e-05,False,1.0,0.1,0,333,False,results/CUB/erm_gdro_frz0_625/model_outputs_333,50,50,True,False,1,5,4,0.7,metadata.csv,None,../datasets//metadata.csv,None,False,,0,,pretrained_models/CUB/erm_625_333.pth,,,,,,
CUB,erm_gdro_frz0_75,111,results/CUB/erm_gdro_frz0_75/model_outputs_111,CUB,confounder,False,spurious,waterbird_complete75,['forest2water2'],0,False,None,None,1.0,../datasets,True,False,0.1,group_dro,0.2,0.0,0.0,False,0.01,1,False,False,False,resnet50,False,301,64,1e-05,False,1.0,0.1,0,111,False,results/CUB/erm_gdro_frz0_75/model_outputs_111,50,50,True,False,1,5,4,0.7,metadata.csv,None,../datasets//metadata.csv,None,False,,0,,pretrained_models/CUB/erm_75_111.pth,,,,,,
CUB,erm_gdro_frz0_75,222,results/CUB/erm_gdro_frz0_75/model_outputs_222,CUB,confounder,False,spurious,waterbird_complete75,['forest2water2'],0,False,None,None,1.0,../datasets,True,False,0.1,group_dro,0.2,0.0,0.0,False,0.01,1,False,False,False,resnet50,False,301,64,1e-05,False,1.0,0.1,0,222,False,results/CUB/erm_gdro_frz0_75/model_outputs_222,50,50,True,False,1,5,4,0.7,metadata.csv,None,../datasets//metadata.csv,None,False,,0,,pretrained_models/CUB/erm_75_222.pth,,,,,,
CUB,erm_gdro_frz0_75,333,results/CUB/erm_gdro_frz0_75/model_outputs_333,CUB,confounder,False,spurious,waterbird_complete75,['forest2water2'],0,False,None,None,1.0,../datasets,True,False,0.1,group_dro,0.2,0.0,0.0,False,0.01,1,False,False,False,resnet50,False,301,64,1e-05,False,1.0,0.1,0,333,False,results/CUB/erm_gdro_frz0_75/model_outputs_333,50,50,True,False,1,5,4,0.7,metadata.csv,None,../datasets//metadata.csv,None,False,,0,,pretrained_models/CUB/erm_75_333.pth,,,,,,
CUB,erm_gdro_frz0_875,111,results/CUB/erm_gdro_frz0_875/model_outputs_111,CUB,confounder,False,spurious,waterbird_complete875,['forest2water2'],0,False,None,None,1.0,../datasets,True,False,0.1,group_dro,0.2,0.0,0.0,False,0.01,1,False,False,False,resnet50,False,301,64,1e-05,False,1.0,0.1,0,111,False,results/CUB/erm_gdro_frz0_875/model_outputs_111,50,50,True,False,1,5,4,0.7,metadata.csv,None,../datasets//metadata.csv,None,False,,0,,pretrained_models/CUB/erm_875_111.pth,,,,,,
CUB,erm_gdro_frz0_875,222,results/CUB/erm_gdro_frz0_875/model_outputs_222,CUB,confounder,False,spurious,waterbird_complete875,['forest2water2'],0,False,None,None,1.0,../datasets,True,False,0.1,group_dro,0.2,0.0,0.0,False,0.01,1,False,False,False,resnet50,False,301,64,1e-05,False,1.0,0.1,0,222,False,results/CUB/erm_gdro_frz0_875/model_outputs_222,50,50,True,False,1,5,4,0.7,metadata.csv,None,../datasets//metadata.csv,None,False,,0,,pretrained_models/CUB/erm_875_222.pth,,,,,,
CUB,erm_gdro_frz0_875,333,results/CUB/erm_gdro_frz0_875/model_outputs_333,CUB,confounder,False,spurious,waterbird_complete875,['forest2water2'],0,False,None,None,1.0,../datasets,True,False,0.1,group_dro,0.2,0.0,0.0,False,0.01,1,False,False,False,resnet50,False,301,64,1e-05,False,1.0,0.1,0,333,False,results/CUB/erm_gdro_frz0_875/model_outputs_333,50,50,True,False,1,5,4,0.7,metadata.csv,None,../datasets//metadata.csv,None,False,,0,,pretrained_models/CUB/erm_875_333.pth,,,,,,
CUB,erm_gdro_frz0_95,111,results/CUB/erm_gdro_frz0_95/model_outputs_111,CUB,confounder,False,spurious,waterbird_complete95,['forest2water2'],0,False,None,None,1.0,../datasets,True,False,0.1,group_dro,0.2,0.0,0.0,False,0.01,1,False,False,False,resnet50,False,301,64,1e-05,False,1.0,0.1,0,111,False,results/CUB/erm_gdro_frz0_95/model_outputs_111,50,50,True,False,1,5,4,0.7,metadata.csv,None,../datasets//metadata.csv,None,False,,0,,pretrained_models/CUB/erm_95_111.pth,,,,,,
CUB,erm_gdro_frz0_95,222,results/CUB/erm_gdro_frz0_95/model_outputs_222,CUB,confounder,False,spurious,waterbird_complete95,['forest2water2'],0,False,None,None,1.0,../datasets,True,False,0.1,group_dro,0.2,0.0,0.0,False,0.01,1,False,False,False,resnet50,False,301,64,1e-05,False,1.0,0.1,0,222,False,results/CUB/erm_gdro_frz0_95/model_outputs_222,50,50,True,False,1,5,4,0.7,metadata.csv,None,../datasets//metadata.csv,None,False,,0,,pretrained_models/CUB/erm_95_222.pth,,,,,,
CUB,erm_gdro_frz0_95,333,results/CUB/erm_gdro_frz0_95/model_outputs_333,CUB,confounder,False,spurious,waterbird_complete95,['forest2water2'],0,False,None,None,1.0,../datasets,True,False,0.1,group_dro,0.2,0.0,0.0,False,0.01,1,False,False,False,resnet50,False,301,64,1e-05,False,1.0,0.1,0,333,False,results/CUB/erm_gdro_frz0_95/model_outputs_333,50,50,True,False,1,5,4,0.7,metadata.csv,None,../datasets//metadata.csv,None,False,,0,,pretrained_models/CUB/erm_95_333.pth,,,,,,
CUB,erm_gdro_frz1_50,111,results/CUB/erm_gdro_frz1_50/model_outputs_111,CUB,confounder,False,spurious,waterbird_complete50,['forest2water2'],0,False,None,None,1.0,../datasets,True,False,0.1,group_dro,0.2,0.0,0.0,False,0.01,1,False,False,False,resnet50,False,301,64,1e-05,False,1.0,0.1,0,111,False,results/CUB/erm_gdro_frz1_50/model_outputs_111,50,10,True,False,1,5,4,0.7,metadata.csv,None,../datasets//metadata.csv,None,True,,1,,pretrained_models/CUB/erm_50_111.pth,,,,,,
CUB,erm_gdro_frz1_50,222,results/CUB/erm_gdro_frz1_50/model_outputs_222,CUB,confounder,False,spurious,waterbird_complete50,['forest2water2'],0,False,None,None,1.0,../datasets,True,False,0.1,group_dro,0.2,0.0,0.0,False,0.01,1,False,False,False,resnet50,False,301,64,1e-05,False,1.0,0.1,0,222,False,results/CUB/erm_gdro_frz1_50/model_outputs_222,50,50,True,False,1,5,4,0.7,metadata.csv,None,../datasets//metadata.csv,None,True,,1,,pretrained_models/CUB/erm_50_222.pth,,,,,,
CUB,erm_gdro_frz1_50,333,results/CUB/erm_gdro_frz1_50/model_outputs_333,CUB,confounder,False,spurious,waterbird_complete50,['forest2water2'],0,False,None,None,1.0,../datasets,True,False,0.1,group_dro,0.2,0.0,0.0,False,0.01,1,False,False,False,resnet50,False,301,64,1e-05,False,1.0,0.1,0,333,False,results/CUB/erm_gdro_frz1_50/model_outputs_333,50,50,True,False,1,5,4,0.7,metadata.csv,None,../datasets//metadata.csv,None,True,,1,,pretrained_models/CUB/erm_50_333.pth,,,,,,
CUB,erm_gdro_frz1_625,111,results/CUB/erm_gdro_frz1_625/model_outputs_111,CUB,confounder,False,spurious,waterbird_complete625,['forest2water2'],0,False,None,None,1.0,../datasets,True,False,0.1,group_dro,0.2,0.0,0.0,False,0.01,1,False,False,False,resnet50,False,301,64,1e-05,False,1.0,0.1,0,111,False,results/CUB/erm_gdro_frz1_625/model_outputs_111,50,10,True,False,1,5,4,0.7,metadata.csv,None,../datasets//metadata.csv,None,True,,1,,pretrained_models/CUB/erm_625_111.pth,,,,,,
CUB,erm_gdro_frz1_625,222,results/CUB/erm_gdro_frz1_625/model_outputs_222,CUB,confounder,False,spurious,waterbird_complete625,['forest2water2'],0,False,None,None,1.0,../datasets,True,False,0.1,group_dro,0.2,0.0,0.0,False,0.01,1,False,False,False,resnet50,False,301,64,1e-05,False,1.0,0.1,0,222,False,results/CUB/erm_gdro_frz1_625/model_outputs_222,50,50,True,False,1,5,4,0.7,metadata.csv,None,../datasets//metadata.csv,None,True,,1,,pretrained_models/CUB/erm_625_222.pth,,,,,,
CUB,erm_gdro_frz1_625,333,results/CUB/erm_gdro_frz1_625/model_outputs_333,CUB,confounder,False,spurious,waterbird_complete625,['forest2water2'],0,False,None,None,1.0,../datasets,True,False,0.1,group_dro,0.2,0.0,0.0,False,0.01,1,False,False,False,resnet50,False,301,64,1e-05,False,1.0,0.1,0,333,False,results/CUB/erm_gdro_frz1_625/model_outputs_333,50,50,True,False,1,5,4,0.7,metadata.csv,None,../datasets//metadata.csv,None,True,,1,,pretrained_models/CUB/erm_625_333.pth,,,,,,
CUB,erm_gdro_frz1_75,111,results/CUB/erm_gdro_frz1_75/model_outputs_111,CUB,confounder,False,spurious,waterbird_complete75,['forest2water2'],0,False,None,None,1.0,../datasets,True,False,0.1,group_dro,0.2,0.0,0.0,False,0.01,1,False,False,False,resnet50,False,301,64,1e-05,False,1.0,0.1,0,111,False,results/CUB/erm_gdro_frz1_75/model_outputs_111,50,10,True,False,1,5,4,0.7,metadata.csv,None,../datasets//metadata.csv,None,True,,1,,pretrained_models/CUB/erm_75_111.pth,,,,,,
CUB,erm_gdro_frz1_75,222,results/CUB/erm_gdro_frz1_75/model_outputs_222,CUB,confounder,False,spurious,waterbird_complete75,['forest2water2'],0,False,None,None,1.0,../datasets,True,False,0.1,group_dro,0.2,0.0,0.0,False,0.01,1,False,False,False,resnet50,False,301,64,1e-05,False,1.0,0.1,0,222,False,results/CUB/erm_gdro_frz1_75/model_outputs_222,50,50,True,False,1,5,4,0.7,metadata.csv,None,../datasets//metadata.csv,None,True,,1,,pretrained_models/CUB/erm_75_222.pth,,,,,,
CUB,erm_gdro_frz1_75,333,results/CUB/erm_gdro_frz1_75/model_outputs_333,CUB,confounder,False,spurious,waterbird_complete75,['forest2water2'],0,False,None,None,1.0,../datasets,True,False,0.1,group_dro,0.2,0.0,0.0,False,0.01,1,False,False,False,resnet50,False,301,64,1e-05,False,1.0,0.1,0,333,False,results/CUB/erm_gdro_frz1_75/model_outputs_333,50,50,True,False,1,5,4,0.7,metadata.csv,None,../datasets//metadata.csv,None,True,,1,,pretrained_models/CUB/erm_75_333.pth,,,,,,
CUB,erm_gdro_frz1_875,111,results/CUB/erm_gdro_frz1_875/model_outputs_111,CUB,confounder,False,spurious,waterbird_complete875,['forest2water2'],0,False,None,None,1.0,../datasets,True,False,0.1,group_dro,0.2,0.0,0.0,False,0.01,1,False,False,False,resnet50,False,301,64,1e-05,False,1.0,0.1,0,111,False,results/CUB/erm_gdro_frz1_875/model_outputs_111,50,10,True,False,1,5,4,0.7,metadata.csv,None,../datasets//metadata.csv,None,True,,1,,pretrained_models/CUB/erm_875_111.pth,,,,,,
CUB,erm_gdro_frz1_875,222,results/CUB/erm_gdro_frz1_875/model_outputs_222,CUB,confounder,False,spurious,waterbird_complete875,['forest2water2'],0,False,None,None,1.0,../datasets,True,False,0.1,group_dro,0.2,0.0,0.0,False,0.01,1,False,False,False,resnet50,False,301,64,1e-05,False,1.0,0.1,0,222,False,results/CUB/erm_gdro_frz1_875/model_outputs_222,50,50,True,False,1,5,4,0.7,metadata.csv,None,../datasets//metadata.csv,None,True,,1,,pretrained_models/CUB/erm_875_222.pth,,,,,,
CUB,erm_gdro_frz1_875,333,results/CUB/erm_gdro_frz1_875/model_outputs_333,CUB,confounder,False,spurious,waterbird_complete875,['forest2water2'],0,False,None,None,1.0,../datasets,True,False,0.1,group_dro,0.2,0.0,0.0,False,0.01,1,False,False,False,resnet50,False,301,64,1e-05,False,1.0,0.1,0,333,False,results/CUB/erm_gdro_frz1_875/model_outputs_333,50,50,True,False,1,5,4,0.7,metadata.csv,None,../datasets//metadata.csv,None,True,,1,,pretrained_models/CUB/erm_875_333.pth,,,,,,
CUB,erm_gdro_frz1_95,111,results/CUB/erm_gdro_frz1_95/model_outputs_111,CUB,confounder,False,spurious,waterbird_complete95,['forest2water2'],0,False,None,None,1.0,../datasets,True,False,0.1,group_dro,0.2,0.0,0.0,False,0.01,1,False,False,False,resnet50,False,301,64,1e-05,False,1.0,0.1,0,111,False,results/CUB/erm_gdro_frz1_95/model_outputs_111,50,10,True,False,1,5,4,0.7,metadata.csv,None,../datasets//metadata.csv,None,True,,1,,pretrained_models/CUB/erm_95_111.pth,,,,,,
CUB,erm_gdro_frz1_95,222,results/CUB/erm_gdro_frz1_95/model_outputs_222,CUB,confounder,False,spurious,waterbird_complete95,['forest2water2'],0,False,None,None,1.0,../datasets,True,False,0.1,group_dro,0.2,0.0,0.0,False,0.01,1,False,False,False,resnet50,False,301,64,1e-05,False,1.0,0.1,0,222,False,results/CUB/erm_gdro_frz1_95/model_outputs_222,50,50,True,False,1,5,4,0.7,metadata.csv,None,../datasets//metadata.csv,None,True,,1,,pretrained_models/CUB/erm_95_222.pth,,,,,,
CUB,erm_gdro_frz1_95,333,results/CUB/erm_gdro_frz1_95/model_outputs_333,CUB,confounder,False,spurious,waterbird_complete95,['forest2water2'],0,False,None,None,1.0,../datasets,True,False,0.1,group_dro,0.2,0.0,0.0,False,0.01,1,False,False,False,resnet50,False,301,64,1e-05,False,1.0,0.1,0,333,False,results/CUB/erm_gdro_frz1_95/model_outputs_333,50,50,True,False,1,5,4,0.7,metadata.csv,None,../datasets//metadata.csv,None,True,,1,,pretrained_models/CUB/erm_95_333.pth,,,,,,
CUB,erm_gdro_frz2_50,111,results/CUB/erm_gdro_frz2_50/model_outputs_111,CUB,confounder,False,spurious,waterbird_complete50,['forest2water2'],0,False,None,None,1.0,../datasets,True,False,0.1,group_dro,0.2,0.0,0.0,False,0.01,1,False,False,False,resnet50,False,301,64,1e-05,False,1.0,0.1,0,111,False,results/CUB/erm_gdro_frz2_50/model_outputs_111,50,10,True,False,1,5,4,0.7,metadata.csv,None,../datasets//metadata.csv,None,True,,2,,pretrained_models/CUB/erm_50_111.pth,,,,,,
CUB,erm_gdro_frz2_50,222,results/CUB/erm_gdro_frz2_50/model_outputs_222,CUB,confounder,False,spurious,waterbird_complete50,['forest2water2'],0,False,None,None,1.0,../datasets,True,False,0.1,group_dro,0.2,0.0,0.0,False,0.01,1,False,False,False,resnet50,False,301,64,1e-05,False,1.0,0.1,0,222,False,results/CUB/erm_gdro_frz2_50/model_outputs_222,50,50,True,False,1,5,4,0.7,metadata.csv,None,../datasets//metadata.csv,None,True,,2,,pretrained_models/CUB/erm_50_222.pth,,,,,,
CUB,erm_gdro_frz2_50,333,results/CUB/erm_gdro_frz2_50/model_outputs_333,CUB,confounder,False,spurious,waterbird_complete50,['forest2water2'],0,False,None,None,1.0,../datasets,True,False,0.1,group_dro,0.2,0.0,0.0,False,0.01,1,False,False,False,resnet50,False,301,64,1e-05,False,1.0,0.1,0,333,False,results/CUB/erm_gdro_frz2_50/model_outputs_333,50,50,True,False,1,5,4,0.7,metadata.csv,None,../datasets//metadata.csv,None,True,,2,,pretrained_models/CUB/erm_50_333.pth,,,,,,
CUB,erm_gdro_frz2_625,111,results/CUB/erm_gdro_frz2_625/model_outputs_111,CUB,confounder,False,spurious,waterbird_complete625,['forest2water2'],0,False,None,None,1.0,../datasets,True,False,0.1,group_dro,0.2,0.0,0.0,False,0.01,1,False,False,False,resnet50,False,301,64,1e-05,False,1.0,0.1,0,111,False,results/CUB/erm_gdro_frz2_625/model_outputs_111,50,10,True,False,1,5,4,0.7,metadata.csv,None,../datasets//metadata.csv,None,True,,2,,pretrained_models/CUB/erm_625_111.pth,,,,,,
CUB,erm_gdro_frz2_625,222,results/CUB/erm_gdro_frz2_625/model_outputs_222,CUB,confounder,False,spurious,waterbird_complete625,['forest2water2'],0,False,None,None,1.0,../datasets,True,False,0.1,group_dro,0.2,0.0,0.0,False,0.01,1,False,False,False,resnet50,False,301,64,1e-05,False,1.0,0.1,0,222,False,results/CUB/erm_gdro_frz2_625/model_outputs_222,50,50,True,False,1,5,4,0.7,metadata.csv,None,../datasets//metadata.csv,None,True,,2,,pretrained_models/CUB/erm_625_222.pth,,,,,,
CUB,erm_gdro_frz2_625,333,results/CUB/erm_gdro_frz2_625/model_outputs_333,CUB,confounder,False,spurious,waterbird_complete625,['forest2water2'],0,False,None,None,1.0,../datasets,True,False,0.1,group_dro,0.2,0.0,0.0,False,0.01,1,False,False,False,resnet50,False,301,64,1e-05,False,1.0,0.1,0,333,False,results/CUB/erm_gdro_frz2_625/model_outputs_333,50,50,True,False,1,5,4,0.7,metadata.csv,None,../datasets//metadata.csv,None,True,,2,,pretrained_models/CUB/erm_625_333.pth,,,,,,
CUB,erm_gdro_frz2_75,111,results/CUB/erm_gdro_frz2_75/model_outputs_111,CUB,confounder,False,spurious,waterbird_complete75,['forest2water2'],0,False,None,None,1.0,../datasets,True,False,0.1,group_dro,0.2,0.0,0.0,False,0.01,1,False,False,False,resnet50,False,301,64,1e-05,False,1.0,0.1,0,111,False,results/CUB/erm_gdro_frz2_75/model_outputs_111,50,10,True,False,1,5,4,0.7,metadata.csv,None,../datasets//metadata.csv,None,True,,2,,pretrained_models/CUB/erm_75_111.pth,,,,,,
CUB,erm_gdro_frz2_75,222,results/CUB/erm_gdro_frz2_75/model_outputs_222,CUB,confounder,False,spurious,waterbird_complete75,['forest2water2'],0,False,None,None,1.0,../datasets,True,False,0.1,group_dro,0.2,0.0,0.0,False,0.01,1,False,False,False,resnet50,False,301,64,1e-05,False,1.0,0.1,0,222,False,results/CUB/erm_gdro_frz2_75/model_outputs_222,50,50,True,False,1,5,4,0.7,metadata.csv,None,../datasets//metadata.csv,None,True,,2,,pretrained_models/CUB/erm_75_222.pth,,,,,,
CUB,erm_gdro_frz2_75,333,results/CUB/erm_gdro_frz2_75/model_outputs_333,CUB,confounder,False,spurious,waterbird_complete75,['forest2water2'],0,False,None,None,1.0,../datasets,True,False,0.1,group_dro,0.2,0.0,0.0,False,0.01,1,False,False,False,resnet50,False,301,64,1e-05,False,1.0,0.1,0,333,False,results/CUB/erm_gdro_frz2_75/model_outputs_333,50,50,True,False,1,5,4,0.7,metadata.csv,None,../datasets//metadata.csv,None,True,,2,,pretrained_models/CUB/erm_75_333.pth,,,,,,
CUB,erm_gdro_frz2_875,111,results/CUB/erm_gdro_frz2_875/model_outputs_111,CUB,confounder,False,spurious,waterbird_complete875,['forest2water2'],0,False,None,None,1.0,../datasets,True,False,0.1,group_dro,0.2,0.0,0.0,False,0.01,1,False,False,False,resnet50,False,301,64,1e-05,False,1.0,0.1,0,111,False,results/CUB/erm_gdro_frz2_875/model_outputs_111,50,10,True,False,1,5,4,0.7,metadata.csv,None,../datasets//metadata.csv,None,True,,2,,pretrained_models/CUB/erm_875_111.pth,,,,,,
CUB,erm_gdro_frz2_875,222,results/CUB/erm_gdro_frz2_875/model_outputs_222,CUB,confounder,False,spurious,waterbird_complete875,['forest2water2'],0,False,None,None,1.0,../datasets,True,False,0.1,group_dro,0.2,0.0,0.0,False,0.01,1,False,False,False,resnet50,False,301,64,1e-05,False,1.0,0.1,0,222,False,results/CUB/erm_gdro_frz2_875/model_outputs_222,50,50,True,False,1,5,4,0.7,metadata.csv,None,../datasets//metadata.csv,None,True,,2,,pretrained_models/CUB/erm_875_222.pth,,,,,,
CUB,erm_gdro_frz2_875,333,results/CUB/erm_gdro_frz2_875/model_outputs_333,CUB,confounder,False,spurious,waterbird_complete875,['forest2water2'],0,False,None,None,1.0,../datasets,True,False,0.1,group_dro,0.2,0.0,0.0,False,0.01,1,False,False,False,resnet50,False,301,64,1e-05,False,1.0,0.1,0,333,False,results/CUB/erm_gdro_frz2_875/model_outputs_333,50,50,True,False,1,5,4,0.7,metadata.csv,None,../datasets//metadata.csv,None,True,,2,,pretrained_models/CUB/erm_875_333.pth,,,,,,
CUB,erm_gdro_frz2_95,111,results/CUB/erm_gdro_frz2_95/model_outputs_111,CUB,confounder,False,spurious,waterbird_complete95,['forest2water2'],0,False,None,None,1.0,../datasets,True,False,0.1,group_dro,0.2,0.0,0.0,False,0.01,1,False,False,False,resnet50,False,301,64,1e-05,False,1.0,0.1,0,111,False,results/CUB/erm_gdro_frz2_95/model_outputs_111,50,10,True,False,1,5,4,0.7,metadata.csv,None,../datasets//metadata.csv,None,True,,2,,pretrained_models/CUB/erm_95_111.pth,,,,,,
CUB,erm_gdro_frz2_95,222,results/CUB/erm_gdro_frz2_95/model_outputs_222,CUB,confounder,False,spurious,waterbird_complete95,['forest2water2'],0,False,None,None,1.0,../datasets,True,False,0.1,group_dro,0.2,0.0,0.0,False,0.01,1,False,False,False,resnet50,False,301,64,1e-05,False,1.0,0.1,0,222,False,results/CUB/erm_gdro_frz2_95/model_outputs_222,50,50,True,False,1,5,4,0.7,metadata.csv,None,../datasets//metadata.csv,None,True,,2,,pretrained_models/CUB/erm_95_222.pth,,,,,,
CUB,erm_gdro_frz2_95,333,results/CUB/erm_gdro_frz2_95/model_outputs_333,CUB,confounder,False,spurious,waterbird_complete95,['forest2water2'],0,False,None,None,1.0,../datasets,True,False,0.1,group_dro,0.2,0.0,0.0,False,0.01,1,False,False,False,resnet50,False,301,64,1e-05,False,1.0,0.1,0,333,False,results/CUB/erm_gdro_frz2_95/model_outputs_333,50,50,True,False,1,5,4,0.7,metadata.csv,None,../datasets//metadata.csv,None,True,,2,,pretrained_models/CUB/erm_95_333.pth,,,,,,
CUB,erm_gdro_frz3_50,111,results/CUB/erm_gdro_frz3_50/model_outputs_111,CUB,confounder,False,spurious,waterbird_complete50,['forest2water2'],0,False,None,None,1.0,../datasets,True,False,0.1,group_dro,0.2,0.0,0.0,False,0.01,1,False,False,False,resnet50,False,301,64,1e-05,False,1.0,0.1,0,111,False,results/CUB/erm_gdro_frz3_50/model_outputs_111,50,10,True,False,1,5,4,0.7,metadata.csv,None,../datasets//metadata.csv,None,True,,3,,pretrained_models/CUB/erm_50_111.pth,,,,,,
CUB,erm_gdro_frz3_50,222,results/CUB/erm_gdro_frz3_50/model_outputs_222,CUB,confounder,False,spurious,waterbird_complete50,['forest2water2'],0,False,None,None,1.0,../datasets,True,False,0.1,group_dro,0.2,0.0,0.0,False,0.01,1,False,False,False,resnet50,False,301,64,1e-05,False,1.0,0.1,0,222,False,results/CUB/erm_gdro_frz3_50/model_outputs_222,50,50,True,False,1,5,4,0.7,metadata.csv,None,../datasets//metadata.csv,None,True,,3,,pretrained_models/CUB/erm_50_222.pth,,,,,,
CUB,erm_gdro_frz3_50,333,results/CUB/erm_gdro_frz3_50/model_outputs_333,CUB,confounder,False,spurious,waterbird_complete50,['forest2water2'],0,False,None,None,1.0,../datasets,True,False,0.1,group_dro,0.2,0.0,0.0,False,0.01,1,False,False,False,resnet50,False,301,64,1e-05,False,1.0,0.1,0,333,False,results/CUB/erm_gdro_frz3_50/model_outputs_333,50,50,True,False,1,5,4,0.7,metadata.csv,None,../datasets//metadata.csv,None,True,,3,,pretrained_models/CUB/erm_50_333.pth,,,,,,
CUB,erm_gdro_frz3_625,111,results/CUB/erm_gdro_frz3_625/model_outputs_111,CUB,confounder,False,spurious,waterbird_complete625,['forest2water2'],0,False,None,None,1.0,../datasets,True,False,0.1,group_dro,0.2,0.0,0.0,False,0.01,1,False,False,False,resnet50,False,301,64,1e-05,False,1.0,0.1,0,111,False,results/CUB/erm_gdro_frz3_625/model_outputs_111,50,10,True,False,1,5,4,0.7,metadata.csv,None,../datasets//metadata.csv,None,True,,3,,pretrained_models/CUB/erm_625_111.pth,,,,,,
CUB,erm_gdro_frz3_625,222,results/CUB/erm_gdro_frz3_625/model_outputs_222,CUB,confounder,False,spurious,waterbird_complete625,['forest2water2'],0,False,None,None,1.0,../datasets,True,False,0.1,group_dro,0.2,0.0,0.0,False,0.01,1,False,False,False,resnet50,False,301,64,1e-05,False,1.0,0.1,0,222,False,results/CUB/erm_gdro_frz3_625/model_outputs_222,50,50,True,False,1,5,4,0.7,metadata.csv,None,../datasets//metadata.csv,None,True,,3,,pretrained_models/CUB/erm_625_222.pth,,,,,,
CUB,erm_gdro_frz3_625,333,results/CUB/erm_gdro_frz3_625/model_outputs_333,CUB,confounder,False,spurious,waterbird_complete625,['forest2water2'],0,False,None,None,1.0,../datasets,True,False,0.1,group_dro,0.2,0.0,0.0,False,0.01,1,False,False,False,resnet50,False,301,64,1e-05,False,1.0,0.1,0,333,False,results/CUB/erm_gdro_frz3_625/model_outputs_333,50,50,True,False,1,5,4,0.7,metadata.csv,None,../datasets//metadata.csv,None,True,,3,,pretrained_models/CUB/erm_625_333.pth,,,,,,
CUB,erm_gdro_frz3_75,111,results/CUB/erm_gdro_frz3_75/model_outputs_111,CUB,confounder,False,spurious,waterbird_complete75,['forest2water2'],0,False,None,None,1.0,../datasets,True,False,0.1,group_dro,0.2,0.0,0.0,False,0.01,1,False,False,False,resnet50,False,301,64,1e-05,False,1.0,0.1,0,111,False,results/CUB/erm_gdro_frz3_75/model_outputs_111,50,10,True,False,1,5,4,0.7,metadata.csv,None,../datasets//metadata.csv,None,True,,3,,pretrained_models/CUB/erm_75_111.pth,,,,,,
CUB,erm_gdro_frz3_75,222,results/CUB/erm_gdro_frz3_75/model_outputs_222,CUB,confounder,False,spurious,waterbird_complete75,['forest2water2'],0,False,None,None,1.0,../datasets,True,False,0.1,group_dro,0.2,0.0,0.0,False,0.01,1,False,False,False,resnet50,False,301,64,1e-05,False,1.0,0.1,0,222,False,results/CUB/erm_gdro_frz3_75/model_outputs_222,50,50,True,False,1,5,4,0.7,metadata.csv,None,../datasets//metadata.csv,None,True,,3,,pretrained_models/CUB/erm_75_222.pth,,,,,,
CUB,erm_gdro_frz3_75,333,results/CUB/erm_gdro_frz3_75/model_outputs_333,CUB,confounder,False,spurious,waterbird_complete75,['forest2water2'],0,False,None,None,1.0,../datasets,True,False,0.1,group_dro,0.2,0.0,0.0,False,0.01,1,False,False,False,resnet50,False,301,64,1e-05,False,1.0,0.1,0,333,False,results/CUB/erm_gdro_frz3_75/model_outputs_333,50,50,True,False,1,5,4,0.7,metadata.csv,None,../datasets//metadata.csv,None,True,,3,,pretrained_models/CUB/erm_75_333.pth,,,,,,
CUB,erm_gdro_frz3_875,111,results/CUB/erm_gdro_frz3_875/model_outputs_111,CUB,confounder,False,spurious,waterbird_complete875,['forest2water2'],0,False,None,None,1.0,../datasets,True,False,0.1,group_dro,0.2,0.0,0.0,False,0.01,1,False,False,False,resnet50,False,301,64,1e-05,False,1.0,0.1,0,111,False,results/CUB/erm_gdro_frz3_875/model_outputs_111,50,10,True,False,1,5,4,0.7,metadata.csv,None,../datasets//metadata.csv,None,True,,3,,pretrained_models/CUB/erm_875_111.pth,,,,,,
CUB,erm_gdro_frz3_875,222,results/CUB/erm_gdro_frz3_875/model_outputs_222,CUB,confounder,False,spurious,waterbird_complete875,['forest2water2'],0,False,None,None,1.0,../datasets,True,False,0.1,group_dro,0.2,0.0,0.0,False,0.01,1,False,False,False,resnet50,False,301,64,1e-05,False,1.0,0.1,0,222,False,results/CUB/erm_gdro_frz3_875/model_outputs_222,50,50,True,False,1,5,4,0.7,metadata.csv,None,../datasets//metadata.csv,None,True,,3,,pretrained_models/CUB/erm_875_222.pth,,,,,,
CUB,erm_gdro_frz3_875,333,results/CUB/erm_gdro_frz3_875/model_outputs_333,CUB,confounder,False,spurious,waterbird_complete875,['forest2water2'],0,False,None,None,1.0,../datasets,True,False,0.1,group_dro,0.2,0.0,0.0,False,0.01,1,False,False,False,resnet50,False,301,64,1e-05,False,1.0,0.1,0,333,False,results/CUB/erm_gdro_frz3_875/model_outputs_333,50,50,True,False,1,5,4,0.7,metadata.csv,None,../datasets//metadata.csv,None,True,,3,,pretrained_models/CUB/erm_875_333.pth,,,,,,
CUB,erm_gdro_frz3_95,111,results/CUB/erm_gdro_frz3_95/model_outputs_111,CUB,confounder,False,spurious,waterbird_complete95,['forest2water2'],0,False,None,None,1.0,../datasets,True,False,0.1,group_dro,0.2,0.0,0.0,False,0.01,1,False,False,False,resnet50,False,301,64,1e-05,False,1.0,0.1,0,111,False,results/CUB/erm_gdro_frz3_95/model_outputs_111,50,10,True,False,1,5,4,0.7,metadata.csv,None,../datasets//metadata.csv,None,True,,3,,pretrained_models/CUB/erm_95_111.pth,,,,,,
CUB,erm_gdro_frz3_95,222,results/CUB/erm_gdro_frz3_95/model_outputs_222,CUB,confounder,False,spurious,waterbird_complete95,['forest2water2'],0,False,None,None,1.0,../datasets,True,False,0.1,group_dro,0.2,0.0,0.0,False,0.01,1,False,False,False,resnet50,False,301,64,1e-05,False,1.0,0.1,0,222,False,results/CUB/erm_gdro_frz3_95/model_outputs_222,50,50,True,False,1,5,4,0.7,metadata.csv,None,../datasets//metadata.csv,None,True,,3,,pretrained_models/CUB/erm_95_222.pth,,,,,,
CUB,erm_gdro_frz3_95,333,results/CUB/erm_gdro_frz3_95/model_outputs_333,CUB,confounder,False,spurious,waterbird_complete95,['forest2water2'],0,False,None,None,1.0,../datasets,True,False,0.1,group_dro,0.2,0.0,0.0,False,0.01,1,False,False,False,resnet50,False,301,64,1e-05,False,1.0,0.1,0,333,False,results/CUB/erm_gdro_frz3_95/model_outputs_333,50,50,True,False,1,5,4,0.7,metadata.csv,None,../datasets//metadata.csv,None,True,,3,,pretrained_models/CUB/erm_95_333.pth,,,,,,
CUB,erm_gdro_frz4_50,111,results/CUB/erm_gdro_frz4_50/model_outputs_111,CUB,confounder,False,spurious,waterbird_complete50,['forest2water2'],0,False,None,None,1.0,../datasets,True,False,0.1,group_dro,0.2,0.0,0.0,False,0.01,1,False,False,False,resnet50,False,301,64,1e-05,False,1.0,0.1,0,111,False,results/CUB/erm_gdro_frz4_50/model_outputs_111,50,10,True,False,1,5,4,0.7,metadata.csv,None,../datasets//metadata.csv,None,True,,4,,pretrained_models/CUB/erm_50_111.pth,,,,,,
CUB,erm_gdro_frz4_50,222,results/CUB/erm_gdro_frz4_50/model_outputs_222,CUB,confounder,False,spurious,waterbird_complete50,['forest2water2'],0,False,None,None,1.0,../datasets,True,False,0.1,group_dro,0.2,0.0,0.0,False,0.01,1,False,False,False,resnet50,False,301,64,1e-05,False,1.0,0.1,0,222,False,results/CUB/erm_gdro_frz4_50/model_outputs_222,50,50,True,False,1,5,4,0.7,metadata.csv,None,../datasets//metadata.csv,None,True,,4,,pretrained_models/CUB/erm_50_222.pth,,,,,,
CUB,erm_gdro_frz4_50,333,results/CUB/erm_gdro_frz4_50/model_outputs_333,CUB,confounder,False,spurious,waterbird_complete50,['forest2water2'],0,False,None,None,1.0,../datasets,True,False,0.1,group_dro,0.2,0.0,0.0,False,0.01,1,False,False,False,resnet50,False,301,64,1e-05,False,1.0,0.1,0,333,False,results/CUB/erm_gdro_frz4_50/model_outputs_333,50,50,True,False,1,5,4,0.7,metadata.csv,None,../datasets//metadata.csv,None,True,,4,,pretrained_models/CUB/erm_50_333.pth,,,,,,
CUB,erm_gdro_frz4_625,111,results/CUB/erm_gdro_frz4_625/model_outputs_111,CUB,confounder,False,spurious,waterbird_complete625,['forest2water2'],0,False,None,None,1.0,../datasets,True,False,0.1,group_dro,0.2,0.0,0.0,False,0.01,1,False,False,False,resnet50,False,301,64,1e-05,False,1.0,0.1,0,111,False,results/CUB/erm_gdro_frz4_625/model_outputs_111,50,10,True,False,1,5,4,0.7,metadata.csv,None,../datasets//metadata.csv,None,True,,4,,pretrained_models/CUB/erm_625_111.pth,,,,,,
CUB,erm_gdro_frz4_625,222,results/CUB/erm_gdro_frz4_625/model_outputs_222,CUB,confounder,False,spurious,waterbird_complete625,['forest2water2'],0,False,None,None,1.0,../datasets,True,False,0.1,group_dro,0.2,0.0,0.0,False,0.01,1,False,False,False,resnet50,False,301,64,1e-05,False,1.0,0.1,0,222,False,results/CUB/erm_gdro_frz4_625/model_outputs_222,50,50,True,False,1,5,4,0.7,metadata.csv,None,../datasets//metadata.csv,None,True,,4,,pretrained_models/CUB/erm_625_222.pth,,,,,,
CUB,erm_gdro_frz4_625,333,results/CUB/erm_gdro_frz4_625/model_outputs_333,CUB,confounder,False,spurious,waterbird_complete625,['forest2water2'],0,False,None,None,1.0,../datasets,True,False,0.1,group_dro,0.2,0.0,0.0,False,0.01,1,False,False,False,resnet50,False,301,64,1e-05,False,1.0,0.1,0,333,False,results/CUB/erm_gdro_frz4_625/model_outputs_333,50,50,True,False,1,5,4,0.7,metadata.csv,None,../datasets//metadata.csv,None,True,,4,,pretrained_models/CUB/erm_625_333.pth,,,,,,
CUB,erm_gdro_frz4_75,111,results/CUB/erm_gdro_frz4_75/model_outputs_111,CUB,confounder,False,spurious,waterbird_complete75,['forest2water2'],0,False,None,None,1.0,../datasets,True,False,0.1,group_dro,0.2,0.0,0.0,False,0.01,1,False,False,False,resnet50,False,301,64,1e-05,False,1.0,0.1,0,111,False,results/CUB/erm_gdro_frz4_75/model_outputs_111,50,10,True,False,1,5,4,0.7,metadata.csv,None,../datasets//metadata.csv,None,True,,4,,pretrained_models/CUB/erm_75_111.pth,,,,,,
CUB,erm_gdro_frz4_75,222,results/CUB/erm_gdro_frz4_75/model_outputs_222,CUB,confounder,False,spurious,waterbird_complete75,['forest2water2'],0,False,None,None,1.0,../datasets,True,False,0.1,group_dro,0.2,0.0,0.0,False,0.01,1,False,False,False,resnet50,False,301,64,1e-05,False,1.0,0.1,0,222,False,results/CUB/erm_gdro_frz4_75/model_outputs_222,50,50,True,False,1,5,4,0.7,metadata.csv,None,../datasets//metadata.csv,None,True,,4,,pretrained_models/CUB/erm_75_222.pth,,,,,,
CUB,erm_gdro_frz4_75,333,results/CUB/erm_gdro_frz4_75/model_outputs_333,CUB,confounder,False,spurious,waterbird_complete75,['forest2water2'],0,False,None,None,1.0,../datasets,True,False,0.1,group_dro,0.2,0.0,0.0,False,0.01,1,False,False,False,resnet50,False,301,64,1e-05,False,1.0,0.1,0,333,False,results/CUB/erm_gdro_frz4_75/model_outputs_333,50,50,True,False,1,5,4,0.7,metadata.csv,None,../datasets//metadata.csv,None,True,,4,,pretrained_models/CUB/erm_75_333.pth,,,,,,
CUB,erm_gdro_frz4_875,111,results/CUB/erm_gdro_frz4_875/model_outputs_111,CUB,confounder,False,spurious,waterbird_complete875,['forest2water2'],0,False,None,None,1.0,../datasets,True,False,0.1,group_dro,0.2,0.0,0.0,False,0.01,1,False,False,False,resnet50,False,301,64,1e-05,False,1.0,0.1,0,111,False,results/CUB/erm_gdro_frz4_875/model_outputs_111,50,10,True,False,1,5,4,0.7,metadata.csv,None,../datasets//metadata.csv,None,True,,4,,pretrained_models/CUB/erm_875_111.pth,,,,,,
CUB,erm_gdro_frz4_875,222,results/CUB/erm_gdro_frz4_875/model_outputs_222,CUB,confounder,False,spurious,waterbird_complete875,['forest2water2'],0,False,None,None,1.0,../datasets,True,False,0.1,group_dro,0.2,0.0,0.0,False,0.01,1,False,False,False,resnet50,False,301,64,1e-05,False,1.0,0.1,0,222,False,results/CUB/erm_gdro_frz4_875/model_outputs_222,50,50,True,False,1,5,4,0.7,metadata.csv,None,../datasets//metadata.csv,None,True,,4,,pretrained_models/CUB/erm_875_222.pth,,,,,,
CUB,erm_gdro_frz4_875,333,results/CUB/erm_gdro_frz4_875/model_outputs_333,CUB,confounder,False,spurious,waterbird_complete875,['forest2water2'],0,False,None,None,1.0,../datasets,True,False,0.1,group_dro,0.2,0.0,0.0,False,0.01,1,False,False,False,resnet50,False,301,64,1e-05,False,1.0,0.1,0,333,False,results/CUB/erm_gdro_frz4_875/model_outputs_333,50,50,True,False,1,5,4,0.7,metadata.csv,None,../datasets//metadata.csv,None,True,,4,,pretrained_models/CUB/erm_875_333.pth,,,,,,
CUB,erm_gdro_frz4_95,111,results/CUB/erm_gdro_frz4_95/model_outputs_111,CUB,confounder,False,spurious,waterbird_complete95,['forest2water2'],0,False,None,None,1.0,../datasets,True,False,0.1,group_dro,0.2,0.0,0.0,False,0.01,1,False,False,False,resnet50,False,301,64,1e-05,False,1.0,0.1,0,111,False,results/CUB/erm_gdro_frz4_95/model_outputs_111,50,10,True,False,1,5,4,0.7,metadata.csv,None,../datasets//metadata.csv,None,True,,4,,pretrained_models/CUB/erm_95_111.pth,,,,,,
CUB,erm_gdro_frz4_95,222,results/CUB/erm_gdro_frz4_95/model_outputs_222,CUB,confounder,False,spurious,waterbird_complete95,['forest2water2'],0,False,None,None,1.0,../datasets,True,False,0.1,group_dro,0.2,0.0,0.0,False,0.01,1,False,False,False,resnet50,False,301,64,1e-05,False,1.0,0.1,0,222,False,results/CUB/erm_gdro_frz4_95/model_outputs_222,50,50,True,False,1,5,4,0.7,metadata.csv,None,../datasets//metadata.csv,None,True,,4,,pretrained_models/CUB/erm_95_222.pth,,,,,,
CUB,erm_gdro_frz4_95,333,results/CUB/erm_gdro_frz4_95/model_outputs_333,CUB,confounder,False,spurious,waterbird_complete95,['forest2water2'],0,False,None,None,1.0,../datasets,True,False,0.1,group_dro,0.2,0.0,0.0,False,0.01,1,False,False,False,resnet50,False,301,64,1e-05,False,1.0,0.1,0,333,False,results/CUB/erm_gdro_frz4_95/model_outputs_333,50,50,True,False,1,5,4,0.7,metadata.csv,None,../datasets//metadata.csv,None,True,,4,,pretrained_models/CUB/erm_95_333.pth,,,,,,
CUB,erm_gdro_frz_rst1_50,111,results/CUB/erm_gdro_frz_rst1_50/model_outputs_111,CUB,confounder,False,spurious,waterbird_complete50,['forest2water2'],0,False,None,None,1.0,../datasets,True,False,0.1,group_dro,0.2,0.0,0.0,False,0.01,1,False,False,False,resnet50,False,301,64,1e-05,False,1.0,0.1,0,111,False,results/CUB/erm_gdro_frz_rst1_50/model_outputs_111,50,50,True,False,1,5,4,0.7,metadata.csv,None,../datasets//metadata.csv,None,True,,1,1,pretrained_models/CUB/erm_50_111.pth,,,,,,
CUB,erm_gdro_frz_rst1_50,222,results/CUB/erm_gdro_frz_rst1_50/model_outputs_222,CUB,confounder,False,spurious,waterbird_complete50,['forest2water2'],0,False,None,None,1.0,../datasets,True,False,0.1,group_dro,0.2,0.0,0.0,False,0.01,1,False,False,False,resnet50,False,301,64,1e-05,False,1.0,0.1,0,222,False,results/CUB/erm_gdro_frz_rst1_50/model_outputs_222,50,50,True,False,1,5,4,0.7,metadata.csv,None,../datasets//metadata.csv,None,True,,1,1,pretrained_models/CUB/erm_50_222.pth,,,,,,
CUB,erm_gdro_frz_rst1_50,333,results/CUB/erm_gdro_frz_rst1_50/model_outputs_333,CUB,confounder,False,spurious,waterbird_complete50,['forest2water2'],0,False,None,None,1.0,../datasets,True,False,0.1,group_dro,0.2,0.0,0.0,False,0.01,1,False,False,False,resnet50,False,301,64,1e-05,False,1.0,0.1,0,333,False,results/CUB/erm_gdro_frz_rst1_50/model_outputs_333,50,50,True,False,1,5,4,0.7,metadata.csv,None,../datasets//metadata.csv,None,True,,1,1,pretrained_models/CUB/erm_50_333.pth,,,,,,
CUB,erm_gdro_frz_rst1_625,111,results/CUB/erm_gdro_frz_rst1_625/model_outputs_111,CUB,confounder,False,spurious,waterbird_complete625,['forest2water2'],0,False,None,None,1.0,../datasets,True,False,0.1,group_dro,0.2,0.0,0.0,False,0.01,1,False,False,False,resnet50,False,301,64,1e-05,False,1.0,0.1,0,111,False,results/CUB/erm_gdro_frz_rst1_625/model_outputs_111,50,50,True,False,1,5,4,0.7,metadata.csv,None,../datasets//metadata.csv,None,True,,1,1,pretrained_models/CUB/erm_625_111.pth,,,,,,
CUB,erm_gdro_frz_rst1_625,222,results/CUB/erm_gdro_frz_rst1_625/model_outputs_222,CUB,confounder,False,spurious,waterbird_complete625,['forest2water2'],0,False,None,None,1.0,../datasets,True,False,0.1,group_dro,0.2,0.0,0.0,False,0.01,1,False,False,False,resnet50,False,301,64,1e-05,False,1.0,0.1,0,222,False,results/CUB/erm_gdro_frz_rst1_625/model_outputs_222,50,50,True,False,1,5,4,0.7,metadata.csv,None,../datasets//metadata.csv,None,True,,1,1,pretrained_models/CUB/erm_625_222.pth,,,,,,
CUB,erm_gdro_frz_rst1_625,333,results/CUB/erm_gdro_frz_rst1_625/model_outputs_333,CUB,confounder,False,spurious,waterbird_complete625,['forest2water2'],0,False,None,None,1.0,../datasets,True,False,0.1,group_dro,0.2,0.0,0.0,False,0.01,1,False,False,False,resnet50,False,301,64,1e-05,False,1.0,0.1,0,333,False,results/CUB/erm_gdro_frz_rst1_625/model_outputs_333,50,50,True,False,1,5,4,0.7,metadata.csv,None,../datasets//metadata.csv,None,True,,1,1,pretrained_models/CUB/erm_625_333.pth,,,,,,
CUB,erm_gdro_frz_rst1_75,111,results/CUB/erm_gdro_frz_rst1_75/model_outputs_111,CUB,confounder,False,spurious,waterbird_complete75,['forest2water2'],0,False,None,None,1.0,../datasets,True,False,0.1,group_dro,0.2,0.0,0.0,False,0.01,1,False,False,False,resnet50,False,301,64,1e-05,False,1.0,0.1,0,111,False,results/CUB/erm_gdro_frz_rst1_75/model_outputs_111,50,50,True,False,1,5,4,0.7,metadata.csv,None,../datasets//metadata.csv,None,True,,1,1,pretrained_models/CUB/erm_75_111.pth,,,,,,
CUB,erm_gdro_frz_rst1_75,222,results/CUB/erm_gdro_frz_rst1_75/model_outputs_222,CUB,confounder,False,spurious,waterbird_complete75,['forest2water2'],0,False,None,None,1.0,../datasets,True,False,0.1,group_dro,0.2,0.0,0.0,False,0.01,1,False,False,False,resnet50,False,301,64,1e-05,False,1.0,0.1,0,222,False,results/CUB/erm_gdro_frz_rst1_75/model_outputs_222,50,50,True,False,1,5,4,0.7,metadata.csv,None,../datasets//metadata.csv,None,True,,1,1,pretrained_models/CUB/erm_75_222.pth,,,,,,
CUB,erm_gdro_frz_rst1_75,333,results/CUB/erm_gdro_frz_rst1_75/model_outputs_333,CUB,confounder,False,spurious,waterbird_complete75,['forest2water2'],0,False,None,None,1.0,../datasets,True,False,0.1,group_dro,0.2,0.0,0.0,False,0.01,1,False,False,False,resnet50,False,301,64,1e-05,False,1.0,0.1,0,333,False,results/CUB/erm_gdro_frz_rst1_75/model_outputs_333,50,50,True,False,1,5,4,0.7,metadata.csv,None,../datasets//metadata.csv,None,True,,1,1,pretrained_models/CUB/erm_75_333.pth,,,,,,
CUB,erm_gdro_frz_rst1_875,111,results/CUB/erm_gdro_frz_rst1_875/model_outputs_111,CUB,confounder,False,spurious,waterbird_complete875,['forest2water2'],0,False,None,None,1.0,../datasets,True,False,0.1,group_dro,0.2,0.0,0.0,False,0.01,1,False,False,False,resnet50,False,301,64,1e-05,False,1.0,0.1,0,111,False,results/CUB/erm_gdro_frz_rst1_875/model_outputs_111,50,50,True,False,1,5,4,0.7,metadata.csv,None,../datasets//metadata.csv,None,True,,1,1,pretrained_models/CUB/erm_875_111.pth,,,,,,
CUB,erm_gdro_frz_rst1_875,222,results/CUB/erm_gdro_frz_rst1_875/model_outputs_222,CUB,confounder,False,spurious,waterbird_complete875,['forest2water2'],0,False,None,None,1.0,../datasets,True,False,0.1,group_dro,0.2,0.0,0.0,False,0.01,1,False,False,False,resnet50,False,301,64,1e-05,False,1.0,0.1,0,222,False,results/CUB/erm_gdro_frz_rst1_875/model_outputs_222,50,50,True,False,1,5,4,0.7,metadata.csv,None,../datasets//metadata.csv,None,True,,1,1,pretrained_models/CUB/erm_875_222.pth,,,,,,
CUB,erm_gdro_frz_rst1_875,333,results/CUB/erm_gdro_frz_rst1_875/model_outputs_333,CUB,confounder,False,spurious,waterbird_complete875,['forest2water2'],0,False,None,None,1.0,../datasets,True,False,0.1,group_dro,0.2,0.0,0.0,False,0.01,1,False,False,False,resnet50,False,301,64,1e-05,False,1.0,0.1,0,333,False,results/CUB/erm_gdro_frz_rst1_875/model_outputs_333,50,50,True,False,1,5,4,0.7,metadata.csv,None,../datasets//metadata.csv,None,True,,1,1,pretrained_models/CUB/erm_875_333.pth,,,,,,
CUB,erm_gdro_frz_rst1_95,111,results/CUB/erm_gdro_frz_rst1_95/model_outputs_111,CUB,confounder,False,spurious,waterbird_complete95,['forest2water2'],0,False,None,None,1.0,../datasets,True,False,0.1,group_dro,0.2,0.0,0.0,False,0.01,1,False,False,False,resnet50,False,301,64,1e-05,False,1.0,0.1,0,111,False,results/CUB/erm_gdro_frz_rst1_95/model_outputs_111,50,50,True,False,1,5,4,0.7,metadata.csv,None,../datasets//metadata.csv,None,True,,1,1,pretrained_models/CUB/erm_95_111.pth,,,,,,
CUB,erm_gdro_frz_rst1_95,222,results/CUB/erm_gdro_frz_rst1_95/model_outputs_222,CUB,confounder,False,spurious,waterbird_complete95,['forest2water2'],0,False,None,None,1.0,../datasets,True,False,0.1,group_dro,0.2,0.0,0.0,False,0.01,1,False,False,False,resnet50,False,301,64,1e-05,False,1.0,0.1,0,222,False,results/CUB/erm_gdro_frz_rst1_95/model_outputs_222,50,50,True,False,1,5,4,0.7,metadata.csv,None,../datasets//metadata.csv,None,True,,1,1,pretrained_models/CUB/erm_95_222.pth,,,,,,
CUB,erm_gdro_frz_rst1_95,333,results/CUB/erm_gdro_frz_rst1_95/model_outputs_333,CUB,confounder,False,spurious,waterbird_complete95,['forest2water2'],0,False,None,None,1.0,../datasets,True,False,0.1,group_dro,0.2,0.0,0.0,False,0.01,1,False,False,False,resnet50,False,301,64,1e-05,False,1.0,0.1,0,333,False,results/CUB/erm_gdro_frz_rst1_95/model_outputs_333,50,50,True,False,1,5,4,0.7,metadata.csv,None,../datasets//metadata.csv,None,True,,1,1,pretrained_models/CUB/erm_95_333.pth,,,,,,
CUB,erm_gdro_frz_rst2_50,111,results/CUB/erm_gdro_frz_rst2_50/model_outputs_111,CUB,confounder,False,spurious,waterbird_complete50,['forest2water2'],0,False,None,None,1.0,../datasets,True,False,0.1,group_dro,0.2,0.0,0.0,False,0.01,1,False,False,False,resnet50,False,301,64,1e-05,False,1.0,0.1,0,111,False,results/CUB/erm_gdro_frz_rst2_50/model_outputs_111,50,50,True,False,1,5,4,0.7,metadata.csv,None,../datasets//metadata.csv,None,True,,2,2,pretrained_models/CUB/erm_50_111.pth,,,,,,
CUB,erm_gdro_frz_rst2_50,222,results/CUB/erm_gdro_frz_rst2_50/model_outputs_222,CUB,confounder,False,spurious,waterbird_complete50,['forest2water2'],0,False,None,None,1.0,../datasets,True,False,0.1,group_dro,0.2,0.0,0.0,False,0.01,1,False,False,False,resnet50,False,301,64,1e-05,False,1.0,0.1,0,222,False,results/CUB/erm_gdro_frz_rst2_50/model_outputs_222,50,50,True,False,1,5,4,0.7,metadata.csv,None,../datasets//metadata.csv,None,True,,2,2,pretrained_models/CUB/erm_50_222.pth,,,,,,
CUB,erm_gdro_frz_rst2_50,333,results/CUB/erm_gdro_frz_rst2_50/model_outputs_333,CUB,confounder,False,spurious,waterbird_complete50,['forest2water2'],0,False,None,None,1.0,../datasets,True,False,0.1,group_dro,0.2,0.0,0.0,False,0.01,1,False,False,False,resnet50,False,301,64,1e-05,False,1.0,0.1,0,333,False,results/CUB/erm_gdro_frz_rst2_50/model_outputs_333,50,50,True,False,1,5,4,0.7,metadata.csv,None,../datasets//metadata.csv,None,True,,2,2,pretrained_models/CUB/erm_50_333.pth,,,,,,
CUB,erm_gdro_frz_rst2_625,111,results/CUB/erm_gdro_frz_rst2_625/model_outputs_111,CUB,confounder,False,spurious,waterbird_complete625,['forest2water2'],0,False,None,None,1.0,../datasets,True,False,0.1,group_dro,0.2,0.0,0.0,False,0.01,1,False,False,False,resnet50,False,301,64,1e-05,False,1.0,0.1,0,111,False,results/CUB/erm_gdro_frz_rst2_625/model_outputs_111,50,50,True,False,1,5,4,0.7,metadata.csv,None,../datasets//metadata.csv,None,True,,2,2,pretrained_models/CUB/erm_625_111.pth,,,,,,
CUB,erm_gdro_frz_rst2_625,222,results/CUB/erm_gdro_frz_rst2_625/model_outputs_222,CUB,confounder,False,spurious,waterbird_complete625,['forest2water2'],0,False,None,None,1.0,../datasets,True,False,0.1,group_dro,0.2,0.0,0.0,False,0.01,1,False,False,False,resnet50,False,301,64,1e-05,False,1.0,0.1,0,222,False,results/CUB/erm_gdro_frz_rst2_625/model_outputs_222,50,50,True,False,1,5,4,0.7,metadata.csv,None,../datasets//metadata.csv,None,True,,2,2,pretrained_models/CUB/erm_625_222.pth,,,,,,
CUB,erm_gdro_frz_rst2_625,333,results/CUB/erm_gdro_frz_rst2_625/model_outputs_333,CUB,confounder,False,spurious,waterbird_complete625,['forest2water2'],0,False,None,None,1.0,../datasets,True,False,0.1,group_dro,0.2,0.0,0.0,False,0.01,1,False,False,False,resnet50,False,301,64,1e-05,False,1.0,0.1,0,333,False,results/CUB/erm_gdro_frz_rst2_625/model_outputs_333,50,50,True,False,1,5,4,0.7,metadata.csv,None,../datasets//metadata.csv,None,True,,2,2,pretrained_models/CUB/erm_625_333.pth,,,,,,
CUB,erm_gdro_frz_rst2_75,111,results/CUB/erm_gdro_frz_rst2_75/model_outputs_111,CUB,confounder,False,spurious,waterbird_complete75,['forest2water2'],0,False,None,None,1.0,../datasets,True,False,0.1,group_dro,0.2,0.0,0.0,False,0.01,1,False,False,False,resnet50,False,301,64,1e-05,False,1.0,0.1,0,111,False,results/CUB/erm_gdro_frz_rst2_75/model_outputs_111,50,50,True,False,1,5,4,0.7,metadata.csv,None,../datasets//metadata.csv,None,True,,2,2,pretrained_models/CUB/erm_75_111.pth,,,,,,
CUB,erm_gdro_frz_rst2_75,222,results/CUB/erm_gdro_frz_rst2_75/model_outputs_222,CUB,confounder,False,spurious,waterbird_complete75,['forest2water2'],0,False,None,None,1.0,../datasets,True,False,0.1,group_dro,0.2,0.0,0.0,False,0.01,1,False,False,False,resnet50,False,301,64,1e-05,False,1.0,0.1,0,222,False,results/CUB/erm_gdro_frz_rst2_75/model_outputs_222,50,50,True,False,1,5,4,0.7,metadata.csv,None,../datasets//metadata.csv,None,True,,2,2,pretrained_models/CUB/erm_75_222.pth,,,,,,
CUB,erm_gdro_frz_rst2_75,333,results/CUB/erm_gdro_frz_rst2_75/model_outputs_333,CUB,confounder,False,spurious,waterbird_complete75,['forest2water2'],0,False,None,None,1.0,../datasets,True,False,0.1,group_dro,0.2,0.0,0.0,False,0.01,1,False,False,False,resnet50,False,301,64,1e-05,False,1.0,0.1,0,333,False,results/CUB/erm_gdro_frz_rst2_75/model_outputs_333,50,50,True,False,1,5,4,0.7,metadata.csv,None,../datasets//metadata.csv,None,True,,2,2,pretrained_models/CUB/erm_75_333.pth,,,,,,
CUB,erm_gdro_frz_rst2_875,111,results/CUB/erm_gdro_frz_rst2_875/model_outputs_111,CUB,confounder,False,spurious,waterbird_complete875,['forest2water2'],0,False,None,None,1.0,../datasets,True,False,0.1,group_dro,0.2,0.0,0.0,False,0.01,1,False,False,False,resnet50,False,301,64,1e-05,False,1.0,0.1,0,111,False,results/CUB/erm_gdro_frz_rst2_875/model_outputs_111,50,50,True,False,1,5,4,0.7,metadata.csv,None,../datasets//metadata.csv,None,True,,2,2,pretrained_models/CUB/erm_875_111.pth,,,,,,
CUB,erm_gdro_frz_rst2_875,222,results/CUB/erm_gdro_frz_rst2_875/model_outputs_222,CUB,confounder,False,spurious,waterbird_complete875,['forest2water2'],0,False,None,None,1.0,../datasets,True,False,0.1,group_dro,0.2,0.0,0.0,False,0.01,1,False,False,False,resnet50,False,301,64,1e-05,False,1.0,0.1,0,222,False,results/CUB/erm_gdro_frz_rst2_875/model_outputs_222,50,50,True,False,1,5,4,0.7,metadata.csv,None,../datasets//metadata.csv,None,True,,2,2,pretrained_models/CUB/erm_875_222.pth,,,,,,
CUB,erm_gdro_frz_rst2_875,333,results/CUB/erm_gdro_frz_rst2_875/model_outputs_333,CUB,confounder,False,spurious,waterbird_complete875,['forest2water2'],0,False,None,None,1.0,../datasets,True,False,0.1,group_dro,0.2,0.0,0.0,False,0.01,1,False,False,False,resnet50,False,301,64,1e-05,False,1.0,0.1,0,333,False,results/CUB/erm_gdro_frz_rst2_875/model_outputs_333,50,50,True,False,1,5,4,0.7,metadata.csv,None,../datasets//metadata.csv,None,True,,2,2,pretrained_models/CUB/erm_875_333.pth,,,,,,
CUB,erm_gdro_frz_rst2_95,111,results/CUB/erm_gdro_frz_rst2_95/model_outputs_111,CUB,confounder,False,spurious,waterbird_complete95,['forest2water2'],0,False,None,None,1.0,../datasets,True,False,0.1,group_dro,0.2,0.0,0.0,False,0.01,1,False,False,False,resnet50,False,301,64,1e-05,False,1.0,0.1,0,111,False,results/CUB/erm_gdro_frz_rst2_95/model_outputs_111,50,50,True,False,1,5,4,0.7,metadata.csv,None,../datasets//metadata.csv,None,True,,2,2,pretrained_models/CUB/erm_95_111.pth,,,,,,
CUB,erm_gdro_frz_rst2_95,222,results/CUB/erm_gdro_frz_rst2_95/model_outputs_222,CUB,confounder,False,spurious,waterbird_complete95,['forest2water2'],0,False,None,None,1.0,../datasets,True,False,0.1,group_dro,0.2,0.0,0.0,False,0.01,1,False,False,False,resnet50,False,301,64,1e-05,False,1.0,0.1,0,222,False,results/CUB/erm_gdro_frz_rst2_95/model_outputs_222,50,50,True,False,1,5,4,0.7,metadata.csv,None,../datasets//metadata.csv,None,True,,2,2,pretrained_models/CUB/erm_95_222.pth,,,,,,
CUB,erm_gdro_frz_rst2_95,333,results/CUB/erm_gdro_frz_rst2_95/model_outputs_333,CUB,confounder,False,spurious,waterbird_complete95,['forest2water2'],0,False,None,None,1.0,../datasets,True,False,0.1,group_dro,0.2,0.0,0.0,False,0.01,1,False,False,False,resnet50,False,301,64,1e-05,False,1.0,0.1,0,333,False,results/CUB/erm_gdro_frz_rst2_95/model_outputs_333,50,50,True,False,1,5,4,0.7,metadata.csv,None,../datasets//metadata.csv,None,True,,2,2,pretrained_models/CUB/erm_95_333.pth,,,,,,
CUB,erm_gdro_frz_rst3_50,111,results/CUB/erm_gdro_frz_rst3_50/model_outputs_111,CUB,confounder,False,spurious,waterbird_complete50,['forest2water2'],0,False,None,None,1.0,../datasets,True,False,0.1,group_dro,0.2,0.0,0.0,False,0.01,1,False,False,False,resnet50,False,301,64,1e-05,False,1.0,0.1,0,111,False,results/CUB/erm_gdro_frz_rst3_50/model_outputs_111,50,50,True,False,1,5,4,0.7,metadata.csv,None,../datasets//metadata.csv,None,True,,3,3,pretrained_models/CUB/erm_50_111.pth,,,,,,
CUB,erm_gdro_frz_rst3_50,222,results/CUB/erm_gdro_frz_rst3_50/model_outputs_222,CUB,confounder,False,spurious,waterbird_complete50,['forest2water2'],0,False,None,None,1.0,../datasets,True,False,0.1,group_dro,0.2,0.0,0.0,False,0.01,1,False,False,False,resnet50,False,301,64,1e-05,False,1.0,0.1,0,222,False,results/CUB/erm_gdro_frz_rst3_50/model_outputs_222,50,50,True,False,1,5,4,0.7,metadata.csv,None,../datasets//metadata.csv,None,True,,3,3,pretrained_models/CUB/erm_50_222.pth,,,,,,
CUB,erm_gdro_frz_rst3_50,333,results/CUB/erm_gdro_frz_rst3_50/model_outputs_333,CUB,confounder,False,spurious,waterbird_complete50,['forest2water2'],0,False,None,None,1.0,../datasets,True,False,0.1,group_dro,0.2,0.0,0.0,False,0.01,1,False,False,False,resnet50,False,301,64,1e-05,False,1.0,0.1,0,333,False,results/CUB/erm_gdro_frz_rst3_50/model_outputs_333,50,50,True,False,1,5,4,0.7,metadata.csv,None,../datasets//metadata.csv,None,True,,3,3,pretrained_models/CUB/erm_50_333.pth,,,,,,
CUB,erm_gdro_frz_rst3_625,111,results/CUB/erm_gdro_frz_rst3_625/model_outputs_111,CUB,confounder,False,spurious,waterbird_complete625,['forest2water2'],0,False,None,None,1.0,../datasets,True,False,0.1,group_dro,0.2,0.0,0.0,False,0.01,1,False,False,False,resnet50,False,301,64,1e-05,False,1.0,0.1,0,111,False,results/CUB/erm_gdro_frz_rst3_625/model_outputs_111,50,50,True,False,1,5,4,0.7,metadata.csv,None,../datasets//metadata.csv,None,True,,3,3,pretrained_models/CUB/erm_625_111.pth,,,,,,
CUB,erm_gdro_frz_rst3_625,222,results/CUB/erm_gdro_frz_rst3_625/model_outputs_222,CUB,confounder,False,spurious,waterbird_complete625,['forest2water2'],0,False,None,None,1.0,../datasets,True,False,0.1,group_dro,0.2,0.0,0.0,False,0.01,1,False,False,False,resnet50,False,301,64,1e-05,False,1.0,0.1,0,222,False,results/CUB/erm_gdro_frz_rst3_625/model_outputs_222,50,50,True,False,1,5,4,0.7,metadata.csv,None,../datasets//metadata.csv,None,True,,3,3,pretrained_models/CUB/erm_625_222.pth,,,,,,
CUB,erm_gdro_frz_rst3_625,333,results/CUB/erm_gdro_frz_rst3_625/model_outputs_333,CUB,confounder,False,spurious,waterbird_complete625,['forest2water2'],0,False,None,None,1.0,../datasets,True,False,0.1,group_dro,0.2,0.0,0.0,False,0.01,1,False,False,False,resnet50,False,301,64,1e-05,False,1.0,0.1,0,333,False,results/CUB/erm_gdro_frz_rst3_625/model_outputs_333,50,50,True,False,1,5,4,0.7,metadata.csv,None,../datasets//metadata.csv,None,True,,3,3,pretrained_models/CUB/erm_625_333.pth,,,,,,
CUB,erm_gdro_frz_rst3_75,111,results/CUB/erm_gdro_frz_rst3_75/model_outputs_111,CUB,confounder,False,spurious,waterbird_complete75,['forest2water2'],0,False,None,None,1.0,../datasets,True,False,0.1,group_dro,0.2,0.0,0.0,False,0.01,1,False,False,False,resnet50,False,301,64,1e-05,False,1.0,0.1,0,111,False,results/CUB/erm_gdro_frz_rst3_75/model_outputs_111,50,50,True,False,1,5,4,0.7,metadata.csv,None,../datasets//metadata.csv,None,True,,3,3,pretrained_models/CUB/erm_75_111.pth,,,,,,
CUB,erm_gdro_frz_rst3_75,222,results/CUB/erm_gdro_frz_rst3_75/model_outputs_222,CUB,confounder,False,spurious,waterbird_complete75,['forest2water2'],0,False,None,None,1.0,../datasets,True,False,0.1,group_dro,0.2,0.0,0.0,False,0.01,1,False,False,False,resnet50,False,301,64,1e-05,False,1.0,0.1,0,222,False,results/CUB/erm_gdro_frz_rst3_75/model_outputs_222,50,50,True,False,1,5,4,0.7,metadata.csv,None,../datasets//metadata.csv,None,True,,3,3,pretrained_models/CUB/erm_75_222.pth,,,,,,
CUB,erm_gdro_frz_rst3_75,333,results/CUB/erm_gdro_frz_rst3_75/model_outputs_333,CUB,confounder,False,spurious,waterbird_complete75,['forest2water2'],0,False,None,None,1.0,../datasets,True,False,0.1,group_dro,0.2,0.0,0.0,False,0.01,1,False,False,False,resnet50,False,301,64,1e-05,False,1.0,0.1,0,333,False,results/CUB/erm_gdro_frz_rst3_75/model_outputs_333,50,50,True,False,1,5,4,0.7,metadata.csv,None,../datasets//metadata.csv,None,True,,3,3,pretrained_models/CUB/erm_75_333.pth,,,,,,
CUB,erm_gdro_frz_rst3_875,111,results/CUB/erm_gdro_frz_rst3_875/model_outputs_111,CUB,confounder,False,spurious,waterbird_complete875,['forest2water2'],0,False,None,None,1.0,../datasets,True,False,0.1,group_dro,0.2,0.0,0.0,False,0.01,1,False,False,False,resnet50,False,301,64,1e-05,False,1.0,0.1,0,111,False,results/CUB/erm_gdro_frz_rst3_875/model_outputs_111,50,50,True,False,1,5,4,0.7,metadata.csv,None,../datasets//metadata.csv,None,True,,3,3,pretrained_models/CUB/erm_875_111.pth,,,,,,
CUB,erm_gdro_frz_rst3_875,222,results/CUB/erm_gdro_frz_rst3_875/model_outputs_222,CUB,confounder,False,spurious,waterbird_complete875,['forest2water2'],0,False,None,None,1.0,../datasets,True,False,0.1,group_dro,0.2,0.0,0.0,False,0.01,1,False,False,False,resnet50,False,301,64,1e-05,False,1.0,0.1,0,222,False,results/CUB/erm_gdro_frz_rst3_875/model_outputs_222,50,50,True,False,1,5,4,0.7,metadata.csv,None,../datasets//metadata.csv,None,True,,3,3,pretrained_models/CUB/erm_875_222.pth,,,,,,
CUB,erm_gdro_frz_rst3_875,333,results/CUB/erm_gdro_frz_rst3_875/model_outputs_333,CUB,confounder,False,spurious,waterbird_complete875,['forest2water2'],0,False,None,None,1.0,../datasets,True,False,0.1,group_dro,0.2,0.0,0.0,False,0.01,1,False,False,False,resnet50,False,301,64,1e-05,False,1.0,0.1,0,333,False,results/CUB/erm_gdro_frz_rst3_875/model_outputs_333,50,50,True,False,1,5,4,0.7,metadata.csv,None,../datasets//metadata.csv,None,True,,3,3,pretrained_models/CUB/erm_875_333.pth,,,,,,
CUB,erm_gdro_frz_rst3_95,111,results/CUB/erm_gdro_frz_rst3_95/model_outputs_111,CUB,confounder,False,spurious,waterbird_complete95,['forest2water2'],0,False,None,None,1.0,../datasets,True,False,0.1,group_dro,0.2,0.0,0.0,False,0.01,1,False,False,False,resnet50,False,301,64,1e-05,False,1.0,0.1,0,111,False,results/CUB/erm_gdro_frz_rst3_95/model_outputs_111,50,50,True,False,1,5,4,0.7,metadata.csv,None,../datasets//metadata.csv,None,True,,3,3,pretrained_models/CUB/erm_95_111.pth,,,,,,
CUB,erm_gdro_frz_rst3_95,222,results/CUB/erm_gdro_frz_rst3_95/model_outputs_222,CUB,confounder,False,spurious,waterbird_complete95,['forest2water2'],0,False,None,None,1.0,../datasets,True,False,0.1,group_dro,0.2,0.0,0.0,False,0.01,1,False,False,False,resnet50,False,301,64,1e-05,False,1.0,0.1,0,222,False,results/CUB/erm_gdro_frz_rst3_95/model_outputs_222,50,50,True,False,1,5,4,0.7,metadata.csv,None,../datasets//metadata.csv,None,True,,3,3,pretrained_models/CUB/erm_95_222.pth,,,,,,
CUB,erm_gdro_frz_rst3_95,333,results/CUB/erm_gdro_frz_rst3_95/model_outputs_333,CUB,confounder,False,spurious,waterbird_complete95,['forest2water2'],0,False,None,None,1.0,../datasets,True,False,0.1,group_dro,0.2,0.0,0.0,False,0.01,1,False,False,False,resnet50,False,301,64,1e-05,False,1.0,0.1,0,333,False,results/CUB/erm_gdro_frz_rst3_95/model_outputs_333,50,50,True,False,1,5,4,0.7,metadata.csv,None,../datasets//metadata.csv,None,True,,3,3,pretrained_models/CUB/erm_95_333.pth,,,,,,
CUB,erm_gdro_frz_rst4_50,111,results/CUB/erm_gdro_frz_rst4_50/model_outputs_111,CUB,confounder,False,spurious,waterbird_complete50,['forest2water2'],0,False,None,None,1.0,../datasets,True,False,0.1,group_dro,0.2,0.0,0.0,False,0.01,1,False,False,False,resnet50,False,301,64,1e-05,False,1.0,0.1,0,111,False,results/CUB/erm_gdro_frz_rst4_50/model_outputs_111,50,50,True,False,1,5,4,0.7,metadata.csv,None,../datasets//metadata.csv,None,True,,4,4,pretrained_models/CUB/erm_50_111.pth,,,,,,
CUB,erm_gdro_frz_rst4_50,222,results/CUB/erm_gdro_frz_rst4_50/model_outputs_222,CUB,confounder,False,spurious,waterbird_complete50,['forest2water2'],0,False,None,None,1.0,../datasets,True,False,0.1,group_dro,0.2,0.0,0.0,False,0.01,1,False,False,False,resnet50,False,301,64,1e-05,False,1.0,0.1,0,222,False,results/CUB/erm_gdro_frz_rst4_50/model_outputs_222,50,50,True,False,1,5,4,0.7,metadata.csv,None,../datasets//metadata.csv,None,True,,4,4,pretrained_models/CUB/erm_50_222.pth,,,,,,
CUB,erm_gdro_frz_rst4_50,333,results/CUB/erm_gdro_frz_rst4_50/model_outputs_333,CUB,confounder,False,spurious,waterbird_complete50,['forest2water2'],0,False,None,None,1.0,../datasets,True,False,0.1,group_dro,0.2,0.0,0.0,False,0.01,1,False,False,False,resnet50,False,301,64,1e-05,False,1.0,0.1,0,333,False,results/CUB/erm_gdro_frz_rst4_50/model_outputs_333,50,50,True,False,1,5,4,0.7,metadata.csv,None,../datasets//metadata.csv,None,True,,4,4,pretrained_models/CUB/erm_50_333.pth,,,,,,
CUB,erm_gdro_frz_rst4_625,111,results/CUB/erm_gdro_frz_rst4_625/model_outputs_111,CUB,confounder,False,spurious,waterbird_complete625,['forest2water2'],0,False,None,None,1.0,../datasets,True,False,0.1,group_dro,0.2,0.0,0.0,False,0.01,1,False,False,False,resnet50,False,301,64,1e-05,False,1.0,0.1,0,111,False,results/CUB/erm_gdro_frz_rst4_625/model_outputs_111,50,50,True,False,1,5,4,0.7,metadata.csv,None,../datasets//metadata.csv,None,True,,4,4,pretrained_models/CUB/erm_625_111.pth,,,,,,
CUB,erm_gdro_frz_rst4_625,222,results/CUB/erm_gdro_frz_rst4_625/model_outputs_222,CUB,confounder,False,spurious,waterbird_complete625,['forest2water2'],0,False,None,None,1.0,../datasets,True,False,0.1,group_dro,0.2,0.0,0.0,False,0.01,1,False,False,False,resnet50,False,301,64,1e-05,False,1.0,0.1,0,222,False,results/CUB/erm_gdro_frz_rst4_625/model_outputs_222,50,50,True,False,1,5,4,0.7,metadata.csv,None,../datasets//metadata.csv,None,True,,4,4,pretrained_models/CUB/erm_625_222.pth,,,,,,
CUB,erm_gdro_frz_rst4_625,333,results/CUB/erm_gdro_frz_rst4_625/model_outputs_333,CUB,confounder,False,spurious,waterbird_complete625,['forest2water2'],0,False,None,None,1.0,../datasets,True,False,0.1,group_dro,0.2,0.0,0.0,False,0.01,1,False,False,False,resnet50,False,301,64,1e-05,False,1.0,0.1,0,333,False,results/CUB/erm_gdro_frz_rst4_625/model_outputs_333,50,50,True,False,1,5,4,0.7,metadata.csv,None,../datasets//metadata.csv,None,True,,4,4,pretrained_models/CUB/erm_625_333.pth,,,,,,
CUB,erm_gdro_frz_rst4_75,111,results/CUB/erm_gdro_frz_rst4_75/model_outputs_111,CUB,confounder,False,spurious,waterbird_complete75,['forest2water2'],0,False,None,None,1.0,../datasets,True,False,0.1,group_dro,0.2,0.0,0.0,False,0.01,1,False,False,False,resnet50,False,301,64,1e-05,False,1.0,0.1,0,111,False,results/CUB/erm_gdro_frz_rst4_75/model_outputs_111,50,50,True,False,1,5,4,0.7,metadata.csv,None,../datasets//metadata.csv,None,True,,4,4,pretrained_models/CUB/erm_75_111.pth,,,,,,
CUB,erm_gdro_frz_rst4_75,222,results/CUB/erm_gdro_frz_rst4_75/model_outputs_222,CUB,confounder,False,spurious,waterbird_complete75,['forest2water2'],0,False,None,None,1.0,../datasets,True,False,0.1,group_dro,0.2,0.0,0.0,False,0.01,1,False,False,False,resnet50,False,301,64,1e-05,False,1.0,0.1,0,222,False,results/CUB/erm_gdro_frz_rst4_75/model_outputs_222,50,50,True,False,1,5,4,0.7,metadata.csv,None,../datasets//metadata.csv,None,True,,4,4,pretrained_models/CUB/erm_75_222.pth,,,,,,
CUB,erm_gdro_frz_rst4_75,333,results/CUB/erm_gdro_frz_rst4_75/model_outputs_333,CUB,confounder,False,spurious,waterbird_complete75,['forest2water2'],0,False,None,None,1.0,../datasets,True,False,0.1,group_dro,0.2,0.0,0.0,False,0.01,1,False,False,False,resnet50,False,301,64,1e-05,False,1.0,0.1,0,333,False,results/CUB/erm_gdro_frz_rst4_75/model_outputs_333,50,50,True,False,1,5,4,0.7,metadata.csv,None,../datasets//metadata.csv,None,True,,4,4,pretrained_models/CUB/erm_75_333.pth,,,,,,
CUB,erm_gdro_frz_rst4_875,111,results/CUB/erm_gdro_frz_rst4_875/model_outputs_111,CUB,confounder,False,spurious,waterbird_complete875,['forest2water2'],0,False,None,None,1.0,../datasets,True,False,0.1,group_dro,0.2,0.0,0.0,False,0.01,1,False,False,False,resnet50,False,301,64,1e-05,False,1.0,0.1,0,111,False,results/CUB/erm_gdro_frz_rst4_875/model_outputs_111,50,50,True,False,1,5,4,0.7,metadata.csv,None,../datasets//metadata.csv,None,True,,4,4,pretrained_models/CUB/erm_875_111.pth,,,,,,
CUB,erm_gdro_frz_rst4_875,222,results/CUB/erm_gdro_frz_rst4_875/model_outputs_222,CUB,confounder,False,spurious,waterbird_complete875,['forest2water2'],0,False,None,None,1.0,../datasets,True,False,0.1,group_dro,0.2,0.0,0.0,False,0.01,1,False,False,False,resnet50,False,301,64,1e-05,False,1.0,0.1,0,222,False,results/CUB/erm_gdro_frz_rst4_875/model_outputs_222,50,50,True,False,1,5,4,0.7,metadata.csv,None,../datasets//metadata.csv,None,True,,4,4,pretrained_models/CUB/erm_875_222.pth,,,,,,
CUB,erm_gdro_frz_rst4_875,333,results/CUB/erm_gdro_frz_rst4_875/model_outputs_333,CUB,confounder,False,spurious,waterbird_complete875,['forest2water2'],0,False,None,None,1.0,../datasets,True,False,0.1,group_dro,0.2,0.0,0.0,False,0.01,1,False,False,False,resnet50,False,301,64,1e-05,False,1.0,0.1,0,333,False,results/CUB/erm_gdro_frz_rst4_875/model_outputs_333,50,50,True,False,1,5,4,0.7,metadata.csv,None,../datasets//metadata.csv,None,True,,4,4,pretrained_models/CUB/erm_875_333.pth,,,,,,
CUB,erm_gdro_frz_rst4_95,111,results/CUB/erm_gdro_frz_rst4_95/model_outputs_111,CUB,confounder,False,spurious,waterbird_complete95,['forest2water2'],0,False,None,None,1.0,../datasets,True,False,0.1,group_dro,0.2,0.0,0.0,False,0.01,1,False,False,False,resnet50,False,301,64,1e-05,False,1.0,0.1,0,111,False,results/CUB/erm_gdro_frz_rst4_95/model_outputs_111,50,50,True,False,1,5,4,0.7,metadata.csv,None,../datasets//metadata.csv,None,True,,4,4,pretrained_models/CUB/erm_95_111.pth,,,,,,
CUB,erm_gdro_frz_rst4_95,222,results/CUB/erm_gdro_frz_rst4_95/model_outputs_222,CUB,confounder,False,spurious,waterbird_complete95,['forest2water2'],0,False,None,None,1.0,../datasets,True,False,0.1,group_dro,0.2,0.0,0.0,False,0.01,1,False,False,False,resnet50,False,301,64,1e-05,False,1.0,0.1,0,222,False,results/CUB/erm_gdro_frz_rst4_95/model_outputs_222,50,50,True,False,1,5,4,0.7,metadata.csv,None,../datasets//metadata.csv,None,True,,4,4,pretrained_models/CUB/erm_95_222.pth,,,,,,
CUB,erm_gdro_frz_rst4_95,333,results/CUB/erm_gdro_frz_rst4_95/model_outputs_333,CUB,confounder,False,spurious,waterbird_complete95,['forest2water2'],0,False,None,None,1.0,../datasets,True,False,0.1,group_dro,0.2,0.0,0.0,False,0.01,1,False,False,False,resnet50,False,301,64,1e-05,False,1.0,0.1,0,333,False,results/CUB/erm_gdro_frz_rst4_95/model_outputs_333,50,50,True,False,1,5,4,0.7,metadata.csv,None,../datasets//metadata.csv,None,True,,4,4,pretrained_models/CUB/erm_95_333.pth,,,,,,
CUB,erm_jtt_625,111,results/CUB/erm_jtt_625/model_outputs_111,CUB,confounder,False,spurious,waterbird_complete625,['forest2water2'],0,False,None,None,1.0,../datasets,False,False,0.1,erm,0.2,0.0,0.0,False,0.01,1,False,False,False,resnet50,False,61,64,0.0001,False,0.0001,0.1,0,111,False,results/CUB/erm_jtt_625/model_outputs_111,50,10,True,False,1,5,4,0.7,metadata.csv,None,../datasets//metadata.csv,None,False,False,0,0,,0.0,1,False,,,
CUB,erm_jtt_625,222,results/CUB/erm_jtt_625/model_outputs_222,CUB,confounder,False,spurious,waterbird_complete625,['forest2water2'],0,False,None,None,1.0,../datasets,False,False,0.1,erm,0.2,0.0,0.0,False,0.01,1,False,False,False,resnet50,False,61,64,0.0001,False,0.0001,0.1,0,222,False,results/CUB/erm_jtt_625/model_outputs_222,50,10,True,False,1,5,4,0.7,metadata.csv,None,../datasets//metadata.csv,None,False,False,0,0,,0.0,1,False,,,
CUB,erm_jtt_625,333,results/CUB/erm_jtt_625/model_outputs_333,CUB,confounder,False,spurious,waterbird_complete625,['forest2water2'],0,False,None,None,1.0,../datasets,False,False,0.1,erm,0.2,0.0,0.0,False,0.01,1,False,False,False,resnet50,False,61,64,0.0001,False,0.0001,0.1,0,333,False,results/CUB/erm_jtt_625/model_outputs_333,50,10,True,False,1,5,4,0.7,metadata.csv,None,../datasets//metadata.csv,None,False,False,0,0,,0.0,1,False,,,
CUB,erm_jtt_75,111,results/CUB/erm_jtt_75/model_outputs_111,CUB,confounder,False,spurious,waterbird_complete75,['forest2water2'],0,False,None,None,1.0,../datasets,False,False,0.1,erm,0.2,0.0,0.0,False,0.01,1,False,False,False,resnet50,False,61,64,0.0001,False,0.0001,0.1,0,111,False,results/CUB/erm_jtt_75/model_outputs_111,50,10,True,False,1,5,4,0.7,metadata.csv,None,../datasets//metadata.csv,None,False,False,0,0,,0.0,1,False,,,
CUB,erm_jtt_75,222,results/CUB/erm_jtt_75/model_outputs_222,CUB,confounder,False,spurious,waterbird_complete75,['forest2water2'],0,False,None,None,1.0,../datasets,False,False,0.1,erm,0.2,0.0,0.0,False,0.01,1,False,False,False,resnet50,False,61,64,0.0001,False,0.0001,0.1,0,222,False,results/CUB/erm_jtt_75/model_outputs_222,50,10,True,False,1,5,4,0.7,metadata.csv,None,../datasets//metadata.csv,None,False,False,0,0,,0.0,1,False,,,
CUB,erm_jtt_75,333,results/CUB/erm_jtt_75/model_outputs_333,CUB,confounder,False,spurious,waterbird_complete75,['forest2water2'],0,False,None,None,1.0,../datasets,False,False,0.1,erm,0.2,0.0,0.0,False,0.01,1,False,False,False,resnet50,False,61,64,0.0001,False,0.0001,0.1,0,333,False,results/CUB/erm_jtt_75/model_outputs_333,50,10,True,False,1,5,4,0.7,metadata.csv,None,../datasets//metadata.csv,None,False,False,0,0,,0.0,1,False,,,
CUB,erm_jtt_875,111,results/CUB/erm_jtt_875/model_outputs_111,CUB,confounder,False,spurious,waterbird_complete875,['forest2water2'],0,False,None,None,1.0,../datasets,False,False,0.1,erm,0.2,0.0,0.0,False,0.01,1,False,False,False,resnet50,False,61,64,0.0001,False,0.0001,0.1,0,111,False,results/CUB/erm_jtt_875/model_outputs_111,50,10,True,False,1,5,4,0.7,metadata.csv,None,../datasets//metadata.csv,None,False,False,0,0,,0.0,1,False,,,
CUB,erm_jtt_875,222,results/CUB/erm_jtt_875/model_outputs_222,CUB,confounder,False,spurious,waterbird_complete875,['forest2water2'],0,False,None,None,1.0,../datasets,False,False,0.1,erm,0.2,0.0,0.0,False,0.01,1,False,False,False,resnet50,False,61,64,0.0001,False,0.0001,0.1,0,222,False,results/CUB/erm_jtt_875/model_outputs_222,50,10,True,False,1,5,4,0.7,metadata.csv,None,../datasets//metadata.csv,None,False,False,0,0,,0.0,1,False,,,
CUB,erm_jtt_875,333,results/CUB/erm_jtt_875/model_outputs_333,CUB,confounder,False,spurious,waterbird_complete875,['forest2water2'],0,False,None,None,1.0,../datasets,False,False,0.1,erm,0.2,0.0,0.0,False,0.01,1,False,False,False,resnet50,False,61,64,0.0001,False,0.0001,0.1,0,333,False,results/CUB/erm_jtt_875/model_outputs_333,50,10,True,False,1,5,4,0.7,metadata.csv,None,../datasets//metadata.csv,None,False,False,0,0,,0.0,1,False,,,
CUB,erm_jtt_95,111,results/CUB/erm_jtt_95/model_outputs_111,CUB,confounder,False,spurious,waterbird_complete95,['forest2water2'],0,False,None,None,1.0,../datasets,False,False,0.1,erm,0.2,0.0,0.0,False,0.01,1,False,False,False,resnet50,False,61,64,0.0001,False,0.0001,0.1,0,111,False,results/CUB/erm_jtt_95/model_outputs_111,50,10,True,False,1,5,4,0.7,metadata.csv,None,../datasets//metadata.csv,None,False,False,0,0,,0.0,1,False,,,
CUB,erm_jtt_95,222,results/CUB/erm_jtt_95/model_outputs_222,CUB,confounder,False,spurious,waterbird_complete95,['forest2water2'],0,False,None,None,1.0,../datasets,False,False,0.1,erm,0.2,0.0,0.0,False,0.01,1,False,False,False,resnet50,False,61,64,0.0001,False,0.0001,0.1,0,222,False,results/CUB/erm_jtt_95/model_outputs_222,50,10,True,False,1,5,4,0.7,metadata.csv,None,../datasets//metadata.csv,None,False,False,0,0,,0.0,1,False,,,
CUB,erm_jtt_95,333,results/CUB/erm_jtt_95/model_outputs_333,CUB,confounder,False,spurious,waterbird_complete95,['forest2water2'],0,False,None,None,1.0,../datasets,False,False,0.1,erm,0.2,0.0,0.0,False,0.01,1,False,False,False,resnet50,False,61,64,0.0001,False,0.0001,0.1,0,333,False,results/CUB/erm_jtt_95/model_outputs_333,50,10,True,False,1,5,4,0.7,metadata.csv,None,../datasets//metadata.csv,None,False,False,0,0,,0.0,1,False,,,
CUB,erm_rw_0.1_95,111,results/CUB/erm_rw_0.1_95/model_outputs_111,CUB,confounder,False,spurious,waterbird_complete95,['forest2water2'],0,False,None,None,0.1,../datasets,True,False,0.1,erm,0.2,0.0,0.0,False,0.01,1,False,False,False,resnet50,False,301,64,1e-05,False,1.0,0.1,0,111,False,results/CUB/erm_rw_0.1_95/model_outputs_111,50,10,True,False,1,5,4,0.7,metadata.csv,None,../datasets//metadata.csv,None,True,False,0,0,pretrained_models/CUB/erm_95_111.pth,0.0,1,,,,
CUB,erm_rw_0.1_95,222,results/CUB/erm_rw_0.1_95/model_outputs_222,CUB,confounder,False,spurious,waterbird_complete95,['forest2water2'],0,False,None,None,0.1,../datasets,True,False,0.1,erm,0.2,0.0,0.0,False,0.01,1,False,False,False,resnet50,False,301,64,1e-05,False,1.0,0.1,0,222,False,results/CUB/erm_rw_0.1_95/model_outputs_222,50,10,True,False,1,5,4,0.7,metadata.csv,None,../datasets//metadata.csv,None,True,False,0,0,pretrained_models/CUB/erm_95_222.pth,0.0,1,,,,
CUB,erm_rw_0.1_95,333,results/CUB/erm_rw_0.1_95/model_outputs_333,CUB,confounder,False,spurious,waterbird_complete95,['forest2water2'],0,False,None,None,0.1,../datasets,True,False,0.1,erm,0.2,0.0,0.0,False,0.01,1,False,False,False,resnet50,False,301,64,1e-05,False,1.0,0.1,0,333,False,results/CUB/erm_rw_0.1_95/model_outputs_333,50,10,True,False,1,5,4,0.7,metadata.csv,None,../datasets//metadata.csv,None,True,False,0,0,pretrained_models/CUB/erm_95_333.pth,0.0,1,,,,
CUB,erm_rw_0.25_95,111,results/CUB/erm_rw_0.25_95/model_outputs_111,CUB,confounder,False,spurious,waterbird_complete95,['forest2water2'],0,False,None,None,0.25,../datasets,True,False,0.1,erm,0.2,0.0,0.0,False,0.01,1,False,False,False,resnet50,False,301,64,1e-05,False,1.0,0.1,0,111,False,results/CUB/erm_rw_0.25_95/model_outputs_111,50,10,True,False,1,5,4,0.7,metadata.csv,None,../datasets//metadata.csv,None,True,False,0,0,pretrained_models/CUB/erm_95_111.pth,0.0,1,,,,
CUB,erm_rw_0.25_95,222,results/CUB/erm_rw_0.25_95/model_outputs_222,CUB,confounder,False,spurious,waterbird_complete95,['forest2water2'],0,False,None,None,0.25,../datasets,True,False,0.1,erm,0.2,0.0,0.0,False,0.01,1,False,False,False,resnet50,False,301,64,1e-05,False,1.0,0.1,0,222,False,results/CUB/erm_rw_0.25_95/model_outputs_222,50,10,True,False,1,5,4,0.7,metadata.csv,None,../datasets//metadata.csv,None,True,False,0,0,pretrained_models/CUB/erm_95_222.pth,0.0,1,,,,
CUB,erm_rw_0.25_95,333,results/CUB/erm_rw_0.25_95/model_outputs_333,CUB,confounder,False,spurious,waterbird_complete95,['forest2water2'],0,False,None,None,0.25,../datasets,True,False,0.1,erm,0.2,0.0,0.0,False,0.01,1,False,False,False,resnet50,False,301,64,1e-05,False,1.0,0.1,0,333,False,results/CUB/erm_rw_0.25_95/model_outputs_333,50,10,True,False,1,5,4,0.7,metadata.csv,None,../datasets//metadata.csv,None,True,False,0,0,pretrained_models/CUB/erm_95_333.pth,0.0,1,,,,
CUB,erm_rw_0.5_95,111,results/CUB/erm_rw_0.5_95/model_outputs_111,CUB,confounder,False,spurious,waterbird_complete95,['forest2water2'],0,False,None,None,0.5,../datasets,True,False,0.1,erm,0.2,0.0,0.0,False,0.01,1,False,False,False,resnet50,False,301,64,1e-05,False,1.0,0.1,0,111,False,results/CUB/erm_rw_0.5_95/model_outputs_111,50,10,True,False,1,5,4,0.7,metadata.csv,None,../datasets//metadata.csv,None,True,False,0,0,pretrained_models/CUB/erm_95_111.pth,0.0,1,,,,
CUB,erm_rw_0.5_95,222,results/CUB/erm_rw_0.5_95/model_outputs_222,CUB,confounder,False,spurious,waterbird_complete95,['forest2water2'],0,False,None,None,0.5,../datasets,True,False,0.1,erm,0.2,0.0,0.0,False,0.01,1,False,False,False,resnet50,False,301,64,1e-05,False,1.0,0.1,0,222,False,results/CUB/erm_rw_0.5_95/model_outputs_222,50,10,True,False,1,5,4,0.7,metadata.csv,None,../datasets//metadata.csv,None,True,False,0,0,pretrained_models/CUB/erm_95_222.pth,0.0,1,,,,
CUB,erm_rw_0.5_95,333,results/CUB/erm_rw_0.5_95/model_outputs_333,CUB,confounder,False,spurious,waterbird_complete95,['forest2water2'],0,False,None,None,0.5,../datasets,True,False,0.1,erm,0.2,0.0,0.0,False,0.01,1,False,False,False,resnet50,False,301,64,1e-05,False,1.0,0.1,0,333,False,results/CUB/erm_rw_0.5_95/model_outputs_333,50,10,True,False,1,5,4,0.7,metadata.csv,None,../datasets//metadata.csv,None,True,False,0,0,pretrained_models/CUB/erm_95_333.pth,0.0,1,,,,
CUB,erm_rw_0.75_95,111,results/CUB/erm_rw_0.75_95/model_outputs_111,CUB,confounder,False,spurious,waterbird_complete95,['forest2water2'],0,False,None,None,0.75,../datasets,True,False,0.1,erm,0.2,0.0,0.0,False,0.01,1,False,False,False,resnet50,False,301,64,1e-05,False,1.0,0.1,0,111,False,results/CUB/erm_rw_0.75_95/model_outputs_111,50,10,True,False,1,5,4,0.7,metadata.csv,None,../datasets//metadata.csv,None,True,False,0,0,pretrained_models/CUB/erm_95_111.pth,0.0,1,,,,
CUB,erm_rw_0.75_95,222,results/CUB/erm_rw_0.75_95/model_outputs_222,CUB,confounder,False,spurious,waterbird_complete95,['forest2water2'],0,False,None,None,0.75,../datasets,True,False,0.1,erm,0.2,0.0,0.0,False,0.01,1,False,False,False,resnet50,False,301,64,1e-05,False,1.0,0.1,0,222,False,results/CUB/erm_rw_0.75_95/model_outputs_222,50,10,True,False,1,5,4,0.7,metadata.csv,None,../datasets//metadata.csv,None,True,False,0,0,pretrained_models/CUB/erm_95_222.pth,0.0,1,,,,
CUB,erm_rw_0.75_95,333,results/CUB/erm_rw_0.75_95/model_outputs_333,CUB,confounder,False,spurious,waterbird_complete95,['forest2water2'],0,False,None,None,0.75,../datasets,True,False,0.1,erm,0.2,0.0,0.0,False,0.01,1,False,False,False,resnet50,False,301,64,1e-05,False,1.0,0.1,0,333,False,results/CUB/erm_rw_0.75_95/model_outputs_333,50,10,True,False,1,5,4,0.7,metadata.csv,None,../datasets//metadata.csv,None,True,False,0,0,pretrained_models/CUB/erm_95_333.pth,0.0,1,,,,
CUB,erm_rw_0.9_95,111,results/CUB/erm_rw_0.9_95/model_outputs_111,CUB,confounder,False,spurious,waterbird_complete95,['forest2water2'],0,False,None,None,0.9,../datasets,True,False,0.1,erm,0.2,0.0,0.0,False,0.01,1,False,False,False,resnet50,False,301,64,1e-05,False,1.0,0.1,0,111,False,results/CUB/erm_rw_0.9_95/model_outputs_111,50,10,True,False,1,5,4,0.7,metadata.csv,None,../datasets//metadata.csv,None,True,False,0,0,pretrained_models/CUB/erm_95_111.pth,0.0,1,,,,
CUB,erm_rw_0.9_95,222,results/CUB/erm_rw_0.9_95/model_outputs_222,CUB,confounder,False,spurious,waterbird_complete95,['forest2water2'],0,False,None,None,0.9,../datasets,True,False,0.1,erm,0.2,0.0,0.0,False,0.01,1,False,False,False,resnet50,False,301,64,1e-05,False,1.0,0.1,0,222,False,results/CUB/erm_rw_0.9_95/model_outputs_222,50,10,True,False,1,5,4,0.7,metadata.csv,None,../datasets//metadata.csv,None,True,False,0,0,pretrained_models/CUB/erm_95_222.pth,0.0,1,,,,
CUB,erm_rw_0.9_95,333,results/CUB/erm_rw_0.9_95/model_outputs_333,CUB,confounder,False,spurious,waterbird_complete95,['forest2water2'],0,False,None,None,0.9,../datasets,True,False,0.1,erm,0.2,0.0,0.0,False,0.01,1,False,False,False,resnet50,False,301,64,1e-05,False,1.0,0.1,0,333,False,results/CUB/erm_rw_0.9_95/model_outputs_333,50,10,True,False,1,5,4,0.7,metadata.csv,None,../datasets//metadata.csv,None,True,False,0,0,pretrained_models/CUB/erm_95_333.pth,0.0,1,,,,
CUB,erm_rw_50,111,results/CUB/erm_rw_50/model_outputs_111,CUB,confounder,False,spurious,waterbird_complete50,['forest2water2'],0,False,None,None,1.0,../datasets,True,False,0.1,erm,0.2,0.0,0.0,False,0.01,1,False,False,False,resnet50,False,301,64,1e-05,False,1.0,0.1,0,111,False,results/CUB/erm_rw_50/model_outputs_111,50,10,True,False,1,5,4,0.7,metadata.csv,None,../datasets//metadata.csv,None,True,,,,pretrained_models/CUB/erm_50_111.pth,,,,,,
CUB,erm_rw_50,222,results/CUB/erm_rw_50/model_outputs_222,CUB,confounder,False,spurious,waterbird_complete50,['forest2water2'],0,False,None,None,1.0,../datasets,True,False,0.1,erm,0.2,0.0,0.0,False,0.01,1,False,False,False,resnet50,False,301,64,1e-05,False,1.0,0.1,0,222,False,results/CUB/erm_rw_50/model_outputs_222,50,10,True,False,1,5,4,0.7,metadata.csv,None,../datasets//metadata.csv,None,True,,,,pretrained_models/CUB/erm_50_222.pth,,,,,,
CUB,erm_rw_50,333,results/CUB/erm_rw_50/model_outputs_333,CUB,confounder,False,spurious,waterbird_complete50,['forest2water2'],0,False,None,None,1.0,../datasets,True,False,0.1,erm,0.2,0.0,0.0,False,0.01,1,False,False,False,resnet50,False,301,64,1e-05,False,1.0,0.1,0,333,False,results/CUB/erm_rw_50/model_outputs_333,50,10,True,False,1,5,4,0.7,metadata.csv,None,../datasets//metadata.csv,None,True,,,,pretrained_models/CUB/erm_50_333.pth,,,,,,
CUB,erm_rw_625,111,results/CUB/erm_rw_625/model_outputs_111,CUB,confounder,False,spurious,waterbird_complete625,['forest2water2'],0,False,None,None,1.0,../datasets,True,False,0.1,erm,0.2,0.0,0.0,False,0.01,1,False,False,False,resnet50,False,301,64,1e-05,False,1.0,0.1,0,111,False,results/CUB/erm_rw_625/model_outputs_111,50,10,True,False,1,5,4,0.7,metadata.csv,None,../datasets//metadata.csv,None,True,,,,pretrained_models/CUB/erm_625_111.pth,,,,,,
CUB,erm_rw_625,222,results/CUB/erm_rw_625/model_outputs_222,CUB,confounder,False,spurious,waterbird_complete625,['forest2water2'],0,False,None,None,1.0,../datasets,True,False,0.1,erm,0.2,0.0,0.0,False,0.01,1,False,False,False,resnet50,False,301,64,1e-05,False,1.0,0.1,0,222,False,results/CUB/erm_rw_625/model_outputs_222,50,10,True,False,1,5,4,0.7,metadata.csv,None,../datasets//metadata.csv,None,True,,,,pretrained_models/CUB/erm_625_222.pth,,,,,,
CUB,erm_rw_625,333,results/CUB/erm_rw_625/model_outputs_333,CUB,confounder,False,spurious,waterbird_complete625,['forest2water2'],0,False,None,None,1.0,../datasets,True,False,0.1,erm,0.2,0.0,0.0,False,0.01,1,False,False,False,resnet50,False,301,64,1e-05,False,1.0,0.1,0,333,False,results/CUB/erm_rw_625/model_outputs_333,50,10,True,False,1,5,4,0.7,metadata.csv,None,../datasets//metadata.csv,None,True,,,,pretrained_models/CUB/erm_625_333.pth,,,,,,
CUB,erm_rw_75,111,results/CUB/erm_rw_75/model_outputs_111,CUB,confounder,False,spurious,waterbird_complete75,['forest2water2'],0,False,None,None,1.0,../datasets,True,False,0.1,erm,0.2,0.0,0.0,False,0.01,1,False,False,False,resnet50,False,301,64,1e-05,False,1.0,0.1,0,111,False,results/CUB/erm_rw_75/model_outputs_111,50,10,True,False,1,5,4,0.7,metadata.csv,None,../datasets//metadata.csv,None,True,,,,pretrained_models/CUB/erm_75_111.pth,,,,,,
CUB,erm_rw_75,222,results/CUB/erm_rw_75/model_outputs_222,CUB,confounder,False,spurious,waterbird_complete75,['forest2water2'],0,False,None,None,1.0,../datasets,True,False,0.1,erm,0.2,0.0,0.0,False,0.01,1,False,False,False,resnet50,False,301,64,1e-05,False,1.0,0.1,0,222,False,results/CUB/erm_rw_75/model_outputs_222,50,10,True,False,1,5,4,0.7,metadata.csv,None,../datasets//metadata.csv,None,True,,,,pretrained_models/CUB/erm_75_222.pth,,,,,,
CUB,erm_rw_75,333,results/CUB/erm_rw_75/model_outputs_333,CUB,confounder,False,spurious,waterbird_complete75,['forest2water2'],0,False,None,None,1.0,../datasets,True,False,0.1,erm,0.2,0.0,0.0,False,0.01,1,False,False,False,resnet50,False,301,64,1e-05,False,1.0,0.1,0,333,False,results/CUB/erm_rw_75/model_outputs_333,50,10,True,False,1,5,4,0.7,metadata.csv,None,../datasets//metadata.csv,None,True,,,,pretrained_models/CUB/erm_75_333.pth,,,,,,
CUB,erm_rw_875,111,results/CUB/erm_rw_875/model_outputs_111,CUB,confounder,False,spurious,waterbird_complete875,['forest2water2'],0,False,None,None,1.0,../datasets,True,False,0.1,erm,0.2,0.0,0.0,False,0.01,1,False,False,False,resnet50,False,301,64,1e-05,False,1.0,0.1,0,111,False,results/CUB/erm_rw_875/model_outputs_111,50,10,True,False,1,5,4,0.7,metadata.csv,None,../datasets//metadata.csv,None,True,,,,pretrained_models/CUB/erm_875_111.pth,,,,,,
CUB,erm_rw_875,222,results/CUB/erm_rw_875/model_outputs_222,CUB,confounder,False,spurious,waterbird_complete875,['forest2water2'],0,False,None,None,1.0,../datasets,True,False,0.1,erm,0.2,0.0,0.0,False,0.01,1,False,False,False,resnet50,False,301,64,1e-05,False,1.0,0.1,0,222,False,results/CUB/erm_rw_875/model_outputs_222,50,10,True,False,1,5,4,0.7,metadata.csv,None,../datasets//metadata.csv,None,True,,,,pretrained_models/CUB/erm_875_222.pth,,,,,,
CUB,erm_rw_875,333,results/CUB/erm_rw_875/model_outputs_333,CUB,confounder,False,spurious,waterbird_complete875,['forest2water2'],0,False,None,None,1.0,../datasets,True,False,0.1,erm,0.2,0.0,0.0,False,0.01,1,False,False,False,resnet50,False,301,64,1e-05,False,1.0,0.1,0,333,False,results/CUB/erm_rw_875/model_outputs_333,50,10,True,False,1,5,4,0.7,metadata.csv,None,../datasets//metadata.csv,None,True,,,,pretrained_models/CUB/erm_875_333.pth,,,,,,
CUB,erm_rw_95,111,results/CUB/erm_rw_95/model_outputs_111,CUB,confounder,False,spurious,waterbird_complete95,['forest2water2'],0,False,None,None,1.0,../datasets,True,False,0.1,erm,0.2,0.0,0.0,False,0.01,1,False,False,False,resnet50,False,301,64,1e-05,False,1.0,0.1,0,111,False,results/CUB/erm_rw_95/model_outputs_111,50,10,True,False,1,5,4,0.7,metadata.csv,None,../datasets//metadata.csv,None,True,,,,pretrained_models/CUB/erm_95_111.pth,,,,,,
CUB,erm_rw_95,222,results/CUB/erm_rw_95/model_outputs_222,CUB,confounder,False,spurious,waterbird_complete95,['forest2water2'],0,False,None,None,1.0,../datasets,True,False,0.1,erm,0.2,0.0,0.0,False,0.01,1,False,False,False,resnet50,False,301,64,1e-05,False,1.0,0.1,0,222,False,results/CUB/erm_rw_95/model_outputs_222,50,10,True,False,1,5,4,0.7,metadata.csv,None,../datasets//metadata.csv,None,True,,,,pretrained_models/CUB/erm_95_222.pth,,,,,,
CUB,erm_rw_95,333,results/CUB/erm_rw_95/model_outputs_333,CUB,confounder,False,spurious,waterbird_complete95,['forest2water2'],0,False,None,None,1.0,../datasets,True,False,0.1,erm,0.2,0.0,0.0,False,0.01,1,False,False,False,resnet50,False,301,64,1e-05,False,1.0,0.1,0,333,False,results/CUB/erm_rw_95/model_outputs_333,50,10,True,False,1,5,4,0.7,metadata.csv,None,../datasets//metadata.csv,None,True,,,,pretrained_models/CUB/erm_95_333.pth,,,,,,
CUB,gdro_50,111,results/CUB/gdro_50/model_outputs_111,CUB,confounder,False,spurious,waterbird_complete50,['forest2water2'],0,False,None,None,1.0,../datasets,True,False,0.1,group_dro,0.2,0.0,0.0,False,0.01,1,False,False,False,resnet50,False,301,64,1e-05,False,1.0,0.1,0,111,False,results/CUB/gdro_1_50/model_outputs_111,50,10,True,False,1,5,4,0.7,metadata.csv,None,../datasets//metadata.csv,None,False,,,,,,,,,,
CUB,gdro_50,222,results/CUB/gdro_50/model_outputs_222,CUB,confounder,False,spurious,waterbird_complete50,['forest2water2'],0,False,None,None,1.0,../datasets,True,False,0.1,group_dro,0.2,0.0,0.0,False,0.01,1,False,False,False,resnet50,False,301,64,1e-05,False,1.0,0.1,0,222,False,results/CUB/gdro_1_50/model_outputs_222,50,10,True,False,1,5,4,0.7,metadata.csv,None,../datasets//metadata.csv,None,False,,,,,,,,,,
CUB,gdro_50,333,results/CUB/gdro_50/model_outputs_333,CUB,confounder,False,spurious,waterbird_complete50,['forest2water2'],0,False,None,None,1.0,../datasets,True,False,0.1,group_dro,0.2,0.0,0.0,False,0.01,1,False,False,False,resnet50,False,301,64,1e-05,False,1.0,0.1,0,333,False,results/CUB/gdro_1_50/model_outputs_333,50,10,True,False,1,5,4,0.7,metadata.csv,None,../datasets//metadata.csv,None,False,,,,,,,,,,
CUB,gdro_625,111,results/CUB/gdro_625/model_outputs_111,CUB,confounder,False,spurious,waterbird_complete625,['forest2water2'],0,False,None,None,1.0,../datasets,True,False,0.1,group_dro,0.2,0.0,0.0,False,0.01,1,False,False,False,resnet50,False,301,64,1e-05,False,1.0,0.1,0,111,False,results/CUB/gdro_1_625/model_outputs_111,50,10,True,False,1,5,4,0.7,metadata.csv,None,../datasets//metadata.csv,None,False,,0,,,,,,,,
CUB,gdro_625,222,results/CUB/gdro_625/model_outputs_222,CUB,confounder,False,spurious,waterbird_complete625,['forest2water2'],0,False,None,None,1.0,../datasets,True,False,0.1,group_dro,0.2,0.0,0.0,False,0.01,1,False,False,False,resnet50,False,301,64,1e-05,False,1.0,0.1,0,222,False,results/CUB/gdro_1_625/model_outputs_222,50,10,True,False,1,5,4,0.7,metadata.csv,None,../datasets//metadata.csv,None,False,,0,,,,,,,,
CUB,gdro_625,333,results/CUB/gdro_625/model_outputs_333,CUB,confounder,False,spurious,waterbird_complete625,['forest2water2'],0,False,None,None,1.0,../datasets,True,False,0.1,group_dro,0.2,0.0,0.0,False,0.01,1,False,False,False,resnet50,False,301,64,1e-05,False,1.0,0.1,0,333,False,results/CUB/gdro_1_625/model_outputs_333,50,10,True,False,1,5,4,0.7,metadata.csv,None,../datasets//metadata.csv,None,False,,0,,,,,,,,
CUB,gdro_75,111,results/CUB/gdro_75/model_outputs_111,CUB,confounder,False,spurious,waterbird_complete75,['forest2water2'],0,False,None,None,1.0,../datasets,True,False,0.1,group_dro,0.2,0.0,0.0,False,0.01,1,False,False,False,resnet50,False,301,64,1e-05,False,1.0,0.1,0,111,False,results/CUB/gdro_1_75/model_outputs_111,50,10,True,False,1,5,4,0.7,metadata.csv,None,../datasets//metadata.csv,None,False,,0,,,,,,,,
CUB,gdro_75,222,results/CUB/gdro_75/model_outputs_222,CUB,confounder,False,spurious,waterbird_complete75,['forest2water2'],0,False,None,None,1.0,../datasets,True,False,0.1,group_dro,0.2,0.0,0.0,False,0.01,1,False,False,False,resnet50,False,301,64,1e-05,False,1.0,0.1,0,222,False,results/CUB/gdro_1_75/model_outputs_222,50,10,True,False,1,5,4,0.7,metadata.csv,None,../datasets//metadata.csv,None,False,,0,,,,,,,,
CUB,gdro_75,333,results/CUB/gdro_75/model_outputs_333,CUB,confounder,False,spurious,waterbird_complete75,['forest2water2'],0,False,None,None,1.0,../datasets,True,False,0.1,group_dro,0.2,0.0,0.0,False,0.01,1,False,False,False,resnet50,False,301,64,1e-05,False,1.0,0.1,0,333,False,results/CUB/gdro_1_75/model_outputs_333,50,10,True,False,1,5,4,0.7,metadata.csv,None,../datasets//metadata.csv,None,False,,0,,,,,,,,
CUB,gdro_875,111,results/CUB/gdro_875/model_outputs_111,CUB,confounder,False,spurious,waterbird_complete875,['forest2water2'],0,False,None,None,1.0,../datasets,True,False,0.1,group_dro,0.2,0.0,0.0,False,0.01,1,False,False,False,resnet50,False,301,64,1e-05,False,1.0,0.1,0,111,False,results/CUB/gdro_1_875/model_outputs_111,50,10,True,False,1,5,4,0.7,metadata.csv,None,../datasets//metadata.csv,None,False,,0,,,,,,,,
CUB,gdro_875,222,results/CUB/gdro_875/model_outputs_222,CUB,confounder,False,spurious,waterbird_complete875,['forest2water2'],0,False,None,None,1.0,../datasets,True,False,0.1,group_dro,0.2,0.0,0.0,False,0.01,1,False,False,False,resnet50,False,301,64,1e-05,False,1.0,0.1,0,222,False,results/CUB/gdro_1_875/model_outputs_222,50,10,True,False,1,5,4,0.7,metadata.csv,None,../datasets//metadata.csv,None,False,,0,,,,,,,,
CUB,gdro_875,333,results/CUB/gdro_875/model_outputs_333,CUB,confounder,False,spurious,waterbird_complete875,['forest2water2'],0,False,None,None,1.0,../datasets,True,False,0.1,group_dro,0.2,0.0,0.0,False,0.01,1,False,False,False,resnet50,False,301,64,1e-05,False,1.0,0.1,0,333,False,results/CUB/gdro_1_875/model_outputs_333,50,10,True,False,1,5,4,0.7,metadata.csv,None,../datasets//metadata.csv,None,False,,0,,,,,,,,
CUB,gdro_95,111,results/CUB/gdro_95/model_outputs_111,CUB,confounder,False,spurious,waterbird_complete95,['forest2water2'],0,False,None,None,1.0,../datasets,True,False,0.1,group_dro,0.2,0.0,0.0,False,0.01,1,False,False,False,resnet50,False,301,64,1e-05,False,1.0,0.1,0,111,False,results/CUB/gdro_1_95/model_outputs_111,50,10,True,False,1,5,4,0.7,metadata.csv,None,../datasets//metadata.csv,None,False,,0,,,,,,,,
CUB,gdro_95,222,results/CUB/gdro_95/model_outputs_222,CUB,confounder,False,spurious,waterbird_complete95,['forest2water2'],0,False,None,None,1.0,../datasets,True,False,0.1,group_dro,0.2,0.0,0.0,False,0.01,1,False,False,False,resnet50,False,301,64,1e-05,False,1.0,0.1,0,222,False,results/CUB/gdro_1_95/model_outputs_222,50,10,True,False,1,5,4,0.7,metadata.csv,None,../datasets//metadata.csv,None,False,,0,,,,,,,,
CUB,gdro_95,333,results/CUB/gdro_95/model_outputs_333,CUB,confounder,False,spurious,waterbird_complete95,['forest2water2'],0,False,None,None,1.0,../datasets,True,False,0.1,group_dro,0.2,0.0,0.0,False,0.01,1,False,False,False,resnet50,False,301,64,1e-05,False,1.0,0.1,0,333,False,results/CUB/gdro_1_95/model_outputs_333,50,10,True,False,1,5,4,0.7,metadata.csv,None,../datasets//metadata.csv,None,False,,0,,,,,,,,
CUB,gdro_dfr_625,111,results/CUB/gdro_dfr_625/model_outputs_111,CUB,confounder,False,spurious,waterbird_complete50,['forest2water2'],0,False,None,None,0.357,../datasets,False,False,0.1,erm,0.2,0.0,0.0,False,0.01,1,False,False,False,resnet50,False,301,64,0.0001,False,0.0001,0.1,0,111,False,results/CUB/gdro_dfr_625/model_outputs_111,50,10,True,False,1,5,4,0.7,metadata.csv,None,../datasets//metadata.csv,None,True,True,0,0,pretrained_models/CUB/gdro_1_625_111.pth,0.0,,,,,
CUB,gdro_dfr_625,222,results/CUB/gdro_dfr_625/model_outputs_222,CUB,confounder,False,spurious,waterbird_complete50,['forest2water2'],0,False,None,None,0.357,../datasets,False,False,0.1,erm,0.2,0.0,0.0,False,0.01,1,False,False,False,resnet50,False,301,64,0.0001,False,0.0001,0.1,0,222,False,results/CUB/gdro_dfr_625/model_outputs_222,50,10,True,False,1,5,4,0.7,metadata.csv,None,../datasets//metadata.csv,None,True,True,0,0,pretrained_models/CUB/gdro_1_625_222.pth,0.0,,,,,
CUB,gdro_dfr_625,333,results/CUB/gdro_dfr_625/model_outputs_333,CUB,confounder,False,spurious,waterbird_complete50,['forest2water2'],0,False,None,None,0.357,../datasets,False,False,0.1,erm,0.2,0.0,0.0,False,0.01,1,False,False,False,resnet50,False,301,64,0.0001,False,0.0001,0.1,0,333,False,results/CUB/gdro_dfr_625/model_outputs_333,50,10,True,False,1,5,4,0.7,metadata.csv,None,../datasets//metadata.csv,None,True,True,0,0,pretrained_models/CUB/gdro_1_625_333.pth,0.0,,,,,
CUB,gdro_dfr_75,111,results/CUB/gdro_dfr_75/model_outputs_111,CUB,confounder,False,spurious,waterbird_complete50,['forest2water2'],0,False,None,None,0.225,../datasets,False,False,0.1,erm,0.2,0.0,0.0,False,0.01,1,False,False,False,resnet50,False,301,64,0.0001,False,0.0001,0.1,0,111,False,results/CUB/gdro_dfr_75/model_outputs_111,50,10,True,False,1,5,4,0.7,metadata.csv,None,../datasets//metadata.csv,None,True,True,0,0,pretrained_models/CUB/gdro_1_75_111.pth,0.0,,,,,
CUB,gdro_dfr_75,222,results/CUB/gdro_dfr_75/model_outputs_222,CUB,confounder,False,spurious,waterbird_complete50,['forest2water2'],0,False,None,None,0.225,../datasets,False,False,0.1,erm,0.2,0.0,0.0,False,0.01,1,False,False,False,resnet50,False,301,64,0.0001,False,0.0001,0.1,0,222,False,results/CUB/gdro_dfr_75/model_outputs_222,50,10,True,False,1,5,4,0.7,metadata.csv,None,../datasets//metadata.csv,None,True,True,0,0,pretrained_models/CUB/gdro_1_75_222.pth,0.0,,,,,
CUB,gdro_dfr_75,333,results/CUB/gdro_dfr_75/model_outputs_333,CUB,confounder,False,spurious,waterbird_complete50,['forest2water2'],0,False,None,None,0.225,../datasets,False,False,0.1,erm,0.2,0.0,0.0,False,0.01,1,False,False,False,resnet50,False,301,64,0.0001,False,0.0001,0.1,0,333,False,results/CUB/gdro_dfr_75/model_outputs_333,50,10,True,False,1,5,4,0.7,metadata.csv,None,../datasets//metadata.csv,None,True,True,0,0,pretrained_models/CUB/gdro_1_75_333.pth,0.0,,,,,
CUB,gdro_dfr_875,111,results/CUB/gdro_dfr_875/model_outputs_111,CUB,confounder,False,spurious,waterbird_complete50,['forest2water2'],0,False,None,None,0.118,../datasets,False,False,0.1,erm,0.2,0.0,0.0,False,0.01,1,False,False,False,resnet50,False,301,64,0.0001,False,0.0001,0.1,0,111,False,results/CUB/gdro_dfr_875/model_outputs_111,50,10,True,False,1,5,4,0.7,metadata.csv,None,../datasets//metadata.csv,None,True,True,0,0,pretrained_models/CUB/gdro_1_875_111.pth,0.0,,,,,
CUB,gdro_dfr_875,222,results/CUB/gdro_dfr_875/model_outputs_222,CUB,confounder,False,spurious,waterbird_complete50,['forest2water2'],0,False,None,None,0.118,../datasets,False,False,0.1,erm,0.2,0.0,0.0,False,0.01,1,False,False,False,resnet50,False,301,64,0.0001,False,0.0001,0.1,0,222,False,results/CUB/gdro_dfr_875/model_outputs_222,50,10,True,False,1,5,4,0.7,metadata.csv,None,../datasets//metadata.csv,None,True,True,0,0,pretrained_models/CUB/gdro_1_875_222.pth,0.0,,,,,
CUB,gdro_dfr_875,333,results/CUB/gdro_dfr_875/model_outputs_333,CUB,confounder,False,spurious,waterbird_complete50,['forest2water2'],0,False,None,None,0.118,../datasets,False,False,0.1,erm,0.2,0.0,0.0,False,0.01,1,False,False,False,resnet50,False,301,64,0.0001,False,0.0001,0.1,0,333,False,results/CUB/gdro_dfr_875/model_outputs_333,50,10,True,False,1,5,4,0.7,metadata.csv,None,../datasets//metadata.csv,None,True,True,0,0,pretrained_models/CUB/gdro_1_875_333.pth,0.0,,,,,
CUB,gdro_dfr_95,111,results/CUB/gdro_dfr_95/model_outputs_111,CUB,confounder,False,spurious,waterbird_complete50,['forest2water2'],0,False,None,None,0.047,../datasets,False,False,0.1,erm,0.2,0.0,0.0,False,0.01,1,False,False,False,resnet50,False,301,64,0.0001,False,0.0001,0.1,0,111,False,results/CUB/gdro_dfr_95/model_outputs_111,50,10,True,False,1,5,4,0.7,metadata.csv,None,../datasets//metadata.csv,None,True,True,0,0,pretrained_models/CUB/gdro_1_95_111.pth,0.0,,,,,
CUB,gdro_dfr_95,222,results/CUB/gdro_dfr_95/model_outputs_222,CUB,confounder,False,spurious,waterbird_complete50,['forest2water2'],0,False,None,None,0.047,../datasets,False,False,0.1,erm,0.2,0.0,0.0,False,0.01,1,False,False,False,resnet50,False,301,64,0.0001,False,0.0001,0.1,0,222,False,results/CUB/gdro_dfr_95/model_outputs_222,50,10,True,False,1,5,4,0.7,metadata.csv,None,../datasets//metadata.csv,None,True,True,0,0,pretrained_models/CUB/gdro_1_95_222.pth,0.0,,,,,
CUB,gdro_dfr_95,333,results/CUB/gdro_dfr_95/model_outputs_333,CUB,confounder,False,spurious,waterbird_complete50,['forest2water2'],0,False,None,None,0.047,../datasets,False,False,0.1,erm,0.2,0.0,0.0,False,0.01,1,False,False,False,resnet50,False,301,64,0.0001,False,0.0001,0.1,0,333,False,results/CUB/gdro_dfr_95/model_outputs_333,50,10,True,False,1,5,4,0.7,metadata.csv,None,../datasets//metadata.csv,None,True,True,0,0,pretrained_models/CUB/gdro_1_95_333.pth,0.0,,,,,
CUB,gdro_erm_50,111,results/CUB/gdro_erm_50/model_outputs_111,CUB,confounder,False,spurious,waterbird_complete50,['forest2water2'],0,False,None,None,1.0,../datasets,False,False,0.1,erm,0.2,0.0,0.0,False,0.01,1,False,False,False,resnet50,False,301,64,0.001,False,0.0001,0.1,0,111,False,results/CUB/gdro_erm_50/model_outputs_111,50,10,True,False,1,5,4,0.7,metadata.csv,None,../datasets//metadata.csv,None,True,,0,0,pretrained_models/CUB/gdro_1_50_111.pth,,,,,,
CUB,gdro_erm_50,222,results/CUB/gdro_erm_50/model_outputs_222,CUB,confounder,False,spurious,waterbird_complete50,['forest2water2'],0,False,None,None,1.0,../datasets,False,False,0.1,erm,0.2,0.0,0.0,False,0.01,1,False,False,False,resnet50,False,301,64,0.001,False,0.0001,0.1,0,222,False,results/CUB/gdro_erm_50/model_outputs_222,50,10,True,False,1,5,4,0.7,metadata.csv,None,../datasets//metadata.csv,None,True,,0,0,pretrained_models/CUB/gdro_1_50_222.pth,,,,,,
CUB,gdro_erm_50,333,results/CUB/gdro_erm_50/model_outputs_333,CUB,confounder,False,spurious,waterbird_complete50,['forest2water2'],0,False,None,None,1.0,../datasets,False,False,0.1,erm,0.2,0.0,0.0,False,0.01,1,False,False,False,resnet50,False,301,64,0.001,False,0.0001,0.1,0,333,False,results/CUB/gdro_erm_50/model_outputs_333,50,10,True,False,1,5,4,0.7,metadata.csv,None,../datasets//metadata.csv,None,True,,0,0,pretrained_models/CUB/gdro_1_50_333.pth,,,,,,
CUB,gdro_erm_625,111,results/CUB/gdro_erm_625/model_outputs_111,CUB,confounder,False,spurious,waterbird_complete625,['forest2water2'],0,False,None,None,1.0,../datasets,False,False,0.1,erm,0.2,0.0,0.0,False,0.01,1,False,False,False,resnet50,False,301,64,0.001,False,0.0001,0.1,0,111,False,results/CUB/gdro_erm_625/model_outputs_111,50,10,True,False,1,5,4,0.7,metadata.csv,None,../datasets//metadata.csv,None,True,False,0,0,pretrained_models/CUB/gdro_1_625_111.pth,0.0,,,,,
CUB,gdro_erm_625,222,results/CUB/gdro_erm_625/model_outputs_222,CUB,confounder,False,spurious,waterbird_complete625,['forest2water2'],0,False,None,None,1.0,../datasets,False,False,0.1,erm,0.2,0.0,0.0,False,0.01,1,False,False,False,resnet50,False,301,64,0.001,False,0.0001,0.1,0,222,False,results/CUB/gdro_erm_625/model_outputs_222,50,10,True,False,1,5,4,0.7,metadata.csv,None,../datasets//metadata.csv,None,True,False,0,0,pretrained_models/CUB/gdro_1_625_222.pth,0.0,,,,,
CUB,gdro_erm_625,333,results/CUB/gdro_erm_625/model_outputs_333,CUB,confounder,False,spurious,waterbird_complete625,['forest2water2'],0,False,None,None,1.0,../datasets,False,False,0.1,erm,0.2,0.0,0.0,False,0.01,1,False,False,False,resnet50,False,301,64,0.001,False,0.0001,0.1,0,333,False,results/CUB/gdro_erm_625/model_outputs_333,50,10,True,False,1,5,4,0.7,metadata.csv,None,../datasets//metadata.csv,None,True,False,0,0,pretrained_models/CUB/gdro_1_625_333.pth,0.0,,,,,
CUB,gdro_erm_75,111,results/CUB/gdro_erm_75/model_outputs_111,CUB,confounder,False,spurious,waterbird_complete75,['forest2water2'],0,False,None,None,1.0,../datasets,False,False,0.1,erm,0.2,0.0,0.0,False,0.01,1,False,False,False,resnet50,False,301,64,0.001,False,0.0001,0.1,0,111,False,results/CUB/gdro_erm_75/model_outputs_111,50,10,True,False,1,5,4,0.7,metadata.csv,None,../datasets//metadata.csv,None,True,False,0,0,pretrained_models/CUB/gdro_1_75_111.pth,0.0,,,,,
CUB,gdro_erm_75,222,results/CUB/gdro_erm_75/model_outputs_222,CUB,confounder,False,spurious,waterbird_complete75,['forest2water2'],0,False,None,None,1.0,../datasets,False,False,0.1,erm,0.2,0.0,0.0,False,0.01,1,False,False,False,resnet50,False,301,64,0.001,False,0.0001,0.1,0,222,False,results/CUB/gdro_erm_75/model_outputs_222,50,10,True,False,1,5,4,0.7,metadata.csv,None,../datasets//metadata.csv,None,True,False,0,0,pretrained_models/CUB/gdro_1_75_222.pth,0.0,,,,,
CUB,gdro_erm_75,333,results/CUB/gdro_erm_75/model_outputs_333,CUB,confounder,False,spurious,waterbird_complete75,['forest2water2'],0,False,None,None,1.0,../datasets,False,False,0.1,erm,0.2,0.0,0.0,False,0.01,1,False,False,False,resnet50,False,301,64,0.001,False,0.0001,0.1,0,333,False,results/CUB/gdro_erm_75/model_outputs_333,50,10,True,False,1,5,4,0.7,metadata.csv,None,../datasets//metadata.csv,None,True,False,0,0,pretrained_models/CUB/gdro_1_75_333.pth,0.0,,,,,
CUB,gdro_erm_875,111,results/CUB/gdro_erm_875/model_outputs_111,CUB,confounder,False,spurious,waterbird_complete875,['forest2water2'],0,False,None,None,1.0,../datasets,False,False,0.1,erm,0.2,0.0,0.0,False,0.01,1,False,False,False,resnet50,False,301,64,0.001,False,0.0001,0.1,0,111,False,results/CUB/gdro_erm_875/model_outputs_111,50,10,True,False,1,5,4,0.7,metadata.csv,None,../datasets//metadata.csv,None,True,False,0,0,pretrained_models/CUB/gdro_1_875_111.pth,0.0,,,,,
CUB,gdro_erm_875,222,results/CUB/gdro_erm_875/model_outputs_222,CUB,confounder,False,spurious,waterbird_complete875,['forest2water2'],0,False,None,None,1.0,../datasets,False,False,0.1,erm,0.2,0.0,0.0,False,0.01,1,False,False,False,resnet50,False,301,64,0.001,False,0.0001,0.1,0,222,False,results/CUB/gdro_erm_875/model_outputs_222,50,10,True,False,1,5,4,0.7,metadata.csv,None,../datasets//metadata.csv,None,True,False,0,0,pretrained_models/CUB/gdro_1_875_222.pth,0.0,,,,,
CUB,gdro_erm_875,333,results/CUB/gdro_erm_875/model_outputs_333,CUB,confounder,False,spurious,waterbird_complete875,['forest2water2'],0,False,None,None,1.0,../datasets,False,False,0.1,erm,0.2,0.0,0.0,False,0.01,1,False,False,False,resnet50,False,301,64,0.001,False,0.0001,0.1,0,333,False,results/CUB/gdro_erm_875/model_outputs_333,50,10,True,False,1,5,4,0.7,metadata.csv,None,../datasets//metadata.csv,None,True,False,0,0,pretrained_models/CUB/gdro_1_875_333.pth,0.0,,,,,
CUB,gdro_erm_95,111,results/CUB/gdro_erm_95/model_outputs_111,CUB,confounder,False,spurious,waterbird_complete95,['forest2water2'],0,False,None,None,1.0,../datasets,False,False,0.1,erm,0.2,0.0,0.0,False,0.01,1,False,False,False,resnet50,False,301,64,0.001,False,0.0001,0.1,0,111,False,results/CUB/gdro_erm_95/model_outputs_111,50,10,True,False,1,5,4,0.7,metadata.csv,None,../datasets//metadata.csv,None,True,False,0,0,pretrained_models/CUB/gdro_1_95_111.pth,0.0,,,,,
CUB,gdro_erm_95,222,results/CUB/gdro_erm_95/model_outputs_222,CUB,confounder,False,spurious,waterbird_complete95,['forest2water2'],0,False,None,None,1.0,../datasets,False,False,0.1,erm,0.2,0.0,0.0,False,0.01,1,False,False,False,resnet50,False,301,64,0.001,False,0.0001,0.1,0,222,False,results/CUB/gdro_erm_95/model_outputs_222,50,10,True,False,1,5,4,0.7,metadata.csv,None,../datasets//metadata.csv,None,True,False,0,0,pretrained_models/CUB/gdro_1_95_222.pth,0.0,,,,,
CUB,gdro_erm_95,333,results/CUB/gdro_erm_95/model_outputs_333,CUB,confounder,False,spurious,waterbird_complete95,['forest2water2'],0,False,None,None,1.0,../datasets,False,False,0.1,erm,0.2,0.0,0.0,False,0.01,1,False,False,False,resnet50,False,301,64,0.001,False,0.0001,0.1,0,333,False,results/CUB/gdro_erm_95/model_outputs_333,50,10,True,False,1,5,4,0.7,metadata.csv,None,../datasets//metadata.csv,None,True,False,0,0,pretrained_models/CUB/gdro_1_95_333.pth,0.0,,,,,
CUB,gdro_erm_frz1_50,111,results/CUB/gdro_erm_frz1_50/model_outputs_111,CUB,confounder,False,spurious,waterbird_complete50,['forest2water2'],0,False,None,None,1.0,../datasets,False,False,0.1,erm,0.2,0.0,0.0,False,0.01,1,False,False,False,resnet50,False,301,64,0.0001,False,1e-05,0.1,0,111,False,results/CUB/gdro_erm_frz1_50/model_outputs_111,50,50,True,False,1,5,4,0.7,metadata.csv,None,../datasets//metadata.csv,None,True,False,1,0,pretrained_models/CUB/gdro_1_50_111.pth,0.0,,,,,
CUB,gdro_erm_frz1_50,222,results/CUB/gdro_erm_frz1_50/model_outputs_222,CUB,confounder,False,spurious,waterbird_complete50,['forest2water2'],0,False,None,None,1.0,../datasets,False,False,0.1,erm,0.2,0.0,0.0,False,0.01,1,False,False,False,resnet50,False,301,64,0.0001,False,1e-05,0.1,0,222,False,results/CUB/gdro_erm_frz1_50/model_outputs_222,50,50,True,False,1,5,4,0.7,metadata.csv,None,../datasets//metadata.csv,None,True,False,1,0,pretrained_models/CUB/gdro_1_50_222.pth,0.0,,,,,
CUB,gdro_erm_frz1_50,333,results/CUB/gdro_erm_frz1_50/model_outputs_333,CUB,confounder,False,spurious,waterbird_complete50,['forest2water2'],0,False,None,None,1.0,../datasets,False,False,0.1,erm,0.2,0.0,0.0,False,0.01,1,False,False,False,resnet50,False,301,64,0.0001,False,1e-05,0.1,0,333,False,results/CUB/gdro_erm_frz1_50/model_outputs_333,50,50,True,False,1,5,4,0.7,metadata.csv,None,../datasets//metadata.csv,None,True,False,1,0,pretrained_models/CUB/gdro_1_50_333.pth,0.0,,,,,
CUB,gdro_erm_frz1_625,111,results/CUB/gdro_erm_frz1_625/model_outputs_111,CUB,confounder,False,spurious,waterbird_complete625,['forest2water2'],0,False,None,None,1.0,../datasets,False,False,0.1,erm,0.2,0.0,0.0,False,0.01,1,False,False,False,resnet50,False,301,64,0.0001,False,1e-05,0.1,0,111,False,results/CUB/gdro_erm_frz1_625/model_outputs_111,50,50,True,False,1,5,4,0.7,metadata.csv,None,../datasets//metadata.csv,None,True,False,1,0,pretrained_models/CUB/gdro_1_625_111.pth,0.0,,,,,
CUB,gdro_erm_frz1_625,222,results/CUB/gdro_erm_frz1_625/model_outputs_222,CUB,confounder,False,spurious,waterbird_complete625,['forest2water2'],0,False,None,None,1.0,../datasets,False,False,0.1,erm,0.2,0.0,0.0,False,0.01,1,False,False,False,resnet50,False,301,64,0.0001,False,1e-05,0.1,0,222,False,results/CUB/gdro_erm_frz1_625/model_outputs_222,50,50,True,False,1,5,4,0.7,metadata.csv,None,../datasets//metadata.csv,None,True,False,1,0,pretrained_models/CUB/gdro_1_625_222.pth,0.0,,,,,
CUB,gdro_erm_frz1_625,333,results/CUB/gdro_erm_frz1_625/model_outputs_333,CUB,confounder,False,spurious,waterbird_complete625,['forest2water2'],0,False,None,None,1.0,../datasets,False,False,0.1,erm,0.2,0.0,0.0,False,0.01,1,False,False,False,resnet50,False,301,64,0.0001,False,1e-05,0.1,0,333,False,results/CUB/gdro_erm_frz1_625/model_outputs_333,50,50,True,False,1,5,4,0.7,metadata.csv,None,../datasets//metadata.csv,None,True,False,1,0,pretrained_models/CUB/gdro_1_625_333.pth,0.0,,,,,
CUB,gdro_erm_frz1_75,111,results/CUB/gdro_erm_frz1_75/model_outputs_111,CUB,confounder,False,spurious,waterbird_complete75,['forest2water2'],0,False,None,None,1.0,../datasets,False,False,0.1,erm,0.2,0.0,0.0,False,0.01,1,False,False,False,resnet50,False,301,64,0.0001,False,1e-05,0.1,0,111,False,results/CUB/gdro_erm_frz1_75/model_outputs_111,50,50,True,False,1,5,4,0.7,metadata.csv,None,../datasets//metadata.csv,None,True,False,1,0,pretrained_models/CUB/gdro_1_75_111.pth,0.0,,,,,
CUB,gdro_erm_frz1_75,222,results/CUB/gdro_erm_frz1_75/model_outputs_222,CUB,confounder,False,spurious,waterbird_complete75,['forest2water2'],0,False,None,None,1.0,../datasets,False,False,0.1,erm,0.2,0.0,0.0,False,0.01,1,False,False,False,resnet50,False,301,64,0.0001,False,1e-05,0.1,0,222,False,results/CUB/gdro_erm_frz1_75/model_outputs_222,50,50,True,False,1,5,4,0.7,metadata.csv,None,../datasets//metadata.csv,None,True,False,1,0,pretrained_models/CUB/gdro_1_75_222.pth,0.0,,,,,
CUB,gdro_erm_frz1_75,333,results/CUB/gdro_erm_frz1_75/model_outputs_333,CUB,confounder,False,spurious,waterbird_complete75,['forest2water2'],0,False,None,None,1.0,../datasets,False,False,0.1,erm,0.2,0.0,0.0,False,0.01,1,False,False,False,resnet50,False,301,64,0.0001,False,1e-05,0.1,0,333,False,results/CUB/gdro_erm_frz1_75/model_outputs_333,50,50,True,False,1,5,4,0.7,metadata.csv,None,../datasets//metadata.csv,None,True,False,1,0,pretrained_models/CUB/gdro_1_75_333.pth,0.0,,,,,
CUB,gdro_erm_frz1_875,111,results/CUB/gdro_erm_frz1_875/model_outputs_111,CUB,confounder,False,spurious,waterbird_complete875,['forest2water2'],0,False,None,None,1.0,../datasets,False,False,0.1,erm,0.2,0.0,0.0,False,0.01,1,False,False,False,resnet50,False,301,64,0.0001,False,1e-05,0.1,0,111,False,results/CUB/gdro_erm_frz1_875/model_outputs_111,50,50,True,False,1,5,4,0.7,metadata.csv,None,../datasets//metadata.csv,None,True,False,1,0,pretrained_models/CUB/gdro_1_875_111.pth,0.0,,,,,
CUB,gdro_erm_frz1_875,222,results/CUB/gdro_erm_frz1_875/model_outputs_222,CUB,confounder,False,spurious,waterbird_complete875,['forest2water2'],0,False,None,None,1.0,../datasets,False,False,0.1,erm,0.2,0.0,0.0,False,0.01,1,False,False,False,resnet50,False,301,64,0.0001,False,1e-05,0.1,0,222,False,results/CUB/gdro_erm_frz1_875/model_outputs_222,50,50,True,False,1,5,4,0.7,metadata.csv,None,../datasets//metadata.csv,None,True,False,1,0,pretrained_models/CUB/gdro_1_875_222.pth,0.0,,,,,
CUB,gdro_erm_frz1_875,333,results/CUB/gdro_erm_frz1_875/model_outputs_333,CUB,confounder,False,spurious,waterbird_complete875,['forest2water2'],0,False,None,None,1.0,../datasets,False,False,0.1,erm,0.2,0.0,0.0,False,0.01,1,False,False,False,resnet50,False,301,64,0.0001,False,1e-05,0.1,0,333,False,results/CUB/gdro_erm_frz1_875/model_outputs_333,50,50,True,False,1,5,4,0.7,metadata.csv,None,../datasets//metadata.csv,None,True,False,1,0,pretrained_models/CUB/gdro_1_875_333.pth,0.0,,,,,
CUB,gdro_erm_frz1_95,111,results/CUB/gdro_erm_frz1_95/model_outputs_111,CUB,confounder,False,spurious,waterbird_complete95,['forest2water2'],0,False,None,None,1.0,../datasets,False,False,0.1,erm,0.2,0.0,0.0,False,0.01,1,False,False,False,resnet50,False,301,64,0.0001,False,1e-05,0.1,0,111,False,results/CUB/gdro_erm_frz1_95/model_outputs_111,50,50,True,False,1,5,4,0.7,metadata.csv,None,../datasets//metadata.csv,None,True,False,1,0,pretrained_models/CUB/gdro_1_95_111.pth,0.0,,,,,
CUB,gdro_erm_frz1_95,222,results/CUB/gdro_erm_frz1_95/model_outputs_222,CUB,confounder,False,spurious,waterbird_complete95,['forest2water2'],0,False,None,None,1.0,../datasets,False,False,0.1,erm,0.2,0.0,0.0,False,0.01,1,False,False,False,resnet50,False,301,64,0.0001,False,1e-05,0.1,0,222,False,results/CUB/gdro_erm_frz1_95/model_outputs_222,50,50,True,False,1,5,4,0.7,metadata.csv,None,../datasets//metadata.csv,None,True,False,1,0,pretrained_models/CUB/gdro_1_95_222.pth,0.0,,,,,
CUB,gdro_erm_frz1_95,333,results/CUB/gdro_erm_frz1_95/model_outputs_333,CUB,confounder,False,spurious,waterbird_complete95,['forest2water2'],0,False,None,None,1.0,../datasets,False,False,0.1,erm,0.2,0.0,0.0,False,0.01,1,False,False,False,resnet50,False,301,64,0.0001,False,1e-05,0.1,0,333,False,results/CUB/gdro_erm_frz1_95/model_outputs_333,50,50,True,False,1,5,4,0.7,metadata.csv,None,../datasets//metadata.csv,None,True,False,1,0,pretrained_models/CUB/gdro_1_95_333.pth,0.0,,,,,
CUB,gdro_erm_frz2_50,111,results/CUB/gdro_erm_frz2_50/model_outputs_111,CUB,confounder,False,spurious,waterbird_complete50,['forest2water2'],0,False,None,None,1.0,../datasets,False,False,0.1,erm,0.2,0.0,0.0,False,0.01,1,False,False,False,resnet50,False,301,64,0.0001,False,1e-05,0.1,0,111,False,results/CUB/gdro_erm_frz2_50/model_outputs_111,50,50,True,False,1,5,4,0.7,metadata.csv,None,../datasets//metadata.csv,None,True,False,2,0,pretrained_models/CUB/gdro_1_50_111.pth,0.0,,,,,
CUB,gdro_erm_frz2_50,222,results/CUB/gdro_erm_frz2_50/model_outputs_222,CUB,confounder,False,spurious,waterbird_complete50,['forest2water2'],0,False,None,None,1.0,../datasets,False,False,0.1,erm,0.2,0.0,0.0,False,0.01,1,False,False,False,resnet50,False,301,64,0.0001,False,1e-05,0.1,0,222,False,results/CUB/gdro_erm_frz2_50/model_outputs_222,50,50,True,False,1,5,4,0.7,metadata.csv,None,../datasets//metadata.csv,None,True,False,2,0,pretrained_models/CUB/gdro_1_50_222.pth,0.0,,,,,
CUB,gdro_erm_frz2_50,333,results/CUB/gdro_erm_frz2_50/model_outputs_333,CUB,confounder,False,spurious,waterbird_complete50,['forest2water2'],0,False,None,None,1.0,../datasets,False,False,0.1,erm,0.2,0.0,0.0,False,0.01,1,False,False,False,resnet50,False,301,64,0.0001,False,1e-05,0.1,0,333,False,results/CUB/gdro_erm_frz2_50/model_outputs_333,50,50,True,False,1,5,4,0.7,metadata.csv,None,../datasets//metadata.csv,None,True,False,2,0,pretrained_models/CUB/gdro_1_50_333.pth,0.0,,,,,
CUB,gdro_erm_frz2_625,111,results/CUB/gdro_erm_frz2_625/model_outputs_111,CUB,confounder,False,spurious,waterbird_complete625,['forest2water2'],0,False,None,None,1.0,../datasets,False,False,0.1,erm,0.2,0.0,0.0,False,0.01,1,False,False,False,resnet50,False,301,64,0.0001,False,1e-05,0.1,0,111,False,results/CUB/gdro_erm_frz2_625/model_outputs_111,50,50,True,False,1,5,4,0.7,metadata.csv,None,../datasets//metadata.csv,None,True,False,2,0,pretrained_models/CUB/gdro_1_625_111.pth,0.0,,,,,
CUB,gdro_erm_frz2_625,222,results/CUB/gdro_erm_frz2_625/model_outputs_222,CUB,confounder,False,spurious,waterbird_complete625,['forest2water2'],0,False,None,None,1.0,../datasets,False,False,0.1,erm,0.2,0.0,0.0,False,0.01,1,False,False,False,resnet50,False,301,64,0.0001,False,1e-05,0.1,0,222,False,results/CUB/gdro_erm_frz2_625/model_outputs_222,50,50,True,False,1,5,4,0.7,metadata.csv,None,../datasets//metadata.csv,None,True,False,2,0,pretrained_models/CUB/gdro_1_625_222.pth,0.0,,,,,
CUB,gdro_erm_frz2_625,333,results/CUB/gdro_erm_frz2_625/model_outputs_333,CUB,confounder,False,spurious,waterbird_complete625,['forest2water2'],0,False,None,None,1.0,../datasets,False,False,0.1,erm,0.2,0.0,0.0,False,0.01,1,False,False,False,resnet50,False,301,64,0.0001,False,1e-05,0.1,0,333,False,results/CUB/gdro_erm_frz2_625/model_outputs_333,50,50,True,False,1,5,4,0.7,metadata.csv,None,../datasets//metadata.csv,None,True,False,2,0,pretrained_models/CUB/gdro_1_625_333.pth,0.0,,,,,
CUB,gdro_erm_frz2_75,111,results/CUB/gdro_erm_frz2_75/model_outputs_111,CUB,confounder,False,spurious,waterbird_complete75,['forest2water2'],0,False,None,None,1.0,../datasets,False,False,0.1,erm,0.2,0.0,0.0,False,0.01,1,False,False,False,resnet50,False,301,64,0.0001,False,1e-05,0.1,0,111,False,results/CUB/gdro_erm_frz2_75/model_outputs_111,50,50,True,False,1,5,4,0.7,metadata.csv,None,../datasets//metadata.csv,None,True,False,2,0,pretrained_models/CUB/gdro_1_75_111.pth,0.0,,,,,
CUB,gdro_erm_frz2_75,222,results/CUB/gdro_erm_frz2_75/model_outputs_222,CUB,confounder,False,spurious,waterbird_complete75,['forest2water2'],0,False,None,None,1.0,../datasets,False,False,0.1,erm,0.2,0.0,0.0,False,0.01,1,False,False,False,resnet50,False,301,64,0.0001,False,1e-05,0.1,0,222,False,results/CUB/gdro_erm_frz2_75/model_outputs_222,50,50,True,False,1,5,4,0.7,metadata.csv,None,../datasets//metadata.csv,None,True,False,2,0,pretrained_models/CUB/gdro_1_75_222.pth,0.0,,,,,
CUB,gdro_erm_frz2_75,333,results/CUB/gdro_erm_frz2_75/model_outputs_333,CUB,confounder,False,spurious,waterbird_complete75,['forest2water2'],0,False,None,None,1.0,../datasets,False,False,0.1,erm,0.2,0.0,0.0,False,0.01,1,False,False,False,resnet50,False,301,64,0.0001,False,1e-05,0.1,0,333,False,results/CUB/gdro_erm_frz2_75/model_outputs_333,50,50,True,False,1,5,4,0.7,metadata.csv,None,../datasets//metadata.csv,None,True,False,2,0,pretrained_models/CUB/gdro_1_75_333.pth,0.0,,,,,
CUB,gdro_erm_frz2_875,111,results/CUB/gdro_erm_frz2_875/model_outputs_111,CUB,confounder,False,spurious,waterbird_complete875,['forest2water2'],0,False,None,None,1.0,../datasets,False,False,0.1,erm,0.2,0.0,0.0,False,0.01,1,False,False,False,resnet50,False,301,64,0.0001,False,1e-05,0.1,0,111,False,results/CUB/gdro_erm_frz2_875/model_outputs_111,50,50,True,False,1,5,4,0.7,metadata.csv,None,../datasets//metadata.csv,None,True,False,2,0,pretrained_models/CUB/gdro_1_875_111.pth,0.0,,,,,
CUB,gdro_erm_frz2_875,222,results/CUB/gdro_erm_frz2_875/model_outputs_222,CUB,confounder,False,spurious,waterbird_complete875,['forest2water2'],0,False,None,None,1.0,../datasets,False,False,0.1,erm,0.2,0.0,0.0,False,0.01,1,False,False,False,resnet50,False,301,64,0.0001,False,1e-05,0.1,0,222,False,results/CUB/gdro_erm_frz2_875/model_outputs_222,50,50,True,False,1,5,4,0.7,metadata.csv,None,../datasets//metadata.csv,None,True,False,2,0,pretrained_models/CUB/gdro_1_875_222.pth,0.0,,,,,
CUB,gdro_erm_frz2_875,333,results/CUB/gdro_erm_frz2_875/model_outputs_333,CUB,confounder,False,spurious,waterbird_complete875,['forest2water2'],0,False,None,None,1.0,../datasets,False,False,0.1,erm,0.2,0.0,0.0,False,0.01,1,False,False,False,resnet50,False,301,64,0.0001,False,1e-05,0.1,0,333,False,results/CUB/gdro_erm_frz2_875/model_outputs_333,50,50,True,False,1,5,4,0.7,metadata.csv,None,../datasets//metadata.csv,None,True,False,2,0,pretrained_models/CUB/gdro_1_875_333.pth,0.0,,,,,
CUB,gdro_erm_frz2_95,111,results/CUB/gdro_erm_frz2_95/model_outputs_111,CUB,confounder,False,spurious,waterbird_complete95,['forest2water2'],0,False,None,None,1.0,../datasets,False,False,0.1,erm,0.2,0.0,0.0,False,0.01,1,False,False,False,resnet50,False,301,64,0.0001,False,1e-05,0.1,0,111,False,results/CUB/gdro_erm_frz2_95/model_outputs_111,50,50,True,False,1,5,4,0.7,metadata.csv,None,../datasets//metadata.csv,None,True,False,2,0,pretrained_models/CUB/gdro_1_95_111.pth,0.0,,,,,
CUB,gdro_erm_frz2_95,222,results/CUB/gdro_erm_frz2_95/model_outputs_222,CUB,confounder,False,spurious,waterbird_complete95,['forest2water2'],0,False,None,None,1.0,../datasets,False,False,0.1,erm,0.2,0.0,0.0,False,0.01,1,False,False,False,resnet50,False,301,64,0.0001,False,1e-05,0.1,0,222,False,results/CUB/gdro_erm_frz2_95/model_outputs_222,50,50,True,False,1,5,4,0.7,metadata.csv,None,../datasets//metadata.csv,None,True,False,2,0,pretrained_models/CUB/gdro_1_95_222.pth,0.0,,,,,
CUB,gdro_erm_frz2_95,333,results/CUB/gdro_erm_frz2_95/model_outputs_333,CUB,confounder,False,spurious,waterbird_complete95,['forest2water2'],0,False,None,None,1.0,../datasets,False,False,0.1,erm,0.2,0.0,0.0,False,0.01,1,False,False,False,resnet50,False,301,64,0.0001,False,1e-05,0.1,0,333,False,results/CUB/gdro_erm_frz2_95/model_outputs_333,50,50,True,False,1,5,4,0.7,metadata.csv,None,../datasets//metadata.csv,None,True,False,2,0,pretrained_models/CUB/gdro_1_95_333.pth,0.0,,,,,
CUB,gdro_erm_frz3_50,111,results/CUB/gdro_erm_frz3_50/model_outputs_111,CUB,confounder,False,spurious,waterbird_complete50,['forest2water2'],0,False,None,None,1.0,../datasets,False,False,0.1,erm,0.2,0.0,0.0,False,0.01,1,False,False,False,resnet50,False,301,64,0.0001,False,1e-05,0.1,0,111,False,results/CUB/gdro_erm_frz3_50/model_outputs_111,50,50,True,False,1,5,4,0.7,metadata.csv,None,../datasets//metadata.csv,None,True,False,3,0,pretrained_models/CUB/gdro_1_50_111.pth,0.0,,,,,
CUB,gdro_erm_frz3_50,222,results/CUB/gdro_erm_frz3_50/model_outputs_222,CUB,confounder,False,spurious,waterbird_complete50,['forest2water2'],0,False,None,None,1.0,../datasets,False,False,0.1,erm,0.2,0.0,0.0,False,0.01,1,False,False,False,resnet50,False,301,64,0.0001,False,1e-05,0.1,0,222,False,results/CUB/gdro_erm_frz3_50/model_outputs_222,50,50,True,False,1,5,4,0.7,metadata.csv,None,../datasets//metadata.csv,None,True,False,3,0,pretrained_models/CUB/gdro_1_50_222.pth,0.0,,,,,
CUB,gdro_erm_frz3_50,333,results/CUB/gdro_erm_frz3_50/model_outputs_333,CUB,confounder,False,spurious,waterbird_complete50,['forest2water2'],0,False,None,None,1.0,../datasets,False,False,0.1,erm,0.2,0.0,0.0,False,0.01,1,False,False,False,resnet50,False,301,64,0.0001,False,1e-05,0.1,0,333,False,results/CUB/gdro_erm_frz3_50/model_outputs_333,50,50,True,False,1,5,4,0.7,metadata.csv,None,../datasets//metadata.csv,None,True,False,3,0,pretrained_models/CUB/gdro_1_50_333.pth,0.0,,,,,
CUB,gdro_erm_frz3_625,111,results/CUB/gdro_erm_frz3_625/model_outputs_111,CUB,confounder,False,spurious,waterbird_complete625,['forest2water2'],0,False,None,None,1.0,../datasets,False,False,0.1,erm,0.2,0.0,0.0,False,0.01,1,False,False,False,resnet50,False,301,64,0.0001,False,1e-05,0.1,0,111,False,results/CUB/gdro_erm_frz3_625/model_outputs_111,50,50,True,False,1,5,4,0.7,metadata.csv,None,../datasets//metadata.csv,None,True,False,3,0,pretrained_models/CUB/gdro_1_625_111.pth,0.0,,,,,
CUB,gdro_erm_frz3_625,222,results/CUB/gdro_erm_frz3_625/model_outputs_222,CUB,confounder,False,spurious,waterbird_complete625,['forest2water2'],0,False,None,None,1.0,../datasets,False,False,0.1,erm,0.2,0.0,0.0,False,0.01,1,False,False,False,resnet50,False,301,64,0.0001,False,1e-05,0.1,0,222,False,results/CUB/gdro_erm_frz3_625/model_outputs_222,50,50,True,False,1,5,4,0.7,metadata.csv,None,../datasets//metadata.csv,None,True,False,3,0,pretrained_models/CUB/gdro_1_625_222.pth,0.0,,,,,
CUB,gdro_erm_frz3_625,333,results/CUB/gdro_erm_frz3_625/model_outputs_333,CUB,confounder,False,spurious,waterbird_complete625,['forest2water2'],0,False,None,None,1.0,../datasets,False,False,0.1,erm,0.2,0.0,0.0,False,0.01,1,False,False,False,resnet50,False,301,64,0.0001,False,1e-05,0.1,0,333,False,results/CUB/gdro_erm_frz3_625/model_outputs_333,50,50,True,False,1,5,4,0.7,metadata.csv,None,../datasets//metadata.csv,None,True,False,3,0,pretrained_models/CUB/gdro_1_625_333.pth,0.0,,,,,
CUB,gdro_erm_frz3_75,111,results/CUB/gdro_erm_frz3_75/model_outputs_111,CUB,confounder,False,spurious,waterbird_complete75,['forest2water2'],0,False,None,None,1.0,../datasets,False,False,0.1,erm,0.2,0.0,0.0,False,0.01,1,False,False,False,resnet50,False,301,64,0.0001,False,1e-05,0.1,0,111,False,results/CUB/gdro_erm_frz3_75/model_outputs_111,50,50,True,False,1,5,4,0.7,metadata.csv,None,../datasets//metadata.csv,None,True,False,3,0,pretrained_models/CUB/gdro_1_75_111.pth,0.0,,,,,
CUB,gdro_erm_frz3_75,222,results/CUB/gdro_erm_frz3_75/model_outputs_222,CUB,confounder,False,spurious,waterbird_complete75,['forest2water2'],0,False,None,None,1.0,../datasets,False,False,0.1,erm,0.2,0.0,0.0,False,0.01,1,False,False,False,resnet50,False,301,64,0.0001,False,1e-05,0.1,0,222,False,results/CUB/gdro_erm_frz3_75/model_outputs_222,50,50,True,False,1,5,4,0.7,metadata.csv,None,../datasets//metadata.csv,None,True,False,3,0,pretrained_models/CUB/gdro_1_75_222.pth,0.0,,,,,
CUB,gdro_erm_frz3_75,333,results/CUB/gdro_erm_frz3_75/model_outputs_333,CUB,confounder,False,spurious,waterbird_complete75,['forest2water2'],0,False,None,None,1.0,../datasets,False,False,0.1,erm,0.2,0.0,0.0,False,0.01,1,False,False,False,resnet50,False,301,64,0.0001,False,1e-05,0.1,0,333,False,results/CUB/gdro_erm_frz3_75/model_outputs_333,50,50,True,False,1,5,4,0.7,metadata.csv,None,../datasets//metadata.csv,None,True,False,3,0,pretrained_models/CUB/gdro_1_75_333.pth,0.0,,,,,
CUB,gdro_erm_frz3_875,111,results/CUB/gdro_erm_frz3_875/model_outputs_111,CUB,confounder,False,spurious,waterbird_complete875,['forest2water2'],0,False,None,None,1.0,../datasets,False,False,0.1,erm,0.2,0.0,0.0,False,0.01,1,False,False,False,resnet50,False,301,64,0.0001,False,1e-05,0.1,0,111,False,results/CUB/gdro_erm_frz3_875/model_outputs_111,50,50,True,False,1,5,4,0.7,metadata.csv,None,../datasets//metadata.csv,None,True,False,3,0,pretrained_models/CUB/gdro_1_875_111.pth,0.0,,,,,
CUB,gdro_erm_frz3_875,222,results/CUB/gdro_erm_frz3_875/model_outputs_222,CUB,confounder,False,spurious,waterbird_complete875,['forest2water2'],0,False,None,None,1.0,../datasets,False,False,0.1,erm,0.2,0.0,0.0,False,0.01,1,False,False,False,resnet50,False,301,64,0.0001,False,1e-05,0.1,0,222,False,results/CUB/gdro_erm_frz3_875/model_outputs_222,50,50,True,False,1,5,4,0.7,metadata.csv,None,../datasets//metadata.csv,None,True,False,3,0,pretrained_models/CUB/gdro_1_875_222.pth,0.0,,,,,
CUB,gdro_erm_frz3_875,333,results/CUB/gdro_erm_frz3_875/model_outputs_333,CUB,confounder,False,spurious,waterbird_complete875,['forest2water2'],0,False,None,None,1.0,../datasets,False,False,0.1,erm,0.2,0.0,0.0,False,0.01,1,False,False,False,resnet50,False,301,64,0.0001,False,1e-05,0.1,0,333,False,results/CUB/gdro_erm_frz3_875/model_outputs_333,50,50,True,False,1,5,4,0.7,metadata.csv,None,../datasets//metadata.csv,None,True,False,3,0,pretrained_models/CUB/gdro_1_875_333.pth,0.0,,,,,
CUB,gdro_erm_frz3_95,111,results/CUB/gdro_erm_frz3_95/model_outputs_111,CUB,confounder,False,spurious,waterbird_complete95,['forest2water2'],0,False,None,None,1.0,../datasets,False,False,0.1,erm,0.2,0.0,0.0,False,0.01,1,False,False,False,resnet50,False,301,64,0.0001,False,1e-05,0.1,0,111,False,results/CUB/gdro_erm_frz3_95/model_outputs_111,50,50,True,False,1,5,4,0.7,metadata.csv,None,../datasets//metadata.csv,None,True,False,3,0,pretrained_models/CUB/gdro_1_95_111.pth,0.0,,,,,
CUB,gdro_erm_frz3_95,222,results/CUB/gdro_erm_frz3_95/model_outputs_222,CUB,confounder,False,spurious,waterbird_complete95,['forest2water2'],0,False,None,None,1.0,../datasets,False,False,0.1,erm,0.2,0.0,0.0,False,0.01,1,False,False,False,resnet50,False,301,64,0.0001,False,1e-05,0.1,0,222,False,results/CUB/gdro_erm_frz3_95/model_outputs_222,50,50,True,False,1,5,4,0.7,metadata.csv,None,../datasets//metadata.csv,None,True,False,3,0,pretrained_models/CUB/gdro_1_95_222.pth,0.0,,,,,
CUB,gdro_erm_frz3_95,333,results/CUB/gdro_erm_frz3_95/model_outputs_333,CUB,confounder,False,spurious,waterbird_complete95,['forest2water2'],0,False,None,None,1.0,../datasets,False,False,0.1,erm,0.2,0.0,0.0,False,0.01,1,False,False,False,resnet50,False,301,64,0.0001,False,1e-05,0.1,0,333,False,results/CUB/gdro_erm_frz3_95/model_outputs_333,50,50,True,False,1,5,4,0.7,metadata.csv,None,../datasets//metadata.csv,None,True,False,3,0,pretrained_models/CUB/gdro_1_95_333.pth,0.0,,,,,
CUB,gdro_erm_frz4_50,111,results/CUB/gdro_erm_frz4_50/model_outputs_111,CUB,confounder,False,spurious,waterbird_complete50,['forest2water2'],0,False,None,None,1.0,../datasets,False,False,0.1,erm,0.2,0.0,0.0,False,0.01,1,False,False,False,resnet50,False,301,64,0.0001,False,1e-05,0.1,0,111,False,results/CUB/gdro_erm_frz4_50/model_outputs_111,50,50,True,False,1,5,4,0.7,metadata.csv,None,../datasets//metadata.csv,None,True,False,4,0,pretrained_models/CUB/gdro_1_50_111.pth,0.0,,,,,
CUB,gdro_erm_frz4_50,222,results/CUB/gdro_erm_frz4_50/model_outputs_222,CUB,confounder,False,spurious,waterbird_complete50,['forest2water2'],0,False,None,None,1.0,../datasets,False,False,0.1,erm,0.2,0.0,0.0,False,0.01,1,False,False,False,resnet50,False,301,64,0.0001,False,1e-05,0.1,0,222,False,results/CUB/gdro_erm_frz4_50/model_outputs_222,50,50,True,False,1,5,4,0.7,metadata.csv,None,../datasets//metadata.csv,None,True,False,4,0,pretrained_models/CUB/gdro_1_50_222.pth,0.0,,,,,
CUB,gdro_erm_frz4_50,333,results/CUB/gdro_erm_frz4_50/model_outputs_333,CUB,confounder,False,spurious,waterbird_complete50,['forest2water2'],0,False,None,None,1.0,../datasets,False,False,0.1,erm,0.2,0.0,0.0,False,0.01,1,False,False,False,resnet50,False,301,64,0.0001,False,1e-05,0.1,0,333,False,results/CUB/gdro_erm_frz4_50/model_outputs_333,50,50,True,False,1,5,4,0.7,metadata.csv,None,../datasets//metadata.csv,None,True,False,4,0,pretrained_models/CUB/gdro_1_50_333.pth,0.0,,,,,
CUB,gdro_erm_frz4_625,111,results/CUB/gdro_erm_frz4_625/model_outputs_111,CUB,confounder,False,spurious,waterbird_complete625,['forest2water2'],0,False,None,None,1.0,../datasets,False,False,0.1,erm,0.2,0.0,0.0,False,0.01,1,False,False,False,resnet50,False,301,64,0.0001,False,1e-05,0.1,0,111,False,results/CUB/gdro_erm_frz4_625/model_outputs_111,50,50,True,False,1,5,4,0.7,metadata.csv,None,../datasets//metadata.csv,None,True,False,4,0,pretrained_models/CUB/gdro_1_625_111.pth,0.0,,,,,
CUB,gdro_erm_frz4_625,222,results/CUB/gdro_erm_frz4_625/model_outputs_222,CUB,confounder,False,spurious,waterbird_complete625,['forest2water2'],0,False,None,None,1.0,../datasets,False,False,0.1,erm,0.2,0.0,0.0,False,0.01,1,False,False,False,resnet50,False,301,64,0.0001,False,1e-05,0.1,0,222,False,results/CUB/gdro_erm_frz4_625/model_outputs_222,50,50,True,False,1,5,4,0.7,metadata.csv,None,../datasets//metadata.csv,None,True,False,4,0,pretrained_models/CUB/gdro_1_625_222.pth,0.0,,,,,
CUB,gdro_erm_frz4_625,333,results/CUB/gdro_erm_frz4_625/model_outputs_333,CUB,confounder,False,spurious,waterbird_complete625,['forest2water2'],0,False,None,None,1.0,../datasets,False,False,0.1,erm,0.2,0.0,0.0,False,0.01,1,False,False,False,resnet50,False,301,64,0.0001,False,1e-05,0.1,0,333,False,results/CUB/gdro_erm_frz4_625/model_outputs_333,50,50,True,False,1,5,4,0.7,metadata.csv,None,../datasets//metadata.csv,None,True,False,4,0,pretrained_models/CUB/gdro_1_625_333.pth,0.0,,,,,
CUB,gdro_erm_frz4_75,111,results/CUB/gdro_erm_frz4_75/model_outputs_111,CUB,confounder,False,spurious,waterbird_complete75,['forest2water2'],0,False,None,None,1.0,../datasets,False,False,0.1,erm,0.2,0.0,0.0,False,0.01,1,False,False,False,resnet50,False,301,64,0.0001,False,1e-05,0.1,0,111,False,results/CUB/gdro_erm_frz4_75/model_outputs_111,50,50,True,False,1,5,4,0.7,metadata.csv,None,../datasets//metadata.csv,None,True,False,4,0,pretrained_models/CUB/gdro_1_75_111.pth,0.0,,,,,
CUB,gdro_erm_frz4_75,222,results/CUB/gdro_erm_frz4_75/model_outputs_222,CUB,confounder,False,spurious,waterbird_complete75,['forest2water2'],0,False,None,None,1.0,../datasets,False,False,0.1,erm,0.2,0.0,0.0,False,0.01,1,False,False,False,resnet50,False,301,64,0.0001,False,1e-05,0.1,0,222,False,results/CUB/gdro_erm_frz4_75/model_outputs_222,50,50,True,False,1,5,4,0.7,metadata.csv,None,../datasets//metadata.csv,None,True,False,4,0,pretrained_models/CUB/gdro_1_75_222.pth,0.0,,,,,
CUB,gdro_erm_frz4_75,333,results/CUB/gdro_erm_frz4_75/model_outputs_333,CUB,confounder,False,spurious,waterbird_complete75,['forest2water2'],0,False,None,None,1.0,../datasets,False,False,0.1,erm,0.2,0.0,0.0,False,0.01,1,False,False,False,resnet50,False,301,64,0.0001,False,1e-05,0.1,0,333,False,results/CUB/gdro_erm_frz4_75/model_outputs_333,50,50,True,False,1,5,4,0.7,metadata.csv,None,../datasets//metadata.csv,None,True,False,4,0,pretrained_models/CUB/gdro_1_75_333.pth,0.0,,,,,
CUB,gdro_erm_frz4_875,111,results/CUB/gdro_erm_frz4_875/model_outputs_111,CUB,confounder,False,spurious,waterbird_complete875,['forest2water2'],0,False,None,None,1.0,../datasets,False,False,0.1,erm,0.2,0.0,0.0,False,0.01,1,False,False,False,resnet50,False,301,64,0.0001,False,1e-05,0.1,0,111,False,results/CUB/gdro_erm_frz4_875/model_outputs_111,50,50,True,False,1,5,4,0.7,metadata.csv,None,../datasets//metadata.csv,None,True,False,4,0,pretrained_models/CUB/gdro_1_875_111.pth,0.0,,,,,
CUB,gdro_erm_frz4_875,222,results/CUB/gdro_erm_frz4_875/model_outputs_222,CUB,confounder,False,spurious,waterbird_complete875,['forest2water2'],0,False,None,None,1.0,../datasets,False,False,0.1,erm,0.2,0.0,0.0,False,0.01,1,False,False,False,resnet50,False,301,64,0.0001,False,1e-05,0.1,0,222,False,results/CUB/gdro_erm_frz4_875/model_outputs_222,50,50,True,False,1,5,4,0.7,metadata.csv,None,../datasets//metadata.csv,None,True,False,4,0,pretrained_models/CUB/gdro_1_875_222.pth,0.0,,,,,
CUB,gdro_erm_frz4_875,333,results/CUB/gdro_erm_frz4_875/model_outputs_333,CUB,confounder,False,spurious,waterbird_complete875,['forest2water2'],0,False,None,None,1.0,../datasets,False,False,0.1,erm,0.2,0.0,0.0,False,0.01,1,False,False,False,resnet50,False,301,64,0.0001,False,1e-05,0.1,0,333,False,results/CUB/gdro_erm_frz4_875/model_outputs_333,50,50,True,False,1,5,4,0.7,metadata.csv,None,../datasets//metadata.csv,None,True,False,4,0,pretrained_models/CUB/gdro_1_875_333.pth,0.0,,,,,
CUB,gdro_erm_frz4_95,111,results/CUB/gdro_erm_frz4_95/model_outputs_111,CUB,confounder,False,spurious,waterbird_complete95,['forest2water2'],0,False,None,None,1.0,../datasets,False,False,0.1,erm,0.2,0.0,0.0,False,0.01,1,False,False,False,resnet50,False,301,64,0.0001,False,1e-05,0.1,0,111,False,results/CUB/gdro_erm_frz4_95/model_outputs_111,50,50,True,False,1,5,4,0.7,metadata.csv,None,../datasets//metadata.csv,None,True,False,4,0,pretrained_models/CUB/gdro_1_95_111.pth,0.0,,,,,
CUB,gdro_erm_frz4_95,222,results/CUB/gdro_erm_frz4_95/model_outputs_222,CUB,confounder,False,spurious,waterbird_complete95,['forest2water2'],0,False,None,None,1.0,../datasets,False,False,0.1,erm,0.2,0.0,0.0,False,0.01,1,False,False,False,resnet50,False,301,64,0.0001,False,1e-05,0.1,0,222,False,results/CUB/gdro_erm_frz4_95/model_outputs_222,50,50,True,False,1,5,4,0.7,metadata.csv,None,../datasets//metadata.csv,None,True,False,4,0,pretrained_models/CUB/gdro_1_95_222.pth,0.0,,,,,
CUB,gdro_erm_frz4_95,333,results/CUB/gdro_erm_frz4_95/model_outputs_333,CUB,confounder,False,spurious,waterbird_complete95,['forest2water2'],0,False,None,None,1.0,../datasets,False,False,0.1,erm,0.2,0.0,0.0,False,0.01,1,False,False,False,resnet50,False,301,64,0.0001,False,1e-05,0.1,0,333,False,results/CUB/gdro_erm_frz4_95/model_outputs_333,50,50,True,False,1,5,4,0.7,metadata.csv,None,../datasets//metadata.csv,None,True,False,4,0,pretrained_models/CUB/gdro_1_95_333.pth,0.0,,,,,
CUB,gdro_gdro_1_50,111,results/CUB/gdro_gdro_1_50/model_outputs_111,CUB,confounder,False,spurious,waterbird_complete50,['forest2water2'],0,False,None,None,1.0,../datasets,True,False,0.1,group_dro,0.2,0.0,0.0,False,0.01,1,False,False,False,resnet50,False,301,64,1e-05,False,1.0,0.1,0,111,False,results/CUB/gdro_gdro_150/model_outputs_111,50,10,True,False,1,5,4,0.7,metadata.csv,None,../datasets//metadata.csv,None,True,False,0,0,pretrained_models/CUB/gdro_1_50_111.pth,0.0,,,,,
CUB,gdro_gdro_1_50,222,results/CUB/gdro_gdro_1_50/model_outputs_222,CUB,confounder,False,spurious,waterbird_complete50,['forest2water2'],0,False,None,None,1.0,../datasets,True,False,0.1,group_dro,0.2,0.0,0.0,False,0.01,1,False,False,False,resnet50,False,301,64,1e-05,False,1.0,0.1,0,222,False,results/CUB/gdro_gdro_150/model_outputs_222,50,10,True,False,1,5,4,0.7,metadata.csv,None,../datasets//metadata.csv,None,True,False,0,0,pretrained_models/CUB/gdro_1_50_222.pth,0.0,,,,,
CUB,gdro_gdro_1_50,333,results/CUB/gdro_gdro_1_50/model_outputs_333,CUB,confounder,False,spurious,waterbird_complete50,['forest2water2'],0,False,None,None,1.0,../datasets,True,False,0.1,group_dro,0.2,0.0,0.0,False,0.01,1,False,False,False,resnet50,False,301,64,1e-05,False,1.0,0.1,0,333,False,results/CUB/gdro_gdro_150/model_outputs_333,50,10,True,False,1,5,4,0.7,metadata.csv,None,../datasets//metadata.csv,None,True,False,0,0,pretrained_models/CUB/gdro_1_50_333.pth,0.0,,,,,
CUB,gdro_gdro_1_625,111,results/CUB/gdro_gdro_1_625/model_outputs_111,CUB,confounder,False,spurious,waterbird_complete625,['forest2water2'],0,False,None,None,1.0,../datasets,True,False,0.1,group_dro,0.2,0.0,0.0,False,0.01,1,False,False,False,resnet50,False,301,64,1e-05,False,1.0,0.1,0,111,False,results/CUB/gdro_gdro_1625/model_outputs_111,50,10,True,False,1,5,4,0.7,metadata.csv,None,../datasets//metadata.csv,None,True,False,0,0,pretrained_models/CUB/gdro_1_625_111.pth,0.0,,,,,
CUB,gdro_gdro_1_625,222,results/CUB/gdro_gdro_1_625/model_outputs_222,CUB,confounder,False,spurious,waterbird_complete625,['forest2water2'],0,False,None,None,1.0,../datasets,True,False,0.1,group_dro,0.2,0.0,0.0,False,0.01,1,False,False,False,resnet50,False,301,64,1e-05,False,1.0,0.1,0,222,False,results/CUB/gdro_gdro_1625/model_outputs_222,50,10,True,False,1,5,4,0.7,metadata.csv,None,../datasets//metadata.csv,None,True,False,0,0,pretrained_models/CUB/gdro_1_625_222.pth,0.0,,,,,
CUB,gdro_gdro_1_625,333,results/CUB/gdro_gdro_1_625/model_outputs_333,CUB,confounder,False,spurious,waterbird_complete625,['forest2water2'],0,False,None,None,1.0,../datasets,True,False,0.1,group_dro,0.2,0.0,0.0,False,0.01,1,False,False,False,resnet50,False,301,64,1e-05,False,1.0,0.1,0,333,False,results/CUB/gdro_gdro_1625/model_outputs_333,50,10,True,False,1,5,4,0.7,metadata.csv,None,../datasets//metadata.csv,None,True,False,0,0,pretrained_models/CUB/gdro_1_625_333.pth,0.0,,,,,
CUB,gdro_gdro_1_75,111,results/CUB/gdro_gdro_1_75/model_outputs_111,CUB,confounder,False,spurious,waterbird_complete75,['forest2water2'],0,False,None,None,1.0,../datasets,True,False,0.1,group_dro,0.2,0.0,0.0,False,0.01,1,False,False,False,resnet50,False,301,64,1e-05,False,1.0,0.1,0,111,False,results/CUB/gdro_gdro_175/model_outputs_111,50,10,True,False,1,5,4,0.7,metadata.csv,None,../datasets//metadata.csv,None,True,False,0,0,pretrained_models/CUB/gdro_1_75_111.pth,0.0,,,,,
CUB,gdro_gdro_1_75,222,results/CUB/gdro_gdro_1_75/model_outputs_222,CUB,confounder,False,spurious,waterbird_complete75,['forest2water2'],0,False,None,None,1.0,../datasets,True,False,0.1,group_dro,0.2,0.0,0.0,False,0.01,1,False,False,False,resnet50,False,301,64,1e-05,False,1.0,0.1,0,222,False,results/CUB/gdro_gdro_175/model_outputs_222,50,10,True,False,1,5,4,0.7,metadata.csv,None,../datasets//metadata.csv,None,True,False,0,0,pretrained_models/CUB/gdro_1_75_222.pth,0.0,,,,,
CUB,gdro_gdro_1_75,333,results/CUB/gdro_gdro_1_75/model_outputs_333,CUB,confounder,False,spurious,waterbird_complete75,['forest2water2'],0,False,None,None,1.0,../datasets,True,False,0.1,group_dro,0.2,0.0,0.0,False,0.01,1,False,False,False,resnet50,False,301,64,1e-05,False,1.0,0.1,0,333,False,results/CUB/gdro_gdro_175/model_outputs_333,50,10,True,False,1,5,4,0.7,metadata.csv,None,../datasets//metadata.csv,None,True,False,0,0,pretrained_models/CUB/gdro_1_75_333.pth,0.0,,,,,
CUB,gdro_gdro_1_875,111,results/CUB/gdro_gdro_1_875/model_outputs_111,CUB,confounder,False,spurious,waterbird_complete875,['forest2water2'],0,False,None,None,1.0,../datasets,True,False,0.1,group_dro,0.2,0.0,0.0,False,0.01,1,False,False,False,resnet50,False,301,64,1e-05,False,1.0,0.1,0,111,False,results/CUB/gdro_gdro_1875/model_outputs_111,50,10,True,False,1,5,4,0.7,metadata.csv,None,../datasets//metadata.csv,None,True,False,0,0,pretrained_models/CUB/gdro_1_875_111.pth,0.0,,,,,
CUB,gdro_gdro_1_875,222,results/CUB/gdro_gdro_1_875/model_outputs_222,CUB,confounder,False,spurious,waterbird_complete875,['forest2water2'],0,False,None,None,1.0,../datasets,True,False,0.1,group_dro,0.2,0.0,0.0,False,0.01,1,False,False,False,resnet50,False,301,64,1e-05,False,1.0,0.1,0,222,False,results/CUB/gdro_gdro_1875/model_outputs_222,50,10,True,False,1,5,4,0.7,metadata.csv,None,../datasets//metadata.csv,None,True,False,0,0,pretrained_models/CUB/gdro_1_875_222.pth,0.0,,,,,
CUB,gdro_gdro_1_875,333,results/CUB/gdro_gdro_1_875/model_outputs_333,CUB,confounder,False,spurious,waterbird_complete875,['forest2water2'],0,False,None,None,1.0,../datasets,True,False,0.1,group_dro,0.2,0.0,0.0,False,0.01,1,False,False,False,resnet50,False,301,64,1e-05,False,1.0,0.1,0,333,False,results/CUB/gdro_gdro_1875/model_outputs_333,50,10,True,False,1,5,4,0.7,metadata.csv,None,../datasets//metadata.csv,None,True,False,0,0,pretrained_models/CUB/gdro_1_875_333.pth,0.0,,,,,
CUB,gdro_gdro_1_95,111,results/CUB/gdro_gdro_1_95/model_outputs_111,CUB,confounder,False,spurious,waterbird_complete95,['forest2water2'],0,False,None,None,1.0,../datasets,True,False,0.1,group_dro,0.2,0.0,0.0,False,0.01,1,False,False,False,resnet50,False,301,64,1e-05,False,1.0,0.1,0,111,False,results/CUB/gdro_gdro_195/model_outputs_111,50,10,True,False,1,5,4,0.7,metadata.csv,None,../datasets//metadata.csv,None,True,False,0,0,pretrained_models/CUB/gdro_1_95_111.pth,0.0,,,,,
CUB,gdro_gdro_1_95,222,results/CUB/gdro_gdro_1_95/model_outputs_222,CUB,confounder,False,spurious,waterbird_complete95,['forest2water2'],0,False,None,None,1.0,../datasets,True,False,0.1,group_dro,0.2,0.0,0.0,False,0.01,1,False,False,False,resnet50,False,301,64,1e-05,False,1.0,0.1,0,222,False,results/CUB/gdro_gdro_195/model_outputs_222,50,10,True,False,1,5,4,0.7,metadata.csv,None,../datasets//metadata.csv,None,True,False,0,0,pretrained_models/CUB/gdro_1_95_222.pth,0.0,,,,,
CUB,gdro_gdro_1_95,333,results/CUB/gdro_gdro_1_95/model_outputs_333,CUB,confounder,False,spurious,waterbird_complete95,['forest2water2'],0,False,None,None,1.0,../datasets,True,False,0.1,group_dro,0.2,0.0,0.0,False,0.01,1,False,False,False,resnet50,False,301,64,1e-05,False,1.0,0.1,0,333,False,results/CUB/gdro_gdro_195/model_outputs_333,50,10,True,False,1,5,4,0.7,metadata.csv,None,../datasets//metadata.csv,None,True,False,0,0,pretrained_models/CUB/gdro_1_95_333.pth,0.0,,,,,
CUB,gdro_gdro_50,111,results/CUB/gdro_gdro_50/model_outputs_111,CUB,confounder,False,spurious,waterbird_complete50,['forest2water2'],0,False,None,None,1.0,../datasets,True,False,0.1,group_dro,0.2,0.0,0.0,False,0.01,1,False,False,False,resnet50,False,301,64,1e-05,False,1.0,0.1,0,111,False,results/CUB/gdro_gdro_50/model_outputs_111,50,10,True,False,1,5,4,0.7,metadata.csv,None,../datasets//metadata.csv,None,True,False,0,0,pretrained_models/CUB/gdro_50_111.pth,0.0,,,,,
CUB,gdro_gdro_50,222,results/CUB/gdro_gdro_50/model_outputs_222,CUB,confounder,False,spurious,waterbird_complete50,['forest2water2'],0,False,None,None,1.0,../datasets,True,False,0.1,group_dro,0.2,0.0,0.0,False,0.01,1,False,False,False,resnet50,False,301,64,1e-05,False,1.0,0.1,0,222,False,results/CUB/gdro_gdro_50/model_outputs_222,50,10,True,False,1,5,4,0.7,metadata.csv,None,../datasets//metadata.csv,None,True,False,0,0,pretrained_models/CUB/gdro_50_222.pth,0.0,,,,,
CUB,gdro_gdro_50,333,results/CUB/gdro_gdro_50/model_outputs_333,CUB,confounder,False,spurious,waterbird_complete50,['forest2water2'],0,False,None,None,1.0,../datasets,True,False,0.1,group_dro,0.2,0.0,0.0,False,0.01,1,False,False,False,resnet50,False,301,64,1e-05,False,1.0,0.1,0,333,False,results/CUB/gdro_gdro_50/model_outputs_333,50,10,True,False,1,5,4,0.7,metadata.csv,None,../datasets//metadata.csv,None,True,False,0,0,pretrained_models/CUB/gdro_50_333.pth,0.0,,,,,
CUB,gdro_gdro_625,111,results/CUB/gdro_gdro_625/model_outputs_111,CUB,confounder,False,spurious,waterbird_complete625,['forest2water2'],0,False,None,None,1.0,../datasets,True,False,0.1,group_dro,0.2,0.0,0.0,False,0.01,1,False,False,False,resnet50,False,301,64,1e-05,False,1.0,0.1,0,111,False,results/CUB/gdro_gdro_625/model_outputs_111,50,10,True,False,1,5,4,0.7,metadata.csv,None,../datasets//metadata.csv,None,True,False,0,0,pretrained_models/CUB/gdro_625_111.pth,0.0,,,,,
CUB,gdro_gdro_625,222,results/CUB/gdro_gdro_625/model_outputs_222,CUB,confounder,False,spurious,waterbird_complete625,['forest2water2'],0,False,None,None,1.0,../datasets,True,False,0.1,group_dro,0.2,0.0,0.0,False,0.01,1,False,False,False,resnet50,False,301,64,1e-05,False,1.0,0.1,0,222,False,results/CUB/gdro_gdro_625/model_outputs_222,50,10,True,False,1,5,4,0.7,metadata.csv,None,../datasets//metadata.csv,None,True,False,0,0,pretrained_models/CUB/gdro_625_222.pth,0.0,,,,,
CUB,gdro_gdro_625,333,results/CUB/gdro_gdro_625/model_outputs_333,CUB,confounder,False,spurious,waterbird_complete625,['forest2water2'],0,False,None,None,1.0,../datasets,True,False,0.1,group_dro,0.2,0.0,0.0,False,0.01,1,False,False,False,resnet50,False,301,64,1e-05,False,1.0,0.1,0,333,False,results/CUB/gdro_gdro_625/model_outputs_333,50,10,True,False,1,5,4,0.7,metadata.csv,None,../datasets//metadata.csv,None,True,False,0,0,pretrained_models/CUB/gdro_625_333.pth,0.0,,,,,
CUB,gdro_gdro_75,111,results/CUB/gdro_gdro_75/model_outputs_111,CUB,confounder,False,spurious,waterbird_complete75,['forest2water2'],0,False,None,None,1.0,../datasets,True,False,0.1,group_dro,0.2,0.0,0.0,False,0.01,1,False,False,False,resnet50,False,301,64,1e-05,False,1.0,0.1,0,111,False,results/CUB/gdro_gdro_75/model_outputs_111,50,10,True,False,1,5,4,0.7,metadata.csv,None,../datasets//metadata.csv,None,True,False,0,0,pretrained_models/CUB/gdro_75_111.pth,0.0,,,,,
CUB,gdro_gdro_75,222,results/CUB/gdro_gdro_75/model_outputs_222,CUB,confounder,False,spurious,waterbird_complete75,['forest2water2'],0,False,None,None,1.0,../datasets,True,False,0.1,group_dro,0.2,0.0,0.0,False,0.01,1,False,False,False,resnet50,False,301,64,1e-05,False,1.0,0.1,0,222,False,results/CUB/gdro_gdro_75/model_outputs_222,50,10,True,False,1,5,4,0.7,metadata.csv,None,../datasets//metadata.csv,None,True,False,0,0,pretrained_models/CUB/gdro_75_222.pth,0.0,,,,,
CUB,gdro_gdro_75,333,results/CUB/gdro_gdro_75/model_outputs_333,CUB,confounder,False,spurious,waterbird_complete75,['forest2water2'],0,False,None,None,1.0,../datasets,True,False,0.1,group_dro,0.2,0.0,0.0,False,0.01,1,False,False,False,resnet50,False,301,64,1e-05,False,1.0,0.1,0,333,False,results/CUB/gdro_gdro_75/model_outputs_333,50,10,True,False,1,5,4,0.7,metadata.csv,None,../datasets//metadata.csv,None,True,False,0,0,pretrained_models/CUB/gdro_75_333.pth,0.0,,,,,
CUB,gdro_gdro_875,111,results/CUB/gdro_gdro_875/model_outputs_111,CUB,confounder,False,spurious,waterbird_complete875,['forest2water2'],0,False,None,None,1.0,../datasets,True,False,0.1,group_dro,0.2,0.0,0.0,False,0.01,1,False,False,False,resnet50,False,301,64,1e-05,False,1.0,0.1,0,111,False,results/CUB/gdro_gdro_875/model_outputs_111,50,10,True,False,1,5,4,0.7,metadata.csv,None,../datasets//metadata.csv,None,True,False,0,0,pretrained_models/CUB/gdro_875_111.pth,0.0,,,,,
CUB,gdro_gdro_875,222,results/CUB/gdro_gdro_875/model_outputs_222,CUB,confounder,False,spurious,waterbird_complete875,['forest2water2'],0,False,None,None,1.0,../datasets,True,False,0.1,group_dro,0.2,0.0,0.0,False,0.01,1,False,False,False,resnet50,False,301,64,1e-05,False,1.0,0.1,0,222,False,results/CUB/gdro_gdro_875/model_outputs_222,50,10,True,False,1,5,4,0.7,metadata.csv,None,../datasets//metadata.csv,None,True,False,0,0,pretrained_models/CUB/gdro_875_222.pth,0.0,,,,,
CUB,gdro_gdro_875,333,results/CUB/gdro_gdro_875/model_outputs_333,CUB,confounder,False,spurious,waterbird_complete875,['forest2water2'],0,False,None,None,1.0,../datasets,True,False,0.1,group_dro,0.2,0.0,0.0,False,0.01,1,False,False,False,resnet50,False,301,64,1e-05,False,1.0,0.1,0,333,False,results/CUB/gdro_gdro_875/model_outputs_333,50,10,True,False,1,5,4,0.7,metadata.csv,None,../datasets//metadata.csv,None,True,False,0,0,pretrained_models/CUB/gdro_875_333.pth,0.0,,,,,
CUB,gdro_gdro_95,111,results/CUB/gdro_gdro_95/model_outputs_111,CUB,confounder,False,spurious,waterbird_complete95,['forest2water2'],0,False,None,None,1.0,../datasets,True,False,0.1,group_dro,0.2,0.0,0.0,False,0.01,1,False,False,False,resnet50,False,301,64,1e-05,False,1.0,0.1,0,111,False,results/CUB/gdro_gdro_95/model_outputs_111,50,10,True,False,1,5,4,0.7,metadata.csv,None,../datasets//metadata.csv,None,True,False,0,0,pretrained_models/CUB/gdro_95_111.pth,0.0,,,,,
CUB,gdro_gdro_95,222,results/CUB/gdro_gdro_95/model_outputs_222,CUB,confounder,False,spurious,waterbird_complete95,['forest2water2'],0,False,None,None,1.0,../datasets,True,False,0.1,group_dro,0.2,0.0,0.0,False,0.01,1,False,False,False,resnet50,False,301,64,1e-05,False,1.0,0.1,0,222,False,results/CUB/gdro_gdro_95/model_outputs_222,50,10,True,False,1,5,4,0.7,metadata.csv,None,../datasets//metadata.csv,None,True,False,0,0,pretrained_models/CUB/gdro_95_222.pth,0.0,,,,,
CUB,gdro_gdro_95,333,results/CUB/gdro_gdro_95/model_outputs_333,CUB,confounder,False,spurious,waterbird_complete95,['forest2water2'],0,False,None,None,1.0,../datasets,True,False,0.1,group_dro,0.2,0.0,0.0,False,0.01,1,False,False,False,resnet50,False,301,64,1e-05,False,1.0,0.1,0,333,False,results/CUB/gdro_gdro_95/model_outputs_333,50,10,True,False,1,5,4,0.7,metadata.csv,None,../datasets//metadata.csv,None,True,False,0,0,pretrained_models/CUB/gdro_95_333.pth,0.0,,,,,
CUB,gdro_gdro_dfr_625,111,results/CUB/gdro_gdro_dfr_625/model_outputs_111,CUB,confounder,False,spurious,waterbird_complete50,['forest2water2'],0,False,None,None,0.357,../datasets,False,False,0.1,group_dro,0.2,0.0,0.0,False,0.01,1,False,False,False,resnet50,False,301,64,1e-05,False,1.0,0.1,0,111,False,results/CUB/gdro_gdro_dfr_625/model_outputs_111,50,10,True,False,1,5,4,0.7,metadata.csv,None,../datasets//metadata.csv,None,True,True,0,0,pretrained_models/CUB/gdro_1_625_111.pth,0.0,,,,,
CUB,gdro_gdro_dfr_625,222,results/CUB/gdro_gdro_dfr_625/model_outputs_222,CUB,confounder,False,spurious,waterbird_complete50,['forest2water2'],0,False,None,None,0.357,../datasets,False,False,0.1,group_dro,0.2,0.0,0.0,False,0.01,1,False,False,False,resnet50,False,301,64,1e-05,False,1.0,0.1,0,222,False,results/CUB/gdro_gdro_dfr_625/model_outputs_222,50,10,True,False,1,5,4,0.7,metadata.csv,None,../datasets//metadata.csv,None,True,True,0,0,pretrained_models/CUB/gdro_1_625_222.pth,0.0,,,,,
CUB,gdro_gdro_dfr_625,333,results/CUB/gdro_gdro_dfr_625/model_outputs_333,CUB,confounder,False,spurious,waterbird_complete50,['forest2water2'],0,False,None,None,0.357,../datasets,False,False,0.1,group_dro,0.2,0.0,0.0,False,0.01,1,False,False,False,resnet50,False,301,64,1e-05,False,1.0,0.1,0,333,False,results/CUB/gdro_gdro_dfr_625/model_outputs_333,50,10,True,False,1,5,4,0.7,metadata.csv,None,../datasets//metadata.csv,None,True,True,0,0,pretrained_models/CUB/gdro_1_625_333.pth,0.0,,,,,
CUB,gdro_gdro_dfr_75,111,results/CUB/gdro_gdro_dfr_75/model_outputs_111,CUB,confounder,False,spurious,waterbird_complete50,['forest2water2'],0,False,None,None,0.225,../datasets,False,False,0.1,group_dro,0.2,0.0,0.0,False,0.01,1,False,False,False,resnet50,False,301,64,1e-05,False,1.0,0.1,0,111,False,results/CUB/gdro_gdro_dfr_75/model_outputs_111,50,10,True,False,1,5,4,0.7,metadata.csv,None,../datasets//metadata.csv,None,True,True,0,0,pretrained_models/CUB/gdro_1_75_111.pth,0.0,,,,,
CUB,gdro_gdro_dfr_75,222,results/CUB/gdro_gdro_dfr_75/model_outputs_222,CUB,confounder,False,spurious,waterbird_complete50,['forest2water2'],0,False,None,None,0.225,../datasets,False,False,0.1,group_dro,0.2,0.0,0.0,False,0.01,1,False,False,False,resnet50,False,301,64,1e-05,False,1.0,0.1,0,222,False,results/CUB/gdro_gdro_dfr_75/model_outputs_222,50,10,True,False,1,5,4,0.7,metadata.csv,None,../datasets//metadata.csv,None,True,True,0,0,pretrained_models/CUB/gdro_1_75_222.pth,0.0,,,,,
CUB,gdro_gdro_dfr_75,333,results/CUB/gdro_gdro_dfr_75/model_outputs_333,CUB,confounder,False,spurious,waterbird_complete50,['forest2water2'],0,False,None,None,0.225,../datasets,False,False,0.1,group_dro,0.2,0.0,0.0,False,0.01,1,False,False,False,resnet50,False,301,64,1e-05,False,1.0,0.1,0,333,False,results/CUB/gdro_gdro_dfr_75/model_outputs_333,50,10,True,False,1,5,4,0.7,metadata.csv,None,../datasets//metadata.csv,None,True,True,0,0,pretrained_models/CUB/gdro_1_75_333.pth,0.0,,,,,
CUB,gdro_gdro_dfr_875,111,results/CUB/gdro_gdro_dfr_875/model_outputs_111,CUB,confounder,False,spurious,waterbird_complete50,['forest2water2'],0,False,None,None,0.118,../datasets,False,False,0.1,group_dro,0.2,0.0,0.0,False,0.01,1,False,False,False,resnet50,False,301,64,1e-05,False,1.0,0.1,0,111,False,results/CUB/gdro_gdro_dfr_875/model_outputs_111,50,10,True,False,1,5,4,0.7,metadata.csv,None,../datasets//metadata.csv,None,True,True,0,0,pretrained_models/CUB/gdro_1_875_111.pth,0.0,,,,,
CUB,gdro_gdro_dfr_875,222,results/CUB/gdro_gdro_dfr_875/model_outputs_222,CUB,confounder,False,spurious,waterbird_complete50,['forest2water2'],0,False,None,None,0.118,../datasets,False,False,0.1,group_dro,0.2,0.0,0.0,False,0.01,1,False,False,False,resnet50,False,301,64,1e-05,False,1.0,0.1,0,222,False,results/CUB/gdro_gdro_dfr_875/model_outputs_222,50,10,True,False,1,5,4,0.7,metadata.csv,None,../datasets//metadata.csv,None,True,True,0,0,pretrained_models/CUB/gdro_1_875_222.pth,0.0,,,,,
CUB,gdro_gdro_dfr_875,333,results/CUB/gdro_gdro_dfr_875/model_outputs_333,CUB,confounder,False,spurious,waterbird_complete50,['forest2water2'],0,False,None,None,0.118,../datasets,False,False,0.1,group_dro,0.2,0.0,0.0,False,0.01,1,False,False,False,resnet50,False,301,64,1e-05,False,1.0,0.1,0,333,False,results/CUB/gdro_gdro_dfr_875/model_outputs_333,50,10,True,False,1,5,4,0.7,metadata.csv,None,../datasets//metadata.csv,None,True,True,0,0,pretrained_models/CUB/gdro_1_875_333.pth,0.0,,,,,
CUB,gdro_gdro_dfr_95,111,results/CUB/gdro_gdro_dfr_95/model_outputs_111,CUB,confounder,False,spurious,waterbird_complete50,['forest2water2'],0,False,None,None,0.047,../datasets,False,False,0.1,group_dro,0.2,0.0,0.0,False,0.01,1,False,False,False,resnet50,False,301,64,1e-05,False,1.0,0.1,0,111,False,results/CUB/gdro_gdro_dfr_95/model_outputs_111,50,10,True,False,1,5,4,0.7,metadata.csv,None,../datasets//metadata.csv,None,True,True,0,0,pretrained_models/CUB/gdro_1_95_111.pth,0.0,,,,,
CUB,gdro_gdro_dfr_95,222,results/CUB/gdro_gdro_dfr_95/model_outputs_222,CUB,confounder,False,spurious,waterbird_complete50,['forest2water2'],0,False,None,None,0.047,../datasets,False,False,0.1,group_dro,0.2,0.0,0.0,False,0.01,1,False,False,False,resnet50,False,301,64,1e-05,False,1.0,0.1,0,222,False,results/CUB/gdro_gdro_dfr_95/model_outputs_222,50,10,True,False,1,5,4,0.7,metadata.csv,None,../datasets//metadata.csv,None,True,True,0,0,pretrained_models/CUB/gdro_1_95_222.pth,0.0,,,,,
CUB,gdro_gdro_dfr_95,333,results/CUB/gdro_gdro_dfr_95/model_outputs_333,CUB,confounder,False,spurious,waterbird_complete50,['forest2water2'],0,False,None,None,0.047,../datasets,False,False,0.1,group_dro,0.2,0.0,0.0,False,0.01,1,False,False,False,resnet50,False,301,64,1e-05,False,1.0,0.1,0,333,False,results/CUB/gdro_gdro_dfr_95/model_outputs_333,50,10,True,False,1,5,4,0.7,metadata.csv,None,../datasets//metadata.csv,None,True,True,0,0,pretrained_models/CUB/gdro_1_95_333.pth,0.0,,,,,
CUB,gdro_old_50,111,results/CUB/gdro_old_50/model_outputs_111,CUB,confounder,False,spurious,waterbird_complete50,['forest2water2'],0,False,None,None,1.0,../datasets,True,False,0.1,group_dro,0.2,0.0,0.0,False,0.01,1,False,False,False,resnet50,False,301,64,0.001,False,0.0001,0.1,0,111,False,results/CUB/gdro_50/model_outputs_111,50,10,True,False,1,5,4,0.7,metadata.csv,None,../datasets//metadata.csv,None,False,,,,,,,,,,
CUB,gdro_old_50,222,results/CUB/gdro_old_50/model_outputs_222,CUB,confounder,False,spurious,waterbird_complete50,['forest2water2'],0,False,None,None,1.0,../datasets,True,False,0.1,group_dro,0.2,0.0,0.0,False,0.01,1,False,False,False,resnet50,False,301,64,0.001,False,0.0001,0.1,0,222,False,results/CUB/gdro_50/model_outputs_222,50,10,True,False,1,5,4,0.7,metadata.csv,None,../datasets//metadata.csv,None,False,,,,,,,,,,
CUB,gdro_old_50,333,results/CUB/gdro_old_50/model_outputs_333,CUB,confounder,False,spurious,waterbird_complete50,['forest2water2'],0,False,None,None,1.0,../datasets,True,False,0.1,group_dro,0.2,0.0,0.0,False,0.01,1,False,False,False,resnet50,False,301,64,0.001,False,0.0001,0.1,0,333,False,results/CUB/gdro_50/model_outputs_333,50,10,True,False,1,5,4,0.7,metadata.csv,None,../datasets//metadata.csv,None,False,,,,,,,,,,
CUB,gdro_old_625,111,results/CUB/gdro_old_625/model_outputs_111,CUB,confounder,False,spurious,waterbird_complete625,['forest2water2'],0,False,None,None,1.0,../datasets,True,False,0.1,group_dro,0.2,0.0,0.0,False,0.01,1,False,False,False,resnet50,False,301,64,0.001,False,0.0001,0.1,0,111,False,results/CUB/gdro_625/model_outputs_111,50,10,True,False,1,5,4,0.7,metadata.csv,None,../datasets//metadata.csv,None,False,,,,,,,,,,
CUB,gdro_old_625,222,results/CUB/gdro_old_625/model_outputs_222,CUB,confounder,False,spurious,waterbird_complete625,['forest2water2'],0,False,None,None,1.0,../datasets,True,False,0.1,group_dro,0.2,0.0,0.0,False,0.01,1,False,False,False,resnet50,False,301,64,0.001,False,0.0001,0.1,0,222,False,results/CUB/gdro_625/model_outputs_222,50,10,True,False,1,5,4,0.7,metadata.csv,None,../datasets//metadata.csv,None,False,,,,,,,,,,
CUB,gdro_old_625,333,results/CUB/gdro_old_625/model_outputs_333,CUB,confounder,False,spurious,waterbird_complete625,['forest2water2'],0,False,None,None,1.0,../datasets,True,False,0.1,group_dro,0.2,0.0,0.0,False,0.01,1,False,False,False,resnet50,False,301,64,0.001,False,0.0001,0.1,0,333,False,results/CUB/gdro_625/model_outputs_333,50,10,True,False,1,5,4,0.7,metadata.csv,None,../datasets//metadata.csv,None,False,,,,,,,,,,
CUB,gdro_old_75,111,results/CUB/gdro_old_75/model_outputs_111,CUB,confounder,False,spurious,waterbird_complete75,['forest2water2'],0,False,None,None,1.0,../datasets,True,False,0.1,group_dro,0.2,0.0,0.0,False,0.01,1,False,False,False,resnet50,False,301,64,0.001,False,0.0001,0.1,0,111,False,results/CUB/gdro_75/model_outputs_111,50,10,True,False,1,5,4,0.7,metadata.csv,None,../datasets//metadata.csv,None,False,,,,,,,,,,
CUB,gdro_old_75,222,results/CUB/gdro_old_75/model_outputs_222,CUB,confounder,False,spurious,waterbird_complete75,['forest2water2'],0,False,None,None,1.0,../datasets,True,False,0.1,group_dro,0.2,0.0,0.0,False,0.01,1,False,False,False,resnet50,False,301,64,0.001,False,0.0001,0.1,0,222,False,results/CUB/gdro_75/model_outputs_222,50,10,True,False,1,5,4,0.7,metadata.csv,None,../datasets//metadata.csv,None,False,,,,,,,,,,
CUB,gdro_old_75,333,results/CUB/gdro_old_75/model_outputs_333,CUB,confounder,False,spurious,waterbird_complete75,['forest2water2'],0,False,None,None,1.0,../datasets,True,False,0.1,group_dro,0.2,0.0,0.0,False,0.01,1,False,False,False,resnet50,False,301,64,0.001,False,0.0001,0.1,0,333,False,results/CUB/gdro_75/model_outputs_333,50,10,True,False,1,5,4,0.7,metadata.csv,None,../datasets//metadata.csv,None,False,,,,,,,,,,
CUB,gdro_old_875,111,results/CUB/gdro_old_875/model_outputs_111,CUB,confounder,False,spurious,waterbird_complete875,['forest2water2'],0,False,None,None,1.0,../datasets,True,False,0.1,group_dro,0.2,0.0,0.0,False,0.01,1,False,False,False,resnet50,False,301,64,0.001,False,0.0001,0.1,0,111,False,results/CUB/gdro_875/model_outputs_111,50,10,True,False,1,5,4,0.7,metadata.csv,None,../datasets//metadata.csv,None,False,,,,,,,,,,
CUB,gdro_old_875,222,results/CUB/gdro_old_875/model_outputs_222,CUB,confounder,False,spurious,waterbird_complete875,['forest2water2'],0,False,None,None,1.0,../datasets,True,False,0.1,group_dro,0.2,0.0,0.0,False,0.01,1,False,False,False,resnet50,False,301,64,0.001,False,0.0001,0.1,0,222,False,results/CUB/gdro_875/model_outputs_222,50,10,True,False,1,5,4,0.7,metadata.csv,None,../datasets//metadata.csv,None,False,,,,,,,,,,
CUB,gdro_old_875,333,results/CUB/gdro_old_875/model_outputs_333,CUB,confounder,False,spurious,waterbird_complete875,['forest2water2'],0,False,None,None,1.0,../datasets,True,False,0.1,group_dro,0.2,0.0,0.0,False,0.01,1,False,False,False,resnet50,False,301,64,0.001,False,0.0001,0.1,0,333,False,results/CUB/gdro_875/model_outputs_333,50,10,True,False,1,5,4,0.7,metadata.csv,None,../datasets//metadata.csv,None,False,,,,,,,,,,
CUB,gdro_old_95,111,results/CUB/gdro_old_95/model_outputs_111,CUB,confounder,False,spurious,waterbird_complete95,['forest2water2'],0,False,None,None,1.0,../datasets,True,False,0.1,group_dro,0.2,0.0,0.0,False,0.01,1,False,False,False,resnet50,False,301,64,0.001,False,0.0001,0.1,0,111,False,results/CUB/gdro_95/model_outputs_111,50,10,True,False,1,5,4,0.7,metadata.csv,None,../datasets//metadata.csv,None,False,,,,,,,,,,
CUB,gdro_old_95,222,results/CUB/gdro_old_95/model_outputs_222,CUB,confounder,False,spurious,waterbird_complete95,['forest2water2'],0,False,None,None,1.0,../datasets,True,False,0.1,group_dro,0.2,0.0,0.0,False,0.01,1,False,False,False,resnet50,False,301,64,0.001,False,0.0001,0.1,0,222,False,results/CUB/gdro_95/model_outputs_222,50,10,True,False,1,5,4,0.7,metadata.csv,None,../datasets//metadata.csv,None,False,,,,,,,,,,
CUB,gdro_old_95,333,results/CUB/gdro_old_95/model_outputs_333,CUB,confounder,False,spurious,waterbird_complete95,['forest2water2'],0,False,None,None,1.0,../datasets,True,False,0.1,group_dro,0.2,0.0,0.0,False,0.01,1,False,False,False,resnet50,False,301,64,0.001,False,0.0001,0.1,0,333,False,results/CUB/gdro_95/model_outputs_333,50,10,True,False,1,5,4,0.7,metadata.csv,None,../datasets//metadata.csv,None,False,,,,,,,,,,
CUB,gdro_rw_50,111,results/CUB/gdro_rw_50/model_outputs_111,CUB,confounder,False,spurious,waterbird_complete50,['forest2water2'],0,False,None,None,1.0,../datasets,True,False,0.1,erm,0.2,0.0,0.0,False,0.01,1,False,False,False,resnet50,False,301,64,1e-05,False,1.0,0.1,0,111,False,results/CUB/gdro_rw_50/model_outputs_111,50,10,True,False,1,5,4,0.7,metadata.csv,None,../datasets//metadata.csv,None,True,False,0,0,pretrained_models/CUB/gdro_1_50_111.pth,0.0,1,,,,
CUB,gdro_rw_625,111,results/CUB/gdro_rw_625/model_outputs_111,CUB,confounder,False,spurious,waterbird_complete625,['forest2water2'],0,False,None,None,1.0,../datasets,True,False,0.1,erm,0.2,0.0,0.0,False,0.01,1,False,False,False,resnet50,False,301,64,1e-05,False,1.0,0.1,0,111,False,results/CUB/gdro_rw_625/model_outputs_111,50,10,True,False,1,5,4,0.7,metadata.csv,None,../datasets//metadata.csv,None,True,False,0,0,pretrained_models/CUB/gdro_1_625_111.pth,0.0,1,,,,
CUB,gdro_rw_75,111,results/CUB/gdro_rw_75/model_outputs_111,CUB,confounder,False,spurious,waterbird_complete75,['forest2water2'],0,False,None,None,1.0,../datasets,True,False,0.1,erm,0.2,0.0,0.0,False,0.01,1,False,False,False,resnet50,False,301,64,1e-05,False,1.0,0.1,0,111,False,results/CUB/gdro_rw_75/model_outputs_111,50,10,True,False,1,5,4,0.7,metadata.csv,None,../datasets//metadata.csv,None,True,False,0,0,pretrained_models/CUB/gdro_1_75_111.pth,0.0,1,,,,
CUB,gdro_rw_875,111,results/CUB/gdro_rw_875/model_outputs_111,CUB,confounder,False,spurious,waterbird_complete875,['forest2water2'],0,False,None,None,1.0,../datasets,True,False,0.1,erm,0.2,0.0,0.0,False,0.01,1,False,False,False,resnet50,False,301,64,1e-05,False,1.0,0.1,0,111,False,results/CUB/gdro_rw_875/model_outputs_111,50,10,True,False,1,5,4,0.7,metadata.csv,None,../datasets//metadata.csv,None,True,False,0,0,pretrained_models/CUB/gdro_1_875_111.pth,0.0,1,,,,
CUB,gdro_rw_95,111,results/CUB/gdro_rw_95/model_outputs_111,CUB,confounder,False,spurious,waterbird_complete95,['forest2water2'],0,False,None,None,1.0,../datasets,True,False,0.1,erm,0.2,0.0,0.0,False,0.01,1,False,False,False,resnet50,False,301,64,1e-05,False,1.0,0.1,0,111,False,results/CUB/gdro_rw_95/model_outputs_111,50,10,True,False,1,5,4,0.7,metadata.csv,None,../datasets//metadata.csv,None,True,False,0,0,pretrained_models/CUB/gdro_1_95_111.pth,0.0,1,,,,
CUB,jtt_40_100_625,111,results/CUB/jtt_40_100_625/model_outputs_111,CUB,confounder,False,spurious,waterbird_complete625,['forest2water2'],100,False,None,None,1.0,../datasets,False,False,0.1,erm,0.2,0.0,0.0,False,0.01,1,False,False,False,resnet50,False,301,64,1e-05,False,1.0,0.1,0,111,False,results/CUB/jtt_40_100_625/model_outputs_111,50,10,True,False,1,5,4,0.7,metadata.csv,None,results/CUB/erm_jtt_625/model_outputs_111/final_epoch_40/metadata_aug.csv,wrong_1_times,False,False,0,0,,0.0,1,False,,,
CUB,jtt_40_100_625,222,results/CUB/jtt_40_100_625/model_outputs_222,CUB,confounder,False,spurious,waterbird_complete625,['forest2water2'],100,False,None,None,1.0,../datasets,False,False,0.1,erm,0.2,0.0,0.0,False,0.01,1,False,False,False,resnet50,False,301,64,1e-05,False,1.0,0.1,0,222,False,results/CUB/jtt_40_100_625/model_outputs_222,50,10,True,False,1,5,4,0.7,metadata.csv,None,results/CUB/erm_jtt_625/model_outputs_222/final_epoch_40/metadata_aug.csv,wrong_1_times,False,False,0,0,,0.0,1,False,,,
CUB,jtt_40_100_625,333,results/CUB/jtt_40_100_625/model_outputs_333,CUB,confounder,False,spurious,waterbird_complete625,['forest2water2'],100,False,None,None,1.0,../datasets,False,False,0.1,erm,0.2,0.0,0.0,False,0.01,1,False,False,False,resnet50,False,301,64,1e-05,False,1.0,0.1,0,333,False,results/CUB/jtt_40_100_625/model_outputs_333,50,10,True,False,1,5,4,0.7,metadata.csv,None,results/CUB/erm_jtt_625/model_outputs_333/final_epoch_40/metadata_aug.csv,wrong_1_times,False,False,0,0,,0.0,1,False,,,
CUB,jtt_40_100_75,111,results/CUB/jtt_40_100_75/model_outputs_111,CUB,confounder,False,spurious,waterbird_complete75,['forest2water2'],100,False,None,None,1.0,../datasets,False,False,0.1,erm,0.2,0.0,0.0,False,0.01,1,False,False,False,resnet50,False,301,64,1e-05,False,1.0,0.1,0,111,False,results/CUB/jtt_40_100_75/model_outputs_111,50,10,True,False,1,5,4,0.7,metadata.csv,None,results/CUB/erm_jtt_75/model_outputs_111/final_epoch_40/metadata_aug.csv,wrong_1_times,False,False,0,0,,0.0,1,False,,,
CUB,jtt_40_100_75,222,results/CUB/jtt_40_100_75/model_outputs_222,CUB,confounder,False,spurious,waterbird_complete75,['forest2water2'],100,False,None,None,1.0,../datasets,False,False,0.1,erm,0.2,0.0,0.0,False,0.01,1,False,False,False,resnet50,False,301,64,1e-05,False,1.0,0.1,0,222,False,results/CUB/jtt_40_100_75/model_outputs_222,50,10,True,False,1,5,4,0.7,metadata.csv,None,results/CUB/erm_jtt_75/model_outputs_222/final_epoch_40/metadata_aug.csv,wrong_1_times,False,False,0,0,,0.0,1,False,,,
CUB,jtt_40_100_75,333,results/CUB/jtt_40_100_75/model_outputs_333,CUB,confounder,False,spurious,waterbird_complete75,['forest2water2'],100,False,None,None,1.0,../datasets,False,False,0.1,erm,0.2,0.0,0.0,False,0.01,1,False,False,False,resnet50,False,301,64,1e-05,False,1.0,0.1,0,333,False,results/CUB/jtt_40_100_75/model_outputs_333,50,10,True,False,1,5,4,0.7,metadata.csv,None,results/CUB/erm_jtt_75/model_outputs_333/final_epoch_40/metadata_aug.csv,wrong_1_times,False,False,0,0,,0.0,1,False,,,
CUB,jtt_40_100_875,111,results/CUB/jtt_40_100_875/model_outputs_111,CUB,confounder,False,spurious,waterbird_complete875,['forest2water2'],100,False,None,None,1.0,../datasets,False,False,0.1,erm,0.2,0.0,0.0,False,0.01,1,False,False,False,resnet50,False,301,64,1e-05,False,1.0,0.1,0,111,False,results/CUB/jtt_40_100_875/model_outputs_111,50,10,True,False,1,5,4,0.7,metadata.csv,None,results/CUB/erm_jtt_875/model_outputs_111/final_epoch_40/metadata_aug.csv,wrong_1_times,False,False,0,0,,0.0,1,False,,,
CUB,jtt_40_100_875,222,results/CUB/jtt_40_100_875/model_outputs_222,CUB,confounder,False,spurious,waterbird_complete875,['forest2water2'],100,False,None,None,1.0,../datasets,False,False,0.1,erm,0.2,0.0,0.0,False,0.01,1,False,False,False,resnet50,False,301,64,1e-05,False,1.0,0.1,0,222,False,results/CUB/jtt_40_100_875/model_outputs_222,50,10,True,False,1,5,4,0.7,metadata.csv,None,results/CUB/erm_jtt_875/model_outputs_222/final_epoch_40/metadata_aug.csv,wrong_1_times,False,False,0,0,,0.0,1,False,,,
CUB,jtt_40_100_875,333,results/CUB/jtt_40_100_875/model_outputs_333,CUB,confounder,False,spurious,waterbird_complete875,['forest2water2'],100,False,None,None,1.0,../datasets,False,False,0.1,erm,0.2,0.0,0.0,False,0.01,1,False,False,False,resnet50,False,301,64,1e-05,False,1.0,0.1,0,333,False,results/CUB/jtt_40_100_875/model_outputs_333,50,10,True,False,1,5,4,0.7,metadata.csv,None,results/CUB/erm_jtt_875/model_outputs_333/final_epoch_40/metadata_aug.csv,wrong_1_times,False,False,0,0,,0.0,1,False,,,
CUB,jtt_40_100_95,111,results/CUB/jtt_40_100_95/model_outputs_111,CUB,confounder,False,spurious,waterbird_complete95,['forest2water2'],100,False,None,None,1.0,../datasets,False,False,0.1,erm,0.2,0.0,0.0,False,0.01,1,False,False,False,resnet50,False,301,64,1e-05,False,1.0,0.1,0,111,False,results/CUB/jtt_40_100_95/model_outputs_111,50,10,True,False,1,5,4,0.7,metadata.csv,None,results/CUB/erm_jtt_95/model_outputs_111/final_epoch_40/metadata_aug.csv,wrong_1_times,False,False,0,0,,0.0,1,False,,,
CUB,jtt_40_100_95,222,results/CUB/jtt_40_100_95/model_outputs_222,CUB,confounder,False,spurious,waterbird_complete95,['forest2water2'],100,False,None,None,1.0,../datasets,False,False,0.1,erm,0.2,0.0,0.0,False,0.01,1,False,False,False,resnet50,False,301,64,1e-05,False,1.0,0.1,0,222,False,results/CUB/jtt_40_100_95/model_outputs_222,50,10,True,False,1,5,4,0.7,metadata.csv,None,results/CUB/erm_jtt_95/model_outputs_222/final_epoch_40/metadata_aug.csv,wrong_1_times,False,False,0,0,,0.0,1,False,,,
CUB,jtt_40_100_95,333,results/CUB/jtt_40_100_95/model_outputs_333,CUB,confounder,False,spurious,waterbird_complete95,['forest2water2'],100,False,None,None,1.0,../datasets,False,False,0.1,erm,0.2,0.0,0.0,False,0.01,1,False,False,False,resnet50,False,301,64,1e-05,False,1.0,0.1,0,333,False,results/CUB/jtt_40_100_95/model_outputs_333,50,10,True,False,1,5,4,0.7,metadata.csv,None,results/CUB/erm_jtt_95/model_outputs_333/final_epoch_40/metadata_aug.csv,wrong_1_times,False,False,0,0,,0.0,1,False,,,
CUB,jtt_50_100_625,111,results/CUB/jtt_50_100_625/model_outputs_111,CUB,confounder,False,spurious,waterbird_complete625,['forest2water2'],100,False,None,None,1.0,../datasets,False,False,0.1,erm,0.2,0.0,0.0,False,0.01,1,False,False,False,resnet50,False,301,64,1e-05,False,1.0,0.1,0,111,False,results/CUB/jtt_50_100_625/model_outputs_111,50,10,True,False,1,5,4,0.7,metadata.csv,None,results/CUB/erm_jtt_625/model_outputs_111/final_epoch_50/metadata_aug.csv,wrong_1_times,False,False,0,0,,0.0,1,False,,,
CUB,jtt_50_100_625,222,results/CUB/jtt_50_100_625/model_outputs_222,CUB,confounder,False,spurious,waterbird_complete625,['forest2water2'],100,False,None,None,1.0,../datasets,False,False,0.1,erm,0.2,0.0,0.0,False,0.01,1,False,False,False,resnet50,False,301,64,1e-05,False,1.0,0.1,0,222,False,results/CUB/jtt_50_100_625/model_outputs_222,50,10,True,False,1,5,4,0.7,metadata.csv,None,results/CUB/erm_jtt_625/model_outputs_222/final_epoch_50/metadata_aug.csv,wrong_1_times,False,False,0,0,,0.0,1,False,,,
CUB,jtt_50_100_625,333,results/CUB/jtt_50_100_625/model_outputs_333,CUB,confounder,False,spurious,waterbird_complete625,['forest2water2'],100,False,None,None,1.0,../datasets,False,False,0.1,erm,0.2,0.0,0.0,False,0.01,1,False,False,False,resnet50,False,301,64,1e-05,False,1.0,0.1,0,333,False,results/CUB/jtt_50_100_625/model_outputs_333,50,10,True,False,1,5,4,0.7,metadata.csv,None,results/CUB/erm_jtt_625/model_outputs_333/final_epoch_50/metadata_aug.csv,wrong_1_times,False,False,0,0,,0.0,1,False,,,
CUB,jtt_50_100_75,111,results/CUB/jtt_50_100_75/model_outputs_111,CUB,confounder,False,spurious,waterbird_complete75,['forest2water2'],100,False,None,None,1.0,../datasets,False,False,0.1,erm,0.2,0.0,0.0,False,0.01,1,False,False,False,resnet50,False,301,64,1e-05,False,1.0,0.1,0,111,False,results/CUB/jtt_50_100_75/model_outputs_111,50,10,True,False,1,5,4,0.7,metadata.csv,None,results/CUB/erm_jtt_75/model_outputs_111/final_epoch_50/metadata_aug.csv,wrong_1_times,False,False,0,0,,0.0,1,False,,,
CUB,jtt_50_100_75,222,results/CUB/jtt_50_100_75/model_outputs_222,CUB,confounder,False,spurious,waterbird_complete75,['forest2water2'],100,False,None,None,1.0,../datasets,False,False,0.1,erm,0.2,0.0,0.0,False,0.01,1,False,False,False,resnet50,False,301,64,1e-05,False,1.0,0.1,0,222,False,results/CUB/jtt_50_100_75/model_outputs_222,50,10,True,False,1,5,4,0.7,metadata.csv,None,results/CUB/erm_jtt_75/model_outputs_222/final_epoch_50/metadata_aug.csv,wrong_1_times,False,False,0,0,,0.0,1,False,,,
CUB,jtt_50_100_75,333,results/CUB/jtt_50_100_75/model_outputs_333,CUB,confounder,False,spurious,waterbird_complete75,['forest2water2'],100,False,None,None,1.0,../datasets,False,False,0.1,erm,0.2,0.0,0.0,False,0.01,1,False,False,False,resnet50,False,301,64,1e-05,False,1.0,0.1,0,333,False,results/CUB/jtt_50_100_75/model_outputs_333,50,10,True,False,1,5,4,0.7,metadata.csv,None,results/CUB/erm_jtt_75/model_outputs_333/final_epoch_50/metadata_aug.csv,wrong_1_times,False,False,0,0,,0.0,1,False,,,
CUB,jtt_50_100_875,111,results/CUB/jtt_50_100_875/model_outputs_111,CUB,confounder,False,spurious,waterbird_complete875,['forest2water2'],100,False,None,None,1.0,../datasets,False,False,0.1,erm,0.2,0.0,0.0,False,0.01,1,False,False,False,resnet50,False,301,64,1e-05,False,1.0,0.1,0,111,False,results/CUB/jtt_50_100_875/model_outputs_111,50,10,True,False,1,5,4,0.7,metadata.csv,None,results/CUB/erm_jtt_875/model_outputs_111/final_epoch_50/metadata_aug.csv,wrong_1_times,False,False,0,0,,0.0,1,False,,,
CUB,jtt_50_100_875,222,results/CUB/jtt_50_100_875/model_outputs_222,CUB,confounder,False,spurious,waterbird_complete875,['forest2water2'],100,False,None,None,1.0,../datasets,False,False,0.1,erm,0.2,0.0,0.0,False,0.01,1,False,False,False,resnet50,False,301,64,1e-05,False,1.0,0.1,0,222,False,results/CUB/jtt_50_100_875/model_outputs_222,50,10,True,False,1,5,4,0.7,metadata.csv,None,results/CUB/erm_jtt_875/model_outputs_222/final_epoch_50/metadata_aug.csv,wrong_1_times,False,False,0,0,,0.0,1,False,,,
CUB,jtt_50_100_875,333,results/CUB/jtt_50_100_875/model_outputs_333,CUB,confounder,False,spurious,waterbird_complete875,['forest2water2'],100,False,None,None,1.0,../datasets,False,False,0.1,erm,0.2,0.0,0.0,False,0.01,1,False,False,False,resnet50,False,301,64,1e-05,False,1.0,0.1,0,333,False,results/CUB/jtt_50_100_875/model_outputs_333,50,10,True,False,1,5,4,0.7,metadata.csv,None,results/CUB/erm_jtt_875/model_outputs_333/final_epoch_50/metadata_aug.csv,wrong_1_times,False,False,0,0,,0.0,1,False,,,
CUB,jtt_50_100_95,111,results/CUB/jtt_50_100_95/model_outputs_111,CUB,confounder,False,spurious,waterbird_complete95,['forest2water2'],100,False,None,None,1.0,../datasets,False,False,0.1,erm,0.2,0.0,0.0,False,0.01,1,False,False,False,resnet50,False,301,64,1e-05,False,1.0,0.1,0,111,False,results/CUB/jtt_50_100_95/model_outputs_111,50,10,True,False,1,5,4,0.7,metadata.csv,None,results/CUB/erm_jtt_95/model_outputs_111/final_epoch_50/metadata_aug.csv,wrong_1_times,False,False,0,0,,0.0,1,False,,,
CUB,jtt_50_100_95,222,results/CUB/jtt_50_100_95/model_outputs_222,CUB,confounder,False,spurious,waterbird_complete95,['forest2water2'],100,False,None,None,1.0,../datasets,False,False,0.1,erm,0.2,0.0,0.0,False,0.01,1,False,False,False,resnet50,False,301,64,1e-05,False,1.0,0.1,0,222,False,results/CUB/jtt_50_100_95/model_outputs_222,50,10,True,False,1,5,4,0.7,metadata.csv,None,results/CUB/erm_jtt_95/model_outputs_222/final_epoch_50/metadata_aug.csv,wrong_1_times,False,False,0,0,,0.0,1,False,,,
CUB,jtt_50_100_95,333,results/CUB/jtt_50_100_95/model_outputs_333,CUB,confounder,False,spurious,waterbird_complete95,['forest2water2'],100,False,None,None,1.0,../datasets,False,False,0.1,erm,0.2,0.0,0.0,False,0.01,1,False,False,False,resnet50,False,301,64,1e-05,False,1.0,0.1,0,333,False,results/CUB/jtt_50_100_95/model_outputs_333,50,10,True,False,1,5,4,0.7,metadata.csv,None,results/CUB/erm_jtt_95/model_outputs_333/final_epoch_50/metadata_aug.csv,wrong_1_times,False,False,0,0,,0.0,1,False,,,
CUB,jtt_60_100_625,111,results/CUB/jtt_60_100_625/model_outputs_111,CUB,confounder,False,spurious,waterbird_complete625,['forest2water2'],100,False,None,None,1.0,../datasets,False,False,0.1,erm,0.2,0.0,0.0,False,0.01,1,False,False,False,resnet50,False,301,64,1e-05,False,1.0,0.1,0,111,False,results/CUB/jtt_60_100_625/model_outputs_111,50,10,True,False,1,5,4,0.7,metadata.csv,None,results/CUB/erm_jtt_625/model_outputs_111/final_epoch_60/metadata_aug.csv,wrong_1_times,False,False,0,0,,0.0,1,False,,,
CUB,jtt_60_100_625,222,results/CUB/jtt_60_100_625/model_outputs_222,CUB,confounder,False,spurious,waterbird_complete625,['forest2water2'],100,False,None,None,1.0,../datasets,False,False,0.1,erm,0.2,0.0,0.0,False,0.01,1,False,False,False,resnet50,False,301,64,1e-05,False,1.0,0.1,0,222,False,results/CUB/jtt_60_100_625/model_outputs_222,50,10,True,False,1,5,4,0.7,metadata.csv,None,results/CUB/erm_jtt_625/model_outputs_222/final_epoch_60/metadata_aug.csv,wrong_1_times,False,False,0,0,,0.0,1,False,,,
CUB,jtt_60_100_625,333,results/CUB/jtt_60_100_625/model_outputs_333,CUB,confounder,False,spurious,waterbird_complete625,['forest2water2'],100,False,None,None,1.0,../datasets,False,False,0.1,erm,0.2,0.0,0.0,False,0.01,1,False,False,False,resnet50,False,301,64,1e-05,False,1.0,0.1,0,333,False,results/CUB/jtt_60_100_625/model_outputs_333,50,10,True,False,1,5,4,0.7,metadata.csv,None,results/CUB/erm_jtt_625/model_outputs_333/final_epoch_60/metadata_aug.csv,wrong_1_times,False,False,0,0,,0.0,1,False,,,
CUB,jtt_60_100_75,111,results/CUB/jtt_60_100_75/model_outputs_111,CUB,confounder,False,spurious,waterbird_complete75,['forest2water2'],100,False,None,None,1.0,../datasets,False,False,0.1,erm,0.2,0.0,0.0,False,0.01,1,False,False,False,resnet50,False,301,64,1e-05,False,1.0,0.1,0,111,False,results/CUB/jtt_60_100_75/model_outputs_111,50,10,True,False,1,5,4,0.7,metadata.csv,None,results/CUB/erm_jtt_75/model_outputs_111/final_epoch_60/metadata_aug.csv,wrong_1_times,False,False,0,0,,0.0,1,False,,,
CUB,jtt_60_100_75,222,results/CUB/jtt_60_100_75/model_outputs_222,CUB,confounder,False,spurious,waterbird_complete75,['forest2water2'],100,False,None,None,1.0,../datasets,False,False,0.1,erm,0.2,0.0,0.0,False,0.01,1,False,False,False,resnet50,False,301,64,1e-05,False,1.0,0.1,0,222,False,results/CUB/jtt_60_100_75/model_outputs_222,50,10,True,False,1,5,4,0.7,metadata.csv,None,results/CUB/erm_jtt_75/model_outputs_222/final_epoch_60/metadata_aug.csv,wrong_1_times,False,False,0,0,,0.0,1,False,,,
CUB,jtt_60_100_75,333,results/CUB/jtt_60_100_75/model_outputs_333,CUB,confounder,False,spurious,waterbird_complete75,['forest2water2'],100,False,None,None,1.0,../datasets,False,False,0.1,erm,0.2,0.0,0.0,False,0.01,1,False,False,False,resnet50,False,301,64,1e-05,False,1.0,0.1,0,333,False,results/CUB/jtt_60_100_75/model_outputs_333,50,10,True,False,1,5,4,0.7,metadata.csv,None,results/CUB/erm_jtt_75/model_outputs_333/final_epoch_60/metadata_aug.csv,wrong_1_times,False,False,0,0,,0.0,1,False,,,
CUB,jtt_60_100_875,111,results/CUB/jtt_60_100_875/model_outputs_111,CUB,confounder,False,spurious,waterbird_complete875,['forest2water2'],100,False,None,None,1.0,../datasets,False,False,0.1,erm,0.2,0.0,0.0,False,0.01,1,False,False,False,resnet50,False,301,64,1e-05,False,1.0,0.1,0,111,False,results/CUB/jtt_60_100_875/model_outputs_111,50,10,True,False,1,5,4,0.7,metadata.csv,None,results/CUB/erm_jtt_875/model_outputs_111/final_epoch_60/metadata_aug.csv,wrong_1_times,False,False,0,0,,0.0,1,False,,,
CUB,jtt_60_100_875,222,results/CUB/jtt_60_100_875/model_outputs_222,CUB,confounder,False,spurious,waterbird_complete875,['forest2water2'],100,False,None,None,1.0,../datasets,False,False,0.1,erm,0.2,0.0,0.0,False,0.01,1,False,False,False,resnet50,False,301,64,1e-05,False,1.0,0.1,0,222,False,results/CUB/jtt_60_100_875/model_outputs_222,50,10,True,False,1,5,4,0.7,metadata.csv,None,results/CUB/erm_jtt_875/model_outputs_222/final_epoch_60/metadata_aug.csv,wrong_1_times,False,False,0,0,,0.0,1,False,,,
CUB,jtt_60_100_875,333,results/CUB/jtt_60_100_875/model_outputs_333,CUB,confounder,False,spurious,waterbird_complete875,['forest2water2'],100,False,None,None,1.0,../datasets,False,False,0.1,erm,0.2,0.0,0.0,False,0.01,1,False,False,False,resnet50,False,301,64,1e-05,False,1.0,0.1,0,333,False,results/CUB/jtt_60_100_875/model_outputs_333,50,10,True,False,1,5,4,0.7,metadata.csv,None,results/CUB/erm_jtt_875/model_outputs_333/final_epoch_60/metadata_aug.csv,wrong_1_times,False,False,0,0,,0.0,1,False,,,
CUB,jtt_60_100_95,111,results/CUB/jtt_60_100_95/model_outputs_111,CUB,confounder,False,spurious,waterbird_complete95,['forest2water2'],100,False,None,None,1.0,../datasets,False,False,0.1,erm,0.2,0.0,0.0,False,0.01,1,False,False,False,resnet50,False,301,64,1e-05,False,1.0,0.1,0,111,False,results/CUB/jtt_60_100_95/model_outputs_111,50,10,True,False,1,5,4,0.7,metadata.csv,None,results/CUB/erm_jtt_95/model_outputs_111/final_epoch_60/metadata_aug.csv,wrong_1_times,False,False,0,0,,0.0,1,False,,,
CUB,jtt_60_100_95,222,results/CUB/jtt_60_100_95/model_outputs_222,CUB,confounder,False,spurious,waterbird_complete95,['forest2water2'],100,False,None,None,1.0,../datasets,False,False,0.1,erm,0.2,0.0,0.0,False,0.01,1,False,False,False,resnet50,False,301,64,1e-05,False,1.0,0.1,0,222,False,results/CUB/jtt_60_100_95/model_outputs_222,50,10,True,False,1,5,4,0.7,metadata.csv,None,results/CUB/erm_jtt_95/model_outputs_222/final_epoch_60/metadata_aug.csv,wrong_1_times,False,False,0,0,,0.0,1,False,,,
CUB,jtt_60_100_95,333,results/CUB/jtt_60_100_95/model_outputs_333,CUB,confounder,False,spurious,waterbird_complete95,['forest2water2'],100,False,None,None,1.0,../datasets,False,False,0.1,erm,0.2,0.0,0.0,False,0.01,1,False,False,False,resnet50,False,301,64,1e-05,False,1.0,0.1,0,333,False,results/CUB/jtt_60_100_95/model_outputs_333,50,10,True,False,1,5,4,0.7,metadata.csv,None,results/CUB/erm_jtt_95/model_outputs_333/final_epoch_60/metadata_aug.csv,wrong_1_times,False,False,0,0,,0.0,1,False,,,
CUB,rw_50,111,results/CUB/rw_50/model_outputs_111,CUB,confounder,False,spurious,waterbird_complete50,['forest2water2'],0,False,None,None,1.0,../datasets,True,False,0.1,erm,0.2,0.0,0.0,False,0.01,1,False,False,False,resnet50,False,301,64,0.001,False,0.0001,0.1,0,111,False,results/CUB/rw_50/model_outputs_111,50,10,True,False,1,5,4,0.7,metadata.csv,None,../datasets//metadata.csv,None,False,False,0,0,,0.0,1,,,,
CUB,rw_50,222,results/CUB/rw_50/model_outputs_222,CUB,confounder,False,spurious,waterbird_complete50,['forest2water2'],0,False,None,None,1.0,../datasets,True,False,0.1,erm,0.2,0.0,0.0,False,0.01,1,False,False,False,resnet50,False,301,64,0.001,False,0.0001,0.1,0,222,False,results/CUB/rw_50/model_outputs_222,50,10,True,False,1,5,4,0.7,metadata.csv,None,../datasets//metadata.csv,None,False,False,0,0,,0.0,1,,,,
CUB,rw_50,333,results/CUB/rw_50/model_outputs_333,CUB,confounder,False,spurious,waterbird_complete50,['forest2water2'],0,False,None,None,1.0,../datasets,True,False,0.1,erm,0.2,0.0,0.0,False,0.01,1,False,False,False,resnet50,False,301,64,0.001,False,0.0001,0.1,0,333,False,results/CUB/rw_50/model_outputs_333,50,10,True,False,1,5,4,0.7,metadata.csv,None,../datasets//metadata.csv,None,False,False,0,0,,0.0,1,,,,
CUB,rw_625,111,results/CUB/rw_625/model_outputs_111,CUB,confounder,False,spurious,waterbird_complete625,['forest2water2'],0,False,None,None,1.0,../datasets,True,False,0.1,erm,0.2,0.0,0.0,False,0.01,1,False,False,False,resnet50,False,301,64,0.001,False,0.0001,0.1,0,111,False,results/CUB/rw_625/model_outputs_111,50,10,True,False,1,5,4,0.7,metadata.csv,None,../datasets//metadata.csv,None,False,False,0,0,,0.0,1,,,,
CUB,rw_625,222,results/CUB/rw_625/model_outputs_222,CUB,confounder,False,spurious,waterbird_complete625,['forest2water2'],0,False,None,None,1.0,../datasets,True,False,0.1,erm,0.2,0.0,0.0,False,0.01,1,False,False,False,resnet50,False,301,64,0.001,False,0.0001,0.1,0,222,False,results/CUB/rw_625/model_outputs_222,50,10,True,False,1,5,4,0.7,metadata.csv,None,../datasets//metadata.csv,None,False,False,0,0,,0.0,1,,,,
CUB,rw_625,333,results/CUB/rw_625/model_outputs_333,CUB,confounder,False,spurious,waterbird_complete625,['forest2water2'],0,False,None,None,1.0,../datasets,True,False,0.1,erm,0.2,0.0,0.0,False,0.01,1,False,False,False,resnet50,False,301,64,0.001,False,0.0001,0.1,0,333,False,results/CUB/rw_625/model_outputs_333,50,10,True,False,1,5,4,0.7,metadata.csv,None,../datasets//metadata.csv,None,False,False,0,0,,0.0,1,,,,
CUB,rw_75,111,results/CUB/rw_75/model_outputs_111,CUB,confounder,False,spurious,waterbird_complete75,['forest2water2'],0,False,None,None,1.0,../datasets,True,False,0.1,erm,0.2,0.0,0.0,False,0.01,1,False,False,False,resnet50,False,301,64,0.001,False,0.0001,0.1,0,111,False,results/CUB/rw_75/model_outputs_111,50,10,True,False,1,5,4,0.7,metadata.csv,None,../datasets//metadata.csv,None,False,False,0,0,,0.0,1,,,,
CUB,rw_75,222,results/CUB/rw_75/model_outputs_222,CUB,confounder,False,spurious,waterbird_complete75,['forest2water2'],0,False,None,None,1.0,../datasets,True,False,0.1,erm,0.2,0.0,0.0,False,0.01,1,False,False,False,resnet50,False,301,64,0.001,False,0.0001,0.1,0,222,False,results/CUB/rw_75/model_outputs_222,50,10,True,False,1,5,4,0.7,metadata.csv,None,../datasets//metadata.csv,None,False,False,0,0,,0.0,1,,,,
CUB,rw_75,333,results/CUB/rw_75/model_outputs_333,CUB,confounder,False,spurious,waterbird_complete75,['forest2water2'],0,False,None,None,1.0,../datasets,True,False,0.1,erm,0.2,0.0,0.0,False,0.01,1,False,False,False,resnet50,False,301,64,0.001,False,0.0001,0.1,0,333,False,results/CUB/rw_75/model_outputs_333,50,10,True,False,1,5,4,0.7,metadata.csv,None,../datasets//metadata.csv,None,False,False,0,0,,0.0,1,,,,
CUB,rw_875,111,results/CUB/rw_875/model_outputs_111,CUB,confounder,False,spurious,waterbird_complete875,['forest2water2'],0,False,None,None,1.0,../datasets,True,False,0.1,erm,0.2,0.0,0.0,False,0.01,1,False,False,False,resnet50,False,301,64,0.001,False,0.0001,0.1,0,111,False,results/CUB/rw_875/model_outputs_111,50,10,True,False,1,5,4,0.7,metadata.csv,None,../datasets//metadata.csv,None,False,False,0,0,,0.0,1,,,,
CUB,rw_875,222,results/CUB/rw_875/model_outputs_222,CUB,confounder,False,spurious,waterbird_complete875,['forest2water2'],0,False,None,None,1.0,../datasets,True,False,0.1,erm,0.2,0.0,0.0,False,0.01,1,False,False,False,resnet50,False,301,64,0.001,False,0.0001,0.1,0,222,False,results/CUB/rw_875/model_outputs_222,50,10,True,False,1,5,4,0.7,metadata.csv,None,../datasets//metadata.csv,None,False,False,0,0,,0.0,1,,,,
CUB,rw_875,333,results/CUB/rw_875/model_outputs_333,CUB,confounder,False,spurious,waterbird_complete875,['forest2water2'],0,False,None,None,1.0,../datasets,True,False,0.1,erm,0.2,0.0,0.0,False,0.01,1,False,False,False,resnet50,False,301,64,0.001,False,0.0001,0.1,0,333,False,results/CUB/rw_875/model_outputs_333,50,10,True,False,1,5,4,0.7,metadata.csv,None,../datasets//metadata.csv,None,False,False,0,0,,0.0,1,,,,
CUB,rw_95,111,results/CUB/rw_95/model_outputs_111,CUB,confounder,False,spurious,waterbird_complete95,['forest2water2'],0,False,None,None,1.0,../datasets,True,False,0.1,erm,0.2,0.0,0.0,False,0.01,1,False,False,False,resnet50,False,301,64,0.001,False,0.0001,0.1,0,111,False,results/CUB/rw_95/model_outputs_111,50,10,True,False,1,5,4,0.7,metadata.csv,None,../datasets//metadata.csv,None,False,False,0,0,,0.0,1,,,,
CUB,rw_95,222,results/CUB/rw_95/model_outputs_222,CUB,confounder,False,spurious,waterbird_complete95,['forest2water2'],0,False,None,None,1.0,../datasets,True,False,0.1,erm,0.2,0.0,0.0,False,0.01,1,False,False,False,resnet50,False,301,64,0.001,False,0.0001,0.1,0,222,False,results/CUB/rw_95/model_outputs_222,50,10,True,False,1,5,4,0.7,metadata.csv,None,../datasets//metadata.csv,None,False,False,0,0,,0.0,1,,,,
CUB,rw_95,333,results/CUB/rw_95/model_outputs_333,CUB,confounder,False,spurious,waterbird_complete95,['forest2water2'],0,False,None,None,1.0,../datasets,True,False,0.1,erm,0.2,0.0,0.0,False,0.01,1,False,False,False,resnet50,False,301,64,0.001,False,0.0001,0.1,0,333,False,results/CUB/rw_95/model_outputs_333,50,10,True,False,1,5,4,0.7,metadata.csv,None,../datasets//metadata.csv,None,False,False,0,0,,0.0,1,,,,
CUB,rw_erm_50,111,results/CUB/rw_erm_50/model_outputs_111,CUB,confounder,False,spurious,waterbird_complete50,['forest2water2'],0,False,None,None,1.0,../datasets,True,False,0.1,erm,0.2,0.0,0.0,False,0.01,1,False,False,False,resnet50,False,301,64,0.001,False,0.0001,0.1,0,111,False,results/CUB/rw_erm_50/model_outputs_111,50,10,True,False,1,5,4,0.7,metadata.csv,None,../datasets//metadata.csv,None,False,,,,,,,,,,
CUB,rw_erm_50,222,results/CUB/rw_erm_50/model_outputs_222,CUB,confounder,False,spurious,waterbird_complete50,['forest2water2'],0,False,None,None,1.0,../datasets,True,False,0.1,erm,0.2,0.0,0.0,False,0.01,1,False,False,False,resnet50,False,301,64,0.001,False,0.0001,0.1,0,222,False,results/CUB/rw_erm_50/model_outputs_222,50,10,True,False,1,5,4,0.7,metadata.csv,None,../datasets//metadata.csv,None,False,,,,,,,,,,
CUB,rw_erm_50,333,results/CUB/rw_erm_50/model_outputs_333,CUB,confounder,False,spurious,waterbird_complete50,['forest2water2'],0,False,None,None,1.0,../datasets,True,False,0.1,erm,0.2,0.0,0.0,False,0.01,1,False,False,False,resnet50,False,301,64,0.001,False,0.0001,0.1,0,333,False,results/CUB/rw_erm_50/model_outputs_333,50,10,True,False,1,5,4,0.7,metadata.csv,None,../datasets//metadata.csv,None,False,,,,,,,,,,
CUB,rw_erm_625,111,results/CUB/rw_erm_625/model_outputs_111,CUB,confounder,False,spurious,waterbird_complete625,['forest2water2'],0,False,None,None,1.0,../datasets,True,False,0.1,erm,0.2,0.0,0.0,False,0.01,1,False,False,False,resnet50,False,301,64,0.001,False,0.0001,0.1,0,111,False,results/CUB/rw_erm_625/model_outputs_111,50,10,True,False,1,5,4,0.7,metadata.csv,None,../datasets//metadata.csv,None,False,,,,,,,,,,
CUB,rw_erm_625,222,results/CUB/rw_erm_625/model_outputs_222,CUB,confounder,False,spurious,waterbird_complete625,['forest2water2'],0,False,None,None,1.0,../datasets,True,False,0.1,erm,0.2,0.0,0.0,False,0.01,1,False,False,False,resnet50,False,301,64,0.001,False,0.0001,0.1,0,222,False,results/CUB/rw_erm_625/model_outputs_222,50,10,True,False,1,5,4,0.7,metadata.csv,None,../datasets//metadata.csv,None,False,,,,,,,,,,
CUB,rw_erm_625,333,results/CUB/rw_erm_625/model_outputs_333,CUB,confounder,False,spurious,waterbird_complete625,['forest2water2'],0,False,None,None,1.0,../datasets,True,False,0.1,erm,0.2,0.0,0.0,False,0.01,1,False,False,False,resnet50,False,301,64,0.001,False,0.0001,0.1,0,333,False,results/CUB/rw_erm_625/model_outputs_333,50,10,True,False,1,5,4,0.7,metadata.csv,None,../datasets//metadata.csv,None,False,,,,,,,,,,
CUB,rw_erm_75,111,results/CUB/rw_erm_75/model_outputs_111,CUB,confounder,False,spurious,waterbird_complete75,['forest2water2'],0,False,None,None,1.0,../datasets,True,False,0.1,erm,0.2,0.0,0.0,False,0.01,1,False,False,False,resnet50,False,301,64,0.001,False,0.0001,0.1,0,111,False,results/CUB/rw_erm_75/model_outputs_111,50,10,True,False,1,5,4,0.7,metadata.csv,None,../datasets//metadata.csv,None,False,,,,,,,,,,
CUB,rw_erm_75,222,results/CUB/rw_erm_75/model_outputs_222,CUB,confounder,False,spurious,waterbird_complete75,['forest2water2'],0,False,None,None,1.0,../datasets,True,False,0.1,erm,0.2,0.0,0.0,False,0.01,1,False,False,False,resnet50,False,301,64,0.001,False,0.0001,0.1,0,222,False,results/CUB/rw_erm_75/model_outputs_222,50,10,True,False,1,5,4,0.7,metadata.csv,None,../datasets//metadata.csv,None,False,,,,,,,,,,
CUB,rw_erm_75,333,results/CUB/rw_erm_75/model_outputs_333,CUB,confounder,False,spurious,waterbird_complete75,['forest2water2'],0,False,None,None,1.0,../datasets,True,False,0.1,erm,0.2,0.0,0.0,False,0.01,1,False,False,False,resnet50,False,301,64,0.001,False,0.0001,0.1,0,333,False,results/CUB/rw_erm_75/model_outputs_333,50,10,True,False,1,5,4,0.7,metadata.csv,None,../datasets//metadata.csv,None,False,,,,,,,,,,
CUB,rw_erm_875,111,results/CUB/rw_erm_875/model_outputs_111,CUB,confounder,False,spurious,waterbird_complete875,['forest2water2'],0,False,None,None,1.0,../datasets,True,False,0.1,erm,0.2,0.0,0.0,False,0.01,1,False,False,False,resnet50,False,301,64,0.001,False,0.0001,0.1,0,111,False,results/CUB/rw_erm_875/model_outputs_111,50,10,True,False,1,5,4,0.7,metadata.csv,None,../datasets//metadata.csv,None,False,,,,,,,,,,
CUB,rw_erm_875,222,results/CUB/rw_erm_875/model_outputs_222,CUB,confounder,False,spurious,waterbird_complete875,['forest2water2'],0,False,None,None,1.0,../datasets,True,False,0.1,erm,0.2,0.0,0.0,False,0.01,1,False,False,False,resnet50,False,301,64,0.001,False,0.0001,0.1,0,222,False,results/CUB/rw_erm_875/model_outputs_222,50,10,True,False,1,5,4,0.7,metadata.csv,None,../datasets//metadata.csv,None,False,,,,,,,,,,
CUB,rw_erm_875,333,results/CUB/rw_erm_875/model_outputs_333,CUB,confounder,False,spurious,waterbird_complete875,['forest2water2'],0,False,None,None,1.0,../datasets,True,False,0.1,erm,0.2,0.0,0.0,False,0.01,1,False,False,False,resnet50,False,301,64,0.001,False,0.0001,0.1,0,333,False,results/CUB/rw_erm_875/model_outputs_333,50,10,True,False,1,5,4,0.7,metadata.csv,None,../datasets//metadata.csv,None,False,,,,,,,,,,
CUB,rw_erm_95,111,results/CUB/rw_erm_95/model_outputs_111,CUB,confounder,False,spurious,waterbird_complete95,['forest2water2'],0,False,None,None,1.0,../datasets,True,False,0.1,erm,0.2,0.0,0.0,False,0.01,1,False,False,False,resnet50,False,301,64,0.001,False,0.0001,0.1,0,111,False,results/CUB/rw_erm_95/model_outputs_111,50,10,True,False,1,5,4,0.7,metadata.csv,None,../datasets//metadata.csv,None,False,,,,,,,,,,
CUB,rw_erm_95,222,results/CUB/rw_erm_95/model_outputs_222,CUB,confounder,False,spurious,waterbird_complete95,['forest2water2'],0,False,None,None,1.0,../datasets,True,False,0.1,erm,0.2,0.0,0.0,False,0.01,1,False,False,False,resnet50,False,301,64,0.001,False,0.0001,0.1,0,222,False,results/CUB/rw_erm_95/model_outputs_222,50,10,True,False,1,5,4,0.7,metadata.csv,None,../datasets//metadata.csv,None,False,,,,,,,,,,
CUB,rw_erm_95,333,results/CUB/rw_erm_95/model_outputs_333,CUB,confounder,False,spurious,waterbird_complete95,['forest2water2'],0,False,None,None,1.0,../datasets,True,False,0.1,erm,0.2,0.0,0.0,False,0.01,1,False,False,False,resnet50,False,301,64,0.001,False,0.0001,0.1,0,333,False,results/CUB/rw_erm_95/model_outputs_333,50,10,True,False,1,5,4,0.7,metadata.csv,None,../datasets//metadata.csv,None,False,,,,,,,,,,
CelebA,erm,111,results/CelebA/erm/model_outputs_111,CelebA,confounder,False,spurious,Blond_Hair,['Male'],0,False,None,None,1.0,../datasets,False,False,0.1,erm,0.2,0.0,0.0,False,0.01,1,False,False,False,resnet50,False,51,64,0.0001,False,0.0001,0.1,0,111,False,results/CelebA/erm/model_outputs_111,50,10,True,True,1,5,4,0.7,metadata.csv,None,None,None,False,False,0,0,,0.0,2,False,,,
CelebA,erm,222,results/CelebA/erm/model_outputs_222,CelebA,confounder,False,spurious,Blond_Hair,['Male'],0,False,None,None,1.0,../datasets,False,False,0.1,erm,0.2,0.0,0.0,False,0.01,1,False,False,False,resnet50,False,51,64,0.0001,False,0.0001,0.1,0,222,False,results/CelebA/erm/model_outputs_222,50,10,True,False,1,5,4,0.7,list_attr_celeba.csv,None,None,None,False,False,0,0,,0.0,2,,,,
CelebA,erm,333,results/CelebA/erm/model_outputs_333,CelebA,confounder,False,spurious,Blond_Hair,['Male'],0,False,None,None,1.0,../datasets,False,False,0.1,erm,0.2,0.0,0.0,False,0.01,1,False,False,False,resnet50,False,51,64,0.0001,False,0.0001,0.1,0,333,False,results/CelebA/erm/model_outputs_333,50,10,True,False,1,5,4,0.7,list_attr_celeba.csv,None,None,None,False,False,0,0,,0.0,2,,,,
CelebA,erm_dfr,111,results/CelebA/erm_dfr/model_outputs_111,CelebA,confounder,False,spurious,Blond_Hair,['Male'],0,False,None,None,1.0,../datasets,False,False,0.1,erm,0.2,0.0,0.0,False,0.01,1,False,False,False,resnet50,False,51,64,0.0001,False,0.0001,0.1,0,111,False,results/CelebA/erm_dfr/model_outputs_111,50,10,True,False,1,5,4,0.7,dfr,None,None,None,True,True,0,0,pretrained_models/CelebA/erm_111.pth,0.0,2,,,,
CelebA,erm_dfr,222,results/CelebA/erm_dfr/model_outputs_222,CelebA,confounder,False,spurious,Blond_Hair,['Male'],0,False,None,None,1.0,../datasets,False,False,0.1,erm,0.2,0.0,0.0,False,0.01,1,False,False,False,resnet50,False,51,64,0.0001,False,0.0001,0.1,0,222,False,results/CelebA/erm_dfr/model_outputs_222,50,10,True,False,1,5,4,0.7,dfr,None,None,None,True,True,0,0,pretrained_models/CelebA/erm_222.pth,0.0,2,,,,
CelebA,erm_dfr,333,results/CelebA/erm_dfr/model_outputs_333,CelebA,confounder,False,spurious,Blond_Hair,['Male'],0,False,None,None,1.0,../datasets,False,False,0.1,erm,0.2,0.0,0.0,False,0.01,1,False,False,False,resnet50,False,51,64,0.0001,False,0.0001,0.1,0,333,False,results/CelebA/erm_dfr/model_outputs_333,50,10,True,False,1,5,4,0.7,dfr,None,None,None,True,True,0,0,pretrained_models/CelebA/erm_333.pth,0.0,2,,,,
CelebA,erm_dfr_gdro,111,results/CelebA/erm_dfr_gdro/model_outputs_111,CelebA,confounder,False,spurious,Blond_Hair,['Male'],0,False,None,None,1.0,../datasets,True,False,0.1,group_dro,0.2,0.0,0.0,False,0.01,1,False,False,False,resnet50,False,51,64,1e-05,False,0.1,0.1,0,111,False,results/CelebA/erm_dfr_gdro/model_outputs_111,50,10,True,False,1,5,4,0.7,dfr,None,None,None,True,True,0,0,pretrained_models/CelebA/erm_111.pth,0.0,2,,,,
CelebA,erm_dfr_gdro,222,results/CelebA/erm_dfr_gdro/model_outputs_222,CelebA,confounder,False,spurious,Blond_Hair,['Male'],0,False,None,None,1.0,../datasets,True,False,0.1,group_dro,0.2,0.0,0.0,False,0.01,1,False,False,False,resnet50,False,51,64,1e-05,False,0.1,0.1,0,222,False,results/CelebA/erm_dfr_gdro/model_outputs_222,50,10,True,False,1,5,4,0.7,dfr,None,None,None,True,True,0,0,pretrained_models/CelebA/erm_222.pth,0.0,2,,,,
CelebA,erm_dfr_gdro,333,results/CelebA/erm_dfr_gdro/model_outputs_333,CelebA,confounder,False,spurious,Blond_Hair,['Male'],0,False,None,None,1.0,../datasets,True,False,0.1,group_dro,0.2,0.0,0.0,False,0.01,1,False,False,False,resnet50,False,51,64,1e-05,False,0.1,0.1,0,333,False,results/CelebA/erm_dfr_gdro/model_outputs_333,50,10,True,False,1,5,4,0.7,dfr,None,None,None,True,True,0,0,pretrained_models/CelebA/erm_333.pth,0.0,2,,,,
CelebA,erm_dfr_gdro_0.1,111,results/CelebA/erm_dfr_gdro_0.1/model_outputs_111,CelebA,confounder,False,spurious,Blond_Hair,['Male'],0,False,None,None,0.1,../datasets,True,False,0.1,group_dro,0.2,0.0,0.0,False,0.01,1,False,False,False,resnet50,False,51,64,1e-05,False,0.1,0.1,0,111,False,results/CelebA/erm_dfr_gdro_0.1/model_outputs_111,50,10,True,False,1,5,4,0.7,dfr,None,None,None,True,True,0,0,pretrained_models/CelebA/erm_111.pth,0.0,2,,,,
CelebA,erm_dfr_gdro_0.1,222,results/CelebA/erm_dfr_gdro_0.1/model_outputs_222,CelebA,confounder,False,spurious,Blond_Hair,['Male'],0,False,None,None,0.1,../datasets,True,False,0.1,group_dro,0.2,0.0,0.0,False,0.01,1,False,False,False,resnet50,False,51,64,1e-05,False,0.1,0.1,0,222,False,results/CelebA/erm_dfr_gdro_0.1/model_outputs_222,50,10,True,False,1,5,4,0.7,dfr,None,None,None,True,True,0,0,pretrained_models/CelebA/erm_222.pth,0.0,2,,,,
CelebA,erm_dfr_gdro_0.1,333,results/CelebA/erm_dfr_gdro_0.1/model_outputs_333,CelebA,confounder,False,spurious,Blond_Hair,['Male'],0,False,None,None,0.1,../datasets,True,False,0.1,group_dro,0.2,0.0,0.0,False,0.01,1,False,False,False,resnet50,False,51,64,1e-05,False,0.1,0.1,0,333,False,results/CelebA/erm_dfr_gdro_0.1/model_outputs_333,50,10,True,False,1,5,4,0.7,dfr,None,None,None,True,True,0,0,pretrained_models/CelebA/erm_333.pth,0.0,2,,,,
CelebA,erm_dfr_gdro_0.25,111,results/CelebA/erm_dfr_gdro_0.25/model_outputs_111,CelebA,confounder,False,spurious,Blond_Hair,['Male'],0,False,None,None,0.25,../datasets,True,False,0.1,group_dro,0.2,0.0,0.0,False,0.01,1,False,False,False,resnet50,False,51,64,1e-05,False,0.1,0.1,0,111,False,results/CelebA/erm_dfr_gdro_0.25/model_outputs_111,50,10,True,False,1,5,4,0.7,dfr,None,None,None,True,True,0,0,pretrained_models/CelebA/erm_111.pth,0.0,2,,,,
CelebA,erm_dfr_gdro_0.25,222,results/CelebA/erm_dfr_gdro_0.25/model_outputs_222,CelebA,confounder,False,spurious,Blond_Hair,['Male'],0,False,None,None,0.25,../datasets,True,False,0.1,group_dro,0.2,0.0,0.0,False,0.01,1,False,False,False,resnet50,False,51,64,1e-05,False,0.1,0.1,0,222,False,results/CelebA/erm_dfr_gdro_0.25/model_outputs_222,50,10,True,False,1,5,4,0.7,dfr,None,None,None,True,True,0,0,pretrained_models/CelebA/erm_222.pth,0.0,2,,,,
CelebA,erm_dfr_gdro_0.25,333,results/CelebA/erm_dfr_gdro_0.25/model_outputs_333,CelebA,confounder,False,spurious,Blond_Hair,['Male'],0,False,None,None,0.25,../datasets,True,False,0.1,group_dro,0.2,0.0,0.0,False,0.01,1,False,False,False,resnet50,False,51,64,1e-05,False,0.1,0.1,0,333,False,results/CelebA/erm_dfr_gdro_0.25/model_outputs_333,50,10,True,False,1,5,4,0.7,dfr,None,None,None,True,True,0,0,pretrained_models/CelebA/erm_333.pth,0.0,2,,,,
CelebA,erm_dfr_gdro_0.5,111,results/CelebA/erm_dfr_gdro_0.5/model_outputs_111,CelebA,confounder,False,spurious,Blond_Hair,['Male'],0,False,None,None,0.5,../datasets,True,False,0.1,group_dro,0.2,0.0,0.0,False,0.01,1,False,False,False,resnet50,False,51,64,1e-05,False,0.1,0.1,0,111,False,results/CelebA/erm_dfr_gdro_0.5/model_outputs_111,50,10,True,False,1,5,4,0.7,dfr,None,None,None,True,True,0,0,pretrained_models/CelebA/erm_111.pth,0.0,2,,,,
CelebA,erm_dfr_gdro_0.5,222,results/CelebA/erm_dfr_gdro_0.5/model_outputs_222,CelebA,confounder,False,spurious,Blond_Hair,['Male'],0,False,None,None,0.5,../datasets,True,False,0.1,group_dro,0.2,0.0,0.0,False,0.01,1,False,False,False,resnet50,False,51,64,1e-05,False,0.1,0.1,0,222,False,results/CelebA/erm_dfr_gdro_0.5/model_outputs_222,50,10,True,False,1,5,4,0.7,dfr,None,None,None,True,True,0,0,pretrained_models/CelebA/erm_222.pth,0.0,2,,,,
CelebA,erm_dfr_gdro_0.5,333,results/CelebA/erm_dfr_gdro_0.5/model_outputs_333,CelebA,confounder,False,spurious,Blond_Hair,['Male'],0,False,None,None,0.5,../datasets,True,False,0.1,group_dro,0.2,0.0,0.0,False,0.01,1,False,False,False,resnet50,False,51,64,1e-05,False,0.1,0.1,0,333,False,results/CelebA/erm_dfr_gdro_0.5/model_outputs_333,50,10,True,False,1,5,4,0.7,dfr,None,None,None,True,True,0,0,pretrained_models/CelebA/erm_333.pth,0.0,2,,,,
CelebA,erm_dfr_gdro_0.75,111,results/CelebA/erm_dfr_gdro_0.75/model_outputs_111,CelebA,confounder,False,spurious,Blond_Hair,['Male'],0,False,None,None,0.75,../datasets,True,False,0.1,group_dro,0.2,0.0,0.0,False,0.01,1,False,False,False,resnet50,False,51,64,1e-05,False,0.1,0.1,0,111,False,results/CelebA/erm_dfr_gdro_0.75/model_outputs_111,50,10,True,False,1,5,4,0.7,dfr,None,None,None,True,True,0,0,pretrained_models/CelebA/erm_111.pth,0.0,2,,,,
CelebA,erm_dfr_gdro_0.75,222,results/CelebA/erm_dfr_gdro_0.75/model_outputs_222,CelebA,confounder,False,spurious,Blond_Hair,['Male'],0,False,None,None,0.75,../datasets,True,False,0.1,group_dro,0.2,0.0,0.0,False,0.01,1,False,False,False,resnet50,False,51,64,1e-05,False,0.1,0.1,0,222,False,results/CelebA/erm_dfr_gdro_0.75/model_outputs_222,50,10,True,False,1,5,4,0.7,dfr,None,None,None,True,True,0,0,pretrained_models/CelebA/erm_222.pth,0.0,2,,,,
CelebA,erm_dfr_gdro_0.75,333,results/CelebA/erm_dfr_gdro_0.75/model_outputs_333,CelebA,confounder,False,spurious,Blond_Hair,['Male'],0,False,None,None,0.75,../datasets,True,False,0.1,group_dro,0.2,0.0,0.0,False,0.01,1,False,False,False,resnet50,False,51,64,1e-05,False,0.1,0.1,0,333,False,results/CelebA/erm_dfr_gdro_0.75/model_outputs_333,50,10,True,False,1,5,4,0.7,dfr,None,None,None,True,True,0,0,pretrained_models/CelebA/erm_333.pth,0.0,2,,,,
CelebA,erm_dfr_gdro_0.9,111,results/CelebA/erm_dfr_gdro_0.9/model_outputs_111,CelebA,confounder,False,spurious,Blond_Hair,['Male'],0,False,None,None,0.9,../datasets,True,False,0.1,group_dro,0.2,0.0,0.0,False,0.01,1,False,False,False,resnet50,False,51,64,1e-05,False,0.1,0.1,0,111,False,results/CelebA/erm_dfr_gdro_0.9/model_outputs_111,50,10,True,False,1,5,4,0.7,dfr,None,None,None,True,True,0,0,pretrained_models/CelebA/erm_111.pth,0.0,2,,,,
CelebA,erm_dfr_gdro_0.9,222,results/CelebA/erm_dfr_gdro_0.9/model_outputs_222,CelebA,confounder,False,spurious,Blond_Hair,['Male'],0,False,None,None,0.9,../datasets,True,False,0.1,group_dro,0.2,0.0,0.0,False,0.01,1,False,False,False,resnet50,False,51,64,1e-05,False,0.1,0.1,0,222,False,results/CelebA/erm_dfr_gdro_0.9/model_outputs_222,50,10,True,False,1,5,4,0.7,dfr,None,None,None,True,True,0,0,pretrained_models/CelebA/erm_222.pth,0.0,2,,,,
CelebA,erm_dfr_gdro_0.9,333,results/CelebA/erm_dfr_gdro_0.9/model_outputs_333,CelebA,confounder,False,spurious,Blond_Hair,['Male'],0,False,None,None,0.9,../datasets,True,False,0.1,group_dro,0.2,0.0,0.0,False,0.01,1,False,False,False,resnet50,False,51,64,1e-05,False,0.1,0.1,0,333,False,results/CelebA/erm_dfr_gdro_0.9/model_outputs_333,50,10,True,False,1,5,4,0.7,dfr,None,None,None,True,True,0,0,pretrained_models/CelebA/erm_333.pth,0.0,2,,,,
CelebA,erm_dfr_rw,111,results/CelebA/erm_dfr_rw/model_outputs_111,CelebA,confounder,False,spurious,Blond_Hair,['Male'],0,False,None,None,1.0,../datasets,True,False,0.1,erm,0.2,0.0,0.0,False,0.01,1,False,False,False,resnet50,False,51,64,1e-05,False,0.1,0.1,0,111,False,results/CelebA/erm_dfr_rw/model_outputs_111,50,10,True,False,1,5,4,0.7,dfr,None,None,None,True,True,0,0,pretrained_models/CelebA/erm_111.pth,0.0,2,,,,
CelebA,erm_dfr_rw,222,results/CelebA/erm_dfr_rw/model_outputs_222,CelebA,confounder,False,spurious,Blond_Hair,['Male'],0,False,None,None,1.0,../datasets,True,False,0.1,erm,0.2,0.0,0.0,False,0.01,1,False,False,False,resnet50,False,51,64,1e-05,False,0.1,0.1,0,222,False,results/CelebA/erm_dfr_rw/model_outputs_222,50,10,True,False,1,5,4,0.7,dfr,None,None,None,True,True,0,0,pretrained_models/CelebA/erm_222.pth,0.0,2,,,,
CelebA,erm_dfr_rw,333,results/CelebA/erm_dfr_rw/model_outputs_333,CelebA,confounder,False,spurious,Blond_Hair,['Male'],0,False,None,None,1.0,../datasets,True,False,0.1,erm,0.2,0.0,0.0,False,0.01,1,False,False,False,resnet50,False,51,64,1e-05,False,0.1,0.1,0,333,False,results/CelebA/erm_dfr_rw/model_outputs_333,50,10,True,False,1,5,4,0.7,dfr,None,None,None,True,True,0,0,pretrained_models/CelebA/erm_333.pth,0.0,2,,,,
CelebA,erm_dfr_rw_0.1,111,results/CelebA/erm_dfr_rw_0.1/model_outputs_111,CelebA,confounder,False,spurious,Blond_Hair,['Male'],0,False,None,None,0.1,../datasets,True,False,0.1,erm,0.2,0.0,0.0,False,0.01,1,False,False,False,resnet50,False,51,64,1e-05,False,0.1,0.1,0,111,False,results/CelebA/erm_dfr_rw_0.1/model_outputs_111,50,10,True,False,1,5,4,0.7,dfr,None,None,None,True,True,0,0,pretrained_models/CelebA/erm_111.pth,0.0,2,,,,
CelebA,erm_dfr_rw_0.1,222,results/CelebA/erm_dfr_rw_0.1/model_outputs_222,CelebA,confounder,False,spurious,Blond_Hair,['Male'],0,False,None,None,0.1,../datasets,True,False,0.1,erm,0.2,0.0,0.0,False,0.01,1,False,False,False,resnet50,False,51,64,1e-05,False,0.1,0.1,0,222,False,results/CelebA/erm_dfr_rw_0.1/model_outputs_222,50,10,True,False,1,5,4,0.7,dfr,None,None,None,True,True,0,0,pretrained_models/CelebA/erm_222.pth,0.0,2,,,,
CelebA,erm_dfr_rw_0.1,333,results/CelebA/erm_dfr_rw_0.1/model_outputs_333,CelebA,confounder,False,spurious,Blond_Hair,['Male'],0,False,None,None,0.1,../datasets,True,False,0.1,erm,0.2,0.0,0.0,False,0.01,1,False,False,False,resnet50,False,51,64,1e-05,False,0.1,0.1,0,333,False,results/CelebA/erm_dfr_rw_0.1/model_outputs_333,50,10,True,False,1,5,4,0.7,dfr,None,None,None,True,True,0,0,pretrained_models/CelebA/erm_333.pth,0.0,2,,,,
CelebA,erm_dfr_rw_0.25,111,results/CelebA/erm_dfr_rw_0.25/model_outputs_111,CelebA,confounder,False,spurious,Blond_Hair,['Male'],0,False,None,None,0.25,../datasets,True,False,0.1,erm,0.2,0.0,0.0,False,0.01,1,False,False,False,resnet50,False,51,64,1e-05,False,0.1,0.1,0,111,False,results/CelebA/erm_dfr_rw_0.25/model_outputs_111,50,10,True,False,1,5,4,0.7,dfr,None,None,None,True,True,0,0,pretrained_models/CelebA/erm_111.pth,0.0,2,,,,
CelebA,erm_dfr_rw_0.25,222,results/CelebA/erm_dfr_rw_0.25/model_outputs_222,CelebA,confounder,False,spurious,Blond_Hair,['Male'],0,False,None,None,0.25,../datasets,True,False,0.1,erm,0.2,0.0,0.0,False,0.01,1,False,False,False,resnet50,False,51,64,1e-05,False,0.1,0.1,0,222,False,results/CelebA/erm_dfr_rw_0.25/model_outputs_222,50,10,True,False,1,5,4,0.7,dfr,None,None,None,True,True,0,0,pretrained_models/CelebA/erm_222.pth,0.0,2,,,,
CelebA,erm_dfr_rw_0.25,333,results/CelebA/erm_dfr_rw_0.25/model_outputs_333,CelebA,confounder,False,spurious,Blond_Hair,['Male'],0,False,None,None,0.25,../datasets,True,False,0.1,erm,0.2,0.0,0.0,False,0.01,1,False,False,False,resnet50,False,51,64,1e-05,False,0.1,0.1,0,333,False,results/CelebA/erm_dfr_rw_0.25/model_outputs_333,50,10,True,False,1,5,4,0.7,dfr,None,None,None,True,True,0,0,pretrained_models/CelebA/erm_333.pth,0.0,2,,,,
CelebA,erm_dfr_rw_0.5,111,results/CelebA/erm_dfr_rw_0.5/model_outputs_111,CelebA,confounder,False,spurious,Blond_Hair,['Male'],0,False,None,None,0.5,../datasets,True,False,0.1,erm,0.2,0.0,0.0,False,0.01,1,False,False,False,resnet50,False,51,64,1e-05,False,0.1,0.1,0,111,False,results/CelebA/erm_dfr_rw_0.5/model_outputs_111,50,10,True,False,1,5,4,0.7,dfr,None,None,None,True,True,0,0,pretrained_models/CelebA/erm_111.pth,0.0,2,,,,
CelebA,erm_dfr_rw_0.5,222,results/CelebA/erm_dfr_rw_0.5/model_outputs_222,CelebA,confounder,False,spurious,Blond_Hair,['Male'],0,False,None,None,0.5,../datasets,True,False,0.1,erm,0.2,0.0,0.0,False,0.01,1,False,False,False,resnet50,False,51,64,1e-05,False,0.1,0.1,0,222,False,results/CelebA/erm_dfr_rw_0.5/model_outputs_222,50,10,True,False,1,5,4,0.7,dfr,None,None,None,True,True,0,0,pretrained_models/CelebA/erm_222.pth,0.0,2,,,,
CelebA,erm_dfr_rw_0.5,333,results/CelebA/erm_dfr_rw_0.5/model_outputs_333,CelebA,confounder,False,spurious,Blond_Hair,['Male'],0,False,None,None,0.5,../datasets,True,False,0.1,erm,0.2,0.0,0.0,False,0.01,1,False,False,False,resnet50,False,51,64,1e-05,False,0.1,0.1,0,333,False,results/CelebA/erm_dfr_rw_0.5/model_outputs_333,50,10,True,False,1,5,4,0.7,dfr,None,None,None,True,True,0,0,pretrained_models/CelebA/erm_333.pth,0.0,2,,,,
CelebA,erm_dfr_rw_0.75,111,results/CelebA/erm_dfr_rw_0.75/model_outputs_111,CelebA,confounder,False,spurious,Blond_Hair,['Male'],0,False,None,None,0.75,../datasets,True,False,0.1,erm,0.2,0.0,0.0,False,0.01,1,False,False,False,resnet50,False,51,64,1e-05,False,0.1,0.1,0,111,False,results/CelebA/erm_dfr_rw_0.75/model_outputs_111,50,10,True,False,1,5,4,0.7,dfr,None,None,None,True,True,0,0,pretrained_models/CelebA/erm_111.pth,0.0,2,,,,
CelebA,erm_dfr_rw_0.75,222,results/CelebA/erm_dfr_rw_0.75/model_outputs_222,CelebA,confounder,False,spurious,Blond_Hair,['Male'],0,False,None,None,0.75,../datasets,True,False,0.1,erm,0.2,0.0,0.0,False,0.01,1,False,False,False,resnet50,False,51,64,1e-05,False,0.1,0.1,0,222,False,results/CelebA/erm_dfr_rw_0.75/model_outputs_222,50,10,True,False,1,5,4,0.7,dfr,None,None,None,True,True,0,0,pretrained_models/CelebA/erm_222.pth,0.0,2,,,,
CelebA,erm_dfr_rw_0.75,333,results/CelebA/erm_dfr_rw_0.75/model_outputs_333,CelebA,confounder,False,spurious,Blond_Hair,['Male'],0,False,None,None,0.75,../datasets,True,False,0.1,erm,0.2,0.0,0.0,False,0.01,1,False,False,False,resnet50,False,51,64,1e-05,False,0.1,0.1,0,333,False,results/CelebA/erm_dfr_rw_0.75/model_outputs_333,50,10,True,False,1,5,4,0.7,dfr,None,None,None,True,True,0,0,pretrained_models/CelebA/erm_333.pth,0.0,2,,,,
CelebA,erm_dfr_rw_0.9,111,results/CelebA/erm_dfr_rw_0.9/model_outputs_111,CelebA,confounder,False,spurious,Blond_Hair,['Male'],0,False,None,None,0.9,../datasets,True,False,0.1,erm,0.2,0.0,0.0,False,0.01,1,False,False,False,resnet50,False,51,64,1e-05,False,0.1,0.1,0,111,False,results/CelebA/erm_dfr_rw_0.9/model_outputs_111,50,10,True,False,1,5,4,0.7,dfr,None,None,None,True,True,0,0,pretrained_models/CelebA/erm_111.pth,0.0,2,,,,
CelebA,erm_dfr_rw_0.9,222,results/CelebA/erm_dfr_rw_0.9/model_outputs_222,CelebA,confounder,False,spurious,Blond_Hair,['Male'],0,False,None,None,0.9,../datasets,True,False,0.1,erm,0.2,0.0,0.0,False,0.01,1,False,False,False,resnet50,False,51,64,1e-05,False,0.1,0.1,0,222,False,results/CelebA/erm_dfr_rw_0.9/model_outputs_222,50,10,True,False,1,5,4,0.7,dfr,None,None,None,True,True,0,0,pretrained_models/CelebA/erm_222.pth,0.0,2,,,,
CelebA,erm_dfr_rw_0.9,333,results/CelebA/erm_dfr_rw_0.9/model_outputs_333,CelebA,confounder,False,spurious,Blond_Hair,['Male'],0,False,None,None,0.9,../datasets,True,False,0.1,erm,0.2,0.0,0.0,False,0.01,1,False,False,False,resnet50,False,51,64,1e-05,False,0.1,0.1,0,333,False,results/CelebA/erm_dfr_rw_0.9/model_outputs_333,50,10,True,False,1,5,4,0.7,dfr,None,None,None,True,True,0,0,pretrained_models/CelebA/erm_333.pth,0.0,2,,,,
CelebA,erm_gdro,111,results/CelebA/erm_gdro/model_outputs_111,CelebA,confounder,False,spurious,Blond_Hair,['Male'],0,False,None,None,1.0,../datasets,True,False,0.1,group_dro,0.2,0.0,0.0,False,0.01,1,False,False,False,resnet50,False,51,64,1e-05,False,0.1,0.1,0,111,False,results/CelebA/erm_gdro/model_outputs_111,50,10,True,False,1,5,4,0.7,list_attr_celeba.csv,None,None,None,True,False,0,0,pretrained_models/CelebA/erm_111.pth,0.0,2,,,,
CelebA,erm_gdro,222,results/CelebA/erm_gdro/model_outputs_222,CelebA,confounder,False,spurious,Blond_Hair,['Male'],0,False,None,None,1.0,../datasets,True,False,0.1,group_dro,0.2,0.0,0.0,False,0.01,1,False,False,False,resnet50,False,51,64,1e-05,False,0.1,0.1,0,222,False,results/CelebA/erm_gdro/model_outputs_222,50,10,True,False,1,5,4,0.7,list_attr_celeba.csv,None,None,None,True,False,0,0,pretrained_models/CelebA/erm_222.pth,0.0,2,,,,
CelebA,erm_gdro,333,results/CelebA/erm_gdro/model_outputs_333,CelebA,confounder,False,spurious,Blond_Hair,['Male'],0,False,None,None,1.0,../datasets,True,False,0.1,group_dro,0.2,0.0,0.0,False,0.01,1,False,False,False,resnet50,False,51,64,1e-05,False,0.1,0.1,0,333,False,results/CelebA/erm_gdro/model_outputs_333,50,10,True,False,1,5,4,0.7,list_attr_celeba.csv,None,None,None,True,False,0,0,pretrained_models/CelebA/erm_333.pth,0.0,2,,,,
CelebA,erm_gdro_0.1,111,results/CelebA/erm_gdro_0.1/model_outputs_111,CelebA,confounder,False,spurious,Blond_Hair,['Male'],0,False,None,None,0.1,../datasets,True,False,0.1,group_dro,0.2,0.0,0.0,False,0.01,1,False,False,False,resnet50,False,51,64,1e-05,False,0.1,0.1,0,111,False,results/CelebA/erm_gdro_0.1/model_outputs_111,50,10,True,False,1,5,4,0.7,list_attr_celeba.csv,None,None,None,True,False,0,0,pretrained_models/CelebA/erm_111.pth,0.0,2,,,,
CelebA,erm_gdro_0.1,222,results/CelebA/erm_gdro_0.1/model_outputs_222,CelebA,confounder,False,spurious,Blond_Hair,['Male'],0,False,None,None,0.1,../datasets,True,False,0.1,group_dro,0.2,0.0,0.0,False,0.01,1,False,False,False,resnet50,False,51,64,1e-05,False,0.1,0.1,0,222,False,results/CelebA/erm_gdro_0.1/model_outputs_222,50,10,True,False,1,5,4,0.7,list_attr_celeba.csv,None,None,None,True,False,0,0,pretrained_models/CelebA/erm_222.pth,0.0,2,,,,
CelebA,erm_gdro_0.1,333,results/CelebA/erm_gdro_0.1/model_outputs_333,CelebA,confounder,False,spurious,Blond_Hair,['Male'],0,False,None,None,0.1,../datasets,True,False,0.1,group_dro,0.2,0.0,0.0,False,0.01,1,False,False,False,resnet50,False,51,64,1e-05,False,0.1,0.1,0,333,False,results/CelebA/erm_gdro_0.1/model_outputs_333,50,10,True,False,1,5,4,0.7,list_attr_celeba.csv,None,None,None,True,False,0,0,pretrained_models/CelebA/erm_333.pth,0.0,2,,,,
CelebA,erm_gdro_0.25,111,results/CelebA/erm_gdro_0.25/model_outputs_111,CelebA,confounder,False,spurious,Blond_Hair,['Male'],0,False,None,None,0.25,../datasets,True,False,0.1,group_dro,0.2,0.0,0.0,False,0.01,1,False,False,False,resnet50,False,51,64,1e-05,False,0.1,0.1,0,111,False,results/CelebA/erm_gdro_0.25/model_outputs_111,50,10,True,False,1,5,4,0.7,list_attr_celeba.csv,None,None,None,True,False,0,0,pretrained_models/CelebA/erm_111.pth,0.0,2,,,,
CelebA,erm_gdro_0.25,222,results/CelebA/erm_gdro_0.25/model_outputs_222,CelebA,confounder,False,spurious,Blond_Hair,['Male'],0,False,None,None,0.25,../datasets,True,False,0.1,group_dro,0.2,0.0,0.0,False,0.01,1,False,False,False,resnet50,False,51,64,1e-05,False,0.1,0.1,0,222,False,results/CelebA/erm_gdro_0.25/model_outputs_222,50,10,True,False,1,5,4,0.7,list_attr_celeba.csv,None,None,None,True,False,0,0,pretrained_models/CelebA/erm_222.pth,0.0,2,,,,
CelebA,erm_gdro_0.25,333,results/CelebA/erm_gdro_0.25/model_outputs_333,CelebA,confounder,False,spurious,Blond_Hair,['Male'],0,False,None,None,0.25,../datasets,True,False,0.1,group_dro,0.2,0.0,0.0,False,0.01,1,False,False,False,resnet50,False,51,64,1e-05,False,0.1,0.1,0,333,False,results/CelebA/erm_gdro_0.25/model_outputs_333,50,10,True,False,1,5,4,0.7,list_attr_celeba.csv,None,None,None,True,False,0,0,pretrained_models/CelebA/erm_333.pth,0.0,2,,,,
CelebA,erm_gdro_0.5,111,results/CelebA/erm_gdro_0.5/model_outputs_111,CelebA,confounder,False,spurious,Blond_Hair,['Male'],0,False,None,None,0.5,../datasets,True,False,0.1,group_dro,0.2,0.0,0.0,False,0.01,1,False,False,False,resnet50,False,51,64,1e-05,False,0.1,0.1,0,111,False,results/CelebA/erm_gdro_0.5/model_outputs_111,50,10,True,False,1,5,4,0.7,list_attr_celeba.csv,None,None,None,True,False,0,0,pretrained_models/CelebA/erm_111.pth,0.0,2,,,,
CelebA,erm_gdro_0.5,222,results/CelebA/erm_gdro_0.5/model_outputs_222,CelebA,confounder,False,spurious,Blond_Hair,['Male'],0,False,None,None,0.5,../datasets,True,False,0.1,group_dro,0.2,0.0,0.0,False,0.01,1,False,False,False,resnet50,False,51,64,1e-05,False,0.1,0.1,0,222,False,results/CelebA/erm_gdro_0.5/model_outputs_222,50,10,True,False,1,5,4,0.7,list_attr_celeba.csv,None,None,None,True,False,0,0,pretrained_models/CelebA/erm_222.pth,0.0,2,,,,
CelebA,erm_gdro_0.5,333,results/CelebA/erm_gdro_0.5/model_outputs_333,CelebA,confounder,False,spurious,Blond_Hair,['Male'],0,False,None,None,0.5,../datasets,True,False,0.1,group_dro,0.2,0.0,0.0,False,0.01,1,False,False,False,resnet50,False,51,64,1e-05,False,0.1,0.1,0,333,False,results/CelebA/erm_gdro_0.5/model_outputs_333,50,10,True,False,1,5,4,0.7,list_attr_celeba.csv,None,None,None,True,False,0,0,pretrained_models/CelebA/erm_333.pth,0.0,2,,,,
CelebA,erm_gdro_0.75,111,results/CelebA/erm_gdro_0.75/model_outputs_111,CelebA,confounder,False,spurious,Blond_Hair,['Male'],0,False,None,None,0.75,../datasets,True,False,0.1,group_dro,0.2,0.0,0.0,False,0.01,1,False,False,False,resnet50,False,51,64,1e-05,False,0.1,0.1,0,111,False,results/CelebA/erm_gdro_0.75/model_outputs_111,50,10,True,False,1,5,4,0.7,list_attr_celeba.csv,None,None,None,True,False,0,0,pretrained_models/CelebA/erm_111.pth,0.0,2,,,,
CelebA,erm_gdro_0.75,222,results/CelebA/erm_gdro_0.75/model_outputs_222,CelebA,confounder,False,spurious,Blond_Hair,['Male'],0,False,None,None,0.75,../datasets,True,False,0.1,group_dro,0.2,0.0,0.0,False,0.01,1,False,False,False,resnet50,False,51,64,1e-05,False,0.1,0.1,0,222,False,results/CelebA/erm_gdro_0.75/model_outputs_222,50,10,True,False,1,5,4,0.7,list_attr_celeba.csv,None,None,None,True,False,0,0,pretrained_models/CelebA/erm_222.pth,0.0,2,,,,
CelebA,erm_gdro_0.75,333,results/CelebA/erm_gdro_0.75/model_outputs_333,CelebA,confounder,False,spurious,Blond_Hair,['Male'],0,False,None,None,0.75,../datasets,True,False,0.1,group_dro,0.2,0.0,0.0,False,0.01,1,False,False,False,resnet50,False,51,64,1e-05,False,0.1,0.1,0,333,False,results/CelebA/erm_gdro_0.75/model_outputs_333,50,10,True,False,1,5,4,0.7,list_attr_celeba.csv,None,None,None,True,False,0,0,pretrained_models/CelebA/erm_333.pth,0.0,2,,,,
CelebA,erm_gdro_0.9,111,results/CelebA/erm_gdro_0.9/model_outputs_111,CelebA,confounder,False,spurious,Blond_Hair,['Male'],0,False,None,None,0.9,../datasets,True,False,0.1,group_dro,0.2,0.0,0.0,False,0.01,1,False,False,False,resnet50,False,51,64,1e-05,False,0.1,0.1,0,111,False,results/CelebA/erm_gdro_0.9/model_outputs_111,50,10,True,False,1,5,4,0.7,list_attr_celeba.csv,None,None,None,True,False,0,0,pretrained_models/CelebA/erm_111.pth,0.0,2,,,,
CelebA,erm_gdro_0.9,222,results/CelebA/erm_gdro_0.9/model_outputs_222,CelebA,confounder,False,spurious,Blond_Hair,['Male'],0,False,None,None,0.9,../datasets,True,False,0.1,group_dro,0.2,0.0,0.0,False,0.01,1,False,False,False,resnet50,False,51,64,1e-05,False,0.1,0.1,0,222,False,results/CelebA/erm_gdro_0.9/model_outputs_222,50,10,True,False,1,5,4,0.7,list_attr_celeba.csv,None,None,None,True,False,0,0,pretrained_models/CelebA/erm_222.pth,0.0,2,,,,
CelebA,erm_gdro_0.9,333,results/CelebA/erm_gdro_0.9/model_outputs_333,CelebA,confounder,False,spurious,Blond_Hair,['Male'],0,False,None,None,0.9,../datasets,True,False,0.1,group_dro,0.2,0.0,0.0,False,0.01,1,False,False,False,resnet50,False,51,64,1e-05,False,0.1,0.1,0,333,False,results/CelebA/erm_gdro_0.9/model_outputs_333,50,10,True,False,1,5,4,0.7,list_attr_celeba.csv,None,None,None,True,False,0,0,pretrained_models/CelebA/erm_333.pth,0.0,2,,,,
CelebA,erm_rw,111,results/CelebA/erm_rw/model_outputs_111,CelebA,confounder,False,spurious,Blond_Hair,['Male'],0,False,None,None,1.0,../datasets,True,False,0.1,erm,0.2,0.0,0.0,False,0.01,1,False,False,False,resnet50,False,51,64,1e-05,False,0.1,0.1,0,111,False,results/CelebA/erm_rw/model_outputs_111,50,10,True,False,1,5,4,0.7,list_attr_celeba.csv,None,None,None,True,False,0,0,pretrained_models/CelebA/erm_111.pth,0.0,2,,,,
CelebA,erm_rw,222,results/CelebA/erm_rw/model_outputs_222,CelebA,confounder,False,spurious,Blond_Hair,['Male'],0,False,None,None,1.0,../datasets,True,False,0.1,erm,0.2,0.0,0.0,False,0.01,1,False,False,False,resnet50,False,51,64,1e-05,False,0.1,0.1,0,222,False,results/CelebA/erm_rw/model_outputs_222,50,10,True,False,1,5,4,0.7,list_attr_celeba.csv,None,None,None,True,False,0,0,pretrained_models/CelebA/erm_222.pth,0.0,2,,,,
CelebA,erm_rw,333,results/CelebA/erm_rw/model_outputs_333,CelebA,confounder,False,spurious,Blond_Hair,['Male'],0,False,None,None,1.0,../datasets,True,False,0.1,erm,0.2,0.0,0.0,False,0.01,1,False,False,False,resnet50,False,51,64,1e-05,False,0.1,0.1,0,333,False,results/CelebA/erm_rw/model_outputs_333,50,10,True,False,1,5,4,0.7,list_attr_celeba.csv,None,None,None,True,False,0,0,pretrained_models/CelebA/erm_333.pth,0.0,2,,,,
CelebA,erm_rw_0.1,111,results/CelebA/erm_rw_0.1/model_outputs_111,CelebA,confounder,False,spurious,Blond_Hair,['Male'],0,False,None,None,0.1,../datasets,True,False,0.1,erm,0.2,0.0,0.0,False,0.01,1,False,False,False,resnet50,False,51,64,1e-05,False,0.1,0.1,0,111,False,results/CelebA/erm_rw_0.1/model_outputs_111,50,10,True,False,1,5,4,0.7,list_attr_celeba.csv,None,None,None,True,False,0,0,pretrained_models/CelebA/erm_111.pth,0.0,2,,,,
CelebA,erm_rw_0.1,222,results/CelebA/erm_rw_0.1/model_outputs_222,CelebA,confounder,False,spurious,Blond_Hair,['Male'],0,False,None,None,0.1,../datasets,True,False,0.1,erm,0.2,0.0,0.0,False,0.01,1,False,False,False,resnet50,False,51,64,1e-05,False,0.1,0.1,0,222,False,results/CelebA/erm_rw_0.1/model_outputs_222,50,10,True,False,1,5,4,0.7,list_attr_celeba.csv,None,None,None,True,False,0,0,pretrained_models/CelebA/erm_222.pth,0.0,2,,,,
CelebA,erm_rw_0.1,333,results/CelebA/erm_rw_0.1/model_outputs_333,CelebA,confounder,False,spurious,Blond_Hair,['Male'],0,False,None,None,0.1,../datasets,True,False,0.1,erm,0.2,0.0,0.0,False,0.01,1,False,False,False,resnet50,False,51,64,1e-05,False,0.1,0.1,0,333,False,results/CelebA/erm_rw_0.1/model_outputs_333,50,10,True,False,1,5,4,0.7,list_attr_celeba.csv,None,None,None,True,False,0,0,pretrained_models/CelebA/erm_333.pth,0.0,2,,,,
CelebA,erm_rw_0.25,111,results/CelebA/erm_rw_0.25/model_outputs_111,CelebA,confounder,False,spurious,Blond_Hair,['Male'],0,False,None,None,0.25,../datasets,True,False,0.1,erm,0.2,0.0,0.0,False,0.01,1,False,False,False,resnet50,False,51,64,1e-05,False,0.1,0.1,0,111,False,results/CelebA/erm_rw_0.25/model_outputs_111,50,10,True,False,1,5,4,0.7,list_attr_celeba.csv,None,None,None,True,False,0,0,pretrained_models/CelebA/erm_111.pth,0.0,2,,,,
CelebA,erm_rw_0.25,222,results/CelebA/erm_rw_0.25/model_outputs_222,CelebA,confounder,False,spurious,Blond_Hair,['Male'],0,False,None,None,0.25,../datasets,True,False,0.1,erm,0.2,0.0,0.0,False,0.01,1,False,False,False,resnet50,False,51,64,1e-05,False,0.1,0.1,0,222,False,results/CelebA/erm_rw_0.25/model_outputs_222,50,10,True,False,1,5,4,0.7,list_attr_celeba.csv,None,None,None,True,False,0,0,pretrained_models/CelebA/erm_222.pth,0.0,2,,,,
CelebA,erm_rw_0.25,333,results/CelebA/erm_rw_0.25/model_outputs_333,CelebA,confounder,False,spurious,Blond_Hair,['Male'],0,False,None,None,0.25,../datasets,True,False,0.1,erm,0.2,0.0,0.0,False,0.01,1,False,False,False,resnet50,False,51,64,1e-05,False,0.1,0.1,0,333,False,results/CelebA/erm_rw_0.25/model_outputs_333,50,10,True,False,1,5,4,0.7,list_attr_celeba.csv,None,None,None,True,False,0,0,pretrained_models/CelebA/erm_333.pth,0.0,2,,,,
CelebA,erm_rw_0.5,111,results/CelebA/erm_rw_0.5/model_outputs_111,CelebA,confounder,False,spurious,Blond_Hair,['Male'],0,False,None,None,0.5,../datasets,True,False,0.1,erm,0.2,0.0,0.0,False,0.01,1,False,False,False,resnet50,False,51,64,1e-05,False,0.1,0.1,0,111,False,results/CelebA/erm_rw_0.5/model_outputs_111,50,10,True,False,1,5,4,0.7,list_attr_celeba.csv,None,None,None,True,False,0,0,pretrained_models/CelebA/erm_111.pth,0.0,2,,,,
CelebA,erm_rw_0.5,222,results/CelebA/erm_rw_0.5/model_outputs_222,CelebA,confounder,False,spurious,Blond_Hair,['Male'],0,False,None,None,0.5,../datasets,True,False,0.1,erm,0.2,0.0,0.0,False,0.01,1,False,False,False,resnet50,False,51,64,1e-05,False,0.1,0.1,0,222,False,results/CelebA/erm_rw_0.5/model_outputs_222,50,10,True,False,1,5,4,0.7,list_attr_celeba.csv,None,None,None,True,False,0,0,pretrained_models/CelebA/erm_222.pth,0.0,2,,,,
CelebA,erm_rw_0.5,333,results/CelebA/erm_rw_0.5/model_outputs_333,CelebA,confounder,False,spurious,Blond_Hair,['Male'],0,False,None,None,0.5,../datasets,True,False,0.1,erm,0.2,0.0,0.0,False,0.01,1,False,False,False,resnet50,False,51,64,1e-05,False,0.1,0.1,0,333,False,results/CelebA/erm_rw_0.5/model_outputs_333,50,10,True,False,1,5,4,0.7,list_attr_celeba.csv,None,None,None,True,False,0,0,pretrained_models/CelebA/erm_333.pth,0.0,2,,,,
CelebA,erm_rw_0.75,111,results/CelebA/erm_rw_0.75/model_outputs_111,CelebA,confounder,False,spurious,Blond_Hair,['Male'],0,False,None,None,0.75,../datasets,True,False,0.1,erm,0.2,0.0,0.0,False,0.01,1,False,False,False,resnet50,False,51,64,1e-05,False,0.1,0.1,0,111,False,results/CelebA/erm_rw_0.75/model_outputs_111,50,10,True,False,1,5,4,0.7,list_attr_celeba.csv,None,None,None,True,False,0,0,pretrained_models/CelebA/erm_111.pth,0.0,2,,,,
CelebA,erm_rw_0.75,222,results/CelebA/erm_rw_0.75/model_outputs_222,CelebA,confounder,False,spurious,Blond_Hair,['Male'],0,False,None,None,0.75,../datasets,True,False,0.1,erm,0.2,0.0,0.0,False,0.01,1,False,False,False,resnet50,False,51,64,1e-05,False,0.1,0.1,0,222,False,results/CelebA/erm_rw_0.75/model_outputs_222,50,10,True,False,1,5,4,0.7,list_attr_celeba.csv,None,None,None,True,False,0,0,pretrained_models/CelebA/erm_222.pth,0.0,2,,,,
CelebA,erm_rw_0.75,333,results/CelebA/erm_rw_0.75/model_outputs_333,CelebA,confounder,False,spurious,Blond_Hair,['Male'],0,False,None,None,0.75,../datasets,True,False,0.1,erm,0.2,0.0,0.0,False,0.01,1,False,False,False,resnet50,False,51,64,1e-05,False,0.1,0.1,0,333,False,results/CelebA/erm_rw_0.75/model_outputs_333,50,10,True,False,1,5,4,0.7,list_attr_celeba.csv,None,None,None,True,False,0,0,pretrained_models/CelebA/erm_333.pth,0.0,2,,,,
CelebA,erm_rw_0.9,111,results/CelebA/erm_rw_0.9/model_outputs_111,CelebA,confounder,False,spurious,Blond_Hair,['Male'],0,False,None,None,0.9,../datasets,True,False,0.1,erm,0.2,0.0,0.0,False,0.01,1,False,False,False,resnet50,False,51,64,1e-05,False,0.1,0.1,0,111,False,results/CelebA/erm_rw_0.9/model_outputs_111,50,10,True,False,1,5,4,0.7,list_attr_celeba.csv,None,None,None,True,False,0,0,pretrained_models/CelebA/erm_111.pth,0.0,2,,,,
CelebA,erm_rw_0.9,222,results/CelebA/erm_rw_0.9/model_outputs_222,CelebA,confounder,False,spurious,Blond_Hair,['Male'],0,False,None,None,0.9,../datasets,True,False,0.1,erm,0.2,0.0,0.0,False,0.01,1,False,False,False,resnet50,False,51,64,1e-05,False,0.1,0.1,0,222,False,results/CelebA/erm_rw_0.9/model_outputs_222,50,10,True,False,1,5,4,0.7,list_attr_celeba.csv,None,None,None,True,False,0,0,pretrained_models/CelebA/erm_222.pth,0.0,2,,,,
CelebA,erm_rw_0.9,333,results/CelebA/erm_rw_0.9/model_outputs_333,CelebA,confounder,False,spurious,Blond_Hair,['Male'],0,False,None,None,0.9,../datasets,True,False,0.1,erm,0.2,0.0,0.0,False,0.01,1,False,False,False,resnet50,False,51,64,1e-05,False,0.1,0.1,0,333,False,results/CelebA/erm_rw_0.9/model_outputs_333,50,10,True,False,1,5,4,0.7,list_attr_celeba.csv,None,None,None,True,False,0,0,pretrained_models/CelebA/erm_333.pth,0.0,2,,,,
CelebA,ermjtt,111,results/CelebA/ermjtt/model_outputs_111,CelebA,confounder,False,spurious,Blond_Hair,['Male'],0,False,None,None,1.0,../datasets,False,False,0.1,erm,0.2,0.0,0.0,False,0.01,1,False,False,False,resnet50,False,2,64,0.0001,False,0.0001,0.1,0,111,False,results/CelebA/ermjtt/model_outputs_111,50,10,True,False,1,5,4,0.7,list_attr_celeba.csv,None,None,None,False,False,0,0,,0.0,2,False,,,
CelebA,ermjtt,222,results/CelebA/ermjtt/model_outputs_222,CelebA,confounder,False,spurious,Blond_Hair,['Male'],0,False,None,None,1.0,../datasets,False,False,0.1,erm,0.2,0.0,0.0,False,0.01,1,False,False,False,resnet50,False,2,64,0.0001,False,0.0001,0.1,0,222,False,results/CelebA/ermjtt/model_outputs_222,50,10,True,False,1,5,4,0.7,list_attr_celeba.csv,None,None,None,False,False,0,0,,0.0,2,False,,,
CelebA,ermjtt,333,results/CelebA/ermjtt/model_outputs_333,CelebA,confounder,False,spurious,Blond_Hair,['Male'],0,False,None,None,1.0,../datasets,False,False,0.1,erm,0.2,0.0,0.0,False,0.01,1,False,False,False,resnet50,False,2,64,0.0001,False,0.0001,0.1,0,333,False,results/CelebA/ermjtt/model_outputs_333,50,10,True,False,1,5,4,0.7,list_attr_celeba.csv,None,None,None,False,False,0,0,,0.0,2,False,,,
CelebA,gdro,111,results/CelebA/gdro/model_outputs_111,CelebA,confounder,False,spurious,Blond_Hair,['Male'],0,False,None,None,1.0,../datasets,True,False,0.1,group_dro,0.2,0.0,0.0,False,0.01,1,False,False,False,resnet50,False,51,64,1e-05,False,0.1,0.1,0,111,False,results/CelebA/gdro/model_outputs_111,50,10,True,False,1,5,4,0.7,list_attr_celeba.csv,None,None,None,False,False,0,0,,0.0,2,,,,
CelebA,gdro,222,results/CelebA/gdro/model_outputs_222,CelebA,confounder,False,spurious,Blond_Hair,['Male'],0,False,None,None,1.0,../datasets,True,False,0.1,group_dro,0.2,0.0,0.0,False,0.01,1,False,False,False,resnet50,False,51,64,1e-05,False,0.1,0.1,0,222,False,results/CelebA/gdro/model_outputs_222,50,10,True,False,1,5,4,0.7,list_attr_celeba.csv,None,None,None,False,False,0,0,,0.0,2,,,,
CelebA,gdro,333,results/CelebA/gdro/model_outputs_333,CelebA,confounder,False,spurious,Blond_Hair,['Male'],0,False,None,None,1.0,../datasets,True,False,0.1,group_dro,0.2,0.0,0.0,False,0.01,1,False,False,False,resnet50,False,51,64,1e-05,False,0.1,0.1,0,333,False,results/CelebA/gdro/model_outputs_333,50,10,True,False,1,5,4,0.7,list_attr_celeba.csv,None,None,None,False,False,0,0,,0.0,2,,,,
CelebA,jtt_1_50,111,results/CelebA/jtt_1_50/model_outputs_111,CelebA,confounder,False,spurious,Blond_Hair,['Male'],50,False,None,None,1.0,../datasets,False,False,0.1,erm,0.2,0.0,0.0,False,0.01,1,False,False,False,resnet50,False,6,64,1e-05,False,0.1,0.1,0,111,False,results/CelebA/jtt_1_50/model_outputs_111,50,10,True,False,1,5,4,0.7,metadata.csv,None,results/CelebA/ermjtt/model_outputs_111/final_epoch_1/metadata_aug.csv,wrong_1_times,False,False,0,0,,0.0,2,False,,,
CelebA,jtt_1_50,222,results/CelebA/jtt_1_50/model_outputs_222,CelebA,confounder,False,spurious,Blond_Hair,['Male'],50,False,None,None,1.0,../datasets,False,False,0.1,erm,0.2,0.0,0.0,False,0.01,1,False,False,False,resnet50,False,6,64,1e-05,False,0.1,0.1,0,222,False,results/CelebA/jtt_1_50/model_outputs_222,50,10,True,False,1,5,4,0.7,metadata.csv,None,results/CelebA/ermjtt/model_outputs_222/final_epoch_1/metadata_aug.csv,wrong_1_times,False,False,0,0,,0.0,2,False,,,
CelebA,jtt_1_50,333,results/CelebA/jtt_1_50/model_outputs_333,CelebA,confounder,False,spurious,Blond_Hair,['Male'],50,False,None,None,1.0,../datasets,False,False,0.1,erm,0.2,0.0,0.0,False,0.01,1,False,False,False,resnet50,False,6,64,1e-05,False,0.1,0.1,0,333,False,results/CelebA/jtt_1_50/model_outputs_333,50,10,True,False,1,5,4,0.7,metadata.csv,None,results/CelebA/ermjtt/model_outputs_333/final_epoch_1/metadata_aug.csv,wrong_1_times,False,False,0,0,,0.0,2,False,,,
CelebA,jtt_1_50_,111,results/CelebA/jtt_1_50_/model_outputs_111,CelebA,confounder,False,spurious,Blond_Hair,['Male'],50,False,None,None,1.0,../datasets,False,False,0.1,erm,0.2,0.0,0.0,False,0.01,1,False,False,False,resnet50,False,6,64,1e-05,False,0.1,0.1,0,111,False,results/CelebA/jtt_1_50_/model_outputs_111,50,10,True,False,1,5,4,0.7,metadata.csv,None,results/CelebA/ermjtt/model_outputs_111/final_epoch_1/metadata_aug.csv,wrong_1_times,False,False,0,0,,0.0,2,False,,,
CelebA,rw_erm,111,results/CelebA/rw_erm/model_outputs_111,CelebA,confounder,False,spurious,Blond_Hair,['Male'],0,False,None,None,1.0,../datasets,True,False,0.1,erm,0.2,0.0,0.0,False,0.01,1,False,False,False,resnet50,False,51,64,1e-05,False,0.1,0.1,0,111,False,results/CelebA/rw/model_outputs_111,50,10,True,False,1,5,4,0.7,list_attr_celeba.csv,None,None,None,False,False,0,0,,0.0,2,,,,
CelebA,rw_erm,222,results/CelebA/rw_erm/model_outputs_222,CelebA,confounder,False,spurious,Blond_Hair,['Male'],0,False,None,None,1.0,../datasets,True,False,0.1,erm,0.2,0.0,0.0,False,0.01,1,False,False,False,resnet50,False,51,64,1e-05,False,0.1,0.1,0,222,False,results/CelebA/rw/model_outputs_222,50,10,True,False,1,5,4,0.7,list_attr_celeba.csv,None,None,None,False,False,0,0,,0.0,2,,,,
CelebA,rw_erm,333,results/CelebA/rw_erm/model_outputs_333,CelebA,confounder,False,spurious,Blond_Hair,['Male'],0,False,None,None,1.0,../datasets,True,False,0.1,erm,0.2,0.0,0.0,False,0.01,1,False,False,False,resnet50,False,51,64,1e-05,False,0.1,0.1,0,333,False,results/CelebA/rw/model_outputs_333,50,10,True,False,1,5,4,0.7,list_attr_celeba.csv,None,None,None,False,False,0,0,,0.0,2,,,,
MNISTCIFAR,erm_0.0,111,results/MNISTCIFAR/erm_0.0/model_outputs_111,MNISTCIFAR,confounder,False,spurious,CIFAR,['0.0'],0,False,None,None,1.0,../datasets,False,False,0.1,erm,0.2,0.0,0.0,False,0.01,1,False,False,False,scnn,False,5001,10000,0.001,False,0.0001,0.1,0,111,False,results/MNISTCIFAR/erm_0.0/model_outputs_111,50,10,True,False,1,5,4,0.7,metadata.csv,None,../datasets/metadata.csv,None,,,,,,,,,,,
MNISTCIFAR,erm_0.0,222,results/MNISTCIFAR/erm_0.0/model_outputs_222,MNISTCIFAR,confounder,False,spurious,CIFAR,['0.0'],0,False,None,None,1.0,../datasets,False,False,0.1,erm,0.2,0.0,0.0,False,0.01,1,False,False,False,scnn,False,5001,10000,0.001,False,0.0001,0.1,0,222,False,results/MNISTCIFAR/erm_0.0/model_outputs_222,50,10,True,False,1,5,4,0.7,metadata.csv,None,../datasets/metadata.csv,None,False,,,,,,,,,,
MNISTCIFAR,erm_0.0,333,results/MNISTCIFAR/erm_0.0/model_outputs_333,MNISTCIFAR,confounder,False,spurious,CIFAR,['0.0'],0,False,None,None,1.0,../datasets,False,False,0.1,erm,0.2,0.0,0.0,False,0.01,1,False,False,False,scnn,False,5001,10000,0.001,False,0.0001,0.1,0,333,False,results/MNISTCIFAR/erm_0.0/model_outputs_333,50,10,True,False,1,5,4,0.7,metadata.csv,None,../datasets/metadata.csv,None,False,,,,,,,,,,
MNISTCIFAR,erm_0.25,111,results/MNISTCIFAR/erm_0.25/model_outputs_111,MNISTCIFAR,confounder,False,spurious,CIFAR,['0.25'],0,False,None,None,1.0,../datasets,False,False,0.1,erm,0.2,0.0,0.0,False,0.01,1,False,False,False,scnn,False,5001,10000,0.001,False,0.0001,0.1,0,111,False,results/MNISTCIFAR/erm_0.25/model_outputs_111,50,10,True,False,1,5,4,0.7,metadata.csv,None,../datasets/metadata.csv,None,,,,,,,,,,,
MNISTCIFAR,erm_0.25,222,results/MNISTCIFAR/erm_0.25/model_outputs_222,MNISTCIFAR,confounder,False,spurious,CIFAR,['0.25'],0,False,None,None,1.0,../datasets,False,False,0.1,erm,0.2,0.0,0.0,False,0.01,1,False,False,False,scnn,False,5001,10000,0.001,False,0.0001,0.1,0,222,False,results/MNISTCIFAR/erm_0.25/model_outputs_222,50,10,True,False,1,5,4,0.7,metadata.csv,None,../datasets/metadata.csv,None,False,,,,,,,,,,
MNISTCIFAR,erm_0.25,333,results/MNISTCIFAR/erm_0.25/model_outputs_333,MNISTCIFAR,confounder,False,spurious,CIFAR,['0.25'],0,False,None,None,1.0,../datasets,False,False,0.1,erm,0.2,0.0,0.0,False,0.01,1,False,False,False,scnn,False,5001,10000,0.001,False,0.0001,0.1,0,333,False,results/MNISTCIFAR/erm_0.25/model_outputs_333,50,10,True,False,1,5,4,0.7,metadata.csv,None,../datasets/metadata.csv,None,False,,,,,,,,,,
MNISTCIFAR,erm_0.5,111,results/MNISTCIFAR/erm_0.5/model_outputs_111,MNISTCIFAR,confounder,False,spurious,CIFAR,['0.5'],0,False,None,None,1.0,../datasets,False,False,0.1,erm,0.2,0.0,0.0,False,0.01,1,False,False,False,scnn,False,5001,10000,0.001,False,0.0001,0.1,0,111,False,results/MNISTCIFAR/erm_0.5/model_outputs_111,50,10,True,False,1,5,4,0.7,metadata.csv,None,../datasets/metadata.csv,None,,,,,,,,,,,
MNISTCIFAR,erm_0.5,222,results/MNISTCIFAR/erm_0.5/model_outputs_222,MNISTCIFAR,confounder,False,spurious,CIFAR,['0.5'],0,False,None,None,1.0,../datasets,False,False,0.1,erm,0.2,0.0,0.0,False,0.01,1,False,False,False,scnn,False,5001,10000,0.001,False,0.0001,0.1,0,222,False,results/MNISTCIFAR/erm_0.5/model_outputs_222,50,10,True,False,1,5,4,0.7,metadata.csv,None,../datasets/metadata.csv,None,False,,,,,,,,,,
MNISTCIFAR,erm_0.5,333,results/MNISTCIFAR/erm_0.5/model_outputs_333,MNISTCIFAR,confounder,False,spurious,CIFAR,['0.5'],0,False,None,None,1.0,../datasets,False,False,0.1,erm,0.2,0.0,0.0,False,0.01,1,False,False,False,scnn,False,5001,10000,0.001,False,0.0001,0.1,0,333,False,results/MNISTCIFAR/erm_0.5/model_outputs_333,50,10,True,False,1,5,4,0.7,metadata.csv,None,../datasets/metadata.csv,None,False,,,,,,,,,,
MNISTCIFAR,erm_0.75,111,results/MNISTCIFAR/erm_0.75/model_outputs_111,MNISTCIFAR,confounder,False,spurious,CIFAR,['0.75'],0,False,None,None,1.0,../datasets,False,False,0.1,erm,0.2,0.0,0.0,False,0.01,1,False,False,False,scnn,False,5001,10000,0.001,False,0.0001,0.1,0,111,False,results/MNISTCIFAR/erm_0.75/model_outputs_111,50,10,True,False,1,5,4,0.7,metadata.csv,None,../datasets/metadata.csv,None,,,,,,,,,,,
MNISTCIFAR,erm_0.75,222,results/MNISTCIFAR/erm_0.75/model_outputs_222,MNISTCIFAR,confounder,False,spurious,CIFAR,['0.75'],0,False,None,None,1.0,../datasets,False,False,0.1,erm,0.2,0.0,0.0,False,0.01,1,False,False,False,scnn,False,5001,10000,0.001,False,0.0001,0.1,0,222,False,results/MNISTCIFAR/erm_0.75/model_outputs_222,50,10,True,False,1,5,4,0.7,metadata.csv,None,../datasets/metadata.csv,None,False,,,,,,,,,,
MNISTCIFAR,erm_0.75,333,results/MNISTCIFAR/erm_0.75/model_outputs_333,MNISTCIFAR,confounder,False,spurious,CIFAR,['0.75'],0,False,None,None,1.0,../datasets,False,False,0.1,erm,0.2,0.0,0.0,False,0.01,1,False,False,False,scnn,False,5001,10000,0.001,False,0.0001,0.1,0,333,False,results/MNISTCIFAR/erm_0.75/model_outputs_333,50,10,True,False,1,5,4,0.7,metadata.csv,None,../datasets/metadata.csv,None,False,,,,,,,,,,
MNISTCIFAR,erm_0.9,111,results/MNISTCIFAR/erm_0.9/model_outputs_111,MNISTCIFAR,confounder,False,spurious,CIFAR,['0.9'],0,False,None,None,1.0,../datasets,False,False,0.1,erm,0.2,0.0,0.0,False,0.01,1,False,False,False,scnn,False,5001,10000,0.001,False,0.0001,0.1,0,111,False,results/MNISTCIFAR/erm_0.9/model_outputs_111,50,10,True,False,1,5,4,0.7,metadata.csv,None,../datasets/metadata.csv,None,,,,,,,,,,,
MNISTCIFAR,erm_0.9,222,results/MNISTCIFAR/erm_0.9/model_outputs_222,MNISTCIFAR,confounder,False,spurious,CIFAR,['0.9'],0,False,None,None,1.0,../datasets,False,False,0.1,erm,0.2,0.0,0.0,False,0.01,1,False,False,False,scnn,False,5001,10000,0.001,False,0.0001,0.1,0,222,False,results/MNISTCIFAR/erm_0.9/model_outputs_222,50,10,True,False,1,5,4,0.7,metadata.csv,None,../datasets/metadata.csv,None,False,,,,,,,,,,
MNISTCIFAR,erm_0.9,333,results/MNISTCIFAR/erm_0.9/model_outputs_333,MNISTCIFAR,confounder,False,spurious,CIFAR,['0.9'],0,False,None,None,1.0,../datasets,False,False,0.1,erm,0.2,0.0,0.0,False,0.01,1,False,False,False,scnn,False,5001,10000,0.001,False,0.0001,0.1,0,333,False,results/MNISTCIFAR/erm_0.9/model_outputs_333,50,10,True,False,1,5,4,0.7,metadata.csv,None,../datasets/metadata.csv,None,False,,,,,,,,,,
MNISTCIFAR,erm_dfr_0.1_0.9,111,results/MNISTCIFAR/erm_dfr_0.1_0.9/model_outputs_111,MNISTCIFAR,confounder,False,spurious,CIFAR,['0.0'],0,False,None,None,0.01,/workspace1/araymond,False,False,0.1,erm,0.2,0.0,0.0,False,0.01,1,False,False,False,scnn,False,5001,10000,0.001,False,0.0001,0.1,0,111,False,results/MNISTCIFAR/erm_dfr_0.1_0.9/model_outputs_111,50,10,True,False,1,5,4,0.7,metadata.csv,None,../datasets/metadata.csv,None,True,False,0,0,pretrained_models/MNISTCIFAR/erm_0.9_111.pth,0.0,1,,,,
MNISTCIFAR,erm_dfr_0.1_0.9,222,results/MNISTCIFAR/erm_dfr_0.1_0.9/model_outputs_222,MNISTCIFAR,confounder,False,spurious,CIFAR,['0.0'],0,False,None,None,0.01,/workspace1/araymond,False,False,0.1,erm,0.2,0.0,0.0,False,0.01,1,False,False,False,scnn,False,5001,10000,0.001,False,0.0001,0.1,0,222,False,results/MNISTCIFAR/erm_dfr_0.1_0.9/model_outputs_222,50,10,True,False,1,5,4,0.7,metadata.csv,None,../datasets/metadata.csv,None,True,False,0,0,pretrained_models/MNISTCIFAR/erm_0.9_222.pth,0.0,1,,,,
MNISTCIFAR,erm_dfr_0.1_0.9,333,results/MNISTCIFAR/erm_dfr_0.1_0.9/model_outputs_333,MNISTCIFAR,confounder,False,spurious,CIFAR,['0.0'],0,False,None,None,0.01,/workspace1/araymond,False,False,0.1,erm,0.2,0.0,0.0,False,0.01,1,False,False,False,scnn,False,5001,10000,0.001,False,0.0001,0.1,0,333,False,results/MNISTCIFAR/erm_dfr_0.1_0.9/model_outputs_333,50,10,True,False,1,5,4,0.7,metadata.csv,None,../datasets/metadata.csv,None,True,False,0,0,pretrained_models/MNISTCIFAR/erm_0.9_333.pth,0.0,1,,,,
MNISTCIFAR,erm_dfr_0.25,111,results/MNISTCIFAR/erm_dfr_0.25/model_outputs_111,MNISTCIFAR,confounder,False,spurious,CIFAR,['0.0'],0,False,None,None,0.625,/workspace1/araymond,False,False,0.1,erm,0.2,0.0,0.0,False,0.01,1,False,False,False,scnn,False,5001,10000,0.001,False,0.0001,0.1,0,111,False,results/MNISTCIFAR/erm_dfr_0.25/model_outputs_111,50,10,True,False,1,5,4,0.7,metadata.csv,None,../datasets/metadata.csv,None,True,False,0,0,pretrained_models/MNISTCIFAR/erm_0.25_111.pth,0.0,1,,,,
MNISTCIFAR,erm_dfr_0.25,222,results/MNISTCIFAR/erm_dfr_0.25/model_outputs_222,MNISTCIFAR,confounder,False,spurious,CIFAR,['0.0'],0,False,None,None,0.625,/workspace1/araymond,False,False,0.1,erm,0.2,0.0,0.0,False,0.01,1,False,False,False,scnn,False,5001,10000,0.001,False,0.0001,0.1,0,222,False,results/MNISTCIFAR/erm_dfr_0.25/model_outputs_222,50,10,True,False,1,5,4,0.7,metadata.csv,None,../datasets/metadata.csv,None,True,False,0,0,pretrained_models/MNISTCIFAR/erm_0.25_222.pth,0.0,1,,,,
MNISTCIFAR,erm_dfr_0.25,333,results/MNISTCIFAR/erm_dfr_0.25/model_outputs_333,MNISTCIFAR,confounder,False,spurious,CIFAR,['0.0'],0,False,None,None,0.625,/workspace1/araymond,False,False,0.1,erm,0.2,0.0,0.0,False,0.01,1,False,False,False,scnn,False,5001,10000,0.001,False,0.0001,0.1,0,333,False,results/MNISTCIFAR/erm_dfr_0.25/model_outputs_333,50,10,True,False,1,5,4,0.7,metadata.csv,None,../datasets/metadata.csv,None,True,False,0,0,pretrained_models/MNISTCIFAR/erm_0.25_333.pth,0.0,1,,,,
MNISTCIFAR,erm_dfr_0.25_0.9,111,results/MNISTCIFAR/erm_dfr_0.25_0.9/model_outputs_111,MNISTCIFAR,confounder,False,spurious,CIFAR,['0.0'],0,False,None,None,0.025,/workspace1/araymond,False,False,0.1,erm,0.2,0.0,0.0,False,0.01,1,False,False,False,scnn,False,5001,10000,0.001,False,0.0001,0.1,0,111,False,results/MNISTCIFAR/erm_dfr_0.25_0.9/model_outputs_111,50,10,True,False,1,5,4,0.7,metadata.csv,None,../datasets/metadata.csv,None,True,False,0,0,pretrained_models/MNISTCIFAR/erm_0.9_111.pth,0.0,1,,,,
MNISTCIFAR,erm_dfr_0.25_0.9,222,results/MNISTCIFAR/erm_dfr_0.25_0.9/model_outputs_222,MNISTCIFAR,confounder,False,spurious,CIFAR,['0.0'],0,False,None,None,0.025,/workspace1/araymond,False,False,0.1,erm,0.2,0.0,0.0,False,0.01,1,False,False,False,scnn,False,5001,10000,0.001,False,0.0001,0.1,0,222,False,results/MNISTCIFAR/erm_dfr_0.25_0.9/model_outputs_222,50,10,True,False,1,5,4,0.7,metadata.csv,None,../datasets/metadata.csv,None,True,False,0,0,pretrained_models/MNISTCIFAR/erm_0.9_222.pth,0.0,1,,,,
MNISTCIFAR,erm_dfr_0.25_0.9,333,results/MNISTCIFAR/erm_dfr_0.25_0.9/model_outputs_333,MNISTCIFAR,confounder,False,spurious,CIFAR,['0.0'],0,False,None,None,0.025,/workspace1/araymond,False,False,0.1,erm,0.2,0.0,0.0,False,0.01,1,False,False,False,scnn,False,5001,10000,0.001,False,0.0001,0.1,0,333,False,results/MNISTCIFAR/erm_dfr_0.25_0.9/model_outputs_333,50,10,True,False,1,5,4,0.7,metadata.csv,None,../datasets/metadata.csv,None,True,False,0,0,pretrained_models/MNISTCIFAR/erm_0.9_333.pth,0.0,1,,,,
MNISTCIFAR,erm_dfr_0.5,111,results/MNISTCIFAR/erm_dfr_0.5/model_outputs_111,MNISTCIFAR,confounder,False,spurious,CIFAR,['0.0'],0,False,None,None,0.5,/workspace1/araymond,False,False,0.1,erm,0.2,0.0,0.0,False,0.01,1,False,False,False,scnn,False,5001,10000,0.001,False,0.0001,0.1,0,111,False,results/MNISTCIFAR/erm_dfr_0.5/model_outputs_111,50,10,True,False,1,5,4,0.7,metadata.csv,None,../datasets/metadata.csv,None,True,False,0,0,pretrained_models/MNISTCIFAR/erm_0.5_111.pth,0.0,1,,,,
MNISTCIFAR,erm_dfr_0.5,222,results/MNISTCIFAR/erm_dfr_0.5/model_outputs_222,MNISTCIFAR,confounder,False,spurious,CIFAR,['0.0'],0,False,None,None,0.5,/workspace1/araymond,False,False,0.1,erm,0.2,0.0,0.0,False,0.01,1,False,False,False,scnn,False,5001,10000,0.001,False,0.0001,0.1,0,222,False,results/MNISTCIFAR/erm_dfr_0.5/model_outputs_222,50,10,True,False,1,5,4,0.7,metadata.csv,None,../datasets/metadata.csv,None,True,False,0,0,pretrained_models/MNISTCIFAR/erm_0.5_222.pth,0.0,1,,,,
MNISTCIFAR,erm_dfr_0.5,333,results/MNISTCIFAR/erm_dfr_0.5/model_outputs_333,MNISTCIFAR,confounder,False,spurious,CIFAR,['0.0'],0,False,None,None,0.5,/workspace1/araymond,False,False,0.1,erm,0.2,0.0,0.0,False,0.01,1,False,False,False,scnn,False,5001,10000,0.001,False,0.0001,0.1,0,333,False,results/MNISTCIFAR/erm_dfr_0.5/model_outputs_333,50,10,True,False,1,5,4,0.7,metadata.csv,None,../datasets/metadata.csv,None,True,False,0,0,pretrained_models/MNISTCIFAR/erm_0.5_333.pth,0.0,1,,,,
MNISTCIFAR,erm_dfr_0.5_0.9,111,results/MNISTCIFAR/erm_dfr_0.5_0.9/model_outputs_111,MNISTCIFAR,confounder,False,spurious,CIFAR,['0.0'],0,False,None,None,0.05,/workspace1/araymond,False,False,0.1,erm,0.2,0.0,0.0,False,0.01,1,False,False,False,scnn,False,5001,10000,0.001,False,0.0001,0.1,0,111,False,results/MNISTCIFAR/erm_dfr_0.5_0.9/model_outputs_111,50,10,True,False,1,5,4,0.7,metadata.csv,None,../datasets/metadata.csv,None,True,False,0,0,pretrained_models/MNISTCIFAR/erm_0.9_111.pth,0.0,1,,,,
MNISTCIFAR,erm_dfr_0.5_0.9,222,results/MNISTCIFAR/erm_dfr_0.5_0.9/model_outputs_222,MNISTCIFAR,confounder,False,spurious,CIFAR,['0.0'],0,False,None,None,0.05,/workspace1/araymond,False,False,0.1,erm,0.2,0.0,0.0,False,0.01,1,False,False,False,scnn,False,5001,10000,0.001,False,0.0001,0.1,0,222,False,results/MNISTCIFAR/erm_dfr_0.5_0.9/model_outputs_222,50,10,True,False,1,5,4,0.7,metadata.csv,None,../datasets/metadata.csv,None,True,False,0,0,pretrained_models/MNISTCIFAR/erm_0.9_222.pth,0.0,1,,,,
MNISTCIFAR,erm_dfr_0.5_0.9,333,results/MNISTCIFAR/erm_dfr_0.5_0.9/model_outputs_333,MNISTCIFAR,confounder,False,spurious,CIFAR,['0.0'],0,False,None,None,0.05,/workspace1/araymond,False,False,0.1,erm,0.2,0.0,0.0,False,0.01,1,False,False,False,scnn,False,5001,10000,0.001,False,0.0001,0.1,0,333,False,results/MNISTCIFAR/erm_dfr_0.5_0.9/model_outputs_333,50,10,True,False,1,5,4,0.7,metadata.csv,None,../datasets/metadata.csv,None,True,False,0,0,pretrained_models/MNISTCIFAR/erm_0.9_333.pth,0.0,1,,,,
MNISTCIFAR,erm_dfr_0.75,111,results/MNISTCIFAR/erm_dfr_0.75/model_outputs_111,MNISTCIFAR,confounder,False,spurious,CIFAR,['0.0'],0,False,None,None,0.25,/workspace1/araymond,False,False,0.1,erm,0.2,0.0,0.0,False,0.01,1,False,False,False,scnn,False,5001,10000,0.001,False,0.0001,0.1,0,111,False,results/MNISTCIFAR/erm_dfr_0.75/model_outputs_111,50,10,True,False,1,5,4,0.7,metadata.csv,None,../datasets/metadata.csv,None,True,False,0,0,pretrained_models/MNISTCIFAR/erm_0.75_111.pth,0.0,1,,,,
MNISTCIFAR,erm_dfr_0.75,222,results/MNISTCIFAR/erm_dfr_0.75/model_outputs_222,MNISTCIFAR,confounder,False,spurious,CIFAR,['0.0'],0,False,None,None,0.25,/workspace1/araymond,False,False,0.1,erm,0.2,0.0,0.0,False,0.01,1,False,False,False,scnn,False,5001,10000,0.001,False,0.0001,0.1,0,222,False,results/MNISTCIFAR/erm_dfr_0.75/model_outputs_222,50,10,True,False,1,5,4,0.7,metadata.csv,None,../datasets/metadata.csv,None,True,False,0,0,pretrained_models/MNISTCIFAR/erm_0.75_222.pth,0.0,1,,,,
MNISTCIFAR,erm_dfr_0.75,333,results/MNISTCIFAR/erm_dfr_0.75/model_outputs_333,MNISTCIFAR,confounder,False,spurious,CIFAR,['0.0'],0,False,None,None,0.25,/workspace1/araymond,False,False,0.1,erm,0.2,0.0,0.0,False,0.01,1,False,False,False,scnn,False,5001,10000,0.001,False,0.0001,0.1,0,333,False,results/MNISTCIFAR/erm_dfr_0.75/model_outputs_333,50,10,True,False,1,5,4,0.7,metadata.csv,None,../datasets/metadata.csv,None,True,False,0,0,pretrained_models/MNISTCIFAR/erm_0.75_333.pth,0.0,1,,,,
MNISTCIFAR,erm_dfr_0.75_0.9,111,results/MNISTCIFAR/erm_dfr_0.75_0.9/model_outputs_111,MNISTCIFAR,confounder,False,spurious,CIFAR,['0.0'],0,False,None,None,0.075,/workspace1/araymond,False,False,0.1,erm,0.2,0.0,0.0,False,0.01,1,False,False,False,scnn,False,5001,10000,0.001,False,0.0001,0.1,0,111,False,results/MNISTCIFAR/erm_dfr_0.75_0.9/model_outputs_111,50,10,True,False,1,5,4,0.7,metadata.csv,None,../datasets/metadata.csv,None,True,False,0,0,pretrained_models/MNISTCIFAR/erm_0.9_111.pth,0.0,1,,,,
MNISTCIFAR,erm_dfr_0.75_0.9,222,results/MNISTCIFAR/erm_dfr_0.75_0.9/model_outputs_222,MNISTCIFAR,confounder,False,spurious,CIFAR,['0.0'],0,False,None,None,0.075,/workspace1/araymond,False,False,0.1,erm,0.2,0.0,0.0,False,0.01,1,False,False,False,scnn,False,5001,10000,0.001,False,0.0001,0.1,0,222,False,results/MNISTCIFAR/erm_dfr_0.75_0.9/model_outputs_222,50,10,True,False,1,5,4,0.7,metadata.csv,None,../datasets/metadata.csv,None,True,False,0,0,pretrained_models/MNISTCIFAR/erm_0.9_222.pth,0.0,1,,,,
MNISTCIFAR,erm_dfr_0.75_0.9,333,results/MNISTCIFAR/erm_dfr_0.75_0.9/model_outputs_333,MNISTCIFAR,confounder,False,spurious,CIFAR,['0.0'],0,False,None,None,0.075,/workspace1/araymond,False,False,0.1,erm,0.2,0.0,0.0,False,0.01,1,False,False,False,scnn,False,5001,10000,0.001,False,0.0001,0.1,0,333,False,results/MNISTCIFAR/erm_dfr_0.75_0.9/model_outputs_333,50,10,True,False,1,5,4,0.7,metadata.csv,None,../datasets/metadata.csv,None,True,False,0,0,pretrained_models/MNISTCIFAR/erm_0.9_333.pth,0.0,1,,,,
MNISTCIFAR,erm_dfr_0.9,111,results/MNISTCIFAR/erm_dfr_0.9/model_outputs_111,MNISTCIFAR,confounder,False,spurious,CIFAR,['0.0'],0,False,None,None,0.01,/workspace1/araymond,False,False,0.1,erm,0.2,0.0,0.0,False,0.01,1,False,False,False,scnn,False,5001,10000,0.001,False,0.0001,0.1,0,111,False,results/MNISTCIFAR/erm_dfr_0.9/model_outputs_111,50,10,True,False,1,5,4,0.7,metadata.csv,None,../datasets/metadata.csv,None,True,False,0,0,pretrained_models/MNISTCIFAR/erm_0.9_111.pth,0.0,1,,,,
MNISTCIFAR,erm_dfr_0.9,222,results/MNISTCIFAR/erm_dfr_0.9/model_outputs_222,MNISTCIFAR,confounder,False,spurious,CIFAR,['0.0'],0,False,None,None,0.1,/workspace1/araymond,False,False,0.1,erm,0.2,0.0,0.0,False,0.01,1,False,False,False,scnn,False,5001,10000,0.001,False,0.0001,0.1,0,222,False,results/MNISTCIFAR/erm_dfr_0.9/model_outputs_222,50,10,True,False,1,5,4,0.7,metadata.csv,None,../datasets/metadata.csv,None,True,False,0,0,pretrained_models/MNISTCIFAR/erm_0.9_222.pth,0.0,1,,,,
MNISTCIFAR,erm_dfr_0.9,333,results/MNISTCIFAR/erm_dfr_0.9/model_outputs_333,MNISTCIFAR,confounder,False,spurious,CIFAR,['0.0'],0,False,None,None,0.1,/workspace1/araymond,False,False,0.1,erm,0.2,0.0,0.0,False,0.01,1,False,False,False,scnn,False,5001,10000,0.001,False,0.0001,0.1,0,333,False,results/MNISTCIFAR/erm_dfr_0.9/model_outputs_333,50,10,True,False,1,5,4,0.7,metadata.csv,None,../datasets/metadata.csv,None,True,False,0,0,pretrained_models/MNISTCIFAR/erm_0.9_333.pth,0.0,1,,,,
MNISTCIFAR,erm_dfr_0.9_0.9,111,results/MNISTCIFAR/erm_dfr_0.9_0.9/model_outputs_111,MNISTCIFAR,confounder,False,spurious,CIFAR,['0.0'],0,False,None,None,0.09,/workspace1/araymond,False,False,0.1,erm,0.2,0.0,0.0,False,0.01,1,False,False,False,scnn,False,5001,10000,0.001,False,0.0001,0.1,0,111,False,results/MNISTCIFAR/erm_dfr_0.9_0.9/model_outputs_111,50,10,True,False,1,5,4,0.7,metadata.csv,None,../datasets/metadata.csv,None,True,False,0,0,pretrained_models/MNISTCIFAR/erm_0.9_111.pth,0.0,1,,,,
MNISTCIFAR,erm_dfr_0.9_0.9,222,results/MNISTCIFAR/erm_dfr_0.9_0.9/model_outputs_222,MNISTCIFAR,confounder,False,spurious,CIFAR,['0.0'],0,False,None,None,0.09,/workspace1/araymond,False,False,0.1,erm,0.2,0.0,0.0,False,0.01,1,False,False,False,scnn,False,5001,10000,0.001,False,0.0001,0.1,0,222,False,results/MNISTCIFAR/erm_dfr_0.9_0.9/model_outputs_222,50,10,True,False,1,5,4,0.7,metadata.csv,None,../datasets/metadata.csv,None,True,False,0,0,pretrained_models/MNISTCIFAR/erm_0.9_222.pth,0.0,1,,,,
MNISTCIFAR,erm_dfr_0.9_0.9,333,results/MNISTCIFAR/erm_dfr_0.9_0.9/model_outputs_333,MNISTCIFAR,confounder,False,spurious,CIFAR,['0.0'],0,False,None,None,0.09,/workspace1/araymond,False,False,0.1,erm,0.2,0.0,0.0,False,0.01,1,False,False,False,scnn,False,5001,10000,0.001,False,0.0001,0.1,0,333,False,results/MNISTCIFAR/erm_dfr_0.9_0.9/model_outputs_333,50,10,True,False,1,5,4,0.7,metadata.csv,None,../datasets/metadata.csv,None,True,False,0,0,pretrained_models/MNISTCIFAR/erm_0.9_333.pth,0.0,1,,,,
MNISTCIFAR,erm_dfr_gdro_0.1_0.9,111,results/MNISTCIFAR/erm_dfr_gdro_0.1_0.9/model_outputs_111,MNISTCIFAR,confounder,False,spurious,CIFAR,['0.0'],0,False,None,None,0.01,/workspace1/araymond,True,False,0.1,group_dro,0.2,0.0,0.0,False,0.01,1,False,False,False,scnn,False,5001,10000,0.001,False,0.0001,0.1,0,111,False,results/MNISTCIFAR/erm_dfr_gdro_0.1_0.9/model_outputs_111,50,10,True,False,1,5,4,0.7,metadata.csv,None,../datasets/metadata.csv,None,True,False,0,0,pretrained_models/MNISTCIFAR/erm_0.9_111.pth,0.0,1,,,,
MNISTCIFAR,erm_dfr_gdro_0.1_0.9,222,results/MNISTCIFAR/erm_dfr_gdro_0.1_0.9/model_outputs_222,MNISTCIFAR,confounder,False,spurious,CIFAR,['0.0'],0,False,None,None,0.01,/workspace1/araymond,True,False,0.1,group_dro,0.2,0.0,0.0,False,0.01,1,False,False,False,scnn,False,5001,10000,0.001,False,0.0001,0.1,0,222,False,results/MNISTCIFAR/erm_dfr_gdro_0.1_0.9/model_outputs_222,50,10,True,False,1,5,4,0.7,metadata.csv,None,../datasets/metadata.csv,None,True,False,0,0,pretrained_models/MNISTCIFAR/erm_0.9_222.pth,0.0,1,,,,
MNISTCIFAR,erm_dfr_gdro_0.1_0.9,333,results/MNISTCIFAR/erm_dfr_gdro_0.1_0.9/model_outputs_333,MNISTCIFAR,confounder,False,spurious,CIFAR,['0.0'],0,False,None,None,0.01,/workspace1/araymond,True,False,0.1,group_dro,0.2,0.0,0.0,False,0.01,1,False,False,False,scnn,False,5001,10000,0.001,False,0.0001,0.1,0,333,False,results/MNISTCIFAR/erm_dfr_gdro_0.1_0.9/model_outputs_333,50,10,True,False,1,5,4,0.7,metadata.csv,None,../datasets/metadata.csv,None,True,False,0,0,pretrained_models/MNISTCIFAR/erm_0.9_333.pth,0.0,1,,,,
MNISTCIFAR,erm_dfr_gdro_0.25,111,results/MNISTCIFAR/erm_dfr_gdro_0.25/model_outputs_111,MNISTCIFAR,confounder,False,spurious,CIFAR,['0.0'],0,False,None,None,0.625,/workspace1/araymond,True,False,0.1,group_dro,0.2,0.0,0.0,False,0.01,1,False,False,False,scnn,False,5001,10000,0.001,False,0.0001,0.1,0,111,False,results/MNISTCIFAR/erm_dfr_gdro_0.25/model_outputs_111,50,10,True,False,1,5,4,0.7,metadata.csv,None,../datasets/metadata.csv,None,True,False,0,0,pretrained_models/MNISTCIFAR/erm_0.25_111.pth,0.0,1,,,,
MNISTCIFAR,erm_dfr_gdro_0.25,222,results/MNISTCIFAR/erm_dfr_gdro_0.25/model_outputs_222,MNISTCIFAR,confounder,False,spurious,CIFAR,['0.0'],0,False,None,None,0.625,/workspace1/araymond,True,False,0.1,group_dro,0.2,0.0,0.0,False,0.01,1,False,False,False,scnn,False,5001,10000,0.001,False,0.0001,0.1,0,222,False,results/MNISTCIFAR/erm_dfr_gdro_0.25/model_outputs_222,50,10,True,False,1,5,4,0.7,metadata.csv,None,../datasets/metadata.csv,None,True,False,0,0,pretrained_models/MNISTCIFAR/erm_0.25_222.pth,0.0,1,,,,
MNISTCIFAR,erm_dfr_gdro_0.25,333,results/MNISTCIFAR/erm_dfr_gdro_0.25/model_outputs_333,MNISTCIFAR,confounder,False,spurious,CIFAR,['0.0'],0,False,None,None,0.625,/workspace1/araymond,True,False,0.1,group_dro,0.2,0.0,0.0,False,0.01,1,False,False,False,scnn,False,5001,10000,0.001,False,0.0001,0.1,0,333,False,results/MNISTCIFAR/erm_dfr_gdro_0.25/model_outputs_333,50,10,True,False,1,5,4,0.7,metadata.csv,None,../datasets/metadata.csv,None,True,False,0,0,pretrained_models/MNISTCIFAR/erm_0.25_333.pth,0.0,1,,,,
MNISTCIFAR,erm_dfr_gdro_0.25_0.9,111,results/MNISTCIFAR/erm_dfr_gdro_0.25_0.9/model_outputs_111,MNISTCIFAR,confounder,False,spurious,CIFAR,['0.0'],0,False,None,None,0.025,/workspace1/araymond,True,False,0.1,group_dro,0.2,0.0,0.0,False,0.01,1,False,False,False,scnn,False,5001,10000,0.001,False,0.0001,0.1,0,111,False,results/MNISTCIFAR/erm_dfr_gdro_0.25_0.9/model_outputs_111,50,10,True,False,1,5,4,0.7,metadata.csv,None,../datasets/metadata.csv,None,True,False,0,0,pretrained_models/MNISTCIFAR/erm_0.9_111.pth,0.0,1,,,,
MNISTCIFAR,erm_dfr_gdro_0.25_0.9,222,results/MNISTCIFAR/erm_dfr_gdro_0.25_0.9/model_outputs_222,MNISTCIFAR,confounder,False,spurious,CIFAR,['0.0'],0,False,None,None,0.025,/workspace1/araymond,True,False,0.1,group_dro,0.2,0.0,0.0,False,0.01,1,False,False,False,scnn,False,5001,10000,0.001,False,0.0001,0.1,0,222,False,results/MNISTCIFAR/erm_dfr_gdro_0.25_0.9/model_outputs_222,50,10,True,False,1,5,4,0.7,metadata.csv,None,../datasets/metadata.csv,None,True,False,0,0,pretrained_models/MNISTCIFAR/erm_0.9_222.pth,0.0,1,,,,
MNISTCIFAR,erm_dfr_gdro_0.25_0.9,333,results/MNISTCIFAR/erm_dfr_gdro_0.25_0.9/model_outputs_333,MNISTCIFAR,confounder,False,spurious,CIFAR,['0.0'],0,False,None,None,0.025,/workspace1/araymond,True,False,0.1,group_dro,0.2,0.0,0.0,False,0.01,1,False,False,False,scnn,False,5001,10000,0.001,False,0.0001,0.1,0,333,False,results/MNISTCIFAR/erm_dfr_gdro_0.25_0.9/model_outputs_333,50,10,True,False,1,5,4,0.7,metadata.csv,None,../datasets/metadata.csv,None,True,False,0,0,pretrained_models/MNISTCIFAR/erm_0.9_333.pth,0.0,1,,,,
MNISTCIFAR,erm_dfr_gdro_0.5,111,results/MNISTCIFAR/erm_dfr_gdro_0.5/model_outputs_111,MNISTCIFAR,confounder,False,spurious,CIFAR,['0.0'],0,False,None,None,0.5,/workspace1/araymond,True,False,0.1,group_dro,0.2,0.0,0.0,False,0.01,1,False,False,False,scnn,False,5001,10000,0.001,False,0.0001,0.1,0,111,False,results/MNISTCIFAR/erm_dfr_gdro_0.5/model_outputs_111,50,10,True,False,1,5,4,0.7,metadata.csv,None,../datasets/metadata.csv,None,True,False,0,0,pretrained_models/MNISTCIFAR/erm_0.5_111.pth,0.0,1,,,,
MNISTCIFAR,erm_dfr_gdro_0.5,222,results/MNISTCIFAR/erm_dfr_gdro_0.5/model_outputs_222,MNISTCIFAR,confounder,False,spurious,CIFAR,['0.0'],0,False,None,None,0.5,/workspace1/araymond,True,False,0.1,group_dro,0.2,0.0,0.0,False,0.01,1,False,False,False,scnn,False,5001,10000,0.001,False,0.0001,0.1,0,222,False,results/MNISTCIFAR/erm_dfr_gdro_0.5/model_outputs_222,50,10,True,False,1,5,4,0.7,metadata.csv,None,../datasets/metadata.csv,None,True,False,0,0,pretrained_models/MNISTCIFAR/erm_0.5_222.pth,0.0,1,,,,
MNISTCIFAR,erm_dfr_gdro_0.5,333,results/MNISTCIFAR/erm_dfr_gdro_0.5/model_outputs_333,MNISTCIFAR,confounder,False,spurious,CIFAR,['0.0'],0,False,None,None,0.5,/workspace1/araymond,True,False,0.1,group_dro,0.2,0.0,0.0,False,0.01,1,False,False,False,scnn,False,5001,10000,0.001,False,0.0001,0.1,0,333,False,results/MNISTCIFAR/erm_dfr_gdro_0.5/model_outputs_333,50,10,True,False,1,5,4,0.7,metadata.csv,None,../datasets/metadata.csv,None,True,False,0,0,pretrained_models/MNISTCIFAR/erm_0.5_333.pth,0.0,1,,,,
MNISTCIFAR,erm_dfr_gdro_0.5_0.9,111,results/MNISTCIFAR/erm_dfr_gdro_0.5_0.9/model_outputs_111,MNISTCIFAR,confounder,False,spurious,CIFAR,['0.0'],0,False,None,None,0.05,/workspace1/araymond,True,False,0.1,group_dro,0.2,0.0,0.0,False,0.01,1,False,False,False,scnn,False,5001,10000,0.001,False,0.0001,0.1,0,111,False,results/MNISTCIFAR/erm_dfr_gdro_0.5_0.9/model_outputs_111,50,10,True,False,1,5,4,0.7,metadata.csv,None,../datasets/metadata.csv,None,True,False,0,0,pretrained_models/MNISTCIFAR/erm_0.9_111.pth,0.0,1,,,,
MNISTCIFAR,erm_dfr_gdro_0.5_0.9,222,results/MNISTCIFAR/erm_dfr_gdro_0.5_0.9/model_outputs_222,MNISTCIFAR,confounder,False,spurious,CIFAR,['0.0'],0,False,None,None,0.05,/workspace1/araymond,True,False,0.1,group_dro,0.2,0.0,0.0,False,0.01,1,False,False,False,scnn,False,5001,10000,0.001,False,0.0001,0.1,0,222,False,results/MNISTCIFAR/erm_dfr_gdro_0.5_0.9/model_outputs_222,50,10,True,False,1,5,4,0.7,metadata.csv,None,../datasets/metadata.csv,None,True,False,0,0,pretrained_models/MNISTCIFAR/erm_0.9_222.pth,0.0,1,,,,
MNISTCIFAR,erm_dfr_gdro_0.5_0.9,333,results/MNISTCIFAR/erm_dfr_gdro_0.5_0.9/model_outputs_333,MNISTCIFAR,confounder,False,spurious,CIFAR,['0.0'],0,False,None,None,0.05,/workspace1/araymond,True,False,0.1,group_dro,0.2,0.0,0.0,False,0.01,1,False,False,False,scnn,False,5001,10000,0.001,False,0.0001,0.1,0,333,False,results/MNISTCIFAR/erm_dfr_gdro_0.5_0.9/model_outputs_333,50,10,True,False,1,5,4,0.7,metadata.csv,None,../datasets/metadata.csv,None,True,False,0,0,pretrained_models/MNISTCIFAR/erm_0.9_333.pth,0.0,1,,,,
MNISTCIFAR,erm_dfr_gdro_0.75,111,results/MNISTCIFAR/erm_dfr_gdro_0.75/model_outputs_111,MNISTCIFAR,confounder,False,spurious,CIFAR,['0.0'],0,False,None,None,0.25,/workspace1/araymond,True,False,0.1,group_dro,0.2,0.0,0.0,False,0.01,1,False,False,False,scnn,False,5001,10000,0.001,False,0.0001,0.1,0,111,False,results/MNISTCIFAR/erm_dfr_gdro_0.75/model_outputs_111,50,10,True,False,1,5,4,0.7,metadata.csv,None,../datasets/metadata.csv,None,True,False,0,0,pretrained_models/MNISTCIFAR/erm_0.75_111.pth,0.0,1,,,,
MNISTCIFAR,erm_dfr_gdro_0.75,222,results/MNISTCIFAR/erm_dfr_gdro_0.75/model_outputs_222,MNISTCIFAR,confounder,False,spurious,CIFAR,['0.0'],0,False,None,None,0.25,/workspace1/araymond,True,False,0.1,group_dro,0.2,0.0,0.0,False,0.01,1,False,False,False,scnn,False,5001,10000,0.001,False,0.0001,0.1,0,222,False,results/MNISTCIFAR/erm_dfr_gdro_0.75/model_outputs_222,50,10,True,False,1,5,4,0.7,metadata.csv,None,../datasets/metadata.csv,None,True,False,0,0,pretrained_models/MNISTCIFAR/erm_0.75_222.pth,0.0,1,,,,
MNISTCIFAR,erm_dfr_gdro_0.75,333,results/MNISTCIFAR/erm_dfr_gdro_0.75/model_outputs_333,MNISTCIFAR,confounder,False,spurious,CIFAR,['0.0'],0,False,None,None,0.25,/workspace1/araymond,True,False,0.1,group_dro,0.2,0.0,0.0,False,0.01,1,False,False,False,scnn,False,5001,10000,0.001,False,0.0001,0.1,0,333,False,results/MNISTCIFAR/erm_dfr_gdro_0.75/model_outputs_333,50,10,True,False,1,5,4,0.7,metadata.csv,None,../datasets/metadata.csv,None,True,False,0,0,pretrained_models/MNISTCIFAR/erm_0.75_333.pth,0.0,1,,,,
MNISTCIFAR,erm_dfr_gdro_0.75_0.9,111,results/MNISTCIFAR/erm_dfr_gdro_0.75_0.9/model_outputs_111,MNISTCIFAR,confounder,False,spurious,CIFAR,['0.0'],0,False,None,None,0.075,/workspace1/araymond,True,False,0.1,group_dro,0.2,0.0,0.0,False,0.01,1,False,False,False,scnn,False,5001,10000,0.001,False,0.0001,0.1,0,111,False,results/MNISTCIFAR/erm_dfr_gdro_0.75_0.9/model_outputs_111,50,10,True,False,1,5,4,0.7,metadata.csv,None,../datasets/metadata.csv,None,True,False,0,0,pretrained_models/MNISTCIFAR/erm_0.9_111.pth,0.0,1,,,,
MNISTCIFAR,erm_dfr_gdro_0.75_0.9,222,results/MNISTCIFAR/erm_dfr_gdro_0.75_0.9/model_outputs_222,MNISTCIFAR,confounder,False,spurious,CIFAR,['0.0'],0,False,None,None,0.075,/workspace1/araymond,True,False,0.1,group_dro,0.2,0.0,0.0,False,0.01,1,False,False,False,scnn,False,5001,10000,0.001,False,0.0001,0.1,0,222,False,results/MNISTCIFAR/erm_dfr_gdro_0.75_0.9/model_outputs_222,50,10,True,False,1,5,4,0.7,metadata.csv,None,../datasets/metadata.csv,None,True,False,0,0,pretrained_models/MNISTCIFAR/erm_0.9_222.pth,0.0,1,,,,
MNISTCIFAR,erm_dfr_gdro_0.75_0.9,333,results/MNISTCIFAR/erm_dfr_gdro_0.75_0.9/model_outputs_333,MNISTCIFAR,confounder,False,spurious,CIFAR,['0.0'],0,False,None,None,0.075,/workspace1/araymond,True,False,0.1,group_dro,0.2,0.0,0.0,False,0.01,1,False,False,False,scnn,False,5001,10000,0.001,False,0.0001,0.1,0,333,False,results/MNISTCIFAR/erm_dfr_gdro_0.75_0.9/model_outputs_333,50,10,True,False,1,5,4,0.7,metadata.csv,None,../datasets/metadata.csv,None,True,False,0,0,pretrained_models/MNISTCIFAR/erm_0.9_333.pth,0.0,1,,,,
MNISTCIFAR,erm_dfr_gdro_0.9,111,results/MNISTCIFAR/erm_dfr_gdro_0.9/model_outputs_111,MNISTCIFAR,confounder,False,spurious,CIFAR,['0.0'],0,False,None,None,0.01,/workspace1/araymond,True,False,0.1,group_dro,0.2,0.0,0.0,False,0.01,1,False,False,False,scnn,False,5001,10000,0.001,False,0.0001,0.1,0,111,False,results/MNISTCIFAR/erm_dfr_gdro_0.9/model_outputs_111,50,10,True,False,1,5,4,0.7,metadata.csv,None,../datasets/metadata.csv,None,True,False,0,0,pretrained_models/MNISTCIFAR/erm_0.9_111.pth,0.0,1,,,,
MNISTCIFAR,erm_dfr_gdro_0.9,222,results/MNISTCIFAR/erm_dfr_gdro_0.9/model_outputs_222,MNISTCIFAR,confounder,False,spurious,CIFAR,['0.0'],0,False,None,None,0.1,/workspace1/araymond,True,False,0.1,group_dro,0.2,0.0,0.0,False,0.01,1,False,False,False,scnn,False,5001,10000,0.001,False,0.0001,0.1,0,222,False,results/MNISTCIFAR/erm_dfr_gdro_0.9/model_outputs_222,50,10,True,False,1,5,4,0.7,metadata.csv,None,../datasets/metadata.csv,None,True,False,0,0,pretrained_models/MNISTCIFAR/erm_0.9_222.pth,0.0,1,,,,
MNISTCIFAR,erm_dfr_gdro_0.9,333,results/MNISTCIFAR/erm_dfr_gdro_0.9/model_outputs_333,MNISTCIFAR,confounder,False,spurious,CIFAR,['0.0'],0,False,None,None,0.1,/workspace1/araymond,True,False,0.1,group_dro,0.2,0.0,0.0,False,0.01,1,False,False,False,scnn,False,5001,10000,0.001,False,0.0001,0.1,0,333,False,results/MNISTCIFAR/erm_dfr_gdro_0.9/model_outputs_333,50,10,True,False,1,5,4,0.7,metadata.csv,None,../datasets/metadata.csv,None,True,False,0,0,pretrained_models/MNISTCIFAR/erm_0.9_333.pth,0.0,1,,,,
MNISTCIFAR,erm_dfr_gdro_0.9_0.9,111,results/MNISTCIFAR/erm_dfr_gdro_0.9_0.9/model_outputs_111,MNISTCIFAR,confounder,False,spurious,CIFAR,['0.0'],0,False,None,None,0.09,/workspace1/araymond,True,False,0.1,group_dro,0.2,0.0,0.0,False,0.01,1,False,False,False,scnn,False,5001,10000,0.001,False,0.0001,0.1,0,111,False,results/MNISTCIFAR/erm_dfr_gdro_0.9_0.9/model_outputs_111,50,10,True,False,1,5,4,0.7,metadata.csv,None,../datasets/metadata.csv,None,True,False,0,0,pretrained_models/MNISTCIFAR/erm_0.9_111.pth,0.0,1,,,,
MNISTCIFAR,erm_dfr_gdro_0.9_0.9,222,results/MNISTCIFAR/erm_dfr_gdro_0.9_0.9/model_outputs_222,MNISTCIFAR,confounder,False,spurious,CIFAR,['0.0'],0,False,None,None,0.09,/workspace1/araymond,True,False,0.1,group_dro,0.2,0.0,0.0,False,0.01,1,False,False,False,scnn,False,5001,10000,0.001,False,0.0001,0.1,0,222,False,results/MNISTCIFAR/erm_dfr_gdro_0.9_0.9/model_outputs_222,50,10,True,False,1,5,4,0.7,metadata.csv,None,../datasets/metadata.csv,None,True,False,0,0,pretrained_models/MNISTCIFAR/erm_0.9_222.pth,0.0,1,,,,
MNISTCIFAR,erm_dfr_gdro_0.9_0.9,333,results/MNISTCIFAR/erm_dfr_gdro_0.9_0.9/model_outputs_333,MNISTCIFAR,confounder,False,spurious,CIFAR,['0.0'],0,False,None,None,0.09,/workspace1/araymond,True,False,0.1,group_dro,0.2,0.0,0.0,False,0.01,1,False,False,False,scnn,False,5001,10000,0.001,False,0.0001,0.1,0,333,False,results/MNISTCIFAR/erm_dfr_gdro_0.9_0.9/model_outputs_333,50,10,True,False,1,5,4,0.7,metadata.csv,None,../datasets/metadata.csv,None,True,False,0,0,pretrained_models/MNISTCIFAR/erm_0.9_333.pth,0.0,1,,,,
MNISTCIFAR,erm_dfr_rw_0.1_0.9,111,results/MNISTCIFAR/erm_dfr_rw_0.1_0.9/model_outputs_111,MNISTCIFAR,confounder,False,spurious,CIFAR,['0.0'],0,False,None,None,0.01,/workspace1/araymond,True,False,0.1,erm,0.2,0.0,0.0,False,0.01,1,False,False,False,scnn,False,5001,10000,0.001,False,0.0001,0.1,0,111,False,results/MNISTCIFAR/erm_dfr_rw_0.1_0.9/model_outputs_111,50,10,True,False,1,5,4,0.7,metadata.csv,None,../datasets/metadata.csv,None,True,False,0,0,pretrained_models/MNISTCIFAR/erm_0.9_111.pth,0.0,1,,,,
MNISTCIFAR,erm_dfr_rw_0.1_0.9,222,results/MNISTCIFAR/erm_dfr_rw_0.1_0.9/model_outputs_222,MNISTCIFAR,confounder,False,spurious,CIFAR,['0.0'],0,False,None,None,0.01,/workspace1/araymond,True,False,0.1,erm,0.2,0.0,0.0,False,0.01,1,False,False,False,scnn,False,5001,10000,0.001,False,0.0001,0.1,0,222,False,results/MNISTCIFAR/erm_dfr_rw_0.1_0.9/model_outputs_222,50,10,True,False,1,5,4,0.7,metadata.csv,None,../datasets/metadata.csv,None,True,False,0,0,pretrained_models/MNISTCIFAR/erm_0.9_222.pth,0.0,1,,,,
MNISTCIFAR,erm_dfr_rw_0.1_0.9,333,results/MNISTCIFAR/erm_dfr_rw_0.1_0.9/model_outputs_333,MNISTCIFAR,confounder,False,spurious,CIFAR,['0.0'],0,False,None,None,0.01,/workspace1/araymond,True,False,0.1,erm,0.2,0.0,0.0,False,0.01,1,False,False,False,scnn,False,5001,10000,0.001,False,0.0001,0.1,0,333,False,results/MNISTCIFAR/erm_dfr_rw_0.1_0.9/model_outputs_333,50,10,True,False,1,5,4,0.7,metadata.csv,None,../datasets/metadata.csv,None,True,False,0,0,pretrained_models/MNISTCIFAR/erm_0.9_333.pth,0.0,1,,,,
MNISTCIFAR,erm_dfr_rw_0.25,111,results/MNISTCIFAR/erm_dfr_rw_0.25/model_outputs_111,MNISTCIFAR,confounder,False,spurious,CIFAR,['0.0'],0,False,None,None,0.625,/workspace1/araymond,True,False,0.1,erm,0.2,0.0,0.0,False,0.01,1,False,False,False,scnn,False,5001,10000,0.001,False,0.0001,0.1,0,111,False,results/MNISTCIFAR/erm_dfr_rw_0.25/model_outputs_111,50,10,True,False,1,5,4,0.7,metadata.csv,None,../datasets/metadata.csv,None,True,False,0,0,pretrained_models/MNISTCIFAR/erm_0.25_111.pth,0.0,1,,,,
MNISTCIFAR,erm_dfr_rw_0.25,222,results/MNISTCIFAR/erm_dfr_rw_0.25/model_outputs_222,MNISTCIFAR,confounder,False,spurious,CIFAR,['0.0'],0,False,None,None,0.625,/workspace1/araymond,True,False,0.1,erm,0.2,0.0,0.0,False,0.01,1,False,False,False,scnn,False,5001,10000,0.001,False,0.0001,0.1,0,222,False,results/MNISTCIFAR/erm_dfr_rw_0.25/model_outputs_222,50,10,True,False,1,5,4,0.7,metadata.csv,None,../datasets/metadata.csv,None,True,False,0,0,pretrained_models/MNISTCIFAR/erm_0.25_222.pth,0.0,1,,,,
MNISTCIFAR,erm_dfr_rw_0.25,333,results/MNISTCIFAR/erm_dfr_rw_0.25/model_outputs_333,MNISTCIFAR,confounder,False,spurious,CIFAR,['0.0'],0,False,None,None,0.625,/workspace1/araymond,True,False,0.1,erm,0.2,0.0,0.0,False,0.01,1,False,False,False,scnn,False,5001,10000,0.001,False,0.0001,0.1,0,333,False,results/MNISTCIFAR/erm_dfr_rw_0.25/model_outputs_333,50,10,True,False,1,5,4,0.7,metadata.csv,None,../datasets/metadata.csv,None,True,False,0,0,pretrained_models/MNISTCIFAR/erm_0.25_333.pth,0.0,1,,,,
MNISTCIFAR,erm_dfr_rw_0.25_0.9,111,results/MNISTCIFAR/erm_dfr_rw_0.25_0.9/model_outputs_111,MNISTCIFAR,confounder,False,spurious,CIFAR,['0.0'],0,False,None,None,0.025,/workspace1/araymond,True,False,0.1,erm,0.2,0.0,0.0,False,0.01,1,False,False,False,scnn,False,5001,10000,0.001,False,0.0001,0.1,0,111,False,results/MNISTCIFAR/erm_dfr_rw_0.25_0.9/model_outputs_111,50,10,True,False,1,5,4,0.7,metadata.csv,None,../datasets/metadata.csv,None,True,False,0,0,pretrained_models/MNISTCIFAR/erm_0.9_111.pth,0.0,1,,,,
MNISTCIFAR,erm_dfr_rw_0.25_0.9,222,results/MNISTCIFAR/erm_dfr_rw_0.25_0.9/model_outputs_222,MNISTCIFAR,confounder,False,spurious,CIFAR,['0.0'],0,False,None,None,0.025,/workspace1/araymond,True,False,0.1,erm,0.2,0.0,0.0,False,0.01,1,False,False,False,scnn,False,5001,10000,0.001,False,0.0001,0.1,0,222,False,results/MNISTCIFAR/erm_dfr_rw_0.25_0.9/model_outputs_222,50,10,True,False,1,5,4,0.7,metadata.csv,None,../datasets/metadata.csv,None,True,False,0,0,pretrained_models/MNISTCIFAR/erm_0.9_222.pth,0.0,1,,,,
MNISTCIFAR,erm_dfr_rw_0.25_0.9,333,results/MNISTCIFAR/erm_dfr_rw_0.25_0.9/model_outputs_333,MNISTCIFAR,confounder,False,spurious,CIFAR,['0.0'],0,False,None,None,0.025,/workspace1/araymond,True,False,0.1,erm,0.2,0.0,0.0,False,0.01,1,False,False,False,scnn,False,5001,10000,0.001,False,0.0001,0.1,0,333,False,results/MNISTCIFAR/erm_dfr_rw_0.25_0.9/model_outputs_333,50,10,True,False,1,5,4,0.7,metadata.csv,None,../datasets/metadata.csv,None,True,False,0,0,pretrained_models/MNISTCIFAR/erm_0.9_333.pth,0.0,1,,,,
MNISTCIFAR,erm_dfr_rw_0.5,111,results/MNISTCIFAR/erm_dfr_rw_0.5/model_outputs_111,MNISTCIFAR,confounder,False,spurious,CIFAR,['0.0'],0,False,None,None,0.5,/workspace1/araymond,True,False,0.1,erm,0.2,0.0,0.0,False,0.01,1,False,False,False,scnn,False,5001,10000,0.001,False,0.0001,0.1,0,111,False,results/MNISTCIFAR/erm_dfr_rw_0.5/model_outputs_111,50,10,True,False,1,5,4,0.7,metadata.csv,None,../datasets/metadata.csv,None,True,False,0,0,pretrained_models/MNISTCIFAR/erm_0.5_111.pth,0.0,1,,,,
MNISTCIFAR,erm_dfr_rw_0.5,222,results/MNISTCIFAR/erm_dfr_rw_0.5/model_outputs_222,MNISTCIFAR,confounder,False,spurious,CIFAR,['0.0'],0,False,None,None,0.5,/workspace1/araymond,True,False,0.1,erm,0.2,0.0,0.0,False,0.01,1,False,False,False,scnn,False,5001,10000,0.001,False,0.0001,0.1,0,222,False,results/MNISTCIFAR/erm_dfr_rw_0.5/model_outputs_222,50,10,True,False,1,5,4,0.7,metadata.csv,None,../datasets/metadata.csv,None,True,False,0,0,pretrained_models/MNISTCIFAR/erm_0.5_222.pth,0.0,1,,,,
MNISTCIFAR,erm_dfr_rw_0.5,333,results/MNISTCIFAR/erm_dfr_rw_0.5/model_outputs_333,MNISTCIFAR,confounder,False,spurious,CIFAR,['0.0'],0,False,None,None,0.5,/workspace1/araymond,True,False,0.1,erm,0.2,0.0,0.0,False,0.01,1,False,False,False,scnn,False,5001,10000,0.001,False,0.0001,0.1,0,333,False,results/MNISTCIFAR/erm_dfr_rw_0.5/model_outputs_333,50,10,True,False,1,5,4,0.7,metadata.csv,None,../datasets/metadata.csv,None,True,False,0,0,pretrained_models/MNISTCIFAR/erm_0.5_333.pth,0.0,1,,,,
MNISTCIFAR,erm_dfr_rw_0.5_0.9,111,results/MNISTCIFAR/erm_dfr_rw_0.5_0.9/model_outputs_111,MNISTCIFAR,confounder,False,spurious,CIFAR,['0.0'],0,False,None,None,0.05,/workspace1/araymond,True,False,0.1,erm,0.2,0.0,0.0,False,0.01,1,False,False,False,scnn,False,5001,10000,0.001,False,0.0001,0.1,0,111,False,results/MNISTCIFAR/erm_dfr_rw_0.5_0.9/model_outputs_111,50,10,True,False,1,5,4,0.7,metadata.csv,None,../datasets/metadata.csv,None,True,False,0,0,pretrained_models/MNISTCIFAR/erm_0.9_111.pth,0.0,1,,,,
MNISTCIFAR,erm_dfr_rw_0.5_0.9,222,results/MNISTCIFAR/erm_dfr_rw_0.5_0.9/model_outputs_222,MNISTCIFAR,confounder,False,spurious,CIFAR,['0.0'],0,False,None,None,0.05,/workspace1/araymond,True,False,0.1,erm,0.2,0.0,0.0,False,0.01,1,False,False,False,scnn,False,5001,10000,0.001,False,0.0001,0.1,0,222,False,results/MNISTCIFAR/erm_dfr_rw_0.5_0.9/model_outputs_222,50,10,True,False,1,5,4,0.7,metadata.csv,None,../datasets/metadata.csv,None,True,False,0,0,pretrained_models/MNISTCIFAR/erm_0.9_222.pth,0.0,1,,,,
MNISTCIFAR,erm_dfr_rw_0.5_0.9,333,results/MNISTCIFAR/erm_dfr_rw_0.5_0.9/model_outputs_333,MNISTCIFAR,confounder,False,spurious,CIFAR,['0.0'],0,False,None,None,0.05,/workspace1/araymond,True,False,0.1,erm,0.2,0.0,0.0,False,0.01,1,False,False,False,scnn,False,5001,10000,0.001,False,0.0001,0.1,0,333,False,results/MNISTCIFAR/erm_dfr_rw_0.5_0.9/model_outputs_333,50,10,True,False,1,5,4,0.7,metadata.csv,None,../datasets/metadata.csv,None,True,False,0,0,pretrained_models/MNISTCIFAR/erm_0.9_333.pth,0.0,1,,,,
MNISTCIFAR,erm_dfr_rw_0.75,111,results/MNISTCIFAR/erm_dfr_rw_0.75/model_outputs_111,MNISTCIFAR,confounder,False,spurious,CIFAR,['0.0'],0,False,None,None,0.25,/workspace1/araymond,True,False,0.1,erm,0.2,0.0,0.0,False,0.01,1,False,False,False,scnn,False,5001,10000,0.001,False,0.0001,0.1,0,111,False,results/MNISTCIFAR/erm_dfr_rw_0.75/model_outputs_111,50,10,True,False,1,5,4,0.7,metadata.csv,None,../datasets/metadata.csv,None,True,False,0,0,pretrained_models/MNISTCIFAR/erm_0.75_111.pth,0.0,1,,,,
MNISTCIFAR,erm_dfr_rw_0.75,222,results/MNISTCIFAR/erm_dfr_rw_0.75/model_outputs_222,MNISTCIFAR,confounder,False,spurious,CIFAR,['0.0'],0,False,None,None,0.25,/workspace1/araymond,True,False,0.1,erm,0.2,0.0,0.0,False,0.01,1,False,False,False,scnn,False,5001,10000,0.001,False,0.0001,0.1,0,222,False,results/MNISTCIFAR/erm_dfr_rw_0.75/model_outputs_222,50,10,True,False,1,5,4,0.7,metadata.csv,None,../datasets/metadata.csv,None,True,False,0,0,pretrained_models/MNISTCIFAR/erm_0.75_222.pth,0.0,1,,,,
MNISTCIFAR,erm_dfr_rw_0.75,333,results/MNISTCIFAR/erm_dfr_rw_0.75/model_outputs_333,MNISTCIFAR,confounder,False,spurious,CIFAR,['0.0'],0,False,None,None,0.25,/workspace1/araymond,True,False,0.1,erm,0.2,0.0,0.0,False,0.01,1,False,False,False,scnn,False,5001,10000,0.001,False,0.0001,0.1,0,333,False,results/MNISTCIFAR/erm_dfr_rw_0.75/model_outputs_333,50,10,True,False,1,5,4,0.7,metadata.csv,None,../datasets/metadata.csv,None,True,False,0,0,pretrained_models/MNISTCIFAR/erm_0.75_333.pth,0.0,1,,,,
MNISTCIFAR,erm_dfr_rw_0.75_0.9,111,results/MNISTCIFAR/erm_dfr_rw_0.75_0.9/model_outputs_111,MNISTCIFAR,confounder,False,spurious,CIFAR,['0.0'],0,False,None,None,0.075,/workspace1/araymond,True,False,0.1,erm,0.2,0.0,0.0,False,0.01,1,False,False,False,scnn,False,5001,10000,0.001,False,0.0001,0.1,0,111,False,results/MNISTCIFAR/erm_dfr_rw_0.75_0.9/model_outputs_111,50,10,True,False,1,5,4,0.7,metadata.csv,None,../datasets/metadata.csv,None,True,False,0,0,pretrained_models/MNISTCIFAR/erm_0.9_111.pth,0.0,1,,,,
MNISTCIFAR,erm_dfr_rw_0.75_0.9,222,results/MNISTCIFAR/erm_dfr_rw_0.75_0.9/model_outputs_222,MNISTCIFAR,confounder,False,spurious,CIFAR,['0.0'],0,False,None,None,0.075,/workspace1/araymond,True,False,0.1,erm,0.2,0.0,0.0,False,0.01,1,False,False,False,scnn,False,5001,10000,0.001,False,0.0001,0.1,0,222,False,results/MNISTCIFAR/erm_dfr_rw_0.75_0.9/model_outputs_222,50,10,True,False,1,5,4,0.7,metadata.csv,None,../datasets/metadata.csv,None,True,False,0,0,pretrained_models/MNISTCIFAR/erm_0.9_222.pth,0.0,1,,,,
MNISTCIFAR,erm_dfr_rw_0.75_0.9,333,results/MNISTCIFAR/erm_dfr_rw_0.75_0.9/model_outputs_333,MNISTCIFAR,confounder,False,spurious,CIFAR,['0.0'],0,False,None,None,0.075,/workspace1/araymond,True,False,0.1,erm,0.2,0.0,0.0,False,0.01,1,False,False,False,scnn,False,5001,10000,0.001,False,0.0001,0.1,0,333,False,results/MNISTCIFAR/erm_dfr_rw_0.75_0.9/model_outputs_333,50,10,True,False,1,5,4,0.7,metadata.csv,None,../datasets/metadata.csv,None,True,False,0,0,pretrained_models/MNISTCIFAR/erm_0.9_333.pth,0.0,1,,,,
MNISTCIFAR,erm_dfr_rw_0.9,111,results/MNISTCIFAR/erm_dfr_rw_0.9/model_outputs_111,MNISTCIFAR,confounder,False,spurious,CIFAR,['0.0'],0,False,None,None,0.1,/workspace1/araymond,True,False,0.1,erm,0.2,0.0,0.0,False,0.01,1,False,False,False,scnn,False,5001,10000,0.001,False,0.0001,0.1,0,111,False,results/MNISTCIFAR/erm_dfr_rw_0.9/model_outputs_111,50,10,True,False,1,5,4,0.7,metadata.csv,None,../datasets/metadata.csv,None,True,False,0,0,pretrained_models/MNISTCIFAR/erm_0.9_111.pth,0.0,1,,,,
MNISTCIFAR,erm_dfr_rw_0.9,222,results/MNISTCIFAR/erm_dfr_rw_0.9/model_outputs_222,MNISTCIFAR,confounder,False,spurious,CIFAR,['0.0'],0,False,None,None,0.1,/workspace1/araymond,True,False,0.1,erm,0.2,0.0,0.0,False,0.01,1,False,False,False,scnn,False,5001,10000,0.001,False,0.0001,0.1,0,222,False,results/MNISTCIFAR/erm_dfr_rw_0.9/model_outputs_222,50,10,True,False,1,5,4,0.7,metadata.csv,None,../datasets/metadata.csv,None,True,False,0,0,pretrained_models/MNISTCIFAR/erm_0.9_222.pth,0.0,1,,,,
MNISTCIFAR,erm_dfr_rw_0.9,333,results/MNISTCIFAR/erm_dfr_rw_0.9/model_outputs_333,MNISTCIFAR,confounder,False,spurious,CIFAR,['0.0'],0,False,None,None,0.1,/workspace1/araymond,True,False,0.1,erm,0.2,0.0,0.0,False,0.01,1,False,False,False,scnn,False,5001,10000,0.001,False,0.0001,0.1,0,333,False,results/MNISTCIFAR/erm_dfr_rw_0.9/model_outputs_333,50,10,True,False,1,5,4,0.7,metadata.csv,None,../datasets/metadata.csv,None,True,False,0,0,pretrained_models/MNISTCIFAR/erm_0.9_333.pth,0.0,1,,,,
MNISTCIFAR,erm_dfr_rw_0.9_0.9,111,results/MNISTCIFAR/erm_dfr_rw_0.9_0.9/model_outputs_111,MNISTCIFAR,confounder,False,spurious,CIFAR,['0.0'],0,False,None,None,0.09,/workspace1/araymond,True,False,0.1,erm,0.2,0.0,0.0,False,0.01,1,False,False,False,scnn,False,5001,10000,0.001,False,0.0001,0.1,0,111,False,results/MNISTCIFAR/erm_dfr_rw_0.9_0.9/model_outputs_111,50,10,True,False,1,5,4,0.7,metadata.csv,None,../datasets/metadata.csv,None,True,False,0,0,pretrained_models/MNISTCIFAR/erm_0.9_111.pth,0.0,1,,,,
MNISTCIFAR,erm_dfr_rw_0.9_0.9,222,results/MNISTCIFAR/erm_dfr_rw_0.9_0.9/model_outputs_222,MNISTCIFAR,confounder,False,spurious,CIFAR,['0.0'],0,False,None,None,0.09,/workspace1/araymond,True,False,0.1,erm,0.2,0.0,0.0,False,0.01,1,False,False,False,scnn,False,5001,10000,0.001,False,0.0001,0.1,0,222,False,results/MNISTCIFAR/erm_dfr_rw_0.9_0.9/model_outputs_222,50,10,True,False,1,5,4,0.7,metadata.csv,None,../datasets/metadata.csv,None,True,False,0,0,pretrained_models/MNISTCIFAR/erm_0.9_222.pth,0.0,1,,,,
MNISTCIFAR,erm_dfr_rw_0.9_0.9,333,results/MNISTCIFAR/erm_dfr_rw_0.9_0.9/model_outputs_333,MNISTCIFAR,confounder,False,spurious,CIFAR,['0.0'],0,False,None,None,0.09,/workspace1/araymond,True,False,0.1,erm,0.2,0.0,0.0,False,0.01,1,False,False,False,scnn,False,5001,10000,0.001,False,0.0001,0.1,0,333,False,results/MNISTCIFAR/erm_dfr_rw_0.9_0.9/model_outputs_333,50,10,True,False,1,5,4,0.7,metadata.csv,None,../datasets/metadata.csv,None,True,False,0,0,pretrained_models/MNISTCIFAR/erm_0.9_333.pth,0.0,1,,,,
MNISTCIFAR,erm_gdro_0.0,111,results/MNISTCIFAR/erm_gdro_0.0/model_outputs_111,MNISTCIFAR,confounder,False,spurious,CIFAR,['0.0'],0,False,None,None,1.0,../datasets,True,False,0.1,group_dro,0.2,0.0,0.0,False,0.01,1,False,False,False,scnn,False,5001,10000,0.001,False,0.0001,0.1,0,111,False,results/MNISTCIFAR/erm_gdro_0.0/model_outputs_111,50,10,True,False,1,5,4,0.7,metadata.csv,None,../datasets/metadata.csv,None,True,,,,pretrained_models/MNISTCIFAR/erm_0.0_111.pth,,,,,,
MNISTCIFAR,erm_gdro_0.0,222,results/MNISTCIFAR/erm_gdro_0.0/model_outputs_222,MNISTCIFAR,confounder,False,spurious,CIFAR,['0.0'],0,False,None,None,1.0,../datasets,True,False,0.1,group_dro,0.2,0.0,0.0,False,0.01,1,False,False,False,scnn,False,5001,10000,0.001,False,0.0001,0.1,0,222,False,results/MNISTCIFAR/erm_gdro_0.0/model_outputs_222,50,10,True,False,1,5,4,0.7,metadata.csv,None,../datasets/metadata.csv,None,True,,,,pretrained_models/MNISTCIFAR/erm_0.0_222.pth,,,,,,
MNISTCIFAR,erm_gdro_0.0,333,results/MNISTCIFAR/erm_gdro_0.0/model_outputs_333,MNISTCIFAR,confounder,False,spurious,CIFAR,['0.0'],0,False,None,None,1.0,../datasets,True,False,0.1,group_dro,0.2,0.0,0.0,False,0.01,1,False,False,False,scnn,False,5001,10000,0.001,False,0.0001,0.1,0,333,False,results/MNISTCIFAR/erm_gdro_0.0/model_outputs_333,50,10,True,False,1,5,4,0.7,metadata.csv,None,../datasets/metadata.csv,None,True,,,,pretrained_models/MNISTCIFAR/erm_0.0_333.pth,,,,,,
MNISTCIFAR,erm_gdro_0.1_0.9,111,results/MNISTCIFAR/erm_gdro_0.1_0.9/model_outputs_111,MNISTCIFAR,confounder,False,spurious,CIFAR,['0.9'],0,False,None,None,0.1,../datasets,True,False,0.1,group_dro,0.2,0.0,0.0,False,0.01,1,False,False,False,scnn,False,5001,10000,0.001,False,0.0001,0.1,0,111,False,results/MNISTCIFAR/erm_gdro_0.9_0.1/model_outputs_111,50,10,True,False,1,5,4,0.7,metadata.csv,None,../datasets/metadata.csv,None,True,,,,pretrained_models/MNISTCIFAR/erm_0.9_111.pth,,,,,,
MNISTCIFAR,erm_gdro_0.1_0.9,222,results/MNISTCIFAR/erm_gdro_0.1_0.9/model_outputs_222,MNISTCIFAR,confounder,False,spurious,CIFAR,['0.9'],0,False,None,None,0.1,../datasets,True,False,0.1,group_dro,0.2,0.0,0.0,False,0.01,1,False,False,False,scnn,False,5001,10000,0.001,False,0.0001,0.1,0,222,False,results/MNISTCIFAR/erm_gdro_0.9_0.1/model_outputs_222,50,10,True,False,1,5,4,0.7,metadata.csv,None,../datasets/metadata.csv,None,True,,,,pretrained_models/MNISTCIFAR/erm_0.9_222.pth,,,,,,
MNISTCIFAR,erm_gdro_0.1_0.9,333,results/MNISTCIFAR/erm_gdro_0.1_0.9/model_outputs_333,MNISTCIFAR,confounder,False,spurious,CIFAR,['0.9'],0,False,None,None,0.1,../datasets,True,False,0.1,group_dro,0.2,0.0,0.0,False,0.01,1,False,False,False,scnn,False,5001,10000,0.001,False,0.0001,0.1,0,333,False,results/MNISTCIFAR/erm_gdro_0.9_0.1/model_outputs_333,50,10,True,False,1,5,4,0.7,metadata.csv,None,../datasets/metadata.csv,None,True,,,,pretrained_models/MNISTCIFAR/erm_0.9_333.pth,,,,,,
MNISTCIFAR,erm_gdro_0.25,111,results/MNISTCIFAR/erm_gdro_0.25/model_outputs_111,MNISTCIFAR,confounder,False,spurious,CIFAR,['0.25'],0,False,None,None,1.0,../datasets,True,False,0.1,group_dro,0.2,0.0,0.0,False,0.01,1,False,False,False,scnn,False,5001,10000,0.001,False,0.0001,0.1,0,111,False,results/MNISTCIFAR/erm_gdro_0.25/model_outputs_111,50,10,True,False,1,5,4,0.7,metadata.csv,None,../datasets/metadata.csv,None,True,,,,pretrained_models/MNISTCIFAR/erm_0.25_111.pth,,,,,,
MNISTCIFAR,erm_gdro_0.25,222,results/MNISTCIFAR/erm_gdro_0.25/model_outputs_222,MNISTCIFAR,confounder,False,spurious,CIFAR,['0.25'],0,False,None,None,1.0,../datasets,True,False,0.1,group_dro,0.2,0.0,0.0,False,0.01,1,False,False,False,scnn,False,5001,10000,0.001,False,0.0001,0.1,0,222,False,results/MNISTCIFAR/erm_gdro_0.25/model_outputs_222,50,10,True,False,1,5,4,0.7,metadata.csv,None,../datasets/metadata.csv,None,True,,,,pretrained_models/MNISTCIFAR/erm_0.25_222.pth,,,,,,
MNISTCIFAR,erm_gdro_0.25,333,results/MNISTCIFAR/erm_gdro_0.25/model_outputs_333,MNISTCIFAR,confounder,False,spurious,CIFAR,['0.25'],0,False,None,None,1.0,../datasets,True,False,0.1,group_dro,0.2,0.0,0.0,False,0.01,1,False,False,False,scnn,False,5001,10000,0.001,False,0.0001,0.1,0,333,False,results/MNISTCIFAR/erm_gdro_0.25/model_outputs_333,50,10,True,False,1,5,4,0.7,metadata.csv,None,../datasets/metadata.csv,None,True,,,,pretrained_models/MNISTCIFAR/erm_0.25_333.pth,,,,,,
MNISTCIFAR,erm_gdro_0.25_0.9,111,results/MNISTCIFAR/erm_gdro_0.25_0.9/model_outputs_111,MNISTCIFAR,confounder,False,spurious,CIFAR,['0.9'],0,False,None,None,0.25,../datasets,True,False,0.1,group_dro,0.2,0.0,0.0,False,0.01,1,False,False,False,scnn,False,5001,10000,0.001,False,0.0001,0.1,0,111,False,results/MNISTCIFAR/erm_gdro_0.9_0.25/model_outputs_111,50,10,True,False,1,5,4,0.7,metadata.csv,None,../datasets/metadata.csv,None,True,,,,pretrained_models/MNISTCIFAR/erm_0.9_111.pth,,,,,,
MNISTCIFAR,erm_gdro_0.25_0.9,222,results/MNISTCIFAR/erm_gdro_0.25_0.9/model_outputs_222,MNISTCIFAR,confounder,False,spurious,CIFAR,['0.9'],0,False,None,None,0.25,../datasets,True,False,0.1,group_dro,0.2,0.0,0.0,False,0.01,1,False,False,False,scnn,False,5001,10000,0.001,False,0.0001,0.1,0,222,False,results/MNISTCIFAR/erm_gdro_0.9_0.25/model_outputs_222,50,10,True,False,1,5,4,0.7,metadata.csv,None,../datasets/metadata.csv,None,True,,,,pretrained_models/MNISTCIFAR/erm_0.9_222.pth,,,,,,
MNISTCIFAR,erm_gdro_0.25_0.9,333,results/MNISTCIFAR/erm_gdro_0.25_0.9/model_outputs_333,MNISTCIFAR,confounder,False,spurious,CIFAR,['0.9'],0,False,None,None,0.25,../datasets,True,False,0.1,group_dro,0.2,0.0,0.0,False,0.01,1,False,False,False,scnn,False,5001,10000,0.001,False,0.0001,0.1,0,333,False,results/MNISTCIFAR/erm_gdro_0.9_0.25/model_outputs_333,50,10,True,False,1,5,4,0.7,metadata.csv,None,../datasets/metadata.csv,None,True,,,,pretrained_models/MNISTCIFAR/erm_0.9_333.pth,,,,,,
MNISTCIFAR,erm_gdro_0.5,111,results/MNISTCIFAR/erm_gdro_0.5/model_outputs_111,MNISTCIFAR,confounder,False,spurious,CIFAR,['0.5'],0,False,None,None,1.0,../datasets,True,False,0.1,group_dro,0.2,0.0,0.0,False,0.01,1,False,False,False,scnn,False,5001,10000,0.001,False,0.0001,0.1,0,111,False,results/MNISTCIFAR/erm_gdro_0.5/model_outputs_111,50,10,True,False,1,5,4,0.7,metadata.csv,None,../datasets/metadata.csv,None,True,,,,pretrained_models/MNISTCIFAR/erm_0.5_111.pth,,,,,,
MNISTCIFAR,erm_gdro_0.5,222,results/MNISTCIFAR/erm_gdro_0.5/model_outputs_222,MNISTCIFAR,confounder,False,spurious,CIFAR,['0.5'],0,False,None,None,1.0,../datasets,True,False,0.1,group_dro,0.2,0.0,0.0,False,0.01,1,False,False,False,scnn,False,5001,10000,0.001,False,0.0001,0.1,0,222,False,results/MNISTCIFAR/erm_gdro_0.5/model_outputs_222,50,10,True,False,1,5,4,0.7,metadata.csv,None,../datasets/metadata.csv,None,True,,,,pretrained_models/MNISTCIFAR/erm_0.5_222.pth,,,,,,
MNISTCIFAR,erm_gdro_0.5,333,results/MNISTCIFAR/erm_gdro_0.5/model_outputs_333,MNISTCIFAR,confounder,False,spurious,CIFAR,['0.5'],0,False,None,None,1.0,../datasets,True,False,0.1,group_dro,0.2,0.0,0.0,False,0.01,1,False,False,False,scnn,False,5001,10000,0.001,False,0.0001,0.1,0,333,False,results/MNISTCIFAR/erm_gdro_0.5/model_outputs_333,50,10,True,False,1,5,4,0.7,metadata.csv,None,../datasets/metadata.csv,None,True,,,,pretrained_models/MNISTCIFAR/erm_0.5_333.pth,,,,,,
MNISTCIFAR,erm_gdro_0.5_0.9,111,results/MNISTCIFAR/erm_gdro_0.5_0.9/model_outputs_111,MNISTCIFAR,confounder,False,spurious,CIFAR,['0.9'],0,False,None,None,0.5,../datasets,True,False,0.1,group_dro,0.2,0.0,0.0,False,0.01,1,False,False,False,scnn,False,5001,10000,0.001,False,0.0001,0.1,0,111,False,results/MNISTCIFAR/erm_gdro_0.9_0.5/model_outputs_111,50,10,True,False,1,5,4,0.7,metadata.csv,None,../datasets/metadata.csv,None,True,,,,pretrained_models/MNISTCIFAR/erm_0.9_111.pth,,,,,,
MNISTCIFAR,erm_gdro_0.5_0.9,222,results/MNISTCIFAR/erm_gdro_0.5_0.9/model_outputs_222,MNISTCIFAR,confounder,False,spurious,CIFAR,['0.9'],0,False,None,None,0.5,../datasets,True,False,0.1,group_dro,0.2,0.0,0.0,False,0.01,1,False,False,False,scnn,False,5001,10000,0.001,False,0.0001,0.1,0,222,False,results/MNISTCIFAR/erm_gdro_0.9_0.5/model_outputs_222,50,10,True,False,1,5,4,0.7,metadata.csv,None,../datasets/metadata.csv,None,True,,,,pretrained_models/MNISTCIFAR/erm_0.9_222.pth,,,,,,
MNISTCIFAR,erm_gdro_0.5_0.9,333,results/MNISTCIFAR/erm_gdro_0.5_0.9/model_outputs_333,MNISTCIFAR,confounder,False,spurious,CIFAR,['0.9'],0,False,None,None,0.5,../datasets,True,False,0.1,group_dro,0.2,0.0,0.0,False,0.01,1,False,False,False,scnn,False,5001,10000,0.001,False,0.0001,0.1,0,333,False,results/MNISTCIFAR/erm_gdro_0.9_0.5/model_outputs_333,50,10,True,False,1,5,4,0.7,metadata.csv,None,../datasets/metadata.csv,None,True,,,,pretrained_models/MNISTCIFAR/erm_0.9_333.pth,,,,,,
MNISTCIFAR,erm_gdro_0.75,111,results/MNISTCIFAR/erm_gdro_0.75/model_outputs_111,MNISTCIFAR,confounder,False,spurious,CIFAR,['0.75'],0,False,None,None,1.0,../datasets,True,False,0.1,group_dro,0.2,0.0,0.0,False,0.01,1,False,False,False,scnn,False,5001,10000,0.001,False,0.0001,0.1,0,111,False,results/MNISTCIFAR/erm_gdro_0.75/model_outputs_111,50,10,True,False,1,5,4,0.7,metadata.csv,None,../datasets/metadata.csv,None,True,,,,pretrained_models/MNISTCIFAR/erm_0.75_111.pth,,,,,,
MNISTCIFAR,erm_gdro_0.75,222,results/MNISTCIFAR/erm_gdro_0.75/model_outputs_222,MNISTCIFAR,confounder,False,spurious,CIFAR,['0.75'],0,False,None,None,1.0,../datasets,True,False,0.1,group_dro,0.2,0.0,0.0,False,0.01,1,False,False,False,scnn,False,5001,10000,0.001,False,0.0001,0.1,0,222,False,results/MNISTCIFAR/erm_gdro_0.75/model_outputs_222,50,10,True,False,1,5,4,0.7,metadata.csv,None,../datasets/metadata.csv,None,True,,,,pretrained_models/MNISTCIFAR/erm_0.75_222.pth,,,,,,
MNISTCIFAR,erm_gdro_0.75,333,results/MNISTCIFAR/erm_gdro_0.75/model_outputs_333,MNISTCIFAR,confounder,False,spurious,CIFAR,['0.75'],0,False,None,None,1.0,../datasets,True,False,0.1,group_dro,0.2,0.0,0.0,False,0.01,1,False,False,False,scnn,False,5001,10000,0.001,False,0.0001,0.1,0,333,False,results/MNISTCIFAR/erm_gdro_0.75/model_outputs_333,50,10,True,False,1,5,4,0.7,metadata.csv,None,../datasets/metadata.csv,None,True,,,,pretrained_models/MNISTCIFAR/erm_0.75_333.pth,,,,,,
MNISTCIFAR,erm_gdro_0.75_0.9,111,results/MNISTCIFAR/erm_gdro_0.75_0.9/model_outputs_111,MNISTCIFAR,confounder,False,spurious,CIFAR,['0.9'],0,False,None,None,0.75,../datasets,True,False,0.1,group_dro,0.2,0.0,0.0,False,0.01,1,False,False,False,scnn,False,5001,10000,0.001,False,0.0001,0.1,0,111,False,results/MNISTCIFAR/erm_gdro_0.9_0.75/model_outputs_111,50,10,True,False,1,5,4,0.7,metadata.csv,None,../datasets/metadata.csv,None,True,,,,pretrained_models/MNISTCIFAR/erm_0.9_111.pth,,,,,,
MNISTCIFAR,erm_gdro_0.75_0.9,222,results/MNISTCIFAR/erm_gdro_0.75_0.9/model_outputs_222,MNISTCIFAR,confounder,False,spurious,CIFAR,['0.9'],0,False,None,None,0.75,../datasets,True,False,0.1,group_dro,0.2,0.0,0.0,False,0.01,1,False,False,False,scnn,False,5001,10000,0.001,False,0.0001,0.1,0,222,False,results/MNISTCIFAR/erm_gdro_0.9_0.75/model_outputs_222,50,10,True,False,1,5,4,0.7,metadata.csv,None,../datasets/metadata.csv,None,True,,,,pretrained_models/MNISTCIFAR/erm_0.9_222.pth,,,,,,
MNISTCIFAR,erm_gdro_0.75_0.9,333,results/MNISTCIFAR/erm_gdro_0.75_0.9/model_outputs_333,MNISTCIFAR,confounder,False,spurious,CIFAR,['0.9'],0,False,None,None,0.75,../datasets,True,False,0.1,group_dro,0.2,0.0,0.0,False,0.01,1,False,False,False,scnn,False,5001,10000,0.001,False,0.0001,0.1,0,333,False,results/MNISTCIFAR/erm_gdro_0.9_0.75/model_outputs_333,50,10,True,False,1,5,4,0.7,metadata.csv,None,../datasets/metadata.csv,None,True,,,,pretrained_models/MNISTCIFAR/erm_0.9_333.pth,,,,,,
MNISTCIFAR,erm_gdro_0.9,111,results/MNISTCIFAR/erm_gdro_0.9/model_outputs_111,MNISTCIFAR,confounder,False,spurious,CIFAR,['0.9'],0,False,None,None,1.0,../datasets,True,False,0.1,group_dro,0.2,0.0,0.0,False,0.01,1,False,False,False,scnn,False,5001,10000,0.001,False,0.0001,0.1,0,111,False,results/MNISTCIFAR/erm_gdro_0.9/model_outputs_111,50,10,True,False,1,5,4,0.7,metadata.csv,None,../datasets/metadata.csv,None,True,,,,pretrained_models/MNISTCIFAR/erm_0.9_111.pth,,,,,,
MNISTCIFAR,erm_gdro_0.9,222,results/MNISTCIFAR/erm_gdro_0.9/model_outputs_222,MNISTCIFAR,confounder,False,spurious,CIFAR,['0.9'],0,False,None,None,1.0,../datasets,True,False,0.1,group_dro,0.2,0.0,0.0,False,0.01,1,False,False,False,scnn,False,5001,10000,0.001,False,0.0001,0.1,0,222,False,results/MNISTCIFAR/erm_gdro_0.9/model_outputs_222,50,10,True,False,1,5,4,0.7,metadata.csv,None,../datasets/metadata.csv,None,True,,,,pretrained_models/MNISTCIFAR/erm_0.9_222.pth,,,,,,
MNISTCIFAR,erm_gdro_0.9,333,results/MNISTCIFAR/erm_gdro_0.9/model_outputs_333,MNISTCIFAR,confounder,False,spurious,CIFAR,['0.9'],0,False,None,None,1.0,../datasets,True,False,0.1,group_dro,0.2,0.0,0.0,False,0.01,1,False,False,False,scnn,False,5001,10000,0.001,False,0.0001,0.1,0,333,False,results/MNISTCIFAR/erm_gdro_0.9/model_outputs_333,50,10,True,False,1,5,4,0.7,metadata.csv,None,../datasets/metadata.csv,None,True,,,,pretrained_models/MNISTCIFAR/erm_0.9_333.pth,,,,,,
MNISTCIFAR,erm_gdro_0.9_0.9,111,results/MNISTCIFAR/erm_gdro_0.9_0.9/model_outputs_111,MNISTCIFAR,confounder,False,spurious,CIFAR,['0.9'],0,False,None,None,0.9,../datasets,True,False,0.1,group_dro,0.2,0.0,0.0,False,0.01,1,False,False,False,scnn,False,5001,10000,0.001,False,0.0001,0.1,0,111,False,results/MNISTCIFAR/erm_gdro_0.9_0.9/model_outputs_111,50,10,True,False,1,5,4,0.7,metadata.csv,None,../datasets/metadata.csv,None,True,,,,pretrained_models/MNISTCIFAR/erm_0.9_111.pth,,,,,,
MNISTCIFAR,erm_gdro_0.9_0.9,222,results/MNISTCIFAR/erm_gdro_0.9_0.9/model_outputs_222,MNISTCIFAR,confounder,False,spurious,CIFAR,['0.9'],0,False,None,None,0.9,../datasets,True,False,0.1,group_dro,0.2,0.0,0.0,False,0.01,1,False,False,False,scnn,False,5001,10000,0.001,False,0.0001,0.1,0,222,False,results/MNISTCIFAR/erm_gdro_0.9_0.9/model_outputs_222,50,10,True,False,1,5,4,0.7,metadata.csv,None,../datasets/metadata.csv,None,True,,,,pretrained_models/MNISTCIFAR/erm_0.9_222.pth,,,,,,
MNISTCIFAR,erm_gdro_0.9_0.9,333,results/MNISTCIFAR/erm_gdro_0.9_0.9/model_outputs_333,MNISTCIFAR,confounder,False,spurious,CIFAR,['0.9'],0,False,None,None,0.9,../datasets,True,False,0.1,group_dro,0.2,0.0,0.0,False,0.01,1,False,False,False,scnn,False,5001,10000,0.001,False,0.0001,0.1,0,333,False,results/MNISTCIFAR/erm_gdro_0.9_0.9/model_outputs_333,50,10,True,False,1,5,4,0.7,metadata.csv,None,../datasets/metadata.csv,None,True,,,,pretrained_models/MNISTCIFAR/erm_0.9_333.pth,,,,,,
MNISTCIFAR,erm_jto_0.25,111,results/MNISTCIFAR/erm_jto_0.25/model_outputs_111,MNISTCIFAR,confounder,False,spurious,CIFAR,['0.25'],0,False,None,None,1.0,/workspace1/araymond,True,False,0.1,group_dro,0.2,0.0,0.0,False,0.01,1,False,False,False,scnn,False,5001,10000,0.001,False,0.0001,0.1,0,111,False,results/MNISTCIFAR/erm_jto_0.25/model_outputs_111,50,10,True,False,1,5,4,0.7,metadata.csv,None,../datasets/metadata.csv,None,True,False,0,0,pretrained_models/MNISTCIFAR/erm_0.25_111.pth,0.0,1,True,,,
MNISTCIFAR,erm_jto_0.25,222,results/MNISTCIFAR/erm_jto_0.25/model_outputs_222,MNISTCIFAR,confounder,False,spurious,CIFAR,['0.25'],0,False,None,None,1.0,/workspace1/araymond,True,False,0.1,group_dro,0.2,0.0,0.0,False,0.01,1,False,False,False,scnn,False,5001,10000,0.001,False,0.0001,0.1,0,222,False,results/MNISTCIFAR/erm_jto_0.25/model_outputs_222,50,10,True,False,1,5,4,0.7,metadata.csv,None,../datasets/metadata.csv,None,True,False,0,0,pretrained_models/MNISTCIFAR/erm_0.25_222.pth,0.0,1,True,,,
MNISTCIFAR,erm_jto_0.25,333,results/MNISTCIFAR/erm_jto_0.25/model_outputs_333,MNISTCIFAR,confounder,False,spurious,CIFAR,['0.25'],0,False,None,None,1.0,/workspace1/araymond,True,False,0.1,group_dro,0.2,0.0,0.0,False,0.01,1,False,False,False,scnn,False,5001,10000,0.001,False,0.0001,0.1,0,333,False,results/MNISTCIFAR/erm_jto_0.25/model_outputs_333,50,10,True,False,1,5,4,0.7,metadata.csv,None,../datasets/metadata.csv,None,True,False,0,0,pretrained_models/MNISTCIFAR/erm_0.25_333.pth,0.0,1,True,,,
MNISTCIFAR,erm_jto_0.5,111,results/MNISTCIFAR/erm_jto_0.5/model_outputs_111,MNISTCIFAR,confounder,False,spurious,CIFAR,['0.5'],0,False,None,None,1.0,/workspace1/araymond,True,False,0.1,group_dro,0.2,0.0,0.0,False,0.01,1,False,False,False,scnn,False,5001,10000,0.001,False,0.0001,0.1,0,111,False,results/MNISTCIFAR/erm_jto_0.5/model_outputs_111,50,10,True,False,1,5,4,0.7,metadata.csv,None,../datasets/metadata.csv,None,True,False,0,0,pretrained_models/MNISTCIFAR/erm_0.5_111.pth,0.0,1,True,,,
MNISTCIFAR,erm_jto_0.5,222,results/MNISTCIFAR/erm_jto_0.5/model_outputs_222,MNISTCIFAR,confounder,False,spurious,CIFAR,['0.5'],0,False,None,None,1.0,/workspace1/araymond,True,False,0.1,group_dro,0.2,0.0,0.0,False,0.01,1,False,False,False,scnn,False,5001,10000,0.001,False,0.0001,0.1,0,222,False,results/MNISTCIFAR/erm_jto_0.5/model_outputs_222,50,10,True,False,1,5,4,0.7,metadata.csv,None,../datasets/metadata.csv,None,True,False,0,0,pretrained_models/MNISTCIFAR/erm_0.5_222.pth,0.0,1,True,,,
MNISTCIFAR,erm_jto_0.5,333,results/MNISTCIFAR/erm_jto_0.5/model_outputs_333,MNISTCIFAR,confounder,False,spurious,CIFAR,['0.5'],0,False,None,None,1.0,/workspace1/araymond,True,False,0.1,group_dro,0.2,0.0,0.0,False,0.01,1,False,False,False,scnn,False,5001,10000,0.001,False,0.0001,0.1,0,333,False,results/MNISTCIFAR/erm_jto_0.5/model_outputs_333,50,10,True,False,1,5,4,0.7,metadata.csv,None,../datasets/metadata.csv,None,True,False,0,0,pretrained_models/MNISTCIFAR/erm_0.5_333.pth,0.0,1,True,,,
MNISTCIFAR,erm_jto_0.75,111,results/MNISTCIFAR/erm_jto_0.75/model_outputs_111,MNISTCIFAR,confounder,False,spurious,CIFAR,['0.75'],0,False,None,None,1.0,/workspace1/araymond,True,False,0.1,group_dro,0.2,0.0,0.0,False,0.01,1,False,False,False,scnn,False,5001,10000,0.001,False,0.0001,0.1,0,111,False,results/MNISTCIFAR/erm_jto_0.75/model_outputs_111,50,10,True,False,1,5,4,0.7,metadata.csv,None,../datasets/metadata.csv,None,True,False,0,0,pretrained_models/MNISTCIFAR/erm_0.75_111.pth,0.0,1,True,,,
MNISTCIFAR,erm_jto_0.75,222,results/MNISTCIFAR/erm_jto_0.75/model_outputs_222,MNISTCIFAR,confounder,False,spurious,CIFAR,['0.75'],0,False,None,None,1.0,/workspace1/araymond,True,False,0.1,group_dro,0.2,0.0,0.0,False,0.01,1,False,False,False,scnn,False,5001,10000,0.001,False,0.0001,0.1,0,222,False,results/MNISTCIFAR/erm_jto_0.75/model_outputs_222,50,10,True,False,1,5,4,0.7,metadata.csv,None,../datasets/metadata.csv,None,True,False,0,0,pretrained_models/MNISTCIFAR/erm_0.75_222.pth,0.0,1,True,,,
MNISTCIFAR,erm_jto_0.75,333,results/MNISTCIFAR/erm_jto_0.75/model_outputs_333,MNISTCIFAR,confounder,False,spurious,CIFAR,['0.75'],0,False,None,None,1.0,/workspace1/araymond,True,False,0.1,group_dro,0.2,0.0,0.0,False,0.01,1,False,False,False,scnn,False,5001,10000,0.001,False,0.0001,0.1,0,333,False,results/MNISTCIFAR/erm_jto_0.75/model_outputs_333,50,10,True,False,1,5,4,0.7,metadata.csv,None,../datasets/metadata.csv,None,True,False,0,0,pretrained_models/MNISTCIFAR/erm_0.75_333.pth,0.0,1,True,,,
MNISTCIFAR,erm_jto_0.9,111,results/MNISTCIFAR/erm_jto_0.9/model_outputs_111,MNISTCIFAR,confounder,False,spurious,CIFAR,['0.9'],0,False,None,None,1.0,/workspace1/araymond,True,False,0.1,group_dro,0.2,0.0,0.0,False,0.01,1,False,False,False,scnn,False,5001,10000,0.001,False,0.0001,0.1,0,111,False,results/MNISTCIFAR/erm_jto_0.9/model_outputs_111,50,10,True,False,1,5,4,0.7,metadata.csv,None,../datasets/metadata.csv,None,True,False,0,0,pretrained_models/MNISTCIFAR/erm_0.9_111.pth,0.0,1,True,,,
MNISTCIFAR,erm_jto_0.9,222,results/MNISTCIFAR/erm_jto_0.9/model_outputs_222,MNISTCIFAR,confounder,False,spurious,CIFAR,['0.9'],0,False,None,None,1.0,/workspace1/araymond,True,False,0.1,group_dro,0.2,0.0,0.0,False,0.01,1,False,False,False,scnn,False,5001,10000,0.001,False,0.0001,0.1,0,222,False,results/MNISTCIFAR/erm_jto_0.9/model_outputs_222,50,10,True,False,1,5,4,0.7,metadata.csv,None,../datasets/metadata.csv,None,True,False,0,0,pretrained_models/MNISTCIFAR/erm_0.9_222.pth,0.0,1,True,,,
MNISTCIFAR,erm_jto_0.9,333,results/MNISTCIFAR/erm_jto_0.9/model_outputs_333,MNISTCIFAR,confounder,False,spurious,CIFAR,['0.9'],0,False,None,None,1.0,/workspace1/araymond,True,False,0.1,group_dro,0.2,0.0,0.0,False,0.01,1,False,False,False,scnn,False,5001,10000,0.001,False,0.0001,0.1,0,333,False,results/MNISTCIFAR/erm_jto_0.9/model_outputs_333,50,10,True,False,1,5,4,0.7,metadata.csv,None,../datasets/metadata.csv,None,True,False,0,0,pretrained_models/MNISTCIFAR/erm_0.9_333.pth,0.0,1,True,,,
MNISTCIFAR,erm_rw_0.0,111,results/MNISTCIFAR/erm_rw_0.0/model_outputs_111,MNISTCIFAR,confounder,False,spurious,CIFAR,['0.0'],0,False,None,None,1.0,../datasets,True,False,0.1,erm,0.2,0.0,0.0,False,0.01,1,False,False,False,scnn,False,5001,10000,0.001,False,0.0001,0.1,0,111,False,results/MNISTCIFAR/erm_rw_0.0/model_outputs_111,50,10,True,False,1,5,4,0.7,metadata.csv,None,../datasets/metadata.csv,None,True,,,,pretrained_models/MNISTCIFAR/erm_0.0_111.pth,,,,,,
MNISTCIFAR,erm_rw_0.0,222,results/MNISTCIFAR/erm_rw_0.0/model_outputs_222,MNISTCIFAR,confounder,False,spurious,CIFAR,['0.0'],0,False,None,None,1.0,../datasets,True,False,0.1,erm,0.2,0.0,0.0,False,0.01,1,False,False,False,scnn,False,5001,10000,0.001,False,0.0001,0.1,0,222,False,results/MNISTCIFAR/erm_rw_0.0/model_outputs_222,50,10,True,False,1,5,4,0.7,metadata.csv,None,../datasets/metadata.csv,None,True,,,,pretrained_models/MNISTCIFAR/erm_0.0_222.pth,,,,,,
MNISTCIFAR,erm_rw_0.0,333,results/MNISTCIFAR/erm_rw_0.0/model_outputs_333,MNISTCIFAR,confounder,False,spurious,CIFAR,['0.0'],0,False,None,None,1.0,../datasets,True,False,0.1,erm,0.2,0.0,0.0,False,0.01,1,False,False,False,scnn,False,5001,10000,0.001,False,0.0001,0.1,0,333,False,results/MNISTCIFAR/erm_rw_0.0/model_outputs_333,50,10,True,False,1,5,4,0.7,metadata.csv,None,../datasets/metadata.csv,None,True,,,,pretrained_models/MNISTCIFAR/erm_0.0_333.pth,,,,,,
MNISTCIFAR,erm_rw_0.1_0.9,111,results/MNISTCIFAR/erm_rw_0.1_0.9/model_outputs_111,MNISTCIFAR,confounder,False,spurious,CIFAR,['0.9'],0,False,None,None,0.1,../datasets,True,False,0.1,erm,0.2,0.0,0.0,False,0.01,1,False,False,False,scnn,False,5001,10000,0.001,False,0.0001,0.1,0,111,False,results/MNISTCIFAR/erm_rw_0.9_0.1/model_outputs_111,50,10,True,False,1,5,4,0.7,metadata.csv,None,../datasets/metadata.csv,None,True,,,,pretrained_models/MNISTCIFAR/erm_0.9_111.pth,,,,,,
MNISTCIFAR,erm_rw_0.1_0.9,222,results/MNISTCIFAR/erm_rw_0.1_0.9/model_outputs_222,MNISTCIFAR,confounder,False,spurious,CIFAR,['0.9'],0,False,None,None,0.1,../datasets,True,False,0.1,erm,0.2,0.0,0.0,False,0.01,1,False,False,False,scnn,False,5001,10000,0.001,False,0.0001,0.1,0,222,False,results/MNISTCIFAR/erm_rw_0.9_0.1/model_outputs_222,50,10,True,False,1,5,4,0.7,metadata.csv,None,../datasets/metadata.csv,None,True,,,,pretrained_models/MNISTCIFAR/erm_0.9_222.pth,,,,,,
MNISTCIFAR,erm_rw_0.1_0.9,333,results/MNISTCIFAR/erm_rw_0.1_0.9/model_outputs_333,MNISTCIFAR,confounder,False,spurious,CIFAR,['0.9'],0,False,None,None,0.1,../datasets,True,False,0.1,erm,0.2,0.0,0.0,False,0.01,1,False,False,False,scnn,False,5001,10000,0.001,False,0.0001,0.1,0,333,False,results/MNISTCIFAR/erm_rw_0.9_0.1/model_outputs_333,50,10,True,False,1,5,4,0.7,metadata.csv,None,../datasets/metadata.csv,None,True,,,,pretrained_models/MNISTCIFAR/erm_0.9_333.pth,,,,,,
MNISTCIFAR,erm_rw_0.25,111,results/MNISTCIFAR/erm_rw_0.25/model_outputs_111,MNISTCIFAR,confounder,False,spurious,CIFAR,['0.25'],0,False,None,None,1.0,../datasets,True,False,0.1,erm,0.2,0.0,0.0,False,0.01,1,False,False,False,scnn,False,5001,10000,0.001,False,0.0001,0.1,0,111,False,results/MNISTCIFAR/erm_rw_0.25/model_outputs_111,50,10,True,False,1,5,4,0.7,metadata.csv,None,../datasets/metadata.csv,None,True,,,,pretrained_models/MNISTCIFAR/erm_0.25_111.pth,,,,,,
MNISTCIFAR,erm_rw_0.25,222,results/MNISTCIFAR/erm_rw_0.25/model_outputs_222,MNISTCIFAR,confounder,False,spurious,CIFAR,['0.25'],0,False,None,None,1.0,../datasets,True,False,0.1,erm,0.2,0.0,0.0,False,0.01,1,False,False,False,scnn,False,5001,10000,0.001,False,0.0001,0.1,0,222,False,results/MNISTCIFAR/erm_rw_0.25/model_outputs_222,50,10,True,False,1,5,4,0.7,metadata.csv,None,../datasets/metadata.csv,None,True,,,,pretrained_models/MNISTCIFAR/erm_0.25_222.pth,,,,,,
MNISTCIFAR,erm_rw_0.25,333,results/MNISTCIFAR/erm_rw_0.25/model_outputs_333,MNISTCIFAR,confounder,False,spurious,CIFAR,['0.25'],0,False,None,None,1.0,../datasets,True,False,0.1,erm,0.2,0.0,0.0,False,0.01,1,False,False,False,scnn,False,5001,10000,0.001,False,0.0001,0.1,0,333,False,results/MNISTCIFAR/erm_rw_0.25/model_outputs_333,50,10,True,False,1,5,4,0.7,metadata.csv,None,../datasets/metadata.csv,None,True,,,,pretrained_models/MNISTCIFAR/erm_0.25_333.pth,,,,,,
MNISTCIFAR,erm_rw_0.25_0.9,111,results/MNISTCIFAR/erm_rw_0.25_0.9/model_outputs_111,MNISTCIFAR,confounder,False,spurious,CIFAR,['0.9'],0,False,None,None,0.25,../datasets,True,False,0.1,erm,0.2,0.0,0.0,False,0.01,1,False,False,False,scnn,False,5001,10000,0.001,False,0.0001,0.1,0,111,False,results/MNISTCIFAR/erm_rw_0.9_0.25/model_outputs_111,50,10,True,False,1,5,4,0.7,metadata.csv,None,../datasets/metadata.csv,None,True,,,,pretrained_models/MNISTCIFAR/erm_0.9_111.pth,,,,,,
MNISTCIFAR,erm_rw_0.25_0.9,222,results/MNISTCIFAR/erm_rw_0.25_0.9/model_outputs_222,MNISTCIFAR,confounder,False,spurious,CIFAR,['0.9'],0,False,None,None,0.25,../datasets,True,False,0.1,erm,0.2,0.0,0.0,False,0.01,1,False,False,False,scnn,False,5001,10000,0.001,False,0.0001,0.1,0,222,False,results/MNISTCIFAR/erm_rw_0.9_0.25/model_outputs_222,50,10,True,False,1,5,4,0.7,metadata.csv,None,../datasets/metadata.csv,None,True,,,,pretrained_models/MNISTCIFAR/erm_0.9_222.pth,,,,,,
MNISTCIFAR,erm_rw_0.25_0.9,333,results/MNISTCIFAR/erm_rw_0.25_0.9/model_outputs_333,MNISTCIFAR,confounder,False,spurious,CIFAR,['0.9'],0,False,None,None,0.25,../datasets,True,False,0.1,erm,0.2,0.0,0.0,False,0.01,1,False,False,False,scnn,False,5001,10000,0.001,False,0.0001,0.1,0,333,False,results/MNISTCIFAR/erm_rw_0.9_0.25/model_outputs_333,50,10,True,False,1,5,4,0.7,metadata.csv,None,../datasets/metadata.csv,None,True,,,,pretrained_models/MNISTCIFAR/erm_0.9_333.pth,,,,,,
MNISTCIFAR,erm_rw_0.5,111,results/MNISTCIFAR/erm_rw_0.5/model_outputs_111,MNISTCIFAR,confounder,False,spurious,CIFAR,['0.5'],0,False,None,None,1.0,../datasets,True,False,0.1,erm,0.2,0.0,0.0,False,0.01,1,False,False,False,scnn,False,5001,10000,0.001,False,0.0001,0.1,0,111,False,results/MNISTCIFAR/erm_rw_0.5/model_outputs_111,50,10,True,False,1,5,4,0.7,metadata.csv,None,../datasets/metadata.csv,None,True,,,,pretrained_models/MNISTCIFAR/erm_0.5_111.pth,,,,,,
MNISTCIFAR,erm_rw_0.5,222,results/MNISTCIFAR/erm_rw_0.5/model_outputs_222,MNISTCIFAR,confounder,False,spurious,CIFAR,['0.5'],0,False,None,None,1.0,../datasets,True,False,0.1,erm,0.2,0.0,0.0,False,0.01,1,False,False,False,scnn,False,5001,10000,0.001,False,0.0001,0.1,0,222,False,results/MNISTCIFAR/erm_rw_0.5/model_outputs_222,50,10,True,False,1,5,4,0.7,metadata.csv,None,../datasets/metadata.csv,None,True,,,,pretrained_models/MNISTCIFAR/erm_0.5_222.pth,,,,,,
MNISTCIFAR,erm_rw_0.5,333,results/MNISTCIFAR/erm_rw_0.5/model_outputs_333,MNISTCIFAR,confounder,False,spurious,CIFAR,['0.5'],0,False,None,None,1.0,../datasets,True,False,0.1,erm,0.2,0.0,0.0,False,0.01,1,False,False,False,scnn,False,5001,10000,0.001,False,0.0001,0.1,0,333,False,results/MNISTCIFAR/erm_rw_0.5/model_outputs_333,50,10,True,False,1,5,4,0.7,metadata.csv,None,../datasets/metadata.csv,None,True,,,,pretrained_models/MNISTCIFAR/erm_0.5_333.pth,,,,,,
MNISTCIFAR,erm_rw_0.5_0.9,111,results/MNISTCIFAR/erm_rw_0.5_0.9/model_outputs_111,MNISTCIFAR,confounder,False,spurious,CIFAR,['0.9'],0,False,None,None,0.5,../datasets,True,False,0.1,erm,0.2,0.0,0.0,False,0.01,1,False,False,False,scnn,False,5001,10000,0.001,False,0.0001,0.1,0,111,False,results/MNISTCIFAR/erm_rw_0.9_0.5/model_outputs_111,50,10,True,False,1,5,4,0.7,metadata.csv,None,../datasets/metadata.csv,None,True,,,,pretrained_models/MNISTCIFAR/erm_0.9_111.pth,,,,,,
MNISTCIFAR,erm_rw_0.5_0.9,222,results/MNISTCIFAR/erm_rw_0.5_0.9/model_outputs_222,MNISTCIFAR,confounder,False,spurious,CIFAR,['0.9'],0,False,None,None,0.5,../datasets,True,False,0.1,erm,0.2,0.0,0.0,False,0.01,1,False,False,False,scnn,False,5001,10000,0.001,False,0.0001,0.1,0,222,False,results/MNISTCIFAR/erm_rw_0.9_0.5/model_outputs_222,50,10,True,False,1,5,4,0.7,metadata.csv,None,../datasets/metadata.csv,None,True,,,,pretrained_models/MNISTCIFAR/erm_0.9_222.pth,,,,,,
MNISTCIFAR,erm_rw_0.5_0.9,333,results/MNISTCIFAR/erm_rw_0.5_0.9/model_outputs_333,MNISTCIFAR,confounder,False,spurious,CIFAR,['0.9'],0,False,None,None,0.5,../datasets,True,False,0.1,erm,0.2,0.0,0.0,False,0.01,1,False,False,False,scnn,False,5001,10000,0.001,False,0.0001,0.1,0,333,False,results/MNISTCIFAR/erm_rw_0.9_0.5/model_outputs_333,50,10,True,False,1,5,4,0.7,metadata.csv,None,../datasets/metadata.csv,None,True,,,,pretrained_models/MNISTCIFAR/erm_0.9_333.pth,,,,,,
MNISTCIFAR,erm_rw_0.75,111,results/MNISTCIFAR/erm_rw_0.75/model_outputs_111,MNISTCIFAR,confounder,False,spurious,CIFAR,['0.75'],0,False,None,None,1.0,../datasets,True,False,0.1,erm,0.2,0.0,0.0,False,0.01,1,False,False,False,scnn,False,5001,10000,0.001,False,0.0001,0.1,0,111,False,results/MNISTCIFAR/erm_rw_0.75/model_outputs_111,50,10,True,False,1,5,4,0.7,metadata.csv,None,../datasets/metadata.csv,None,True,,,,pretrained_models/MNISTCIFAR/erm_0.75_111.pth,,,,,,
MNISTCIFAR,erm_rw_0.75,222,results/MNISTCIFAR/erm_rw_0.75/model_outputs_222,MNISTCIFAR,confounder,False,spurious,CIFAR,['0.75'],0,False,None,None,1.0,../datasets,True,False,0.1,erm,0.2,0.0,0.0,False,0.01,1,False,False,False,scnn,False,5001,10000,0.001,False,0.0001,0.1,0,222,False,results/MNISTCIFAR/erm_rw_0.75/model_outputs_222,50,10,True,False,1,5,4,0.7,metadata.csv,None,../datasets/metadata.csv,None,True,,,,pretrained_models/MNISTCIFAR/erm_0.75_222.pth,,,,,,
MNISTCIFAR,erm_rw_0.75,333,results/MNISTCIFAR/erm_rw_0.75/model_outputs_333,MNISTCIFAR,confounder,False,spurious,CIFAR,['0.75'],0,False,None,None,1.0,../datasets,True,False,0.1,erm,0.2,0.0,0.0,False,0.01,1,False,False,False,scnn,False,5001,10000,0.001,False,0.0001,0.1,0,333,False,results/MNISTCIFAR/erm_rw_0.75/model_outputs_333,50,10,True,False,1,5,4,0.7,metadata.csv,None,../datasets/metadata.csv,None,True,,,,pretrained_models/MNISTCIFAR/erm_0.75_333.pth,,,,,,
MNISTCIFAR,erm_rw_0.75_0.9,111,results/MNISTCIFAR/erm_rw_0.75_0.9/model_outputs_111,MNISTCIFAR,confounder,False,spurious,CIFAR,['0.9'],0,False,None,None,0.75,../datasets,True,False,0.1,erm,0.2,0.0,0.0,False,0.01,1,False,False,False,scnn,False,5001,10000,0.001,False,0.0001,0.1,0,111,False,results/MNISTCIFAR/erm_rw_0.9_0.75/model_outputs_111,50,10,True,False,1,5,4,0.7,metadata.csv,None,../datasets/metadata.csv,None,True,,,,pretrained_models/MNISTCIFAR/erm_0.9_111.pth,,,,,,
MNISTCIFAR,erm_rw_0.75_0.9,222,results/MNISTCIFAR/erm_rw_0.75_0.9/model_outputs_222,MNISTCIFAR,confounder,False,spurious,CIFAR,['0.9'],0,False,None,None,0.75,../datasets,True,False,0.1,erm,0.2,0.0,0.0,False,0.01,1,False,False,False,scnn,False,5001,10000,0.001,False,0.0001,0.1,0,222,False,results/MNISTCIFAR/erm_rw_0.9_0.75/model_outputs_222,50,10,True,False,1,5,4,0.7,metadata.csv,None,../datasets/metadata.csv,None,True,,,,pretrained_models/MNISTCIFAR/erm_0.9_222.pth,,,,,,
MNISTCIFAR,erm_rw_0.75_0.9,333,results/MNISTCIFAR/erm_rw_0.75_0.9/model_outputs_333,MNISTCIFAR,confounder,False,spurious,CIFAR,['0.9'],0,False,None,None,0.75,../datasets,True,False,0.1,erm,0.2,0.0,0.0,False,0.01,1,False,False,False,scnn,False,5001,10000,0.001,False,0.0001,0.1,0,333,False,results/MNISTCIFAR/erm_rw_0.9_0.75/model_outputs_333,50,10,True,False,1,5,4,0.7,metadata.csv,None,../datasets/metadata.csv,None,True,,,,pretrained_models/MNISTCIFAR/erm_0.9_333.pth,,,,,,
MNISTCIFAR,erm_rw_0.9,111,results/MNISTCIFAR/erm_rw_0.9/model_outputs_111,MNISTCIFAR,confounder,False,spurious,CIFAR,['0.9'],0,False,None,None,1.0,../datasets,True,False,0.1,erm,0.2,0.0,0.0,False,0.01,1,False,False,False,scnn,False,5001,10000,0.001,False,0.0001,0.1,0,111,False,results/MNISTCIFAR/erm_rw_0.9/model_outputs_111,50,10,True,False,1,5,4,0.7,metadata.csv,None,../datasets/metadata.csv,None,True,,,,pretrained_models/MNISTCIFAR/erm_0.9_111.pth,,,,,,
MNISTCIFAR,erm_rw_0.9,222,results/MNISTCIFAR/erm_rw_0.9/model_outputs_222,MNISTCIFAR,confounder,False,spurious,CIFAR,['0.9'],0,False,None,None,1.0,../datasets,True,False,0.1,erm,0.2,0.0,0.0,False,0.01,1,False,False,False,scnn,False,5001,10000,0.001,False,0.0001,0.1,0,222,False,results/MNISTCIFAR/erm_rw_0.9/model_outputs_222,50,10,True,False,1,5,4,0.7,metadata.csv,None,../datasets/metadata.csv,None,True,,,,pretrained_models/MNISTCIFAR/erm_0.9_222.pth,,,,,,
MNISTCIFAR,erm_rw_0.9,333,results/MNISTCIFAR/erm_rw_0.9/model_outputs_333,MNISTCIFAR,confounder,False,spurious,CIFAR,['0.9'],0,False,None,None,1.0,../datasets,True,False,0.1,erm,0.2,0.0,0.0,False,0.01,1,False,False,False,scnn,False,5001,10000,0.001,False,0.0001,0.1,0,333,False,results/MNISTCIFAR/erm_rw_0.9/model_outputs_333,50,10,True,False,1,5,4,0.7,metadata.csv,None,../datasets/metadata.csv,None,True,,,,pretrained_models/MNISTCIFAR/erm_0.9_333.pth,,,,,,
MNISTCIFAR,erm_rw_0.9_0.9,111,results/MNISTCIFAR/erm_rw_0.9_0.9/model_outputs_111,MNISTCIFAR,confounder,False,spurious,CIFAR,['0.9'],0,False,None,None,0.9,../datasets,True,False,0.1,erm,0.2,0.0,0.0,False,0.01,1,False,False,False,scnn,False,5001,10000,0.001,False,0.0001,0.1,0,111,False,results/MNISTCIFAR/erm_rw_0.9_0.9/model_outputs_111,50,10,True,False,1,5,4,0.7,metadata.csv,None,../datasets/metadata.csv,None,True,,,,pretrained_models/MNISTCIFAR/erm_0.9_111.pth,,,,,,
MNISTCIFAR,erm_rw_0.9_0.9,222,results/MNISTCIFAR/erm_rw_0.9_0.9/model_outputs_222,MNISTCIFAR,confounder,False,spurious,CIFAR,['0.9'],0,False,None,None,0.9,../datasets,True,False,0.1,erm,0.2,0.0,0.0,False,0.01,1,False,False,False,scnn,False,5001,10000,0.001,False,0.0001,0.1,0,222,False,results/MNISTCIFAR/erm_rw_0.9_0.9/model_outputs_222,50,10,True,False,1,5,4,0.7,metadata.csv,None,../datasets/metadata.csv,None,True,,,,pretrained_models/MNISTCIFAR/erm_0.9_222.pth,,,,,,
MNISTCIFAR,erm_rw_0.9_0.9,333,results/MNISTCIFAR/erm_rw_0.9_0.9/model_outputs_333,MNISTCIFAR,confounder,False,spurious,CIFAR,['0.9'],0,False,None,None,0.9,../datasets,True,False,0.1,erm,0.2,0.0,0.0,False,0.01,1,False,False,False,scnn,False,5001,10000,0.001,False,0.0001,0.1,0,333,False,results/MNISTCIFAR/erm_rw_0.9_0.9/model_outputs_333,50,10,True,False,1,5,4,0.7,metadata.csv,None,../datasets/metadata.csv,None,True,,,,pretrained_models/MNISTCIFAR/erm_0.9_333.pth,,,,,,
MNISTCIFAR,gdro_0.0,111,results/MNISTCIFAR/gdro_0.0/model_outputs_111,MNISTCIFAR,confounder,False,spurious,CIFAR,['0.0'],0,False,None,None,1.0,../datasets,True,False,0.1,group_dro,0.2,0.0,0.0,False,0.01,1,False,False,False,scnn,False,5001,10000,0.001,False,0.0001,0.1,0,111,False,results/MNISTCIFAR/gdro_0.0/model_outputs_111,50,10,True,False,1,5,4,0.7,metadata.csv,None,../datasets//metadata.csv,None,False,,,,,,,,,,
MNISTCIFAR,gdro_0.0,222,results/MNISTCIFAR/gdro_0.0/model_outputs_222,MNISTCIFAR,confounder,False,spurious,CIFAR,['0.0'],0,False,None,None,1.0,../datasets,True,False,0.1,group_dro,0.2,0.0,0.0,False,0.01,1,False,False,False,scnn,False,5001,10000,0.001,False,0.0001,0.1,0,222,False,results/MNISTCIFAR/gdro_0.0/model_outputs_222,50,10,True,False,1,5,4,0.7,metadata.csv,None,../datasets//metadata.csv,None,False,,,,,,,,,,
MNISTCIFAR,gdro_0.0,333,results/MNISTCIFAR/gdro_0.0/model_outputs_333,MNISTCIFAR,confounder,False,spurious,CIFAR,['0.0'],0,False,None,None,1.0,../datasets,True,False,0.1,group_dro,0.2,0.0,0.0,False,0.01,1,False,False,False,scnn,False,5001,10000,0.001,False,0.0001,0.1,0,333,False,results/MNISTCIFAR/gdro_0.0/model_outputs_333,50,10,True,False,1,5,4,0.7,metadata.csv,None,../datasets//metadata.csv,None,False,,,,,,,,,,
MNISTCIFAR,gdro_0.25,111,results/MNISTCIFAR/gdro_0.25/model_outputs_111,MNISTCIFAR,confounder,False,spurious,CIFAR,['0.25'],0,False,None,None,1.0,../datasets,True,False,0.1,group_dro,0.2,0.0,0.0,False,0.01,1,False,False,False,scnn,False,5001,10000,0.001,False,0.0001,0.1,0,111,False,results/MNISTCIFAR/gdro_0.25/model_outputs_111,50,10,True,False,1,5,4,0.7,metadata.csv,None,../datasets//metadata.csv,None,False,,,,,,,,,,
MNISTCIFAR,gdro_0.25,222,results/MNISTCIFAR/gdro_0.25/model_outputs_222,MNISTCIFAR,confounder,False,spurious,CIFAR,['0.25'],0,False,None,None,1.0,../datasets,True,False,0.1,group_dro,0.2,0.0,0.0,False,0.01,1,False,False,False,scnn,False,5001,10000,0.001,False,0.0001,0.1,0,222,False,results/MNISTCIFAR/gdro_0.25/model_outputs_222,50,10,True,False,1,5,4,0.7,metadata.csv,None,../datasets//metadata.csv,None,False,,,,,,,,,,
MNISTCIFAR,gdro_0.25,333,results/MNISTCIFAR/gdro_0.25/model_outputs_333,MNISTCIFAR,confounder,False,spurious,CIFAR,['0.25'],0,False,None,None,1.0,../datasets,True,False,0.1,group_dro,0.2,0.0,0.0,False,0.01,1,False,False,False,scnn,False,5001,10000,0.001,False,0.0001,0.1,0,333,False,results/MNISTCIFAR/gdro_0.25/model_outputs_333,50,10,True,False,1,5,4,0.7,metadata.csv,None,../datasets//metadata.csv,None,False,,,,,,,,,,
MNISTCIFAR,gdro_0.5,111,results/MNISTCIFAR/gdro_0.5/model_outputs_111,MNISTCIFAR,confounder,False,spurious,CIFAR,['0.5'],0,False,None,None,1.0,../datasets,True,False,0.1,group_dro,0.2,0.0,0.0,False,0.01,1,False,False,False,scnn,False,5001,10000,0.001,False,0.0001,0.1,0,111,False,results/MNISTCIFAR/gdro_0.5/model_outputs_111,50,10,True,False,1,5,4,0.7,metadata.csv,None,../datasets//metadata.csv,None,False,,,,,,,,,,
MNISTCIFAR,gdro_0.5,222,results/MNISTCIFAR/gdro_0.5/model_outputs_222,MNISTCIFAR,confounder,False,spurious,CIFAR,['0.5'],0,False,None,None,1.0,../datasets,True,False,0.1,group_dro,0.2,0.0,0.0,False,0.01,1,False,False,False,scnn,False,5001,10000,0.001,False,0.0001,0.1,0,222,False,results/MNISTCIFAR/gdro_0.5/model_outputs_222,50,10,True,False,1,5,4,0.7,metadata.csv,None,../datasets//metadata.csv,None,False,,,,,,,,,,
MNISTCIFAR,gdro_0.5,333,results/MNISTCIFAR/gdro_0.5/model_outputs_333,MNISTCIFAR,confounder,False,spurious,CIFAR,['0.5'],0,False,None,None,1.0,../datasets,True,False,0.1,group_dro,0.2,0.0,0.0,False,0.01,1,False,False,False,scnn,False,5001,10000,0.001,False,0.0001,0.1,0,333,False,results/MNISTCIFAR/gdro_0.5/model_outputs_333,50,10,True,False,1,5,4,0.7,metadata.csv,None,../datasets//metadata.csv,None,False,,,,,,,,,,
MNISTCIFAR,gdro_0.75,111,results/MNISTCIFAR/gdro_0.75/model_outputs_111,MNISTCIFAR,confounder,False,spurious,CIFAR,['0.75'],0,False,None,None,1.0,../datasets,True,False,0.1,group_dro,0.2,0.0,0.0,False,0.01,1,False,False,False,scnn,False,5001,10000,0.001,False,0.0001,0.1,0,111,False,results/MNISTCIFAR/gdro_0.75/model_outputs_111,50,10,True,False,1,5,4,0.7,metadata.csv,None,../datasets//metadata.csv,None,False,,,,,,,,,,
MNISTCIFAR,gdro_0.75,222,results/MNISTCIFAR/gdro_0.75/model_outputs_222,MNISTCIFAR,confounder,False,spurious,CIFAR,['0.75'],0,False,None,None,1.0,../datasets,True,False,0.1,group_dro,0.2,0.0,0.0,False,0.01,1,False,False,False,scnn,False,5001,10000,0.001,False,0.0001,0.1,0,222,False,results/MNISTCIFAR/gdro_0.75/model_outputs_222,50,10,True,False,1,5,4,0.7,metadata.csv,None,../datasets//metadata.csv,None,False,,,,,,,,,,
MNISTCIFAR,gdro_0.75,333,results/MNISTCIFAR/gdro_0.75/model_outputs_333,MNISTCIFAR,confounder,False,spurious,CIFAR,['0.75'],0,False,None,None,1.0,../datasets,True,False,0.1,group_dro,0.2,0.0,0.0,False,0.01,1,False,False,False,scnn,False,5001,10000,0.001,False,0.0001,0.1,0,333,False,results/MNISTCIFAR/gdro_0.75/model_outputs_333,50,10,True,False,1,5,4,0.7,metadata.csv,None,../datasets//metadata.csv,None,False,,,,,,,,,,
MNISTCIFAR,gdro_0.9,111,results/MNISTCIFAR/gdro_0.9/model_outputs_111,MNISTCIFAR,confounder,False,spurious,CIFAR,['0.9'],0,False,None,None,1.0,../datasets,True,False,0.1,group_dro,0.2,0.0,0.0,False,0.01,1,False,False,False,scnn,False,5001,10000,0.001,False,0.0001,0.1,0,111,False,results/MNISTCIFAR/gdro_0.9/model_outputs_111,50,10,True,False,1,5,4,0.7,metadata.csv,None,../datasets//metadata.csv,None,False,,,,,,,,,,
MNISTCIFAR,gdro_0.9,222,results/MNISTCIFAR/gdro_0.9/model_outputs_222,MNISTCIFAR,confounder,False,spurious,CIFAR,['0.9'],0,False,None,None,1.0,../datasets,True,False,0.1,group_dro,0.2,0.0,0.0,False,0.01,1,False,False,False,scnn,False,5001,10000,0.001,False,0.0001,0.1,0,222,False,results/MNISTCIFAR/gdro_0.9/model_outputs_222,50,10,True,False,1,5,4,0.7,metadata.csv,None,../datasets//metadata.csv,None,False,,,,,,,,,,
MNISTCIFAR,gdro_0.9,333,results/MNISTCIFAR/gdro_0.9/model_outputs_333,MNISTCIFAR,confounder,False,spurious,CIFAR,['0.9'],0,False,None,None,1.0,../datasets,True,False,0.1,group_dro,0.2,0.0,0.0,False,0.01,1,False,False,False,scnn,False,5001,10000,0.001,False,0.0001,0.1,0,333,False,results/MNISTCIFAR/gdro_0.9/model_outputs_333,50,10,True,False,1,5,4,0.7,metadata.csv,None,../datasets//metadata.csv,None,False,,,,,,,,,,
MNISTCIFAR,jtt_3000_50_0.0,111,results/MNISTCIFAR/jtt_3000_50_0.0/model_outputs_111,MNISTCIFAR,confounder,False,spurious,CIFAR,['0.0'],50,False,None,None,1.0,../datasets,False,False,0.1,erm,0.2,0.0,0.0,False,0.01,1,False,False,False,scnn,False,5001,10000,0.001,False,0.0001,0.1,0,111,False,results/MNISTCIFAR/jtt_3000_50_0.0/model_outputs_111,50,10,True,False,1,5,4,0.7,metadata.csv,None,results/MNISTCIFAR/erm_0.0/model_outputs_111/final_epoch_3000/metadata_aug.csv,wrong_1_times,False,,,,,,,,,,
MNISTCIFAR,jtt_3000_50_0.0,222,results/MNISTCIFAR/jtt_3000_50_0.0/model_outputs_222,MNISTCIFAR,confounder,False,spurious,CIFAR,['0.0'],50,False,None,None,1.0,../datasets,False,False,0.1,erm,0.2,0.0,0.0,False,0.01,1,False,False,False,scnn,False,5001,10000,0.001,False,0.0001,0.1,0,222,False,results/MNISTCIFAR/jtt_3000_50_0.0/model_outputs_222,50,10,True,False,1,5,4,0.7,metadata.csv,None,results/MNISTCIFAR/erm_0.0/model_outputs_222/final_epoch_3000/metadata_aug.csv,wrong_1_times,False,,,,,,,,,,
MNISTCIFAR,jtt_3000_50_0.0,333,results/MNISTCIFAR/jtt_3000_50_0.0/model_outputs_333,MNISTCIFAR,confounder,False,spurious,CIFAR,['0.0'],50,False,None,None,1.0,../datasets,False,False,0.1,erm,0.2,0.0,0.0,False,0.01,1,False,False,False,scnn,False,5001,10000,0.001,False,0.0001,0.1,0,333,False,results/MNISTCIFAR/jtt_3000_50_0.0/model_outputs_333,50,10,True,False,1,5,4,0.7,metadata.csv,None,results/MNISTCIFAR/erm_0.0/model_outputs_333/final_epoch_3000/metadata_aug.csv,wrong_1_times,False,,,,,,,,,,
MNISTCIFAR,jtt_3000_50_0.25,111,results/MNISTCIFAR/jtt_3000_50_0.25/model_outputs_111,MNISTCIFAR,confounder,False,spurious,CIFAR,['0.25'],50,False,None,None,1.0,../datasets,False,False,0.1,erm,0.2,0.0,0.0,False,0.01,1,False,False,False,scnn,False,5001,10000,0.001,False,0.0001,0.1,0,111,False,results/MNISTCIFAR/jtt_3000_50_0.25/model_outputs_111,50,10,True,False,1,5,4,0.7,metadata.csv,None,results/MNISTCIFAR/erm_0.25/model_outputs_111/final_epoch_3000/metadata_aug.csv,wrong_1_times,False,,,,,,,,,,
MNISTCIFAR,jtt_3000_50_0.25,222,results/MNISTCIFAR/jtt_3000_50_0.25/model_outputs_222,MNISTCIFAR,confounder,False,spurious,CIFAR,['0.25'],50,False,None,None,1.0,../datasets,False,False,0.1,erm,0.2,0.0,0.0,False,0.01,1,False,False,False,scnn,False,5001,10000,0.001,False,0.0001,0.1,0,222,False,results/MNISTCIFAR/jtt_3000_50_0.25/model_outputs_222,50,10,True,False,1,5,4,0.7,metadata.csv,None,results/MNISTCIFAR/erm_0.25/model_outputs_222/final_epoch_3000/metadata_aug.csv,wrong_1_times,False,,,,,,,,,,
MNISTCIFAR,jtt_3000_50_0.25,333,results/MNISTCIFAR/jtt_3000_50_0.25/model_outputs_333,MNISTCIFAR,confounder,False,spurious,CIFAR,['0.25'],50,False,None,None,1.0,../datasets,False,False,0.1,erm,0.2,0.0,0.0,False,0.01,1,False,False,False,scnn,False,5001,10000,0.001,False,0.0001,0.1,0,333,False,results/MNISTCIFAR/jtt_3000_50_0.25/model_outputs_333,50,10,True,False,1,5,4,0.7,metadata.csv,None,results/MNISTCIFAR/erm_0.25/model_outputs_333/final_epoch_3000/metadata_aug.csv,wrong_1_times,False,,,,,,,,,,
MNISTCIFAR,jtt_3000_50_0.5,111,results/MNISTCIFAR/jtt_3000_50_0.5/model_outputs_111,MNISTCIFAR,confounder,False,spurious,CIFAR,['0.5'],50,False,None,None,1.0,../datasets,False,False,0.1,erm,0.2,0.0,0.0,False,0.01,1,False,False,False,scnn,False,5001,10000,0.001,False,0.0001,0.1,0,111,False,results/MNISTCIFAR/jtt_3000_50_0.5/model_outputs_111,50,10,True,False,1,5,4,0.7,metadata.csv,None,results/MNISTCIFAR/erm_0.5/model_outputs_111/final_epoch_3000/metadata_aug.csv,wrong_1_times,False,,,,,,,,,,
MNISTCIFAR,jtt_3000_50_0.5,222,results/MNISTCIFAR/jtt_3000_50_0.5/model_outputs_222,MNISTCIFAR,confounder,False,spurious,CIFAR,['0.5'],50,False,None,None,1.0,../datasets,False,False,0.1,erm,0.2,0.0,0.0,False,0.01,1,False,False,False,scnn,False,5001,10000,0.001,False,0.0001,0.1,0,222,False,results/MNISTCIFAR/jtt_3000_50_0.5/model_outputs_222,50,10,True,False,1,5,4,0.7,metadata.csv,None,results/MNISTCIFAR/erm_0.5/model_outputs_222/final_epoch_3000/metadata_aug.csv,wrong_1_times,False,,,,,,,,,,
MNISTCIFAR,jtt_3000_50_0.5,333,results/MNISTCIFAR/jtt_3000_50_0.5/model_outputs_333,MNISTCIFAR,confounder,False,spurious,CIFAR,['0.5'],50,False,None,None,1.0,../datasets,False,False,0.1,erm,0.2,0.0,0.0,False,0.01,1,False,False,False,scnn,False,5001,10000,0.001,False,0.0001,0.1,0,333,False,results/MNISTCIFAR/jtt_3000_50_0.5/model_outputs_333,50,10,True,False,1,5,4,0.7,metadata.csv,None,results/MNISTCIFAR/erm_0.5/model_outputs_333/final_epoch_3000/metadata_aug.csv,wrong_1_times,False,,,,,,,,,,
MNISTCIFAR,jtt_3000_50_0.75,111,results/MNISTCIFAR/jtt_3000_50_0.75/model_outputs_111,MNISTCIFAR,confounder,False,spurious,CIFAR,['0.75'],50,False,None,None,1.0,../datasets,False,False,0.1,erm,0.2,0.0,0.0,False,0.01,1,False,False,False,scnn,False,5001,10000,0.001,False,0.0001,0.1,0,111,False,results/MNISTCIFAR/jtt_3000_50_0.75/model_outputs_111,50,10,True,False,1,5,4,0.7,metadata.csv,None,results/MNISTCIFAR/erm_0.75/model_outputs_111/final_epoch_3000/metadata_aug.csv,wrong_1_times,False,,,,,,,,,,
MNISTCIFAR,jtt_3000_50_0.75,222,results/MNISTCIFAR/jtt_3000_50_0.75/model_outputs_222,MNISTCIFAR,confounder,False,spurious,CIFAR,['0.75'],50,False,None,None,1.0,../datasets,False,False,0.1,erm,0.2,0.0,0.0,False,0.01,1,False,False,False,scnn,False,5001,10000,0.001,False,0.0001,0.1,0,222,False,results/MNISTCIFAR/jtt_3000_50_0.75/model_outputs_222,50,10,True,False,1,5,4,0.7,metadata.csv,None,results/MNISTCIFAR/erm_0.75/model_outputs_222/final_epoch_3000/metadata_aug.csv,wrong_1_times,False,,,,,,,,,,
MNISTCIFAR,jtt_3000_50_0.75,333,results/MNISTCIFAR/jtt_3000_50_0.75/model_outputs_333,MNISTCIFAR,confounder,False,spurious,CIFAR,['0.75'],50,False,None,None,1.0,../datasets,False,False,0.1,erm,0.2,0.0,0.0,False,0.01,1,False,False,False,scnn,False,5001,10000,0.001,False,0.0001,0.1,0,333,False,results/MNISTCIFAR/jtt_3000_50_0.75/model_outputs_333,50,10,True,False,1,5,4,0.7,metadata.csv,None,results/MNISTCIFAR/erm_0.75/model_outputs_333/final_epoch_3000/metadata_aug.csv,wrong_1_times,False,,,,,,,,,,
MNISTCIFAR,jtt_3000_50_0.9,111,results/MNISTCIFAR/jtt_3000_50_0.9/model_outputs_111,MNISTCIFAR,confounder,False,spurious,CIFAR,['0.9'],50,False,None,None,1.0,../datasets,False,False,0.1,erm,0.2,0.0,0.0,False,0.01,1,False,False,False,scnn,False,5001,10000,0.001,False,0.0001,0.1,0,111,False,results/MNISTCIFAR/jtt_3000_50_0.9/model_outputs_111,50,10,True,False,1,5,4,0.7,metadata.csv,None,results/MNISTCIFAR/erm_0.9/model_outputs_111/final_epoch_3000/metadata_aug.csv,wrong_1_times,False,,,,,,,,,,
MNISTCIFAR,jtt_3000_50_0.9,222,results/MNISTCIFAR/jtt_3000_50_0.9/model_outputs_222,MNISTCIFAR,confounder,False,spurious,CIFAR,['0.9'],50,False,None,None,1.0,../datasets,False,False,0.1,erm,0.2,0.0,0.0,False,0.01,1,False,False,False,scnn,False,5001,10000,0.001,False,0.0001,0.1,0,222,False,results/MNISTCIFAR/jtt_3000_50_0.9/model_outputs_222,50,10,True,False,1,5,4,0.7,metadata.csv,None,results/MNISTCIFAR/erm_0.9/model_outputs_222/final_epoch_3000/metadata_aug.csv,wrong_1_times,False,,,,,,,,,,
MNISTCIFAR,jtt_3000_50_0.9,333,results/MNISTCIFAR/jtt_3000_50_0.9/model_outputs_333,MNISTCIFAR,confounder,False,spurious,CIFAR,['0.9'],50,False,None,None,1.0,../datasets,False,False,0.1,erm,0.2,0.0,0.0,False,0.01,1,False,False,False,scnn,False,5001,10000,0.001,False,0.0001,0.1,0,333,False,results/MNISTCIFAR/jtt_3000_50_0.9/model_outputs_333,50,10,True,False,1,5,4,0.7,metadata.csv,None,results/MNISTCIFAR/erm_0.9/model_outputs_333/final_epoch_3000/metadata_aug.csv,wrong_1_times,False,,,,,,,,,,
MNISTCIFAR,jtt_4000_50_0.0,111,results/MNISTCIFAR/jtt_4000_50_0.0/model_outputs_111,MNISTCIFAR,confounder,False,spurious,CIFAR,['0.0'],50,False,None,None,1.0,../datasets,False,False,0.1,erm,0.2,0.0,0.0,False,0.01,1,False,False,False,scnn,False,5001,10000,0.001,False,0.0001,0.1,0,111,False,results/MNISTCIFAR/jtt_4000_50_0.0/model_outputs_111,50,10,True,False,1,5,4,0.7,metadata.csv,None,results/MNISTCIFAR/erm_0.0/model_outputs_111/final_epoch_4000/metadata_aug.csv,wrong_1_times,False,,,,,,,,,,
MNISTCIFAR,jtt_4000_50_0.0,222,results/MNISTCIFAR/jtt_4000_50_0.0/model_outputs_222,MNISTCIFAR,confounder,False,spurious,CIFAR,['0.0'],50,False,None,None,1.0,../datasets,False,False,0.1,erm,0.2,0.0,0.0,False,0.01,1,False,False,False,scnn,False,5001,10000,0.001,False,0.0001,0.1,0,222,False,results/MNISTCIFAR/jtt_4000_50_0.0/model_outputs_222,50,10,True,False,1,5,4,0.7,metadata.csv,None,results/MNISTCIFAR/erm_0.0/model_outputs_222/final_epoch_4000/metadata_aug.csv,wrong_1_times,False,,,,,,,,,,
MNISTCIFAR,jtt_4000_50_0.0,333,results/MNISTCIFAR/jtt_4000_50_0.0/model_outputs_333,MNISTCIFAR,confounder,False,spurious,CIFAR,['0.0'],50,False,None,None,1.0,../datasets,False,False,0.1,erm,0.2,0.0,0.0,False,0.01,1,False,False,False,scnn,False,5001,10000,0.001,False,0.0001,0.1,0,333,False,results/MNISTCIFAR/jtt_4000_50_0.0/model_outputs_333,50,10,True,False,1,5,4,0.7,metadata.csv,None,results/MNISTCIFAR/erm_0.0/model_outputs_333/final_epoch_4000/metadata_aug.csv,wrong_1_times,False,,,,,,,,,,
MNISTCIFAR,jtt_4000_50_0.25,111,results/MNISTCIFAR/jtt_4000_50_0.25/model_outputs_111,MNISTCIFAR,confounder,False,spurious,CIFAR,['0.25'],50,False,None,None,1.0,../datasets,False,False,0.1,erm,0.2,0.0,0.0,False,0.01,1,False,False,False,scnn,False,5001,10000,0.001,False,0.0001,0.1,0,111,False,results/MNISTCIFAR/jtt_4000_50_0.25/model_outputs_111,50,10,True,False,1,5,4,0.7,metadata.csv,None,results/MNISTCIFAR/erm_0.25/model_outputs_111/final_epoch_4000/metadata_aug.csv,wrong_1_times,False,,,,,,,,,,
MNISTCIFAR,jtt_4000_50_0.25,222,results/MNISTCIFAR/jtt_4000_50_0.25/model_outputs_222,MNISTCIFAR,confounder,False,spurious,CIFAR,['0.25'],50,False,None,None,1.0,../datasets,False,False,0.1,erm,0.2,0.0,0.0,False,0.01,1,False,False,False,scnn,False,5001,10000,0.001,False,0.0001,0.1,0,222,False,results/MNISTCIFAR/jtt_4000_50_0.25/model_outputs_222,50,10,True,False,1,5,4,0.7,metadata.csv,None,results/MNISTCIFAR/erm_0.25/model_outputs_222/final_epoch_4000/metadata_aug.csv,wrong_1_times,False,,,,,,,,,,
MNISTCIFAR,jtt_4000_50_0.25,333,results/MNISTCIFAR/jtt_4000_50_0.25/model_outputs_333,MNISTCIFAR,confounder,False,spurious,CIFAR,['0.25'],50,False,None,None,1.0,../datasets,False,False,0.1,erm,0.2,0.0,0.0,False,0.01,1,False,False,False,scnn,False,5001,10000,0.001,False,0.0001,0.1,0,333,False,results/MNISTCIFAR/jtt_4000_50_0.25/model_outputs_333,50,10,True,False,1,5,4,0.7,metadata.csv,None,results/MNISTCIFAR/erm_0.25/model_outputs_333/final_epoch_4000/metadata_aug.csv,wrong_1_times,False,,,,,,,,,,
MNISTCIFAR,jtt_4000_50_0.5,111,results/MNISTCIFAR/jtt_4000_50_0.5/model_outputs_111,MNISTCIFAR,confounder,False,spurious,CIFAR,['0.5'],50,False,None,None,1.0,../datasets,False,False,0.1,erm,0.2,0.0,0.0,False,0.01,1,False,False,False,scnn,False,5001,10000,0.001,False,0.0001,0.1,0,111,False,results/MNISTCIFAR/jtt_4000_50_0.5/model_outputs_111,50,10,True,False,1,5,4,0.7,metadata.csv,None,results/MNISTCIFAR/erm_0.5/model_outputs_111/final_epoch_4000/metadata_aug.csv,wrong_1_times,False,,,,,,,,,,
MNISTCIFAR,jtt_4000_50_0.5,222,results/MNISTCIFAR/jtt_4000_50_0.5/model_outputs_222,MNISTCIFAR,confounder,False,spurious,CIFAR,['0.5'],50,False,None,None,1.0,../datasets,False,False,0.1,erm,0.2,0.0,0.0,False,0.01,1,False,False,False,scnn,False,5001,10000,0.001,False,0.0001,0.1,0,222,False,results/MNISTCIFAR/jtt_4000_50_0.5/model_outputs_222,50,10,True,False,1,5,4,0.7,metadata.csv,None,results/MNISTCIFAR/erm_0.5/model_outputs_222/final_epoch_4000/metadata_aug.csv,wrong_1_times,False,,,,,,,,,,
MNISTCIFAR,jtt_4000_50_0.5,333,results/MNISTCIFAR/jtt_4000_50_0.5/model_outputs_333,MNISTCIFAR,confounder,False,spurious,CIFAR,['0.5'],50,False,None,None,1.0,../datasets,False,False,0.1,erm,0.2,0.0,0.0,False,0.01,1,False,False,False,scnn,False,5001,10000,0.001,False,0.0001,0.1,0,333,False,results/MNISTCIFAR/jtt_4000_50_0.5/model_outputs_333,50,10,True,False,1,5,4,0.7,metadata.csv,None,results/MNISTCIFAR/erm_0.5/model_outputs_333/final_epoch_4000/metadata_aug.csv,wrong_1_times,False,,,,,,,,,,
MNISTCIFAR,jtt_4000_50_0.75,111,results/MNISTCIFAR/jtt_4000_50_0.75/model_outputs_111,MNISTCIFAR,confounder,False,spurious,CIFAR,['0.75'],50,False,None,None,1.0,../datasets,False,False,0.1,erm,0.2,0.0,0.0,False,0.01,1,False,False,False,scnn,False,5001,10000,0.001,False,0.0001,0.1,0,111,False,results/MNISTCIFAR/jtt_4000_50_0.75/model_outputs_111,50,10,True,False,1,5,4,0.7,metadata.csv,None,results/MNISTCIFAR/erm_0.75/model_outputs_111/final_epoch_4000/metadata_aug.csv,wrong_1_times,False,,,,,,,,,,
MNISTCIFAR,jtt_4000_50_0.75,222,results/MNISTCIFAR/jtt_4000_50_0.75/model_outputs_222,MNISTCIFAR,confounder,False,spurious,CIFAR,['0.75'],50,False,None,None,1.0,../datasets,False,False,0.1,erm,0.2,0.0,0.0,False,0.01,1,False,False,False,scnn,False,5001,10000,0.001,False,0.0001,0.1,0,222,False,results/MNISTCIFAR/jtt_4000_50_0.75/model_outputs_222,50,10,True,False,1,5,4,0.7,metadata.csv,None,results/MNISTCIFAR/erm_0.75/model_outputs_222/final_epoch_4000/metadata_aug.csv,wrong_1_times,False,,,,,,,,,,
MNISTCIFAR,jtt_4000_50_0.75,333,results/MNISTCIFAR/jtt_4000_50_0.75/model_outputs_333,MNISTCIFAR,confounder,False,spurious,CIFAR,['0.75'],50,False,None,None,1.0,../datasets,False,False,0.1,erm,0.2,0.0,0.0,False,0.01,1,False,False,False,scnn,False,5001,10000,0.001,False,0.0001,0.1,0,333,False,results/MNISTCIFAR/jtt_4000_50_0.75/model_outputs_333,50,10,True,False,1,5,4,0.7,metadata.csv,None,results/MNISTCIFAR/erm_0.75/model_outputs_333/final_epoch_4000/metadata_aug.csv,wrong_1_times,False,,,,,,,,,,
MNISTCIFAR,jtt_4000_50_0.9,111,results/MNISTCIFAR/jtt_4000_50_0.9/model_outputs_111,MNISTCIFAR,confounder,False,spurious,CIFAR,['0.9'],50,False,None,None,1.0,../datasets,False,False,0.1,erm,0.2,0.0,0.0,False,0.01,1,False,False,False,scnn,False,5001,10000,0.001,False,0.0001,0.1,0,111,False,results/MNISTCIFAR/jtt_4000_50_0.9/model_outputs_111,50,10,True,False,1,5,4,0.7,metadata.csv,None,results/MNISTCIFAR/erm_0.9/model_outputs_111/final_epoch_4000/metadata_aug.csv,wrong_1_times,False,,,,,,,,,,
MNISTCIFAR,jtt_4000_50_0.9,222,results/MNISTCIFAR/jtt_4000_50_0.9/model_outputs_222,MNISTCIFAR,confounder,False,spurious,CIFAR,['0.9'],50,False,None,None,1.0,../datasets,False,False,0.1,erm,0.2,0.0,0.0,False,0.01,1,False,False,False,scnn,False,5001,10000,0.001,False,0.0001,0.1,0,222,False,results/MNISTCIFAR/jtt_4000_50_0.9/model_outputs_222,50,10,True,False,1,5,4,0.7,metadata.csv,None,results/MNISTCIFAR/erm_0.9/model_outputs_222/final_epoch_4000/metadata_aug.csv,wrong_1_times,False,,,,,,,,,,
MNISTCIFAR,jtt_4000_50_0.9,333,results/MNISTCIFAR/jtt_4000_50_0.9/model_outputs_333,MNISTCIFAR,confounder,False,spurious,CIFAR,['0.9'],50,False,None,None,1.0,../datasets,False,False,0.1,erm,0.2,0.0,0.0,False,0.01,1,False,False,False,scnn,False,5001,10000,0.001,False,0.0001,0.1,0,333,False,results/MNISTCIFAR/jtt_4000_50_0.9/model_outputs_333,50,10,True,False,1,5,4,0.7,metadata.csv,None,results/MNISTCIFAR/erm_0.9/model_outputs_333/final_epoch_4000/metadata_aug.csv,wrong_1_times,False,,,,,,,,,,
MNISTCIFAR,jtt_5000_50_0.0,111,results/MNISTCIFAR/jtt_5000_50_0.0/model_outputs_111,MNISTCIFAR,confounder,False,spurious,CIFAR,['0.0'],50,False,None,None,1.0,../datasets,False,False,0.1,erm,0.2,0.0,0.0,False,0.01,1,False,False,False,scnn,False,5001,10000,0.001,False,0.0001,0.1,0,111,False,results/MNISTCIFAR/jtt_5000_50_0.0/model_outputs_111,50,10,True,False,1,5,4,0.7,metadata.csv,None,results/MNISTCIFAR/erm_0.0/model_outputs_111/final_epoch_5000/metadata_aug.csv,wrong_1_times,False,,,,,,,,,,
MNISTCIFAR,jtt_5000_50_0.0,222,results/MNISTCIFAR/jtt_5000_50_0.0/model_outputs_222,MNISTCIFAR,confounder,False,spurious,CIFAR,['0.0'],50,False,None,None,1.0,../datasets,False,False,0.1,erm,0.2,0.0,0.0,False,0.01,1,False,False,False,scnn,False,5001,10000,0.001,False,0.0001,0.1,0,222,False,results/MNISTCIFAR/jtt_5000_50_0.0/model_outputs_222,50,10,True,False,1,5,4,0.7,metadata.csv,None,results/MNISTCIFAR/erm_0.0/model_outputs_222/final_epoch_5000/metadata_aug.csv,wrong_1_times,False,,,,,,,,,,
MNISTCIFAR,jtt_5000_50_0.0,333,results/MNISTCIFAR/jtt_5000_50_0.0/model_outputs_333,MNISTCIFAR,confounder,False,spurious,CIFAR,['0.0'],50,False,None,None,1.0,../datasets,False,False,0.1,erm,0.2,0.0,0.0,False,0.01,1,False,False,False,scnn,False,5001,10000,0.001,False,0.0001,0.1,0,333,False,results/MNISTCIFAR/jtt_5000_50_0.0/model_outputs_333,50,10,True,False,1,5,4,0.7,metadata.csv,None,results/MNISTCIFAR/erm_0.0/model_outputs_333/final_epoch_5000/metadata_aug.csv,wrong_1_times,False,,,,,,,,,,
MNISTCIFAR,jtt_5000_50_0.25,111,results/MNISTCIFAR/jtt_5000_50_0.25/model_outputs_111,MNISTCIFAR,confounder,False,spurious,CIFAR,['0.25'],50,False,None,None,1.0,../datasets,False,False,0.1,erm,0.2,0.0,0.0,False,0.01,1,False,False,False,scnn,False,5001,10000,0.001,False,0.0001,0.1,0,111,False,results/MNISTCIFAR/jtt_5000_50_0.25/model_outputs_111,50,10,True,False,1,5,4,0.7,metadata.csv,None,results/MNISTCIFAR/erm_0.25/model_outputs_111/final_epoch_5000/metadata_aug.csv,wrong_1_times,False,,,,,,,,,,
MNISTCIFAR,jtt_5000_50_0.25,222,results/MNISTCIFAR/jtt_5000_50_0.25/model_outputs_222,MNISTCIFAR,confounder,False,spurious,CIFAR,['0.25'],50,False,None,None,1.0,../datasets,False,False,0.1,erm,0.2,0.0,0.0,False,0.01,1,False,False,False,scnn,False,5001,10000,0.001,False,0.0001,0.1,0,222,False,results/MNISTCIFAR/jtt_5000_50_0.25/model_outputs_222,50,10,True,False,1,5,4,0.7,metadata.csv,None,results/MNISTCIFAR/erm_0.25/model_outputs_222/final_epoch_5000/metadata_aug.csv,wrong_1_times,False,,,,,,,,,,
MNISTCIFAR,jtt_5000_50_0.25,333,results/MNISTCIFAR/jtt_5000_50_0.25/model_outputs_333,MNISTCIFAR,confounder,False,spurious,CIFAR,['0.25'],50,False,None,None,1.0,../datasets,False,False,0.1,erm,0.2,0.0,0.0,False,0.01,1,False,False,False,scnn,False,5001,10000,0.001,False,0.0001,0.1,0,333,False,results/MNISTCIFAR/jtt_5000_50_0.25/model_outputs_333,50,10,True,False,1,5,4,0.7,metadata.csv,None,results/MNISTCIFAR/erm_0.25/model_outputs_333/final_epoch_5000/metadata_aug.csv,wrong_1_times,False,,,,,,,,,,
MNISTCIFAR,jtt_5000_50_0.5,111,results/MNISTCIFAR/jtt_5000_50_0.5/model_outputs_111,MNISTCIFAR,confounder,False,spurious,CIFAR,['0.5'],50,False,None,None,1.0,../datasets,False,False,0.1,erm,0.2,0.0,0.0,False,0.01,1,False,False,False,scnn,False,5001,10000,0.001,False,0.0001,0.1,0,111,False,results/MNISTCIFAR/jtt_5000_50_0.5/model_outputs_111,50,10,True,False,1,5,4,0.7,metadata.csv,None,results/MNISTCIFAR/erm_0.5/model_outputs_111/final_epoch_5000/metadata_aug.csv,wrong_1_times,False,,,,,,,,,,
MNISTCIFAR,jtt_5000_50_0.5,222,results/MNISTCIFAR/jtt_5000_50_0.5/model_outputs_222,MNISTCIFAR,confounder,False,spurious,CIFAR,['0.5'],50,False,None,None,1.0,../datasets,False,False,0.1,erm,0.2,0.0,0.0,False,0.01,1,False,False,False,scnn,False,5001,10000,0.001,False,0.0001,0.1,0,222,False,results/MNISTCIFAR/jtt_5000_50_0.5/model_outputs_222,50,10,True,False,1,5,4,0.7,metadata.csv,None,results/MNISTCIFAR/erm_0.5/model_outputs_222/final_epoch_5000/metadata_aug.csv,wrong_1_times,False,,,,,,,,,,
MNISTCIFAR,jtt_5000_50_0.5,333,results/MNISTCIFAR/jtt_5000_50_0.5/model_outputs_333,MNISTCIFAR,confounder,False,spurious,CIFAR,['0.5'],50,False,None,None,1.0,../datasets,False,False,0.1,erm,0.2,0.0,0.0,False,0.01,1,False,False,False,scnn,False,5001,10000,0.001,False,0.0001,0.1,0,333,False,results/MNISTCIFAR/jtt_5000_50_0.5/model_outputs_333,50,10,True,False,1,5,4,0.7,metadata.csv,None,results/MNISTCIFAR/erm_0.5/model_outputs_333/final_epoch_5000/metadata_aug.csv,wrong_1_times,False,,,,,,,,,,
MNISTCIFAR,jtt_5000_50_0.75,111,results/MNISTCIFAR/jtt_5000_50_0.75/model_outputs_111,MNISTCIFAR,confounder,False,spurious,CIFAR,['0.75'],50,False,None,None,1.0,../datasets,False,False,0.1,erm,0.2,0.0,0.0,False,0.01,1,False,False,False,scnn,False,5001,10000,0.001,False,0.0001,0.1,0,111,False,results/MNISTCIFAR/jtt_5000_50_0.75/model_outputs_111,50,10,True,False,1,5,4,0.7,metadata.csv,None,results/MNISTCIFAR/erm_0.75/model_outputs_111/final_epoch_5000/metadata_aug.csv,wrong_1_times,False,,,,,,,,,,
MNISTCIFAR,jtt_5000_50_0.75,222,results/MNISTCIFAR/jtt_5000_50_0.75/model_outputs_222,MNISTCIFAR,confounder,False,spurious,CIFAR,['0.75'],50,False,None,None,1.0,../datasets,False,False,0.1,erm,0.2,0.0,0.0,False,0.01,1,False,False,False,scnn,False,5001,10000,0.001,False,0.0001,0.1,0,222,False,results/MNISTCIFAR/jtt_5000_50_0.75/model_outputs_222,50,10,True,False,1,5,4,0.7,metadata.csv,None,results/MNISTCIFAR/erm_0.75/model_outputs_222/final_epoch_5000/metadata_aug.csv,wrong_1_times,False,,,,,,,,,,
MNISTCIFAR,jtt_5000_50_0.75,333,results/MNISTCIFAR/jtt_5000_50_0.75/model_outputs_333,MNISTCIFAR,confounder,False,spurious,CIFAR,['0.75'],50,False,None,None,1.0,../datasets,False,False,0.1,erm,0.2,0.0,0.0,False,0.01,1,False,False,False,scnn,False,5001,10000,0.001,False,0.0001,0.1,0,333,False,results/MNISTCIFAR/jtt_5000_50_0.75/model_outputs_333,50,10,True,False,1,5,4,0.7,metadata.csv,None,results/MNISTCIFAR/erm_0.75/model_outputs_333/final_epoch_5000/metadata_aug.csv,wrong_1_times,False,,,,,,,,,,
MNISTCIFAR,jtt_5000_50_0.9,111,results/MNISTCIFAR/jtt_5000_50_0.9/model_outputs_111,MNISTCIFAR,confounder,False,spurious,CIFAR,['0.9'],50,False,None,None,1.0,../datasets,False,False,0.1,erm,0.2,0.0,0.0,False,0.01,1,False,False,False,scnn,False,5001,10000,0.001,False,0.0001,0.1,0,111,False,results/MNISTCIFAR/jtt_5000_50_0.9/model_outputs_111,50,10,True,False,1,5,4,0.7,metadata.csv,None,results/MNISTCIFAR/erm_0.9/model_outputs_111/final_epoch_5000/metadata_aug.csv,wrong_1_times,False,,,,,,,,,,
MNISTCIFAR,jtt_5000_50_0.9,222,results/MNISTCIFAR/jtt_5000_50_0.9/model_outputs_222,MNISTCIFAR,confounder,False,spurious,CIFAR,['0.9'],50,False,None,None,1.0,../datasets,False,False,0.1,erm,0.2,0.0,0.0,False,0.01,1,False,False,False,scnn,False,5001,10000,0.001,False,0.0001,0.1,0,222,False,results/MNISTCIFAR/jtt_5000_50_0.9/model_outputs_222,50,10,True,False,1,5,4,0.7,metadata.csv,None,results/MNISTCIFAR/erm_0.9/model_outputs_222/final_epoch_5000/metadata_aug.csv,wrong_1_times,False,,,,,,,,,,
MNISTCIFAR,jtt_5000_50_0.9,333,results/MNISTCIFAR/jtt_5000_50_0.9/model_outputs_333,MNISTCIFAR,confounder,False,spurious,CIFAR,['0.9'],50,False,None,None,1.0,../datasets,False,False,0.1,erm,0.2,0.0,0.0,False,0.01,1,False,False,False,scnn,False,5001,10000,0.001,False,0.0001,0.1,0,333,False,results/MNISTCIFAR/jtt_5000_50_0.9/model_outputs_333,50,10,True,False,1,5,4,0.7,metadata.csv,None,results/MNISTCIFAR/erm_0.9/model_outputs_333/final_epoch_5000/metadata_aug.csv,wrong_1_times,False,,,,,,,,,,
MNISTCIFAR,reweight_0.0,111,results/MNISTCIFAR/reweight_0.0/model_outputs_111,MNISTCIFAR,confounder,False,spurious,CIFAR,['0.0'],0,False,None,None,1.0,../datasets,False,False,0.1,reweight,0.2,0.0,0.0,False,0.01,1,False,False,False,scnn,False,5001,10000,0.001,False,0.0001,0.1,0,111,False,results/MNISTCIFAR/reweight_0.0/model_outputs_111,50,10,True,False,1,5,4,0.7,metadata.csv,None,../datasets//metadata.csv,None,,,,,,,,,,,
MNISTCIFAR,reweight_0.0,222,results/MNISTCIFAR/reweight_0.0/model_outputs_222,MNISTCIFAR,confounder,False,spurious,CIFAR,['0.0'],0,False,None,None,1.0,../datasets,False,False,0.1,reweight,0.2,0.0,0.0,False,0.01,1,False,False,False,scnn,False,5001,10000,0.001,False,0.0001,0.1,0,222,False,results/MNISTCIFAR/reweight_0.0/model_outputs_222,50,10,True,False,1,5,4,0.7,metadata.csv,None,../datasets//metadata.csv,None,False,,,,,,,,,,
MNISTCIFAR,reweight_0.0,333,results/MNISTCIFAR/reweight_0.0/model_outputs_333,MNISTCIFAR,confounder,False,spurious,CIFAR,['0.0'],0,False,None,None,1.0,../datasets,False,False,0.1,reweight,0.2,0.0,0.0,False,0.01,1,False,False,False,scnn,False,5001,10000,0.001,False,0.0001,0.1,0,333,False,results/MNISTCIFAR/reweight_0.0/model_outputs_333,50,10,True,False,1,5,4,0.7,metadata.csv,None,../datasets//metadata.csv,None,False,,,,,,,,,,
MNISTCIFAR,reweight_0.25,111,results/MNISTCIFAR/reweight_0.25/model_outputs_111,MNISTCIFAR,confounder,False,spurious,CIFAR,['0.25'],0,False,None,None,1.0,../datasets,False,False,0.1,reweight,0.2,0.0,0.0,False,0.01,1,False,False,False,scnn,False,5001,10000,0.001,False,0.0001,0.1,0,111,False,results/MNISTCIFAR/reweight_0.25/model_outputs_111,50,10,True,False,1,5,4,0.7,metadata.csv,None,../datasets//metadata.csv,None,,,,,,,,,,,
MNISTCIFAR,reweight_0.25,222,results/MNISTCIFAR/reweight_0.25/model_outputs_222,MNISTCIFAR,confounder,False,spurious,CIFAR,['0.25'],0,False,None,None,1.0,../datasets,False,False,0.1,reweight,0.2,0.0,0.0,False,0.01,1,False,False,False,scnn,False,5001,10000,0.001,False,0.0001,0.1,0,222,False,results/MNISTCIFAR/reweight_0.25/model_outputs_222,50,10,True,False,1,5,4,0.7,metadata.csv,None,../datasets//metadata.csv,None,False,,,,,,,,,,
MNISTCIFAR,reweight_0.25,333,results/MNISTCIFAR/reweight_0.25/model_outputs_333,MNISTCIFAR,confounder,False,spurious,CIFAR,['0.25'],0,False,None,None,1.0,../datasets,False,False,0.1,reweight,0.2,0.0,0.0,False,0.01,1,False,False,False,scnn,False,5001,10000,0.001,False,0.0001,0.1,0,333,False,results/MNISTCIFAR/reweight_0.25/model_outputs_333,50,10,True,False,1,5,4,0.7,metadata.csv,None,../datasets//metadata.csv,None,False,,,,,,,,,,
MNISTCIFAR,reweight_0.5,111,results/MNISTCIFAR/reweight_0.5/model_outputs_111,MNISTCIFAR,confounder,False,spurious,CIFAR,['0.5'],0,False,None,None,1.0,../datasets,False,False,0.1,reweight,0.2,0.0,0.0,False,0.01,1,False,False,False,scnn,False,5001,10000,0.001,False,0.0001,0.1,0,111,False,results/MNISTCIFAR/reweight_0.5/model_outputs_111,50,10,True,False,1,5,4,0.7,metadata.csv,None,../datasets//metadata.csv,None,,,,,,,,,,,
MNISTCIFAR,reweight_0.5,222,results/MNISTCIFAR/reweight_0.5/model_outputs_222,MNISTCIFAR,confounder,False,spurious,CIFAR,['0.5'],0,False,None,None,1.0,../datasets,False,False,0.1,reweight,0.2,0.0,0.0,False,0.01,1,False,False,False,scnn,False,5001,10000,0.001,False,0.0001,0.1,0,222,False,results/MNISTCIFAR/reweight_0.5/model_outputs_222,50,10,True,False,1,5,4,0.7,metadata.csv,None,../datasets//metadata.csv,None,False,,,,,,,,,,
MNISTCIFAR,reweight_0.5,333,results/MNISTCIFAR/reweight_0.5/model_outputs_333,MNISTCIFAR,confounder,False,spurious,CIFAR,['0.5'],0,False,None,None,1.0,../datasets,False,False,0.1,reweight,0.2,0.0,0.0,False,0.01,1,False,False,False,scnn,False,5001,10000,0.001,False,0.0001,0.1,0,333,False,results/MNISTCIFAR/reweight_0.5/model_outputs_333,50,10,True,False,1,5,4,0.7,metadata.csv,None,../datasets//metadata.csv,None,False,,,,,,,,,,
MNISTCIFAR,reweight_0.75,111,results/MNISTCIFAR/reweight_0.75/model_outputs_111,MNISTCIFAR,confounder,False,spurious,CIFAR,['0.75'],0,False,None,None,1.0,../datasets,False,False,0.1,reweight,0.2,0.0,0.0,False,0.01,1,False,False,False,scnn,False,5001,10000,0.001,False,0.0001,0.1,0,111,False,results/MNISTCIFAR/reweight_0.75/model_outputs_111,50,10,True,False,1,5,4,0.7,metadata.csv,None,../datasets//metadata.csv,None,,,,,,,,,,,
MNISTCIFAR,reweight_0.75,222,results/MNISTCIFAR/reweight_0.75/model_outputs_222,MNISTCIFAR,confounder,False,spurious,CIFAR,['0.75'],0,False,None,None,1.0,../datasets,False,False,0.1,reweight,0.2,0.0,0.0,False,0.01,1,False,False,False,scnn,False,5001,10000,0.001,False,0.0001,0.1,0,222,False,results/MNISTCIFAR/reweight_0.75/model_outputs_222,50,10,True,False,1,5,4,0.7,metadata.csv,None,../datasets//metadata.csv,None,False,,,,,,,,,,
MNISTCIFAR,reweight_0.75,333,results/MNISTCIFAR/reweight_0.75/model_outputs_333,MNISTCIFAR,confounder,False,spurious,CIFAR,['0.75'],0,False,None,None,1.0,../datasets,False,False,0.1,reweight,0.2,0.0,0.0,False,0.01,1,False,False,False,scnn,False,5001,10000,0.001,False,0.0001,0.1,0,333,False,results/MNISTCIFAR/reweight_0.75/model_outputs_333,50,10,True,False,1,5,4,0.7,metadata.csv,None,../datasets//metadata.csv,None,False,,,,,,,,,,
MNISTCIFAR,reweight_0.9,111,results/MNISTCIFAR/reweight_0.9/model_outputs_111,MNISTCIFAR,confounder,False,spurious,CIFAR,['0.9'],0,False,None,None,1.0,../datasets,False,False,0.1,reweight,0.2,0.0,0.0,False,0.01,1,False,False,False,scnn,False,5001,10000,0.001,False,0.0001,0.1,0,111,False,results/MNISTCIFAR/reweight_0.9/model_outputs_111,50,10,True,False,1,5,4,0.7,metadata.csv,None,../datasets//metadata.csv,None,,,,,,,,,,,
MNISTCIFAR,reweight_0.9,222,results/MNISTCIFAR/reweight_0.9/model_outputs_222,MNISTCIFAR,confounder,False,spurious,CIFAR,['0.9'],0,False,None,None,1.0,../datasets,False,False,0.1,reweight,0.2,0.0,0.0,False,0.01,1,False,False,False,scnn,False,5001,10000,0.001,False,0.0001,0.1,0,222,False,results/MNISTCIFAR/reweight_0.9/model_outputs_222,50,10,True,False,1,5,4,0.7,metadata.csv,None,../datasets//metadata.csv,None,False,,,,,,,,,,
MNISTCIFAR,reweight_0.9,333,results/MNISTCIFAR/reweight_0.9/model_outputs_333,MNISTCIFAR,confounder,False,spurious,CIFAR,['0.9'],0,False,None,None,1.0,../datasets,False,False,0.1,reweight,0.2,0.0,0.0,False,0.01,1,False,False,False,scnn,False,5001,10000,0.001,False,0.0001,0.1,0,333,False,results/MNISTCIFAR/reweight_0.9/model_outputs_333,50,10,True,False,1,5,4,0.7,metadata.csv,None,../datasets//metadata.csv,None,False,,,,,,,,,,
MNISTCIFAR,reweight_rw_0.0,111,results/MNISTCIFAR/reweight_rw_0.0/model_outputs_111,MNISTCIFAR,confounder,False,spurious,CIFAR,['0.0'],0,False,None,None,1.0,../datasets,True,False,0.1,reweight,0.2,0.0,0.0,False,0.01,1,False,False,False,scnn,False,5001,10000,0.001,False,0.0001,0.1,0,111,False,results/MNISTCIFAR/reweight_rw_0.0/model_outputs_111,50,10,True,False,1,5,4,0.7,metadata.csv,None,../datasets//metadata.csv,None,False,,,,,,,,,,
MNISTCIFAR,reweight_rw_0.0,222,results/MNISTCIFAR/reweight_rw_0.0/model_outputs_222,MNISTCIFAR,confounder,False,spurious,CIFAR,['0.0'],0,False,None,None,1.0,../datasets,True,False,0.1,reweight,0.2,0.0,0.0,False,0.01,1,False,False,False,scnn,False,5001,10000,0.001,False,0.0001,0.1,0,222,False,results/MNISTCIFAR/reweight_rw_0.0/model_outputs_222,50,10,True,False,1,5,4,0.7,metadata.csv,None,../datasets//metadata.csv,None,False,,,,,,,,,,
MNISTCIFAR,reweight_rw_0.0,333,results/MNISTCIFAR/reweight_rw_0.0/model_outputs_333,MNISTCIFAR,confounder,False,spurious,CIFAR,['0.0'],0,False,None,None,1.0,../datasets,True,False,0.1,reweight,0.2,0.0,0.0,False,0.01,1,False,False,False,scnn,False,5001,10000,0.001,False,0.0001,0.1,0,333,False,results/MNISTCIFAR/reweight_rw_0.0/model_outputs_333,50,10,True,False,1,5,4,0.7,metadata.csv,None,../datasets//metadata.csv,None,False,,,,,,,,,,
MNISTCIFAR,reweight_rw_0.25,111,results/MNISTCIFAR/reweight_rw_0.25/model_outputs_111,MNISTCIFAR,confounder,False,spurious,CIFAR,['0.25'],0,False,None,None,1.0,../datasets,True,False,0.1,reweight,0.2,0.0,0.0,False,0.01,1,False,False,False,scnn,False,5001,10000,0.001,False,0.0001,0.1,0,111,False,results/MNISTCIFAR/reweight_rw_0.25/model_outputs_111,50,10,True,False,1,5,4,0.7,metadata.csv,None,../datasets//metadata.csv,None,False,,,,,,,,,,
MNISTCIFAR,reweight_rw_0.25,222,results/MNISTCIFAR/reweight_rw_0.25/model_outputs_222,MNISTCIFAR,confounder,False,spurious,CIFAR,['0.25'],0,False,None,None,1.0,../datasets,True,False,0.1,reweight,0.2,0.0,0.0,False,0.01,1,False,False,False,scnn,False,5001,10000,0.001,False,0.0001,0.1,0,222,False,results/MNISTCIFAR/reweight_rw_0.25/model_outputs_222,50,10,True,False,1,5,4,0.7,metadata.csv,None,../datasets//metadata.csv,None,False,,,,,,,,,,
MNISTCIFAR,reweight_rw_0.25,333,results/MNISTCIFAR/reweight_rw_0.25/model_outputs_333,MNISTCIFAR,confounder,False,spurious,CIFAR,['0.25'],0,False,None,None,1.0,../datasets,True,False,0.1,reweight,0.2,0.0,0.0,False,0.01,1,False,False,False,scnn,False,5001,10000,0.001,False,0.0001,0.1,0,333,False,results/MNISTCIFAR/reweight_rw_0.25/model_outputs_333,50,10,True,False,1,5,4,0.7,metadata.csv,None,../datasets//metadata.csv,None,False,,,,,,,,,,
MNISTCIFAR,reweight_rw_0.5,111,results/MNISTCIFAR/reweight_rw_0.5/model_outputs_111,MNISTCIFAR,confounder,False,spurious,CIFAR,['0.5'],0,False,None,None,1.0,../datasets,True,False,0.1,reweight,0.2,0.0,0.0,False,0.01,1,False,False,False,scnn,False,5001,10000,0.001,False,0.0001,0.1,0,111,False,results/MNISTCIFAR/reweight_rw_0.5/model_outputs_111,50,10,True,False,1,5,4,0.7,metadata.csv,None,../datasets//metadata.csv,None,False,,,,,,,,,,
MNISTCIFAR,reweight_rw_0.5,222,results/MNISTCIFAR/reweight_rw_0.5/model_outputs_222,MNISTCIFAR,confounder,False,spurious,CIFAR,['0.5'],0,False,None,None,1.0,../datasets,True,False,0.1,reweight,0.2,0.0,0.0,False,0.01,1,False,False,False,scnn,False,5001,10000,0.001,False,0.0001,0.1,0,222,False,results/MNISTCIFAR/reweight_rw_0.5/model_outputs_222,50,10,True,False,1,5,4,0.7,metadata.csv,None,../datasets//metadata.csv,None,False,,,,,,,,,,
MNISTCIFAR,reweight_rw_0.5,333,results/MNISTCIFAR/reweight_rw_0.5/model_outputs_333,MNISTCIFAR,confounder,False,spurious,CIFAR,['0.5'],0,False,None,None,1.0,../datasets,True,False,0.1,reweight,0.2,0.0,0.0,False,0.01,1,False,False,False,scnn,False,5001,10000,0.001,False,0.0001,0.1,0,333,False,results/MNISTCIFAR/reweight_rw_0.5/model_outputs_333,50,10,True,False,1,5,4,0.7,metadata.csv,None,../datasets//metadata.csv,None,False,,,,,,,,,,
MNISTCIFAR,reweight_rw_0.75,111,results/MNISTCIFAR/reweight_rw_0.75/model_outputs_111,MNISTCIFAR,confounder,False,spurious,CIFAR,['0.75'],0,False,None,None,1.0,../datasets,True,False,0.1,reweight,0.2,0.0,0.0,False,0.01,1,False,False,False,scnn,False,5001,10000,0.001,False,0.0001,0.1,0,111,False,results/MNISTCIFAR/reweight_rw_0.75/model_outputs_111,50,10,True,False,1,5,4,0.7,metadata.csv,None,../datasets//metadata.csv,None,False,,,,,,,,,,
MNISTCIFAR,reweight_rw_0.75,222,results/MNISTCIFAR/reweight_rw_0.75/model_outputs_222,MNISTCIFAR,confounder,False,spurious,CIFAR,['0.75'],0,False,None,None,1.0,../datasets,True,False,0.1,reweight,0.2,0.0,0.0,False,0.01,1,False,False,False,scnn,False,5001,10000,0.001,False,0.0001,0.1,0,222,False,results/MNISTCIFAR/reweight_rw_0.75/model_outputs_222,50,10,True,False,1,5,4,0.7,metadata.csv,None,../datasets//metadata.csv,None,False,,,,,,,,,,
MNISTCIFAR,reweight_rw_0.75,333,results/MNISTCIFAR/reweight_rw_0.75/model_outputs_333,MNISTCIFAR,confounder,False,spurious,CIFAR,['0.75'],0,False,None,None,1.0,../datasets,True,False,0.1,reweight,0.2,0.0,0.0,False,0.01,1,False,False,False,scnn,False,5001,10000,0.001,False,0.0001,0.1,0,333,False,results/MNISTCIFAR/reweight_rw_0.75/model_outputs_333,50,10,True,False,1,5,4,0.7,metadata.csv,None,../datasets//metadata.csv,None,False,,,,,,,,,,
MNISTCIFAR,reweight_rw_0.9,111,results/MNISTCIFAR/reweight_rw_0.9/model_outputs_111,MNISTCIFAR,confounder,False,spurious,CIFAR,['0.9'],0,False,None,None,1.0,../datasets,True,False,0.1,reweight,0.2,0.0,0.0,False,0.01,1,False,False,False,scnn,False,5001,10000,0.001,False,0.0001,0.1,0,111,False,results/MNISTCIFAR/reweight_rw_0.9/model_outputs_111,50,10,True,False,1,5,4,0.7,metadata.csv,None,../datasets//metadata.csv,None,False,,,,,,,,,,
MNISTCIFAR,reweight_rw_0.9,222,results/MNISTCIFAR/reweight_rw_0.9/model_outputs_222,MNISTCIFAR,confounder,False,spurious,CIFAR,['0.9'],0,False,None,None,1.0,../datasets,True,False,0.1,reweight,0.2,0.0,0.0,False,0.01,1,False,False,False,scnn,False,5001,10000,0.001,False,0.0001,0.1,0,222,False,results/MNISTCIFAR/reweight_rw_0.9/model_outputs_222,50,10,True,False,1,5,4,0.7,metadata.csv,None,../datasets//metadata.csv,None,False,,,,,,,,,,
MNISTCIFAR,reweight_rw_0.9,333,results/MNISTCIFAR/reweight_rw_0.9/model_outputs_333,MNISTCIFAR,confounder,False,spurious,CIFAR,['0.9'],0,False,None,None,1.0,../datasets,True,False,0.1,reweight,0.2,0.0,0.0,False,0.01,1,False,False,False,scnn,False,5001,10000,0.001,False,0.0001,0.1,0,333,False,results/MNISTCIFAR/reweight_rw_0.9/model_outputs_333,50,10,True,False,1,5,4,0.7,metadata.csv,None,../datasets//metadata.csv,None,False,,,,,,,,,,
MNISTCIFAR,rw_erm_0.0,111,results/MNISTCIFAR/rw_erm_0.0/model_outputs_111,MNISTCIFAR,confounder,False,spurious,CIFAR,['0.0'],0,False,None,None,1.0,../datasets,True,False,0.1,erm,0.2,0.0,0.0,False,0.01,1,False,False,False,scnn,False,5001,10000,0.001,False,0.0001,0.1,0,111,False,results/MNISTCIFAR/rw_erm_0.0/model_outputs_111,50,10,True,False,1,5,4,0.7,metadata.csv,None,../datasets//metadata.csv,None,False,,,,,,,,,,
MNISTCIFAR,rw_erm_0.0,222,results/MNISTCIFAR/rw_erm_0.0/model_outputs_222,MNISTCIFAR,confounder,False,spurious,CIFAR,['0.0'],0,False,None,None,1.0,../datasets,True,False,0.1,erm,0.2,0.0,0.0,False,0.01,1,False,False,False,scnn,False,5001,10000,0.001,False,0.0001,0.1,0,222,False,results/MNISTCIFAR/rw_erm_0.0/model_outputs_222,50,10,True,False,1,5,4,0.7,metadata.csv,None,../datasets//metadata.csv,None,False,,,,,,,,,,
MNISTCIFAR,rw_erm_0.0,333,results/MNISTCIFAR/rw_erm_0.0/model_outputs_333,MNISTCIFAR,confounder,False,spurious,CIFAR,['0.0'],0,False,None,None,1.0,../datasets,True,False,0.1,erm,0.2,0.0,0.0,False,0.01,1,False,False,False,scnn,False,5001,10000,0.001,False,0.0001,0.1,0,333,False,results/MNISTCIFAR/rw_erm_0.0/model_outputs_333,50,10,True,False,1,5,4,0.7,metadata.csv,None,../datasets//metadata.csv,None,False,,,,,,,,,,
MNISTCIFAR,rw_erm_0.25,111,results/MNISTCIFAR/rw_erm_0.25/model_outputs_111,MNISTCIFAR,confounder,False,spurious,CIFAR,['0.25'],0,False,None,None,1.0,../datasets,True,False,0.1,erm,0.2,0.0,0.0,False,0.01,1,False,False,False,scnn,False,5001,10000,0.001,False,0.0001,0.1,0,111,False,results/MNISTCIFAR/rw_erm_0.25/model_outputs_111,50,10,True,False,1,5,4,0.7,metadata.csv,None,../datasets//metadata.csv,None,False,,,,,,,,,,
MNISTCIFAR,rw_erm_0.25,222,results/MNISTCIFAR/rw_erm_0.25/model_outputs_222,MNISTCIFAR,confounder,False,spurious,CIFAR,['0.25'],0,False,None,None,1.0,../datasets,True,False,0.1,erm,0.2,0.0,0.0,False,0.01,1,False,False,False,scnn,False,5001,10000,0.001,False,0.0001,0.1,0,222,False,results/MNISTCIFAR/rw_erm_0.25/model_outputs_222,50,10,True,False,1,5,4,0.7,metadata.csv,None,../datasets//metadata.csv,None,False,,,,,,,,,,
MNISTCIFAR,rw_erm_0.25,333,results/MNISTCIFAR/rw_erm_0.25/model_outputs_333,MNISTCIFAR,confounder,False,spurious,CIFAR,['0.25'],0,False,None,None,1.0,../datasets,True,False,0.1,erm,0.2,0.0,0.0,False,0.01,1,False,False,False,scnn,False,5001,10000,0.001,False,0.0001,0.1,0,333,False,results/MNISTCIFAR/rw_erm_0.25/model_outputs_333,50,10,True,False,1,5,4,0.7,metadata.csv,None,../datasets//metadata.csv,None,False,,,,,,,,,,
MNISTCIFAR,rw_erm_0.5,111,results/MNISTCIFAR/rw_erm_0.5/model_outputs_111,MNISTCIFAR,confounder,False,spurious,CIFAR,['0.5'],0,False,None,None,1.0,../datasets,True,False,0.1,erm,0.2,0.0,0.0,False,0.01,1,False,False,False,scnn,False,5001,10000,0.001,False,0.0001,0.1,0,111,False,results/MNISTCIFAR/rw_erm_0.5/model_outputs_111,50,10,True,False,1,5,4,0.7,metadata.csv,None,../datasets//metadata.csv,None,False,,,,,,,,,,
MNISTCIFAR,rw_erm_0.5,222,results/MNISTCIFAR/rw_erm_0.5/model_outputs_222,MNISTCIFAR,confounder,False,spurious,CIFAR,['0.5'],0,False,None,None,1.0,../datasets,True,False,0.1,erm,0.2,0.0,0.0,False,0.01,1,False,False,False,scnn,False,5001,10000,0.001,False,0.0001,0.1,0,222,False,results/MNISTCIFAR/rw_erm_0.5/model_outputs_222,50,10,True,False,1,5,4,0.7,metadata.csv,None,../datasets//metadata.csv,None,False,,,,,,,,,,
MNISTCIFAR,rw_erm_0.5,333,results/MNISTCIFAR/rw_erm_0.5/model_outputs_333,MNISTCIFAR,confounder,False,spurious,CIFAR,['0.5'],0,False,None,None,1.0,../datasets,True,False,0.1,erm,0.2,0.0,0.0,False,0.01,1,False,False,False,scnn,False,5001,10000,0.001,False,0.0001,0.1,0,333,False,results/MNISTCIFAR/rw_erm_0.5/model_outputs_333,50,10,True,False,1,5,4,0.7,metadata.csv,None,../datasets//metadata.csv,None,False,,,,,,,,,,
MNISTCIFAR,rw_erm_0.75,111,results/MNISTCIFAR/rw_erm_0.75/model_outputs_111,MNISTCIFAR,confounder,False,spurious,CIFAR,['0.75'],0,False,None,None,1.0,../datasets,True,False,0.1,erm,0.2,0.0,0.0,False,0.01,1,False,False,False,scnn,False,5001,10000,0.001,False,0.0001,0.1,0,111,False,results/MNISTCIFAR/rw_erm_0.75/model_outputs_111,50,10,True,False,1,5,4,0.7,metadata.csv,None,../datasets//metadata.csv,None,False,,,,,,,,,,
MNISTCIFAR,rw_erm_0.75,222,results/MNISTCIFAR/rw_erm_0.75/model_outputs_222,MNISTCIFAR,confounder,False,spurious,CIFAR,['0.75'],0,False,None,None,1.0,../datasets,True,False,0.1,erm,0.2,0.0,0.0,False,0.01,1,False,False,False,scnn,False,5001,10000,0.001,False,0.0001,0.1,0,222,False,results/MNISTCIFAR/rw_erm_0.75/model_outputs_222,50,10,True,False,1,5,4,0.7,metadata.csv,None,../datasets//metadata.csv,None,False,,,,,,,,,,
MNISTCIFAR,rw_erm_0.75,333,results/MNISTCIFAR/rw_erm_0.75/model_outputs_333,MNISTCIFAR,confounder,False,spurious,CIFAR,['0.75'],0,False,None,None,1.0,../datasets,True,False,0.1,erm,0.2,0.0,0.0,False,0.01,1,False,False,False,scnn,False,5001,10000,0.001,False,0.0001,0.1,0,333,False,results/MNISTCIFAR/rw_erm_0.75/model_outputs_333,50,10,True,False,1,5,4,0.7,metadata.csv,None,../datasets//metadata.csv,None,False,,,,,,,,,,
MNISTCIFAR,rw_erm_0.9,111,results/MNISTCIFAR/rw_erm_0.9/model_outputs_111,MNISTCIFAR,confounder,False,spurious,CIFAR,['0.9'],0,False,None,None,1.0,../datasets,True,False,0.1,erm,0.2,0.0,0.0,False,0.01,1,False,False,False,scnn,False,5001,10000,0.001,False,0.0001,0.1,0,111,False,results/MNISTCIFAR/rw_erm_0.9/model_outputs_111,50,10,True,False,1,5,4,0.7,metadata.csv,None,../datasets//metadata.csv,None,False,,,,,,,,,,
MNISTCIFAR,rw_erm_0.9,222,results/MNISTCIFAR/rw_erm_0.9/model_outputs_222,MNISTCIFAR,confounder,False,spurious,CIFAR,['0.9'],0,False,None,None,1.0,../datasets,True,False,0.1,erm,0.2,0.0,0.0,False,0.01,1,False,False,False,scnn,False,5001,10000,0.001,False,0.0001,0.1,0,222,False,results/MNISTCIFAR/rw_erm_0.9/model_outputs_222,50,10,True,False,1,5,4,0.7,metadata.csv,None,../datasets//metadata.csv,None,False,,,,,,,,,,
MNISTCIFAR,rw_erm_0.9,333,results/MNISTCIFAR/rw_erm_0.9/model_outputs_333,MNISTCIFAR,confounder,False,spurious,CIFAR,['0.9'],0,False,None,None,1.0,../datasets,True,False,0.1,erm,0.2,0.0,0.0,False,0.01,1,False,False,False,scnn,False,5001,10000,0.001,False,0.0001,0.1,0,333,False,results/MNISTCIFAR/rw_erm_0.9/model_outputs_333,50,10,True,False,1,5,4,0.7,metadata.csv,None,../datasets//metadata.csv,None,False,,,,,,,,,,
MNISTCIFAR,sv_0.0,111,results/MNISTCIFAR/sv_0.0/model_outputs_111,MNISTCIFAR,confounder,False,spurious,CIFAR,['0.0'],0,False,None,None,1.0,../datasets,False,False,0.1,erm,0.2,0.0,0.0,False,0.01,1,False,False,False,scnn,False,5001,10000,0.001,False,0.0001,0.1,0,111,False,results/MNISTCIFAR/sv_0.0/model_outputs_111,50,10,True,False,1,5,4,0.7,metadata.csv,None,../datasets/metadata.csv,None,True,,,,pretrained_models/MNISTCIFAR/erm_0.0_111.pth,,,,,,
MNISTCIFAR,sv_0.0,222,results/MNISTCIFAR/sv_0.0/model_outputs_222,MNISTCIFAR,confounder,False,spurious,CIFAR,['0.0'],0,False,None,None,1.0,../datasets,False,False,0.1,erm,0.2,0.0,0.0,False,0.01,1,False,False,False,scnn,False,5001,10000,0.001,False,0.0001,0.1,0,222,False,results/MNISTCIFAR/sv_0.0/model_outputs_222,50,10,True,False,1,5,4,0.7,metadata.csv,None,../datasets/metadata.csv,None,True,,,,pretrained_models/MNISTCIFAR/erm_0.0_222.pth,,,,,,
MNISTCIFAR,sv_0.0,333,results/MNISTCIFAR/sv_0.0/model_outputs_333,MNISTCIFAR,confounder,False,spurious,CIFAR,['0.0'],0,False,None,None,1.0,../datasets,False,False,0.1,erm,0.2,0.0,0.0,False,0.01,1,False,False,False,scnn,False,5001,10000,0.001,False,0.0001,0.1,0,333,False,results/MNISTCIFAR/sv_0.0/model_outputs_333,50,10,True,False,1,5,4,0.7,metadata.csv,None,../datasets/metadata.csv,None,True,,,,pretrained_models/MNISTCIFAR/erm_0.0_333.pth,,,,,,
MNISTCIFAR,sv_0.25,111,results/MNISTCIFAR/sv_0.25/model_outputs_111,MNISTCIFAR,confounder,False,spurious,CIFAR,['0.25'],0,False,None,None,1.0,../datasets,False,False,0.1,erm,0.2,0.0,0.0,False,0.01,1,False,False,False,scnn,False,5001,10000,0.001,False,0.0001,0.1,0,111,False,results/MNISTCIFAR/sv_0.25/model_outputs_111,50,10,True,False,1,5,4,0.7,metadata.csv,None,../datasets/metadata.csv,None,True,,,,pretrained_models/MNISTCIFAR/erm_0.25_111.pth,,,,,,
MNISTCIFAR,sv_0.25,222,results/MNISTCIFAR/sv_0.25/model_outputs_222,MNISTCIFAR,confounder,False,spurious,CIFAR,['0.25'],0,False,None,None,1.0,../datasets,False,False,0.1,erm,0.2,0.0,0.0,False,0.01,1,False,False,False,scnn,False,5001,10000,0.001,False,0.0001,0.1,0,222,False,results/MNISTCIFAR/sv_0.25/model_outputs_222,50,10,True,False,1,5,4,0.7,metadata.csv,None,../datasets/metadata.csv,None,True,,,,pretrained_models/MNISTCIFAR/erm_0.25_222.pth,,,,,,
MNISTCIFAR,sv_0.25,333,results/MNISTCIFAR/sv_0.25/model_outputs_333,MNISTCIFAR,confounder,False,spurious,CIFAR,['0.25'],0,False,None,None,1.0,../datasets,False,False,0.1,erm,0.2,0.0,0.0,False,0.01,1,False,False,False,scnn,False,5001,10000,0.001,False,0.0001,0.1,0,333,False,results/MNISTCIFAR/sv_0.25/model_outputs_333,50,10,True,False,1,5,4,0.7,metadata.csv,None,../datasets/metadata.csv,None,True,,,,pretrained_models/MNISTCIFAR/erm_0.25_333.pth,,,,,,
MNISTCIFAR,sv_0.5,111,results/MNISTCIFAR/sv_0.5/model_outputs_111,MNISTCIFAR,confounder,False,spurious,CIFAR,['0.5'],0,False,None,None,1.0,../datasets,False,False,0.1,erm,0.2,0.0,0.0,False,0.01,1,False,False,False,scnn,False,5001,10000,0.001,False,0.0001,0.1,0,111,False,results/MNISTCIFAR/sv_0.5/model_outputs_111,50,10,True,False,1,5,4,0.7,metadata.csv,None,../datasets/metadata.csv,None,True,,,,pretrained_models/MNISTCIFAR/erm_0.5_111.pth,,,,,,
MNISTCIFAR,sv_0.5,222,results/MNISTCIFAR/sv_0.5/model_outputs_222,MNISTCIFAR,confounder,False,spurious,CIFAR,['0.5'],0,False,None,None,1.0,../datasets,False,False,0.1,erm,0.2,0.0,0.0,False,0.01,1,False,False,False,scnn,False,5001,10000,0.001,False,0.0001,0.1,0,222,False,results/MNISTCIFAR/sv_0.5/model_outputs_222,50,10,True,False,1,5,4,0.7,metadata.csv,None,../datasets/metadata.csv,None,True,,,,pretrained_models/MNISTCIFAR/erm_0.5_222.pth,,,,,,
MNISTCIFAR,sv_0.5,333,results/MNISTCIFAR/sv_0.5/model_outputs_333,MNISTCIFAR,confounder,False,spurious,CIFAR,['0.5'],0,False,None,None,1.0,../datasets,False,False,0.1,erm,0.2,0.0,0.0,False,0.01,1,False,False,False,scnn,False,5001,10000,0.001,False,0.0001,0.1,0,333,False,results/MNISTCIFAR/sv_0.5/model_outputs_333,50,10,True,False,1,5,4,0.7,metadata.csv,None,../datasets/metadata.csv,None,True,,,,pretrained_models/MNISTCIFAR/erm_0.5_333.pth,,,,,,
MNISTCIFAR,sv_0.75,111,results/MNISTCIFAR/sv_0.75/model_outputs_111,MNISTCIFAR,confounder,False,spurious,CIFAR,['0.75'],0,False,None,None,1.0,../datasets,False,False,0.1,erm,0.2,0.0,0.0,False,0.01,1,False,False,False,scnn,False,5001,10000,0.001,False,0.0001,0.1,0,111,False,results/MNISTCIFAR/sv_0.75/model_outputs_111,50,10,True,False,1,5,4,0.7,metadata.csv,None,../datasets/metadata.csv,None,True,,,,pretrained_models/MNISTCIFAR/erm_0.75_111.pth,,,,,,
MNISTCIFAR,sv_0.75,222,results/MNISTCIFAR/sv_0.75/model_outputs_222,MNISTCIFAR,confounder,False,spurious,CIFAR,['0.75'],0,False,None,None,1.0,../datasets,False,False,0.1,erm,0.2,0.0,0.0,False,0.01,1,False,False,False,scnn,False,5001,10000,0.001,False,0.0001,0.1,0,222,False,results/MNISTCIFAR/sv_0.75/model_outputs_222,50,10,True,False,1,5,4,0.7,metadata.csv,None,../datasets/metadata.csv,None,True,,,,pretrained_models/MNISTCIFAR/erm_0.75_222.pth,,,,,,
MNISTCIFAR,sv_0.75,333,results/MNISTCIFAR/sv_0.75/model_outputs_333,MNISTCIFAR,confounder,False,spurious,CIFAR,['0.75'],0,False,None,None,1.0,../datasets,False,False,0.1,erm,0.2,0.0,0.0,False,0.01,1,False,False,False,scnn,False,5001,10000,0.001,False,0.0001,0.1,0,333,False,results/MNISTCIFAR/sv_0.75/model_outputs_333,50,10,True,False,1,5,4,0.7,metadata.csv,None,../datasets/metadata.csv,None,True,,,,pretrained_models/MNISTCIFAR/erm_0.75_333.pth,,,,,,
MNISTCIFAR,sv_0.9,111,results/MNISTCIFAR/sv_0.9/model_outputs_111,MNISTCIFAR,confounder,False,spurious,CIFAR,['0.9'],0,False,None,None,1.0,../datasets,False,False,0.1,erm,0.2,0.0,0.0,False,0.01,1,False,False,False,scnn,False,5001,10000,0.001,False,0.0001,0.1,0,111,False,results/MNISTCIFAR/sv_0.9/model_outputs_111,50,10,True,False,1,5,4,0.7,metadata.csv,None,../datasets/metadata.csv,None,True,,,,pretrained_models/MNISTCIFAR/erm_0.9_111.pth,,,,,,
MNISTCIFAR,sv_0.9,222,results/MNISTCIFAR/sv_0.9/model_outputs_222,MNISTCIFAR,confounder,False,spurious,CIFAR,['0.9'],0,False,None,None,1.0,../datasets,False,False,0.1,erm,0.2,0.0,0.0,False,0.01,1,False,False,False,scnn,False,5001,10000,0.001,False,0.0001,0.1,0,222,False,results/MNISTCIFAR/sv_0.9/model_outputs_222,50,10,True,False,1,5,4,0.7,metadata.csv,None,../datasets/metadata.csv,None,True,,,,pretrained_models/MNISTCIFAR/erm_0.9_222.pth,,,,,,
MNISTCIFAR,sv_0.9,333,results/MNISTCIFAR/sv_0.9/model_outputs_333,MNISTCIFAR,confounder,False,spurious,CIFAR,['0.9'],0,False,None,None,1.0,../datasets,False,False,0.1,erm,0.2,0.0,0.0,False,0.01,1,False,False,False,scnn,False,5001,10000,0.001,False,0.0001,0.1,0,333,False,results/MNISTCIFAR/sv_0.9/model_outputs_333,50,10,True,False,1,5,4,0.7,metadata.csv,None,../datasets/metadata.csv,None,True,,,,pretrained_models/MNISTCIFAR/erm_0.9_333.pth,,,,,,
MNISTCIFAR,sv_gdro_0.0,111,results/MNISTCIFAR/sv_gdro_0.0/model_outputs_111,MNISTCIFAR,confounder,False,spurious,CIFAR,['0.0'],0,False,None,None,1.0,../datasets,True,False,0.1,group_dro,0.2,0.0,0.0,False,0.01,1,False,False,False,scnn,False,5001,10000,0.001,False,0.0001,0.1,0,111,False,results/MNISTCIFAR/sv_gdro_0.0/model_outputs_111,50,10,True,False,1,5,4,0.7,metadata.csv,None,../datasets/metadata.csv,None,True,,,,pretrained_models/MNISTCIFAR/gdro_0.0_111.pth,,,,,,
MNISTCIFAR,sv_gdro_0.0,222,results/MNISTCIFAR/sv_gdro_0.0/model_outputs_222,MNISTCIFAR,confounder,False,spurious,CIFAR,['0.0'],0,False,None,None,1.0,../datasets,True,False,0.1,group_dro,0.2,0.0,0.0,False,0.01,1,False,False,False,scnn,False,5001,10000,0.001,False,0.0001,0.1,0,222,False,results/MNISTCIFAR/sv_gdro_0.0/model_outputs_222,50,10,True,False,1,5,4,0.7,metadata.csv,None,../datasets/metadata.csv,None,True,,,,pretrained_models/MNISTCIFAR/gdro_0.0_222.pth,,,,,,
MNISTCIFAR,sv_gdro_0.0,333,results/MNISTCIFAR/sv_gdro_0.0/model_outputs_333,MNISTCIFAR,confounder,False,spurious,CIFAR,['0.0'],0,False,None,None,1.0,../datasets,True,False,0.1,group_dro,0.2,0.0,0.0,False,0.01,1,False,False,False,scnn,False,5001,10000,0.001,False,0.0001,0.1,0,333,False,results/MNISTCIFAR/sv_gdro_0.0/model_outputs_333,50,10,True,False,1,5,4,0.7,metadata.csv,None,../datasets/metadata.csv,None,True,,,,pretrained_models/MNISTCIFAR/gdro_0.0_333.pth,,,,,,
MNISTCIFAR,sv_gdro_0.25,111,results/MNISTCIFAR/sv_gdro_0.25/model_outputs_111,MNISTCIFAR,confounder,False,spurious,CIFAR,['0.25'],0,False,None,None,1.0,../datasets,True,False,0.1,group_dro,0.2,0.0,0.0,False,0.01,1,False,False,False,scnn,False,5001,10000,0.001,False,0.0001,0.1,0,111,False,results/MNISTCIFAR/sv_gdro_0.25/model_outputs_111,50,10,True,False,1,5,4,0.7,metadata.csv,None,../datasets/metadata.csv,None,True,,,,pretrained_models/MNISTCIFAR/gdro_0.25_111.pth,,,,,,
MNISTCIFAR,sv_gdro_0.25,222,results/MNISTCIFAR/sv_gdro_0.25/model_outputs_222,MNISTCIFAR,confounder,False,spurious,CIFAR,['0.25'],0,False,None,None,1.0,../datasets,True,False,0.1,group_dro,0.2,0.0,0.0,False,0.01,1,False,False,False,scnn,False,5001,10000,0.001,False,0.0001,0.1,0,222,False,results/MNISTCIFAR/sv_gdro_0.25/model_outputs_222,50,10,True,False,1,5,4,0.7,metadata.csv,None,../datasets/metadata.csv,None,True,,,,pretrained_models/MNISTCIFAR/gdro_0.25_222.pth,,,,,,
MNISTCIFAR,sv_gdro_0.25,333,results/MNISTCIFAR/sv_gdro_0.25/model_outputs_333,MNISTCIFAR,confounder,False,spurious,CIFAR,['0.25'],0,False,None,None,1.0,../datasets,True,False,0.1,group_dro,0.2,0.0,0.0,False,0.01,1,False,False,False,scnn,False,5001,10000,0.001,False,0.0001,0.1,0,333,False,results/MNISTCIFAR/sv_gdro_0.25/model_outputs_333,50,10,True,False,1,5,4,0.7,metadata.csv,None,../datasets/metadata.csv,None,True,,,,pretrained_models/MNISTCIFAR/gdro_0.25_333.pth,,,,,,
MNISTCIFAR,sv_gdro_0.5,111,results/MNISTCIFAR/sv_gdro_0.5/model_outputs_111,MNISTCIFAR,confounder,False,spurious,CIFAR,['0.5'],0,False,None,None,1.0,../datasets,True,False,0.1,group_dro,0.2,0.0,0.0,False,0.01,1,False,False,False,scnn,False,5001,10000,0.001,False,0.0001,0.1,0,111,False,results/MNISTCIFAR/sv_gdro_0.5/model_outputs_111,50,10,True,False,1,5,4,0.7,metadata.csv,None,../datasets/metadata.csv,None,True,,,,pretrained_models/MNISTCIFAR/gdro_0.5_111.pth,,,,,,
MNISTCIFAR,sv_gdro_0.5,222,results/MNISTCIFAR/sv_gdro_0.5/model_outputs_222,MNISTCIFAR,confounder,False,spurious,CIFAR,['0.5'],0,False,None,None,1.0,../datasets,True,False,0.1,group_dro,0.2,0.0,0.0,False,0.01,1,False,False,False,scnn,False,5001,10000,0.001,False,0.0001,0.1,0,222,False,results/MNISTCIFAR/sv_gdro_0.5/model_outputs_222,50,10,True,False,1,5,4,0.7,metadata.csv,None,../datasets/metadata.csv,None,True,,,,pretrained_models/MNISTCIFAR/gdro_0.5_222.pth,,,,,,
MNISTCIFAR,sv_gdro_0.5,333,results/MNISTCIFAR/sv_gdro_0.5/model_outputs_333,MNISTCIFAR,confounder,False,spurious,CIFAR,['0.5'],0,False,None,None,1.0,../datasets,True,False,0.1,group_dro,0.2,0.0,0.0,False,0.01,1,False,False,False,scnn,False,5001,10000,0.001,False,0.0001,0.1,0,333,False,results/MNISTCIFAR/sv_gdro_0.5/model_outputs_333,50,10,True,False,1,5,4,0.7,metadata.csv,None,../datasets/metadata.csv,None,True,,,,pretrained_models/MNISTCIFAR/gdro_0.5_333.pth,,,,,,
MNISTCIFAR,sv_gdro_0.75,111,results/MNISTCIFAR/sv_gdro_0.75/model_outputs_111,MNISTCIFAR,confounder,False,spurious,CIFAR,['0.75'],0,False,None,None,1.0,../datasets,True,False,0.1,group_dro,0.2,0.0,0.0,False,0.01,1,False,False,False,scnn,False,5001,10000,0.001,False,0.0001,0.1,0,111,False,results/MNISTCIFAR/sv_gdro_0.75/model_outputs_111,50,10,True,False,1,5,4,0.7,metadata.csv,None,../datasets/metadata.csv,None,True,,,,pretrained_models/MNISTCIFAR/gdro_0.75_111.pth,,,,,,
MNISTCIFAR,sv_gdro_0.75,222,results/MNISTCIFAR/sv_gdro_0.75/model_outputs_222,MNISTCIFAR,confounder,False,spurious,CIFAR,['0.75'],0,False,None,None,1.0,../datasets,True,False,0.1,group_dro,0.2,0.0,0.0,False,0.01,1,False,False,False,scnn,False,5001,10000,0.001,False,0.0001,0.1,0,222,False,results/MNISTCIFAR/sv_gdro_0.75/model_outputs_222,50,10,True,False,1,5,4,0.7,metadata.csv,None,../datasets/metadata.csv,None,True,,,,pretrained_models/MNISTCIFAR/gdro_0.75_222.pth,,,,,,
MNISTCIFAR,sv_gdro_0.75,333,results/MNISTCIFAR/sv_gdro_0.75/model_outputs_333,MNISTCIFAR,confounder,False,spurious,CIFAR,['0.75'],0,False,None,None,1.0,../datasets,True,False,0.1,group_dro,0.2,0.0,0.0,False,0.01,1,False,False,False,scnn,False,5001,10000,0.001,False,0.0001,0.1,0,333,False,results/MNISTCIFAR/sv_gdro_0.75/model_outputs_333,50,10,True,False,1,5,4,0.7,metadata.csv,None,../datasets/metadata.csv,None,True,,,,pretrained_models/MNISTCIFAR/gdro_0.75_333.pth,,,,,,
MNISTCIFAR,sv_gdro_0.9,111,results/MNISTCIFAR/sv_gdro_0.9/model_outputs_111,MNISTCIFAR,confounder,False,spurious,CIFAR,['0.9'],0,False,None,None,1.0,../datasets,True,False,0.1,group_dro,0.2,0.0,0.0,False,0.01,1,False,False,False,scnn,False,5001,10000,0.001,False,0.0001,0.1,0,111,False,results/MNISTCIFAR/sv_gdro_0.9/model_outputs_111,50,10,True,False,1,5,4,0.7,metadata.csv,None,../datasets/metadata.csv,None,True,,,,pretrained_models/MNISTCIFAR/gdro_0.9_111.pth,,,,,,
MNISTCIFAR,sv_gdro_0.9,222,results/MNISTCIFAR/sv_gdro_0.9/model_outputs_222,MNISTCIFAR,confounder,False,spurious,CIFAR,['0.9'],0,False,None,None,1.0,../datasets,True,False,0.1,group_dro,0.2,0.0,0.0,False,0.01,1,False,False,False,scnn,False,5001,10000,0.001,False,0.0001,0.1,0,222,False,results/MNISTCIFAR/sv_gdro_0.9/model_outputs_222,50,10,True,False,1,5,4,0.7,metadata.csv,None,../datasets/metadata.csv,None,True,,,,pretrained_models/MNISTCIFAR/gdro_0.9_222.pth,,,,,,
MNISTCIFAR,sv_gdro_0.9,333,results/MNISTCIFAR/sv_gdro_0.9/model_outputs_333,MNISTCIFAR,confounder,False,spurious,CIFAR,['0.9'],0,False,None,None,1.0,../datasets,True,False,0.1,group_dro,0.2,0.0,0.0,False,0.01,1,False,False,False,scnn,False,5001,10000,0.001,False,0.0001,0.1,0,333,False,results/MNISTCIFAR/sv_gdro_0.9/model_outputs_333,50,10,True,False,1,5,4,0.7,metadata.csv,None,../datasets/metadata.csv,None,True,,,,pretrained_models/MNISTCIFAR/gdro_0.9_333.pth,,,,,,
MNISTCIFAR,sv_reweight_0.0,111,results/MNISTCIFAR/sv_reweight_0.0/model_outputs_111,MNISTCIFAR,confounder,False,spurious,CIFAR,['0.0'],0,False,None,None,1.0,../datasets,False,False,0.1,group_dro,0.2,0.0,0.0,False,0.01,1,False,False,False,scnn,False,5001,10000,0.001,False,0.0001,0.1,0,111,False,results/MNISTCIFAR/sv_reweight_0.0/model_outputs_111,50,10,True,False,1,5,4,0.7,metadata.csv,None,../datasets/metadata.csv,None,True,,,,pretrained_models/MNISTCIFAR/reweight_0.0_111.pth,,,,,,
MNISTCIFAR,sv_reweight_0.0,222,results/MNISTCIFAR/sv_reweight_0.0/model_outputs_222,MNISTCIFAR,confounder,False,spurious,CIFAR,['0.0'],0,False,None,None,1.0,../datasets,False,False,0.1,group_dro,0.2,0.0,0.0,False,0.01,1,False,False,False,scnn,False,5001,10000,0.001,False,0.0001,0.1,0,222,False,results/MNISTCIFAR/sv_reweight_0.0/model_outputs_222,50,10,True,False,1,5,4,0.7,metadata.csv,None,../datasets/metadata.csv,None,True,,,,pretrained_models/MNISTCIFAR/reweight_0.0_222.pth,,,,,,
MNISTCIFAR,sv_reweight_0.0,333,results/MNISTCIFAR/sv_reweight_0.0/model_outputs_333,MNISTCIFAR,confounder,False,spurious,CIFAR,['0.0'],0,False,None,None,1.0,../datasets,False,False,0.1,group_dro,0.2,0.0,0.0,False,0.01,1,False,False,False,scnn,False,5001,10000,0.001,False,0.0001,0.1,0,333,False,results/MNISTCIFAR/sv_reweight_0.0/model_outputs_333,50,10,True,False,1,5,4,0.7,metadata.csv,None,../datasets/metadata.csv,None,True,,,,pretrained_models/MNISTCIFAR/reweight_0.0_333.pth,,,,,,
MNISTCIFAR,sv_reweight_0.25,111,results/MNISTCIFAR/sv_reweight_0.25/model_outputs_111,MNISTCIFAR,confounder,False,spurious,CIFAR,['0.25'],0,False,None,None,1.0,../datasets,False,False,0.1,group_dro,0.2,0.0,0.0,False,0.01,1,False,False,False,scnn,False,5001,10000,0.001,False,0.0001,0.1,0,111,False,results/MNISTCIFAR/sv_reweight_0.25/model_outputs_111,50,10,True,False,1,5,4,0.7,metadata.csv,None,../datasets/metadata.csv,None,True,,,,pretrained_models/MNISTCIFAR/reweight_0.25_111.pth,,,,,,
MNISTCIFAR,sv_reweight_0.25,222,results/MNISTCIFAR/sv_reweight_0.25/model_outputs_222,MNISTCIFAR,confounder,False,spurious,CIFAR,['0.25'],0,False,None,None,1.0,../datasets,False,False,0.1,group_dro,0.2,0.0,0.0,False,0.01,1,False,False,False,scnn,False,5001,10000,0.001,False,0.0001,0.1,0,222,False,results/MNISTCIFAR/sv_reweight_0.25/model_outputs_222,50,10,True,False,1,5,4,0.7,metadata.csv,None,../datasets/metadata.csv,None,True,,,,pretrained_models/MNISTCIFAR/reweight_0.25_222.pth,,,,,,
MNISTCIFAR,sv_reweight_0.25,333,results/MNISTCIFAR/sv_reweight_0.25/model_outputs_333,MNISTCIFAR,confounder,False,spurious,CIFAR,['0.25'],0,False,None,None,1.0,../datasets,False,False,0.1,group_dro,0.2,0.0,0.0,False,0.01,1,False,False,False,scnn,False,5001,10000,0.001,False,0.0001,0.1,0,333,False,results/MNISTCIFAR/sv_reweight_0.25/model_outputs_333,50,10,True,False,1,5,4,0.7,metadata.csv,None,../datasets/metadata.csv,None,True,,,,pretrained_models/MNISTCIFAR/reweight_0.25_333.pth,,,,,,
MNISTCIFAR,sv_reweight_0.5,111,results/MNISTCIFAR/sv_reweight_0.5/model_outputs_111,MNISTCIFAR,confounder,False,spurious,CIFAR,['0.5'],0,False,None,None,1.0,../datasets,False,False,0.1,group_dro,0.2,0.0,0.0,False,0.01,1,False,False,False,scnn,False,5001,10000,0.001,False,0.0001,0.1,0,111,False,results/MNISTCIFAR/sv_reweight_0.5/model_outputs_111,50,10,True,False,1,5,4,0.7,metadata.csv,None,../datasets/metadata.csv,None,True,,,,pretrained_models/MNISTCIFAR/reweight_0.5_111.pth,,,,,,
MNISTCIFAR,sv_reweight_0.5,222,results/MNISTCIFAR/sv_reweight_0.5/model_outputs_222,MNISTCIFAR,confounder,False,spurious,CIFAR,['0.5'],0,False,None,None,1.0,../datasets,False,False,0.1,group_dro,0.2,0.0,0.0,False,0.01,1,False,False,False,scnn,False,5001,10000,0.001,False,0.0001,0.1,0,222,False,results/MNISTCIFAR/sv_reweight_0.5/model_outputs_222,50,10,True,False,1,5,4,0.7,metadata.csv,None,../datasets/metadata.csv,None,True,,,,pretrained_models/MNISTCIFAR/reweight_0.5_222.pth,,,,,,
MNISTCIFAR,sv_reweight_0.5,333,results/MNISTCIFAR/sv_reweight_0.5/model_outputs_333,MNISTCIFAR,confounder,False,spurious,CIFAR,['0.5'],0,False,None,None,1.0,../datasets,False,False,0.1,group_dro,0.2,0.0,0.0,False,0.01,1,False,False,False,scnn,False,5001,10000,0.001,False,0.0001,0.1,0,333,False,results/MNISTCIFAR/sv_reweight_0.5/model_outputs_333,50,10,True,False,1,5,4,0.7,metadata.csv,None,../datasets/metadata.csv,None,True,,,,pretrained_models/MNISTCIFAR/reweight_0.5_333.pth,,,,,,
MNISTCIFAR,sv_reweight_0.75,111,results/MNISTCIFAR/sv_reweight_0.75/model_outputs_111,MNISTCIFAR,confounder,False,spurious,CIFAR,['0.75'],0,False,None,None,1.0,../datasets,False,False,0.1,group_dro,0.2,0.0,0.0,False,0.01,1,False,False,False,scnn,False,5001,10000,0.001,False,0.0001,0.1,0,111,False,results/MNISTCIFAR/sv_reweight_0.75/model_outputs_111,50,10,True,False,1,5,4,0.7,metadata.csv,None,../datasets/metadata.csv,None,True,,,,pretrained_models/MNISTCIFAR/reweight_0.75_111.pth,,,,,,
MNISTCIFAR,sv_reweight_0.75,222,results/MNISTCIFAR/sv_reweight_0.75/model_outputs_222,MNISTCIFAR,confounder,False,spurious,CIFAR,['0.75'],0,False,None,None,1.0,../datasets,False,False,0.1,group_dro,0.2,0.0,0.0,False,0.01,1,False,False,False,scnn,False,5001,10000,0.001,False,0.0001,0.1,0,222,False,results/MNISTCIFAR/sv_reweight_0.75/model_outputs_222,50,10,True,False,1,5,4,0.7,metadata.csv,None,../datasets/metadata.csv,None,True,,,,pretrained_models/MNISTCIFAR/reweight_0.75_222.pth,,,,,,
MNISTCIFAR,sv_reweight_0.75,333,results/MNISTCIFAR/sv_reweight_0.75/model_outputs_333,MNISTCIFAR,confounder,False,spurious,CIFAR,['0.75'],0,False,None,None,1.0,../datasets,False,False,0.1,group_dro,0.2,0.0,0.0,False,0.01,1,False,False,False,scnn,False,5001,10000,0.001,False,0.0001,0.1,0,333,False,results/MNISTCIFAR/sv_reweight_0.75/model_outputs_333,50,10,True,False,1,5,4,0.7,metadata.csv,None,../datasets/metadata.csv,None,True,,,,pretrained_models/MNISTCIFAR/reweight_0.75_333.pth,,,,,,
MNISTCIFAR,sv_reweight_0.9,111,results/MNISTCIFAR/sv_reweight_0.9/model_outputs_111,MNISTCIFAR,confounder,False,spurious,CIFAR,['0.9'],0,False,None,None,1.0,../datasets,False,False,0.1,group_dro,0.2,0.0,0.0,False,0.01,1,False,False,False,scnn,False,5001,10000,0.001,False,0.0001,0.1,0,111,False,results/MNISTCIFAR/sv_reweight_0.9/model_outputs_111,50,10,True,False,1,5,4,0.7,metadata.csv,None,../datasets/metadata.csv,None,True,,,,pretrained_models/MNISTCIFAR/reweight_0.9_111.pth,,,,,,
MNISTCIFAR,sv_reweight_0.9,222,results/MNISTCIFAR/sv_reweight_0.9/model_outputs_222,MNISTCIFAR,confounder,False,spurious,CIFAR,['0.9'],0,False,None,None,1.0,../datasets,False,False,0.1,group_dro,0.2,0.0,0.0,False,0.01,1,False,False,False,scnn,False,5001,10000,0.001,False,0.0001,0.1,0,222,False,results/MNISTCIFAR/sv_reweight_0.9/model_outputs_222,50,10,True,False,1,5,4,0.7,metadata.csv,None,../datasets/metadata.csv,None,True,,,,pretrained_models/MNISTCIFAR/reweight_0.9_222.pth,,,,,,
MNISTCIFAR,sv_reweight_0.9,333,results/MNISTCIFAR/sv_reweight_0.9/model_outputs_333,MNISTCIFAR,confounder,False,spurious,CIFAR,['0.9'],0,False,None,None,1.0,../datasets,False,False,0.1,group_dro,0.2,0.0,0.0,False,0.01,1,False,False,False,scnn,False,5001,10000,0.001,False,0.0001,0.1,0,333,False,results/MNISTCIFAR/sv_reweight_0.9/model_outputs_333,50,10,True,False,1,5,4,0.7,metadata.csv,None,../datasets/metadata.csv,None,True,,,,pretrained_models/MNISTCIFAR/reweight_0.9_333.pth,,,,,,
MNISTCIFAR,svdrop_0.05_0.0,111,results/MNISTCIFAR/svdrop_0.05_0.0/model_outputs_111,MNISTCIFAR,confounder,False,spurious,CIFAR,['0.0'],0,False,None,None,1.0,../datasets,False,False,0.1,erm,0.2,0.0,0.05,False,0.01,1,False,False,False,scnn,False,5001,10000,0.001,False,0.0001,0.1,0,111,False,results/MNISTCIFAR/svdrop_0.05_0.0/model_outputs_111,50,10,True,False,1,5,4,0.7,metadata.csv,None,../datasets//metadata.csv,None,,,,,,,,,,,
MNISTCIFAR,svdrop_0.05_0.0,222,results/MNISTCIFAR/svdrop_0.05_0.0/model_outputs_222,MNISTCIFAR,confounder,False,spurious,CIFAR,['0.0'],0,False,None,None,1.0,../datasets,False,False,0.1,erm,0.2,0.0,0.05,False,0.01,1,False,False,False,scnn,False,5001,10000,0.001,False,0.0001,0.1,0,222,False,results/MNISTCIFAR/svdrop_0.05_0.0/model_outputs_222,50,10,True,False,1,5,4,0.7,metadata.csv,None,../datasets//metadata.csv,None,,,,,,,,,,,
MNISTCIFAR,svdrop_0.05_0.0,333,results/MNISTCIFAR/svdrop_0.05_0.0/model_outputs_333,MNISTCIFAR,confounder,False,spurious,CIFAR,['0.0'],0,False,None,None,1.0,../datasets,False,False,0.1,erm,0.2,0.0,0.05,False,0.01,1,False,False,False,scnn,False,5001,10000,0.001,False,0.0001,0.1,0,333,False,results/MNISTCIFAR/svdrop_0.05_0.0/model_outputs_333,50,10,True,False,1,5,4,0.7,metadata.csv,None,../datasets//metadata.csv,None,,,,,,,,,,,
MNISTCIFAR,svdrop_0.05_0.25,111,results/MNISTCIFAR/svdrop_0.05_0.25/model_outputs_111,MNISTCIFAR,confounder,False,spurious,CIFAR,['0.25'],0,False,None,None,1.0,../datasets,False,False,0.1,erm,0.2,0.0,0.05,False,0.01,1,False,False,False,scnn,False,5001,10000,0.001,False,0.0001,0.1,0,111,False,results/MNISTCIFAR/svdrop_0.05_0.25/model_outputs_111,50,10,True,False,1,5,4,0.7,metadata.csv,None,../datasets//metadata.csv,None,,,,,,,,,,,
MNISTCIFAR,svdrop_0.05_0.25,222,results/MNISTCIFAR/svdrop_0.05_0.25/model_outputs_222,MNISTCIFAR,confounder,False,spurious,CIFAR,['0.25'],0,False,None,None,1.0,../datasets,False,False,0.1,erm,0.2,0.0,0.05,False,0.01,1,False,False,False,scnn,False,2001,10000,0.001,False,0.0001,0.1,0,222,False,results/MNISTCIFAR/svdrop_0.05_0.25/model_outputs_222,50,10,True,False,1,5,4,0.7,metadata.csv,None,../datasets//metadata.csv,None,,,,,,,,,,,
MNISTCIFAR,svdrop_0.05_0.25,333,results/MNISTCIFAR/svdrop_0.05_0.25/model_outputs_333,MNISTCIFAR,confounder,False,spurious,CIFAR,['0.25'],0,False,None,None,1.0,../datasets,False,False,0.1,erm,0.2,0.0,0.05,False,0.01,1,False,False,False,scnn,False,2001,10000,0.001,False,0.0001,0.1,0,333,False,results/MNISTCIFAR/svdrop_0.05_0.25/model_outputs_333,50,10,True,False,1,5,4,0.7,metadata.csv,None,../datasets//metadata.csv,None,,,,,,,,,,,
MNISTCIFAR,svdrop_0.05_0.5,111,results/MNISTCIFAR/svdrop_0.05_0.5/model_outputs_111,MNISTCIFAR,confounder,False,spurious,CIFAR,['0.5'],0,False,None,None,1.0,../datasets,False,False,0.1,erm,0.2,0.0,0.05,False,0.01,1,False,False,False,scnn,False,5001,10000,0.001,False,0.0001,0.1,0,111,False,results/MNISTCIFAR/svdrop_0.05_0.5/model_outputs_111,50,10,True,False,1,5,4,0.7,metadata.csv,None,../datasets//metadata.csv,None,,,,,,,,,,,
MNISTCIFAR,svdrop_0.05_0.5,222,results/MNISTCIFAR/svdrop_0.05_0.5/model_outputs_222,MNISTCIFAR,confounder,False,spurious,CIFAR,['0.5'],0,False,None,None,1.0,../datasets,False,False,0.1,erm,0.2,0.0,0.05,False,0.01,1,False,False,False,scnn,False,2001,10000,0.001,False,0.0001,0.1,0,222,False,results/MNISTCIFAR/svdrop_0.05_0.5/model_outputs_222,50,10,True,False,1,5,4,0.7,metadata.csv,None,../datasets//metadata.csv,None,,,,,,,,,,,
MNISTCIFAR,svdrop_0.05_0.5,333,results/MNISTCIFAR/svdrop_0.05_0.5/model_outputs_333,MNISTCIFAR,confounder,False,spurious,CIFAR,['0.5'],0,False,None,None,1.0,../datasets,False,False,0.1,erm,0.2,0.0,0.05,False,0.01,1,False,False,False,scnn,False,2001,10000,0.001,False,0.0001,0.1,0,333,False,results/MNISTCIFAR/svdrop_0.05_0.5/model_outputs_333,50,10,True,False,1,5,4,0.7,metadata.csv,None,../datasets//metadata.csv,None,,,,,,,,,,,
MNISTCIFAR,svdrop_0.05_0.75,111,results/MNISTCIFAR/svdrop_0.05_0.75/model_outputs_111,MNISTCIFAR,confounder,False,spurious,CIFAR,['0.75'],0,False,None,None,1.0,../datasets,False,False,0.1,erm,0.2,0.0,0.05,False,0.01,1,False,False,False,scnn,False,5001,10000,0.001,False,0.0001,0.1,0,111,False,results/MNISTCIFAR/svdrop_0.05_0.75/model_outputs_111,50,10,True,False,1,5,4,0.7,metadata.csv,None,../datasets//metadata.csv,None,,,,,,,,,,,
MNISTCIFAR,svdrop_0.05_0.75,222,results/MNISTCIFAR/svdrop_0.05_0.75/model_outputs_222,MNISTCIFAR,confounder,False,spurious,CIFAR,['0.75'],0,False,None,None,1.0,../datasets,False,False,0.1,erm,0.2,0.0,0.05,False,0.01,1,False,False,False,scnn,False,2001,10000,0.001,False,0.0001,0.1,0,222,False,results/MNISTCIFAR/svdrop_0.05_0.75/model_outputs_222,50,10,True,False,1,5,4,0.7,metadata.csv,None,../datasets//metadata.csv,None,,,,,,,,,,,
MNISTCIFAR,svdrop_0.05_0.75,333,results/MNISTCIFAR/svdrop_0.05_0.75/model_outputs_333,MNISTCIFAR,confounder,False,spurious,CIFAR,['0.75'],0,False,None,None,1.0,../datasets,False,False,0.1,erm,0.2,0.0,0.05,False,0.01,1,False,False,False,scnn,False,2001,10000,0.001,False,0.0001,0.1,0,333,False,results/MNISTCIFAR/svdrop_0.05_0.75/model_outputs_333,50,10,True,False,1,5,4,0.7,metadata.csv,None,../datasets//metadata.csv,None,,,,,,,,,,,
MNISTCIFAR,svdrop_0.05_0.9,111,results/MNISTCIFAR/svdrop_0.05_0.9/model_outputs_111,MNISTCIFAR,confounder,False,spurious,CIFAR,['0.9'],0,False,None,None,1.0,../datasets,False,False,0.1,erm,0.2,0.0,0.05,False,0.01,1,False,False,False,scnn,False,5001,10000,0.001,False,0.0001,0.1,0,111,False,results/MNISTCIFAR/svdrop_0.05_0.9/model_outputs_111,50,10,True,False,1,5,4,0.7,metadata.csv,None,../datasets//metadata.csv,None,,,,,,,,,,,
MNISTCIFAR,svdrop_0.05_0.9,222,results/MNISTCIFAR/svdrop_0.05_0.9/model_outputs_222,MNISTCIFAR,confounder,False,spurious,CIFAR,['0.9'],0,False,None,None,1.0,../datasets,False,False,0.1,erm,0.2,0.0,0.05,False,0.01,1,False,False,False,scnn,False,2001,10000,0.001,False,0.0001,0.1,0,222,False,results/MNISTCIFAR/svdrop_0.05_0.9/model_outputs_222,50,10,True,False,1,5,4,0.7,metadata.csv,None,../datasets//metadata.csv,None,,,,,,,,,,,
MNISTCIFAR,svdrop_0.05_0.9,333,results/MNISTCIFAR/svdrop_0.05_0.9/model_outputs_333,MNISTCIFAR,confounder,False,spurious,CIFAR,['0.9'],0,False,None,None,1.0,../datasets,False,False,0.1,erm,0.2,0.0,0.05,False,0.01,1,False,False,False,scnn,False,2001,10000,0.001,False,0.0001,0.1,0,333,False,results/MNISTCIFAR/svdrop_0.05_0.9/model_outputs_333,50,10,True,False,1,5,4,0.7,metadata.csv,None,../datasets//metadata.csv,None,,,,,,,,,,,
MNISTCIFAR,svdrop_0.1_0.0,111,results/MNISTCIFAR/svdrop_0.1_0.0/model_outputs_111,MNISTCIFAR,confounder,False,spurious,CIFAR,['0.0'],0,False,None,None,1.0,../datasets,False,False,0.1,erm,0.2,0.0,0.1,False,0.01,1,False,False,False,scnn,False,2001,10000,0.001,False,0.0001,0.1,0,111,False,results/MNISTCIFAR/svdrop_0.1_0.0/model_outputs_111,50,10,True,False,1,5,4,0.7,metadata.csv,None,../datasets//metadata.csv,None,,,,,,,,,,,
MNISTCIFAR,svdrop_0.1_0.0,222,results/MNISTCIFAR/svdrop_0.1_0.0/model_outputs_222,MNISTCIFAR,confounder,False,spurious,CIFAR,['0.0'],0,False,None,None,1.0,../datasets,False,False,0.1,erm,0.2,0.0,0.1,False,0.01,1,False,False,False,scnn,False,2001,10000,0.001,False,0.0001,0.1,0,222,False,results/MNISTCIFAR/svdrop_0.1_0.0/model_outputs_222,50,10,True,False,1,5,4,0.7,metadata.csv,None,../datasets//metadata.csv,None,,,,,,,,,,,
MNISTCIFAR,svdrop_0.1_0.0,333,results/MNISTCIFAR/svdrop_0.1_0.0/model_outputs_333,MNISTCIFAR,confounder,False,spurious,CIFAR,['0.0'],0,False,None,None,1.0,../datasets,False,False,0.1,erm,0.2,0.0,0.1,False,0.01,1,False,False,False,scnn,False,2001,10000,0.001,False,0.0001,0.1,0,333,False,results/MNISTCIFAR/svdrop_0.1_0.0/model_outputs_333,50,10,True,False,1,5,4,0.7,metadata.csv,None,../datasets//metadata.csv,None,,,,,,,,,,,
MNISTCIFAR,svdrop_0.1_0.25,111,results/MNISTCIFAR/svdrop_0.1_0.25/model_outputs_111,MNISTCIFAR,confounder,False,spurious,CIFAR,['0.25'],0,False,None,None,1.0,../datasets,False,False,0.1,erm,0.2,0.0,0.1,False,0.01,1,False,False,False,scnn,False,2001,10000,0.001,False,0.0001,0.1,0,111,False,results/MNISTCIFAR/svdrop_0.1_0.25/model_outputs_111,50,10,True,False,1,5,4,0.7,metadata.csv,None,../datasets//metadata.csv,None,,,,,,,,,,,
MNISTCIFAR,svdrop_0.1_0.25,222,results/MNISTCIFAR/svdrop_0.1_0.25/model_outputs_222,MNISTCIFAR,confounder,False,spurious,CIFAR,['0.25'],0,False,None,None,1.0,../datasets,False,False,0.1,erm,0.2,0.0,0.1,False,0.01,1,False,False,False,scnn,False,2001,10000,0.001,False,0.0001,0.1,0,222,False,results/MNISTCIFAR/svdrop_0.1_0.25/model_outputs_222,50,10,True,False,1,5,4,0.7,metadata.csv,None,../datasets//metadata.csv,None,,,,,,,,,,,
MNISTCIFAR,svdrop_0.1_0.25,333,results/MNISTCIFAR/svdrop_0.1_0.25/model_outputs_333,MNISTCIFAR,confounder,False,spurious,CIFAR,['0.25'],0,False,None,None,1.0,../datasets,False,False,0.1,erm,0.2,0.0,0.1,False,0.01,1,False,False,False,scnn,False,2001,10000,0.001,False,0.0001,0.1,0,333,False,results/MNISTCIFAR/svdrop_0.1_0.25/model_outputs_333,50,10,True,False,1,5,4,0.7,metadata.csv,None,../datasets//metadata.csv,None,,,,,,,,,,,
MNISTCIFAR,svdrop_0.1_0.5,111,results/MNISTCIFAR/svdrop_0.1_0.5/model_outputs_111,MNISTCIFAR,confounder,False,spurious,CIFAR,['0.5'],0,False,None,None,1.0,../datasets,False,False,0.1,erm,0.2,0.0,0.1,False,0.01,1,False,False,False,scnn,False,2001,10000,0.001,False,0.0001,0.1,0,111,False,results/MNISTCIFAR/svdrop_0.1_0.5/model_outputs_111,50,10,True,False,1,5,4,0.7,metadata.csv,None,../datasets//metadata.csv,None,,,,,,,,,,,
MNISTCIFAR,svdrop_0.1_0.5,222,results/MNISTCIFAR/svdrop_0.1_0.5/model_outputs_222,MNISTCIFAR,confounder,False,spurious,CIFAR,['0.5'],0,False,None,None,1.0,../datasets,False,False,0.1,erm,0.2,0.0,0.1,False,0.01,1,False,False,False,scnn,False,2001,10000,0.001,False,0.0001,0.1,0,222,False,results/MNISTCIFAR/svdrop_0.1_0.5/model_outputs_222,50,10,True,False,1,5,4,0.7,metadata.csv,None,../datasets//metadata.csv,None,,,,,,,,,,,
MNISTCIFAR,svdrop_0.1_0.5,333,results/MNISTCIFAR/svdrop_0.1_0.5/model_outputs_333,MNISTCIFAR,confounder,False,spurious,CIFAR,['0.5'],0,False,None,None,1.0,../datasets,False,False,0.1,erm,0.2,0.0,0.1,False,0.01,1,False,False,False,scnn,False,2001,10000,0.001,False,0.0001,0.1,0,333,False,results/MNISTCIFAR/svdrop_0.1_0.5/model_outputs_333,50,10,True,False,1,5,4,0.7,metadata.csv,None,../datasets//metadata.csv,None,,,,,,,,,,,
MNISTCIFAR,svdrop_0.1_0.75,111,results/MNISTCIFAR/svdrop_0.1_0.75/model_outputs_111,MNISTCIFAR,confounder,False,spurious,CIFAR,['0.75'],0,False,None,None,1.0,../datasets,False,False,0.1,erm,0.2,0.0,0.1,False,0.01,1,False,False,False,scnn,False,2001,10000,0.001,False,0.0001,0.1,0,111,False,results/MNISTCIFAR/svdrop_0.1_0.75/model_outputs_111,50,10,True,False,1,5,4,0.7,metadata.csv,None,../datasets//metadata.csv,None,,,,,,,,,,,
MNISTCIFAR,svdrop_0.1_0.75,222,results/MNISTCIFAR/svdrop_0.1_0.75/model_outputs_222,MNISTCIFAR,confounder,False,spurious,CIFAR,['0.75'],0,False,None,None,1.0,../datasets,False,False,0.1,erm,0.2,0.0,0.1,False,0.01,1,False,False,False,scnn,False,2001,10000,0.001,False,0.0001,0.1,0,222,False,results/MNISTCIFAR/svdrop_0.1_0.75/model_outputs_222,50,10,True,False,1,5,4,0.7,metadata.csv,None,../datasets//metadata.csv,None,,,,,,,,,,,
MNISTCIFAR,svdrop_0.1_0.75,333,results/MNISTCIFAR/svdrop_0.1_0.75/model_outputs_333,MNISTCIFAR,confounder,False,spurious,CIFAR,['0.75'],0,False,None,None,1.0,../datasets,False,False,0.1,erm,0.2,0.0,0.1,False,0.01,1,False,False,False,scnn,False,2001,10000,0.001,False,0.0001,0.1,0,333,False,results/MNISTCIFAR/svdrop_0.1_0.75/model_outputs_333,50,10,True,False,1,5,4,0.7,metadata.csv,None,../datasets//metadata.csv,None,,,,,,,,,,,
MNISTCIFAR,svdrop_0.1_0.9,111,results/MNISTCIFAR/svdrop_0.1_0.9/model_outputs_111,MNISTCIFAR,confounder,False,spurious,CIFAR,['0.9'],0,False,None,None,1.0,../datasets,False,False,0.1,erm,0.2,0.0,0.1,False,0.01,1,False,False,False,scnn,False,2001,10000,0.001,False,0.0001,0.1,0,111,False,results/MNISTCIFAR/svdrop_0.1_0.9/model_outputs_111,50,10,True,False,1,5,4,0.7,metadata.csv,None,../datasets//metadata.csv,None,,,,,,,,,,,
MNISTCIFAR,svdrop_0.1_0.9,222,results/MNISTCIFAR/svdrop_0.1_0.9/model_outputs_222,MNISTCIFAR,confounder,False,spurious,CIFAR,['0.9'],0,False,None,None,1.0,../datasets,False,False,0.1,erm,0.2,0.0,0.1,False,0.01,1,False,False,False,scnn,False,2001,10000,0.001,False,0.0001,0.1,0,222,False,results/MNISTCIFAR/svdrop_0.1_0.9/model_outputs_222,50,10,True,False,1,5,4,0.7,metadata.csv,None,../datasets//metadata.csv,None,,,,,,,,,,,
MNISTCIFAR,svdrop_0.1_0.9,333,results/MNISTCIFAR/svdrop_0.1_0.9/model_outputs_333,MNISTCIFAR,confounder,False,spurious,CIFAR,['0.9'],0,False,None,None,1.0,../datasets,False,False,0.1,erm,0.2,0.0,0.1,False,0.01,1,False,False,False,scnn,False,2001,10000,0.001,False,0.0001,0.1,0,333,False,results/MNISTCIFAR/svdrop_0.1_0.9/model_outputs_333,50,10,True,False,1,5,4,0.7,metadata.csv,None,../datasets//metadata.csv,None,,,,,,,,,,,
MNISTCIFAR,svdrop_0.2_0.0,111,results/MNISTCIFAR/svdrop_0.2_0.0/model_outputs_111,MNISTCIFAR,confounder,False,spurious,CIFAR,['0.0'],0,False,None,None,1.0,../datasets,False,False,0.1,erm,0.2,0.0,0.2,False,0.01,1,False,False,False,scnn,False,2001,10000,0.001,False,0.0001,0.1,0,111,False,results/MNISTCIFAR/svdrop_0.2_0.0/model_outputs_111,50,10,True,False,1,5,4,0.7,metadata.csv,None,../datasets//metadata.csv,None,,,,,,,,,,,
MNISTCIFAR,svdrop_0.2_0.0,222,results/MNISTCIFAR/svdrop_0.2_0.0/model_outputs_222,MNISTCIFAR,confounder,False,spurious,CIFAR,['0.0'],0,False,None,None,1.0,../datasets,False,False,0.1,erm,0.2,0.0,0.2,False,0.01,1,False,False,False,scnn,False,2001,10000,0.001,False,0.0001,0.1,0,222,False,results/MNISTCIFAR/svdrop_0.2_0.0/model_outputs_222,50,10,True,False,1,5,4,0.7,metadata.csv,None,../datasets//metadata.csv,None,,,,,,,,,,,
MNISTCIFAR,svdrop_0.2_0.0,333,results/MNISTCIFAR/svdrop_0.2_0.0/model_outputs_333,MNISTCIFAR,confounder,False,spurious,CIFAR,['0.0'],0,False,None,None,1.0,../datasets,False,False,0.1,erm,0.2,0.0,0.2,False,0.01,1,False,False,False,scnn,False,2001,10000,0.001,False,0.0001,0.1,0,333,False,results/MNISTCIFAR/svdrop_0.2_0.0/model_outputs_333,50,10,True,False,1,5,4,0.7,metadata.csv,None,../datasets//metadata.csv,None,,,,,,,,,,,
MNISTCIFAR,svdrop_0.2_0.25,111,results/MNISTCIFAR/svdrop_0.2_0.25/model_outputs_111,MNISTCIFAR,confounder,False,spurious,CIFAR,['0.25'],0,False,None,None,1.0,../datasets,False,False,0.1,erm,0.2,0.0,0.2,False,0.01,1,False,False,False,scnn,False,2001,10000,0.001,False,0.0001,0.1,0,111,False,results/MNISTCIFAR/svdrop_0.2_0.25/model_outputs_111,50,10,True,False,1,5,4,0.7,metadata.csv,None,../datasets//metadata.csv,None,,,,,,,,,,,
MNISTCIFAR,svdrop_0.2_0.25,222,results/MNISTCIFAR/svdrop_0.2_0.25/model_outputs_222,MNISTCIFAR,confounder,False,spurious,CIFAR,['0.25'],0,False,None,None,1.0,../datasets,False,False,0.1,erm,0.2,0.0,0.2,False,0.01,1,False,False,False,scnn,False,2001,10000,0.001,False,0.0001,0.1,0,222,False,results/MNISTCIFAR/svdrop_0.2_0.25/model_outputs_222,50,10,True,False,1,5,4,0.7,metadata.csv,None,../datasets//metadata.csv,None,,,,,,,,,,,
MNISTCIFAR,svdrop_0.2_0.25,333,results/MNISTCIFAR/svdrop_0.2_0.25/model_outputs_333,MNISTCIFAR,confounder,False,spurious,CIFAR,['0.25'],0,False,None,None,1.0,../datasets,False,False,0.1,erm,0.2,0.0,0.2,False,0.01,1,False,False,False,scnn,False,2001,10000,0.001,False,0.0001,0.1,0,333,False,results/MNISTCIFAR/svdrop_0.2_0.25/model_outputs_333,50,10,True,False,1,5,4,0.7,metadata.csv,None,../datasets//metadata.csv,None,,,,,,,,,,,
MNISTCIFAR,svdrop_0.2_0.5,111,results/MNISTCIFAR/svdrop_0.2_0.5/model_outputs_111,MNISTCIFAR,confounder,False,spurious,CIFAR,['0.5'],0,False,None,None,1.0,../datasets,False,False,0.1,erm,0.2,0.0,0.2,False,0.01,1,False,False,False,scnn,False,2001,10000,0.001,False,0.0001,0.1,0,111,False,results/MNISTCIFAR/svdrop_0.2_0.5/model_outputs_111,50,10,True,False,1,5,4,0.7,metadata.csv,None,../datasets//metadata.csv,None,,,,,,,,,,,
MNISTCIFAR,svdrop_0.2_0.5,222,results/MNISTCIFAR/svdrop_0.2_0.5/model_outputs_222,MNISTCIFAR,confounder,False,spurious,CIFAR,['0.5'],0,False,None,None,1.0,../datasets,False,False,0.1,erm,0.2,0.0,0.2,False,0.01,1,False,False,False,scnn,False,2001,10000,0.001,False,0.0001,0.1,0,222,False,results/MNISTCIFAR/svdrop_0.2_0.5/model_outputs_222,50,10,True,False,1,5,4,0.7,metadata.csv,None,../datasets//metadata.csv,None,,,,,,,,,,,
MNISTCIFAR,svdrop_0.2_0.5,333,results/MNISTCIFAR/svdrop_0.2_0.5/model_outputs_333,MNISTCIFAR,confounder,False,spurious,CIFAR,['0.5'],0,False,None,None,1.0,../datasets,False,False,0.1,erm,0.2,0.0,0.2,False,0.01,1,False,False,False,scnn,False,2001,10000,0.001,False,0.0001,0.1,0,333,False,results/MNISTCIFAR/svdrop_0.2_0.5/model_outputs_333,50,10,True,False,1,5,4,0.7,metadata.csv,None,../datasets//metadata.csv,None,,,,,,,,,,,
MNISTCIFAR,svdrop_0.2_0.75,111,results/MNISTCIFAR/svdrop_0.2_0.75/model_outputs_111,MNISTCIFAR,confounder,False,spurious,CIFAR,['0.75'],0,False,None,None,1.0,../datasets,False,False,0.1,erm,0.2,0.0,0.2,False,0.01,1,False,False,False,scnn,False,2001,10000,0.001,False,0.0001,0.1,0,111,False,results/MNISTCIFAR/svdrop_0.2_0.75/model_outputs_111,50,10,True,False,1,5,4,0.7,metadata.csv,None,../datasets//metadata.csv,None,,,,,,,,,,,
MNISTCIFAR,svdrop_0.2_0.75,222,results/MNISTCIFAR/svdrop_0.2_0.75/model_outputs_222,MNISTCIFAR,confounder,False,spurious,CIFAR,['0.75'],0,False,None,None,1.0,../datasets,False,False,0.1,erm,0.2,0.0,0.2,False,0.01,1,False,False,False,scnn,False,2001,10000,0.001,False,0.0001,0.1,0,222,False,results/MNISTCIFAR/svdrop_0.2_0.75/model_outputs_222,50,10,True,False,1,5,4,0.7,metadata.csv,None,../datasets//metadata.csv,None,,,,,,,,,,,
MNISTCIFAR,svdrop_0.2_0.75,333,results/MNISTCIFAR/svdrop_0.2_0.75/model_outputs_333,MNISTCIFAR,confounder,False,spurious,CIFAR,['0.75'],0,False,None,None,1.0,../datasets,False,False,0.1,erm,0.2,0.0,0.2,False,0.01,1,False,False,False,scnn,False,2001,10000,0.001,False,0.0001,0.1,0,333,False,results/MNISTCIFAR/svdrop_0.2_0.75/model_outputs_333,50,10,True,False,1,5,4,0.7,metadata.csv,None,../datasets//metadata.csv,None,,,,,,,,,,,
MNISTCIFAR,svdrop_0.2_0.9,111,results/MNISTCIFAR/svdrop_0.2_0.9/model_outputs_111,MNISTCIFAR,confounder,False,spurious,CIFAR,['0.9'],0,False,None,None,1.0,../datasets,False,False,0.1,erm,0.2,0.0,0.2,False,0.01,1,False,False,False,scnn,False,2001,10000,0.001,False,0.0001,0.1,0,111,False,results/MNISTCIFAR/svdrop_0.2_0.9/model_outputs_111,50,10,True,False,1,5,4,0.7,metadata.csv,None,../datasets//metadata.csv,None,,,,,,,,,,,
MNISTCIFAR,svdrop_0.2_0.9,222,results/MNISTCIFAR/svdrop_0.2_0.9/model_outputs_222,MNISTCIFAR,confounder,False,spurious,CIFAR,['0.9'],0,False,None,None,1.0,../datasets,False,False,0.1,erm,0.2,0.0,0.2,False,0.01,1,False,False,False,scnn,False,2001,10000,0.001,False,0.0001,0.1,0,222,False,results/MNISTCIFAR/svdrop_0.2_0.9/model_outputs_222,50,10,True,False,1,5,4,0.7,metadata.csv,None,../datasets//metadata.csv,None,,,,,,,,,,,
MNISTCIFAR,svdrop_0.2_0.9,333,results/MNISTCIFAR/svdrop_0.2_0.9/model_outputs_333,MNISTCIFAR,confounder,False,spurious,CIFAR,['0.9'],0,False,None,None,1.0,../datasets,False,False,0.1,erm,0.2,0.0,0.2,False,0.01,1,False,False,False,scnn,False,2001,10000,0.001,False,0.0001,0.1,0,333,False,results/MNISTCIFAR/svdrop_0.2_0.9/model_outputs_333,50,10,True,False,1,5,4,0.7,metadata.csv,None,../datasets//metadata.csv,None,,,,,,,,,,,
MultiNLI,erm_0.9,111,results/MultiNLI/erm_0.9/model_outputs_111,MultiNLI,confounder,False,spurious,gold_label_random,['sentence2_has_negation'],0,False,None,None,1.0,/workspace1/araymond,False,False,0.1,erm,0.2,0.0,0.0,False,0.01,1,False,False,False,bert,False,6,32,2e-05,False,0.0,0.1,0,111,False,results/MultiNLI/erm_0.9/model_outputs_111,50,10,True,False,1,5,4,0.7,metadata.csv,None,../workspace1/araymond/multinli/data/metadata.csv,None,False,False,0,0,,0.0,1,False,1.0,1e-08,0
MultiNLI,erm_0.9,222,results/MultiNLI/erm_0.9/model_outputs_222,MultiNLI,confounder,False,spurious,gold_label_random,['sentence2_has_negation'],0,False,None,None,1.0,/workspace1/araymond,False,False,0.1,erm,0.2,0.0,0.0,False,0.01,1,False,False,False,bert,False,6,32,2e-05,False,0.0,0.1,0,222,False,results/MultiNLI/erm_0.9/model_outputs_222,50,10,True,False,1,5,4,0.7,metadata.csv,None,../workspace1/araymond/multinli/data/metadata.csv,None,False,False,0,0,,0.0,1,False,1.0,1e-08,0
MultiNLI,erm_0.9,333,results/MultiNLI/erm_0.9/model_outputs_333,MultiNLI,confounder,False,spurious,gold_label_random,['sentence2_has_negation'],0,False,None,None,1.0,/workspace1/araymond,False,False,0.1,erm,0.2,0.0,0.0,False,0.01,1,False,False,False,bert,False,6,32,2e-05,False,0.0,0.1,0,333,False,results/MultiNLI/erm_0.9/model_outputs_333,50,10,True,False,1,5,4,0.7,metadata.csv,None,../workspace1/araymond/multinli/data/metadata.csv,None,False,False,0,0,,0.0,1,False,1.0,1e-08,0
MultiNLI,erm_dfr_0.9,111,results/MultiNLI/erm_dfr_0.9/model_outputs_111,MultiNLI,confounder,False,spurious,gold_label_random,['sentence2_has_negation'],0,False,None,None,1.0,../datasets,False,False,0.1,erm,0.2,0.0,0.0,False,0.01,1,False,False,False,bert-base-uncased,False,6,32,2e-05,False,0.0,0.1,0,111,False,results/MultiNLI/dfr/model_outputs_111,50,10,True,True,1,5,4,0.7,multinli_metadata_val_as_train.csv,None,None,None,True,False,0,0,pretrained_models/MultiNLI/erm_0.9_111.pth,0.0,1,False,1.0,1e-08,0
MultiNLI,erm_dfr_0.9,222,results/MultiNLI/erm_dfr_0.9/model_outputs_222,MultiNLI,confounder,False,spurious,gold_label_random,['sentence2_has_negation'],0,False,None,None,1.0,../datasets,False,False,0.1,erm,0.2,0.0,0.0,False,0.01,1,False,False,False,bert-base-uncased,False,6,32,2e-05,False,0.0,0.1,0,222,False,results/MultiNLI/dfr/model_outputs_222,50,10,True,True,1,5,4,0.7,multinli_metadata_val_as_train.csv,None,None,None,True,False,0,0,pretrained_models/MultiNLI/erm_0.9_222.pth,0.0,1,False,1.0,1e-08,0
MultiNLI,erm_dfr_0.9,333,results/MultiNLI/erm_dfr_0.9/model_outputs_333,MultiNLI,confounder,False,spurious,gold_label_random,['sentence2_has_negation'],0,False,None,None,1.0,../datasets,False,False,0.1,erm,0.2,0.0,0.0,False,0.01,1,False,False,False,bert-base-uncased,False,6,32,2e-05,False,0.0,0.1,0,333,False,results/MultiNLI/dfr/model_outputs_333,50,10,True,True,1,5,4,0.7,multinli_metadata_val_as_train.csv,None,None,None,True,False,0,0,pretrained_models/MultiNLI/erm_0.9_333.pth,0.0,1,False,1.0,1e-08,0
MultiNLI,erm_dfr_gdro_0.9,111,results/MultiNLI/erm_dfr_gdro_0.9/model_outputs_111,MultiNLI,confounder,False,spurious,gold_label_random,['sentence2_has_negation'],0,False,None,None,1.0,../datasets,True,False,0.1,group_dro,0.2,0.0,0.0,False,0.01,1,False,False,False,bert-base-uncased,False,6,32,2e-05,False,0.0,0.1,0,111,False,results/MultiNLI/erm_gdro/model_outputs_111,50,10,True,True,1,5,4,0.7,multinli_metadata_val_as_train.csv,None,None,None,True,False,0,0,pretrained_models/MultiNLI/erm_0.9_111.pth,0.0,1,False,1.0,1e-08,0
MultiNLI,erm_dfr_gdro_0.9,222,results/MultiNLI/erm_dfr_gdro_0.9/model_outputs_222,MultiNLI,confounder,False,spurious,gold_label_random,['sentence2_has_negation'],0,False,None,None,1.0,../datasets,True,False,0.1,group_dro,0.2,0.0,0.0,False,0.01,1,False,False,False,bert-base-uncased,False,6,32,2e-05,False,0.0,0.1,0,222,False,results/MultiNLI/erm_gdro/model_outputs_222,50,10,True,True,1,5,4,0.7,multinli_metadata_val_as_train.csv,None,None,None,True,False,0,0,pretrained_models/MultiNLI/erm_0.9_222.pth,0.0,1,False,1.0,1e-08,0
MultiNLI,erm_dfr_gdro_0.9,333,results/MultiNLI/erm_dfr_gdro_0.9/model_outputs_333,MultiNLI,confounder,False,spurious,gold_label_random,['sentence2_has_negation'],0,False,None,None,1.0,../datasets,True,False,0.1,group_dro,0.2,0.0,0.0,False,0.01,1,False,False,False,bert-base-uncased,False,6,32,2e-05,False,0.0,0.1,0,333,False,results/MultiNLI/erm_gdro/model_outputs_333,50,10,True,True,1,5,4,0.7,multinli_metadata_val_as_train.csv,None,None,None,True,False,0,0,pretrained_models/MultiNLI/erm_0.9_333.pth,0.0,1,False,1.0,1e-08,0
MultiNLI,erm_dfr_rw_0.9,111,results/MultiNLI/erm_dfr_rw_0.9/model_outputs_111,MultiNLI,confounder,False,spurious,gold_label_random,['sentence2_has_negation'],0,False,None,None,1.0,../datasets,True,False,0.1,erm,0.2,0.0,0.0,False,0.01,1,False,False,False,bert-base-uncased,False,6,32,2e-05,False,0.0,0.1,0,111,False,results/MultiNLI/erm_rw/model_outputs_111,50,10,True,True,1,5,4,0.7,multinli_metadata_val_as_train.csv,None,None,None,True,False,0,0,pretrained_models/MultiNLI/erm_0.9_111.pth,0.0,1,False,1.0,1e-08,0
MultiNLI,erm_dfr_rw_0.9,222,results/MultiNLI/erm_dfr_rw_0.9/model_outputs_222,MultiNLI,confounder,False,spurious,gold_label_random,['sentence2_has_negation'],0,False,None,None,1.0,../datasets,True,False,0.1,erm,0.2,0.0,0.0,False,0.01,1,False,False,False,bert-base-uncased,False,6,32,2e-05,False,0.0,0.1,0,222,False,results/MultiNLI/erm_rw/model_outputs_222,50,10,True,True,1,5,4,0.7,multinli_metadata_val_as_train.csv,None,None,None,True,False,0,0,pretrained_models/MultiNLI/erm_0.9_222.pth,0.0,1,False,1.0,1e-08,0
MultiNLI,erm_dfr_rw_0.9,333,results/MultiNLI/erm_dfr_rw_0.9/model_outputs_333,MultiNLI,confounder,False,spurious,gold_label_random,['sentence2_has_negation'],0,False,None,None,1.0,../datasets,True,False,0.1,erm,0.2,0.0,0.0,False,0.01,1,False,False,False,bert-base-uncased,False,6,32,2e-05,False,0.0,0.1,0,333,False,results/MultiNLI/erm_rw/model_outputs_333,50,10,True,True,1,5,4,0.7,multinli_metadata_val_as_train.csv,None,None,None,True,False,0,0,pretrained_models/MultiNLI/erm_0.9_333.pth,0.0,1,False,1.0,1e-08,0
MultiNLI,erm_gdro_0.9,111,results/MultiNLI/erm_gdro_0.9/model_outputs_111,MultiNLI,confounder,False,spurious,gold_label_random,['sentence2_has_negation'],0,False,None,None,1.0,../datasets,True,False,0.1,group_dro,0.2,0.0,0.0,False,0.01,1,False,False,False,bert-base-uncased,False,5,32,2e-05,False,0.1,0.1,0,111,False,results/MultiNLI/erm_gdro_0.9/model_outputs_111,50,10,True,True,1,5,4,0.7,metadata.csv,None,None,None,True,False,0,0,pretrained_models/MultiNLI/erm_0.9_111.pth,0.0,1,False,1.0,1e-08,0
MultiNLI,erm_gdro_0.9,222,results/MultiNLI/erm_gdro_0.9/model_outputs_222,MultiNLI,confounder,False,spurious,gold_label_random,['sentence2_has_negation'],0,False,None,None,1.0,../datasets,True,False,0.1,group_dro,0.2,0.0,0.0,False,0.01,1,False,False,False,bert-base-uncased,False,5,32,2e-05,False,0.1,0.1,0,222,False,results/MultiNLI/erm_gdro_0.9/model_outputs_222,50,10,True,True,1,5,4,0.7,metadata.csv,None,None,None,True,False,0,0,pretrained_models/MultiNLI/erm_0.9_222.pth,0.0,1,False,1.0,1e-08,0
MultiNLI,erm_gdro_0.9,333,results/MultiNLI/erm_gdro_0.9/model_outputs_333,MultiNLI,confounder,False,spurious,gold_label_random,['sentence2_has_negation'],0,False,None,None,1.0,../datasets,True,False,0.1,group_dro,0.2,0.0,0.0,False,0.01,1,False,False,False,bert-base-uncased,False,5,32,2e-05,False,0.1,0.1,0,333,False,results/MultiNLI/erm_gdro_0.9/model_outputs_333,50,10,True,True,1,5,4,0.7,metadata.csv,None,None,None,True,False,0,0,pretrained_models/MultiNLI/erm_0.9_333.pth,0.0,1,False,1.0,1e-08,0
MultiNLI,erm_rw_0.9,111,results/MultiNLI/erm_rw_0.9/model_outputs_111,MultiNLI,confounder,False,spurious,gold_label_random,['sentence2_has_negation'],0,False,None,None,1.0,../datasets,True,False,0.1,erm,0.2,0.0,0.0,False,0.01,1,False,False,False,bert-base-uncased,False,5,32,2e-05,False,0.1,0.1,0,111,False,results/MultiNLI/erm_rw_0.9/model_outputs_111,50,10,True,True,1,5,4,0.7,metadata.csv,None,None,None,True,False,0,0,pretrained_models/MultiNLI/erm_0.9_111.pth,0.0,1,False,1.0,1e-08,0
MultiNLI,erm_rw_0.9,222,results/MultiNLI/erm_rw_0.9/model_outputs_222,MultiNLI,confounder,False,spurious,gold_label_random,['sentence2_has_negation'],0,False,None,None,1.0,../datasets,True,False,0.1,erm,0.2,0.0,0.0,False,0.01,1,False,False,False,bert-base-uncased,False,5,32,2e-05,False,0.1,0.1,0,222,False,results/MultiNLI/erm_rw_0.9/model_outputs_222,50,10,True,True,1,5,4,0.7,metadata.csv,None,None,None,True,False,0,0,pretrained_models/MultiNLI/erm_0.9_222.pth,0.0,1,False,1.0,1e-08,0
MultiNLI,erm_rw_0.9,333,results/MultiNLI/erm_rw_0.9/model_outputs_333,MultiNLI,confounder,False,spurious,gold_label_random,['sentence2_has_negation'],0,False,None,None,1.0,../datasets,True,False,0.1,erm,0.2,0.0,0.0,False,0.01,1,False,False,False,bert-base-uncased,False,5,32,2e-05,False,0.1,0.1,0,333,False,results/MultiNLI/erm_rw_0.9/model_outputs_333,50,10,True,True,1,5,4,0.7,metadata.csv,None,None,None,True,False,0,0,pretrained_models/MultiNLI/erm_0.9_333.pth,0.0,1,False,1.0,1e-08,0
MultiNLI,gdro_0.9,111,results/MultiNLI/gdro_0.9/model_outputs_111,MultiNLI,confounder,False,spurious,gold_label_random,['sentence2_has_negation'],0,False,None,None,1.0,/workspace1/araymond,True,False,0.1,group_dro,0.2,0.0,0.0,False,0.01,1,False,False,False,bert,False,6,32,2e-05,False,0.0,0.1,0,111,False,results/MultiNLI/gdro_0.9/model_outputs_111,50,10,True,False,1,5,4,0.7,metadata.csv,None,../workspace1/araymond/multinli/data/metadata.csv,None,False,False,0,0,,0.0,1,False,1.0,1e-08,0
MultiNLI,gdro_0.9,222,results/MultiNLI/gdro_0.9/model_outputs_222,MultiNLI,confounder,False,spurious,gold_label_random,['sentence2_has_negation'],0,False,None,None,1.0,/workspace1/araymond,True,False,0.1,group_dro,0.2,0.0,0.0,False,0.01,1,False,False,False,bert,False,6,32,2e-05,False,0.0,0.1,0,222,False,results/MultiNLI/gdro_0.9/model_outputs_222,50,10,True,False,1,5,4,0.7,metadata.csv,None,../workspace1/araymond/multinli/data/metadata.csv,None,False,False,0,0,,0.0,1,False,1.0,1e-08,0
MultiNLI,gdro_0.9,333,results/MultiNLI/gdro_0.9/model_outputs_333,MultiNLI,confounder,False,spurious,gold_label_random,['sentence2_has_negation'],0,False,None,None,1.0,/workspace1/araymond,True,False,0.1,group_dro,0.2,0.0,0.0,False,0.01,1,False,False,False,bert,False,6,32,2e-05,False,0.0,0.1,0,333,False,results/MultiNLI/gdro_0.9/model_outputs_333,50,10,True,False,1,5,4,0.7,metadata.csv,None,../workspace1/araymond/multinli/data/metadata.csv,None,False,False,0,0,,0.0,1,False,1.0,1e-08,0
MultiNLI,rw_erm_0.9,111,results/MultiNLI/rw_erm_0.9/model_outputs_111,MultiNLI,confounder,False,spurious,gold_label_random,['sentence2_has_negation'],0,False,None,None,1.0,/workspace1/araymond,True,False,0.1,erm,0.2,0.0,0.0,False,0.01,1,False,False,False,bert,False,6,32,2e-05,False,0.0,0.1,0,111,False,results/MultiNLI/rw_0.9/model_outputs_111,50,10,True,False,1,5,4,0.7,metadata.csv,None,../workspace1/araymond/multinli/data/metadata.csv,None,False,False,0,0,,0.0,1,False,1.0,1e-08,0
MultiNLI,rw_erm_0.9,222,results/MultiNLI/rw_erm_0.9/model_outputs_222,MultiNLI,confounder,False,spurious,gold_label_random,['sentence2_has_negation'],0,False,None,None,1.0,/workspace1/araymond,True,False,0.1,erm,0.2,0.0,0.0,False,0.01,1,False,False,False,bert,False,6,32,2e-05,False,0.0,0.1,0,222,False,results/MultiNLI/rw_0.9/model_outputs_222,50,10,True,False,1,5,4,0.7,metadata.csv,None,../workspace1/araymond/multinli/data/metadata.csv,None,False,False,0,0,,0.0,1,False,1.0,1e-08,0
MultiNLI,rw_erm_0.9,333,results/MultiNLI/rw_erm_0.9/model_outputs_333,MultiNLI,confounder,False,spurious,gold_label_random,['sentence2_has_negation'],0,False,None,None,1.0,/workspace1/araymond,True,False,0.1,erm,0.2,0.0,0.0,False,0.01,1,False,False,False,bert,False,6,32,2e-05,False,0.0,0.1,0,333,False,results/MultiNLI/rw_0.9/model_outputs_333,50,10,True,False,1,5,4,0.7,metadata.csv,None,../workspace1/araymond/multinli/data/metadata.csv,None,False,False,0,0,,0.0,1,False,1.0,1e-08,0
civilcomments,erm_0.9,111,results/civilcomments/erm_0.9/model_outputs_111,jigsaw,confounder,False,spurious,toxicity,['identity_any'],0,False,None,None,1.0,../datasets,False,False,0.1,erm,0.2,0.0,0.0,False,0.01,1,False,False,False,bert-base-uncased,False,5,16,1e-05,False,0.01,0.1,0,111,False,results/civilcomments/erm/model_outputs_111,50,10,True,True,1,5,4,0.7,all_data_with_identities.csv,None,None,None,False,False,0,0,,0.0,1,False,1.0,1e-08,0
civilcomments,erm_0.9,222,results/civilcomments/erm_0.9/model_outputs_222,jigsaw,confounder,False,spurious,toxicity,['identity_any'],0,False,None,None,1.0,../datasets,False,False,0.1,erm,0.2,0.0,0.0,False,0.01,1,False,False,False,bert-base-uncased,False,5,16,1e-05,False,0.01,0.1,0,222,False,results/civilcomments/erm/model_outputs_222,50,10,True,True,1,5,4,0.7,all_data_with_identities.csv,None,None,None,False,False,0,0,,0.0,1,False,1.0,1e-08,0
civilcomments,erm_0.9,333,results/civilcomments/erm_0.9/model_outputs_333,jigsaw,confounder,False,spurious,toxicity,['identity_any'],0,False,None,None,1.0,../datasets,False,False,0.1,erm,0.2,0.0,0.0,False,0.01,1,False,False,False,bert-base-uncased,False,5,16,1e-05,False,0.01,0.1,0,333,False,results/civilcomments/erm/model_outputs_333,50,10,True,True,1,5,4,0.7,all_data_with_identities.csv,None,None,None,False,False,0,0,,0.0,1,False,1.0,1e-08,0
civilcomments,erm_dfr_0.9,111,results/civilcomments/erm_dfr_0.9/model_outputs_111,jigsaw,confounder,False,spurious,toxicity,['identity_any'],0,False,None,None,1.0,../datasets,False,False,0.1,erm,0.2,0.0,0.0,False,0.01,1,False,False,False,bert-base-uncased,False,6,16,1e-05,False,0.01,0.1,0,111,False,results/civilcomments/dfr/model_outputs_111,50,10,True,True,1,5,4,0.7,dfr/metadata_val_as_train.csv,None,None,None,True,False,0,0,pretrained_models/civilcomments/erm_0.9_111.pth,0.0,1,False,1.0,1e-08,0
civilcomments,erm_dfr_0.9,222,results/civilcomments/erm_dfr_0.9/model_outputs_222,jigsaw,confounder,False,spurious,toxicity,['identity_any'],0,False,None,None,1.0,../datasets,False,False,0.1,erm,0.2,0.0,0.0,False,0.01,1,False,False,False,bert-base-uncased,False,6,16,1e-05,False,0.01,0.1,0,222,False,results/civilcomments/dfr/model_outputs_222,50,10,True,True,1,5,4,0.7,dfr/metadata_val_as_train.csv,None,None,None,True,False,0,0,pretrained_models/civilcomments/erm_0.9_222.pth,0.0,1,False,1.0,1e-08,0
civilcomments,erm_dfr_0.9,333,results/civilcomments/erm_dfr_0.9/model_outputs_333,jigsaw,confounder,False,spurious,toxicity,['identity_any'],0,False,None,None,1.0,../datasets,False,False,0.1,erm,0.2,0.0,0.0,False,0.01,1,False,False,False,bert-base-uncased,False,6,16,1e-05,False,0.01,0.1,0,333,False,results/civilcomments/dfr/model_outputs_333,50,10,True,True,1,5,4,0.7,dfr/metadata_val_as_train.csv,None,None,None,True,False,0,0,pretrained_models/civilcomments/erm_0.9_333.pth,0.0,1,False,1.0,1e-08,0
civilcomments,erm_dfr_gdro_0.9,111,results/civilcomments/erm_dfr_gdro_0.9/model_outputs_111,jigsaw,confounder,False,spurious,toxicity,['identity_any'],0,False,None,None,1.0,../datasets,True,False,0.1,group_dro,0.2,0.0,0.0,False,0.01,1,False,False,False,bert-base-uncased,False,6,16,1e-05,False,0.01,0.1,0,111,False,results/civilcomments/erm_dfr_gdro_0.9/model_outputs_111,50,10,True,True,1,5,4,0.7,dfr/metadata_val_as_train.csv,None,None,None,True,False,0,0,pretrained_models/civilcomments/erm_0.9_111.pth,0.0,1,False,1.0,1e-08,0
civilcomments,erm_dfr_gdro_0.9,222,results/civilcomments/erm_dfr_gdro_0.9/model_outputs_222,jigsaw,confounder,False,spurious,toxicity,['identity_any'],0,False,None,None,1.0,../datasets,True,False,0.1,group_dro,0.2,0.0,0.0,False,0.01,1,False,False,False,bert-base-uncased,False,6,16,1e-05,False,0.01,0.1,0,222,False,results/civilcomments/erm_dfr_gdro_0.9/model_outputs_222,50,10,True,True,1,5,4,0.7,dfr/metadata_val_as_train.csv,None,None,None,True,False,0,0,pretrained_models/civilcomments/erm_0.9_222.pth,0.0,1,False,1.0,1e-08,0
civilcomments,erm_dfr_gdro_0.9,333,results/civilcomments/erm_dfr_gdro_0.9/model_outputs_333,jigsaw,confounder,False,spurious,toxicity,['identity_any'],0,False,None,None,1.0,../datasets,True,False,0.1,group_dro,0.2,0.0,0.0,False,0.01,1,False,False,False,bert-base-uncased,False,6,16,1e-05,False,0.01,0.1,0,333,False,results/civilcomments/erm_dfr_gdro_0.9/model_outputs_333,50,10,True,True,1,5,4,0.7,dfr/metadata_val_as_train.csv,None,None,None,True,False,0,0,pretrained_models/civilcomments/erm_0.9_333.pth,0.0,1,False,1.0,1e-08,0
civilcomments,erm_dfr_rw_0.9,111,results/civilcomments/erm_dfr_rw_0.9/model_outputs_111,jigsaw,confounder,False,spurious,toxicity,['identity_any'],0,False,None,None,1.0,../datasets,True,False,0.1,erm,0.2,0.0,0.0,False,0.01,1,False,False,False,bert-base-uncased,False,6,16,1e-05,False,0.01,0.1,0,111,False,results/civilcomments/erm_dfr_rw_0.9/model_outputs_111,50,10,True,True,1,5,4,0.7,dfr/metadata_val_as_train.csv,None,None,None,True,False,0,0,pretrained_models/civilcomments/erm_0.9_111.pth,0.0,1,False,1.0,1e-08,0
civilcomments,erm_dfr_rw_0.9,222,results/civilcomments/erm_dfr_rw_0.9/model_outputs_222,jigsaw,confounder,False,spurious,toxicity,['identity_any'],0,False,None,None,1.0,../datasets,True,False,0.1,erm,0.2,0.0,0.0,False,0.01,1,False,False,False,bert-base-uncased,False,6,16,1e-05,False,0.01,0.1,0,222,False,results/civilcomments/erm_dfr_rw_0.9/model_outputs_222,50,10,True,True,1,5,4,0.7,dfr/metadata_val_as_train.csv,None,None,None,True,False,0,0,pretrained_models/civilcomments/erm_0.9_222.pth,0.0,1,False,1.0,1e-08,0
civilcomments,erm_dfr_rw_0.9,333,results/civilcomments/erm_dfr_rw_0.9/model_outputs_333,jigsaw,confounder,False,spurious,toxicity,['identity_any'],0,False,None,None,1.0,../datasets,True,False,0.1,erm,0.2,0.0,0.0,False,0.01,1,False,False,False,bert-base-uncased,False,6,16,1e-05,False,0.01,0.1,0,333,False,results/civilcomments/erm_dfr_rw_0.9/model_outputs_333,50,10,True,True,1,5,4,0.7,dfr/metadata_val_as_train.csv,None,None,None,True,False,0,0,pretrained_models/civilcomments/erm_0.9_333.pth,0.0,1,False,1.0,1e-08,0
civilcomments,erm_gdro_0.9,111,results/civilcomments/erm_gdro_0.9/model_outputs_111,jigsaw,confounder,False,spurious,toxicity,['identity_any'],0,False,None,None,1.0,../datasets,True,False,0.1,group_dro,0.2,0.0,0.0,False,0.01,1,False,False,False,bert-base-uncased,False,5,16,1e-05,False,0.01,0.1,0,111,False,results/civilcomments/erm_gdro_0.9/model_outputs_111,50,10,True,True,1,5,4,0.7,all_data_with_identities.csv,None,None,None,True,False,0,0,pretrained_models/civilcomments/erm_0.9_111.pth,0.0,1,False,1.0,1e-08,0
civilcomments,erm_gdro_0.9,222,results/civilcomments/erm_gdro_0.9/model_outputs_222,jigsaw,confounder,False,spurious,toxicity,['identity_any'],0,False,None,None,1.0,../datasets,True,False,0.1,group_dro,0.2,0.0,0.0,False,0.01,1,False,False,False,bert-base-uncased,False,5,16,1e-05,False,0.01,0.1,0,222,False,results/civilcomments/erm_gdro_0.9/model_outputs_222,50,10,True,True,1,5,4,0.7,all_data_with_identities.csv,None,None,None,True,False,0,0,pretrained_models/civilcomments/erm_0.9_222.pth,0.0,1,False,1.0,1e-08,0
civilcomments,erm_gdro_0.9,333,results/civilcomments/erm_gdro_0.9/model_outputs_333,jigsaw,confounder,False,spurious,toxicity,['identity_any'],0,False,None,None,1.0,../datasets,True,False,0.1,group_dro,0.2,0.0,0.0,False,0.01,1,False,False,False,bert-base-uncased,False,5,16,1e-05,False,0.01,0.1,0,333,False,results/civilcomments/erm_gdro_0.9/model_outputs_333,50,10,True,True,1,5,4,0.7,all_data_with_identities.csv,None,None,None,True,False,0,0,pretrained_models/civilcomments/erm_0.9_333.pth,0.0,1,False,1.0,1e-08,0
civilcomments,erm_rw_0.9,111,results/civilcomments/erm_rw_0.9/model_outputs_111,jigsaw,confounder,False,spurious,toxicity,['identity_any'],0,False,None,None,1.0,../datasets,True,False,0.1,erm,0.2,0.0,0.0,False,0.01,1,False,False,False,bert-base-uncased,False,5,16,1e-05,False,0.01,0.1,0,111,False,results/civilcomments/erm_rw_0.9/model_outputs_111,50,10,True,True,1,5,4,0.7,all_data_with_identities.csv,None,None,None,True,False,0,0,pretrained_models/civilcomments/erm_0.9_111.pth,0.0,1,False,1.0,1e-08,0
civilcomments,erm_rw_0.9,222,results/civilcomments/erm_rw_0.9/model_outputs_222,jigsaw,confounder,False,spurious,toxicity,['identity_any'],0,False,None,None,1.0,../datasets,True,False,0.1,erm,0.2,0.0,0.0,False,0.01,1,False,False,False,bert-base-uncased,False,5,16,1e-05,False,0.01,0.1,0,222,False,results/civilcomments/erm_rw_0.9/model_outputs_222,50,10,True,True,1,5,4,0.7,all_data_with_identities.csv,None,None,None,True,False,0,0,pretrained_models/civilcomments/erm_0.9_222.pth,0.0,1,False,1.0,1e-08,0
civilcomments,erm_rw_0.9,333,results/civilcomments/erm_rw_0.9/model_outputs_333,jigsaw,confounder,False,spurious,toxicity,['identity_any'],0,False,None,None,1.0,../datasets,True,False,0.1,erm,0.2,0.0,0.0,False,0.01,1,False,False,False,bert-base-uncased,False,5,16,1e-05,False,0.01,0.1,0,333,False,results/civilcomments/erm_rw_0.9/model_outputs_333,50,10,True,True,1,5,4,0.7,all_data_with_identities.csv,None,None,None,True,False,0,0,pretrained_models/civilcomments/erm_0.9_333.pth,0.0,1,False,1.0,1e-08,0
civilcomments,gdro_0.9,111,results/civilcomments/gdro_0.9/model_outputs_111,jigsaw,confounder,False,spurious,toxicity,['identity_any'],0,False,None,None,1.0,../datasets,True,False,0.1,group_dro,0.2,0.0,0.0,False,0.01,1,False,False,False,bert-base-uncased,False,5,16,1e-05,False,0.01,0.1,0,111,False,results/civilcomments/gdro_0.9/model_outputs_111,50,10,True,True,1,5,4,0.7,all_data_with_identities.csv,None,None,None,False,False,0,0,,0.0,1,False,1.0,1e-08,0
civilcomments,gdro_0.9,222,results/civilcomments/gdro_0.9/model_outputs_222,jigsaw,confounder,False,spurious,toxicity,['identity_any'],0,False,None,None,1.0,../datasets,True,False,0.1,group_dro,0.2,0.0,0.0,False,0.01,1,False,False,False,bert-base-uncased,False,5,16,1e-05,False,0.01,0.1,0,222,False,results/civilcomments/gdro_0.9/model_outputs_222,50,10,True,True,1,5,4,0.7,all_data_with_identities.csv,None,None,None,False,False,0,0,,0.0,1,False,1.0,1e-08,0
civilcomments,gdro_0.9,333,results/civilcomments/gdro_0.9/model_outputs_333,jigsaw,confounder,False,spurious,toxicity,['identity_any'],0,False,None,None,1.0,../datasets,True,False,0.1,group_dro,0.2,0.0,0.0,False,0.01,1,False,False,False,bert-base-uncased,False,5,16,1e-05,False,0.01,0.1,0,333,False,results/civilcomments/gdro_0.9/model_outputs_333,50,10,True,True,1,5,4,0.7,all_data_with_identities.csv,None,None,None,False,False,0,0,,0.0,1,False,1.0,1e-08,0
civilcomments,rw_erm_0.9,111,results/civilcomments/rw_erm_0.9/model_outputs_111,jigsaw,confounder,False,spurious,toxicity,['identity_any'],0,False,None,None,1.0,../datasets,True,False,0.1,erm,0.2,0.0,0.0,False,0.01,1,False,False,False,bert-base-uncased,False,5,16,1e-05,False,0.01,0.1,0,111,False,results/civilcomments/rw_0.9/model_outputs_111,50,10,True,True,1,5,4,0.7,all_data_with_identities.csv,None,None,None,False,False,0,0,,0.0,1,False,1.0,1e-08,0
civilcomments,rw_erm_0.9,222,results/civilcomments/rw_erm_0.9/model_outputs_222,jigsaw,confounder,False,spurious,toxicity,['identity_any'],0,False,None,None,1.0,../datasets,True,False,0.1,erm,0.2,0.0,0.0,False,0.01,1,False,False,False,bert-base-uncased,False,5,16,1e-05,False,0.01,0.1,0,222,False,results/civilcomments/rw_0.9/model_outputs_222,50,10,True,True,1,5,4,0.7,all_data_with_identities.csv,None,None,None,False,False,0,0,,0.0,1,False,1.0,1e-08,0
civilcomments,rw_erm_0.9,333,results/civilcomments/rw_erm_0.9/model_outputs_333,jigsaw,confounder,False,spurious,toxicity,['identity_any'],0,False,None,None,1.0,../datasets,True,False,0.1,erm,0.2,0.0,0.0,False,0.01,1,False,False,False,bert-base-uncased,False,5,16,1e-05,False,0.01,0.1,0,333,False,results/civilcomments/rw_0.9/model_outputs_333,50,10,True,True,1,5,4,0.7,all_data_with_identities.csv,None,None,None,False,False,0,0,,0.0,1,False,1.0,1e-08,0
