dataset,old_run,seed,canonical,method,feat_src,head,c,src,bal,frac,wd,lr,n_epochs,batch_size,bn,unfreeze,restart,metadata_csv,pretrained,code_version,path
CUB,erm_50,111,e2e.erm__c-50__bal-none__frac-1.0__wd-0.0001__lr-0.001__ep-301,e2e.erm,,erm,50,,none,1.0,0.0001,0.001,301,64,n/a,,,metadata.csv,,pre-normalize,results/CUB/erm_50/model_outputs_111
CUB,erm_50,222,e2e.erm__c-50__bal-none__frac-1.0__wd-0.0001__lr-0.001__ep-301,e2e.erm,,erm,50,,none,1.0,0.0001,0.001,301,64,n/a,,,metadata.csv,,pre-normalize,results/CUB/erm_50/model_outputs_222
CUB,erm_50,333,e2e.erm__c-50__bal-none__frac-1.0__wd-0.0001__lr-0.001__ep-301,e2e.erm,,erm,50,,none,1.0,0.0001,0.001,301,64,n/a,,,metadata.csv,,pre-normalize,results/CUB/erm_50/model_outputs_333
CUB,erm_625,111,e2e.erm__c-625__bal-none__frac-1.0__wd-0.0001__lr-0.001__ep-301,e2e.erm,,erm,625,,none,1.0,0.0001,0.001,301,64,n/a,,,metadata.csv,,pre-normalize,results/CUB/erm_625/model_outputs_111
CUB,erm_625,222,e2e.erm__c-625__bal-none__frac-1.0__wd-0.0001__lr-0.001__ep-301,e2e.erm,,erm,625,,none,1.0,0.0001,0.001,301,64,n/a,,,metadata.csv,,pre-normalize,results/CUB/erm_625/model_outputs_222
CUB,erm_625,333,e2e.erm__c-625__bal-none__frac-1.0__wd-0.0001__lr-0.001__ep-301,e2e.erm,,erm,625,,none,1.0,0.0001,0.001,301,64,n/a,,,metadata.csv,,pre-normalize,results/CUB/erm_625/model_outputs_333
CUB,erm_75,111,e2e.erm__c-75__bal-none__frac-1.0__wd-0.0001__lr-0.001__ep-301,e2e.erm,,erm,75,,none,1.0,0.0001,0.001,301,64,n/a,,,metadata.csv,,pre-normalize,results/CUB/erm_75/model_outputs_111
CUB,erm_75,222,e2e.erm__c-75__bal-none__frac-1.0__wd-0.0001__lr-0.001__ep-301,e2e.erm,,erm,75,,none,1.0,0.0001,0.001,301,64,n/a,,,metadata.csv,,pre-normalize,results/CUB/erm_75/model_outputs_222
CUB,erm_75,333,e2e.erm__c-75__bal-none__frac-1.0__wd-0.0001__lr-0.001__ep-301,e2e.erm,,erm,75,,none,1.0,0.0001,0.001,301,64,n/a,,,metadata.csv,,pre-normalize,results/CUB/erm_75/model_outputs_333
CUB,erm_875,111,e2e.erm__c-875__bal-none__frac-1.0__wd-0.0001__lr-0.001__ep-301,e2e.erm,,erm,875,,none,1.0,0.0001,0.001,301,64,n/a,,,metadata.csv,,pre-normalize,results/CUB/erm_875/model_outputs_111
CUB,erm_875,222,e2e.erm__c-875__bal-none__frac-1.0__wd-0.0001__lr-0.001__ep-301,e2e.erm,,erm,875,,none,1.0,0.0001,0.001,301,64,n/a,,,metadata.csv,,pre-normalize,results/CUB/erm_875/model_outputs_222
CUB,erm_875,333,e2e.erm__c-875__bal-none__frac-1.0__wd-0.0001__lr-0.001__ep-301,e2e.erm,,erm,875,,none,1.0,0.0001,0.001,301,64,n/a,,,metadata.csv,,pre-normalize,results/CUB/erm_875/model_outputs_333
CUB,erm_95,111,e2e.erm__c-95__bal-none__frac-1.0__wd-0.0001__lr-0.001__ep-301,e2e.erm,,erm,95,,none,1.0,0.0001,0.001,301,64,n/a,,,metadata.csv,,pre-normalize,results/CUB/erm_95/model_outputs_111
CUB,erm_95,222,e2e.erm__c-95__bal-none__frac-1.0__wd-0.0001__lr-0.001__ep-301,e2e.erm,,erm,95,,none,1.0,0.0001,0.001,301,64,n/a,,,metadata.csv,,pre-normalize,results/CUB/erm_95/model_outputs_222
CUB,erm_95,333,e2e.erm__c-95__bal-none__frac-1.0__wd-0.0001__lr-0.001__ep-301,e2e.erm,,erm,95,,none,1.0,0.0001,0.001,301,64,n/a,,,metadata.csv,,pre-normalize,results/CUB/erm_95/model_outputs_333
CUB,erm_dfr_2_50,111,ft.erm.erm__c-50__src-train__bal-sub__frac-1.0__wd-0.0001__lr-0.0001__ep-301__bn-train,ft.erm.erm,erm,erm,50,train,sub,1.0,0.0001,0.0001,301,64,train,0,0,metadata_dfr.csv,pretrained_models/CUB/erm_50_111.pth,current,results/CUB/erm_dfr_2_50/model_outputs_111
CUB,erm_dfr_2_50,222,ft.erm.erm__c-50__src-train__bal-sub__frac-1.0__wd-0.0001__lr-0.0001__ep-301__bn-train,ft.erm.erm,erm,erm,50,train,sub,1.0,0.0001,0.0001,301,64,train,0,0,metadata_dfr.csv,pretrained_models/CUB/erm_50_222.pth,current,results/CUB/erm_dfr_2_50/model_outputs_222
CUB,erm_dfr_2_50,333,ft.erm.erm__c-50__src-train__bal-sub__frac-1.0__wd-0.0001__lr-0.0001__ep-301__bn-train,ft.erm.erm,erm,erm,50,train,sub,1.0,0.0001,0.0001,301,64,train,0,0,metadata_dfr.csv,pretrained_models/CUB/erm_50_333.pth,current,results/CUB/erm_dfr_2_50/model_outputs_333
CUB,erm_dfr_2_625,111,ft.erm.erm__c-625__src-train__bal-sub__frac-1.0__wd-0.0001__lr-0.0001__ep-301__bn-train,ft.erm.erm,erm,erm,625,train,sub,1.0,0.0001,0.0001,301,64,train,0,0,metadata_dfr.csv,pretrained_models/CUB/erm_625_111.pth,current,results/CUB/erm_dfr_2_625/model_outputs_111
CUB,erm_dfr_2_625,222,ft.erm.erm__c-625__src-train__bal-sub__frac-1.0__wd-0.0001__lr-0.0001__ep-301__bn-train,ft.erm.erm,erm,erm,625,train,sub,1.0,0.0001,0.0001,301,64,train,0,0,metadata_dfr.csv,pretrained_models/CUB/erm_625_222.pth,current,results/CUB/erm_dfr_2_625/model_outputs_222
CUB,erm_dfr_2_625,333,ft.erm.erm__c-625__src-train__bal-sub__frac-1.0__wd-0.0001__lr-0.0001__ep-301__bn-train,ft.erm.erm,erm,erm,625,train,sub,1.0,0.0001,0.0001,301,64,train,0,0,metadata_dfr.csv,pretrained_models/CUB/erm_625_333.pth,current,results/CUB/erm_dfr_2_625/model_outputs_333
CUB,erm_dfr_2_75,111,ft.erm.erm__c-75__src-train__bal-sub__frac-1.0__wd-0.0001__lr-0.0001__ep-301__bn-train,ft.erm.erm,erm,erm,75,train,sub,1.0,0.0001,0.0001,301,64,train,0,0,metadata_dfr.csv,pretrained_models/CUB/erm_75_111.pth,current,results/CUB/erm_dfr_2_75/model_outputs_111
CUB,erm_dfr_2_75,222,ft.erm.erm__c-75__src-train__bal-sub__frac-1.0__wd-0.0001__lr-0.0001__ep-301__bn-train,ft.erm.erm,erm,erm,75,train,sub,1.0,0.0001,0.0001,301,64,train,0,0,metadata_dfr.csv,pretrained_models/CUB/erm_75_222.pth,current,results/CUB/erm_dfr_2_75/model_outputs_222
CUB,erm_dfr_2_75,333,ft.erm.erm__c-75__src-train__bal-sub__frac-1.0__wd-0.0001__lr-0.0001__ep-301__bn-train,ft.erm.erm,erm,erm,75,train,sub,1.0,0.0001,0.0001,301,64,train,0,0,metadata_dfr.csv,pretrained_models/CUB/erm_75_333.pth,current,results/CUB/erm_dfr_2_75/model_outputs_333
CUB,erm_dfr_2_875,111,ft.erm.erm__c-875__src-train__bal-sub__frac-1.0__wd-0.0001__lr-0.0001__ep-301__bn-train,ft.erm.erm,erm,erm,875,train,sub,1.0,0.0001,0.0001,301,64,train,0,0,metadata_dfr.csv,pretrained_models/CUB/erm_875_111.pth,current,results/CUB/erm_dfr_2_875/model_outputs_111
CUB,erm_dfr_2_875,222,ft.erm.erm__c-875__src-train__bal-sub__frac-1.0__wd-0.0001__lr-0.0001__ep-301__bn-train,ft.erm.erm,erm,erm,875,train,sub,1.0,0.0001,0.0001,301,64,train,0,0,metadata_dfr.csv,pretrained_models/CUB/erm_875_222.pth,current,results/CUB/erm_dfr_2_875/model_outputs_222
CUB,erm_dfr_2_875,333,ft.erm.erm__c-875__src-train__bal-sub__frac-1.0__wd-0.0001__lr-0.0001__ep-301__bn-train,ft.erm.erm,erm,erm,875,train,sub,1.0,0.0001,0.0001,301,64,train,0,0,metadata_dfr.csv,pretrained_models/CUB/erm_875_333.pth,current,results/CUB/erm_dfr_2_875/model_outputs_333
CUB,erm_dfr_2_95,111,ft.erm.erm__c-95__src-train__bal-sub__frac-1.0__wd-0.0001__lr-0.0001__ep-301__bn-train,ft.erm.erm,erm,erm,95,train,sub,1.0,0.0001,0.0001,301,64,train,0,0,metadata_dfr.csv,pretrained_models/CUB/erm_95_111.pth,current,results/CUB/erm_dfr_2_95/model_outputs_111
CUB,erm_dfr_2_95,222,ft.erm.erm__c-95__src-train__bal-sub__frac-1.0__wd-0.0001__lr-0.0001__ep-301__bn-train,ft.erm.erm,erm,erm,95,train,sub,1.0,0.0001,0.0001,301,64,train,0,0,metadata_dfr.csv,pretrained_models/CUB/erm_95_222.pth,current,results/CUB/erm_dfr_2_95/model_outputs_222
CUB,erm_dfr_2_95,333,ft.erm.erm__c-95__src-train__bal-sub__frac-1.0__wd-0.0001__lr-0.0001__ep-301__bn-train,ft.erm.erm,erm,erm,95,train,sub,1.0,0.0001,0.0001,301,64,train,0,0,metadata_dfr.csv,pretrained_models/CUB/erm_95_333.pth,current,results/CUB/erm_dfr_2_95/model_outputs_333
CUB,erm_dfr_625,111,ft.erm.erm__c-50__src-train__bal-none__frac-0.357__wd-0.0001__lr-0.0001__ep-301__bn-train,ft.erm.erm,erm,erm,50,train,none,0.357,0.0001,0.0001,301,64,train,0,0,metadata.csv,pretrained_models/CUB/erm_625_111.pth,current,results/CUB/erm_dfr_625/model_outputs_111
CUB,erm_dfr_625,222,ft.erm.erm__c-50__src-train__bal-none__frac-0.357__wd-0.0001__lr-0.0001__ep-301__bn-train,ft.erm.erm,erm,erm,50,train,none,0.357,0.0001,0.0001,301,64,train,0,0,metadata.csv,pretrained_models/CUB/erm_625_222.pth,current,results/CUB/erm_dfr_625/model_outputs_222
CUB,erm_dfr_625,333,ft.erm.erm__c-50__src-train__bal-none__frac-0.357__wd-0.0001__lr-0.0001__ep-301__bn-train,ft.erm.erm,erm,erm,50,train,none,0.357,0.0001,0.0001,301,64,train,0,0,metadata.csv,pretrained_models/CUB/erm_625_333.pth,current,results/CUB/erm_dfr_625/model_outputs_333
CUB,erm_dfr_75,111,ft.erm.erm__c-50__src-train__bal-none__frac-0.225__wd-0.0001__lr-0.0001__ep-301__bn-train,ft.erm.erm,erm,erm,50,train,none,0.225,0.0001,0.0001,301,64,train,0,0,metadata.csv,pretrained_models/CUB/erm_75_111.pth,current,results/CUB/erm_dfr_75/model_outputs_111
CUB,erm_dfr_75,222,ft.erm.erm__c-50__src-train__bal-none__frac-0.225__wd-0.0001__lr-0.0001__ep-301__bn-train,ft.erm.erm,erm,erm,50,train,none,0.225,0.0001,0.0001,301,64,train,0,0,metadata.csv,pretrained_models/CUB/erm_75_222.pth,current,results/CUB/erm_dfr_75/model_outputs_222
CUB,erm_dfr_75,333,ft.erm.erm__c-50__src-train__bal-none__frac-0.225__wd-0.0001__lr-0.0001__ep-301__bn-train,ft.erm.erm,erm,erm,50,train,none,0.225,0.0001,0.0001,301,64,train,0,0,metadata.csv,pretrained_models/CUB/erm_75_333.pth,current,results/CUB/erm_dfr_75/model_outputs_333
CUB,erm_dfr_875,111,ft.erm.erm__c-50__src-train__bal-none__frac-0.118__wd-0.0001__lr-0.0001__ep-301__bn-train,ft.erm.erm,erm,erm,50,train,none,0.118,0.0001,0.0001,301,64,train,0,0,metadata.csv,pretrained_models/CUB/erm_875_111.pth,current,results/CUB/erm_dfr_875/model_outputs_111
CUB,erm_dfr_875,222,ft.erm.erm__c-50__src-train__bal-none__frac-0.118__wd-0.0001__lr-0.0001__ep-301__bn-train,ft.erm.erm,erm,erm,50,train,none,0.118,0.0001,0.0001,301,64,train,0,0,metadata.csv,pretrained_models/CUB/erm_875_222.pth,current,results/CUB/erm_dfr_875/model_outputs_222
CUB,erm_dfr_875,333,ft.erm.erm__c-50__src-train__bal-none__frac-0.118__wd-0.0001__lr-0.0001__ep-301__bn-train,ft.erm.erm,erm,erm,50,train,none,0.118,0.0001,0.0001,301,64,train,0,0,metadata.csv,pretrained_models/CUB/erm_875_333.pth,current,results/CUB/erm_dfr_875/model_outputs_333
CUB,erm_dfr_95,111,ft.erm.erm__c-50__src-train__bal-none__frac-0.047__wd-0.0001__lr-0.0001__ep-301__bn-train,ft.erm.erm,erm,erm,50,train,none,0.047,0.0001,0.0001,301,64,train,0,0,metadata.csv,pretrained_models/CUB/erm_95_111.pth,current,results/CUB/erm_dfr_95/model_outputs_111
CUB,erm_dfr_95,222,ft.erm.erm__c-50__src-train__bal-none__frac-0.047__wd-0.0001__lr-0.0001__ep-301__bn-train,ft.erm.erm,erm,erm,50,train,none,0.047,0.0001,0.0001,301,64,train,0,0,metadata.csv,pretrained_models/CUB/erm_95_222.pth,current,results/CUB/erm_dfr_95/model_outputs_222
CUB,erm_dfr_95,333,ft.erm.erm__c-50__src-train__bal-none__frac-0.047__wd-0.0001__lr-0.0001__ep-301__bn-train,ft.erm.erm,erm,erm,50,train,none,0.047,0.0001,0.0001,301,64,train,0,0,metadata.csv,pretrained_models/CUB/erm_95_333.pth,current,results/CUB/erm_dfr_95/model_outputs_333
CUB,erm_dfr_gdro_2_50,111,ft.erm.gdro__c-50__src-train__bal-sub__frac-1.0__wd-1.0__lr-1e-5__ep-301__bn-train,ft.erm.gdro,erm,gdro,50,train,sub,1.0,1.0,1e-05,301,64,train,0,0,metadata_dfr.csv,pretrained_models/CUB/erm_50_111.pth,current,results/CUB/erm_dfr_gdro_2_50/model_outputs_111
CUB,erm_dfr_gdro_2_50,222,ft.erm.gdro__c-50__src-train__bal-sub__frac-1.0__wd-1.0__lr-1e-5__ep-301__bn-train,ft.erm.gdro,erm,gdro,50,train,sub,1.0,1.0,1e-05,301,64,train,0,0,metadata_dfr.csv,pretrained_models/CUB/erm_50_222.pth,current,results/CUB/erm_dfr_gdro_2_50/model_outputs_222
CUB,erm_dfr_gdro_2_50,333,ft.erm.gdro__c-50__src-train__bal-sub__frac-1.0__wd-1.0__lr-1e-5__ep-301__bn-train,ft.erm.gdro,erm,gdro,50,train,sub,1.0,1.0,1e-05,301,64,train,0,0,metadata_dfr.csv,pretrained_models/CUB/erm_50_333.pth,current,results/CUB/erm_dfr_gdro_2_50/model_outputs_333
CUB,erm_dfr_gdro_2_625,111,ft.erm.gdro__c-625__src-train__bal-sub__frac-1.0__wd-1.0__lr-1e-5__ep-301__bn-train,ft.erm.gdro,erm,gdro,625,train,sub,1.0,1.0,1e-05,301,64,train,0,0,metadata_dfr.csv,pretrained_models/CUB/erm_625_111.pth,current,results/CUB/erm_dfr_gdro_2_625/model_outputs_111
CUB,erm_dfr_gdro_2_625,222,ft.erm.gdro__c-625__src-train__bal-sub__frac-1.0__wd-1.0__lr-1e-5__ep-301__bn-train,ft.erm.gdro,erm,gdro,625,train,sub,1.0,1.0,1e-05,301,64,train,0,0,metadata_dfr.csv,pretrained_models/CUB/erm_625_222.pth,current,results/CUB/erm_dfr_gdro_2_625/model_outputs_222
CUB,erm_dfr_gdro_2_625,333,ft.erm.gdro__c-625__src-train__bal-sub__frac-1.0__wd-1.0__lr-1e-5__ep-301__bn-train,ft.erm.gdro,erm,gdro,625,train,sub,1.0,1.0,1e-05,301,64,train,0,0,metadata_dfr.csv,pretrained_models/CUB/erm_625_333.pth,current,results/CUB/erm_dfr_gdro_2_625/model_outputs_333
CUB,erm_dfr_gdro_2_75,111,ft.erm.gdro__c-75__src-train__bal-sub__frac-1.0__wd-1.0__lr-1e-5__ep-301__bn-train,ft.erm.gdro,erm,gdro,75,train,sub,1.0,1.0,1e-05,301,64,train,0,0,metadata_dfr.csv,pretrained_models/CUB/erm_75_111.pth,current,results/CUB/erm_dfr_gdro_2_75/model_outputs_111
CUB,erm_dfr_gdro_2_75,222,ft.erm.gdro__c-75__src-train__bal-sub__frac-1.0__wd-1.0__lr-1e-5__ep-301__bn-train,ft.erm.gdro,erm,gdro,75,train,sub,1.0,1.0,1e-05,301,64,train,0,0,metadata_dfr.csv,pretrained_models/CUB/erm_75_222.pth,current,results/CUB/erm_dfr_gdro_2_75/model_outputs_222
CUB,erm_dfr_gdro_2_75,333,ft.erm.gdro__c-75__src-train__bal-sub__frac-1.0__wd-1.0__lr-1e-5__ep-301__bn-train,ft.erm.gdro,erm,gdro,75,train,sub,1.0,1.0,1e-05,301,64,train,0,0,metadata_dfr.csv,pretrained_models/CUB/erm_75_333.pth,current,results/CUB/erm_dfr_gdro_2_75/model_outputs_333
CUB,erm_dfr_gdro_2_875,111,ft.erm.gdro__c-875__src-train__bal-sub__frac-1.0__wd-1.0__lr-1e-5__ep-301__bn-train,ft.erm.gdro,erm,gdro,875,train,sub,1.0,1.0,1e-05,301,64,train,0,0,metadata_dfr.csv,pretrained_models/CUB/erm_875_111.pth,current,results/CUB/erm_dfr_gdro_2_875/model_outputs_111
CUB,erm_dfr_gdro_2_875,222,ft.erm.gdro__c-875__src-train__bal-sub__frac-1.0__wd-1.0__lr-1e-5__ep-301__bn-train,ft.erm.gdro,erm,gdro,875,train,sub,1.0,1.0,1e-05,301,64,train,0,0,metadata_dfr.csv,pretrained_models/CUB/erm_875_222.pth,current,results/CUB/erm_dfr_gdro_2_875/model_outputs_222
CUB,erm_dfr_gdro_2_875,333,ft.erm.gdro__c-875__src-train__bal-sub__frac-1.0__wd-1.0__lr-1e-5__ep-301__bn-train,ft.erm.gdro,erm,gdro,875,train,sub,1.0,1.0,1e-05,301,64,train,0,0,metadata_dfr.csv,pretrained_models/CUB/erm_875_333.pth,current,results/CUB/erm_dfr_gdro_2_875/model_outputs_333
CUB,erm_dfr_gdro_2_95,111,ft.erm.gdro__c-95__src-train__bal-sub__frac-1.0__wd-1.0__lr-1e-5__ep-301__bn-train,ft.erm.gdro,erm,gdro,95,train,sub,1.0,1.0,1e-05,301,64,train,0,0,metadata_dfr.csv,pretrained_models/CUB/erm_95_111.pth,current,results/CUB/erm_dfr_gdro_2_95/model_outputs_111
CUB,erm_dfr_gdro_2_95,222,ft.erm.gdro__c-95__src-train__bal-sub__frac-1.0__wd-1.0__lr-1e-5__ep-301__bn-train,ft.erm.gdro,erm,gdro,95,train,sub,1.0,1.0,1e-05,301,64,train,0,0,metadata_dfr.csv,pretrained_models/CUB/erm_95_222.pth,current,results/CUB/erm_dfr_gdro_2_95/model_outputs_222
CUB,erm_dfr_gdro_2_95,333,ft.erm.gdro__c-95__src-train__bal-sub__frac-1.0__wd-1.0__lr-1e-5__ep-301__bn-train,ft.erm.gdro,erm,gdro,95,train,sub,1.0,1.0,1e-05,301,64,train,0,0,metadata_dfr.csv,pretrained_models/CUB/erm_95_333.pth,current,results/CUB/erm_dfr_gdro_2_95/model_outputs_333
CUB,erm_dfr_gdro_625,111,ft.erm.gdro__c-50__src-train__bal-none__frac-0.357__wd-1.0__lr-1e-5__ep-301__bn-train,ft.erm.gdro,erm,gdro,50,train,none,0.357,1.0,1e-05,301,64,train,0,0,metadata.csv,pretrained_models/CUB/erm_625_111.pth,current,results/CUB/erm_dfr_gdro_625/model_outputs_111
CUB,erm_dfr_gdro_625,333,ft.erm.gdro__c-50__src-train__bal-none__frac-0.357__wd-1.0__lr-1e-5__ep-301__bn-train,ft.erm.gdro,erm,gdro,50,train,none,0.357,1.0,1e-05,301,64,train,0,0,metadata.csv,pretrained_models/CUB/erm_625_333.pth,current,results/CUB/erm_dfr_gdro_625/model_outputs_333
CUB,erm_dfr_gdro_75,111,ft.erm.gdro__c-50__src-train__bal-none__frac-0.225__wd-1.0__lr-1e-5__ep-301__bn-train,ft.erm.gdro,erm,gdro,50,train,none,0.225,1.0,1e-05,301,64,train,0,0,metadata.csv,pretrained_models/CUB/erm_75_111.pth,current,results/CUB/erm_dfr_gdro_75/model_outputs_111
CUB,erm_dfr_gdro_75,222,ft.erm.gdro__c-50__src-train__bal-none__frac-0.225__wd-1.0__lr-1e-5__ep-301__bn-train,ft.erm.gdro,erm,gdro,50,train,none,0.225,1.0,1e-05,301,64,train,0,0,metadata.csv,pretrained_models/CUB/erm_75_222.pth,current,results/CUB/erm_dfr_gdro_75/model_outputs_222
CUB,erm_dfr_gdro_75,333,ft.erm.gdro__c-50__src-train__bal-none__frac-0.225__wd-1.0__lr-1e-5__ep-301__bn-train,ft.erm.gdro,erm,gdro,50,train,none,0.225,1.0,1e-05,301,64,train,0,0,metadata.csv,pretrained_models/CUB/erm_75_333.pth,current,results/CUB/erm_dfr_gdro_75/model_outputs_333
CUB,erm_dfr_gdro_875,111,ft.erm.gdro__c-50__src-train__bal-none__frac-0.118__wd-1.0__lr-1e-5__ep-301__bn-train,ft.erm.gdro,erm,gdro,50,train,none,0.118,1.0,1e-05,301,64,train,0,0,metadata.csv,pretrained_models/CUB/erm_875_111.pth,current,results/CUB/erm_dfr_gdro_875/model_outputs_111
CUB,erm_dfr_gdro_875,222,ft.erm.gdro__c-50__src-train__bal-none__frac-0.118__wd-1.0__lr-1e-5__ep-301__bn-train,ft.erm.gdro,erm,gdro,50,train,none,0.118,1.0,1e-05,301,64,train,0,0,metadata.csv,pretrained_models/CUB/erm_875_222.pth,current,results/CUB/erm_dfr_gdro_875/model_outputs_222
CUB,erm_dfr_gdro_875,333,ft.erm.gdro__c-50__src-train__bal-none__frac-0.118__wd-1.0__lr-1e-5__ep-301__bn-train,ft.erm.gdro,erm,gdro,50,train,none,0.118,1.0,1e-05,301,64,train,0,0,metadata.csv,pretrained_models/CUB/erm_875_333.pth,current,results/CUB/erm_dfr_gdro_875/model_outputs_333
CUB,erm_dfr_gdro_95,111,ft.erm.gdro__c-50__src-train__bal-none__frac-0.047__wd-1.0__lr-1e-5__ep-301__bn-train,ft.erm.gdro,erm,gdro,50,train,none,0.047,1.0,1e-05,301,64,train,0,0,metadata.csv,pretrained_models/CUB/erm_95_111.pth,current,results/CUB/erm_dfr_gdro_95/model_outputs_111
CUB,erm_dfr_gdro_95,222,ft.erm.gdro__c-50__src-train__bal-none__frac-0.047__wd-1.0__lr-1e-5__ep-301__bn-train,ft.erm.gdro,erm,gdro,50,train,none,0.047,1.0,1e-05,301,64,train,0,0,metadata.csv,pretrained_models/CUB/erm_95_222.pth,current,results/CUB/erm_dfr_gdro_95/model_outputs_222
CUB,erm_dfr_gdro_95,333,ft.erm.gdro__c-50__src-train__bal-none__frac-0.047__wd-1.0__lr-1e-5__ep-301__bn-train,ft.erm.gdro,erm,gdro,50,train,none,0.047,1.0,1e-05,301,64,train,0,0,metadata.csv,pretrained_models/CUB/erm_95_333.pth,current,results/CUB/erm_dfr_gdro_95/model_outputs_333
CUB,erm_dfr_gdro_new_0.1_95,111,ft.erm.gdro__c-50__src-train__bal-sub.rw__frac-0.0101__wd-0.0001__lr-0.0001__ep-301__bn-train,ft.erm.gdro,erm,gdro,50,train,sub.rw,0.0101,0.0001,0.0001,301,64,train,0,0,metadata_dfr.csv,pretrained_models/CUB/erm_95_111.pth,current,results/CUB/erm_dfr_gdro_new_0.1_95/model_outputs_111
CUB,erm_dfr_gdro_new_0.1_95,222,ft.erm.gdro__c-50__src-train__bal-sub.rw__frac-0.0101__wd-0.0001__lr-0.0001__ep-301__bn-train,ft.erm.gdro,erm,gdro,50,train,sub.rw,0.0101,0.0001,0.0001,301,64,train,0,0,metadata_dfr.csv,pretrained_models/CUB/erm_95_222.pth,current,results/CUB/erm_dfr_gdro_new_0.1_95/model_outputs_222
CUB,erm_dfr_gdro_new_0.1_95,333,ft.erm.gdro__c-50__src-train__bal-sub.rw__frac-0.0101__wd-0.0001__lr-0.0001__ep-301__bn-train,ft.erm.gdro,erm,gdro,50,train,sub.rw,0.0101,0.0001,0.0001,301,64,train,0,0,metadata_dfr.csv,pretrained_models/CUB/erm_95_333.pth,current,results/CUB/erm_dfr_gdro_new_0.1_95/model_outputs_333
CUB,erm_dfr_gdro_new_0.25_95,111,ft.erm.gdro__c-50__src-train__bal-sub.rw__frac-0.0252__wd-0.0001__lr-0.0001__ep-301__bn-train,ft.erm.gdro,erm,gdro,50,train,sub.rw,0.0252,0.0001,0.0001,301,64,train,0,0,metadata_dfr.csv,pretrained_models/CUB/erm_95_111.pth,current,results/CUB/erm_dfr_gdro_new_0.25_95/model_outputs_111
CUB,erm_dfr_gdro_new_0.25_95,222,ft.erm.gdro__c-50__src-train__bal-sub.rw__frac-0.0252__wd-0.0001__lr-0.0001__ep-301__bn-train,ft.erm.gdro,erm,gdro,50,train,sub.rw,0.0252,0.0001,0.0001,301,64,train,0,0,metadata_dfr.csv,pretrained_models/CUB/erm_95_222.pth,current,results/CUB/erm_dfr_gdro_new_0.25_95/model_outputs_222
CUB,erm_dfr_gdro_new_0.25_95,333,ft.erm.gdro__c-50__src-train__bal-sub.rw__frac-0.0252__wd-0.0001__lr-0.0001__ep-301__bn-train,ft.erm.gdro,erm,gdro,50,train,sub.rw,0.0252,0.0001,0.0001,301,64,train,0,0,metadata_dfr.csv,pretrained_models/CUB/erm_95_333.pth,current,results/CUB/erm_dfr_gdro_new_0.25_95/model_outputs_333
CUB,erm_dfr_gdro_new_0.5_95,111,ft.erm.gdro__c-50__src-train__bal-sub.rw__frac-0.0504__wd-0.0001__lr-0.0001__ep-301__bn-train,ft.erm.gdro,erm,gdro,50,train,sub.rw,0.0504,0.0001,0.0001,301,64,train,0,0,metadata_dfr.csv,pretrained_models/CUB/erm_95_111.pth,current,results/CUB/erm_dfr_gdro_new_0.5_95/model_outputs_111
CUB,erm_dfr_gdro_new_0.5_95,222,ft.erm.gdro__c-50__src-train__bal-sub.rw__frac-0.0504__wd-0.0001__lr-0.0001__ep-301__bn-train,ft.erm.gdro,erm,gdro,50,train,sub.rw,0.0504,0.0001,0.0001,301,64,train,0,0,metadata_dfr.csv,pretrained_models/CUB/erm_95_222.pth,current,results/CUB/erm_dfr_gdro_new_0.5_95/model_outputs_222
CUB,erm_dfr_gdro_new_0.5_95,333,ft.erm.gdro__c-50__src-train__bal-sub.rw__frac-0.0504__wd-0.0001__lr-0.0001__ep-301__bn-train,ft.erm.gdro,erm,gdro,50,train,sub.rw,0.0504,0.0001,0.0001,301,64,train,0,0,metadata_dfr.csv,pretrained_models/CUB/erm_95_333.pth,current,results/CUB/erm_dfr_gdro_new_0.5_95/model_outputs_333
CUB,erm_dfr_gdro_new_0.75_95,111,ft.erm.gdro__c-50__src-train__bal-sub.rw__frac-0.0756__wd-0.0001__lr-0.0001__ep-301__bn-train,ft.erm.gdro,erm,gdro,50,train,sub.rw,0.0756,0.0001,0.0001,301,64,train,0,0,metadata_dfr.csv,pretrained_models/CUB/erm_95_111.pth,current,results/CUB/erm_dfr_gdro_new_0.75_95/model_outputs_111
CUB,erm_dfr_gdro_new_0.75_95,222,ft.erm.gdro__c-50__src-train__bal-sub.rw__frac-0.0756__wd-0.0001__lr-0.0001__ep-301__bn-train,ft.erm.gdro,erm,gdro,50,train,sub.rw,0.0756,0.0001,0.0001,301,64,train,0,0,metadata_dfr.csv,pretrained_models/CUB/erm_95_222.pth,current,results/CUB/erm_dfr_gdro_new_0.75_95/model_outputs_222
CUB,erm_dfr_gdro_new_0.75_95,333,ft.erm.gdro__c-50__src-train__bal-sub.rw__frac-0.0756__wd-0.0001__lr-0.0001__ep-301__bn-train,ft.erm.gdro,erm,gdro,50,train,sub.rw,0.0756,0.0001,0.0001,301,64,train,0,0,metadata_dfr.csv,pretrained_models/CUB/erm_95_333.pth,current,results/CUB/erm_dfr_gdro_new_0.75_95/model_outputs_333
CUB,erm_dfr_gdro_new_0.9_95,111,ft.erm.gdro__c-50__src-train__bal-sub.rw__frac-0.0908__wd-0.0001__lr-0.0001__ep-301__bn-train,ft.erm.gdro,erm,gdro,50,train,sub.rw,0.0908,0.0001,0.0001,301,64,train,0,0,metadata_dfr.csv,pretrained_models/CUB/erm_95_111.pth,current,results/CUB/erm_dfr_gdro_new_0.9_95/model_outputs_111
CUB,erm_dfr_gdro_new_0.9_95,222,ft.erm.gdro__c-50__src-train__bal-sub.rw__frac-0.0908__wd-0.0001__lr-0.0001__ep-301__bn-train,ft.erm.gdro,erm,gdro,50,train,sub.rw,0.0908,0.0001,0.0001,301,64,train,0,0,metadata_dfr.csv,pretrained_models/CUB/erm_95_222.pth,current,results/CUB/erm_dfr_gdro_new_0.9_95/model_outputs_222
CUB,erm_dfr_gdro_new_0.9_95,333,ft.erm.gdro__c-50__src-train__bal-sub.rw__frac-0.0908__wd-0.0001__lr-0.0001__ep-301__bn-train,ft.erm.gdro,erm,gdro,50,train,sub.rw,0.0908,0.0001,0.0001,301,64,train,0,0,metadata_dfr.csv,pretrained_models/CUB/erm_95_333.pth,current,results/CUB/erm_dfr_gdro_new_0.9_95/model_outputs_333
CUB,erm_dfr_gdro_new_625,111,ft.erm.gdro__c-50__src-train__bal-sub.rw__frac-0.771058__wd-0.0001__lr-0.0001__ep-301__bn-train,ft.erm.gdro,erm,gdro,50,train,sub.rw,0.7710583153347733,0.0001,0.0001,301,64,train,0,0,metadata_dfr.csv,pretrained_models/CUB/erm_625_111.pth,current,results/CUB/erm_dfr_gdro_new_625/model_outputs_111
CUB,erm_dfr_gdro_new_625,222,ft.erm.gdro__c-50__src-train__bal-sub.rw__frac-0.771058__wd-0.0001__lr-0.0001__ep-301__bn-train,ft.erm.gdro,erm,gdro,50,train,sub.rw,0.7710583153347733,0.0001,0.0001,301,64,train,0,0,metadata_dfr.csv,pretrained_models/CUB/erm_625_222.pth,current,results/CUB/erm_dfr_gdro_new_625/model_outputs_222
CUB,erm_dfr_gdro_new_625,333,ft.erm.gdro__c-50__src-train__bal-sub.rw__frac-0.771058__wd-0.0001__lr-0.0001__ep-301__bn-train,ft.erm.gdro,erm,gdro,50,train,sub.rw,0.7710583153347733,0.0001,0.0001,301,64,train,0,0,metadata_dfr.csv,pretrained_models/CUB/erm_625_333.pth,current,results/CUB/erm_dfr_gdro_new_625/model_outputs_333
CUB,erm_dfr_gdro_new_75,111,ft.erm.gdro__c-50__src-train__bal-sub.rw__frac-0.486393__wd-0.0001__lr-0.0001__ep-301__bn-train,ft.erm.gdro,erm,gdro,50,train,sub.rw,0.4863930885529158,0.0001,0.0001,301,64,train,0,0,metadata_dfr.csv,pretrained_models/CUB/erm_75_111.pth,current,results/CUB/erm_dfr_gdro_new_75/model_outputs_111
CUB,erm_dfr_gdro_new_75,222,ft.erm.gdro__c-50__src-train__bal-sub.rw__frac-0.486393__wd-0.0001__lr-0.0001__ep-301__bn-train,ft.erm.gdro,erm,gdro,50,train,sub.rw,0.4863930885529158,0.0001,0.0001,301,64,train,0,0,metadata_dfr.csv,pretrained_models/CUB/erm_75_222.pth,current,results/CUB/erm_dfr_gdro_new_75/model_outputs_222
CUB,erm_dfr_gdro_new_75,333,ft.erm.gdro__c-50__src-train__bal-sub.rw__frac-0.486393__wd-0.0001__lr-0.0001__ep-301__bn-train,ft.erm.gdro,erm,gdro,50,train,sub.rw,0.4863930885529158,0.0001,0.0001,301,64,train,0,0,metadata_dfr.csv,pretrained_models/CUB/erm_75_333.pth,current,results/CUB/erm_dfr_gdro_new_75/model_outputs_333
CUB,erm_dfr_gdro_new_875,111,ft.erm.gdro__c-50__src-train__bal-sub.rw__frac-0.253996__wd-0.0001__lr-0.0001__ep-301__bn-train,ft.erm.gdro,erm,gdro,50,train,sub.rw,0.25399568034557235,0.0001,0.0001,301,64,train,0,0,metadata_dfr.csv,pretrained_models/CUB/erm_875_111.pth,current,results/CUB/erm_dfr_gdro_new_875/model_outputs_111
CUB,erm_dfr_gdro_new_875,222,ft.erm.gdro__c-50__src-train__bal-sub.rw__frac-0.253996__wd-0.0001__lr-0.0001__ep-301__bn-train,ft.erm.gdro,erm,gdro,50,train,sub.rw,0.25399568034557235,0.0001,0.0001,301,64,train,0,0,metadata_dfr.csv,pretrained_models/CUB/erm_875_222.pth,current,results/CUB/erm_dfr_gdro_new_875/model_outputs_222
CUB,erm_dfr_gdro_new_875,333,ft.erm.gdro__c-50__src-train__bal-sub.rw__frac-0.253996__wd-0.0001__lr-0.0001__ep-301__bn-train,ft.erm.gdro,erm,gdro,50,train,sub.rw,0.25399568034557235,0.0001,0.0001,301,64,train,0,0,metadata_dfr.csv,pretrained_models/CUB/erm_875_333.pth,current,results/CUB/erm_dfr_gdro_new_875/model_outputs_333
CUB,erm_dfr_gdro_new_95,111,ft.erm.gdro__c-50__src-train__bal-sub.rw__frac-0.100864__wd-0.0001__lr-0.0001__ep-301__bn-train,ft.erm.gdro,erm,gdro,50,train,sub.rw,0.10086393088552917,0.0001,0.0001,301,64,train,0,0,metadata_dfr.csv,pretrained_models/CUB/erm_95_111.pth,current,results/CUB/erm_dfr_gdro_new_95/model_outputs_111
CUB,erm_dfr_gdro_new_95,222,ft.erm.gdro__c-50__src-train__bal-sub.rw__frac-0.100864__wd-0.0001__lr-0.0001__ep-301__bn-train,ft.erm.gdro,erm,gdro,50,train,sub.rw,0.10086393088552917,0.0001,0.0001,301,64,train,0,0,metadata_dfr.csv,pretrained_models/CUB/erm_95_222.pth,current,results/CUB/erm_dfr_gdro_new_95/model_outputs_222
CUB,erm_dfr_gdro_new_95,333,ft.erm.gdro__c-50__src-train__bal-sub.rw__frac-0.100864__wd-0.0001__lr-0.0001__ep-301__bn-train,ft.erm.gdro,erm,gdro,50,train,sub.rw,0.10086393088552917,0.0001,0.0001,301,64,train,0,0,metadata_dfr.csv,pretrained_models/CUB/erm_95_333.pth,current,results/CUB/erm_dfr_gdro_new_95/model_outputs_333
CUB,erm_dfr_new_625,111,ft.erm.erm__c-50__src-train__bal-sub__frac-0.771058__wd-0.0001__lr-0.0001__ep-301__bn-train,ft.erm.erm,erm,erm,50,train,sub,0.7710583153347733,0.0001,0.0001,301,64,train,0,0,metadata_dfr.csv,pretrained_models/CUB/erm_625_111.pth,current,results/CUB/erm_dfr_new_625/model_outputs_111
CUB,erm_dfr_new_625,222,ft.erm.erm__c-50__src-train__bal-sub__frac-0.771058__wd-0.0001__lr-0.0001__ep-301__bn-train,ft.erm.erm,erm,erm,50,train,sub,0.7710583153347733,0.0001,0.0001,301,64,train,0,0,metadata_dfr.csv,pretrained_models/CUB/erm_625_222.pth,current,results/CUB/erm_dfr_new_625/model_outputs_222
CUB,erm_dfr_new_625,333,ft.erm.erm__c-50__src-train__bal-sub__frac-0.771058__wd-0.0001__lr-0.0001__ep-301__bn-train,ft.erm.erm,erm,erm,50,train,sub,0.7710583153347733,0.0001,0.0001,301,64,train,0,0,metadata_dfr.csv,pretrained_models/CUB/erm_625_333.pth,current,results/CUB/erm_dfr_new_625/model_outputs_333
CUB,erm_dfr_new_75,111,ft.erm.erm__c-50__src-train__bal-sub__frac-0.486393__wd-0.0001__lr-0.0001__ep-301__bn-train,ft.erm.erm,erm,erm,50,train,sub,0.4863930885529158,0.0001,0.0001,301,64,train,0,0,metadata_dfr.csv,pretrained_models/CUB/erm_75_111.pth,current,results/CUB/erm_dfr_new_75/model_outputs_111
CUB,erm_dfr_new_75,222,ft.erm.erm__c-50__src-train__bal-sub__frac-0.486393__wd-0.0001__lr-0.0001__ep-301__bn-train,ft.erm.erm,erm,erm,50,train,sub,0.4863930885529158,0.0001,0.0001,301,64,train,0,0,metadata_dfr.csv,pretrained_models/CUB/erm_75_222.pth,current,results/CUB/erm_dfr_new_75/model_outputs_222
CUB,erm_dfr_new_75,333,ft.erm.erm__c-50__src-train__bal-sub__frac-0.486393__wd-0.0001__lr-0.0001__ep-301__bn-train,ft.erm.erm,erm,erm,50,train,sub,0.4863930885529158,0.0001,0.0001,301,64,train,0,0,metadata_dfr.csv,pretrained_models/CUB/erm_75_333.pth,current,results/CUB/erm_dfr_new_75/model_outputs_333
CUB,erm_dfr_new_875,111,ft.erm.erm__c-50__src-train__bal-sub__frac-0.253996__wd-0.0001__lr-0.0001__ep-301__bn-train,ft.erm.erm,erm,erm,50,train,sub,0.25399568034557235,0.0001,0.0001,301,64,train,0,0,metadata_dfr.csv,pretrained_models/CUB/erm_875_111.pth,current,results/CUB/erm_dfr_new_875/model_outputs_111
CUB,erm_dfr_new_875,222,ft.erm.erm__c-50__src-train__bal-sub__frac-0.253996__wd-0.0001__lr-0.0001__ep-301__bn-train,ft.erm.erm,erm,erm,50,train,sub,0.25399568034557235,0.0001,0.0001,301,64,train,0,0,metadata_dfr.csv,pretrained_models/CUB/erm_875_222.pth,current,results/CUB/erm_dfr_new_875/model_outputs_222
CUB,erm_dfr_new_875,333,ft.erm.erm__c-50__src-train__bal-sub__frac-0.253996__wd-0.0001__lr-0.0001__ep-301__bn-train,ft.erm.erm,erm,erm,50,train,sub,0.25399568034557235,0.0001,0.0001,301,64,train,0,0,metadata_dfr.csv,pretrained_models/CUB/erm_875_333.pth,current,results/CUB/erm_dfr_new_875/model_outputs_333
CUB,erm_dfr_new_95,111,ft.erm.erm__c-50__src-train__bal-sub__frac-0.100864__wd-0.0001__lr-0.0001__ep-301__bn-train,ft.erm.erm,erm,erm,50,train,sub,0.10086393088552917,0.0001,0.0001,301,64,train,0,0,metadata_dfr.csv,pretrained_models/CUB/erm_95_111.pth,current,results/CUB/erm_dfr_new_95/model_outputs_111
CUB,erm_dfr_new_95,222,ft.erm.erm__c-50__src-train__bal-sub__frac-0.100864__wd-0.0001__lr-0.0001__ep-301__bn-train,ft.erm.erm,erm,erm,50,train,sub,0.10086393088552917,0.0001,0.0001,301,64,train,0,0,metadata_dfr.csv,pretrained_models/CUB/erm_95_222.pth,current,results/CUB/erm_dfr_new_95/model_outputs_222
CUB,erm_dfr_new_95,333,ft.erm.erm__c-50__src-train__bal-sub__frac-0.100864__wd-0.0001__lr-0.0001__ep-301__bn-train,ft.erm.erm,erm,erm,50,train,sub,0.10086393088552917,0.0001,0.0001,301,64,train,0,0,metadata_dfr.csv,pretrained_models/CUB/erm_95_333.pth,current,results/CUB/erm_dfr_new_95/model_outputs_333
CUB,erm_dfr_rw_50,111,ft.erm.erm__c-50__src-train__bal-rw__frac-0.047__wd-1.0__lr-1e-5__ep-301__bn-train,ft.erm.erm,erm,erm,50,train,rw,0.047,1.0,1e-05,301,64,train,0,0,metadata.csv,pretrained_models/CUB/erm_50_111.pth,current,results/CUB/erm_dfr_rw_50/model_outputs_111
CUB,erm_dfr_rw_50,222,ft.erm.erm__c-50__src-train__bal-rw__frac-0.047__wd-1.0__lr-1e-5__ep-301__bn-train,ft.erm.erm,erm,erm,50,train,rw,0.047,1.0,1e-05,301,64,train,0,0,metadata.csv,pretrained_models/CUB/erm_50_222.pth,current,results/CUB/erm_dfr_rw_50/model_outputs_222
CUB,erm_dfr_rw_50,333,ft.erm.erm__c-50__src-train__bal-rw__frac-0.047__wd-1.0__lr-1e-5__ep-301__bn-train,ft.erm.erm,erm,erm,50,train,rw,0.047,1.0,1e-05,301,64,train,0,0,metadata.csv,pretrained_models/CUB/erm_50_333.pth,current,results/CUB/erm_dfr_rw_50/model_outputs_333
CUB,erm_dfr_rw_625,111,ft.erm.erm__c-50__src-train__bal-rw__frac-0.047__wd-1.0__lr-1e-5__ep-301__bn-train,ft.erm.erm,erm,erm,50,train,rw,0.047,1.0,1e-05,301,64,train,0,0,metadata.csv,pretrained_models/CUB/erm_625_111.pth,current,results/CUB/erm_dfr_rw_625/model_outputs_111
CUB,erm_dfr_rw_625,222,ft.erm.erm__c-50__src-train__bal-rw__frac-0.047__wd-1.0__lr-1e-5__ep-301__bn-train,ft.erm.erm,erm,erm,50,train,rw,0.047,1.0,1e-05,301,64,train,0,0,metadata.csv,pretrained_models/CUB/erm_625_222.pth,current,results/CUB/erm_dfr_rw_625/model_outputs_222
CUB,erm_dfr_rw_625,333,ft.erm.erm__c-50__src-train__bal-rw__frac-0.047__wd-1.0__lr-1e-5__ep-301__bn-train,ft.erm.erm,erm,erm,50,train,rw,0.047,1.0,1e-05,301,64,train,0,0,metadata.csv,pretrained_models/CUB/erm_625_333.pth,current,results/CUB/erm_dfr_rw_625/model_outputs_333
CUB,erm_dfr_rw_75,111,ft.erm.erm__c-50__src-train__bal-rw__frac-0.047__wd-1.0__lr-1e-5__ep-301__bn-train,ft.erm.erm,erm,erm,50,train,rw,0.047,1.0,1e-05,301,64,train,0,0,metadata.csv,pretrained_models/CUB/erm_75_111.pth,current,results/CUB/erm_dfr_rw_75/model_outputs_111
CUB,erm_dfr_rw_75,222,ft.erm.erm__c-50__src-train__bal-rw__frac-0.047__wd-1.0__lr-1e-5__ep-301__bn-train,ft.erm.erm,erm,erm,50,train,rw,0.047,1.0,1e-05,301,64,train,0,0,metadata.csv,pretrained_models/CUB/erm_75_222.pth,current,results/CUB/erm_dfr_rw_75/model_outputs_222
CUB,erm_dfr_rw_75,333,ft.erm.erm__c-50__src-train__bal-rw__frac-0.047__wd-1.0__lr-1e-5__ep-301__bn-train,ft.erm.erm,erm,erm,50,train,rw,0.047,1.0,1e-05,301,64,train,0,0,metadata.csv,pretrained_models/CUB/erm_75_333.pth,current,results/CUB/erm_dfr_rw_75/model_outputs_333
CUB,erm_dfr_rw_875,111,ft.erm.erm__c-50__src-train__bal-rw__frac-0.047__wd-1.0__lr-1e-5__ep-301__bn-train,ft.erm.erm,erm,erm,50,train,rw,0.047,1.0,1e-05,301,64,train,0,0,metadata.csv,pretrained_models/CUB/erm_875_111.pth,current,results/CUB/erm_dfr_rw_875/model_outputs_111
CUB,erm_dfr_rw_875,222,ft.erm.erm__c-50__src-train__bal-rw__frac-0.047__wd-1.0__lr-1e-5__ep-301__bn-train,ft.erm.erm,erm,erm,50,train,rw,0.047,1.0,1e-05,301,64,train,0,0,metadata.csv,pretrained_models/CUB/erm_875_222.pth,current,results/CUB/erm_dfr_rw_875/model_outputs_222
CUB,erm_dfr_rw_875,333,ft.erm.erm__c-50__src-train__bal-rw__frac-0.047__wd-1.0__lr-1e-5__ep-301__bn-train,ft.erm.erm,erm,erm,50,train,rw,0.047,1.0,1e-05,301,64,train,0,0,metadata.csv,pretrained_models/CUB/erm_875_333.pth,current,results/CUB/erm_dfr_rw_875/model_outputs_333
CUB,erm_dfr_rw_95,111,ft.erm.erm__c-50__src-train__bal-rw__frac-0.047__wd-1.0__lr-1e-5__ep-301__bn-train,ft.erm.erm,erm,erm,50,train,rw,0.047,1.0,1e-05,301,64,train,0,0,metadata.csv,pretrained_models/CUB/erm_95_111.pth,current,results/CUB/erm_dfr_rw_95/model_outputs_111
CUB,erm_dfr_rw_95,222,ft.erm.erm__c-50__src-train__bal-rw__frac-0.047__wd-1.0__lr-1e-5__ep-301__bn-train,ft.erm.erm,erm,erm,50,train,rw,0.047,1.0,1e-05,301,64,train,0,0,metadata.csv,pretrained_models/CUB/erm_95_222.pth,current,results/CUB/erm_dfr_rw_95/model_outputs_222
CUB,erm_dfr_rw_95,333,ft.erm.erm__c-50__src-train__bal-rw__frac-0.047__wd-1.0__lr-1e-5__ep-301__bn-train,ft.erm.erm,erm,erm,50,train,rw,0.047,1.0,1e-05,301,64,train,0,0,metadata.csv,pretrained_models/CUB/erm_95_333.pth,current,results/CUB/erm_dfr_rw_95/model_outputs_333
CUB,erm_dfr_rw_new_0.1_95,111,ft.erm.erm__c-50__src-train__bal-sub.rw__frac-0.0101__wd-0.0001__lr-0.0001__ep-301__bn-train,ft.erm.erm,erm,erm,50,train,sub.rw,0.0101,0.0001,0.0001,301,64,train,0,0,metadata_dfr.csv,pretrained_models/CUB/erm_95_111.pth,current,results/CUB/erm_dfr_rw_new_0.1_95/model_outputs_111
CUB,erm_dfr_rw_new_0.1_95,222,ft.erm.erm__c-50__src-train__bal-sub.rw__frac-0.0101__wd-0.0001__lr-0.0001__ep-301__bn-train,ft.erm.erm,erm,erm,50,train,sub.rw,0.0101,0.0001,0.0001,301,64,train,0,0,metadata_dfr.csv,pretrained_models/CUB/erm_95_222.pth,current,results/CUB/erm_dfr_rw_new_0.1_95/model_outputs_222
CUB,erm_dfr_rw_new_0.1_95,333,ft.erm.erm__c-50__src-train__bal-sub.rw__frac-0.0101__wd-0.0001__lr-0.0001__ep-301__bn-train,ft.erm.erm,erm,erm,50,train,sub.rw,0.0101,0.0001,0.0001,301,64,train,0,0,metadata_dfr.csv,pretrained_models/CUB/erm_95_333.pth,current,results/CUB/erm_dfr_rw_new_0.1_95/model_outputs_333
CUB,erm_dfr_rw_new_0.25_95,111,ft.erm.erm__c-50__src-train__bal-sub.rw__frac-0.0252__wd-0.0001__lr-0.0001__ep-301__bn-train,ft.erm.erm,erm,erm,50,train,sub.rw,0.0252,0.0001,0.0001,301,64,train,0,0,metadata_dfr.csv,pretrained_models/CUB/erm_95_111.pth,current,results/CUB/erm_dfr_rw_new_0.25_95/model_outputs_111
CUB,erm_dfr_rw_new_0.25_95,222,ft.erm.erm__c-50__src-train__bal-sub.rw__frac-0.0252__wd-0.0001__lr-0.0001__ep-301__bn-train,ft.erm.erm,erm,erm,50,train,sub.rw,0.0252,0.0001,0.0001,301,64,train,0,0,metadata_dfr.csv,pretrained_models/CUB/erm_95_222.pth,current,results/CUB/erm_dfr_rw_new_0.25_95/model_outputs_222
CUB,erm_dfr_rw_new_0.25_95,333,ft.erm.erm__c-50__src-train__bal-sub.rw__frac-0.0252__wd-0.0001__lr-0.0001__ep-301__bn-train,ft.erm.erm,erm,erm,50,train,sub.rw,0.0252,0.0001,0.0001,301,64,train,0,0,metadata_dfr.csv,pretrained_models/CUB/erm_95_333.pth,current,results/CUB/erm_dfr_rw_new_0.25_95/model_outputs_333
CUB,erm_dfr_rw_new_0.5_95,111,ft.erm.erm__c-50__src-train__bal-sub.rw__frac-0.0504__wd-0.0001__lr-0.0001__ep-301__bn-train,ft.erm.erm,erm,erm,50,train,sub.rw,0.0504,0.0001,0.0001,301,64,train,0,0,metadata_dfr.csv,pretrained_models/CUB/erm_95_111.pth,current,results/CUB/erm_dfr_rw_new_0.5_95/model_outputs_111
CUB,erm_dfr_rw_new_0.5_95,222,ft.erm.erm__c-50__src-train__bal-sub.rw__frac-0.0504__wd-0.0001__lr-0.0001__ep-301__bn-train,ft.erm.erm,erm,erm,50,train,sub.rw,0.0504,0.0001,0.0001,301,64,train,0,0,metadata_dfr.csv,pretrained_models/CUB/erm_95_222.pth,current,results/CUB/erm_dfr_rw_new_0.5_95/model_outputs_222
CUB,erm_dfr_rw_new_0.5_95,333,ft.erm.erm__c-50__src-train__bal-sub.rw__frac-0.0504__wd-0.0001__lr-0.0001__ep-301__bn-train,ft.erm.erm,erm,erm,50,train,sub.rw,0.0504,0.0001,0.0001,301,64,train,0,0,metadata_dfr.csv,pretrained_models/CUB/erm_95_333.pth,current,results/CUB/erm_dfr_rw_new_0.5_95/model_outputs_333
CUB,erm_dfr_rw_new_0.75_95,111,ft.erm.erm__c-50__src-train__bal-sub.rw__frac-0.0756__wd-0.0001__lr-0.0001__ep-301__bn-train,ft.erm.erm,erm,erm,50,train,sub.rw,0.0756,0.0001,0.0001,301,64,train,0,0,metadata_dfr.csv,pretrained_models/CUB/erm_95_111.pth,current,results/CUB/erm_dfr_rw_new_0.75_95/model_outputs_111
CUB,erm_dfr_rw_new_0.75_95,222,ft.erm.erm__c-50__src-train__bal-sub.rw__frac-0.0756__wd-0.0001__lr-0.0001__ep-301__bn-train,ft.erm.erm,erm,erm,50,train,sub.rw,0.0756,0.0001,0.0001,301,64,train,0,0,metadata_dfr.csv,pretrained_models/CUB/erm_95_222.pth,current,results/CUB/erm_dfr_rw_new_0.75_95/model_outputs_222
CUB,erm_dfr_rw_new_0.75_95,333,ft.erm.erm__c-50__src-train__bal-sub.rw__frac-0.0756__wd-0.0001__lr-0.0001__ep-301__bn-train,ft.erm.erm,erm,erm,50,train,sub.rw,0.0756,0.0001,0.0001,301,64,train,0,0,metadata_dfr.csv,pretrained_models/CUB/erm_95_333.pth,current,results/CUB/erm_dfr_rw_new_0.75_95/model_outputs_333
CUB,erm_dfr_rw_new_0.9_95,111,ft.erm.erm__c-50__src-train__bal-sub.rw__frac-0.0908__wd-0.0001__lr-0.0001__ep-301__bn-train,ft.erm.erm,erm,erm,50,train,sub.rw,0.0908,0.0001,0.0001,301,64,train,0,0,metadata_dfr.csv,pretrained_models/CUB/erm_95_111.pth,current,results/CUB/erm_dfr_rw_new_0.9_95/model_outputs_111
CUB,erm_dfr_rw_new_0.9_95,222,ft.erm.erm__c-50__src-train__bal-sub.rw__frac-0.0908__wd-0.0001__lr-0.0001__ep-301__bn-train,ft.erm.erm,erm,erm,50,train,sub.rw,0.0908,0.0001,0.0001,301,64,train,0,0,metadata_dfr.csv,pretrained_models/CUB/erm_95_222.pth,current,results/CUB/erm_dfr_rw_new_0.9_95/model_outputs_222
CUB,erm_dfr_rw_new_0.9_95,333,ft.erm.erm__c-50__src-train__bal-sub.rw__frac-0.0908__wd-0.0001__lr-0.0001__ep-301__bn-train,ft.erm.erm,erm,erm,50,train,sub.rw,0.0908,0.0001,0.0001,301,64,train,0,0,metadata_dfr.csv,pretrained_models/CUB/erm_95_333.pth,current,results/CUB/erm_dfr_rw_new_0.9_95/model_outputs_333
CUB,erm_dfr_rw_new_111,50,ft.erm.erm__c-50__src-train__bal-sub.rw__frac-0.100864__wd-1.0__lr-1e-5__ep-301__bn-train,ft.erm.erm,erm,erm,50,train,sub.rw,0.10086393088552917,1.0,1e-05,301,64,train,0,0,metadata_dfr.csv,pretrained_models/CUB/erm_111_50.pth,current,results/CUB/erm_dfr_rw_new_111/model_outputs_50
CUB,erm_dfr_rw_new_111,625,ft.erm.erm__c-50__src-train__bal-sub.rw__frac-0.100864__wd-1.0__lr-1e-5__ep-301__bn-train,ft.erm.erm,erm,erm,50,train,sub.rw,0.10086393088552917,1.0,1e-05,301,64,train,0,0,metadata_dfr.csv,pretrained_models/CUB/erm_111_625.pth,current,results/CUB/erm_dfr_rw_new_111/model_outputs_625
CUB,erm_dfr_rw_new_111,75,ft.erm.erm__c-50__src-train__bal-sub.rw__frac-0.100864__wd-1.0__lr-1e-5__ep-301__bn-train,ft.erm.erm,erm,erm,50,train,sub.rw,0.10086393088552917,1.0,1e-05,301,64,train,0,0,metadata_dfr.csv,pretrained_models/CUB/erm_111_75.pth,current,results/CUB/erm_dfr_rw_new_111/model_outputs_75
CUB,erm_dfr_rw_new_111,875,ft.erm.erm__c-50__src-train__bal-sub.rw__frac-0.100864__wd-1.0__lr-1e-5__ep-301__bn-train,ft.erm.erm,erm,erm,50,train,sub.rw,0.10086393088552917,1.0,1e-05,301,64,train,0,0,metadata_dfr.csv,pretrained_models/CUB/erm_111_875.pth,current,results/CUB/erm_dfr_rw_new_111/model_outputs_875
CUB,erm_dfr_rw_new_111,95,ft.erm.erm__c-50__src-train__bal-sub.rw__frac-0.100864__wd-1.0__lr-1e-5__ep-301__bn-train,ft.erm.erm,erm,erm,50,train,sub.rw,0.10086393088552917,1.0,1e-05,301,64,train,0,0,metadata_dfr.csv,pretrained_models/CUB/erm_111_95.pth,current,results/CUB/erm_dfr_rw_new_111/model_outputs_95
CUB,erm_dfr_rw_new_222,50,ft.erm.erm__c-50__src-train__bal-sub.rw__frac-0.100864__wd-1.0__lr-1e-5__ep-301__bn-train,ft.erm.erm,erm,erm,50,train,sub.rw,0.10086393088552917,1.0,1e-05,301,64,train,0,0,metadata_dfr.csv,pretrained_models/CUB/erm_222_50.pth,current,results/CUB/erm_dfr_rw_new_222/model_outputs_50
CUB,erm_dfr_rw_new_222,625,ft.erm.erm__c-50__src-train__bal-sub.rw__frac-0.100864__wd-1.0__lr-1e-5__ep-301__bn-train,ft.erm.erm,erm,erm,50,train,sub.rw,0.10086393088552917,1.0,1e-05,301,64,train,0,0,metadata_dfr.csv,pretrained_models/CUB/erm_222_625.pth,current,results/CUB/erm_dfr_rw_new_222/model_outputs_625
CUB,erm_dfr_rw_new_222,75,ft.erm.erm__c-50__src-train__bal-sub.rw__frac-0.100864__wd-1.0__lr-1e-5__ep-301__bn-train,ft.erm.erm,erm,erm,50,train,sub.rw,0.10086393088552917,1.0,1e-05,301,64,train,0,0,metadata_dfr.csv,pretrained_models/CUB/erm_222_75.pth,current,results/CUB/erm_dfr_rw_new_222/model_outputs_75
CUB,erm_dfr_rw_new_222,875,ft.erm.erm__c-50__src-train__bal-sub.rw__frac-0.100864__wd-1.0__lr-1e-5__ep-301__bn-train,ft.erm.erm,erm,erm,50,train,sub.rw,0.10086393088552917,1.0,1e-05,301,64,train,0,0,metadata_dfr.csv,pretrained_models/CUB/erm_222_875.pth,current,results/CUB/erm_dfr_rw_new_222/model_outputs_875
CUB,erm_dfr_rw_new_222,95,ft.erm.erm__c-50__src-train__bal-sub.rw__frac-0.100864__wd-1.0__lr-1e-5__ep-301__bn-train,ft.erm.erm,erm,erm,50,train,sub.rw,0.10086393088552917,1.0,1e-05,301,64,train,0,0,metadata_dfr.csv,pretrained_models/CUB/erm_222_95.pth,current,results/CUB/erm_dfr_rw_new_222/model_outputs_95
CUB,erm_dfr_rw_new_333,50,ft.erm.erm__c-50__src-train__bal-sub.rw__frac-0.100864__wd-1.0__lr-1e-5__ep-301__bn-train,ft.erm.erm,erm,erm,50,train,sub.rw,0.10086393088552917,1.0,1e-05,301,64,train,0,0,metadata_dfr.csv,pretrained_models/CUB/erm_333_50.pth,current,results/CUB/erm_dfr_rw_new_333/model_outputs_50
CUB,erm_dfr_rw_new_333,625,ft.erm.erm__c-50__src-train__bal-sub.rw__frac-0.100864__wd-1.0__lr-1e-5__ep-301__bn-train,ft.erm.erm,erm,erm,50,train,sub.rw,0.10086393088552917,1.0,1e-05,301,64,train,0,0,metadata_dfr.csv,pretrained_models/CUB/erm_333_625.pth,current,results/CUB/erm_dfr_rw_new_333/model_outputs_625
CUB,erm_dfr_rw_new_333,75,ft.erm.erm__c-50__src-train__bal-sub.rw__frac-0.100864__wd-1.0__lr-1e-5__ep-301__bn-train,ft.erm.erm,erm,erm,50,train,sub.rw,0.10086393088552917,1.0,1e-05,301,64,train,0,0,metadata_dfr.csv,pretrained_models/CUB/erm_333_75.pth,current,results/CUB/erm_dfr_rw_new_333/model_outputs_75
CUB,erm_dfr_rw_new_333,875,ft.erm.erm__c-50__src-train__bal-sub.rw__frac-0.100864__wd-1.0__lr-1e-5__ep-301__bn-train,ft.erm.erm,erm,erm,50,train,sub.rw,0.10086393088552917,1.0,1e-05,301,64,train,0,0,metadata_dfr.csv,pretrained_models/CUB/erm_333_875.pth,current,results/CUB/erm_dfr_rw_new_333/model_outputs_875
CUB,erm_dfr_rw_new_333,95,ft.erm.erm__c-50__src-train__bal-sub.rw__frac-0.100864__wd-1.0__lr-1e-5__ep-301__bn-train,ft.erm.erm,erm,erm,50,train,sub.rw,0.10086393088552917,1.0,1e-05,301,64,train,0,0,metadata_dfr.csv,pretrained_models/CUB/erm_333_95.pth,current,results/CUB/erm_dfr_rw_new_333/model_outputs_95
CUB,erm_dfr_rw_new_50,111,ft.erm.erm__c-50__src-train__bal-sub.rw__frac-0.100864__wd-1.0__lr-1e-5__ep-301__bn-train,ft.erm.erm,erm,erm,50,train,sub.rw,0.10086393088552917,1.0,1e-05,301,64,train,0,0,metadata_dfr.csv,pretrained_models/CUB/erm_50_111.pth,current,results/CUB/erm_dfr_rw_new_50/model_outputs_111
CUB,erm_dfr_rw_new_50,222,ft.erm.erm__c-50__src-train__bal-sub.rw__frac-0.100864__wd-1.0__lr-1e-5__ep-301__bn-train,ft.erm.erm,erm,erm,50,train,sub.rw,0.10086393088552917,1.0,1e-05,301,64,train,0,0,metadata_dfr.csv,pretrained_models/CUB/erm_50_222.pth,current,results/CUB/erm_dfr_rw_new_50/model_outputs_222
CUB,erm_dfr_rw_new_50,333,ft.erm.erm__c-50__src-train__bal-sub.rw__frac-0.100864__wd-1.0__lr-1e-5__ep-301__bn-train,ft.erm.erm,erm,erm,50,train,sub.rw,0.10086393088552917,1.0,1e-05,301,64,train,0,0,metadata_dfr.csv,pretrained_models/CUB/erm_50_333.pth,current,results/CUB/erm_dfr_rw_new_50/model_outputs_333
CUB,erm_dfr_rw_new_625,111,ft.erm.erm__c-50__src-train__bal-sub.rw__frac-0.771058__wd-0.0001__lr-0.0001__ep-301__bn-train,ft.erm.erm,erm,erm,50,train,sub.rw,0.7710583153347733,0.0001,0.0001,301,64,train,0,0,metadata_dfr.csv,pretrained_models/CUB/erm_625_111.pth,current,results/CUB/erm_dfr_rw_new_625/model_outputs_111
CUB,erm_dfr_rw_new_625,222,ft.erm.erm__c-50__src-train__bal-sub.rw__frac-0.771058__wd-0.0001__lr-0.0001__ep-301__bn-train,ft.erm.erm,erm,erm,50,train,sub.rw,0.7710583153347733,0.0001,0.0001,301,64,train,0,0,metadata_dfr.csv,pretrained_models/CUB/erm_625_222.pth,current,results/CUB/erm_dfr_rw_new_625/model_outputs_222
CUB,erm_dfr_rw_new_625,333,ft.erm.erm__c-50__src-train__bal-sub.rw__frac-0.771058__wd-0.0001__lr-0.0001__ep-301__bn-train,ft.erm.erm,erm,erm,50,train,sub.rw,0.7710583153347733,0.0001,0.0001,301,64,train,0,0,metadata_dfr.csv,pretrained_models/CUB/erm_625_333.pth,current,results/CUB/erm_dfr_rw_new_625/model_outputs_333
CUB,erm_dfr_rw_new_75,111,ft.erm.erm__c-50__src-train__bal-sub.rw__frac-0.486393__wd-0.0001__lr-0.0001__ep-301__bn-train,ft.erm.erm,erm,erm,50,train,sub.rw,0.4863930885529158,0.0001,0.0001,301,64,train,0,0,metadata_dfr.csv,pretrained_models/CUB/erm_75_111.pth,current,results/CUB/erm_dfr_rw_new_75/model_outputs_111
CUB,erm_dfr_rw_new_75,222,ft.erm.erm__c-50__src-train__bal-sub.rw__frac-0.486393__wd-0.0001__lr-0.0001__ep-301__bn-train,ft.erm.erm,erm,erm,50,train,sub.rw,0.4863930885529158,0.0001,0.0001,301,64,train,0,0,metadata_dfr.csv,pretrained_models/CUB/erm_75_222.pth,current,results/CUB/erm_dfr_rw_new_75/model_outputs_222
CUB,erm_dfr_rw_new_75,333,ft.erm.erm__c-50__src-train__bal-sub.rw__frac-0.486393__wd-0.0001__lr-0.0001__ep-301__bn-train,ft.erm.erm,erm,erm,50,train,sub.rw,0.4863930885529158,0.0001,0.0001,301,64,train,0,0,metadata_dfr.csv,pretrained_models/CUB/erm_75_333.pth,current,results/CUB/erm_dfr_rw_new_75/model_outputs_333
CUB,erm_dfr_rw_new_875,111,ft.erm.erm__c-50__src-train__bal-sub.rw__frac-0.253996__wd-0.0001__lr-0.0001__ep-301__bn-train,ft.erm.erm,erm,erm,50,train,sub.rw,0.25399568034557235,0.0001,0.0001,301,64,train,0,0,metadata_dfr.csv,pretrained_models/CUB/erm_875_111.pth,current,results/CUB/erm_dfr_rw_new_875/model_outputs_111
CUB,erm_dfr_rw_new_875,222,ft.erm.erm__c-50__src-train__bal-sub.rw__frac-0.253996__wd-0.0001__lr-0.0001__ep-301__bn-train,ft.erm.erm,erm,erm,50,train,sub.rw,0.25399568034557235,0.0001,0.0001,301,64,train,0,0,metadata_dfr.csv,pretrained_models/CUB/erm_875_222.pth,current,results/CUB/erm_dfr_rw_new_875/model_outputs_222
CUB,erm_dfr_rw_new_875,333,ft.erm.erm__c-50__src-train__bal-sub.rw__frac-0.253996__wd-0.0001__lr-0.0001__ep-301__bn-train,ft.erm.erm,erm,erm,50,train,sub.rw,0.25399568034557235,0.0001,0.0001,301,64,train,0,0,metadata_dfr.csv,pretrained_models/CUB/erm_875_333.pth,current,results/CUB/erm_dfr_rw_new_875/model_outputs_333
CUB,erm_dfr_rw_new_95,111,ft.erm.erm__c-50__src-train__bal-sub.rw__frac-0.100864__wd-0.0001__lr-0.0001__ep-301__bn-train,ft.erm.erm,erm,erm,50,train,sub.rw,0.10086393088552917,0.0001,0.0001,301,64,train,0,0,metadata_dfr.csv,pretrained_models/CUB/erm_95_111.pth,current,results/CUB/erm_dfr_rw_new_95/model_outputs_111
CUB,erm_dfr_rw_new_95,222,ft.erm.erm__c-50__src-train__bal-sub.rw__frac-0.100864__wd-0.0001__lr-0.0001__ep-301__bn-train,ft.erm.erm,erm,erm,50,train,sub.rw,0.10086393088552917,0.0001,0.0001,301,64,train,0,0,metadata_dfr.csv,pretrained_models/CUB/erm_95_222.pth,current,results/CUB/erm_dfr_rw_new_95/model_outputs_222
CUB,erm_dfr_rw_new_95,333,ft.erm.erm__c-50__src-train__bal-sub.rw__frac-0.100864__wd-0.0001__lr-0.0001__ep-301__bn-train,ft.erm.erm,erm,erm,50,train,sub.rw,0.10086393088552917,0.0001,0.0001,301,64,train,0,0,metadata_dfr.csv,pretrained_models/CUB/erm_95_333.pth,current,results/CUB/erm_dfr_rw_new_95/model_outputs_333
CUB,erm_gdro_0.1_95,111,ft.erm.gdro__c-95__src-train__bal-rw__frac-0.1__wd-1.0__lr-1e-5__ep-301__bn-train,ft.erm.gdro,erm,gdro,95,train,rw,0.1,1.0,1e-05,301,64,train,0,0,metadata.csv,pretrained_models/CUB/erm_95_111.pth,current,results/CUB/erm_gdro_0.1_95/model_outputs_111
CUB,erm_gdro_0.1_95,222,ft.erm.gdro__c-95__src-train__bal-rw__frac-0.1__wd-1.0__lr-1e-5__ep-301__bn-train,ft.erm.gdro,erm,gdro,95,train,rw,0.1,1.0,1e-05,301,64,train,0,0,metadata.csv,pretrained_models/CUB/erm_95_222.pth,current,results/CUB/erm_gdro_0.1_95/model_outputs_222
CUB,erm_gdro_0.1_95,333,ft.erm.gdro__c-95__src-train__bal-rw__frac-0.1__wd-1.0__lr-1e-5__ep-301__bn-train,ft.erm.gdro,erm,gdro,95,train,rw,0.1,1.0,1e-05,301,64,train,0,0,metadata.csv,pretrained_models/CUB/erm_95_333.pth,current,results/CUB/erm_gdro_0.1_95/model_outputs_333
CUB,erm_gdro_0.25_95,111,ft.erm.gdro__c-95__src-train__bal-rw__frac-0.25__wd-1.0__lr-1e-5__ep-301__bn-train,ft.erm.gdro,erm,gdro,95,train,rw,0.25,1.0,1e-05,301,64,train,0,0,metadata.csv,pretrained_models/CUB/erm_95_111.pth,current,results/CUB/erm_gdro_0.25_95/model_outputs_111
CUB,erm_gdro_0.25_95,222,ft.erm.gdro__c-95__src-train__bal-rw__frac-0.25__wd-1.0__lr-1e-5__ep-301__bn-train,ft.erm.gdro,erm,gdro,95,train,rw,0.25,1.0,1e-05,301,64,train,0,0,metadata.csv,pretrained_models/CUB/erm_95_222.pth,current,results/CUB/erm_gdro_0.25_95/model_outputs_222
CUB,erm_gdro_0.25_95,333,ft.erm.gdro__c-95__src-train__bal-rw__frac-0.25__wd-1.0__lr-1e-5__ep-301__bn-train,ft.erm.gdro,erm,gdro,95,train,rw,0.25,1.0,1e-05,301,64,train,0,0,metadata.csv,pretrained_models/CUB/erm_95_333.pth,current,results/CUB/erm_gdro_0.25_95/model_outputs_333
CUB,erm_gdro_0.5_95,111,ft.erm.gdro__c-95__src-train__bal-rw__frac-0.5__wd-1.0__lr-1e-5__ep-301__bn-train,ft.erm.gdro,erm,gdro,95,train,rw,0.5,1.0,1e-05,301,64,train,0,0,metadata.csv,pretrained_models/CUB/erm_95_111.pth,current,results/CUB/erm_gdro_0.5_95/model_outputs_111
CUB,erm_gdro_0.5_95,222,ft.erm.gdro__c-95__src-train__bal-rw__frac-0.5__wd-1.0__lr-1e-5__ep-301__bn-train,ft.erm.gdro,erm,gdro,95,train,rw,0.5,1.0,1e-05,301,64,train,0,0,metadata.csv,pretrained_models/CUB/erm_95_222.pth,current,results/CUB/erm_gdro_0.5_95/model_outputs_222
CUB,erm_gdro_0.5_95,333,ft.erm.gdro__c-95__src-train__bal-rw__frac-0.5__wd-1.0__lr-1e-5__ep-301__bn-train,ft.erm.gdro,erm,gdro,95,train,rw,0.5,1.0,1e-05,301,64,train,0,0,metadata.csv,pretrained_models/CUB/erm_95_333.pth,current,results/CUB/erm_gdro_0.5_95/model_outputs_333
CUB,erm_gdro_0.75_95,111,ft.erm.gdro__c-95__src-train__bal-rw__frac-0.75__wd-1.0__lr-1e-5__ep-301__bn-train,ft.erm.gdro,erm,gdro,95,train,rw,0.75,1.0,1e-05,301,64,train,0,0,metadata.csv,pretrained_models/CUB/erm_95_111.pth,current,results/CUB/erm_gdro_0.75_95/model_outputs_111
CUB,erm_gdro_0.75_95,222,ft.erm.gdro__c-95__src-train__bal-rw__frac-0.75__wd-1.0__lr-1e-5__ep-301__bn-train,ft.erm.gdro,erm,gdro,95,train,rw,0.75,1.0,1e-05,301,64,train,0,0,metadata.csv,pretrained_models/CUB/erm_95_222.pth,current,results/CUB/erm_gdro_0.75_95/model_outputs_222
CUB,erm_gdro_0.75_95,333,ft.erm.gdro__c-95__src-train__bal-rw__frac-0.75__wd-1.0__lr-1e-5__ep-301__bn-train,ft.erm.gdro,erm,gdro,95,train,rw,0.75,1.0,1e-05,301,64,train,0,0,metadata.csv,pretrained_models/CUB/erm_95_333.pth,current,results/CUB/erm_gdro_0.75_95/model_outputs_333
CUB,erm_gdro_0.9_95,111,ft.erm.gdro__c-95__src-train__bal-rw__frac-0.9__wd-1.0__lr-1e-5__ep-301__bn-train,ft.erm.gdro,erm,gdro,95,train,rw,0.9,1.0,1e-05,301,64,train,0,0,metadata.csv,pretrained_models/CUB/erm_95_111.pth,current,results/CUB/erm_gdro_0.9_95/model_outputs_111
CUB,erm_gdro_0.9_95,222,ft.erm.gdro__c-95__src-train__bal-rw__frac-0.9__wd-1.0__lr-1e-5__ep-301__bn-train,ft.erm.gdro,erm,gdro,95,train,rw,0.9,1.0,1e-05,301,64,train,0,0,metadata.csv,pretrained_models/CUB/erm_95_222.pth,current,results/CUB/erm_gdro_0.9_95/model_outputs_222
CUB,erm_gdro_0.9_95,333,ft.erm.gdro__c-95__src-train__bal-rw__frac-0.9__wd-1.0__lr-1e-5__ep-301__bn-train,ft.erm.gdro,erm,gdro,95,train,rw,0.9,1.0,1e-05,301,64,train,0,0,metadata.csv,pretrained_models/CUB/erm_95_333.pth,current,results/CUB/erm_gdro_0.9_95/model_outputs_333
CUB,erm_gdro_50,111,ft.erm.gdro__c-50__src-train__bal-rw__frac-1.0__wd-1.0__lr-1e-5__ep-301__bn-train,ft.erm.gdro,erm,gdro,50,train,rw,1.0,1.0,1e-05,301,64,train,,,metadata.csv,pretrained_models/CUB/erm_50_111.pth,pre-normalize,results/CUB/erm_gdro_50/model_outputs_111
CUB,erm_gdro_50,222,ft.erm.gdro__c-50__src-train__bal-rw__frac-1.0__wd-1.0__lr-1e-5__ep-301__bn-train,ft.erm.gdro,erm,gdro,50,train,rw,1.0,1.0,1e-05,301,64,train,,,metadata.csv,pretrained_models/CUB/erm_50_222.pth,pre-normalize,results/CUB/erm_gdro_50/model_outputs_222
CUB,erm_gdro_50,333,ft.erm.gdro__c-50__src-train__bal-rw__frac-1.0__wd-1.0__lr-1e-5__ep-301__bn-train,ft.erm.gdro,erm,gdro,50,train,rw,1.0,1.0,1e-05,301,64,train,,,metadata.csv,pretrained_models/CUB/erm_50_333.pth,pre-normalize,results/CUB/erm_gdro_50/model_outputs_333
CUB,erm_gdro_625,111,ft.erm.gdro__c-625__src-train__bal-rw__frac-1.0__wd-1.0__lr-1e-5__ep-301__bn-train,ft.erm.gdro,erm,gdro,625,train,rw,1.0,1.0,1e-05,301,64,train,,,metadata.csv,pretrained_models/CUB/erm_625_111.pth,pre-normalize,results/CUB/erm_gdro_625/model_outputs_111
CUB,erm_gdro_625,222,ft.erm.gdro__c-625__src-train__bal-rw__frac-1.0__wd-1.0__lr-1e-5__ep-301__bn-train,ft.erm.gdro,erm,gdro,625,train,rw,1.0,1.0,1e-05,301,64,train,,,metadata.csv,pretrained_models/CUB/erm_625_222.pth,pre-normalize,results/CUB/erm_gdro_625/model_outputs_222
CUB,erm_gdro_625,333,ft.erm.gdro__c-625__src-train__bal-rw__frac-1.0__wd-1.0__lr-1e-5__ep-301__bn-train,ft.erm.gdro,erm,gdro,625,train,rw,1.0,1.0,1e-05,301,64,train,,,metadata.csv,pretrained_models/CUB/erm_625_333.pth,pre-normalize,results/CUB/erm_gdro_625/model_outputs_333
CUB,erm_gdro_75,111,ft.erm.gdro__c-75__src-train__bal-rw__frac-1.0__wd-1.0__lr-1e-5__ep-301__bn-train,ft.erm.gdro,erm,gdro,75,train,rw,1.0,1.0,1e-05,301,64,train,,,metadata.csv,pretrained_models/CUB/erm_75_111.pth,pre-normalize,results/CUB/erm_gdro_75/model_outputs_111
CUB,erm_gdro_75,222,ft.erm.gdro__c-75__src-train__bal-rw__frac-1.0__wd-1.0__lr-1e-5__ep-301__bn-train,ft.erm.gdro,erm,gdro,75,train,rw,1.0,1.0,1e-05,301,64,train,,,metadata.csv,pretrained_models/CUB/erm_75_222.pth,pre-normalize,results/CUB/erm_gdro_75/model_outputs_222
CUB,erm_gdro_75,333,ft.erm.gdro__c-75__src-train__bal-rw__frac-1.0__wd-1.0__lr-1e-5__ep-301__bn-train,ft.erm.gdro,erm,gdro,75,train,rw,1.0,1.0,1e-05,301,64,train,,,metadata.csv,pretrained_models/CUB/erm_75_333.pth,pre-normalize,results/CUB/erm_gdro_75/model_outputs_333
CUB,erm_gdro_875,111,ft.erm.gdro__c-875__src-train__bal-rw__frac-1.0__wd-1.0__lr-1e-5__ep-301__bn-train,ft.erm.gdro,erm,gdro,875,train,rw,1.0,1.0,1e-05,301,64,train,,,metadata.csv,pretrained_models/CUB/erm_875_111.pth,pre-normalize,results/CUB/erm_gdro_875/model_outputs_111
CUB,erm_gdro_875,222,ft.erm.gdro__c-875__src-train__bal-rw__frac-1.0__wd-1.0__lr-1e-5__ep-301__bn-train,ft.erm.gdro,erm,gdro,875,train,rw,1.0,1.0,1e-05,301,64,train,,,metadata.csv,pretrained_models/CUB/erm_875_222.pth,pre-normalize,results/CUB/erm_gdro_875/model_outputs_222
CUB,erm_gdro_875,333,ft.erm.gdro__c-875__src-train__bal-rw__frac-1.0__wd-1.0__lr-1e-5__ep-301__bn-train,ft.erm.gdro,erm,gdro,875,train,rw,1.0,1.0,1e-05,301,64,train,,,metadata.csv,pretrained_models/CUB/erm_875_333.pth,pre-normalize,results/CUB/erm_gdro_875/model_outputs_333
CUB,erm_gdro_95,111,ft.erm.gdro__c-95__src-train__bal-rw__frac-1.0__wd-1.0__lr-1e-5__ep-301__bn-train,ft.erm.gdro,erm,gdro,95,train,rw,1.0,1.0,1e-05,301,64,train,,,metadata.csv,pretrained_models/CUB/erm_95_111.pth,pre-normalize,results/CUB/erm_gdro_95/model_outputs_111
CUB,erm_gdro_95,222,ft.erm.gdro__c-95__src-train__bal-rw__frac-1.0__wd-1.0__lr-1e-5__ep-301__bn-train,ft.erm.gdro,erm,gdro,95,train,rw,1.0,1.0,1e-05,301,64,train,,,metadata.csv,pretrained_models/CUB/erm_95_222.pth,pre-normalize,results/CUB/erm_gdro_95/model_outputs_222
CUB,erm_gdro_95,333,ft.erm.gdro__c-95__src-train__bal-rw__frac-1.0__wd-1.0__lr-1e-5__ep-301__bn-train,ft.erm.gdro,erm,gdro,95,train,rw,1.0,1.0,1e-05,301,64,train,,,metadata.csv,pretrained_models/CUB/erm_95_333.pth,pre-normalize,results/CUB/erm_gdro_95/model_outputs_333
CUB,erm_gdro_frz0_50,111,ft.erm.gdro__c-50__src-train__bal-rw__frac-1.0__wd-1.0__lr-1e-5__ep-301,ft.erm.gdro,erm,gdro,50,train,rw,1.0,1.0,1e-05,301,64,n/a,0,,metadata.csv,pretrained_models/CUB/erm_50_111.pth,pre-normalize,results/CUB/erm_gdro_frz0_50/model_outputs_111
CUB,erm_gdro_frz0_50,222,ft.erm.gdro__c-50__src-train__bal-rw__frac-1.0__wd-1.0__lr-1e-5__ep-301,ft.erm.gdro,erm,gdro,50,train,rw,1.0,1.0,1e-05,301,64,n/a,0,,metadata.csv,pretrained_models/CUB/erm_50_222.pth,pre-normalize,results/CUB/erm_gdro_frz0_50/model_outputs_222
CUB,erm_gdro_frz0_50,333,ft.erm.gdro__c-50__src-train__bal-rw__frac-1.0__wd-1.0__lr-1e-5__ep-301,ft.erm.gdro,erm,gdro,50,train,rw,1.0,1.0,1e-05,301,64,n/a,0,,metadata.csv,pretrained_models/CUB/erm_50_333.pth,pre-normalize,results/CUB/erm_gdro_frz0_50/model_outputs_333
CUB,erm_gdro_frz0_625,111,ft.erm.gdro__c-625__src-train__bal-rw__frac-1.0__wd-1.0__lr-1e-5__ep-301,ft.erm.gdro,erm,gdro,625,train,rw,1.0,1.0,1e-05,301,64,n/a,0,,metadata.csv,pretrained_models/CUB/erm_625_111.pth,pre-normalize,results/CUB/erm_gdro_frz0_625/model_outputs_111
CUB,erm_gdro_frz0_625,222,ft.erm.gdro__c-625__src-train__bal-rw__frac-1.0__wd-1.0__lr-1e-5__ep-301,ft.erm.gdro,erm,gdro,625,train,rw,1.0,1.0,1e-05,301,64,n/a,0,,metadata.csv,pretrained_models/CUB/erm_625_222.pth,pre-normalize,results/CUB/erm_gdro_frz0_625/model_outputs_222
CUB,erm_gdro_frz0_625,333,ft.erm.gdro__c-625__src-train__bal-rw__frac-1.0__wd-1.0__lr-1e-5__ep-301,ft.erm.gdro,erm,gdro,625,train,rw,1.0,1.0,1e-05,301,64,n/a,0,,metadata.csv,pretrained_models/CUB/erm_625_333.pth,pre-normalize,results/CUB/erm_gdro_frz0_625/model_outputs_333
CUB,erm_gdro_frz0_75,111,ft.erm.gdro__c-75__src-train__bal-rw__frac-1.0__wd-1.0__lr-1e-5__ep-301,ft.erm.gdro,erm,gdro,75,train,rw,1.0,1.0,1e-05,301,64,n/a,0,,metadata.csv,pretrained_models/CUB/erm_75_111.pth,pre-normalize,results/CUB/erm_gdro_frz0_75/model_outputs_111
CUB,erm_gdro_frz0_75,222,ft.erm.gdro__c-75__src-train__bal-rw__frac-1.0__wd-1.0__lr-1e-5__ep-301,ft.erm.gdro,erm,gdro,75,train,rw,1.0,1.0,1e-05,301,64,n/a,0,,metadata.csv,pretrained_models/CUB/erm_75_222.pth,pre-normalize,results/CUB/erm_gdro_frz0_75/model_outputs_222
CUB,erm_gdro_frz0_75,333,ft.erm.gdro__c-75__src-train__bal-rw__frac-1.0__wd-1.0__lr-1e-5__ep-301,ft.erm.gdro,erm,gdro,75,train,rw,1.0,1.0,1e-05,301,64,n/a,0,,metadata.csv,pretrained_models/CUB/erm_75_333.pth,pre-normalize,results/CUB/erm_gdro_frz0_75/model_outputs_333
CUB,erm_gdro_frz0_875,111,ft.erm.gdro__c-875__src-train__bal-rw__frac-1.0__wd-1.0__lr-1e-5__ep-301,ft.erm.gdro,erm,gdro,875,train,rw,1.0,1.0,1e-05,301,64,n/a,0,,metadata.csv,pretrained_models/CUB/erm_875_111.pth,pre-normalize,results/CUB/erm_gdro_frz0_875/model_outputs_111
CUB,erm_gdro_frz0_875,222,ft.erm.gdro__c-875__src-train__bal-rw__frac-1.0__wd-1.0__lr-1e-5__ep-301,ft.erm.gdro,erm,gdro,875,train,rw,1.0,1.0,1e-05,301,64,n/a,0,,metadata.csv,pretrained_models/CUB/erm_875_222.pth,pre-normalize,results/CUB/erm_gdro_frz0_875/model_outputs_222
CUB,erm_gdro_frz0_875,333,ft.erm.gdro__c-875__src-train__bal-rw__frac-1.0__wd-1.0__lr-1e-5__ep-301,ft.erm.gdro,erm,gdro,875,train,rw,1.0,1.0,1e-05,301,64,n/a,0,,metadata.csv,pretrained_models/CUB/erm_875_333.pth,pre-normalize,results/CUB/erm_gdro_frz0_875/model_outputs_333
CUB,erm_gdro_frz0_95,111,ft.erm.gdro__c-95__src-train__bal-rw__frac-1.0__wd-1.0__lr-1e-5__ep-301,ft.erm.gdro,erm,gdro,95,train,rw,1.0,1.0,1e-05,301,64,n/a,0,,metadata.csv,pretrained_models/CUB/erm_95_111.pth,pre-normalize,results/CUB/erm_gdro_frz0_95/model_outputs_111
CUB,erm_gdro_frz0_95,222,ft.erm.gdro__c-95__src-train__bal-rw__frac-1.0__wd-1.0__lr-1e-5__ep-301,ft.erm.gdro,erm,gdro,95,train,rw,1.0,1.0,1e-05,301,64,n/a,0,,metadata.csv,pretrained_models/CUB/erm_95_222.pth,pre-normalize,results/CUB/erm_gdro_frz0_95/model_outputs_222
CUB,erm_gdro_frz0_95,333,ft.erm.gdro__c-95__src-train__bal-rw__frac-1.0__wd-1.0__lr-1e-5__ep-301,ft.erm.gdro,erm,gdro,95,train,rw,1.0,1.0,1e-05,301,64,n/a,0,,metadata.csv,pretrained_models/CUB/erm_95_333.pth,pre-normalize,results/CUB/erm_gdro_frz0_95/model_outputs_333
CUB,erm_gdro_frz1_50,111,ft.erm.gdro__c-50__src-train__bal-rw__frac-1.0__wd-1.0__lr-1e-5__ep-301__bn-train__unfreeze-1,ft.erm.gdro,erm,gdro,50,train,rw,1.0,1.0,1e-05,301,64,train,1,,metadata.csv,pretrained_models/CUB/erm_50_111.pth,pre-normalize,results/CUB/erm_gdro_frz1_50/model_outputs_111
CUB,erm_gdro_frz1_50,222,ft.erm.gdro__c-50__src-train__bal-rw__frac-1.0__wd-1.0__lr-1e-5__ep-301__bn-train__unfreeze-1,ft.erm.gdro,erm,gdro,50,train,rw,1.0,1.0,1e-05,301,64,train,1,,metadata.csv,pretrained_models/CUB/erm_50_222.pth,pre-normalize,results/CUB/erm_gdro_frz1_50/model_outputs_222
CUB,erm_gdro_frz1_50,333,ft.erm.gdro__c-50__src-train__bal-rw__frac-1.0__wd-1.0__lr-1e-5__ep-301__bn-train__unfreeze-1,ft.erm.gdro,erm,gdro,50,train,rw,1.0,1.0,1e-05,301,64,train,1,,metadata.csv,pretrained_models/CUB/erm_50_333.pth,pre-normalize,results/CUB/erm_gdro_frz1_50/model_outputs_333
CUB,erm_gdro_frz1_625,111,ft.erm.gdro__c-625__src-train__bal-rw__frac-1.0__wd-1.0__lr-1e-5__ep-301__bn-train__unfreeze-1,ft.erm.gdro,erm,gdro,625,train,rw,1.0,1.0,1e-05,301,64,train,1,,metadata.csv,pretrained_models/CUB/erm_625_111.pth,pre-normalize,results/CUB/erm_gdro_frz1_625/model_outputs_111
CUB,erm_gdro_frz1_625,222,ft.erm.gdro__c-625__src-train__bal-rw__frac-1.0__wd-1.0__lr-1e-5__ep-301__bn-train__unfreeze-1,ft.erm.gdro,erm,gdro,625,train,rw,1.0,1.0,1e-05,301,64,train,1,,metadata.csv,pretrained_models/CUB/erm_625_222.pth,pre-normalize,results/CUB/erm_gdro_frz1_625/model_outputs_222
CUB,erm_gdro_frz1_625,333,ft.erm.gdro__c-625__src-train__bal-rw__frac-1.0__wd-1.0__lr-1e-5__ep-301__bn-train__unfreeze-1,ft.erm.gdro,erm,gdro,625,train,rw,1.0,1.0,1e-05,301,64,train,1,,metadata.csv,pretrained_models/CUB/erm_625_333.pth,pre-normalize,results/CUB/erm_gdro_frz1_625/model_outputs_333
CUB,erm_gdro_frz1_75,111,ft.erm.gdro__c-75__src-train__bal-rw__frac-1.0__wd-1.0__lr-1e-5__ep-301__bn-train__unfreeze-1,ft.erm.gdro,erm,gdro,75,train,rw,1.0,1.0,1e-05,301,64,train,1,,metadata.csv,pretrained_models/CUB/erm_75_111.pth,pre-normalize,results/CUB/erm_gdro_frz1_75/model_outputs_111
CUB,erm_gdro_frz1_75,222,ft.erm.gdro__c-75__src-train__bal-rw__frac-1.0__wd-1.0__lr-1e-5__ep-301__bn-train__unfreeze-1,ft.erm.gdro,erm,gdro,75,train,rw,1.0,1.0,1e-05,301,64,train,1,,metadata.csv,pretrained_models/CUB/erm_75_222.pth,pre-normalize,results/CUB/erm_gdro_frz1_75/model_outputs_222
CUB,erm_gdro_frz1_75,333,ft.erm.gdro__c-75__src-train__bal-rw__frac-1.0__wd-1.0__lr-1e-5__ep-301__bn-train__unfreeze-1,ft.erm.gdro,erm,gdro,75,train,rw,1.0,1.0,1e-05,301,64,train,1,,metadata.csv,pretrained_models/CUB/erm_75_333.pth,pre-normalize,results/CUB/erm_gdro_frz1_75/model_outputs_333
CUB,erm_gdro_frz1_875,111,ft.erm.gdro__c-875__src-train__bal-rw__frac-1.0__wd-1.0__lr-1e-5__ep-301__bn-train__unfreeze-1,ft.erm.gdro,erm,gdro,875,train,rw,1.0,1.0,1e-05,301,64,train,1,,metadata.csv,pretrained_models/CUB/erm_875_111.pth,pre-normalize,results/CUB/erm_gdro_frz1_875/model_outputs_111
CUB,erm_gdro_frz1_875,222,ft.erm.gdro__c-875__src-train__bal-rw__frac-1.0__wd-1.0__lr-1e-5__ep-301__bn-train__unfreeze-1,ft.erm.gdro,erm,gdro,875,train,rw,1.0,1.0,1e-05,301,64,train,1,,metadata.csv,pretrained_models/CUB/erm_875_222.pth,pre-normalize,results/CUB/erm_gdro_frz1_875/model_outputs_222
CUB,erm_gdro_frz1_875,333,ft.erm.gdro__c-875__src-train__bal-rw__frac-1.0__wd-1.0__lr-1e-5__ep-301__bn-train__unfreeze-1,ft.erm.gdro,erm,gdro,875,train,rw,1.0,1.0,1e-05,301,64,train,1,,metadata.csv,pretrained_models/CUB/erm_875_333.pth,pre-normalize,results/CUB/erm_gdro_frz1_875/model_outputs_333
CUB,erm_gdro_frz1_95,111,ft.erm.gdro__c-95__src-train__bal-rw__frac-1.0__wd-1.0__lr-1e-5__ep-301__bn-train__unfreeze-1,ft.erm.gdro,erm,gdro,95,train,rw,1.0,1.0,1e-05,301,64,train,1,,metadata.csv,pretrained_models/CUB/erm_95_111.pth,pre-normalize,results/CUB/erm_gdro_frz1_95/model_outputs_111
CUB,erm_gdro_frz1_95,222,ft.erm.gdro__c-95__src-train__bal-rw__frac-1.0__wd-1.0__lr-1e-5__ep-301__bn-train__unfreeze-1,ft.erm.gdro,erm,gdro,95,train,rw,1.0,1.0,1e-05,301,64,train,1,,metadata.csv,pretrained_models/CUB/erm_95_222.pth,pre-normalize,results/CUB/erm_gdro_frz1_95/model_outputs_222
CUB,erm_gdro_frz1_95,333,ft.erm.gdro__c-95__src-train__bal-rw__frac-1.0__wd-1.0__lr-1e-5__ep-301__bn-train__unfreeze-1,ft.erm.gdro,erm,gdro,95,train,rw,1.0,1.0,1e-05,301,64,train,1,,metadata.csv,pretrained_models/CUB/erm_95_333.pth,pre-normalize,results/CUB/erm_gdro_frz1_95/model_outputs_333
CUB,erm_gdro_frz2_50,111,ft.erm.gdro__c-50__src-train__bal-rw__frac-1.0__wd-1.0__lr-1e-5__ep-301__bn-train__unfreeze-2,ft.erm.gdro,erm,gdro,50,train,rw,1.0,1.0,1e-05,301,64,train,2,,metadata.csv,pretrained_models/CUB/erm_50_111.pth,pre-normalize,results/CUB/erm_gdro_frz2_50/model_outputs_111
CUB,erm_gdro_frz2_50,222,ft.erm.gdro__c-50__src-train__bal-rw__frac-1.0__wd-1.0__lr-1e-5__ep-301__bn-train__unfreeze-2,ft.erm.gdro,erm,gdro,50,train,rw,1.0,1.0,1e-05,301,64,train,2,,metadata.csv,pretrained_models/CUB/erm_50_222.pth,pre-normalize,results/CUB/erm_gdro_frz2_50/model_outputs_222
CUB,erm_gdro_frz2_50,333,ft.erm.gdro__c-50__src-train__bal-rw__frac-1.0__wd-1.0__lr-1e-5__ep-301__bn-train__unfreeze-2,ft.erm.gdro,erm,gdro,50,train,rw,1.0,1.0,1e-05,301,64,train,2,,metadata.csv,pretrained_models/CUB/erm_50_333.pth,pre-normalize,results/CUB/erm_gdro_frz2_50/model_outputs_333
CUB,erm_gdro_frz2_625,111,ft.erm.gdro__c-625__src-train__bal-rw__frac-1.0__wd-1.0__lr-1e-5__ep-301__bn-train__unfreeze-2,ft.erm.gdro,erm,gdro,625,train,rw,1.0,1.0,1e-05,301,64,train,2,,metadata.csv,pretrained_models/CUB/erm_625_111.pth,pre-normalize,results/CUB/erm_gdro_frz2_625/model_outputs_111
CUB,erm_gdro_frz2_625,222,ft.erm.gdro__c-625__src-train__bal-rw__frac-1.0__wd-1.0__lr-1e-5__ep-301__bn-train__unfreeze-2,ft.erm.gdro,erm,gdro,625,train,rw,1.0,1.0,1e-05,301,64,train,2,,metadata.csv,pretrained_models/CUB/erm_625_222.pth,pre-normalize,results/CUB/erm_gdro_frz2_625/model_outputs_222
CUB,erm_gdro_frz2_625,333,ft.erm.gdro__c-625__src-train__bal-rw__frac-1.0__wd-1.0__lr-1e-5__ep-301__bn-train__unfreeze-2,ft.erm.gdro,erm,gdro,625,train,rw,1.0,1.0,1e-05,301,64,train,2,,metadata.csv,pretrained_models/CUB/erm_625_333.pth,pre-normalize,results/CUB/erm_gdro_frz2_625/model_outputs_333
CUB,erm_gdro_frz2_75,111,ft.erm.gdro__c-75__src-train__bal-rw__frac-1.0__wd-1.0__lr-1e-5__ep-301__bn-train__unfreeze-2,ft.erm.gdro,erm,gdro,75,train,rw,1.0,1.0,1e-05,301,64,train,2,,metadata.csv,pretrained_models/CUB/erm_75_111.pth,pre-normalize,results/CUB/erm_gdro_frz2_75/model_outputs_111
CUB,erm_gdro_frz2_75,222,ft.erm.gdro__c-75__src-train__bal-rw__frac-1.0__wd-1.0__lr-1e-5__ep-301__bn-train__unfreeze-2,ft.erm.gdro,erm,gdro,75,train,rw,1.0,1.0,1e-05,301,64,train,2,,metadata.csv,pretrained_models/CUB/erm_75_222.pth,pre-normalize,results/CUB/erm_gdro_frz2_75/model_outputs_222
CUB,erm_gdro_frz2_75,333,ft.erm.gdro__c-75__src-train__bal-rw__frac-1.0__wd-1.0__lr-1e-5__ep-301__bn-train__unfreeze-2,ft.erm.gdro,erm,gdro,75,train,rw,1.0,1.0,1e-05,301,64,train,2,,metadata.csv,pretrained_models/CUB/erm_75_333.pth,pre-normalize,results/CUB/erm_gdro_frz2_75/model_outputs_333
CUB,erm_gdro_frz2_875,111,ft.erm.gdro__c-875__src-train__bal-rw__frac-1.0__wd-1.0__lr-1e-5__ep-301__bn-train__unfreeze-2,ft.erm.gdro,erm,gdro,875,train,rw,1.0,1.0,1e-05,301,64,train,2,,metadata.csv,pretrained_models/CUB/erm_875_111.pth,pre-normalize,results/CUB/erm_gdro_frz2_875/model_outputs_111
CUB,erm_gdro_frz2_875,222,ft.erm.gdro__c-875__src-train__bal-rw__frac-1.0__wd-1.0__lr-1e-5__ep-301__bn-train__unfreeze-2,ft.erm.gdro,erm,gdro,875,train,rw,1.0,1.0,1e-05,301,64,train,2,,metadata.csv,pretrained_models/CUB/erm_875_222.pth,pre-normalize,results/CUB/erm_gdro_frz2_875/model_outputs_222
CUB,erm_gdro_frz2_875,333,ft.erm.gdro__c-875__src-train__bal-rw__frac-1.0__wd-1.0__lr-1e-5__ep-301__bn-train__unfreeze-2,ft.erm.gdro,erm,gdro,875,train,rw,1.0,1.0,1e-05,301,64,train,2,,metadata.csv,pretrained_models/CUB/erm_875_333.pth,pre-normalize,results/CUB/erm_gdro_frz2_875/model_outputs_333
CUB,erm_gdro_frz2_95,111,ft.erm.gdro__c-95__src-train__bal-rw__frac-1.0__wd-1.0__lr-1e-5__ep-301__bn-train__unfreeze-2,ft.erm.gdro,erm,gdro,95,train,rw,1.0,1.0,1e-05,301,64,train,2,,metadata.csv,pretrained_models/CUB/erm_95_111.pth,pre-normalize,results/CUB/erm_gdro_frz2_95/model_outputs_111
CUB,erm_gdro_frz2_95,222,ft.erm.gdro__c-95__src-train__bal-rw__frac-1.0__wd-1.0__lr-1e-5__ep-301__bn-train__unfreeze-2,ft.erm.gdro,erm,gdro,95,train,rw,1.0,1.0,1e-05,301,64,train,2,,metadata.csv,pretrained_models/CUB/erm_95_222.pth,pre-normalize,results/CUB/erm_gdro_frz2_95/model_outputs_222
CUB,erm_gdro_frz2_95,333,ft.erm.gdro__c-95__src-train__bal-rw__frac-1.0__wd-1.0__lr-1e-5__ep-301__bn-train__unfreeze-2,ft.erm.gdro,erm,gdro,95,train,rw,1.0,1.0,1e-05,301,64,train,2,,metadata.csv,pretrained_models/CUB/erm_95_333.pth,pre-normalize,results/CUB/erm_gdro_frz2_95/model_outputs_333
CUB,erm_gdro_frz3_50,111,ft.erm.gdro__c-50__src-train__bal-rw__frac-1.0__wd-1.0__lr-1e-5__ep-301__bn-train__unfreeze-3,ft.erm.gdro,erm,gdro,50,train,rw,1.0,1.0,1e-05,301,64,train,3,,metadata.csv,pretrained_models/CUB/erm_50_111.pth,pre-normalize,results/CUB/erm_gdro_frz3_50/model_outputs_111
CUB,erm_gdro_frz3_50,222,ft.erm.gdro__c-50__src-train__bal-rw__frac-1.0__wd-1.0__lr-1e-5__ep-301__bn-train__unfreeze-3,ft.erm.gdro,erm,gdro,50,train,rw,1.0,1.0,1e-05,301,64,train,3,,metadata.csv,pretrained_models/CUB/erm_50_222.pth,pre-normalize,results/CUB/erm_gdro_frz3_50/model_outputs_222
CUB,erm_gdro_frz3_50,333,ft.erm.gdro__c-50__src-train__bal-rw__frac-1.0__wd-1.0__lr-1e-5__ep-301__bn-train__unfreeze-3,ft.erm.gdro,erm,gdro,50,train,rw,1.0,1.0,1e-05,301,64,train,3,,metadata.csv,pretrained_models/CUB/erm_50_333.pth,pre-normalize,results/CUB/erm_gdro_frz3_50/model_outputs_333
CUB,erm_gdro_frz3_625,111,ft.erm.gdro__c-625__src-train__bal-rw__frac-1.0__wd-1.0__lr-1e-5__ep-301__bn-train__unfreeze-3,ft.erm.gdro,erm,gdro,625,train,rw,1.0,1.0,1e-05,301,64,train,3,,metadata.csv,pretrained_models/CUB/erm_625_111.pth,pre-normalize,results/CUB/erm_gdro_frz3_625/model_outputs_111
CUB,erm_gdro_frz3_625,222,ft.erm.gdro__c-625__src-train__bal-rw__frac-1.0__wd-1.0__lr-1e-5__ep-301__bn-train__unfreeze-3,ft.erm.gdro,erm,gdro,625,train,rw,1.0,1.0,1e-05,301,64,train,3,,metadata.csv,pretrained_models/CUB/erm_625_222.pth,pre-normalize,results/CUB/erm_gdro_frz3_625/model_outputs_222
CUB,erm_gdro_frz3_625,333,ft.erm.gdro__c-625__src-train__bal-rw__frac-1.0__wd-1.0__lr-1e-5__ep-301__bn-train__unfreeze-3,ft.erm.gdro,erm,gdro,625,train,rw,1.0,1.0,1e-05,301,64,train,3,,metadata.csv,pretrained_models/CUB/erm_625_333.pth,pre-normalize,results/CUB/erm_gdro_frz3_625/model_outputs_333
CUB,erm_gdro_frz3_75,111,ft.erm.gdro__c-75__src-train__bal-rw__frac-1.0__wd-1.0__lr-1e-5__ep-301__bn-train__unfreeze-3,ft.erm.gdro,erm,gdro,75,train,rw,1.0,1.0,1e-05,301,64,train,3,,metadata.csv,pretrained_models/CUB/erm_75_111.pth,pre-normalize,results/CUB/erm_gdro_frz3_75/model_outputs_111
CUB,erm_gdro_frz3_75,222,ft.erm.gdro__c-75__src-train__bal-rw__frac-1.0__wd-1.0__lr-1e-5__ep-301__bn-train__unfreeze-3,ft.erm.gdro,erm,gdro,75,train,rw,1.0,1.0,1e-05,301,64,train,3,,metadata.csv,pretrained_models/CUB/erm_75_222.pth,pre-normalize,results/CUB/erm_gdro_frz3_75/model_outputs_222
CUB,erm_gdro_frz3_75,333,ft.erm.gdro__c-75__src-train__bal-rw__frac-1.0__wd-1.0__lr-1e-5__ep-301__bn-train__unfreeze-3,ft.erm.gdro,erm,gdro,75,train,rw,1.0,1.0,1e-05,301,64,train,3,,metadata.csv,pretrained_models/CUB/erm_75_333.pth,pre-normalize,results/CUB/erm_gdro_frz3_75/model_outputs_333
CUB,erm_gdro_frz3_875,111,ft.erm.gdro__c-875__src-train__bal-rw__frac-1.0__wd-1.0__lr-1e-5__ep-301__bn-train__unfreeze-3,ft.erm.gdro,erm,gdro,875,train,rw,1.0,1.0,1e-05,301,64,train,3,,metadata.csv,pretrained_models/CUB/erm_875_111.pth,pre-normalize,results/CUB/erm_gdro_frz3_875/model_outputs_111
CUB,erm_gdro_frz3_875,222,ft.erm.gdro__c-875__src-train__bal-rw__frac-1.0__wd-1.0__lr-1e-5__ep-301__bn-train__unfreeze-3,ft.erm.gdro,erm,gdro,875,train,rw,1.0,1.0,1e-05,301,64,train,3,,metadata.csv,pretrained_models/CUB/erm_875_222.pth,pre-normalize,results/CUB/erm_gdro_frz3_875/model_outputs_222
CUB,erm_gdro_frz3_875,333,ft.erm.gdro__c-875__src-train__bal-rw__frac-1.0__wd-1.0__lr-1e-5__ep-301__bn-train__unfreeze-3,ft.erm.gdro,erm,gdro,875,train,rw,1.0,1.0,1e-05,301,64,train,3,,metadata.csv,pretrained_models/CUB/erm_875_333.pth,pre-normalize,results/CUB/erm_gdro_frz3_875/model_outputs_333
CUB,erm_gdro_frz3_95,111,ft.erm.gdro__c-95__src-train__bal-rw__frac-1.0__wd-1.0__lr-1e-5__ep-301__bn-train__unfreeze-3,ft.erm.gdro,erm,gdro,95,train,rw,1.0,1.0,1e-05,301,64,train,3,,metadata.csv,pretrained_models/CUB/erm_95_111.pth,pre-normalize,results/CUB/erm_gdro_frz3_95/model_outputs_111
CUB,erm_gdro_frz3_95,222,ft.erm.gdro__c-95__src-train__bal-rw__frac-1.0__wd-1.0__lr-1e-5__ep-301__bn-train__unfreeze-3,ft.erm.gdro,erm,gdro,95,train,rw,1.0,1.0,1e-05,301,64,train,3,,metadata.csv,pretrained_models/CUB/erm_95_222.pth,pre-normalize,results/CUB/erm_gdro_frz3_95/model_outputs_222
CUB,erm_gdro_frz3_95,333,ft.erm.gdro__c-95__src-train__bal-rw__frac-1.0__wd-1.0__lr-1e-5__ep-301__bn-train__unfreeze-3,ft.erm.gdro,erm,gdro,95,train,rw,1.0,1.0,1e-05,301,64,train,3,,metadata.csv,pretrained_models/CUB/erm_95_333.pth,pre-normalize,results/CUB/erm_gdro_frz3_95/model_outputs_333
CUB,erm_gdro_frz4_50,111,ft.erm.gdro__c-50__src-train__bal-rw__frac-1.0__wd-1.0__lr-1e-5__ep-301__bn-train__unfreeze-4,ft.erm.gdro,erm,gdro,50,train,rw,1.0,1.0,1e-05,301,64,train,4,,metadata.csv,pretrained_models/CUB/erm_50_111.pth,pre-normalize,results/CUB/erm_gdro_frz4_50/model_outputs_111
CUB,erm_gdro_frz4_50,222,ft.erm.gdro__c-50__src-train__bal-rw__frac-1.0__wd-1.0__lr-1e-5__ep-301__bn-train__unfreeze-4,ft.erm.gdro,erm,gdro,50,train,rw,1.0,1.0,1e-05,301,64,train,4,,metadata.csv,pretrained_models/CUB/erm_50_222.pth,pre-normalize,results/CUB/erm_gdro_frz4_50/model_outputs_222
CUB,erm_gdro_frz4_50,333,ft.erm.gdro__c-50__src-train__bal-rw__frac-1.0__wd-1.0__lr-1e-5__ep-301__bn-train__unfreeze-4,ft.erm.gdro,erm,gdro,50,train,rw,1.0,1.0,1e-05,301,64,train,4,,metadata.csv,pretrained_models/CUB/erm_50_333.pth,pre-normalize,results/CUB/erm_gdro_frz4_50/model_outputs_333
CUB,erm_gdro_frz4_625,111,ft.erm.gdro__c-625__src-train__bal-rw__frac-1.0__wd-1.0__lr-1e-5__ep-301__bn-train__unfreeze-4,ft.erm.gdro,erm,gdro,625,train,rw,1.0,1.0,1e-05,301,64,train,4,,metadata.csv,pretrained_models/CUB/erm_625_111.pth,pre-normalize,results/CUB/erm_gdro_frz4_625/model_outputs_111
CUB,erm_gdro_frz4_625,222,ft.erm.gdro__c-625__src-train__bal-rw__frac-1.0__wd-1.0__lr-1e-5__ep-301__bn-train__unfreeze-4,ft.erm.gdro,erm,gdro,625,train,rw,1.0,1.0,1e-05,301,64,train,4,,metadata.csv,pretrained_models/CUB/erm_625_222.pth,pre-normalize,results/CUB/erm_gdro_frz4_625/model_outputs_222
CUB,erm_gdro_frz4_625,333,ft.erm.gdro__c-625__src-train__bal-rw__frac-1.0__wd-1.0__lr-1e-5__ep-301__bn-train__unfreeze-4,ft.erm.gdro,erm,gdro,625,train,rw,1.0,1.0,1e-05,301,64,train,4,,metadata.csv,pretrained_models/CUB/erm_625_333.pth,pre-normalize,results/CUB/erm_gdro_frz4_625/model_outputs_333
CUB,erm_gdro_frz4_75,111,ft.erm.gdro__c-75__src-train__bal-rw__frac-1.0__wd-1.0__lr-1e-5__ep-301__bn-train__unfreeze-4,ft.erm.gdro,erm,gdro,75,train,rw,1.0,1.0,1e-05,301,64,train,4,,metadata.csv,pretrained_models/CUB/erm_75_111.pth,pre-normalize,results/CUB/erm_gdro_frz4_75/model_outputs_111
CUB,erm_gdro_frz4_75,222,ft.erm.gdro__c-75__src-train__bal-rw__frac-1.0__wd-1.0__lr-1e-5__ep-301__bn-train__unfreeze-4,ft.erm.gdro,erm,gdro,75,train,rw,1.0,1.0,1e-05,301,64,train,4,,metadata.csv,pretrained_models/CUB/erm_75_222.pth,pre-normalize,results/CUB/erm_gdro_frz4_75/model_outputs_222
CUB,erm_gdro_frz4_75,333,ft.erm.gdro__c-75__src-train__bal-rw__frac-1.0__wd-1.0__lr-1e-5__ep-301__bn-train__unfreeze-4,ft.erm.gdro,erm,gdro,75,train,rw,1.0,1.0,1e-05,301,64,train,4,,metadata.csv,pretrained_models/CUB/erm_75_333.pth,pre-normalize,results/CUB/erm_gdro_frz4_75/model_outputs_333
CUB,erm_gdro_frz4_875,111,ft.erm.gdro__c-875__src-train__bal-rw__frac-1.0__wd-1.0__lr-1e-5__ep-301__bn-train__unfreeze-4,ft.erm.gdro,erm,gdro,875,train,rw,1.0,1.0,1e-05,301,64,train,4,,metadata.csv,pretrained_models/CUB/erm_875_111.pth,pre-normalize,results/CUB/erm_gdro_frz4_875/model_outputs_111
CUB,erm_gdro_frz4_875,222,ft.erm.gdro__c-875__src-train__bal-rw__frac-1.0__wd-1.0__lr-1e-5__ep-301__bn-train__unfreeze-4,ft.erm.gdro,erm,gdro,875,train,rw,1.0,1.0,1e-05,301,64,train,4,,metadata.csv,pretrained_models/CUB/erm_875_222.pth,pre-normalize,results/CUB/erm_gdro_frz4_875/model_outputs_222
CUB,erm_gdro_frz4_875,333,ft.erm.gdro__c-875__src-train__bal-rw__frac-1.0__wd-1.0__lr-1e-5__ep-301__bn-train__unfreeze-4,ft.erm.gdro,erm,gdro,875,train,rw,1.0,1.0,1e-05,301,64,train,4,,metadata.csv,pretrained_models/CUB/erm_875_333.pth,pre-normalize,results/CUB/erm_gdro_frz4_875/model_outputs_333
CUB,erm_gdro_frz4_95,111,ft.erm.gdro__c-95__src-train__bal-rw__frac-1.0__wd-1.0__lr-1e-5__ep-301__bn-train__unfreeze-4,ft.erm.gdro,erm,gdro,95,train,rw,1.0,1.0,1e-05,301,64,train,4,,metadata.csv,pretrained_models/CUB/erm_95_111.pth,pre-normalize,results/CUB/erm_gdro_frz4_95/model_outputs_111
CUB,erm_gdro_frz4_95,222,ft.erm.gdro__c-95__src-train__bal-rw__frac-1.0__wd-1.0__lr-1e-5__ep-301__bn-train__unfreeze-4,ft.erm.gdro,erm,gdro,95,train,rw,1.0,1.0,1e-05,301,64,train,4,,metadata.csv,pretrained_models/CUB/erm_95_222.pth,pre-normalize,results/CUB/erm_gdro_frz4_95/model_outputs_222
CUB,erm_gdro_frz4_95,333,ft.erm.gdro__c-95__src-train__bal-rw__frac-1.0__wd-1.0__lr-1e-5__ep-301__bn-train__unfreeze-4,ft.erm.gdro,erm,gdro,95,train,rw,1.0,1.0,1e-05,301,64,train,4,,metadata.csv,pretrained_models/CUB/erm_95_333.pth,pre-normalize,results/CUB/erm_gdro_frz4_95/model_outputs_333
CUB,erm_gdro_frz_rst1_50,111,ft.erm.gdro__c-50__src-train__bal-rw__frac-1.0__wd-1.0__lr-1e-5__ep-301__bn-train__unfreeze-1__restart-1,ft.erm.gdro,erm,gdro,50,train,rw,1.0,1.0,1e-05,301,64,train,1,1,metadata.csv,pretrained_models/CUB/erm_50_111.pth,pre-normalize,results/CUB/erm_gdro_frz_rst1_50/model_outputs_111
CUB,erm_gdro_frz_rst1_50,222,ft.erm.gdro__c-50__src-train__bal-rw__frac-1.0__wd-1.0__lr-1e-5__ep-301__bn-train__unfreeze-1__restart-1,ft.erm.gdro,erm,gdro,50,train,rw,1.0,1.0,1e-05,301,64,train,1,1,metadata.csv,pretrained_models/CUB/erm_50_222.pth,pre-normalize,results/CUB/erm_gdro_frz_rst1_50/model_outputs_222
CUB,erm_gdro_frz_rst1_50,333,ft.erm.gdro__c-50__src-train__bal-rw__frac-1.0__wd-1.0__lr-1e-5__ep-301__bn-train__unfreeze-1__restart-1,ft.erm.gdro,erm,gdro,50,train,rw,1.0,1.0,1e-05,301,64,train,1,1,metadata.csv,pretrained_models/CUB/erm_50_333.pth,pre-normalize,results/CUB/erm_gdro_frz_rst1_50/model_outputs_333
CUB,erm_gdro_frz_rst1_625,111,ft.erm.gdro__c-625__src-train__bal-rw__frac-1.0__wd-1.0__lr-1e-5__ep-301__bn-train__unfreeze-1__restart-1,ft.erm.gdro,erm,gdro,625,train,rw,1.0,1.0,1e-05,301,64,train,1,1,metadata.csv,pretrained_models/CUB/erm_625_111.pth,pre-normalize,results/CUB/erm_gdro_frz_rst1_625/model_outputs_111
CUB,erm_gdro_frz_rst1_625,222,ft.erm.gdro__c-625__src-train__bal-rw__frac-1.0__wd-1.0__lr-1e-5__ep-301__bn-train__unfreeze-1__restart-1,ft.erm.gdro,erm,gdro,625,train,rw,1.0,1.0,1e-05,301,64,train,1,1,metadata.csv,pretrained_models/CUB/erm_625_222.pth,pre-normalize,results/CUB/erm_gdro_frz_rst1_625/model_outputs_222
CUB,erm_gdro_frz_rst1_625,333,ft.erm.gdro__c-625__src-train__bal-rw__frac-1.0__wd-1.0__lr-1e-5__ep-301__bn-train__unfreeze-1__restart-1,ft.erm.gdro,erm,gdro,625,train,rw,1.0,1.0,1e-05,301,64,train,1,1,metadata.csv,pretrained_models/CUB/erm_625_333.pth,pre-normalize,results/CUB/erm_gdro_frz_rst1_625/model_outputs_333
CUB,erm_gdro_frz_rst1_75,111,ft.erm.gdro__c-75__src-train__bal-rw__frac-1.0__wd-1.0__lr-1e-5__ep-301__bn-train__unfreeze-1__restart-1,ft.erm.gdro,erm,gdro,75,train,rw,1.0,1.0,1e-05,301,64,train,1,1,metadata.csv,pretrained_models/CUB/erm_75_111.pth,pre-normalize,results/CUB/erm_gdro_frz_rst1_75/model_outputs_111
CUB,erm_gdro_frz_rst1_75,222,ft.erm.gdro__c-75__src-train__bal-rw__frac-1.0__wd-1.0__lr-1e-5__ep-301__bn-train__unfreeze-1__restart-1,ft.erm.gdro,erm,gdro,75,train,rw,1.0,1.0,1e-05,301,64,train,1,1,metadata.csv,pretrained_models/CUB/erm_75_222.pth,pre-normalize,results/CUB/erm_gdro_frz_rst1_75/model_outputs_222
CUB,erm_gdro_frz_rst1_75,333,ft.erm.gdro__c-75__src-train__bal-rw__frac-1.0__wd-1.0__lr-1e-5__ep-301__bn-train__unfreeze-1__restart-1,ft.erm.gdro,erm,gdro,75,train,rw,1.0,1.0,1e-05,301,64,train,1,1,metadata.csv,pretrained_models/CUB/erm_75_333.pth,pre-normalize,results/CUB/erm_gdro_frz_rst1_75/model_outputs_333
CUB,erm_gdro_frz_rst1_875,111,ft.erm.gdro__c-875__src-train__bal-rw__frac-1.0__wd-1.0__lr-1e-5__ep-301__bn-train__unfreeze-1__restart-1,ft.erm.gdro,erm,gdro,875,train,rw,1.0,1.0,1e-05,301,64,train,1,1,metadata.csv,pretrained_models/CUB/erm_875_111.pth,pre-normalize,results/CUB/erm_gdro_frz_rst1_875/model_outputs_111
CUB,erm_gdro_frz_rst1_875,222,ft.erm.gdro__c-875__src-train__bal-rw__frac-1.0__wd-1.0__lr-1e-5__ep-301__bn-train__unfreeze-1__restart-1,ft.erm.gdro,erm,gdro,875,train,rw,1.0,1.0,1e-05,301,64,train,1,1,metadata.csv,pretrained_models/CUB/erm_875_222.pth,pre-normalize,results/CUB/erm_gdro_frz_rst1_875/model_outputs_222
CUB,erm_gdro_frz_rst1_875,333,ft.erm.gdro__c-875__src-train__bal-rw__frac-1.0__wd-1.0__lr-1e-5__ep-301__bn-train__unfreeze-1__restart-1,ft.erm.gdro,erm,gdro,875,train,rw,1.0,1.0,1e-05,301,64,train,1,1,metadata.csv,pretrained_models/CUB/erm_875_333.pth,pre-normalize,results/CUB/erm_gdro_frz_rst1_875/model_outputs_333
CUB,erm_gdro_frz_rst1_95,111,ft.erm.gdro__c-95__src-train__bal-rw__frac-1.0__wd-1.0__lr-1e-5__ep-301__bn-train__unfreeze-1__restart-1,ft.erm.gdro,erm,gdro,95,train,rw,1.0,1.0,1e-05,301,64,train,1,1,metadata.csv,pretrained_models/CUB/erm_95_111.pth,pre-normalize,results/CUB/erm_gdro_frz_rst1_95/model_outputs_111
CUB,erm_gdro_frz_rst1_95,222,ft.erm.gdro__c-95__src-train__bal-rw__frac-1.0__wd-1.0__lr-1e-5__ep-301__bn-train__unfreeze-1__restart-1,ft.erm.gdro,erm,gdro,95,train,rw,1.0,1.0,1e-05,301,64,train,1,1,metadata.csv,pretrained_models/CUB/erm_95_222.pth,pre-normalize,results/CUB/erm_gdro_frz_rst1_95/model_outputs_222
CUB,erm_gdro_frz_rst1_95,333,ft.erm.gdro__c-95__src-train__bal-rw__frac-1.0__wd-1.0__lr-1e-5__ep-301__bn-train__unfreeze-1__restart-1,ft.erm.gdro,erm,gdro,95,train,rw,1.0,1.0,1e-05,301,64,train,1,1,metadata.csv,pretrained_models/CUB/erm_95_333.pth,pre-normalize,results/CUB/erm_gdro_frz_rst1_95/model_outputs_333
CUB,erm_gdro_frz_rst2_50,111,ft.erm.gdro__c-50__src-train__bal-rw__frac-1.0__wd-1.0__lr-1e-5__ep-301__bn-train__unfreeze-2__restart-2,ft.erm.gdro,erm,gdro,50,train,rw,1.0,1.0,1e-05,301,64,train,2,2,metadata.csv,pretrained_models/CUB/erm_50_111.pth,pre-normalize,results/CUB/erm_gdro_frz_rst2_50/model_outputs_111
CUB,erm_gdro_frz_rst2_50,222,ft.erm.gdro__c-50__src-train__bal-rw__frac-1.0__wd-1.0__lr-1e-5__ep-301__bn-train__unfreeze-2__restart-2,ft.erm.gdro,erm,gdro,50,train,rw,1.0,1.0,1e-05,301,64,train,2,2,metadata.csv,pretrained_models/CUB/erm_50_222.pth,pre-normalize,results/CUB/erm_gdro_frz_rst2_50/model_outputs_222
CUB,erm_gdro_frz_rst2_50,333,ft.erm.gdro__c-50__src-train__bal-rw__frac-1.0__wd-1.0__lr-1e-5__ep-301__bn-train__unfreeze-2__restart-2,ft.erm.gdro,erm,gdro,50,train,rw,1.0,1.0,1e-05,301,64,train,2,2,metadata.csv,pretrained_models/CUB/erm_50_333.pth,pre-normalize,results/CUB/erm_gdro_frz_rst2_50/model_outputs_333
CUB,erm_gdro_frz_rst2_625,111,ft.erm.gdro__c-625__src-train__bal-rw__frac-1.0__wd-1.0__lr-1e-5__ep-301__bn-train__unfreeze-2__restart-2,ft.erm.gdro,erm,gdro,625,train,rw,1.0,1.0,1e-05,301,64,train,2,2,metadata.csv,pretrained_models/CUB/erm_625_111.pth,pre-normalize,results/CUB/erm_gdro_frz_rst2_625/model_outputs_111
CUB,erm_gdro_frz_rst2_625,222,ft.erm.gdro__c-625__src-train__bal-rw__frac-1.0__wd-1.0__lr-1e-5__ep-301__bn-train__unfreeze-2__restart-2,ft.erm.gdro,erm,gdro,625,train,rw,1.0,1.0,1e-05,301,64,train,2,2,metadata.csv,pretrained_models/CUB/erm_625_222.pth,pre-normalize,results/CUB/erm_gdro_frz_rst2_625/model_outputs_222
CUB,erm_gdro_frz_rst2_625,333,ft.erm.gdro__c-625__src-train__bal-rw__frac-1.0__wd-1.0__lr-1e-5__ep-301__bn-train__unfreeze-2__restart-2,ft.erm.gdro,erm,gdro,625,train,rw,1.0,1.0,1e-05,301,64,train,2,2,metadata.csv,pretrained_models/CUB/erm_625_333.pth,pre-normalize,results/CUB/erm_gdro_frz_rst2_625/model_outputs_333
CUB,erm_gdro_frz_rst2_75,111,ft.erm.gdro__c-75__src-train__bal-rw__frac-1.0__wd-1.0__lr-1e-5__ep-301__bn-train__unfreeze-2__restart-2,ft.erm.gdro,erm,gdro,75,train,rw,1.0,1.0,1e-05,301,64,train,2,2,metadata.csv,pretrained_models/CUB/erm_75_111.pth,pre-normalize,results/CUB/erm_gdro_frz_rst2_75/model_outputs_111
CUB,erm_gdro_frz_rst2_75,222,ft.erm.gdro__c-75__src-train__bal-rw__frac-1.0__wd-1.0__lr-1e-5__ep-301__bn-train__unfreeze-2__restart-2,ft.erm.gdro,erm,gdro,75,train,rw,1.0,1.0,1e-05,301,64,train,2,2,metadata.csv,pretrained_models/CUB/erm_75_222.pth,pre-normalize,results/CUB/erm_gdro_frz_rst2_75/model_outputs_222
CUB,erm_gdro_frz_rst2_75,333,ft.erm.gdro__c-75__src-train__bal-rw__frac-1.0__wd-1.0__lr-1e-5__ep-301__bn-train__unfreeze-2__restart-2,ft.erm.gdro,erm,gdro,75,train,rw,1.0,1.0,1e-05,301,64,train,2,2,metadata.csv,pretrained_models/CUB/erm_75_333.pth,pre-normalize,results/CUB/erm_gdro_frz_rst2_75/model_outputs_333
CUB,erm_gdro_frz_rst2_875,111,ft.erm.gdro__c-875__src-train__bal-rw__frac-1.0__wd-1.0__lr-1e-5__ep-301__bn-train__unfreeze-2__restart-2,ft.erm.gdro,erm,gdro,875,train,rw,1.0,1.0,1e-05,301,64,train,2,2,metadata.csv,pretrained_models/CUB/erm_875_111.pth,pre-normalize,results/CUB/erm_gdro_frz_rst2_875/model_outputs_111
CUB,erm_gdro_frz_rst2_875,222,ft.erm.gdro__c-875__src-train__bal-rw__frac-1.0__wd-1.0__lr-1e-5__ep-301__bn-train__unfreeze-2__restart-2,ft.erm.gdro,erm,gdro,875,train,rw,1.0,1.0,1e-05,301,64,train,2,2,metadata.csv,pretrained_models/CUB/erm_875_222.pth,pre-normalize,results/CUB/erm_gdro_frz_rst2_875/model_outputs_222
CUB,erm_gdro_frz_rst2_875,333,ft.erm.gdro__c-875__src-train__bal-rw__frac-1.0__wd-1.0__lr-1e-5__ep-301__bn-train__unfreeze-2__restart-2,ft.erm.gdro,erm,gdro,875,train,rw,1.0,1.0,1e-05,301,64,train,2,2,metadata.csv,pretrained_models/CUB/erm_875_333.pth,pre-normalize,results/CUB/erm_gdro_frz_rst2_875/model_outputs_333
CUB,erm_gdro_frz_rst2_95,111,ft.erm.gdro__c-95__src-train__bal-rw__frac-1.0__wd-1.0__lr-1e-5__ep-301__bn-train__unfreeze-2__restart-2,ft.erm.gdro,erm,gdro,95,train,rw,1.0,1.0,1e-05,301,64,train,2,2,metadata.csv,pretrained_models/CUB/erm_95_111.pth,pre-normalize,results/CUB/erm_gdro_frz_rst2_95/model_outputs_111
CUB,erm_gdro_frz_rst2_95,222,ft.erm.gdro__c-95__src-train__bal-rw__frac-1.0__wd-1.0__lr-1e-5__ep-301__bn-train__unfreeze-2__restart-2,ft.erm.gdro,erm,gdro,95,train,rw,1.0,1.0,1e-05,301,64,train,2,2,metadata.csv,pretrained_models/CUB/erm_95_222.pth,pre-normalize,results/CUB/erm_gdro_frz_rst2_95/model_outputs_222
CUB,erm_gdro_frz_rst2_95,333,ft.erm.gdro__c-95__src-train__bal-rw__frac-1.0__wd-1.0__lr-1e-5__ep-301__bn-train__unfreeze-2__restart-2,ft.erm.gdro,erm,gdro,95,train,rw,1.0,1.0,1e-05,301,64,train,2,2,metadata.csv,pretrained_models/CUB/erm_95_333.pth,pre-normalize,results/CUB/erm_gdro_frz_rst2_95/model_outputs_333
CUB,erm_gdro_frz_rst3_50,111,ft.erm.gdro__c-50__src-train__bal-rw__frac-1.0__wd-1.0__lr-1e-5__ep-301__bn-train__unfreeze-3__restart-3,ft.erm.gdro,erm,gdro,50,train,rw,1.0,1.0,1e-05,301,64,train,3,3,metadata.csv,pretrained_models/CUB/erm_50_111.pth,pre-normalize,results/CUB/erm_gdro_frz_rst3_50/model_outputs_111
CUB,erm_gdro_frz_rst3_50,222,ft.erm.gdro__c-50__src-train__bal-rw__frac-1.0__wd-1.0__lr-1e-5__ep-301__bn-train__unfreeze-3__restart-3,ft.erm.gdro,erm,gdro,50,train,rw,1.0,1.0,1e-05,301,64,train,3,3,metadata.csv,pretrained_models/CUB/erm_50_222.pth,pre-normalize,results/CUB/erm_gdro_frz_rst3_50/model_outputs_222
CUB,erm_gdro_frz_rst3_50,333,ft.erm.gdro__c-50__src-train__bal-rw__frac-1.0__wd-1.0__lr-1e-5__ep-301__bn-train__unfreeze-3__restart-3,ft.erm.gdro,erm,gdro,50,train,rw,1.0,1.0,1e-05,301,64,train,3,3,metadata.csv,pretrained_models/CUB/erm_50_333.pth,pre-normalize,results/CUB/erm_gdro_frz_rst3_50/model_outputs_333
CUB,erm_gdro_frz_rst3_625,111,ft.erm.gdro__c-625__src-train__bal-rw__frac-1.0__wd-1.0__lr-1e-5__ep-301__bn-train__unfreeze-3__restart-3,ft.erm.gdro,erm,gdro,625,train,rw,1.0,1.0,1e-05,301,64,train,3,3,metadata.csv,pretrained_models/CUB/erm_625_111.pth,pre-normalize,results/CUB/erm_gdro_frz_rst3_625/model_outputs_111
CUB,erm_gdro_frz_rst3_625,222,ft.erm.gdro__c-625__src-train__bal-rw__frac-1.0__wd-1.0__lr-1e-5__ep-301__bn-train__unfreeze-3__restart-3,ft.erm.gdro,erm,gdro,625,train,rw,1.0,1.0,1e-05,301,64,train,3,3,metadata.csv,pretrained_models/CUB/erm_625_222.pth,pre-normalize,results/CUB/erm_gdro_frz_rst3_625/model_outputs_222
CUB,erm_gdro_frz_rst3_625,333,ft.erm.gdro__c-625__src-train__bal-rw__frac-1.0__wd-1.0__lr-1e-5__ep-301__bn-train__unfreeze-3__restart-3,ft.erm.gdro,erm,gdro,625,train,rw,1.0,1.0,1e-05,301,64,train,3,3,metadata.csv,pretrained_models/CUB/erm_625_333.pth,pre-normalize,results/CUB/erm_gdro_frz_rst3_625/model_outputs_333
CUB,erm_gdro_frz_rst3_75,111,ft.erm.gdro__c-75__src-train__bal-rw__frac-1.0__wd-1.0__lr-1e-5__ep-301__bn-train__unfreeze-3__restart-3,ft.erm.gdro,erm,gdro,75,train,rw,1.0,1.0,1e-05,301,64,train,3,3,metadata.csv,pretrained_models/CUB/erm_75_111.pth,pre-normalize,results/CUB/erm_gdro_frz_rst3_75/model_outputs_111
CUB,erm_gdro_frz_rst3_75,222,ft.erm.gdro__c-75__src-train__bal-rw__frac-1.0__wd-1.0__lr-1e-5__ep-301__bn-train__unfreeze-3__restart-3,ft.erm.gdro,erm,gdro,75,train,rw,1.0,1.0,1e-05,301,64,train,3,3,metadata.csv,pretrained_models/CUB/erm_75_222.pth,pre-normalize,results/CUB/erm_gdro_frz_rst3_75/model_outputs_222
CUB,erm_gdro_frz_rst3_75,333,ft.erm.gdro__c-75__src-train__bal-rw__frac-1.0__wd-1.0__lr-1e-5__ep-301__bn-train__unfreeze-3__restart-3,ft.erm.gdro,erm,gdro,75,train,rw,1.0,1.0,1e-05,301,64,train,3,3,metadata.csv,pretrained_models/CUB/erm_75_333.pth,pre-normalize,results/CUB/erm_gdro_frz_rst3_75/model_outputs_333
CUB,erm_gdro_frz_rst3_875,111,ft.erm.gdro__c-875__src-train__bal-rw__frac-1.0__wd-1.0__lr-1e-5__ep-301__bn-train__unfreeze-3__restart-3,ft.erm.gdro,erm,gdro,875,train,rw,1.0,1.0,1e-05,301,64,train,3,3,metadata.csv,pretrained_models/CUB/erm_875_111.pth,pre-normalize,results/CUB/erm_gdro_frz_rst3_875/model_outputs_111
CUB,erm_gdro_frz_rst3_875,222,ft.erm.gdro__c-875__src-train__bal-rw__frac-1.0__wd-1.0__lr-1e-5__ep-301__bn-train__unfreeze-3__restart-3,ft.erm.gdro,erm,gdro,875,train,rw,1.0,1.0,1e-05,301,64,train,3,3,metadata.csv,pretrained_models/CUB/erm_875_222.pth,pre-normalize,results/CUB/erm_gdro_frz_rst3_875/model_outputs_222
CUB,erm_gdro_frz_rst3_875,333,ft.erm.gdro__c-875__src-train__bal-rw__frac-1.0__wd-1.0__lr-1e-5__ep-301__bn-train__unfreeze-3__restart-3,ft.erm.gdro,erm,gdro,875,train,rw,1.0,1.0,1e-05,301,64,train,3,3,metadata.csv,pretrained_models/CUB/erm_875_333.pth,pre-normalize,results/CUB/erm_gdro_frz_rst3_875/model_outputs_333
CUB,erm_gdro_frz_rst3_95,111,ft.erm.gdro__c-95__src-train__bal-rw__frac-1.0__wd-1.0__lr-1e-5__ep-301__bn-train__unfreeze-3__restart-3,ft.erm.gdro,erm,gdro,95,train,rw,1.0,1.0,1e-05,301,64,train,3,3,metadata.csv,pretrained_models/CUB/erm_95_111.pth,pre-normalize,results/CUB/erm_gdro_frz_rst3_95/model_outputs_111
CUB,erm_gdro_frz_rst3_95,222,ft.erm.gdro__c-95__src-train__bal-rw__frac-1.0__wd-1.0__lr-1e-5__ep-301__bn-train__unfreeze-3__restart-3,ft.erm.gdro,erm,gdro,95,train,rw,1.0,1.0,1e-05,301,64,train,3,3,metadata.csv,pretrained_models/CUB/erm_95_222.pth,pre-normalize,results/CUB/erm_gdro_frz_rst3_95/model_outputs_222
CUB,erm_gdro_frz_rst3_95,333,ft.erm.gdro__c-95__src-train__bal-rw__frac-1.0__wd-1.0__lr-1e-5__ep-301__bn-train__unfreeze-3__restart-3,ft.erm.gdro,erm,gdro,95,train,rw,1.0,1.0,1e-05,301,64,train,3,3,metadata.csv,pretrained_models/CUB/erm_95_333.pth,pre-normalize,results/CUB/erm_gdro_frz_rst3_95/model_outputs_333
CUB,erm_gdro_frz_rst4_50,111,ft.erm.gdro__c-50__src-train__bal-rw__frac-1.0__wd-1.0__lr-1e-5__ep-301__bn-train__unfreeze-4__restart-4,ft.erm.gdro,erm,gdro,50,train,rw,1.0,1.0,1e-05,301,64,train,4,4,metadata.csv,pretrained_models/CUB/erm_50_111.pth,pre-normalize,results/CUB/erm_gdro_frz_rst4_50/model_outputs_111
CUB,erm_gdro_frz_rst4_50,222,ft.erm.gdro__c-50__src-train__bal-rw__frac-1.0__wd-1.0__lr-1e-5__ep-301__bn-train__unfreeze-4__restart-4,ft.erm.gdro,erm,gdro,50,train,rw,1.0,1.0,1e-05,301,64,train,4,4,metadata.csv,pretrained_models/CUB/erm_50_222.pth,pre-normalize,results/CUB/erm_gdro_frz_rst4_50/model_outputs_222
CUB,erm_gdro_frz_rst4_50,333,ft.erm.gdro__c-50__src-train__bal-rw__frac-1.0__wd-1.0__lr-1e-5__ep-301__bn-train__unfreeze-4__restart-4,ft.erm.gdro,erm,gdro,50,train,rw,1.0,1.0,1e-05,301,64,train,4,4,metadata.csv,pretrained_models/CUB/erm_50_333.pth,pre-normalize,results/CUB/erm_gdro_frz_rst4_50/model_outputs_333
CUB,erm_gdro_frz_rst4_625,111,ft.erm.gdro__c-625__src-train__bal-rw__frac-1.0__wd-1.0__lr-1e-5__ep-301__bn-train__unfreeze-4__restart-4,ft.erm.gdro,erm,gdro,625,train,rw,1.0,1.0,1e-05,301,64,train,4,4,metadata.csv,pretrained_models/CUB/erm_625_111.pth,pre-normalize,results/CUB/erm_gdro_frz_rst4_625/model_outputs_111
CUB,erm_gdro_frz_rst4_625,222,ft.erm.gdro__c-625__src-train__bal-rw__frac-1.0__wd-1.0__lr-1e-5__ep-301__bn-train__unfreeze-4__restart-4,ft.erm.gdro,erm,gdro,625,train,rw,1.0,1.0,1e-05,301,64,train,4,4,metadata.csv,pretrained_models/CUB/erm_625_222.pth,pre-normalize,results/CUB/erm_gdro_frz_rst4_625/model_outputs_222
CUB,erm_gdro_frz_rst4_625,333,ft.erm.gdro__c-625__src-train__bal-rw__frac-1.0__wd-1.0__lr-1e-5__ep-301__bn-train__unfreeze-4__restart-4,ft.erm.gdro,erm,gdro,625,train,rw,1.0,1.0,1e-05,301,64,train,4,4,metadata.csv,pretrained_models/CUB/erm_625_333.pth,pre-normalize,results/CUB/erm_gdro_frz_rst4_625/model_outputs_333
CUB,erm_gdro_frz_rst4_75,111,ft.erm.gdro__c-75__src-train__bal-rw__frac-1.0__wd-1.0__lr-1e-5__ep-301__bn-train__unfreeze-4__restart-4,ft.erm.gdro,erm,gdro,75,train,rw,1.0,1.0,1e-05,301,64,train,4,4,metadata.csv,pretrained_models/CUB/erm_75_111.pth,pre-normalize,results/CUB/erm_gdro_frz_rst4_75/model_outputs_111
CUB,erm_gdro_frz_rst4_75,222,ft.erm.gdro__c-75__src-train__bal-rw__frac-1.0__wd-1.0__lr-1e-5__ep-301__bn-train__unfreeze-4__restart-4,ft.erm.gdro,erm,gdro,75,train,rw,1.0,1.0,1e-05,301,64,train,4,4,metadata.csv,pretrained_models/CUB/erm_75_222.pth,pre-normalize,results/CUB/erm_gdro_frz_rst4_75/model_outputs_222
CUB,erm_gdro_frz_rst4_75,333,ft.erm.gdro__c-75__src-train__bal-rw__frac-1.0__wd-1.0__lr-1e-5__ep-301__bn-train__unfreeze-4__restart-4,ft.erm.gdro,erm,gdro,75,train,rw,1.0,1.0,1e-05,301,64,train,4,4,metadata.csv,pretrained_models/CUB/erm_75_333.pth,pre-normalize,results/CUB/erm_gdro_frz_rst4_75/model_outputs_333
CUB,erm_gdro_frz_rst4_875,111,ft.erm.gdro__c-875__src-train__bal-rw__frac-1.0__wd-1.0__lr-1e-5__ep-301__bn-train__unfreeze-4__restart-4,ft.erm.gdro,erm,gdro,875,train,rw,1.0,1.0,1e-05,301,64,train,4,4,metadata.csv,pretrained_models/CUB/erm_875_111.pth,pre-normalize,results/CUB/erm_gdro_frz_rst4_875/model_outputs_111
CUB,erm_gdro_frz_rst4_875,222,ft.erm.gdro__c-875__src-train__bal-rw__frac-1.0__wd-1.0__lr-1e-5__ep-301__bn-train__unfreeze-4__restart-4,ft.erm.gdro,erm,gdro,875,train,rw,1.0,1.0,1e-05,301,64,train,4,4,metadata.csv,pretrained_models/CUB/erm_875_222.pth,pre-normalize,results/CUB/erm_gdro_frz_rst4_875/model_outputs_222
CUB,erm_gdro_frz_rst4_875,333,ft.erm.gdro__c-875__src-train__bal-rw__frac-1.0__wd-1.0__lr-1e-5__ep-301__bn-train__unfreeze-4__restart-4,ft.erm.gdro,erm,gdro,875,train,rw,1.0,1.0,1e-05,301,64,train,4,4,metadata.csv,pretrained_models/CUB/erm_875_333.pth,pre-normalize,results/CUB/erm_gdro_frz_rst4_875/model_outputs_333
CUB,erm_gdro_frz_rst4_95,111,ft.erm.gdro__c-95__src-train__bal-rw__frac-1.0__wd-1.0__lr-1e-5__ep-301__bn-train__unfreeze-4__restart-4,ft.erm.gdro,erm,gdro,95,train,rw,1.0,1.0,1e-05,301,64,train,4,4,metadata.csv,pretrained_models/CUB/erm_95_111.pth,pre-normalize,results/CUB/erm_gdro_frz_rst4_95/model_outputs_111
CUB,erm_gdro_frz_rst4_95,222,ft.erm.gdro__c-95__src-train__bal-rw__frac-1.0__wd-1.0__lr-1e-5__ep-301__bn-train__unfreeze-4__restart-4,ft.erm.gdro,erm,gdro,95,train,rw,1.0,1.0,1e-05,301,64,train,4,4,metadata.csv,pretrained_models/CUB/erm_95_222.pth,pre-normalize,results/CUB/erm_gdro_frz_rst4_95/model_outputs_222
CUB,erm_gdro_frz_rst4_95,333,ft.erm.gdro__c-95__src-train__bal-rw__frac-1.0__wd-1.0__lr-1e-5__ep-301__bn-train__unfreeze-4__restart-4,ft.erm.gdro,erm,gdro,95,train,rw,1.0,1.0,1e-05,301,64,train,4,4,metadata.csv,pretrained_models/CUB/erm_95_333.pth,pre-normalize,results/CUB/erm_gdro_frz_rst4_95/model_outputs_333
CUB,erm_jtt_625,111,e2e.jtt__c-625__bal-none__frac-1.0__wd-0.0001__lr-0.0001__ep-61,e2e.jtt,,erm,625,,none,1.0,0.0001,0.0001,61,64,n/a,0,0,metadata.csv,,current,results/CUB/erm_jtt_625/model_outputs_111
CUB,erm_jtt_625,222,e2e.jtt__c-625__bal-none__frac-1.0__wd-0.0001__lr-0.0001__ep-61,e2e.jtt,,erm,625,,none,1.0,0.0001,0.0001,61,64,n/a,0,0,metadata.csv,,current,results/CUB/erm_jtt_625/model_outputs_222
CUB,erm_jtt_625,333,e2e.jtt__c-625__bal-none__frac-1.0__wd-0.0001__lr-0.0001__ep-61,e2e.jtt,,erm,625,,none,1.0,0.0001,0.0001,61,64,n/a,0,0,metadata.csv,,current,results/CUB/erm_jtt_625/model_outputs_333
CUB,erm_jtt_75,111,e2e.jtt__c-75__bal-none__frac-1.0__wd-0.0001__lr-0.0001__ep-61,e2e.jtt,,erm,75,,none,1.0,0.0001,0.0001,61,64,n/a,0,0,metadata.csv,,current,results/CUB/erm_jtt_75/model_outputs_111
CUB,erm_jtt_75,222,e2e.jtt__c-75__bal-none__frac-1.0__wd-0.0001__lr-0.0001__ep-61,e2e.jtt,,erm,75,,none,1.0,0.0001,0.0001,61,64,n/a,0,0,metadata.csv,,current,results/CUB/erm_jtt_75/model_outputs_222
CUB,erm_jtt_75,333,e2e.jtt__c-75__bal-none__frac-1.0__wd-0.0001__lr-0.0001__ep-61,e2e.jtt,,erm,75,,none,1.0,0.0001,0.0001,61,64,n/a,0,0,metadata.csv,,current,results/CUB/erm_jtt_75/model_outputs_333
CUB,erm_jtt_875,111,e2e.jtt__c-875__bal-none__frac-1.0__wd-0.0001__lr-0.0001__ep-61,e2e.jtt,,erm,875,,none,1.0,0.0001,0.0001,61,64,n/a,0,0,metadata.csv,,current,results/CUB/erm_jtt_875/model_outputs_111
CUB,erm_jtt_875,222,e2e.jtt__c-875__bal-none__frac-1.0__wd-0.0001__lr-0.0001__ep-61,e2e.jtt,,erm,875,,none,1.0,0.0001,0.0001,61,64,n/a,0,0,metadata.csv,,current,results/CUB/erm_jtt_875/model_outputs_222
CUB,erm_jtt_875,333,e2e.jtt__c-875__bal-none__frac-1.0__wd-0.0001__lr-0.0001__ep-61,e2e.jtt,,erm,875,,none,1.0,0.0001,0.0001,61,64,n/a,0,0,metadata.csv,,current,results/CUB/erm_jtt_875/model_outputs_333
CUB,erm_jtt_95,111,e2e.jtt__c-95__bal-none__frac-1.0__wd-0.0001__lr-0.0001__ep-61,e2e.jtt,,erm,95,,none,1.0,0.0001,0.0001,61,64,n/a,0,0,metadata.csv,,current,results/CUB/erm_jtt_95/model_outputs_111
CUB,erm_jtt_95,222,e2e.jtt__c-95__bal-none__frac-1.0__wd-0.0001__lr-0.0001__ep-61,e2e.jtt,,erm,95,,none,1.0,0.0001,0.0001,61,64,n/a,0,0,metadata.csv,,current,results/CUB/erm_jtt_95/model_outputs_222
CUB,erm_jtt_95,333,e2e.jtt__c-95__bal-none__frac-1.0__wd-0.0001__lr-0.0001__ep-61,e2e.jtt,,erm,95,,none,1.0,0.0001,0.0001,61,64,n/a,0,0,metadata.csv,,current,results/CUB/erm_jtt_95/model_outputs_333
CUB,erm_rw_0.1_95,111,ft.erm.erm__c-95__src-train__bal-rw__frac-0.1__wd-1.0__lr-1e-5__ep-301__bn-train,ft.erm.erm,erm,erm,95,train,rw,0.1,1.0,1e-05,301,64,train,0,0,metadata.csv,pretrained_models/CUB/erm_95_111.pth,current,results/CUB/erm_rw_0.1_95/model_outputs_111
CUB,erm_rw_0.1_95,222,ft.erm.erm__c-95__src-train__bal-rw__frac-0.1__wd-1.0__lr-1e-5__ep-301__bn-train,ft.erm.erm,erm,erm,95,train,rw,0.1,1.0,1e-05,301,64,train,0,0,metadata.csv,pretrained_models/CUB/erm_95_222.pth,current,results/CUB/erm_rw_0.1_95/model_outputs_222
CUB,erm_rw_0.1_95,333,ft.erm.erm__c-95__src-train__bal-rw__frac-0.1__wd-1.0__lr-1e-5__ep-301__bn-train,ft.erm.erm,erm,erm,95,train,rw,0.1,1.0,1e-05,301,64,train,0,0,metadata.csv,pretrained_models/CUB/erm_95_333.pth,current,results/CUB/erm_rw_0.1_95/model_outputs_333
CUB,erm_rw_0.25_95,111,ft.erm.erm__c-95__src-train__bal-rw__frac-0.25__wd-1.0__lr-1e-5__ep-301__bn-train,ft.erm.erm,erm,erm,95,train,rw,0.25,1.0,1e-05,301,64,train,0,0,metadata.csv,pretrained_models/CUB/erm_95_111.pth,current,results/CUB/erm_rw_0.25_95/model_outputs_111
CUB,erm_rw_0.25_95,222,ft.erm.erm__c-95__src-train__bal-rw__frac-0.25__wd-1.0__lr-1e-5__ep-301__bn-train,ft.erm.erm,erm,erm,95,train,rw,0.25,1.0,1e-05,301,64,train,0,0,metadata.csv,pretrained_models/CUB/erm_95_222.pth,current,results/CUB/erm_rw_0.25_95/model_outputs_222
CUB,erm_rw_0.25_95,333,ft.erm.erm__c-95__src-train__bal-rw__frac-0.25__wd-1.0__lr-1e-5__ep-301__bn-train,ft.erm.erm,erm,erm,95,train,rw,0.25,1.0,1e-05,301,64,train,0,0,metadata.csv,pretrained_models/CUB/erm_95_333.pth,current,results/CUB/erm_rw_0.25_95/model_outputs_333
CUB,erm_rw_0.5_95,111,ft.erm.erm__c-95__src-train__bal-rw__frac-0.5__wd-1.0__lr-1e-5__ep-301__bn-train,ft.erm.erm,erm,erm,95,train,rw,0.5,1.0,1e-05,301,64,train,0,0,metadata.csv,pretrained_models/CUB/erm_95_111.pth,current,results/CUB/erm_rw_0.5_95/model_outputs_111
CUB,erm_rw_0.5_95,222,ft.erm.erm__c-95__src-train__bal-rw__frac-0.5__wd-1.0__lr-1e-5__ep-301__bn-train,ft.erm.erm,erm,erm,95,train,rw,0.5,1.0,1e-05,301,64,train,0,0,metadata.csv,pretrained_models/CUB/erm_95_222.pth,current,results/CUB/erm_rw_0.5_95/model_outputs_222
CUB,erm_rw_0.5_95,333,ft.erm.erm__c-95__src-train__bal-rw__frac-0.5__wd-1.0__lr-1e-5__ep-301__bn-train,ft.erm.erm,erm,erm,95,train,rw,0.5,1.0,1e-05,301,64,train,0,0,metadata.csv,pretrained_models/CUB/erm_95_333.pth,current,results/CUB/erm_rw_0.5_95/model_outputs_333
CUB,erm_rw_0.75_95,111,ft.erm.erm__c-95__src-train__bal-rw__frac-0.75__wd-1.0__lr-1e-5__ep-301__bn-train,ft.erm.erm,erm,erm,95,train,rw,0.75,1.0,1e-05,301,64,train,0,0,metadata.csv,pretrained_models/CUB/erm_95_111.pth,current,results/CUB/erm_rw_0.75_95/model_outputs_111
CUB,erm_rw_0.75_95,222,ft.erm.erm__c-95__src-train__bal-rw__frac-0.75__wd-1.0__lr-1e-5__ep-301__bn-train,ft.erm.erm,erm,erm,95,train,rw,0.75,1.0,1e-05,301,64,train,0,0,metadata.csv,pretrained_models/CUB/erm_95_222.pth,current,results/CUB/erm_rw_0.75_95/model_outputs_222
CUB,erm_rw_0.75_95,333,ft.erm.erm__c-95__src-train__bal-rw__frac-0.75__wd-1.0__lr-1e-5__ep-301__bn-train,ft.erm.erm,erm,erm,95,train,rw,0.75,1.0,1e-05,301,64,train,0,0,metadata.csv,pretrained_models/CUB/erm_95_333.pth,current,results/CUB/erm_rw_0.75_95/model_outputs_333
CUB,erm_rw_0.9_95,111,ft.erm.erm__c-95__src-train__bal-rw__frac-0.9__wd-1.0__lr-1e-5__ep-301__bn-train,ft.erm.erm,erm,erm,95,train,rw,0.9,1.0,1e-05,301,64,train,0,0,metadata.csv,pretrained_models/CUB/erm_95_111.pth,current,results/CUB/erm_rw_0.9_95/model_outputs_111
CUB,erm_rw_0.9_95,222,ft.erm.erm__c-95__src-train__bal-rw__frac-0.9__wd-1.0__lr-1e-5__ep-301__bn-train,ft.erm.erm,erm,erm,95,train,rw,0.9,1.0,1e-05,301,64,train,0,0,metadata.csv,pretrained_models/CUB/erm_95_222.pth,current,results/CUB/erm_rw_0.9_95/model_outputs_222
CUB,erm_rw_0.9_95,333,ft.erm.erm__c-95__src-train__bal-rw__frac-0.9__wd-1.0__lr-1e-5__ep-301__bn-train,ft.erm.erm,erm,erm,95,train,rw,0.9,1.0,1e-05,301,64,train,0,0,metadata.csv,pretrained_models/CUB/erm_95_333.pth,current,results/CUB/erm_rw_0.9_95/model_outputs_333
CUB,erm_rw_50,111,ft.erm.erm__c-50__src-train__bal-rw__frac-1.0__wd-1.0__lr-1e-5__ep-301__bn-train,ft.erm.erm,erm,erm,50,train,rw,1.0,1.0,1e-05,301,64,train,,,metadata.csv,pretrained_models/CUB/erm_50_111.pth,pre-normalize,results/CUB/erm_rw_50/model_outputs_111
CUB,erm_rw_50,222,ft.erm.erm__c-50__src-train__bal-rw__frac-1.0__wd-1.0__lr-1e-5__ep-301__bn-train,ft.erm.erm,erm,erm,50,train,rw,1.0,1.0,1e-05,301,64,train,,,metadata.csv,pretrained_models/CUB/erm_50_222.pth,pre-normalize,results/CUB/erm_rw_50/model_outputs_222
CUB,erm_rw_50,333,ft.erm.erm__c-50__src-train__bal-rw__frac-1.0__wd-1.0__lr-1e-5__ep-301__bn-train,ft.erm.erm,erm,erm,50,train,rw,1.0,1.0,1e-05,301,64,train,,,metadata.csv,pretrained_models/CUB/erm_50_333.pth,pre-normalize,results/CUB/erm_rw_50/model_outputs_333
CUB,erm_rw_625,111,ft.erm.erm__c-625__src-train__bal-rw__frac-1.0__wd-1.0__lr-1e-5__ep-301__bn-train,ft.erm.erm,erm,erm,625,train,rw,1.0,1.0,1e-05,301,64,train,,,metadata.csv,pretrained_models/CUB/erm_625_111.pth,pre-normalize,results/CUB/erm_rw_625/model_outputs_111
CUB,erm_rw_625,222,ft.erm.erm__c-625__src-train__bal-rw__frac-1.0__wd-1.0__lr-1e-5__ep-301__bn-train,ft.erm.erm,erm,erm,625,train,rw,1.0,1.0,1e-05,301,64,train,,,metadata.csv,pretrained_models/CUB/erm_625_222.pth,pre-normalize,results/CUB/erm_rw_625/model_outputs_222
CUB,erm_rw_625,333,ft.erm.erm__c-625__src-train__bal-rw__frac-1.0__wd-1.0__lr-1e-5__ep-301__bn-train,ft.erm.erm,erm,erm,625,train,rw,1.0,1.0,1e-05,301,64,train,,,metadata.csv,pretrained_models/CUB/erm_625_333.pth,pre-normalize,results/CUB/erm_rw_625/model_outputs_333
CUB,erm_rw_75,111,ft.erm.erm__c-75__src-train__bal-rw__frac-1.0__wd-1.0__lr-1e-5__ep-301__bn-train,ft.erm.erm,erm,erm,75,train,rw,1.0,1.0,1e-05,301,64,train,,,metadata.csv,pretrained_models/CUB/erm_75_111.pth,pre-normalize,results/CUB/erm_rw_75/model_outputs_111
CUB,erm_rw_75,222,ft.erm.erm__c-75__src-train__bal-rw__frac-1.0__wd-1.0__lr-1e-5__ep-301__bn-train,ft.erm.erm,erm,erm,75,train,rw,1.0,1.0,1e-05,301,64,train,,,metadata.csv,pretrained_models/CUB/erm_75_222.pth,pre-normalize,results/CUB/erm_rw_75/model_outputs_222
CUB,erm_rw_75,333,ft.erm.erm__c-75__src-train__bal-rw__frac-1.0__wd-1.0__lr-1e-5__ep-301__bn-train,ft.erm.erm,erm,erm,75,train,rw,1.0,1.0,1e-05,301,64,train,,,metadata.csv,pretrained_models/CUB/erm_75_333.pth,pre-normalize,results/CUB/erm_rw_75/model_outputs_333
CUB,erm_rw_875,111,ft.erm.erm__c-875__src-train__bal-rw__frac-1.0__wd-1.0__lr-1e-5__ep-301__bn-train,ft.erm.erm,erm,erm,875,train,rw,1.0,1.0,1e-05,301,64,train,,,metadata.csv,pretrained_models/CUB/erm_875_111.pth,pre-normalize,results/CUB/erm_rw_875/model_outputs_111
CUB,erm_rw_875,222,ft.erm.erm__c-875__src-train__bal-rw__frac-1.0__wd-1.0__lr-1e-5__ep-301__bn-train,ft.erm.erm,erm,erm,875,train,rw,1.0,1.0,1e-05,301,64,train,,,metadata.csv,pretrained_models/CUB/erm_875_222.pth,pre-normalize,results/CUB/erm_rw_875/model_outputs_222
CUB,erm_rw_875,333,ft.erm.erm__c-875__src-train__bal-rw__frac-1.0__wd-1.0__lr-1e-5__ep-301__bn-train,ft.erm.erm,erm,erm,875,train,rw,1.0,1.0,1e-05,301,64,train,,,metadata.csv,pretrained_models/CUB/erm_875_333.pth,pre-normalize,results/CUB/erm_rw_875/model_outputs_333
CUB,erm_rw_95,111,ft.erm.erm__c-95__src-train__bal-rw__frac-1.0__wd-1.0__lr-1e-5__ep-301__bn-train,ft.erm.erm,erm,erm,95,train,rw,1.0,1.0,1e-05,301,64,train,,,metadata.csv,pretrained_models/CUB/erm_95_111.pth,pre-normalize,results/CUB/erm_rw_95/model_outputs_111
CUB,erm_rw_95,222,ft.erm.erm__c-95__src-train__bal-rw__frac-1.0__wd-1.0__lr-1e-5__ep-301__bn-train,ft.erm.erm,erm,erm,95,train,rw,1.0,1.0,1e-05,301,64,train,,,metadata.csv,pretrained_models/CUB/erm_95_222.pth,pre-normalize,results/CUB/erm_rw_95/model_outputs_222
CUB,erm_rw_95,333,ft.erm.erm__c-95__src-train__bal-rw__frac-1.0__wd-1.0__lr-1e-5__ep-301__bn-train,ft.erm.erm,erm,erm,95,train,rw,1.0,1.0,1e-05,301,64,train,,,metadata.csv,pretrained_models/CUB/erm_95_333.pth,pre-normalize,results/CUB/erm_rw_95/model_outputs_333
CUB,gdro_50,111,e2e.gdro__c-50__bal-rw__frac-1.0__wd-1.0__lr-1e-5__ep-301,e2e.gdro,,gdro,50,,rw,1.0,1.0,1e-05,301,64,n/a,,,metadata.csv,,pre-normalize,results/CUB/gdro_1_50/model_outputs_111
CUB,gdro_50,222,e2e.gdro__c-50__bal-rw__frac-1.0__wd-1.0__lr-1e-5__ep-301,e2e.gdro,,gdro,50,,rw,1.0,1.0,1e-05,301,64,n/a,,,metadata.csv,,pre-normalize,results/CUB/gdro_1_50/model_outputs_222
CUB,gdro_50,333,e2e.gdro__c-50__bal-rw__frac-1.0__wd-1.0__lr-1e-5__ep-301,e2e.gdro,,gdro,50,,rw,1.0,1.0,1e-05,301,64,n/a,,,metadata.csv,,pre-normalize,results/CUB/gdro_1_50/model_outputs_333
CUB,gdro_625,111,e2e.gdro__c-625__bal-rw__frac-1.0__wd-1.0__lr-1e-5__ep-301,e2e.gdro,,gdro,625,,rw,1.0,1.0,1e-05,301,64,n/a,0,,metadata.csv,,pre-normalize,results/CUB/gdro_1_625/model_outputs_111
CUB,gdro_625,222,e2e.gdro__c-625__bal-rw__frac-1.0__wd-1.0__lr-1e-5__ep-301,e2e.gdro,,gdro,625,,rw,1.0,1.0,1e-05,301,64,n/a,0,,metadata.csv,,pre-normalize,results/CUB/gdro_1_625/model_outputs_222
CUB,gdro_625,333,e2e.gdro__c-625__bal-rw__frac-1.0__wd-1.0__lr-1e-5__ep-301,e2e.gdro,,gdro,625,,rw,1.0,1.0,1e-05,301,64,n/a,0,,metadata.csv,,pre-normalize,results/CUB/gdro_1_625/model_outputs_333
CUB,gdro_75,111,e2e.gdro__c-75__bal-rw__frac-1.0__wd-1.0__lr-1e-5__ep-301,e2e.gdro,,gdro,75,,rw,1.0,1.0,1e-05,301,64,n/a,0,,metadata.csv,,pre-normalize,results/CUB/gdro_1_75/model_outputs_111
CUB,gdro_75,222,e2e.gdro__c-75__bal-rw__frac-1.0__wd-1.0__lr-1e-5__ep-301,e2e.gdro,,gdro,75,,rw,1.0,1.0,1e-05,301,64,n/a,0,,metadata.csv,,pre-normalize,results/CUB/gdro_1_75/model_outputs_222
CUB,gdro_75,333,e2e.gdro__c-75__bal-rw__frac-1.0__wd-1.0__lr-1e-5__ep-301,e2e.gdro,,gdro,75,,rw,1.0,1.0,1e-05,301,64,n/a,0,,metadata.csv,,pre-normalize,results/CUB/gdro_1_75/model_outputs_333
CUB,gdro_875,111,e2e.gdro__c-875__bal-rw__frac-1.0__wd-1.0__lr-1e-5__ep-301,e2e.gdro,,gdro,875,,rw,1.0,1.0,1e-05,301,64,n/a,0,,metadata.csv,,pre-normalize,results/CUB/gdro_1_875/model_outputs_111
CUB,gdro_875,222,e2e.gdro__c-875__bal-rw__frac-1.0__wd-1.0__lr-1e-5__ep-301,e2e.gdro,,gdro,875,,rw,1.0,1.0,1e-05,301,64,n/a,0,,metadata.csv,,pre-normalize,results/CUB/gdro_1_875/model_outputs_222
CUB,gdro_875,333,e2e.gdro__c-875__bal-rw__frac-1.0__wd-1.0__lr-1e-5__ep-301,e2e.gdro,,gdro,875,,rw,1.0,1.0,1e-05,301,64,n/a,0,,metadata.csv,,pre-normalize,results/CUB/gdro_1_875/model_outputs_333
CUB,gdro_95,111,e2e.gdro__c-95__bal-rw__frac-1.0__wd-1.0__lr-1e-5__ep-301,e2e.gdro,,gdro,95,,rw,1.0,1.0,1e-05,301,64,n/a,0,,metadata.csv,,pre-normalize,results/CUB/gdro_1_95/model_outputs_111
CUB,gdro_95,222,e2e.gdro__c-95__bal-rw__frac-1.0__wd-1.0__lr-1e-5__ep-301,e2e.gdro,,gdro,95,,rw,1.0,1.0,1e-05,301,64,n/a,0,,metadata.csv,,pre-normalize,results/CUB/gdro_1_95/model_outputs_222
CUB,gdro_95,333,e2e.gdro__c-95__bal-rw__frac-1.0__wd-1.0__lr-1e-5__ep-301,e2e.gdro,,gdro,95,,rw,1.0,1.0,1e-05,301,64,n/a,0,,metadata.csv,,pre-normalize,results/CUB/gdro_1_95/model_outputs_333
CUB,gdro_dfr_625,111,ft.gdro.erm__c-50__src-train__bal-none__frac-0.357__wd-0.0001__lr-0.0001__ep-301__bn-train,ft.gdro.erm,gdro,erm,50,train,none,0.357,0.0001,0.0001,301,64,train,0,0,metadata.csv,pretrained_models/CUB/gdro_1_625_111.pth,current,results/CUB/gdro_dfr_625/model_outputs_111
CUB,gdro_dfr_625,222,ft.gdro.erm__c-50__src-train__bal-none__frac-0.357__wd-0.0001__lr-0.0001__ep-301__bn-train,ft.gdro.erm,gdro,erm,50,train,none,0.357,0.0001,0.0001,301,64,train,0,0,metadata.csv,pretrained_models/CUB/gdro_1_625_222.pth,current,results/CUB/gdro_dfr_625/model_outputs_222
CUB,gdro_dfr_625,333,ft.gdro.erm__c-50__src-train__bal-none__frac-0.357__wd-0.0001__lr-0.0001__ep-301__bn-train,ft.gdro.erm,gdro,erm,50,train,none,0.357,0.0001,0.0001,301,64,train,0,0,metadata.csv,pretrained_models/CUB/gdro_1_625_333.pth,current,results/CUB/gdro_dfr_625/model_outputs_333
CUB,gdro_dfr_75,111,ft.gdro.erm__c-50__src-train__bal-none__frac-0.225__wd-0.0001__lr-0.0001__ep-301__bn-train,ft.gdro.erm,gdro,erm,50,train,none,0.225,0.0001,0.0001,301,64,train,0,0,metadata.csv,pretrained_models/CUB/gdro_1_75_111.pth,current,results/CUB/gdro_dfr_75/model_outputs_111
CUB,gdro_dfr_75,222,ft.gdro.erm__c-50__src-train__bal-none__frac-0.225__wd-0.0001__lr-0.0001__ep-301__bn-train,ft.gdro.erm,gdro,erm,50,train,none,0.225,0.0001,0.0001,301,64,train,0,0,metadata.csv,pretrained_models/CUB/gdro_1_75_222.pth,current,results/CUB/gdro_dfr_75/model_outputs_222
CUB,gdro_dfr_75,333,ft.gdro.erm__c-50__src-train__bal-none__frac-0.225__wd-0.0001__lr-0.0001__ep-301__bn-train,ft.gdro.erm,gdro,erm,50,train,none,0.225,0.0001,0.0001,301,64,train,0,0,metadata.csv,pretrained_models/CUB/gdro_1_75_333.pth,current,results/CUB/gdro_dfr_75/model_outputs_333
CUB,gdro_dfr_875,111,ft.gdro.erm__c-50__src-train__bal-none__frac-0.118__wd-0.0001__lr-0.0001__ep-301__bn-train,ft.gdro.erm,gdro,erm,50,train,none,0.118,0.0001,0.0001,301,64,train,0,0,metadata.csv,pretrained_models/CUB/gdro_1_875_111.pth,current,results/CUB/gdro_dfr_875/model_outputs_111
CUB,gdro_dfr_875,222,ft.gdro.erm__c-50__src-train__bal-none__frac-0.118__wd-0.0001__lr-0.0001__ep-301__bn-train,ft.gdro.erm,gdro,erm,50,train,none,0.118,0.0001,0.0001,301,64,train,0,0,metadata.csv,pretrained_models/CUB/gdro_1_875_222.pth,current,results/CUB/gdro_dfr_875/model_outputs_222
CUB,gdro_dfr_875,333,ft.gdro.erm__c-50__src-train__bal-none__frac-0.118__wd-0.0001__lr-0.0001__ep-301__bn-train,ft.gdro.erm,gdro,erm,50,train,none,0.118,0.0001,0.0001,301,64,train,0,0,metadata.csv,pretrained_models/CUB/gdro_1_875_333.pth,current,results/CUB/gdro_dfr_875/model_outputs_333
CUB,gdro_dfr_95,111,ft.gdro.erm__c-50__src-train__bal-none__frac-0.047__wd-0.0001__lr-0.0001__ep-301__bn-train,ft.gdro.erm,gdro,erm,50,train,none,0.047,0.0001,0.0001,301,64,train,0,0,metadata.csv,pretrained_models/CUB/gdro_1_95_111.pth,current,results/CUB/gdro_dfr_95/model_outputs_111
CUB,gdro_dfr_95,222,ft.gdro.erm__c-50__src-train__bal-none__frac-0.047__wd-0.0001__lr-0.0001__ep-301__bn-train,ft.gdro.erm,gdro,erm,50,train,none,0.047,0.0001,0.0001,301,64,train,0,0,metadata.csv,pretrained_models/CUB/gdro_1_95_222.pth,current,results/CUB/gdro_dfr_95/model_outputs_222
CUB,gdro_dfr_95,333,ft.gdro.erm__c-50__src-train__bal-none__frac-0.047__wd-0.0001__lr-0.0001__ep-301__bn-train,ft.gdro.erm,gdro,erm,50,train,none,0.047,0.0001,0.0001,301,64,train,0,0,metadata.csv,pretrained_models/CUB/gdro_1_95_333.pth,current,results/CUB/gdro_dfr_95/model_outputs_333
CUB,gdro_erm_50,111,ft.gdro.erm__c-50__src-train__bal-none__frac-1.0__wd-0.0001__lr-0.001__ep-301__bn-train,ft.gdro.erm,gdro,erm,50,train,none,1.0,0.0001,0.001,301,64,train,0,0,metadata.csv,pretrained_models/CUB/gdro_1_50_111.pth,pre-normalize,results/CUB/gdro_erm_50/model_outputs_111
CUB,gdro_erm_50,222,ft.gdro.erm__c-50__src-train__bal-none__frac-1.0__wd-0.0001__lr-0.001__ep-301__bn-train,ft.gdro.erm,gdro,erm,50,train,none,1.0,0.0001,0.001,301,64,train,0,0,metadata.csv,pretrained_models/CUB/gdro_1_50_222.pth,pre-normalize,results/CUB/gdro_erm_50/model_outputs_222
CUB,gdro_erm_50,333,ft.gdro.erm__c-50__src-train__bal-none__frac-1.0__wd-0.0001__lr-0.001__ep-301__bn-train,ft.gdro.erm,gdro,erm,50,train,none,1.0,0.0001,0.001,301,64,train,0,0,metadata.csv,pretrained_models/CUB/gdro_1_50_333.pth,pre-normalize,results/CUB/gdro_erm_50/model_outputs_333
CUB,gdro_erm_625,111,ft.gdro.erm__c-625__src-train__bal-none__frac-1.0__wd-0.0001__lr-0.001__ep-301__bn-train,ft.gdro.erm,gdro,erm,625,train,none,1.0,0.0001,0.001,301,64,train,0,0,metadata.csv,pretrained_models/CUB/gdro_1_625_111.pth,current,results/CUB/gdro_erm_625/model_outputs_111
CUB,gdro_erm_625,222,ft.gdro.erm__c-625__src-train__bal-none__frac-1.0__wd-0.0001__lr-0.001__ep-301__bn-train,ft.gdro.erm,gdro,erm,625,train,none,1.0,0.0001,0.001,301,64,train,0,0,metadata.csv,pretrained_models/CUB/gdro_1_625_222.pth,current,results/CUB/gdro_erm_625/model_outputs_222
CUB,gdro_erm_625,333,ft.gdro.erm__c-625__src-train__bal-none__frac-1.0__wd-0.0001__lr-0.001__ep-301__bn-train,ft.gdro.erm,gdro,erm,625,train,none,1.0,0.0001,0.001,301,64,train,0,0,metadata.csv,pretrained_models/CUB/gdro_1_625_333.pth,current,results/CUB/gdro_erm_625/model_outputs_333
CUB,gdro_erm_75,111,ft.gdro.erm__c-75__src-train__bal-none__frac-1.0__wd-0.0001__lr-0.001__ep-301__bn-train,ft.gdro.erm,gdro,erm,75,train,none,1.0,0.0001,0.001,301,64,train,0,0,metadata.csv,pretrained_models/CUB/gdro_1_75_111.pth,current,results/CUB/gdro_erm_75/model_outputs_111
CUB,gdro_erm_75,222,ft.gdro.erm__c-75__src-train__bal-none__frac-1.0__wd-0.0001__lr-0.001__ep-301__bn-train,ft.gdro.erm,gdro,erm,75,train,none,1.0,0.0001,0.001,301,64,train,0,0,metadata.csv,pretrained_models/CUB/gdro_1_75_222.pth,current,results/CUB/gdro_erm_75/model_outputs_222
CUB,gdro_erm_75,333,ft.gdro.erm__c-75__src-train__bal-none__frac-1.0__wd-0.0001__lr-0.001__ep-301__bn-train,ft.gdro.erm,gdro,erm,75,train,none,1.0,0.0001,0.001,301,64,train,0,0,metadata.csv,pretrained_models/CUB/gdro_1_75_333.pth,current,results/CUB/gdro_erm_75/model_outputs_333
CUB,gdro_erm_875,111,ft.gdro.erm__c-875__src-train__bal-none__frac-1.0__wd-0.0001__lr-0.001__ep-301__bn-train,ft.gdro.erm,gdro,erm,875,train,none,1.0,0.0001,0.001,301,64,train,0,0,metadata.csv,pretrained_models/CUB/gdro_1_875_111.pth,current,results/CUB/gdro_erm_875/model_outputs_111
CUB,gdro_erm_875,222,ft.gdro.erm__c-875__src-train__bal-none__frac-1.0__wd-0.0001__lr-0.001__ep-301__bn-train,ft.gdro.erm,gdro,erm,875,train,none,1.0,0.0001,0.001,301,64,train,0,0,metadata.csv,pretrained_models/CUB/gdro_1_875_222.pth,current,results/CUB/gdro_erm_875/model_outputs_222
CUB,gdro_erm_875,333,ft.gdro.erm__c-875__src-train__bal-none__frac-1.0__wd-0.0001__lr-0.001__ep-301__bn-train,ft.gdro.erm,gdro,erm,875,train,none,1.0,0.0001,0.001,301,64,train,0,0,metadata.csv,pretrained_models/CUB/gdro_1_875_333.pth,current,results/CUB/gdro_erm_875/model_outputs_333
CUB,gdro_erm_95,111,ft.gdro.erm__c-95__src-train__bal-none__frac-1.0__wd-0.0001__lr-0.001__ep-301__bn-train,ft.gdro.erm,gdro,erm,95,train,none,1.0,0.0001,0.001,301,64,train,0,0,metadata.csv,pretrained_models/CUB/gdro_1_95_111.pth,current,results/CUB/gdro_erm_95/model_outputs_111
CUB,gdro_erm_95,222,ft.gdro.erm__c-95__src-train__bal-none__frac-1.0__wd-0.0001__lr-0.001__ep-301__bn-train,ft.gdro.erm,gdro,erm,95,train,none,1.0,0.0001,0.001,301,64,train,0,0,metadata.csv,pretrained_models/CUB/gdro_1_95_222.pth,current,results/CUB/gdro_erm_95/model_outputs_222
CUB,gdro_erm_95,333,ft.gdro.erm__c-95__src-train__bal-none__frac-1.0__wd-0.0001__lr-0.001__ep-301__bn-train,ft.gdro.erm,gdro,erm,95,train,none,1.0,0.0001,0.001,301,64,train,0,0,metadata.csv,pretrained_models/CUB/gdro_1_95_333.pth,current,results/CUB/gdro_erm_95/model_outputs_333
CUB,gdro_erm_frz1_50,111,ft.gdro.erm__c-50__src-train__bal-none__frac-1.0__wd-1e-5__lr-0.0001__ep-301__bn-train__unfreeze-1,ft.gdro.erm,gdro,erm,50,train,none,1.0,1e-05,0.0001,301,64,train,1,0,metadata.csv,pretrained_models/CUB/gdro_1_50_111.pth,current,results/CUB/gdro_erm_frz1_50/model_outputs_111
CUB,gdro_erm_frz1_50,222,ft.gdro.erm__c-50__src-train__bal-none__frac-1.0__wd-1e-5__lr-0.0001__ep-301__bn-train__unfreeze-1,ft.gdro.erm,gdro,erm,50,train,none,1.0,1e-05,0.0001,301,64,train,1,0,metadata.csv,pretrained_models/CUB/gdro_1_50_222.pth,current,results/CUB/gdro_erm_frz1_50/model_outputs_222
CUB,gdro_erm_frz1_50,333,ft.gdro.erm__c-50__src-train__bal-none__frac-1.0__wd-1e-5__lr-0.0001__ep-301__bn-train__unfreeze-1,ft.gdro.erm,gdro,erm,50,train,none,1.0,1e-05,0.0001,301,64,train,1,0,metadata.csv,pretrained_models/CUB/gdro_1_50_333.pth,current,results/CUB/gdro_erm_frz1_50/model_outputs_333
CUB,gdro_erm_frz1_625,111,ft.gdro.erm__c-625__src-train__bal-none__frac-1.0__wd-1e-5__lr-0.0001__ep-301__bn-train__unfreeze-1,ft.gdro.erm,gdro,erm,625,train,none,1.0,1e-05,0.0001,301,64,train,1,0,metadata.csv,pretrained_models/CUB/gdro_1_625_111.pth,current,results/CUB/gdro_erm_frz1_625/model_outputs_111
CUB,gdro_erm_frz1_625,222,ft.gdro.erm__c-625__src-train__bal-none__frac-1.0__wd-1e-5__lr-0.0001__ep-301__bn-train__unfreeze-1,ft.gdro.erm,gdro,erm,625,train,none,1.0,1e-05,0.0001,301,64,train,1,0,metadata.csv,pretrained_models/CUB/gdro_1_625_222.pth,current,results/CUB/gdro_erm_frz1_625/model_outputs_222
CUB,gdro_erm_frz1_625,333,ft.gdro.erm__c-625__src-train__bal-none__frac-1.0__wd-1e-5__lr-0.0001__ep-301__bn-train__unfreeze-1,ft.gdro.erm,gdro,erm,625,train,none,1.0,1e-05,0.0001,301,64,train,1,0,metadata.csv,pretrained_models/CUB/gdro_1_625_333.pth,current,results/CUB/gdro_erm_frz1_625/model_outputs_333
CUB,gdro_erm_frz1_75,111,ft.gdro.erm__c-75__src-train__bal-none__frac-1.0__wd-1e-5__lr-0.0001__ep-301__bn-train__unfreeze-1,ft.gdro.erm,gdro,erm,75,train,none,1.0,1e-05,0.0001,301,64,train,1,0,metadata.csv,pretrained_models/CUB/gdro_1_75_111.pth,current,results/CUB/gdro_erm_frz1_75/model_outputs_111
CUB,gdro_erm_frz1_75,222,ft.gdro.erm__c-75__src-train__bal-none__frac-1.0__wd-1e-5__lr-0.0001__ep-301__bn-train__unfreeze-1,ft.gdro.erm,gdro,erm,75,train,none,1.0,1e-05,0.0001,301,64,train,1,0,metadata.csv,pretrained_models/CUB/gdro_1_75_222.pth,current,results/CUB/gdro_erm_frz1_75/model_outputs_222
CUB,gdro_erm_frz1_75,333,ft.gdro.erm__c-75__src-train__bal-none__frac-1.0__wd-1e-5__lr-0.0001__ep-301__bn-train__unfreeze-1,ft.gdro.erm,gdro,erm,75,train,none,1.0,1e-05,0.0001,301,64,train,1,0,metadata.csv,pretrained_models/CUB/gdro_1_75_333.pth,current,results/CUB/gdro_erm_frz1_75/model_outputs_333
CUB,gdro_erm_frz1_875,111,ft.gdro.erm__c-875__src-train__bal-none__frac-1.0__wd-1e-5__lr-0.0001__ep-301__bn-train__unfreeze-1,ft.gdro.erm,gdro,erm,875,train,none,1.0,1e-05,0.0001,301,64,train,1,0,metadata.csv,pretrained_models/CUB/gdro_1_875_111.pth,current,results/CUB/gdro_erm_frz1_875/model_outputs_111
CUB,gdro_erm_frz1_875,222,ft.gdro.erm__c-875__src-train__bal-none__frac-1.0__wd-1e-5__lr-0.0001__ep-301__bn-train__unfreeze-1,ft.gdro.erm,gdro,erm,875,train,none,1.0,1e-05,0.0001,301,64,train,1,0,metadata.csv,pretrained_models/CUB/gdro_1_875_222.pth,current,results/CUB/gdro_erm_frz1_875/model_outputs_222
CUB,gdro_erm_frz1_875,333,ft.gdro.erm__c-875__src-train__bal-none__frac-1.0__wd-1e-5__lr-0.0001__ep-301__bn-train__unfreeze-1,ft.gdro.erm,gdro,erm,875,train,none,1.0,1e-05,0.0001,301,64,train,1,0,metadata.csv,pretrained_models/CUB/gdro_1_875_333.pth,current,results/CUB/gdro_erm_frz1_875/model_outputs_333
CUB,gdro_erm_frz1_95,111,ft.gdro.erm__c-95__src-train__bal-none__frac-1.0__wd-1e-5__lr-0.0001__ep-301__bn-train__unfreeze-1,ft.gdro.erm,gdro,erm,95,train,none,1.0,1e-05,0.0001,301,64,train,1,0,metadata.csv,pretrained_models/CUB/gdro_1_95_111.pth,current,results/CUB/gdro_erm_frz1_95/model_outputs_111
CUB,gdro_erm_frz1_95,222,ft.gdro.erm__c-95__src-train__bal-none__frac-1.0__wd-1e-5__lr-0.0001__ep-301__bn-train__unfreeze-1,ft.gdro.erm,gdro,erm,95,train,none,1.0,1e-05,0.0001,301,64,train,1,0,metadata.csv,pretrained_models/CUB/gdro_1_95_222.pth,current,results/CUB/gdro_erm_frz1_95/model_outputs_222
CUB,gdro_erm_frz1_95,333,ft.gdro.erm__c-95__src-train__bal-none__frac-1.0__wd-1e-5__lr-0.0001__ep-301__bn-train__unfreeze-1,ft.gdro.erm,gdro,erm,95,train,none,1.0,1e-05,0.0001,301,64,train,1,0,metadata.csv,pretrained_models/CUB/gdro_1_95_333.pth,current,results/CUB/gdro_erm_frz1_95/model_outputs_333
CUB,gdro_erm_frz2_50,111,ft.gdro.erm__c-50__src-train__bal-none__frac-1.0__wd-1e-5__lr-0.0001__ep-301__bn-train__unfreeze-2,ft.gdro.erm,gdro,erm,50,train,none,1.0,1e-05,0.0001,301,64,train,2,0,metadata.csv,pretrained_models/CUB/gdro_1_50_111.pth,current,results/CUB/gdro_erm_frz2_50/model_outputs_111
CUB,gdro_erm_frz2_50,222,ft.gdro.erm__c-50__src-train__bal-none__frac-1.0__wd-1e-5__lr-0.0001__ep-301__bn-train__unfreeze-2,ft.gdro.erm,gdro,erm,50,train,none,1.0,1e-05,0.0001,301,64,train,2,0,metadata.csv,pretrained_models/CUB/gdro_1_50_222.pth,current,results/CUB/gdro_erm_frz2_50/model_outputs_222
CUB,gdro_erm_frz2_50,333,ft.gdro.erm__c-50__src-train__bal-none__frac-1.0__wd-1e-5__lr-0.0001__ep-301__bn-train__unfreeze-2,ft.gdro.erm,gdro,erm,50,train,none,1.0,1e-05,0.0001,301,64,train,2,0,metadata.csv,pretrained_models/CUB/gdro_1_50_333.pth,current,results/CUB/gdro_erm_frz2_50/model_outputs_333
CUB,gdro_erm_frz2_625,111,ft.gdro.erm__c-625__src-train__bal-none__frac-1.0__wd-1e-5__lr-0.0001__ep-301__bn-train__unfreeze-2,ft.gdro.erm,gdro,erm,625,train,none,1.0,1e-05,0.0001,301,64,train,2,0,metadata.csv,pretrained_models/CUB/gdro_1_625_111.pth,current,results/CUB/gdro_erm_frz2_625/model_outputs_111
CUB,gdro_erm_frz2_625,222,ft.gdro.erm__c-625__src-train__bal-none__frac-1.0__wd-1e-5__lr-0.0001__ep-301__bn-train__unfreeze-2,ft.gdro.erm,gdro,erm,625,train,none,1.0,1e-05,0.0001,301,64,train,2,0,metadata.csv,pretrained_models/CUB/gdro_1_625_222.pth,current,results/CUB/gdro_erm_frz2_625/model_outputs_222
CUB,gdro_erm_frz2_625,333,ft.gdro.erm__c-625__src-train__bal-none__frac-1.0__wd-1e-5__lr-0.0001__ep-301__bn-train__unfreeze-2,ft.gdro.erm,gdro,erm,625,train,none,1.0,1e-05,0.0001,301,64,train,2,0,metadata.csv,pretrained_models/CUB/gdro_1_625_333.pth,current,results/CUB/gdro_erm_frz2_625/model_outputs_333
CUB,gdro_erm_frz2_75,111,ft.gdro.erm__c-75__src-train__bal-none__frac-1.0__wd-1e-5__lr-0.0001__ep-301__bn-train__unfreeze-2,ft.gdro.erm,gdro,erm,75,train,none,1.0,1e-05,0.0001,301,64,train,2,0,metadata.csv,pretrained_models/CUB/gdro_1_75_111.pth,current,results/CUB/gdro_erm_frz2_75/model_outputs_111
CUB,gdro_erm_frz2_75,222,ft.gdro.erm__c-75__src-train__bal-none__frac-1.0__wd-1e-5__lr-0.0001__ep-301__bn-train__unfreeze-2,ft.gdro.erm,gdro,erm,75,train,none,1.0,1e-05,0.0001,301,64,train,2,0,metadata.csv,pretrained_models/CUB/gdro_1_75_222.pth,current,results/CUB/gdro_erm_frz2_75/model_outputs_222
CUB,gdro_erm_frz2_75,333,ft.gdro.erm__c-75__src-train__bal-none__frac-1.0__wd-1e-5__lr-0.0001__ep-301__bn-train__unfreeze-2,ft.gdro.erm,gdro,erm,75,train,none,1.0,1e-05,0.0001,301,64,train,2,0,metadata.csv,pretrained_models/CUB/gdro_1_75_333.pth,current,results/CUB/gdro_erm_frz2_75/model_outputs_333
CUB,gdro_erm_frz2_875,111,ft.gdro.erm__c-875__src-train__bal-none__frac-1.0__wd-1e-5__lr-0.0001__ep-301__bn-train__unfreeze-2,ft.gdro.erm,gdro,erm,875,train,none,1.0,1e-05,0.0001,301,64,train,2,0,metadata.csv,pretrained_models/CUB/gdro_1_875_111.pth,current,results/CUB/gdro_erm_frz2_875/model_outputs_111
CUB,gdro_erm_frz2_875,222,ft.gdro.erm__c-875__src-train__bal-none__frac-1.0__wd-1e-5__lr-0.0001__ep-301__bn-train__unfreeze-2,ft.gdro.erm,gdro,erm,875,train,none,1.0,1e-05,0.0001,301,64,train,2,0,metadata.csv,pretrained_models/CUB/gdro_1_875_222.pth,current,results/CUB/gdro_erm_frz2_875/model_outputs_222
CUB,gdro_erm_frz2_875,333,ft.gdro.erm__c-875__src-train__bal-none__frac-1.0__wd-1e-5__lr-0.0001__ep-301__bn-train__unfreeze-2,ft.gdro.erm,gdro,erm,875,train,none,1.0,1e-05,0.0001,301,64,train,2,0,metadata.csv,pretrained_models/CUB/gdro_1_875_333.pth,current,results/CUB/gdro_erm_frz2_875/model_outputs_333
CUB,gdro_erm_frz2_95,111,ft.gdro.erm__c-95__src-train__bal-none__frac-1.0__wd-1e-5__lr-0.0001__ep-301__bn-train__unfreeze-2,ft.gdro.erm,gdro,erm,95,train,none,1.0,1e-05,0.0001,301,64,train,2,0,metadata.csv,pretrained_models/CUB/gdro_1_95_111.pth,current,results/CUB/gdro_erm_frz2_95/model_outputs_111
CUB,gdro_erm_frz2_95,222,ft.gdro.erm__c-95__src-train__bal-none__frac-1.0__wd-1e-5__lr-0.0001__ep-301__bn-train__unfreeze-2,ft.gdro.erm,gdro,erm,95,train,none,1.0,1e-05,0.0001,301,64,train,2,0,metadata.csv,pretrained_models/CUB/gdro_1_95_222.pth,current,results/CUB/gdro_erm_frz2_95/model_outputs_222
CUB,gdro_erm_frz2_95,333,ft.gdro.erm__c-95__src-train__bal-none__frac-1.0__wd-1e-5__lr-0.0001__ep-301__bn-train__unfreeze-2,ft.gdro.erm,gdro,erm,95,train,none,1.0,1e-05,0.0001,301,64,train,2,0,metadata.csv,pretrained_models/CUB/gdro_1_95_333.pth,current,results/CUB/gdro_erm_frz2_95/model_outputs_333
CUB,gdro_erm_frz3_50,111,ft.gdro.erm__c-50__src-train__bal-none__frac-1.0__wd-1e-5__lr-0.0001__ep-301__bn-train__unfreeze-3,ft.gdro.erm,gdro,erm,50,train,none,1.0,1e-05,0.0001,301,64,train,3,0,metadata.csv,pretrained_models/CUB/gdro_1_50_111.pth,current,results/CUB/gdro_erm_frz3_50/model_outputs_111
CUB,gdro_erm_frz3_50,222,ft.gdro.erm__c-50__src-train__bal-none__frac-1.0__wd-1e-5__lr-0.0001__ep-301__bn-train__unfreeze-3,ft.gdro.erm,gdro,erm,50,train,none,1.0,1e-05,0.0001,301,64,train,3,0,metadata.csv,pretrained_models/CUB/gdro_1_50_222.pth,current,results/CUB/gdro_erm_frz3_50/model_outputs_222
CUB,gdro_erm_frz3_50,333,ft.gdro.erm__c-50__src-train__bal-none__frac-1.0__wd-1e-5__lr-0.0001__ep-301__bn-train__unfreeze-3,ft.gdro.erm,gdro,erm,50,train,none,1.0,1e-05,0.0001,301,64,train,3,0,metadata.csv,pretrained_models/CUB/gdro_1_50_333.pth,current,results/CUB/gdro_erm_frz3_50/model_outputs_333
CUB,gdro_erm_frz3_625,111,ft.gdro.erm__c-625__src-train__bal-none__frac-1.0__wd-1e-5__lr-0.0001__ep-301__bn-train__unfreeze-3,ft.gdro.erm,gdro,erm,625,train,none,1.0,1e-05,0.0001,301,64,train,3,0,metadata.csv,pretrained_models/CUB/gdro_1_625_111.pth,current,results/CUB/gdro_erm_frz3_625/model_outputs_111
CUB,gdro_erm_frz3_625,222,ft.gdro.erm__c-625__src-train__bal-none__frac-1.0__wd-1e-5__lr-0.0001__ep-301__bn-train__unfreeze-3,ft.gdro.erm,gdro,erm,625,train,none,1.0,1e-05,0.0001,301,64,train,3,0,metadata.csv,pretrained_models/CUB/gdro_1_625_222.pth,current,results/CUB/gdro_erm_frz3_625/model_outputs_222
CUB,gdro_erm_frz3_625,333,ft.gdro.erm__c-625__src-train__bal-none__frac-1.0__wd-1e-5__lr-0.0001__ep-301__bn-train__unfreeze-3,ft.gdro.erm,gdro,erm,625,train,none,1.0,1e-05,0.0001,301,64,train,3,0,metadata.csv,pretrained_models/CUB/gdro_1_625_333.pth,current,results/CUB/gdro_erm_frz3_625/model_outputs_333
CUB,gdro_erm_frz3_75,111,ft.gdro.erm__c-75__src-train__bal-none__frac-1.0__wd-1e-5__lr-0.0001__ep-301__bn-train__unfreeze-3,ft.gdro.erm,gdro,erm,75,train,none,1.0,1e-05,0.0001,301,64,train,3,0,metadata.csv,pretrained_models/CUB/gdro_1_75_111.pth,current,results/CUB/gdro_erm_frz3_75/model_outputs_111
CUB,gdro_erm_frz3_75,222,ft.gdro.erm__c-75__src-train__bal-none__frac-1.0__wd-1e-5__lr-0.0001__ep-301__bn-train__unfreeze-3,ft.gdro.erm,gdro,erm,75,train,none,1.0,1e-05,0.0001,301,64,train,3,0,metadata.csv,pretrained_models/CUB/gdro_1_75_222.pth,current,results/CUB/gdro_erm_frz3_75/model_outputs_222
CUB,gdro_erm_frz3_75,333,ft.gdro.erm__c-75__src-train__bal-none__frac-1.0__wd-1e-5__lr-0.0001__ep-301__bn-train__unfreeze-3,ft.gdro.erm,gdro,erm,75,train,none,1.0,1e-05,0.0001,301,64,train,3,0,metadata.csv,pretrained_models/CUB/gdro_1_75_333.pth,current,results/CUB/gdro_erm_frz3_75/model_outputs_333
CUB,gdro_erm_frz3_875,111,ft.gdro.erm__c-875__src-train__bal-none__frac-1.0__wd-1e-5__lr-0.0001__ep-301__bn-train__unfreeze-3,ft.gdro.erm,gdro,erm,875,train,none,1.0,1e-05,0.0001,301,64,train,3,0,metadata.csv,pretrained_models/CUB/gdro_1_875_111.pth,current,results/CUB/gdro_erm_frz3_875/model_outputs_111
CUB,gdro_erm_frz3_875,222,ft.gdro.erm__c-875__src-train__bal-none__frac-1.0__wd-1e-5__lr-0.0001__ep-301__bn-train__unfreeze-3,ft.gdro.erm,gdro,erm,875,train,none,1.0,1e-05,0.0001,301,64,train,3,0,metadata.csv,pretrained_models/CUB/gdro_1_875_222.pth,current,results/CUB/gdro_erm_frz3_875/model_outputs_222
CUB,gdro_erm_frz3_875,333,ft.gdro.erm__c-875__src-train__bal-none__frac-1.0__wd-1e-5__lr-0.0001__ep-301__bn-train__unfreeze-3,ft.gdro.erm,gdro,erm,875,train,none,1.0,1e-05,0.0001,301,64,train,3,0,metadata.csv,pretrained_models/CUB/gdro_1_875_333.pth,current,results/CUB/gdro_erm_frz3_875/model_outputs_333
CUB,gdro_erm_frz3_95,111,ft.gdro.erm__c-95__src-train__bal-none__frac-1.0__wd-1e-5__lr-0.0001__ep-301__bn-train__unfreeze-3,ft.gdro.erm,gdro,erm,95,train,none,1.0,1e-05,0.0001,301,64,train,3,0,metadata.csv,pretrained_models/CUB/gdro_1_95_111.pth,current,results/CUB/gdro_erm_frz3_95/model_outputs_111
CUB,gdro_erm_frz3_95,222,ft.gdro.erm__c-95__src-train__bal-none__frac-1.0__wd-1e-5__lr-0.0001__ep-301__bn-train__unfreeze-3,ft.gdro.erm,gdro,erm,95,train,none,1.0,1e-05,0.0001,301,64,train,3,0,metadata.csv,pretrained_models/CUB/gdro_1_95_222.pth,current,results/CUB/gdro_erm_frz3_95/model_outputs_222
CUB,gdro_erm_frz3_95,333,ft.gdro.erm__c-95__src-train__bal-none__frac-1.0__wd-1e-5__lr-0.0001__ep-301__bn-train__unfreeze-3,ft.gdro.erm,gdro,erm,95,train,none,1.0,1e-05,0.0001,301,64,train,3,0,metadata.csv,pretrained_models/CUB/gdro_1_95_333.pth,current,results/CUB/gdro_erm_frz3_95/model_outputs_333
CUB,gdro_erm_frz4_50,111,ft.gdro.erm__c-50__src-train__bal-none__frac-1.0__wd-1e-5__lr-0.0001__ep-301__bn-train__unfreeze-4,ft.gdro.erm,gdro,erm,50,train,none,1.0,1e-05,0.0001,301,64,train,4,0,metadata.csv,pretrained_models/CUB/gdro_1_50_111.pth,current,results/CUB/gdro_erm_frz4_50/model_outputs_111
CUB,gdro_erm_frz4_50,222,ft.gdro.erm__c-50__src-train__bal-none__frac-1.0__wd-1e-5__lr-0.0001__ep-301__bn-train__unfreeze-4,ft.gdro.erm,gdro,erm,50,train,none,1.0,1e-05,0.0001,301,64,train,4,0,metadata.csv,pretrained_models/CUB/gdro_1_50_222.pth,current,results/CUB/gdro_erm_frz4_50/model_outputs_222
CUB,gdro_erm_frz4_50,333,ft.gdro.erm__c-50__src-train__bal-none__frac-1.0__wd-1e-5__lr-0.0001__ep-301__bn-train__unfreeze-4,ft.gdro.erm,gdro,erm,50,train,none,1.0,1e-05,0.0001,301,64,train,4,0,metadata.csv,pretrained_models/CUB/gdro_1_50_333.pth,current,results/CUB/gdro_erm_frz4_50/model_outputs_333
CUB,gdro_erm_frz4_625,111,ft.gdro.erm__c-625__src-train__bal-none__frac-1.0__wd-1e-5__lr-0.0001__ep-301__bn-train__unfreeze-4,ft.gdro.erm,gdro,erm,625,train,none,1.0,1e-05,0.0001,301,64,train,4,0,metadata.csv,pretrained_models/CUB/gdro_1_625_111.pth,current,results/CUB/gdro_erm_frz4_625/model_outputs_111
CUB,gdro_erm_frz4_625,222,ft.gdro.erm__c-625__src-train__bal-none__frac-1.0__wd-1e-5__lr-0.0001__ep-301__bn-train__unfreeze-4,ft.gdro.erm,gdro,erm,625,train,none,1.0,1e-05,0.0001,301,64,train,4,0,metadata.csv,pretrained_models/CUB/gdro_1_625_222.pth,current,results/CUB/gdro_erm_frz4_625/model_outputs_222
CUB,gdro_erm_frz4_625,333,ft.gdro.erm__c-625__src-train__bal-none__frac-1.0__wd-1e-5__lr-0.0001__ep-301__bn-train__unfreeze-4,ft.gdro.erm,gdro,erm,625,train,none,1.0,1e-05,0.0001,301,64,train,4,0,metadata.csv,pretrained_models/CUB/gdro_1_625_333.pth,current,results/CUB/gdro_erm_frz4_625/model_outputs_333
CUB,gdro_erm_frz4_75,111,ft.gdro.erm__c-75__src-train__bal-none__frac-1.0__wd-1e-5__lr-0.0001__ep-301__bn-train__unfreeze-4,ft.gdro.erm,gdro,erm,75,train,none,1.0,1e-05,0.0001,301,64,train,4,0,metadata.csv,pretrained_models/CUB/gdro_1_75_111.pth,current,results/CUB/gdro_erm_frz4_75/model_outputs_111
CUB,gdro_erm_frz4_75,222,ft.gdro.erm__c-75__src-train__bal-none__frac-1.0__wd-1e-5__lr-0.0001__ep-301__bn-train__unfreeze-4,ft.gdro.erm,gdro,erm,75,train,none,1.0,1e-05,0.0001,301,64,train,4,0,metadata.csv,pretrained_models/CUB/gdro_1_75_222.pth,current,results/CUB/gdro_erm_frz4_75/model_outputs_222
CUB,gdro_erm_frz4_75,333,ft.gdro.erm__c-75__src-train__bal-none__frac-1.0__wd-1e-5__lr-0.0001__ep-301__bn-train__unfreeze-4,ft.gdro.erm,gdro,erm,75,train,none,1.0,1e-05,0.0001,301,64,train,4,0,metadata.csv,pretrained_models/CUB/gdro_1_75_333.pth,current,results/CUB/gdro_erm_frz4_75/model_outputs_333
CUB,gdro_erm_frz4_875,111,ft.gdro.erm__c-875__src-train__bal-none__frac-1.0__wd-1e-5__lr-0.0001__ep-301__bn-train__unfreeze-4,ft.gdro.erm,gdro,erm,875,train,none,1.0,1e-05,0.0001,301,64,train,4,0,metadata.csv,pretrained_models/CUB/gdro_1_875_111.pth,current,results/CUB/gdro_erm_frz4_875/model_outputs_111
CUB,gdro_erm_frz4_875,222,ft.gdro.erm__c-875__src-train__bal-none__frac-1.0__wd-1e-5__lr-0.0001__ep-301__bn-train__unfreeze-4,ft.gdro.erm,gdro,erm,875,train,none,1.0,1e-05,0.0001,301,64,train,4,0,metadata.csv,pretrained_models/CUB/gdro_1_875_222.pth,current,results/CUB/gdro_erm_frz4_875/model_outputs_222
CUB,gdro_erm_frz4_875,333,ft.gdro.erm__c-875__src-train__bal-none__frac-1.0__wd-1e-5__lr-0.0001__ep-301__bn-train__unfreeze-4,ft.gdro.erm,gdro,erm,875,train,none,1.0,1e-05,0.0001,301,64,train,4,0,metadata.csv,pretrained_models/CUB/gdro_1_875_333.pth,current,results/CUB/gdro_erm_frz4_875/model_outputs_333
CUB,gdro_erm_frz4_95,111,ft.gdro.erm__c-95__src-train__bal-none__frac-1.0__wd-1e-5__lr-0.0001__ep-301__bn-train__unfreeze-4,ft.gdro.erm,gdro,erm,95,train,none,1.0,1e-05,0.0001,301,64,train,4,0,metadata.csv,pretrained_models/CUB/gdro_1_95_111.pth,current,results/CUB/gdro_erm_frz4_95/model_outputs_111
CUB,gdro_erm_frz4_95,222,ft.gdro.erm__c-95__src-train__bal-none__frac-1.0__wd-1e-5__lr-0.0001__ep-301__bn-train__unfreeze-4,ft.gdro.erm,gdro,erm,95,train,none,1.0,1e-05,0.0001,301,64,train,4,0,metadata.csv,pretrained_models/CUB/gdro_1_95_222.pth,current,results/CUB/gdro_erm_frz4_95/model_outputs_222
CUB,gdro_erm_frz4_95,333,ft.gdro.erm__c-95__src-train__bal-none__frac-1.0__wd-1e-5__lr-0.0001__ep-301__bn-train__unfreeze-4,ft.gdro.erm,gdro,erm,95,train,none,1.0,1e-05,0.0001,301,64,train,4,0,metadata.csv,pretrained_models/CUB/gdro_1_95_333.pth,current,results/CUB/gdro_erm_frz4_95/model_outputs_333
CUB,gdro_gdro_1_50,111,ft.gdro.gdro__c-50__src-train__bal-rw__frac-1.0__wd-1.0__lr-1e-5__ep-301__bn-train,ft.gdro.gdro,gdro,gdro,50,train,rw,1.0,1.0,1e-05,301,64,train,0,0,metadata.csv,pretrained_models/CUB/gdro_1_50_111.pth,current,results/CUB/gdro_gdro_150/model_outputs_111
CUB,gdro_gdro_1_50,222,ft.gdro.gdro__c-50__src-train__bal-rw__frac-1.0__wd-1.0__lr-1e-5__ep-301__bn-train,ft.gdro.gdro,gdro,gdro,50,train,rw,1.0,1.0,1e-05,301,64,train,0,0,metadata.csv,pretrained_models/CUB/gdro_1_50_222.pth,current,results/CUB/gdro_gdro_150/model_outputs_222
CUB,gdro_gdro_1_50,333,ft.gdro.gdro__c-50__src-train__bal-rw__frac-1.0__wd-1.0__lr-1e-5__ep-301__bn-train,ft.gdro.gdro,gdro,gdro,50,train,rw,1.0,1.0,1e-05,301,64,train,0,0,metadata.csv,pretrained_models/CUB/gdro_1_50_333.pth,current,results/CUB/gdro_gdro_150/model_outputs_333
CUB,gdro_gdro_1_625,111,ft.gdro.gdro__c-625__src-train__bal-rw__frac-1.0__wd-1.0__lr-1e-5__ep-301__bn-train,ft.gdro.gdro,gdro,gdro,625,train,rw,1.0,1.0,1e-05,301,64,train,0,0,metadata.csv,pretrained_models/CUB/gdro_1_625_111.pth,current,results/CUB/gdro_gdro_1625/model_outputs_111
CUB,gdro_gdro_1_625,222,ft.gdro.gdro__c-625__src-train__bal-rw__frac-1.0__wd-1.0__lr-1e-5__ep-301__bn-train,ft.gdro.gdro,gdro,gdro,625,train,rw,1.0,1.0,1e-05,301,64,train,0,0,metadata.csv,pretrained_models/CUB/gdro_1_625_222.pth,current,results/CUB/gdro_gdro_1625/model_outputs_222
CUB,gdro_gdro_1_625,333,ft.gdro.gdro__c-625__src-train__bal-rw__frac-1.0__wd-1.0__lr-1e-5__ep-301__bn-train,ft.gdro.gdro,gdro,gdro,625,train,rw,1.0,1.0,1e-05,301,64,train,0,0,metadata.csv,pretrained_models/CUB/gdro_1_625_333.pth,current,results/CUB/gdro_gdro_1625/model_outputs_333
CUB,gdro_gdro_1_75,111,ft.gdro.gdro__c-75__src-train__bal-rw__frac-1.0__wd-1.0__lr-1e-5__ep-301__bn-train,ft.gdro.gdro,gdro,gdro,75,train,rw,1.0,1.0,1e-05,301,64,train,0,0,metadata.csv,pretrained_models/CUB/gdro_1_75_111.pth,current,results/CUB/gdro_gdro_175/model_outputs_111
CUB,gdro_gdro_1_75,222,ft.gdro.gdro__c-75__src-train__bal-rw__frac-1.0__wd-1.0__lr-1e-5__ep-301__bn-train,ft.gdro.gdro,gdro,gdro,75,train,rw,1.0,1.0,1e-05,301,64,train,0,0,metadata.csv,pretrained_models/CUB/gdro_1_75_222.pth,current,results/CUB/gdro_gdro_175/model_outputs_222
CUB,gdro_gdro_1_75,333,ft.gdro.gdro__c-75__src-train__bal-rw__frac-1.0__wd-1.0__lr-1e-5__ep-301__bn-train,ft.gdro.gdro,gdro,gdro,75,train,rw,1.0,1.0,1e-05,301,64,train,0,0,metadata.csv,pretrained_models/CUB/gdro_1_75_333.pth,current,results/CUB/gdro_gdro_175/model_outputs_333
CUB,gdro_gdro_1_875,111,ft.gdro.gdro__c-875__src-train__bal-rw__frac-1.0__wd-1.0__lr-1e-5__ep-301__bn-train,ft.gdro.gdro,gdro,gdro,875,train,rw,1.0,1.0,1e-05,301,64,train,0,0,metadata.csv,pretrained_models/CUB/gdro_1_875_111.pth,current,results/CUB/gdro_gdro_1875/model_outputs_111
CUB,gdro_gdro_1_875,222,ft.gdro.gdro__c-875__src-train__bal-rw__frac-1.0__wd-1.0__lr-1e-5__ep-301__bn-train,ft.gdro.gdro,gdro,gdro,875,train,rw,1.0,1.0,1e-05,301,64,train,0,0,metadata.csv,pretrained_models/CUB/gdro_1_875_222.pth,current,results/CUB/gdro_gdro_1875/model_outputs_222
CUB,gdro_gdro_1_875,333,ft.gdro.gdro__c-875__src-train__bal-rw__frac-1.0__wd-1.0__lr-1e-5__ep-301__bn-train,ft.gdro.gdro,gdro,gdro,875,train,rw,1.0,1.0,1e-05,301,64,train,0,0,metadata.csv,pretrained_models/CUB/gdro_1_875_333.pth,current,results/CUB/gdro_gdro_1875/model_outputs_333
CUB,gdro_gdro_1_95,111,ft.gdro.gdro__c-95__src-train__bal-rw__frac-1.0__wd-1.0__lr-1e-5__ep-301__bn-train,ft.gdro.gdro,gdro,gdro,95,train,rw,1.0,1.0,1e-05,301,64,train,0,0,metadata.csv,pretrained_models/CUB/gdro_1_95_111.pth,current,results/CUB/gdro_gdro_195/model_outputs_111
CUB,gdro_gdro_1_95,222,ft.gdro.gdro__c-95__src-train__bal-rw__frac-1.0__wd-1.0__lr-1e-5__ep-301__bn-train,ft.gdro.gdro,gdro,gdro,95,train,rw,1.0,1.0,1e-05,301,64,train,0,0,metadata.csv,pretrained_models/CUB/gdro_1_95_222.pth,current,results/CUB/gdro_gdro_195/model_outputs_222
CUB,gdro_gdro_1_95,333,ft.gdro.gdro__c-95__src-train__bal-rw__frac-1.0__wd-1.0__lr-1e-5__ep-301__bn-train,ft.gdro.gdro,gdro,gdro,95,train,rw,1.0,1.0,1e-05,301,64,train,0,0,metadata.csv,pretrained_models/CUB/gdro_1_95_333.pth,current,results/CUB/gdro_gdro_195/model_outputs_333
CUB,gdro_gdro_50,111,ft.gdro.gdro__c-50__src-train__bal-rw__frac-1.0__wd-1.0__lr-1e-5__ep-301__bn-train,ft.gdro.gdro,gdro,gdro,50,train,rw,1.0,1.0,1e-05,301,64,train,0,0,metadata.csv,pretrained_models/CUB/gdro_50_111.pth,current,results/CUB/gdro_gdro_50/model_outputs_111
CUB,gdro_gdro_50,222,ft.gdro.gdro__c-50__src-train__bal-rw__frac-1.0__wd-1.0__lr-1e-5__ep-301__bn-train,ft.gdro.gdro,gdro,gdro,50,train,rw,1.0,1.0,1e-05,301,64,train,0,0,metadata.csv,pretrained_models/CUB/gdro_50_222.pth,current,results/CUB/gdro_gdro_50/model_outputs_222
CUB,gdro_gdro_50,333,ft.gdro.gdro__c-50__src-train__bal-rw__frac-1.0__wd-1.0__lr-1e-5__ep-301__bn-train,ft.gdro.gdro,gdro,gdro,50,train,rw,1.0,1.0,1e-05,301,64,train,0,0,metadata.csv,pretrained_models/CUB/gdro_50_333.pth,current,results/CUB/gdro_gdro_50/model_outputs_333
CUB,gdro_gdro_625,111,ft.gdro.gdro__c-625__src-train__bal-rw__frac-1.0__wd-1.0__lr-1e-5__ep-301__bn-train,ft.gdro.gdro,gdro,gdro,625,train,rw,1.0,1.0,1e-05,301,64,train,0,0,metadata.csv,pretrained_models/CUB/gdro_625_111.pth,current,results/CUB/gdro_gdro_625/model_outputs_111
CUB,gdro_gdro_625,222,ft.gdro.gdro__c-625__src-train__bal-rw__frac-1.0__wd-1.0__lr-1e-5__ep-301__bn-train,ft.gdro.gdro,gdro,gdro,625,train,rw,1.0,1.0,1e-05,301,64,train,0,0,metadata.csv,pretrained_models/CUB/gdro_625_222.pth,current,results/CUB/gdro_gdro_625/model_outputs_222
CUB,gdro_gdro_625,333,ft.gdro.gdro__c-625__src-train__bal-rw__frac-1.0__wd-1.0__lr-1e-5__ep-301__bn-train,ft.gdro.gdro,gdro,gdro,625,train,rw,1.0,1.0,1e-05,301,64,train,0,0,metadata.csv,pretrained_models/CUB/gdro_625_333.pth,current,results/CUB/gdro_gdro_625/model_outputs_333
CUB,gdro_gdro_75,111,ft.gdro.gdro__c-75__src-train__bal-rw__frac-1.0__wd-1.0__lr-1e-5__ep-301__bn-train,ft.gdro.gdro,gdro,gdro,75,train,rw,1.0,1.0,1e-05,301,64,train,0,0,metadata.csv,pretrained_models/CUB/gdro_75_111.pth,current,results/CUB/gdro_gdro_75/model_outputs_111
CUB,gdro_gdro_75,222,ft.gdro.gdro__c-75__src-train__bal-rw__frac-1.0__wd-1.0__lr-1e-5__ep-301__bn-train,ft.gdro.gdro,gdro,gdro,75,train,rw,1.0,1.0,1e-05,301,64,train,0,0,metadata.csv,pretrained_models/CUB/gdro_75_222.pth,current,results/CUB/gdro_gdro_75/model_outputs_222
CUB,gdro_gdro_75,333,ft.gdro.gdro__c-75__src-train__bal-rw__frac-1.0__wd-1.0__lr-1e-5__ep-301__bn-train,ft.gdro.gdro,gdro,gdro,75,train,rw,1.0,1.0,1e-05,301,64,train,0,0,metadata.csv,pretrained_models/CUB/gdro_75_333.pth,current,results/CUB/gdro_gdro_75/model_outputs_333
CUB,gdro_gdro_875,111,ft.gdro.gdro__c-875__src-train__bal-rw__frac-1.0__wd-1.0__lr-1e-5__ep-301__bn-train,ft.gdro.gdro,gdro,gdro,875,train,rw,1.0,1.0,1e-05,301,64,train,0,0,metadata.csv,pretrained_models/CUB/gdro_875_111.pth,current,results/CUB/gdro_gdro_875/model_outputs_111
CUB,gdro_gdro_875,222,ft.gdro.gdro__c-875__src-train__bal-rw__frac-1.0__wd-1.0__lr-1e-5__ep-301__bn-train,ft.gdro.gdro,gdro,gdro,875,train,rw,1.0,1.0,1e-05,301,64,train,0,0,metadata.csv,pretrained_models/CUB/gdro_875_222.pth,current,results/CUB/gdro_gdro_875/model_outputs_222
CUB,gdro_gdro_875,333,ft.gdro.gdro__c-875__src-train__bal-rw__frac-1.0__wd-1.0__lr-1e-5__ep-301__bn-train,ft.gdro.gdro,gdro,gdro,875,train,rw,1.0,1.0,1e-05,301,64,train,0,0,metadata.csv,pretrained_models/CUB/gdro_875_333.pth,current,results/CUB/gdro_gdro_875/model_outputs_333
CUB,gdro_gdro_95,111,ft.gdro.gdro__c-95__src-train__bal-rw__frac-1.0__wd-1.0__lr-1e-5__ep-301__bn-train,ft.gdro.gdro,gdro,gdro,95,train,rw,1.0,1.0,1e-05,301,64,train,0,0,metadata.csv,pretrained_models/CUB/gdro_95_111.pth,current,results/CUB/gdro_gdro_95/model_outputs_111
CUB,gdro_gdro_95,222,ft.gdro.gdro__c-95__src-train__bal-rw__frac-1.0__wd-1.0__lr-1e-5__ep-301__bn-train,ft.gdro.gdro,gdro,gdro,95,train,rw,1.0,1.0,1e-05,301,64,train,0,0,metadata.csv,pretrained_models/CUB/gdro_95_222.pth,current,results/CUB/gdro_gdro_95/model_outputs_222
CUB,gdro_gdro_95,333,ft.gdro.gdro__c-95__src-train__bal-rw__frac-1.0__wd-1.0__lr-1e-5__ep-301__bn-train,ft.gdro.gdro,gdro,gdro,95,train,rw,1.0,1.0,1e-05,301,64,train,0,0,metadata.csv,pretrained_models/CUB/gdro_95_333.pth,current,results/CUB/gdro_gdro_95/model_outputs_333
CUB,gdro_gdro_dfr_625,111,ft.gdro.gdro__c-50__src-train__bal-none__frac-0.357__wd-1.0__lr-1e-5__ep-301__bn-train,ft.gdro.gdro,gdro,gdro,50,train,none,0.357,1.0,1e-05,301,64,train,0,0,metadata.csv,pretrained_models/CUB/gdro_1_625_111.pth,current,results/CUB/gdro_gdro_dfr_625/model_outputs_111
CUB,gdro_gdro_dfr_625,222,ft.gdro.gdro__c-50__src-train__bal-none__frac-0.357__wd-1.0__lr-1e-5__ep-301__bn-train,ft.gdro.gdro,gdro,gdro,50,train,none,0.357,1.0,1e-05,301,64,train,0,0,metadata.csv,pretrained_models/CUB/gdro_1_625_222.pth,current,results/CUB/gdro_gdro_dfr_625/model_outputs_222
CUB,gdro_gdro_dfr_625,333,ft.gdro.gdro__c-50__src-train__bal-none__frac-0.357__wd-1.0__lr-1e-5__ep-301__bn-train,ft.gdro.gdro,gdro,gdro,50,train,none,0.357,1.0,1e-05,301,64,train,0,0,metadata.csv,pretrained_models/CUB/gdro_1_625_333.pth,current,results/CUB/gdro_gdro_dfr_625/model_outputs_333
CUB,gdro_gdro_dfr_75,111,ft.gdro.gdro__c-50__src-train__bal-none__frac-0.225__wd-1.0__lr-1e-5__ep-301__bn-train,ft.gdro.gdro,gdro,gdro,50,train,none,0.225,1.0,1e-05,301,64,train,0,0,metadata.csv,pretrained_models/CUB/gdro_1_75_111.pth,current,results/CUB/gdro_gdro_dfr_75/model_outputs_111
CUB,gdro_gdro_dfr_75,222,ft.gdro.gdro__c-50__src-train__bal-none__frac-0.225__wd-1.0__lr-1e-5__ep-301__bn-train,ft.gdro.gdro,gdro,gdro,50,train,none,0.225,1.0,1e-05,301,64,train,0,0,metadata.csv,pretrained_models/CUB/gdro_1_75_222.pth,current,results/CUB/gdro_gdro_dfr_75/model_outputs_222
CUB,gdro_gdro_dfr_75,333,ft.gdro.gdro__c-50__src-train__bal-none__frac-0.225__wd-1.0__lr-1e-5__ep-301__bn-train,ft.gdro.gdro,gdro,gdro,50,train,none,0.225,1.0,1e-05,301,64,train,0,0,metadata.csv,pretrained_models/CUB/gdro_1_75_333.pth,current,results/CUB/gdro_gdro_dfr_75/model_outputs_333
CUB,gdro_gdro_dfr_875,111,ft.gdro.gdro__c-50__src-train__bal-none__frac-0.118__wd-1.0__lr-1e-5__ep-301__bn-train,ft.gdro.gdro,gdro,gdro,50,train,none,0.118,1.0,1e-05,301,64,train,0,0,metadata.csv,pretrained_models/CUB/gdro_1_875_111.pth,current,results/CUB/gdro_gdro_dfr_875/model_outputs_111
CUB,gdro_gdro_dfr_875,222,ft.gdro.gdro__c-50__src-train__bal-none__frac-0.118__wd-1.0__lr-1e-5__ep-301__bn-train,ft.gdro.gdro,gdro,gdro,50,train,none,0.118,1.0,1e-05,301,64,train,0,0,metadata.csv,pretrained_models/CUB/gdro_1_875_222.pth,current,results/CUB/gdro_gdro_dfr_875/model_outputs_222
CUB,gdro_gdro_dfr_875,333,ft.gdro.gdro__c-50__src-train__bal-none__frac-0.118__wd-1.0__lr-1e-5__ep-301__bn-train,ft.gdro.gdro,gdro,gdro,50,train,none,0.118,1.0,1e-05,301,64,train,0,0,metadata.csv,pretrained_models/CUB/gdro_1_875_333.pth,current,results/CUB/gdro_gdro_dfr_875/model_outputs_333
CUB,gdro_gdro_dfr_95,111,ft.gdro.gdro__c-50__src-train__bal-none__frac-0.047__wd-1.0__lr-1e-5__ep-301__bn-train,ft.gdro.gdro,gdro,gdro,50,train,none,0.047,1.0,1e-05,301,64,train,0,0,metadata.csv,pretrained_models/CUB/gdro_1_95_111.pth,current,results/CUB/gdro_gdro_dfr_95/model_outputs_111
CUB,gdro_gdro_dfr_95,222,ft.gdro.gdro__c-50__src-train__bal-none__frac-0.047__wd-1.0__lr-1e-5__ep-301__bn-train,ft.gdro.gdro,gdro,gdro,50,train,none,0.047,1.0,1e-05,301,64,train,0,0,metadata.csv,pretrained_models/CUB/gdro_1_95_222.pth,current,results/CUB/gdro_gdro_dfr_95/model_outputs_222
CUB,gdro_gdro_dfr_95,333,ft.gdro.gdro__c-50__src-train__bal-none__frac-0.047__wd-1.0__lr-1e-5__ep-301__bn-train,ft.gdro.gdro,gdro,gdro,50,train,none,0.047,1.0,1e-05,301,64,train,0,0,metadata.csv,pretrained_models/CUB/gdro_1_95_333.pth,current,results/CUB/gdro_gdro_dfr_95/model_outputs_333
CUB,gdro_old_50,111,e2e.gdro__c-50__bal-rw__frac-1.0__wd-0.0001__lr-0.001__ep-301,e2e.gdro,,gdro,50,,rw,1.0,0.0001,0.001,301,64,n/a,,,metadata.csv,,pre-normalize,results/CUB/gdro_50/model_outputs_111
CUB,gdro_old_50,222,e2e.gdro__c-50__bal-rw__frac-1.0__wd-0.0001__lr-0.001__ep-301,e2e.gdro,,gdro,50,,rw,1.0,0.0001,0.001,301,64,n/a,,,metadata.csv,,pre-normalize,results/CUB/gdro_50/model_outputs_222
CUB,gdro_old_50,333,e2e.gdro__c-50__bal-rw__frac-1.0__wd-0.0001__lr-0.001__ep-301,e2e.gdro,,gdro,50,,rw,1.0,0.0001,0.001,301,64,n/a,,,metadata.csv,,pre-normalize,results/CUB/gdro_50/model_outputs_333
CUB,gdro_old_625,111,e2e.gdro__c-625__bal-rw__frac-1.0__wd-0.0001__lr-0.001__ep-301,e2e.gdro,,gdro,625,,rw,1.0,0.0001,0.001,301,64,n/a,,,metadata.csv,,pre-normalize,results/CUB/gdro_625/model_outputs_111
CUB,gdro_old_625,222,e2e.gdro__c-625__bal-rw__frac-1.0__wd-0.0001__lr-0.001__ep-301,e2e.gdro,,gdro,625,,rw,1.0,0.0001,0.001,301,64,n/a,,,metadata.csv,,pre-normalize,results/CUB/gdro_625/model_outputs_222
CUB,gdro_old_625,333,e2e.gdro__c-625__bal-rw__frac-1.0__wd-0.0001__lr-0.001__ep-301,e2e.gdro,,gdro,625,,rw,1.0,0.0001,0.001,301,64,n/a,,,metadata.csv,,pre-normalize,results/CUB/gdro_625/model_outputs_333
CUB,gdro_old_75,111,e2e.gdro__c-75__bal-rw__frac-1.0__wd-0.0001__lr-0.001__ep-301,e2e.gdro,,gdro,75,,rw,1.0,0.0001,0.001,301,64,n/a,,,metadata.csv,,pre-normalize,results/CUB/gdro_75/model_outputs_111
CUB,gdro_old_75,222,e2e.gdro__c-75__bal-rw__frac-1.0__wd-0.0001__lr-0.001__ep-301,e2e.gdro,,gdro,75,,rw,1.0,0.0001,0.001,301,64,n/a,,,metadata.csv,,pre-normalize,results/CUB/gdro_75/model_outputs_222
CUB,gdro_old_75,333,e2e.gdro__c-75__bal-rw__frac-1.0__wd-0.0001__lr-0.001__ep-301,e2e.gdro,,gdro,75,,rw,1.0,0.0001,0.001,301,64,n/a,,,metadata.csv,,pre-normalize,results/CUB/gdro_75/model_outputs_333
CUB,gdro_old_875,111,e2e.gdro__c-875__bal-rw__frac-1.0__wd-0.0001__lr-0.001__ep-301,e2e.gdro,,gdro,875,,rw,1.0,0.0001,0.001,301,64,n/a,,,metadata.csv,,pre-normalize,results/CUB/gdro_875/model_outputs_111
CUB,gdro_old_875,222,e2e.gdro__c-875__bal-rw__frac-1.0__wd-0.0001__lr-0.001__ep-301,e2e.gdro,,gdro,875,,rw,1.0,0.0001,0.001,301,64,n/a,,,metadata.csv,,pre-normalize,results/CUB/gdro_875/model_outputs_222
CUB,gdro_old_875,333,e2e.gdro__c-875__bal-rw__frac-1.0__wd-0.0001__lr-0.001__ep-301,e2e.gdro,,gdro,875,,rw,1.0,0.0001,0.001,301,64,n/a,,,metadata.csv,,pre-normalize,results/CUB/gdro_875/model_outputs_333
CUB,gdro_old_95,111,e2e.gdro__c-95__bal-rw__frac-1.0__wd-0.0001__lr-0.001__ep-301,e2e.gdro,,gdro,95,,rw,1.0,0.0001,0.001,301,64,n/a,,,metadata.csv,,pre-normalize,results/CUB/gdro_95/model_outputs_111
CUB,gdro_old_95,222,e2e.gdro__c-95__bal-rw__frac-1.0__wd-0.0001__lr-0.001__ep-301,e2e.gdro,,gdro,95,,rw,1.0,0.0001,0.001,301,64,n/a,,,metadata.csv,,pre-normalize,results/CUB/gdro_95/model_outputs_222
CUB,gdro_old_95,333,e2e.gdro__c-95__bal-rw__frac-1.0__wd-0.0001__lr-0.001__ep-301,e2e.gdro,,gdro,95,,rw,1.0,0.0001,0.001,301,64,n/a,,,metadata.csv,,pre-normalize,results/CUB/gdro_95/model_outputs_333
CUB,gdro_rw_50,111,ft.gdro.erm__c-50__src-train__bal-rw__frac-1.0__wd-1.0__lr-1e-5__ep-301__bn-train,ft.gdro.erm,gdro,erm,50,train,rw,1.0,1.0,1e-05,301,64,train,0,0,metadata.csv,pretrained_models/CUB/gdro_1_50_111.pth,current,results/CUB/gdro_rw_50/model_outputs_111
CUB,gdro_rw_625,111,ft.gdro.erm__c-625__src-train__bal-rw__frac-1.0__wd-1.0__lr-1e-5__ep-301__bn-train,ft.gdro.erm,gdro,erm,625,train,rw,1.0,1.0,1e-05,301,64,train,0,0,metadata.csv,pretrained_models/CUB/gdro_1_625_111.pth,current,results/CUB/gdro_rw_625/model_outputs_111
CUB,gdro_rw_75,111,ft.gdro.erm__c-75__src-train__bal-rw__frac-1.0__wd-1.0__lr-1e-5__ep-301__bn-train,ft.gdro.erm,gdro,erm,75,train,rw,1.0,1.0,1e-05,301,64,train,0,0,metadata.csv,pretrained_models/CUB/gdro_1_75_111.pth,current,results/CUB/gdro_rw_75/model_outputs_111
CUB,gdro_rw_875,111,ft.gdro.erm__c-875__src-train__bal-rw__frac-1.0__wd-1.0__lr-1e-5__ep-301__bn-train,ft.gdro.erm,gdro,erm,875,train,rw,1.0,1.0,1e-05,301,64,train,0,0,metadata.csv,pretrained_models/CUB/gdro_1_875_111.pth,current,results/CUB/gdro_rw_875/model_outputs_111
CUB,gdro_rw_95,111,ft.gdro.erm__c-95__src-train__bal-rw__frac-1.0__wd-1.0__lr-1e-5__ep-301__bn-train,ft.gdro.erm,gdro,erm,95,train,rw,1.0,1.0,1e-05,301,64,train,0,0,metadata.csv,pretrained_models/CUB/gdro_1_95_111.pth,current,results/CUB/gdro_rw_95/model_outputs_111
CUB,jtt_40_100_625,111,e2e.jtt__c-625__bal-none__frac-1.0__wd-1.0__lr-1e-5__ep-301,e2e.jtt,,erm,625,,none,1.0,1.0,1e-05,301,64,n/a,0,0,metadata.csv,,current,results/CUB/jtt_40_100_625/model_outputs_111
CUB,jtt_40_100_625,222,e2e.jtt__c-625__bal-none__frac-1.0__wd-1.0__lr-1e-5__ep-301,e2e.jtt,,erm,625,,none,1.0,1.0,1e-05,301,64,n/a,0,0,metadata.csv,,current,results/CUB/jtt_40_100_625/model_outputs_222
CUB,jtt_40_100_625,333,e2e.jtt__c-625__bal-none__frac-1.0__wd-1.0__lr-1e-5__ep-301,e2e.jtt,,erm,625,,none,1.0,1.0,1e-05,301,64,n/a,0,0,metadata.csv,,current,results/CUB/jtt_40_100_625/model_outputs_333
CUB,jtt_40_100_75,111,e2e.jtt__c-75__bal-none__frac-1.0__wd-1.0__lr-1e-5__ep-301,e2e.jtt,,erm,75,,none,1.0,1.0,1e-05,301,64,n/a,0,0,metadata.csv,,current,results/CUB/jtt_40_100_75/model_outputs_111
CUB,jtt_40_100_75,222,e2e.jtt__c-75__bal-none__frac-1.0__wd-1.0__lr-1e-5__ep-301,e2e.jtt,,erm,75,,none,1.0,1.0,1e-05,301,64,n/a,0,0,metadata.csv,,current,results/CUB/jtt_40_100_75/model_outputs_222
CUB,jtt_40_100_75,333,e2e.jtt__c-75__bal-none__frac-1.0__wd-1.0__lr-1e-5__ep-301,e2e.jtt,,erm,75,,none,1.0,1.0,1e-05,301,64,n/a,0,0,metadata.csv,,current,results/CUB/jtt_40_100_75/model_outputs_333
CUB,jtt_40_100_875,111,e2e.jtt__c-875__bal-none__frac-1.0__wd-1.0__lr-1e-5__ep-301,e2e.jtt,,erm,875,,none,1.0,1.0,1e-05,301,64,n/a,0,0,metadata.csv,,current,results/CUB/jtt_40_100_875/model_outputs_111
CUB,jtt_40_100_875,222,e2e.jtt__c-875__bal-none__frac-1.0__wd-1.0__lr-1e-5__ep-301,e2e.jtt,,erm,875,,none,1.0,1.0,1e-05,301,64,n/a,0,0,metadata.csv,,current,results/CUB/jtt_40_100_875/model_outputs_222
CUB,jtt_40_100_875,333,e2e.jtt__c-875__bal-none__frac-1.0__wd-1.0__lr-1e-5__ep-301,e2e.jtt,,erm,875,,none,1.0,1.0,1e-05,301,64,n/a,0,0,metadata.csv,,current,results/CUB/jtt_40_100_875/model_outputs_333
CUB,jtt_40_100_95,111,e2e.jtt__c-95__bal-none__frac-1.0__wd-1.0__lr-1e-5__ep-301,e2e.jtt,,erm,95,,none,1.0,1.0,1e-05,301,64,n/a,0,0,metadata.csv,,current,results/CUB/jtt_40_100_95/model_outputs_111
CUB,jtt_40_100_95,222,e2e.jtt__c-95__bal-none__frac-1.0__wd-1.0__lr-1e-5__ep-301,e2e.jtt,,erm,95,,none,1.0,1.0,1e-05,301,64,n/a,0,0,metadata.csv,,current,results/CUB/jtt_40_100_95/model_outputs_222
CUB,jtt_40_100_95,333,e2e.jtt__c-95__bal-none__frac-1.0__wd-1.0__lr-1e-5__ep-301,e2e.jtt,,erm,95,,none,1.0,1.0,1e-05,301,64,n/a,0,0,metadata.csv,,current,results/CUB/jtt_40_100_95/model_outputs_333
CUB,jtt_50_100_625,111,e2e.jtt__c-625__bal-none__frac-1.0__wd-1.0__lr-1e-5__ep-301,e2e.jtt,,erm,625,,none,1.0,1.0,1e-05,301,64,n/a,0,0,metadata.csv,,current,results/CUB/jtt_50_100_625/model_outputs_111
CUB,jtt_50_100_625,222,e2e.jtt__c-625__bal-none__frac-1.0__wd-1.0__lr-1e-5__ep-301,e2e.jtt,,erm,625,,none,1.0,1.0,1e-05,301,64,n/a,0,0,metadata.csv,,current,results/CUB/jtt_50_100_625/model_outputs_222
CUB,jtt_50_100_625,333,e2e.jtt__c-625__bal-none__frac-1.0__wd-1.0__lr-1e-5__ep-301,e2e.jtt,,erm,625,,none,1.0,1.0,1e-05,301,64,n/a,0,0,metadata.csv,,current,results/CUB/jtt_50_100_625/model_outputs_333
CUB,jtt_50_100_75,111,e2e.jtt__c-75__bal-none__frac-1.0__wd-1.0__lr-1e-5__ep-301,e2e.jtt,,erm,75,,none,1.0,1.0,1e-05,301,64,n/a,0,0,metadata.csv,,current,results/CUB/jtt_50_100_75/model_outputs_111
CUB,jtt_50_100_75,222,e2e.jtt__c-75__bal-none__frac-1.0__wd-1.0__lr-1e-5__ep-301,e2e.jtt,,erm,75,,none,1.0,1.0,1e-05,301,64,n/a,0,0,metadata.csv,,current,results/CUB/jtt_50_100_75/model_outputs_222
CUB,jtt_50_100_75,333,e2e.jtt__c-75__bal-none__frac-1.0__wd-1.0__lr-1e-5__ep-301,e2e.jtt,,erm,75,,none,1.0,1.0,1e-05,301,64,n/a,0,0,metadata.csv,,current,results/CUB/jtt_50_100_75/model_outputs_333
CUB,jtt_50_100_875,111,e2e.jtt__c-875__bal-none__frac-1.0__wd-1.0__lr-1e-5__ep-301,e2e.jtt,,erm,875,,none,1.0,1.0,1e-05,301,64,n/a,0,0,metadata.csv,,current,results/CUB/jtt_50_100_875/model_outputs_111
CUB,jtt_50_100_875,222,e2e.jtt__c-875__bal-none__frac-1.0__wd-1.0__lr-1e-5__ep-301,e2e.jtt,,erm,875,,none,1.0,1.0,1e-05,301,64,n/a,0,0,metadata.csv,,current,results/CUB/jtt_50_100_875/model_outputs_222
CUB,jtt_50_100_875,333,e2e.jtt__c-875__bal-none__frac-1.0__wd-1.0__lr-1e-5__ep-301,e2e.jtt,,erm,875,,none,1.0,1.0,1e-05,301,64,n/a,0,0,metadata.csv,,current,results/CUB/jtt_50_100_875/model_outputs_333
CUB,jtt_50_100_95,111,e2e.jtt__c-95__bal-none__frac-1.0__wd-1.0__lr-1e-5__ep-301,e2e.jtt,,erm,95,,none,1.0,1.0,1e-05,301,64,n/a,0,0,metadata.csv,,current,results/CUB/jtt_50_100_95/model_outputs_111
CUB,jtt_50_100_95,222,e2e.jtt__c-95__bal-none__frac-1.0__wd-1.0__lr-1e-5__ep-301,e2e.jtt,,erm,95,,none,1.0,1.0,1e-05,301,64,n/a,0,0,metadata.csv,,current,results/CUB/jtt_50_100_95/model_outputs_222
CUB,jtt_50_100_95,333,e2e.jtt__c-95__bal-none__frac-1.0__wd-1.0__lr-1e-5__ep-301,e2e.jtt,,erm,95,,none,1.0,1.0,1e-05,301,64,n/a,0,0,metadata.csv,,current,results/CUB/jtt_50_100_95/model_outputs_333
CUB,jtt_60_100_625,111,e2e.jtt__c-625__bal-none__frac-1.0__wd-1.0__lr-1e-5__ep-301,e2e.jtt,,erm,625,,none,1.0,1.0,1e-05,301,64,n/a,0,0,metadata.csv,,current,results/CUB/jtt_60_100_625/model_outputs_111
CUB,jtt_60_100_625,222,e2e.jtt__c-625__bal-none__frac-1.0__wd-1.0__lr-1e-5__ep-301,e2e.jtt,,erm,625,,none,1.0,1.0,1e-05,301,64,n/a,0,0,metadata.csv,,current,results/CUB/jtt_60_100_625/model_outputs_222
CUB,jtt_60_100_625,333,e2e.jtt__c-625__bal-none__frac-1.0__wd-1.0__lr-1e-5__ep-301,e2e.jtt,,erm,625,,none,1.0,1.0,1e-05,301,64,n/a,0,0,metadata.csv,,current,results/CUB/jtt_60_100_625/model_outputs_333
CUB,jtt_60_100_75,111,e2e.jtt__c-75__bal-none__frac-1.0__wd-1.0__lr-1e-5__ep-301,e2e.jtt,,erm,75,,none,1.0,1.0,1e-05,301,64,n/a,0,0,metadata.csv,,current,results/CUB/jtt_60_100_75/model_outputs_111
CUB,jtt_60_100_75,222,e2e.jtt__c-75__bal-none__frac-1.0__wd-1.0__lr-1e-5__ep-301,e2e.jtt,,erm,75,,none,1.0,1.0,1e-05,301,64,n/a,0,0,metadata.csv,,current,results/CUB/jtt_60_100_75/model_outputs_222
CUB,jtt_60_100_75,333,e2e.jtt__c-75__bal-none__frac-1.0__wd-1.0__lr-1e-5__ep-301,e2e.jtt,,erm,75,,none,1.0,1.0,1e-05,301,64,n/a,0,0,metadata.csv,,current,results/CUB/jtt_60_100_75/model_outputs_333
CUB,jtt_60_100_875,111,e2e.jtt__c-875__bal-none__frac-1.0__wd-1.0__lr-1e-5__ep-301,e2e.jtt,,erm,875,,none,1.0,1.0,1e-05,301,64,n/a,0,0,metadata.csv,,current,results/CUB/jtt_60_100_875/model_outputs_111
CUB,jtt_60_100_875,222,e2e.jtt__c-875__bal-none__frac-1.0__wd-1.0__lr-1e-5__ep-301,e2e.jtt,,erm,875,,none,1.0,1.0,1e-05,301,64,n/a,0,0,metadata.csv,,current,results/CUB/jtt_60_100_875/model_outputs_222
CUB,jtt_60_100_875,333,e2e.jtt__c-875__bal-none__frac-1.0__wd-1.0__lr-1e-5__ep-301,e2e.jtt,,erm,875,,none,1.0,1.0,1e-05,301,64,n/a,0,0,metadata.csv,,current,results/CUB/jtt_60_100_875/model_outputs_333
CUB,jtt_60_100_95,111,e2e.jtt__c-95__bal-none__frac-1.0__wd-1.0__lr-1e-5__ep-301,e2e.jtt,,erm,95,,none,1.0,1.0,1e-05,301,64,n/a,0,0,metadata.csv,,current,results/CUB/jtt_60_100_95/model_outputs_111
CUB,jtt_60_100_95,222,e2e.jtt__c-95__bal-none__frac-1.0__wd-1.0__lr-1e-5__ep-301,e2e.jtt,,erm,95,,none,1.0,1.0,1e-05,301,64,n/a,0,0,metadata.csv,,current,results/CUB/jtt_60_100_95/model_outputs_222
CUB,jtt_60_100_95,333,e2e.jtt__c-95__bal-none__frac-1.0__wd-1.0__lr-1e-5__ep-301,e2e.jtt,,erm,95,,none,1.0,1.0,1e-05,301,64,n/a,0,0,metadata.csv,,current,results/CUB/jtt_60_100_95/model_outputs_333
CUB,rw_50,111,e2e.erm__c-50__bal-rw__frac-1.0__wd-0.0001__lr-0.001__ep-301,e2e.erm,,erm,50,,rw,1.0,0.0001,0.001,301,64,n/a,0,0,metadata.csv,,current,results/CUB/rw_50/model_outputs_111
CUB,rw_50,222,e2e.erm__c-50__bal-rw__frac-1.0__wd-0.0001__lr-0.001__ep-301,e2e.erm,,erm,50,,rw,1.0,0.0001,0.001,301,64,n/a,0,0,metadata.csv,,current,results/CUB/rw_50/model_outputs_222
CUB,rw_50,333,e2e.erm__c-50__bal-rw__frac-1.0__wd-0.0001__lr-0.001__ep-301,e2e.erm,,erm,50,,rw,1.0,0.0001,0.001,301,64,n/a,0,0,metadata.csv,,current,results/CUB/rw_50/model_outputs_333
CUB,rw_625,111,e2e.erm__c-625__bal-rw__frac-1.0__wd-0.0001__lr-0.001__ep-301,e2e.erm,,erm,625,,rw,1.0,0.0001,0.001,301,64,n/a,0,0,metadata.csv,,current,results/CUB/rw_625/model_outputs_111
CUB,rw_625,222,e2e.erm__c-625__bal-rw__frac-1.0__wd-0.0001__lr-0.001__ep-301,e2e.erm,,erm,625,,rw,1.0,0.0001,0.001,301,64,n/a,0,0,metadata.csv,,current,results/CUB/rw_625/model_outputs_222
CUB,rw_625,333,e2e.erm__c-625__bal-rw__frac-1.0__wd-0.0001__lr-0.001__ep-301,e2e.erm,,erm,625,,rw,1.0,0.0001,0.001,301,64,n/a,0,0,metadata.csv,,current,results/CUB/rw_625/model_outputs_333
CUB,rw_75,111,e2e.erm__c-75__bal-rw__frac-1.0__wd-0.0001__lr-0.001__ep-301,e2e.erm,,erm,75,,rw,1.0,0.0001,0.001,301,64,n/a,0,0,metadata.csv,,current,results/CUB/rw_75/model_outputs_111
CUB,rw_75,222,e2e.erm__c-75__bal-rw__frac-1.0__wd-0.0001__lr-0.001__ep-301,e2e.erm,,erm,75,,rw,1.0,0.0001,0.001,301,64,n/a,0,0,metadata.csv,,current,results/CUB/rw_75/model_outputs_222
CUB,rw_75,333,e2e.erm__c-75__bal-rw__frac-1.0__wd-0.0001__lr-0.001__ep-301,e2e.erm,,erm,75,,rw,1.0,0.0001,0.001,301,64,n/a,0,0,metadata.csv,,current,results/CUB/rw_75/model_outputs_333
CUB,rw_875,111,e2e.erm__c-875__bal-rw__frac-1.0__wd-0.0001__lr-0.001__ep-301,e2e.erm,,erm,875,,rw,1.0,0.0001,0.001,301,64,n/a,0,0,metadata.csv,,current,results/CUB/rw_875/model_outputs_111
CUB,rw_875,222,e2e.erm__c-875__bal-rw__frac-1.0__wd-0.0001__lr-0.001__ep-301,e2e.erm,,erm,875,,rw,1.0,0.0001,0.001,301,64,n/a,0,0,metadata.csv,,current,results/CUB/rw_875/model_outputs_222
CUB,rw_875,333,e2e.erm__c-875__bal-rw__frac-1.0__wd-0.0001__lr-0.001__ep-301,e2e.erm,,erm,875,,rw,1.0,0.0001,0.001,301,64,n/a,0,0,metadata.csv,,current,results/CUB/rw_875/model_outputs_333
CUB,rw_95,111,e2e.erm__c-95__bal-rw__frac-1.0__wd-0.0001__lr-0.001__ep-301,e2e.erm,,erm,95,,rw,1.0,0.0001,0.001,301,64,n/a,0,0,metadata.csv,,current,results/CUB/rw_95/model_outputs_111
CUB,rw_95,222,e2e.erm__c-95__bal-rw__frac-1.0__wd-0.0001__lr-0.001__ep-301,e2e.erm,,erm,95,,rw,1.0,0.0001,0.001,301,64,n/a,0,0,metadata.csv,,current,results/CUB/rw_95/model_outputs_222
CUB,rw_95,333,e2e.erm__c-95__bal-rw__frac-1.0__wd-0.0001__lr-0.001__ep-301,e2e.erm,,erm,95,,rw,1.0,0.0001,0.001,301,64,n/a,0,0,metadata.csv,,current,results/CUB/rw_95/model_outputs_333
CUB,rw_erm_50,111,e2e.erm__c-50__bal-rw__frac-1.0__wd-0.0001__lr-0.001__ep-301,e2e.erm,,erm,50,,rw,1.0,0.0001,0.001,301,64,n/a,,,metadata.csv,,pre-normalize,results/CUB/rw_erm_50/model_outputs_111
CUB,rw_erm_50,222,e2e.erm__c-50__bal-rw__frac-1.0__wd-0.0001__lr-0.001__ep-301,e2e.erm,,erm,50,,rw,1.0,0.0001,0.001,301,64,n/a,,,metadata.csv,,pre-normalize,results/CUB/rw_erm_50/model_outputs_222
CUB,rw_erm_50,333,e2e.erm__c-50__bal-rw__frac-1.0__wd-0.0001__lr-0.001__ep-301,e2e.erm,,erm,50,,rw,1.0,0.0001,0.001,301,64,n/a,,,metadata.csv,,pre-normalize,results/CUB/rw_erm_50/model_outputs_333
CUB,rw_erm_625,111,e2e.erm__c-625__bal-rw__frac-1.0__wd-0.0001__lr-0.001__ep-301,e2e.erm,,erm,625,,rw,1.0,0.0001,0.001,301,64,n/a,,,metadata.csv,,pre-normalize,results/CUB/rw_erm_625/model_outputs_111
CUB,rw_erm_625,222,e2e.erm__c-625__bal-rw__frac-1.0__wd-0.0001__lr-0.001__ep-301,e2e.erm,,erm,625,,rw,1.0,0.0001,0.001,301,64,n/a,,,metadata.csv,,pre-normalize,results/CUB/rw_erm_625/model_outputs_222
CUB,rw_erm_625,333,e2e.erm__c-625__bal-rw__frac-1.0__wd-0.0001__lr-0.001__ep-301,e2e.erm,,erm,625,,rw,1.0,0.0001,0.001,301,64,n/a,,,metadata.csv,,pre-normalize,results/CUB/rw_erm_625/model_outputs_333
CUB,rw_erm_75,111,e2e.erm__c-75__bal-rw__frac-1.0__wd-0.0001__lr-0.001__ep-301,e2e.erm,,erm,75,,rw,1.0,0.0001,0.001,301,64,n/a,,,metadata.csv,,pre-normalize,results/CUB/rw_erm_75/model_outputs_111
CUB,rw_erm_75,222,e2e.erm__c-75__bal-rw__frac-1.0__wd-0.0001__lr-0.001__ep-301,e2e.erm,,erm,75,,rw,1.0,0.0001,0.001,301,64,n/a,,,metadata.csv,,pre-normalize,results/CUB/rw_erm_75/model_outputs_222
CUB,rw_erm_75,333,e2e.erm__c-75__bal-rw__frac-1.0__wd-0.0001__lr-0.001__ep-301,e2e.erm,,erm,75,,rw,1.0,0.0001,0.001,301,64,n/a,,,metadata.csv,,pre-normalize,results/CUB/rw_erm_75/model_outputs_333
CUB,rw_erm_875,111,e2e.erm__c-875__bal-rw__frac-1.0__wd-0.0001__lr-0.001__ep-301,e2e.erm,,erm,875,,rw,1.0,0.0001,0.001,301,64,n/a,,,metadata.csv,,pre-normalize,results/CUB/rw_erm_875/model_outputs_111
CUB,rw_erm_875,222,e2e.erm__c-875__bal-rw__frac-1.0__wd-0.0001__lr-0.001__ep-301,e2e.erm,,erm,875,,rw,1.0,0.0001,0.001,301,64,n/a,,,metadata.csv,,pre-normalize,results/CUB/rw_erm_875/model_outputs_222
CUB,rw_erm_875,333,e2e.erm__c-875__bal-rw__frac-1.0__wd-0.0001__lr-0.001__ep-301,e2e.erm,,erm,875,,rw,1.0,0.0001,0.001,301,64,n/a,,,metadata.csv,,pre-normalize,results/CUB/rw_erm_875/model_outputs_333
CUB,rw_erm_95,111,e2e.erm__c-95__bal-rw__frac-1.0__wd-0.0001__lr-0.001__ep-301,e2e.erm,,erm,95,,rw,1.0,0.0001,0.001,301,64,n/a,,,metadata.csv,,pre-normalize,results/CUB/rw_erm_95/model_outputs_111
CUB,rw_erm_95,222,e2e.erm__c-95__bal-rw__frac-1.0__wd-0.0001__lr-0.001__ep-301,e2e.erm,,erm,95,,rw,1.0,0.0001,0.001,301,64,n/a,,,metadata.csv,,pre-normalize,results/CUB/rw_erm_95/model_outputs_222
CUB,rw_erm_95,333,e2e.erm__c-95__bal-rw__frac-1.0__wd-0.0001__lr-0.001__ep-301,e2e.erm,,erm,95,,rw,1.0,0.0001,0.001,301,64,n/a,,,metadata.csv,,pre-normalize,results/CUB/rw_erm_95/model_outputs_333
CelebA,erm,111,e2e.erm__c-std__bal-none__frac-1.0__wd-0.0001__lr-0.0001__ep-51,e2e.erm,,erm,std,,none,1.0,0.0001,0.0001,51,64,n/a,0,0,metadata.csv,,current,results/CelebA/erm/model_outputs_111
CelebA,erm,222,e2e.erm__c-std__bal-none__frac-1.0__wd-0.0001__lr-0.0001__ep-51,e2e.erm,,erm,std,,none,1.0,0.0001,0.0001,51,64,n/a,0,0,list_attr_celeba.csv,,current,results/CelebA/erm/model_outputs_222
CelebA,erm,333,e2e.erm__c-std__bal-none__frac-1.0__wd-0.0001__lr-0.0001__ep-51,e2e.erm,,erm,std,,none,1.0,0.0001,0.0001,51,64,n/a,0,0,list_attr_celeba.csv,,current,results/CelebA/erm/model_outputs_333
CelebA,erm_dfr,111,ft.erm.erm__c-std__src-train__bal-sub__frac-1.0__wd-0.0001__lr-0.0001__ep-51__bn-train,ft.erm.erm,erm,erm,std,train,sub,1.0,0.0001,0.0001,51,64,train,0,0,dfr,pretrained_models/CelebA/erm_111.pth,current,results/CelebA/erm_dfr/model_outputs_111
CelebA,erm_dfr,222,ft.erm.erm__c-std__src-train__bal-sub__frac-1.0__wd-0.0001__lr-0.0001__ep-51__bn-train,ft.erm.erm,erm,erm,std,train,sub,1.0,0.0001,0.0001,51,64,train,0,0,dfr,pretrained_models/CelebA/erm_222.pth,current,results/CelebA/erm_dfr/model_outputs_222
CelebA,erm_dfr,333,ft.erm.erm__c-std__src-train__bal-sub__frac-1.0__wd-0.0001__lr-0.0001__ep-51__bn-train,ft.erm.erm,erm,erm,std,train,sub,1.0,0.0001,0.0001,51,64,train,0,0,dfr,pretrained_models/CelebA/erm_333.pth,current,results/CelebA/erm_dfr/model_outputs_333
CelebA,erm_dfr_gdro,111,ft.erm.gdro__c-std__src-train__bal-sub.rw__frac-1.0__wd-0.1__lr-1e-5__ep-51__bn-train,ft.erm.gdro,erm,gdro,std,train,sub.rw,1.0,0.1,1e-05,51,64,train,0,0,dfr,pretrained_models/CelebA/erm_111.pth,current,results/CelebA/erm_dfr_gdro/model_outputs_111
CelebA,erm_dfr_gdro,222,ft.erm.gdro__c-std__src-train__bal-sub.rw__frac-1.0__wd-0.1__lr-1e-5__ep-51__bn-train,ft.erm.gdro,erm,gdro,std,train,sub.rw,1.0,0.1,1e-05,51,64,train,0,0,dfr,pretrained_models/CelebA/erm_222.pth,current,results/CelebA/erm_dfr_gdro/model_outputs_222
CelebA,erm_dfr_gdro,333,ft.erm.gdro__c-std__src-train__bal-sub.rw__frac-1.0__wd-0.1__lr-1e-5__ep-51__bn-train,ft.erm.gdro,erm,gdro,std,train,sub.rw,1.0,0.1,1e-05,51,64,train,0,0,dfr,pretrained_models/CelebA/erm_333.pth,current,results/CelebA/erm_dfr_gdro/model_outputs_333
CelebA,erm_dfr_gdro_0.1,111,ft.erm.gdro__c-std__src-train__bal-sub.rw__frac-0.1__wd-0.1__lr-1e-5__ep-51__bn-train,ft.erm.gdro,erm,gdro,std,train,sub.rw,0.1,0.1,1e-05,51,64,train,0,0,dfr,pretrained_models/CelebA/erm_111.pth,current,results/CelebA/erm_dfr_gdro_0.1/model_outputs_111
CelebA,erm_dfr_gdro_0.1,222,ft.erm.gdro__c-std__src-train__bal-sub.rw__frac-0.1__wd-0.1__lr-1e-5__ep-51__bn-train,ft.erm.gdro,erm,gdro,std,train,sub.rw,0.1,0.1,1e-05,51,64,train,0,0,dfr,pretrained_models/CelebA/erm_222.pth,current,results/CelebA/erm_dfr_gdro_0.1/model_outputs_222
CelebA,erm_dfr_gdro_0.1,333,ft.erm.gdro__c-std__src-train__bal-sub.rw__frac-0.1__wd-0.1__lr-1e-5__ep-51__bn-train,ft.erm.gdro,erm,gdro,std,train,sub.rw,0.1,0.1,1e-05,51,64,train,0,0,dfr,pretrained_models/CelebA/erm_333.pth,current,results/CelebA/erm_dfr_gdro_0.1/model_outputs_333
CelebA,erm_dfr_gdro_0.25,111,ft.erm.gdro__c-std__src-train__bal-sub.rw__frac-0.25__wd-0.1__lr-1e-5__ep-51__bn-train,ft.erm.gdro,erm,gdro,std,train,sub.rw,0.25,0.1,1e-05,51,64,train,0,0,dfr,pretrained_models/CelebA/erm_111.pth,current,results/CelebA/erm_dfr_gdro_0.25/model_outputs_111
CelebA,erm_dfr_gdro_0.25,222,ft.erm.gdro__c-std__src-train__bal-sub.rw__frac-0.25__wd-0.1__lr-1e-5__ep-51__bn-train,ft.erm.gdro,erm,gdro,std,train,sub.rw,0.25,0.1,1e-05,51,64,train,0,0,dfr,pretrained_models/CelebA/erm_222.pth,current,results/CelebA/erm_dfr_gdro_0.25/model_outputs_222
CelebA,erm_dfr_gdro_0.25,333,ft.erm.gdro__c-std__src-train__bal-sub.rw__frac-0.25__wd-0.1__lr-1e-5__ep-51__bn-train,ft.erm.gdro,erm,gdro,std,train,sub.rw,0.25,0.1,1e-05,51,64,train,0,0,dfr,pretrained_models/CelebA/erm_333.pth,current,results/CelebA/erm_dfr_gdro_0.25/model_outputs_333
CelebA,erm_dfr_gdro_0.5,111,ft.erm.gdro__c-std__src-train__bal-sub.rw__frac-0.5__wd-0.1__lr-1e-5__ep-51__bn-train,ft.erm.gdro,erm,gdro,std,train,sub.rw,0.5,0.1,1e-05,51,64,train,0,0,dfr,pretrained_models/CelebA/erm_111.pth,current,results/CelebA/erm_dfr_gdro_0.5/model_outputs_111
CelebA,erm_dfr_gdro_0.5,222,ft.erm.gdro__c-std__src-train__bal-sub.rw__frac-0.5__wd-0.1__lr-1e-5__ep-51__bn-train,ft.erm.gdro,erm,gdro,std,train,sub.rw,0.5,0.1,1e-05,51,64,train,0,0,dfr,pretrained_models/CelebA/erm_222.pth,current,results/CelebA/erm_dfr_gdro_0.5/model_outputs_222
CelebA,erm_dfr_gdro_0.5,333,ft.erm.gdro__c-std__src-train__bal-sub.rw__frac-0.5__wd-0.1__lr-1e-5__ep-51__bn-train,ft.erm.gdro,erm,gdro,std,train,sub.rw,0.5,0.1,1e-05,51,64,train,0,0,dfr,pretrained_models/CelebA/erm_333.pth,current,results/CelebA/erm_dfr_gdro_0.5/model_outputs_333
CelebA,erm_dfr_gdro_0.75,111,ft.erm.gdro__c-std__src-train__bal-sub.rw__frac-0.75__wd-0.1__lr-1e-5__ep-51__bn-train,ft.erm.gdro,erm,gdro,std,train,sub.rw,0.75,0.1,1e-05,51,64,train,0,0,dfr,pretrained_models/CelebA/erm_111.pth,current,results/CelebA/erm_dfr_gdro_0.75/model_outputs_111
CelebA,erm_dfr_gdro_0.75,222,ft.erm.gdro__c-std__src-train__bal-sub.rw__frac-0.75__wd-0.1__lr-1e-5__ep-51__bn-train,ft.erm.gdro,erm,gdro,std,train,sub.rw,0.75,0.1,1e-05,51,64,train,0,0,dfr,pretrained_models/CelebA/erm_222.pth,current,results/CelebA/erm_dfr_gdro_0.75/model_outputs_222
CelebA,erm_dfr_gdro_0.75,333,ft.erm.gdro__c-std__src-train__bal-sub.rw__frac-0.75__wd-0.1__lr-1e-5__ep-51__bn-train,ft.erm.gdro,erm,gdro,std,train,sub.rw,0.75,0.1,1e-05,51,64,train,0,0,dfr,pretrained_models/CelebA/erm_333.pth,current,results/CelebA/erm_dfr_gdro_0.75/model_outputs_333
CelebA,erm_dfr_gdro_0.9,111,ft.erm.gdro__c-std__src-train__bal-sub.rw__frac-0.9__wd-0.1__lr-1e-5__ep-51__bn-train,ft.erm.gdro,erm,gdro,std,train,sub.rw,0.9,0.1,1e-05,51,64,train,0,0,dfr,pretrained_models/CelebA/erm_111.pth,current,results/CelebA/erm_dfr_gdro_0.9/model_outputs_111
CelebA,erm_dfr_gdro_0.9,222,ft.erm.gdro__c-std__src-train__bal-sub.rw__frac-0.9__wd-0.1__lr-1e-5__ep-51__bn-train,ft.erm.gdro,erm,gdro,std,train,sub.rw,0.9,0.1,1e-05,51,64,train,0,0,dfr,pretrained_models/CelebA/erm_222.pth,current,results/CelebA/erm_dfr_gdro_0.9/model_outputs_222
CelebA,erm_dfr_gdro_0.9,333,ft.erm.gdro__c-std__src-train__bal-sub.rw__frac-0.9__wd-0.1__lr-1e-5__ep-51__bn-train,ft.erm.gdro,erm,gdro,std,train,sub.rw,0.9,0.1,1e-05,51,64,train,0,0,dfr,pretrained_models/CelebA/erm_333.pth,current,results/CelebA/erm_dfr_gdro_0.9/model_outputs_333
CelebA,erm_dfr_rw,111,ft.erm.erm__c-std__src-train__bal-sub.rw__frac-1.0__wd-0.1__lr-1e-5__ep-51__bn-train,ft.erm.erm,erm,erm,std,train,sub.rw,1.0,0.1,1e-05,51,64,train,0,0,dfr,pretrained_models/CelebA/erm_111.pth,current,results/CelebA/erm_dfr_rw/model_outputs_111
CelebA,erm_dfr_rw,222,ft.erm.erm__c-std__src-train__bal-sub.rw__frac-1.0__wd-0.1__lr-1e-5__ep-51__bn-train,ft.erm.erm,erm,erm,std,train,sub.rw,1.0,0.1,1e-05,51,64,train,0,0,dfr,pretrained_models/CelebA/erm_222.pth,current,results/CelebA/erm_dfr_rw/model_outputs_222
CelebA,erm_dfr_rw,333,ft.erm.erm__c-std__src-train__bal-sub.rw__frac-1.0__wd-0.1__lr-1e-5__ep-51__bn-train,ft.erm.erm,erm,erm,std,train,sub.rw,1.0,0.1,1e-05,51,64,train,0,0,dfr,pretrained_models/CelebA/erm_333.pth,current,results/CelebA/erm_dfr_rw/model_outputs_333
CelebA,erm_dfr_rw_0.1,111,ft.erm.erm__c-std__src-train__bal-sub.rw__frac-0.1__wd-0.1__lr-1e-5__ep-51__bn-train,ft.erm.erm,erm,erm,std,train,sub.rw,0.1,0.1,1e-05,51,64,train,0,0,dfr,pretrained_models/CelebA/erm_111.pth,current,results/CelebA/erm_dfr_rw_0.1/model_outputs_111
CelebA,erm_dfr_rw_0.1,222,ft.erm.erm__c-std__src-train__bal-sub.rw__frac-0.1__wd-0.1__lr-1e-5__ep-51__bn-train,ft.erm.erm,erm,erm,std,train,sub.rw,0.1,0.1,1e-05,51,64,train,0,0,dfr,pretrained_models/CelebA/erm_222.pth,current,results/CelebA/erm_dfr_rw_0.1/model_outputs_222
CelebA,erm_dfr_rw_0.1,333,ft.erm.erm__c-std__src-train__bal-sub.rw__frac-0.1__wd-0.1__lr-1e-5__ep-51__bn-train,ft.erm.erm,erm,erm,std,train,sub.rw,0.1,0.1,1e-05,51,64,train,0,0,dfr,pretrained_models/CelebA/erm_333.pth,current,results/CelebA/erm_dfr_rw_0.1/model_outputs_333
CelebA,erm_dfr_rw_0.25,111,ft.erm.erm__c-std__src-train__bal-sub.rw__frac-0.25__wd-0.1__lr-1e-5__ep-51__bn-train,ft.erm.erm,erm,erm,std,train,sub.rw,0.25,0.1,1e-05,51,64,train,0,0,dfr,pretrained_models/CelebA/erm_111.pth,current,results/CelebA/erm_dfr_rw_0.25/model_outputs_111
CelebA,erm_dfr_rw_0.25,222,ft.erm.erm__c-std__src-train__bal-sub.rw__frac-0.25__wd-0.1__lr-1e-5__ep-51__bn-train,ft.erm.erm,erm,erm,std,train,sub.rw,0.25,0.1,1e-05,51,64,train,0,0,dfr,pretrained_models/CelebA/erm_222.pth,current,results/CelebA/erm_dfr_rw_0.25/model_outputs_222
CelebA,erm_dfr_rw_0.25,333,ft.erm.erm__c-std__src-train__bal-sub.rw__frac-0.25__wd-0.1__lr-1e-5__ep-51__bn-train,ft.erm.erm,erm,erm,std,train,sub.rw,0.25,0.1,1e-05,51,64,train,0,0,dfr,pretrained_models/CelebA/erm_333.pth,current,results/CelebA/erm_dfr_rw_0.25/model_outputs_333
CelebA,erm_dfr_rw_0.5,111,ft.erm.erm__c-std__src-train__bal-sub.rw__frac-0.5__wd-0.1__lr-1e-5__ep-51__bn-train,ft.erm.erm,erm,erm,std,train,sub.rw,0.5,0.1,1e-05,51,64,train,0,0,dfr,pretrained_models/CelebA/erm_111.pth,current,results/CelebA/erm_dfr_rw_0.5/model_outputs_111
CelebA,erm_dfr_rw_0.5,222,ft.erm.erm__c-std__src-train__bal-sub.rw__frac-0.5__wd-0.1__lr-1e-5__ep-51__bn-train,ft.erm.erm,erm,erm,std,train,sub.rw,0.5,0.1,1e-05,51,64,train,0,0,dfr,pretrained_models/CelebA/erm_222.pth,current,results/CelebA/erm_dfr_rw_0.5/model_outputs_222
CelebA,erm_dfr_rw_0.5,333,ft.erm.erm__c-std__src-train__bal-sub.rw__frac-0.5__wd-0.1__lr-1e-5__ep-51__bn-train,ft.erm.erm,erm,erm,std,train,sub.rw,0.5,0.1,1e-05,51,64,train,0,0,dfr,pretrained_models/CelebA/erm_333.pth,current,results/CelebA/erm_dfr_rw_0.5/model_outputs_333
CelebA,erm_dfr_rw_0.75,111,ft.erm.erm__c-std__src-train__bal-sub.rw__frac-0.75__wd-0.1__lr-1e-5__ep-51__bn-train,ft.erm.erm,erm,erm,std,train,sub.rw,0.75,0.1,1e-05,51,64,train,0,0,dfr,pretrained_models/CelebA/erm_111.pth,current,results/CelebA/erm_dfr_rw_0.75/model_outputs_111
CelebA,erm_dfr_rw_0.75,222,ft.erm.erm__c-std__src-train__bal-sub.rw__frac-0.75__wd-0.1__lr-1e-5__ep-51__bn-train,ft.erm.erm,erm,erm,std,train,sub.rw,0.75,0.1,1e-05,51,64,train,0,0,dfr,pretrained_models/CelebA/erm_222.pth,current,results/CelebA/erm_dfr_rw_0.75/model_outputs_222
CelebA,erm_dfr_rw_0.75,333,ft.erm.erm__c-std__src-train__bal-sub.rw__frac-0.75__wd-0.1__lr-1e-5__ep-51__bn-train,ft.erm.erm,erm,erm,std,train,sub.rw,0.75,0.1,1e-05,51,64,train,0,0,dfr,pretrained_models/CelebA/erm_333.pth,current,results/CelebA/erm_dfr_rw_0.75/model_outputs_333
CelebA,erm_dfr_rw_0.9,111,ft.erm.erm__c-std__src-train__bal-sub.rw__frac-0.9__wd-0.1__lr-1e-5__ep-51__bn-train,ft.erm.erm,erm,erm,std,train,sub.rw,0.9,0.1,1e-05,51,64,train,0,0,dfr,pretrained_models/CelebA/erm_111.pth,current,results/CelebA/erm_dfr_rw_0.9/model_outputs_111
CelebA,erm_dfr_rw_0.9,222,ft.erm.erm__c-std__src-train__bal-sub.rw__frac-0.9__wd-0.1__lr-1e-5__ep-51__bn-train,ft.erm.erm,erm,erm,std,train,sub.rw,0.9,0.1,1e-05,51,64,train,0,0,dfr,pretrained_models/CelebA/erm_222.pth,current,results/CelebA/erm_dfr_rw_0.9/model_outputs_222
CelebA,erm_dfr_rw_0.9,333,ft.erm.erm__c-std__src-train__bal-sub.rw__frac-0.9__wd-0.1__lr-1e-5__ep-51__bn-train,ft.erm.erm,erm,erm,std,train,sub.rw,0.9,0.1,1e-05,51,64,train,0,0,dfr,pretrained_models/CelebA/erm_333.pth,current,results/CelebA/erm_dfr_rw_0.9/model_outputs_333
CelebA,erm_gdro,111,ft.erm.gdro__c-std__src-train__bal-rw__frac-1.0__wd-0.1__lr-1e-5__ep-51__bn-train,ft.erm.gdro,erm,gdro,std,train,rw,1.0,0.1,1e-05,51,64,train,0,0,list_attr_celeba.csv,pretrained_models/CelebA/erm_111.pth,current,results/CelebA/erm_gdro/model_outputs_111
CelebA,erm_gdro,222,ft.erm.gdro__c-std__src-train__bal-rw__frac-1.0__wd-0.1__lr-1e-5__ep-51__bn-train,ft.erm.gdro,erm,gdro,std,train,rw,1.0,0.1,1e-05,51,64,train,0,0,list_attr_celeba.csv,pretrained_models/CelebA/erm_222.pth,current,results/CelebA/erm_gdro/model_outputs_222
CelebA,erm_gdro,333,ft.erm.gdro__c-std__src-train__bal-rw__frac-1.0__wd-0.1__lr-1e-5__ep-51__bn-train,ft.erm.gdro,erm,gdro,std,train,rw,1.0,0.1,1e-05,51,64,train,0,0,list_attr_celeba.csv,pretrained_models/CelebA/erm_333.pth,current,results/CelebA/erm_gdro/model_outputs_333
CelebA,erm_gdro_0.1,111,ft.erm.gdro__c-std__src-train__bal-rw__frac-0.1__wd-0.1__lr-1e-5__ep-51__bn-train,ft.erm.gdro,erm,gdro,std,train,rw,0.1,0.1,1e-05,51,64,train,0,0,list_attr_celeba.csv,pretrained_models/CelebA/erm_111.pth,current,results/CelebA/erm_gdro_0.1/model_outputs_111
CelebA,erm_gdro_0.1,222,ft.erm.gdro__c-std__src-train__bal-rw__frac-0.1__wd-0.1__lr-1e-5__ep-51__bn-train,ft.erm.gdro,erm,gdro,std,train,rw,0.1,0.1,1e-05,51,64,train,0,0,list_attr_celeba.csv,pretrained_models/CelebA/erm_222.pth,current,results/CelebA/erm_gdro_0.1/model_outputs_222
CelebA,erm_gdro_0.1,333,ft.erm.gdro__c-std__src-train__bal-rw__frac-0.1__wd-0.1__lr-1e-5__ep-51__bn-train,ft.erm.gdro,erm,gdro,std,train,rw,0.1,0.1,1e-05,51,64,train,0,0,list_attr_celeba.csv,pretrained_models/CelebA/erm_333.pth,current,results/CelebA/erm_gdro_0.1/model_outputs_333
CelebA,erm_gdro_0.25,111,ft.erm.gdro__c-std__src-train__bal-rw__frac-0.25__wd-0.1__lr-1e-5__ep-51__bn-train,ft.erm.gdro,erm,gdro,std,train,rw,0.25,0.1,1e-05,51,64,train,0,0,list_attr_celeba.csv,pretrained_models/CelebA/erm_111.pth,current,results/CelebA/erm_gdro_0.25/model_outputs_111
CelebA,erm_gdro_0.25,222,ft.erm.gdro__c-std__src-train__bal-rw__frac-0.25__wd-0.1__lr-1e-5__ep-51__bn-train,ft.erm.gdro,erm,gdro,std,train,rw,0.25,0.1,1e-05,51,64,train,0,0,list_attr_celeba.csv,pretrained_models/CelebA/erm_222.pth,current,results/CelebA/erm_gdro_0.25/model_outputs_222
CelebA,erm_gdro_0.25,333,ft.erm.gdro__c-std__src-train__bal-rw__frac-0.25__wd-0.1__lr-1e-5__ep-51__bn-train,ft.erm.gdro,erm,gdro,std,train,rw,0.25,0.1,1e-05,51,64,train,0,0,list_attr_celeba.csv,pretrained_models/CelebA/erm_333.pth,current,results/CelebA/erm_gdro_0.25/model_outputs_333
CelebA,erm_gdro_0.5,111,ft.erm.gdro__c-std__src-train__bal-rw__frac-0.5__wd-0.1__lr-1e-5__ep-51__bn-train,ft.erm.gdro,erm,gdro,std,train,rw,0.5,0.1,1e-05,51,64,train,0,0,list_attr_celeba.csv,pretrained_models/CelebA/erm_111.pth,current,results/CelebA/erm_gdro_0.5/model_outputs_111
CelebA,erm_gdro_0.5,222,ft.erm.gdro__c-std__src-train__bal-rw__frac-0.5__wd-0.1__lr-1e-5__ep-51__bn-train,ft.erm.gdro,erm,gdro,std,train,rw,0.5,0.1,1e-05,51,64,train,0,0,list_attr_celeba.csv,pretrained_models/CelebA/erm_222.pth,current,results/CelebA/erm_gdro_0.5/model_outputs_222
CelebA,erm_gdro_0.5,333,ft.erm.gdro__c-std__src-train__bal-rw__frac-0.5__wd-0.1__lr-1e-5__ep-51__bn-train,ft.erm.gdro,erm,gdro,std,train,rw,0.5,0.1,1e-05,51,64,train,0,0,list_attr_celeba.csv,pretrained_models/CelebA/erm_333.pth,current,results/CelebA/erm_gdro_0.5/model_outputs_333
CelebA,erm_gdro_0.75,111,ft.erm.gdro__c-std__src-train__bal-rw__frac-0.75__wd-0.1__lr-1e-5__ep-51__bn-train,ft.erm.gdro,erm,gdro,std,train,rw,0.75,0.1,1e-05,51,64,train,0,0,list_attr_celeba.csv,pretrained_models/CelebA/erm_111.pth,current,results/CelebA/erm_gdro_0.75/model_outputs_111
CelebA,erm_gdro_0.75,222,ft.erm.gdro__c-std__src-train__bal-rw__frac-0.75__wd-0.1__lr-1e-5__ep-51__bn-train,ft.erm.gdro,erm,gdro,std,train,rw,0.75,0.1,1e-05,51,64,train,0,0,list_attr_celeba.csv,pretrained_models/CelebA/erm_222.pth,current,results/CelebA/erm_gdro_0.75/model_outputs_222
CelebA,erm_gdro_0.75,333,ft.erm.gdro__c-std__src-train__bal-rw__frac-0.75__wd-0.1__lr-1e-5__ep-51__bn-train,ft.erm.gdro,erm,gdro,std,train,rw,0.75,0.1,1e-05,51,64,train,0,0,list_attr_celeba.csv,pretrained_models/CelebA/erm_333.pth,current,results/CelebA/erm_gdro_0.75/model_outputs_333
CelebA,erm_gdro_0.9,111,ft.erm.gdro__c-std__src-train__bal-rw__frac-0.9__wd-0.1__lr-1e-5__ep-51__bn-train,ft.erm.gdro,erm,gdro,std,train,rw,0.9,0.1,1e-05,51,64,train,0,0,list_attr_celeba.csv,pretrained_models/CelebA/erm_111.pth,current,results/CelebA/erm_gdro_0.9/model_outputs_111
CelebA,erm_gdro_0.9,222,ft.erm.gdro__c-std__src-train__bal-rw__frac-0.9__wd-0.1__lr-1e-5__ep-51__bn-train,ft.erm.gdro,erm,gdro,std,train,rw,0.9,0.1,1e-05,51,64,train,0,0,list_attr_celeba.csv,pretrained_models/CelebA/erm_222.pth,current,results/CelebA/erm_gdro_0.9/model_outputs_222
CelebA,erm_gdro_0.9,333,ft.erm.gdro__c-std__src-train__bal-rw__frac-0.9__wd-0.1__lr-1e-5__ep-51__bn-train,ft.erm.gdro,erm,gdro,std,train,rw,0.9,0.1,1e-05,51,64,train,0,0,list_attr_celeba.csv,pretrained_models/CelebA/erm_333.pth,current,results/CelebA/erm_gdro_0.9/model_outputs_333
CelebA,erm_rw,111,ft.erm.erm__c-std__src-train__bal-rw__frac-1.0__wd-0.1__lr-1e-5__ep-51__bn-train,ft.erm.erm,erm,erm,std,train,rw,1.0,0.1,1e-05,51,64,train,0,0,list_attr_celeba.csv,pretrained_models/CelebA/erm_111.pth,current,results/CelebA/erm_rw/model_outputs_111
CelebA,erm_rw,222,ft.erm.erm__c-std__src-train__bal-rw__frac-1.0__wd-0.1__lr-1e-5__ep-51__bn-train,ft.erm.erm,erm,erm,std,train,rw,1.0,0.1,1e-05,51,64,train,0,0,list_attr_celeba.csv,pretrained_models/CelebA/erm_222.pth,current,results/CelebA/erm_rw/model_outputs_222
CelebA,erm_rw,333,ft.erm.erm__c-std__src-train__bal-rw__frac-1.0__wd-0.1__lr-1e-5__ep-51__bn-train,ft.erm.erm,erm,erm,std,train,rw,1.0,0.1,1e-05,51,64,train,0,0,list_attr_celeba.csv,pretrained_models/CelebA/erm_333.pth,current,results/CelebA/erm_rw/model_outputs_333
CelebA,erm_rw_0.1,111,ft.erm.erm__c-std__src-train__bal-rw__frac-0.1__wd-0.1__lr-1e-5__ep-51__bn-train,ft.erm.erm,erm,erm,std,train,rw,0.1,0.1,1e-05,51,64,train,0,0,list_attr_celeba.csv,pretrained_models/CelebA/erm_111.pth,current,results/CelebA/erm_rw_0.1/model_outputs_111
CelebA,erm_rw_0.1,222,ft.erm.erm__c-std__src-train__bal-rw__frac-0.1__wd-0.1__lr-1e-5__ep-51__bn-train,ft.erm.erm,erm,erm,std,train,rw,0.1,0.1,1e-05,51,64,train,0,0,list_attr_celeba.csv,pretrained_models/CelebA/erm_222.pth,current,results/CelebA/erm_rw_0.1/model_outputs_222
CelebA,erm_rw_0.1,333,ft.erm.erm__c-std__src-train__bal-rw__frac-0.1__wd-0.1__lr-1e-5__ep-51__bn-train,ft.erm.erm,erm,erm,std,train,rw,0.1,0.1,1e-05,51,64,train,0,0,list_attr_celeba.csv,pretrained_models/CelebA/erm_333.pth,current,results/CelebA/erm_rw_0.1/model_outputs_333
CelebA,erm_rw_0.25,111,ft.erm.erm__c-std__src-train__bal-rw__frac-0.25__wd-0.1__lr-1e-5__ep-51__bn-train,ft.erm.erm,erm,erm,std,train,rw,0.25,0.1,1e-05,51,64,train,0,0,list_attr_celeba.csv,pretrained_models/CelebA/erm_111.pth,current,results/CelebA/erm_rw_0.25/model_outputs_111
CelebA,erm_rw_0.25,222,ft.erm.erm__c-std__src-train__bal-rw__frac-0.25__wd-0.1__lr-1e-5__ep-51__bn-train,ft.erm.erm,erm,erm,std,train,rw,0.25,0.1,1e-05,51,64,train,0,0,list_attr_celeba.csv,pretrained_models/CelebA/erm_222.pth,current,results/CelebA/erm_rw_0.25/model_outputs_222
CelebA,erm_rw_0.25,333,ft.erm.erm__c-std__src-train__bal-rw__frac-0.25__wd-0.1__lr-1e-5__ep-51__bn-train,ft.erm.erm,erm,erm,std,train,rw,0.25,0.1,1e-05,51,64,train,0,0,list_attr_celeba.csv,pretrained_models/CelebA/erm_333.pth,current,results/CelebA/erm_rw_0.25/model_outputs_333
CelebA,erm_rw_0.5,111,ft.erm.erm__c-std__src-train__bal-rw__frac-0.5__wd-0.1__lr-1e-5__ep-51__bn-train,ft.erm.erm,erm,erm,std,train,rw,0.5,0.1,1e-05,51,64,train,0,0,list_attr_celeba.csv,pretrained_models/CelebA/erm_111.pth,current,results/CelebA/erm_rw_0.5/model_outputs_111
CelebA,erm_rw_0.5,222,ft.erm.erm__c-std__src-train__bal-rw__frac-0.5__wd-0.1__lr-1e-5__ep-51__bn-train,ft.erm.erm,erm,erm,std,train,rw,0.5,0.1,1e-05,51,64,train,0,0,list_attr_celeba.csv,pretrained_models/CelebA/erm_222.pth,current,results/CelebA/erm_rw_0.5/model_outputs_222
CelebA,erm_rw_0.5,333,ft.erm.erm__c-std__src-train__bal-rw__frac-0.5__wd-0.1__lr-1e-5__ep-51__bn-train,ft.erm.erm,erm,erm,std,train,rw,0.5,0.1,1e-05,51,64,train,0,0,list_attr_celeba.csv,pretrained_models/CelebA/erm_333.pth,current,results/CelebA/erm_rw_0.5/model_outputs_333
CelebA,erm_rw_0.75,111,ft.erm.erm__c-std__src-train__bal-rw__frac-0.75__wd-0.1__lr-1e-5__ep-51__bn-train,ft.erm.erm,erm,erm,std,train,rw,0.75,0.1,1e-05,51,64,train,0,0,list_attr_celeba.csv,pretrained_models/CelebA/erm_111.pth,current,results/CelebA/erm_rw_0.75/model_outputs_111
CelebA,erm_rw_0.75,222,ft.erm.erm__c-std__src-train__bal-rw__frac-0.75__wd-0.1__lr-1e-5__ep-51__bn-train,ft.erm.erm,erm,erm,std,train,rw,0.75,0.1,1e-05,51,64,train,0,0,list_attr_celeba.csv,pretrained_models/CelebA/erm_222.pth,current,results/CelebA/erm_rw_0.75/model_outputs_222
CelebA,erm_rw_0.75,333,ft.erm.erm__c-std__src-train__bal-rw__frac-0.75__wd-0.1__lr-1e-5__ep-51__bn-train,ft.erm.erm,erm,erm,std,train,rw,0.75,0.1,1e-05,51,64,train,0,0,list_attr_celeba.csv,pretrained_models/CelebA/erm_333.pth,current,results/CelebA/erm_rw_0.75/model_outputs_333
CelebA,erm_rw_0.9,111,ft.erm.erm__c-std__src-train__bal-rw__frac-0.9__wd-0.1__lr-1e-5__ep-51__bn-train,ft.erm.erm,erm,erm,std,train,rw,0.9,0.1,1e-05,51,64,train,0,0,list_attr_celeba.csv,pretrained_models/CelebA/erm_111.pth,current,results/CelebA/erm_rw_0.9/model_outputs_111
CelebA,erm_rw_0.9,222,ft.erm.erm__c-std__src-train__bal-rw__frac-0.9__wd-0.1__lr-1e-5__ep-51__bn-train,ft.erm.erm,erm,erm,std,train,rw,0.9,0.1,1e-05,51,64,train,0,0,list_attr_celeba.csv,pretrained_models/CelebA/erm_222.pth,current,results/CelebA/erm_rw_0.9/model_outputs_222
CelebA,erm_rw_0.9,333,ft.erm.erm__c-std__src-train__bal-rw__frac-0.9__wd-0.1__lr-1e-5__ep-51__bn-train,ft.erm.erm,erm,erm,std,train,rw,0.9,0.1,1e-05,51,64,train,0,0,list_attr_celeba.csv,pretrained_models/CelebA/erm_333.pth,current,results/CelebA/erm_rw_0.9/model_outputs_333
CelebA,ermjtt,111,e2e.jtt__c-std__bal-none__frac-1.0__wd-0.0001__lr-0.0001__ep-2,e2e.jtt,,erm,std,,none,1.0,0.0001,0.0001,2,64,n/a,0,0,list_attr_celeba.csv,,current,results/CelebA/ermjtt/model_outputs_111
CelebA,ermjtt,222,e2e.jtt__c-std__bal-none__frac-1.0__wd-0.0001__lr-0.0001__ep-2,e2e.jtt,,erm,std,,none,1.0,0.0001,0.0001,2,64,n/a,0,0,list_attr_celeba.csv,,current,results/CelebA/ermjtt/model_outputs_222
CelebA,ermjtt,333,e2e.jtt__c-std__bal-none__frac-1.0__wd-0.0001__lr-0.0001__ep-2,e2e.jtt,,erm,std,,none,1.0,0.0001,0.0001,2,64,n/a,0,0,list_attr_celeba.csv,,current,results/CelebA/ermjtt/model_outputs_333
CelebA,gdro,111,e2e.gdro__c-std__bal-rw__frac-1.0__wd-0.1__lr-1e-5__ep-51,e2e.gdro,,gdro,std,,rw,1.0,0.1,1e-05,51,64,n/a,0,0,list_attr_celeba.csv,,current,results/CelebA/gdro/model_outputs_111
CelebA,gdro,222,e2e.gdro__c-std__bal-rw__frac-1.0__wd-0.1__lr-1e-5__ep-51,e2e.gdro,,gdro,std,,rw,1.0,0.1,1e-05,51,64,n/a,0,0,list_attr_celeba.csv,,current,results/CelebA/gdro/model_outputs_222
CelebA,gdro,333,e2e.gdro__c-std__bal-rw__frac-1.0__wd-0.1__lr-1e-5__ep-51,e2e.gdro,,gdro,std,,rw,1.0,0.1,1e-05,51,64,n/a,0,0,list_attr_celeba.csv,,current,results/CelebA/gdro/model_outputs_333
CelebA,jtt_1_50,111,e2e.jtt__c-std__bal-none__frac-1.0__wd-0.1__lr-1e-5__ep-6,e2e.jtt,,erm,std,,none,1.0,0.1,1e-05,6,64,n/a,0,0,metadata.csv,,current,results/CelebA/jtt_1_50/model_outputs_111
CelebA,jtt_1_50,222,e2e.jtt__c-std__bal-none__frac-1.0__wd-0.1__lr-1e-5__ep-6,e2e.jtt,,erm,std,,none,1.0,0.1,1e-05,6,64,n/a,0,0,metadata.csv,,current,results/CelebA/jtt_1_50/model_outputs_222
CelebA,jtt_1_50,333,e2e.jtt__c-std__bal-none__frac-1.0__wd-0.1__lr-1e-5__ep-6,e2e.jtt,,erm,std,,none,1.0,0.1,1e-05,6,64,n/a,0,0,metadata.csv,,current,results/CelebA/jtt_1_50/model_outputs_333
CelebA,jtt_1_50_,111,e2e.jtt__c-std__bal-none__frac-1.0__wd-0.1__lr-1e-5__ep-6,e2e.jtt,,erm,std,,none,1.0,0.1,1e-05,6,64,n/a,0,0,metadata.csv,,current,results/CelebA/jtt_1_50_/model_outputs_111
CelebA,rw_erm,111,e2e.erm__c-std__bal-rw__frac-1.0__wd-0.1__lr-1e-5__ep-51,e2e.erm,,erm,std,,rw,1.0,0.1,1e-05,51,64,n/a,0,0,list_attr_celeba.csv,,current,results/CelebA/rw/model_outputs_111
CelebA,rw_erm,222,e2e.erm__c-std__bal-rw__frac-1.0__wd-0.1__lr-1e-5__ep-51,e2e.erm,,erm,std,,rw,1.0,0.1,1e-05,51,64,n/a,0,0,list_attr_celeba.csv,,current,results/CelebA/rw/model_outputs_222
CelebA,rw_erm,333,e2e.erm__c-std__bal-rw__frac-1.0__wd-0.1__lr-1e-5__ep-51,e2e.erm,,erm,std,,rw,1.0,0.1,1e-05,51,64,n/a,0,0,list_attr_celeba.csv,,current,results/CelebA/rw/model_outputs_333
MNISTCIFAR,erm_0.0,111,e2e.erm__c-0.0__bal-none__frac-1.0__wd-0.0001__lr-0.001__ep-5001,e2e.erm,,erm,0.0,,none,1.0,0.0001,0.001,5001,10000,n/a,,,metadata.csv,,pre-normalize,results/MNISTCIFAR/erm_0.0/model_outputs_111
MNISTCIFAR,erm_0.0,222,e2e.erm__c-0.0__bal-none__frac-1.0__wd-0.0001__lr-0.001__ep-5001,e2e.erm,,erm,0.0,,none,1.0,0.0001,0.001,5001,10000,n/a,,,metadata.csv,,pre-normalize,results/MNISTCIFAR/erm_0.0/model_outputs_222
MNISTCIFAR,erm_0.0,333,e2e.erm__c-0.0__bal-none__frac-1.0__wd-0.0001__lr-0.001__ep-5001,e2e.erm,,erm,0.0,,none,1.0,0.0001,0.001,5001,10000,n/a,,,metadata.csv,,pre-normalize,results/MNISTCIFAR/erm_0.0/model_outputs_333
MNISTCIFAR,erm_0.25,111,e2e.erm__c-0.25__bal-none__frac-1.0__wd-0.0001__lr-0.001__ep-5001,e2e.erm,,erm,0.25,,none,1.0,0.0001,0.001,5001,10000,n/a,,,metadata.csv,,pre-normalize,results/MNISTCIFAR/erm_0.25/model_outputs_111
MNISTCIFAR,erm_0.25,222,e2e.erm__c-0.25__bal-none__frac-1.0__wd-0.0001__lr-0.001__ep-5001,e2e.erm,,erm,0.25,,none,1.0,0.0001,0.001,5001,10000,n/a,,,metadata.csv,,pre-normalize,results/MNISTCIFAR/erm_0.25/model_outputs_222
MNISTCIFAR,erm_0.25,333,e2e.erm__c-0.25__bal-none__frac-1.0__wd-0.0001__lr-0.001__ep-5001,e2e.erm,,erm,0.25,,none,1.0,0.0001,0.001,5001,10000,n/a,,,metadata.csv,,pre-normalize,results/MNISTCIFAR/erm_0.25/model_outputs_333
MNISTCIFAR,erm_0.5,111,e2e.erm__c-0.5__bal-none__frac-1.0__wd-0.0001__lr-0.001__ep-5001,e2e.erm,,erm,0.5,,none,1.0,0.0001,0.001,5001,10000,n/a,,,metadata.csv,,pre-normalize,results/MNISTCIFAR/erm_0.5/model_outputs_111
MNISTCIFAR,erm_0.5,222,e2e.erm__c-0.5__bal-none__frac-1.0__wd-0.0001__lr-0.001__ep-5001,e2e.erm,,erm,0.5,,none,1.0,0.0001,0.001,5001,10000,n/a,,,metadata.csv,,pre-normalize,results/MNISTCIFAR/erm_0.5/model_outputs_222
MNISTCIFAR,erm_0.5,333,e2e.erm__c-0.5__bal-none__frac-1.0__wd-0.0001__lr-0.001__ep-5001,e2e.erm,,erm,0.5,,none,1.0,0.0001,0.001,5001,10000,n/a,,,metadata.csv,,pre-normalize,results/MNISTCIFAR/erm_0.5/model_outputs_333
MNISTCIFAR,erm_0.75,111,e2e.erm__c-0.75__bal-none__frac-1.0__wd-0.0001__lr-0.001__ep-5001,e2e.erm,,erm,0.75,,none,1.0,0.0001,0.001,5001,10000,n/a,,,metadata.csv,,pre-normalize,results/MNISTCIFAR/erm_0.75/model_outputs_111
MNISTCIFAR,erm_0.75,222,e2e.erm__c-0.75__bal-none__frac-1.0__wd-0.0001__lr-0.001__ep-5001,e2e.erm,,erm,0.75,,none,1.0,0.0001,0.001,5001,10000,n/a,,,metadata.csv,,pre-normalize,results/MNISTCIFAR/erm_0.75/model_outputs_222
MNISTCIFAR,erm_0.75,333,e2e.erm__c-0.75__bal-none__frac-1.0__wd-0.0001__lr-0.001__ep-5001,e2e.erm,,erm,0.75,,none,1.0,0.0001,0.001,5001,10000,n/a,,,metadata.csv,,pre-normalize,results/MNISTCIFAR/erm_0.75/model_outputs_333
MNISTCIFAR,erm_0.9,111,e2e.erm__c-0.9__bal-none__frac-1.0__wd-0.0001__lr-0.001__ep-5001,e2e.erm,,erm,0.9,,none,1.0,0.0001,0.001,5001,10000,n/a,,,metadata.csv,,pre-normalize,results/MNISTCIFAR/erm_0.9/model_outputs_111
MNISTCIFAR,erm_0.9,222,e2e.erm__c-0.9__bal-none__frac-1.0__wd-0.0001__lr-0.001__ep-5001,e2e.erm,,erm,0.9,,none,1.0,0.0001,0.001,5001,10000,n/a,,,metadata.csv,,pre-normalize,results/MNISTCIFAR/erm_0.9/model_outputs_222
MNISTCIFAR,erm_0.9,333,e2e.erm__c-0.9__bal-none__frac-1.0__wd-0.0001__lr-0.001__ep-5001,e2e.erm,,erm,0.9,,none,1.0,0.0001,0.001,5001,10000,n/a,,,metadata.csv,,pre-normalize,results/MNISTCIFAR/erm_0.9/model_outputs_333
MNISTCIFAR,erm_dfr_0.1_0.9,111,ft.erm.erm__c-0.0__src-train__bal-none__frac-0.01__wd-0.0001__lr-0.001__ep-5001__bn-train,ft.erm.erm,erm,erm,0.0,train,none,0.01,0.0001,0.001,5001,10000,train,0,0,metadata.csv,pretrained_models/MNISTCIFAR/erm_0.9_111.pth,current,results/MNISTCIFAR/erm_dfr_0.1_0.9/model_outputs_111
MNISTCIFAR,erm_dfr_0.1_0.9,222,ft.erm.erm__c-0.0__src-train__bal-none__frac-0.01__wd-0.0001__lr-0.001__ep-5001__bn-train,ft.erm.erm,erm,erm,0.0,train,none,0.01,0.0001,0.001,5001,10000,train,0,0,metadata.csv,pretrained_models/MNISTCIFAR/erm_0.9_222.pth,current,results/MNISTCIFAR/erm_dfr_0.1_0.9/model_outputs_222
MNISTCIFAR,erm_dfr_0.1_0.9,333,ft.erm.erm__c-0.0__src-train__bal-none__frac-0.01__wd-0.0001__lr-0.001__ep-5001__bn-train,ft.erm.erm,erm,erm,0.0,train,none,0.01,0.0001,0.001,5001,10000,train,0,0,metadata.csv,pretrained_models/MNISTCIFAR/erm_0.9_333.pth,current,results/MNISTCIFAR/erm_dfr_0.1_0.9/model_outputs_333
MNISTCIFAR,erm_dfr_0.25,111,ft.erm.erm__c-0.0__src-train__bal-none__frac-0.625__wd-0.0001__lr-0.001__ep-5001__bn-train,ft.erm.erm,erm,erm,0.0,train,none,0.625,0.0001,0.001,5001,10000,train,0,0,metadata.csv,pretrained_models/MNISTCIFAR/erm_0.25_111.pth,current,results/MNISTCIFAR/erm_dfr_0.25/model_outputs_111
MNISTCIFAR,erm_dfr_0.25,222,ft.erm.erm__c-0.0__src-train__bal-none__frac-0.625__wd-0.0001__lr-0.001__ep-5001__bn-train,ft.erm.erm,erm,erm,0.0,train,none,0.625,0.0001,0.001,5001,10000,train,0,0,metadata.csv,pretrained_models/MNISTCIFAR/erm_0.25_222.pth,current,results/MNISTCIFAR/erm_dfr_0.25/model_outputs_222
MNISTCIFAR,erm_dfr_0.25,333,ft.erm.erm__c-0.0__src-train__bal-none__frac-0.625__wd-0.0001__lr-0.001__ep-5001__bn-train,ft.erm.erm,erm,erm,0.0,train,none,0.625,0.0001,0.001,5001,10000,train,0,0,metadata.csv,pretrained_models/MNISTCIFAR/erm_0.25_333.pth,current,results/MNISTCIFAR/erm_dfr_0.25/model_outputs_333
MNISTCIFAR,erm_dfr_0.25_0.9,111,ft.erm.erm__c-0.0__src-train__bal-none__frac-0.025__wd-0.0001__lr-0.001__ep-5001__bn-train,ft.erm.erm,erm,erm,0.0,train,none,0.025,0.0001,0.001,5001,10000,train,0,0,metadata.csv,pretrained_models/MNISTCIFAR/erm_0.9_111.pth,current,results/MNISTCIFAR/erm_dfr_0.25_0.9/model_outputs_111
MNISTCIFAR,erm_dfr_0.25_0.9,222,ft.erm.erm__c-0.0__src-train__bal-none__frac-0.025__wd-0.0001__lr-0.001__ep-5001__bn-train,ft.erm.erm,erm,erm,0.0,train,none,0.025,0.0001,0.001,5001,10000,train,0,0,metadata.csv,pretrained_models/MNISTCIFAR/erm_0.9_222.pth,current,results/MNISTCIFAR/erm_dfr_0.25_0.9/model_outputs_222
MNISTCIFAR,erm_dfr_0.25_0.9,333,ft.erm.erm__c-0.0__src-train__bal-none__frac-0.025__wd-0.0001__lr-0.001__ep-5001__bn-train,ft.erm.erm,erm,erm,0.0,train,none,0.025,0.0001,0.001,5001,10000,train,0,0,metadata.csv,pretrained_models/MNISTCIFAR/erm_0.9_333.pth,current,results/MNISTCIFAR/erm_dfr_0.25_0.9/model_outputs_333
MNISTCIFAR,erm_dfr_0.5,111,ft.erm.erm__c-0.0__src-train__bal-none__frac-0.5__wd-0.0001__lr-0.001__ep-5001__bn-train,ft.erm.erm,erm,erm,0.0,train,none,0.5,0.0001,0.001,5001,10000,train,0,0,metadata.csv,pretrained_models/MNISTCIFAR/erm_0.5_111.pth,current,results/MNISTCIFAR/erm_dfr_0.5/model_outputs_111
MNISTCIFAR,erm_dfr_0.5,222,ft.erm.erm__c-0.0__src-train__bal-none__frac-0.5__wd-0.0001__lr-0.001__ep-5001__bn-train,ft.erm.erm,erm,erm,0.0,train,none,0.5,0.0001,0.001,5001,10000,train,0,0,metadata.csv,pretrained_models/MNISTCIFAR/erm_0.5_222.pth,current,results/MNISTCIFAR/erm_dfr_0.5/model_outputs_222
MNISTCIFAR,erm_dfr_0.5,333,ft.erm.erm__c-0.0__src-train__bal-none__frac-0.5__wd-0.0001__lr-0.001__ep-5001__bn-train,ft.erm.erm,erm,erm,0.0,train,none,0.5,0.0001,0.001,5001,10000,train,0,0,metadata.csv,pretrained_models/MNISTCIFAR/erm_0.5_333.pth,current,results/MNISTCIFAR/erm_dfr_0.5/model_outputs_333
MNISTCIFAR,erm_dfr_0.5_0.9,111,ft.erm.erm__c-0.0__src-train__bal-none__frac-0.05__wd-0.0001__lr-0.001__ep-5001__bn-train,ft.erm.erm,erm,erm,0.0,train,none,0.05,0.0001,0.001,5001,10000,train,0,0,metadata.csv,pretrained_models/MNISTCIFAR/erm_0.9_111.pth,current,results/MNISTCIFAR/erm_dfr_0.5_0.9/model_outputs_111
MNISTCIFAR,erm_dfr_0.5_0.9,222,ft.erm.erm__c-0.0__src-train__bal-none__frac-0.05__wd-0.0001__lr-0.001__ep-5001__bn-train,ft.erm.erm,erm,erm,0.0,train,none,0.05,0.0001,0.001,5001,10000,train,0,0,metadata.csv,pretrained_models/MNISTCIFAR/erm_0.9_222.pth,current,results/MNISTCIFAR/erm_dfr_0.5_0.9/model_outputs_222
MNISTCIFAR,erm_dfr_0.5_0.9,333,ft.erm.erm__c-0.0__src-train__bal-none__frac-0.05__wd-0.0001__lr-0.001__ep-5001__bn-train,ft.erm.erm,erm,erm,0.0,train,none,0.05,0.0001,0.001,5001,10000,train,0,0,metadata.csv,pretrained_models/MNISTCIFAR/erm_0.9_333.pth,current,results/MNISTCIFAR/erm_dfr_0.5_0.9/model_outputs_333
MNISTCIFAR,erm_dfr_0.75,111,ft.erm.erm__c-0.0__src-train__bal-none__frac-0.25__wd-0.0001__lr-0.001__ep-5001__bn-train,ft.erm.erm,erm,erm,0.0,train,none,0.25,0.0001,0.001,5001,10000,train,0,0,metadata.csv,pretrained_models/MNISTCIFAR/erm_0.75_111.pth,current,results/MNISTCIFAR/erm_dfr_0.75/model_outputs_111
MNISTCIFAR,erm_dfr_0.75,222,ft.erm.erm__c-0.0__src-train__bal-none__frac-0.25__wd-0.0001__lr-0.001__ep-5001__bn-train,ft.erm.erm,erm,erm,0.0,train,none,0.25,0.0001,0.001,5001,10000,train,0,0,metadata.csv,pretrained_models/MNISTCIFAR/erm_0.75_222.pth,current,results/MNISTCIFAR/erm_dfr_0.75/model_outputs_222
MNISTCIFAR,erm_dfr_0.75,333,ft.erm.erm__c-0.0__src-train__bal-none__frac-0.25__wd-0.0001__lr-0.001__ep-5001__bn-train,ft.erm.erm,erm,erm,0.0,train,none,0.25,0.0001,0.001,5001,10000,train,0,0,metadata.csv,pretrained_models/MNISTCIFAR/erm_0.75_333.pth,current,results/MNISTCIFAR/erm_dfr_0.75/model_outputs_333
MNISTCIFAR,erm_dfr_0.75_0.9,111,ft.erm.erm__c-0.0__src-train__bal-none__frac-0.075__wd-0.0001__lr-0.001__ep-5001__bn-train,ft.erm.erm,erm,erm,0.0,train,none,0.075,0.0001,0.001,5001,10000,train,0,0,metadata.csv,pretrained_models/MNISTCIFAR/erm_0.9_111.pth,current,results/MNISTCIFAR/erm_dfr_0.75_0.9/model_outputs_111
MNISTCIFAR,erm_dfr_0.75_0.9,222,ft.erm.erm__c-0.0__src-train__bal-none__frac-0.075__wd-0.0001__lr-0.001__ep-5001__bn-train,ft.erm.erm,erm,erm,0.0,train,none,0.075,0.0001,0.001,5001,10000,train,0,0,metadata.csv,pretrained_models/MNISTCIFAR/erm_0.9_222.pth,current,results/MNISTCIFAR/erm_dfr_0.75_0.9/model_outputs_222
MNISTCIFAR,erm_dfr_0.75_0.9,333,ft.erm.erm__c-0.0__src-train__bal-none__frac-0.075__wd-0.0001__lr-0.001__ep-5001__bn-train,ft.erm.erm,erm,erm,0.0,train,none,0.075,0.0001,0.001,5001,10000,train,0,0,metadata.csv,pretrained_models/MNISTCIFAR/erm_0.9_333.pth,current,results/MNISTCIFAR/erm_dfr_0.75_0.9/model_outputs_333
MNISTCIFAR,erm_dfr_0.9,111,ft.erm.erm__c-0.0__src-train__bal-none__frac-0.01__wd-0.0001__lr-0.001__ep-5001__bn-train,ft.erm.erm,erm,erm,0.0,train,none,0.01,0.0001,0.001,5001,10000,train,0,0,metadata.csv,pretrained_models/MNISTCIFAR/erm_0.9_111.pth,current,results/MNISTCIFAR/erm_dfr_0.9/model_outputs_111
MNISTCIFAR,erm_dfr_0.9,222,ft.erm.erm__c-0.0__src-train__bal-none__frac-0.1__wd-0.0001__lr-0.001__ep-5001__bn-train,ft.erm.erm,erm,erm,0.0,train,none,0.1,0.0001,0.001,5001,10000,train,0,0,metadata.csv,pretrained_models/MNISTCIFAR/erm_0.9_222.pth,current,results/MNISTCIFAR/erm_dfr_0.9/model_outputs_222
MNISTCIFAR,erm_dfr_0.9,333,ft.erm.erm__c-0.0__src-train__bal-none__frac-0.1__wd-0.0001__lr-0.001__ep-5001__bn-train,ft.erm.erm,erm,erm,0.0,train,none,0.1,0.0001,0.001,5001,10000,train,0,0,metadata.csv,pretrained_models/MNISTCIFAR/erm_0.9_333.pth,current,results/MNISTCIFAR/erm_dfr_0.9/model_outputs_333
MNISTCIFAR,erm_dfr_0.9_0.9,111,ft.erm.erm__c-0.0__src-train__bal-none__frac-0.09__wd-0.0001__lr-0.001__ep-5001__bn-train,ft.erm.erm,erm,erm,0.0,train,none,0.09,0.0001,0.001,5001,10000,train,0,0,metadata.csv,pretrained_models/MNISTCIFAR/erm_0.9_111.pth,current,results/MNISTCIFAR/erm_dfr_0.9_0.9/model_outputs_111
MNISTCIFAR,erm_dfr_0.9_0.9,222,ft.erm.erm__c-0.0__src-train__bal-none__frac-0.09__wd-0.0001__lr-0.001__ep-5001__bn-train,ft.erm.erm,erm,erm,0.0,train,none,0.09,0.0001,0.001,5001,10000,train,0,0,metadata.csv,pretrained_models/MNISTCIFAR/erm_0.9_222.pth,current,results/MNISTCIFAR/erm_dfr_0.9_0.9/model_outputs_222
MNISTCIFAR,erm_dfr_0.9_0.9,333,ft.erm.erm__c-0.0__src-train__bal-none__frac-0.09__wd-0.0001__lr-0.001__ep-5001__bn-train,ft.erm.erm,erm,erm,0.0,train,none,0.09,0.0001,0.001,5001,10000,train,0,0,metadata.csv,pretrained_models/MNISTCIFAR/erm_0.9_333.pth,current,results/MNISTCIFAR/erm_dfr_0.9_0.9/model_outputs_333
MNISTCIFAR,erm_dfr_gdro_0.1_0.9,111,ft.erm.gdro__c-0.0__src-train__bal-rw__frac-0.01__wd-0.0001__lr-0.001__ep-5001__bn-train,ft.erm.gdro,erm,gdro,0.0,train,rw,0.01,0.0001,0.001,5001,10000,train,0,0,metadata.csv,pretrained_models/MNISTCIFAR/erm_0.9_111.pth,current,results/MNISTCIFAR/erm_dfr_gdro_0.1_0.9/model_outputs_111
MNISTCIFAR,erm_dfr_gdro_0.1_0.9,222,ft.erm.gdro__c-0.0__src-train__bal-rw__frac-0.01__wd-0.0001__lr-0.001__ep-5001__bn-train,ft.erm.gdro,erm,gdro,0.0,train,rw,0.01,0.0001,0.001,5001,10000,train,0,0,metadata.csv,pretrained_models/MNISTCIFAR/erm_0.9_222.pth,current,results/MNISTCIFAR/erm_dfr_gdro_0.1_0.9/model_outputs_222
MNISTCIFAR,erm_dfr_gdro_0.1_0.9,333,ft.erm.gdro__c-0.0__src-train__bal-rw__frac-0.01__wd-0.0001__lr-0.001__ep-5001__bn-train,ft.erm.gdro,erm,gdro,0.0,train,rw,0.01,0.0001,0.001,5001,10000,train,0,0,metadata.csv,pretrained_models/MNISTCIFAR/erm_0.9_333.pth,current,results/MNISTCIFAR/erm_dfr_gdro_0.1_0.9/model_outputs_333
MNISTCIFAR,erm_dfr_gdro_0.25,111,ft.erm.gdro__c-0.0__src-train__bal-rw__frac-0.625__wd-0.0001__lr-0.001__ep-5001__bn-train,ft.erm.gdro,erm,gdro,0.0,train,rw,0.625,0.0001,0.001,5001,10000,train,0,0,metadata.csv,pretrained_models/MNISTCIFAR/erm_0.25_111.pth,current,results/MNISTCIFAR/erm_dfr_gdro_0.25/model_outputs_111
MNISTCIFAR,erm_dfr_gdro_0.25,222,ft.erm.gdro__c-0.0__src-train__bal-rw__frac-0.625__wd-0.0001__lr-0.001__ep-5001__bn-train,ft.erm.gdro,erm,gdro,0.0,train,rw,0.625,0.0001,0.001,5001,10000,train,0,0,metadata.csv,pretrained_models/MNISTCIFAR/erm_0.25_222.pth,current,results/MNISTCIFAR/erm_dfr_gdro_0.25/model_outputs_222
MNISTCIFAR,erm_dfr_gdro_0.25,333,ft.erm.gdro__c-0.0__src-train__bal-rw__frac-0.625__wd-0.0001__lr-0.001__ep-5001__bn-train,ft.erm.gdro,erm,gdro,0.0,train,rw,0.625,0.0001,0.001,5001,10000,train,0,0,metadata.csv,pretrained_models/MNISTCIFAR/erm_0.25_333.pth,current,results/MNISTCIFAR/erm_dfr_gdro_0.25/model_outputs_333
MNISTCIFAR,erm_dfr_gdro_0.25_0.9,111,ft.erm.gdro__c-0.0__src-train__bal-rw__frac-0.025__wd-0.0001__lr-0.001__ep-5001__bn-train,ft.erm.gdro,erm,gdro,0.0,train,rw,0.025,0.0001,0.001,5001,10000,train,0,0,metadata.csv,pretrained_models/MNISTCIFAR/erm_0.9_111.pth,current,results/MNISTCIFAR/erm_dfr_gdro_0.25_0.9/model_outputs_111
MNISTCIFAR,erm_dfr_gdro_0.25_0.9,222,ft.erm.gdro__c-0.0__src-train__bal-rw__frac-0.025__wd-0.0001__lr-0.001__ep-5001__bn-train,ft.erm.gdro,erm,gdro,0.0,train,rw,0.025,0.0001,0.001,5001,10000,train,0,0,metadata.csv,pretrained_models/MNISTCIFAR/erm_0.9_222.pth,current,results/MNISTCIFAR/erm_dfr_gdro_0.25_0.9/model_outputs_222
MNISTCIFAR,erm_dfr_gdro_0.25_0.9,333,ft.erm.gdro__c-0.0__src-train__bal-rw__frac-0.025__wd-0.0001__lr-0.001__ep-5001__bn-train,ft.erm.gdro,erm,gdro,0.0,train,rw,0.025,0.0001,0.001,5001,10000,train,0,0,metadata.csv,pretrained_models/MNISTCIFAR/erm_0.9_333.pth,current,results/MNISTCIFAR/erm_dfr_gdro_0.25_0.9/model_outputs_333
MNISTCIFAR,erm_dfr_gdro_0.5,111,ft.erm.gdro__c-0.0__src-train__bal-rw__frac-0.5__wd-0.0001__lr-0.001__ep-5001__bn-train,ft.erm.gdro,erm,gdro,0.0,train,rw,0.5,0.0001,0.001,5001,10000,train,0,0,metadata.csv,pretrained_models/MNISTCIFAR/erm_0.5_111.pth,current,results/MNISTCIFAR/erm_dfr_gdro_0.5/model_outputs_111
MNISTCIFAR,erm_dfr_gdro_0.5,222,ft.erm.gdro__c-0.0__src-train__bal-rw__frac-0.5__wd-0.0001__lr-0.001__ep-5001__bn-train,ft.erm.gdro,erm,gdro,0.0,train,rw,0.5,0.0001,0.001,5001,10000,train,0,0,metadata.csv,pretrained_models/MNISTCIFAR/erm_0.5_222.pth,current,results/MNISTCIFAR/erm_dfr_gdro_0.5/model_outputs_222
MNISTCIFAR,erm_dfr_gdro_0.5,333,ft.erm.gdro__c-0.0__src-train__bal-rw__frac-0.5__wd-0.0001__lr-0.001__ep-5001__bn-train,ft.erm.gdro,erm,gdro,0.0,train,rw,0.5,0.0001,0.001,5001,10000,train,0,0,metadata.csv,pretrained_models/MNISTCIFAR/erm_0.5_333.pth,current,results/MNISTCIFAR/erm_dfr_gdro_0.5/model_outputs_333
MNISTCIFAR,erm_dfr_gdro_0.5_0.9,111,ft.erm.gdro__c-0.0__src-train__bal-rw__frac-0.05__wd-0.0001__lr-0.001__ep-5001__bn-train,ft.erm.gdro,erm,gdro,0.0,train,rw,0.05,0.0001,0.001,5001,10000,train,0,0,metadata.csv,pretrained_models/MNISTCIFAR/erm_0.9_111.pth,current,results/MNISTCIFAR/erm_dfr_gdro_0.5_0.9/model_outputs_111
MNISTCIFAR,erm_dfr_gdro_0.5_0.9,222,ft.erm.gdro__c-0.0__src-train__bal-rw__frac-0.05__wd-0.0001__lr-0.001__ep-5001__bn-train,ft.erm.gdro,erm,gdro,0.0,train,rw,0.05,0.0001,0.001,5001,10000,train,0,0,metadata.csv,pretrained_models/MNISTCIFAR/erm_0.9_222.pth,current,results/MNISTCIFAR/erm_dfr_gdro_0.5_0.9/model_outputs_222
MNISTCIFAR,erm_dfr_gdro_0.5_0.9,333,ft.erm.gdro__c-0.0__src-train__bal-rw__frac-0.05__wd-0.0001__lr-0.001__ep-5001__bn-train,ft.erm.gdro,erm,gdro,0.0,train,rw,0.05,0.0001,0.001,5001,10000,train,0,0,metadata.csv,pretrained_models/MNISTCIFAR/erm_0.9_333.pth,current,results/MNISTCIFAR/erm_dfr_gdro_0.5_0.9/model_outputs_333
MNISTCIFAR,erm_dfr_gdro_0.75,111,ft.erm.gdro__c-0.0__src-train__bal-rw__frac-0.25__wd-0.0001__lr-0.001__ep-5001__bn-train,ft.erm.gdro,erm,gdro,0.0,train,rw,0.25,0.0001,0.001,5001,10000,train,0,0,metadata.csv,pretrained_models/MNISTCIFAR/erm_0.75_111.pth,current,results/MNISTCIFAR/erm_dfr_gdro_0.75/model_outputs_111
MNISTCIFAR,erm_dfr_gdro_0.75,222,ft.erm.gdro__c-0.0__src-train__bal-rw__frac-0.25__wd-0.0001__lr-0.001__ep-5001__bn-train,ft.erm.gdro,erm,gdro,0.0,train,rw,0.25,0.0001,0.001,5001,10000,train,0,0,metadata.csv,pretrained_models/MNISTCIFAR/erm_0.75_222.pth,current,results/MNISTCIFAR/erm_dfr_gdro_0.75/model_outputs_222
MNISTCIFAR,erm_dfr_gdro_0.75,333,ft.erm.gdro__c-0.0__src-train__bal-rw__frac-0.25__wd-0.0001__lr-0.001__ep-5001__bn-train,ft.erm.gdro,erm,gdro,0.0,train,rw,0.25,0.0001,0.001,5001,10000,train,0,0,metadata.csv,pretrained_models/MNISTCIFAR/erm_0.75_333.pth,current,results/MNISTCIFAR/erm_dfr_gdro_0.75/model_outputs_333
MNISTCIFAR,erm_dfr_gdro_0.75_0.9,111,ft.erm.gdro__c-0.0__src-train__bal-rw__frac-0.075__wd-0.0001__lr-0.001__ep-5001__bn-train,ft.erm.gdro,erm,gdro,0.0,train,rw,0.075,0.0001,0.001,5001,10000,train,0,0,metadata.csv,pretrained_models/MNISTCIFAR/erm_0.9_111.pth,current,results/MNISTCIFAR/erm_dfr_gdro_0.75_0.9/model_outputs_111
MNISTCIFAR,erm_dfr_gdro_0.75_0.9,222,ft.erm.gdro__c-0.0__src-train__bal-rw__frac-0.075__wd-0.0001__lr-0.001__ep-5001__bn-train,ft.erm.gdro,erm,gdro,0.0,train,rw,0.075,0.0001,0.001,5001,10000,train,0,0,metadata.csv,pretrained_models/MNISTCIFAR/erm_0.9_222.pth,current,results/MNISTCIFAR/erm_dfr_gdro_0.75_0.9/model_outputs_222
MNISTCIFAR,erm_dfr_gdro_0.75_0.9,333,ft.erm.gdro__c-0.0__src-train__bal-rw__frac-0.075__wd-0.0001__lr-0.001__ep-5001__bn-train,ft.erm.gdro,erm,gdro,0.0,train,rw,0.075,0.0001,0.001,5001,10000,train,0,0,metadata.csv,pretrained_models/MNISTCIFAR/erm_0.9_333.pth,current,results/MNISTCIFAR/erm_dfr_gdro_0.75_0.9/model_outputs_333
MNISTCIFAR,erm_dfr_gdro_0.9,111,ft.erm.gdro__c-0.0__src-train__bal-rw__frac-0.01__wd-0.0001__lr-0.001__ep-5001__bn-train,ft.erm.gdro,erm,gdro,0.0,train,rw,0.01,0.0001,0.001,5001,10000,train,0,0,metadata.csv,pretrained_models/MNISTCIFAR/erm_0.9_111.pth,current,results/MNISTCIFAR/erm_dfr_gdro_0.9/model_outputs_111
MNISTCIFAR,erm_dfr_gdro_0.9,222,ft.erm.gdro__c-0.0__src-train__bal-rw__frac-0.1__wd-0.0001__lr-0.001__ep-5001__bn-train,ft.erm.gdro,erm,gdro,0.0,train,rw,0.1,0.0001,0.001,5001,10000,train,0,0,metadata.csv,pretrained_models/MNISTCIFAR/erm_0.9_222.pth,current,results/MNISTCIFAR/erm_dfr_gdro_0.9/model_outputs_222
MNISTCIFAR,erm_dfr_gdro_0.9,333,ft.erm.gdro__c-0.0__src-train__bal-rw__frac-0.1__wd-0.0001__lr-0.001__ep-5001__bn-train,ft.erm.gdro,erm,gdro,0.0,train,rw,0.1,0.0001,0.001,5001,10000,train,0,0,metadata.csv,pretrained_models/MNISTCIFAR/erm_0.9_333.pth,current,results/MNISTCIFAR/erm_dfr_gdro_0.9/model_outputs_333
MNISTCIFAR,erm_dfr_gdro_0.9_0.9,111,ft.erm.gdro__c-0.0__src-train__bal-rw__frac-0.09__wd-0.0001__lr-0.001__ep-5001__bn-train,ft.erm.gdro,erm,gdro,0.0,train,rw,0.09,0.0001,0.001,5001,10000,train,0,0,metadata.csv,pretrained_models/MNISTCIFAR/erm_0.9_111.pth,current,results/MNISTCIFAR/erm_dfr_gdro_0.9_0.9/model_outputs_111
MNISTCIFAR,erm_dfr_gdro_0.9_0.9,222,ft.erm.gdro__c-0.0__src-train__bal-rw__frac-0.09__wd-0.0001__lr-0.001__ep-5001__bn-train,ft.erm.gdro,erm,gdro,0.0,train,rw,0.09,0.0001,0.001,5001,10000,train,0,0,metadata.csv,pretrained_models/MNISTCIFAR/erm_0.9_222.pth,current,results/MNISTCIFAR/erm_dfr_gdro_0.9_0.9/model_outputs_222
MNISTCIFAR,erm_dfr_gdro_0.9_0.9,333,ft.erm.gdro__c-0.0__src-train__bal-rw__frac-0.09__wd-0.0001__lr-0.001__ep-5001__bn-train,ft.erm.gdro,erm,gdro,0.0,train,rw,0.09,0.0001,0.001,5001,10000,train,0,0,metadata.csv,pretrained_models/MNISTCIFAR/erm_0.9_333.pth,current,results/MNISTCIFAR/erm_dfr_gdro_0.9_0.9/model_outputs_333
MNISTCIFAR,erm_dfr_rw_0.1_0.9,111,ft.erm.erm__c-0.0__src-train__bal-rw__frac-0.01__wd-0.0001__lr-0.001__ep-5001__bn-train,ft.erm.erm,erm,erm,0.0,train,rw,0.01,0.0001,0.001,5001,10000,train,0,0,metadata.csv,pretrained_models/MNISTCIFAR/erm_0.9_111.pth,current,results/MNISTCIFAR/erm_dfr_rw_0.1_0.9/model_outputs_111
MNISTCIFAR,erm_dfr_rw_0.1_0.9,222,ft.erm.erm__c-0.0__src-train__bal-rw__frac-0.01__wd-0.0001__lr-0.001__ep-5001__bn-train,ft.erm.erm,erm,erm,0.0,train,rw,0.01,0.0001,0.001,5001,10000,train,0,0,metadata.csv,pretrained_models/MNISTCIFAR/erm_0.9_222.pth,current,results/MNISTCIFAR/erm_dfr_rw_0.1_0.9/model_outputs_222
MNISTCIFAR,erm_dfr_rw_0.1_0.9,333,ft.erm.erm__c-0.0__src-train__bal-rw__frac-0.01__wd-0.0001__lr-0.001__ep-5001__bn-train,ft.erm.erm,erm,erm,0.0,train,rw,0.01,0.0001,0.001,5001,10000,train,0,0,metadata.csv,pretrained_models/MNISTCIFAR/erm_0.9_333.pth,current,results/MNISTCIFAR/erm_dfr_rw_0.1_0.9/model_outputs_333
MNISTCIFAR,erm_dfr_rw_0.25,111,ft.erm.erm__c-0.0__src-train__bal-rw__frac-0.625__wd-0.0001__lr-0.001__ep-5001__bn-train,ft.erm.erm,erm,erm,0.0,train,rw,0.625,0.0001,0.001,5001,10000,train,0,0,metadata.csv,pretrained_models/MNISTCIFAR/erm_0.25_111.pth,current,results/MNISTCIFAR/erm_dfr_rw_0.25/model_outputs_111
MNISTCIFAR,erm_dfr_rw_0.25,222,ft.erm.erm__c-0.0__src-train__bal-rw__frac-0.625__wd-0.0001__lr-0.001__ep-5001__bn-train,ft.erm.erm,erm,erm,0.0,train,rw,0.625,0.0001,0.001,5001,10000,train,0,0,metadata.csv,pretrained_models/MNISTCIFAR/erm_0.25_222.pth,current,results/MNISTCIFAR/erm_dfr_rw_0.25/model_outputs_222
MNISTCIFAR,erm_dfr_rw_0.25,333,ft.erm.erm__c-0.0__src-train__bal-rw__frac-0.625__wd-0.0001__lr-0.001__ep-5001__bn-train,ft.erm.erm,erm,erm,0.0,train,rw,0.625,0.0001,0.001,5001,10000,train,0,0,metadata.csv,pretrained_models/MNISTCIFAR/erm_0.25_333.pth,current,results/MNISTCIFAR/erm_dfr_rw_0.25/model_outputs_333
MNISTCIFAR,erm_dfr_rw_0.25_0.9,111,ft.erm.erm__c-0.0__src-train__bal-rw__frac-0.025__wd-0.0001__lr-0.001__ep-5001__bn-train,ft.erm.erm,erm,erm,0.0,train,rw,0.025,0.0001,0.001,5001,10000,train,0,0,metadata.csv,pretrained_models/MNISTCIFAR/erm_0.9_111.pth,current,results/MNISTCIFAR/erm_dfr_rw_0.25_0.9/model_outputs_111
MNISTCIFAR,erm_dfr_rw_0.25_0.9,222,ft.erm.erm__c-0.0__src-train__bal-rw__frac-0.025__wd-0.0001__lr-0.001__ep-5001__bn-train,ft.erm.erm,erm,erm,0.0,train,rw,0.025,0.0001,0.001,5001,10000,train,0,0,metadata.csv,pretrained_models/MNISTCIFAR/erm_0.9_222.pth,current,results/MNISTCIFAR/erm_dfr_rw_0.25_0.9/model_outputs_222
MNISTCIFAR,erm_dfr_rw_0.25_0.9,333,ft.erm.erm__c-0.0__src-train__bal-rw__frac-0.025__wd-0.0001__lr-0.001__ep-5001__bn-train,ft.erm.erm,erm,erm,0.0,train,rw,0.025,0.0001,0.001,5001,10000,train,0,0,metadata.csv,pretrained_models/MNISTCIFAR/erm_0.9_333.pth,current,results/MNISTCIFAR/erm_dfr_rw_0.25_0.9/model_outputs_333
MNISTCIFAR,erm_dfr_rw_0.5,111,ft.erm.erm__c-0.0__src-train__bal-rw__frac-0.5__wd-0.0001__lr-0.001__ep-5001__bn-train,ft.erm.erm,erm,erm,0.0,train,rw,0.5,0.0001,0.001,5001,10000,train,0,0,metadata.csv,pretrained_models/MNISTCIFAR/erm_0.5_111.pth,current,results/MNISTCIFAR/erm_dfr_rw_0.5/model_outputs_111
MNISTCIFAR,erm_dfr_rw_0.5,222,ft.erm.erm__c-0.0__src-train__bal-rw__frac-0.5__wd-0.0001__lr-0.001__ep-5001__bn-train,ft.erm.erm,erm,erm,0.0,train,rw,0.5,0.0001,0.001,5001,10000,train,0,0,metadata.csv,pretrained_models/MNISTCIFAR/erm_0.5_222.pth,current,results/MNISTCIFAR/erm_dfr_rw_0.5/model_outputs_222
MNISTCIFAR,erm_dfr_rw_0.5,333,ft.erm.erm__c-0.0__src-train__bal-rw__frac-0.5__wd-0.0001__lr-0.001__ep-5001__bn-train,ft.erm.erm,erm,erm,0.0,train,rw,0.5,0.0001,0.001,5001,10000,train,0,0,metadata.csv,pretrained_models/MNISTCIFAR/erm_0.5_333.pth,current,results/MNISTCIFAR/erm_dfr_rw_0.5/model_outputs_333
MNISTCIFAR,erm_dfr_rw_0.5_0.9,111,ft.erm.erm__c-0.0__src-train__bal-rw__frac-0.05__wd-0.0001__lr-0.001__ep-5001__bn-train,ft.erm.erm,erm,erm,0.0,train,rw,0.05,0.0001,0.001,5001,10000,train,0,0,metadata.csv,pretrained_models/MNISTCIFAR/erm_0.9_111.pth,current,results/MNISTCIFAR/erm_dfr_rw_0.5_0.9/model_outputs_111
MNISTCIFAR,erm_dfr_rw_0.5_0.9,222,ft.erm.erm__c-0.0__src-train__bal-rw__frac-0.05__wd-0.0001__lr-0.001__ep-5001__bn-train,ft.erm.erm,erm,erm,0.0,train,rw,0.05,0.0001,0.001,5001,10000,train,0,0,metadata.csv,pretrained_models/MNISTCIFAR/erm_0.9_222.pth,current,results/MNISTCIFAR/erm_dfr_rw_0.5_0.9/model_outputs_222
MNISTCIFAR,erm_dfr_rw_0.5_0.9,333,ft.erm.erm__c-0.0__src-train__bal-rw__frac-0.05__wd-0.0001__lr-0.001__ep-5001__bn-train,ft.erm.erm,erm,erm,0.0,train,rw,0.05,0.0001,0.001,5001,10000,train,0,0,metadata.csv,pretrained_models/MNISTCIFAR/erm_0.9_333.pth,current,results/MNISTCIFAR/erm_dfr_rw_0.5_0.9/model_outputs_333
MNISTCIFAR,erm_dfr_rw_0.75,111,ft.erm.erm__c-0.0__src-train__bal-rw__frac-0.25__wd-0.0001__lr-0.001__ep-5001__bn-train,ft.erm.erm,erm,erm,0.0,train,rw,0.25,0.0001,0.001,5001,10000,train,0,0,metadata.csv,pretrained_models/MNISTCIFAR/erm_0.75_111.pth,current,results/MNISTCIFAR/erm_dfr_rw_0.75/model_outputs_111
MNISTCIFAR,erm_dfr_rw_0.75,222,ft.erm.erm__c-0.0__src-train__bal-rw__frac-0.25__wd-0.0001__lr-0.001__ep-5001__bn-train,ft.erm.erm,erm,erm,0.0,train,rw,0.25,0.0001,0.001,5001,10000,train,0,0,metadata.csv,pretrained_models/MNISTCIFAR/erm_0.75_222.pth,current,results/MNISTCIFAR/erm_dfr_rw_0.75/model_outputs_222
MNISTCIFAR,erm_dfr_rw_0.75,333,ft.erm.erm__c-0.0__src-train__bal-rw__frac-0.25__wd-0.0001__lr-0.001__ep-5001__bn-train,ft.erm.erm,erm,erm,0.0,train,rw,0.25,0.0001,0.001,5001,10000,train,0,0,metadata.csv,pretrained_models/MNISTCIFAR/erm_0.75_333.pth,current,results/MNISTCIFAR/erm_dfr_rw_0.75/model_outputs_333
MNISTCIFAR,erm_dfr_rw_0.75_0.9,111,ft.erm.erm__c-0.0__src-train__bal-rw__frac-0.075__wd-0.0001__lr-0.001__ep-5001__bn-train,ft.erm.erm,erm,erm,0.0,train,rw,0.075,0.0001,0.001,5001,10000,train,0,0,metadata.csv,pretrained_models/MNISTCIFAR/erm_0.9_111.pth,current,results/MNISTCIFAR/erm_dfr_rw_0.75_0.9/model_outputs_111
MNISTCIFAR,erm_dfr_rw_0.75_0.9,222,ft.erm.erm__c-0.0__src-train__bal-rw__frac-0.075__wd-0.0001__lr-0.001__ep-5001__bn-train,ft.erm.erm,erm,erm,0.0,train,rw,0.075,0.0001,0.001,5001,10000,train,0,0,metadata.csv,pretrained_models/MNISTCIFAR/erm_0.9_222.pth,current,results/MNISTCIFAR/erm_dfr_rw_0.75_0.9/model_outputs_222
MNISTCIFAR,erm_dfr_rw_0.75_0.9,333,ft.erm.erm__c-0.0__src-train__bal-rw__frac-0.075__wd-0.0001__lr-0.001__ep-5001__bn-train,ft.erm.erm,erm,erm,0.0,train,rw,0.075,0.0001,0.001,5001,10000,train,0,0,metadata.csv,pretrained_models/MNISTCIFAR/erm_0.9_333.pth,current,results/MNISTCIFAR/erm_dfr_rw_0.75_0.9/model_outputs_333
MNISTCIFAR,erm_dfr_rw_0.9,111,ft.erm.erm__c-0.0__src-train__bal-rw__frac-0.1__wd-0.0001__lr-0.001__ep-5001__bn-train,ft.erm.erm,erm,erm,0.0,train,rw,0.1,0.0001,0.001,5001,10000,train,0,0,metadata.csv,pretrained_models/MNISTCIFAR/erm_0.9_111.pth,current,results/MNISTCIFAR/erm_dfr_rw_0.9/model_outputs_111
MNISTCIFAR,erm_dfr_rw_0.9,222,ft.erm.erm__c-0.0__src-train__bal-rw__frac-0.1__wd-0.0001__lr-0.001__ep-5001__bn-train,ft.erm.erm,erm,erm,0.0,train,rw,0.1,0.0001,0.001,5001,10000,train,0,0,metadata.csv,pretrained_models/MNISTCIFAR/erm_0.9_222.pth,current,results/MNISTCIFAR/erm_dfr_rw_0.9/model_outputs_222
MNISTCIFAR,erm_dfr_rw_0.9,333,ft.erm.erm__c-0.0__src-train__bal-rw__frac-0.1__wd-0.0001__lr-0.001__ep-5001__bn-train,ft.erm.erm,erm,erm,0.0,train,rw,0.1,0.0001,0.001,5001,10000,train,0,0,metadata.csv,pretrained_models/MNISTCIFAR/erm_0.9_333.pth,current,results/MNISTCIFAR/erm_dfr_rw_0.9/model_outputs_333
MNISTCIFAR,erm_dfr_rw_0.9_0.9,111,ft.erm.erm__c-0.0__src-train__bal-rw__frac-0.09__wd-0.0001__lr-0.001__ep-5001__bn-train,ft.erm.erm,erm,erm,0.0,train,rw,0.09,0.0001,0.001,5001,10000,train,0,0,metadata.csv,pretrained_models/MNISTCIFAR/erm_0.9_111.pth,current,results/MNISTCIFAR/erm_dfr_rw_0.9_0.9/model_outputs_111
MNISTCIFAR,erm_dfr_rw_0.9_0.9,222,ft.erm.erm__c-0.0__src-train__bal-rw__frac-0.09__wd-0.0001__lr-0.001__ep-5001__bn-train,ft.erm.erm,erm,erm,0.0,train,rw,0.09,0.0001,0.001,5001,10000,train,0,0,metadata.csv,pretrained_models/MNISTCIFAR/erm_0.9_222.pth,current,results/MNISTCIFAR/erm_dfr_rw_0.9_0.9/model_outputs_222
MNISTCIFAR,erm_dfr_rw_0.9_0.9,333,ft.erm.erm__c-0.0__src-train__bal-rw__frac-0.09__wd-0.0001__lr-0.001__ep-5001__bn-train,ft.erm.erm,erm,erm,0.0,train,rw,0.09,0.0001,0.001,5001,10000,train,0,0,metadata.csv,pretrained_models/MNISTCIFAR/erm_0.9_333.pth,current,results/MNISTCIFAR/erm_dfr_rw_0.9_0.9/model_outputs_333
MNISTCIFAR,erm_gdro_0.0,111,ft.erm.gdro__c-0.0__src-train__bal-rw__frac-1.0__wd-0.0001__lr-0.001__ep-5001__bn-train,ft.erm.gdro,erm,gdro,0.0,train,rw,1.0,0.0001,0.001,5001,10000,train,,,metadata.csv,pretrained_models/MNISTCIFAR/erm_0.0_111.pth,pre-normalize,results/MNISTCIFAR/erm_gdro_0.0/model_outputs_111
MNISTCIFAR,erm_gdro_0.0,222,ft.erm.gdro__c-0.0__src-train__bal-rw__frac-1.0__wd-0.0001__lr-0.001__ep-5001__bn-train,ft.erm.gdro,erm,gdro,0.0,train,rw,1.0,0.0001,0.001,5001,10000,train,,,metadata.csv,pretrained_models/MNISTCIFAR/erm_0.0_222.pth,pre-normalize,results/MNISTCIFAR/erm_gdro_0.0/model_outputs_222
MNISTCIFAR,erm_gdro_0.0,333,ft.erm.gdro__c-0.0__src-train__bal-rw__frac-1.0__wd-0.0001__lr-0.001__ep-5001__bn-train,ft.erm.gdro,erm,gdro,0.0,train,rw,1.0,0.0001,0.001,5001,10000,train,,,metadata.csv,pretrained_models/MNISTCIFAR/erm_0.0_333.pth,pre-normalize,results/MNISTCIFAR/erm_gdro_0.0/model_outputs_333
MNISTCIFAR,erm_gdro_0.1_0.9,111,ft.erm.gdro__c-0.9__src-train__bal-rw__frac-0.1__wd-0.0001__lr-0.001__ep-5001__bn-train,ft.erm.gdro,erm,gdro,0.9,train,rw,0.1,0.0001,0.001,5001,10000,train,,,metadata.csv,pretrained_models/MNISTCIFAR/erm_0.9_111.pth,pre-normalize,results/MNISTCIFAR/erm_gdro_0.9_0.1/model_outputs_111
MNISTCIFAR,erm_gdro_0.1_0.9,222,ft.erm.gdro__c-0.9__src-train__bal-rw__frac-0.1__wd-0.0001__lr-0.001__ep-5001__bn-train,ft.erm.gdro,erm,gdro,0.9,train,rw,0.1,0.0001,0.001,5001,10000,train,,,metadata.csv,pretrained_models/MNISTCIFAR/erm_0.9_222.pth,pre-normalize,results/MNISTCIFAR/erm_gdro_0.9_0.1/model_outputs_222
MNISTCIFAR,erm_gdro_0.1_0.9,333,ft.erm.gdro__c-0.9__src-train__bal-rw__frac-0.1__wd-0.0001__lr-0.001__ep-5001__bn-train,ft.erm.gdro,erm,gdro,0.9,train,rw,0.1,0.0001,0.001,5001,10000,train,,,metadata.csv,pretrained_models/MNISTCIFAR/erm_0.9_333.pth,pre-normalize,results/MNISTCIFAR/erm_gdro_0.9_0.1/model_outputs_333
MNISTCIFAR,erm_gdro_0.25,111,ft.erm.gdro__c-0.25__src-train__bal-rw__frac-1.0__wd-0.0001__lr-0.001__ep-5001__bn-train,ft.erm.gdro,erm,gdro,0.25,train,rw,1.0,0.0001,0.001,5001,10000,train,,,metadata.csv,pretrained_models/MNISTCIFAR/erm_0.25_111.pth,pre-normalize,results/MNISTCIFAR/erm_gdro_0.25/model_outputs_111
MNISTCIFAR,erm_gdro_0.25,222,ft.erm.gdro__c-0.25__src-train__bal-rw__frac-1.0__wd-0.0001__lr-0.001__ep-5001__bn-train,ft.erm.gdro,erm,gdro,0.25,train,rw,1.0,0.0001,0.001,5001,10000,train,,,metadata.csv,pretrained_models/MNISTCIFAR/erm_0.25_222.pth,pre-normalize,results/MNISTCIFAR/erm_gdro_0.25/model_outputs_222
MNISTCIFAR,erm_gdro_0.25,333,ft.erm.gdro__c-0.25__src-train__bal-rw__frac-1.0__wd-0.0001__lr-0.001__ep-5001__bn-train,ft.erm.gdro,erm,gdro,0.25,train,rw,1.0,0.0001,0.001,5001,10000,train,,,metadata.csv,pretrained_models/MNISTCIFAR/erm_0.25_333.pth,pre-normalize,results/MNISTCIFAR/erm_gdro_0.25/model_outputs_333
MNISTCIFAR,erm_gdro_0.25_0.9,111,ft.erm.gdro__c-0.9__src-train__bal-rw__frac-0.25__wd-0.0001__lr-0.001__ep-5001__bn-train,ft.erm.gdro,erm,gdro,0.9,train,rw,0.25,0.0001,0.001,5001,10000,train,,,metadata.csv,pretrained_models/MNISTCIFAR/erm_0.9_111.pth,pre-normalize,results/MNISTCIFAR/erm_gdro_0.9_0.25/model_outputs_111
MNISTCIFAR,erm_gdro_0.25_0.9,222,ft.erm.gdro__c-0.9__src-train__bal-rw__frac-0.25__wd-0.0001__lr-0.001__ep-5001__bn-train,ft.erm.gdro,erm,gdro,0.9,train,rw,0.25,0.0001,0.001,5001,10000,train,,,metadata.csv,pretrained_models/MNISTCIFAR/erm_0.9_222.pth,pre-normalize,results/MNISTCIFAR/erm_gdro_0.9_0.25/model_outputs_222
MNISTCIFAR,erm_gdro_0.25_0.9,333,ft.erm.gdro__c-0.9__src-train__bal-rw__frac-0.25__wd-0.0001__lr-0.001__ep-5001__bn-train,ft.erm.gdro,erm,gdro,0.9,train,rw,0.25,0.0001,0.001,5001,10000,train,,,metadata.csv,pretrained_models/MNISTCIFAR/erm_0.9_333.pth,pre-normalize,results/MNISTCIFAR/erm_gdro_0.9_0.25/model_outputs_333
MNISTCIFAR,erm_gdro_0.5,111,ft.erm.gdro__c-0.5__src-train__bal-rw__frac-1.0__wd-0.0001__lr-0.001__ep-5001__bn-train,ft.erm.gdro,erm,gdro,0.5,train,rw,1.0,0.0001,0.001,5001,10000,train,,,metadata.csv,pretrained_models/MNISTCIFAR/erm_0.5_111.pth,pre-normalize,results/MNISTCIFAR/erm_gdro_0.5/model_outputs_111
MNISTCIFAR,erm_gdro_0.5,222,ft.erm.gdro__c-0.5__src-train__bal-rw__frac-1.0__wd-0.0001__lr-0.001__ep-5001__bn-train,ft.erm.gdro,erm,gdro,0.5,train,rw,1.0,0.0001,0.001,5001,10000,train,,,metadata.csv,pretrained_models/MNISTCIFAR/erm_0.5_222.pth,pre-normalize,results/MNISTCIFAR/erm_gdro_0.5/model_outputs_222
MNISTCIFAR,erm_gdro_0.5,333,ft.erm.gdro__c-0.5__src-train__bal-rw__frac-1.0__wd-0.0001__lr-0.001__ep-5001__bn-train,ft.erm.gdro,erm,gdro,0.5,train,rw,1.0,0.0001,0.001,5001,10000,train,,,metadata.csv,pretrained_models/MNISTCIFAR/erm_0.5_333.pth,pre-normalize,results/MNISTCIFAR/erm_gdro_0.5/model_outputs_333
MNISTCIFAR,erm_gdro_0.5_0.9,111,ft.erm.gdro__c-0.9__src-train__bal-rw__frac-0.5__wd-0.0001__lr-0.001__ep-5001__bn-train,ft.erm.gdro,erm,gdro,0.9,train,rw,0.5,0.0001,0.001,5001,10000,train,,,metadata.csv,pretrained_models/MNISTCIFAR/erm_0.9_111.pth,pre-normalize,results/MNISTCIFAR/erm_gdro_0.9_0.5/model_outputs_111
MNISTCIFAR,erm_gdro_0.5_0.9,222,ft.erm.gdro__c-0.9__src-train__bal-rw__frac-0.5__wd-0.0001__lr-0.001__ep-5001__bn-train,ft.erm.gdro,erm,gdro,0.9,train,rw,0.5,0.0001,0.001,5001,10000,train,,,metadata.csv,pretrained_models/MNISTCIFAR/erm_0.9_222.pth,pre-normalize,results/MNISTCIFAR/erm_gdro_0.9_0.5/model_outputs_222
MNISTCIFAR,erm_gdro_0.5_0.9,333,ft.erm.gdro__c-0.9__src-train__bal-rw__frac-0.5__wd-0.0001__lr-0.001__ep-5001__bn-train,ft.erm.gdro,erm,gdro,0.9,train,rw,0.5,0.0001,0.001,5001,10000,train,,,metadata.csv,pretrained_models/MNISTCIFAR/erm_0.9_333.pth,pre-normalize,results/MNISTCIFAR/erm_gdro_0.9_0.5/model_outputs_333
MNISTCIFAR,erm_gdro_0.75,111,ft.erm.gdro__c-0.75__src-train__bal-rw__frac-1.0__wd-0.0001__lr-0.001__ep-5001__bn-train,ft.erm.gdro,erm,gdro,0.75,train,rw,1.0,0.0001,0.001,5001,10000,train,,,metadata.csv,pretrained_models/MNISTCIFAR/erm_0.75_111.pth,pre-normalize,results/MNISTCIFAR/erm_gdro_0.75/model_outputs_111
MNISTCIFAR,erm_gdro_0.75,222,ft.erm.gdro__c-0.75__src-train__bal-rw__frac-1.0__wd-0.0001__lr-0.001__ep-5001__bn-train,ft.erm.gdro,erm,gdro,0.75,train,rw,1.0,0.0001,0.001,5001,10000,train,,,metadata.csv,pretrained_models/MNISTCIFAR/erm_0.75_222.pth,pre-normalize,results/MNISTCIFAR/erm_gdro_0.75/model_outputs_222
MNISTCIFAR,erm_gdro_0.75,333,ft.erm.gdro__c-0.75__src-train__bal-rw__frac-1.0__wd-0.0001__lr-0.001__ep-5001__bn-train,ft.erm.gdro,erm,gdro,0.75,train,rw,1.0,0.0001,0.001,5001,10000,train,,,metadata.csv,pretrained_models/MNISTCIFAR/erm_0.75_333.pth,pre-normalize,results/MNISTCIFAR/erm_gdro_0.75/model_outputs_333
MNISTCIFAR,erm_gdro_0.75_0.9,111,ft.erm.gdro__c-0.9__src-train__bal-rw__frac-0.75__wd-0.0001__lr-0.001__ep-5001__bn-train,ft.erm.gdro,erm,gdro,0.9,train,rw,0.75,0.0001,0.001,5001,10000,train,,,metadata.csv,pretrained_models/MNISTCIFAR/erm_0.9_111.pth,pre-normalize,results/MNISTCIFAR/erm_gdro_0.9_0.75/model_outputs_111
MNISTCIFAR,erm_gdro_0.75_0.9,222,ft.erm.gdro__c-0.9__src-train__bal-rw__frac-0.75__wd-0.0001__lr-0.001__ep-5001__bn-train,ft.erm.gdro,erm,gdro,0.9,train,rw,0.75,0.0001,0.001,5001,10000,train,,,metadata.csv,pretrained_models/MNISTCIFAR/erm_0.9_222.pth,pre-normalize,results/MNISTCIFAR/erm_gdro_0.9_0.75/model_outputs_222
MNISTCIFAR,erm_gdro_0.75_0.9,333,ft.erm.gdro__c-0.9__src-train__bal-rw__frac-0.75__wd-0.0001__lr-0.001__ep-5001__bn-train,ft.erm.gdro,erm,gdro,0.9,train,rw,0.75,0.0001,0.001,5001,10000,train,,,metadata.csv,pretrained_models/MNISTCIFAR/erm_0.9_333.pth,pre-normalize,results/MNISTCIFAR/erm_gdro_0.9_0.75/model_outputs_333
MNISTCIFAR,erm_gdro_0.9,111,ft.erm.gdro__c-0.9__src-train__bal-rw__frac-1.0__wd-0.0001__lr-0.001__ep-5001__bn-train,ft.erm.gdro,erm,gdro,0.9,train,rw,1.0,0.0001,0.001,5001,10000,train,,,metadata.csv,pretrained_models/MNISTCIFAR/erm_0.9_111.pth,pre-normalize,results/MNISTCIFAR/erm_gdro_0.9/model_outputs_111
MNISTCIFAR,erm_gdro_0.9,222,ft.erm.gdro__c-0.9__src-train__bal-rw__frac-1.0__wd-0.0001__lr-0.001__ep-5001__bn-train,ft.erm.gdro,erm,gdro,0.9,train,rw,1.0,0.0001,0.001,5001,10000,train,,,metadata.csv,pretrained_models/MNISTCIFAR/erm_0.9_222.pth,pre-normalize,results/MNISTCIFAR/erm_gdro_0.9/model_outputs_222
MNISTCIFAR,erm_gdro_0.9,333,ft.erm.gdro__c-0.9__src-train__bal-rw__frac-1.0__wd-0.0001__lr-0.001__ep-5001__bn-train,ft.erm.gdro,erm,gdro,0.9,train,rw,1.0,0.0001,0.001,5001,10000,train,,,metadata.csv,pretrained_models/MNISTCIFAR/erm_0.9_333.pth,pre-normalize,results/MNISTCIFAR/erm_gdro_0.9/model_outputs_333
MNISTCIFAR,erm_gdro_0.9_0.9,111,ft.erm.gdro__c-0.9__src-train__bal-rw__frac-0.9__wd-0.0001__lr-0.001__ep-5001__bn-train,ft.erm.gdro,erm,gdro,0.9,train,rw,0.9,0.0001,0.001,5001,10000,train,,,metadata.csv,pretrained_models/MNISTCIFAR/erm_0.9_111.pth,pre-normalize,results/MNISTCIFAR/erm_gdro_0.9_0.9/model_outputs_111
MNISTCIFAR,erm_gdro_0.9_0.9,222,ft.erm.gdro__c-0.9__src-train__bal-rw__frac-0.9__wd-0.0001__lr-0.001__ep-5001__bn-train,ft.erm.gdro,erm,gdro,0.9,train,rw,0.9,0.0001,0.001,5001,10000,train,,,metadata.csv,pretrained_models/MNISTCIFAR/erm_0.9_222.pth,pre-normalize,results/MNISTCIFAR/erm_gdro_0.9_0.9/model_outputs_222
MNISTCIFAR,erm_gdro_0.9_0.9,333,ft.erm.gdro__c-0.9__src-train__bal-rw__frac-0.9__wd-0.0001__lr-0.001__ep-5001__bn-train,ft.erm.gdro,erm,gdro,0.9,train,rw,0.9,0.0001,0.001,5001,10000,train,,,metadata.csv,pretrained_models/MNISTCIFAR/erm_0.9_333.pth,pre-normalize,results/MNISTCIFAR/erm_gdro_0.9_0.9/model_outputs_333
MNISTCIFAR,erm_jto_0.25,111,ft.erm.gdro__c-0.25__src-train__bal-rw__frac-1.0__wd-0.0001__lr-0.001__ep-5001__bn-train,ft.erm.gdro,erm,gdro,0.25,train,rw,1.0,0.0001,0.001,5001,10000,train,0,0,metadata.csv,pretrained_models/MNISTCIFAR/erm_0.25_111.pth,current,results/MNISTCIFAR/erm_jto_0.25/model_outputs_111
MNISTCIFAR,erm_jto_0.25,222,ft.erm.gdro__c-0.25__src-train__bal-rw__frac-1.0__wd-0.0001__lr-0.001__ep-5001__bn-train,ft.erm.gdro,erm,gdro,0.25,train,rw,1.0,0.0001,0.001,5001,10000,train,0,0,metadata.csv,pretrained_models/MNISTCIFAR/erm_0.25_222.pth,current,results/MNISTCIFAR/erm_jto_0.25/model_outputs_222
MNISTCIFAR,erm_jto_0.25,333,ft.erm.gdro__c-0.25__src-train__bal-rw__frac-1.0__wd-0.0001__lr-0.001__ep-5001__bn-train,ft.erm.gdro,erm,gdro,0.25,train,rw,1.0,0.0001,0.001,5001,10000,train,0,0,metadata.csv,pretrained_models/MNISTCIFAR/erm_0.25_333.pth,current,results/MNISTCIFAR/erm_jto_0.25/model_outputs_333
MNISTCIFAR,erm_jto_0.5,111,ft.erm.gdro__c-0.5__src-train__bal-rw__frac-1.0__wd-0.0001__lr-0.001__ep-5001__bn-train,ft.erm.gdro,erm,gdro,0.5,train,rw,1.0,0.0001,0.001,5001,10000,train,0,0,metadata.csv,pretrained_models/MNISTCIFAR/erm_0.5_111.pth,current,results/MNISTCIFAR/erm_jto_0.5/model_outputs_111
MNISTCIFAR,erm_jto_0.5,222,ft.erm.gdro__c-0.5__src-train__bal-rw__frac-1.0__wd-0.0001__lr-0.001__ep-5001__bn-train,ft.erm.gdro,erm,gdro,0.5,train,rw,1.0,0.0001,0.001,5001,10000,train,0,0,metadata.csv,pretrained_models/MNISTCIFAR/erm_0.5_222.pth,current,results/MNISTCIFAR/erm_jto_0.5/model_outputs_222
MNISTCIFAR,erm_jto_0.5,333,ft.erm.gdro__c-0.5__src-train__bal-rw__frac-1.0__wd-0.0001__lr-0.001__ep-5001__bn-train,ft.erm.gdro,erm,gdro,0.5,train,rw,1.0,0.0001,0.001,5001,10000,train,0,0,metadata.csv,pretrained_models/MNISTCIFAR/erm_0.5_333.pth,current,results/MNISTCIFAR/erm_jto_0.5/model_outputs_333
MNISTCIFAR,erm_jto_0.75,111,ft.erm.gdro__c-0.75__src-train__bal-rw__frac-1.0__wd-0.0001__lr-0.001__ep-5001__bn-train,ft.erm.gdro,erm,gdro,0.75,train,rw,1.0,0.0001,0.001,5001,10000,train,0,0,metadata.csv,pretrained_models/MNISTCIFAR/erm_0.75_111.pth,current,results/MNISTCIFAR/erm_jto_0.75/model_outputs_111
MNISTCIFAR,erm_jto_0.75,222,ft.erm.gdro__c-0.75__src-train__bal-rw__frac-1.0__wd-0.0001__lr-0.001__ep-5001__bn-train,ft.erm.gdro,erm,gdro,0.75,train,rw,1.0,0.0001,0.001,5001,10000,train,0,0,metadata.csv,pretrained_models/MNISTCIFAR/erm_0.75_222.pth,current,results/MNISTCIFAR/erm_jto_0.75/model_outputs_222
MNISTCIFAR,erm_jto_0.75,333,ft.erm.gdro__c-0.75__src-train__bal-rw__frac-1.0__wd-0.0001__lr-0.001__ep-5001__bn-train,ft.erm.gdro,erm,gdro,0.75,train,rw,1.0,0.0001,0.001,5001,10000,train,0,0,metadata.csv,pretrained_models/MNISTCIFAR/erm_0.75_333.pth,current,results/MNISTCIFAR/erm_jto_0.75/model_outputs_333
MNISTCIFAR,erm_jto_0.9,111,ft.erm.gdro__c-0.9__src-train__bal-rw__frac-1.0__wd-0.0001__lr-0.001__ep-5001__bn-train,ft.erm.gdro,erm,gdro,0.9,train,rw,1.0,0.0001,0.001,5001,10000,train,0,0,metadata.csv,pretrained_models/MNISTCIFAR/erm_0.9_111.pth,current,results/MNISTCIFAR/erm_jto_0.9/model_outputs_111
MNISTCIFAR,erm_jto_0.9,222,ft.erm.gdro__c-0.9__src-train__bal-rw__frac-1.0__wd-0.0001__lr-0.001__ep-5001__bn-train,ft.erm.gdro,erm,gdro,0.9,train,rw,1.0,0.0001,0.001,5001,10000,train,0,0,metadata.csv,pretrained_models/MNISTCIFAR/erm_0.9_222.pth,current,results/MNISTCIFAR/erm_jto_0.9/model_outputs_222
MNISTCIFAR,erm_jto_0.9,333,ft.erm.gdro__c-0.9__src-train__bal-rw__frac-1.0__wd-0.0001__lr-0.001__ep-5001__bn-train,ft.erm.gdro,erm,gdro,0.9,train,rw,1.0,0.0001,0.001,5001,10000,train,0,0,metadata.csv,pretrained_models/MNISTCIFAR/erm_0.9_333.pth,current,results/MNISTCIFAR/erm_jto_0.9/model_outputs_333
MNISTCIFAR,erm_rw_0.0,111,ft.erm.erm__c-0.0__src-train__bal-rw__frac-1.0__wd-0.0001__lr-0.001__ep-5001__bn-train,ft.erm.erm,erm,erm,0.0,train,rw,1.0,0.0001,0.001,5001,10000,train,,,metadata.csv,pretrained_models/MNISTCIFAR/erm_0.0_111.pth,pre-normalize,results/MNISTCIFAR/erm_rw_0.0/model_outputs_111
MNISTCIFAR,erm_rw_0.0,222,ft.erm.erm__c-0.0__src-train__bal-rw__frac-1.0__wd-0.0001__lr-0.001__ep-5001__bn-train,ft.erm.erm,erm,erm,0.0,train,rw,1.0,0.0001,0.001,5001,10000,train,,,metadata.csv,pretrained_models/MNISTCIFAR/erm_0.0_222.pth,pre-normalize,results/MNISTCIFAR/erm_rw_0.0/model_outputs_222
MNISTCIFAR,erm_rw_0.0,333,ft.erm.erm__c-0.0__src-train__bal-rw__frac-1.0__wd-0.0001__lr-0.001__ep-5001__bn-train,ft.erm.erm,erm,erm,0.0,train,rw,1.0,0.0001,0.001,5001,10000,train,,,metadata.csv,pretrained_models/MNISTCIFAR/erm_0.0_333.pth,pre-normalize,results/MNISTCIFAR/erm_rw_0.0/model_outputs_333
MNISTCIFAR,erm_rw_0.1_0.9,111,ft.erm.erm__c-0.9__src-train__bal-rw__frac-0.1__wd-0.0001__lr-0.001__ep-5001__bn-train,ft.erm.erm,erm,erm,0.9,train,rw,0.1,0.0001,0.001,5001,10000,train,,,metadata.csv,pretrained_models/MNISTCIFAR/erm_0.9_111.pth,pre-normalize,results/MNISTCIFAR/erm_rw_0.9_0.1/model_outputs_111
MNISTCIFAR,erm_rw_0.1_0.9,222,ft.erm.erm__c-0.9__src-train__bal-rw__frac-0.1__wd-0.0001__lr-0.001__ep-5001__bn-train,ft.erm.erm,erm,erm,0.9,train,rw,0.1,0.0001,0.001,5001,10000,train,,,metadata.csv,pretrained_models/MNISTCIFAR/erm_0.9_222.pth,pre-normalize,results/MNISTCIFAR/erm_rw_0.9_0.1/model_outputs_222
MNISTCIFAR,erm_rw_0.1_0.9,333,ft.erm.erm__c-0.9__src-train__bal-rw__frac-0.1__wd-0.0001__lr-0.001__ep-5001__bn-train,ft.erm.erm,erm,erm,0.9,train,rw,0.1,0.0001,0.001,5001,10000,train,,,metadata.csv,pretrained_models/MNISTCIFAR/erm_0.9_333.pth,pre-normalize,results/MNISTCIFAR/erm_rw_0.9_0.1/model_outputs_333
MNISTCIFAR,erm_rw_0.25,111,ft.erm.erm__c-0.25__src-train__bal-rw__frac-1.0__wd-0.0001__lr-0.001__ep-5001__bn-train,ft.erm.erm,erm,erm,0.25,train,rw,1.0,0.0001,0.001,5001,10000,train,,,metadata.csv,pretrained_models/MNISTCIFAR/erm_0.25_111.pth,pre-normalize,results/MNISTCIFAR/erm_rw_0.25/model_outputs_111
MNISTCIFAR,erm_rw_0.25,222,ft.erm.erm__c-0.25__src-train__bal-rw__frac-1.0__wd-0.0001__lr-0.001__ep-5001__bn-train,ft.erm.erm,erm,erm,0.25,train,rw,1.0,0.0001,0.001,5001,10000,train,,,metadata.csv,pretrained_models/MNISTCIFAR/erm_0.25_222.pth,pre-normalize,results/MNISTCIFAR/erm_rw_0.25/model_outputs_222
MNISTCIFAR,erm_rw_0.25,333,ft.erm.erm__c-0.25__src-train__bal-rw__frac-1.0__wd-0.0001__lr-0.001__ep-5001__bn-train,ft.erm.erm,erm,erm,0.25,train,rw,1.0,0.0001,0.001,5001,10000,train,,,metadata.csv,pretrained_models/MNISTCIFAR/erm_0.25_333.pth,pre-normalize,results/MNISTCIFAR/erm_rw_0.25/model_outputs_333
MNISTCIFAR,erm_rw_0.25_0.9,111,ft.erm.erm__c-0.9__src-train__bal-rw__frac-0.25__wd-0.0001__lr-0.001__ep-5001__bn-train,ft.erm.erm,erm,erm,0.9,train,rw,0.25,0.0001,0.001,5001,10000,train,,,metadata.csv,pretrained_models/MNISTCIFAR/erm_0.9_111.pth,pre-normalize,results/MNISTCIFAR/erm_rw_0.9_0.25/model_outputs_111
MNISTCIFAR,erm_rw_0.25_0.9,222,ft.erm.erm__c-0.9__src-train__bal-rw__frac-0.25__wd-0.0001__lr-0.001__ep-5001__bn-train,ft.erm.erm,erm,erm,0.9,train,rw,0.25,0.0001,0.001,5001,10000,train,,,metadata.csv,pretrained_models/MNISTCIFAR/erm_0.9_222.pth,pre-normalize,results/MNISTCIFAR/erm_rw_0.9_0.25/model_outputs_222
MNISTCIFAR,erm_rw_0.25_0.9,333,ft.erm.erm__c-0.9__src-train__bal-rw__frac-0.25__wd-0.0001__lr-0.001__ep-5001__bn-train,ft.erm.erm,erm,erm,0.9,train,rw,0.25,0.0001,0.001,5001,10000,train,,,metadata.csv,pretrained_models/MNISTCIFAR/erm_0.9_333.pth,pre-normalize,results/MNISTCIFAR/erm_rw_0.9_0.25/model_outputs_333
MNISTCIFAR,erm_rw_0.5,111,ft.erm.erm__c-0.5__src-train__bal-rw__frac-1.0__wd-0.0001__lr-0.001__ep-5001__bn-train,ft.erm.erm,erm,erm,0.5,train,rw,1.0,0.0001,0.001,5001,10000,train,,,metadata.csv,pretrained_models/MNISTCIFAR/erm_0.5_111.pth,pre-normalize,results/MNISTCIFAR/erm_rw_0.5/model_outputs_111
MNISTCIFAR,erm_rw_0.5,222,ft.erm.erm__c-0.5__src-train__bal-rw__frac-1.0__wd-0.0001__lr-0.001__ep-5001__bn-train,ft.erm.erm,erm,erm,0.5,train,rw,1.0,0.0001,0.001,5001,10000,train,,,metadata.csv,pretrained_models/MNISTCIFAR/erm_0.5_222.pth,pre-normalize,results/MNISTCIFAR/erm_rw_0.5/model_outputs_222
MNISTCIFAR,erm_rw_0.5,333,ft.erm.erm__c-0.5__src-train__bal-rw__frac-1.0__wd-0.0001__lr-0.001__ep-5001__bn-train,ft.erm.erm,erm,erm,0.5,train,rw,1.0,0.0001,0.001,5001,10000,train,,,metadata.csv,pretrained_models/MNISTCIFAR/erm_0.5_333.pth,pre-normalize,results/MNISTCIFAR/erm_rw_0.5/model_outputs_333
MNISTCIFAR,erm_rw_0.5_0.9,111,ft.erm.erm__c-0.9__src-train__bal-rw__frac-0.5__wd-0.0001__lr-0.001__ep-5001__bn-train,ft.erm.erm,erm,erm,0.9,train,rw,0.5,0.0001,0.001,5001,10000,train,,,metadata.csv,pretrained_models/MNISTCIFAR/erm_0.9_111.pth,pre-normalize,results/MNISTCIFAR/erm_rw_0.9_0.5/model_outputs_111
MNISTCIFAR,erm_rw_0.5_0.9,222,ft.erm.erm__c-0.9__src-train__bal-rw__frac-0.5__wd-0.0001__lr-0.001__ep-5001__bn-train,ft.erm.erm,erm,erm,0.9,train,rw,0.5,0.0001,0.001,5001,10000,train,,,metadata.csv,pretrained_models/MNISTCIFAR/erm_0.9_222.pth,pre-normalize,results/MNISTCIFAR/erm_rw_0.9_0.5/model_outputs_222
MNISTCIFAR,erm_rw_0.5_0.9,333,ft.erm.erm__c-0.9__src-train__bal-rw__frac-0.5__wd-0.0001__lr-0.001__ep-5001__bn-train,ft.erm.erm,erm,erm,0.9,train,rw,0.5,0.0001,0.001,5001,10000,train,,,metadata.csv,pretrained_models/MNISTCIFAR/erm_0.9_333.pth,pre-normalize,results/MNISTCIFAR/erm_rw_0.9_0.5/model_outputs_333
MNISTCIFAR,erm_rw_0.75,111,ft.erm.erm__c-0.75__src-train__bal-rw__frac-1.0__wd-0.0001__lr-0.001__ep-5001__bn-train,ft.erm.erm,erm,erm,0.75,train,rw,1.0,0.0001,0.001,5001,10000,train,,,metadata.csv,pretrained_models/MNISTCIFAR/erm_0.75_111.pth,pre-normalize,results/MNISTCIFAR/erm_rw_0.75/model_outputs_111
MNISTCIFAR,erm_rw_0.75,222,ft.erm.erm__c-0.75__src-train__bal-rw__frac-1.0__wd-0.0001__lr-0.001__ep-5001__bn-train,ft.erm.erm,erm,erm,0.75,train,rw,1.0,0.0001,0.001,5001,10000,train,,,metadata.csv,pretrained_models/MNISTCIFAR/erm_0.75_222.pth,pre-normalize,results/MNISTCIFAR/erm_rw_0.75/model_outputs_222
MNISTCIFAR,erm_rw_0.75,333,ft.erm.erm__c-0.75__src-train__bal-rw__frac-1.0__wd-0.0001__lr-0.001__ep-5001__bn-train,ft.erm.erm,erm,erm,0.75,train,rw,1.0,0.0001,0.001,5001,10000,train,,,metadata.csv,pretrained_models/MNISTCIFAR/erm_0.75_333.pth,pre-normalize,results/MNISTCIFAR/erm_rw_0.75/model_outputs_333
MNISTCIFAR,erm_rw_0.75_0.9,111,ft.erm.erm__c-0.9__src-train__bal-rw__frac-0.75__wd-0.0001__lr-0.001__ep-5001__bn-train,ft.erm.erm,erm,erm,0.9,train,rw,0.75,0.0001,0.001,5001,10000,train,,,metadata.csv,pretrained_models/MNISTCIFAR/erm_0.9_111.pth,pre-normalize,results/MNISTCIFAR/erm_rw_0.9_0.75/model_outputs_111
MNISTCIFAR,erm_rw_0.75_0.9,222,ft.erm.erm__c-0.9__src-train__bal-rw__frac-0.75__wd-0.0001__lr-0.001__ep-5001__bn-train,ft.erm.erm,erm,erm,0.9,train,rw,0.75,0.0001,0.001,5001,10000,train,,,metadata.csv,pretrained_models/MNISTCIFAR/erm_0.9_222.pth,pre-normalize,results/MNISTCIFAR/erm_rw_0.9_0.75/model_outputs_222
MNISTCIFAR,erm_rw_0.75_0.9,333,ft.erm.erm__c-0.9__src-train__bal-rw__frac-0.75__wd-0.0001__lr-0.001__ep-5001__bn-train,ft.erm.erm,erm,erm,0.9,train,rw,0.75,0.0001,0.001,5001,10000,train,,,metadata.csv,pretrained_models/MNISTCIFAR/erm_0.9_333.pth,pre-normalize,results/MNISTCIFAR/erm_rw_0.9_0.75/model_outputs_333
MNISTCIFAR,erm_rw_0.9,111,ft.erm.erm__c-0.9__src-train__bal-rw__frac-1.0__wd-0.0001__lr-0.001__ep-5001__bn-train,ft.erm.erm,erm,erm,0.9,train,rw,1.0,0.0001,0.001,5001,10000,train,,,metadata.csv,pretrained_models/MNISTCIFAR/erm_0.9_111.pth,pre-normalize,results/MNISTCIFAR/erm_rw_0.9/model_outputs_111
MNISTCIFAR,erm_rw_0.9,222,ft.erm.erm__c-0.9__src-train__bal-rw__frac-1.0__wd-0.0001__lr-0.001__ep-5001__bn-train,ft.erm.erm,erm,erm,0.9,train,rw,1.0,0.0001,0.001,5001,10000,train,,,metadata.csv,pretrained_models/MNISTCIFAR/erm_0.9_222.pth,pre-normalize,results/MNISTCIFAR/erm_rw_0.9/model_outputs_222
MNISTCIFAR,erm_rw_0.9,333,ft.erm.erm__c-0.9__src-train__bal-rw__frac-1.0__wd-0.0001__lr-0.001__ep-5001__bn-train,ft.erm.erm,erm,erm,0.9,train,rw,1.0,0.0001,0.001,5001,10000,train,,,metadata.csv,pretrained_models/MNISTCIFAR/erm_0.9_333.pth,pre-normalize,results/MNISTCIFAR/erm_rw_0.9/model_outputs_333
MNISTCIFAR,erm_rw_0.9_0.9,111,ft.erm.erm__c-0.9__src-train__bal-rw__frac-0.9__wd-0.0001__lr-0.001__ep-5001__bn-train,ft.erm.erm,erm,erm,0.9,train,rw,0.9,0.0001,0.001,5001,10000,train,,,metadata.csv,pretrained_models/MNISTCIFAR/erm_0.9_111.pth,pre-normalize,results/MNISTCIFAR/erm_rw_0.9_0.9/model_outputs_111
MNISTCIFAR,erm_rw_0.9_0.9,222,ft.erm.erm__c-0.9__src-train__bal-rw__frac-0.9__wd-0.0001__lr-0.001__ep-5001__bn-train,ft.erm.erm,erm,erm,0.9,train,rw,0.9,0.0001,0.001,5001,10000,train,,,metadata.csv,pretrained_models/MNISTCIFAR/erm_0.9_222.pth,pre-normalize,results/MNISTCIFAR/erm_rw_0.9_0.9/model_outputs_222
MNISTCIFAR,erm_rw_0.9_0.9,333,ft.erm.erm__c-0.9__src-train__bal-rw__frac-0.9__wd-0.0001__lr-0.001__ep-5001__bn-train,ft.erm.erm,erm,erm,0.9,train,rw,0.9,0.0001,0.001,5001,10000,train,,,metadata.csv,pretrained_models/MNISTCIFAR/erm_0.9_333.pth,pre-normalize,results/MNISTCIFAR/erm_rw_0.9_0.9/model_outputs_333
MNISTCIFAR,gdro_0.0,111,e2e.gdro__c-0.0__bal-rw__frac-1.0__wd-0.0001__lr-0.001__ep-5001,e2e.gdro,,gdro,0.0,,rw,1.0,0.0001,0.001,5001,10000,n/a,,,metadata.csv,,pre-normalize,results/MNISTCIFAR/gdro_0.0/model_outputs_111
MNISTCIFAR,gdro_0.0,222,e2e.gdro__c-0.0__bal-rw__frac-1.0__wd-0.0001__lr-0.001__ep-5001,e2e.gdro,,gdro,0.0,,rw,1.0,0.0001,0.001,5001,10000,n/a,,,metadata.csv,,pre-normalize,results/MNISTCIFAR/gdro_0.0/model_outputs_222
MNISTCIFAR,gdro_0.0,333,e2e.gdro__c-0.0__bal-rw__frac-1.0__wd-0.0001__lr-0.001__ep-5001,e2e.gdro,,gdro,0.0,,rw,1.0,0.0001,0.001,5001,10000,n/a,,,metadata.csv,,pre-normalize,results/MNISTCIFAR/gdro_0.0/model_outputs_333
MNISTCIFAR,gdro_0.25,111,e2e.gdro__c-0.25__bal-rw__frac-1.0__wd-0.0001__lr-0.001__ep-5001,e2e.gdro,,gdro,0.25,,rw,1.0,0.0001,0.001,5001,10000,n/a,,,metadata.csv,,pre-normalize,results/MNISTCIFAR/gdro_0.25/model_outputs_111
MNISTCIFAR,gdro_0.25,222,e2e.gdro__c-0.25__bal-rw__frac-1.0__wd-0.0001__lr-0.001__ep-5001,e2e.gdro,,gdro,0.25,,rw,1.0,0.0001,0.001,5001,10000,n/a,,,metadata.csv,,pre-normalize,results/MNISTCIFAR/gdro_0.25/model_outputs_222
MNISTCIFAR,gdro_0.25,333,e2e.gdro__c-0.25__bal-rw__frac-1.0__wd-0.0001__lr-0.001__ep-5001,e2e.gdro,,gdro,0.25,,rw,1.0,0.0001,0.001,5001,10000,n/a,,,metadata.csv,,pre-normalize,results/MNISTCIFAR/gdro_0.25/model_outputs_333
MNISTCIFAR,gdro_0.5,111,e2e.gdro__c-0.5__bal-rw__frac-1.0__wd-0.0001__lr-0.001__ep-5001,e2e.gdro,,gdro,0.5,,rw,1.0,0.0001,0.001,5001,10000,n/a,,,metadata.csv,,pre-normalize,results/MNISTCIFAR/gdro_0.5/model_outputs_111
MNISTCIFAR,gdro_0.5,222,e2e.gdro__c-0.5__bal-rw__frac-1.0__wd-0.0001__lr-0.001__ep-5001,e2e.gdro,,gdro,0.5,,rw,1.0,0.0001,0.001,5001,10000,n/a,,,metadata.csv,,pre-normalize,results/MNISTCIFAR/gdro_0.5/model_outputs_222
MNISTCIFAR,gdro_0.5,333,e2e.gdro__c-0.5__bal-rw__frac-1.0__wd-0.0001__lr-0.001__ep-5001,e2e.gdro,,gdro,0.5,,rw,1.0,0.0001,0.001,5001,10000,n/a,,,metadata.csv,,pre-normalize,results/MNISTCIFAR/gdro_0.5/model_outputs_333
MNISTCIFAR,gdro_0.75,111,e2e.gdro__c-0.75__bal-rw__frac-1.0__wd-0.0001__lr-0.001__ep-5001,e2e.gdro,,gdro,0.75,,rw,1.0,0.0001,0.001,5001,10000,n/a,,,metadata.csv,,pre-normalize,results/MNISTCIFAR/gdro_0.75/model_outputs_111
MNISTCIFAR,gdro_0.75,222,e2e.gdro__c-0.75__bal-rw__frac-1.0__wd-0.0001__lr-0.001__ep-5001,e2e.gdro,,gdro,0.75,,rw,1.0,0.0001,0.001,5001,10000,n/a,,,metadata.csv,,pre-normalize,results/MNISTCIFAR/gdro_0.75/model_outputs_222
MNISTCIFAR,gdro_0.75,333,e2e.gdro__c-0.75__bal-rw__frac-1.0__wd-0.0001__lr-0.001__ep-5001,e2e.gdro,,gdro,0.75,,rw,1.0,0.0001,0.001,5001,10000,n/a,,,metadata.csv,,pre-normalize,results/MNISTCIFAR/gdro_0.75/model_outputs_333
MNISTCIFAR,gdro_0.9,111,e2e.gdro__c-0.9__bal-rw__frac-1.0__wd-0.0001__lr-0.001__ep-5001,e2e.gdro,,gdro,0.9,,rw,1.0,0.0001,0.001,5001,10000,n/a,,,metadata.csv,,pre-normalize,results/MNISTCIFAR/gdro_0.9/model_outputs_111
MNISTCIFAR,gdro_0.9,222,e2e.gdro__c-0.9__bal-rw__frac-1.0__wd-0.0001__lr-0.001__ep-5001,e2e.gdro,,gdro,0.9,,rw,1.0,0.0001,0.001,5001,10000,n/a,,,metadata.csv,,pre-normalize,results/MNISTCIFAR/gdro_0.9/model_outputs_222
MNISTCIFAR,gdro_0.9,333,e2e.gdro__c-0.9__bal-rw__frac-1.0__wd-0.0001__lr-0.001__ep-5001,e2e.gdro,,gdro,0.9,,rw,1.0,0.0001,0.001,5001,10000,n/a,,,metadata.csv,,pre-normalize,results/MNISTCIFAR/gdro_0.9/model_outputs_333
MNISTCIFAR,jtt_3000_50_0.0,111,e2e.jtt__c-0.0__bal-none__frac-1.0__wd-0.0001__lr-0.001__ep-5001,e2e.jtt,,erm,0.0,,none,1.0,0.0001,0.001,5001,10000,n/a,,,metadata.csv,,pre-normalize,results/MNISTCIFAR/jtt_3000_50_0.0/model_outputs_111
MNISTCIFAR,jtt_3000_50_0.0,222,e2e.jtt__c-0.0__bal-none__frac-1.0__wd-0.0001__lr-0.001__ep-5001,e2e.jtt,,erm,0.0,,none,1.0,0.0001,0.001,5001,10000,n/a,,,metadata.csv,,pre-normalize,results/MNISTCIFAR/jtt_3000_50_0.0/model_outputs_222
MNISTCIFAR,jtt_3000_50_0.0,333,e2e.jtt__c-0.0__bal-none__frac-1.0__wd-0.0001__lr-0.001__ep-5001,e2e.jtt,,erm,0.0,,none,1.0,0.0001,0.001,5001,10000,n/a,,,metadata.csv,,pre-normalize,results/MNISTCIFAR/jtt_3000_50_0.0/model_outputs_333
MNISTCIFAR,jtt_3000_50_0.25,111,e2e.jtt__c-0.25__bal-none__frac-1.0__wd-0.0001__lr-0.001__ep-5001,e2e.jtt,,erm,0.25,,none,1.0,0.0001,0.001,5001,10000,n/a,,,metadata.csv,,pre-normalize,results/MNISTCIFAR/jtt_3000_50_0.25/model_outputs_111
MNISTCIFAR,jtt_3000_50_0.25,222,e2e.jtt__c-0.25__bal-none__frac-1.0__wd-0.0001__lr-0.001__ep-5001,e2e.jtt,,erm,0.25,,none,1.0,0.0001,0.001,5001,10000,n/a,,,metadata.csv,,pre-normalize,results/MNISTCIFAR/jtt_3000_50_0.25/model_outputs_222
MNISTCIFAR,jtt_3000_50_0.25,333,e2e.jtt__c-0.25__bal-none__frac-1.0__wd-0.0001__lr-0.001__ep-5001,e2e.jtt,,erm,0.25,,none,1.0,0.0001,0.001,5001,10000,n/a,,,metadata.csv,,pre-normalize,results/MNISTCIFAR/jtt_3000_50_0.25/model_outputs_333
MNISTCIFAR,jtt_3000_50_0.5,111,e2e.jtt__c-0.5__bal-none__frac-1.0__wd-0.0001__lr-0.001__ep-5001,e2e.jtt,,erm,0.5,,none,1.0,0.0001,0.001,5001,10000,n/a,,,metadata.csv,,pre-normalize,results/MNISTCIFAR/jtt_3000_50_0.5/model_outputs_111
MNISTCIFAR,jtt_3000_50_0.5,222,e2e.jtt__c-0.5__bal-none__frac-1.0__wd-0.0001__lr-0.001__ep-5001,e2e.jtt,,erm,0.5,,none,1.0,0.0001,0.001,5001,10000,n/a,,,metadata.csv,,pre-normalize,results/MNISTCIFAR/jtt_3000_50_0.5/model_outputs_222
MNISTCIFAR,jtt_3000_50_0.5,333,e2e.jtt__c-0.5__bal-none__frac-1.0__wd-0.0001__lr-0.001__ep-5001,e2e.jtt,,erm,0.5,,none,1.0,0.0001,0.001,5001,10000,n/a,,,metadata.csv,,pre-normalize,results/MNISTCIFAR/jtt_3000_50_0.5/model_outputs_333
MNISTCIFAR,jtt_3000_50_0.75,111,e2e.jtt__c-0.75__bal-none__frac-1.0__wd-0.0001__lr-0.001__ep-5001,e2e.jtt,,erm,0.75,,none,1.0,0.0001,0.001,5001,10000,n/a,,,metadata.csv,,pre-normalize,results/MNISTCIFAR/jtt_3000_50_0.75/model_outputs_111
MNISTCIFAR,jtt_3000_50_0.75,222,e2e.jtt__c-0.75__bal-none__frac-1.0__wd-0.0001__lr-0.001__ep-5001,e2e.jtt,,erm,0.75,,none,1.0,0.0001,0.001,5001,10000,n/a,,,metadata.csv,,pre-normalize,results/MNISTCIFAR/jtt_3000_50_0.75/model_outputs_222
MNISTCIFAR,jtt_3000_50_0.75,333,e2e.jtt__c-0.75__bal-none__frac-1.0__wd-0.0001__lr-0.001__ep-5001,e2e.jtt,,erm,0.75,,none,1.0,0.0001,0.001,5001,10000,n/a,,,metadata.csv,,pre-normalize,results/MNISTCIFAR/jtt_3000_50_0.75/model_outputs_333
MNISTCIFAR,jtt_3000_50_0.9,111,e2e.jtt__c-0.9__bal-none__frac-1.0__wd-0.0001__lr-0.001__ep-5001,e2e.jtt,,erm,0.9,,none,1.0,0.0001,0.001,5001,10000,n/a,,,metadata.csv,,pre-normalize,results/MNISTCIFAR/jtt_3000_50_0.9/model_outputs_111
MNISTCIFAR,jtt_3000_50_0.9,222,e2e.jtt__c-0.9__bal-none__frac-1.0__wd-0.0001__lr-0.001__ep-5001,e2e.jtt,,erm,0.9,,none,1.0,0.0001,0.001,5001,10000,n/a,,,metadata.csv,,pre-normalize,results/MNISTCIFAR/jtt_3000_50_0.9/model_outputs_222
MNISTCIFAR,jtt_3000_50_0.9,333,e2e.jtt__c-0.9__bal-none__frac-1.0__wd-0.0001__lr-0.001__ep-5001,e2e.jtt,,erm,0.9,,none,1.0,0.0001,0.001,5001,10000,n/a,,,metadata.csv,,pre-normalize,results/MNISTCIFAR/jtt_3000_50_0.9/model_outputs_333
MNISTCIFAR,jtt_4000_50_0.0,111,e2e.jtt__c-0.0__bal-none__frac-1.0__wd-0.0001__lr-0.001__ep-5001,e2e.jtt,,erm,0.0,,none,1.0,0.0001,0.001,5001,10000,n/a,,,metadata.csv,,pre-normalize,results/MNISTCIFAR/jtt_4000_50_0.0/model_outputs_111
MNISTCIFAR,jtt_4000_50_0.0,222,e2e.jtt__c-0.0__bal-none__frac-1.0__wd-0.0001__lr-0.001__ep-5001,e2e.jtt,,erm,0.0,,none,1.0,0.0001,0.001,5001,10000,n/a,,,metadata.csv,,pre-normalize,results/MNISTCIFAR/jtt_4000_50_0.0/model_outputs_222
MNISTCIFAR,jtt_4000_50_0.0,333,e2e.jtt__c-0.0__bal-none__frac-1.0__wd-0.0001__lr-0.001__ep-5001,e2e.jtt,,erm,0.0,,none,1.0,0.0001,0.001,5001,10000,n/a,,,metadata.csv,,pre-normalize,results/MNISTCIFAR/jtt_4000_50_0.0/model_outputs_333
MNISTCIFAR,jtt_4000_50_0.25,111,e2e.jtt__c-0.25__bal-none__frac-1.0__wd-0.0001__lr-0.001__ep-5001,e2e.jtt,,erm,0.25,,none,1.0,0.0001,0.001,5001,10000,n/a,,,metadata.csv,,pre-normalize,results/MNISTCIFAR/jtt_4000_50_0.25/model_outputs_111
MNISTCIFAR,jtt_4000_50_0.25,222,e2e.jtt__c-0.25__bal-none__frac-1.0__wd-0.0001__lr-0.001__ep-5001,e2e.jtt,,erm,0.25,,none,1.0,0.0001,0.001,5001,10000,n/a,,,metadata.csv,,pre-normalize,results/MNISTCIFAR/jtt_4000_50_0.25/model_outputs_222
MNISTCIFAR,jtt_4000_50_0.25,333,e2e.jtt__c-0.25__bal-none__frac-1.0__wd-0.0001__lr-0.001__ep-5001,e2e.jtt,,erm,0.25,,none,1.0,0.0001,0.001,5001,10000,n/a,,,metadata.csv,,pre-normalize,results/MNISTCIFAR/jtt_4000_50_0.25/model_outputs_333
MNISTCIFAR,jtt_4000_50_0.5,111,e2e.jtt__c-0.5__bal-none__frac-1.0__wd-0.0001__lr-0.001__ep-5001,e2e.jtt,,erm,0.5,,none,1.0,0.0001,0.001,5001,10000,n/a,,,metadata.csv,,pre-normalize,results/MNISTCIFAR/jtt_4000_50_0.5/model_outputs_111
MNISTCIFAR,jtt_4000_50_0.5,222,e2e.jtt__c-0.5__bal-none__frac-1.0__wd-0.0001__lr-0.001__ep-5001,e2e.jtt,,erm,0.5,,none,1.0,0.0001,0.001,5001,10000,n/a,,,metadata.csv,,pre-normalize,results/MNISTCIFAR/jtt_4000_50_0.5/model_outputs_222
MNISTCIFAR,jtt_4000_50_0.5,333,e2e.jtt__c-0.5__bal-none__frac-1.0__wd-0.0001__lr-0.001__ep-5001,e2e.jtt,,erm,0.5,,none,1.0,0.0001,0.001,5001,10000,n/a,,,metadata.csv,,pre-normalize,results/MNISTCIFAR/jtt_4000_50_0.5/model_outputs_333
MNISTCIFAR,jtt_4000_50_0.75,111,e2e.jtt__c-0.75__bal-none__frac-1.0__wd-0.0001__lr-0.001__ep-5001,e2e.jtt,,erm,0.75,,none,1.0,0.0001,0.001,5001,10000,n/a,,,metadata.csv,,pre-normalize,results/MNISTCIFAR/jtt_4000_50_0.75/model_outputs_111
MNISTCIFAR,jtt_4000_50_0.75,222,e2e.jtt__c-0.75__bal-none__frac-1.0__wd-0.0001__lr-0.001__ep-5001,e2e.jtt,,erm,0.75,,none,1.0,0.0001,0.001,5001,10000,n/a,,,metadata.csv,,pre-normalize,results/MNISTCIFAR/jtt_4000_50_0.75/model_outputs_222
MNISTCIFAR,jtt_4000_50_0.75,333,e2e.jtt__c-0.75__bal-none__frac-1.0__wd-0.0001__lr-0.001__ep-5001,e2e.jtt,,erm,0.75,,none,1.0,0.0001,0.001,5001,10000,n/a,,,metadata.csv,,pre-normalize,results/MNISTCIFAR/jtt_4000_50_0.75/model_outputs_333
MNISTCIFAR,jtt_4000_50_0.9,111,e2e.jtt__c-0.9__bal-none__frac-1.0__wd-0.0001__lr-0.001__ep-5001,e2e.jtt,,erm,0.9,,none,1.0,0.0001,0.001,5001,10000,n/a,,,metadata.csv,,pre-normalize,results/MNISTCIFAR/jtt_4000_50_0.9/model_outputs_111
MNISTCIFAR,jtt_4000_50_0.9,222,e2e.jtt__c-0.9__bal-none__frac-1.0__wd-0.0001__lr-0.001__ep-5001,e2e.jtt,,erm,0.9,,none,1.0,0.0001,0.001,5001,10000,n/a,,,metadata.csv,,pre-normalize,results/MNISTCIFAR/jtt_4000_50_0.9/model_outputs_222
MNISTCIFAR,jtt_4000_50_0.9,333,e2e.jtt__c-0.9__bal-none__frac-1.0__wd-0.0001__lr-0.001__ep-5001,e2e.jtt,,erm,0.9,,none,1.0,0.0001,0.001,5001,10000,n/a,,,metadata.csv,,pre-normalize,results/MNISTCIFAR/jtt_4000_50_0.9/model_outputs_333
MNISTCIFAR,jtt_5000_50_0.0,111,e2e.jtt__c-0.0__bal-none__frac-1.0__wd-0.0001__lr-0.001__ep-5001,e2e.jtt,,erm,0.0,,none,1.0,0.0001,0.001,5001,10000,n/a,,,metadata.csv,,pre-normalize,results/MNISTCIFAR/jtt_5000_50_0.0/model_outputs_111
MNISTCIFAR,jtt_5000_50_0.0,222,e2e.jtt__c-0.0__bal-none__frac-1.0__wd-0.0001__lr-0.001__ep-5001,e2e.jtt,,erm,0.0,,none,1.0,0.0001,0.001,5001,10000,n/a,,,metadata.csv,,pre-normalize,results/MNISTCIFAR/jtt_5000_50_0.0/model_outputs_222
MNISTCIFAR,jtt_5000_50_0.0,333,e2e.jtt__c-0.0__bal-none__frac-1.0__wd-0.0001__lr-0.001__ep-5001,e2e.jtt,,erm,0.0,,none,1.0,0.0001,0.001,5001,10000,n/a,,,metadata.csv,,pre-normalize,results/MNISTCIFAR/jtt_5000_50_0.0/model_outputs_333
MNISTCIFAR,jtt_5000_50_0.25,111,e2e.jtt__c-0.25__bal-none__frac-1.0__wd-0.0001__lr-0.001__ep-5001,e2e.jtt,,erm,0.25,,none,1.0,0.0001,0.001,5001,10000,n/a,,,metadata.csv,,pre-normalize,results/MNISTCIFAR/jtt_5000_50_0.25/model_outputs_111
MNISTCIFAR,jtt_5000_50_0.25,222,e2e.jtt__c-0.25__bal-none__frac-1.0__wd-0.0001__lr-0.001__ep-5001,e2e.jtt,,erm,0.25,,none,1.0,0.0001,0.001,5001,10000,n/a,,,metadata.csv,,pre-normalize,results/MNISTCIFAR/jtt_5000_50_0.25/model_outputs_222
MNISTCIFAR,jtt_5000_50_0.25,333,e2e.jtt__c-0.25__bal-none__frac-1.0__wd-0.0001__lr-0.001__ep-5001,e2e.jtt,,erm,0.25,,none,1.0,0.0001,0.001,5001,10000,n/a,,,metadata.csv,,pre-normalize,results/MNISTCIFAR/jtt_5000_50_0.25/model_outputs_333
MNISTCIFAR,jtt_5000_50_0.5,111,e2e.jtt__c-0.5__bal-none__frac-1.0__wd-0.0001__lr-0.001__ep-5001,e2e.jtt,,erm,0.5,,none,1.0,0.0001,0.001,5001,10000,n/a,,,metadata.csv,,pre-normalize,results/MNISTCIFAR/jtt_5000_50_0.5/model_outputs_111
MNISTCIFAR,jtt_5000_50_0.5,222,e2e.jtt__c-0.5__bal-none__frac-1.0__wd-0.0001__lr-0.001__ep-5001,e2e.jtt,,erm,0.5,,none,1.0,0.0001,0.001,5001,10000,n/a,,,metadata.csv,,pre-normalize,results/MNISTCIFAR/jtt_5000_50_0.5/model_outputs_222
MNISTCIFAR,jtt_5000_50_0.5,333,e2e.jtt__c-0.5__bal-none__frac-1.0__wd-0.0001__lr-0.001__ep-5001,e2e.jtt,,erm,0.5,,none,1.0,0.0001,0.001,5001,10000,n/a,,,metadata.csv,,pre-normalize,results/MNISTCIFAR/jtt_5000_50_0.5/model_outputs_333
MNISTCIFAR,jtt_5000_50_0.75,111,e2e.jtt__c-0.75__bal-none__frac-1.0__wd-0.0001__lr-0.001__ep-5001,e2e.jtt,,erm,0.75,,none,1.0,0.0001,0.001,5001,10000,n/a,,,metadata.csv,,pre-normalize,results/MNISTCIFAR/jtt_5000_50_0.75/model_outputs_111
MNISTCIFAR,jtt_5000_50_0.75,222,e2e.jtt__c-0.75__bal-none__frac-1.0__wd-0.0001__lr-0.001__ep-5001,e2e.jtt,,erm,0.75,,none,1.0,0.0001,0.001,5001,10000,n/a,,,metadata.csv,,pre-normalize,results/MNISTCIFAR/jtt_5000_50_0.75/model_outputs_222
MNISTCIFAR,jtt_5000_50_0.75,333,e2e.jtt__c-0.75__bal-none__frac-1.0__wd-0.0001__lr-0.001__ep-5001,e2e.jtt,,erm,0.75,,none,1.0,0.0001,0.001,5001,10000,n/a,,,metadata.csv,,pre-normalize,results/MNISTCIFAR/jtt_5000_50_0.75/model_outputs_333
MNISTCIFAR,jtt_5000_50_0.9,111,e2e.jtt__c-0.9__bal-none__frac-1.0__wd-0.0001__lr-0.001__ep-5001,e2e.jtt,,erm,0.9,,none,1.0,0.0001,0.001,5001,10000,n/a,,,metadata.csv,,pre-normalize,results/MNISTCIFAR/jtt_5000_50_0.9/model_outputs_111
MNISTCIFAR,jtt_5000_50_0.9,222,e2e.jtt__c-0.9__bal-none__frac-1.0__wd-0.0001__lr-0.001__ep-5001,e2e.jtt,,erm,0.9,,none,1.0,0.0001,0.001,5001,10000,n/a,,,metadata.csv,,pre-normalize,results/MNISTCIFAR/jtt_5000_50_0.9/model_outputs_222
MNISTCIFAR,jtt_5000_50_0.9,333,e2e.jtt__c-0.9__bal-none__frac-1.0__wd-0.0001__lr-0.001__ep-5001,e2e.jtt,,erm,0.9,,none,1.0,0.0001,0.001,5001,10000,n/a,,,metadata.csv,,pre-normalize,results/MNISTCIFAR/jtt_5000_50_0.9/model_outputs_333
MNISTCIFAR,reweight_0.0,111,e2e.rw__c-0.0__bal-none__frac-1.0__wd-0.0001__lr-0.001__ep-5001,e2e.rw,,rw,0.0,,none,1.0,0.0001,0.001,5001,10000,n/a,,,metadata.csv,,pre-normalize,results/MNISTCIFAR/reweight_0.0/model_outputs_111
MNISTCIFAR,reweight_0.0,222,e2e.rw__c-0.0__bal-none__frac-1.0__wd-0.0001__lr-0.001__ep-5001,e2e.rw,,rw,0.0,,none,1.0,0.0001,0.001,5001,10000,n/a,,,metadata.csv,,pre-normalize,results/MNISTCIFAR/reweight_0.0/model_outputs_222
MNISTCIFAR,reweight_0.0,333,e2e.rw__c-0.0__bal-none__frac-1.0__wd-0.0001__lr-0.001__ep-5001,e2e.rw,,rw,0.0,,none,1.0,0.0001,0.001,5001,10000,n/a,,,metadata.csv,,pre-normalize,results/MNISTCIFAR/reweight_0.0/model_outputs_333
MNISTCIFAR,reweight_0.25,111,e2e.rw__c-0.25__bal-none__frac-1.0__wd-0.0001__lr-0.001__ep-5001,e2e.rw,,rw,0.25,,none,1.0,0.0001,0.001,5001,10000,n/a,,,metadata.csv,,pre-normalize,results/MNISTCIFAR/reweight_0.25/model_outputs_111
MNISTCIFAR,reweight_0.25,222,e2e.rw__c-0.25__bal-none__frac-1.0__wd-0.0001__lr-0.001__ep-5001,e2e.rw,,rw,0.25,,none,1.0,0.0001,0.001,5001,10000,n/a,,,metadata.csv,,pre-normalize,results/MNISTCIFAR/reweight_0.25/model_outputs_222
MNISTCIFAR,reweight_0.25,333,e2e.rw__c-0.25__bal-none__frac-1.0__wd-0.0001__lr-0.001__ep-5001,e2e.rw,,rw,0.25,,none,1.0,0.0001,0.001,5001,10000,n/a,,,metadata.csv,,pre-normalize,results/MNISTCIFAR/reweight_0.25/model_outputs_333
MNISTCIFAR,reweight_0.5,111,e2e.rw__c-0.5__bal-none__frac-1.0__wd-0.0001__lr-0.001__ep-5001,e2e.rw,,rw,0.5,,none,1.0,0.0001,0.001,5001,10000,n/a,,,metadata.csv,,pre-normalize,results/MNISTCIFAR/reweight_0.5/model_outputs_111
MNISTCIFAR,reweight_0.5,222,e2e.rw__c-0.5__bal-none__frac-1.0__wd-0.0001__lr-0.001__ep-5001,e2e.rw,,rw,0.5,,none,1.0,0.0001,0.001,5001,10000,n/a,,,metadata.csv,,pre-normalize,results/MNISTCIFAR/reweight_0.5/model_outputs_222
MNISTCIFAR,reweight_0.5,333,e2e.rw__c-0.5__bal-none__frac-1.0__wd-0.0001__lr-0.001__ep-5001,e2e.rw,,rw,0.5,,none,1.0,0.0001,0.001,5001,10000,n/a,,,metadata.csv,,pre-normalize,results/MNISTCIFAR/reweight_0.5/model_outputs_333
MNISTCIFAR,reweight_0.75,111,e2e.rw__c-0.75__bal-none__frac-1.0__wd-0.0001__lr-0.001__ep-5001,e2e.rw,,rw,0.75,,none,1.0,0.0001,0.001,5001,10000,n/a,,,metadata.csv,,pre-normalize,results/MNISTCIFAR/reweight_0.75/model_outputs_111
MNISTCIFAR,reweight_0.75,222,e2e.rw__c-0.75__bal-none__frac-1.0__wd-0.0001__lr-0.001__ep-5001,e2e.rw,,rw,0.75,,none,1.0,0.0001,0.001,5001,10000,n/a,,,metadata.csv,,pre-normalize,results/MNISTCIFAR/reweight_0.75/model_outputs_222
MNISTCIFAR,reweight_0.75,333,e2e.rw__c-0.75__bal-none__frac-1.0__wd-0.0001__lr-0.001__ep-5001,e2e.rw,,rw,0.75,,none,1.0,0.0001,0.001,5001,10000,n/a,,,metadata.csv,,pre-normalize,results/MNISTCIFAR/reweight_0.75/model_outputs_333
MNISTCIFAR,reweight_0.9,111,e2e.rw__c-0.9__bal-none__frac-1.0__wd-0.0001__lr-0.001__ep-5001,e2e.rw,,rw,0.9,,none,1.0,0.0001,0.001,5001,10000,n/a,,,metadata.csv,,pre-normalize,results/MNISTCIFAR/reweight_0.9/model_outputs_111
MNISTCIFAR,reweight_0.9,222,e2e.rw__c-0.9__bal-none__frac-1.0__wd-0.0001__lr-0.001__ep-5001,e2e.rw,,rw,0.9,,none,1.0,0.0001,0.001,5001,10000,n/a,,,metadata.csv,,pre-normalize,results/MNISTCIFAR/reweight_0.9/model_outputs_222
MNISTCIFAR,reweight_0.9,333,e2e.rw__c-0.9__bal-none__frac-1.0__wd-0.0001__lr-0.001__ep-5001,e2e.rw,,rw,0.9,,none,1.0,0.0001,0.001,5001,10000,n/a,,,metadata.csv,,pre-normalize,results/MNISTCIFAR/reweight_0.9/model_outputs_333
MNISTCIFAR,reweight_rw_0.0,111,e2e.rw__c-0.0__bal-rw__frac-1.0__wd-0.0001__lr-0.001__ep-5001,e2e.rw,,rw,0.0,,rw,1.0,0.0001,0.001,5001,10000,n/a,,,metadata.csv,,pre-normalize,results/MNISTCIFAR/reweight_rw_0.0/model_outputs_111
MNISTCIFAR,reweight_rw_0.0,222,e2e.rw__c-0.0__bal-rw__frac-1.0__wd-0.0001__lr-0.001__ep-5001,e2e.rw,,rw,0.0,,rw,1.0,0.0001,0.001,5001,10000,n/a,,,metadata.csv,,pre-normalize,results/MNISTCIFAR/reweight_rw_0.0/model_outputs_222
MNISTCIFAR,reweight_rw_0.0,333,e2e.rw__c-0.0__bal-rw__frac-1.0__wd-0.0001__lr-0.001__ep-5001,e2e.rw,,rw,0.0,,rw,1.0,0.0001,0.001,5001,10000,n/a,,,metadata.csv,,pre-normalize,results/MNISTCIFAR/reweight_rw_0.0/model_outputs_333
MNISTCIFAR,reweight_rw_0.25,111,e2e.rw__c-0.25__bal-rw__frac-1.0__wd-0.0001__lr-0.001__ep-5001,e2e.rw,,rw,0.25,,rw,1.0,0.0001,0.001,5001,10000,n/a,,,metadata.csv,,pre-normalize,results/MNISTCIFAR/reweight_rw_0.25/model_outputs_111
MNISTCIFAR,reweight_rw_0.25,222,e2e.rw__c-0.25__bal-rw__frac-1.0__wd-0.0001__lr-0.001__ep-5001,e2e.rw,,rw,0.25,,rw,1.0,0.0001,0.001,5001,10000,n/a,,,metadata.csv,,pre-normalize,results/MNISTCIFAR/reweight_rw_0.25/model_outputs_222
MNISTCIFAR,reweight_rw_0.25,333,e2e.rw__c-0.25__bal-rw__frac-1.0__wd-0.0001__lr-0.001__ep-5001,e2e.rw,,rw,0.25,,rw,1.0,0.0001,0.001,5001,10000,n/a,,,metadata.csv,,pre-normalize,results/MNISTCIFAR/reweight_rw_0.25/model_outputs_333
MNISTCIFAR,reweight_rw_0.5,111,e2e.rw__c-0.5__bal-rw__frac-1.0__wd-0.0001__lr-0.001__ep-5001,e2e.rw,,rw,0.5,,rw,1.0,0.0001,0.001,5001,10000,n/a,,,metadata.csv,,pre-normalize,results/MNISTCIFAR/reweight_rw_0.5/model_outputs_111
MNISTCIFAR,reweight_rw_0.5,222,e2e.rw__c-0.5__bal-rw__frac-1.0__wd-0.0001__lr-0.001__ep-5001,e2e.rw,,rw,0.5,,rw,1.0,0.0001,0.001,5001,10000,n/a,,,metadata.csv,,pre-normalize,results/MNISTCIFAR/reweight_rw_0.5/model_outputs_222
MNISTCIFAR,reweight_rw_0.5,333,e2e.rw__c-0.5__bal-rw__frac-1.0__wd-0.0001__lr-0.001__ep-5001,e2e.rw,,rw,0.5,,rw,1.0,0.0001,0.001,5001,10000,n/a,,,metadata.csv,,pre-normalize,results/MNISTCIFAR/reweight_rw_0.5/model_outputs_333
MNISTCIFAR,reweight_rw_0.75,111,e2e.rw__c-0.75__bal-rw__frac-1.0__wd-0.0001__lr-0.001__ep-5001,e2e.rw,,rw,0.75,,rw,1.0,0.0001,0.001,5001,10000,n/a,,,metadata.csv,,pre-normalize,results/MNISTCIFAR/reweight_rw_0.75/model_outputs_111
MNISTCIFAR,reweight_rw_0.75,222,e2e.rw__c-0.75__bal-rw__frac-1.0__wd-0.0001__lr-0.001__ep-5001,e2e.rw,,rw,0.75,,rw,1.0,0.0001,0.001,5001,10000,n/a,,,metadata.csv,,pre-normalize,results/MNISTCIFAR/reweight_rw_0.75/model_outputs_222
MNISTCIFAR,reweight_rw_0.75,333,e2e.rw__c-0.75__bal-rw__frac-1.0__wd-0.0001__lr-0.001__ep-5001,e2e.rw,,rw,0.75,,rw,1.0,0.0001,0.001,5001,10000,n/a,,,metadata.csv,,pre-normalize,results/MNISTCIFAR/reweight_rw_0.75/model_outputs_333
MNISTCIFAR,reweight_rw_0.9,111,e2e.rw__c-0.9__bal-rw__frac-1.0__wd-0.0001__lr-0.001__ep-5001,e2e.rw,,rw,0.9,,rw,1.0,0.0001,0.001,5001,10000,n/a,,,metadata.csv,,pre-normalize,results/MNISTCIFAR/reweight_rw_0.9/model_outputs_111
MNISTCIFAR,reweight_rw_0.9,222,e2e.rw__c-0.9__bal-rw__frac-1.0__wd-0.0001__lr-0.001__ep-5001,e2e.rw,,rw,0.9,,rw,1.0,0.0001,0.001,5001,10000,n/a,,,metadata.csv,,pre-normalize,results/MNISTCIFAR/reweight_rw_0.9/model_outputs_222
MNISTCIFAR,reweight_rw_0.9,333,e2e.rw__c-0.9__bal-rw__frac-1.0__wd-0.0001__lr-0.001__ep-5001,e2e.rw,,rw,0.9,,rw,1.0,0.0001,0.001,5001,10000,n/a,,,metadata.csv,,pre-normalize,results/MNISTCIFAR/reweight_rw_0.9/model_outputs_333
MNISTCIFAR,rw_erm_0.0,111,e2e.erm__c-0.0__bal-rw__frac-1.0__wd-0.0001__lr-0.001__ep-5001,e2e.erm,,erm,0.0,,rw,1.0,0.0001,0.001,5001,10000,n/a,,,metadata.csv,,pre-normalize,results/MNISTCIFAR/rw_erm_0.0/model_outputs_111
MNISTCIFAR,rw_erm_0.0,222,e2e.erm__c-0.0__bal-rw__frac-1.0__wd-0.0001__lr-0.001__ep-5001,e2e.erm,,erm,0.0,,rw,1.0,0.0001,0.001,5001,10000,n/a,,,metadata.csv,,pre-normalize,results/MNISTCIFAR/rw_erm_0.0/model_outputs_222
MNISTCIFAR,rw_erm_0.0,333,e2e.erm__c-0.0__bal-rw__frac-1.0__wd-0.0001__lr-0.001__ep-5001,e2e.erm,,erm,0.0,,rw,1.0,0.0001,0.001,5001,10000,n/a,,,metadata.csv,,pre-normalize,results/MNISTCIFAR/rw_erm_0.0/model_outputs_333
MNISTCIFAR,rw_erm_0.25,111,e2e.erm__c-0.25__bal-rw__frac-1.0__wd-0.0001__lr-0.001__ep-5001,e2e.erm,,erm,0.25,,rw,1.0,0.0001,0.001,5001,10000,n/a,,,metadata.csv,,pre-normalize,results/MNISTCIFAR/rw_erm_0.25/model_outputs_111
MNISTCIFAR,rw_erm_0.25,222,e2e.erm__c-0.25__bal-rw__frac-1.0__wd-0.0001__lr-0.001__ep-5001,e2e.erm,,erm,0.25,,rw,1.0,0.0001,0.001,5001,10000,n/a,,,metadata.csv,,pre-normalize,results/MNISTCIFAR/rw_erm_0.25/model_outputs_222
MNISTCIFAR,rw_erm_0.25,333,e2e.erm__c-0.25__bal-rw__frac-1.0__wd-0.0001__lr-0.001__ep-5001,e2e.erm,,erm,0.25,,rw,1.0,0.0001,0.001,5001,10000,n/a,,,metadata.csv,,pre-normalize,results/MNISTCIFAR/rw_erm_0.25/model_outputs_333
MNISTCIFAR,rw_erm_0.5,111,e2e.erm__c-0.5__bal-rw__frac-1.0__wd-0.0001__lr-0.001__ep-5001,e2e.erm,,erm,0.5,,rw,1.0,0.0001,0.001,5001,10000,n/a,,,metadata.csv,,pre-normalize,results/MNISTCIFAR/rw_erm_0.5/model_outputs_111
MNISTCIFAR,rw_erm_0.5,222,e2e.erm__c-0.5__bal-rw__frac-1.0__wd-0.0001__lr-0.001__ep-5001,e2e.erm,,erm,0.5,,rw,1.0,0.0001,0.001,5001,10000,n/a,,,metadata.csv,,pre-normalize,results/MNISTCIFAR/rw_erm_0.5/model_outputs_222
MNISTCIFAR,rw_erm_0.5,333,e2e.erm__c-0.5__bal-rw__frac-1.0__wd-0.0001__lr-0.001__ep-5001,e2e.erm,,erm,0.5,,rw,1.0,0.0001,0.001,5001,10000,n/a,,,metadata.csv,,pre-normalize,results/MNISTCIFAR/rw_erm_0.5/model_outputs_333
MNISTCIFAR,rw_erm_0.75,111,e2e.erm__c-0.75__bal-rw__frac-1.0__wd-0.0001__lr-0.001__ep-5001,e2e.erm,,erm,0.75,,rw,1.0,0.0001,0.001,5001,10000,n/a,,,metadata.csv,,pre-normalize,results/MNISTCIFAR/rw_erm_0.75/model_outputs_111
MNISTCIFAR,rw_erm_0.75,222,e2e.erm__c-0.75__bal-rw__frac-1.0__wd-0.0001__lr-0.001__ep-5001,e2e.erm,,erm,0.75,,rw,1.0,0.0001,0.001,5001,10000,n/a,,,metadata.csv,,pre-normalize,results/MNISTCIFAR/rw_erm_0.75/model_outputs_222
MNISTCIFAR,rw_erm_0.75,333,e2e.erm__c-0.75__bal-rw__frac-1.0__wd-0.0001__lr-0.001__ep-5001,e2e.erm,,erm,0.75,,rw,1.0,0.0001,0.001,5001,10000,n/a,,,metadata.csv,,pre-normalize,results/MNISTCIFAR/rw_erm_0.75/model_outputs_333
MNISTCIFAR,rw_erm_0.9,111,e2e.erm__c-0.9__bal-rw__frac-1.0__wd-0.0001__lr-0.001__ep-5001,e2e.erm,,erm,0.9,,rw,1.0,0.0001,0.001,5001,10000,n/a,,,metadata.csv,,pre-normalize,results/MNISTCIFAR/rw_erm_0.9/model_outputs_111
MNISTCIFAR,rw_erm_0.9,222,e2e.erm__c-0.9__bal-rw__frac-1.0__wd-0.0001__lr-0.001__ep-5001,e2e.erm,,erm,0.9,,rw,1.0,0.0001,0.001,5001,10000,n/a,,,metadata.csv,,pre-normalize,results/MNISTCIFAR/rw_erm_0.9/model_outputs_222
MNISTCIFAR,rw_erm_0.9,333,e2e.erm__c-0.9__bal-rw__frac-1.0__wd-0.0001__lr-0.001__ep-5001,e2e.erm,,erm,0.9,,rw,1.0,0.0001,0.001,5001,10000,n/a,,,metadata.csv,,pre-normalize,results/MNISTCIFAR/rw_erm_0.9/model_outputs_333
MNISTCIFAR,sv_0.0,111,ft.erm.erm__c-0.0__src-train__bal-none__frac-1.0__wd-0.0001__lr-0.001__ep-5001__bn-train,ft.erm.erm,erm,erm,0.0,train,none,1.0,0.0001,0.001,5001,10000,train,,,metadata.csv,pretrained_models/MNISTCIFAR/erm_0.0_111.pth,pre-normalize,results/MNISTCIFAR/sv_0.0/model_outputs_111
MNISTCIFAR,sv_0.0,222,ft.erm.erm__c-0.0__src-train__bal-none__frac-1.0__wd-0.0001__lr-0.001__ep-5001__bn-train,ft.erm.erm,erm,erm,0.0,train,none,1.0,0.0001,0.001,5001,10000,train,,,metadata.csv,pretrained_models/MNISTCIFAR/erm_0.0_222.pth,pre-normalize,results/MNISTCIFAR/sv_0.0/model_outputs_222
MNISTCIFAR,sv_0.0,333,ft.erm.erm__c-0.0__src-train__bal-none__frac-1.0__wd-0.0001__lr-0.001__ep-5001__bn-train,ft.erm.erm,erm,erm,0.0,train,none,1.0,0.0001,0.001,5001,10000,train,,,metadata.csv,pretrained_models/MNISTCIFAR/erm_0.0_333.pth,pre-normalize,results/MNISTCIFAR/sv_0.0/model_outputs_333
MNISTCIFAR,sv_0.25,111,ft.erm.erm__c-0.25__src-train__bal-none__frac-1.0__wd-0.0001__lr-0.001__ep-5001__bn-train,ft.erm.erm,erm,erm,0.25,train,none,1.0,0.0001,0.001,5001,10000,train,,,metadata.csv,pretrained_models/MNISTCIFAR/erm_0.25_111.pth,pre-normalize,results/MNISTCIFAR/sv_0.25/model_outputs_111
MNISTCIFAR,sv_0.25,222,ft.erm.erm__c-0.25__src-train__bal-none__frac-1.0__wd-0.0001__lr-0.001__ep-5001__bn-train,ft.erm.erm,erm,erm,0.25,train,none,1.0,0.0001,0.001,5001,10000,train,,,metadata.csv,pretrained_models/MNISTCIFAR/erm_0.25_222.pth,pre-normalize,results/MNISTCIFAR/sv_0.25/model_outputs_222
MNISTCIFAR,sv_0.25,333,ft.erm.erm__c-0.25__src-train__bal-none__frac-1.0__wd-0.0001__lr-0.001__ep-5001__bn-train,ft.erm.erm,erm,erm,0.25,train,none,1.0,0.0001,0.001,5001,10000,train,,,metadata.csv,pretrained_models/MNISTCIFAR/erm_0.25_333.pth,pre-normalize,results/MNISTCIFAR/sv_0.25/model_outputs_333
MNISTCIFAR,sv_0.5,111,ft.erm.erm__c-0.5__src-train__bal-none__frac-1.0__wd-0.0001__lr-0.001__ep-5001__bn-train,ft.erm.erm,erm,erm,0.5,train,none,1.0,0.0001,0.001,5001,10000,train,,,metadata.csv,pretrained_models/MNISTCIFAR/erm_0.5_111.pth,pre-normalize,results/MNISTCIFAR/sv_0.5/model_outputs_111
MNISTCIFAR,sv_0.5,222,ft.erm.erm__c-0.5__src-train__bal-none__frac-1.0__wd-0.0001__lr-0.001__ep-5001__bn-train,ft.erm.erm,erm,erm,0.5,train,none,1.0,0.0001,0.001,5001,10000,train,,,metadata.csv,pretrained_models/MNISTCIFAR/erm_0.5_222.pth,pre-normalize,results/MNISTCIFAR/sv_0.5/model_outputs_222
MNISTCIFAR,sv_0.5,333,ft.erm.erm__c-0.5__src-train__bal-none__frac-1.0__wd-0.0001__lr-0.001__ep-5001__bn-train,ft.erm.erm,erm,erm,0.5,train,none,1.0,0.0001,0.001,5001,10000,train,,,metadata.csv,pretrained_models/MNISTCIFAR/erm_0.5_333.pth,pre-normalize,results/MNISTCIFAR/sv_0.5/model_outputs_333
MNISTCIFAR,sv_0.75,111,ft.erm.erm__c-0.75__src-train__bal-none__frac-1.0__wd-0.0001__lr-0.001__ep-5001__bn-train,ft.erm.erm,erm,erm,0.75,train,none,1.0,0.0001,0.001,5001,10000,train,,,metadata.csv,pretrained_models/MNISTCIFAR/erm_0.75_111.pth,pre-normalize,results/MNISTCIFAR/sv_0.75/model_outputs_111
MNISTCIFAR,sv_0.75,222,ft.erm.erm__c-0.75__src-train__bal-none__frac-1.0__wd-0.0001__lr-0.001__ep-5001__bn-train,ft.erm.erm,erm,erm,0.75,train,none,1.0,0.0001,0.001,5001,10000,train,,,metadata.csv,pretrained_models/MNISTCIFAR/erm_0.75_222.pth,pre-normalize,results/MNISTCIFAR/sv_0.75/model_outputs_222
MNISTCIFAR,sv_0.75,333,ft.erm.erm__c-0.75__src-train__bal-none__frac-1.0__wd-0.0001__lr-0.001__ep-5001__bn-train,ft.erm.erm,erm,erm,0.75,train,none,1.0,0.0001,0.001,5001,10000,train,,,metadata.csv,pretrained_models/MNISTCIFAR/erm_0.75_333.pth,pre-normalize,results/MNISTCIFAR/sv_0.75/model_outputs_333
MNISTCIFAR,sv_0.9,111,ft.erm.erm__c-0.9__src-train__bal-none__frac-1.0__wd-0.0001__lr-0.001__ep-5001__bn-train,ft.erm.erm,erm,erm,0.9,train,none,1.0,0.0001,0.001,5001,10000,train,,,metadata.csv,pretrained_models/MNISTCIFAR/erm_0.9_111.pth,pre-normalize,results/MNISTCIFAR/sv_0.9/model_outputs_111
MNISTCIFAR,sv_0.9,222,ft.erm.erm__c-0.9__src-train__bal-none__frac-1.0__wd-0.0001__lr-0.001__ep-5001__bn-train,ft.erm.erm,erm,erm,0.9,train,none,1.0,0.0001,0.001,5001,10000,train,,,metadata.csv,pretrained_models/MNISTCIFAR/erm_0.9_222.pth,pre-normalize,results/MNISTCIFAR/sv_0.9/model_outputs_222
MNISTCIFAR,sv_0.9,333,ft.erm.erm__c-0.9__src-train__bal-none__frac-1.0__wd-0.0001__lr-0.001__ep-5001__bn-train,ft.erm.erm,erm,erm,0.9,train,none,1.0,0.0001,0.001,5001,10000,train,,,metadata.csv,pretrained_models/MNISTCIFAR/erm_0.9_333.pth,pre-normalize,results/MNISTCIFAR/sv_0.9/model_outputs_333
MNISTCIFAR,sv_gdro_0.0,111,ft.gdro.gdro__c-0.0__src-train__bal-rw__frac-1.0__wd-0.0001__lr-0.001__ep-5001__bn-train,ft.gdro.gdro,gdro,gdro,0.0,train,rw,1.0,0.0001,0.001,5001,10000,train,,,metadata.csv,pretrained_models/MNISTCIFAR/gdro_0.0_111.pth,pre-normalize,results/MNISTCIFAR/sv_gdro_0.0/model_outputs_111
MNISTCIFAR,sv_gdro_0.0,222,ft.gdro.gdro__c-0.0__src-train__bal-rw__frac-1.0__wd-0.0001__lr-0.001__ep-5001__bn-train,ft.gdro.gdro,gdro,gdro,0.0,train,rw,1.0,0.0001,0.001,5001,10000,train,,,metadata.csv,pretrained_models/MNISTCIFAR/gdro_0.0_222.pth,pre-normalize,results/MNISTCIFAR/sv_gdro_0.0/model_outputs_222
MNISTCIFAR,sv_gdro_0.0,333,ft.gdro.gdro__c-0.0__src-train__bal-rw__frac-1.0__wd-0.0001__lr-0.001__ep-5001__bn-train,ft.gdro.gdro,gdro,gdro,0.0,train,rw,1.0,0.0001,0.001,5001,10000,train,,,metadata.csv,pretrained_models/MNISTCIFAR/gdro_0.0_333.pth,pre-normalize,results/MNISTCIFAR/sv_gdro_0.0/model_outputs_333
MNISTCIFAR,sv_gdro_0.25,111,ft.gdro.gdro__c-0.25__src-train__bal-rw__frac-1.0__wd-0.0001__lr-0.001__ep-5001__bn-train,ft.gdro.gdro,gdro,gdro,0.25,train,rw,1.0,0.0001,0.001,5001,10000,train,,,metadata.csv,pretrained_models/MNISTCIFAR/gdro_0.25_111.pth,pre-normalize,results/MNISTCIFAR/sv_gdro_0.25/model_outputs_111
MNISTCIFAR,sv_gdro_0.25,222,ft.gdro.gdro__c-0.25__src-train__bal-rw__frac-1.0__wd-0.0001__lr-0.001__ep-5001__bn-train,ft.gdro.gdro,gdro,gdro,0.25,train,rw,1.0,0.0001,0.001,5001,10000,train,,,metadata.csv,pretrained_models/MNISTCIFAR/gdro_0.25_222.pth,pre-normalize,results/MNISTCIFAR/sv_gdro_0.25/model_outputs_222
MNISTCIFAR,sv_gdro_0.25,333,ft.gdro.gdro__c-0.25__src-train__bal-rw__frac-1.0__wd-0.0001__lr-0.001__ep-5001__bn-train,ft.gdro.gdro,gdro,gdro,0.25,train,rw,1.0,0.0001,0.001,5001,10000,train,,,metadata.csv,pretrained_models/MNISTCIFAR/gdro_0.25_333.pth,pre-normalize,results/MNISTCIFAR/sv_gdro_0.25/model_outputs_333
MNISTCIFAR,sv_gdro_0.5,111,ft.gdro.gdro__c-0.5__src-train__bal-rw__frac-1.0__wd-0.0001__lr-0.001__ep-5001__bn-train,ft.gdro.gdro,gdro,gdro,0.5,train,rw,1.0,0.0001,0.001,5001,10000,train,,,metadata.csv,pretrained_models/MNISTCIFAR/gdro_0.5_111.pth,pre-normalize,results/MNISTCIFAR/sv_gdro_0.5/model_outputs_111
MNISTCIFAR,sv_gdro_0.5,222,ft.gdro.gdro__c-0.5__src-train__bal-rw__frac-1.0__wd-0.0001__lr-0.001__ep-5001__bn-train,ft.gdro.gdro,gdro,gdro,0.5,train,rw,1.0,0.0001,0.001,5001,10000,train,,,metadata.csv,pretrained_models/MNISTCIFAR/gdro_0.5_222.pth,pre-normalize,results/MNISTCIFAR/sv_gdro_0.5/model_outputs_222
MNISTCIFAR,sv_gdro_0.5,333,ft.gdro.gdro__c-0.5__src-train__bal-rw__frac-1.0__wd-0.0001__lr-0.001__ep-5001__bn-train,ft.gdro.gdro,gdro,gdro,0.5,train,rw,1.0,0.0001,0.001,5001,10000,train,,,metadata.csv,pretrained_models/MNISTCIFAR/gdro_0.5_333.pth,pre-normalize,results/MNISTCIFAR/sv_gdro_0.5/model_outputs_333
MNISTCIFAR,sv_gdro_0.75,111,ft.gdro.gdro__c-0.75__src-train__bal-rw__frac-1.0__wd-0.0001__lr-0.001__ep-5001__bn-train,ft.gdro.gdro,gdro,gdro,0.75,train,rw,1.0,0.0001,0.001,5001,10000,train,,,metadata.csv,pretrained_models/MNISTCIFAR/gdro_0.75_111.pth,pre-normalize,results/MNISTCIFAR/sv_gdro_0.75/model_outputs_111
MNISTCIFAR,sv_gdro_0.75,222,ft.gdro.gdro__c-0.75__src-train__bal-rw__frac-1.0__wd-0.0001__lr-0.001__ep-5001__bn-train,ft.gdro.gdro,gdro,gdro,0.75,train,rw,1.0,0.0001,0.001,5001,10000,train,,,metadata.csv,pretrained_models/MNISTCIFAR/gdro_0.75_222.pth,pre-normalize,results/MNISTCIFAR/sv_gdro_0.75/model_outputs_222
MNISTCIFAR,sv_gdro_0.75,333,ft.gdro.gdro__c-0.75__src-train__bal-rw__frac-1.0__wd-0.0001__lr-0.001__ep-5001__bn-train,ft.gdro.gdro,gdro,gdro,0.75,train,rw,1.0,0.0001,0.001,5001,10000,train,,,metadata.csv,pretrained_models/MNISTCIFAR/gdro_0.75_333.pth,pre-normalize,results/MNISTCIFAR/sv_gdro_0.75/model_outputs_333
MNISTCIFAR,sv_gdro_0.9,111,ft.gdro.gdro__c-0.9__src-train__bal-rw__frac-1.0__wd-0.0001__lr-0.001__ep-5001__bn-train,ft.gdro.gdro,gdro,gdro,0.9,train,rw,1.0,0.0001,0.001,5001,10000,train,,,metadata.csv,pretrained_models/MNISTCIFAR/gdro_0.9_111.pth,pre-normalize,results/MNISTCIFAR/sv_gdro_0.9/model_outputs_111
MNISTCIFAR,sv_gdro_0.9,222,ft.gdro.gdro__c-0.9__src-train__bal-rw__frac-1.0__wd-0.0001__lr-0.001__ep-5001__bn-train,ft.gdro.gdro,gdro,gdro,0.9,train,rw,1.0,0.0001,0.001,5001,10000,train,,,metadata.csv,pretrained_models/MNISTCIFAR/gdro_0.9_222.pth,pre-normalize,results/MNISTCIFAR/sv_gdro_0.9/model_outputs_222
MNISTCIFAR,sv_gdro_0.9,333,ft.gdro.gdro__c-0.9__src-train__bal-rw__frac-1.0__wd-0.0001__lr-0.001__ep-5001__bn-train,ft.gdro.gdro,gdro,gdro,0.9,train,rw,1.0,0.0001,0.001,5001,10000,train,,,metadata.csv,pretrained_models/MNISTCIFAR/gdro_0.9_333.pth,pre-normalize,results/MNISTCIFAR/sv_gdro_0.9/model_outputs_333
MNISTCIFAR,sv_reweight_0.0,111,ft.unk.gdro__c-0.0__src-train__bal-none__frac-1.0__wd-0.0001__lr-0.001__ep-5001__bn-train,ft.unk.gdro,unk,gdro,0.0,train,none,1.0,0.0001,0.001,5001,10000,train,,,metadata.csv,pretrained_models/MNISTCIFAR/reweight_0.0_111.pth,pre-normalize,results/MNISTCIFAR/sv_reweight_0.0/model_outputs_111
MNISTCIFAR,sv_reweight_0.0,222,ft.unk.gdro__c-0.0__src-train__bal-none__frac-1.0__wd-0.0001__lr-0.001__ep-5001__bn-train,ft.unk.gdro,unk,gdro,0.0,train,none,1.0,0.0001,0.001,5001,10000,train,,,metadata.csv,pretrained_models/MNISTCIFAR/reweight_0.0_222.pth,pre-normalize,results/MNISTCIFAR/sv_reweight_0.0/model_outputs_222
MNISTCIFAR,sv_reweight_0.0,333,ft.unk.gdro__c-0.0__src-train__bal-none__frac-1.0__wd-0.0001__lr-0.001__ep-5001__bn-train,ft.unk.gdro,unk,gdro,0.0,train,none,1.0,0.0001,0.001,5001,10000,train,,,metadata.csv,pretrained_models/MNISTCIFAR/reweight_0.0_333.pth,pre-normalize,results/MNISTCIFAR/sv_reweight_0.0/model_outputs_333
MNISTCIFAR,sv_reweight_0.25,111,ft.unk.gdro__c-0.25__src-train__bal-none__frac-1.0__wd-0.0001__lr-0.001__ep-5001__bn-train,ft.unk.gdro,unk,gdro,0.25,train,none,1.0,0.0001,0.001,5001,10000,train,,,metadata.csv,pretrained_models/MNISTCIFAR/reweight_0.25_111.pth,pre-normalize,results/MNISTCIFAR/sv_reweight_0.25/model_outputs_111
MNISTCIFAR,sv_reweight_0.25,222,ft.unk.gdro__c-0.25__src-train__bal-none__frac-1.0__wd-0.0001__lr-0.001__ep-5001__bn-train,ft.unk.gdro,unk,gdro,0.25,train,none,1.0,0.0001,0.001,5001,10000,train,,,metadata.csv,pretrained_models/MNISTCIFAR/reweight_0.25_222.pth,pre-normalize,results/MNISTCIFAR/sv_reweight_0.25/model_outputs_222
MNISTCIFAR,sv_reweight_0.25,333,ft.unk.gdro__c-0.25__src-train__bal-none__frac-1.0__wd-0.0001__lr-0.001__ep-5001__bn-train,ft.unk.gdro,unk,gdro,0.25,train,none,1.0,0.0001,0.001,5001,10000,train,,,metadata.csv,pretrained_models/MNISTCIFAR/reweight_0.25_333.pth,pre-normalize,results/MNISTCIFAR/sv_reweight_0.25/model_outputs_333
MNISTCIFAR,sv_reweight_0.5,111,ft.unk.gdro__c-0.5__src-train__bal-none__frac-1.0__wd-0.0001__lr-0.001__ep-5001__bn-train,ft.unk.gdro,unk,gdro,0.5,train,none,1.0,0.0001,0.001,5001,10000,train,,,metadata.csv,pretrained_models/MNISTCIFAR/reweight_0.5_111.pth,pre-normalize,results/MNISTCIFAR/sv_reweight_0.5/model_outputs_111
MNISTCIFAR,sv_reweight_0.5,222,ft.unk.gdro__c-0.5__src-train__bal-none__frac-1.0__wd-0.0001__lr-0.001__ep-5001__bn-train,ft.unk.gdro,unk,gdro,0.5,train,none,1.0,0.0001,0.001,5001,10000,train,,,metadata.csv,pretrained_models/MNISTCIFAR/reweight_0.5_222.pth,pre-normalize,results/MNISTCIFAR/sv_reweight_0.5/model_outputs_222
MNISTCIFAR,sv_reweight_0.5,333,ft.unk.gdro__c-0.5__src-train__bal-none__frac-1.0__wd-0.0001__lr-0.001__ep-5001__bn-train,ft.unk.gdro,unk,gdro,0.5,train,none,1.0,0.0001,0.001,5001,10000,train,,,metadata.csv,pretrained_models/MNISTCIFAR/reweight_0.5_333.pth,pre-normalize,results/MNISTCIFAR/sv_reweight_0.5/model_outputs_333
MNISTCIFAR,sv_reweight_0.75,111,ft.unk.gdro__c-0.75__src-train__bal-none__frac-1.0__wd-0.0001__lr-0.001__ep-5001__bn-train,ft.unk.gdro,unk,gdro,0.75,train,none,1.0,0.0001,0.001,5001,10000,train,,,metadata.csv,pretrained_models/MNISTCIFAR/reweight_0.75_111.pth,pre-normalize,results/MNISTCIFAR/sv_reweight_0.75/model_outputs_111
MNISTCIFAR,sv_reweight_0.75,222,ft.unk.gdro__c-0.75__src-train__bal-none__frac-1.0__wd-0.0001__lr-0.001__ep-5001__bn-train,ft.unk.gdro,unk,gdro,0.75,train,none,1.0,0.0001,0.001,5001,10000,train,,,metadata.csv,pretrained_models/MNISTCIFAR/reweight_0.75_222.pth,pre-normalize,results/MNISTCIFAR/sv_reweight_0.75/model_outputs_222
MNISTCIFAR,sv_reweight_0.75,333,ft.unk.gdro__c-0.75__src-train__bal-none__frac-1.0__wd-0.0001__lr-0.001__ep-5001__bn-train,ft.unk.gdro,unk,gdro,0.75,train,none,1.0,0.0001,0.001,5001,10000,train,,,metadata.csv,pretrained_models/MNISTCIFAR/reweight_0.75_333.pth,pre-normalize,results/MNISTCIFAR/sv_reweight_0.75/model_outputs_333
MNISTCIFAR,sv_reweight_0.9,111,ft.unk.gdro__c-0.9__src-train__bal-none__frac-1.0__wd-0.0001__lr-0.001__ep-5001__bn-train,ft.unk.gdro,unk,gdro,0.9,train,none,1.0,0.0001,0.001,5001,10000,train,,,metadata.csv,pretrained_models/MNISTCIFAR/reweight_0.9_111.pth,pre-normalize,results/MNISTCIFAR/sv_reweight_0.9/model_outputs_111
MNISTCIFAR,sv_reweight_0.9,222,ft.unk.gdro__c-0.9__src-train__bal-none__frac-1.0__wd-0.0001__lr-0.001__ep-5001__bn-train,ft.unk.gdro,unk,gdro,0.9,train,none,1.0,0.0001,0.001,5001,10000,train,,,metadata.csv,pretrained_models/MNISTCIFAR/reweight_0.9_222.pth,pre-normalize,results/MNISTCIFAR/sv_reweight_0.9/model_outputs_222
MNISTCIFAR,sv_reweight_0.9,333,ft.unk.gdro__c-0.9__src-train__bal-none__frac-1.0__wd-0.0001__lr-0.001__ep-5001__bn-train,ft.unk.gdro,unk,gdro,0.9,train,none,1.0,0.0001,0.001,5001,10000,train,,,metadata.csv,pretrained_models/MNISTCIFAR/reweight_0.9_333.pth,pre-normalize,results/MNISTCIFAR/sv_reweight_0.9/model_outputs_333
MNISTCIFAR,svdrop_0.05_0.0,111,e2e.erm__c-0.0__bal-none__frac-1.0__wd-0.0001__lr-0.001__ep-5001,e2e.erm,,erm,0.0,,none,1.0,0.0001,0.001,5001,10000,n/a,,,metadata.csv,,pre-normalize,results/MNISTCIFAR/svdrop_0.05_0.0/model_outputs_111
MNISTCIFAR,svdrop_0.05_0.0,222,e2e.erm__c-0.0__bal-none__frac-1.0__wd-0.0001__lr-0.001__ep-5001,e2e.erm,,erm,0.0,,none,1.0,0.0001,0.001,5001,10000,n/a,,,metadata.csv,,pre-normalize,results/MNISTCIFAR/svdrop_0.05_0.0/model_outputs_222
MNISTCIFAR,svdrop_0.05_0.0,333,e2e.erm__c-0.0__bal-none__frac-1.0__wd-0.0001__lr-0.001__ep-5001,e2e.erm,,erm,0.0,,none,1.0,0.0001,0.001,5001,10000,n/a,,,metadata.csv,,pre-normalize,results/MNISTCIFAR/svdrop_0.05_0.0/model_outputs_333
MNISTCIFAR,svdrop_0.05_0.25,111,e2e.erm__c-0.25__bal-none__frac-1.0__wd-0.0001__lr-0.001__ep-5001,e2e.erm,,erm,0.25,,none,1.0,0.0001,0.001,5001,10000,n/a,,,metadata.csv,,pre-normalize,results/MNISTCIFAR/svdrop_0.05_0.25/model_outputs_111
MNISTCIFAR,svdrop_0.05_0.25,222,e2e.erm__c-0.25__bal-none__frac-1.0__wd-0.0001__lr-0.001__ep-2001,e2e.erm,,erm,0.25,,none,1.0,0.0001,0.001,2001,10000,n/a,,,metadata.csv,,pre-normalize,results/MNISTCIFAR/svdrop_0.05_0.25/model_outputs_222
MNISTCIFAR,svdrop_0.05_0.25,333,e2e.erm__c-0.25__bal-none__frac-1.0__wd-0.0001__lr-0.001__ep-2001,e2e.erm,,erm,0.25,,none,1.0,0.0001,0.001,2001,10000,n/a,,,metadata.csv,,pre-normalize,results/MNISTCIFAR/svdrop_0.05_0.25/model_outputs_333
MNISTCIFAR,svdrop_0.05_0.5,111,e2e.erm__c-0.5__bal-none__frac-1.0__wd-0.0001__lr-0.001__ep-5001,e2e.erm,,erm,0.5,,none,1.0,0.0001,0.001,5001,10000,n/a,,,metadata.csv,,pre-normalize,results/MNISTCIFAR/svdrop_0.05_0.5/model_outputs_111
MNISTCIFAR,svdrop_0.05_0.5,222,e2e.erm__c-0.5__bal-none__frac-1.0__wd-0.0001__lr-0.001__ep-2001,e2e.erm,,erm,0.5,,none,1.0,0.0001,0.001,2001,10000,n/a,,,metadata.csv,,pre-normalize,results/MNISTCIFAR/svdrop_0.05_0.5/model_outputs_222
MNISTCIFAR,svdrop_0.05_0.5,333,e2e.erm__c-0.5__bal-none__frac-1.0__wd-0.0001__lr-0.001__ep-2001,e2e.erm,,erm,0.5,,none,1.0,0.0001,0.001,2001,10000,n/a,,,metadata.csv,,pre-normalize,results/MNISTCIFAR/svdrop_0.05_0.5/model_outputs_333
MNISTCIFAR,svdrop_0.05_0.75,111,e2e.erm__c-0.75__bal-none__frac-1.0__wd-0.0001__lr-0.001__ep-5001,e2e.erm,,erm,0.75,,none,1.0,0.0001,0.001,5001,10000,n/a,,,metadata.csv,,pre-normalize,results/MNISTCIFAR/svdrop_0.05_0.75/model_outputs_111
MNISTCIFAR,svdrop_0.05_0.75,222,e2e.erm__c-0.75__bal-none__frac-1.0__wd-0.0001__lr-0.001__ep-2001,e2e.erm,,erm,0.75,,none,1.0,0.0001,0.001,2001,10000,n/a,,,metadata.csv,,pre-normalize,results/MNISTCIFAR/svdrop_0.05_0.75/model_outputs_222
MNISTCIFAR,svdrop_0.05_0.75,333,e2e.erm__c-0.75__bal-none__frac-1.0__wd-0.0001__lr-0.001__ep-2001,e2e.erm,,erm,0.75,,none,1.0,0.0001,0.001,2001,10000,n/a,,,metadata.csv,,pre-normalize,results/MNISTCIFAR/svdrop_0.05_0.75/model_outputs_333
MNISTCIFAR,svdrop_0.05_0.9,111,e2e.erm__c-0.9__bal-none__frac-1.0__wd-0.0001__lr-0.001__ep-5001,e2e.erm,,erm,0.9,,none,1.0,0.0001,0.001,5001,10000,n/a,,,metadata.csv,,pre-normalize,results/MNISTCIFAR/svdrop_0.05_0.9/model_outputs_111
MNISTCIFAR,svdrop_0.05_0.9,222,e2e.erm__c-0.9__bal-none__frac-1.0__wd-0.0001__lr-0.001__ep-2001,e2e.erm,,erm,0.9,,none,1.0,0.0001,0.001,2001,10000,n/a,,,metadata.csv,,pre-normalize,results/MNISTCIFAR/svdrop_0.05_0.9/model_outputs_222
MNISTCIFAR,svdrop_0.05_0.9,333,e2e.erm__c-0.9__bal-none__frac-1.0__wd-0.0001__lr-0.001__ep-2001,e2e.erm,,erm,0.9,,none,1.0,0.0001,0.001,2001,10000,n/a,,,metadata.csv,,pre-normalize,results/MNISTCIFAR/svdrop_0.05_0.9/model_outputs_333
MNISTCIFAR,svdrop_0.1_0.0,111,e2e.erm__c-0.0__bal-none__frac-1.0__wd-0.0001__lr-0.001__ep-2001,e2e.erm,,erm,0.0,,none,1.0,0.0001,0.001,2001,10000,n/a,,,metadata.csv,,pre-normalize,results/MNISTCIFAR/svdrop_0.1_0.0/model_outputs_111
MNISTCIFAR,svdrop_0.1_0.0,222,e2e.erm__c-0.0__bal-none__frac-1.0__wd-0.0001__lr-0.001__ep-2001,e2e.erm,,erm,0.0,,none,1.0,0.0001,0.001,2001,10000,n/a,,,metadata.csv,,pre-normalize,results/MNISTCIFAR/svdrop_0.1_0.0/model_outputs_222
MNISTCIFAR,svdrop_0.1_0.0,333,e2e.erm__c-0.0__bal-none__frac-1.0__wd-0.0001__lr-0.001__ep-2001,e2e.erm,,erm,0.0,,none,1.0,0.0001,0.001,2001,10000,n/a,,,metadata.csv,,pre-normalize,results/MNISTCIFAR/svdrop_0.1_0.0/model_outputs_333
MNISTCIFAR,svdrop_0.1_0.25,111,e2e.erm__c-0.25__bal-none__frac-1.0__wd-0.0001__lr-0.001__ep-2001,e2e.erm,,erm,0.25,,none,1.0,0.0001,0.001,2001,10000,n/a,,,metadata.csv,,pre-normalize,results/MNISTCIFAR/svdrop_0.1_0.25/model_outputs_111
MNISTCIFAR,svdrop_0.1_0.25,222,e2e.erm__c-0.25__bal-none__frac-1.0__wd-0.0001__lr-0.001__ep-2001,e2e.erm,,erm,0.25,,none,1.0,0.0001,0.001,2001,10000,n/a,,,metadata.csv,,pre-normalize,results/MNISTCIFAR/svdrop_0.1_0.25/model_outputs_222
MNISTCIFAR,svdrop_0.1_0.25,333,e2e.erm__c-0.25__bal-none__frac-1.0__wd-0.0001__lr-0.001__ep-2001,e2e.erm,,erm,0.25,,none,1.0,0.0001,0.001,2001,10000,n/a,,,metadata.csv,,pre-normalize,results/MNISTCIFAR/svdrop_0.1_0.25/model_outputs_333
MNISTCIFAR,svdrop_0.1_0.5,111,e2e.erm__c-0.5__bal-none__frac-1.0__wd-0.0001__lr-0.001__ep-2001,e2e.erm,,erm,0.5,,none,1.0,0.0001,0.001,2001,10000,n/a,,,metadata.csv,,pre-normalize,results/MNISTCIFAR/svdrop_0.1_0.5/model_outputs_111
MNISTCIFAR,svdrop_0.1_0.5,222,e2e.erm__c-0.5__bal-none__frac-1.0__wd-0.0001__lr-0.001__ep-2001,e2e.erm,,erm,0.5,,none,1.0,0.0001,0.001,2001,10000,n/a,,,metadata.csv,,pre-normalize,results/MNISTCIFAR/svdrop_0.1_0.5/model_outputs_222
MNISTCIFAR,svdrop_0.1_0.5,333,e2e.erm__c-0.5__bal-none__frac-1.0__wd-0.0001__lr-0.001__ep-2001,e2e.erm,,erm,0.5,,none,1.0,0.0001,0.001,2001,10000,n/a,,,metadata.csv,,pre-normalize,results/MNISTCIFAR/svdrop_0.1_0.5/model_outputs_333
MNISTCIFAR,svdrop_0.1_0.75,111,e2e.erm__c-0.75__bal-none__frac-1.0__wd-0.0001__lr-0.001__ep-2001,e2e.erm,,erm,0.75,,none,1.0,0.0001,0.001,2001,10000,n/a,,,metadata.csv,,pre-normalize,results/MNISTCIFAR/svdrop_0.1_0.75/model_outputs_111
MNISTCIFAR,svdrop_0.1_0.75,222,e2e.erm__c-0.75__bal-none__frac-1.0__wd-0.0001__lr-0.001__ep-2001,e2e.erm,,erm,0.75,,none,1.0,0.0001,0.001,2001,10000,n/a,,,metadata.csv,,pre-normalize,results/MNISTCIFAR/svdrop_0.1_0.75/model_outputs_222
MNISTCIFAR,svdrop_0.1_0.75,333,e2e.erm__c-0.75__bal-none__frac-1.0__wd-0.0001__lr-0.001__ep-2001,e2e.erm,,erm,0.75,,none,1.0,0.0001,0.001,2001,10000,n/a,,,metadata.csv,,pre-normalize,results/MNISTCIFAR/svdrop_0.1_0.75/model_outputs_333
MNISTCIFAR,svdrop_0.1_0.9,111,e2e.erm__c-0.9__bal-none__frac-1.0__wd-0.0001__lr-0.001__ep-2001,e2e.erm,,erm,0.9,,none,1.0,0.0001,0.001,2001,10000,n/a,,,metadata.csv,,pre-normalize,results/MNISTCIFAR/svdrop_0.1_0.9/model_outputs_111
MNISTCIFAR,svdrop_0.1_0.9,222,e2e.erm__c-0.9__bal-none__frac-1.0__wd-0.0001__lr-0.001__ep-2001,e2e.erm,,erm,0.9,,none,1.0,0.0001,0.001,2001,10000,n/a,,,metadata.csv,,pre-normalize,results/MNISTCIFAR/svdrop_0.1_0.9/model_outputs_222
MNISTCIFAR,svdrop_0.1_0.9,333,e2e.erm__c-0.9__bal-none__frac-1.0__wd-0.0001__lr-0.001__ep-2001,e2e.erm,,erm,0.9,,none,1.0,0.0001,0.001,2001,10000,n/a,,,metadata.csv,,pre-normalize,results/MNISTCIFAR/svdrop_0.1_0.9/model_outputs_333
MNISTCIFAR,svdrop_0.2_0.0,111,e2e.erm__c-0.0__bal-none__frac-1.0__wd-0.0001__lr-0.001__ep-2001,e2e.erm,,erm,0.0,,none,1.0,0.0001,0.001,2001,10000,n/a,,,metadata.csv,,pre-normalize,results/MNISTCIFAR/svdrop_0.2_0.0/model_outputs_111
MNISTCIFAR,svdrop_0.2_0.0,222,e2e.erm__c-0.0__bal-none__frac-1.0__wd-0.0001__lr-0.001__ep-2001,e2e.erm,,erm,0.0,,none,1.0,0.0001,0.001,2001,10000,n/a,,,metadata.csv,,pre-normalize,results/MNISTCIFAR/svdrop_0.2_0.0/model_outputs_222
MNISTCIFAR,svdrop_0.2_0.0,333,e2e.erm__c-0.0__bal-none__frac-1.0__wd-0.0001__lr-0.001__ep-2001,e2e.erm,,erm,0.0,,none,1.0,0.0001,0.001,2001,10000,n/a,,,metadata.csv,,pre-normalize,results/MNISTCIFAR/svdrop_0.2_0.0/model_outputs_333
MNISTCIFAR,svdrop_0.2_0.25,111,e2e.erm__c-0.25__bal-none__frac-1.0__wd-0.0001__lr-0.001__ep-2001,e2e.erm,,erm,0.25,,none,1.0,0.0001,0.001,2001,10000,n/a,,,metadata.csv,,pre-normalize,results/MNISTCIFAR/svdrop_0.2_0.25/model_outputs_111
MNISTCIFAR,svdrop_0.2_0.25,222,e2e.erm__c-0.25__bal-none__frac-1.0__wd-0.0001__lr-0.001__ep-2001,e2e.erm,,erm,0.25,,none,1.0,0.0001,0.001,2001,10000,n/a,,,metadata.csv,,pre-normalize,results/MNISTCIFAR/svdrop_0.2_0.25/model_outputs_222
MNISTCIFAR,svdrop_0.2_0.25,333,e2e.erm__c-0.25__bal-none__frac-1.0__wd-0.0001__lr-0.001__ep-2001,e2e.erm,,erm,0.25,,none,1.0,0.0001,0.001,2001,10000,n/a,,,metadata.csv,,pre-normalize,results/MNISTCIFAR/svdrop_0.2_0.25/model_outputs_333
MNISTCIFAR,svdrop_0.2_0.5,111,e2e.erm__c-0.5__bal-none__frac-1.0__wd-0.0001__lr-0.001__ep-2001,e2e.erm,,erm,0.5,,none,1.0,0.0001,0.001,2001,10000,n/a,,,metadata.csv,,pre-normalize,results/MNISTCIFAR/svdrop_0.2_0.5/model_outputs_111
MNISTCIFAR,svdrop_0.2_0.5,222,e2e.erm__c-0.5__bal-none__frac-1.0__wd-0.0001__lr-0.001__ep-2001,e2e.erm,,erm,0.5,,none,1.0,0.0001,0.001,2001,10000,n/a,,,metadata.csv,,pre-normalize,results/MNISTCIFAR/svdrop_0.2_0.5/model_outputs_222
MNISTCIFAR,svdrop_0.2_0.5,333,e2e.erm__c-0.5__bal-none__frac-1.0__wd-0.0001__lr-0.001__ep-2001,e2e.erm,,erm,0.5,,none,1.0,0.0001,0.001,2001,10000,n/a,,,metadata.csv,,pre-normalize,results/MNISTCIFAR/svdrop_0.2_0.5/model_outputs_333
MNISTCIFAR,svdrop_0.2_0.75,111,e2e.erm__c-0.75__bal-none__frac-1.0__wd-0.0001__lr-0.001__ep-2001,e2e.erm,,erm,0.75,,none,1.0,0.0001,0.001,2001,10000,n/a,,,metadata.csv,,pre-normalize,results/MNISTCIFAR/svdrop_0.2_0.75/model_outputs_111
MNISTCIFAR,svdrop_0.2_0.75,222,e2e.erm__c-0.75__bal-none__frac-1.0__wd-0.0001__lr-0.001__ep-2001,e2e.erm,,erm,0.75,,none,1.0,0.0001,0.001,2001,10000,n/a,,,metadata.csv,,pre-normalize,results/MNISTCIFAR/svdrop_0.2_0.75/model_outputs_222
MNISTCIFAR,svdrop_0.2_0.75,333,e2e.erm__c-0.75__bal-none__frac-1.0__wd-0.0001__lr-0.001__ep-2001,e2e.erm,,erm,0.75,,none,1.0,0.0001,0.001,2001,10000,n/a,,,metadata.csv,,pre-normalize,results/MNISTCIFAR/svdrop_0.2_0.75/model_outputs_333
MNISTCIFAR,svdrop_0.2_0.9,111,e2e.erm__c-0.9__bal-none__frac-1.0__wd-0.0001__lr-0.001__ep-2001,e2e.erm,,erm,0.9,,none,1.0,0.0001,0.001,2001,10000,n/a,,,metadata.csv,,pre-normalize,results/MNISTCIFAR/svdrop_0.2_0.9/model_outputs_111
MNISTCIFAR,svdrop_0.2_0.9,222,e2e.erm__c-0.9__bal-none__frac-1.0__wd-0.0001__lr-0.001__ep-2001,e2e.erm,,erm,0.9,,none,1.0,0.0001,0.001,2001,10000,n/a,,,metadata.csv,,pre-normalize,results/MNISTCIFAR/svdrop_0.2_0.9/model_outputs_222
MNISTCIFAR,svdrop_0.2_0.9,333,e2e.erm__c-0.9__bal-none__frac-1.0__wd-0.0001__lr-0.001__ep-2001,e2e.erm,,erm,0.9,,none,1.0,0.0001,0.001,2001,10000,n/a,,,metadata.csv,,pre-normalize,results/MNISTCIFAR/svdrop_0.2_0.9/model_outputs_333
MultiNLI,erm_0.9,111,e2e.erm__c-std__bal-none__frac-1.0__wd-0__lr-2e-5__ep-6,e2e.erm,,erm,std,,none,1.0,0.0,2e-05,6,32,n/a,0,0,metadata.csv,,current,results/MultiNLI/erm_0.9/model_outputs_111
MultiNLI,erm_0.9,222,e2e.erm__c-std__bal-none__frac-1.0__wd-0__lr-2e-5__ep-6,e2e.erm,,erm,std,,none,1.0,0.0,2e-05,6,32,n/a,0,0,metadata.csv,,current,results/MultiNLI/erm_0.9/model_outputs_222
MultiNLI,erm_0.9,333,e2e.erm__c-std__bal-none__frac-1.0__wd-0__lr-2e-5__ep-6,e2e.erm,,erm,std,,none,1.0,0.0,2e-05,6,32,n/a,0,0,metadata.csv,,current,results/MultiNLI/erm_0.9/model_outputs_333
MultiNLI,erm_dfr_0.9,111,ft.erm.erm__c-std__src-val__bal-none__frac-1.0__wd-0__lr-2e-5__ep-6__bn-train,ft.erm.erm,erm,erm,std,val,none,1.0,0.0,2e-05,6,32,train,0,0,multinli_metadata_val_as_train.csv,pretrained_models/MultiNLI/erm_0.9_111.pth,current,results/MultiNLI/dfr/model_outputs_111
MultiNLI,erm_dfr_0.9,222,ft.erm.erm__c-std__src-val__bal-none__frac-1.0__wd-0__lr-2e-5__ep-6__bn-train,ft.erm.erm,erm,erm,std,val,none,1.0,0.0,2e-05,6,32,train,0,0,multinli_metadata_val_as_train.csv,pretrained_models/MultiNLI/erm_0.9_222.pth,current,results/MultiNLI/dfr/model_outputs_222
MultiNLI,erm_dfr_0.9,333,ft.erm.erm__c-std__src-val__bal-none__frac-1.0__wd-0__lr-2e-5__ep-6__bn-train,ft.erm.erm,erm,erm,std,val,none,1.0,0.0,2e-05,6,32,train,0,0,multinli_metadata_val_as_train.csv,pretrained_models/MultiNLI/erm_0.9_333.pth,current,results/MultiNLI/dfr/model_outputs_333
MultiNLI,erm_dfr_gdro_0.9,111,ft.erm.gdro__c-std__src-val__bal-rw__frac-1.0__wd-0__lr-2e-5__ep-6__bn-train,ft.erm.gdro,erm,gdro,std,val,rw,1.0,0.0,2e-05,6,32,train,0,0,multinli_metadata_val_as_train.csv,pretrained_models/MultiNLI/erm_0.9_111.pth,current,results/MultiNLI/erm_gdro/model_outputs_111
MultiNLI,erm_dfr_gdro_0.9,222,ft.erm.gdro__c-std__src-val__bal-rw__frac-1.0__wd-0__lr-2e-5__ep-6__bn-train,ft.erm.gdro,erm,gdro,std,val,rw,1.0,0.0,2e-05,6,32,train,0,0,multinli_metadata_val_as_train.csv,pretrained_models/MultiNLI/erm_0.9_222.pth,current,results/MultiNLI/erm_gdro/model_outputs_222
MultiNLI,erm_dfr_gdro_0.9,333,ft.erm.gdro__c-std__src-val__bal-rw__frac-1.0__wd-0__lr-2e-5__ep-6__bn-train,ft.erm.gdro,erm,gdro,std,val,rw,1.0,0.0,2e-05,6,32,train,0,0,multinli_metadata_val_as_train.csv,pretrained_models/MultiNLI/erm_0.9_333.pth,current,results/MultiNLI/erm_gdro/model_outputs_333
MultiNLI,erm_dfr_rw_0.9,111,ft.erm.erm__c-std__src-val__bal-rw__frac-1.0__wd-0__lr-2e-5__ep-6__bn-train,ft.erm.erm,erm,erm,std,val,rw,1.0,0.0,2e-05,6,32,train,0,0,multinli_metadata_val_as_train.csv,pretrained_models/MultiNLI/erm_0.9_111.pth,current,results/MultiNLI/erm_rw/model_outputs_111
MultiNLI,erm_dfr_rw_0.9,222,ft.erm.erm__c-std__src-val__bal-rw__frac-1.0__wd-0__lr-2e-5__ep-6__bn-train,ft.erm.erm,erm,erm,std,val,rw,1.0,0.0,2e-05,6,32,train,0,0,multinli_metadata_val_as_train.csv,pretrained_models/MultiNLI/erm_0.9_222.pth,current,results/MultiNLI/erm_rw/model_outputs_222
MultiNLI,erm_dfr_rw_0.9,333,ft.erm.erm__c-std__src-val__bal-rw__frac-1.0__wd-0__lr-2e-5__ep-6__bn-train,ft.erm.erm,erm,erm,std,val,rw,1.0,0.0,2e-05,6,32,train,0,0,multinli_metadata_val_as_train.csv,pretrained_models/MultiNLI/erm_0.9_333.pth,current,results/MultiNLI/erm_rw/model_outputs_333
MultiNLI,erm_gdro_0.9,111,ft.erm.gdro__c-std__src-train__bal-rw__frac-1.0__wd-0.1__lr-2e-5__ep-5__bn-train,ft.erm.gdro,erm,gdro,std,train,rw,1.0,0.1,2e-05,5,32,train,0,0,metadata.csv,pretrained_models/MultiNLI/erm_0.9_111.pth,current,results/MultiNLI/erm_gdro_0.9/model_outputs_111
MultiNLI,erm_gdro_0.9,222,ft.erm.gdro__c-std__src-train__bal-rw__frac-1.0__wd-0.1__lr-2e-5__ep-5__bn-train,ft.erm.gdro,erm,gdro,std,train,rw,1.0,0.1,2e-05,5,32,train,0,0,metadata.csv,pretrained_models/MultiNLI/erm_0.9_222.pth,current,results/MultiNLI/erm_gdro_0.9/model_outputs_222
MultiNLI,erm_gdro_0.9,333,ft.erm.gdro__c-std__src-train__bal-rw__frac-1.0__wd-0.1__lr-2e-5__ep-5__bn-train,ft.erm.gdro,erm,gdro,std,train,rw,1.0,0.1,2e-05,5,32,train,0,0,metadata.csv,pretrained_models/MultiNLI/erm_0.9_333.pth,current,results/MultiNLI/erm_gdro_0.9/model_outputs_333
MultiNLI,erm_rw_0.9,111,ft.erm.erm__c-std__src-train__bal-rw__frac-1.0__wd-0.1__lr-2e-5__ep-5__bn-train,ft.erm.erm,erm,erm,std,train,rw,1.0,0.1,2e-05,5,32,train,0,0,metadata.csv,pretrained_models/MultiNLI/erm_0.9_111.pth,current,results/MultiNLI/erm_rw_0.9/model_outputs_111
MultiNLI,erm_rw_0.9,222,ft.erm.erm__c-std__src-train__bal-rw__frac-1.0__wd-0.1__lr-2e-5__ep-5__bn-train,ft.erm.erm,erm,erm,std,train,rw,1.0,0.1,2e-05,5,32,train,0,0,metadata.csv,pretrained_models/MultiNLI/erm_0.9_222.pth,current,results/MultiNLI/erm_rw_0.9/model_outputs_222
MultiNLI,erm_rw_0.9,333,ft.erm.erm__c-std__src-train__bal-rw__frac-1.0__wd-0.1__lr-2e-5__ep-5__bn-train,ft.erm.erm,erm,erm,std,train,rw,1.0,0.1,2e-05,5,32,train,0,0,metadata.csv,pretrained_models/MultiNLI/erm_0.9_333.pth,current,results/MultiNLI/erm_rw_0.9/model_outputs_333
MultiNLI,gdro_0.9,111,e2e.gdro__c-std__bal-rw__frac-1.0__wd-0__lr-2e-5__ep-6,e2e.gdro,,gdro,std,,rw,1.0,0.0,2e-05,6,32,n/a,0,0,metadata.csv,,current,results/MultiNLI/gdro_0.9/model_outputs_111
MultiNLI,gdro_0.9,222,e2e.gdro__c-std__bal-rw__frac-1.0__wd-0__lr-2e-5__ep-6,e2e.gdro,,gdro,std,,rw,1.0,0.0,2e-05,6,32,n/a,0,0,metadata.csv,,current,results/MultiNLI/gdro_0.9/model_outputs_222
MultiNLI,gdro_0.9,333,e2e.gdro__c-std__bal-rw__frac-1.0__wd-0__lr-2e-5__ep-6,e2e.gdro,,gdro,std,,rw,1.0,0.0,2e-05,6,32,n/a,0,0,metadata.csv,,current,results/MultiNLI/gdro_0.9/model_outputs_333
MultiNLI,rw_erm_0.9,111,e2e.erm__c-std__bal-rw__frac-1.0__wd-0__lr-2e-5__ep-6,e2e.erm,,erm,std,,rw,1.0,0.0,2e-05,6,32,n/a,0,0,metadata.csv,,current,results/MultiNLI/rw_0.9/model_outputs_111
MultiNLI,rw_erm_0.9,222,e2e.erm__c-std__bal-rw__frac-1.0__wd-0__lr-2e-5__ep-6,e2e.erm,,erm,std,,rw,1.0,0.0,2e-05,6,32,n/a,0,0,metadata.csv,,current,results/MultiNLI/rw_0.9/model_outputs_222
MultiNLI,rw_erm_0.9,333,e2e.erm__c-std__bal-rw__frac-1.0__wd-0__lr-2e-5__ep-6,e2e.erm,,erm,std,,rw,1.0,0.0,2e-05,6,32,n/a,0,0,metadata.csv,,current,results/MultiNLI/rw_0.9/model_outputs_333
civilcomments,erm_0.9,111,e2e.erm__c-std__bal-none__frac-1.0__wd-0.01__lr-1e-5__ep-5,e2e.erm,,erm,std,,none,1.0,0.01,1e-05,5,16,n/a,0,0,all_data_with_identities.csv,,current,results/civilcomments/erm/model_outputs_111
civilcomments,erm_0.9,222,e2e.erm__c-std__bal-none__frac-1.0__wd-0.01__lr-1e-5__ep-5,e2e.erm,,erm,std,,none,1.0,0.01,1e-05,5,16,n/a,0,0,all_data_with_identities.csv,,current,results/civilcomments/erm/model_outputs_222
civilcomments,erm_0.9,333,e2e.erm__c-std__bal-none__frac-1.0__wd-0.01__lr-1e-5__ep-5,e2e.erm,,erm,std,,none,1.0,0.01,1e-05,5,16,n/a,0,0,all_data_with_identities.csv,,current,results/civilcomments/erm/model_outputs_333
civilcomments,erm_dfr_0.9,111,ft.erm.erm__c-std__src-val__bal-sub__frac-1.0__wd-0.01__lr-1e-5__ep-6__bn-train,ft.erm.erm,erm,erm,std,val,sub,1.0,0.01,1e-05,6,16,train,0,0,dfr/metadata_val_as_train.csv,pretrained_models/civilcomments/erm_0.9_111.pth,current,results/civilcomments/dfr/model_outputs_111
civilcomments,erm_dfr_0.9,222,ft.erm.erm__c-std__src-val__bal-sub__frac-1.0__wd-0.01__lr-1e-5__ep-6__bn-train,ft.erm.erm,erm,erm,std,val,sub,1.0,0.01,1e-05,6,16,train,0,0,dfr/metadata_val_as_train.csv,pretrained_models/civilcomments/erm_0.9_222.pth,current,results/civilcomments/dfr/model_outputs_222
civilcomments,erm_dfr_0.9,333,ft.erm.erm__c-std__src-val__bal-sub__frac-1.0__wd-0.01__lr-1e-5__ep-6__bn-train,ft.erm.erm,erm,erm,std,val,sub,1.0,0.01,1e-05,6,16,train,0,0,dfr/metadata_val_as_train.csv,pretrained_models/civilcomments/erm_0.9_333.pth,current,results/civilcomments/dfr/model_outputs_333
civilcomments,erm_dfr_gdro_0.9,111,ft.erm.gdro__c-std__src-val__bal-sub.rw__frac-1.0__wd-0.01__lr-1e-5__ep-6__bn-train,ft.erm.gdro,erm,gdro,std,val,sub.rw,1.0,0.01,1e-05,6,16,train,0,0,dfr/metadata_val_as_train.csv,pretrained_models/civilcomments/erm_0.9_111.pth,current,results/civilcomments/erm_dfr_gdro_0.9/model_outputs_111
civilcomments,erm_dfr_gdro_0.9,222,ft.erm.gdro__c-std__src-val__bal-sub.rw__frac-1.0__wd-0.01__lr-1e-5__ep-6__bn-train,ft.erm.gdro,erm,gdro,std,val,sub.rw,1.0,0.01,1e-05,6,16,train,0,0,dfr/metadata_val_as_train.csv,pretrained_models/civilcomments/erm_0.9_222.pth,current,results/civilcomments/erm_dfr_gdro_0.9/model_outputs_222
civilcomments,erm_dfr_gdro_0.9,333,ft.erm.gdro__c-std__src-val__bal-sub.rw__frac-1.0__wd-0.01__lr-1e-5__ep-6__bn-train,ft.erm.gdro,erm,gdro,std,val,sub.rw,1.0,0.01,1e-05,6,16,train,0,0,dfr/metadata_val_as_train.csv,pretrained_models/civilcomments/erm_0.9_333.pth,current,results/civilcomments/erm_dfr_gdro_0.9/model_outputs_333
civilcomments,erm_dfr_rw_0.9,111,ft.erm.erm__c-std__src-val__bal-sub.rw__frac-1.0__wd-0.01__lr-1e-5__ep-6__bn-train,ft.erm.erm,erm,erm,std,val,sub.rw,1.0,0.01,1e-05,6,16,train,0,0,dfr/metadata_val_as_train.csv,pretrained_models/civilcomments/erm_0.9_111.pth,current,results/civilcomments/erm_dfr_rw_0.9/model_outputs_111
civilcomments,erm_dfr_rw_0.9,222,ft.erm.erm__c-std__src-val__bal-sub.rw__frac-1.0__wd-0.01__lr-1e-5__ep-6__bn-train,ft.erm.erm,erm,erm,std,val,sub.rw,1.0,0.01,1e-05,6,16,train,0,0,dfr/metadata_val_as_train.csv,pretrained_models/civilcomments/erm_0.9_222.pth,current,results/civilcomments/erm_dfr_rw_0.9/model_outputs_222
civilcomments,erm_dfr_rw_0.9,333,ft.erm.erm__c-std__src-val__bal-sub.rw__frac-1.0__wd-0.01__lr-1e-5__ep-6__bn-train,ft.erm.erm,erm,erm,std,val,sub.rw,1.0,0.01,1e-05,6,16,train,0,0,dfr/metadata_val_as_train.csv,pretrained_models/civilcomments/erm_0.9_333.pth,current,results/civilcomments/erm_dfr_rw_0.9/model_outputs_333
civilcomments,erm_gdro_0.9,111,ft.erm.gdro__c-std__src-train__bal-rw__frac-1.0__wd-0.01__lr-1e-5__ep-5__bn-train,ft.erm.gdro,erm,gdro,std,train,rw,1.0,0.01,1e-05,5,16,train,0,0,all_data_with_identities.csv,pretrained_models/civilcomments/erm_0.9_111.pth,current,results/civilcomments/erm_gdro_0.9/model_outputs_111
civilcomments,erm_gdro_0.9,222,ft.erm.gdro__c-std__src-train__bal-rw__frac-1.0__wd-0.01__lr-1e-5__ep-5__bn-train,ft.erm.gdro,erm,gdro,std,train,rw,1.0,0.01,1e-05,5,16,train,0,0,all_data_with_identities.csv,pretrained_models/civilcomments/erm_0.9_222.pth,current,results/civilcomments/erm_gdro_0.9/model_outputs_222
civilcomments,erm_gdro_0.9,333,ft.erm.gdro__c-std__src-train__bal-rw__frac-1.0__wd-0.01__lr-1e-5__ep-5__bn-train,ft.erm.gdro,erm,gdro,std,train,rw,1.0,0.01,1e-05,5,16,train,0,0,all_data_with_identities.csv,pretrained_models/civilcomments/erm_0.9_333.pth,current,results/civilcomments/erm_gdro_0.9/model_outputs_333
civilcomments,erm_rw_0.9,111,ft.erm.erm__c-std__src-train__bal-rw__frac-1.0__wd-0.01__lr-1e-5__ep-5__bn-train,ft.erm.erm,erm,erm,std,train,rw,1.0,0.01,1e-05,5,16,train,0,0,all_data_with_identities.csv,pretrained_models/civilcomments/erm_0.9_111.pth,current,results/civilcomments/erm_rw_0.9/model_outputs_111
civilcomments,erm_rw_0.9,222,ft.erm.erm__c-std__src-train__bal-rw__frac-1.0__wd-0.01__lr-1e-5__ep-5__bn-train,ft.erm.erm,erm,erm,std,train,rw,1.0,0.01,1e-05,5,16,train,0,0,all_data_with_identities.csv,pretrained_models/civilcomments/erm_0.9_222.pth,current,results/civilcomments/erm_rw_0.9/model_outputs_222
civilcomments,erm_rw_0.9,333,ft.erm.erm__c-std__src-train__bal-rw__frac-1.0__wd-0.01__lr-1e-5__ep-5__bn-train,ft.erm.erm,erm,erm,std,train,rw,1.0,0.01,1e-05,5,16,train,0,0,all_data_with_identities.csv,pretrained_models/civilcomments/erm_0.9_333.pth,current,results/civilcomments/erm_rw_0.9/model_outputs_333
civilcomments,gdro_0.9,111,e2e.gdro__c-std__bal-rw__frac-1.0__wd-0.01__lr-1e-5__ep-5,e2e.gdro,,gdro,std,,rw,1.0,0.01,1e-05,5,16,n/a,0,0,all_data_with_identities.csv,,current,results/civilcomments/gdro_0.9/model_outputs_111
civilcomments,gdro_0.9,222,e2e.gdro__c-std__bal-rw__frac-1.0__wd-0.01__lr-1e-5__ep-5,e2e.gdro,,gdro,std,,rw,1.0,0.01,1e-05,5,16,n/a,0,0,all_data_with_identities.csv,,current,results/civilcomments/gdro_0.9/model_outputs_222
civilcomments,gdro_0.9,333,e2e.gdro__c-std__bal-rw__frac-1.0__wd-0.01__lr-1e-5__ep-5,e2e.gdro,,gdro,std,,rw,1.0,0.01,1e-05,5,16,n/a,0,0,all_data_with_identities.csv,,current,results/civilcomments/gdro_0.9/model_outputs_333
civilcomments,rw_erm_0.9,111,e2e.erm__c-std__bal-rw__frac-1.0__wd-0.01__lr-1e-5__ep-5,e2e.erm,,erm,std,,rw,1.0,0.01,1e-05,5,16,n/a,0,0,all_data_with_identities.csv,,current,results/civilcomments/rw_0.9/model_outputs_111
civilcomments,rw_erm_0.9,222,e2e.erm__c-std__bal-rw__frac-1.0__wd-0.01__lr-1e-5__ep-5,e2e.erm,,erm,std,,rw,1.0,0.01,1e-05,5,16,n/a,0,0,all_data_with_identities.csv,,current,results/civilcomments/rw_0.9/model_outputs_222
civilcomments,rw_erm_0.9,333,e2e.erm__c-std__bal-rw__frac-1.0__wd-0.01__lr-1e-5__ep-5,e2e.erm,,erm,std,,rw,1.0,0.01,1e-05,5,16,n/a,0,0,all_data_with_identities.csv,,current,results/civilcomments/rw_0.9/model_outputs_333
