




 Using bert params 







WARNING: You are using 'all_data_with_identities.csv' instead of the default 'metadata.csv'.


Dataset: jigsaw
Shift type: confounder
Wandb: False
Project name: spurious
Target name: toxicity
Confounder names: ['identity_any']
Up weight: 0
Resume: False
Finetune: False
Normalize: False
Recalculate groups: False
Unfreeze: 0
Restart layers: 0
Minority fraction: None
Imbalance ratio: None
Fraction: 1.0
Root dir: ../datasets
Reweight groups: False
Augment data: False
Val fraction: 0.1
Loss type: group_dro
Alpha: 0.2
Generalization adjustment: 0.0
Sv dropout: 0.0
Automatic adjustment: False
Robust step size: 0.01
Joint dro alpha: 1
Use normalized loss: False
Btl: False
Hinge: False
Model: bert-base-uncased
Train from scratch: False
Pretrained path: 
N epochs: 5
Batch size: 16
Lr: 1e-05
Scheduler: False
L1: 0.0
Weight decay: 0.01
Gamma: 0.1
Minimum variational weight: 0
Seed: 222
Accum: 1
Show progress: False
Log dir: results/civilcomments/gdro/model_outputs_222
Log every: 50
Save step: 10
Save best: True
Save last: True
Use bert params: 1
Num folds per sweep: 5
Num sweeps: 4
Q: 0.7
Metadata csv name: all_data_with_identities.csv
Fold: None
Metadata path: None
Aug col: None
Max grad norm: 1.0
Adam epsilon: 1e-08
Warmup steps: 0

metadata_csv_name: all_data_with_identities.csv
Training Data...
    toxicity = 0, identity_any = 0: n = 143627
    toxicity = 0, identity_any = 1: n = 94895
    toxicity = 1, identity_any = 0: n = 11940
    toxicity = 1, identity_any = 1: n = 18575
Validation Data...
    toxicity = 0, identity_any = 0: n = 24366
    toxicity = 0, identity_any = 1: n = 15759
    toxicity = 1, identity_any = 0: n = 1967
    toxicity = 1, identity_any = 1: n = 3088
Test Data...
    toxicity = 0, identity_any = 0: n = 72372
    toxicity = 0, identity_any = 1: n = 46185
    toxicity = 1, identity_any = 0: n = 6063
    toxicity = 1, identity_any = 1: n = 9161
Training
n_classes = 2
bert.embeddings.word_embeddings.weight True
bert.embeddings.position_embeddings.weight True
bert.embeddings.token_type_embeddings.weight True
bert.embeddings.LayerNorm.weight True
bert.embeddings.LayerNorm.bias True
bert.encoder.layer.0.attention.self.query.weight True
bert.encoder.layer.0.attention.self.query.bias True
bert.encoder.layer.0.attention.self.key.weight True
bert.encoder.layer.0.attention.self.key.bias True
bert.encoder.layer.0.attention.self.value.weight True
bert.encoder.layer.0.attention.self.value.bias True
bert.encoder.layer.0.attention.output.dense.weight True
bert.encoder.layer.0.attention.output.dense.bias True
bert.encoder.layer.0.attention.output.LayerNorm.weight True
bert.encoder.layer.0.attention.output.LayerNorm.bias True
bert.encoder.layer.0.intermediate.dense.weight True
bert.encoder.layer.0.intermediate.dense.bias True
bert.encoder.layer.0.output.dense.weight True
bert.encoder.layer.0.output.dense.bias True
bert.encoder.layer.0.output.LayerNorm.weight True
bert.encoder.layer.0.output.LayerNorm.bias True
bert.encoder.layer.1.attention.self.query.weight True
bert.encoder.layer.1.attention.self.query.bias True
bert.encoder.layer.1.attention.self.key.weight True
bert.encoder.layer.1.attention.self.key.bias True
bert.encoder.layer.1.attention.self.value.weight True
bert.encoder.layer.1.attention.self.value.bias True
bert.encoder.layer.1.attention.output.dense.weight True
bert.encoder.layer.1.attention.output.dense.bias True
bert.encoder.layer.1.attention.output.LayerNorm.weight True
bert.encoder.layer.1.attention.output.LayerNorm.bias True
bert.encoder.layer.1.intermediate.dense.weight True
bert.encoder.layer.1.intermediate.dense.bias True
bert.encoder.layer.1.output.dense.weight True
bert.encoder.layer.1.output.dense.bias True
bert.encoder.layer.1.output.LayerNorm.weight True
bert.encoder.layer.1.output.LayerNorm.bias True
bert.encoder.layer.2.attention.self.query.weight True
bert.encoder.layer.2.attention.self.query.bias True
bert.encoder.layer.2.attention.self.key.weight True
bert.encoder.layer.2.attention.self.key.bias True
bert.encoder.layer.2.attention.self.value.weight True
bert.encoder.layer.2.attention.self.value.bias True
bert.encoder.layer.2.attention.output.dense.weight True
bert.encoder.layer.2.attention.output.dense.bias True
bert.encoder.layer.2.attention.output.LayerNorm.weight True
bert.encoder.layer.2.attention.output.LayerNorm.bias True
bert.encoder.layer.2.intermediate.dense.weight True
bert.encoder.layer.2.intermediate.dense.bias True
bert.encoder.layer.2.output.dense.weight True
bert.encoder.layer.2.output.dense.bias True
bert.encoder.layer.2.output.LayerNorm.weight True
bert.encoder.layer.2.output.LayerNorm.bias True
bert.encoder.layer.3.attention.self.query.weight True
bert.encoder.layer.3.attention.self.query.bias True
bert.encoder.layer.3.attention.self.key.weight True
bert.encoder.layer.3.attention.self.key.bias True
bert.encoder.layer.3.attention.self.value.weight True
bert.encoder.layer.3.attention.self.value.bias True
bert.encoder.layer.3.attention.output.dense.weight True
bert.encoder.layer.3.attention.output.dense.bias True
bert.encoder.layer.3.attention.output.LayerNorm.weight True
bert.encoder.layer.3.attention.output.LayerNorm.bias True
bert.encoder.layer.3.intermediate.dense.weight True
bert.encoder.layer.3.intermediate.dense.bias True
bert.encoder.layer.3.output.dense.weight True
bert.encoder.layer.3.output.dense.bias True
bert.encoder.layer.3.output.LayerNorm.weight True
bert.encoder.layer.3.output.LayerNorm.bias True
bert.encoder.layer.4.attention.self.query.weight True
bert.encoder.layer.4.attention.self.query.bias True
bert.encoder.layer.4.attention.self.key.weight True
bert.encoder.layer.4.attention.self.key.bias True
bert.encoder.layer.4.attention.self.value.weight True
bert.encoder.layer.4.attention.self.value.bias True
bert.encoder.layer.4.attention.output.dense.weight True
bert.encoder.layer.4.attention.output.dense.bias True
bert.encoder.layer.4.attention.output.LayerNorm.weight True
bert.encoder.layer.4.attention.output.LayerNorm.bias True
bert.encoder.layer.4.intermediate.dense.weight True
bert.encoder.layer.4.intermediate.dense.bias True
bert.encoder.layer.4.output.dense.weight True
bert.encoder.layer.4.output.dense.bias True
bert.encoder.layer.4.output.LayerNorm.weight True
bert.encoder.layer.4.output.LayerNorm.bias True
bert.encoder.layer.5.attention.self.query.weight True
bert.encoder.layer.5.attention.self.query.bias True
bert.encoder.layer.5.attention.self.key.weight True
bert.encoder.layer.5.attention.self.key.bias True
bert.encoder.layer.5.attention.self.value.weight True
bert.encoder.layer.5.attention.self.value.bias True
bert.encoder.layer.5.attention.output.dense.weight True
bert.encoder.layer.5.attention.output.dense.bias True
bert.encoder.layer.5.attention.output.LayerNorm.weight True
bert.encoder.layer.5.attention.output.LayerNorm.bias True
bert.encoder.layer.5.intermediate.dense.weight True
bert.encoder.layer.5.intermediate.dense.bias True
bert.encoder.layer.5.output.dense.weight True
bert.encoder.layer.5.output.dense.bias True
bert.encoder.layer.5.output.LayerNorm.weight True
bert.encoder.layer.5.output.LayerNorm.bias True
bert.encoder.layer.6.attention.self.query.weight True
bert.encoder.layer.6.attention.self.query.bias True
bert.encoder.layer.6.attention.self.key.weight True
bert.encoder.layer.6.attention.self.key.bias True
bert.encoder.layer.6.attention.self.value.weight True
bert.encoder.layer.6.attention.self.value.bias True
bert.encoder.layer.6.attention.output.dense.weight True
bert.encoder.layer.6.attention.output.dense.bias True
bert.encoder.layer.6.attention.output.LayerNorm.weight True
bert.encoder.layer.6.attention.output.LayerNorm.bias True
bert.encoder.layer.6.intermediate.dense.weight True
bert.encoder.layer.6.intermediate.dense.bias True
bert.encoder.layer.6.output.dense.weight True
bert.encoder.layer.6.output.dense.bias True
bert.encoder.layer.6.output.LayerNorm.weight True
bert.encoder.layer.6.output.LayerNorm.bias True
bert.encoder.layer.7.attention.self.query.weight True
bert.encoder.layer.7.attention.self.query.bias True
bert.encoder.layer.7.attention.self.key.weight True
bert.encoder.layer.7.attention.self.key.bias True
bert.encoder.layer.7.attention.self.value.weight True
bert.encoder.layer.7.attention.self.value.bias True
bert.encoder.layer.7.attention.output.dense.weight True
bert.encoder.layer.7.attention.output.dense.bias True
bert.encoder.layer.7.attention.output.LayerNorm.weight True
bert.encoder.layer.7.attention.output.LayerNorm.bias True
bert.encoder.layer.7.intermediate.dense.weight True
bert.encoder.layer.7.intermediate.dense.bias True
bert.encoder.layer.7.output.dense.weight True
bert.encoder.layer.7.output.dense.bias True
bert.encoder.layer.7.output.LayerNorm.weight True
bert.encoder.layer.7.output.LayerNorm.bias True
bert.encoder.layer.8.attention.self.query.weight True
bert.encoder.layer.8.attention.self.query.bias True
bert.encoder.layer.8.attention.self.key.weight True
bert.encoder.layer.8.attention.self.key.bias True
bert.encoder.layer.8.attention.self.value.weight True
bert.encoder.layer.8.attention.self.value.bias True
bert.encoder.layer.8.attention.output.dense.weight True
bert.encoder.layer.8.attention.output.dense.bias True
bert.encoder.layer.8.attention.output.LayerNorm.weight True
bert.encoder.layer.8.attention.output.LayerNorm.bias True
bert.encoder.layer.8.intermediate.dense.weight True
bert.encoder.layer.8.intermediate.dense.bias True
bert.encoder.layer.8.output.dense.weight True
bert.encoder.layer.8.output.dense.bias True
bert.encoder.layer.8.output.LayerNorm.weight True
bert.encoder.layer.8.output.LayerNorm.bias True
bert.encoder.layer.9.attention.self.query.weight True
bert.encoder.layer.9.attention.self.query.bias True
bert.encoder.layer.9.attention.self.key.weight True
bert.encoder.layer.9.attention.self.key.bias True
bert.encoder.layer.9.attention.self.value.weight True
bert.encoder.layer.9.attention.self.value.bias True
bert.encoder.layer.9.attention.output.dense.weight True
bert.encoder.layer.9.attention.output.dense.bias True
bert.encoder.layer.9.attention.output.LayerNorm.weight True
bert.encoder.layer.9.attention.output.LayerNorm.bias True
bert.encoder.layer.9.intermediate.dense.weight True
bert.encoder.layer.9.intermediate.dense.bias True
bert.encoder.layer.9.output.dense.weight True
bert.encoder.layer.9.output.dense.bias True
bert.encoder.layer.9.output.LayerNorm.weight True
bert.encoder.layer.9.output.LayerNorm.bias True
bert.encoder.layer.10.attention.self.query.weight True
bert.encoder.layer.10.attention.self.query.bias True
bert.encoder.layer.10.attention.self.key.weight True
bert.encoder.layer.10.attention.self.key.bias True
bert.encoder.layer.10.attention.self.value.weight True
bert.encoder.layer.10.attention.self.value.bias True
bert.encoder.layer.10.attention.output.dense.weight True
bert.encoder.layer.10.attention.output.dense.bias True
bert.encoder.layer.10.attention.output.LayerNorm.weight True
bert.encoder.layer.10.attention.output.LayerNorm.bias True
bert.encoder.layer.10.intermediate.dense.weight True
bert.encoder.layer.10.intermediate.dense.bias True
bert.encoder.layer.10.output.dense.weight True
bert.encoder.layer.10.output.dense.bias True
bert.encoder.layer.10.output.LayerNorm.weight True
bert.encoder.layer.10.output.LayerNorm.bias True
bert.encoder.layer.11.attention.self.query.weight True
bert.encoder.layer.11.attention.self.query.bias True
bert.encoder.layer.11.attention.self.key.weight True
bert.encoder.layer.11.attention.self.key.bias True
bert.encoder.layer.11.attention.self.value.weight True
bert.encoder.layer.11.attention.self.value.bias True
bert.encoder.layer.11.attention.output.dense.weight True
bert.encoder.layer.11.attention.output.dense.bias True
bert.encoder.layer.11.attention.output.LayerNorm.weight True
bert.encoder.layer.11.attention.output.LayerNorm.bias True
bert.encoder.layer.11.intermediate.dense.weight True
bert.encoder.layer.11.intermediate.dense.bias True
bert.encoder.layer.11.output.dense.weight True
bert.encoder.layer.11.output.dense.bias True
bert.encoder.layer.11.output.LayerNorm.weight True
bert.encoder.layer.11.output.LayerNorm.bias True
bert.pooler.dense.weight True
bert.pooler.dense.bias True
classifier.weight True
classifier.bias True

t_total is 84075


Epoch [0]:
Training:
Average incurred loss: 0.564  
Average sample loss: 0.549  
Average acc: 0.792  
  toxicity = 0, identity_any = 0  [n = 386]:	loss = 0.507  exp loss = 0.454  adjusted loss = 0.454  adv prob = 0.245309   acc = 0.907
  toxicity = 0, identity_any = 1  [n = 313]:	loss = 0.513  exp loss = 0.440  adjusted loss = 0.440  adv prob = 0.244832   acc = 0.888
  toxicity = 1, identity_any = 0  [n = 38]:	loss = 0.888  exp loss = 0.927  adjusted loss = 0.927  adv prob = 0.250044   acc = 0.105
  toxicity = 1, identity_any = 1  [n = 63]:	loss = 0.979  exp loss = 1.008  adjusted loss = 1.008  adv prob = 0.259816   acc = 0.032
Average incurred loss: 0.506  
Average sample loss: 0.480  
Average acc: 0.896  
  toxicity = 0, identity_any = 0  [n = 434]:	loss = 0.457  exp loss = 0.413  adjusted loss = 0.413  adv prob = 0.242701   acc = 0.998
  toxicity = 0, identity_any = 1  [n = 287]:	loss = 0.457  exp loss = 0.418  adjusted loss = 0.418  adv prob = 0.242100   acc = 0.990
  toxicity = 1, identity_any = 0  [n = 22]:	loss = 0.949  exp loss = 0.974  adjusted loss = 0.974  adv prob = 0.229189   acc = 0.000
  toxicity = 1, identity_any = 1  [n = 57]:	loss = 0.952  exp loss = 0.961  adjusted loss = 0.961  adv prob = 0.286009   acc = 0.000
Average incurred loss: 0.458  
Average sample loss: 0.476  
Average acc: 0.829  
  toxicity = 0, identity_any = 0  [n = 406]:	loss = 0.392  exp loss = 0.410  adjusted loss = 0.410  adv prob = 0.232233   acc = 0.899
  toxicity = 0, identity_any = 1  [n = 299]:	loss = 0.428  exp loss = 0.462  adjusted loss = 0.462  adv prob = 0.236793   acc = 0.863
  toxicity = 1, identity_any = 0  [n = 35]:	loss = 0.878  exp loss = 0.887  adjusted loss = 0.887  adv prob = 0.222093   acc = 0.371
  toxicity = 1, identity_any = 1  [n = 60]:	loss = 0.807  exp loss = 0.760  adjusted loss = 0.760  adv prob = 0.308881   acc = 0.450
Average incurred loss: 0.428  
Average sample loss: 0.481  
Average acc: 0.816  
  toxicity = 0, identity_any = 0  [n = 424]:	loss = 0.325  exp loss = 0.378  adjusted loss = 0.378  adv prob = 0.215441   acc = 0.906
  toxicity = 0, identity_any = 1  [n = 288]:	loss = 0.436  exp loss = 0.488  adjusted loss = 0.488  adv prob = 0.230611   acc = 0.792
  toxicity = 1, identity_any = 0  [n = 37]:	loss = 0.923  exp loss = 0.939  adjusted loss = 0.939  adv prob = 0.228669   acc = 0.432
  toxicity = 1, identity_any = 1  [n = 51]:	loss = 0.876  exp loss = 0.930  adjusted loss = 0.930  adv prob = 0.325279   acc = 0.490
Average incurred loss: 0.390  
Average sample loss: 0.417  
Average acc: 0.835  
  toxicity = 0, identity_any = 0  [n = 455]:	loss = 0.298  exp loss = 0.213  adjusted loss = 0.213  adv prob = 0.202753   acc = 0.903
  toxicity = 0, identity_any = 1  [n = 262]:	loss = 0.409  exp loss = 0.399  adjusted loss = 0.399  adv prob = 0.230443   acc = 0.817
  toxicity = 1, identity_any = 0  [n = 33]:	loss = 0.749  exp loss = 0.847  adjusted loss = 0.847  adv prob = 0.224693   acc = 0.576
  toxicity = 1, identity_any = 1  [n = 50]:	loss = 0.891  exp loss = 1.129  adjusted loss = 1.129  adv prob = 0.342111   acc = 0.480
Average incurred loss: 0.332  
Average sample loss: 0.377  
Average acc: 0.871  
  toxicity = 0, identity_any = 0  [n = 405]:	loss = 0.243  exp loss = 0.278  adjusted loss = 0.278  adv prob = 0.190081   acc = 0.923
  toxicity = 0, identity_any = 1  [n = 298]:	loss = 0.334  exp loss = 0.395  adjusted loss = 0.395  adv prob = 0.226703   acc = 0.876
  toxicity = 1, identity_any = 0  [n = 43]:	loss = 0.841  exp loss = 0.892  adjusted loss = 0.892  adv prob = 0.233065   acc = 0.581
  toxicity = 1, identity_any = 1  [n = 54]:	loss = 0.589  exp loss = 0.608  adjusted loss = 0.608  adv prob = 0.350151   acc = 0.685
Average incurred loss: 0.354  
Average sample loss: 0.396  
Average acc: 0.861  
  toxicity = 0, identity_any = 0  [n = 452]:	loss = 0.241  exp loss = 0.171  adjusted loss = 0.171  adv prob = 0.175433   acc = 0.931
  toxicity = 0, identity_any = 1  [n = 270]:	loss = 0.410  exp loss = 0.465  adjusted loss = 0.465  adv prob = 0.230320   acc = 0.822
  toxicity = 1, identity_any = 0  [n = 32]:	loss = 0.717  exp loss = 0.715  adjusted loss = 0.715  adv prob = 0.229329   acc = 0.719
  toxicity = 1, identity_any = 1  [n = 46]:	loss = 0.874  exp loss = 0.721  adjusted loss = 0.721  adv prob = 0.364918   acc = 0.500
Average incurred loss: 0.314  
Average sample loss: 0.421  
Average acc: 0.859  
  toxicity = 0, identity_any = 0  [n = 427]:	loss = 0.192  exp loss = 0.177  adjusted loss = 0.177  adv prob = 0.156846   acc = 0.937
  toxicity = 0, identity_any = 1  [n = 279]:	loss = 0.387  exp loss = 0.428  adjusted loss = 0.428  adv prob = 0.230260   acc = 0.796
  toxicity = 1, identity_any = 0  [n = 28]:	loss = 0.603  exp loss = 0.539  adjusted loss = 0.539  adv prob = 0.213379   acc = 0.750
  toxicity = 1, identity_any = 1  [n = 66]:	loss = 0.674  exp loss = 0.767  adjusted loss = 0.767  adv prob = 0.399516   acc = 0.667
Average incurred loss: 0.334  
Average sample loss: 0.430  
Average acc: 0.881  
  toxicity = 0, identity_any = 0  [n = 436]:	loss = 0.212  exp loss = 0.300  adjusted loss = 0.300  adv prob = 0.140927   acc = 0.940
  toxicity = 0, identity_any = 1  [n = 278]:	loss = 0.401  exp loss = 0.668  adjusted loss = 0.668  adv prob = 0.227141   acc = 0.860
  toxicity = 1, identity_any = 0  [n = 30]:	loss = 0.658  exp loss = 0.540  adjusted loss = 0.540  adv prob = 0.191675   acc = 0.733
  toxicity = 1, identity_any = 1  [n = 56]:	loss = 0.785  exp loss = 0.587  adjusted loss = 0.587  adv prob = 0.440257   acc = 0.607
Average incurred loss: 0.285  
Average sample loss: 0.346  
Average acc: 0.885  
  toxicity = 0, identity_any = 0  [n = 406]:	loss = 0.213  exp loss = 0.306  adjusted loss = 0.306  adv prob = 0.132125   acc = 0.921
  toxicity = 0, identity_any = 1  [n = 297]:	loss = 0.287  exp loss = 0.572  adjusted loss = 0.572  adv prob = 0.228736   acc = 0.889
  toxicity = 1, identity_any = 0  [n = 42]:	loss = 0.566  exp loss = 0.506  adjusted loss = 0.506  adv prob = 0.186876   acc = 0.762
  toxicity = 1, identity_any = 1  [n = 55]:	loss = 0.588  exp loss = 0.553  adjusted loss = 0.553  adv prob = 0.452263   acc = 0.691
Average incurred loss: 0.241  
Average sample loss: 0.499  
Average acc: 0.913  
  toxicity = 0, identity_any = 0  [n = 434]:	loss = 0.142  exp loss = 0.110  adjusted loss = 0.110  adv prob = 0.110570   acc = 0.956
  toxicity = 0, identity_any = 1  [n = 294]:	loss = 0.194  exp loss = 0.150  adjusted loss = 0.150  adv prob = 0.199026   acc = 0.946
  toxicity = 1, identity_any = 0  [n = 27]:	loss = 0.944  exp loss = 0.942  adjusted loss = 0.942  adv prob = 0.175499   acc = 0.593
  toxicity = 1, identity_any = 1  [n = 45]:	loss = 1.087  exp loss = 1.226  adjusted loss = 1.226  adv prob = 0.514904   acc = 0.467
Average incurred loss: 0.348  
Average sample loss: 0.413  
Average acc: 0.873  
  toxicity = 0, identity_any = 0  [n = 428]:	loss = 0.254  exp loss = 0.258  adjusted loss = 0.258  adv prob = 0.101788   acc = 0.925
  toxicity = 0, identity_any = 1  [n = 269]:	loss = 0.367  exp loss = 0.344  adjusted loss = 0.344  adv prob = 0.194090   acc = 0.848
  toxicity = 1, identity_any = 0  [n = 42]:	loss = 0.703  exp loss = 0.478  adjusted loss = 0.478  adv prob = 0.171668   acc = 0.738
  toxicity = 1, identity_any = 1  [n = 61]:	loss = 0.682  exp loss = 0.844  adjusted loss = 0.844  adv prob = 0.532454   acc = 0.705
Average incurred loss: 0.327  
Average sample loss: 0.403  
Average acc: 0.885  
  toxicity = 0, identity_any = 0  [n = 411]:	loss = 0.198  exp loss = 0.154  adjusted loss = 0.154  adv prob = 0.091798   acc = 0.951
  toxicity = 0, identity_any = 1  [n = 306]:	loss = 0.385  exp loss = 0.336  adjusted loss = 0.336  adv prob = 0.193009   acc = 0.873
  toxicity = 1, identity_any = 0  [n = 34]:	loss = 0.455  exp loss = 0.405  adjusted loss = 0.405  adv prob = 0.154480   acc = 0.794
  toxicity = 1, identity_any = 1  [n = 49]:	loss = 0.950  exp loss = 1.070  adjusted loss = 1.070  adv prob = 0.560713   acc = 0.469
Average incurred loss: 0.361  
Average sample loss: 0.374  
Average acc: 0.862  
  toxicity = 0, identity_any = 0  [n = 437]:	loss = 0.267  exp loss = 0.193  adjusted loss = 0.193  adv prob = 0.087737   acc = 0.920
  toxicity = 0, identity_any = 1  [n = 277]:	loss = 0.460  exp loss = 0.293  adjusted loss = 0.293  adv prob = 0.204107   acc = 0.801
  toxicity = 1, identity_any = 0  [n = 34]:	loss = 0.646  exp loss = 0.693  adjusted loss = 0.693  adv prob = 0.151886   acc = 0.676
  toxicity = 1, identity_any = 1  [n = 52]:	loss = 0.433  exp loss = 0.452  adjusted loss = 0.452  adv prob = 0.556269   acc = 0.827
Average incurred loss: 0.319  
Average sample loss: 0.411  
Average acc: 0.881  
  toxicity = 0, identity_any = 0  [n = 433]:	loss = 0.233  exp loss = 0.176  adjusted loss = 0.176  adv prob = 0.080038   acc = 0.928
  toxicity = 0, identity_any = 1  [n = 286]:	loss = 0.342  exp loss = 0.332  adjusted loss = 0.332  adv prob = 0.196118   acc = 0.871
  toxicity = 1, identity_any = 0  [n = 28]:	loss = 0.586  exp loss = 0.788  adjusted loss = 0.788  adv prob = 0.139442   acc = 0.750
  toxicity = 1, identity_any = 1  [n = 53]:	loss = 0.756  exp loss = 0.496  adjusted loss = 0.496  adv prob = 0.584402   acc = 0.623
Average incurred loss: 0.270  
Average sample loss: 0.362  
Average acc: 0.908  
  toxicity = 0, identity_any = 0  [n = 431]:	loss = 0.219  exp loss = 0.227  adjusted loss = 0.227  adv prob = 0.074227   acc = 0.937
  toxicity = 0, identity_any = 1  [n = 289]:	loss = 0.259  exp loss = 0.238  adjusted loss = 0.238  adv prob = 0.184065   acc = 0.913
  toxicity = 1, identity_any = 0  [n = 37]:	loss = 0.408  exp loss = 0.360  adjusted loss = 0.360  adv prob = 0.128490   acc = 0.811
  toxicity = 1, identity_any = 1  [n = 43]:	loss = 0.732  exp loss = 0.611  adjusted loss = 0.611  adv prob = 0.613218   acc = 0.651
Average incurred loss: 0.301  
Average sample loss: 0.415  
Average acc: 0.891  
  toxicity = 0, identity_any = 0  [n = 440]:	loss = 0.169  exp loss = 0.204  adjusted loss = 0.204  adv prob = 0.065709   acc = 0.957
  toxicity = 0, identity_any = 1  [n = 267]:	loss = 0.368  exp loss = 0.380  adjusted loss = 0.380  adv prob = 0.180927   acc = 0.861
  toxicity = 1, identity_any = 0  [n = 37]:	loss = 0.900  exp loss = 1.052  adjusted loss = 1.052  adv prob = 0.137127   acc = 0.622
  toxicity = 1, identity_any = 1  [n = 56]:	loss = 0.626  exp loss = 0.488  adjusted loss = 0.488  adv prob = 0.616237   acc = 0.696
Average incurred loss: 0.355  
Average sample loss: 0.408  
Average acc: 0.870  
  toxicity = 0, identity_any = 0  [n = 408]:	loss = 0.270  exp loss = 0.155  adjusted loss = 0.155  adv prob = 0.060610   acc = 0.922
  toxicity = 0, identity_any = 1  [n = 296]:	loss = 0.427  exp loss = 0.414  adjusted loss = 0.414  adv prob = 0.184315   acc = 0.838
  toxicity = 1, identity_any = 0  [n = 32]:	loss = 0.348  exp loss = 0.418  adjusted loss = 0.418  adv prob = 0.121804   acc = 0.813
  toxicity = 1, identity_any = 1  [n = 64]:	loss = 0.568  exp loss = 0.603  adjusted loss = 0.603  adv prob = 0.633270   acc = 0.719
Average incurred loss: 0.332  
Average sample loss: 0.411  
Average acc: 0.873  
  toxicity = 0, identity_any = 0  [n = 431]:	loss = 0.243  exp loss = 0.309  adjusted loss = 0.309  adv prob = 0.055436   acc = 0.916
  toxicity = 0, identity_any = 1  [n = 291]:	loss = 0.355  exp loss = 0.446  adjusted loss = 0.446  adv prob = 0.178819   acc = 0.873
  toxicity = 1, identity_any = 0  [n = 37]:	loss = 0.709  exp loss = 0.704  adjusted loss = 0.704  adv prob = 0.122695   acc = 0.676
  toxicity = 1, identity_any = 1  [n = 41]:	loss = 0.781  exp loss = 0.731  adjusted loss = 0.731  adv prob = 0.643050   acc = 0.585
Average incurred loss: 0.305  
Average sample loss: 0.402  
Average acc: 0.876  
  toxicity = 0, identity_any = 0  [n = 444]:	loss = 0.208  exp loss = 0.199  adjusted loss = 0.199  adv prob = 0.050423   acc = 0.937
  toxicity = 0, identity_any = 1  [n = 278]:	loss = 0.359  exp loss = 0.425  adjusted loss = 0.425  adv prob = 0.174531   acc = 0.853
  toxicity = 1, identity_any = 0  [n = 22]:	loss = 0.436  exp loss = 0.463  adjusted loss = 0.463  adv prob = 0.107504   acc = 0.773
  toxicity = 1, identity_any = 1  [n = 56]:	loss = 0.752  exp loss = 0.662  adjusted loss = 0.662  adv prob = 0.667542   acc = 0.554
Average incurred loss: 0.405  
Average sample loss: 0.314  
Average acc: 0.844  
  toxicity = 0, identity_any = 0  [n = 406]:	loss = 0.320  exp loss = 0.239  adjusted loss = 0.239  adv prob = 0.050783   acc = 0.889
  toxicity = 0, identity_any = 1  [n = 280]:	loss = 0.522  exp loss = 0.411  adjusted loss = 0.411  adv prob = 0.194117   acc = 0.789
  toxicity = 1, identity_any = 0  [n = 42]:	loss = 0.503  exp loss = 0.448  adjusted loss = 0.448  adv prob = 0.104838   acc = 0.762
  toxicity = 1, identity_any = 1  [n = 72]:	loss = 0.370  exp loss = 0.633  adjusted loss = 0.633  adv prob = 0.650261   acc = 0.847
Average incurred loss: 0.360  
Average sample loss: 0.404  
Average acc: 0.864  
  toxicity = 0, identity_any = 0  [n = 412]:	loss = 0.222  exp loss = 0.388  adjusted loss = 0.388  adv prob = 0.046771   acc = 0.934
  toxicity = 0, identity_any = 1  [n = 290]:	loss = 0.463  exp loss = 0.656  adjusted loss = 0.656  adv prob = 0.196926   acc = 0.810
  toxicity = 1, identity_any = 0  [n = 39]:	loss = 0.523  exp loss = 0.407  adjusted loss = 0.407  adv prob = 0.099293   acc = 0.795
  toxicity = 1, identity_any = 1  [n = 59]:	loss = 0.716  exp loss = 0.461  adjusted loss = 0.461  adv prob = 0.657010   acc = 0.678
Average incurred loss: 0.414  
Average sample loss: 0.400  
Average acc: 0.836  
  toxicity = 0, identity_any = 0  [n = 433]:	loss = 0.325  exp loss = 0.367  adjusted loss = 0.367  adv prob = 0.045196   acc = 0.896
  toxicity = 0, identity_any = 1  [n = 267]:	loss = 0.493  exp loss = 0.536  adjusted loss = 0.536  adv prob = 0.206172   acc = 0.779
  toxicity = 1, identity_any = 0  [n = 42]:	loss = 0.557  exp loss = 0.519  adjusted loss = 0.519  adv prob = 0.094146   acc = 0.762
  toxicity = 1, identity_any = 1  [n = 58]:	loss = 0.607  exp loss = 0.538  adjusted loss = 0.538  adv prob = 0.654486   acc = 0.707
Average incurred loss: 0.331  
Average sample loss: 0.366  
Average acc: 0.877  
  toxicity = 0, identity_any = 0  [n = 423]:	loss = 0.240  exp loss = 0.162  adjusted loss = 0.162  adv prob = 0.042605   acc = 0.927
  toxicity = 0, identity_any = 1  [n = 278]:	loss = 0.454  exp loss = 0.474  adjusted loss = 0.474  adv prob = 0.217852   acc = 0.820
  toxicity = 1, identity_any = 0  [n = 47]:	loss = 0.245  exp loss = 0.181  adjusted loss = 0.181  adv prob = 0.086284   acc = 0.915
  toxicity = 1, identity_any = 1  [n = 52]:	loss = 0.483  exp loss = 0.467  adjusted loss = 0.467  adv prob = 0.653259   acc = 0.750
Average incurred loss: 0.322  
Average sample loss: 0.495  
Average acc: 0.881  
  toxicity = 0, identity_any = 0  [n = 420]:	loss = 0.201  exp loss = 0.344  adjusted loss = 0.344  adv prob = 0.036733   acc = 0.933
  toxicity = 0, identity_any = 1  [n = 289]:	loss = 0.379  exp loss = 0.663  adjusted loss = 0.663  adv prob = 0.203995   acc = 0.862
  toxicity = 1, identity_any = 0  [n = 33]:	loss = 0.484  exp loss = 0.539  adjusted loss = 0.539  adv prob = 0.078181   acc = 0.788
  toxicity = 1, identity_any = 1  [n = 58]:	loss = 0.827  exp loss = 0.627  adjusted loss = 0.627  adv prob = 0.681091   acc = 0.655
Average incurred loss: 0.394  
Average sample loss: 0.366  
Average acc: 0.854  
  toxicity = 0, identity_any = 0  [n = 410]:	loss = 0.317  exp loss = 0.281  adjusted loss = 0.281  adv prob = 0.035641   acc = 0.900
  toxicity = 0, identity_any = 1  [n = 300]:	loss = 0.437  exp loss = 0.333  adjusted loss = 0.333  adv prob = 0.213433   acc = 0.847
  toxicity = 1, identity_any = 0  [n = 36]:	loss = 0.505  exp loss = 0.574  adjusted loss = 0.574  adv prob = 0.073957   acc = 0.694
  toxicity = 1, identity_any = 1  [n = 54]:	loss = 0.667  exp loss = 0.746  adjusted loss = 0.746  adv prob = 0.676970   acc = 0.648
Average incurred loss: 0.218  
Average sample loss: 0.395  
Average acc: 0.921  
  toxicity = 0, identity_any = 0  [n = 438]:	loss = 0.152  exp loss = 0.121  adjusted loss = 0.121  adv prob = 0.031546   acc = 0.961
  toxicity = 0, identity_any = 1  [n = 285]:	loss = 0.187  exp loss = 0.138  adjusted loss = 0.138  adv prob = 0.193350   acc = 0.937
  toxicity = 1, identity_any = 0  [n = 28]:	loss = 0.501  exp loss = 0.463  adjusted loss = 0.463  adv prob = 0.068471   acc = 0.750
  toxicity = 1, identity_any = 1  [n = 49]:	loss = 0.820  exp loss = 0.671  adjusted loss = 0.671  adv prob = 0.706633   acc = 0.571
Average incurred loss: 0.267  
Average sample loss: 0.395  
Average acc: 0.901  
  toxicity = 0, identity_any = 0  [n = 433]:	loss = 0.154  exp loss = 0.082  adjusted loss = 0.082  adv prob = 0.027851   acc = 0.952
  toxicity = 0, identity_any = 1  [n = 279]:	loss = 0.333  exp loss = 0.185  adjusted loss = 0.185  adv prob = 0.186694   acc = 0.864
  toxicity = 1, identity_any = 0  [n = 36]:	loss = 0.592  exp loss = 0.705  adjusted loss = 0.705  adv prob = 0.066157   acc = 0.806
  toxicity = 1, identity_any = 1  [n = 52]:	loss = 0.631  exp loss = 0.571  adjusted loss = 0.571  adv prob = 0.719298   acc = 0.750
Average incurred loss: 0.309  
Average sample loss: 0.491  
Average acc: 0.886  
  toxicity = 0, identity_any = 0  [n = 417]:	loss = 0.209  exp loss = 0.177  adjusted loss = 0.177  adv prob = 0.024077   acc = 0.945
  toxicity = 0, identity_any = 1  [n = 300]:	loss = 0.323  exp loss = 0.335  adjusted loss = 0.335  adv prob = 0.172289   acc = 0.873
  toxicity = 1, identity_any = 0  [n = 30]:	loss = 0.668  exp loss = 0.591  adjusted loss = 0.591  adv prob = 0.062014   acc = 0.667
  toxicity = 1, identity_any = 1  [n = 53]:	loss = 0.816  exp loss = 0.824  adjusted loss = 0.824  adv prob = 0.741620   acc = 0.623
Average incurred loss: 0.236  
Average sample loss: 0.290  
Average acc: 0.920  
  toxicity = 0, identity_any = 0  [n = 434]:	loss = 0.164  exp loss = 0.194  adjusted loss = 0.194  adv prob = 0.022600   acc = 0.959
  toxicity = 0, identity_any = 1  [n = 285]:	loss = 0.287  exp loss = 0.410  adjusted loss = 0.410  adv prob = 0.172078   acc = 0.902
  toxicity = 1, identity_any = 0  [n = 32]:	loss = 0.506  exp loss = 0.512  adjusted loss = 0.512  adv prob = 0.061679   acc = 0.781
  toxicity = 1, identity_any = 1  [n = 49]:	loss = 0.399  exp loss = 0.355  adjusted loss = 0.355  adv prob = 0.743643   acc = 0.776
Average incurred loss: 0.339  
Average sample loss: 0.466  
Average acc: 0.884  
  toxicity = 0, identity_any = 0  [n = 423]:	loss = 0.264  exp loss = 0.263  adjusted loss = 0.263  adv prob = 0.020149   acc = 0.931
  toxicity = 0, identity_any = 1  [n = 283]:	loss = 0.351  exp loss = 0.431  adjusted loss = 0.431  adv prob = 0.162260   acc = 0.873
  toxicity = 1, identity_any = 0  [n = 37]:	loss = 0.488  exp loss = 0.559  adjusted loss = 0.559  adv prob = 0.056358   acc = 0.811
  toxicity = 1, identity_any = 1  [n = 57]:	loss = 0.738  exp loss = 0.957  adjusted loss = 0.957  adv prob = 0.761233   acc = 0.632
Average incurred loss: 0.384  
Average sample loss: 0.340  
Average acc: 0.867  
  toxicity = 0, identity_any = 0  [n = 426]:	loss = 0.271  exp loss = 0.313  adjusted loss = 0.313  adv prob = 0.019308   acc = 0.918
  toxicity = 0, identity_any = 1  [n = 283]:	loss = 0.545  exp loss = 0.416  adjusted loss = 0.416  adv prob = 0.177785   acc = 0.816
  toxicity = 1, identity_any = 0  [n = 40]:	loss = 0.345  exp loss = 0.526  adjusted loss = 0.526  adv prob = 0.052652   acc = 0.825
  toxicity = 1, identity_any = 1  [n = 51]:	loss = 0.466  exp loss = 0.404  adjusted loss = 0.404  adv prob = 0.750255   acc = 0.765
Average incurred loss: 0.314  
Average sample loss: 0.499  
Average acc: 0.868  
  toxicity = 0, identity_any = 0  [n = 414]:	loss = 0.175  exp loss = 0.171  adjusted loss = 0.171  adv prob = 0.016432   acc = 0.947
  toxicity = 0, identity_any = 1  [n = 289]:	loss = 0.408  exp loss = 0.491  adjusted loss = 0.491  adv prob = 0.169259   acc = 0.806
  toxicity = 1, identity_any = 0  [n = 42]:	loss = 0.565  exp loss = 1.099  adjusted loss = 1.099  adv prob = 0.050638   acc = 0.786
  toxicity = 1, identity_any = 1  [n = 55]:	loss = 0.680  exp loss = 0.776  adjusted loss = 0.776  adv prob = 0.763671   acc = 0.655
Average incurred loss: 0.395  
Average sample loss: 0.363  
Average acc: 0.863  
  toxicity = 0, identity_any = 0  [n = 413]:	loss = 0.345  exp loss = 0.425  adjusted loss = 0.425  adv prob = 0.016169   acc = 0.889
  toxicity = 0, identity_any = 1  [n = 288]:	loss = 0.447  exp loss = 0.628  adjusted loss = 0.628  adv prob = 0.176816   acc = 0.868
  toxicity = 1, identity_any = 0  [n = 36]:	loss = 0.288  exp loss = 0.368  adjusted loss = 0.368  adv prob = 0.045589   acc = 0.778
  toxicity = 1, identity_any = 1  [n = 63]:	loss = 0.550  exp loss = 0.522  adjusted loss = 0.522  adv prob = 0.761426   acc = 0.714
Average incurred loss: 0.343  
Average sample loss: 0.388  
Average acc: 0.885  
  toxicity = 0, identity_any = 0  [n = 432]:	loss = 0.274  exp loss = 0.151  adjusted loss = 0.151  adv prob = 0.015462   acc = 0.921
  toxicity = 0, identity_any = 1  [n = 273]:	loss = 0.418  exp loss = 0.187  adjusted loss = 0.187  adv prob = 0.182083   acc = 0.857
  toxicity = 1, identity_any = 0  [n = 37]:	loss = 0.255  exp loss = 0.273  adjusted loss = 0.273  adv prob = 0.040093   acc = 0.865
  toxicity = 1, identity_any = 1  [n = 58]:	loss = 0.566  exp loss = 0.671  adjusted loss = 0.671  adv prob = 0.762363   acc = 0.759
Average incurred loss: 0.409  
Average sample loss: 0.501  
Average acc: 0.861  
  toxicity = 0, identity_any = 0  [n = 439]:	loss = 0.318  exp loss = 0.405  adjusted loss = 0.405  adv prob = 0.014104   acc = 0.909
  toxicity = 0, identity_any = 1  [n = 279]:	loss = 0.488  exp loss = 0.749  adjusted loss = 0.749  adv prob = 0.177523   acc = 0.824
  toxicity = 1, identity_any = 0  [n = 34]:	loss = 0.352  exp loss = 0.347  adjusted loss = 0.347  adv prob = 0.033919   acc = 0.824
  toxicity = 1, identity_any = 1  [n = 48]:	loss = 0.824  exp loss = 0.564  adjusted loss = 0.564  adv prob = 0.774454   acc = 0.667
Average incurred loss: 0.282  
Average sample loss: 0.373  
Average acc: 0.896  
  toxicity = 0, identity_any = 0  [n = 410]:	loss = 0.203  exp loss = 0.171  adjusted loss = 0.171  adv prob = 0.013043   acc = 0.932
  toxicity = 0, identity_any = 1  [n = 289]:	loss = 0.319  exp loss = 0.310  adjusted loss = 0.310  adv prob = 0.174028   acc = 0.893
  toxicity = 1, identity_any = 0  [n = 40]:	loss = 0.334  exp loss = 0.405  adjusted loss = 0.405  adv prob = 0.031656   acc = 0.825
  toxicity = 1, identity_any = 1  [n = 61]:	loss = 0.609  exp loss = 0.749  adjusted loss = 0.749  adv prob = 0.781274   acc = 0.721
Average incurred loss: 0.355  
Average sample loss: 0.433  
Average acc: 0.874  
  toxicity = 0, identity_any = 0  [n = 446]:	loss = 0.233  exp loss = 0.331  adjusted loss = 0.331  adv prob = 0.011882   acc = 0.926
  toxicity = 0, identity_any = 1  [n = 273]:	loss = 0.510  exp loss = 0.788  adjusted loss = 0.788  adv prob = 0.179044   acc = 0.813
  toxicity = 1, identity_any = 0  [n = 27]:	loss = 0.215  exp loss = 0.140  adjusted loss = 0.140  adv prob = 0.026332   acc = 0.926
  toxicity = 1, identity_any = 1  [n = 54]:	loss = 0.646  exp loss = 0.457  adjusted loss = 0.457  adv prob = 0.782742   acc = 0.722
Average incurred loss: 0.279  
Average sample loss: 0.477  
Average acc: 0.900  
  toxicity = 0, identity_any = 0  [n = 420]:	loss = 0.196  exp loss = 0.262  adjusted loss = 0.262  adv prob = 0.010332   acc = 0.945
  toxicity = 0, identity_any = 1  [n = 287]:	loss = 0.275  exp loss = 0.369  adjusted loss = 0.369  adv prob = 0.161855   acc = 0.909
  toxicity = 1, identity_any = 0  [n = 37]:	loss = 0.539  exp loss = 0.448  adjusted loss = 0.448  adv prob = 0.023900   acc = 0.703
  toxicity = 1, identity_any = 1  [n = 56]:	loss = 0.748  exp loss = 0.728  adjusted loss = 0.728  adv prob = 0.803913   acc = 0.643
Average incurred loss: 0.268  
Average sample loss: 0.389  
Average acc: 0.921  
  toxicity = 0, identity_any = 0  [n = 434]:	loss = 0.189  exp loss = 0.256  adjusted loss = 0.256  adv prob = 0.009371   acc = 0.961
  toxicity = 0, identity_any = 1  [n = 280]:	loss = 0.282  exp loss = 0.268  adjusted loss = 0.268  adv prob = 0.154316   acc = 0.914
  toxicity = 1, identity_any = 0  [n = 35]:	loss = 0.658  exp loss = 0.497  adjusted loss = 0.497  adv prob = 0.023042   acc = 0.743
  toxicity = 1, identity_any = 1  [n = 51]:	loss = 0.601  exp loss = 0.824  adjusted loss = 0.824  adv prob = 0.813271   acc = 0.745
Average incurred loss: 0.437  
Average sample loss: 0.464  
Average acc: 0.855  
  toxicity = 0, identity_any = 0  [n = 431]:	loss = 0.372  exp loss = 0.525  adjusted loss = 0.525  adv prob = 0.008948   acc = 0.884
  toxicity = 0, identity_any = 1  [n = 276]:	loss = 0.487  exp loss = 0.774  adjusted loss = 0.774  adv prob = 0.157661   acc = 0.844
  toxicity = 1, identity_any = 0  [n = 32]:	loss = 0.660  exp loss = 0.317  adjusted loss = 0.317  adv prob = 0.020838   acc = 0.750
  toxicity = 1, identity_any = 1  [n = 61]:	loss = 0.556  exp loss = 0.330  adjusted loss = 0.330  adv prob = 0.812553   acc = 0.754
Average incurred loss: 0.356  
Average sample loss: 0.367  
Average acc: 0.873  
  toxicity = 0, identity_any = 0  [n = 446]:	loss = 0.285  exp loss = 0.270  adjusted loss = 0.270  adv prob = 0.008562   acc = 0.917
  toxicity = 0, identity_any = 1  [n = 270]:	loss = 0.423  exp loss = 0.308  adjusted loss = 0.308  adv prob = 0.163077   acc = 0.852
  toxicity = 1, identity_any = 0  [n = 26]:	loss = 0.468  exp loss = 0.523  adjusted loss = 0.523  adv prob = 0.019127   acc = 0.769
  toxicity = 1, identity_any = 1  [n = 58]:	loss = 0.540  exp loss = 0.633  adjusted loss = 0.633  adv prob = 0.809234   acc = 0.672
Average incurred loss: 0.338  
Average sample loss: 0.490  
Average acc: 0.889  
  toxicity = 0, identity_any = 0  [n = 439]:	loss = 0.261  exp loss = 0.291  adjusted loss = 0.291  adv prob = 0.007647   acc = 0.929
  toxicity = 0, identity_any = 1  [n = 282]:	loss = 0.368  exp loss = 0.291  adjusted loss = 0.291  adv prob = 0.152218   acc = 0.890
  toxicity = 1, identity_any = 0  [n = 36]:	loss = 0.539  exp loss = 0.383  adjusted loss = 0.383  adv prob = 0.016819   acc = 0.722
  toxicity = 1, identity_any = 1  [n = 43]:	loss = 0.768  exp loss = 0.679  adjusted loss = 0.679  adv prob = 0.823316   acc = 0.605
Average incurred loss: 0.314  
Average sample loss: 0.282  
Average acc: 0.891  
  toxicity = 0, identity_any = 0  [n = 447]:	loss = 0.257  exp loss = 0.188  adjusted loss = 0.188  adv prob = 0.007547   acc = 0.931
  toxicity = 0, identity_any = 1  [n = 263]:	loss = 0.386  exp loss = 0.371  adjusted loss = 0.371  adv prob = 0.161735   acc = 0.871
  toxicity = 1, identity_any = 0  [n = 32]:	loss = 0.303  exp loss = 0.359  adjusted loss = 0.359  adv prob = 0.015859   acc = 0.781
  toxicity = 1, identity_any = 1  [n = 58]:	loss = 0.434  exp loss = 0.392  adjusted loss = 0.392  adv prob = 0.814859   acc = 0.741
Average incurred loss: 0.296  
Average sample loss: 0.361  
Average acc: 0.900  
  toxicity = 0, identity_any = 0  [n = 439]:	loss = 0.226  exp loss = 0.150  adjusted loss = 0.150  adv prob = 0.007099   acc = 0.938
  toxicity = 0, identity_any = 1  [n = 260]:	loss = 0.312  exp loss = 0.239  adjusted loss = 0.239  adv prob = 0.157614   acc = 0.896
  toxicity = 1, identity_any = 0  [n = 40]:	loss = 0.564  exp loss = 0.431  adjusted loss = 0.431  adv prob = 0.015558   acc = 0.775
  toxicity = 1, identity_any = 1  [n = 61]:	loss = 0.559  exp loss = 0.436  adjusted loss = 0.436  adv prob = 0.819729   acc = 0.721
Average incurred loss: 0.320  
Average sample loss: 0.471  
Average acc: 0.895  
  toxicity = 0, identity_any = 0  [n = 458]:	loss = 0.290  exp loss = 0.310  adjusted loss = 0.310  adv prob = 0.006467   acc = 0.924
  toxicity = 0, identity_any = 1  [n = 252]:	loss = 0.270  exp loss = 0.352  adjusted loss = 0.352  adv prob = 0.147500   acc = 0.909
  toxicity = 1, identity_any = 0  [n = 37]:	loss = 0.396  exp loss = 0.178  adjusted loss = 0.178  adv prob = 0.013215   acc = 0.784
  toxicity = 1, identity_any = 1  [n = 53]:	loss = 0.753  exp loss = 0.779  adjusted loss = 0.779  adv prob = 0.832818   acc = 0.660
Average incurred loss: 0.357  
Average sample loss: 0.412  
Average acc: 0.892  
  toxicity = 0, identity_any = 0  [n = 430]:	loss = 0.270  exp loss = 0.186  adjusted loss = 0.186  adv prob = 0.005952   acc = 0.935
  toxicity = 0, identity_any = 1  [n = 263]:	loss = 0.469  exp loss = 0.264  adjusted loss = 0.264  adv prob = 0.149694   acc = 0.848
  toxicity = 1, identity_any = 0  [n = 38]:	loss = 0.397  exp loss = 0.640  adjusted loss = 0.640  adv prob = 0.011713   acc = 0.816
  toxicity = 1, identity_any = 1  [n = 69]:	loss = 0.447  exp loss = 1.195  adjusted loss = 1.195  adv prob = 0.832641   acc = 0.841
Average incurred loss: 0.417  
Average sample loss: 0.483  
Average acc: 0.865  
  toxicity = 0, identity_any = 0  [n = 428]:	loss = 0.349  exp loss = 0.293  adjusted loss = 0.293  adv prob = 0.005487   acc = 0.897
  toxicity = 0, identity_any = 1  [n = 273]:	loss = 0.445  exp loss = 0.402  adjusted loss = 0.402  adv prob = 0.149168   acc = 0.872
  toxicity = 1, identity_any = 0  [n = 37]:	loss = 0.305  exp loss = 0.336  adjusted loss = 0.336  adv prob = 0.010016   acc = 0.838
  toxicity = 1, identity_any = 1  [n = 62]:	loss = 0.828  exp loss = 0.892  adjusted loss = 0.892  adv prob = 0.835329   acc = 0.629
Average incurred loss: 0.400  
Average sample loss: 0.439  
Average acc: 0.851  
  toxicity = 0, identity_any = 0  [n = 433]:	loss = 0.331  exp loss = 0.165  adjusted loss = 0.165  adv prob = 0.005197   acc = 0.905
  toxicity = 0, identity_any = 1  [n = 275]:	loss = 0.418  exp loss = 0.215  adjusted loss = 0.215  adv prob = 0.145793   acc = 0.825
  toxicity = 1, identity_any = 0  [n = 42]:	loss = 0.588  exp loss = 0.617  adjusted loss = 0.617  adv prob = 0.009168   acc = 0.738
  toxicity = 1, identity_any = 1  [n = 50]:	loss = 0.732  exp loss = 1.213  adjusted loss = 1.213  adv prob = 0.839842   acc = 0.620
Average incurred loss: 0.440  
Average sample loss: 0.422  
Average acc: 0.849  
  toxicity = 0, identity_any = 0  [n = 417]:	loss = 0.390  exp loss = 0.284  adjusted loss = 0.284  adv prob = 0.005051   acc = 0.875
  toxicity = 0, identity_any = 1  [n = 287]:	loss = 0.504  exp loss = 0.412  adjusted loss = 0.412  adv prob = 0.150825   acc = 0.840
  toxicity = 1, identity_any = 0  [n = 35]:	loss = 0.376  exp loss = 0.332  adjusted loss = 0.332  adv prob = 0.008357   acc = 0.771
  toxicity = 1, identity_any = 1  [n = 61]:	loss = 0.527  exp loss = 0.908  adjusted loss = 0.908  adv prob = 0.835767   acc = 0.754
Average incurred loss: 0.292  
Average sample loss: 0.536  
Average acc: 0.890  
  toxicity = 0, identity_any = 0  [n = 433]:	loss = 0.179  exp loss = 0.211  adjusted loss = 0.211  adv prob = 0.004212   acc = 0.954
  toxicity = 0, identity_any = 1  [n = 265]:	loss = 0.321  exp loss = 0.243  adjusted loss = 0.243  adv prob = 0.135613   acc = 0.872
  toxicity = 1, identity_any = 0  [n = 34]:	loss = 0.507  exp loss = 0.378  adjusted loss = 0.378  adv prob = 0.007216   acc = 0.735
  toxicity = 1, identity_any = 1  [n = 68]:	loss = 0.796  exp loss = 1.068  adjusted loss = 1.068  adv prob = 0.852960   acc = 0.632
Average incurred loss: 0.416  
Average sample loss: 0.333  
Average acc: 0.857  
  toxicity = 0, identity_any = 0  [n = 433]:	loss = 0.348  exp loss = 0.272  adjusted loss = 0.272  adv prob = 0.004255   acc = 0.896
  toxicity = 0, identity_any = 1  [n = 279]:	loss = 0.516  exp loss = 0.326  adjusted loss = 0.326  adv prob = 0.146251   acc = 0.817
  toxicity = 1, identity_any = 0  [n = 36]:	loss = 0.445  exp loss = 0.545  adjusted loss = 0.545  adv prob = 0.006789   acc = 0.806
  toxicity = 1, identity_any = 1  [n = 52]:	loss = 0.427  exp loss = 0.530  adjusted loss = 0.530  adv prob = 0.842705   acc = 0.788
Average incurred loss: 0.415  
Average sample loss: 0.321  
Average acc: 0.859  
  toxicity = 0, identity_any = 0  [n = 417]:	loss = 0.309  exp loss = 0.244  adjusted loss = 0.244  adv prob = 0.004242   acc = 0.906
  toxicity = 0, identity_any = 1  [n = 303]:	loss = 0.557  exp loss = 0.365  adjusted loss = 0.365  adv prob = 0.165081   acc = 0.809
  toxicity = 1, identity_any = 0  [n = 26]:	loss = 0.455  exp loss = 0.690  adjusted loss = 0.690  adv prob = 0.006439   acc = 0.808
  toxicity = 1, identity_any = 1  [n = 54]:	loss = 0.418  exp loss = 0.456  adjusted loss = 0.456  adv prob = 0.824238   acc = 0.796
Average incurred loss: 0.306  
Average sample loss: 0.496  
Average acc: 0.886  
  toxicity = 0, identity_any = 0  [n = 402]:	loss = 0.199  exp loss = 0.339  adjusted loss = 0.339  adv prob = 0.003670   acc = 0.938
  toxicity = 0, identity_any = 1  [n = 308]:	loss = 0.376  exp loss = 0.587  adjusted loss = 0.587  adv prob = 0.154174   acc = 0.860
  toxicity = 1, identity_any = 0  [n = 32]:	loss = 0.242  exp loss = 0.168  adjusted loss = 0.168  adv prob = 0.005216   acc = 0.906
  toxicity = 1, identity_any = 1  [n = 58]:	loss = 0.707  exp loss = 0.431  adjusted loss = 0.431  adv prob = 0.836941   acc = 0.655
Average incurred loss: 0.358  
Average sample loss: 0.360  
Average acc: 0.851  
  toxicity = 0, identity_any = 0  [n = 430]:	loss = 0.254  exp loss = 0.372  adjusted loss = 0.372  adv prob = 0.003484   acc = 0.909
  toxicity = 0, identity_any = 1  [n = 285]:	loss = 0.482  exp loss = 0.542  adjusted loss = 0.542  adv prob = 0.163967   acc = 0.793
  toxicity = 1, identity_any = 0  [n = 30]:	loss = 0.444  exp loss = 0.281  adjusted loss = 0.281  adv prob = 0.004860   acc = 0.800
  toxicity = 1, identity_any = 1  [n = 55]:	loss = 0.487  exp loss = 0.367  adjusted loss = 0.367  adv prob = 0.827689   acc = 0.727
Average incurred loss: 0.356  
Average sample loss: 0.407  
Average acc: 0.861  
  toxicity = 0, identity_any = 0  [n = 430]:	loss = 0.283  exp loss = 0.461  adjusted loss = 0.461  adv prob = 0.003284   acc = 0.900
  toxicity = 0, identity_any = 1  [n = 283]:	loss = 0.440  exp loss = 0.518  adjusted loss = 0.518  adv prob = 0.165009   acc = 0.830
  toxicity = 1, identity_any = 0  [n = 31]:	loss = 0.266  exp loss = 0.151  adjusted loss = 0.151  adv prob = 0.004146   acc = 0.903
  toxicity = 1, identity_any = 1  [n = 56]:	loss = 0.543  exp loss = 0.402  adjusted loss = 0.402  adv prob = 0.827562   acc = 0.696
Average incurred loss: 0.381  
Average sample loss: 0.291  
Average acc: 0.869  
  toxicity = 0, identity_any = 0  [n = 424]:	loss = 0.309  exp loss = 0.273  adjusted loss = 0.273  adv prob = 0.003325   acc = 0.908
  toxicity = 0, identity_any = 1  [n = 280]:	loss = 0.438  exp loss = 0.246  adjusted loss = 0.246  adv prob = 0.176871   acc = 0.843
  toxicity = 1, identity_any = 0  [n = 47]:	loss = 0.667  exp loss = 0.952  adjusted loss = 0.952  adv prob = 0.004272   acc = 0.723
  toxicity = 1, identity_any = 1  [n = 49]:	loss = 0.400  exp loss = 0.269  adjusted loss = 0.269  adv prob = 0.815533   acc = 0.816
Average incurred loss: 0.308  
Average sample loss: 0.356  
Average acc: 0.900  
  toxicity = 0, identity_any = 0  [n = 399]:	loss = 0.247  exp loss = 0.350  adjusted loss = 0.350  adv prob = 0.003112   acc = 0.935
  toxicity = 0, identity_any = 1  [n = 296]:	loss = 0.305  exp loss = 0.337  adjusted loss = 0.337  adv prob = 0.174365   acc = 0.905
  toxicity = 1, identity_any = 0  [n = 38]:	loss = 0.578  exp loss = 0.656  adjusted loss = 0.656  adv prob = 0.004155   acc = 0.763
  toxicity = 1, identity_any = 1  [n = 67]:	loss = 0.541  exp loss = 0.403  adjusted loss = 0.403  adv prob = 0.818368   acc = 0.746
Average incurred loss: 0.368  
Average sample loss: 0.411  
Average acc: 0.894  
  toxicity = 0, identity_any = 0  [n = 440]:	loss = 0.289  exp loss = 0.247  adjusted loss = 0.247  adv prob = 0.002946   acc = 0.936
  toxicity = 0, identity_any = 1  [n = 286]:	loss = 0.363  exp loss = 0.221  adjusted loss = 0.221  adv prob = 0.166117   acc = 0.878
  toxicity = 1, identity_any = 0  [n = 27]:	loss = 1.240  exp loss = 1.335  adjusted loss = 1.335  adv prob = 0.004532   acc = 0.593
  toxicity = 1, identity_any = 1  [n = 47]:	loss = 0.651  exp loss = 1.025  adjusted loss = 1.025  adv prob = 0.826405   acc = 0.766
Average incurred loss: 0.307  
Average sample loss: 0.550  
Average acc: 0.887  
  toxicity = 0, identity_any = 0  [n = 433]:	loss = 0.196  exp loss = 0.224  adjusted loss = 0.224  adv prob = 0.002469   acc = 0.942
  toxicity = 0, identity_any = 1  [n = 287]:	loss = 0.370  exp loss = 0.506  adjusted loss = 0.506  adv prob = 0.151226   acc = 0.861
  toxicity = 1, identity_any = 0  [n = 35]:	loss = 0.408  exp loss = 0.487  adjusted loss = 0.487  adv prob = 0.003899   acc = 0.800
  toxicity = 1, identity_any = 1  [n = 45]:	loss = 0.887  exp loss = 0.615  adjusted loss = 0.615  adv prob = 0.842406   acc = 0.600
Average incurred loss: 0.292  
Average sample loss: 0.387  
Average acc: 0.902  
  toxicity = 0, identity_any = 0  [n = 441]:	loss = 0.225  exp loss = 0.188  adjusted loss = 0.188  adv prob = 0.002273   acc = 0.937
  toxicity = 0, identity_any = 1  [n = 281]:	loss = 0.333  exp loss = 0.247  adjusted loss = 0.247  adv prob = 0.148577   acc = 0.893
  toxicity = 1, identity_any = 0  [n = 33]:	loss = 0.534  exp loss = 0.418  adjusted loss = 0.418  adv prob = 0.003691   acc = 0.758
  toxicity = 1, identity_any = 1  [n = 45]:	loss = 0.513  exp loss = 0.610  adjusted loss = 0.610  adv prob = 0.845460   acc = 0.733
Average incurred loss: 0.277  
Average sample loss: 0.438  
Average acc: 0.908  
  toxicity = 0, identity_any = 0  [n = 433]:	loss = 0.175  exp loss = 0.167  adjusted loss = 0.167  adv prob = 0.001979   acc = 0.954
  toxicity = 0, identity_any = 1  [n = 275]:	loss = 0.316  exp loss = 0.260  adjusted loss = 0.260  adv prob = 0.138875   acc = 0.898
  toxicity = 1, identity_any = 0  [n = 39]:	loss = 0.672  exp loss = 0.741  adjusted loss = 0.741  adv prob = 0.003655   acc = 0.769
  toxicity = 1, identity_any = 1  [n = 53]:	loss = 0.611  exp loss = 0.856  adjusted loss = 0.856  adv prob = 0.855492   acc = 0.679
Average incurred loss: 0.294  
Average sample loss: 0.258  
Average acc: 0.890  
  toxicity = 0, identity_any = 0  [n = 457]:	loss = 0.188  exp loss = 0.118  adjusted loss = 0.118  adv prob = 0.001901   acc = 0.932
  toxicity = 0, identity_any = 1  [n = 252]:	loss = 0.373  exp loss = 0.287  adjusted loss = 0.287  adv prob = 0.146354   acc = 0.849
  toxicity = 1, identity_any = 0  [n = 39]:	loss = 0.887  exp loss = 1.357  adjusted loss = 1.357  adv prob = 0.004106   acc = 0.718
  toxicity = 1, identity_any = 1  [n = 52]:	loss = 0.391  exp loss = 0.514  adjusted loss = 0.514  adv prob = 0.847638   acc = 0.846
Average incurred loss: 0.254  
Average sample loss: 0.485  
Average acc: 0.914  
  toxicity = 0, identity_any = 0  [n = 424]:	loss = 0.110  exp loss = 0.106  adjusted loss = 0.106  adv prob = 0.001579   acc = 0.969
  toxicity = 0, identity_any = 1  [n = 294]:	loss = 0.274  exp loss = 0.326  adjusted loss = 0.326  adv prob = 0.131047   acc = 0.908
  toxicity = 1, identity_any = 0  [n = 34]:	loss = 0.822  exp loss = 0.615  adjusted loss = 0.615  adv prob = 0.003868   acc = 0.735
  toxicity = 1, identity_any = 1  [n = 48]:	loss = 1.000  exp loss = 0.756  adjusted loss = 0.756  adv prob = 0.863506   acc = 0.583
Average incurred loss: 0.274  
Average sample loss: 0.371  
Average acc: 0.904  
  toxicity = 0, identity_any = 0  [n = 442]:	loss = 0.171  exp loss = 0.206  adjusted loss = 0.206  adv prob = 0.001425   acc = 0.952
  toxicity = 0, identity_any = 1  [n = 268]:	loss = 0.371  exp loss = 0.647  adjusted loss = 0.647  adv prob = 0.129054   acc = 0.869
  toxicity = 1, identity_any = 0  [n = 28]:	loss = 0.411  exp loss = 0.399  adjusted loss = 0.399  adv prob = 0.003531   acc = 0.750
  toxicity = 1, identity_any = 1  [n = 62]:	loss = 0.534  exp loss = 0.458  adjusted loss = 0.458  adv prob = 0.865990   acc = 0.774
Average incurred loss: 0.415  
Average sample loss: 0.409  
Average acc: 0.867  
  toxicity = 0, identity_any = 0  [n = 429]:	loss = 0.385  exp loss = 0.535  adjusted loss = 0.535  adv prob = 0.001406   acc = 0.881
  toxicity = 0, identity_any = 1  [n = 281]:	loss = 0.462  exp loss = 0.515  adjusted loss = 0.515  adv prob = 0.130390   acc = 0.861
  toxicity = 1, identity_any = 0  [n = 35]:	loss = 0.344  exp loss = 0.378  adjusted loss = 0.378  adv prob = 0.003123   acc = 0.800
  toxicity = 1, identity_any = 1  [n = 55]:	loss = 0.462  exp loss = 0.293  adjusted loss = 0.293  adv prob = 0.865081   acc = 0.836
Average incurred loss: 0.257  
Average sample loss: 0.531  
Average acc: 0.919  
  toxicity = 0, identity_any = 0  [n = 400]:	loss = 0.146  exp loss = 0.235  adjusted loss = 0.235  adv prob = 0.001159   acc = 0.965
  toxicity = 0, identity_any = 1  [n = 312]:	loss = 0.231  exp loss = 0.272  adjusted loss = 0.272  adv prob = 0.111786   acc = 0.936
  toxicity = 1, identity_any = 0  [n = 34]:	loss = 0.709  exp loss = 0.750  adjusted loss = 0.750  adv prob = 0.002870   acc = 0.735
  toxicity = 1, identity_any = 1  [n = 54]:	loss = 0.950  exp loss = 0.837  adjusted loss = 0.837  adv prob = 0.884185   acc = 0.593
Average incurred loss: 0.304  
Average sample loss: 0.578  
Average acc: 0.897  
  toxicity = 0, identity_any = 0  [n = 423]:	loss = 0.215  exp loss = 0.256  adjusted loss = 0.256  adv prob = 0.000965   acc = 0.946
  toxicity = 0, identity_any = 1  [n = 297]:	loss = 0.351  exp loss = 0.395  adjusted loss = 0.395  adv prob = 0.100978   acc = 0.882
  toxicity = 1, identity_any = 0  [n = 32]:	loss = 0.163  exp loss = 0.176  adjusted loss = 0.176  adv prob = 0.002234   acc = 0.938
  toxicity = 1, identity_any = 1  [n = 48]:	loss = 0.887  exp loss = 0.671  adjusted loss = 0.671  adv prob = 0.895824   acc = 0.542
Average incurred loss: 0.375  
Average sample loss: 0.253  
Average acc: 0.872  
  toxicity = 0, identity_any = 0  [n = 431]:	loss = 0.303  exp loss = 0.184  adjusted loss = 0.184  adv prob = 0.000989   acc = 0.914
  toxicity = 0, identity_any = 1  [n = 281]:	loss = 0.502  exp loss = 0.448  adjusted loss = 0.448  adv prob = 0.113267   acc = 0.826
  toxicity = 1, identity_any = 0  [n = 33]:	loss = 0.373  exp loss = 0.221  adjusted loss = 0.221  adv prob = 0.002156   acc = 0.788
  toxicity = 1, identity_any = 1  [n = 55]:	loss = 0.283  exp loss = 0.399  adjusted loss = 0.399  adv prob = 0.883588   acc = 0.836
Average incurred loss: 0.292  
Average sample loss: 0.350  
Average acc: 0.900  
  toxicity = 0, identity_any = 0  [n = 411]:	loss = 0.211  exp loss = 0.246  adjusted loss = 0.246  adv prob = 0.000919   acc = 0.944
  toxicity = 0, identity_any = 1  [n = 296]:	loss = 0.316  exp loss = 0.301  adjusted loss = 0.301  adv prob = 0.111784   acc = 0.895
  toxicity = 1, identity_any = 0  [n = 38]:	loss = 0.396  exp loss = 0.383  adjusted loss = 0.383  adv prob = 0.002001   acc = 0.816
  toxicity = 1, identity_any = 1  [n = 55]:	loss = 0.693  exp loss = 0.444  adjusted loss = 0.444  adv prob = 0.885296   acc = 0.655
Average incurred loss: 0.400  
Average sample loss: 0.518  
Average acc: 0.876  
  toxicity = 0, identity_any = 0  [n = 411]:	loss = 0.294  exp loss = 0.237  adjusted loss = 0.237  adv prob = 0.000821   acc = 0.922
  toxicity = 0, identity_any = 1  [n = 284]:	loss = 0.520  exp loss = 0.632  adjusted loss = 0.632  adv prob = 0.113300   acc = 0.845
  toxicity = 1, identity_any = 0  [n = 39]:	loss = 0.304  exp loss = 0.193  adjusted loss = 0.193  adv prob = 0.001653   acc = 0.872
  toxicity = 1, identity_any = 1  [n = 66]:	loss = 0.597  exp loss = 0.308  adjusted loss = 0.308  adv prob = 0.884227   acc = 0.727
Average incurred loss: 0.356  
Average sample loss: 0.318  
Average acc: 0.885  
  toxicity = 0, identity_any = 0  [n = 433]:	loss = 0.250  exp loss = 0.250  adjusted loss = 0.250  adv prob = 0.000794   acc = 0.935
  toxicity = 0, identity_any = 1  [n = 272]:	loss = 0.497  exp loss = 0.605  adjusted loss = 0.605  adv prob = 0.126313   acc = 0.835
  toxicity = 1, identity_any = 0  [n = 30]:	loss = 0.515  exp loss = 0.414  adjusted loss = 0.414  adv prob = 0.001584   acc = 0.733
  toxicity = 1, identity_any = 1  [n = 65]:	loss = 0.393  exp loss = 0.449  adjusted loss = 0.449  adv prob = 0.871309   acc = 0.831
Average incurred loss: 0.316  
Average sample loss: 0.471  
Average acc: 0.894  
  toxicity = 0, identity_any = 0  [n = 410]:	loss = 0.276  exp loss = 0.304  adjusted loss = 0.304  adv prob = 0.000720   acc = 0.932
  toxicity = 0, identity_any = 1  [n = 294]:	loss = 0.285  exp loss = 0.240  adjusted loss = 0.240  adv prob = 0.114328   acc = 0.915
  toxicity = 1, identity_any = 0  [n = 39]:	loss = 0.452  exp loss = 0.566  adjusted loss = 0.566  adv prob = 0.001452   acc = 0.718
  toxicity = 1, identity_any = 1  [n = 57]:	loss = 0.663  exp loss = 0.869  adjusted loss = 0.869  adv prob = 0.883500   acc = 0.632
Average incurred loss: 0.309  
Average sample loss: 0.292  
Average acc: 0.906  
  toxicity = 0, identity_any = 0  [n = 385]:	loss = 0.250  exp loss = 0.362  adjusted loss = 0.362  adv prob = 0.000707   acc = 0.930
  toxicity = 0, identity_any = 1  [n = 328]:	loss = 0.363  exp loss = 0.246  adjusted loss = 0.246  adv prob = 0.118111   acc = 0.896
  toxicity = 1, identity_any = 0  [n = 24]:	loss = 0.412  exp loss = 0.506  adjusted loss = 0.506  adv prob = 0.001372   acc = 0.833
  toxicity = 1, identity_any = 1  [n = 63]:	loss = 0.351  exp loss = 0.712  adjusted loss = 0.712  adv prob = 0.879810   acc = 0.841
Average incurred loss: 0.299  
Average sample loss: 0.428  
Average acc: 0.895  
  toxicity = 0, identity_any = 0  [n = 397]:	loss = 0.182  exp loss = 0.171  adjusted loss = 0.171  adv prob = 0.000624   acc = 0.952
  toxicity = 0, identity_any = 1  [n = 308]:	loss = 0.337  exp loss = 0.325  adjusted loss = 0.325  adv prob = 0.113104   acc = 0.886
  toxicity = 1, identity_any = 0  [n = 36]:	loss = 0.810  exp loss = 1.045  adjusted loss = 1.045  adv prob = 0.001433   acc = 0.639
  toxicity = 1, identity_any = 1  [n = 59]:	loss = 0.574  exp loss = 0.606  adjusted loss = 0.606  adv prob = 0.884838   acc = 0.712
Average incurred loss: 0.372  
Average sample loss: 0.326  
Average acc: 0.891  
  toxicity = 0, identity_any = 0  [n = 437]:	loss = 0.319  exp loss = 0.289  adjusted loss = 0.289  adv prob = 0.000617   acc = 0.924
  toxicity = 0, identity_any = 1  [n = 276]:	loss = 0.410  exp loss = 0.518  adjusted loss = 0.518  adv prob = 0.118520   acc = 0.891
  toxicity = 1, identity_any = 0  [n = 43]:	loss = 0.428  exp loss = 0.295  adjusted loss = 0.295  adv prob = 0.001353   acc = 0.814
  toxicity = 1, identity_any = 1  [n = 44]:	loss = 0.594  exp loss = 0.439  adjusted loss = 0.439  adv prob = 0.879511   acc = 0.636
Average incurred loss: 0.258  
Average sample loss: 0.344  
Average acc: 0.908  
  toxicity = 0, identity_any = 0  [n = 429]:	loss = 0.179  exp loss = 0.224  adjusted loss = 0.224  adv prob = 0.000567   acc = 0.953
  toxicity = 0, identity_any = 1  [n = 279]:	loss = 0.270  exp loss = 0.291  adjusted loss = 0.291  adv prob = 0.113648   acc = 0.910
  toxicity = 1, identity_any = 0  [n = 39]:	loss = 0.518  exp loss = 0.379  adjusted loss = 0.379  adv prob = 0.001288   acc = 0.692
  toxicity = 1, identity_any = 1  [n = 53]:	loss = 0.644  exp loss = 0.475  adjusted loss = 0.475  adv prob = 0.884497   acc = 0.679
Average incurred loss: 0.242  
Average sample loss: 0.369  
Average acc: 0.926  
  toxicity = 0, identity_any = 0  [n = 404]:	loss = 0.140  exp loss = 0.093  adjusted loss = 0.093  adv prob = 0.000504   acc = 0.968
  toxicity = 0, identity_any = 1  [n = 309]:	loss = 0.221  exp loss = 0.154  adjusted loss = 0.154  adv prob = 0.105999   acc = 0.955
  toxicity = 1, identity_any = 0  [n = 35]:	loss = 1.058  exp loss = 1.032  adjusted loss = 1.032  adv prob = 0.001371   acc = 0.514
  toxicity = 1, identity_any = 1  [n = 52]:	loss = 0.604  exp loss = 0.576  adjusted loss = 0.576  adv prob = 0.892126   acc = 0.712
Average incurred loss: 0.362  
Average sample loss: 0.365  
Average acc: 0.895  
  toxicity = 0, identity_any = 0  [n = 415]:	loss = 0.292  exp loss = 0.339  adjusted loss = 0.339  adv prob = 0.000486   acc = 0.928
  toxicity = 0, identity_any = 1  [n = 308]:	loss = 0.419  exp loss = 0.370  adjusted loss = 0.370  adv prob = 0.109506   acc = 0.883
  toxicity = 1, identity_any = 0  [n = 28]:	loss = 0.441  exp loss = 0.451  adjusted loss = 0.451  adv prob = 0.001259   acc = 0.821
  toxicity = 1, identity_any = 1  [n = 49]:	loss = 0.561  exp loss = 0.532  adjusted loss = 0.532  adv prob = 0.888749   acc = 0.735
Average incurred loss: 0.322  
Average sample loss: 0.522  
Average acc: 0.901  
  toxicity = 0, identity_any = 0  [n = 414]:	loss = 0.182  exp loss = 0.218  adjusted loss = 0.218  adv prob = 0.000411   acc = 0.959
  toxicity = 0, identity_any = 1  [n = 291]:	loss = 0.327  exp loss = 0.964  adjusted loss = 0.964  adv prob = 0.103769   acc = 0.911
  toxicity = 1, identity_any = 0  [n = 38]:	loss = 1.054  exp loss = 0.948  adjusted loss = 0.948  adv prob = 0.001305   acc = 0.605
  toxicity = 1, identity_any = 1  [n = 57]:	loss = 0.824  exp loss = 0.893  adjusted loss = 0.893  adv prob = 0.894515   acc = 0.632
Average incurred loss: 0.289  
Average sample loss: 0.285  
Average acc: 0.909  
  toxicity = 0, identity_any = 0  [n = 409]:	loss = 0.212  exp loss = 0.225  adjusted loss = 0.225  adv prob = 0.000394   acc = 0.939
  toxicity = 0, identity_any = 1  [n = 288]:	loss = 0.344  exp loss = 0.333  adjusted loss = 0.333  adv prob = 0.107951   acc = 0.906
  toxicity = 1, identity_any = 0  [n = 42]:	loss = 0.498  exp loss = 0.560  adjusted loss = 0.560  adv prob = 0.001326   acc = 0.786
  toxicity = 1, identity_any = 1  [n = 61]:	loss = 0.398  exp loss = 0.195  adjusted loss = 0.195  adv prob = 0.890329   acc = 0.803
Average incurred loss: 0.341  
Average sample loss: 0.333  
Average acc: 0.898  
  toxicity = 0, identity_any = 0  [n = 425]:	loss = 0.243  exp loss = 0.156  adjusted loss = 0.156  adv prob = 0.000377   acc = 0.939
  toxicity = 0, identity_any = 1  [n = 281]:	loss = 0.425  exp loss = 0.396  adjusted loss = 0.396  adv prob = 0.113316   acc = 0.886
  toxicity = 1, identity_any = 0  [n = 50]:	loss = 0.550  exp loss = 0.674  adjusted loss = 0.674  adv prob = 0.001360   acc = 0.740
  toxicity = 1, identity_any = 1  [n = 44]:	loss = 0.504  exp loss = 0.524  adjusted loss = 0.524  adv prob = 0.884947   acc = 0.750
Average incurred loss: 0.361  
Average sample loss: 0.606  
Average acc: 0.885  
  toxicity = 0, identity_any = 0  [n = 438]:	loss = 0.223  exp loss = 0.329  adjusted loss = 0.329  adv prob = 0.000312   acc = 0.943
  toxicity = 0, identity_any = 1  [n = 261]:	loss = 0.455  exp loss = 0.531  adjusted loss = 0.531  adv prob = 0.104136   acc = 0.877
  toxicity = 1, identity_any = 0  [n = 47]:	loss = 0.652  exp loss = 0.566  adjusted loss = 0.566  adv prob = 0.001200   acc = 0.681
  toxicity = 1, identity_any = 1  [n = 54]:	loss = 0.769  exp loss = 0.381  adjusted loss = 0.381  adv prob = 0.894353   acc = 0.630
Average incurred loss: 0.366  
Average sample loss: 0.379  
Average acc: 0.886  
  toxicity = 0, identity_any = 0  [n = 406]:	loss = 0.208  exp loss = 0.210  adjusted loss = 0.210  adv prob = 0.000288   acc = 0.956
  toxicity = 0, identity_any = 1  [n = 293]:	loss = 0.567  exp loss = 0.442  adjusted loss = 0.442  adv prob = 0.114019   acc = 0.826
  toxicity = 1, identity_any = 0  [n = 30]:	loss = 0.345  exp loss = 0.328  adjusted loss = 0.328  adv prob = 0.001067   acc = 0.867
  toxicity = 1, identity_any = 1  [n = 71]:	loss = 0.451  exp loss = 0.630  adjusted loss = 0.630  adv prob = 0.884625   acc = 0.746
Average incurred loss: 0.360  
Average sample loss: 0.364  
Average acc: 0.884  
  toxicity = 0, identity_any = 0  [n = 442]:	loss = 0.270  exp loss = 0.351  adjusted loss = 0.351  adv prob = 0.000273   acc = 0.950
  toxicity = 0, identity_any = 1  [n = 271]:	loss = 0.429  exp loss = 0.406  adjusted loss = 0.406  adv prob = 0.117343   acc = 0.856
  toxicity = 1, identity_any = 0  [n = 36]:	loss = 0.624  exp loss = 0.557  adjusted loss = 0.557  adv prob = 0.001048   acc = 0.639
  toxicity = 1, identity_any = 1  [n = 51]:	loss = 0.585  exp loss = 0.630  adjusted loss = 0.630  adv prob = 0.881336   acc = 0.627
Average incurred loss: 0.356  
Average sample loss: 0.324  
Average acc: 0.889  
  toxicity = 0, identity_any = 0  [n = 423]:	loss = 0.257  exp loss = 0.304  adjusted loss = 0.304  adv prob = 0.000262   acc = 0.943
  toxicity = 0, identity_any = 1  [n = 269]:	loss = 0.497  exp loss = 0.603  adjusted loss = 0.603  adv prob = 0.128766   acc = 0.862
  toxicity = 1, identity_any = 0  [n = 41]:	loss = 0.376  exp loss = 0.284  adjusted loss = 0.284  adv prob = 0.000994   acc = 0.756
  toxicity = 1, identity_any = 1  [n = 67]:	loss = 0.401  exp loss = 0.202  adjusted loss = 0.202  adv prob = 0.869977   acc = 0.731
Average incurred loss: 0.252  
Average sample loss: 0.498  
Average acc: 0.922  
  toxicity = 0, identity_any = 0  [n = 431]:	loss = 0.146  exp loss = 0.160  adjusted loss = 0.160  adv prob = 0.000220   acc = 0.961
  toxicity = 0, identity_any = 1  [n = 286]:	loss = 0.272  exp loss = 0.395  adjusted loss = 0.395  adv prob = 0.114466   acc = 0.930
  toxicity = 1, identity_any = 0  [n = 32]:	loss = 0.645  exp loss = 0.414  adjusted loss = 0.414  adv prob = 0.000887   acc = 0.781
  toxicity = 1, identity_any = 1  [n = 51]:	loss = 0.778  exp loss = 1.040  adjusted loss = 1.040  adv prob = 0.884427   acc = 0.647
Average incurred loss: 0.343  
Average sample loss: 0.424  
Average acc: 0.892  
  toxicity = 0, identity_any = 0  [n = 446]:	loss = 0.265  exp loss = 0.354  adjusted loss = 0.354  adv prob = 0.000202   acc = 0.935
  toxicity = 0, identity_any = 1  [n = 262]:	loss = 0.375  exp loss = 0.305  adjusted loss = 0.305  adv prob = 0.111967   acc = 0.882
  toxicity = 1, identity_any = 0  [n = 42]:	loss = 0.521  exp loss = 0.528  adjusted loss = 0.528  adv prob = 0.000846   acc = 0.762
  toxicity = 1, identity_any = 1  [n = 50]:	loss = 0.725  exp loss = 0.418  adjusted loss = 0.418  adv prob = 0.886985   acc = 0.680
Average incurred loss: 0.261  
Average sample loss: 0.549  
Average acc: 0.918  
  toxicity = 0, identity_any = 0  [n = 430]:	loss = 0.162  exp loss = 0.245  adjusted loss = 0.245  adv prob = 0.000167   acc = 0.967
  toxicity = 0, identity_any = 1  [n = 290]:	loss = 0.288  exp loss = 0.369  adjusted loss = 0.369  adv prob = 0.098114   acc = 0.910
  toxicity = 1, identity_any = 0  [n = 29]:	loss = 0.343  exp loss = 0.264  adjusted loss = 0.264  adv prob = 0.000702   acc = 0.793
  toxicity = 1, identity_any = 1  [n = 51]:	loss = 0.894  exp loss = 0.668  adjusted loss = 0.668  adv prob = 0.901017   acc = 0.608
Average incurred loss: 0.272  
Average sample loss: 0.356  
Average acc: 0.921  
  toxicity = 0, identity_any = 0  [n = 430]:	loss = 0.177  exp loss = 0.154  adjusted loss = 0.154  adv prob = 0.000153   acc = 0.972
  toxicity = 0, identity_any = 1  [n = 296]:	loss = 0.321  exp loss = 0.318  adjusted loss = 0.318  adv prob = 0.096233   acc = 0.916
  toxicity = 1, identity_any = 0  [n = 35]:	loss = 0.630  exp loss = 0.708  adjusted loss = 0.708  adv prob = 0.000714   acc = 0.657
  toxicity = 1, identity_any = 1  [n = 39]:	loss = 0.626  exp loss = 0.651  adjusted loss = 0.651  adv prob = 0.902900   acc = 0.641
Average incurred loss: 0.480  
Average sample loss: 0.238  
Average acc: 0.829  
  toxicity = 0, identity_any = 0  [n = 402]:	loss = 0.408  exp loss = 0.344  adjusted loss = 0.344  adv prob = 0.000166   acc = 0.883
  toxicity = 0, identity_any = 1  [n = 296]:	loss = 0.622  exp loss = 0.652  adjusted loss = 0.652  adv prob = 0.117343   acc = 0.764
  toxicity = 1, identity_any = 0  [n = 35]:	loss = 0.484  exp loss = 0.702  adjusted loss = 0.702  adv prob = 0.000722   acc = 0.771
  toxicity = 1, identity_any = 1  [n = 67]:	loss = 0.275  exp loss = 0.285  adjusted loss = 0.285  adv prob = 0.881769   acc = 0.821
Average incurred loss: 0.323  
Average sample loss: 0.369  
Average acc: 0.888  
  toxicity = 0, identity_any = 0  [n = 436]:	loss = 0.247  exp loss = 0.179  adjusted loss = 0.179  adv prob = 0.000158   acc = 0.933
  toxicity = 0, identity_any = 1  [n = 272]:	loss = 0.388  exp loss = 0.294  adjusted loss = 0.294  adv prob = 0.117137   acc = 0.868
  toxicity = 1, identity_any = 0  [n = 41]:	loss = 0.421  exp loss = 0.487  adjusted loss = 0.487  adv prob = 0.000695   acc = 0.805
  toxicity = 1, identity_any = 1  [n = 51]:	loss = 0.551  exp loss = 0.687  adjusted loss = 0.687  adv prob = 0.882010   acc = 0.667
Average incurred loss: 0.425  
Average sample loss: 0.304  
Average acc: 0.860  
  toxicity = 0, identity_any = 0  [n = 425]:	loss = 0.341  exp loss = 0.361  adjusted loss = 0.361  adv prob = 0.000163   acc = 0.908
  toxicity = 0, identity_any = 1  [n = 272]:	loss = 0.573  exp loss = 0.567  adjusted loss = 0.567  adv prob = 0.134664   acc = 0.794
  toxicity = 1, identity_any = 0  [n = 41]:	loss = 0.434  exp loss = 0.521  adjusted loss = 0.521  adv prob = 0.000670   acc = 0.805
  toxicity = 1, identity_any = 1  [n = 62]:	loss = 0.350  exp loss = 0.402  adjusted loss = 0.402  adv prob = 0.864503   acc = 0.855
Average incurred loss: 0.314  
Average sample loss: 0.518  
Average acc: 0.905  
  toxicity = 0, identity_any = 0  [n = 414]:	loss = 0.222  exp loss = 0.249  adjusted loss = 0.249  adv prob = 0.000142   acc = 0.947
  toxicity = 0, identity_any = 1  [n = 290]:	loss = 0.306  exp loss = 0.304  adjusted loss = 0.304  adv prob = 0.120972   acc = 0.917
  toxicity = 1, identity_any = 0  [n = 47]:	loss = 0.691  exp loss = 0.863  adjusted loss = 0.863  adv prob = 0.000644   acc = 0.702
  toxicity = 1, identity_any = 1  [n = 49]:	loss = 0.772  exp loss = 0.531  adjusted loss = 0.531  adv prob = 0.878242   acc = 0.673
Average incurred loss: 0.454  
Average sample loss: 0.470  
Average acc: 0.844  
  toxicity = 0, identity_any = 0  [n = 428]:	loss = 0.353  exp loss = 0.283  adjusted loss = 0.283  adv prob = 0.000135   acc = 0.904
  toxicity = 0, identity_any = 1  [n = 290]:	loss = 0.578  exp loss = 0.460  adjusted loss = 0.460  adv prob = 0.126112   acc = 0.797
  toxicity = 1, identity_any = 0  [n = 37]:	loss = 0.406  exp loss = 0.457  adjusted loss = 0.457  adv prob = 0.000580   acc = 0.838
  toxicity = 1, identity_any = 1  [n = 45]:	loss = 0.666  exp loss = 0.753  adjusted loss = 0.753  adv prob = 0.873174   acc = 0.578
Average incurred loss: 0.339  
Average sample loss: 0.325  
Average acc: 0.875  
  toxicity = 0, identity_any = 0  [n = 457]:	loss = 0.262  exp loss = 0.161  adjusted loss = 0.161  adv prob = 0.000132   acc = 0.915
  toxicity = 0, identity_any = 1  [n = 260]:	loss = 0.426  exp loss = 0.299  adjusted loss = 0.299  adv prob = 0.132322   acc = 0.850
  toxicity = 1, identity_any = 0  [n = 33]:	loss = 0.476  exp loss = 0.586  adjusted loss = 0.586  adv prob = 0.000563   acc = 0.818
  toxicity = 1, identity_any = 1  [n = 50]:	loss = 0.496  exp loss = 0.583  adjusted loss = 0.583  adv prob = 0.866983   acc = 0.680
Average incurred loss: 0.294  
Average sample loss: 0.326  
Average acc: 0.885  
  toxicity = 0, identity_any = 0  [n = 427]:	loss = 0.168  exp loss = 0.132  adjusted loss = 0.132  adv prob = 0.000122   acc = 0.948
  toxicity = 0, identity_any = 1  [n = 286]:	loss = 0.457  exp loss = 0.331  adjusted loss = 0.331  adv prob = 0.142786   acc = 0.808
  toxicity = 1, identity_any = 0  [n = 38]:	loss = 0.280  exp loss = 0.351  adjusted loss = 0.351  adv prob = 0.000520   acc = 0.868
  toxicity = 1, identity_any = 1  [n = 49]:	loss = 0.447  exp loss = 0.637  adjusted loss = 0.637  adv prob = 0.856572   acc = 0.796
Average incurred loss: 0.275  
Average sample loss: 0.461  
Average acc: 0.896  
  toxicity = 0, identity_any = 0  [n = 434]:	loss = 0.187  exp loss = 0.112  adjusted loss = 0.112  adv prob = 0.000106   acc = 0.945
  toxicity = 0, identity_any = 1  [n = 275]:	loss = 0.294  exp loss = 0.323  adjusted loss = 0.323  adv prob = 0.133234   acc = 0.891
  toxicity = 1, identity_any = 0  [n = 48]:	loss = 0.452  exp loss = 0.356  adjusted loss = 0.356  adv prob = 0.000484   acc = 0.771
  toxicity = 1, identity_any = 1  [n = 43]:	loss = 0.843  exp loss = 0.616  adjusted loss = 0.616  adv prob = 0.866175   acc = 0.581
Average incurred loss: 0.276  
Average sample loss: 0.324  
Average acc: 0.897  
  toxicity = 0, identity_any = 0  [n = 410]:	loss = 0.165  exp loss = 0.159  adjusted loss = 0.159  adv prob = 0.000098   acc = 0.959
  toxicity = 0, identity_any = 1  [n = 293]:	loss = 0.372  exp loss = 0.439  adjusted loss = 0.439  adv prob = 0.135646   acc = 0.857
  toxicity = 1, identity_any = 0  [n = 39]:	loss = 0.357  exp loss = 0.284  adjusted loss = 0.284  adv prob = 0.000448   acc = 0.795
  toxicity = 1, identity_any = 1  [n = 58]:	loss = 0.527  exp loss = 0.478  adjusted loss = 0.478  adv prob = 0.863808   acc = 0.741
Average incurred loss: 0.278  
Average sample loss: 0.444  
Average acc: 0.915  
  toxicity = 0, identity_any = 0  [n = 422]:	loss = 0.185  exp loss = 0.194  adjusted loss = 0.194  adv prob = 0.000086   acc = 0.960
  toxicity = 0, identity_any = 1  [n = 302]:	loss = 0.304  exp loss = 0.394  adjusted loss = 0.394  adv prob = 0.125613   acc = 0.907
  toxicity = 1, identity_any = 0  [n = 28]:	loss = 0.413  exp loss = 0.322  adjusted loss = 0.322  adv prob = 0.000390   acc = 0.821
  toxicity = 1, identity_any = 1  [n = 48]:	loss = 0.862  exp loss = 0.483  adjusted loss = 0.483  adv prob = 0.873911   acc = 0.625
Average incurred loss: 0.318  
Average sample loss: 0.244  
Average acc: 0.891  
  toxicity = 0, identity_any = 0  [n = 425]:	loss = 0.198  exp loss = 0.265  adjusted loss = 0.265  adv prob = 0.000084   acc = 0.958
  toxicity = 0, identity_any = 1  [n = 281]:	loss = 0.443  exp loss = 0.506  adjusted loss = 0.506  adv prob = 0.140283   acc = 0.836
  toxicity = 1, identity_any = 0  [n = 32]:	loss = 0.813  exp loss = 0.726  adjusted loss = 0.726  adv prob = 0.000407   acc = 0.562
  toxicity = 1, identity_any = 1  [n = 62]:	loss = 0.314  exp loss = 0.335  adjusted loss = 0.335  adv prob = 0.859226   acc = 0.855
Average incurred loss: 0.326  
Average sample loss: 0.373  
Average acc: 0.896  
  toxicity = 0, identity_any = 0  [n = 403]:	loss = 0.209  exp loss = 0.214  adjusted loss = 0.214  adv prob = 0.000078   acc = 0.940
  toxicity = 0, identity_any = 1  [n = 301]:	loss = 0.466  exp loss = 0.615  adjusted loss = 0.615  adv prob = 0.146294   acc = 0.860
  toxicity = 1, identity_any = 0  [n = 35]:	loss = 0.329  exp loss = 0.396  adjusted loss = 0.396  adv prob = 0.000375   acc = 0.857
  toxicity = 1, identity_any = 1  [n = 61]:	loss = 0.409  exp loss = 0.526  adjusted loss = 0.526  adv prob = 0.853253   acc = 0.803
Average incurred loss: 0.262  
Average sample loss: 0.686  
Average acc: 0.906  
  toxicity = 0, identity_any = 0  [n = 434]:	loss = 0.152  exp loss = 0.137  adjusted loss = 0.137  adv prob = 0.000059   acc = 0.956
  toxicity = 0, identity_any = 1  [n = 301]:	loss = 0.251  exp loss = 0.163  adjusted loss = 0.163  adv prob = 0.117157   acc = 0.924
  toxicity = 1, identity_any = 0  [n = 26]:	loss = 0.783  exp loss = 0.765  adjusted loss = 0.765  adv prob = 0.000314   acc = 0.577
  toxicity = 1, identity_any = 1  [n = 39]:	loss = 1.229  exp loss = 1.155  adjusted loss = 1.155  adv prob = 0.882469   acc = 0.436
Average incurred loss: 0.314  
Average sample loss: 0.460  
Average acc: 0.890  
  toxicity = 0, identity_any = 0  [n = 413]:	loss = 0.240  exp loss = 0.277  adjusted loss = 0.277  adv prob = 0.000053   acc = 0.935
  toxicity = 0, identity_any = 1  [n = 294]:	loss = 0.330  exp loss = 0.313  adjusted loss = 0.313  adv prob = 0.109503   acc = 0.891
  toxicity = 1, identity_any = 0  [n = 35]:	loss = 0.433  exp loss = 0.314  adjusted loss = 0.314  adv prob = 0.000277   acc = 0.800
  toxicity = 1, identity_any = 1  [n = 58]:	loss = 0.692  exp loss = 0.664  adjusted loss = 0.664  adv prob = 0.890167   acc = 0.621
Average incurred loss: 0.292  
Average sample loss: 0.312  
Average acc: 0.896  
  toxicity = 0, identity_any = 0  [n = 423]:	loss = 0.254  exp loss = 0.144  adjusted loss = 0.144  adv prob = 0.000052   acc = 0.936
  toxicity = 0, identity_any = 1  [n = 288]:	loss = 0.316  exp loss = 0.302  adjusted loss = 0.302  adv prob = 0.109606   acc = 0.885
  toxicity = 1, identity_any = 0  [n = 42]:	loss = 0.253  exp loss = 0.297  adjusted loss = 0.297  adv prob = 0.000255   acc = 0.833
  toxicity = 1, identity_any = 1  [n = 47]:	loss = 0.520  exp loss = 0.589  adjusted loss = 0.589  adv prob = 0.890087   acc = 0.660
Average incurred loss: 0.378  
Average sample loss: 0.350  
Average acc: 0.871  
  toxicity = 0, identity_any = 0  [n = 416]:	loss = 0.266  exp loss = 0.250  adjusted loss = 0.250  adv prob = 0.000049   acc = 0.913
  toxicity = 0, identity_any = 1  [n = 291]:	loss = 0.529  exp loss = 0.495  adjusted loss = 0.495  adv prob = 0.119267   acc = 0.835
  toxicity = 1, identity_any = 0  [n = 40]:	loss = 0.404  exp loss = 0.699  adjusted loss = 0.699  adv prob = 0.000241   acc = 0.800
  toxicity = 1, identity_any = 1  [n = 53]:	loss = 0.402  exp loss = 0.296  adjusted loss = 0.296  adv prob = 0.880443   acc = 0.792
Average incurred loss: 0.301  
Average sample loss: 0.355  
Average acc: 0.894  
  toxicity = 0, identity_any = 0  [n = 418]:	loss = 0.219  exp loss = 0.220  adjusted loss = 0.220  adv prob = 0.000046   acc = 0.943
  toxicity = 0, identity_any = 1  [n = 281]:	loss = 0.350  exp loss = 0.282  adjusted loss = 0.282  adv prob = 0.117310   acc = 0.868
  toxicity = 1, identity_any = 0  [n = 32]:	loss = 0.595  exp loss = 0.457  adjusted loss = 0.457  adv prob = 0.000236   acc = 0.750
  toxicity = 1, identity_any = 1  [n = 69]:	loss = 0.462  exp loss = 0.484  adjusted loss = 0.484  adv prob = 0.882408   acc = 0.768
Average incurred loss: 0.326  
Average sample loss: 0.278  
Average acc: 0.903  
  toxicity = 0, identity_any = 0  [n = 400]:	loss = 0.241  exp loss = 0.177  adjusted loss = 0.177  adv prob = 0.000045   acc = 0.945
  toxicity = 0, identity_any = 1  [n = 307]:	loss = 0.410  exp loss = 0.377  adjusted loss = 0.377  adv prob = 0.125023   acc = 0.873
  toxicity = 1, identity_any = 0  [n = 35]:	loss = 0.484  exp loss = 0.335  adjusted loss = 0.335  adv prob = 0.000238   acc = 0.857
  toxicity = 1, identity_any = 1  [n = 58]:	loss = 0.367  exp loss = 0.429  adjusted loss = 0.429  adv prob = 0.874694   acc = 0.793
Average incurred loss: 0.284  
Average sample loss: 0.394  
Average acc: 0.900  
  toxicity = 0, identity_any = 0  [n = 441]:	loss = 0.151  exp loss = 0.138  adjusted loss = 0.138  adv prob = 0.000040   acc = 0.957
  toxicity = 0, identity_any = 1  [n = 276]:	loss = 0.338  exp loss = 0.249  adjusted loss = 0.249  adv prob = 0.122457   acc = 0.884
  toxicity = 1, identity_any = 0  [n = 36]:	loss = 0.946  exp loss = 0.880  adjusted loss = 0.880  adv prob = 0.000247   acc = 0.556
  toxicity = 1, identity_any = 1  [n = 47]:	loss = 0.704  exp loss = 0.719  adjusted loss = 0.719  adv prob = 0.877256   acc = 0.723
Average incurred loss: 0.275  
Average sample loss: 0.363  
Average acc: 0.912  
  toxicity = 0, identity_any = 0  [n = 441]:	loss = 0.169  exp loss = 0.162  adjusted loss = 0.162  adv prob = 0.000037   acc = 0.961
  toxicity = 0, identity_any = 1  [n = 272]:	loss = 0.359  exp loss = 0.336  adjusted loss = 0.336  adv prob = 0.121348   acc = 0.890
  toxicity = 1, identity_any = 0  [n = 27]:	loss = 0.622  exp loss = 0.772  adjusted loss = 0.772  adv prob = 0.000243   acc = 0.704
  toxicity = 1, identity_any = 1  [n = 60]:	loss = 0.519  exp loss = 0.461  adjusted loss = 0.461  adv prob = 0.878373   acc = 0.750
Average incurred loss: 0.351  
Average sample loss: 0.385  
Average acc: 0.898  
  toxicity = 0, identity_any = 0  [n = 418]:	loss = 0.281  exp loss = 0.300  adjusted loss = 0.300  adv prob = 0.000035   acc = 0.933
  toxicity = 0, identity_any = 1  [n = 300]:	loss = 0.420  exp loss = 0.555  adjusted loss = 0.555  adv prob = 0.122590   acc = 0.867
  toxicity = 1, identity_any = 0  [n = 28]:	loss = 0.457  exp loss = 0.547  adjusted loss = 0.547  adv prob = 0.000226   acc = 0.821
  toxicity = 1, identity_any = 1  [n = 54]:	loss = 0.457  exp loss = 0.418  adjusted loss = 0.418  adv prob = 0.877149   acc = 0.833
Average incurred loss: 0.355  
Average sample loss: 0.524  
Average acc: 0.898  
  toxicity = 0, identity_any = 0  [n = 433]:	loss = 0.262  exp loss = 0.320  adjusted loss = 0.320  adv prob = 0.000031   acc = 0.942
  toxicity = 0, identity_any = 1  [n = 270]:	loss = 0.427  exp loss = 0.741  adjusted loss = 0.741  adv prob = 0.117542   acc = 0.874
  toxicity = 1, identity_any = 0  [n = 32]:	loss = 0.479  exp loss = 0.423  adjusted loss = 0.423  adv prob = 0.000197   acc = 0.844
  toxicity = 1, identity_any = 1  [n = 65]:	loss = 0.612  exp loss = 0.308  adjusted loss = 0.308  adv prob = 0.882230   acc = 0.723
Average incurred loss: 0.331  
Average sample loss: 0.394  
Average acc: 0.886  
  toxicity = 0, identity_any = 0  [n = 413]:	loss = 0.217  exp loss = 0.158  adjusted loss = 0.158  adv prob = 0.000028   acc = 0.937
  toxicity = 0, identity_any = 1  [n = 291]:	loss = 0.444  exp loss = 0.312  adjusted loss = 0.312  adv prob = 0.120825   acc = 0.852
  toxicity = 1, identity_any = 0  [n = 44]:	loss = 0.457  exp loss = 0.505  adjusted loss = 0.505  adv prob = 0.000185   acc = 0.818
  toxicity = 1, identity_any = 1  [n = 52]:	loss = 0.497  exp loss = 0.579  adjusted loss = 0.579  adv prob = 0.878962   acc = 0.731
Average incurred loss: 0.259  
Average sample loss: 0.613  
Average acc: 0.914  
  toxicity = 0, identity_any = 0  [n = 462]:	loss = 0.127  exp loss = 0.185  adjusted loss = 0.185  adv prob = 0.000022   acc = 0.972
  toxicity = 0, identity_any = 1  [n = 262]:	loss = 0.204  exp loss = 0.244  adjusted loss = 0.244  adv prob = 0.098035   acc = 0.947
  toxicity = 1, identity_any = 0  [n = 32]:	loss = 1.310  exp loss = 1.154  adjusted loss = 1.154  adv prob = 0.000189   acc = 0.437
  toxicity = 1, identity_any = 1  [n = 44]:	loss = 1.209  exp loss = 1.030  adjusted loss = 1.030  adv prob = 0.901755   acc = 0.455
Average incurred loss: 0.342  
Average sample loss: 0.362  
Average acc: 0.893  
  toxicity = 0, identity_any = 0  [n = 429]:	loss = 0.274  exp loss = 0.294  adjusted loss = 0.294  adv prob = 0.000021   acc = 0.939
  toxicity = 0, identity_any = 1  [n = 288]:	loss = 0.412  exp loss = 0.513  adjusted loss = 0.513  adv prob = 0.100390   acc = 0.878
  toxicity = 1, identity_any = 0  [n = 33]:	loss = 0.452  exp loss = 0.384  adjusted loss = 0.384  adv prob = 0.000173   acc = 0.727
  toxicity = 1, identity_any = 1  [n = 50]:	loss = 0.454  exp loss = 0.343  adjusted loss = 0.343  adv prob = 0.899416   acc = 0.680
Average incurred loss: 0.356  
Average sample loss: 0.248  
Average acc: 0.886  
  toxicity = 0, identity_any = 0  [n = 421]:	loss = 0.298  exp loss = 0.133  adjusted loss = 0.133  adv prob = 0.000022   acc = 0.926
  toxicity = 0, identity_any = 1  [n = 295]:	loss = 0.410  exp loss = 0.250  adjusted loss = 0.250  adv prob = 0.109320   acc = 0.861
  toxicity = 1, identity_any = 0  [n = 31]:	loss = 0.619  exp loss = 0.628  adjusted loss = 0.628  adv prob = 0.000168   acc = 0.710
  toxicity = 1, identity_any = 1  [n = 53]:	loss = 0.366  exp loss = 0.347  adjusted loss = 0.347  adv prob = 0.890491   acc = 0.811
Average incurred loss: 0.375  
Average sample loss: 0.294  
Average acc: 0.889  
  toxicity = 0, identity_any = 0  [n = 428]:	loss = 0.323  exp loss = 0.196  adjusted loss = 0.196  adv prob = 0.000022   acc = 0.925
  toxicity = 0, identity_any = 1  [n = 279]:	loss = 0.459  exp loss = 0.600  adjusted loss = 0.600  adv prob = 0.119863   acc = 0.864
  toxicity = 1, identity_any = 0  [n = 31]:	loss = 0.336  exp loss = 0.366  adjusted loss = 0.366  adv prob = 0.000159   acc = 0.839
  toxicity = 1, identity_any = 1  [n = 62]:	loss = 0.381  exp loss = 0.217  adjusted loss = 0.217  adv prob = 0.879956   acc = 0.774
Average incurred loss: 0.362  
Average sample loss: 0.483  
Average acc: 0.879  
  toxicity = 0, identity_any = 0  [n = 400]:	loss = 0.243  exp loss = 0.292  adjusted loss = 0.292  adv prob = 0.000019   acc = 0.943
  toxicity = 0, identity_any = 1  [n = 306]:	loss = 0.479  exp loss = 0.614  adjusted loss = 0.614  adv prob = 0.120675   acc = 0.840
  toxicity = 1, identity_any = 0  [n = 35]:	loss = 0.332  exp loss = 0.282  adjusted loss = 0.282  adv prob = 0.000132   acc = 0.800
  toxicity = 1, identity_any = 1  [n = 59]:	loss = 0.574  exp loss = 0.427  adjusted loss = 0.427  adv prob = 0.879174   acc = 0.695
Average incurred loss: 0.222  
Average sample loss: 0.448  
Average acc: 0.926  
  toxicity = 0, identity_any = 0  [n = 440]:	loss = 0.125  exp loss = 0.073  adjusted loss = 0.073  adv prob = 0.000016   acc = 0.973
  toxicity = 0, identity_any = 1  [n = 289]:	loss = 0.264  exp loss = 0.202  adjusted loss = 0.202  adv prob = 0.110016   acc = 0.910
  toxicity = 1, identity_any = 0  [n = 28]:	loss = 0.618  exp loss = 0.582  adjusted loss = 0.582  adv prob = 0.000121   acc = 0.714
  toxicity = 1, identity_any = 1  [n = 43]:	loss = 0.683  exp loss = 0.954  adjusted loss = 0.954  adv prob = 0.889847   acc = 0.698
Average incurred loss: 0.285  
Average sample loss: 0.365  
Average acc: 0.910  
  toxicity = 0, identity_any = 0  [n = 423]:	loss = 0.169  exp loss = 0.231  adjusted loss = 0.231  adv prob = 0.000015   acc = 0.962
  toxicity = 0, identity_any = 1  [n = 289]:	loss = 0.365  exp loss = 0.491  adjusted loss = 0.491  adv prob = 0.108389   acc = 0.893
  toxicity = 1, identity_any = 0  [n = 36]:	loss = 0.498  exp loss = 0.432  adjusted loss = 0.432  adv prob = 0.000115   acc = 0.778
  toxicity = 1, identity_any = 1  [n = 52]:	loss = 0.640  exp loss = 0.336  adjusted loss = 0.336  adv prob = 0.891481   acc = 0.673
Average incurred loss: 0.327  
Average sample loss: 0.252  
Average acc: 0.895  
  toxicity = 0, identity_any = 0  [n = 447]:	loss = 0.198  exp loss = 0.258  adjusted loss = 0.258  adv prob = 0.000015   acc = 0.949
  toxicity = 0, identity_any = 1  [n = 258]:	loss = 0.481  exp loss = 0.505  adjusted loss = 0.505  adv prob = 0.118891   acc = 0.841
  toxicity = 1, identity_any = 0  [n = 35]:	loss = 0.809  exp loss = 0.672  adjusted loss = 0.672  adv prob = 0.000130   acc = 0.686
  toxicity = 1, identity_any = 1  [n = 60]:	loss = 0.350  exp loss = 0.311  adjusted loss = 0.311  adv prob = 0.880965   acc = 0.850
Average incurred loss: 0.278  
Average sample loss: 0.448  
Average acc: 0.898  
  toxicity = 0, identity_any = 0  [n = 441]:	loss = 0.159  exp loss = 0.143  adjusted loss = 0.143  adv prob = 0.000013   acc = 0.957
  toxicity = 0, identity_any = 1  [n = 278]:	loss = 0.359  exp loss = 0.342  adjusted loss = 0.342  adv prob = 0.113853   acc = 0.867
  toxicity = 1, identity_any = 0  [n = 30]:	loss = 0.613  exp loss = 0.704  adjusted loss = 0.704  adv prob = 0.000118   acc = 0.700
  toxicity = 1, identity_any = 1  [n = 51]:	loss = 0.673  exp loss = 0.536  adjusted loss = 0.536  adv prob = 0.886016   acc = 0.667
Average incurred loss: 0.344  
Average sample loss: 0.389  
Average acc: 0.869  
  toxicity = 0, identity_any = 0  [n = 405]:	loss = 0.203  exp loss = 0.215  adjusted loss = 0.215  adv prob = 0.000012   acc = 0.928
  toxicity = 0, identity_any = 1  [n = 284]:	loss = 0.502  exp loss = 0.564  adjusted loss = 0.564  adv prob = 0.122372   acc = 0.835
  toxicity = 1, identity_any = 0  [n = 48]:	loss = 0.398  exp loss = 0.279  adjusted loss = 0.279  adv prob = 0.000110   acc = 0.729
  toxicity = 1, identity_any = 1  [n = 63]:	loss = 0.501  exp loss = 0.318  adjusted loss = 0.318  adv prob = 0.877506   acc = 0.746
Average incurred loss: 0.296  
Average sample loss: 0.264  
Average acc: 0.904  
  toxicity = 0, identity_any = 0  [n = 439]:	loss = 0.240  exp loss = 0.289  adjusted loss = 0.289  adv prob = 0.000012   acc = 0.938
  toxicity = 0, identity_any = 1  [n = 282]:	loss = 0.347  exp loss = 0.325  adjusted loss = 0.325  adv prob = 0.126364   acc = 0.883
  toxicity = 1, identity_any = 0  [n = 25]:	loss = 0.412  exp loss = 0.363  adjusted loss = 0.363  adv prob = 0.000104   acc = 0.760
  toxicity = 1, identity_any = 1  [n = 54]:	loss = 0.432  exp loss = 0.547  adjusted loss = 0.547  adv prob = 0.873520   acc = 0.796
Average incurred loss: 0.247  
Average sample loss: 0.392  
Average acc: 0.923  
  toxicity = 0, identity_any = 0  [n = 408]:	loss = 0.141  exp loss = 0.143  adjusted loss = 0.143  adv prob = 0.000010   acc = 0.963
  toxicity = 0, identity_any = 1  [n = 313]:	loss = 0.267  exp loss = 0.222  adjusted loss = 0.222  adv prob = 0.118180   acc = 0.933
  toxicity = 1, identity_any = 0  [n = 27]:	loss = 0.795  exp loss = 0.593  adjusted loss = 0.593  adv prob = 0.000100   acc = 0.630
  toxicity = 1, identity_any = 1  [n = 52]:	loss = 0.679  exp loss = 0.683  adjusted loss = 0.683  adv prob = 0.881709   acc = 0.692
Average incurred loss: 0.350  
Average sample loss: 0.476  
Average acc: 0.910  
  toxicity = 0, identity_any = 0  [n = 403]:	loss = 0.248  exp loss = 0.164  adjusted loss = 0.164  adv prob = 0.000009   acc = 0.948
  toxicity = 0, identity_any = 1  [n = 304]:	loss = 0.393  exp loss = 0.491  adjusted loss = 0.491  adv prob = 0.112483   acc = 0.905
  toxicity = 1, identity_any = 0  [n = 35]:	loss = 0.740  exp loss = 0.997  adjusted loss = 0.997  adv prob = 0.000097   acc = 0.743
  toxicity = 1, identity_any = 1  [n = 58]:	loss = 0.596  exp loss = 1.116  adjusted loss = 1.116  adv prob = 0.887410   acc = 0.776
Average incurred loss: 0.350  
Average sample loss: 0.334  
Average acc: 0.891  
  toxicity = 0, identity_any = 0  [n = 459]:	loss = 0.257  exp loss = 0.273  adjusted loss = 0.273  adv prob = 0.000009   acc = 0.950
  toxicity = 0, identity_any = 1  [n = 248]:	loss = 0.437  exp loss = 0.590  adjusted loss = 0.590  adv prob = 0.118314   acc = 0.851
  toxicity = 1, identity_any = 0  [n = 34]:	loss = 0.775  exp loss = 0.695  adjusted loss = 0.695  adv prob = 0.000099   acc = 0.588
  toxicity = 1, identity_any = 1  [n = 59]:	loss = 0.467  exp loss = 0.435  adjusted loss = 0.435  adv prob = 0.881577   acc = 0.780
Average incurred loss: 0.330  
Average sample loss: 0.499  
Average acc: 0.883  
  toxicity = 0, identity_any = 0  [n = 417]:	loss = 0.206  exp loss = 0.251  adjusted loss = 0.251  adv prob = 0.000008   acc = 0.952
  toxicity = 0, identity_any = 1  [n = 278]:	loss = 0.430  exp loss = 0.551  adjusted loss = 0.551  adv prob = 0.115475   acc = 0.849
  toxicity = 1, identity_any = 0  [n = 48]:	loss = 0.409  exp loss = 0.497  adjusted loss = 0.497  adv prob = 0.000088   acc = 0.792
  toxicity = 1, identity_any = 1  [n = 57]:	loss = 0.681  exp loss = 0.559  adjusted loss = 0.559  adv prob = 0.884430   acc = 0.614
Average incurred loss: 0.335  
Average sample loss: 0.298  
Average acc: 0.896  
  toxicity = 0, identity_any = 0  [n = 418]:	loss = 0.231  exp loss = 0.236  adjusted loss = 0.236  adv prob = 0.000007   acc = 0.945
  toxicity = 0, identity_any = 1  [n = 283]:	loss = 0.473  exp loss = 0.438  adjusted loss = 0.438  adv prob = 0.126013   acc = 0.873
  toxicity = 1, identity_any = 0  [n = 41]:	loss = 0.426  exp loss = 0.318  adjusted loss = 0.318  adv prob = 0.000086   acc = 0.732
  toxicity = 1, identity_any = 1  [n = 58]:	loss = 0.345  exp loss = 0.418  adjusted loss = 0.418  adv prob = 0.873894   acc = 0.776
Average incurred loss: 0.344  
Average sample loss: 0.360  
Average acc: 0.892  
  toxicity = 0, identity_any = 0  [n = 416]:	loss = 0.251  exp loss = 0.359  adjusted loss = 0.359  adv prob = 0.000007   acc = 0.940
  toxicity = 0, identity_any = 1  [n = 281]:	loss = 0.407  exp loss = 0.570  adjusted loss = 0.570  adv prob = 0.129071   acc = 0.872
  toxicity = 1, identity_any = 0  [n = 36]:	loss = 0.613  exp loss = 0.743  adjusted loss = 0.743  adv prob = 0.000086   acc = 0.750
  toxicity = 1, identity_any = 1  [n = 67]:	loss = 0.508  exp loss = 0.371  adjusted loss = 0.371  adv prob = 0.870836   acc = 0.761
Average incurred loss: 0.216  
Average sample loss: 0.390  
Average acc: 0.931  
  toxicity = 0, identity_any = 0  [n = 417]:	loss = 0.135  exp loss = 0.122  adjusted loss = 0.122  adv prob = 0.000006   acc = 0.969
  toxicity = 0, identity_any = 1  [n = 288]:	loss = 0.248  exp loss = 0.138  adjusted loss = 0.138  adv prob = 0.119977   acc = 0.927
  toxicity = 1, identity_any = 0  [n = 38]:	loss = 0.278  exp loss = 0.455  adjusted loss = 0.455  adv prob = 0.000078   acc = 0.868
  toxicity = 1, identity_any = 1  [n = 57]:	loss = 0.603  exp loss = 0.639  adjusted loss = 0.639  adv prob = 0.879939   acc = 0.719
Average incurred loss: 0.334  
Average sample loss: 0.347  
Average acc: 0.902  
  toxicity = 0, identity_any = 0  [n = 457]:	loss = 0.237  exp loss = 0.201  adjusted loss = 0.201  adv prob = 0.000006   acc = 0.941
  toxicity = 0, identity_any = 1  [n = 259]:	loss = 0.440  exp loss = 0.254  adjusted loss = 0.254  adv prob = 0.124024   acc = 0.873
  toxicity = 1, identity_any = 0  [n = 24]:	loss = 0.638  exp loss = 0.723  adjusted loss = 0.723  adv prob = 0.000074   acc = 0.750
  toxicity = 1, identity_any = 1  [n = 60]:	loss = 0.505  exp loss = 0.549  adjusted loss = 0.549  adv prob = 0.875896   acc = 0.800
Average incurred loss: 0.404  
Average sample loss: 0.431  
Average acc: 0.870  
  toxicity = 0, identity_any = 0  [n = 418]:	loss = 0.315  exp loss = 0.264  adjusted loss = 0.264  adv prob = 0.000006   acc = 0.909
  toxicity = 0, identity_any = 1  [n = 295]:	loss = 0.485  exp loss = 0.437  adjusted loss = 0.437  adv prob = 0.127155   acc = 0.851
  toxicity = 1, identity_any = 0  [n = 35]:	loss = 0.295  exp loss = 0.325  adjusted loss = 0.325  adv prob = 0.000065   acc = 0.857
  toxicity = 1, identity_any = 1  [n = 52]:	loss = 0.730  exp loss = 0.826  adjusted loss = 0.826  adv prob = 0.872774   acc = 0.673
Average incurred loss: 0.349  
Average sample loss: 0.420  
Average acc: 0.896  
  toxicity = 0, identity_any = 0  [n = 417]:	loss = 0.274  exp loss = 0.231  adjusted loss = 0.231  adv prob = 0.000005   acc = 0.942
  toxicity = 0, identity_any = 1  [n = 293]:	loss = 0.411  exp loss = 0.495  adjusted loss = 0.495  adv prob = 0.125511   acc = 0.877
  toxicity = 1, identity_any = 0  [n = 39]:	loss = 0.283  exp loss = 0.333  adjusted loss = 0.333  adv prob = 0.000056   acc = 0.872
  toxicity = 1, identity_any = 1  [n = 51]:	loss = 0.655  exp loss = 0.668  adjusted loss = 0.668  adv prob = 0.874428   acc = 0.647
Average incurred loss: 0.307  
Average sample loss: 0.404  
Average acc: 0.891  
  toxicity = 0, identity_any = 0  [n = 409]:	loss = 0.168  exp loss = 0.233  adjusted loss = 0.233  adv prob = 0.000005   acc = 0.966
  toxicity = 0, identity_any = 1  [n = 291]:	loss = 0.425  exp loss = 0.431  adjusted loss = 0.431  adv prob = 0.125603   acc = 0.849
  toxicity = 1, identity_any = 0  [n = 37]:	loss = 0.456  exp loss = 0.466  adjusted loss = 0.466  adv prob = 0.000051   acc = 0.730
  toxicity = 1, identity_any = 1  [n = 63]:	loss = 0.584  exp loss = 0.412  adjusted loss = 0.412  adv prob = 0.874342   acc = 0.698
Average incurred loss: 0.462  
Average sample loss: 0.342  
Average acc: 0.855  
  toxicity = 0, identity_any = 0  [n = 427]:	loss = 0.340  exp loss = 0.219  adjusted loss = 0.219  adv prob = 0.000005   acc = 0.892
  toxicity = 0, identity_any = 1  [n = 283]:	loss = 0.664  exp loss = 0.318  adjusted loss = 0.318  adv prob = 0.145987   acc = 0.820
  toxicity = 1, identity_any = 0  [n = 34]:	loss = 0.349  exp loss = 0.299  adjusted loss = 0.299  adv prob = 0.000046   acc = 0.824
  toxicity = 1, identity_any = 1  [n = 56]:	loss = 0.438  exp loss = 0.492  adjusted loss = 0.492  adv prob = 0.853962   acc = 0.768
Average incurred loss: 0.250  
Average sample loss: 0.410  
Average acc: 0.899  
  toxicity = 0, identity_any = 0  [n = 415]:	loss = 0.155  exp loss = 0.196  adjusted loss = 0.196  adv prob = 0.000004   acc = 0.959
  toxicity = 0, identity_any = 1  [n = 293]:	loss = 0.256  exp loss = 0.385  adjusted loss = 0.385  adv prob = 0.135986   acc = 0.894
  toxicity = 1, identity_any = 0  [n = 34]:	loss = 0.579  exp loss = 0.622  adjusted loss = 0.622  adv prob = 0.000044   acc = 0.647
  toxicity = 1, identity_any = 1  [n = 58]:	loss = 0.707  exp loss = 0.483  adjusted loss = 0.483  adv prob = 0.863965   acc = 0.638
Average incurred loss: 0.304  
Average sample loss: 0.402  
Average acc: 0.904  
  toxicity = 0, identity_any = 0  [n = 441]:	loss = 0.166  exp loss = 0.095  adjusted loss = 0.095  adv prob = 0.000004   acc = 0.961
  toxicity = 0, identity_any = 1  [n = 276]:	loss = 0.447  exp loss = 0.287  adjusted loss = 0.287  adv prob = 0.137924   acc = 0.855
  toxicity = 1, identity_any = 0  [n = 32]:	loss = 0.573  exp loss = 0.729  adjusted loss = 0.729  adv prob = 0.000042   acc = 0.719
  toxicity = 1, identity_any = 1  [n = 51]:	loss = 0.547  exp loss = 0.828  adjusted loss = 0.828  adv prob = 0.862031   acc = 0.784
Average incurred loss: 0.355  
Average sample loss: 0.434  
Average acc: 0.880  
  toxicity = 0, identity_any = 0  [n = 420]:	loss = 0.224  exp loss = 0.256  adjusted loss = 0.256  adv prob = 0.000003   acc = 0.929
  toxicity = 0, identity_any = 1  [n = 285]:	loss = 0.529  exp loss = 0.521  adjusted loss = 0.521  adv prob = 0.146445   acc = 0.846
  toxicity = 1, identity_any = 0  [n = 33]:	loss = 0.275  exp loss = 0.322  adjusted loss = 0.322  adv prob = 0.000036   acc = 0.848
  toxicity = 1, identity_any = 1  [n = 62]:	loss = 0.487  exp loss = 0.344  adjusted loss = 0.344  adv prob = 0.853515   acc = 0.726
Average incurred loss: 0.272  
Average sample loss: 0.298  
Average acc: 0.904  
  toxicity = 0, identity_any = 0  [n = 430]:	loss = 0.146  exp loss = 0.094  adjusted loss = 0.094  adv prob = 0.000003   acc = 0.958
  toxicity = 0, identity_any = 1  [n = 288]:	loss = 0.325  exp loss = 0.190  adjusted loss = 0.190  adv prob = 0.147590   acc = 0.882
  toxicity = 1, identity_any = 0  [n = 37]:	loss = 1.017  exp loss = 1.005  adjusted loss = 1.005  adv prob = 0.000040   acc = 0.622
  toxicity = 1, identity_any = 1  [n = 45]:	loss = 0.519  exp loss = 0.643  adjusted loss = 0.643  adv prob = 0.852367   acc = 0.756
Average incurred loss: 0.295  
Average sample loss: 0.542  
Average acc: 0.895  
  toxicity = 0, identity_any = 0  [n = 429]:	loss = 0.164  exp loss = 0.128  adjusted loss = 0.128  adv prob = 0.000002   acc = 0.956
  toxicity = 0, identity_any = 1  [n = 289]:	loss = 0.320  exp loss = 0.362  adjusted loss = 0.362  adv prob = 0.131770   acc = 0.896
  toxicity = 1, identity_any = 0  [n = 41]:	loss = 0.845  exp loss = 0.666  adjusted loss = 0.666  adv prob = 0.000039   acc = 0.610
  toxicity = 1, identity_any = 1  [n = 41]:	loss = 0.936  exp loss = 0.913  adjusted loss = 0.913  adv prob = 0.868188   acc = 0.537
Average incurred loss: 0.289  
Average sample loss: 0.367  
Average acc: 0.901  
  toxicity = 0, identity_any = 0  [n = 430]:	loss = 0.195  exp loss = 0.237  adjusted loss = 0.237  adv prob = 0.000002   acc = 0.953
  toxicity = 0, identity_any = 1  [n = 277]:	loss = 0.335  exp loss = 0.321  adjusted loss = 0.321  adv prob = 0.127821   acc = 0.888
  toxicity = 1, identity_any = 0  [n = 28]:	loss = 0.441  exp loss = 0.260  adjusted loss = 0.260  adv prob = 0.000035   acc = 0.750
  toxicity = 1, identity_any = 1  [n = 65]:	loss = 0.647  exp loss = 0.371  adjusted loss = 0.371  adv prob = 0.872142   acc = 0.677
Average incurred loss: 0.377  
Average sample loss: 0.244  
Average acc: 0.875  
  toxicity = 0, identity_any = 0  [n = 415]:	loss = 0.290  exp loss = 0.291  adjusted loss = 0.291  adv prob = 0.000002   acc = 0.918
  toxicity = 0, identity_any = 1  [n = 293]:	loss = 0.510  exp loss = 0.663  adjusted loss = 0.663  adv prob = 0.147331   acc = 0.826
  toxicity = 1, identity_any = 0  [n = 35]:	loss = 0.472  exp loss = 0.632  adjusted loss = 0.632  adv prob = 0.000035   acc = 0.800
  toxicity = 1, identity_any = 1  [n = 57]:	loss = 0.265  exp loss = 0.293  adjusted loss = 0.293  adv prob = 0.852632   acc = 0.860
Average incurred loss: 0.359  
Average sample loss: 0.429  
Average acc: 0.883  
  toxicity = 0, identity_any = 0  [n = 438]:	loss = 0.185  exp loss = 0.167  adjusted loss = 0.167  adv prob = 0.000002   acc = 0.950
  toxicity = 0, identity_any = 1  [n = 260]:	loss = 0.612  exp loss = 0.544  adjusted loss = 0.544  adv prob = 0.159289   acc = 0.796
  toxicity = 1, identity_any = 0  [n = 39]:	loss = 0.450  exp loss = 0.284  adjusted loss = 0.284  adv prob = 0.000032   acc = 0.846
  toxicity = 1, identity_any = 1  [n = 63]:	loss = 0.467  exp loss = 0.593  adjusted loss = 0.593  adv prob = 0.840677   acc = 0.794
Average incurred loss: 0.371  
Average sample loss: 0.486  
Average acc: 0.875  
  toxicity = 0, identity_any = 0  [n = 446]:	loss = 0.196  exp loss = 0.115  adjusted loss = 0.115  adv prob = 0.000002   acc = 0.948
  toxicity = 0, identity_any = 1  [n = 265]:	loss = 0.571  exp loss = 0.334  adjusted loss = 0.334  adv prob = 0.165185   acc = 0.800
  toxicity = 1, identity_any = 0  [n = 36]:	loss = 0.539  exp loss = 0.707  adjusted loss = 0.707  adv prob = 0.000029   acc = 0.778
  toxicity = 1, identity_any = 1  [n = 53]:	loss = 0.731  exp loss = 1.019  adjusted loss = 1.019  adv prob = 0.834784   acc = 0.698
Average incurred loss: 0.276  
Average sample loss: 0.474  
Average acc: 0.898  
  toxicity = 0, identity_any = 0  [n = 456]:	loss = 0.168  exp loss = 0.177  adjusted loss = 0.177  adv prob = 0.000002   acc = 0.950
  toxicity = 0, identity_any = 1  [n = 257]:	loss = 0.346  exp loss = 0.323  adjusted loss = 0.323  adv prob = 0.155290   acc = 0.879
  toxicity = 1, identity_any = 0  [n = 27]:	loss = 0.752  exp loss = 0.486  adjusted loss = 0.486  adv prob = 0.000026   acc = 0.630
  toxicity = 1, identity_any = 1  [n = 60]:	loss = 0.584  exp loss = 0.499  adjusted loss = 0.499  adv prob = 0.844682   acc = 0.700
Average incurred loss: 0.320  
Average sample loss: 0.378  
Average acc: 0.900  
  toxicity = 0, identity_any = 0  [n = 413]:	loss = 0.259  exp loss = 0.209  adjusted loss = 0.209  adv prob = 0.000001   acc = 0.932
  toxicity = 0, identity_any = 1  [n = 297]:	loss = 0.374  exp loss = 0.289  adjusted loss = 0.289  adv prob = 0.154695   acc = 0.882
  toxicity = 1, identity_any = 0  [n = 37]:	loss = 0.301  exp loss = 0.547  adjusted loss = 0.547  adv prob = 0.000024   acc = 0.865
  toxicity = 1, identity_any = 1  [n = 53]:	loss = 0.504  exp loss = 0.582  adjusted loss = 0.582  adv prob = 0.845279   acc = 0.774
Average incurred loss: 0.230  
Average sample loss: 0.312  
Average acc: 0.915  
  toxicity = 0, identity_any = 0  [n = 425]:	loss = 0.155  exp loss = 0.127  adjusted loss = 0.127  adv prob = 0.000001   acc = 0.955
  toxicity = 0, identity_any = 1  [n = 295]:	loss = 0.279  exp loss = 0.193  adjusted loss = 0.193  adv prob = 0.150067   acc = 0.902
  toxicity = 1, identity_any = 0  [n = 30]:	loss = 0.373  exp loss = 0.295  adjusted loss = 0.295  adv prob = 0.000022   acc = 0.800
  toxicity = 1, identity_any = 1  [n = 50]:	loss = 0.488  exp loss = 0.512  adjusted loss = 0.512  adv prob = 0.849909   acc = 0.720
Average incurred loss: 0.241  
Average sample loss: 0.472  
Average acc: 0.923  
  toxicity = 0, identity_any = 0  [n = 442]:	loss = 0.154  exp loss = 0.189  adjusted loss = 0.189  adv prob = 0.000001   acc = 0.959
  toxicity = 0, identity_any = 1  [n = 271]:	loss = 0.277  exp loss = 0.283  adjusted loss = 0.283  adv prob = 0.134651   acc = 0.923
  toxicity = 1, identity_any = 0  [n = 37]:	loss = 0.409  exp loss = 0.456  adjusted loss = 0.456  adv prob = 0.000019   acc = 0.784
  toxicity = 1, identity_any = 1  [n = 50]:	loss = 0.694  exp loss = 0.938  adjusted loss = 0.938  adv prob = 0.865329   acc = 0.700
Average incurred loss: 0.294  
Average sample loss: 0.461  
Average acc: 0.901  
  toxicity = 0, identity_any = 0  [n = 427]:	loss = 0.215  exp loss = 0.203  adjusted loss = 0.203  adv prob = 0.000001   acc = 0.944
  toxicity = 0, identity_any = 1  [n = 279]:	loss = 0.317  exp loss = 0.300  adjusted loss = 0.300  adv prob = 0.126264   acc = 0.900
  toxicity = 1, identity_any = 0  [n = 33]:	loss = 0.387  exp loss = 0.470  adjusted loss = 0.470  adv prob = 0.000016   acc = 0.818
  toxicity = 1, identity_any = 1  [n = 61]:	loss = 0.687  exp loss = 0.705  adjusted loss = 0.705  adv prob = 0.873719   acc = 0.656
Average incurred loss: 0.300  
Average sample loss: 0.318  
Average acc: 0.904  
  toxicity = 0, identity_any = 0  [n = 443]:	loss = 0.223  exp loss = 0.206  adjusted loss = 0.206  adv prob = 0.000001   acc = 0.935
  toxicity = 0, identity_any = 1  [n = 268]:	loss = 0.310  exp loss = 0.190  adjusted loss = 0.190  adv prob = 0.124473   acc = 0.918
  toxicity = 1, identity_any = 0  [n = 31]:	loss = 0.766  exp loss = 0.969  adjusted loss = 0.969  adv prob = 0.000018   acc = 0.710
  toxicity = 1, identity_any = 1  [n = 58]:	loss = 0.590  exp loss = 0.691  adjusted loss = 0.691  adv prob = 0.875508   acc = 0.707
Average incurred loss: 0.276  
Average sample loss: 0.361  
Average acc: 0.906  
  toxicity = 0, identity_any = 0  [n = 457]:	loss = 0.152  exp loss = 0.178  adjusted loss = 0.178  adv prob = 0.000001   acc = 0.961
  toxicity = 0, identity_any = 1  [n = 242]:	loss = 0.396  exp loss = 0.606  adjusted loss = 0.606  adv prob = 0.127078   acc = 0.884
  toxicity = 1, identity_any = 0  [n = 35]:	loss = 0.650  exp loss = 0.633  adjusted loss = 0.633  adv prob = 0.000017   acc = 0.686
  toxicity = 1, identity_any = 1  [n = 66]:	loss = 0.493  exp loss = 0.447  adjusted loss = 0.447  adv prob = 0.872903   acc = 0.727
Average incurred loss: 0.329  
Average sample loss: 0.322  
Average acc: 0.891  
  toxicity = 0, identity_any = 0  [n = 420]:	loss = 0.269  exp loss = 0.336  adjusted loss = 0.336  adv prob = 0.000001   acc = 0.929
  toxicity = 0, identity_any = 1  [n = 290]:	loss = 0.367  exp loss = 0.339  adjusted loss = 0.339  adv prob = 0.130141   acc = 0.879
  toxicity = 1, identity_any = 0  [n = 36]:	loss = 0.484  exp loss = 0.579  adjusted loss = 0.579  adv prob = 0.000017   acc = 0.778
  toxicity = 1, identity_any = 1  [n = 54]:	loss = 0.483  exp loss = 0.536  adjusted loss = 0.536  adv prob = 0.869841   acc = 0.741
Average incurred loss: 0.291  
Average sample loss: 0.466  
Average acc: 0.896  
  toxicity = 0, identity_any = 0  [n = 409]:	loss = 0.187  exp loss = 0.068  adjusted loss = 0.068  adv prob = 0.000001   acc = 0.949
  toxicity = 0, identity_any = 1  [n = 293]:	loss = 0.348  exp loss = 0.251  adjusted loss = 0.251  adv prob = 0.121245   acc = 0.881
  toxicity = 1, identity_any = 0  [n = 34]:	loss = 0.364  exp loss = 0.655  adjusted loss = 0.655  adv prob = 0.000015   acc = 0.853
  toxicity = 1, identity_any = 1  [n = 64]:	loss = 0.659  exp loss = 0.894  adjusted loss = 0.894  adv prob = 0.878739   acc = 0.656
Average incurred loss: 0.493  
Average sample loss: 0.295  
Average acc: 0.852  
  toxicity = 0, identity_any = 0  [n = 457]:	loss = 0.400  exp loss = 0.353  adjusted loss = 0.353  adv prob = 0.000001   acc = 0.904
  toxicity = 0, identity_any = 1  [n = 251]:	loss = 0.665  exp loss = 0.452  adjusted loss = 0.452  adv prob = 0.141731   acc = 0.785
  toxicity = 1, identity_any = 0  [n = 37]:	loss = 0.575  exp loss = 1.068  adjusted loss = 1.068  adv prob = 0.000015   acc = 0.730
  toxicity = 1, identity_any = 1  [n = 55]:	loss = 0.420  exp loss = 0.426  adjusted loss = 0.426  adv prob = 0.858253   acc = 0.818
Average incurred loss: 0.305  
Average sample loss: 0.421  
Average acc: 0.901  
  toxicity = 0, identity_any = 0  [n = 412]:	loss = 0.203  exp loss = 0.233  adjusted loss = 0.233  adv prob = 0.000001   acc = 0.939
  toxicity = 0, identity_any = 1  [n = 295]:	loss = 0.391  exp loss = 0.559  adjusted loss = 0.559  adv prob = 0.138338   acc = 0.885
  toxicity = 1, identity_any = 0  [n = 36]:	loss = 0.355  exp loss = 0.480  adjusted loss = 0.480  adv prob = 0.000014   acc = 0.861
  toxicity = 1, identity_any = 1  [n = 57]:	loss = 0.575  exp loss = 0.351  adjusted loss = 0.351  adv prob = 0.861647   acc = 0.737
Average incurred loss: 0.265  
Average sample loss: 0.397  
Average acc: 0.901  
  toxicity = 0, identity_any = 0  [n = 435]:	loss = 0.142  exp loss = 0.160  adjusted loss = 0.160  adv prob = 0.000001   acc = 0.949
  toxicity = 0, identity_any = 1  [n = 278]:	loss = 0.319  exp loss = 0.360  adjusted loss = 0.360  adv prob = 0.134766   acc = 0.899
  toxicity = 1, identity_any = 0  [n = 36]:	loss = 0.713  exp loss = 0.868  adjusted loss = 0.868  adv prob = 0.000014   acc = 0.667
  toxicity = 1, identity_any = 1  [n = 51]:	loss = 0.702  exp loss = 0.531  adjusted loss = 0.531  adv prob = 0.865219   acc = 0.667
Average incurred loss: 0.285  
Average sample loss: 0.462  
Average acc: 0.904  
  toxicity = 0, identity_any = 0  [n = 438]:	loss = 0.202  exp loss = 0.282  adjusted loss = 0.282  adv prob = 0.000001   acc = 0.943
  toxicity = 0, identity_any = 1  [n = 271]:	loss = 0.306  exp loss = 0.358  adjusted loss = 0.358  adv prob = 0.126506   acc = 0.904
  toxicity = 1, identity_any = 0  [n = 29]:	loss = 0.589  exp loss = 0.316  adjusted loss = 0.316  adv prob = 0.000012   acc = 0.759
  toxicity = 1, identity_any = 1  [n = 62]:	loss = 0.633  exp loss = 0.397  adjusted loss = 0.397  adv prob = 0.873481   acc = 0.694
Average incurred loss: 0.292  
Average sample loss: 0.361  
Average acc: 0.901  
  toxicity = 0, identity_any = 0  [n = 411]:	loss = 0.181  exp loss = 0.259  adjusted loss = 0.259  adv prob = 0.000000   acc = 0.946
  toxicity = 0, identity_any = 1  [n = 304]:	loss = 0.359  exp loss = 0.427  adjusted loss = 0.427  adv prob = 0.125874   acc = 0.895
  toxicity = 1, identity_any = 0  [n = 31]:	loss = 0.476  exp loss = 0.406  adjusted loss = 0.406  adv prob = 0.000011   acc = 0.774
  toxicity = 1, identity_any = 1  [n = 54]:	loss = 0.655  exp loss = 0.575  adjusted loss = 0.575  adv prob = 0.874114   acc = 0.667
Average incurred loss: 0.323  
Average sample loss: 0.388  
Average acc: 0.899  
  toxicity = 0, identity_any = 0  [n = 441]:	loss = 0.191  exp loss = 0.109  adjusted loss = 0.109  adv prob = 0.000000   acc = 0.943
  toxicity = 0, identity_any = 1  [n = 272]:	loss = 0.452  exp loss = 0.186  adjusted loss = 0.186  adv prob = 0.130503   acc = 0.879
  toxicity = 1, identity_any = 0  [n = 31]:	loss = 0.597  exp loss = 0.781  adjusted loss = 0.781  adv prob = 0.000011   acc = 0.774
  toxicity = 1, identity_any = 1  [n = 56]:	loss = 0.592  exp loss = 0.822  adjusted loss = 0.822  adv prob = 0.869486   acc = 0.714
Average incurred loss: 0.245  
Average sample loss: 0.330  
Average acc: 0.917  
  toxicity = 0, identity_any = 0  [n = 430]:	loss = 0.147  exp loss = 0.151  adjusted loss = 0.151  adv prob = 0.000000   acc = 0.960
  toxicity = 0, identity_any = 1  [n = 288]:	loss = 0.232  exp loss = 0.255  adjusted loss = 0.255  adv prob = 0.123942   acc = 0.924
  toxicity = 1, identity_any = 0  [n = 35]:	loss = 1.093  exp loss = 1.217  adjusted loss = 1.217  adv prob = 0.000012   acc = 0.600
  toxicity = 1, identity_any = 1  [n = 47]:	loss = 0.586  exp loss = 0.796  adjusted loss = 0.796  adv prob = 0.876046   acc = 0.723
Average incurred loss: 0.281  
Average sample loss: 0.451  
Average acc: 0.904  
  toxicity = 0, identity_any = 0  [n = 427]:	loss = 0.218  exp loss = 0.249  adjusted loss = 0.249  adv prob = 0.000000   acc = 0.946
  toxicity = 0, identity_any = 1  [n = 293]:	loss = 0.285  exp loss = 0.363  adjusted loss = 0.363  adv prob = 0.115972   acc = 0.904
  toxicity = 1, identity_any = 0  [n = 23]:	loss = 0.501  exp loss = 0.558  adjusted loss = 0.558  adv prob = 0.000010   acc = 0.696
  toxicity = 1, identity_any = 1  [n = 57]:	loss = 0.649  exp loss = 0.558  adjusted loss = 0.558  adv prob = 0.884018   acc = 0.667
Average incurred loss: 0.384  
Average sample loss: 0.344  
Average acc: 0.865  
  toxicity = 0, identity_any = 0  [n = 433]:	loss = 0.297  exp loss = 0.356  adjusted loss = 0.356  adv prob = 0.000000   acc = 0.924
  toxicity = 0, identity_any = 1  [n = 281]:	loss = 0.515  exp loss = 0.501  adjusted loss = 0.501  adv prob = 0.124024   acc = 0.815
  toxicity = 1, identity_any = 0  [n = 29]:	loss = 0.300  exp loss = 0.383  adjusted loss = 0.383  adv prob = 0.000009   acc = 0.793
  toxicity = 1, identity_any = 1  [n = 57]:	loss = 0.447  exp loss = 0.373  adjusted loss = 0.373  adv prob = 0.875966   acc = 0.702
Average incurred loss: 0.354  
Average sample loss: 0.342  
Average acc: 0.904  
  toxicity = 0, identity_any = 0  [n = 441]:	loss = 0.254  exp loss = 0.229  adjusted loss = 0.229  adv prob = 0.000000   acc = 0.941
  toxicity = 0, identity_any = 1  [n = 268]:	loss = 0.503  exp loss = 0.510  adjusted loss = 0.510  adv prob = 0.131186   acc = 0.862
  toxicity = 1, identity_any = 0  [n = 37]:	loss = 0.369  exp loss = 0.442  adjusted loss = 0.442  adv prob = 0.000009   acc = 0.865
  toxicity = 1, identity_any = 1  [n = 54]:	loss = 0.424  exp loss = 0.394  adjusted loss = 0.394  adv prob = 0.868805   acc = 0.833
Average incurred loss: 0.367  
Average sample loss: 0.469  
Average acc: 0.877  
  toxicity = 0, identity_any = 0  [n = 418]:	loss = 0.274  exp loss = 0.295  adjusted loss = 0.295  adv prob = 0.000000   acc = 0.928
  toxicity = 0, identity_any = 1  [n = 282]:	loss = 0.387  exp loss = 0.680  adjusted loss = 0.680  adv prob = 0.127322   acc = 0.879
  toxicity = 1, identity_any = 0  [n = 41]:	loss = 0.649  exp loss = 0.418  adjusted loss = 0.418  adv prob = 0.000008   acc = 0.732
  toxicity = 1, identity_any = 1  [n = 59]:	loss = 0.745  exp loss = 0.543  adjusted loss = 0.543  adv prob = 0.872669   acc = 0.610
Average incurred loss: 0.314  
Average sample loss: 0.435  
Average acc: 0.883  
  toxicity = 0, identity_any = 0  [n = 413]:	loss = 0.213  exp loss = 0.122  adjusted loss = 0.122  adv prob = 0.000000   acc = 0.932
  toxicity = 0, identity_any = 1  [n = 290]:	loss = 0.388  exp loss = 0.247  adjusted loss = 0.247  adv prob = 0.125492   acc = 0.862
  toxicity = 1, identity_any = 0  [n = 39]:	loss = 0.334  exp loss = 0.723  adjusted loss = 0.723  adv prob = 0.000007   acc = 0.846
  toxicity = 1, identity_any = 1  [n = 58]:	loss = 0.644  exp loss = 0.948  adjusted loss = 0.948  adv prob = 0.874500   acc = 0.655
Average incurred loss: 0.288  
Average sample loss: 0.400  
Average acc: 0.909  
  toxicity = 0, identity_any = 0  [n = 434]:	loss = 0.207  exp loss = 0.233  adjusted loss = 0.233  adv prob = 0.000000   acc = 0.952
  toxicity = 0, identity_any = 1  [n = 278]:	loss = 0.336  exp loss = 0.373  adjusted loss = 0.373  adv prob = 0.121342   acc = 0.896
  toxicity = 1, identity_any = 0  [n = 34]:	loss = 0.429  exp loss = 0.481  adjusted loss = 0.481  adv prob = 0.000007   acc = 0.794
  toxicity = 1, identity_any = 1  [n = 54]:	loss = 0.606  exp loss = 0.499  adjusted loss = 0.499  adv prob = 0.878651   acc = 0.704
Average incurred loss: 0.305  
Average sample loss: 0.445  
Average acc: 0.889  
  toxicity = 0, identity_any = 0  [n = 450]:	loss = 0.207  exp loss = 0.253  adjusted loss = 0.253  adv prob = 0.000000   acc = 0.938
  toxicity = 0, identity_any = 1  [n = 257]:	loss = 0.387  exp loss = 0.400  adjusted loss = 0.400  adv prob = 0.119027   acc = 0.875
  toxicity = 1, identity_any = 0  [n = 36]:	loss = 0.416  exp loss = 0.337  adjusted loss = 0.337  adv prob = 0.000006   acc = 0.722
  toxicity = 1, identity_any = 1  [n = 57]:	loss = 0.648  exp loss = 0.768  adjusted loss = 0.768  adv prob = 0.880966   acc = 0.667
Average incurred loss: 0.360  
Average sample loss: 0.253  
Average acc: 0.864  
  toxicity = 0, identity_any = 0  [n = 454]:	loss = 0.278  exp loss = 0.233  adjusted loss = 0.233  adv prob = 0.000000   acc = 0.916
  toxicity = 0, identity_any = 1  [n = 254]:	loss = 0.494  exp loss = 0.494  adjusted loss = 0.494  adv prob = 0.134931   acc = 0.803
  toxicity = 1, identity_any = 0  [n = 31]:	loss = 0.468  exp loss = 0.612  adjusted loss = 0.612  adv prob = 0.000006   acc = 0.774
  toxicity = 1, identity_any = 1  [n = 61]:	loss = 0.357  exp loss = 0.384  adjusted loss = 0.384  adv prob = 0.865062   acc = 0.770
Average incurred loss: 0.400  
Average sample loss: 0.436  
Average acc: 0.863  
  toxicity = 0, identity_any = 0  [n = 430]:	loss = 0.281  exp loss = 0.354  adjusted loss = 0.354  adv prob = 0.000000   acc = 0.909
  toxicity = 0, identity_any = 1  [n = 279]:	loss = 0.582  exp loss = 0.626  adjusted loss = 0.626  adv prob = 0.143434   acc = 0.810
  toxicity = 1, identity_any = 0  [n = 30]:	loss = 0.226  exp loss = 0.275  adjusted loss = 0.275  adv prob = 0.000005   acc = 0.900
  toxicity = 1, identity_any = 1  [n = 61]:	loss = 0.488  exp loss = 0.408  adjusted loss = 0.408  adv prob = 0.856560   acc = 0.754
Average incurred loss: 0.378  
Average sample loss: 0.315  
Average acc: 0.849  
  toxicity = 0, identity_any = 0  [n = 430]:	loss = 0.271  exp loss = 0.219  adjusted loss = 0.219  adv prob = 0.000000   acc = 0.914
  toxicity = 0, identity_any = 1  [n = 267]:	loss = 0.584  exp loss = 0.714  adjusted loss = 0.714  adv prob = 0.161921   acc = 0.753
  toxicity = 1, identity_any = 0  [n = 37]:	loss = 0.098  exp loss = 0.134  adjusted loss = 0.134  adv prob = 0.000004   acc = 0.973
  toxicity = 1, identity_any = 1  [n = 66]:	loss = 0.395  exp loss = 0.340  adjusted loss = 0.340  adv prob = 0.838074   acc = 0.742
Average incurred loss: 0.269  
Average sample loss: 0.342  
Average acc: 0.901  
  toxicity = 0, identity_any = 0  [n = 431]:	loss = 0.196  exp loss = 0.145  adjusted loss = 0.145  adv prob = 0.000000   acc = 0.944
  toxicity = 0, identity_any = 1  [n = 300]:	loss = 0.316  exp loss = 0.213  adjusted loss = 0.213  adv prob = 0.160137   acc = 0.867
  toxicity = 1, identity_any = 0  [n = 25]:	loss = 0.491  exp loss = 0.536  adjusted loss = 0.536  adv prob = 0.000004   acc = 0.760
  toxicity = 1, identity_any = 1  [n = 44]:	loss = 0.541  exp loss = 0.683  adjusted loss = 0.683  adv prob = 0.839858   acc = 0.795
Average incurred loss: 0.262  
Average sample loss: 0.458  
Average acc: 0.909  
  toxicity = 0, identity_any = 0  [n = 411]:	loss = 0.134  exp loss = 0.264  adjusted loss = 0.264  adv prob = 0.000000   acc = 0.968
  toxicity = 0, identity_any = 1  [n = 286]:	loss = 0.326  exp loss = 0.722  adjusted loss = 0.722  adv prob = 0.150598   acc = 0.899
  toxicity = 1, identity_any = 0  [n = 40]:	loss = 0.454  exp loss = 0.568  adjusted loss = 0.568  adv prob = 0.000004   acc = 0.775
  toxicity = 1, identity_any = 1  [n = 63]:	loss = 0.685  exp loss = 0.370  adjusted loss = 0.370  adv prob = 0.849398   acc = 0.651
Average incurred loss: 0.271  
Average sample loss: 0.358  
Average acc: 0.905  
  toxicity = 0, identity_any = 0  [n = 422]:	loss = 0.204  exp loss = 0.184  adjusted loss = 0.184  adv prob = 0.000000   acc = 0.945
  toxicity = 0, identity_any = 1  [n = 290]:	loss = 0.336  exp loss = 0.385  adjusted loss = 0.385  adv prob = 0.150546   acc = 0.876
  toxicity = 1, identity_any = 0  [n = 35]:	loss = 0.145  exp loss = 0.200  adjusted loss = 0.200  adv prob = 0.000003   acc = 0.943
  toxicity = 1, identity_any = 1  [n = 53]:	loss = 0.535  exp loss = 0.758  adjusted loss = 0.758  adv prob = 0.849450   acc = 0.717
Average incurred loss: 0.319  
Average sample loss: 0.289  
Average acc: 0.903  
  toxicity = 0, identity_any = 0  [n = 441]:	loss = 0.215  exp loss = 0.175  adjusted loss = 0.175  adv prob = 0.000000   acc = 0.939
  toxicity = 0, identity_any = 1  [n = 273]:	loss = 0.443  exp loss = 0.353  adjusted loss = 0.353  adv prob = 0.158622   acc = 0.875
  toxicity = 1, identity_any = 0  [n = 30]:	loss = 0.650  exp loss = 0.539  adjusted loss = 0.539  adv prob = 0.000003   acc = 0.700
  toxicity = 1, identity_any = 1  [n = 56]:	loss = 0.348  exp loss = 0.232  adjusted loss = 0.232  adv prob = 0.841375   acc = 0.857
Average incurred loss: 0.265  
Average sample loss: 0.577  
Average acc: 0.909  
  toxicity = 0, identity_any = 0  [n = 436]:	loss = 0.132  exp loss = 0.317  adjusted loss = 0.317  adv prob = 0.000000   acc = 0.968
  toxicity = 0, identity_any = 1  [n = 276]:	loss = 0.357  exp loss = 0.360  adjusted loss = 0.360  adv prob = 0.142983   acc = 0.870
  toxicity = 1, identity_any = 0  [n = 40]:	loss = 0.477  exp loss = 0.445  adjusted loss = 0.445  adv prob = 0.000003   acc = 0.775
  toxicity = 1, identity_any = 1  [n = 48]:	loss = 0.762  exp loss = 1.020  adjusted loss = 1.020  adv prob = 0.857014   acc = 0.708
Average incurred loss: 0.289  
Average sample loss: 0.410  
Average acc: 0.894  
  toxicity = 0, identity_any = 0  [n = 428]:	loss = 0.175  exp loss = 0.153  adjusted loss = 0.153  adv prob = 0.000000   acc = 0.953
  toxicity = 0, identity_any = 1  [n = 287]:	loss = 0.338  exp loss = 0.236  adjusted loss = 0.236  adv prob = 0.136332   acc = 0.882
  toxicity = 1, identity_any = 0  [n = 39]:	loss = 0.749  exp loss = 0.947  adjusted loss = 0.947  adv prob = 0.000003   acc = 0.590
  toxicity = 1, identity_any = 1  [n = 46]:	loss = 0.661  exp loss = 0.793  adjusted loss = 0.793  adv prob = 0.863665   acc = 0.674
Average incurred loss: 0.329  
Average sample loss: 0.272  
Average acc: 0.899  
  toxicity = 0, identity_any = 0  [n = 433]:	loss = 0.236  exp loss = 0.311  adjusted loss = 0.311  adv prob = 0.000000   acc = 0.945
  toxicity = 0, identity_any = 1  [n = 283]:	loss = 0.389  exp loss = 0.319  adjusted loss = 0.319  adv prob = 0.143642   acc = 0.883
  toxicity = 1, identity_any = 0  [n = 27]:	loss = 0.928  exp loss = 0.863  adjusted loss = 0.863  adv prob = 0.000003   acc = 0.630
  toxicity = 1, identity_any = 1  [n = 57]:	loss = 0.450  exp loss = 0.400  adjusted loss = 0.400  adv prob = 0.856355   acc = 0.754
Average incurred loss: 0.321  
Average sample loss: 0.475  
Average acc: 0.890  
  toxicity = 0, identity_any = 0  [n = 406]:	loss = 0.197  exp loss = 0.113  adjusted loss = 0.113  adv prob = 0.000000   acc = 0.956
  toxicity = 0, identity_any = 1  [n = 288]:	loss = 0.386  exp loss = 0.393  adjusted loss = 0.393  adv prob = 0.137232   acc = 0.868
  toxicity = 1, identity_any = 0  [n = 46]:	loss = 0.528  exp loss = 0.701  adjusted loss = 0.701  adv prob = 0.000003   acc = 0.739
  toxicity = 1, identity_any = 1  [n = 60]:	loss = 0.698  exp loss = 0.531  adjusted loss = 0.531  adv prob = 0.862765   acc = 0.667
Average incurred loss: 0.268  
Average sample loss: 0.353  
Average acc: 0.912  
  toxicity = 0, identity_any = 0  [n = 431]:	loss = 0.143  exp loss = 0.134  adjusted loss = 0.134  adv prob = 0.000000   acc = 0.970
  toxicity = 0, identity_any = 1  [n = 257]:	loss = 0.386  exp loss = 0.844  adjusted loss = 0.844  adv prob = 0.142035   acc = 0.879
  toxicity = 1, identity_any = 0  [n = 55]:	loss = 0.490  exp loss = 0.472  adjusted loss = 0.472  adv prob = 0.000003   acc = 0.745
  toxicity = 1, identity_any = 1  [n = 57]:	loss = 0.473  exp loss = 0.401  adjusted loss = 0.401  adv prob = 0.857962   acc = 0.789
Average incurred loss: 0.212  
Average sample loss: 0.386  
Average acc: 0.928  
  toxicity = 0, identity_any = 0  [n = 441]:	loss = 0.098  exp loss = 0.070  adjusted loss = 0.070  adv prob = 0.000000   acc = 0.980
  toxicity = 0, identity_any = 1  [n = 280]:	loss = 0.204  exp loss = 0.137  adjusted loss = 0.137  adv prob = 0.129539   acc = 0.929
  toxicity = 1, identity_any = 0  [n = 40]:	loss = 1.098  exp loss = 1.362  adjusted loss = 1.362  adv prob = 0.000003   acc = 0.550
  toxicity = 1, identity_any = 1  [n = 39]:	loss = 0.651  exp loss = 0.942  adjusted loss = 0.942  adv prob = 0.870458   acc = 0.718
Average incurred loss: 0.333  
Average sample loss: 0.477  
Average acc: 0.888  
  toxicity = 0, identity_any = 0  [n = 439]:	loss = 0.238  exp loss = 0.252  adjusted loss = 0.252  adv prob = 0.000000   acc = 0.938
  toxicity = 0, identity_any = 1  [n = 271]:	loss = 0.424  exp loss = 0.471  adjusted loss = 0.471  adv prob = 0.125564   acc = 0.860
  toxicity = 1, identity_any = 0  [n = 36]:	loss = 0.316  exp loss = 0.309  adjusted loss = 0.309  adv prob = 0.000002   acc = 0.861
  toxicity = 1, identity_any = 1  [n = 54]:	loss = 0.662  exp loss = 0.581  adjusted loss = 0.581  adv prob = 0.874433   acc = 0.630
Average incurred loss: 0.252  
Average sample loss: 0.378  
Average acc: 0.914  
  toxicity = 0, identity_any = 0  [n = 414]:	loss = 0.163  exp loss = 0.272  adjusted loss = 0.272  adv prob = 0.000000   acc = 0.954
  toxicity = 0, identity_any = 1  [n = 305]:	loss = 0.276  exp loss = 0.459  adjusted loss = 0.459  adv prob = 0.119721   acc = 0.918
  toxicity = 1, identity_any = 0  [n = 30]:	loss = 0.511  exp loss = 0.347  adjusted loss = 0.347  adv prob = 0.000002   acc = 0.800
  toxicity = 1, identity_any = 1  [n = 51]:	loss = 0.685  exp loss = 0.570  adjusted loss = 0.570  adv prob = 0.880277   acc = 0.627
Average incurred loss: 0.326  
Average sample loss: 0.396  
Average acc: 0.890  
  toxicity = 0, identity_any = 0  [n = 416]:	loss = 0.218  exp loss = 0.230  adjusted loss = 0.230  adv prob = 0.000000   acc = 0.938
  toxicity = 0, identity_any = 1  [n = 279]:	loss = 0.389  exp loss = 0.430  adjusted loss = 0.430  adv prob = 0.116753   acc = 0.867
  toxicity = 1, identity_any = 0  [n = 48]:	loss = 0.505  exp loss = 0.301  adjusted loss = 0.301  adv prob = 0.000002   acc = 0.792
  toxicity = 1, identity_any = 1  [n = 57]:	loss = 0.659  exp loss = 0.519  adjusted loss = 0.519  adv prob = 0.883244   acc = 0.737
Average incurred loss: 0.267  
Average sample loss: 0.418  
Average acc: 0.904  
  toxicity = 0, identity_any = 0  [n = 439]:	loss = 0.164  exp loss = 0.167  adjusted loss = 0.167  adv prob = 0.000000   acc = 0.957
  toxicity = 0, identity_any = 1  [n = 261]:	loss = 0.287  exp loss = 0.257  adjusted loss = 0.257  adv prob = 0.108427   acc = 0.897
  toxicity = 1, identity_any = 0  [n = 46]:	loss = 0.672  exp loss = 0.822  adjusted loss = 0.822  adv prob = 0.000002   acc = 0.674
  toxicity = 1, identity_any = 1  [n = 54]:	loss = 0.669  exp loss = 0.715  adjusted loss = 0.715  adv prob = 0.891571   acc = 0.704
Average incurred loss: 0.332  
Average sample loss: 0.386  
Average acc: 0.888  
  toxicity = 0, identity_any = 0  [n = 427]:	loss = 0.250  exp loss = 0.236  adjusted loss = 0.236  adv prob = 0.000000   acc = 0.930
  toxicity = 0, identity_any = 1  [n = 285]:	loss = 0.369  exp loss = 0.236  adjusted loss = 0.236  adv prob = 0.106678   acc = 0.877
  toxicity = 1, identity_any = 0  [n = 41]:	loss = 0.622  exp loss = 0.666  adjusted loss = 0.666  adv prob = 0.000002   acc = 0.683
  toxicity = 1, identity_any = 1  [n = 47]:	loss = 0.594  exp loss = 0.540  adjusted loss = 0.540  adv prob = 0.893320   acc = 0.745
Average incurred loss: 0.339  
Average sample loss: 0.387  
Average acc: 0.894  
  toxicity = 0, identity_any = 0  [n = 449]:	loss = 0.209  exp loss = 0.115  adjusted loss = 0.115  adv prob = 0.000000   acc = 0.949
  toxicity = 0, identity_any = 1  [n = 264]:	loss = 0.469  exp loss = 0.429  adjusted loss = 0.429  adv prob = 0.110879   acc = 0.856
  toxicity = 1, identity_any = 0  [n = 43]:	loss = 0.525  exp loss = 0.703  adjusted loss = 0.703  adv prob = 0.000002   acc = 0.767
  toxicity = 1, identity_any = 1  [n = 44]:	loss = 0.701  exp loss = 0.655  adjusted loss = 0.655  adv prob = 0.889119   acc = 0.682
Average incurred loss: 0.298  
Average sample loss: 0.453  
Average acc: 0.901  
  toxicity = 0, identity_any = 0  [n = 431]:	loss = 0.171  exp loss = 0.133  adjusted loss = 0.133  adv prob = 0.000000   acc = 0.958
  toxicity = 0, identity_any = 1  [n = 289]:	loss = 0.383  exp loss = 0.467  adjusted loss = 0.467  adv prob = 0.109667   acc = 0.893
  toxicity = 1, identity_any = 0  [n = 26]:	loss = 0.692  exp loss = 0.722  adjusted loss = 0.722  adv prob = 0.000002   acc = 0.692
  toxicity = 1, identity_any = 1  [n = 54]:	loss = 0.663  exp loss = 0.902  adjusted loss = 0.902  adv prob = 0.890331   acc = 0.593
Average incurred loss: 0.289  
Average sample loss: 0.276  
Average acc: 0.898  
  toxicity = 0, identity_any = 0  [n = 442]:	loss = 0.187  exp loss = 0.152  adjusted loss = 0.152  adv prob = 0.000000   acc = 0.957
  toxicity = 0, identity_any = 1  [n = 276]:	loss = 0.409  exp loss = 0.323  adjusted loss = 0.323  adv prob = 0.117936   acc = 0.844
  toxicity = 1, identity_any = 0  [n = 33]:	loss = 0.433  exp loss = 0.369  adjusted loss = 0.369  adv prob = 0.000002   acc = 0.727
  toxicity = 1, identity_any = 1  [n = 49]:	loss = 0.442  exp loss = 0.417  adjusted loss = 0.417  adv prob = 0.882062   acc = 0.776
Average incurred loss: 0.306  
Average sample loss: 0.533  
Average acc: 0.906  
  toxicity = 0, identity_any = 0  [n = 432]:	loss = 0.193  exp loss = 0.220  adjusted loss = 0.220  adv prob = 0.000000   acc = 0.961
  toxicity = 0, identity_any = 1  [n = 283]:	loss = 0.275  exp loss = 0.448  adjusted loss = 0.448  adv prob = 0.107352   acc = 0.922
  toxicity = 1, identity_any = 0  [n = 41]:	loss = 1.164  exp loss = 1.026  adjusted loss = 1.026  adv prob = 0.000002   acc = 0.561
  toxicity = 1, identity_any = 1  [n = 44]:	loss = 0.820  exp loss = 0.970  adjusted loss = 0.970  adv prob = 0.892646   acc = 0.591
Average incurred loss: 0.374  
Average sample loss: 0.371  
Average acc: 0.874  
  toxicity = 0, identity_any = 0  [n = 439]:	loss = 0.298  exp loss = 0.240  adjusted loss = 0.240  adv prob = 0.000000   acc = 0.925
  toxicity = 0, identity_any = 1  [n = 268]:	loss = 0.466  exp loss = 0.356  adjusted loss = 0.356  adv prob = 0.111383   acc = 0.828
  toxicity = 1, identity_any = 0  [n = 31]:	loss = 0.431  exp loss = 0.570  adjusted loss = 0.570  adv prob = 0.000002   acc = 0.806
  toxicity = 1, identity_any = 1  [n = 62]:	loss = 0.476  exp loss = 0.563  adjusted loss = 0.563  adv prob = 0.888615   acc = 0.742
Average incurred loss: 0.397  
Average sample loss: 0.257  
Average acc: 0.873  
  toxicity = 0, identity_any = 0  [n = 447]:	loss = 0.331  exp loss = 0.402  adjusted loss = 0.402  adv prob = 0.000000   acc = 0.908
  toxicity = 0, identity_any = 1  [n = 262]:	loss = 0.546  exp loss = 0.526  adjusted loss = 0.526  adv prob = 0.126638   acc = 0.821
  toxicity = 1, identity_any = 0  [n = 32]:	loss = 0.221  exp loss = 0.181  adjusted loss = 0.181  adv prob = 0.000002   acc = 0.937
  toxicity = 1, identity_any = 1  [n = 59]:	loss = 0.334  exp loss = 0.278  adjusted loss = 0.278  adv prob = 0.873361   acc = 0.797
Average incurred loss: 0.383  
Average sample loss: 0.344  
Average acc: 0.861  
  toxicity = 0, identity_any = 0  [n = 429]:	loss = 0.267  exp loss = 0.292  adjusted loss = 0.292  adv prob = 0.000000   acc = 0.911
  toxicity = 0, identity_any = 1  [n = 277]:	loss = 0.542  exp loss = 0.476  adjusted loss = 0.476  adv prob = 0.139633   acc = 0.816
  toxicity = 1, identity_any = 0  [n = 41]:	loss = 0.421  exp loss = 0.406  adjusted loss = 0.406  adv prob = 0.000002   acc = 0.780
  toxicity = 1, identity_any = 1  [n = 53]:	loss = 0.462  exp loss = 0.439  adjusted loss = 0.439  adv prob = 0.860365   acc = 0.755
Average incurred loss: 0.248  
Average sample loss: 0.456  
Average acc: 0.915  
  toxicity = 0, identity_any = 0  [n = 430]:	loss = 0.105  exp loss = 0.068  adjusted loss = 0.068  adv prob = 0.000000   acc = 0.972
  toxicity = 0, identity_any = 1  [n = 281]:	loss = 0.219  exp loss = 0.185  adjusted loss = 0.185  adv prob = 0.125168   acc = 0.936
  toxicity = 1, identity_any = 0  [n = 39]:	loss = 1.294  exp loss = 1.466  adjusted loss = 1.466  adv prob = 0.000002   acc = 0.513
  toxicity = 1, identity_any = 1  [n = 50]:	loss = 0.820  exp loss = 0.771  adjusted loss = 0.771  adv prob = 0.874830   acc = 0.620
Average incurred loss: 0.319  
Average sample loss: 0.345  
Average acc: 0.900  
  toxicity = 0, identity_any = 0  [n = 409]:	loss = 0.284  exp loss = 0.307  adjusted loss = 0.307  adv prob = 0.000000   acc = 0.939
  toxicity = 0, identity_any = 1  [n = 294]:	loss = 0.249  exp loss = 0.239  adjusted loss = 0.239  adv prob = 0.119514   acc = 0.918
  toxicity = 1, identity_any = 0  [n = 36]:	loss = 0.994  exp loss = 1.015  adjusted loss = 1.015  adv prob = 0.000002   acc = 0.611
  toxicity = 1, identity_any = 1  [n = 61]:	loss = 0.488  exp loss = 0.448  adjusted loss = 0.448  adv prob = 0.880484   acc = 0.721
Average incurred loss: 0.326  
Average sample loss: 0.346  
Average acc: 0.885  
  toxicity = 0, identity_any = 0  [n = 435]:	loss = 0.175  exp loss = 0.154  adjusted loss = 0.154  adv prob = 0.000000   acc = 0.947
  toxicity = 0, identity_any = 1  [n = 270]:	loss = 0.482  exp loss = 0.525  adjusted loss = 0.525  adv prob = 0.125153   acc = 0.844
  toxicity = 1, identity_any = 0  [n = 40]:	loss = 0.655  exp loss = 0.847  adjusted loss = 0.847  adv prob = 0.000002   acc = 0.650
  toxicity = 1, identity_any = 1  [n = 55]:	loss = 0.512  exp loss = 0.318  adjusted loss = 0.318  adv prob = 0.874845   acc = 0.764
Average incurred loss: 0.296  
Average sample loss: 0.458  
Average acc: 0.902  
  toxicity = 0, identity_any = 0  [n = 420]:	loss = 0.163  exp loss = 0.240  adjusted loss = 0.240  adv prob = 0.000000   acc = 0.955
  toxicity = 0, identity_any = 1  [n = 294]:	loss = 0.386  exp loss = 0.331  adjusted loss = 0.331  adv prob = 0.119005   acc = 0.874
  toxicity = 1, identity_any = 0  [n = 32]:	loss = 0.748  exp loss = 0.437  adjusted loss = 0.437  adv prob = 0.000002   acc = 0.750
  toxicity = 1, identity_any = 1  [n = 54]:	loss = 0.578  exp loss = 0.729  adjusted loss = 0.729  adv prob = 0.880994   acc = 0.741
Average incurred loss: 0.280  
Average sample loss: 0.398  
Average acc: 0.903  
  toxicity = 0, identity_any = 0  [n = 400]:	loss = 0.175  exp loss = 0.195  adjusted loss = 0.195  adv prob = 0.000000   acc = 0.948
  toxicity = 0, identity_any = 1  [n = 300]:	loss = 0.311  exp loss = 0.284  adjusted loss = 0.284  adv prob = 0.113704   acc = 0.893
  toxicity = 1, identity_any = 0  [n = 41]:	loss = 0.570  exp loss = 0.432  adjusted loss = 0.432  adv prob = 0.000002   acc = 0.780
  toxicity = 1, identity_any = 1  [n = 59]:	loss = 0.638  exp loss = 0.705  adjusted loss = 0.705  adv prob = 0.886294   acc = 0.729
Average incurred loss: 0.260  
Average sample loss: 0.474  
Average acc: 0.905  
  toxicity = 0, identity_any = 0  [n = 428]:	loss = 0.130  exp loss = 0.101  adjusted loss = 0.101  adv prob = 0.000000   acc = 0.958
  toxicity = 0, identity_any = 1  [n = 288]:	loss = 0.349  exp loss = 0.245  adjusted loss = 0.245  adv prob = 0.106434   acc = 0.878
  toxicity = 1, identity_any = 0  [n = 38]:	loss = 0.403  exp loss = 0.323  adjusted loss = 0.323  adv prob = 0.000002   acc = 0.842
  toxicity = 1, identity_any = 1  [n = 46]:	loss = 0.788  exp loss = 0.837  adjusted loss = 0.837  adv prob = 0.893565   acc = 0.630
Average incurred loss: 0.325  
Average sample loss: 0.416  
Average acc: 0.885  
  toxicity = 0, identity_any = 0  [n = 417]:	loss = 0.207  exp loss = 0.283  adjusted loss = 0.283  adv prob = 0.000000   acc = 0.945
  toxicity = 0, identity_any = 1  [n = 294]:	loss = 0.403  exp loss = 0.567  adjusted loss = 0.567  adv prob = 0.105197   acc = 0.857
  toxicity = 1, identity_any = 0  [n = 33]:	loss = 0.509  exp loss = 0.497  adjusted loss = 0.497  adv prob = 0.000001   acc = 0.727
  toxicity = 1, identity_any = 1  [n = 56]:	loss = 0.689  exp loss = 0.464  adjusted loss = 0.464  adv prob = 0.894801   acc = 0.679
Average incurred loss: 0.415  
Average sample loss: 0.277  
Average acc: 0.872  
  toxicity = 0, identity_any = 0  [n = 430]:	loss = 0.341  exp loss = 0.256  adjusted loss = 0.256  adv prob = 0.000000   acc = 0.912
  toxicity = 0, identity_any = 1  [n = 277]:	loss = 0.528  exp loss = 0.399  adjusted loss = 0.399  adv prob = 0.120247   acc = 0.841
  toxicity = 1, identity_any = 0  [n = 41]:	loss = 0.517  exp loss = 0.280  adjusted loss = 0.280  adv prob = 0.000001   acc = 0.732
  toxicity = 1, identity_any = 1  [n = 52]:	loss = 0.347  exp loss = 0.553  adjusted loss = 0.553  adv prob = 0.879751   acc = 0.827
Average incurred loss: 0.249  
Average sample loss: 0.441  
Average acc: 0.919  
  toxicity = 0, identity_any = 0  [n = 419]:	loss = 0.122  exp loss = 0.147  adjusted loss = 0.147  adv prob = 0.000000   acc = 0.969
  toxicity = 0, identity_any = 1  [n = 302]:	loss = 0.298  exp loss = 0.272  adjusted loss = 0.272  adv prob = 0.111058   acc = 0.901
  toxicity = 1, identity_any = 0  [n = 30]:	loss = 0.717  exp loss = 0.780  adjusted loss = 0.780  adv prob = 0.000001   acc = 0.733
  toxicity = 1, identity_any = 1  [n = 49]:	loss = 0.743  exp loss = 1.189  adjusted loss = 1.189  adv prob = 0.888941   acc = 0.714
Average incurred loss: 0.410  
Average sample loss: 0.363  
Average acc: 0.889  
  toxicity = 0, identity_any = 0  [n = 423]:	loss = 0.363  exp loss = 0.334  adjusted loss = 0.334  adv prob = 0.000000   acc = 0.924
  toxicity = 0, identity_any = 1  [n = 277]:	loss = 0.489  exp loss = 0.489  adjusted loss = 0.489  adv prob = 0.116875   acc = 0.863
  toxicity = 1, identity_any = 0  [n = 39]:	loss = 0.366  exp loss = 0.319  adjusted loss = 0.319  adv prob = 0.000001   acc = 0.872
  toxicity = 1, identity_any = 1  [n = 61]:	loss = 0.404  exp loss = 0.476  adjusted loss = 0.476  adv prob = 0.883124   acc = 0.770
Average incurred loss: 0.351  
Average sample loss: 0.335  
Average acc: 0.881  
  toxicity = 0, identity_any = 0  [n = 424]:	loss = 0.203  exp loss = 0.193  adjusted loss = 0.193  adv prob = 0.000000   acc = 0.948
  toxicity = 0, identity_any = 1  [n = 278]:	loss = 0.551  exp loss = 0.431  adjusted loss = 0.431  adv prob = 0.131924   acc = 0.820
  toxicity = 1, identity_any = 0  [n = 32]:	loss = 0.519  exp loss = 0.331  adjusted loss = 0.331  adv prob = 0.000001   acc = 0.719
  toxicity = 1, identity_any = 1  [n = 66]:	loss = 0.380  exp loss = 0.312  adjusted loss = 0.312  adv prob = 0.868074   acc = 0.788
Average incurred loss: 0.411  
Average sample loss: 0.454  
Average acc: 0.869  
  toxicity = 0, identity_any = 0  [n = 427]:	loss = 0.333  exp loss = 0.338  adjusted loss = 0.338  adv prob = 0.000000   acc = 0.925
  toxicity = 0, identity_any = 1  [n = 274]:	loss = 0.461  exp loss = 0.554  adjusted loss = 0.554  adv prob = 0.131088   acc = 0.836
  toxicity = 1, identity_any = 0  [n = 37]:	loss = 0.679  exp loss = 0.468  adjusted loss = 0.468  adv prob = 0.000001   acc = 0.730
  toxicity = 1, identity_any = 1  [n = 62]:	loss = 0.564  exp loss = 0.312  adjusted loss = 0.312  adv prob = 0.868911   acc = 0.710
Average incurred loss: 0.238  
Average sample loss: 0.284  
Average acc: 0.918  
  toxicity = 0, identity_any = 0  [n = 427]:	loss = 0.150  exp loss = 0.098  adjusted loss = 0.098  adv prob = 0.000000   acc = 0.972
  toxicity = 0, identity_any = 1  [n = 281]:	loss = 0.289  exp loss = 0.294  adjusted loss = 0.294  adv prob = 0.129161   acc = 0.897
  toxicity = 1, identity_any = 0  [n = 34]:	loss = 0.403  exp loss = 0.411  adjusted loss = 0.411  adv prob = 0.000001   acc = 0.794
  toxicity = 1, identity_any = 1  [n = 58]:	loss = 0.537  exp loss = 0.689  adjusted loss = 0.689  adv prob = 0.870838   acc = 0.690
Average incurred loss: 0.271  
Average sample loss: 0.522  
Average acc: 0.916  
  toxicity = 0, identity_any = 0  [n = 420]:	loss = 0.173  exp loss = 0.293  adjusted loss = 0.293  adv prob = 0.000000   acc = 0.960
  toxicity = 0, identity_any = 1  [n = 298]:	loss = 0.313  exp loss = 0.407  adjusted loss = 0.407  adv prob = 0.116370   acc = 0.909
  toxicity = 1, identity_any = 0  [n = 31]:	loss = 0.441  exp loss = 0.307  adjusted loss = 0.307  adv prob = 0.000001   acc = 0.839
  toxicity = 1, identity_any = 1  [n = 51]:	loss = 0.728  exp loss = 0.510  adjusted loss = 0.510  adv prob = 0.883629   acc = 0.647
Average incurred loss: 0.397  
Average sample loss: 0.387  
Average acc: 0.884  
  toxicity = 0, identity_any = 0  [n = 436]:	loss = 0.343  exp loss = 0.196  adjusted loss = 0.196  adv prob = 0.000000   acc = 0.924
  toxicity = 0, identity_any = 1  [n = 260]:	loss = 0.460  exp loss = 0.365  adjusted loss = 0.365  adv prob = 0.119649   acc = 0.877
  toxicity = 1, identity_any = 0  [n = 34]:	loss = 0.478  exp loss = 0.691  adjusted loss = 0.691  adv prob = 0.000001   acc = 0.735
  toxicity = 1, identity_any = 1  [n = 70]:	loss = 0.464  exp loss = 0.617  adjusted loss = 0.617  adv prob = 0.880350   acc = 0.729
Average incurred loss: 0.262  
Average sample loss: 0.337  
Average acc: 0.930  
  toxicity = 0, identity_any = 0  [n = 428]:	loss = 0.217  exp loss = 0.302  adjusted loss = 0.302  adv prob = 0.000000   acc = 0.949
  toxicity = 0, identity_any = 1  [n = 288]:	loss = 0.242  exp loss = 0.264  adjusted loss = 0.264  adv prob = 0.113144   acc = 0.944
  toxicity = 1, identity_any = 0  [n = 40]:	loss = 0.622  exp loss = 0.676  adjusted loss = 0.676  adv prob = 0.000001   acc = 0.775
  toxicity = 1, identity_any = 1  [n = 44]:	loss = 0.497  exp loss = 0.590  adjusted loss = 0.590  adv prob = 0.886855   acc = 0.795
Average incurred loss: 0.350  
Average sample loss: 0.562  
Average acc: 0.894  
  toxicity = 0, identity_any = 0  [n = 457]:	loss = 0.270  exp loss = 0.277  adjusted loss = 0.277  adv prob = 0.000000   acc = 0.934
  toxicity = 0, identity_any = 1  [n = 249]:	loss = 0.377  exp loss = 0.423  adjusted loss = 0.423  adv prob = 0.101084   acc = 0.900
  toxicity = 1, identity_any = 0  [n = 41]:	loss = 0.568  exp loss = 0.442  adjusted loss = 0.442  adv prob = 0.000001   acc = 0.707
  toxicity = 1, identity_any = 1  [n = 53]:	loss = 0.737  exp loss = 0.940  adjusted loss = 0.940  adv prob = 0.898916   acc = 0.660
Average incurred loss: 0.409  
Average sample loss: 0.414  
Average acc: 0.869  
  toxicity = 0, identity_any = 0  [n = 440]:	loss = 0.301  exp loss = 0.411  adjusted loss = 0.411  adv prob = 0.000000   acc = 0.927
  toxicity = 0, identity_any = 1  [n = 256]:	loss = 0.594  exp loss = 0.769  adjusted loss = 0.769  adv prob = 0.110879   acc = 0.820
  toxicity = 1, identity_any = 0  [n = 40]:	loss = 0.419  exp loss = 0.227  adjusted loss = 0.227  adv prob = 0.000001   acc = 0.750
  toxicity = 1, identity_any = 1  [n = 64]:	loss = 0.397  exp loss = 0.293  adjusted loss = 0.293  adv prob = 0.889120   acc = 0.734
Average incurred loss: 0.374  
Average sample loss: 0.269  
Average acc: 0.864  
  toxicity = 0, identity_any = 0  [n = 434]:	loss = 0.291  exp loss = 0.204  adjusted loss = 0.204  adv prob = 0.000000   acc = 0.908
  toxicity = 0, identity_any = 1  [n = 281]:	loss = 0.511  exp loss = 0.461  adjusted loss = 0.461  adv prob = 0.126664   acc = 0.815
  toxicity = 1, identity_any = 0  [n = 33]:	loss = 0.386  exp loss = 0.341  adjusted loss = 0.341  adv prob = 0.000001   acc = 0.758
  toxicity = 1, identity_any = 1  [n = 52]:	loss = 0.321  exp loss = 0.259  adjusted loss = 0.259  adv prob = 0.873335   acc = 0.827
Average incurred loss: 0.260  
Average sample loss: 0.473  
Average acc: 0.924  
  toxicity = 0, identity_any = 0  [n = 428]:	loss = 0.176  exp loss = 0.186  adjusted loss = 0.186  adv prob = 0.000000   acc = 0.958
  toxicity = 0, identity_any = 1  [n = 293]:	loss = 0.315  exp loss = 0.233  adjusted loss = 0.233  adv prob = 0.116654   acc = 0.925
  toxicity = 1, identity_any = 0  [n = 33]:	loss = 0.301  exp loss = 0.406  adjusted loss = 0.406  adv prob = 0.000001   acc = 0.848
  toxicity = 1, identity_any = 1  [n = 46]:	loss = 0.662  exp loss = 0.575  adjusted loss = 0.575  adv prob = 0.883345   acc = 0.652
Average incurred loss: 0.378  
Average sample loss: 0.376  
Average acc: 0.882  
  toxicity = 0, identity_any = 0  [n = 425]:	loss = 0.330  exp loss = 0.227  adjusted loss = 0.227  adv prob = 0.000000   acc = 0.918
  toxicity = 0, identity_any = 1  [n = 294]:	loss = 0.386  exp loss = 0.289  adjusted loss = 0.289  adv prob = 0.116810   acc = 0.878
  toxicity = 1, identity_any = 0  [n = 36]:	loss = 0.536  exp loss = 0.714  adjusted loss = 0.714  adv prob = 0.000001   acc = 0.806
  toxicity = 1, identity_any = 1  [n = 45]:	loss = 0.651  exp loss = 0.691  adjusted loss = 0.691  adv prob = 0.883189   acc = 0.644
Average incurred loss: 0.278  
Average sample loss: 0.423  
Average acc: 0.909  
  toxicity = 0, identity_any = 0  [n = 430]:	loss = 0.166  exp loss = 0.259  adjusted loss = 0.259  adv prob = 0.000000   acc = 0.956
  toxicity = 0, identity_any = 1  [n = 279]:	loss = 0.378  exp loss = 0.461  adjusted loss = 0.461  adv prob = 0.113447   acc = 0.882
  toxicity = 1, identity_any = 0  [n = 31]:	loss = 0.191  exp loss = 0.158  adjusted loss = 0.158  adv prob = 0.000000   acc = 0.935
  toxicity = 1, identity_any = 1  [n = 60]:	loss = 0.665  exp loss = 0.694  adjusted loss = 0.694  adv prob = 0.886552   acc = 0.683
Average incurred loss: 0.314  
Average sample loss: 0.394  
Average acc: 0.897  
  toxicity = 0, identity_any = 0  [n = 422]:	loss = 0.191  exp loss = 0.185  adjusted loss = 0.185  adv prob = 0.000000   acc = 0.953
  toxicity = 0, identity_any = 1  [n = 282]:	loss = 0.454  exp loss = 0.462  adjusted loss = 0.462  adv prob = 0.118544   acc = 0.851
  toxicity = 1, identity_any = 0  [n = 31]:	loss = 0.380  exp loss = 0.510  adjusted loss = 0.510  adv prob = 0.000000   acc = 0.806
  toxicity = 1, identity_any = 1  [n = 65]:	loss = 0.480  exp loss = 0.718  adjusted loss = 0.718  adv prob = 0.881456   acc = 0.785
Average incurred loss: 0.274  
Average sample loss: 0.299  
Average acc: 0.906  
  toxicity = 0, identity_any = 0  [n = 423]:	loss = 0.141  exp loss = 0.072  adjusted loss = 0.072  adv prob = 0.000000   acc = 0.967
  toxicity = 0, identity_any = 1  [n = 294]:	loss = 0.337  exp loss = 0.196  adjusted loss = 0.196  adv prob = 0.119242   acc = 0.891
  toxicity = 1, identity_any = 0  [n = 44]:	loss = 0.802  exp loss = 0.940  adjusted loss = 0.940  adv prob = 0.000000   acc = 0.636
  toxicity = 1, identity_any = 1  [n = 39]:	loss = 0.655  exp loss = 0.783  adjusted loss = 0.783  adv prob = 0.880758   acc = 0.667
Average incurred loss: 0.282  
Average sample loss: 0.486  
Average acc: 0.904  
  toxicity = 0, identity_any = 0  [n = 424]:	loss = 0.213  exp loss = 0.244  adjusted loss = 0.244  adv prob = 0.000000   acc = 0.953
  toxicity = 0, identity_any = 1  [n = 275]:	loss = 0.258  exp loss = 0.259  adjusted loss = 0.259  adv prob = 0.105652   acc = 0.924
  toxicity = 1, identity_any = 0  [n = 34]:	loss = 0.455  exp loss = 0.515  adjusted loss = 0.515  adv prob = 0.000000   acc = 0.735
  toxicity = 1, identity_any = 1  [n = 67]:	loss = 0.721  exp loss = 0.758  adjusted loss = 0.758  adv prob = 0.894348   acc = 0.597
Average incurred loss: 0.244  
Average sample loss: 0.401  
Average acc: 0.921  
  toxicity = 0, identity_any = 0  [n = 433]:	loss = 0.143  exp loss = 0.131  adjusted loss = 0.131  adv prob = 0.000000   acc = 0.968
  toxicity = 0, identity_any = 1  [n = 283]:	loss = 0.294  exp loss = 0.165  adjusted loss = 0.165  adv prob = 0.099726   acc = 0.915
  toxicity = 1, identity_any = 0  [n = 42]:	loss = 0.452  exp loss = 0.212  adjusted loss = 0.212  adv prob = 0.000000   acc = 0.810
  toxicity = 1, identity_any = 1  [n = 42]:	loss = 0.734  exp loss = 1.072  adjusted loss = 1.072  adv prob = 0.900273   acc = 0.595
Average incurred loss: 0.344  
Average sample loss: 0.489  
Average acc: 0.901  
  toxicity = 0, identity_any = 0  [n = 434]:	loss = 0.284  exp loss = 0.414  adjusted loss = 0.414  adv prob = 0.000000   acc = 0.945
  toxicity = 0, identity_any = 1  [n = 275]:	loss = 0.344  exp loss = 0.465  adjusted loss = 0.465  adv prob = 0.093111   acc = 0.898
  toxicity = 1, identity_any = 0  [n = 32]:	loss = 0.713  exp loss = 0.603  adjusted loss = 0.603  adv prob = 0.000000   acc = 0.656
  toxicity = 1, identity_any = 1  [n = 59]:	loss = 0.593  exp loss = 0.455  adjusted loss = 0.455  adv prob = 0.906889   acc = 0.729
Average incurred loss: 0.321  
Average sample loss: 0.351  
Average acc: 0.897  
  toxicity = 0, identity_any = 0  [n = 474]:	loss = 0.239  exp loss = 0.150  adjusted loss = 0.150  adv prob = 0.000000   acc = 0.951
  toxicity = 0, identity_any = 1  [n = 239]:	loss = 0.405  exp loss = 0.477  adjusted loss = 0.477  adv prob = 0.099330   acc = 0.866
  toxicity = 1, identity_any = 0  [n = 46]:	loss = 0.459  exp loss = 0.748  adjusted loss = 0.748  adv prob = 0.000000   acc = 0.739
  toxicity = 1, identity_any = 1  [n = 41]:	loss = 0.621  exp loss = 0.596  adjusted loss = 0.596  adv prob = 0.900670   acc = 0.634
Average incurred loss: 0.393  
Average sample loss: 0.495  
Average acc: 0.879  
  toxicity = 0, identity_any = 0  [n = 426]:	loss = 0.287  exp loss = 0.316  adjusted loss = 0.316  adv prob = 0.000000   acc = 0.932
  toxicity = 0, identity_any = 1  [n = 285]:	loss = 0.501  exp loss = 0.623  adjusted loss = 0.623  adv prob = 0.098995   acc = 0.849
  toxicity = 1, identity_any = 0  [n = 37]:	loss = 0.296  exp loss = 0.349  adjusted loss = 0.349  adv prob = 0.000000   acc = 0.811
  toxicity = 1, identity_any = 1  [n = 52]:	loss = 0.740  exp loss = 0.369  adjusted loss = 0.369  adv prob = 0.901005   acc = 0.654
Average incurred loss: 0.344  
Average sample loss: 0.322  
Average acc: 0.875  
  toxicity = 0, identity_any = 0  [n = 444]:	loss = 0.245  exp loss = 0.221  adjusted loss = 0.221  adv prob = 0.000000   acc = 0.921
  toxicity = 0, identity_any = 1  [n = 267]:	loss = 0.478  exp loss = 0.340  adjusted loss = 0.340  adv prob = 0.106411   acc = 0.854
  toxicity = 1, identity_any = 0  [n = 35]:	loss = 0.367  exp loss = 0.272  adjusted loss = 0.272  adv prob = 0.000000   acc = 0.686
  toxicity = 1, identity_any = 1  [n = 54]:	loss = 0.468  exp loss = 0.323  adjusted loss = 0.323  adv prob = 0.893589   acc = 0.722
Average incurred loss: 0.350  
Average sample loss: 0.320  
Average acc: 0.886  
  toxicity = 0, identity_any = 0  [n = 433]:	loss = 0.262  exp loss = 0.250  adjusted loss = 0.250  adv prob = 0.000000   acc = 0.931
  toxicity = 0, identity_any = 1  [n = 277]:	loss = 0.462  exp loss = 0.493  adjusted loss = 0.493  adv prob = 0.113705   acc = 0.845
  toxicity = 1, identity_any = 0  [n = 33]:	loss = 0.464  exp loss = 0.442  adjusted loss = 0.442  adv prob = 0.000000   acc = 0.788
  toxicity = 1, identity_any = 1  [n = 57]:	loss = 0.410  exp loss = 0.603  adjusted loss = 0.603  adv prob = 0.886295   acc = 0.807
Average incurred loss: 0.409  
Average sample loss: 0.242  
Average acc: 0.869  
  toxicity = 0, identity_any = 0  [n = 428]:	loss = 0.338  exp loss = 0.288  adjusted loss = 0.288  adv prob = 0.000000   acc = 0.904
  toxicity = 0, identity_any = 1  [n = 283]:	loss = 0.530  exp loss = 0.463  adjusted loss = 0.463  adv prob = 0.130636   acc = 0.823
  toxicity = 1, identity_any = 0  [n = 33]:	loss = 0.454  exp loss = 0.483  adjusted loss = 0.483  adv prob = 0.000000   acc = 0.818
  toxicity = 1, identity_any = 1  [n = 56]:	loss = 0.312  exp loss = 0.351  adjusted loss = 0.351  adv prob = 0.869363   acc = 0.857
Average incurred loss: 0.251  
Average sample loss: 0.392  
Average acc: 0.924  
  toxicity = 0, identity_any = 0  [n = 436]:	loss = 0.153  exp loss = 0.084  adjusted loss = 0.084  adv prob = 0.000000   acc = 0.959
  toxicity = 0, identity_any = 1  [n = 276]:	loss = 0.293  exp loss = 0.243  adjusted loss = 0.243  adv prob = 0.125454   acc = 0.928
  toxicity = 1, identity_any = 0  [n = 40]:	loss = 0.538  exp loss = 0.564  adjusted loss = 0.564  adv prob = 0.000000   acc = 0.775
  toxicity = 1, identity_any = 1  [n = 48]:	loss = 0.665  exp loss = 0.802  adjusted loss = 0.802  adv prob = 0.874545   acc = 0.708
Average incurred loss: 0.345  
Average sample loss: 0.497  
Average acc: 0.884  
  toxicity = 0, identity_any = 0  [n = 414]:	loss = 0.228  exp loss = 0.189  adjusted loss = 0.189  adv prob = 0.000000   acc = 0.940
  toxicity = 0, identity_any = 1  [n = 298]:	loss = 0.413  exp loss = 0.436  adjusted loss = 0.436  adv prob = 0.122245   acc = 0.862
  toxicity = 1, identity_any = 0  [n = 33]:	loss = 0.437  exp loss = 0.348  adjusted loss = 0.348  adv prob = 0.000000   acc = 0.788
  toxicity = 1, identity_any = 1  [n = 55]:	loss = 0.805  exp loss = 0.560  adjusted loss = 0.560  adv prob = 0.877755   acc = 0.636
Average incurred loss: 0.351  
Average sample loss: 0.343  
Average acc: 0.896  
  toxicity = 0, identity_any = 0  [n = 424]:	loss = 0.238  exp loss = 0.295  adjusted loss = 0.295  adv prob = 0.000000   acc = 0.948
  toxicity = 0, identity_any = 1  [n = 282]:	loss = 0.520  exp loss = 0.572  adjusted loss = 0.572  adv prob = 0.133417   acc = 0.844
  toxicity = 1, identity_any = 0  [n = 36]:	loss = 0.204  exp loss = 0.100  adjusted loss = 0.100  adv prob = 0.000000   acc = 0.889
  toxicity = 1, identity_any = 1  [n = 58]:	loss = 0.438  exp loss = 0.330  adjusted loss = 0.330  adv prob = 0.866583   acc = 0.776
Average incurred loss: 0.265  
Average sample loss: 0.405  
Average acc: 0.909  
  toxicity = 0, identity_any = 0  [n = 426]:	loss = 0.175  exp loss = 0.235  adjusted loss = 0.235  adv prob = 0.000000   acc = 0.960
  toxicity = 0, identity_any = 1  [n = 285]:	loss = 0.287  exp loss = 0.186  adjusted loss = 0.186  adv prob = 0.126466   acc = 0.902
  toxicity = 1, identity_any = 0  [n = 30]:	loss = 0.666  exp loss = 0.649  adjusted loss = 0.649  adv prob = 0.000000   acc = 0.733
  toxicity = 1, identity_any = 1  [n = 59]:	loss = 0.610  exp loss = 0.840  adjusted loss = 0.840  adv prob = 0.873534   acc = 0.661
Average incurred loss: 0.294  
Average sample loss: 0.324  
Average acc: 0.909  
  toxicity = 0, identity_any = 0  [n = 408]:	loss = 0.184  exp loss = 0.098  adjusted loss = 0.098  adv prob = 0.000000   acc = 0.953
  toxicity = 0, identity_any = 1  [n = 284]:	loss = 0.419  exp loss = 0.286  adjusted loss = 0.286  adv prob = 0.132067   acc = 0.873
  toxicity = 1, identity_any = 0  [n = 48]:	loss = 0.309  exp loss = 0.165  adjusted loss = 0.165  adv prob = 0.000000   acc = 0.896
  toxicity = 1, identity_any = 1  [n = 60]:	loss = 0.435  exp loss = 0.559  adjusted loss = 0.559  adv prob = 0.867933   acc = 0.783
Average incurred loss: 0.327  
Average sample loss: 0.449  
Average acc: 0.894  
  toxicity = 0, identity_any = 0  [n = 434]:	loss = 0.220  exp loss = 0.132  adjusted loss = 0.132  adv prob = 0.000000   acc = 0.938
  toxicity = 0, identity_any = 1  [n = 283]:	loss = 0.405  exp loss = 0.232  adjusted loss = 0.232  adv prob = 0.128200   acc = 0.883
  toxicity = 1, identity_any = 0  [n = 28]:	loss = 0.727  exp loss = 0.743  adjusted loss = 0.743  adv prob = 0.000000   acc = 0.714
  toxicity = 1, identity_any = 1  [n = 55]:	loss = 0.564  exp loss = 0.763  adjusted loss = 0.763  adv prob = 0.871800   acc = 0.691
Average incurred loss: 0.335  
Average sample loss: 0.368  
Average acc: 0.899  
  toxicity = 0, identity_any = 0  [n = 410]:	loss = 0.241  exp loss = 0.239  adjusted loss = 0.239  adv prob = 0.000000   acc = 0.939
  toxicity = 0, identity_any = 1  [n = 288]:	loss = 0.467  exp loss = 0.457  adjusted loss = 0.457  adv prob = 0.135907   acc = 0.858
  toxicity = 1, identity_any = 0  [n = 35]:	loss = 0.239  exp loss = 0.240  adjusted loss = 0.240  adv prob = 0.000000   acc = 0.886
  toxicity = 1, identity_any = 1  [n = 67]:	loss = 0.386  exp loss = 0.602  adjusted loss = 0.602  adv prob = 0.864092   acc = 0.836
Average incurred loss: 0.258  
Average sample loss: 0.334  
Average acc: 0.911  
  toxicity = 0, identity_any = 0  [n = 420]:	loss = 0.122  exp loss = 0.096  adjusted loss = 0.096  adv prob = 0.000000   acc = 0.969
  toxicity = 0, identity_any = 1  [n = 288]:	loss = 0.353  exp loss = 0.245  adjusted loss = 0.245  adv prob = 0.135483   acc = 0.892
  toxicity = 1, identity_any = 0  [n = 36]:	loss = 0.614  exp loss = 0.403  adjusted loss = 0.403  adv prob = 0.000000   acc = 0.667
  toxicity = 1, identity_any = 1  [n = 56]:	loss = 0.554  exp loss = 0.705  adjusted loss = 0.705  adv prob = 0.864517   acc = 0.732
Average incurred loss: 0.341  
Average sample loss: 0.224  
Average acc: 0.910  
  toxicity = 0, identity_any = 0  [n = 411]:	loss = 0.259  exp loss = 0.216  adjusted loss = 0.216  adv prob = 0.000000   acc = 0.937
  toxicity = 0, identity_any = 1  [n = 297]:	loss = 0.428  exp loss = 0.452  adjusted loss = 0.452  adv prob = 0.148891   acc = 0.892
  toxicity = 1, identity_any = 0  [n = 30]:	loss = 0.825  exp loss = 1.169  adjusted loss = 1.169  adv prob = 0.000000   acc = 0.767
  toxicity = 1, identity_any = 1  [n = 62]:	loss = 0.231  exp loss = 0.381  adjusted loss = 0.381  adv prob = 0.851108   acc = 0.887
Average incurred loss: 0.279  
Average sample loss: 0.616  
Average acc: 0.899  
  toxicity = 0, identity_any = 0  [n = 419]:	loss = 0.138  exp loss = 0.122  adjusted loss = 0.122  adv prob = 0.000000   acc = 0.964
  toxicity = 0, identity_any = 1  [n = 296]:	loss = 0.296  exp loss = 0.383  adjusted loss = 0.383  adv prob = 0.126394   acc = 0.899
  toxicity = 1, identity_any = 0  [n = 31]:	loss = 0.813  exp loss = 0.961  adjusted loss = 0.961  adv prob = 0.000000   acc = 0.581
  toxicity = 1, identity_any = 1  [n = 54]:	loss = 0.973  exp loss = 1.191  adjusted loss = 1.191  adv prob = 0.873605   acc = 0.574
Average incurred loss: 0.333  
Average sample loss: 0.381  
Average acc: 0.885  
  toxicity = 0, identity_any = 0  [n = 413]:	loss = 0.250  exp loss = 0.339  adjusted loss = 0.339  adv prob = 0.000000   acc = 0.930
  toxicity = 0, identity_any = 1  [n = 287]:	loss = 0.374  exp loss = 0.597  adjusted loss = 0.597  adv prob = 0.130770   acc = 0.871
  toxicity = 1, identity_any = 0  [n = 38]:	loss = 0.597  exp loss = 0.645  adjusted loss = 0.645  adv prob = 0.000000   acc = 0.711
  toxicity = 1, identity_any = 1  [n = 62]:	loss = 0.534  exp loss = 0.373  adjusted loss = 0.373  adv prob = 0.869230   acc = 0.758
Average incurred loss: 0.330  
Average sample loss: 0.420  
Average acc: 0.892  
  toxicity = 0, identity_any = 0  [n = 427]:	loss = 0.190  exp loss = 0.139  adjusted loss = 0.139  adv prob = 0.000000   acc = 0.951
  toxicity = 0, identity_any = 1  [n = 281]:	loss = 0.479  exp loss = 0.463  adjusted loss = 0.463  adv prob = 0.137833   acc = 0.861
  toxicity = 1, identity_any = 0  [n = 37]:	loss = 0.403  exp loss = 0.290  adjusted loss = 0.290  adv prob = 0.000000   acc = 0.757
  toxicity = 1, identity_any = 1  [n = 55]:	loss = 0.599  exp loss = 0.814  adjusted loss = 0.814  adv prob = 0.862167   acc = 0.691
Average incurred loss: 0.291  
Average sample loss: 0.405  
Average acc: 0.895  
  toxicity = 0, identity_any = 0  [n = 450]:	loss = 0.223  exp loss = 0.307  adjusted loss = 0.307  adv prob = 0.000000   acc = 0.931
  toxicity = 0, identity_any = 1  [n = 257]:	loss = 0.304  exp loss = 0.338  adjusted loss = 0.338  adv prob = 0.130804   acc = 0.899
  toxicity = 1, identity_any = 0  [n = 35]:	loss = 0.476  exp loss = 0.278  adjusted loss = 0.278  adv prob = 0.000000   acc = 0.771
  toxicity = 1, identity_any = 1  [n = 58]:	loss = 0.643  exp loss = 0.614  adjusted loss = 0.614  adv prob = 0.869196   acc = 0.672
Average incurred loss: 0.267  
Average sample loss: 0.389  
Average acc: 0.912  
  toxicity = 0, identity_any = 0  [n = 413]:	loss = 0.183  exp loss = 0.161  adjusted loss = 0.161  adv prob = 0.000000   acc = 0.954
  toxicity = 0, identity_any = 1  [n = 304]:	loss = 0.356  exp loss = 0.324  adjusted loss = 0.324  adv prob = 0.128279   acc = 0.878
  toxicity = 1, identity_any = 0  [n = 26]:	loss = 0.098  exp loss = 0.202  adjusted loss = 0.202  adv prob = 0.000000   acc = 0.962
  toxicity = 1, identity_any = 1  [n = 57]:	loss = 0.475  exp loss = 0.655  adjusted loss = 0.655  adv prob = 0.871720   acc = 0.772
Average incurred loss: 0.235  
Average sample loss: 0.348  
Average acc: 0.921  
  toxicity = 0, identity_any = 0  [n = 399]:	loss = 0.121  exp loss = 0.086  adjusted loss = 0.086  adv prob = 0.000000   acc = 0.975
  toxicity = 0, identity_any = 1  [n = 308]:	loss = 0.279  exp loss = 0.300  adjusted loss = 0.300  adv prob = 0.123276   acc = 0.916
  toxicity = 1, identity_any = 0  [n = 38]:	loss = 0.459  exp loss = 0.494  adjusted loss = 0.494  adv prob = 0.000000   acc = 0.816
  toxicity = 1, identity_any = 1  [n = 55]:	loss = 0.666  exp loss = 0.641  adjusted loss = 0.641  adv prob = 0.876724   acc = 0.636
Average incurred loss: 0.325  
Average sample loss: 0.431  
Average acc: 0.909  
  toxicity = 0, identity_any = 0  [n = 428]:	loss = 0.221  exp loss = 0.365  adjusted loss = 0.365  adv prob = 0.000000   acc = 0.967
  toxicity = 0, identity_any = 1  [n = 265]:	loss = 0.381  exp loss = 0.486  adjusted loss = 0.486  adv prob = 0.118155   acc = 0.887
  toxicity = 1, identity_any = 0  [n = 41]:	loss = 0.502  exp loss = 0.326  adjusted loss = 0.326  adv prob = 0.000000   acc = 0.780
  toxicity = 1, identity_any = 1  [n = 66]:	loss = 0.660  exp loss = 0.575  adjusted loss = 0.575  adv prob = 0.881845   acc = 0.697
Average incurred loss: 0.397  
Average sample loss: 0.308  
Average acc: 0.880  
  toxicity = 0, identity_any = 0  [n = 437]:	loss = 0.303  exp loss = 0.342  adjusted loss = 0.342  adv prob = 0.000000   acc = 0.931
  toxicity = 0, identity_any = 1  [n = 274]:	loss = 0.563  exp loss = 0.625  adjusted loss = 0.625  adv prob = 0.134070   acc = 0.825
  toxicity = 1, identity_any = 0  [n = 38]:	loss = 0.257  exp loss = 0.253  adjusted loss = 0.253  adv prob = 0.000000   acc = 0.842
  toxicity = 1, identity_any = 1  [n = 51]:	loss = 0.417  exp loss = 0.340  adjusted loss = 0.340  adv prob = 0.865930   acc = 0.765
Average incurred loss: 0.273  
Average sample loss: 0.335  
Average acc: 0.899  
  toxicity = 0, identity_any = 0  [n = 465]:	loss = 0.156  exp loss = 0.141  adjusted loss = 0.141  adv prob = 0.000000   acc = 0.955
  toxicity = 0, identity_any = 1  [n = 248]:	loss = 0.413  exp loss = 0.246  adjusted loss = 0.246  adv prob = 0.137602   acc = 0.863
  toxicity = 1, identity_any = 0  [n = 33]:	loss = 0.536  exp loss = 0.615  adjusted loss = 0.615  adv prob = 0.000000   acc = 0.667
  toxicity = 1, identity_any = 1  [n = 54]:	loss = 0.475  exp loss = 0.585  adjusted loss = 0.585  adv prob = 0.862398   acc = 0.722
Average incurred loss: 0.287  
Average sample loss: 0.344  
Average acc: 0.905  
  toxicity = 0, identity_any = 0  [n = 402]:	loss = 0.167  exp loss = 0.083  adjusted loss = 0.083  adv prob = 0.000000   acc = 0.955
  toxicity = 0, identity_any = 1  [n = 297]:	loss = 0.366  exp loss = 0.400  adjusted loss = 0.400  adv prob = 0.139949   acc = 0.879
  toxicity = 1, identity_any = 0  [n = 45]:	loss = 0.650  exp loss = 0.672  adjusted loss = 0.672  adv prob = 0.000000   acc = 0.756
  toxicity = 1, identity_any = 1  [n = 56]:	loss = 0.437  exp loss = 0.639  adjusted loss = 0.639  adv prob = 0.860051   acc = 0.804
Average incurred loss: 0.250  
Average sample loss: 0.647  
Average acc: 0.915  
  toxicity = 0, identity_any = 0  [n = 436]:	loss = 0.122  exp loss = 0.090  adjusted loss = 0.090  adv prob = 0.000000   acc = 0.968
  toxicity = 0, identity_any = 1  [n = 269]:	loss = 0.208  exp loss = 0.327  adjusted loss = 0.327  adv prob = 0.114143   acc = 0.937
  toxicity = 1, identity_any = 0  [n = 39]:	loss = 0.991  exp loss = 0.826  adjusted loss = 0.826  adv prob = 0.000000   acc = 0.590
  toxicity = 1, identity_any = 1  [n = 56]:	loss = 0.926  exp loss = 1.292  adjusted loss = 1.292  adv prob = 0.885857   acc = 0.625
Average incurred loss: 0.422  
Average sample loss: 0.324  
Average acc: 0.863  
  toxicity = 0, identity_any = 0  [n = 400]:	loss = 0.398  exp loss = 0.531  adjusted loss = 0.531  adv prob = 0.000000   acc = 0.910
  toxicity = 0, identity_any = 1  [n = 300]:	loss = 0.478  exp loss = 0.581  adjusted loss = 0.581  adv prob = 0.125181   acc = 0.813
  toxicity = 1, identity_any = 0  [n = 35]:	loss = 0.309  exp loss = 0.353  adjusted loss = 0.353  adv prob = 0.000000   acc = 0.914
  toxicity = 1, identity_any = 1  [n = 65]:	loss = 0.378  exp loss = 0.206  adjusted loss = 0.206  adv prob = 0.874819   acc = 0.769
Average incurred loss: 0.273  
Average sample loss: 0.427  
Average acc: 0.907  
  toxicity = 0, identity_any = 0  [n = 431]:	loss = 0.165  exp loss = 0.149  adjusted loss = 0.149  adv prob = 0.000000   acc = 0.956
  toxicity = 0, identity_any = 1  [n = 277]:	loss = 0.278  exp loss = 0.252  adjusted loss = 0.252  adv prob = 0.116744   acc = 0.913
  toxicity = 1, identity_any = 0  [n = 37]:	loss = 0.758  exp loss = 0.814  adjusted loss = 0.814  adv prob = 0.000000   acc = 0.676
  toxicity = 1, identity_any = 1  [n = 55]:	loss = 0.766  exp loss = 0.875  adjusted loss = 0.875  adv prob = 0.883256   acc = 0.655
Average incurred loss: 0.311  
Average sample loss: 0.291  
Average acc: 0.898  
  toxicity = 0, identity_any = 0  [n = 420]:	loss = 0.267  exp loss = 0.222  adjusted loss = 0.222  adv prob = 0.000000   acc = 0.940
  toxicity = 0, identity_any = 1  [n = 286]:	loss = 0.344  exp loss = 0.325  adjusted loss = 0.325  adv prob = 0.121113   acc = 0.881
  toxicity = 1, identity_any = 0  [n = 35]:	loss = 0.473  exp loss = 0.612  adjusted loss = 0.612  adv prob = 0.000000   acc = 0.686
  toxicity = 1, identity_any = 1  [n = 59]:	loss = 0.365  exp loss = 0.243  adjusted loss = 0.243  adv prob = 0.878887   acc = 0.797
Average incurred loss: 0.302  
Average sample loss: 0.479  
Average acc: 0.900  
  toxicity = 0, identity_any = 0  [n = 442]:	loss = 0.202  exp loss = 0.146  adjusted loss = 0.146  adv prob = 0.000000   acc = 0.955
  toxicity = 0, identity_any = 1  [n = 285]:	loss = 0.309  exp loss = 0.542  adjusted loss = 0.542  adv prob = 0.110598   acc = 0.902
  toxicity = 1, identity_any = 0  [n = 22]:	loss = 0.748  exp loss = 0.575  adjusted loss = 0.575  adv prob = 0.000000   acc = 0.636
  toxicity = 1, identity_any = 1  [n = 51]:	loss = 0.942  exp loss = 0.570  adjusted loss = 0.570  adv prob = 0.889402   acc = 0.529
Average incurred loss: 0.272  
Average sample loss: 0.328  
Average acc: 0.915  
  toxicity = 0, identity_any = 0  [n = 449]:	loss = 0.162  exp loss = 0.116  adjusted loss = 0.116  adv prob = 0.000000   acc = 0.962
  toxicity = 0, identity_any = 1  [n = 275]:	loss = 0.392  exp loss = 0.483  adjusted loss = 0.483  adv prob = 0.115543   acc = 0.884
  toxicity = 1, identity_any = 0  [n = 27]:	loss = 0.459  exp loss = 0.657  adjusted loss = 0.657  adv prob = 0.000000   acc = 0.778
  toxicity = 1, identity_any = 1  [n = 49]:	loss = 0.499  exp loss = 0.482  adjusted loss = 0.482  adv prob = 0.884457   acc = 0.735
Average incurred loss: 0.266  
Average sample loss: 0.387  
Average acc: 0.909  
  toxicity = 0, identity_any = 0  [n = 433]:	loss = 0.136  exp loss = 0.126  adjusted loss = 0.126  adv prob = 0.000000   acc = 0.968
  toxicity = 0, identity_any = 1  [n = 262]:	loss = 0.345  exp loss = 0.364  adjusted loss = 0.364  adv prob = 0.113386   acc = 0.885
  toxicity = 1, identity_any = 0  [n = 44]:	loss = 0.545  exp loss = 0.552  adjusted loss = 0.552  adv prob = 0.000000   acc = 0.795
  toxicity = 1, identity_any = 1  [n = 61]:	loss = 0.653  exp loss = 0.520  adjusted loss = 0.520  adv prob = 0.886614   acc = 0.672
Average incurred loss: 0.257  
Average sample loss: 0.299  
Average acc: 0.910  
  toxicity = 0, identity_any = 0  [n = 429]:	loss = 0.157  exp loss = 0.105  adjusted loss = 0.105  adv prob = 0.000000   acc = 0.970
  toxicity = 0, identity_any = 1  [n = 274]:	loss = 0.326  exp loss = 0.252  adjusted loss = 0.252  adv prob = 0.114647   acc = 0.872
  toxicity = 1, identity_any = 0  [n = 45]:	loss = 0.503  exp loss = 0.559  adjusted loss = 0.559  adv prob = 0.000000   acc = 0.756
  toxicity = 1, identity_any = 1  [n = 52]:	loss = 0.504  exp loss = 0.414  adjusted loss = 0.414  adv prob = 0.885353   acc = 0.750
Average incurred loss: 0.317  
Average sample loss: 0.399  
Average acc: 0.895  
  toxicity = 0, identity_any = 0  [n = 438]:	loss = 0.179  exp loss = 0.155  adjusted loss = 0.155  adv prob = 0.000000   acc = 0.961
  toxicity = 0, identity_any = 1  [n = 270]:	loss = 0.480  exp loss = 0.471  adjusted loss = 0.471  adv prob = 0.121509   acc = 0.848
  toxicity = 1, identity_any = 0  [n = 32]:	loss = 0.582  exp loss = 0.535  adjusted loss = 0.535  adv prob = 0.000000   acc = 0.656
  toxicity = 1, identity_any = 1  [n = 60]:	loss = 0.450  exp loss = 0.420  adjusted loss = 0.420  adv prob = 0.878491   acc = 0.750
Average incurred loss: 0.322  
Average sample loss: 0.434  
Average acc: 0.894  
  toxicity = 0, identity_any = 0  [n = 423]:	loss = 0.215  exp loss = 0.360  adjusted loss = 0.360  adv prob = 0.000000   acc = 0.950
  toxicity = 0, identity_any = 1  [n = 279]:	loss = 0.373  exp loss = 0.870  adjusted loss = 0.870  adv prob = 0.122362   acc = 0.867
  toxicity = 1, identity_any = 0  [n = 37]:	loss = 0.593  exp loss = 0.753  adjusted loss = 0.753  adv prob = 0.000000   acc = 0.757
  toxicity = 1, identity_any = 1  [n = 61]:	loss = 0.669  exp loss = 0.520  adjusted loss = 0.520  adv prob = 0.877638   acc = 0.705
Average incurred loss: 0.412  
Average sample loss: 0.372  
Average acc: 0.860  
  toxicity = 0, identity_any = 0  [n = 439]:	loss = 0.295  exp loss = 0.375  adjusted loss = 0.375  adv prob = 0.000000   acc = 0.929
  toxicity = 0, identity_any = 1  [n = 257]:	loss = 0.592  exp loss = 0.597  adjusted loss = 0.597  adv prob = 0.137352   acc = 0.782
  toxicity = 1, identity_any = 0  [n = 39]:	loss = 0.478  exp loss = 0.397  adjusted loss = 0.397  adv prob = 0.000000   acc = 0.718
  toxicity = 1, identity_any = 1  [n = 65]:	loss = 0.445  exp loss = 0.406  adjusted loss = 0.406  adv prob = 0.862648   acc = 0.785
Average incurred loss: 0.532  
Average sample loss: 0.416  
Average acc: 0.839  
  toxicity = 0, identity_any = 0  [n = 394]:	loss = 0.424  exp loss = 0.420  adjusted loss = 0.420  adv prob = 0.000000   acc = 0.893
  toxicity = 0, identity_any = 1  [n = 291]:	loss = 0.725  exp loss = 0.742  adjusted loss = 0.742  adv prob = 0.158631   acc = 0.780
  toxicity = 1, identity_any = 0  [n = 47]:	loss = 0.417  exp loss = 0.274  adjusted loss = 0.274  adv prob = 0.000000   acc = 0.787
  toxicity = 1, identity_any = 1  [n = 68]:	loss = 0.418  exp loss = 0.236  adjusted loss = 0.236  adv prob = 0.841369   acc = 0.809
Average incurred loss: 0.212  
Average sample loss: 0.594  
Average acc: 0.931  
  toxicity = 0, identity_any = 0  [n = 436]:	loss = 0.128  exp loss = 0.150  adjusted loss = 0.150  adv prob = 0.000000   acc = 0.970
  toxicity = 0, identity_any = 1  [n = 295]:	loss = 0.157  exp loss = 0.104  adjusted loss = 0.104  adv prob = 0.126729   acc = 0.942
  toxicity = 1, identity_any = 0  [n = 30]:	loss = 0.592  exp loss = 0.358  adjusted loss = 0.358  adv prob = 0.000000   acc = 0.733
  toxicity = 1, identity_any = 1  [n = 39]:	loss = 1.262  exp loss = 1.474  adjusted loss = 1.474  adv prob = 0.873271   acc = 0.564
Average incurred loss: 0.356  
Average sample loss: 0.474  
Average acc: 0.889  
  toxicity = 0, identity_any = 0  [n = 401]:	loss = 0.257  exp loss = 0.273  adjusted loss = 0.273  adv prob = 0.000000   acc = 0.938
  toxicity = 0, identity_any = 1  [n = 294]:	loss = 0.444  exp loss = 0.775  adjusted loss = 0.775  adv prob = 0.128139   acc = 0.871
  toxicity = 1, identity_any = 0  [n = 38]:	loss = 0.298  exp loss = 0.375  adjusted loss = 0.375  adv prob = 0.000000   acc = 0.816
  toxicity = 1, identity_any = 1  [n = 67]:	loss = 0.592  exp loss = 0.308  adjusted loss = 0.308  adv prob = 0.871861   acc = 0.716
Average incurred loss: 0.382  
Average sample loss: 0.413  
Average acc: 0.871  
  toxicity = 0, identity_any = 0  [n = 440]:	loss = 0.349  exp loss = 0.438  adjusted loss = 0.438  adv prob = 0.000000   acc = 0.918
  toxicity = 0, identity_any = 1  [n = 256]:	loss = 0.412  exp loss = 0.671  adjusted loss = 0.671  adv prob = 0.128091   acc = 0.852
  toxicity = 1, identity_any = 0  [n = 44]:	loss = 0.239  exp loss = 0.158  adjusted loss = 0.158  adv prob = 0.000000   acc = 0.818
  toxicity = 1, identity_any = 1  [n = 60]:	loss = 0.597  exp loss = 0.355  adjusted loss = 0.355  adv prob = 0.871909   acc = 0.650
Average incurred loss: 0.338  
Average sample loss: 0.399  
Average acc: 0.884  
  toxicity = 0, identity_any = 0  [n = 434]:	loss = 0.260  exp loss = 0.220  adjusted loss = 0.220  adv prob = 0.000000   acc = 0.938
  toxicity = 0, identity_any = 1  [n = 277]:	loss = 0.390  exp loss = 0.246  adjusted loss = 0.246  adv prob = 0.127609   acc = 0.863
  toxicity = 1, identity_any = 0  [n = 40]:	loss = 0.569  exp loss = 0.631  adjusted loss = 0.631  adv prob = 0.000000   acc = 0.700
  toxicity = 1, identity_any = 1  [n = 49]:	loss = 0.539  exp loss = 0.662  adjusted loss = 0.662  adv prob = 0.872391   acc = 0.673
Average incurred loss: 0.346  
Average sample loss: 0.340  
Average acc: 0.890  
  toxicity = 0, identity_any = 0  [n = 452]:	loss = 0.221  exp loss = 0.177  adjusted loss = 0.177  adv prob = 0.000000   acc = 0.945
  toxicity = 0, identity_any = 1  [n = 266]:	loss = 0.542  exp loss = 0.359  adjusted loss = 0.359  adv prob = 0.139149   acc = 0.827
  toxicity = 1, identity_any = 0  [n = 28]:	loss = 0.249  exp loss = 0.390  adjusted loss = 0.390  adv prob = 0.000000   acc = 0.857
  toxicity = 1, identity_any = 1  [n = 54]:	loss = 0.471  exp loss = 0.635  adjusted loss = 0.635  adv prob = 0.860851   acc = 0.759
Average incurred loss: 0.262  
Average sample loss: 0.315  
Average acc: 0.900  
  toxicity = 0, identity_any = 0  [n = 415]:	loss = 0.163  exp loss = 0.201  adjusted loss = 0.201  adv prob = 0.000000   acc = 0.954
  toxicity = 0, identity_any = 1  [n = 293]:	loss = 0.336  exp loss = 0.410  adjusted loss = 0.410  adv prob = 0.139752   acc = 0.867
  toxicity = 1, identity_any = 0  [n = 34]:	loss = 0.535  exp loss = 0.385  adjusted loss = 0.385  adv prob = 0.000000   acc = 0.735
  toxicity = 1, identity_any = 1  [n = 58]:	loss = 0.446  exp loss = 0.565  adjusted loss = 0.565  adv prob = 0.860248   acc = 0.776
Average incurred loss: 0.291  
Average sample loss: 0.267  
Average acc: 0.902  
  toxicity = 0, identity_any = 0  [n = 434]:	loss = 0.202  exp loss = 0.151  adjusted loss = 0.151  adv prob = 0.000000   acc = 0.945
  toxicity = 0, identity_any = 1  [n = 275]:	loss = 0.408  exp loss = 0.396  adjusted loss = 0.396  adv prob = 0.151388   acc = 0.862
  toxicity = 1, identity_any = 0  [n = 32]:	loss = 0.339  exp loss = 0.274  adjusted loss = 0.274  adv prob = 0.000000   acc = 0.875
  toxicity = 1, identity_any = 1  [n = 59]:	loss = 0.369  exp loss = 0.368  adjusted loss = 0.368  adv prob = 0.848612   acc = 0.797
Average incurred loss: 0.286  
Average sample loss: 0.386  
Average acc: 0.888  
  toxicity = 0, identity_any = 0  [n = 379]:	loss = 0.146  exp loss = 0.195  adjusted loss = 0.195  adv prob = 0.000000   acc = 0.955
  toxicity = 0, identity_any = 1  [n = 320]:	loss = 0.345  exp loss = 0.462  adjusted loss = 0.462  adv prob = 0.147649   acc = 0.878
  toxicity = 1, identity_any = 0  [n = 39]:	loss = 0.557  exp loss = 0.623  adjusted loss = 0.623  adv prob = 0.000000   acc = 0.744
  toxicity = 1, identity_any = 1  [n = 62]:	loss = 0.673  exp loss = 0.439  adjusted loss = 0.439  adv prob = 0.852351   acc = 0.613
Average incurred loss: 0.334  
Average sample loss: 0.486  
Average acc: 0.879  
  toxicity = 0, identity_any = 0  [n = 433]:	loss = 0.220  exp loss = 0.180  adjusted loss = 0.180  adv prob = 0.000000   acc = 0.935
  toxicity = 0, identity_any = 1  [n = 273]:	loss = 0.399  exp loss = 0.392  adjusted loss = 0.392  adv prob = 0.139504   acc = 0.839
  toxicity = 1, identity_any = 0  [n = 42]:	loss = 0.534  exp loss = 0.386  adjusted loss = 0.386  adv prob = 0.000000   acc = 0.786
  toxicity = 1, identity_any = 1  [n = 52]:	loss = 0.788  exp loss = 0.607  adjusted loss = 0.607  adv prob = 0.860496   acc = 0.692
Average incurred loss: 0.274  
Average sample loss: 0.320  
Average acc: 0.901  
  toxicity = 0, identity_any = 0  [n = 428]:	loss = 0.182  exp loss = 0.119  adjusted loss = 0.119  adv prob = 0.000000   acc = 0.946
  toxicity = 0, identity_any = 1  [n = 298]:	loss = 0.331  exp loss = 0.251  adjusted loss = 0.251  adv prob = 0.139292   acc = 0.869
  toxicity = 1, identity_any = 0  [n = 25]:	loss = 0.610  exp loss = 0.445  adjusted loss = 0.445  adv prob = 0.000000   acc = 0.800
  toxicity = 1, identity_any = 1  [n = 49]:	loss = 0.564  exp loss = 0.817  adjusted loss = 0.817  adv prob = 0.860708   acc = 0.755
Average incurred loss: 0.235  
Average sample loss: 0.382  
Average acc: 0.924  
  toxicity = 0, identity_any = 0  [n = 432]:	loss = 0.139  exp loss = 0.129  adjusted loss = 0.129  adv prob = 0.000000   acc = 0.968
  toxicity = 0, identity_any = 1  [n = 276]:	loss = 0.261  exp loss = 0.268  adjusted loss = 0.268  adv prob = 0.130766   acc = 0.920
  toxicity = 1, identity_any = 0  [n = 31]:	loss = 0.793  exp loss = 0.534  adjusted loss = 0.534  adv prob = 0.000000   acc = 0.742
  toxicity = 1, identity_any = 1  [n = 61]:	loss = 0.503  exp loss = 0.604  adjusted loss = 0.604  adv prob = 0.869234   acc = 0.721
Average incurred loss: 0.309  
Average sample loss: 0.595  
Average acc: 0.885  
  toxicity = 0, identity_any = 0  [n = 453]:	loss = 0.195  exp loss = 0.244  adjusted loss = 0.244  adv prob = 0.000000   acc = 0.945
  toxicity = 0, identity_any = 1  [n = 250]:	loss = 0.391  exp loss = 0.435  adjusted loss = 0.435  adv prob = 0.116151   acc = 0.872
  toxicity = 1, identity_any = 0  [n = 31]:	loss = 0.349  exp loss = 0.286  adjusted loss = 0.286  adv prob = 0.000000   acc = 0.677
  toxicity = 1, identity_any = 1  [n = 66]:	loss = 0.763  exp loss = 0.883  adjusted loss = 0.883  adv prob = 0.883849   acc = 0.621
Average incurred loss: 0.352  
Average sample loss: 0.243  
Average acc: 0.877  
  toxicity = 0, identity_any = 0  [n = 403]:	loss = 0.276  exp loss = 0.270  adjusted loss = 0.270  adv prob = 0.000000   acc = 0.913
  toxicity = 0, identity_any = 1  [n = 286]:	loss = 0.498  exp loss = 0.453  adjusted loss = 0.453  adv prob = 0.132087   acc = 0.836
  toxicity = 1, identity_any = 0  [n = 41]:	loss = 0.293  exp loss = 0.439  adjusted loss = 0.439  adv prob = 0.000000   acc = 0.780
  toxicity = 1, identity_any = 1  [n = 70]:	loss = 0.224  exp loss = 0.310  adjusted loss = 0.310  adv prob = 0.867913   acc = 0.900
Average incurred loss: 0.357  
Average sample loss: 0.502  
Average acc: 0.875  
  toxicity = 0, identity_any = 0  [n = 416]:	loss = 0.245  exp loss = 0.132  adjusted loss = 0.132  adv prob = 0.000000   acc = 0.933
  toxicity = 0, identity_any = 1  [n = 290]:	loss = 0.458  exp loss = 0.288  adjusted loss = 0.288  adv prob = 0.127570   acc = 0.831
  toxicity = 1, identity_any = 0  [n = 34]:	loss = 0.413  exp loss = 0.298  adjusted loss = 0.298  adv prob = 0.000000   acc = 0.824
  toxicity = 1, identity_any = 1  [n = 60]:	loss = 0.609  exp loss = 0.815  adjusted loss = 0.815  adv prob = 0.872430   acc = 0.717
Average incurred loss: 0.244  
Average sample loss: 0.467  
Average acc: 0.916  
  toxicity = 0, identity_any = 0  [n = 429]:	loss = 0.133  exp loss = 0.217  adjusted loss = 0.217  adv prob = 0.000000   acc = 0.963
  toxicity = 0, identity_any = 1  [n = 285]:	loss = 0.284  exp loss = 0.221  adjusted loss = 0.221  adv prob = 0.115612   acc = 0.916
  toxicity = 1, identity_any = 0  [n = 31]:	loss = 0.598  exp loss = 0.617  adjusted loss = 0.617  adv prob = 0.000000   acc = 0.677
  toxicity = 1, identity_any = 1  [n = 55]:	loss = 0.710  exp loss = 0.702  adjusted loss = 0.702  adv prob = 0.884388   acc = 0.691
Average incurred loss: 0.301  
Average sample loss: 0.381  
Average acc: 0.903  
  toxicity = 0, identity_any = 0  [n = 432]:	loss = 0.177  exp loss = 0.117  adjusted loss = 0.117  adv prob = 0.000000   acc = 0.961
  toxicity = 0, identity_any = 1  [n = 275]:	loss = 0.441  exp loss = 0.315  adjusted loss = 0.315  adv prob = 0.118807   acc = 0.858
  toxicity = 1, identity_any = 0  [n = 38]:	loss = 0.325  exp loss = 0.330  adjusted loss = 0.330  adv prob = 0.000000   acc = 0.737
  toxicity = 1, identity_any = 1  [n = 55]:	loss = 0.561  exp loss = 0.958  adjusted loss = 0.958  adv prob = 0.881194   acc = 0.782
Average incurred loss: 0.357  
Average sample loss: 0.363  
Average acc: 0.891  
  toxicity = 0, identity_any = 0  [n = 434]:	loss = 0.296  exp loss = 0.323  adjusted loss = 0.323  adv prob = 0.000000   acc = 0.919
  toxicity = 0, identity_any = 1  [n = 278]:	loss = 0.427  exp loss = 0.534  adjusted loss = 0.534  adv prob = 0.123453   acc = 0.881
  toxicity = 1, identity_any = 0  [n = 40]:	loss = 0.216  exp loss = 0.229  adjusted loss = 0.229  adv prob = 0.000000   acc = 0.875
  toxicity = 1, identity_any = 1  [n = 48]:	loss = 0.614  exp loss = 0.404  adjusted loss = 0.404  adv prob = 0.876547   acc = 0.708
Average incurred loss: 0.313  
Average sample loss: 0.467  
Average acc: 0.899  
  toxicity = 0, identity_any = 0  [n = 430]:	loss = 0.245  exp loss = 0.279  adjusted loss = 0.279  adv prob = 0.000000   acc = 0.940
  toxicity = 0, identity_any = 1  [n = 280]:	loss = 0.343  exp loss = 0.383  adjusted loss = 0.383  adv prob = 0.114423   acc = 0.893
  toxicity = 1, identity_any = 0  [n = 34]:	loss = 0.414  exp loss = 0.312  adjusted loss = 0.312  adv prob = 0.000000   acc = 0.794
  toxicity = 1, identity_any = 1  [n = 56]:	loss = 0.631  exp loss = 0.458  adjusted loss = 0.458  adv prob = 0.885577   acc = 0.679
Average incurred loss: 0.328  
Average sample loss: 0.383  
Average acc: 0.885  
  toxicity = 0, identity_any = 0  [n = 425]:	loss = 0.243  exp loss = 0.158  adjusted loss = 0.158  adv prob = 0.000000   acc = 0.929
  toxicity = 0, identity_any = 1  [n = 294]:	loss = 0.391  exp loss = 0.302  adjusted loss = 0.302  adv prob = 0.116329   acc = 0.867
  toxicity = 1, identity_any = 0  [n = 30]:	loss = 0.393  exp loss = 0.499  adjusted loss = 0.499  adv prob = 0.000000   acc = 0.800
  toxicity = 1, identity_any = 1  [n = 51]:	loss = 0.634  exp loss = 0.897  adjusted loss = 0.897  adv prob = 0.883671   acc = 0.667
Average incurred loss: 0.279  
Average sample loss: 0.325  
Average acc: 0.900  
  toxicity = 0, identity_any = 0  [n = 431]:	loss = 0.214  exp loss = 0.297  adjusted loss = 0.297  adv prob = 0.000000   acc = 0.942
  toxicity = 0, identity_any = 1  [n = 278]:	loss = 0.317  exp loss = 0.230  adjusted loss = 0.230  adv prob = 0.114255   acc = 0.885
  toxicity = 1, identity_any = 0  [n = 30]:	loss = 0.441  exp loss = 0.348  adjusted loss = 0.348  adv prob = 0.000000   acc = 0.800
  toxicity = 1, identity_any = 1  [n = 61]:	loss = 0.484  exp loss = 0.583  adjusted loss = 0.583  adv prob = 0.885745   acc = 0.721
Average incurred loss: 0.509  
Average sample loss: 0.347  
Average acc: 0.845  
  toxicity = 0, identity_any = 0  [n = 439]:	loss = 0.421  exp loss = 0.238  adjusted loss = 0.238  adv prob = 0.000000   acc = 0.884
  toxicity = 0, identity_any = 1  [n = 272]:	loss = 0.678  exp loss = 0.396  adjusted loss = 0.396  adv prob = 0.133186   acc = 0.801
  toxicity = 1, identity_any = 0  [n = 41]:	loss = 0.404  exp loss = 0.591  adjusted loss = 0.591  adv prob = 0.000000   acc = 0.805
  toxicity = 1, identity_any = 1  [n = 48]:	loss = 0.450  exp loss = 0.424  adjusted loss = 0.424  adv prob = 0.866814   acc = 0.771
Average incurred loss: 0.280  
Average sample loss: 0.325  
Average acc: 0.916  
  toxicity = 0, identity_any = 0  [n = 454]:	loss = 0.194  exp loss = 0.202  adjusted loss = 0.202  adv prob = 0.000000   acc = 0.954
  toxicity = 0, identity_any = 1  [n = 258]:	loss = 0.316  exp loss = 0.407  adjusted loss = 0.407  adv prob = 0.132672   acc = 0.911
  toxicity = 1, identity_any = 0  [n = 38]:	loss = 0.793  exp loss = 0.645  adjusted loss = 0.645  adv prob = 0.000000   acc = 0.658
  toxicity = 1, identity_any = 1  [n = 50]:	loss = 0.480  exp loss = 0.363  adjusted loss = 0.363  adv prob = 0.867328   acc = 0.800
Average incurred loss: 0.266  
Average sample loss: 0.378  
Average acc: 0.909  
  toxicity = 0, identity_any = 0  [n = 424]:	loss = 0.194  exp loss = 0.129  adjusted loss = 0.129  adv prob = 0.000000   acc = 0.953
  toxicity = 0, identity_any = 1  [n = 285]:	loss = 0.282  exp loss = 0.280  adjusted loss = 0.280  adv prob = 0.127022   acc = 0.888
  toxicity = 1, identity_any = 0  [n = 32]:	loss = 0.403  exp loss = 0.497  adjusted loss = 0.497  adv prob = 0.000000   acc = 0.813
  toxicity = 1, identity_any = 1  [n = 59]:	loss = 0.629  exp loss = 0.477  adjusted loss = 0.477  adv prob = 0.872978   acc = 0.746
Average incurred loss: 0.242  
Average sample loss: 0.544  
Average acc: 0.923  
  toxicity = 0, identity_any = 0  [n = 458]:	loss = 0.159  exp loss = 0.203  adjusted loss = 0.203  adv prob = 0.000000   acc = 0.961
  toxicity = 0, identity_any = 1  [n = 257]:	loss = 0.219  exp loss = 0.175  adjusted loss = 0.175  adv prob = 0.108365   acc = 0.942
  toxicity = 1, identity_any = 0  [n = 21]:	loss = 0.821  exp loss = 0.865  adjusted loss = 0.865  adv prob = 0.000000   acc = 0.619
  toxicity = 1, identity_any = 1  [n = 64]:	loss = 0.746  exp loss = 0.649  adjusted loss = 0.649  adv prob = 0.891635   acc = 0.672
Average incurred loss: 0.311  
Average sample loss: 0.357  
Average acc: 0.904  
  toxicity = 0, identity_any = 0  [n = 418]:	loss = 0.236  exp loss = 0.234  adjusted loss = 0.234  adv prob = 0.000000   acc = 0.955
  toxicity = 0, identity_any = 1  [n = 277]:	loss = 0.367  exp loss = 0.415  adjusted loss = 0.415  adv prob = 0.109692   acc = 0.884
  toxicity = 1, identity_any = 0  [n = 39]:	loss = 0.424  exp loss = 0.542  adjusted loss = 0.542  adv prob = 0.000000   acc = 0.795
  toxicity = 1, identity_any = 1  [n = 66]:	loss = 0.484  exp loss = 0.383  adjusted loss = 0.383  adv prob = 0.890308   acc = 0.727
Average incurred loss: 0.402  
Average sample loss: 0.424  
Average acc: 0.884  
  toxicity = 0, identity_any = 0  [n = 418]:	loss = 0.354  exp loss = 0.219  adjusted loss = 0.219  adv prob = 0.000000   acc = 0.926
  toxicity = 0, identity_any = 1  [n = 293]:	loss = 0.470  exp loss = 0.201  adjusted loss = 0.201  adv prob = 0.113752   acc = 0.867
  toxicity = 1, identity_any = 0  [n = 38]:	loss = 0.211  exp loss = 0.365  adjusted loss = 0.365  adv prob = 0.000000   acc = 0.868
  toxicity = 1, identity_any = 1  [n = 51]:	loss = 0.544  exp loss = 0.794  adjusted loss = 0.794  adv prob = 0.886248   acc = 0.647
Average incurred loss: 0.338  
Average sample loss: 0.373  
Average acc: 0.887  
  toxicity = 0, identity_any = 0  [n = 447]:	loss = 0.223  exp loss = 0.146  adjusted loss = 0.146  adv prob = 0.000000   acc = 0.937
  toxicity = 0, identity_any = 1  [n = 267]:	loss = 0.476  exp loss = 0.344  adjusted loss = 0.344  adv prob = 0.119620   acc = 0.861
  toxicity = 1, identity_any = 0  [n = 36]:	loss = 0.389  exp loss = 0.401  adjusted loss = 0.401  adv prob = 0.000000   acc = 0.833
  toxicity = 1, identity_any = 1  [n = 50]:	loss = 0.604  exp loss = 0.766  adjusted loss = 0.766  adv prob = 0.880380   acc = 0.620
Average incurred loss: 0.276  
Average sample loss: 0.380  
Average acc: 0.896  
  toxicity = 0, identity_any = 0  [n = 431]:	loss = 0.192  exp loss = 0.201  adjusted loss = 0.201  adv prob = 0.000000   acc = 0.937
  toxicity = 0, identity_any = 1  [n = 282]:	loss = 0.361  exp loss = 0.305  adjusted loss = 0.305  adv prob = 0.118584   acc = 0.862
  toxicity = 1, identity_any = 0  [n = 37]:	loss = 0.264  exp loss = 0.307  adjusted loss = 0.307  adv prob = 0.000000   acc = 0.865
  toxicity = 1, identity_any = 1  [n = 50]:	loss = 0.518  exp loss = 0.709  adjusted loss = 0.709  adv prob = 0.881416   acc = 0.760
Average incurred loss: 0.365  
Average sample loss: 0.381  
Average acc: 0.881  
  toxicity = 0, identity_any = 0  [n = 420]:	loss = 0.220  exp loss = 0.191  adjusted loss = 0.191  adv prob = 0.000000   acc = 0.950
  toxicity = 0, identity_any = 1  [n = 291]:	loss = 0.559  exp loss = 0.492  adjusted loss = 0.492  adv prob = 0.127366   acc = 0.811
  toxicity = 1, identity_any = 0  [n = 32]:	loss = 0.404  exp loss = 0.297  adjusted loss = 0.297  adv prob = 0.000000   acc = 0.812
  toxicity = 1, identity_any = 1  [n = 57]:	loss = 0.427  exp loss = 0.422  adjusted loss = 0.422  adv prob = 0.872634   acc = 0.772
Average incurred loss: 0.328  
Average sample loss: 0.415  
Average acc: 0.886  
  toxicity = 0, identity_any = 0  [n = 430]:	loss = 0.219  exp loss = 0.183  adjusted loss = 0.183  adv prob = 0.000000   acc = 0.940
  toxicity = 0, identity_any = 1  [n = 270]:	loss = 0.489  exp loss = 0.784  adjusted loss = 0.784  adv prob = 0.134774   acc = 0.837
  toxicity = 1, identity_any = 0  [n = 45]:	loss = 0.185  exp loss = 0.265  adjusted loss = 0.265  adv prob = 0.000000   acc = 0.867
  toxicity = 1, identity_any = 1  [n = 55]:	loss = 0.514  exp loss = 0.837  adjusted loss = 0.837  adv prob = 0.865226   acc = 0.727
Average incurred loss: 0.326  
Average sample loss: 0.398  
Average acc: 0.891  
  toxicity = 0, identity_any = 0  [n = 419]:	loss = 0.206  exp loss = 0.173  adjusted loss = 0.173  adv prob = 0.000000   acc = 0.943
  toxicity = 0, identity_any = 1  [n = 290]:	loss = 0.467  exp loss = 0.403  adjusted loss = 0.403  adv prob = 0.139643   acc = 0.852
  toxicity = 1, identity_any = 0  [n = 29]:	loss = 0.254  exp loss = 0.397  adjusted loss = 0.397  adv prob = 0.000000   acc = 0.862
  toxicity = 1, identity_any = 1  [n = 62]:	loss = 0.521  exp loss = 0.472  adjusted loss = 0.472  adv prob = 0.860357   acc = 0.742
Average incurred loss: 0.308  
Average sample loss: 0.612  
Average acc: 0.880  
  toxicity = 0, identity_any = 0  [n = 416]:	loss = 0.175  exp loss = 0.233  adjusted loss = 0.233  adv prob = 0.000000   acc = 0.947
  toxicity = 0, identity_any = 1  [n = 289]:	loss = 0.359  exp loss = 0.382  adjusted loss = 0.382  adv prob = 0.122488   acc = 0.875
  toxicity = 1, identity_any = 0  [n = 41]:	loss = 0.504  exp loss = 0.319  adjusted loss = 0.319  adv prob = 0.000000   acc = 0.707
  toxicity = 1, identity_any = 1  [n = 54]:	loss = 0.910  exp loss = 0.740  adjusted loss = 0.740  adv prob = 0.877512   acc = 0.519
Average incurred loss: 0.422  
Average sample loss: 0.323  
Average acc: 0.861  
  toxicity = 0, identity_any = 0  [n = 433]:	loss = 0.341  exp loss = 0.358  adjusted loss = 0.358  adv prob = 0.000000   acc = 0.894
  toxicity = 0, identity_any = 1  [n = 273]:	loss = 0.613  exp loss = 0.566  adjusted loss = 0.566  adv prob = 0.145135   acc = 0.802
  toxicity = 1, identity_any = 0  [n = 24]:	loss = 0.150  exp loss = 0.248  adjusted loss = 0.248  adv prob = 0.000000   acc = 0.917
  toxicity = 1, identity_any = 1  [n = 70]:	loss = 0.271  exp loss = 0.535  adjusted loss = 0.535  adv prob = 0.854865   acc = 0.871
Average incurred loss: 0.249  
Average sample loss: 0.431  
Average acc: 0.911  
  toxicity = 0, identity_any = 0  [n = 429]:	loss = 0.124  exp loss = 0.123  adjusted loss = 0.123  adv prob = 0.000000   acc = 0.972
  toxicity = 0, identity_any = 1  [n = 279]:	loss = 0.319  exp loss = 0.296  adjusted loss = 0.296  adv prob = 0.135404   acc = 0.892
  toxicity = 1, identity_any = 0  [n = 40]:	loss = 0.659  exp loss = 0.574  adjusted loss = 0.574  adv prob = 0.000000   acc = 0.650
  toxicity = 1, identity_any = 1  [n = 52]:	loss = 0.587  exp loss = 0.648  adjusted loss = 0.648  adv prob = 0.864596   acc = 0.712
Average incurred loss: 0.311  
Average sample loss: 0.479  
Average acc: 0.895  
  toxicity = 0, identity_any = 0  [n = 419]:	loss = 0.208  exp loss = 0.219  adjusted loss = 0.219  adv prob = 0.000000   acc = 0.943
  toxicity = 0, identity_any = 1  [n = 280]:	loss = 0.392  exp loss = 0.481  adjusted loss = 0.481  adv prob = 0.129409   acc = 0.871
  toxicity = 1, identity_any = 0  [n = 45]:	loss = 0.244  exp loss = 0.126  adjusted loss = 0.126  adv prob = 0.000000   acc = 0.933
  toxicity = 1, identity_any = 1  [n = 56]:	loss = 0.735  exp loss = 0.935  adjusted loss = 0.935  adv prob = 0.870591   acc = 0.625
Average incurred loss: 0.333  
Average sample loss: 0.425  
Average acc: 0.892  
  toxicity = 0, identity_any = 0  [n = 437]:	loss = 0.243  exp loss = 0.300  adjusted loss = 0.300  adv prob = 0.000000   acc = 0.929
  toxicity = 0, identity_any = 1  [n = 275]:	loss = 0.413  exp loss = 0.446  adjusted loss = 0.446  adv prob = 0.128454   acc = 0.884
  toxicity = 1, identity_any = 0  [n = 39]:	loss = 0.464  exp loss = 0.300  adjusted loss = 0.300  adv prob = 0.000000   acc = 0.744
  toxicity = 1, identity_any = 1  [n = 49]:	loss = 0.590  exp loss = 0.403  adjusted loss = 0.403  adv prob = 0.871546   acc = 0.735
Average incurred loss: 0.325  
Average sample loss: 0.391  
Average acc: 0.894  
  toxicity = 0, identity_any = 0  [n = 415]:	loss = 0.210  exp loss = 0.227  adjusted loss = 0.227  adv prob = 0.000000   acc = 0.942
  toxicity = 0, identity_any = 1  [n = 296]:	loss = 0.423  exp loss = 0.238  adjusted loss = 0.238  adv prob = 0.129547   acc = 0.872
  toxicity = 1, identity_any = 0  [n = 35]:	loss = 0.340  exp loss = 0.384  adjusted loss = 0.384  adv prob = 0.000000   acc = 0.829
  toxicity = 1, identity_any = 1  [n = 54]:	loss = 0.668  exp loss = 0.526  adjusted loss = 0.526  adv prob = 0.870453   acc = 0.685
Average incurred loss: 0.316  
Average sample loss: 0.441  
Average acc: 0.895  
  toxicity = 0, identity_any = 0  [n = 417]:	loss = 0.171  exp loss = 0.131  adjusted loss = 0.131  adv prob = 0.000000   acc = 0.954
  toxicity = 0, identity_any = 1  [n = 287]:	loss = 0.448  exp loss = 0.556  adjusted loss = 0.556  adv prob = 0.131489   acc = 0.854
  toxicity = 1, identity_any = 0  [n = 42]:	loss = 0.494  exp loss = 0.269  adjusted loss = 0.269  adv prob = 0.000000   acc = 0.810
  toxicity = 1, identity_any = 1  [n = 54]:	loss = 0.603  exp loss = 0.597  adjusted loss = 0.597  adv prob = 0.868511   acc = 0.722
Average incurred loss: 0.275  
Average sample loss: 0.466  
Average acc: 0.904  
  toxicity = 0, identity_any = 0  [n = 441]:	loss = 0.134  exp loss = 0.212  adjusted loss = 0.212  adv prob = 0.000000   acc = 0.964
  toxicity = 0, identity_any = 1  [n = 276]:	loss = 0.418  exp loss = 0.389  adjusted loss = 0.389  adv prob = 0.129357   acc = 0.866
  toxicity = 1, identity_any = 0  [n = 37]:	loss = 0.356  exp loss = 0.370  adjusted loss = 0.370  adv prob = 0.000000   acc = 0.838
  toxicity = 1, identity_any = 1  [n = 46]:	loss = 0.711  exp loss = 0.654  adjusted loss = 0.654  adv prob = 0.870643   acc = 0.609
Average incurred loss: 0.246  
Average sample loss: 0.450  
Average acc: 0.923  
  toxicity = 0, identity_any = 0  [n = 452]:	loss = 0.169  exp loss = 0.231  adjusted loss = 0.231  adv prob = 0.000000   acc = 0.956
  toxicity = 0, identity_any = 1  [n = 277]:	loss = 0.256  exp loss = 0.223  adjusted loss = 0.223  adv prob = 0.117165   acc = 0.935
  toxicity = 1, identity_any = 0  [n = 32]:	loss = 0.442  exp loss = 0.610  adjusted loss = 0.610  adv prob = 0.000000   acc = 0.813
  toxicity = 1, identity_any = 1  [n = 39]:	loss = 0.899  exp loss = 1.183  adjusted loss = 1.183  adv prob = 0.882836   acc = 0.538
Average incurred loss: 0.313  
Average sample loss: 0.401  
Average acc: 0.895  
  toxicity = 0, identity_any = 0  [n = 414]:	loss = 0.179  exp loss = 0.125  adjusted loss = 0.125  adv prob = 0.000000   acc = 0.954
  toxicity = 0, identity_any = 1  [n = 300]:	loss = 0.447  exp loss = 0.432  adjusted loss = 0.432  adv prob = 0.119871   acc = 0.867
  toxicity = 1, identity_any = 0  [n = 36]:	loss = 0.381  exp loss = 0.415  adjusted loss = 0.415  adv prob = 0.000000   acc = 0.778
  toxicity = 1, identity_any = 1  [n = 50]:	loss = 0.575  exp loss = 0.517  adjusted loss = 0.517  adv prob = 0.880129   acc = 0.660
Average incurred loss: 0.283  
Average sample loss: 0.354  
Average acc: 0.904  
  toxicity = 0, identity_any = 0  [n = 409]:	loss = 0.186  exp loss = 0.112  adjusted loss = 0.112  adv prob = 0.000000   acc = 0.951
  toxicity = 0, identity_any = 1  [n = 293]:	loss = 0.358  exp loss = 0.217  adjusted loss = 0.217  adv prob = 0.120525   acc = 0.881
  toxicity = 1, identity_any = 0  [n = 42]:	loss = 0.407  exp loss = 0.425  adjusted loss = 0.425  adv prob = 0.000000   acc = 0.810
  toxicity = 1, identity_any = 1  [n = 56]:	loss = 0.503  exp loss = 0.840  adjusted loss = 0.840  adv prob = 0.879475   acc = 0.750
Average incurred loss: 0.256  
Average sample loss: 0.391  
Average acc: 0.911  
  toxicity = 0, identity_any = 0  [n = 431]:	loss = 0.148  exp loss = 0.199  adjusted loss = 0.199  adv prob = 0.000000   acc = 0.961
  toxicity = 0, identity_any = 1  [n = 286]:	loss = 0.334  exp loss = 0.408  adjusted loss = 0.408  adv prob = 0.117321   acc = 0.881
  toxicity = 1, identity_any = 0  [n = 32]:	loss = 0.617  exp loss = 0.585  adjusted loss = 0.585  adv prob = 0.000000   acc = 0.719
  toxicity = 1, identity_any = 1  [n = 51]:	loss = 0.509  exp loss = 0.358  adjusted loss = 0.358  adv prob = 0.882679   acc = 0.784
Average incurred loss: 0.267  
Average sample loss: 0.543  
Average acc: 0.907  
  toxicity = 0, identity_any = 0  [n = 437]:	loss = 0.159  exp loss = 0.166  adjusted loss = 0.166  adv prob = 0.000000   acc = 0.957
  toxicity = 0, identity_any = 1  [n = 265]:	loss = 0.292  exp loss = 0.181  adjusted loss = 0.181  adv prob = 0.103831   acc = 0.917
  toxicity = 1, identity_any = 0  [n = 44]:	loss = 0.604  exp loss = 0.566  adjusted loss = 0.566  adv prob = 0.000000   acc = 0.705
  toxicity = 1, identity_any = 1  [n = 54]:	loss = 0.747  exp loss = 0.833  adjusted loss = 0.833  adv prob = 0.896169   acc = 0.630
Average incurred loss: 0.441  
Average sample loss: 0.306  
Average acc: 0.866  
  toxicity = 0, identity_any = 0  [n = 434]:	loss = 0.446  exp loss = 0.292  adjusted loss = 0.292  adv prob = 0.000000   acc = 0.894
  toxicity = 0, identity_any = 1  [n = 268]:	loss = 0.463  exp loss = 0.380  adjusted loss = 0.380  adv prob = 0.108646   acc = 0.843
  toxicity = 1, identity_any = 0  [n = 38]:	loss = 0.181  exp loss = 0.241  adjusted loss = 0.241  adv prob = 0.000000   acc = 0.868
  toxicity = 1, identity_any = 1  [n = 60]:	loss = 0.473  exp loss = 0.282  adjusted loss = 0.282  adv prob = 0.891354   acc = 0.767
Average incurred loss: 0.364  
Average sample loss: 0.417  
Average acc: 0.883  
  toxicity = 0, identity_any = 0  [n = 411]:	loss = 0.283  exp loss = 0.330  adjusted loss = 0.330  adv prob = 0.000000   acc = 0.929
  toxicity = 0, identity_any = 1  [n = 307]:	loss = 0.444  exp loss = 0.466  adjusted loss = 0.466  adv prob = 0.109635   acc = 0.847
  toxicity = 1, identity_any = 0  [n = 33]:	loss = 0.255  exp loss = 0.224  adjusted loss = 0.224  adv prob = 0.000000   acc = 0.848
  toxicity = 1, identity_any = 1  [n = 49]:	loss = 0.608  exp loss = 0.464  adjusted loss = 0.464  adv prob = 0.890366   acc = 0.735
Average incurred loss: 0.363  
Average sample loss: 0.352  
Average acc: 0.873  
  toxicity = 0, identity_any = 0  [n = 413]:	loss = 0.257  exp loss = 0.211  adjusted loss = 0.211  adv prob = 0.000000   acc = 0.925
  toxicity = 0, identity_any = 1  [n = 293]:	loss = 0.506  exp loss = 0.405  adjusted loss = 0.405  adv prob = 0.117119   acc = 0.819
  toxicity = 1, identity_any = 0  [n = 34]:	loss = 0.254  exp loss = 0.180  adjusted loss = 0.180  adv prob = 0.000000   acc = 0.882
  toxicity = 1, identity_any = 1  [n = 60]:	loss = 0.453  exp loss = 0.808  adjusted loss = 0.808  adv prob = 0.882881   acc = 0.767
Average incurred loss: 0.268  
Average sample loss: 0.413  
Average acc: 0.906  
  toxicity = 0, identity_any = 0  [n = 408]:	loss = 0.109  exp loss = 0.071  adjusted loss = 0.071  adv prob = 0.000000   acc = 0.971
  toxicity = 0, identity_any = 1  [n = 307]:	loss = 0.371  exp loss = 0.300  adjusted loss = 0.300  adv prob = 0.113906   acc = 0.883
  toxicity = 1, identity_any = 0  [n = 35]:	loss = 0.703  exp loss = 0.900  adjusted loss = 0.900  adv prob = 0.000000   acc = 0.657
  toxicity = 1, identity_any = 1  [n = 50]:	loss = 0.625  exp loss = 0.963  adjusted loss = 0.963  adv prob = 0.886094   acc = 0.700
Average incurred loss: 0.323  
Average sample loss: 0.270  
Average acc: 0.897  
  toxicity = 0, identity_any = 0  [n = 424]:	loss = 0.232  exp loss = 0.304  adjusted loss = 0.304  adv prob = 0.000000   acc = 0.936
  toxicity = 0, identity_any = 1  [n = 267]:	loss = 0.405  exp loss = 0.419  adjusted loss = 0.419  adv prob = 0.122679   acc = 0.865
  toxicity = 1, identity_any = 0  [n = 42]:	loss = 0.685  exp loss = 0.745  adjusted loss = 0.745  adv prob = 0.000000   acc = 0.762
  toxicity = 1, identity_any = 1  [n = 67]:	loss = 0.340  exp loss = 0.270  adjusted loss = 0.270  adv prob = 0.877321   acc = 0.866
Average incurred loss: 0.301  
Average sample loss: 0.255  
Average acc: 0.890  
  toxicity = 0, identity_any = 0  [n = 439]:	loss = 0.212  exp loss = 0.166  adjusted loss = 0.166  adv prob = 0.000000   acc = 0.943
  toxicity = 0, identity_any = 1  [n = 275]:	loss = 0.379  exp loss = 0.315  adjusted loss = 0.315  adv prob = 0.131111   acc = 0.851
  toxicity = 1, identity_any = 0  [n = 38]:	loss = 0.606  exp loss = 0.606  adjusted loss = 0.606  adv prob = 0.000000   acc = 0.711
  toxicity = 1, identity_any = 1  [n = 48]:	loss = 0.429  exp loss = 0.316  adjusted loss = 0.316  adv prob = 0.868889   acc = 0.771
Average incurred loss: 0.304  
Average sample loss: 0.439  
Average acc: 0.915  
  toxicity = 0, identity_any = 0  [n = 423]:	loss = 0.197  exp loss = 0.140  adjusted loss = 0.140  adv prob = 0.000000   acc = 0.955
  toxicity = 0, identity_any = 1  [n = 274]:	loss = 0.271  exp loss = 0.365  adjusted loss = 0.365  adv prob = 0.120463   acc = 0.916
  toxicity = 1, identity_any = 0  [n = 48]:	loss = 0.877  exp loss = 0.655  adjusted loss = 0.655  adv prob = 0.000000   acc = 0.729
  toxicity = 1, identity_any = 1  [n = 55]:	loss = 0.798  exp loss = 0.892  adjusted loss = 0.892  adv prob = 0.879537   acc = 0.764
Average incurred loss: 0.282  
Average sample loss: 0.452  
Average acc: 0.906  
  toxicity = 0, identity_any = 0  [n = 415]:	loss = 0.148  exp loss = 0.087  adjusted loss = 0.087  adv prob = 0.000000   acc = 0.959
  toxicity = 0, identity_any = 1  [n = 293]:	loss = 0.379  exp loss = 0.349  adjusted loss = 0.349  adv prob = 0.117134   acc = 0.881
  toxicity = 1, identity_any = 0  [n = 36]:	loss = 0.500  exp loss = 0.654  adjusted loss = 0.654  adv prob = 0.000000   acc = 0.778
  toxicity = 1, identity_any = 1  [n = 56]:	loss = 0.635  exp loss = 0.679  adjusted loss = 0.679  adv prob = 0.882866   acc = 0.732
Average incurred loss: 0.328  
Average sample loss: 0.388  
Average acc: 0.882  
  toxicity = 0, identity_any = 0  [n = 416]:	loss = 0.237  exp loss = 0.384  adjusted loss = 0.384  adv prob = 0.000000   acc = 0.942
  toxicity = 0, identity_any = 1  [n = 273]:	loss = 0.426  exp loss = 0.455  adjusted loss = 0.455  adv prob = 0.118685   acc = 0.832
  toxicity = 1, identity_any = 0  [n = 37]:	loss = 0.307  exp loss = 0.220  adjusted loss = 0.220  adv prob = 0.000000   acc = 0.811
  toxicity = 1, identity_any = 1  [n = 74]:	loss = 0.491  exp loss = 0.456  adjusted loss = 0.456  adv prob = 0.881315   acc = 0.770
Average incurred loss: 0.351  
Average sample loss: 0.397  
Average acc: 0.891  
  toxicity = 0, identity_any = 0  [n = 419]:	loss = 0.251  exp loss = 0.171  adjusted loss = 0.171  adv prob = 0.000000   acc = 0.940
  toxicity = 0, identity_any = 1  [n = 299]:	loss = 0.467  exp loss = 0.189  adjusted loss = 0.189  adv prob = 0.121097   acc = 0.856
  toxicity = 1, identity_any = 0  [n = 36]:	loss = 0.332  exp loss = 0.256  adjusted loss = 0.256  adv prob = 0.000000   acc = 0.833
  toxicity = 1, identity_any = 1  [n = 46]:	loss = 0.527  exp loss = 0.663  adjusted loss = 0.663  adv prob = 0.878903   acc = 0.717
Average incurred loss: 0.321  
Average sample loss: 0.493  
Average acc: 0.899  
  toxicity = 0, identity_any = 0  [n = 413]:	loss = 0.236  exp loss = 0.296  adjusted loss = 0.296  adv prob = 0.000000   acc = 0.956
  toxicity = 0, identity_any = 1  [n = 286]:	loss = 0.383  exp loss = 0.399  adjusted loss = 0.399  adv prob = 0.114279   acc = 0.874
  toxicity = 1, identity_any = 0  [n = 37]:	loss = 0.359  exp loss = 0.288  adjusted loss = 0.288  adv prob = 0.000000   acc = 0.811
  toxicity = 1, identity_any = 1  [n = 64]:	loss = 0.568  exp loss = 0.761  adjusted loss = 0.761  adv prob = 0.885721   acc = 0.688
Average incurred loss: 0.342  
Average sample loss: 0.332  
Average acc: 0.894  
  toxicity = 0, identity_any = 0  [n = 416]:	loss = 0.225  exp loss = 0.143  adjusted loss = 0.143  adv prob = 0.000000   acc = 0.947
  toxicity = 0, identity_any = 1  [n = 288]:	loss = 0.490  exp loss = 0.349  adjusted loss = 0.349  adv prob = 0.127090   acc = 0.851
  toxicity = 1, identity_any = 0  [n = 36]:	loss = 0.360  exp loss = 0.272  adjusted loss = 0.272  adv prob = 0.000000   acc = 0.806
  toxicity = 1, identity_any = 1  [n = 60]:	loss = 0.435  exp loss = 0.494  adjusted loss = 0.494  adv prob = 0.872910   acc = 0.783
Average incurred loss: 0.247  
Average sample loss: 0.405  
Average acc: 0.911  
  toxicity = 0, identity_any = 0  [n = 413]:	loss = 0.136  exp loss = 0.128  adjusted loss = 0.128  adv prob = 0.000000   acc = 0.971
  toxicity = 0, identity_any = 1  [n = 296]:	loss = 0.259  exp loss = 0.429  adjusted loss = 0.429  adv prob = 0.119449   acc = 0.922
  toxicity = 1, identity_any = 0  [n = 43]:	loss = 0.812  exp loss = 0.938  adjusted loss = 0.938  adv prob = 0.000000   acc = 0.581
  toxicity = 1, identity_any = 1  [n = 48]:	loss = 0.619  exp loss = 0.590  adjusted loss = 0.590  adv prob = 0.880552   acc = 0.625
Average incurred loss: 0.306  
Average sample loss: 0.349  
Average acc: 0.900  
  toxicity = 0, identity_any = 0  [n = 398]:	loss = 0.169  exp loss = 0.255  adjusted loss = 0.255  adv prob = 0.000000   acc = 0.960
  toxicity = 0, identity_any = 1  [n = 303]:	loss = 0.390  exp loss = 0.472  adjusted loss = 0.472  adv prob = 0.121225   acc = 0.878
  toxicity = 1, identity_any = 0  [n = 41]:	loss = 0.699  exp loss = 0.486  adjusted loss = 0.486  adv prob = 0.000000   acc = 0.707
  toxicity = 1, identity_any = 1  [n = 58]:	loss = 0.530  exp loss = 0.610  adjusted loss = 0.610  adv prob = 0.878775   acc = 0.741
Average incurred loss: 0.263  
Average sample loss: 0.404  
Average acc: 0.904  
  toxicity = 0, identity_any = 0  [n = 414]:	loss = 0.191  exp loss = 0.192  adjusted loss = 0.192  adv prob = 0.000000   acc = 0.947
  toxicity = 0, identity_any = 1  [n = 294]:	loss = 0.286  exp loss = 0.264  adjusted loss = 0.264  adv prob = 0.113627   acc = 0.912
  toxicity = 1, identity_any = 0  [n = 30]:	loss = 0.543  exp loss = 0.624  adjusted loss = 0.624  adv prob = 0.000000   acc = 0.667
  toxicity = 1, identity_any = 1  [n = 62]:	loss = 0.504  exp loss = 0.734  adjusted loss = 0.734  adv prob = 0.886373   acc = 0.694
Average incurred loss: 0.423  
Average sample loss: 0.254  
Average acc: 0.865  
  toxicity = 0, identity_any = 0  [n = 411]:	loss = 0.213  exp loss = 0.137  adjusted loss = 0.137  adv prob = 0.000000   acc = 0.942
  toxicity = 0, identity_any = 1  [n = 288]:	loss = 0.727  exp loss = 0.482  adjusted loss = 0.482  adv prob = 0.141628   acc = 0.785
  toxicity = 1, identity_any = 0  [n = 34]:	loss = 0.662  exp loss = 0.833  adjusted loss = 0.833  adv prob = 0.000000   acc = 0.647
  toxicity = 1, identity_any = 1  [n = 67]:	loss = 0.289  exp loss = 0.287  adjusted loss = 0.287  adv prob = 0.858372   acc = 0.851
Average incurred loss: 0.331  
Average sample loss: 0.503  
Average acc: 0.891  
  toxicity = 0, identity_any = 0  [n = 413]:	loss = 0.187  exp loss = 0.175  adjusted loss = 0.175  adv prob = 0.000000   acc = 0.954
  toxicity = 0, identity_any = 1  [n = 299]:	loss = 0.411  exp loss = 0.344  adjusted loss = 0.344  adv prob = 0.136365   acc = 0.866
  toxicity = 1, identity_any = 0  [n = 34]:	loss = 0.884  exp loss = 0.826  adjusted loss = 0.826  adv prob = 0.000000   acc = 0.618
  toxicity = 1, identity_any = 1  [n = 54]:	loss = 0.639  exp loss = 0.905  adjusted loss = 0.905  adv prob = 0.863635   acc = 0.722
Average incurred loss: 0.309  
Average sample loss: 0.314  
Average acc: 0.882  
  toxicity = 0, identity_any = 0  [n = 430]:	loss = 0.195  exp loss = 0.231  adjusted loss = 0.231  adv prob = 0.000000   acc = 0.933
  toxicity = 0, identity_any = 1  [n = 273]:	loss = 0.437  exp loss = 0.572  adjusted loss = 0.572  adv prob = 0.148441   acc = 0.835
  toxicity = 1, identity_any = 0  [n = 28]:	loss = 0.810  exp loss = 0.946  adjusted loss = 0.946  adv prob = 0.000000   acc = 0.679
  toxicity = 1, identity_any = 1  [n = 69]:	loss = 0.303  exp loss = 0.546  adjusted loss = 0.546  adv prob = 0.851559   acc = 0.841
Average incurred loss: 0.301  
Average sample loss: 0.423  
Average acc: 0.906  
  toxicity = 0, identity_any = 0  [n = 408]:	loss = 0.143  exp loss = 0.195  adjusted loss = 0.195  adv prob = 0.000000   acc = 0.961
  toxicity = 0, identity_any = 1  [n = 283]:	loss = 0.374  exp loss = 0.462  adjusted loss = 0.462  adv prob = 0.147739   acc = 0.894
  toxicity = 1, identity_any = 0  [n = 48]:	loss = 0.772  exp loss = 0.627  adjusted loss = 0.627  adv prob = 0.000000   acc = 0.729
  toxicity = 1, identity_any = 1  [n = 61]:	loss = 0.644  exp loss = 0.615  adjusted loss = 0.615  adv prob = 0.852261   acc = 0.738
Average incurred loss: 0.270  
Average sample loss: 0.542  
Average acc: 0.913  
  toxicity = 0, identity_any = 0  [n = 447]:	loss = 0.126  exp loss = 0.155  adjusted loss = 0.155  adv prob = 0.000000   acc = 0.969
  toxicity = 0, identity_any = 1  [n = 272]:	loss = 0.381  exp loss = 0.340  adjusted loss = 0.340  adv prob = 0.138023   acc = 0.886
  toxicity = 1, identity_any = 0  [n = 32]:	loss = 0.550  exp loss = 0.626  adjusted loss = 0.626  adv prob = 0.000000   acc = 0.750
  toxicity = 1, identity_any = 1  [n = 49]:	loss = 0.777  exp loss = 0.805  adjusted loss = 0.805  adv prob = 0.861977   acc = 0.653
Average incurred loss: 0.262  
Average sample loss: 0.426  
Average acc: 0.923  
  toxicity = 0, identity_any = 0  [n = 435]:	loss = 0.177  exp loss = 0.186  adjusted loss = 0.186  adv prob = 0.000000   acc = 0.966
  toxicity = 0, identity_any = 1  [n = 266]:	loss = 0.251  exp loss = 0.151  adjusted loss = 0.151  adv prob = 0.125093   acc = 0.932
  toxicity = 1, identity_any = 0  [n = 40]:	loss = 0.669  exp loss = 0.922  adjusted loss = 0.922  adv prob = 0.000000   acc = 0.675
  toxicity = 1, identity_any = 1  [n = 59]:	loss = 0.657  exp loss = 0.780  adjusted loss = 0.780  adv prob = 0.874907   acc = 0.729
Average incurred loss: 0.332  
Average sample loss: 0.412  
Average acc: 0.900  
  toxicity = 0, identity_any = 0  [n = 433]:	loss = 0.220  exp loss = 0.184  adjusted loss = 0.184  adv prob = 0.000000   acc = 0.947
  toxicity = 0, identity_any = 1  [n = 278]:	loss = 0.463  exp loss = 0.285  adjusted loss = 0.285  adv prob = 0.127879   acc = 0.871
  toxicity = 1, identity_any = 0  [n = 41]:	loss = 0.324  exp loss = 0.295  adjusted loss = 0.295  adv prob = 0.000000   acc = 0.829
  toxicity = 1, identity_any = 1  [n = 48]:	loss = 0.592  exp loss = 0.599  adjusted loss = 0.599  adv prob = 0.872121   acc = 0.708
Average incurred loss: 0.264  
Average sample loss: 0.389  
Average acc: 0.910  
  toxicity = 0, identity_any = 0  [n = 437]:	loss = 0.165  exp loss = 0.131  adjusted loss = 0.131  adv prob = 0.000000   acc = 0.959
  toxicity = 0, identity_any = 1  [n = 279]:	loss = 0.323  exp loss = 0.146  adjusted loss = 0.146  adv prob = 0.122540   acc = 0.907
  toxicity = 1, identity_any = 0  [n = 38]:	loss = 0.527  exp loss = 0.640  adjusted loss = 0.640  adv prob = 0.000000   acc = 0.658
  toxicity = 1, identity_any = 1  [n = 46]:	loss = 0.621  exp loss = 0.705  adjusted loss = 0.705  adv prob = 0.877460   acc = 0.674
Average incurred loss: 0.289  
Average sample loss: 0.292  
Average acc: 0.906  
  toxicity = 0, identity_any = 0  [n = 418]:	loss = 0.180  exp loss = 0.091  adjusted loss = 0.091  adv prob = 0.000000   acc = 0.959
  toxicity = 0, identity_any = 1  [n = 295]:	loss = 0.379  exp loss = 0.332  adjusted loss = 0.332  adv prob = 0.127789   acc = 0.875
  toxicity = 1, identity_any = 0  [n = 31]:	loss = 0.742  exp loss = 1.037  adjusted loss = 1.037  adv prob = 0.000000   acc = 0.710
  toxicity = 1, identity_any = 1  [n = 56]:	loss = 0.381  exp loss = 0.403  adjusted loss = 0.403  adv prob = 0.872211   acc = 0.786
Average incurred loss: 0.263  
Average sample loss: 0.524  
Average acc: 0.916  
  toxicity = 0, identity_any = 0  [n = 439]:	loss = 0.134  exp loss = 0.132  adjusted loss = 0.132  adv prob = 0.000000   acc = 0.975
  toxicity = 0, identity_any = 1  [n = 275]:	loss = 0.337  exp loss = 0.437  adjusted loss = 0.437  adv prob = 0.115232   acc = 0.913
  toxicity = 1, identity_any = 0  [n = 33]:	loss = 0.502  exp loss = 0.544  adjusted loss = 0.544  adv prob = 0.000000   acc = 0.727
  toxicity = 1, identity_any = 1  [n = 53]:	loss = 0.804  exp loss = 0.924  adjusted loss = 0.924  adv prob = 0.884768   acc = 0.566
Average incurred loss: 0.321  
Average sample loss: 0.304  
Average acc: 0.895  
  toxicity = 0, identity_any = 0  [n = 431]:	loss = 0.246  exp loss = 0.220  adjusted loss = 0.220  adv prob = 0.000000   acc = 0.947
  toxicity = 0, identity_any = 1  [n = 278]:	loss = 0.379  exp loss = 0.257  adjusted loss = 0.257  adv prob = 0.117583   acc = 0.867
  toxicity = 1, identity_any = 0  [n = 41]:	loss = 0.422  exp loss = 0.818  adjusted loss = 0.818  adv prob = 0.000000   acc = 0.780
  toxicity = 1, identity_any = 1  [n = 50]:	loss = 0.569  exp loss = 0.615  adjusted loss = 0.615  adv prob = 0.882417   acc = 0.700
Average incurred loss: 0.388  
Average sample loss: 0.485  
Average acc: 0.881  
  toxicity = 0, identity_any = 0  [n = 427]:	loss = 0.296  exp loss = 0.385  adjusted loss = 0.385  adv prob = 0.000000   acc = 0.932
  toxicity = 0, identity_any = 1  [n = 292]:	loss = 0.470  exp loss = 0.791  adjusted loss = 0.791  adv prob = 0.116651   acc = 0.856
  toxicity = 1, identity_any = 0  [n = 31]:	loss = 0.320  exp loss = 0.333  adjusted loss = 0.333  adv prob = 0.000000   acc = 0.806
  toxicity = 1, identity_any = 1  [n = 50]:	loss = 0.734  exp loss = 0.435  adjusted loss = 0.435  adv prob = 0.883349   acc = 0.640
Average incurred loss: 0.259  
Average sample loss: 0.387  
Average acc: 0.915  
  toxicity = 0, identity_any = 0  [n = 436]:	loss = 0.161  exp loss = 0.137  adjusted loss = 0.137  adv prob = 0.000000   acc = 0.952
  toxicity = 0, identity_any = 1  [n = 275]:	loss = 0.348  exp loss = 0.235  adjusted loss = 0.235  adv prob = 0.113191   acc = 0.905
  toxicity = 1, identity_any = 0  [n = 34]:	loss = 0.304  exp loss = 0.371  adjusted loss = 0.371  adv prob = 0.000000   acc = 0.824
  toxicity = 1, identity_any = 1  [n = 55]:	loss = 0.567  exp loss = 0.663  adjusted loss = 0.663  adv prob = 0.886809   acc = 0.727
Average incurred loss: 0.283  
Average sample loss: 0.311  
Average acc: 0.892  
  toxicity = 0, identity_any = 0  [n = 438]:	loss = 0.182  exp loss = 0.143  adjusted loss = 0.143  adv prob = 0.000000   acc = 0.943
  toxicity = 0, identity_any = 1  [n = 280]:	loss = 0.371  exp loss = 0.247  adjusted loss = 0.247  adv prob = 0.116245   acc = 0.868
  toxicity = 1, identity_any = 0  [n = 28]:	loss = 0.697  exp loss = 0.754  adjusted loss = 0.754  adv prob = 0.000000   acc = 0.643
  toxicity = 1, identity_any = 1  [n = 54]:	loss = 0.437  exp loss = 0.394  adjusted loss = 0.394  adv prob = 0.883755   acc = 0.741
Average incurred loss: 0.287  
Average sample loss: 0.373  
Average acc: 0.912  
  toxicity = 0, identity_any = 0  [n = 409]:	loss = 0.241  exp loss = 0.305  adjusted loss = 0.305  adv prob = 0.000000   acc = 0.946
  toxicity = 0, identity_any = 1  [n = 305]:	loss = 0.308  exp loss = 0.388  adjusted loss = 0.388  adv prob = 0.117601   acc = 0.902
  toxicity = 1, identity_any = 0  [n = 33]:	loss = 0.354  exp loss = 0.348  adjusted loss = 0.348  adv prob = 0.000000   acc = 0.848
  toxicity = 1, identity_any = 1  [n = 53]:	loss = 0.490  exp loss = 0.311  adjusted loss = 0.311  adv prob = 0.882399   acc = 0.755
Average incurred loss: 0.293  
Average sample loss: 0.332  
Average acc: 0.909  
  toxicity = 0, identity_any = 0  [n = 427]:	loss = 0.208  exp loss = 0.203  adjusted loss = 0.203  adv prob = 0.000000   acc = 0.944
  toxicity = 0, identity_any = 1  [n = 279]:	loss = 0.433  exp loss = 0.310  adjusted loss = 0.310  adv prob = 0.127255   acc = 0.875
  toxicity = 1, identity_any = 0  [n = 35]:	loss = 0.073  exp loss = 0.120  adjusted loss = 0.120  adv prob = 0.000000   acc = 0.971
  toxicity = 1, identity_any = 1  [n = 59]:	loss = 0.374  exp loss = 0.265  adjusted loss = 0.265  adv prob = 0.872745   acc = 0.780
Average incurred loss: 0.285  
Average sample loss: 0.548  
Average acc: 0.903  
  toxicity = 0, identity_any = 0  [n = 450]:	loss = 0.207  exp loss = 0.137  adjusted loss = 0.137  adv prob = 0.000000   acc = 0.944
  toxicity = 0, identity_any = 1  [n = 270]:	loss = 0.283  exp loss = 0.285  adjusted loss = 0.285  adv prob = 0.112065   acc = 0.885
  toxicity = 1, identity_any = 0  [n = 31]:	loss = 0.481  exp loss = 0.425  adjusted loss = 0.425  adv prob = 0.000000   acc = 0.839
  toxicity = 1, identity_any = 1  [n = 49]:	loss = 0.885  exp loss = 0.384  adjusted loss = 0.384  adv prob = 0.887935   acc = 0.653
Average incurred loss: 0.247  
Average sample loss: 0.410  
Average acc: 0.910  
  toxicity = 0, identity_any = 0  [n = 433]:	loss = 0.157  exp loss = 0.170  adjusted loss = 0.170  adv prob = 0.000000   acc = 0.954
  toxicity = 0, identity_any = 1  [n = 280]:	loss = 0.294  exp loss = 0.366  adjusted loss = 0.366  adv prob = 0.105095   acc = 0.907
  toxicity = 1, identity_any = 0  [n = 28]:	loss = 0.525  exp loss = 0.333  adjusted loss = 0.333  adv prob = 0.000000   acc = 0.714
  toxicity = 1, identity_any = 1  [n = 59]:	loss = 0.548  exp loss = 0.514  adjusted loss = 0.514  adv prob = 0.894905   acc = 0.695
Average incurred loss: 0.206  
Average sample loss: 0.330  
Average acc: 0.940  
  toxicity = 0, identity_any = 0  [n = 461]:	loss = 0.101  exp loss = 0.056  adjusted loss = 0.056  adv prob = 0.000000   acc = 0.980
  toxicity = 0, identity_any = 1  [n = 273]:	loss = 0.299  exp loss = 0.128  adjusted loss = 0.128  adv prob = 0.103741   acc = 0.912
  toxicity = 1, identity_any = 0  [n = 32]:	loss = 0.411  exp loss = 0.554  adjusted loss = 0.554  adv prob = 0.000000   acc = 0.844
  toxicity = 1, identity_any = 1  [n = 34]:	loss = 0.692  exp loss = 0.893  adjusted loss = 0.893  adv prob = 0.896259   acc = 0.706
Average incurred loss: 0.353  
Average sample loss: 0.393  
Average acc: 0.895  
  toxicity = 0, identity_any = 0  [n = 428]:	loss = 0.235  exp loss = 0.301  adjusted loss = 0.301  adv prob = 0.000000   acc = 0.951
  toxicity = 0, identity_any = 1  [n = 286]:	loss = 0.462  exp loss = 0.657  adjusted loss = 0.657  adv prob = 0.106863   acc = 0.853
  toxicity = 1, identity_any = 0  [n = 29]:	loss = 0.650  exp loss = 0.645  adjusted loss = 0.645  adv prob = 0.000000   acc = 0.724
  toxicity = 1, identity_any = 1  [n = 57]:	loss = 0.534  exp loss = 0.587  adjusted loss = 0.587  adv prob = 0.893137   acc = 0.772
Average incurred loss: 0.332  
Average sample loss: 0.304  
Average acc: 0.896  
  toxicity = 0, identity_any = 0  [n = 430]:	loss = 0.230  exp loss = 0.197  adjusted loss = 0.197  adv prob = 0.000000   acc = 0.947
  toxicity = 0, identity_any = 1  [n = 275]:	loss = 0.461  exp loss = 0.548  adjusted loss = 0.548  adv prob = 0.114180   acc = 0.862
  toxicity = 1, identity_any = 0  [n = 38]:	loss = 0.419  exp loss = 0.743  adjusted loss = 0.743  adv prob = 0.000000   acc = 0.842
  toxicity = 1, identity_any = 1  [n = 57]:	loss = 0.416  exp loss = 0.438  adjusted loss = 0.438  adv prob = 0.885820   acc = 0.719
Average incurred loss: 0.288  
Average sample loss: 0.465  
Average acc: 0.907  
  toxicity = 0, identity_any = 0  [n = 133]:	loss = 0.117  exp loss = 0.123  adjusted loss = 0.123  adv prob = 0.000000   acc = 0.947
  toxicity = 0, identity_any = 1  [n = 85]:	loss = 0.405  exp loss = 0.421  adjusted loss = 0.421  adv prob = 0.112587   acc = 0.906
  toxicity = 1, identity_any = 0  [n = 7]:	loss = 1.155  exp loss = 0.907  adjusted loss = 0.907  adv prob = 0.000000   acc = 0.571
  toxicity = 1, identity_any = 1  [n = 12]:	loss = 0.848  exp loss = 0.683  adjusted loss = 0.683  adv prob = 0.887413   acc = 0.667

Validation:
Average incurred loss: 0.279  
Average sample loss: 0.280  
Average acc: 0.909  
  toxicity = 0, identity_any = 0  [n = 24366]:	loss = 0.171  exp loss = 1.059  adjusted loss = 1.059  adv prob = 0.147953   acc = 0.957
  toxicity = 0, identity_any = 1  [n = 15759]:	loss = 0.357  exp loss = 0.970  adjusted loss = 0.970  adv prob = 0.850571   acc = 0.886
  toxicity = 1, identity_any = 0  [n = 1967]:	loss = 0.520  exp loss = 0.682  adjusted loss = 0.682  adv prob = 0.000819   acc = 0.776
  toxicity = 1, identity_any = 1  [n = 3088]:	loss = 0.572  exp loss = 0.526  adjusted loss = 0.526  adv prob = 0.000657   acc = 0.727
Current lr: 0.000008
Current lr: 0.000008
Current validation accuracy: 0.7273316979408264
Best model saved at epoch 0


Epoch [1]:
Training:
Average incurred loss: 0.206  
Average sample loss: 0.366  
Average acc: 0.917  
  toxicity = 0, identity_any = 0  [n = 436]:	loss = 0.094  exp loss = 0.121  adjusted loss = 0.121  adv prob = 0.000000   acc = 0.975
  toxicity = 0, identity_any = 1  [n = 289]:	loss = 0.256  exp loss = 0.236  adjusted loss = 0.236  adv prob = 0.106249   acc = 0.903
  toxicity = 1, identity_any = 0  [n = 26]:	loss = 0.716  exp loss = 0.560  adjusted loss = 0.560  adv prob = 0.000000   acc = 0.577
  toxicity = 1, identity_any = 1  [n = 49]:	loss = 0.636  exp loss = 0.504  adjusted loss = 0.504  adv prob = 0.893751   acc = 0.673
Average incurred loss: 0.190  
Average sample loss: 0.257  
Average acc: 0.936  
  toxicity = 0, identity_any = 0  [n = 442]:	loss = 0.128  exp loss = 0.140  adjusted loss = 0.140  adv prob = 0.000000   acc = 0.962
  toxicity = 0, identity_any = 1  [n = 273]:	loss = 0.205  exp loss = 0.246  adjusted loss = 0.246  adv prob = 0.103976   acc = 0.945
  toxicity = 1, identity_any = 0  [n = 33]:	loss = 0.688  exp loss = 0.495  adjusted loss = 0.495  adv prob = 0.000000   acc = 0.636
  toxicity = 1, identity_any = 1  [n = 52]:	loss = 0.321  exp loss = 0.319  adjusted loss = 0.319  adv prob = 0.896024   acc = 0.865
Average incurred loss: 0.263  
Average sample loss: 0.370  
Average acc: 0.913  
  toxicity = 0, identity_any = 0  [n = 428]:	loss = 0.130  exp loss = 0.184  adjusted loss = 0.184  adv prob = 0.000000   acc = 0.974
  toxicity = 0, identity_any = 1  [n = 277]:	loss = 0.342  exp loss = 0.428  adjusted loss = 0.428  adv prob = 0.103499   acc = 0.888
  toxicity = 1, identity_any = 0  [n = 35]:	loss = 0.866  exp loss = 0.930  adjusted loss = 0.930  adv prob = 0.000000   acc = 0.686
  toxicity = 1, identity_any = 1  [n = 60]:	loss = 0.494  exp loss = 0.398  adjusted loss = 0.398  adv prob = 0.896501   acc = 0.717
Average incurred loss: 0.289  
Average sample loss: 0.280  
Average acc: 0.916  
  toxicity = 0, identity_any = 0  [n = 459]:	loss = 0.206  exp loss = 0.149  adjusted loss = 0.149  adv prob = 0.000000   acc = 0.954
  toxicity = 0, identity_any = 1  [n = 253]:	loss = 0.335  exp loss = 0.316  adjusted loss = 0.316  adv prob = 0.106551   acc = 0.905
  toxicity = 1, identity_any = 0  [n = 29]:	loss = 0.865  exp loss = 0.793  adjusted loss = 0.793  adv prob = 0.000000   acc = 0.690
  toxicity = 1, identity_any = 1  [n = 59]:	loss = 0.456  exp loss = 0.372  adjusted loss = 0.372  adv prob = 0.893449   acc = 0.780
Average incurred loss: 0.389  
Average sample loss: 0.313  
Average acc: 0.878  
  toxicity = 0, identity_any = 0  [n = 425]:	loss = 0.329  exp loss = 0.448  adjusted loss = 0.448  adv prob = 0.000000   acc = 0.906
  toxicity = 0, identity_any = 1  [n = 277]:	loss = 0.473  exp loss = 0.349  adjusted loss = 0.349  adv prob = 0.113258   acc = 0.859
  toxicity = 1, identity_any = 0  [n = 30]:	loss = 0.264  exp loss = 0.160  adjusted loss = 0.160  adv prob = 0.000000   acc = 0.867
  toxicity = 1, identity_any = 1  [n = 68]:	loss = 0.477  exp loss = 0.461  adjusted loss = 0.461  adv prob = 0.886742   acc = 0.779
Average incurred loss: 0.258  
Average sample loss: 0.340  
Average acc: 0.918  
  toxicity = 0, identity_any = 0  [n = 422]:	loss = 0.151  exp loss = 0.139  adjusted loss = 0.139  adv prob = 0.000000   acc = 0.955
  toxicity = 0, identity_any = 1  [n = 294]:	loss = 0.274  exp loss = 0.260  adjusted loss = 0.260  adv prob = 0.108174   acc = 0.925
  toxicity = 1, identity_any = 0  [n = 29]:	loss = 1.142  exp loss = 1.183  adjusted loss = 1.183  adv prob = 0.000000   acc = 0.552
  toxicity = 1, identity_any = 1  [n = 55]:	loss = 0.528  exp loss = 0.482  adjusted loss = 0.482  adv prob = 0.891827   acc = 0.782
Average incurred loss: 0.233  
Average sample loss: 0.293  
Average acc: 0.919  
  toxicity = 0, identity_any = 0  [n = 427]:	loss = 0.175  exp loss = 0.225  adjusted loss = 0.225  adv prob = 0.000000   acc = 0.956
  toxicity = 0, identity_any = 1  [n = 264]:	loss = 0.243  exp loss = 0.475  adjusted loss = 0.475  adv prob = 0.107201   acc = 0.913
  toxicity = 1, identity_any = 0  [n = 45]:	loss = 0.434  exp loss = 0.445  adjusted loss = 0.445  adv prob = 0.000000   acc = 0.822
  toxicity = 1, identity_any = 1  [n = 64]:	loss = 0.437  exp loss = 0.352  adjusted loss = 0.352  adv prob = 0.892799   acc = 0.766
Average incurred loss: 0.283  
Average sample loss: 0.257  
Average acc: 0.921  
  toxicity = 0, identity_any = 0  [n = 439]:	loss = 0.145  exp loss = 0.055  adjusted loss = 0.055  adv prob = 0.000000   acc = 0.970
  toxicity = 0, identity_any = 1  [n = 275]:	loss = 0.453  exp loss = 0.463  adjusted loss = 0.463  adv prob = 0.120230   acc = 0.880
  toxicity = 1, identity_any = 0  [n = 32]:	loss = 0.560  exp loss = 0.613  adjusted loss = 0.613  adv prob = 0.000000   acc = 0.750
  toxicity = 1, identity_any = 1  [n = 54]:	loss = 0.379  exp loss = 0.232  adjusted loss = 0.232  adv prob = 0.879770   acc = 0.833
Average incurred loss: 0.232  
Average sample loss: 0.378  
Average acc: 0.926  
  toxicity = 0, identity_any = 0  [n = 430]:	loss = 0.115  exp loss = 0.066  adjusted loss = 0.066  adv prob = 0.000000   acc = 0.972
  toxicity = 0, identity_any = 1  [n = 275]:	loss = 0.315  exp loss = 0.452  adjusted loss = 0.452  adv prob = 0.117292   acc = 0.902
  toxicity = 1, identity_any = 0  [n = 32]:	loss = 0.573  exp loss = 0.470  adjusted loss = 0.470  adv prob = 0.000000   acc = 0.781
  toxicity = 1, identity_any = 1  [n = 63]:	loss = 0.496  exp loss = 0.270  adjusted loss = 0.270  adv prob = 0.882708   acc = 0.794
Average incurred loss: 0.225  
Average sample loss: 0.316  
Average acc: 0.930  
  toxicity = 0, identity_any = 0  [n = 426]:	loss = 0.132  exp loss = 0.095  adjusted loss = 0.095  adv prob = 0.000000   acc = 0.965
  toxicity = 0, identity_any = 1  [n = 289]:	loss = 0.266  exp loss = 0.295  adjusted loss = 0.295  adv prob = 0.113651   acc = 0.927
  toxicity = 1, identity_any = 0  [n = 37]:	loss = 0.548  exp loss = 0.352  adjusted loss = 0.352  adv prob = 0.000000   acc = 0.784
  toxicity = 1, identity_any = 1  [n = 48]:	loss = 0.554  exp loss = 0.834  adjusted loss = 0.834  adv prob = 0.886349   acc = 0.750
Average incurred loss: 0.237  
Average sample loss: 0.199  
Average acc: 0.924  
  toxicity = 0, identity_any = 0  [n = 423]:	loss = 0.151  exp loss = 0.140  adjusted loss = 0.140  adv prob = 0.000000   acc = 0.960
  toxicity = 0, identity_any = 1  [n = 289]:	loss = 0.283  exp loss = 0.182  adjusted loss = 0.182  adv prob = 0.119356   acc = 0.917
  toxicity = 1, identity_any = 0  [n = 28]:	loss = 0.913  exp loss = 0.683  adjusted loss = 0.683  adv prob = 0.000000   acc = 0.643
  toxicity = 1, identity_any = 1  [n = 60]:	loss = 0.301  exp loss = 0.250  adjusted loss = 0.250  adv prob = 0.880644   acc = 0.833
Average incurred loss: 0.302  
Average sample loss: 0.253  
Average acc: 0.911  
  toxicity = 0, identity_any = 0  [n = 421]:	loss = 0.210  exp loss = 0.136  adjusted loss = 0.136  adv prob = 0.000000   acc = 0.945
  toxicity = 0, identity_any = 1  [n = 282]:	loss = 0.421  exp loss = 0.449  adjusted loss = 0.449  adv prob = 0.127265   acc = 0.876
  toxicity = 1, identity_any = 0  [n = 27]:	loss = 0.372  exp loss = 0.456  adjusted loss = 0.456  adv prob = 0.000000   acc = 0.889
  toxicity = 1, identity_any = 1  [n = 70]:	loss = 0.347  exp loss = 0.228  adjusted loss = 0.228  adv prob = 0.872735   acc = 0.857
Average incurred loss: 0.264  
Average sample loss: 0.380  
Average acc: 0.911  
  toxicity = 0, identity_any = 0  [n = 415]:	loss = 0.191  exp loss = 0.133  adjusted loss = 0.133  adv prob = 0.000000   acc = 0.935
  toxicity = 0, identity_any = 1  [n = 294]:	loss = 0.279  exp loss = 0.268  adjusted loss = 0.268  adv prob = 0.118815   acc = 0.925
  toxicity = 1, identity_any = 0  [n = 35]:	loss = 0.459  exp loss = 0.343  adjusted loss = 0.343  adv prob = 0.000000   acc = 0.800
  toxicity = 1, identity_any = 1  [n = 56]:	loss = 0.599  exp loss = 0.657  adjusted loss = 0.657  adv prob = 0.881185   acc = 0.732
Average incurred loss: 0.244  
Average sample loss: 0.430  
Average acc: 0.930  
  toxicity = 0, identity_any = 0  [n = 440]:	loss = 0.156  exp loss = 0.117  adjusted loss = 0.117  adv prob = 0.000000   acc = 0.961
  toxicity = 0, identity_any = 1  [n = 277]:	loss = 0.232  exp loss = 0.176  adjusted loss = 0.176  adv prob = 0.107494   acc = 0.942
  toxicity = 1, identity_any = 0  [n = 37]:	loss = 0.843  exp loss = 0.611  adjusted loss = 0.611  adv prob = 0.000000   acc = 0.676
  toxicity = 1, identity_any = 1  [n = 46]:	loss = 0.687  exp loss = 0.959  adjusted loss = 0.959  adv prob = 0.892506   acc = 0.761
Average incurred loss: 0.349  
Average sample loss: 0.269  
Average acc: 0.895  
  toxicity = 0, identity_any = 0  [n = 421]:	loss = 0.252  exp loss = 0.180  adjusted loss = 0.180  adv prob = 0.000000   acc = 0.938
  toxicity = 0, identity_any = 1  [n = 280]:	loss = 0.420  exp loss = 0.432  adjusted loss = 0.432  adv prob = 0.113331   acc = 0.882
  toxicity = 1, identity_any = 0  [n = 41]:	loss = 0.881  exp loss = 0.963  adjusted loss = 0.963  adv prob = 0.000000   acc = 0.659
  toxicity = 1, identity_any = 1  [n = 58]:	loss = 0.336  exp loss = 0.272  adjusted loss = 0.272  adv prob = 0.886669   acc = 0.810
Average incurred loss: 0.257  
Average sample loss: 0.255  
Average acc: 0.919  
  toxicity = 0, identity_any = 0  [n = 430]:	loss = 0.129  exp loss = 0.156  adjusted loss = 0.156  adv prob = 0.000000   acc = 0.960
  toxicity = 0, identity_any = 1  [n = 288]:	loss = 0.365  exp loss = 0.574  adjusted loss = 0.574  adv prob = 0.118317   acc = 0.885
  toxicity = 1, identity_any = 0  [n = 24]:	loss = 0.862  exp loss = 1.195  adjusted loss = 1.195  adv prob = 0.000000   acc = 0.792
  toxicity = 1, identity_any = 1  [n = 58]:	loss = 0.421  exp loss = 0.205  adjusted loss = 0.205  adv prob = 0.881683   acc = 0.828
Average incurred loss: 0.225  
Average sample loss: 0.319  
Average acc: 0.924  
  toxicity = 0, identity_any = 0  [n = 431]:	loss = 0.116  exp loss = 0.087  adjusted loss = 0.087  adv prob = 0.000000   acc = 0.968
  toxicity = 0, identity_any = 1  [n = 278]:	loss = 0.337  exp loss = 0.180  adjusted loss = 0.180  adv prob = 0.120267   acc = 0.885
  toxicity = 1, identity_any = 0  [n = 40]:	loss = 0.341  exp loss = 0.412  adjusted loss = 0.412  adv prob = 0.000000   acc = 0.825
  toxicity = 1, identity_any = 1  [n = 51]:	loss = 0.439  exp loss = 0.446  adjusted loss = 0.446  adv prob = 0.879733   acc = 0.843
Average incurred loss: 0.196  
Average sample loss: 0.337  
Average acc: 0.950  
  toxicity = 0, identity_any = 0  [n = 456]:	loss = 0.055  exp loss = 0.032  adjusted loss = 0.032  adv prob = 0.000000   acc = 0.991
  toxicity = 0, identity_any = 1  [n = 251]:	loss = 0.158  exp loss = 0.158  adjusted loss = 0.158  adv prob = 0.109104   acc = 0.956
  toxicity = 1, identity_any = 0  [n = 46]:	loss = 1.196  exp loss = 1.034  adjusted loss = 1.034  adv prob = 0.000000   acc = 0.717
  toxicity = 1, identity_any = 1  [n = 47]:	loss = 0.787  exp loss = 0.581  adjusted loss = 0.581  adv prob = 0.890896   acc = 0.745
Average incurred loss: 0.302  
Average sample loss: 0.630  
Average acc: 0.910  
  toxicity = 0, identity_any = 0  [n = 438]:	loss = 0.181  exp loss = 0.216  adjusted loss = 0.216  adv prob = 0.000000   acc = 0.954
  toxicity = 0, identity_any = 1  [n = 266]:	loss = 0.310  exp loss = 0.420  adjusted loss = 0.420  adv prob = 0.094558   acc = 0.929
  toxicity = 1, identity_any = 0  [n = 37]:	loss = 0.799  exp loss = 0.915  adjusted loss = 0.915  adv prob = 0.000000   acc = 0.649
  toxicity = 1, identity_any = 1  [n = 59]:	loss = 0.849  exp loss = 0.720  adjusted loss = 0.720  adv prob = 0.905441   acc = 0.661
Average incurred loss: 0.286  
Average sample loss: 0.279  
Average acc: 0.909  
  toxicity = 0, identity_any = 0  [n = 430]:	loss = 0.222  exp loss = 0.180  adjusted loss = 0.180  adv prob = 0.000000   acc = 0.942
  toxicity = 0, identity_any = 1  [n = 279]:	loss = 0.319  exp loss = 0.287  adjusted loss = 0.287  adv prob = 0.095838   acc = 0.907
  toxicity = 1, identity_any = 0  [n = 32]:	loss = 0.749  exp loss = 0.691  adjusted loss = 0.691  adv prob = 0.000000   acc = 0.688
  toxicity = 1, identity_any = 1  [n = 59]:	loss = 0.349  exp loss = 0.642  adjusted loss = 0.642  adv prob = 0.904162   acc = 0.797
Average incurred loss: 0.333  
Average sample loss: 0.376  
Average acc: 0.894  
  toxicity = 0, identity_any = 0  [n = 423]:	loss = 0.249  exp loss = 0.195  adjusted loss = 0.195  adv prob = 0.000000   acc = 0.936
  toxicity = 0, identity_any = 1  [n = 279]:	loss = 0.412  exp loss = 0.291  adjusted loss = 0.291  adv prob = 0.098120   acc = 0.864
  toxicity = 1, identity_any = 0  [n = 40]:	loss = 0.347  exp loss = 0.338  adjusted loss = 0.338  adv prob = 0.000000   acc = 0.825
  toxicity = 1, identity_any = 1  [n = 58]:	loss = 0.550  exp loss = 0.370  adjusted loss = 0.370  adv prob = 0.901880   acc = 0.776
Average incurred loss: 0.309  
Average sample loss: 0.322  
Average acc: 0.906  
  toxicity = 0, identity_any = 0  [n = 427]:	loss = 0.200  exp loss = 0.189  adjusted loss = 0.189  adv prob = 0.000000   acc = 0.953
  toxicity = 0, identity_any = 1  [n = 272]:	loss = 0.390  exp loss = 0.408  adjusted loss = 0.408  adv prob = 0.101252   acc = 0.897
  toxicity = 1, identity_any = 0  [n = 36]:	loss = 0.635  exp loss = 0.504  adjusted loss = 0.504  adv prob = 0.000000   acc = 0.722
  toxicity = 1, identity_any = 1  [n = 65]:	loss = 0.507  exp loss = 0.483  adjusted loss = 0.483  adv prob = 0.898748   acc = 0.738
Average incurred loss: 0.254  
Average sample loss: 0.244  
Average acc: 0.927  
  toxicity = 0, identity_any = 0  [n = 426]:	loss = 0.178  exp loss = 0.144  adjusted loss = 0.144  adv prob = 0.000000   acc = 0.958
  toxicity = 0, identity_any = 1  [n = 283]:	loss = 0.287  exp loss = 0.182  adjusted loss = 0.182  adv prob = 0.102928   acc = 0.926
  toxicity = 1, identity_any = 0  [n = 43]:	loss = 0.628  exp loss = 0.845  adjusted loss = 0.845  adv prob = 0.000000   acc = 0.744
  toxicity = 1, identity_any = 1  [n = 48]:	loss = 0.408  exp loss = 0.554  adjusted loss = 0.554  adv prob = 0.897072   acc = 0.833
Average incurred loss: 0.262  
Average sample loss: 0.253  
Average acc: 0.923  
  toxicity = 0, identity_any = 0  [n = 442]:	loss = 0.177  exp loss = 0.230  adjusted loss = 0.230  adv prob = 0.000000   acc = 0.955
  toxicity = 0, identity_any = 1  [n = 272]:	loss = 0.277  exp loss = 0.482  adjusted loss = 0.482  adv prob = 0.103141   acc = 0.930
  toxicity = 1, identity_any = 0  [n = 42]:	loss = 0.885  exp loss = 0.505  adjusted loss = 0.505  adv prob = 0.000000   acc = 0.643
  toxicity = 1, identity_any = 1  [n = 44]:	loss = 0.438  exp loss = 0.218  adjusted loss = 0.218  adv prob = 0.896859   acc = 0.818
Average incurred loss: 0.289  
Average sample loss: 0.311  
Average acc: 0.920  
  toxicity = 0, identity_any = 0  [n = 426]:	loss = 0.124  exp loss = 0.074  adjusted loss = 0.074  adv prob = 0.000000   acc = 0.981
  toxicity = 0, identity_any = 1  [n = 287]:	loss = 0.471  exp loss = 0.354  adjusted loss = 0.354  adv prob = 0.112451   acc = 0.875
  toxicity = 1, identity_any = 0  [n = 34]:	loss = 0.643  exp loss = 0.587  adjusted loss = 0.587  adv prob = 0.000000   acc = 0.765
  toxicity = 1, identity_any = 1  [n = 53]:	loss = 0.411  exp loss = 0.429  adjusted loss = 0.429  adv prob = 0.887549   acc = 0.774
Average incurred loss: 0.236  
Average sample loss: 0.244  
Average acc: 0.926  
  toxicity = 0, identity_any = 0  [n = 428]:	loss = 0.144  exp loss = 0.165  adjusted loss = 0.165  adv prob = 0.000000   acc = 0.958
  toxicity = 0, identity_any = 1  [n = 283]:	loss = 0.194  exp loss = 0.129  adjusted loss = 0.129  adv prob = 0.109269   acc = 0.954
  toxicity = 1, identity_any = 0  [n = 44]:	loss = 1.152  exp loss = 1.128  adjusted loss = 1.128  adv prob = 0.000000   acc = 0.591
  toxicity = 1, identity_any = 1  [n = 45]:	loss = 0.484  exp loss = 0.484  adjusted loss = 0.484  adv prob = 0.890731   acc = 0.778
Average incurred loss: 0.260  
Average sample loss: 0.656  
Average acc: 0.919  
  toxicity = 0, identity_any = 0  [n = 396]:	loss = 0.162  exp loss = 0.239  adjusted loss = 0.239  adv prob = 0.000000   acc = 0.957
  toxicity = 0, identity_any = 1  [n = 315]:	loss = 0.231  exp loss = 0.200  adjusted loss = 0.200  adv prob = 0.087912   acc = 0.940
  toxicity = 1, identity_any = 0  [n = 36]:	loss = 0.276  exp loss = 0.348  adjusted loss = 0.348  adv prob = 0.000000   acc = 0.861
  toxicity = 1, identity_any = 1  [n = 53]:	loss = 1.146  exp loss = 1.307  adjusted loss = 1.307  adv prob = 0.912088   acc = 0.547
Average incurred loss: 0.262  
Average sample loss: 0.268  
Average acc: 0.919  
  toxicity = 0, identity_any = 0  [n = 429]:	loss = 0.202  exp loss = 0.233  adjusted loss = 0.233  adv prob = 0.000000   acc = 0.953
  toxicity = 0, identity_any = 1  [n = 263]:	loss = 0.345  exp loss = 0.386  adjusted loss = 0.386  adv prob = 0.091624   acc = 0.897
  toxicity = 1, identity_any = 0  [n = 46]:	loss = 0.237  exp loss = 0.227  adjusted loss = 0.227  adv prob = 0.000000   acc = 0.913
  toxicity = 1, identity_any = 1  [n = 62]:	loss = 0.347  exp loss = 0.280  adjusted loss = 0.280  adv prob = 0.908376   acc = 0.774
Average incurred loss: 0.250  
Average sample loss: 0.319  
Average acc: 0.924  
  toxicity = 0, identity_any = 0  [n = 422]:	loss = 0.130  exp loss = 0.081  adjusted loss = 0.081  adv prob = 0.000000   acc = 0.976
  toxicity = 0, identity_any = 1  [n = 280]:	loss = 0.290  exp loss = 0.235  adjusted loss = 0.235  adv prob = 0.090713   acc = 0.918
  toxicity = 1, identity_any = 0  [n = 39]:	loss = 0.740  exp loss = 0.832  adjusted loss = 0.832  adv prob = 0.000000   acc = 0.744
  toxicity = 1, identity_any = 1  [n = 59]:	loss = 0.601  exp loss = 0.503  adjusted loss = 0.503  adv prob = 0.909287   acc = 0.695
Average incurred loss: 0.276  
Average sample loss: 0.172  
Average acc: 0.925  
  toxicity = 0, identity_any = 0  [n = 444]:	loss = 0.201  exp loss = 0.094  adjusted loss = 0.094  adv prob = 0.000000   acc = 0.955
  toxicity = 0, identity_any = 1  [n = 273]:	loss = 0.337  exp loss = 0.317  adjusted loss = 0.317  adv prob = 0.099171   acc = 0.912
  toxicity = 1, identity_any = 0  [n = 29]:	loss = 0.948  exp loss = 1.066  adjusted loss = 1.066  adv prob = 0.000000   acc = 0.655
  toxicity = 1, identity_any = 1  [n = 54]:	loss = 0.226  exp loss = 0.302  adjusted loss = 0.302  adv prob = 0.900829   acc = 0.889
Average incurred loss: 0.288  
Average sample loss: 0.572  
Average acc: 0.909  
  toxicity = 0, identity_any = 0  [n = 427]:	loss = 0.168  exp loss = 0.140  adjusted loss = 0.140  adv prob = 0.000000   acc = 0.951
  toxicity = 0, identity_any = 1  [n = 281]:	loss = 0.362  exp loss = 0.532  adjusted loss = 0.532  adv prob = 0.090832   acc = 0.900
  toxicity = 1, identity_any = 0  [n = 37]:	loss = 0.351  exp loss = 0.330  adjusted loss = 0.330  adv prob = 0.000000   acc = 0.838
  toxicity = 1, identity_any = 1  [n = 55]:	loss = 0.806  exp loss = 0.516  adjusted loss = 0.516  adv prob = 0.909168   acc = 0.673
Average incurred loss: 0.234  
Average sample loss: 0.199  
Average acc: 0.929  
  toxicity = 0, identity_any = 0  [n = 450]:	loss = 0.158  exp loss = 0.191  adjusted loss = 0.191  adv prob = 0.000000   acc = 0.958
  toxicity = 0, identity_any = 1  [n = 267]:	loss = 0.287  exp loss = 0.267  adjusted loss = 0.267  adv prob = 0.093631   acc = 0.925
  toxicity = 1, identity_any = 0  [n = 38]:	loss = 0.529  exp loss = 0.766  adjusted loss = 0.766  adv prob = 0.000000   acc = 0.816
  toxicity = 1, identity_any = 1  [n = 45]:	loss = 0.433  exp loss = 0.255  adjusted loss = 0.255  adv prob = 0.906369   acc = 0.756
Average incurred loss: 0.217  
Average sample loss: 0.399  
Average acc: 0.935  
  toxicity = 0, identity_any = 0  [n = 449]:	loss = 0.157  exp loss = 0.275  adjusted loss = 0.275  adv prob = 0.000000   acc = 0.967
  toxicity = 0, identity_any = 1  [n = 277]:	loss = 0.169  exp loss = 0.173  adjusted loss = 0.173  adv prob = 0.082667   acc = 0.957
  toxicity = 1, identity_any = 0  [n = 28]:	loss = 0.900  exp loss = 0.867  adjusted loss = 0.867  adv prob = 0.000000   acc = 0.571
  toxicity = 1, identity_any = 1  [n = 46]:	loss = 0.670  exp loss = 1.120  adjusted loss = 1.120  adv prob = 0.917333   acc = 0.717
Average incurred loss: 0.284  
Average sample loss: 0.358  
Average acc: 0.925  
  toxicity = 0, identity_any = 0  [n = 410]:	loss = 0.202  exp loss = 0.230  adjusted loss = 0.230  adv prob = 0.000000   acc = 0.956
  toxicity = 0, identity_any = 1  [n = 305]:	loss = 0.319  exp loss = 0.201  adjusted loss = 0.201  adv prob = 0.080264   acc = 0.925
  toxicity = 1, identity_any = 0  [n = 40]:	loss = 0.526  exp loss = 0.370  adjusted loss = 0.370  adv prob = 0.000000   acc = 0.825
  toxicity = 1, identity_any = 1  [n = 45]:	loss = 0.578  exp loss = 0.671  adjusted loss = 0.671  adv prob = 0.919736   acc = 0.733
Average incurred loss: 0.315  
Average sample loss: 0.255  
Average acc: 0.901  
  toxicity = 0, identity_any = 0  [n = 384]:	loss = 0.260  exp loss = 0.223  adjusted loss = 0.223  adv prob = 0.000000   acc = 0.932
  toxicity = 0, identity_any = 1  [n = 322]:	loss = 0.386  exp loss = 0.354  adjusted loss = 0.354  adv prob = 0.084886   acc = 0.879
  toxicity = 1, identity_any = 0  [n = 30]:	loss = 0.336  exp loss = 0.288  adjusted loss = 0.288  adv prob = 0.000000   acc = 0.867
  toxicity = 1, identity_any = 1  [n = 64]:	loss = 0.275  exp loss = 0.413  adjusted loss = 0.413  adv prob = 0.915114   acc = 0.844
Average incurred loss: 0.310  
Average sample loss: 0.297  
Average acc: 0.914  
  toxicity = 0, identity_any = 0  [n = 442]:	loss = 0.210  exp loss = 0.164  adjusted loss = 0.164  adv prob = 0.000000   acc = 0.952
  toxicity = 0, identity_any = 1  [n = 273]:	loss = 0.441  exp loss = 0.306  adjusted loss = 0.306  adv prob = 0.089239   acc = 0.886
  toxicity = 1, identity_any = 0  [n = 28]:	loss = 0.475  exp loss = 0.400  adjusted loss = 0.400  adv prob = 0.000000   acc = 0.786
  toxicity = 1, identity_any = 1  [n = 57]:	loss = 0.382  exp loss = 0.705  adjusted loss = 0.705  adv prob = 0.910761   acc = 0.807
Average incurred loss: 0.274  
Average sample loss: 0.360  
Average acc: 0.908  
  toxicity = 0, identity_any = 0  [n = 442]:	loss = 0.172  exp loss = 0.204  adjusted loss = 0.204  adv prob = 0.000000   acc = 0.964
  toxicity = 0, identity_any = 1  [n = 266]:	loss = 0.346  exp loss = 0.456  adjusted loss = 0.456  adv prob = 0.090774   acc = 0.895
  toxicity = 1, identity_any = 0  [n = 38]:	loss = 0.573  exp loss = 0.478  adjusted loss = 0.478  adv prob = 0.000000   acc = 0.658
  toxicity = 1, identity_any = 1  [n = 54]:	loss = 0.537  exp loss = 0.428  adjusted loss = 0.428  adv prob = 0.909226   acc = 0.685
Average incurred loss: 0.281  
Average sample loss: 0.312  
Average acc: 0.914  
  toxicity = 0, identity_any = 0  [n = 408]:	loss = 0.209  exp loss = 0.142  adjusted loss = 0.142  adv prob = 0.000000   acc = 0.949
  toxicity = 0, identity_any = 1  [n = 312]:	loss = 0.330  exp loss = 0.180  adjusted loss = 0.180  adv prob = 0.091583   acc = 0.897
  toxicity = 1, identity_any = 0  [n = 33]:	loss = 0.470  exp loss = 0.348  adjusted loss = 0.348  adv prob = 0.000000   acc = 0.758
  toxicity = 1, identity_any = 1  [n = 47]:	loss = 0.440  exp loss = 0.714  adjusted loss = 0.714  adv prob = 0.908417   acc = 0.830
Average incurred loss: 0.264  
Average sample loss: 0.278  
Average acc: 0.917  
  toxicity = 0, identity_any = 0  [n = 444]:	loss = 0.176  exp loss = 0.199  adjusted loss = 0.199  adv prob = 0.000000   acc = 0.955
  toxicity = 0, identity_any = 1  [n = 268]:	loss = 0.345  exp loss = 0.447  adjusted loss = 0.447  adv prob = 0.094989   acc = 0.896
  toxicity = 1, identity_any = 0  [n = 32]:	loss = 0.625  exp loss = 0.376  adjusted loss = 0.376  adv prob = 0.000000   acc = 0.719
  toxicity = 1, identity_any = 1  [n = 56]:	loss = 0.373  exp loss = 0.248  adjusted loss = 0.248  adv prob = 0.905011   acc = 0.839
Average incurred loss: 0.220  
Average sample loss: 0.260  
Average acc: 0.935  
  toxicity = 0, identity_any = 0  [n = 408]:	loss = 0.107  exp loss = 0.125  adjusted loss = 0.125  adv prob = 0.000000   acc = 0.975
  toxicity = 0, identity_any = 1  [n = 303]:	loss = 0.239  exp loss = 0.188  adjusted loss = 0.188  adv prob = 0.094531   acc = 0.931
  toxicity = 1, identity_any = 0  [n = 39]:	loss = 0.948  exp loss = 1.048  adjusted loss = 1.048  adv prob = 0.000000   acc = 0.718
  toxicity = 1, identity_any = 1  [n = 50]:	loss = 0.457  exp loss = 0.700  adjusted loss = 0.700  adv prob = 0.905469   acc = 0.800
Average incurred loss: 0.285  
Average sample loss: 0.373  
Average acc: 0.907  
  toxicity = 0, identity_any = 0  [n = 420]:	loss = 0.140  exp loss = 0.123  adjusted loss = 0.123  adv prob = 0.000000   acc = 0.952
  toxicity = 0, identity_any = 1  [n = 277]:	loss = 0.350  exp loss = 0.553  adjusted loss = 0.553  adv prob = 0.099824   acc = 0.913
  toxicity = 1, identity_any = 0  [n = 43]:	loss = 0.946  exp loss = 1.223  adjusted loss = 1.223  adv prob = 0.000000   acc = 0.674
  toxicity = 1, identity_any = 1  [n = 60]:	loss = 0.524  exp loss = 0.507  adjusted loss = 0.507  adv prob = 0.900176   acc = 0.733
Average incurred loss: 0.211  
Average sample loss: 0.318  
Average acc: 0.927  
  toxicity = 0, identity_any = 0  [n = 433]:	loss = 0.163  exp loss = 0.166  adjusted loss = 0.166  adv prob = 0.000000   acc = 0.956
  toxicity = 0, identity_any = 1  [n = 275]:	loss = 0.188  exp loss = 0.174  adjusted loss = 0.174  adv prob = 0.093266   acc = 0.942
  toxicity = 1, identity_any = 0  [n = 42]:	loss = 0.409  exp loss = 0.443  adjusted loss = 0.443  adv prob = 0.000000   acc = 0.810
  toxicity = 1, identity_any = 1  [n = 50]:	loss = 0.583  exp loss = 0.701  adjusted loss = 0.701  adv prob = 0.906734   acc = 0.700
Average incurred loss: 0.250  
Average sample loss: 0.373  
Average acc: 0.927  
  toxicity = 0, identity_any = 0  [n = 421]:	loss = 0.137  exp loss = 0.127  adjusted loss = 0.127  adv prob = 0.000000   acc = 0.969
  toxicity = 0, identity_any = 1  [n = 283]:	loss = 0.355  exp loss = 0.382  adjusted loss = 0.382  adv prob = 0.091489   acc = 0.905
  toxicity = 1, identity_any = 0  [n = 39]:	loss = 0.445  exp loss = 0.370  adjusted loss = 0.370  adv prob = 0.000000   acc = 0.795
  toxicity = 1, identity_any = 1  [n = 57]:	loss = 0.424  exp loss = 0.188  adjusted loss = 0.188  adv prob = 0.908511   acc = 0.825
Average incurred loss: 0.302  
Average sample loss: 0.314  
Average acc: 0.921  
  toxicity = 0, identity_any = 0  [n = 402]:	loss = 0.158  exp loss = 0.179  adjusted loss = 0.179  adv prob = 0.000000   acc = 0.963
  toxicity = 0, identity_any = 1  [n = 306]:	loss = 0.463  exp loss = 0.591  adjusted loss = 0.591  adv prob = 0.100273   acc = 0.902
  toxicity = 1, identity_any = 0  [n = 34]:	loss = 0.227  exp loss = 0.185  adjusted loss = 0.185  adv prob = 0.000000   acc = 0.912
  toxicity = 1, identity_any = 1  [n = 58]:	loss = 0.500  exp loss = 0.180  adjusted loss = 0.180  adv prob = 0.899727   acc = 0.741
Average incurred loss: 0.253  
Average sample loss: 0.288  
Average acc: 0.921  
  toxicity = 0, identity_any = 0  [n = 412]:	loss = 0.227  exp loss = 0.266  adjusted loss = 0.266  adv prob = 0.000000   acc = 0.939
  toxicity = 0, identity_any = 1  [n = 297]:	loss = 0.192  exp loss = 0.333  adjusted loss = 0.333  adv prob = 0.097639   acc = 0.943
  toxicity = 1, identity_any = 0  [n = 44]:	loss = 0.659  exp loss = 0.729  adjusted loss = 0.729  adv prob = 0.000000   acc = 0.750
  toxicity = 1, identity_any = 1  [n = 47]:	loss = 0.484  exp loss = 0.412  adjusted loss = 0.412  adv prob = 0.902361   acc = 0.787
Average incurred loss: 0.305  
Average sample loss: 0.635  
Average acc: 0.906  
  toxicity = 0, identity_any = 0  [n = 420]:	loss = 0.213  exp loss = 0.209  adjusted loss = 0.209  adv prob = 0.000000   acc = 0.950
  toxicity = 0, identity_any = 1  [n = 294]:	loss = 0.321  exp loss = 0.475  adjusted loss = 0.475  adv prob = 0.083916   acc = 0.915
  toxicity = 1, identity_any = 0  [n = 29]:	loss = 0.352  exp loss = 0.506  adjusted loss = 0.506  adv prob = 0.000000   acc = 0.793
  toxicity = 1, identity_any = 1  [n = 57]:	loss = 0.884  exp loss = 0.477  adjusted loss = 0.477  adv prob = 0.916084   acc = 0.596
Average incurred loss: 0.310  
Average sample loss: 0.338  
Average acc: 0.916  
  toxicity = 0, identity_any = 0  [n = 428]:	loss = 0.234  exp loss = 0.120  adjusted loss = 0.120  adv prob = 0.000000   acc = 0.951
  toxicity = 0, identity_any = 1  [n = 291]:	loss = 0.382  exp loss = 0.335  adjusted loss = 0.335  adv prob = 0.085884   acc = 0.911
  toxicity = 1, identity_any = 0  [n = 23]:	loss = 0.449  exp loss = 0.461  adjusted loss = 0.461  adv prob = 0.000000   acc = 0.783
  toxicity = 1, identity_any = 1  [n = 58]:	loss = 0.452  exp loss = 0.399  adjusted loss = 0.399  adv prob = 0.914116   acc = 0.741
Average incurred loss: 0.183  
Average sample loss: 0.270  
Average acc: 0.934  
  toxicity = 0, identity_any = 0  [n = 433]:	loss = 0.087  exp loss = 0.062  adjusted loss = 0.062  adv prob = 0.000000   acc = 0.975
  toxicity = 0, identity_any = 1  [n = 282]:	loss = 0.189  exp loss = 0.094  adjusted loss = 0.094  adv prob = 0.083766   acc = 0.954
  toxicity = 1, identity_any = 0  [n = 38]:	loss = 0.820  exp loss = 1.130  adjusted loss = 1.130  adv prob = 0.000000   acc = 0.579
  toxicity = 1, identity_any = 1  [n = 47]:	loss = 0.510  exp loss = 0.329  adjusted loss = 0.329  adv prob = 0.916234   acc = 0.723
Average incurred loss: 0.296  
Average sample loss: 0.349  
Average acc: 0.913  
  toxicity = 0, identity_any = 0  [n = 444]:	loss = 0.216  exp loss = 0.168  adjusted loss = 0.168  adv prob = 0.000000   acc = 0.948
  toxicity = 0, identity_any = 1  [n = 265]:	loss = 0.361  exp loss = 0.343  adjusted loss = 0.343  adv prob = 0.083250   acc = 0.898
  toxicity = 1, identity_any = 0  [n = 36]:	loss = 0.470  exp loss = 0.347  adjusted loss = 0.347  adv prob = 0.000000   acc = 0.833
  toxicity = 1, identity_any = 1  [n = 55]:	loss = 0.514  exp loss = 0.219  adjusted loss = 0.219  adv prob = 0.916750   acc = 0.745
Average incurred loss: 0.296  
Average sample loss: 0.422  
Average acc: 0.921  
  toxicity = 0, identity_any = 0  [n = 417]:	loss = 0.221  exp loss = 0.327  adjusted loss = 0.327  adv prob = 0.000000   acc = 0.957
  toxicity = 0, identity_any = 1  [n = 298]:	loss = 0.275  exp loss = 0.339  adjusted loss = 0.339  adv prob = 0.078128   acc = 0.950
  toxicity = 1, identity_any = 0  [n = 40]:	loss = 0.817  exp loss = 0.730  adjusted loss = 0.730  adv prob = 0.000000   acc = 0.625
  toxicity = 1, identity_any = 1  [n = 45]:	loss = 0.677  exp loss = 0.713  adjusted loss = 0.713  adv prob = 0.921872   acc = 0.667
Average incurred loss: 0.285  
Average sample loss: 0.285  
Average acc: 0.925  
  toxicity = 0, identity_any = 0  [n = 415]:	loss = 0.185  exp loss = 0.203  adjusted loss = 0.203  adv prob = 0.000000   acc = 0.964
  toxicity = 0, identity_any = 1  [n = 285]:	loss = 0.367  exp loss = 0.285  adjusted loss = 0.285  adv prob = 0.079844   acc = 0.909
  toxicity = 1, identity_any = 0  [n = 40]:	loss = 0.499  exp loss = 0.323  adjusted loss = 0.323  adv prob = 0.000000   acc = 0.800
  toxicity = 1, identity_any = 1  [n = 60]:	loss = 0.442  exp loss = 0.218  adjusted loss = 0.218  adv prob = 0.920156   acc = 0.817
Average incurred loss: 0.233  
Average sample loss: 0.348  
Average acc: 0.936  
  toxicity = 0, identity_any = 0  [n = 430]:	loss = 0.163  exp loss = 0.208  adjusted loss = 0.208  adv prob = 0.000000   acc = 0.967
  toxicity = 0, identity_any = 1  [n = 281]:	loss = 0.247  exp loss = 0.199  adjusted loss = 0.199  adv prob = 0.076127   acc = 0.936
  toxicity = 1, identity_any = 0  [n = 34]:	loss = 0.605  exp loss = 0.659  adjusted loss = 0.659  adv prob = 0.000000   acc = 0.765
  toxicity = 1, identity_any = 1  [n = 55]:	loss = 0.481  exp loss = 0.760  adjusted loss = 0.760  adv prob = 0.923873   acc = 0.800
Average incurred loss: 0.246  
Average sample loss: 0.296  
Average acc: 0.925  
  toxicity = 0, identity_any = 0  [n = 422]:	loss = 0.117  exp loss = 0.107  adjusted loss = 0.107  adv prob = 0.000000   acc = 0.974
  toxicity = 0, identity_any = 1  [n = 273]:	loss = 0.368  exp loss = 0.200  adjusted loss = 0.200  adv prob = 0.077477   acc = 0.905
  toxicity = 1, identity_any = 0  [n = 41]:	loss = 0.437  exp loss = 0.470  adjusted loss = 0.470  adv prob = 0.000000   acc = 0.805
  toxicity = 1, identity_any = 1  [n = 64]:	loss = 0.451  exp loss = 0.363  adjusted loss = 0.363  adv prob = 0.922523   acc = 0.766
Average incurred loss: 0.280  
Average sample loss: 0.430  
Average acc: 0.915  
  toxicity = 0, identity_any = 0  [n = 429]:	loss = 0.183  exp loss = 0.235  adjusted loss = 0.235  adv prob = 0.000000   acc = 0.965
  toxicity = 0, identity_any = 1  [n = 285]:	loss = 0.252  exp loss = 0.424  adjusted loss = 0.424  adv prob = 0.071277   acc = 0.940
  toxicity = 1, identity_any = 0  [n = 37]:	loss = 1.177  exp loss = 1.042  adjusted loss = 1.042  adv prob = 0.000000   acc = 0.486
  toxicity = 1, identity_any = 1  [n = 49]:	loss = 0.606  exp loss = 0.869  adjusted loss = 0.869  adv prob = 0.928723   acc = 0.653
Average incurred loss: 0.346  
Average sample loss: 0.293  
Average acc: 0.908  
  toxicity = 0, identity_any = 0  [n = 400]:	loss = 0.178  exp loss = 0.127  adjusted loss = 0.127  adv prob = 0.000000   acc = 0.963
  toxicity = 0, identity_any = 1  [n = 308]:	loss = 0.543  exp loss = 0.455  adjusted loss = 0.455  adv prob = 0.079401   acc = 0.867
  toxicity = 1, identity_any = 0  [n = 41]:	loss = 0.451  exp loss = 0.638  adjusted loss = 0.638  adv prob = 0.000000   acc = 0.780
  toxicity = 1, identity_any = 1  [n = 51]:	loss = 0.389  exp loss = 0.247  adjusted loss = 0.247  adv prob = 0.920599   acc = 0.824
Average incurred loss: 0.240  
Average sample loss: 0.413  
Average acc: 0.925  
  toxicity = 0, identity_any = 0  [n = 426]:	loss = 0.108  exp loss = 0.133  adjusted loss = 0.133  adv prob = 0.000000   acc = 0.977
  toxicity = 0, identity_any = 1  [n = 298]:	loss = 0.366  exp loss = 0.328  adjusted loss = 0.328  adv prob = 0.077961   acc = 0.899
  toxicity = 1, identity_any = 0  [n = 25]:	loss = 0.438  exp loss = 0.482  adjusted loss = 0.482  adv prob = 0.000000   acc = 0.760
  toxicity = 1, identity_any = 1  [n = 51]:	loss = 0.514  exp loss = 0.668  adjusted loss = 0.668  adv prob = 0.922038   acc = 0.725
Average incurred loss: 0.264  
Average sample loss: 0.400  
Average acc: 0.929  
  toxicity = 0, identity_any = 0  [n = 425]:	loss = 0.174  exp loss = 0.153  adjusted loss = 0.153  adv prob = 0.000000   acc = 0.967
  toxicity = 0, identity_any = 1  [n = 288]:	loss = 0.309  exp loss = 0.379  adjusted loss = 0.379  adv prob = 0.074002   acc = 0.927
  toxicity = 1, identity_any = 0  [n = 35]:	loss = 0.508  exp loss = 0.607  adjusted loss = 0.607  adv prob = 0.000000   acc = 0.771
  toxicity = 1, identity_any = 1  [n = 52]:	loss = 0.585  exp loss = 0.767  adjusted loss = 0.767  adv prob = 0.925998   acc = 0.731
Average incurred loss: 0.278  
Average sample loss: 0.311  
Average acc: 0.925  
  toxicity = 0, identity_any = 0  [n = 462]:	loss = 0.193  exp loss = 0.156  adjusted loss = 0.156  adv prob = 0.000000   acc = 0.950
  toxicity = 0, identity_any = 1  [n = 256]:	loss = 0.402  exp loss = 0.357  adjusted loss = 0.357  adv prob = 0.076777   acc = 0.902
  toxicity = 1, identity_any = 0  [n = 30]:	loss = 0.149  exp loss = 0.164  adjusted loss = 0.164  adv prob = 0.000000   acc = 0.933
  toxicity = 1, identity_any = 1  [n = 52]:	loss = 0.488  exp loss = 0.514  adjusted loss = 0.514  adv prob = 0.923223   acc = 0.808
Average incurred loss: 0.261  
Average sample loss: 0.253  
Average acc: 0.931  
  toxicity = 0, identity_any = 0  [n = 428]:	loss = 0.240  exp loss = 0.191  adjusted loss = 0.191  adv prob = 0.000000   acc = 0.953
  toxicity = 0, identity_any = 1  [n = 281]:	loss = 0.216  exp loss = 0.225  adjusted loss = 0.225  adv prob = 0.074871   acc = 0.957
  toxicity = 1, identity_any = 0  [n = 42]:	loss = 0.552  exp loss = 0.704  adjusted loss = 0.704  adv prob = 0.000000   acc = 0.738
  toxicity = 1, identity_any = 1  [n = 49]:	loss = 0.454  exp loss = 0.292  adjusted loss = 0.292  adv prob = 0.925129   acc = 0.755
Average incurred loss: 0.214  
Average sample loss: 0.249  
Average acc: 0.934  
  toxicity = 0, identity_any = 0  [n = 394]:	loss = 0.128  exp loss = 0.136  adjusted loss = 0.136  adv prob = 0.000000   acc = 0.975
  toxicity = 0, identity_any = 1  [n = 321]:	loss = 0.231  exp loss = 0.248  adjusted loss = 0.248  adv prob = 0.075103   acc = 0.935
  toxicity = 1, identity_any = 0  [n = 33]:	loss = 0.676  exp loss = 0.712  adjusted loss = 0.712  adv prob = 0.000000   acc = 0.727
  toxicity = 1, identity_any = 1  [n = 52]:	loss = 0.461  exp loss = 0.272  adjusted loss = 0.272  adv prob = 0.924897   acc = 0.750
Average incurred loss: 0.233  
Average sample loss: 0.406  
Average acc: 0.926  
  toxicity = 0, identity_any = 0  [n = 433]:	loss = 0.099  exp loss = 0.067  adjusted loss = 0.067  adv prob = 0.000000   acc = 0.982
  toxicity = 0, identity_any = 1  [n = 279]:	loss = 0.198  exp loss = 0.167  adjusted loss = 0.167  adv prob = 0.067318   acc = 0.961
  toxicity = 1, identity_any = 0  [n = 46]:	loss = 1.163  exp loss = 1.168  adjusted loss = 1.168  adv prob = 0.000000   acc = 0.500
  toxicity = 1, identity_any = 1  [n = 42]:	loss = 0.821  exp loss = 0.731  adjusted loss = 0.731  adv prob = 0.932682   acc = 0.595
Average incurred loss: 0.258  
Average sample loss: 0.333  
Average acc: 0.921  
  toxicity = 0, identity_any = 0  [n = 430]:	loss = 0.161  exp loss = 0.279  adjusted loss = 0.279  adv prob = 0.000000   acc = 0.960
  toxicity = 0, identity_any = 1  [n = 281]:	loss = 0.341  exp loss = 0.620  adjusted loss = 0.620  adv prob = 0.069298   acc = 0.922
  toxicity = 1, identity_any = 0  [n = 26]:	loss = 0.453  exp loss = 0.602  adjusted loss = 0.602  adv prob = 0.000000   acc = 0.769
  toxicity = 1, identity_any = 1  [n = 63]:	loss = 0.474  exp loss = 0.418  adjusted loss = 0.418  adv prob = 0.930702   acc = 0.714
Average incurred loss: 0.275  
Average sample loss: 0.225  
Average acc: 0.925  
  toxicity = 0, identity_any = 0  [n = 413]:	loss = 0.190  exp loss = 0.085  adjusted loss = 0.085  adv prob = 0.000000   acc = 0.964
  toxicity = 0, identity_any = 1  [n = 301]:	loss = 0.375  exp loss = 0.199  adjusted loss = 0.199  adv prob = 0.074189   acc = 0.897
  toxicity = 1, identity_any = 0  [n = 35]:	loss = 0.307  exp loss = 0.317  adjusted loss = 0.317  adv prob = 0.000000   acc = 0.886
  toxicity = 1, identity_any = 1  [n = 51]:	loss = 0.350  exp loss = 0.323  adjusted loss = 0.323  adv prob = 0.925811   acc = 0.804
Average incurred loss: 0.269  
Average sample loss: 0.279  
Average acc: 0.920  
  toxicity = 0, identity_any = 0  [n = 424]:	loss = 0.135  exp loss = 0.084  adjusted loss = 0.084  adv prob = 0.000000   acc = 0.972
  toxicity = 0, identity_any = 1  [n = 281]:	loss = 0.392  exp loss = 0.270  adjusted loss = 0.270  adv prob = 0.077978   acc = 0.893
  toxicity = 1, identity_any = 0  [n = 33]:	loss = 0.800  exp loss = 1.092  adjusted loss = 1.092  adv prob = 0.000000   acc = 0.667
  toxicity = 1, identity_any = 1  [n = 62]:	loss = 0.347  exp loss = 0.460  adjusted loss = 0.460  adv prob = 0.922022   acc = 0.823
Average incurred loss: 0.252  
Average sample loss: 0.284  
Average acc: 0.919  
  toxicity = 0, identity_any = 0  [n = 426]:	loss = 0.133  exp loss = 0.138  adjusted loss = 0.138  adv prob = 0.000000   acc = 0.967
  toxicity = 0, identity_any = 1  [n = 284]:	loss = 0.293  exp loss = 0.213  adjusted loss = 0.213  adv prob = 0.077832   acc = 0.915
  toxicity = 1, identity_any = 0  [n = 41]:	loss = 0.920  exp loss = 0.729  adjusted loss = 0.729  adv prob = 0.000000   acc = 0.659
  toxicity = 1, identity_any = 1  [n = 49]:	loss = 0.497  exp loss = 0.666  adjusted loss = 0.666  adv prob = 0.922168   acc = 0.735
Average incurred loss: 0.321  
Average sample loss: 0.305  
Average acc: 0.921  
  toxicity = 0, identity_any = 0  [n = 446]:	loss = 0.218  exp loss = 0.107  adjusted loss = 0.107  adv prob = 0.000000   acc = 0.957
  toxicity = 0, identity_any = 1  [n = 269]:	loss = 0.468  exp loss = 0.377  adjusted loss = 0.377  adv prob = 0.082391   acc = 0.900
  toxicity = 1, identity_any = 0  [n = 33]:	loss = 0.321  exp loss = 0.240  adjusted loss = 0.240  adv prob = 0.000000   acc = 0.848
  toxicity = 1, identity_any = 1  [n = 52]:	loss = 0.443  exp loss = 0.386  adjusted loss = 0.386  adv prob = 0.917609   acc = 0.769
Average incurred loss: 0.338  
Average sample loss: 0.277  
Average acc: 0.911  
  toxicity = 0, identity_any = 0  [n = 424]:	loss = 0.265  exp loss = 0.269  adjusted loss = 0.269  adv prob = 0.000000   acc = 0.948
  toxicity = 0, identity_any = 1  [n = 288]:	loss = 0.442  exp loss = 0.544  adjusted loss = 0.544  adv prob = 0.091760   acc = 0.882
  toxicity = 1, identity_any = 0  [n = 30]:	loss = 0.445  exp loss = 0.505  adjusted loss = 0.505  adv prob = 0.000000   acc = 0.800
  toxicity = 1, identity_any = 1  [n = 58]:	loss = 0.304  exp loss = 0.319  adjusted loss = 0.319  adv prob = 0.908240   acc = 0.845
Average incurred loss: 0.214  
Average sample loss: 0.314  
Average acc: 0.931  
  toxicity = 0, identity_any = 0  [n = 426]:	loss = 0.084  exp loss = 0.138  adjusted loss = 0.138  adv prob = 0.000000   acc = 0.979
  toxicity = 0, identity_any = 1  [n = 282]:	loss = 0.224  exp loss = 0.220  adjusted loss = 0.220  adv prob = 0.088382   acc = 0.943
  toxicity = 1, identity_any = 0  [n = 37]:	loss = 1.152  exp loss = 0.852  adjusted loss = 0.852  adv prob = 0.000000   acc = 0.595
  toxicity = 1, identity_any = 1  [n = 55]:	loss = 0.540  exp loss = 0.461  adjusted loss = 0.461  adv prob = 0.911618   acc = 0.727
Average incurred loss: 0.261  
Average sample loss: 0.262  
Average acc: 0.931  
  toxicity = 0, identity_any = 0  [n = 429]:	loss = 0.184  exp loss = 0.207  adjusted loss = 0.207  adv prob = 0.000000   acc = 0.956
  toxicity = 0, identity_any = 1  [n = 296]:	loss = 0.295  exp loss = 0.208  adjusted loss = 0.208  adv prob = 0.089420   acc = 0.932
  toxicity = 1, identity_any = 0  [n = 33]:	loss = 0.684  exp loss = 0.625  adjusted loss = 0.625  adv prob = 0.000000   acc = 0.758
  toxicity = 1, identity_any = 1  [n = 42]:	loss = 0.466  exp loss = 0.501  adjusted loss = 0.501  adv prob = 0.910580   acc = 0.810
Average incurred loss: 0.226  
Average sample loss: 0.487  
Average acc: 0.927  
  toxicity = 0, identity_any = 0  [n = 406]:	loss = 0.072  exp loss = 0.078  adjusted loss = 0.078  adv prob = 0.000000   acc = 0.983
  toxicity = 0, identity_any = 1  [n = 295]:	loss = 0.226  exp loss = 0.195  adjusted loss = 0.195  adv prob = 0.078594   acc = 0.953
  toxicity = 1, identity_any = 0  [n = 43]:	loss = 1.095  exp loss = 1.281  adjusted loss = 1.281  adv prob = 0.000000   acc = 0.558
  toxicity = 1, identity_any = 1  [n = 56]:	loss = 0.678  exp loss = 0.538  adjusted loss = 0.538  adv prob = 0.921406   acc = 0.679
Average incurred loss: 0.269  
Average sample loss: 0.313  
Average acc: 0.923  
  toxicity = 0, identity_any = 0  [n = 447]:	loss = 0.177  exp loss = 0.172  adjusted loss = 0.172  adv prob = 0.000000   acc = 0.957
  toxicity = 0, identity_any = 1  [n = 262]:	loss = 0.334  exp loss = 0.347  adjusted loss = 0.347  adv prob = 0.079255   acc = 0.924
  toxicity = 1, identity_any = 0  [n = 40]:	loss = 0.585  exp loss = 0.505  adjusted loss = 0.505  adv prob = 0.000000   acc = 0.750
  toxicity = 1, identity_any = 1  [n = 51]:	loss = 0.493  exp loss = 0.594  adjusted loss = 0.594  adv prob = 0.920745   acc = 0.745
Average incurred loss: 0.298  
Average sample loss: 0.519  
Average acc: 0.920  
  toxicity = 0, identity_any = 0  [n = 437]:	loss = 0.177  exp loss = 0.141  adjusted loss = 0.141  adv prob = 0.000000   acc = 0.961
  toxicity = 0, identity_any = 1  [n = 260]:	loss = 0.367  exp loss = 0.534  adjusted loss = 0.534  adv prob = 0.072956   acc = 0.919
  toxicity = 1, identity_any = 0  [n = 45]:	loss = 0.644  exp loss = 0.840  adjusted loss = 0.840  adv prob = 0.000000   acc = 0.756
  toxicity = 1, identity_any = 1  [n = 58]:	loss = 0.628  exp loss = 0.834  adjusted loss = 0.834  adv prob = 0.927044   acc = 0.741
Average incurred loss: 0.365  
Average sample loss: 0.249  
Average acc: 0.917  
  toxicity = 0, identity_any = 0  [n = 410]:	loss = 0.291  exp loss = 0.132  adjusted loss = 0.132  adv prob = 0.000000   acc = 0.951
  toxicity = 0, identity_any = 1  [n = 287]:	loss = 0.472  exp loss = 0.160  adjusted loss = 0.160  adv prob = 0.081873   acc = 0.895
  toxicity = 1, identity_any = 0  [n = 43]:	loss = 0.418  exp loss = 0.402  adjusted loss = 0.402  adv prob = 0.000000   acc = 0.814
  toxicity = 1, identity_any = 1  [n = 60]:	loss = 0.326  exp loss = 0.453  adjusted loss = 0.453  adv prob = 0.918127   acc = 0.867
Average incurred loss: 0.251  
Average sample loss: 0.341  
Average acc: 0.930  
  toxicity = 0, identity_any = 0  [n = 428]:	loss = 0.220  exp loss = 0.153  adjusted loss = 0.153  adv prob = 0.000000   acc = 0.956
  toxicity = 0, identity_any = 1  [n = 294]:	loss = 0.201  exp loss = 0.185  adjusted loss = 0.185  adv prob = 0.076073   acc = 0.949
  toxicity = 1, identity_any = 0  [n = 35]:	loss = 0.586  exp loss = 0.866  adjusted loss = 0.866  adv prob = 0.000000   acc = 0.743
  toxicity = 1, identity_any = 1  [n = 43]:	loss = 0.634  exp loss = 0.686  adjusted loss = 0.686  adv prob = 0.923927   acc = 0.698
Average incurred loss: 0.223  
Average sample loss: 0.344  
Average acc: 0.934  
  toxicity = 0, identity_any = 0  [n = 413]:	loss = 0.101  exp loss = 0.091  adjusted loss = 0.091  adv prob = 0.000000   acc = 0.983
  toxicity = 0, identity_any = 1  [n = 295]:	loss = 0.282  exp loss = 0.417  adjusted loss = 0.417  adv prob = 0.073818   acc = 0.929
  toxicity = 1, identity_any = 0  [n = 36]:	loss = 0.678  exp loss = 0.969  adjusted loss = 0.969  adv prob = 0.000000   acc = 0.722
  toxicity = 1, identity_any = 1  [n = 56]:	loss = 0.520  exp loss = 0.463  adjusted loss = 0.463  adv prob = 0.926182   acc = 0.732
Average incurred loss: 0.348  
Average sample loss: 0.252  
Average acc: 0.902  
  toxicity = 0, identity_any = 0  [n = 431]:	loss = 0.230  exp loss = 0.180  adjusted loss = 0.180  adv prob = 0.000000   acc = 0.956
  toxicity = 0, identity_any = 1  [n = 287]:	loss = 0.454  exp loss = 0.269  adjusted loss = 0.269  adv prob = 0.081606   acc = 0.875
  toxicity = 1, identity_any = 0  [n = 28]:	loss = 0.989  exp loss = 1.222  adjusted loss = 1.222  adv prob = 0.000000   acc = 0.571
  toxicity = 1, identity_any = 1  [n = 54]:	loss = 0.389  exp loss = 0.461  adjusted loss = 0.461  adv prob = 0.918394   acc = 0.796
Average incurred loss: 0.196  
Average sample loss: 0.223  
Average acc: 0.948  
  toxicity = 0, identity_any = 0  [n = 436]:	loss = 0.164  exp loss = 0.273  adjusted loss = 0.273  adv prob = 0.000000   acc = 0.970
  toxicity = 0, identity_any = 1  [n = 295]:	loss = 0.205  exp loss = 0.237  adjusted loss = 0.237  adv prob = 0.081608   acc = 0.946
  toxicity = 1, identity_any = 0  [n = 30]:	loss = 0.261  exp loss = 0.238  adjusted loss = 0.238  adv prob = 0.000000   acc = 0.900
  toxicity = 1, identity_any = 1  [n = 39]:	loss = 0.434  exp loss = 0.366  adjusted loss = 0.366  adv prob = 0.918392   acc = 0.744
Average incurred loss: 0.297  
Average sample loss: 0.281  
Average acc: 0.915  
  toxicity = 0, identity_any = 0  [n = 429]:	loss = 0.226  exp loss = 0.174  adjusted loss = 0.174  adv prob = 0.000000   acc = 0.946
  toxicity = 0, identity_any = 1  [n = 277]:	loss = 0.286  exp loss = 0.455  adjusted loss = 0.455  adv prob = 0.080882   acc = 0.942
  toxicity = 1, identity_any = 0  [n = 35]:	loss = 1.073  exp loss = 0.574  adjusted loss = 0.574  adv prob = 0.000000   acc = 0.600
  toxicity = 1, identity_any = 1  [n = 59]:	loss = 0.403  exp loss = 0.432  adjusted loss = 0.432  adv prob = 0.919118   acc = 0.746
Average incurred loss: 0.378  
Average sample loss: 0.281  
Average acc: 0.905  
  toxicity = 0, identity_any = 0  [n = 400]:	loss = 0.294  exp loss = 0.140  adjusted loss = 0.140  adv prob = 0.000000   acc = 0.938
  toxicity = 0, identity_any = 1  [n = 297]:	loss = 0.498  exp loss = 0.311  adjusted loss = 0.311  adv prob = 0.089763   acc = 0.896
  toxicity = 1, identity_any = 0  [n = 41]:	loss = 0.270  exp loss = 0.292  adjusted loss = 0.292  adv prob = 0.000000   acc = 0.854
  toxicity = 1, identity_any = 1  [n = 62]:	loss = 0.413  exp loss = 0.396  adjusted loss = 0.396  adv prob = 0.910237   acc = 0.774
Average incurred loss: 0.210  
Average sample loss: 0.280  
Average acc: 0.944  
  toxicity = 0, identity_any = 0  [n = 426]:	loss = 0.126  exp loss = 0.144  adjusted loss = 0.144  adv prob = 0.000000   acc = 0.972
  toxicity = 0, identity_any = 1  [n = 287]:	loss = 0.277  exp loss = 0.368  adjusted loss = 0.368  adv prob = 0.089974   acc = 0.937
  toxicity = 1, identity_any = 0  [n = 33]:	loss = 0.364  exp loss = 0.300  adjusted loss = 0.300  adv prob = 0.000000   acc = 0.879
  toxicity = 1, identity_any = 1  [n = 54]:	loss = 0.431  exp loss = 0.421  adjusted loss = 0.421  adv prob = 0.910026   acc = 0.796
Average incurred loss: 0.292  
Average sample loss: 0.284  
Average acc: 0.915  
  toxicity = 0, identity_any = 0  [n = 408]:	loss = 0.154  exp loss = 0.234  adjusted loss = 0.234  adv prob = 0.000000   acc = 0.966
  toxicity = 0, identity_any = 1  [n = 288]:	loss = 0.466  exp loss = 0.692  adjusted loss = 0.692  adv prob = 0.096524   acc = 0.875
  toxicity = 1, identity_any = 0  [n = 30]:	loss = 0.329  exp loss = 0.343  adjusted loss = 0.343  adv prob = 0.000000   acc = 0.867
  toxicity = 1, identity_any = 1  [n = 74]:	loss = 0.361  exp loss = 0.225  adjusted loss = 0.225  adv prob = 0.903476   acc = 0.811
Average incurred loss: 0.324  
Average sample loss: 0.229  
Average acc: 0.906  
  toxicity = 0, identity_any = 0  [n = 397]:	loss = 0.247  exp loss = 0.211  adjusted loss = 0.211  adv prob = 0.000000   acc = 0.940
  toxicity = 0, identity_any = 1  [n = 310]:	loss = 0.426  exp loss = 0.272  adjusted loss = 0.272  adv prob = 0.104868   acc = 0.877
  toxicity = 1, identity_any = 0  [n = 33]:	loss = 0.442  exp loss = 0.390  adjusted loss = 0.390  adv prob = 0.000000   acc = 0.818
  toxicity = 1, identity_any = 1  [n = 60]:	loss = 0.243  exp loss = 0.259  adjusted loss = 0.259  adv prob = 0.895132   acc = 0.883
Average incurred loss: 0.287  
Average sample loss: 0.333  
Average acc: 0.910  
  toxicity = 0, identity_any = 0  [n = 463]:	loss = 0.164  exp loss = 0.113  adjusted loss = 0.113  adv prob = 0.000000   acc = 0.955
  toxicity = 0, identity_any = 1  [n = 262]:	loss = 0.433  exp loss = 0.537  adjusted loss = 0.537  adv prob = 0.111767   acc = 0.878
  toxicity = 1, identity_any = 0  [n = 35]:	loss = 0.584  exp loss = 0.826  adjusted loss = 0.826  adv prob = 0.000000   acc = 0.771
  toxicity = 1, identity_any = 1  [n = 40]:	loss = 0.504  exp loss = 0.508  adjusted loss = 0.508  adv prob = 0.888233   acc = 0.725
Average incurred loss: 0.226  
Average sample loss: 0.297  
Average acc: 0.935  
  toxicity = 0, identity_any = 0  [n = 417]:	loss = 0.150  exp loss = 0.167  adjusted loss = 0.167  adv prob = 0.000000   acc = 0.964
  toxicity = 0, identity_any = 1  [n = 288]:	loss = 0.179  exp loss = 0.122  adjusted loss = 0.122  adv prob = 0.106591   acc = 0.941
  toxicity = 1, identity_any = 0  [n = 35]:	loss = 1.187  exp loss = 1.047  adjusted loss = 1.047  adv prob = 0.000000   acc = 0.629
  toxicity = 1, identity_any = 1  [n = 60]:	loss = 0.427  exp loss = 0.662  adjusted loss = 0.662  adv prob = 0.893409   acc = 0.883
Average incurred loss: 0.303  
Average sample loss: 0.235  
Average acc: 0.919  
  toxicity = 0, identity_any = 0  [n = 449]:	loss = 0.254  exp loss = 0.289  adjusted loss = 0.289  adv prob = 0.000000   acc = 0.944
  toxicity = 0, identity_any = 1  [n = 249]:	loss = 0.300  exp loss = 0.342  adjusted loss = 0.342  adv prob = 0.110151   acc = 0.912
  toxicity = 1, identity_any = 0  [n = 33]:	loss = 0.996  exp loss = 1.414  adjusted loss = 1.414  adv prob = 0.000000   acc = 0.697
  toxicity = 1, identity_any = 1  [n = 69]:	loss = 0.308  exp loss = 0.281  adjusted loss = 0.281  adv prob = 0.889849   acc = 0.884
Average incurred loss: 0.294  
Average sample loss: 0.377  
Average acc: 0.918  
  toxicity = 0, identity_any = 0  [n = 442]:	loss = 0.189  exp loss = 0.143  adjusted loss = 0.143  adv prob = 0.000000   acc = 0.948
  toxicity = 0, identity_any = 1  [n = 270]:	loss = 0.262  exp loss = 0.221  adjusted loss = 0.221  adv prob = 0.102859   acc = 0.937
  toxicity = 1, identity_any = 0  [n = 42]:	loss = 1.267  exp loss = 1.127  adjusted loss = 1.127  adv prob = 0.000000   acc = 0.667
  toxicity = 1, identity_any = 1  [n = 46]:	loss = 0.600  exp loss = 0.715  adjusted loss = 0.715  adv prob = 0.897141   acc = 0.739
Average incurred loss: 0.289  
Average sample loss: 0.575  
Average acc: 0.909  
  toxicity = 0, identity_any = 0  [n = 409]:	loss = 0.143  exp loss = 0.132  adjusted loss = 0.132  adv prob = 0.000000   acc = 0.966
  toxicity = 0, identity_any = 1  [n = 299]:	loss = 0.325  exp loss = 0.411  adjusted loss = 0.411  adv prob = 0.091140   acc = 0.900
  toxicity = 1, identity_any = 0  [n = 36]:	loss = 0.782  exp loss = 0.440  adjusted loss = 0.440  adv prob = 0.000000   acc = 0.722
  toxicity = 1, identity_any = 1  [n = 56]:	loss = 0.850  exp loss = 0.785  adjusted loss = 0.785  adv prob = 0.908860   acc = 0.661
Average incurred loss: 0.230  
Average sample loss: 0.249  
Average acc: 0.930  
  toxicity = 0, identity_any = 0  [n = 422]:	loss = 0.147  exp loss = 0.083  adjusted loss = 0.083  adv prob = 0.000000   acc = 0.964
  toxicity = 0, identity_any = 1  [n = 288]:	loss = 0.244  exp loss = 0.155  adjusted loss = 0.155  adv prob = 0.090971   acc = 0.937
  toxicity = 1, identity_any = 0  [n = 39]:	loss = 0.793  exp loss = 1.208  adjusted loss = 1.208  adv prob = 0.000000   acc = 0.718
  toxicity = 1, identity_any = 1  [n = 51]:	loss = 0.409  exp loss = 0.373  adjusted loss = 0.373  adv prob = 0.909029   acc = 0.765
Average incurred loss: 0.253  
Average sample loss: 0.327  
Average acc: 0.931  
  toxicity = 0, identity_any = 0  [n = 428]:	loss = 0.148  exp loss = 0.073  adjusted loss = 0.073  adv prob = 0.000000   acc = 0.972
  toxicity = 0, identity_any = 1  [n = 280]:	loss = 0.342  exp loss = 0.319  adjusted loss = 0.319  adv prob = 0.091758   acc = 0.907
  toxicity = 1, identity_any = 0  [n = 29]:	loss = 0.756  exp loss = 1.034  adjusted loss = 1.034  adv prob = 0.000000   acc = 0.759
  toxicity = 1, identity_any = 1  [n = 63]:	loss = 0.330  exp loss = 0.416  adjusted loss = 0.416  adv prob = 0.908242   acc = 0.841
Average incurred loss: 0.232  
Average sample loss: 0.345  
Average acc: 0.938  
  toxicity = 0, identity_any = 0  [n = 419]:	loss = 0.088  exp loss = 0.055  adjusted loss = 0.055  adv prob = 0.000000   acc = 0.981
  toxicity = 0, identity_any = 1  [n = 297]:	loss = 0.344  exp loss = 0.546  adjusted loss = 0.546  adv prob = 0.091171   acc = 0.919
  toxicity = 1, identity_any = 0  [n = 29]:	loss = 0.522  exp loss = 0.687  adjusted loss = 0.687  adv prob = 0.000000   acc = 0.828
  toxicity = 1, identity_any = 1  [n = 55]:	loss = 0.575  exp loss = 0.454  adjusted loss = 0.454  adv prob = 0.908829   acc = 0.764
Average incurred loss: 0.299  
Average sample loss: 0.352  
Average acc: 0.909  
  toxicity = 0, identity_any = 0  [n = 403]:	loss = 0.223  exp loss = 0.118  adjusted loss = 0.118  adv prob = 0.000000   acc = 0.948
  toxicity = 0, identity_any = 1  [n = 295]:	loss = 0.375  exp loss = 0.255  adjusted loss = 0.255  adv prob = 0.092569   acc = 0.898
  toxicity = 1, identity_any = 0  [n = 49]:	loss = 0.228  exp loss = 0.309  adjusted loss = 0.309  adv prob = 0.000000   acc = 0.898
  toxicity = 1, identity_any = 1  [n = 53]:	loss = 0.528  exp loss = 0.458  adjusted loss = 0.458  adv prob = 0.907431   acc = 0.679
Average incurred loss: 0.280  
Average sample loss: 0.431  
Average acc: 0.911  
  toxicity = 0, identity_any = 0  [n = 425]:	loss = 0.175  exp loss = 0.314  adjusted loss = 0.314  adv prob = 0.000000   acc = 0.958
  toxicity = 0, identity_any = 1  [n = 288]:	loss = 0.315  exp loss = 0.512  adjusted loss = 0.512  adv prob = 0.086749   acc = 0.899
  toxicity = 1, identity_any = 0  [n = 23]:	loss = 0.915  exp loss = 0.559  adjusted loss = 0.559  adv prob = 0.000000   acc = 0.696
  toxicity = 1, identity_any = 1  [n = 64]:	loss = 0.593  exp loss = 0.435  adjusted loss = 0.435  adv prob = 0.913251   acc = 0.734
Average incurred loss: 0.254  
Average sample loss: 0.306  
Average acc: 0.923  
  toxicity = 0, identity_any = 0  [n = 415]:	loss = 0.139  exp loss = 0.118  adjusted loss = 0.118  adv prob = 0.000000   acc = 0.966
  toxicity = 0, identity_any = 1  [n = 276]:	loss = 0.355  exp loss = 0.427  adjusted loss = 0.427  adv prob = 0.089048   acc = 0.917
  toxicity = 1, identity_any = 0  [n = 54]:	loss = 0.507  exp loss = 0.507  adjusted loss = 0.507  adv prob = 0.000000   acc = 0.778
  toxicity = 1, identity_any = 1  [n = 55]:	loss = 0.370  exp loss = 0.383  adjusted loss = 0.383  adv prob = 0.910952   acc = 0.764
Average incurred loss: 0.272  
Average sample loss: 0.289  
Average acc: 0.924  
  toxicity = 0, identity_any = 0  [n = 397]:	loss = 0.154  exp loss = 0.066  adjusted loss = 0.066  adv prob = 0.000000   acc = 0.965
  toxicity = 0, identity_any = 1  [n = 313]:	loss = 0.319  exp loss = 0.335  adjusted loss = 0.335  adv prob = 0.090088   acc = 0.917
  toxicity = 1, identity_any = 0  [n = 38]:	loss = 0.955  exp loss = 1.114  adjusted loss = 1.114  adv prob = 0.000000   acc = 0.684
  toxicity = 1, identity_any = 1  [n = 52]:	loss = 0.386  exp loss = 0.523  adjusted loss = 0.523  adv prob = 0.909912   acc = 0.827
Average incurred loss: 0.229  
Average sample loss: 0.234  
Average acc: 0.927  
  toxicity = 0, identity_any = 0  [n = 425]:	loss = 0.148  exp loss = 0.157  adjusted loss = 0.157  adv prob = 0.000000   acc = 0.965
  toxicity = 0, identity_any = 1  [n = 288]:	loss = 0.189  exp loss = 0.130  adjusted loss = 0.130  adv prob = 0.087506   acc = 0.951
  toxicity = 1, identity_any = 0  [n = 37]:	loss = 1.126  exp loss = 1.166  adjusted loss = 1.166  adv prob = 0.000000   acc = 0.595
  toxicity = 1, identity_any = 1  [n = 50]:	loss = 0.482  exp loss = 0.298  adjusted loss = 0.298  adv prob = 0.912494   acc = 0.720
Average incurred loss: 0.344  
Average sample loss: 0.439  
Average acc: 0.891  
  toxicity = 0, identity_any = 0  [n = 430]:	loss = 0.189  exp loss = 0.217  adjusted loss = 0.217  adv prob = 0.000000   acc = 0.944
  toxicity = 0, identity_any = 1  [n = 272]:	loss = 0.484  exp loss = 0.489  adjusted loss = 0.489  adv prob = 0.089037   acc = 0.864
  toxicity = 1, identity_any = 0  [n = 42]:	loss = 0.774  exp loss = 0.656  adjusted loss = 0.656  adv prob = 0.000000   acc = 0.738
  toxicity = 1, identity_any = 1  [n = 56]:	loss = 0.531  exp loss = 0.488  adjusted loss = 0.488  adv prob = 0.910963   acc = 0.732
Average incurred loss: 0.269  
Average sample loss: 0.545  
Average acc: 0.912  
  toxicity = 0, identity_any = 0  [n = 430]:	loss = 0.197  exp loss = 0.340  adjusted loss = 0.340  adv prob = 0.000000   acc = 0.944
  toxicity = 0, identity_any = 1  [n = 283]:	loss = 0.210  exp loss = 0.208  adjusted loss = 0.208  adv prob = 0.074686   acc = 0.933
  toxicity = 1, identity_any = 0  [n = 32]:	loss = 0.821  exp loss = 1.087  adjusted loss = 1.087  adv prob = 0.000000   acc = 0.719
  toxicity = 1, identity_any = 1  [n = 55]:	loss = 0.812  exp loss = 0.897  adjusted loss = 0.897  adv prob = 0.925314   acc = 0.673
Average incurred loss: 0.275  
Average sample loss: 0.243  
Average acc: 0.921  
  toxicity = 0, identity_any = 0  [n = 444]:	loss = 0.165  exp loss = 0.145  adjusted loss = 0.145  adv prob = 0.000000   acc = 0.966
  toxicity = 0, identity_any = 1  [n = 263]:	loss = 0.434  exp loss = 0.534  adjusted loss = 0.534  adv prob = 0.080945   acc = 0.875
  toxicity = 1, identity_any = 0  [n = 28]:	loss = 0.522  exp loss = 0.442  adjusted loss = 0.442  adv prob = 0.000000   acc = 0.786
  toxicity = 1, identity_any = 1  [n = 65]:	loss = 0.275  exp loss = 0.194  adjusted loss = 0.194  adv prob = 0.919055   acc = 0.862
Average incurred loss: 0.307  
Average sample loss: 0.280  
Average acc: 0.922  
  toxicity = 0, identity_any = 0  [n = 419]:	loss = 0.242  exp loss = 0.122  adjusted loss = 0.122  adv prob = 0.000000   acc = 0.945
  toxicity = 0, identity_any = 1  [n = 281]:	loss = 0.391  exp loss = 0.283  adjusted loss = 0.283  adv prob = 0.086009   acc = 0.911
  toxicity = 1, identity_any = 0  [n = 39]:	loss = 0.308  exp loss = 0.333  adjusted loss = 0.333  adv prob = 0.000000   acc = 0.872
  toxicity = 1, identity_any = 1  [n = 61]:	loss = 0.358  exp loss = 0.354  adjusted loss = 0.354  adv prob = 0.913991   acc = 0.852
Average incurred loss: 0.314  
Average sample loss: 0.585  
Average acc: 0.909  
  toxicity = 0, identity_any = 0  [n = 417]:	loss = 0.178  exp loss = 0.154  adjusted loss = 0.154  adv prob = 0.000000   acc = 0.959
  toxicity = 0, identity_any = 1  [n = 289]:	loss = 0.369  exp loss = 0.321  adjusted loss = 0.321  adv prob = 0.077271   acc = 0.910
  toxicity = 1, identity_any = 0  [n = 42]:	loss = 0.666  exp loss = 0.608  adjusted loss = 0.608  adv prob = 0.000000   acc = 0.690
  toxicity = 1, identity_any = 1  [n = 52]:	loss = 0.815  exp loss = 1.103  adjusted loss = 1.103  adv prob = 0.922729   acc = 0.673
Average incurred loss: 0.390  
Average sample loss: 0.332  
Average acc: 0.896  
  toxicity = 0, identity_any = 0  [n = 435]:	loss = 0.283  exp loss = 0.193  adjusted loss = 0.193  adv prob = 0.000000   acc = 0.936
  toxicity = 0, identity_any = 1  [n = 276]:	loss = 0.579  exp loss = 0.724  adjusted loss = 0.724  adv prob = 0.087376   acc = 0.855
  toxicity = 1, identity_any = 0  [n = 31]:	loss = 0.181  exp loss = 0.134  adjusted loss = 0.134  adv prob = 0.000000   acc = 0.871
  toxicity = 1, identity_any = 1  [n = 58]:	loss = 0.398  exp loss = 0.221  adjusted loss = 0.221  adv prob = 0.912624   acc = 0.810
Average incurred loss: 0.289  
Average sample loss: 0.245  
Average acc: 0.916  
  toxicity = 0, identity_any = 0  [n = 427]:	loss = 0.252  exp loss = 0.376  adjusted loss = 0.376  adv prob = 0.000000   acc = 0.937
  toxicity = 0, identity_any = 1  [n = 277]:	loss = 0.285  exp loss = 0.299  adjusted loss = 0.299  adv prob = 0.088025   acc = 0.928
  toxicity = 1, identity_any = 0  [n = 39]:	loss = 0.585  exp loss = 0.753  adjusted loss = 0.753  adv prob = 0.000000   acc = 0.795
  toxicity = 1, identity_any = 1  [n = 57]:	loss = 0.378  exp loss = 0.219  adjusted loss = 0.219  adv prob = 0.911975   acc = 0.789
Average incurred loss: 0.254  
Average sample loss: 0.291  
Average acc: 0.934  
  toxicity = 0, identity_any = 0  [n = 440]:	loss = 0.170  exp loss = 0.127  adjusted loss = 0.127  adv prob = 0.000000   acc = 0.966
  toxicity = 0, identity_any = 1  [n = 266]:	loss = 0.366  exp loss = 0.183  adjusted loss = 0.183  adv prob = 0.091684   acc = 0.917
  toxicity = 1, identity_any = 0  [n = 46]:	loss = 0.299  exp loss = 0.721  adjusted loss = 0.721  adv prob = 0.000000   acc = 0.891
  toxicity = 1, identity_any = 1  [n = 48]:	loss = 0.368  exp loss = 0.635  adjusted loss = 0.635  adv prob = 0.908316   acc = 0.771
Average incurred loss: 0.337  
Average sample loss: 0.275  
Average acc: 0.908  
  toxicity = 0, identity_any = 0  [n = 443]:	loss = 0.241  exp loss = 0.265  adjusted loss = 0.265  adv prob = 0.000000   acc = 0.941
  toxicity = 0, identity_any = 1  [n = 257]:	loss = 0.467  exp loss = 0.727  adjusted loss = 0.727  adv prob = 0.101999   acc = 0.883
  toxicity = 1, identity_any = 0  [n = 32]:	loss = 0.603  exp loss = 0.473  adjusted loss = 0.473  adv prob = 0.000000   acc = 0.813
  toxicity = 1, identity_any = 1  [n = 68]:	loss = 0.347  exp loss = 0.517  adjusted loss = 0.517  adv prob = 0.898001   acc = 0.824
Average incurred loss: 0.268  
Average sample loss: 0.249  
Average acc: 0.922  
  toxicity = 0, identity_any = 0  [n = 441]:	loss = 0.182  exp loss = 0.147  adjusted loss = 0.147  adv prob = 0.000000   acc = 0.955
  toxicity = 0, identity_any = 1  [n = 270]:	loss = 0.351  exp loss = 0.153  adjusted loss = 0.153  adv prob = 0.107308   acc = 0.896
  toxicity = 1, identity_any = 0  [n = 34]:	loss = 0.703  exp loss = 0.693  adjusted loss = 0.693  adv prob = 0.000000   acc = 0.794
  toxicity = 1, identity_any = 1  [n = 55]:	loss = 0.275  exp loss = 0.211  adjusted loss = 0.211  adv prob = 0.892692   acc = 0.873
Average incurred loss: 0.295  
Average sample loss: 0.478  
Average acc: 0.925  
  toxicity = 0, identity_any = 0  [n = 435]:	loss = 0.193  exp loss = 0.220  adjusted loss = 0.220  adv prob = 0.000000   acc = 0.954
  toxicity = 0, identity_any = 1  [n = 271]:	loss = 0.259  exp loss = 0.118  adjusted loss = 0.118  adv prob = 0.096501   acc = 0.941
  toxicity = 1, identity_any = 0  [n = 37]:	loss = 1.178  exp loss = 1.590  adjusted loss = 1.590  adv prob = 0.000000   acc = 0.703
  toxicity = 1, identity_any = 1  [n = 57]:	loss = 0.666  exp loss = 0.964  adjusted loss = 0.964  adv prob = 0.903499   acc = 0.772
Average incurred loss: 0.244  
Average sample loss: 0.400  
Average acc: 0.929  
  toxicity = 0, identity_any = 0  [n = 417]:	loss = 0.116  exp loss = 0.032  adjusted loss = 0.032  adv prob = 0.000000   acc = 0.971
  toxicity = 0, identity_any = 1  [n = 287]:	loss = 0.277  exp loss = 0.199  adjusted loss = 0.199  adv prob = 0.091054   acc = 0.930
  toxicity = 1, identity_any = 0  [n = 36]:	loss = 0.938  exp loss = 1.219  adjusted loss = 1.219  adv prob = 0.000000   acc = 0.694
  toxicity = 1, identity_any = 1  [n = 60]:	loss = 0.561  exp loss = 1.053  adjusted loss = 1.053  adv prob = 0.908946   acc = 0.767
Average incurred loss: 0.253  
Average sample loss: 0.463  
Average acc: 0.918  
  toxicity = 0, identity_any = 0  [n = 412]:	loss = 0.152  exp loss = 0.199  adjusted loss = 0.199  adv prob = 0.000000   acc = 0.959
  toxicity = 0, identity_any = 1  [n = 288]:	loss = 0.247  exp loss = 0.280  adjusted loss = 0.280  adv prob = 0.080923   acc = 0.934
  toxicity = 1, identity_any = 0  [n = 39]:	loss = 0.697  exp loss = 0.600  adjusted loss = 0.600  adv prob = 0.000000   acc = 0.769
  toxicity = 1, identity_any = 1  [n = 61]:	loss = 0.677  exp loss = 0.455  adjusted loss = 0.455  adv prob = 0.919077   acc = 0.656
Average incurred loss: 0.257  
Average sample loss: 0.312  
Average acc: 0.929  
  toxicity = 0, identity_any = 0  [n = 426]:	loss = 0.208  exp loss = 0.297  adjusted loss = 0.297  adv prob = 0.000000   acc = 0.953
  toxicity = 0, identity_any = 1  [n = 284]:	loss = 0.240  exp loss = 0.323  adjusted loss = 0.323  adv prob = 0.078704   acc = 0.947
  toxicity = 1, identity_any = 0  [n = 38]:	loss = 0.670  exp loss = 0.702  adjusted loss = 0.702  adv prob = 0.000000   acc = 0.763
  toxicity = 1, identity_any = 1  [n = 52]:	loss = 0.453  exp loss = 0.519  adjusted loss = 0.519  adv prob = 0.921296   acc = 0.750
Average incurred loss: 0.289  
Average sample loss: 0.324  
Average acc: 0.918  
  toxicity = 0, identity_any = 0  [n = 452]:	loss = 0.215  exp loss = 0.166  adjusted loss = 0.166  adv prob = 0.000000   acc = 0.949
  toxicity = 0, identity_any = 1  [n = 255]:	loss = 0.337  exp loss = 0.337  adjusted loss = 0.337  adv prob = 0.078401   acc = 0.918
  toxicity = 1, identity_any = 0  [n = 33]:	loss = 0.533  exp loss = 0.779  adjusted loss = 0.779  adv prob = 0.000000   acc = 0.758
  toxicity = 1, identity_any = 1  [n = 60]:	loss = 0.503  exp loss = 0.458  adjusted loss = 0.458  adv prob = 0.921599   acc = 0.767
Average incurred loss: 0.242  
Average sample loss: 0.416  
Average acc: 0.929  
  toxicity = 0, identity_any = 0  [n = 412]:	loss = 0.181  exp loss = 0.118  adjusted loss = 0.118  adv prob = 0.000000   acc = 0.959
  toxicity = 0, identity_any = 1  [n = 294]:	loss = 0.236  exp loss = 0.277  adjusted loss = 0.277  adv prob = 0.071351   acc = 0.942
  toxicity = 1, identity_any = 0  [n = 38]:	loss = 0.571  exp loss = 0.504  adjusted loss = 0.504  adv prob = 0.000000   acc = 0.737
  toxicity = 1, identity_any = 1  [n = 56]:	loss = 0.499  exp loss = 0.861  adjusted loss = 0.861  adv prob = 0.928649   acc = 0.768
Average incurred loss: 0.238  
Average sample loss: 0.290  
Average acc: 0.914  
  toxicity = 0, identity_any = 0  [n = 423]:	loss = 0.156  exp loss = 0.130  adjusted loss = 0.130  adv prob = 0.000000   acc = 0.965
  toxicity = 0, identity_any = 1  [n = 283]:	loss = 0.281  exp loss = 0.251  adjusted loss = 0.251  adv prob = 0.070842   acc = 0.922
  toxicity = 1, identity_any = 0  [n = 35]:	loss = 0.510  exp loss = 0.511  adjusted loss = 0.511  adv prob = 0.000000   acc = 0.714
  toxicity = 1, identity_any = 1  [n = 59]:	loss = 0.462  exp loss = 0.393  adjusted loss = 0.393  adv prob = 0.929159   acc = 0.627
Average incurred loss: 0.271  
Average sample loss: 0.384  
Average acc: 0.921  
  toxicity = 0, identity_any = 0  [n = 421]:	loss = 0.188  exp loss = 0.185  adjusted loss = 0.185  adv prob = 0.000000   acc = 0.952
  toxicity = 0, identity_any = 1  [n = 289]:	loss = 0.281  exp loss = 0.306  adjusted loss = 0.306  adv prob = 0.066914   acc = 0.934
  toxicity = 1, identity_any = 0  [n = 40]:	loss = 0.638  exp loss = 0.621  adjusted loss = 0.621  adv prob = 0.000000   acc = 0.750
  toxicity = 1, identity_any = 1  [n = 50]:	loss = 0.613  exp loss = 0.457  adjusted loss = 0.457  adv prob = 0.933086   acc = 0.720
Average incurred loss: 0.240  
Average sample loss: 0.200  
Average acc: 0.926  
  toxicity = 0, identity_any = 0  [n = 434]:	loss = 0.173  exp loss = 0.202  adjusted loss = 0.202  adv prob = 0.000000   acc = 0.963
  toxicity = 0, identity_any = 1  [n = 280]:	loss = 0.297  exp loss = 0.389  adjusted loss = 0.389  adv prob = 0.070492   acc = 0.914
  toxicity = 1, identity_any = 0  [n = 43]:	loss = 0.458  exp loss = 0.423  adjusted loss = 0.423  adv prob = 0.000000   acc = 0.791
  toxicity = 1, identity_any = 1  [n = 43]:	loss = 0.328  exp loss = 0.435  adjusted loss = 0.435  adv prob = 0.929508   acc = 0.767
Average incurred loss: 0.237  
Average sample loss: 0.259  
Average acc: 0.940  
  toxicity = 0, identity_any = 0  [n = 455]:	loss = 0.143  exp loss = 0.181  adjusted loss = 0.181  adv prob = 0.000000   acc = 0.974
  toxicity = 0, identity_any = 1  [n = 258]:	loss = 0.396  exp loss = 0.484  adjusted loss = 0.484  adv prob = 0.075837   acc = 0.891
  toxicity = 1, identity_any = 0  [n = 27]:	loss = 0.122  exp loss = 0.112  adjusted loss = 0.112  adv prob = 0.000000   acc = 0.963
  toxicity = 1, identity_any = 1  [n = 60]:	loss = 0.322  exp loss = 0.539  adjusted loss = 0.539  adv prob = 0.924163   acc = 0.883
Average incurred loss: 0.283  
Average sample loss: 0.356  
Average acc: 0.915  
  toxicity = 0, identity_any = 0  [n = 437]:	loss = 0.169  exp loss = 0.151  adjusted loss = 0.151  adv prob = 0.000000   acc = 0.959
  toxicity = 0, identity_any = 1  [n = 277]:	loss = 0.308  exp loss = 0.282  adjusted loss = 0.282  adv prob = 0.075358   acc = 0.917
  toxicity = 1, identity_any = 0  [n = 35]:	loss = 1.180  exp loss = 1.137  adjusted loss = 1.137  adv prob = 0.000000   acc = 0.571
  toxicity = 1, identity_any = 1  [n = 51]:	loss = 0.513  exp loss = 0.408  adjusted loss = 0.408  adv prob = 0.924642   acc = 0.765
Average incurred loss: 0.298  
Average sample loss: 0.240  
Average acc: 0.916  
  toxicity = 0, identity_any = 0  [n = 420]:	loss = 0.196  exp loss = 0.105  adjusted loss = 0.105  adv prob = 0.000000   acc = 0.955
  toxicity = 0, identity_any = 1  [n = 293]:	loss = 0.351  exp loss = 0.180  adjusted loss = 0.180  adv prob = 0.078795   acc = 0.911
  toxicity = 1, identity_any = 0  [n = 34]:	loss = 0.763  exp loss = 0.965  adjusted loss = 0.965  adv prob = 0.000000   acc = 0.735
  toxicity = 1, identity_any = 1  [n = 53]:	loss = 0.515  exp loss = 0.448  adjusted loss = 0.448  adv prob = 0.921205   acc = 0.755
Average incurred loss: 0.241  
Average sample loss: 0.284  
Average acc: 0.931  
  toxicity = 0, identity_any = 0  [n = 407]:	loss = 0.128  exp loss = 0.149  adjusted loss = 0.149  adv prob = 0.000000   acc = 0.973
  toxicity = 0, identity_any = 1  [n = 306]:	loss = 0.340  exp loss = 0.295  adjusted loss = 0.295  adv prob = 0.082238   acc = 0.915
  toxicity = 1, identity_any = 0  [n = 41]:	loss = 0.422  exp loss = 0.505  adjusted loss = 0.505  adv prob = 0.000000   acc = 0.780
  toxicity = 1, identity_any = 1  [n = 46]:	loss = 0.422  exp loss = 0.414  adjusted loss = 0.414  adv prob = 0.917762   acc = 0.804
Average incurred loss: 0.284  
Average sample loss: 0.228  
Average acc: 0.917  
  toxicity = 0, identity_any = 0  [n = 412]:	loss = 0.186  exp loss = 0.244  adjusted loss = 0.244  adv prob = 0.000000   acc = 0.964
  toxicity = 0, identity_any = 1  [n = 285]:	loss = 0.358  exp loss = 0.428  adjusted loss = 0.428  adv prob = 0.087510   acc = 0.909
  toxicity = 1, identity_any = 0  [n = 39]:	loss = 0.622  exp loss = 0.557  adjusted loss = 0.557  adv prob = 0.000000   acc = 0.667
  toxicity = 1, identity_any = 1  [n = 64]:	loss = 0.385  exp loss = 0.170  adjusted loss = 0.170  adv prob = 0.912490   acc = 0.812
Average incurred loss: 0.240  
Average sample loss: 0.502  
Average acc: 0.935  
  toxicity = 0, identity_any = 0  [n = 460]:	loss = 0.165  exp loss = 0.123  adjusted loss = 0.123  adv prob = 0.000000   acc = 0.963
  toxicity = 0, identity_any = 1  [n = 258]:	loss = 0.252  exp loss = 0.256  adjusted loss = 0.256  adv prob = 0.076449   acc = 0.950
  toxicity = 1, identity_any = 0  [n = 28]:	loss = 0.363  exp loss = 0.410  adjusted loss = 0.410  adv prob = 0.000000   acc = 0.857
  toxicity = 1, identity_any = 1  [n = 54]:	loss = 0.761  exp loss = 0.796  adjusted loss = 0.796  adv prob = 0.923551   acc = 0.667
Average incurred loss: 0.319  
Average sample loss: 0.380  
Average acc: 0.918  
  toxicity = 0, identity_any = 0  [n = 386]:	loss = 0.285  exp loss = 0.248  adjusted loss = 0.248  adv prob = 0.000000   acc = 0.948
  toxicity = 0, identity_any = 1  [n = 322]:	loss = 0.313  exp loss = 0.306  adjusted loss = 0.306  adv prob = 0.074384   acc = 0.932
  toxicity = 1, identity_any = 0  [n = 36]:	loss = 0.426  exp loss = 0.393  adjusted loss = 0.393  adv prob = 0.000000   acc = 0.806
  toxicity = 1, identity_any = 1  [n = 56]:	loss = 0.517  exp loss = 0.979  adjusted loss = 0.979  adv prob = 0.925616   acc = 0.696
Average incurred loss: 0.414  
Average sample loss: 0.290  
Average acc: 0.886  
  toxicity = 0, identity_any = 0  [n = 403]:	loss = 0.271  exp loss = 0.265  adjusted loss = 0.265  adv prob = 0.000000   acc = 0.931
  toxicity = 0, identity_any = 1  [n = 296]:	loss = 0.623  exp loss = 0.848  adjusted loss = 0.848  adv prob = 0.089157   acc = 0.848
  toxicity = 1, identity_any = 0  [n = 32]:	loss = 0.566  exp loss = 0.403  adjusted loss = 0.403  adv prob = 0.000000   acc = 0.750
  toxicity = 1, identity_any = 1  [n = 69]:	loss = 0.278  exp loss = 0.286  adjusted loss = 0.286  adv prob = 0.910843   acc = 0.855
Average incurred loss: 0.287  
Average sample loss: 0.193  
Average acc: 0.921  
  toxicity = 0, identity_any = 0  [n = 454]:	loss = 0.189  exp loss = 0.176  adjusted loss = 0.176  adv prob = 0.000000   acc = 0.958
  toxicity = 0, identity_any = 1  [n = 250]:	loss = 0.471  exp loss = 0.321  adjusted loss = 0.321  adv prob = 0.102217   acc = 0.884
  toxicity = 1, identity_any = 0  [n = 41]:	loss = 0.377  exp loss = 0.346  adjusted loss = 0.346  adv prob = 0.000000   acc = 0.805
  toxicity = 1, identity_any = 1  [n = 55]:	loss = 0.194  exp loss = 0.241  adjusted loss = 0.241  adv prob = 0.897783   acc = 0.873
Average incurred loss: 0.193  
Average sample loss: 0.466  
Average acc: 0.934  
  toxicity = 0, identity_any = 0  [n = 412]:	loss = 0.078  exp loss = 0.087  adjusted loss = 0.087  adv prob = 0.000000   acc = 0.978
  toxicity = 0, identity_any = 1  [n = 299]:	loss = 0.184  exp loss = 0.369  adjusted loss = 0.369  adv prob = 0.088866   acc = 0.946
  toxicity = 1, identity_any = 0  [n = 38]:	loss = 0.881  exp loss = 1.067  adjusted loss = 1.067  adv prob = 0.000000   acc = 0.605
  toxicity = 1, identity_any = 1  [n = 51]:	loss = 0.670  exp loss = 0.581  adjusted loss = 0.581  adv prob = 0.911134   acc = 0.745
Average incurred loss: 0.220  
Average sample loss: 0.311  
Average acc: 0.935  
  toxicity = 0, identity_any = 0  [n = 412]:	loss = 0.108  exp loss = 0.131  adjusted loss = 0.131  adv prob = 0.000000   acc = 0.981
  toxicity = 0, identity_any = 1  [n = 299]:	loss = 0.241  exp loss = 0.399  adjusted loss = 0.399  adv prob = 0.086144   acc = 0.953
  toxicity = 1, identity_any = 0  [n = 34]:	loss = 0.907  exp loss = 0.736  adjusted loss = 0.736  adv prob = 0.000000   acc = 0.588
  toxicity = 1, identity_any = 1  [n = 55]:	loss = 0.514  exp loss = 0.524  adjusted loss = 0.524  adv prob = 0.913856   acc = 0.709
Average incurred loss: 0.236  
Average sample loss: 0.492  
Average acc: 0.928  
  toxicity = 0, identity_any = 0  [n = 425]:	loss = 0.105  exp loss = 0.069  adjusted loss = 0.069  adv prob = 0.000000   acc = 0.974
  toxicity = 0, identity_any = 1  [n = 303]:	loss = 0.298  exp loss = 0.317  adjusted loss = 0.317  adv prob = 0.079533   acc = 0.927
  toxicity = 1, identity_any = 0  [n = 32]:	loss = 0.724  exp loss = 0.625  adjusted loss = 0.625  adv prob = 0.000000   acc = 0.688
  toxicity = 1, identity_any = 1  [n = 40]:	loss = 0.770  exp loss = 0.878  adjusted loss = 0.878  adv prob = 0.920467   acc = 0.625
Average incurred loss: 0.305  
Average sample loss: 0.310  
Average acc: 0.910  
  toxicity = 0, identity_any = 0  [n = 413]:	loss = 0.257  exp loss = 0.241  adjusted loss = 0.241  adv prob = 0.000000   acc = 0.944
  toxicity = 0, identity_any = 1  [n = 291]:	loss = 0.305  exp loss = 0.305  adjusted loss = 0.305  adv prob = 0.079839   acc = 0.924
  toxicity = 1, identity_any = 0  [n = 44]:	loss = 0.602  exp loss = 0.527  adjusted loss = 0.527  adv prob = 0.000000   acc = 0.682
  toxicity = 1, identity_any = 1  [n = 52]:	loss = 0.440  exp loss = 0.432  adjusted loss = 0.432  adv prob = 0.920161   acc = 0.750
Average incurred loss: 0.221  
Average sample loss: 0.267  
Average acc: 0.933  
  toxicity = 0, identity_any = 0  [n = 415]:	loss = 0.127  exp loss = 0.182  adjusted loss = 0.182  adv prob = 0.000000   acc = 0.969
  toxicity = 0, identity_any = 1  [n = 288]:	loss = 0.239  exp loss = 0.332  adjusted loss = 0.332  adv prob = 0.078166   acc = 0.938
  toxicity = 1, identity_any = 0  [n = 36]:	loss = 0.999  exp loss = 0.833  adjusted loss = 0.833  adv prob = 0.000000   acc = 0.667
  toxicity = 1, identity_any = 1  [n = 61]:	loss = 0.310  exp loss = 0.212  adjusted loss = 0.212  adv prob = 0.921834   acc = 0.820
Average incurred loss: 0.267  
Average sample loss: 0.244  
Average acc: 0.925  
  toxicity = 0, identity_any = 0  [n = 419]:	loss = 0.202  exp loss = 0.321  adjusted loss = 0.321  adv prob = 0.000000   acc = 0.947
  toxicity = 0, identity_any = 1  [n = 285]:	loss = 0.288  exp loss = 0.369  adjusted loss = 0.369  adv prob = 0.079019   acc = 0.933
  toxicity = 1, identity_any = 0  [n = 40]:	loss = 0.730  exp loss = 1.110  adjusted loss = 1.110  adv prob = 0.000000   acc = 0.750
  toxicity = 1, identity_any = 1  [n = 56]:	loss = 0.317  exp loss = 0.254  adjusted loss = 0.254  adv prob = 0.920981   acc = 0.839
Average incurred loss: 0.356  
Average sample loss: 0.317  
Average acc: 0.906  
  toxicity = 0, identity_any = 0  [n = 446]:	loss = 0.263  exp loss = 0.320  adjusted loss = 0.320  adv prob = 0.000000   acc = 0.946
  toxicity = 0, identity_any = 1  [n = 267]:	loss = 0.394  exp loss = 0.447  adjusted loss = 0.447  adv prob = 0.080223   acc = 0.910
  toxicity = 1, identity_any = 0  [n = 31]:	loss = 1.022  exp loss = 1.090  adjusted loss = 1.090  adv prob = 0.000000   acc = 0.613
  toxicity = 1, identity_any = 1  [n = 56]:	loss = 0.551  exp loss = 0.411  adjusted loss = 0.411  adv prob = 0.919777   acc = 0.732
Average incurred loss: 0.282  
Average sample loss: 0.308  
Average acc: 0.928  
  toxicity = 0, identity_any = 0  [n = 443]:	loss = 0.187  exp loss = 0.145  adjusted loss = 0.145  adv prob = 0.000000   acc = 0.962
  toxicity = 0, identity_any = 1  [n = 270]:	loss = 0.372  exp loss = 0.197  adjusted loss = 0.197  adv prob = 0.082771   acc = 0.915
  toxicity = 1, identity_any = 0  [n = 31]:	loss = 0.653  exp loss = 0.468  adjusted loss = 0.468  adv prob = 0.000000   acc = 0.742
  toxicity = 1, identity_any = 1  [n = 56]:	loss = 0.390  exp loss = 0.562  adjusted loss = 0.562  adv prob = 0.917229   acc = 0.821
Average incurred loss: 0.253  
Average sample loss: 0.377  
Average acc: 0.914  
  toxicity = 0, identity_any = 0  [n = 407]:	loss = 0.100  exp loss = 0.092  adjusted loss = 0.092  adv prob = 0.000000   acc = 0.978
  toxicity = 0, identity_any = 1  [n = 292]:	loss = 0.383  exp loss = 0.262  adjusted loss = 0.262  adv prob = 0.083710   acc = 0.880
  toxicity = 1, identity_any = 0  [n = 43]:	loss = 0.488  exp loss = 0.385  adjusted loss = 0.385  adv prob = 0.000000   acc = 0.721
  toxicity = 1, identity_any = 1  [n = 58]:	loss = 0.494  exp loss = 0.425  adjusted loss = 0.425  adv prob = 0.916290   acc = 0.776
Average incurred loss: 0.227  
Average sample loss: 0.223  
Average acc: 0.927  
  toxicity = 0, identity_any = 0  [n = 419]:	loss = 0.123  exp loss = 0.081  adjusted loss = 0.081  adv prob = 0.000000   acc = 0.979
  toxicity = 0, identity_any = 1  [n = 296]:	loss = 0.309  exp loss = 0.413  adjusted loss = 0.413  adv prob = 0.088659   acc = 0.916
  toxicity = 1, identity_any = 0  [n = 31]:	loss = 0.614  exp loss = 0.672  adjusted loss = 0.672  adv prob = 0.000000   acc = 0.581
  toxicity = 1, identity_any = 1  [n = 54]:	loss = 0.358  exp loss = 0.306  adjusted loss = 0.306  adv prob = 0.911341   acc = 0.796
Average incurred loss: 0.284  
Average sample loss: 0.308  
Average acc: 0.910  
  toxicity = 0, identity_any = 0  [n = 428]:	loss = 0.158  exp loss = 0.229  adjusted loss = 0.229  adv prob = 0.000000   acc = 0.958
  toxicity = 0, identity_any = 1  [n = 272]:	loss = 0.302  exp loss = 0.368  adjusted loss = 0.368  adv prob = 0.086410   acc = 0.915
  toxicity = 1, identity_any = 0  [n = 41]:	loss = 1.116  exp loss = 0.960  adjusted loss = 0.960  adv prob = 0.000000   acc = 0.610
  toxicity = 1, identity_any = 1  [n = 59]:	loss = 0.526  exp loss = 0.611  adjusted loss = 0.611  adv prob = 0.913590   acc = 0.746
Average incurred loss: 0.269  
Average sample loss: 0.383  
Average acc: 0.917  
  toxicity = 0, identity_any = 0  [n = 429]:	loss = 0.163  exp loss = 0.174  adjusted loss = 0.174  adv prob = 0.000000   acc = 0.965
  toxicity = 0, identity_any = 1  [n = 277]:	loss = 0.361  exp loss = 0.310  adjusted loss = 0.310  adv prob = 0.084819   acc = 0.906
  toxicity = 1, identity_any = 0  [n = 39]:	loss = 0.476  exp loss = 0.643  adjusted loss = 0.643  adv prob = 0.000000   acc = 0.744
  toxicity = 1, identity_any = 1  [n = 55]:	loss = 0.485  exp loss = 0.516  adjusted loss = 0.516  adv prob = 0.915181   acc = 0.727
Average incurred loss: 0.290  
Average sample loss: 0.251  
Average acc: 0.922  
  toxicity = 0, identity_any = 0  [n = 414]:	loss = 0.177  exp loss = 0.184  adjusted loss = 0.184  adv prob = 0.000000   acc = 0.966
  toxicity = 0, identity_any = 1  [n = 305]:	loss = 0.369  exp loss = 0.418  adjusted loss = 0.418  adv prob = 0.088587   acc = 0.911
  toxicity = 1, identity_any = 0  [n = 37]:	loss = 0.825  exp loss = 1.103  adjusted loss = 1.103  adv prob = 0.000000   acc = 0.649
  toxicity = 1, identity_any = 1  [n = 44]:	loss = 0.358  exp loss = 0.203  adjusted loss = 0.203  adv prob = 0.911413   acc = 0.818
Average incurred loss: 0.189  
Average sample loss: 0.357  
Average acc: 0.935  
  toxicity = 0, identity_any = 0  [n = 422]:	loss = 0.047  exp loss = 0.099  adjusted loss = 0.099  adv prob = 0.000000   acc = 0.991
  toxicity = 0, identity_any = 1  [n = 289]:	loss = 0.255  exp loss = 0.324  adjusted loss = 0.324  adv prob = 0.084273   acc = 0.927
  toxicity = 1, identity_any = 0  [n = 38]:	loss = 0.605  exp loss = 0.736  adjusted loss = 0.736  adv prob = 0.000000   acc = 0.711
  toxicity = 1, identity_any = 1  [n = 51]:	loss = 0.687  exp loss = 0.761  adjusted loss = 0.761  adv prob = 0.915727   acc = 0.686
Average incurred loss: 0.289  
Average sample loss: 0.383  
Average acc: 0.912  
  toxicity = 0, identity_any = 0  [n = 421]:	loss = 0.155  exp loss = 0.137  adjusted loss = 0.137  adv prob = 0.000000   acc = 0.969
  toxicity = 0, identity_any = 1  [n = 277]:	loss = 0.431  exp loss = 0.442  adjusted loss = 0.442  adv prob = 0.085139   acc = 0.884
  toxicity = 1, identity_any = 0  [n = 27]:	loss = 0.553  exp loss = 0.676  adjusted loss = 0.676  adv prob = 0.000000   acc = 0.741
  toxicity = 1, identity_any = 1  [n = 75]:	loss = 0.421  exp loss = 0.256  adjusted loss = 0.256  adv prob = 0.914861   acc = 0.760
Average incurred loss: 0.238  
Average sample loss: 0.195  
Average acc: 0.919  
  toxicity = 0, identity_any = 0  [n = 413]:	loss = 0.157  exp loss = 0.137  adjusted loss = 0.137  adv prob = 0.000000   acc = 0.961
  toxicity = 0, identity_any = 1  [n = 293]:	loss = 0.345  exp loss = 0.296  adjusted loss = 0.296  adv prob = 0.092874   acc = 0.884
  toxicity = 1, identity_any = 0  [n = 29]:	loss = 0.446  exp loss = 0.398  adjusted loss = 0.398  adv prob = 0.000000   acc = 0.724
  toxicity = 1, identity_any = 1  [n = 65]:	loss = 0.180  exp loss = 0.337  adjusted loss = 0.337  adv prob = 0.907126   acc = 0.892
Average incurred loss: 0.323  
Average sample loss: 0.740  
Average acc: 0.898  
  toxicity = 0, identity_any = 0  [n = 405]:	loss = 0.110  exp loss = 0.088  adjusted loss = 0.088  adv prob = 0.000000   acc = 0.978
  toxicity = 0, identity_any = 1  [n = 305]:	loss = 0.327  exp loss = 0.362  adjusted loss = 0.362  adv prob = 0.075860   acc = 0.908
  toxicity = 1, identity_any = 0  [n = 34]:	loss = 1.479  exp loss = 1.274  adjusted loss = 1.274  adv prob = 0.000000   acc = 0.441
  toxicity = 1, identity_any = 1  [n = 56]:	loss = 1.135  exp loss = 0.962  adjusted loss = 0.962  adv prob = 0.924140   acc = 0.536
Average incurred loss: 0.293  
Average sample loss: 0.229  
Average acc: 0.904  
  toxicity = 0, identity_any = 0  [n = 429]:	loss = 0.177  exp loss = 0.253  adjusted loss = 0.253  adv prob = 0.000000   acc = 0.960
  toxicity = 0, identity_any = 1  [n = 288]:	loss = 0.412  exp loss = 0.305  adjusted loss = 0.305  adv prob = 0.082781   acc = 0.875
  toxicity = 1, identity_any = 0  [n = 27]:	loss = 0.708  exp loss = 1.000  adjusted loss = 1.000  adv prob = 0.000000   acc = 0.630
  toxicity = 1, identity_any = 1  [n = 56]:	loss = 0.364  exp loss = 0.285  adjusted loss = 0.285  adv prob = 0.917219   acc = 0.750
Average incurred loss: 0.313  
Average sample loss: 0.455  
Average acc: 0.905  
  toxicity = 0, identity_any = 0  [n = 434]:	loss = 0.193  exp loss = 0.244  adjusted loss = 0.244  adv prob = 0.000000   acc = 0.963
  toxicity = 0, identity_any = 1  [n = 264]:	loss = 0.401  exp loss = 0.348  adjusted loss = 0.348  adv prob = 0.080581   acc = 0.902
  toxicity = 1, identity_any = 0  [n = 40]:	loss = 0.671  exp loss = 0.538  adjusted loss = 0.538  adv prob = 0.000000   acc = 0.650
  toxicity = 1, identity_any = 1  [n = 62]:	loss = 0.546  exp loss = 0.452  adjusted loss = 0.452  adv prob = 0.919419   acc = 0.677
Average incurred loss: 0.308  
Average sample loss: 0.304  
Average acc: 0.910  
  toxicity = 0, identity_any = 0  [n = 441]:	loss = 0.214  exp loss = 0.214  adjusted loss = 0.214  adv prob = 0.000000   acc = 0.950
  toxicity = 0, identity_any = 1  [n = 262]:	loss = 0.425  exp loss = 0.439  adjusted loss = 0.439  adv prob = 0.086100   acc = 0.901
  toxicity = 1, identity_any = 0  [n = 33]:	loss = 0.562  exp loss = 0.660  adjusted loss = 0.660  adv prob = 0.000000   acc = 0.697
  toxicity = 1, identity_any = 1  [n = 64]:	loss = 0.355  exp loss = 0.338  adjusted loss = 0.338  adv prob = 0.913900   acc = 0.781
Average incurred loss: 0.354  
Average sample loss: 0.219  
Average acc: 0.881  
  toxicity = 0, identity_any = 0  [n = 427]:	loss = 0.291  exp loss = 0.383  adjusted loss = 0.383  adv prob = 0.000000   acc = 0.913
  toxicity = 0, identity_any = 1  [n = 284]:	loss = 0.455  exp loss = 0.570  adjusted loss = 0.570  adv prob = 0.096824   acc = 0.859
  toxicity = 1, identity_any = 0  [n = 34]:	loss = 0.364  exp loss = 0.396  adjusted loss = 0.396  adv prob = 0.000000   acc = 0.794
  toxicity = 1, identity_any = 1  [n = 55]:	loss = 0.317  exp loss = 0.184  adjusted loss = 0.184  adv prob = 0.903176   acc = 0.800
Average incurred loss: 0.279  
Average sample loss: 0.212  
Average acc: 0.916  
  toxicity = 0, identity_any = 0  [n = 428]:	loss = 0.243  exp loss = 0.181  adjusted loss = 0.181  adv prob = 0.000000   acc = 0.949
  toxicity = 0, identity_any = 1  [n = 273]:	loss = 0.299  exp loss = 0.233  adjusted loss = 0.233  adv prob = 0.100119   acc = 0.916
  toxicity = 1, identity_any = 0  [n = 27]:	loss = 0.559  exp loss = 0.598  adjusted loss = 0.598  adv prob = 0.000000   acc = 0.741
  toxicity = 1, identity_any = 1  [n = 72]:	loss = 0.318  exp loss = 0.245  adjusted loss = 0.245  adv prob = 0.899881   acc = 0.792
Average incurred loss: 0.304  
Average sample loss: 0.270  
Average acc: 0.915  
  toxicity = 0, identity_any = 0  [n = 436]:	loss = 0.194  exp loss = 0.097  adjusted loss = 0.097  adv prob = 0.000000   acc = 0.952
  toxicity = 0, identity_any = 1  [n = 270]:	loss = 0.390  exp loss = 0.410  adjusted loss = 0.410  adv prob = 0.107109   acc = 0.904
  toxicity = 1, identity_any = 0  [n = 38]:	loss = 0.854  exp loss = 0.868  adjusted loss = 0.868  adv prob = 0.000000   acc = 0.684
  toxicity = 1, identity_any = 1  [n = 56]:	loss = 0.376  exp loss = 0.372  adjusted loss = 0.372  adv prob = 0.892891   acc = 0.839
Average incurred loss: 0.215  
Average sample loss: 0.180  
Average acc: 0.931  
  toxicity = 0, identity_any = 0  [n = 428]:	loss = 0.167  exp loss = 0.234  adjusted loss = 0.234  adv prob = 0.000000   acc = 0.951
  toxicity = 0, identity_any = 1  [n = 274]:	loss = 0.208  exp loss = 0.220  adjusted loss = 0.220  adv prob = 0.109505   acc = 0.938
  toxicity = 1, identity_any = 0  [n = 41]:	loss = 0.712  exp loss = 1.048  adjusted loss = 1.048  adv prob = 0.000000   acc = 0.780
  toxicity = 1, identity_any = 1  [n = 57]:	loss = 0.254  exp loss = 0.204  adjusted loss = 0.204  adv prob = 0.890495   acc = 0.860
Average incurred loss: 0.267  
Average sample loss: 0.460  
Average acc: 0.922  
  toxicity = 0, identity_any = 0  [n = 446]:	loss = 0.208  exp loss = 0.226  adjusted loss = 0.226  adv prob = 0.000000   acc = 0.957
  toxicity = 0, identity_any = 1  [n = 266]:	loss = 0.252  exp loss = 0.231  adjusted loss = 0.231  adv prob = 0.098684   acc = 0.929
  toxicity = 1, identity_any = 0  [n = 35]:	loss = 0.640  exp loss = 0.697  adjusted loss = 0.697  adv prob = 0.000000   acc = 0.714
  toxicity = 1, identity_any = 1  [n = 53]:	loss = 0.589  exp loss = 0.264  adjusted loss = 0.264  adv prob = 0.901316   acc = 0.736
Average incurred loss: 0.271  
Average sample loss: 0.373  
Average acc: 0.913  
  toxicity = 0, identity_any = 0  [n = 433]:	loss = 0.139  exp loss = 0.198  adjusted loss = 0.198  adv prob = 0.000000   acc = 0.963
  toxicity = 0, identity_any = 1  [n = 272]:	loss = 0.402  exp loss = 0.300  adjusted loss = 0.300  adv prob = 0.099870   acc = 0.875
  toxicity = 1, identity_any = 0  [n = 38]:	loss = 0.449  exp loss = 0.458  adjusted loss = 0.458  adv prob = 0.000000   acc = 0.789
  toxicity = 1, identity_any = 1  [n = 57]:	loss = 0.528  exp loss = 0.500  adjusted loss = 0.500  adv prob = 0.900130   acc = 0.789
Average incurred loss: 0.276  
Average sample loss: 0.348  
Average acc: 0.926  
  toxicity = 0, identity_any = 0  [n = 426]:	loss = 0.224  exp loss = 0.271  adjusted loss = 0.271  adv prob = 0.000000   acc = 0.946
  toxicity = 0, identity_any = 1  [n = 288]:	loss = 0.287  exp loss = 0.529  adjusted loss = 0.529  adv prob = 0.100092   acc = 0.937
  toxicity = 1, identity_any = 0  [n = 29]:	loss = 0.369  exp loss = 0.361  adjusted loss = 0.361  adv prob = 0.000000   acc = 0.793
  toxicity = 1, identity_any = 1  [n = 57]:	loss = 0.560  exp loss = 0.441  adjusted loss = 0.441  adv prob = 0.899908   acc = 0.789
Average incurred loss: 0.274  
Average sample loss: 0.395  
Average acc: 0.920  
  toxicity = 0, identity_any = 0  [n = 447]:	loss = 0.206  exp loss = 0.168  adjusted loss = 0.168  adv prob = 0.000000   acc = 0.955
  toxicity = 0, identity_any = 1  [n = 255]:	loss = 0.235  exp loss = 0.316  adjusted loss = 0.316  adv prob = 0.093220   acc = 0.937
  toxicity = 1, identity_any = 0  [n = 39]:	loss = 1.002  exp loss = 0.699  adjusted loss = 0.699  adv prob = 0.000000   acc = 0.590
  toxicity = 1, identity_any = 1  [n = 59]:	loss = 0.483  exp loss = 0.490  adjusted loss = 0.490  adv prob = 0.906780   acc = 0.797
Average incurred loss: 0.258  
Average sample loss: 0.199  
Average acc: 0.930  
  toxicity = 0, identity_any = 0  [n = 423]:	loss = 0.204  exp loss = 0.115  adjusted loss = 0.115  adv prob = 0.000000   acc = 0.955
  toxicity = 0, identity_any = 1  [n = 282]:	loss = 0.267  exp loss = 0.189  adjusted loss = 0.189  adv prob = 0.095511   acc = 0.943
  toxicity = 1, identity_any = 0  [n = 36]:	loss = 0.755  exp loss = 1.125  adjusted loss = 1.125  adv prob = 0.000000   acc = 0.750
  toxicity = 1, identity_any = 1  [n = 59]:	loss = 0.303  exp loss = 0.269  adjusted loss = 0.269  adv prob = 0.904489   acc = 0.797
Average incurred loss: 0.326  
Average sample loss: 0.317  
Average acc: 0.920  
  toxicity = 0, identity_any = 0  [n = 446]:	loss = 0.243  exp loss = 0.152  adjusted loss = 0.152  adv prob = 0.000000   acc = 0.944
  toxicity = 0, identity_any = 1  [n = 274]:	loss = 0.353  exp loss = 0.180  adjusted loss = 0.180  adv prob = 0.096524   acc = 0.927
  toxicity = 1, identity_any = 0  [n = 27]:	loss = 1.209  exp loss = 1.077  adjusted loss = 1.077  adv prob = 0.000000   acc = 0.630
  toxicity = 1, identity_any = 1  [n = 53]:	loss = 0.434  exp loss = 0.548  adjusted loss = 0.548  adv prob = 0.903476   acc = 0.830
Average incurred loss: 0.217  
Average sample loss: 0.306  
Average acc: 0.932  
  toxicity = 0, identity_any = 0  [n = 436]:	loss = 0.083  exp loss = 0.058  adjusted loss = 0.058  adv prob = 0.000000   acc = 0.979
  toxicity = 0, identity_any = 1  [n = 280]:	loss = 0.271  exp loss = 0.312  adjusted loss = 0.312  adv prob = 0.095586   acc = 0.925
  toxicity = 1, identity_any = 0  [n = 36]:	loss = 1.005  exp loss = 1.122  adjusted loss = 1.122  adv prob = 0.000000   acc = 0.639
  toxicity = 1, identity_any = 1  [n = 48]:	loss = 0.525  exp loss = 0.436  adjusted loss = 0.436  adv prob = 0.904414   acc = 0.771
Average incurred loss: 0.356  
Average sample loss: 0.295  
Average acc: 0.910  
  toxicity = 0, identity_any = 0  [n = 419]:	loss = 0.227  exp loss = 0.156  adjusted loss = 0.156  adv prob = 0.000000   acc = 0.952
  toxicity = 0, identity_any = 1  [n = 289]:	loss = 0.502  exp loss = 0.875  adjusted loss = 0.875  adv prob = 0.106403   acc = 0.886
  toxicity = 1, identity_any = 0  [n = 35]:	loss = 0.685  exp loss = 0.697  adjusted loss = 0.697  adv prob = 0.000000   acc = 0.829
  toxicity = 1, identity_any = 1  [n = 57]:	loss = 0.366  exp loss = 0.441  adjusted loss = 0.441  adv prob = 0.893597   acc = 0.772
Average incurred loss: 0.382  
Average sample loss: 0.373  
Average acc: 0.904  
  toxicity = 0, identity_any = 0  [n = 425]:	loss = 0.308  exp loss = 0.262  adjusted loss = 0.262  adv prob = 0.000000   acc = 0.929
  toxicity = 0, identity_any = 1  [n = 283]:	loss = 0.438  exp loss = 0.476  adjusted loss = 0.476  adv prob = 0.108355   acc = 0.894
  toxicity = 1, identity_any = 0  [n = 32]:	loss = 0.691  exp loss = 0.764  adjusted loss = 0.764  adv prob = 0.000000   acc = 0.781
  toxicity = 1, identity_any = 1  [n = 60]:	loss = 0.469  exp loss = 0.589  adjusted loss = 0.589  adv prob = 0.891645   acc = 0.833
Average incurred loss: 0.222  
Average sample loss: 0.493  
Average acc: 0.939  
  toxicity = 0, identity_any = 0  [n = 423]:	loss = 0.128  exp loss = 0.102  adjusted loss = 0.102  adv prob = 0.000000   acc = 0.972
  toxicity = 0, identity_any = 1  [n = 286]:	loss = 0.247  exp loss = 0.321  adjusted loss = 0.321  adv prob = 0.096024   acc = 0.948
  toxicity = 1, identity_any = 0  [n = 31]:	loss = 0.252  exp loss = 0.214  adjusted loss = 0.214  adv prob = 0.000000   acc = 0.871
  toxicity = 1, identity_any = 1  [n = 60]:	loss = 0.748  exp loss = 1.019  adjusted loss = 1.019  adv prob = 0.903976   acc = 0.700
Average incurred loss: 0.261  
Average sample loss: 0.188  
Average acc: 0.928  
  toxicity = 0, identity_any = 0  [n = 423]:	loss = 0.188  exp loss = 0.163  adjusted loss = 0.163  adv prob = 0.000000   acc = 0.957
  toxicity = 0, identity_any = 1  [n = 282]:	loss = 0.344  exp loss = 0.376  adjusted loss = 0.376  adv prob = 0.104544   acc = 0.911
  toxicity = 1, identity_any = 0  [n = 33]:	loss = 0.474  exp loss = 0.402  adjusted loss = 0.402  adv prob = 0.000000   acc = 0.848
  toxicity = 1, identity_any = 1  [n = 62]:	loss = 0.274  exp loss = 0.359  adjusted loss = 0.359  adv prob = 0.895456   acc = 0.839
Average incurred loss: 0.281  
Average sample loss: 0.390  
Average acc: 0.924  
  toxicity = 0, identity_any = 0  [n = 424]:	loss = 0.146  exp loss = 0.198  adjusted loss = 0.198  adv prob = 0.000000   acc = 0.967
  toxicity = 0, identity_any = 1  [n = 289]:	loss = 0.339  exp loss = 0.425  adjusted loss = 0.425  adv prob = 0.103351   acc = 0.910
  toxicity = 1, identity_any = 0  [n = 36]:	loss = 0.871  exp loss = 1.000  adjusted loss = 1.000  adv prob = 0.000000   acc = 0.778
  toxicity = 1, identity_any = 1  [n = 51]:	loss = 0.652  exp loss = 0.637  adjusted loss = 0.637  adv prob = 0.896649   acc = 0.745
Average incurred loss: 0.210  
Average sample loss: 0.416  
Average acc: 0.935  
  toxicity = 0, identity_any = 0  [n = 452]:	loss = 0.141  exp loss = 0.149  adjusted loss = 0.149  adv prob = 0.000000   acc = 0.965
  toxicity = 0, identity_any = 1  [n = 271]:	loss = 0.183  exp loss = 0.170  adjusted loss = 0.170  adv prob = 0.091579   acc = 0.956
  toxicity = 1, identity_any = 0  [n = 26]:	loss = 0.921  exp loss = 0.662  adjusted loss = 0.662  adv prob = 0.000000   acc = 0.615
  toxicity = 1, identity_any = 1  [n = 51]:	loss = 0.602  exp loss = 0.688  adjusted loss = 0.688  adv prob = 0.908421   acc = 0.725
Average incurred loss: 0.248  
Average sample loss: 0.365  
Average acc: 0.918  
  toxicity = 0, identity_any = 0  [n = 444]:	loss = 0.126  exp loss = 0.086  adjusted loss = 0.086  adv prob = 0.000000   acc = 0.971
  toxicity = 0, identity_any = 1  [n = 281]:	loss = 0.353  exp loss = 0.336  adjusted loss = 0.336  adv prob = 0.091750   acc = 0.886
  toxicity = 1, identity_any = 0  [n = 27]:	loss = 0.635  exp loss = 0.565  adjusted loss = 0.565  adv prob = 0.000000   acc = 0.741
  toxicity = 1, identity_any = 1  [n = 48]:	loss = 0.533  exp loss = 0.495  adjusted loss = 0.495  adv prob = 0.908250   acc = 0.708
Average incurred loss: 0.206  
Average sample loss: 0.354  
Average acc: 0.929  
  toxicity = 0, identity_any = 0  [n = 411]:	loss = 0.112  exp loss = 0.166  adjusted loss = 0.166  adv prob = 0.000000   acc = 0.976
  toxicity = 0, identity_any = 1  [n = 292]:	loss = 0.174  exp loss = 0.127  adjusted loss = 0.127  adv prob = 0.084121   acc = 0.952
  toxicity = 1, identity_any = 0  [n = 43]:	loss = 0.792  exp loss = 0.568  adjusted loss = 0.568  adv prob = 0.000000   acc = 0.558
  toxicity = 1, identity_any = 1  [n = 54]:	loss = 0.634  exp loss = 0.366  adjusted loss = 0.366  adv prob = 0.915879   acc = 0.741
Average incurred loss: 0.263  
Average sample loss: 0.252  
Average acc: 0.926  
  toxicity = 0, identity_any = 0  [n = 451]:	loss = 0.153  exp loss = 0.176  adjusted loss = 0.176  adv prob = 0.000000   acc = 0.969
  toxicity = 0, identity_any = 1  [n = 263]:	loss = 0.400  exp loss = 0.369  adjusted loss = 0.369  adv prob = 0.090310   acc = 0.901
  toxicity = 1, identity_any = 0  [n = 33]:	loss = 0.518  exp loss = 0.623  adjusted loss = 0.623  adv prob = 0.000000   acc = 0.788
  toxicity = 1, identity_any = 1  [n = 53]:	loss = 0.363  exp loss = 0.417  adjusted loss = 0.417  adv prob = 0.909690   acc = 0.774
Average incurred loss: 0.260  
Average sample loss: 0.357  
Average acc: 0.920  
  toxicity = 0, identity_any = 0  [n = 418]:	loss = 0.136  exp loss = 0.114  adjusted loss = 0.114  adv prob = 0.000000   acc = 0.967
  toxicity = 0, identity_any = 1  [n = 305]:	loss = 0.378  exp loss = 0.406  adjusted loss = 0.406  adv prob = 0.094527   acc = 0.895
  toxicity = 1, identity_any = 0  [n = 26]:	loss = 0.406  exp loss = 0.474  adjusted loss = 0.474  adv prob = 0.000000   acc = 0.808
  toxicity = 1, identity_any = 1  [n = 51]:	loss = 0.490  exp loss = 0.604  adjusted loss = 0.604  adv prob = 0.905473   acc = 0.745
Average incurred loss: 0.217  
Average sample loss: 0.305  
Average acc: 0.931  
  toxicity = 0, identity_any = 0  [n = 420]:	loss = 0.147  exp loss = 0.153  adjusted loss = 0.153  adv prob = 0.000000   acc = 0.969
  toxicity = 0, identity_any = 1  [n = 285]:	loss = 0.164  exp loss = 0.143  adjusted loss = 0.143  adv prob = 0.087799   acc = 0.951
  toxicity = 1, identity_any = 0  [n = 38]:	loss = 1.126  exp loss = 1.149  adjusted loss = 1.149  adv prob = 0.000000   acc = 0.579
  toxicity = 1, identity_any = 1  [n = 57]:	loss = 0.389  exp loss = 0.296  adjusted loss = 0.296  adv prob = 0.912201   acc = 0.789
Average incurred loss: 0.269  
Average sample loss: 0.225  
Average acc: 0.934  
  toxicity = 0, identity_any = 0  [n = 425]:	loss = 0.199  exp loss = 0.144  adjusted loss = 0.144  adv prob = 0.000000   acc = 0.958
  toxicity = 0, identity_any = 1  [n = 293]:	loss = 0.341  exp loss = 0.355  adjusted loss = 0.355  adv prob = 0.091736   acc = 0.928
  toxicity = 1, identity_any = 0  [n = 39]:	loss = 0.451  exp loss = 0.530  adjusted loss = 0.530  adv prob = 0.000000   acc = 0.769
  toxicity = 1, identity_any = 1  [n = 43]:	loss = 0.305  exp loss = 0.255  adjusted loss = 0.255  adv prob = 0.908264   acc = 0.884
Average incurred loss: 0.256  
Average sample loss: 0.470  
Average acc: 0.922  
  toxicity = 0, identity_any = 0  [n = 420]:	loss = 0.170  exp loss = 0.261  adjusted loss = 0.261  adv prob = 0.000000   acc = 0.964
  toxicity = 0, identity_any = 1  [n = 281]:	loss = 0.159  exp loss = 0.173  adjusted loss = 0.173  adv prob = 0.077874   acc = 0.961
  toxicity = 1, identity_any = 0  [n = 45]:	loss = 1.024  exp loss = 1.106  adjusted loss = 1.106  adv prob = 0.000000   acc = 0.578
  toxicity = 1, identity_any = 1  [n = 54]:	loss = 0.789  exp loss = 0.598  adjusted loss = 0.598  adv prob = 0.922126   acc = 0.685
Average incurred loss: 0.341  
Average sample loss: 0.358  
Average acc: 0.909  
  toxicity = 0, identity_any = 0  [n = 402]:	loss = 0.210  exp loss = 0.211  adjusted loss = 0.211  adv prob = 0.000000   acc = 0.958
  toxicity = 0, identity_any = 1  [n = 302]:	loss = 0.376  exp loss = 0.333  adjusted loss = 0.333  adv prob = 0.077261   acc = 0.921
  toxicity = 1, identity_any = 0  [n = 37]:	loss = 1.184  exp loss = 1.073  adjusted loss = 1.073  adv prob = 0.000000   acc = 0.568
  toxicity = 1, identity_any = 1  [n = 59]:	loss = 0.520  exp loss = 0.366  adjusted loss = 0.366  adv prob = 0.922739   acc = 0.729
Average incurred loss: 0.320  
Average sample loss: 0.358  
Average acc: 0.914  
  toxicity = 0, identity_any = 0  [n = 431]:	loss = 0.202  exp loss = 0.240  adjusted loss = 0.240  adv prob = 0.000000   acc = 0.956
  toxicity = 0, identity_any = 1  [n = 279]:	loss = 0.387  exp loss = 0.450  adjusted loss = 0.450  adv prob = 0.078123   acc = 0.903
  toxicity = 1, identity_any = 0  [n = 35]:	loss = 0.933  exp loss = 0.862  adjusted loss = 0.862  adv prob = 0.000000   acc = 0.686
  toxicity = 1, identity_any = 1  [n = 55]:	loss = 0.512  exp loss = 0.350  adjusted loss = 0.350  adv prob = 0.921877   acc = 0.782
Average incurred loss: 0.196  
Average sample loss: 0.328  
Average acc: 0.940  
  toxicity = 0, identity_any = 0  [n = 436]:	loss = 0.167  exp loss = 0.188  adjusted loss = 0.188  adv prob = 0.000000   acc = 0.956
  toxicity = 0, identity_any = 1  [n = 286]:	loss = 0.129  exp loss = 0.088  adjusted loss = 0.088  adv prob = 0.070147   acc = 0.976
  toxicity = 1, identity_any = 0  [n = 24]:	loss = 0.414  exp loss = 0.347  adjusted loss = 0.347  adv prob = 0.000000   acc = 0.833
  toxicity = 1, identity_any = 1  [n = 54]:	loss = 0.692  exp loss = 0.633  adjusted loss = 0.633  adv prob = 0.929853   acc = 0.667
Average incurred loss: 0.323  
Average sample loss: 0.381  
Average acc: 0.918  
  toxicity = 0, identity_any = 0  [n = 410]:	loss = 0.243  exp loss = 0.174  adjusted loss = 0.174  adv prob = 0.000000   acc = 0.951
  toxicity = 0, identity_any = 1  [n = 291]:	loss = 0.369  exp loss = 0.555  adjusted loss = 0.555  adv prob = 0.069381   acc = 0.928
  toxicity = 1, identity_any = 0  [n = 44]:	loss = 0.437  exp loss = 0.324  adjusted loss = 0.324  adv prob = 0.000000   acc = 0.773
  toxicity = 1, identity_any = 1  [n = 55]:	loss = 0.588  exp loss = 0.436  adjusted loss = 0.436  adv prob = 0.930619   acc = 0.727
Average incurred loss: 0.369  
Average sample loss: 0.161  
Average acc: 0.897  
  toxicity = 0, identity_any = 0  [n = 429]:	loss = 0.282  exp loss = 0.234  adjusted loss = 0.234  adv prob = 0.000000   acc = 0.930
  toxicity = 0, identity_any = 1  [n = 268]:	loss = 0.547  exp loss = 0.472  adjusted loss = 0.472  adv prob = 0.084288   acc = 0.866
  toxicity = 1, identity_any = 0  [n = 34]:	loss = 0.429  exp loss = 0.481  adjusted loss = 0.481  adv prob = 0.000000   acc = 0.765
  toxicity = 1, identity_any = 1  [n = 69]:	loss = 0.187  exp loss = 0.163  adjusted loss = 0.163  adv prob = 0.915712   acc = 0.884
Average incurred loss: 0.219  
Average sample loss: 0.346  
Average acc: 0.933  
  toxicity = 0, identity_any = 0  [n = 400]:	loss = 0.170  exp loss = 0.248  adjusted loss = 0.248  adv prob = 0.000000   acc = 0.963
  toxicity = 0, identity_any = 1  [n = 296]:	loss = 0.134  exp loss = 0.125  adjusted loss = 0.125  adv prob = 0.075764   acc = 0.963
  toxicity = 1, identity_any = 0  [n = 42]:	loss = 0.754  exp loss = 0.650  adjusted loss = 0.650  adv prob = 0.000000   acc = 0.667
  toxicity = 1, identity_any = 1  [n = 62]:	loss = 0.574  exp loss = 0.308  adjusted loss = 0.308  adv prob = 0.924236   acc = 0.774
Average incurred loss: 0.270  
Average sample loss: 0.211  
Average acc: 0.925  
  toxicity = 0, identity_any = 0  [n = 414]:	loss = 0.178  exp loss = 0.238  adjusted loss = 0.238  adv prob = 0.000000   acc = 0.961
  toxicity = 0, identity_any = 1  [n = 299]:	loss = 0.305  exp loss = 0.289  adjusted loss = 0.289  adv prob = 0.081793   acc = 0.923
  toxicity = 1, identity_any = 0  [n = 27]:	loss = 1.217  exp loss = 0.981  adjusted loss = 0.981  adv prob = 0.000000   acc = 0.593
  toxicity = 1, identity_any = 1  [n = 60]:	loss = 0.309  exp loss = 0.284  adjusted loss = 0.284  adv prob = 0.918207   acc = 0.833
Average incurred loss: 0.383  
Average sample loss: 0.356  
Average acc: 0.905  
  toxicity = 0, identity_any = 0  [n = 430]:	loss = 0.294  exp loss = 0.307  adjusted loss = 0.307  adv prob = 0.000000   acc = 0.933
  toxicity = 0, identity_any = 1  [n = 279]:	loss = 0.490  exp loss = 0.453  adjusted loss = 0.453  adv prob = 0.087660   acc = 0.889
  toxicity = 1, identity_any = 0  [n = 37]:	loss = 0.452  exp loss = 0.521  adjusted loss = 0.521  adv prob = 0.000000   acc = 0.838
  toxicity = 1, identity_any = 1  [n = 54]:	loss = 0.495  exp loss = 0.729  adjusted loss = 0.729  adv prob = 0.912340   acc = 0.815
Average incurred loss: 0.211  
Average sample loss: 0.285  
Average acc: 0.942  
  toxicity = 0, identity_any = 0  [n = 421]:	loss = 0.095  exp loss = 0.089  adjusted loss = 0.089  adv prob = 0.000000   acc = 0.976
  toxicity = 0, identity_any = 1  [n = 290]:	loss = 0.289  exp loss = 0.229  adjusted loss = 0.229  adv prob = 0.088571   acc = 0.938
  toxicity = 1, identity_any = 0  [n = 27]:	loss = 0.802  exp loss = 0.965  adjusted loss = 0.965  adv prob = 0.000000   acc = 0.778
  toxicity = 1, identity_any = 1  [n = 62]:	loss = 0.377  exp loss = 0.770  adjusted loss = 0.770  adv prob = 0.911429   acc = 0.806
Average incurred loss: 0.267  
Average sample loss: 0.239  
Average acc: 0.926  
  toxicity = 0, identity_any = 0  [n = 409]:	loss = 0.143  exp loss = 0.081  adjusted loss = 0.081  adv prob = 0.000000   acc = 0.973
  toxicity = 0, identity_any = 1  [n = 309]:	loss = 0.332  exp loss = 0.312  adjusted loss = 0.312  adv prob = 0.092985   acc = 0.913
  toxicity = 1, identity_any = 0  [n = 33]:	loss = 0.999  exp loss = 1.199  adjusted loss = 1.199  adv prob = 0.000000   acc = 0.636
  toxicity = 1, identity_any = 1  [n = 49]:	loss = 0.394  exp loss = 0.396  adjusted loss = 0.396  adv prob = 0.907015   acc = 0.816
Average incurred loss: 0.299  
Average sample loss: 0.358  
Average acc: 0.914  
  toxicity = 0, identity_any = 0  [n = 437]:	loss = 0.217  exp loss = 0.276  adjusted loss = 0.276  adv prob = 0.000000   acc = 0.945
  toxicity = 0, identity_any = 1  [n = 270]:	loss = 0.322  exp loss = 0.261  adjusted loss = 0.261  adv prob = 0.090155   acc = 0.922
  toxicity = 1, identity_any = 0  [n = 35]:	loss = 0.835  exp loss = 0.730  adjusted loss = 0.730  adv prob = 0.000000   acc = 0.686
  toxicity = 1, identity_any = 1  [n = 58]:	loss = 0.487  exp loss = 0.581  adjusted loss = 0.581  adv prob = 0.909845   acc = 0.776
Average incurred loss: 0.259  
Average sample loss: 0.435  
Average acc: 0.929  
  toxicity = 0, identity_any = 0  [n = 435]:	loss = 0.203  exp loss = 0.462  adjusted loss = 0.462  adv prob = 0.000000   acc = 0.963
  toxicity = 0, identity_any = 1  [n = 270]:	loss = 0.221  exp loss = 0.311  adjusted loss = 0.311  adv prob = 0.082261   acc = 0.937
  toxicity = 1, identity_any = 0  [n = 37]:	loss = 0.709  exp loss = 0.523  adjusted loss = 0.523  adv prob = 0.000000   acc = 0.784
  toxicity = 1, identity_any = 1  [n = 58]:	loss = 0.565  exp loss = 0.534  adjusted loss = 0.534  adv prob = 0.917739   acc = 0.724
Average incurred loss: 0.345  
Average sample loss: 0.332  
Average acc: 0.896  
  toxicity = 0, identity_any = 0  [n = 430]:	loss = 0.228  exp loss = 0.205  adjusted loss = 0.205  adv prob = 0.000000   acc = 0.937
  toxicity = 0, identity_any = 1  [n = 267]:	loss = 0.499  exp loss = 0.159  adjusted loss = 0.159  adv prob = 0.087984   acc = 0.876
  toxicity = 1, identity_any = 0  [n = 44]:	loss = 0.284  exp loss = 0.526  adjusted loss = 0.526  adv prob = 0.000000   acc = 0.841
  toxicity = 1, identity_any = 1  [n = 59]:	loss = 0.537  exp loss = 0.549  adjusted loss = 0.549  adv prob = 0.912016   acc = 0.729
Average incurred loss: 0.320  
Average sample loss: 0.347  
Average acc: 0.904  
  toxicity = 0, identity_any = 0  [n = 429]:	loss = 0.231  exp loss = 0.308  adjusted loss = 0.308  adv prob = 0.000000   acc = 0.942
  toxicity = 0, identity_any = 1  [n = 281]:	loss = 0.362  exp loss = 0.234  adjusted loss = 0.234  adv prob = 0.087800   acc = 0.904
  toxicity = 1, identity_any = 0  [n = 32]:	loss = 0.761  exp loss = 0.816  adjusted loss = 0.816  adv prob = 0.000000   acc = 0.719
  toxicity = 1, identity_any = 1  [n = 58]:	loss = 0.527  exp loss = 0.715  adjusted loss = 0.715  adv prob = 0.912200   acc = 0.724
Average incurred loss: 0.232  
Average sample loss: 0.349  
Average acc: 0.934  
  toxicity = 0, identity_any = 0  [n = 457]:	loss = 0.153  exp loss = 0.081  adjusted loss = 0.081  adv prob = 0.000000   acc = 0.963
  toxicity = 0, identity_any = 1  [n = 270]:	loss = 0.275  exp loss = 0.359  adjusted loss = 0.359  adv prob = 0.085167   acc = 0.930
  toxicity = 1, identity_any = 0  [n = 28]:	loss = 0.475  exp loss = 0.481  adjusted loss = 0.481  adv prob = 0.000000   acc = 0.821
  toxicity = 1, identity_any = 1  [n = 45]:	loss = 0.624  exp loss = 0.821  adjusted loss = 0.821  adv prob = 0.914832   acc = 0.733
Average incurred loss: 0.222  
Average sample loss: 0.345  
Average acc: 0.930  
  toxicity = 0, identity_any = 0  [n = 439]:	loss = 0.185  exp loss = 0.296  adjusted loss = 0.296  adv prob = 0.000000   acc = 0.961
  toxicity = 0, identity_any = 1  [n = 268]:	loss = 0.198  exp loss = 0.427  adjusted loss = 0.427  adv prob = 0.079403   acc = 0.944
  toxicity = 1, identity_any = 0  [n = 32]:	loss = 0.346  exp loss = 0.325  adjusted loss = 0.325  adv prob = 0.000000   acc = 0.844
  toxicity = 1, identity_any = 1  [n = 61]:	loss = 0.537  exp loss = 0.452  adjusted loss = 0.452  adv prob = 0.920597   acc = 0.689
Average incurred loss: 0.302  
Average sample loss: 0.393  
Average acc: 0.909  
  toxicity = 0, identity_any = 0  [n = 415]:	loss = 0.224  exp loss = 0.094  adjusted loss = 0.094  adv prob = 0.000000   acc = 0.949
  toxicity = 0, identity_any = 1  [n = 309]:	loss = 0.329  exp loss = 0.228  adjusted loss = 0.228  adv prob = 0.076942   acc = 0.903
  toxicity = 1, identity_any = 0  [n = 33]:	loss = 0.687  exp loss = 0.699  adjusted loss = 0.699  adv prob = 0.000000   acc = 0.697
  toxicity = 1, identity_any = 1  [n = 43]:	loss = 0.559  exp loss = 0.824  adjusted loss = 0.824  adv prob = 0.923058   acc = 0.721
Average incurred loss: 0.229  
Average sample loss: 0.221  
Average acc: 0.939  
  toxicity = 0, identity_any = 0  [n = 427]:	loss = 0.215  exp loss = 0.403  adjusted loss = 0.403  adv prob = 0.000000   acc = 0.960
  toxicity = 0, identity_any = 1  [n = 275]:	loss = 0.249  exp loss = 0.247  adjusted loss = 0.247  adv prob = 0.078002   acc = 0.927
  toxicity = 1, identity_any = 0  [n = 42]:	loss = 0.080  exp loss = 0.096  adjusted loss = 0.096  adv prob = 0.000000   acc = 0.976
  toxicity = 1, identity_any = 1  [n = 56]:	loss = 0.345  exp loss = 0.218  adjusted loss = 0.218  adv prob = 0.921998   acc = 0.804
Average incurred loss: 0.373  
Average sample loss: 0.201  
Average acc: 0.898  
  toxicity = 0, identity_any = 0  [n = 437]:	loss = 0.330  exp loss = 0.095  adjusted loss = 0.095  adv prob = 0.000000   acc = 0.934
  toxicity = 0, identity_any = 1  [n = 270]:	loss = 0.433  exp loss = 0.316  adjusted loss = 0.316  adv prob = 0.087369   acc = 0.867
  toxicity = 1, identity_any = 0  [n = 27]:	loss = 0.700  exp loss = 0.745  adjusted loss = 0.745  adv prob = 0.000000   acc = 0.704
  toxicity = 1, identity_any = 1  [n = 66]:	loss = 0.284  exp loss = 0.287  adjusted loss = 0.287  adv prob = 0.912631   acc = 0.864
Average incurred loss: 0.295  
Average sample loss: 0.335  
Average acc: 0.910  
  toxicity = 0, identity_any = 0  [n = 418]:	loss = 0.116  exp loss = 0.076  adjusted loss = 0.076  adv prob = 0.000000   acc = 0.974
  toxicity = 0, identity_any = 1  [n = 279]:	loss = 0.454  exp loss = 0.466  adjusted loss = 0.466  adv prob = 0.092917   acc = 0.885
  toxicity = 1, identity_any = 0  [n = 39]:	loss = 0.725  exp loss = 0.511  adjusted loss = 0.511  adv prob = 0.000000   acc = 0.667
  toxicity = 1, identity_any = 1  [n = 64]:	loss = 0.507  exp loss = 0.445  adjusted loss = 0.445  adv prob = 0.907083   acc = 0.750
Average incurred loss: 0.240  
Average sample loss: 0.213  
Average acc: 0.920  
  toxicity = 0, identity_any = 0  [n = 409]:	loss = 0.162  exp loss = 0.120  adjusted loss = 0.120  adv prob = 0.000000   acc = 0.956
  toxicity = 0, identity_any = 1  [n = 302]:	loss = 0.322  exp loss = 0.360  adjusted loss = 0.360  adv prob = 0.100498   acc = 0.897
  toxicity = 1, identity_any = 0  [n = 35]:	loss = 0.347  exp loss = 0.823  adjusted loss = 0.823  adv prob = 0.000000   acc = 0.829
  toxicity = 1, identity_any = 1  [n = 54]:	loss = 0.298  exp loss = 0.271  adjusted loss = 0.271  adv prob = 0.899502   acc = 0.833
Average incurred loss: 0.289  
Average sample loss: 0.351  
Average acc: 0.920  
  toxicity = 0, identity_any = 0  [n = 439]:	loss = 0.242  exp loss = 0.192  adjusted loss = 0.192  adv prob = 0.000000   acc = 0.948
  toxicity = 0, identity_any = 1  [n = 263]:	loss = 0.282  exp loss = 0.252  adjusted loss = 0.252  adv prob = 0.096541   acc = 0.920
  toxicity = 1, identity_any = 0  [n = 41]:	loss = 0.547  exp loss = 0.337  adjusted loss = 0.337  adv prob = 0.000000   acc = 0.780
  toxicity = 1, identity_any = 1  [n = 57]:	loss = 0.504  exp loss = 0.422  adjusted loss = 0.422  adv prob = 0.903459   acc = 0.807
Average incurred loss: 0.206  
Average sample loss: 0.331  
Average acc: 0.945  
  toxicity = 0, identity_any = 0  [n = 409]:	loss = 0.116  exp loss = 0.116  adjusted loss = 0.116  adv prob = 0.000000   acc = 0.980
  toxicity = 0, identity_any = 1  [n = 290]:	loss = 0.255  exp loss = 0.225  adjusted loss = 0.225  adv prob = 0.095056   acc = 0.941
  toxicity = 1, identity_any = 0  [n = 29]:	loss = 0.512  exp loss = 0.345  adjusted loss = 0.345  adv prob = 0.000000   acc = 0.862
  toxicity = 1, identity_any = 1  [n = 72]:	loss = 0.394  exp loss = 0.431  adjusted loss = 0.431  adv prob = 0.904944   acc = 0.792
Average incurred loss: 0.232  
Average sample loss: 0.327  
Average acc: 0.934  
  toxicity = 0, identity_any = 0  [n = 451]:	loss = 0.161  exp loss = 0.101  adjusted loss = 0.101  adv prob = 0.000000   acc = 0.965
  toxicity = 0, identity_any = 1  [n = 265]:	loss = 0.267  exp loss = 0.168  adjusted loss = 0.168  adv prob = 0.091123   acc = 0.921
  toxicity = 1, identity_any = 0  [n = 32]:	loss = 0.516  exp loss = 0.395  adjusted loss = 0.395  adv prob = 0.000000   acc = 0.812
  toxicity = 1, identity_any = 1  [n = 52]:	loss = 0.493  exp loss = 0.405  adjusted loss = 0.405  adv prob = 0.908877   acc = 0.808
Average incurred loss: 0.228  
Average sample loss: 0.260  
Average acc: 0.942  
  toxicity = 0, identity_any = 0  [n = 428]:	loss = 0.141  exp loss = 0.182  adjusted loss = 0.182  adv prob = 0.000000   acc = 0.974
  toxicity = 0, identity_any = 1  [n = 290]:	loss = 0.274  exp loss = 0.282  adjusted loss = 0.282  adv prob = 0.091690   acc = 0.941
  toxicity = 1, identity_any = 0  [n = 31]:	loss = 0.617  exp loss = 0.686  adjusted loss = 0.686  adv prob = 0.000000   acc = 0.774
  toxicity = 1, identity_any = 1  [n = 51]:	loss = 0.456  exp loss = 0.314  adjusted loss = 0.314  adv prob = 0.908310   acc = 0.784
Average incurred loss: 0.306  
Average sample loss: 0.348  
Average acc: 0.913  
  toxicity = 0, identity_any = 0  [n = 432]:	loss = 0.235  exp loss = 0.246  adjusted loss = 0.246  adv prob = 0.000000   acc = 0.944
  toxicity = 0, identity_any = 1  [n = 283]:	loss = 0.314  exp loss = 0.419  adjusted loss = 0.419  adv prob = 0.090384   acc = 0.929
  toxicity = 1, identity_any = 0  [n = 33]:	loss = 0.846  exp loss = 0.613  adjusted loss = 0.613  adv prob = 0.000000   acc = 0.606
  toxicity = 1, identity_any = 1  [n = 52]:	loss = 0.509  exp loss = 0.312  adjusted loss = 0.312  adv prob = 0.909616   acc = 0.750
Average incurred loss: 0.320  
Average sample loss: 0.307  
Average acc: 0.904  
  toxicity = 0, identity_any = 0  [n = 439]:	loss = 0.147  exp loss = 0.119  adjusted loss = 0.119  adv prob = 0.000000   acc = 0.954
  toxicity = 0, identity_any = 1  [n = 276]:	loss = 0.540  exp loss = 0.463  adjusted loss = 0.463  adv prob = 0.103826   acc = 0.855
  toxicity = 1, identity_any = 0  [n = 33]:	loss = 0.651  exp loss = 0.435  adjusted loss = 0.435  adv prob = 0.000000   acc = 0.727
  toxicity = 1, identity_any = 1  [n = 52]:	loss = 0.401  exp loss = 0.200  adjusted loss = 0.200  adv prob = 0.896174   acc = 0.846
Average incurred loss: 0.242  
Average sample loss: 0.302  
Average acc: 0.924  
  toxicity = 0, identity_any = 0  [n = 421]:	loss = 0.143  exp loss = 0.178  adjusted loss = 0.178  adv prob = 0.000000   acc = 0.964
  toxicity = 0, identity_any = 1  [n = 279]:	loss = 0.263  exp loss = 0.168  adjusted loss = 0.168  adv prob = 0.102771   acc = 0.918
  toxicity = 1, identity_any = 0  [n = 39]:	loss = 0.753  exp loss = 0.505  adjusted loss = 0.505  adv prob = 0.000000   acc = 0.667
  toxicity = 1, identity_any = 1  [n = 61]:	loss = 0.502  exp loss = 0.232  adjusted loss = 0.232  adv prob = 0.897229   acc = 0.836
Average incurred loss: 0.212  
Average sample loss: 0.370  
Average acc: 0.932  
  toxicity = 0, identity_any = 0  [n = 432]:	loss = 0.151  exp loss = 0.148  adjusted loss = 0.148  adv prob = 0.000000   acc = 0.965
  toxicity = 0, identity_any = 1  [n = 266]:	loss = 0.192  exp loss = 0.176  adjusted loss = 0.176  adv prob = 0.094393   acc = 0.947
  toxicity = 1, identity_any = 0  [n = 45]:	loss = 0.464  exp loss = 0.484  adjusted loss = 0.484  adv prob = 0.000000   acc = 0.800
  toxicity = 1, identity_any = 1  [n = 57]:	loss = 0.573  exp loss = 0.273  adjusted loss = 0.273  adv prob = 0.905607   acc = 0.719
Average incurred loss: 0.266  
Average sample loss: 0.318  
Average acc: 0.931  
  toxicity = 0, identity_any = 0  [n = 428]:	loss = 0.199  exp loss = 0.372  adjusted loss = 0.372  adv prob = 0.000000   acc = 0.960
  toxicity = 0, identity_any = 1  [n = 280]:	loss = 0.287  exp loss = 0.276  adjusted loss = 0.276  adv prob = 0.092251   acc = 0.929
  toxicity = 1, identity_any = 0  [n = 28]:	loss = 0.667  exp loss = 0.703  adjusted loss = 0.703  adv prob = 0.000000   acc = 0.786
  toxicity = 1, identity_any = 1  [n = 64]:	loss = 0.445  exp loss = 0.537  adjusted loss = 0.537  adv prob = 0.907749   acc = 0.813
Average incurred loss: 0.351  
Average sample loss: 0.331  
Average acc: 0.910  
  toxicity = 0, identity_any = 0  [n = 442]:	loss = 0.270  exp loss = 0.144  adjusted loss = 0.144  adv prob = 0.000000   acc = 0.937
  toxicity = 0, identity_any = 1  [n = 275]:	loss = 0.384  exp loss = 0.261  adjusted loss = 0.261  adv prob = 0.094261   acc = 0.913
  toxicity = 1, identity_any = 0  [n = 30]:	loss = 0.828  exp loss = 1.083  adjusted loss = 1.083  adv prob = 0.000000   acc = 0.633
  toxicity = 1, identity_any = 1  [n = 53]:	loss = 0.576  exp loss = 0.312  adjusted loss = 0.312  adv prob = 0.905739   acc = 0.830
Average incurred loss: 0.292  
Average sample loss: 0.410  
Average acc: 0.916  
  toxicity = 0, identity_any = 0  [n = 425]:	loss = 0.219  exp loss = 0.185  adjusted loss = 0.185  adv prob = 0.000000   acc = 0.948
  toxicity = 0, identity_any = 1  [n = 278]:	loss = 0.312  exp loss = 0.259  adjusted loss = 0.259  adv prob = 0.089774   acc = 0.924
  toxicity = 1, identity_any = 0  [n = 38]:	loss = 0.571  exp loss = 0.374  adjusted loss = 0.374  adv prob = 0.000000   acc = 0.763
  toxicity = 1, identity_any = 1  [n = 59]:	loss = 0.546  exp loss = 0.321  adjusted loss = 0.321  adv prob = 0.910226   acc = 0.746
Average incurred loss: 0.292  
Average sample loss: 0.297  
Average acc: 0.928  
  toxicity = 0, identity_any = 0  [n = 422]:	loss = 0.254  exp loss = 0.342  adjusted loss = 0.342  adv prob = 0.000000   acc = 0.955
  toxicity = 0, identity_any = 1  [n = 292]:	loss = 0.308  exp loss = 0.421  adjusted loss = 0.421  adv prob = 0.090243   acc = 0.932
  toxicity = 1, identity_any = 0  [n = 35]:	loss = 0.423  exp loss = 0.442  adjusted loss = 0.442  adv prob = 0.000000   acc = 0.800
  toxicity = 1, identity_any = 1  [n = 51]:	loss = 0.438  exp loss = 0.411  adjusted loss = 0.411  adv prob = 0.909757   acc = 0.765
Average incurred loss: 0.285  
Average sample loss: 0.342  
Average acc: 0.915  
  toxicity = 0, identity_any = 0  [n = 441]:	loss = 0.182  exp loss = 0.157  adjusted loss = 0.157  adv prob = 0.000000   acc = 0.952
  toxicity = 0, identity_any = 1  [n = 271]:	loss = 0.347  exp loss = 0.306  adjusted loss = 0.306  adv prob = 0.089369   acc = 0.908
  toxicity = 1, identity_any = 0  [n = 28]:	loss = 0.869  exp loss = 0.619  adjusted loss = 0.619  adv prob = 0.000000   acc = 0.643
  toxicity = 1, identity_any = 1  [n = 60]:	loss = 0.498  exp loss = 0.388  adjusted loss = 0.388  adv prob = 0.910631   acc = 0.800
Average incurred loss: 0.295  
Average sample loss: 0.402  
Average acc: 0.914  
  toxicity = 0, identity_any = 0  [n = 418]:	loss = 0.158  exp loss = 0.113  adjusted loss = 0.113  adv prob = 0.000000   acc = 0.967
  toxicity = 0, identity_any = 1  [n = 294]:	loss = 0.364  exp loss = 0.311  adjusted loss = 0.311  adv prob = 0.086589   acc = 0.895
  toxicity = 1, identity_any = 0  [n = 42]:	loss = 0.700  exp loss = 0.980  adjusted loss = 0.980  adv prob = 0.000000   acc = 0.738
  toxicity = 1, identity_any = 1  [n = 46]:	loss = 0.729  exp loss = 0.754  adjusted loss = 0.754  adv prob = 0.913411   acc = 0.717
Average incurred loss: 0.326  
Average sample loss: 0.338  
Average acc: 0.905  
  toxicity = 0, identity_any = 0  [n = 429]:	loss = 0.191  exp loss = 0.098  adjusted loss = 0.098  adv prob = 0.000000   acc = 0.967
  toxicity = 0, identity_any = 1  [n = 273]:	loss = 0.384  exp loss = 0.350  adjusted loss = 0.350  adv prob = 0.091230   acc = 0.901
  toxicity = 1, identity_any = 0  [n = 50]:	loss = 0.834  exp loss = 0.703  adjusted loss = 0.703  adv prob = 0.000000   acc = 0.640
  toxicity = 1, identity_any = 1  [n = 48]:	loss = 0.671  exp loss = 0.564  adjusted loss = 0.564  adv prob = 0.908770   acc = 0.646
Average incurred loss: 0.279  
Average sample loss: 0.328  
Average acc: 0.920  
  toxicity = 0, identity_any = 0  [n = 414]:	loss = 0.194  exp loss = 0.223  adjusted loss = 0.223  adv prob = 0.000000   acc = 0.959
  toxicity = 0, identity_any = 1  [n = 301]:	loss = 0.331  exp loss = 0.326  adjusted loss = 0.326  adv prob = 0.090959   acc = 0.920
  toxicity = 1, identity_any = 0  [n = 26]:	loss = 0.669  exp loss = 0.623  adjusted loss = 0.623  adv prob = 0.000000   acc = 0.692
  toxicity = 1, identity_any = 1  [n = 59]:	loss = 0.437  exp loss = 0.354  adjusted loss = 0.354  adv prob = 0.909041   acc = 0.746
Average incurred loss: 0.342  
Average sample loss: 0.230  
Average acc: 0.891  
  toxicity = 0, identity_any = 0  [n = 406]:	loss = 0.309  exp loss = 0.246  adjusted loss = 0.246  adv prob = 0.000000   acc = 0.921
  toxicity = 0, identity_any = 1  [n = 280]:	loss = 0.419  exp loss = 0.293  adjusted loss = 0.293  adv prob = 0.098682   acc = 0.868
  toxicity = 1, identity_any = 0  [n = 40]:	loss = 0.199  exp loss = 0.166  adjusted loss = 0.166  adv prob = 0.000000   acc = 0.875
  toxicity = 1, identity_any = 1  [n = 74]:	loss = 0.305  exp loss = 0.350  adjusted loss = 0.350  adv prob = 0.901318   acc = 0.824
Average incurred loss: 0.263  
Average sample loss: 0.366  
Average acc: 0.916  
  toxicity = 0, identity_any = 0  [n = 426]:	loss = 0.216  exp loss = 0.106  adjusted loss = 0.106  adv prob = 0.000000   acc = 0.951
  toxicity = 0, identity_any = 1  [n = 271]:	loss = 0.293  exp loss = 0.362  adjusted loss = 0.362  adv prob = 0.094321   acc = 0.908
  toxicity = 1, identity_any = 0  [n = 45]:	loss = 0.264  exp loss = 0.123  adjusted loss = 0.123  adv prob = 0.000000   acc = 0.844
  toxicity = 1, identity_any = 1  [n = 58]:	loss = 0.466  exp loss = 0.660  adjusted loss = 0.660  adv prob = 0.905679   acc = 0.759
Average incurred loss: 0.287  
Average sample loss: 0.219  
Average acc: 0.918  
  toxicity = 0, identity_any = 0  [n = 437]:	loss = 0.183  exp loss = 0.205  adjusted loss = 0.205  adv prob = 0.000000   acc = 0.952
  toxicity = 0, identity_any = 1  [n = 270]:	loss = 0.391  exp loss = 0.552  adjusted loss = 0.552  adv prob = 0.105937   acc = 0.907
  toxicity = 1, identity_any = 0  [n = 39]:	loss = 0.704  exp loss = 0.750  adjusted loss = 0.750  adv prob = 0.000000   acc = 0.769
  toxicity = 1, identity_any = 1  [n = 54]:	loss = 0.300  exp loss = 0.306  adjusted loss = 0.306  adv prob = 0.894063   acc = 0.796
Average incurred loss: 0.252  
Average sample loss: 0.409  
Average acc: 0.935  
  toxicity = 0, identity_any = 0  [n = 420]:	loss = 0.168  exp loss = 0.087  adjusted loss = 0.087  adv prob = 0.000000   acc = 0.967
  toxicity = 0, identity_any = 1  [n = 277]:	loss = 0.264  exp loss = 0.176  adjusted loss = 0.176  adv prob = 0.098236   acc = 0.924
  toxicity = 1, identity_any = 0  [n = 41]:	loss = 0.499  exp loss = 0.256  adjusted loss = 0.256  adv prob = 0.000000   acc = 0.878
  toxicity = 1, identity_any = 1  [n = 62]:	loss = 0.612  exp loss = 0.647  adjusted loss = 0.647  adv prob = 0.901764   acc = 0.806
Average incurred loss: 0.279  
Average sample loss: 0.477  
Average acc: 0.920  
  toxicity = 0, identity_any = 0  [n = 396]:	loss = 0.208  exp loss = 0.212  adjusted loss = 0.212  adv prob = 0.000000   acc = 0.947
  toxicity = 0, identity_any = 1  [n = 319]:	loss = 0.230  exp loss = 0.147  adjusted loss = 0.147  adv prob = 0.086504   acc = 0.940
  toxicity = 1, identity_any = 0  [n = 36]:	loss = 0.926  exp loss = 0.555  adjusted loss = 0.555  adv prob = 0.000000   acc = 0.694
  toxicity = 1, identity_any = 1  [n = 49]:	loss = 0.707  exp loss = 1.000  adjusted loss = 1.000  adv prob = 0.913496   acc = 0.735
Average incurred loss: 0.229  
Average sample loss: 0.290  
Average acc: 0.934  
  toxicity = 0, identity_any = 0  [n = 433]:	loss = 0.179  exp loss = 0.142  adjusted loss = 0.142  adv prob = 0.000000   acc = 0.961
  toxicity = 0, identity_any = 1  [n = 298]:	loss = 0.176  exp loss = 0.233  adjusted loss = 0.233  adv prob = 0.081208   acc = 0.953
  toxicity = 1, identity_any = 0  [n = 33]:	loss = 0.913  exp loss = 0.797  adjusted loss = 0.797  adv prob = 0.000000   acc = 0.697
  toxicity = 1, identity_any = 1  [n = 36]:	loss = 0.648  exp loss = 0.688  adjusted loss = 0.688  adv prob = 0.918792   acc = 0.667
Average incurred loss: 0.268  
Average sample loss: 0.295  
Average acc: 0.920  
  toxicity = 0, identity_any = 0  [n = 460]:	loss = 0.266  exp loss = 0.197  adjusted loss = 0.197  adv prob = 0.000000   acc = 0.933
  toxicity = 0, identity_any = 1  [n = 263]:	loss = 0.188  exp loss = 0.087  adjusted loss = 0.087  adv prob = 0.077224   acc = 0.947
  toxicity = 1, identity_any = 0  [n = 30]:	loss = 0.515  exp loss = 0.507  adjusted loss = 0.507  adv prob = 0.000000   acc = 0.767
  toxicity = 1, identity_any = 1  [n = 47]:	loss = 0.578  exp loss = 0.389  adjusted loss = 0.389  adv prob = 0.922776   acc = 0.745
Average incurred loss: 0.210  
Average sample loss: 0.263  
Average acc: 0.946  
  toxicity = 0, identity_any = 0  [n = 449]:	loss = 0.109  exp loss = 0.120  adjusted loss = 0.120  adv prob = 0.000000   acc = 0.978
  toxicity = 0, identity_any = 1  [n = 278]:	loss = 0.250  exp loss = 0.364  adjusted loss = 0.364  adv prob = 0.076926   acc = 0.957
  toxicity = 1, identity_any = 0  [n = 23]:	loss = 1.348  exp loss = 1.490  adjusted loss = 1.490  adv prob = 0.000000   acc = 0.478
  toxicity = 1, identity_any = 1  [n = 50]:	loss = 0.370  exp loss = 0.446  adjusted loss = 0.446  adv prob = 0.923074   acc = 0.820
Average incurred loss: 0.333  
Average sample loss: 0.397  
Average acc: 0.899  
  toxicity = 0, identity_any = 0  [n = 411]:	loss = 0.272  exp loss = 0.194  adjusted loss = 0.194  adv prob = 0.000000   acc = 0.942
  toxicity = 0, identity_any = 1  [n = 280]:	loss = 0.348  exp loss = 0.324  adjusted loss = 0.324  adv prob = 0.074075   acc = 0.900
  toxicity = 1, identity_any = 0  [n = 45]:	loss = 0.546  exp loss = 0.420  adjusted loss = 0.420  adv prob = 0.000000   acc = 0.733
  toxicity = 1, identity_any = 1  [n = 64]:	loss = 0.509  exp loss = 0.284  adjusted loss = 0.284  adv prob = 0.925925   acc = 0.734
Average incurred loss: 0.303  
Average sample loss: 0.267  
Average acc: 0.916  
  toxicity = 0, identity_any = 0  [n = 423]:	loss = 0.276  exp loss = 0.264  adjusted loss = 0.264  adv prob = 0.000000   acc = 0.950
  toxicity = 0, identity_any = 1  [n = 289]:	loss = 0.280  exp loss = 0.379  adjusted loss = 0.379  adv prob = 0.074509   acc = 0.924
  toxicity = 1, identity_any = 0  [n = 35]:	loss = 0.601  exp loss = 0.546  adjusted loss = 0.546  adv prob = 0.000000   acc = 0.657
  toxicity = 1, identity_any = 1  [n = 53]:	loss = 0.443  exp loss = 0.336  adjusted loss = 0.336  adv prob = 0.925491   acc = 0.774
Average incurred loss: 0.343  
Average sample loss: 0.292  
Average acc: 0.907  
  toxicity = 0, identity_any = 0  [n = 431]:	loss = 0.315  exp loss = 0.267  adjusted loss = 0.267  adv prob = 0.000000   acc = 0.942
  toxicity = 0, identity_any = 1  [n = 273]:	loss = 0.381  exp loss = 0.178  adjusted loss = 0.178  adv prob = 0.077401   acc = 0.883
  toxicity = 1, identity_any = 0  [n = 29]:	loss = 0.401  exp loss = 0.471  adjusted loss = 0.471  adv prob = 0.000000   acc = 0.862
  toxicity = 1, identity_any = 1  [n = 67]:	loss = 0.340  exp loss = 0.394  adjusted loss = 0.394  adv prob = 0.922599   acc = 0.806
Average incurred loss: 0.306  
Average sample loss: 0.330  
Average acc: 0.909  
  toxicity = 0, identity_any = 0  [n = 416]:	loss = 0.219  exp loss = 0.180  adjusted loss = 0.180  adv prob = 0.000000   acc = 0.945
  toxicity = 0, identity_any = 1  [n = 281]:	loss = 0.391  exp loss = 0.300  adjusted loss = 0.300  adv prob = 0.078974   acc = 0.897
  toxicity = 1, identity_any = 0  [n = 46]:	loss = 0.443  exp loss = 1.052  adjusted loss = 1.052  adv prob = 0.000000   acc = 0.826
  toxicity = 1, identity_any = 1  [n = 57]:	loss = 0.414  exp loss = 0.516  adjusted loss = 0.516  adv prob = 0.921026   acc = 0.772
Average incurred loss: 0.298  
Average sample loss: 0.322  
Average acc: 0.923  
  toxicity = 0, identity_any = 0  [n = 422]:	loss = 0.227  exp loss = 0.166  adjusted loss = 0.166  adv prob = 0.000000   acc = 0.948
  toxicity = 0, identity_any = 1  [n = 302]:	loss = 0.348  exp loss = 0.219  adjusted loss = 0.219  adv prob = 0.080238   acc = 0.921
  toxicity = 1, identity_any = 0  [n = 30]:	loss = 0.643  exp loss = 1.041  adjusted loss = 1.041  adv prob = 0.000000   acc = 0.767
  toxicity = 1, identity_any = 1  [n = 46]:	loss = 0.395  exp loss = 0.596  adjusted loss = 0.596  adv prob = 0.919762   acc = 0.804
Average incurred loss: 0.211  
Average sample loss: 0.248  
Average acc: 0.930  
  toxicity = 0, identity_any = 0  [n = 428]:	loss = 0.133  exp loss = 0.095  adjusted loss = 0.095  adv prob = 0.000000   acc = 0.970
  toxicity = 0, identity_any = 1  [n = 298]:	loss = 0.225  exp loss = 0.183  adjusted loss = 0.183  adv prob = 0.080240   acc = 0.923
  toxicity = 1, identity_any = 0  [n = 31]:	loss = 0.877  exp loss = 0.812  adjusted loss = 0.812  adv prob = 0.000000   acc = 0.677
  toxicity = 1, identity_any = 1  [n = 43]:	loss = 0.414  exp loss = 0.448  adjusted loss = 0.448  adv prob = 0.919760   acc = 0.767
Average incurred loss: 0.304  
Average sample loss: 0.498  
Average acc: 0.916  
  toxicity = 0, identity_any = 0  [n = 461]:	loss = 0.190  exp loss = 0.114  adjusted loss = 0.114  adv prob = 0.000000   acc = 0.957
  toxicity = 0, identity_any = 1  [n = 256]:	loss = 0.373  exp loss = 0.456  adjusted loss = 0.456  adv prob = 0.078655   acc = 0.906
  toxicity = 1, identity_any = 0  [n = 28]:	loss = 0.738  exp loss = 0.511  adjusted loss = 0.511  adv prob = 0.000000   acc = 0.786
  toxicity = 1, identity_any = 1  [n = 55]:	loss = 0.716  exp loss = 0.530  adjusted loss = 0.530  adv prob = 0.921345   acc = 0.691
Average incurred loss: 0.261  
Average sample loss: 0.263  
Average acc: 0.921  
  toxicity = 0, identity_any = 0  [n = 427]:	loss = 0.206  exp loss = 0.224  adjusted loss = 0.224  adv prob = 0.000000   acc = 0.958
  toxicity = 0, identity_any = 1  [n = 293]:	loss = 0.294  exp loss = 0.182  adjusted loss = 0.182  adv prob = 0.080242   acc = 0.908
  toxicity = 1, identity_any = 0  [n = 29]:	loss = 0.430  exp loss = 0.426  adjusted loss = 0.426  adv prob = 0.000000   acc = 0.793
  toxicity = 1, identity_any = 1  [n = 51]:	loss = 0.431  exp loss = 0.389  adjusted loss = 0.389  adv prob = 0.919758   acc = 0.765
Average incurred loss: 0.217  
Average sample loss: 0.351  
Average acc: 0.933  
  toxicity = 0, identity_any = 0  [n = 437]:	loss = 0.112  exp loss = 0.099  adjusted loss = 0.099  adv prob = 0.000000   acc = 0.977
  toxicity = 0, identity_any = 1  [n = 269]:	loss = 0.297  exp loss = 0.354  adjusted loss = 0.354  adv prob = 0.076643   acc = 0.922
  toxicity = 1, identity_any = 0  [n = 32]:	loss = 0.467  exp loss = 0.486  adjusted loss = 0.486  adv prob = 0.000000   acc = 0.750
  toxicity = 1, identity_any = 1  [n = 62]:	loss = 0.480  exp loss = 0.584  adjusted loss = 0.584  adv prob = 0.923357   acc = 0.758
Average incurred loss: 0.287  
Average sample loss: 0.359  
Average acc: 0.921  
  toxicity = 0, identity_any = 0  [n = 406]:	loss = 0.199  exp loss = 0.255  adjusted loss = 0.255  adv prob = 0.000000   acc = 0.953
  toxicity = 0, identity_any = 1  [n = 298]:	loss = 0.285  exp loss = 0.316  adjusted loss = 0.316  adv prob = 0.073601   acc = 0.930
  toxicity = 1, identity_any = 0  [n = 46]:	loss = 0.749  exp loss = 0.882  adjusted loss = 0.882  adv prob = 0.000000   acc = 0.761
  toxicity = 1, identity_any = 1  [n = 50]:	loss = 0.584  exp loss = 0.934  adjusted loss = 0.934  adv prob = 0.926399   acc = 0.760
Average incurred loss: 0.251  
Average sample loss: 0.397  
Average acc: 0.924  
  toxicity = 0, identity_any = 0  [n = 424]:	loss = 0.160  exp loss = 0.108  adjusted loss = 0.108  adv prob = 0.000000   acc = 0.969
  toxicity = 0, identity_any = 1  [n = 291]:	loss = 0.288  exp loss = 0.202  adjusted loss = 0.202  adv prob = 0.069061   acc = 0.911
  toxicity = 1, identity_any = 0  [n = 34]:	loss = 0.644  exp loss = 0.581  adjusted loss = 0.581  adv prob = 0.000000   acc = 0.706
  toxicity = 1, identity_any = 1  [n = 51]:	loss = 0.534  exp loss = 0.881  adjusted loss = 0.881  adv prob = 0.930939   acc = 0.765
Average incurred loss: 0.270  
Average sample loss: 0.320  
Average acc: 0.931  
  toxicity = 0, identity_any = 0  [n = 413]:	loss = 0.158  exp loss = 0.121  adjusted loss = 0.121  adv prob = 0.000000   acc = 0.971
  toxicity = 0, identity_any = 1  [n = 288]:	loss = 0.329  exp loss = 0.498  adjusted loss = 0.498  adv prob = 0.071154   acc = 0.927
  toxicity = 1, identity_any = 0  [n = 41]:	loss = 0.669  exp loss = 0.467  adjusted loss = 0.467  adv prob = 0.000000   acc = 0.829
  toxicity = 1, identity_any = 1  [n = 58]:	loss = 0.488  exp loss = 0.550  adjusted loss = 0.550  adv prob = 0.928846   acc = 0.741
Average incurred loss: 0.310  
Average sample loss: 0.349  
Average acc: 0.910  
  toxicity = 0, identity_any = 0  [n = 409]:	loss = 0.253  exp loss = 0.287  adjusted loss = 0.287  adv prob = 0.000000   acc = 0.939
  toxicity = 0, identity_any = 1  [n = 308]:	loss = 0.332  exp loss = 0.402  adjusted loss = 0.402  adv prob = 0.070260   acc = 0.912
  toxicity = 1, identity_any = 0  [n = 30]:	loss = 0.442  exp loss = 0.321  adjusted loss = 0.321  adv prob = 0.000000   acc = 0.800
  toxicity = 1, identity_any = 1  [n = 53]:	loss = 0.547  exp loss = 0.639  adjusted loss = 0.639  adv prob = 0.929740   acc = 0.736
Average incurred loss: 0.248  
Average sample loss: 0.315  
Average acc: 0.930  
  toxicity = 0, identity_any = 0  [n = 446]:	loss = 0.161  exp loss = 0.085  adjusted loss = 0.085  adv prob = 0.000000   acc = 0.957
  toxicity = 0, identity_any = 1  [n = 273]:	loss = 0.301  exp loss = 0.157  adjusted loss = 0.157  adv prob = 0.069122   acc = 0.923
  toxicity = 1, identity_any = 0  [n = 29]:	loss = 0.557  exp loss = 0.616  adjusted loss = 0.616  adv prob = 0.000000   acc = 0.793
  toxicity = 1, identity_any = 1  [n = 52]:	loss = 0.548  exp loss = 0.677  adjusted loss = 0.677  adv prob = 0.930878   acc = 0.808
Average incurred loss: 0.266  
Average sample loss: 0.352  
Average acc: 0.920  
  toxicity = 0, identity_any = 0  [n = 425]:	loss = 0.166  exp loss = 0.175  adjusted loss = 0.175  adv prob = 0.000000   acc = 0.969
  toxicity = 0, identity_any = 1  [n = 270]:	loss = 0.349  exp loss = 0.337  adjusted loss = 0.337  adv prob = 0.068316   acc = 0.915
  toxicity = 1, identity_any = 0  [n = 34]:	loss = 0.388  exp loss = 0.425  adjusted loss = 0.425  adv prob = 0.000000   acc = 0.765
  toxicity = 1, identity_any = 1  [n = 71]:	loss = 0.487  exp loss = 0.423  adjusted loss = 0.423  adv prob = 0.931684   acc = 0.718
Average incurred loss: 0.280  
Average sample loss: 0.247  
Average acc: 0.920  
  toxicity = 0, identity_any = 0  [n = 426]:	loss = 0.243  exp loss = 0.272  adjusted loss = 0.272  adv prob = 0.000000   acc = 0.955
  toxicity = 0, identity_any = 1  [n = 284]:	loss = 0.309  exp loss = 0.342  adjusted loss = 0.342  adv prob = 0.069814   acc = 0.912
  toxicity = 1, identity_any = 0  [n = 33]:	loss = 0.450  exp loss = 0.653  adjusted loss = 0.653  adv prob = 0.000000   acc = 0.788
  toxicity = 1, identity_any = 1  [n = 57]:	loss = 0.315  exp loss = 0.285  adjusted loss = 0.285  adv prob = 0.930186   acc = 0.772
Average incurred loss: 0.251  
Average sample loss: 0.254  
Average acc: 0.927  
  toxicity = 0, identity_any = 0  [n = 413]:	loss = 0.212  exp loss = 0.237  adjusted loss = 0.237  adv prob = 0.000000   acc = 0.956
  toxicity = 0, identity_any = 1  [n = 302]:	loss = 0.264  exp loss = 0.148  adjusted loss = 0.148  adv prob = 0.070738   acc = 0.934
  toxicity = 1, identity_any = 0  [n = 35]:	loss = 0.390  exp loss = 0.512  adjusted loss = 0.512  adv prob = 0.000000   acc = 0.743
  toxicity = 1, identity_any = 1  [n = 50]:	loss = 0.411  exp loss = 0.400  adjusted loss = 0.400  adv prob = 0.929262   acc = 0.780
Average incurred loss: 0.249  
Average sample loss: 0.285  
Average acc: 0.929  
  toxicity = 0, identity_any = 0  [n = 420]:	loss = 0.168  exp loss = 0.163  adjusted loss = 0.163  adv prob = 0.000000   acc = 0.964
  toxicity = 0, identity_any = 1  [n = 296]:	loss = 0.321  exp loss = 0.306  adjusted loss = 0.306  adv prob = 0.071880   acc = 0.916
  toxicity = 1, identity_any = 0  [n = 29]:	loss = 0.408  exp loss = 0.359  adjusted loss = 0.359  adv prob = 0.000000   acc = 0.793
  toxicity = 1, identity_any = 1  [n = 55]:	loss = 0.400  exp loss = 0.417  adjusted loss = 0.417  adv prob = 0.928120   acc = 0.800
Average incurred loss: 0.268  
Average sample loss: 0.292  
Average acc: 0.928  
  toxicity = 0, identity_any = 0  [n = 426]:	loss = 0.192  exp loss = 0.169  adjusted loss = 0.169  adv prob = 0.000000   acc = 0.960
  toxicity = 0, identity_any = 1  [n = 282]:	loss = 0.365  exp loss = 0.383  adjusted loss = 0.383  adv prob = 0.074951   acc = 0.904
  toxicity = 1, identity_any = 0  [n = 32]:	loss = 0.195  exp loss = 0.149  adjusted loss = 0.149  adv prob = 0.000000   acc = 0.906
  toxicity = 1, identity_any = 1  [n = 60]:	loss = 0.390  exp loss = 0.234  adjusted loss = 0.234  adv prob = 0.925049   acc = 0.817
Average incurred loss: 0.321  
Average sample loss: 0.370  
Average acc: 0.902  
  toxicity = 0, identity_any = 0  [n = 408]:	loss = 0.235  exp loss = 0.164  adjusted loss = 0.164  adv prob = 0.000000   acc = 0.939
  toxicity = 0, identity_any = 1  [n = 298]:	loss = 0.342  exp loss = 0.758  adjusted loss = 0.758  adv prob = 0.077039   acc = 0.899
  toxicity = 1, identity_any = 0  [n = 33]:	loss = 0.915  exp loss = 0.964  adjusted loss = 0.964  adv prob = 0.000000   acc = 0.667
  toxicity = 1, identity_any = 1  [n = 61]:	loss = 0.473  exp loss = 0.729  adjusted loss = 0.729  adv prob = 0.922961   acc = 0.803
Average incurred loss: 0.357  
Average sample loss: 0.478  
Average acc: 0.894  
  toxicity = 0, identity_any = 0  [n = 450]:	loss = 0.193  exp loss = 0.152  adjusted loss = 0.152  adv prob = 0.000000   acc = 0.960
  toxicity = 0, identity_any = 1  [n = 258]:	loss = 0.594  exp loss = 0.709  adjusted loss = 0.709  adv prob = 0.080622   acc = 0.833
  toxicity = 1, identity_any = 0  [n = 30]:	loss = 0.445  exp loss = 0.491  adjusted loss = 0.491  adv prob = 0.000000   acc = 0.767
  toxicity = 1, identity_any = 1  [n = 62]:	loss = 0.516  exp loss = 0.499  adjusted loss = 0.499  adv prob = 0.919378   acc = 0.726
Average incurred loss: 0.216  
Average sample loss: 0.197  
Average acc: 0.931  
  toxicity = 0, identity_any = 0  [n = 450]:	loss = 0.182  exp loss = 0.120  adjusted loss = 0.120  adv prob = 0.000000   acc = 0.947
  toxicity = 0, identity_any = 1  [n = 252]:	loss = 0.246  exp loss = 0.312  adjusted loss = 0.312  adv prob = 0.083124   acc = 0.933
  toxicity = 1, identity_any = 0  [n = 37]:	loss = 0.263  exp loss = 0.273  adjusted loss = 0.273  adv prob = 0.000000   acc = 0.865
  toxicity = 1, identity_any = 1  [n = 61]:	loss = 0.317  exp loss = 0.378  adjusted loss = 0.378  adv prob = 0.916876   acc = 0.852
Average incurred loss: 0.273  
Average sample loss: 0.367  
Average acc: 0.917  
  toxicity = 0, identity_any = 0  [n = 418]:	loss = 0.186  exp loss = 0.232  adjusted loss = 0.232  adv prob = 0.000000   acc = 0.955
  toxicity = 0, identity_any = 1  [n = 289]:	loss = 0.303  exp loss = 0.261  adjusted loss = 0.261  adv prob = 0.080888   acc = 0.917
  toxicity = 1, identity_any = 0  [n = 34]:	loss = 0.718  exp loss = 0.808  adjusted loss = 0.808  adv prob = 0.000000   acc = 0.735
  toxicity = 1, identity_any = 1  [n = 59]:	loss = 0.492  exp loss = 0.727  adjusted loss = 0.727  adv prob = 0.919112   acc = 0.763
Average incurred loss: 0.312  
Average sample loss: 0.362  
Average acc: 0.914  
  toxicity = 0, identity_any = 0  [n = 436]:	loss = 0.191  exp loss = 0.362  adjusted loss = 0.362  adv prob = 0.000000   acc = 0.959
  toxicity = 0, identity_any = 1  [n = 274]:	loss = 0.401  exp loss = 0.649  adjusted loss = 0.649  adv prob = 0.084514   acc = 0.912
  toxicity = 1, identity_any = 0  [n = 35]:	loss = 0.651  exp loss = 0.494  adjusted loss = 0.494  adv prob = 0.000000   acc = 0.686
  toxicity = 1, identity_any = 1  [n = 55]:	loss = 0.616  exp loss = 0.402  adjusted loss = 0.402  adv prob = 0.915486   acc = 0.709
Average incurred loss: 0.243  
Average sample loss: 0.291  
Average acc: 0.926  
  toxicity = 0, identity_any = 0  [n = 418]:	loss = 0.179  exp loss = 0.185  adjusted loss = 0.185  adv prob = 0.000000   acc = 0.957
  toxicity = 0, identity_any = 1  [n = 288]:	loss = 0.306  exp loss = 0.180  adjusted loss = 0.180  adv prob = 0.086574   acc = 0.917
  toxicity = 1, identity_any = 0  [n = 39]:	loss = 0.185  exp loss = 0.157  adjusted loss = 0.157  adv prob = 0.000000   acc = 0.872
  toxicity = 1, identity_any = 1  [n = 55]:	loss = 0.443  exp loss = 0.552  adjusted loss = 0.552  adv prob = 0.913426   acc = 0.782
Average incurred loss: 0.252  
Average sample loss: 0.175  
Average acc: 0.926  
  toxicity = 0, identity_any = 0  [n = 421]:	loss = 0.168  exp loss = 0.153  adjusted loss = 0.153  adv prob = 0.000000   acc = 0.960
  toxicity = 0, identity_any = 1  [n = 290]:	loss = 0.249  exp loss = 0.109  adjusted loss = 0.109  adv prob = 0.089062   acc = 0.941
  toxicity = 1, identity_any = 0  [n = 46]:	loss = 0.876  exp loss = 1.059  adjusted loss = 1.059  adv prob = 0.000000   acc = 0.696
  toxicity = 1, identity_any = 1  [n = 43]:	loss = 0.431  exp loss = 0.304  adjusted loss = 0.304  adv prob = 0.910938   acc = 0.744
Average incurred loss: 0.291  
Average sample loss: 0.491  
Average acc: 0.917  
  toxicity = 0, identity_any = 0  [n = 424]:	loss = 0.199  exp loss = 0.189  adjusted loss = 0.189  adv prob = 0.000000   acc = 0.955
  toxicity = 0, identity_any = 1  [n = 273]:	loss = 0.326  exp loss = 0.220  adjusted loss = 0.220  adv prob = 0.081423   acc = 0.908
  toxicity = 1, identity_any = 0  [n = 42]:	loss = 0.416  exp loss = 0.277  adjusted loss = 0.277  adv prob = 0.000000   acc = 0.833
  toxicity = 1, identity_any = 1  [n = 61]:	loss = 0.686  exp loss = 0.345  adjusted loss = 0.345  adv prob = 0.918577   acc = 0.754
Average incurred loss: 0.205  
Average sample loss: 0.270  
Average acc: 0.945  
  toxicity = 0, identity_any = 0  [n = 421]:	loss = 0.143  exp loss = 0.040  adjusted loss = 0.040  adv prob = 0.000000   acc = 0.974
  toxicity = 0, identity_any = 1  [n = 280]:	loss = 0.241  exp loss = 0.154  adjusted loss = 0.154  adv prob = 0.080659   acc = 0.932
  toxicity = 1, identity_any = 0  [n = 42]:	loss = 0.348  exp loss = 0.375  adjusted loss = 0.375  adv prob = 0.000000   acc = 0.881
  toxicity = 1, identity_any = 1  [n = 57]:	loss = 0.385  exp loss = 0.329  adjusted loss = 0.329  adv prob = 0.919341   acc = 0.842
Average incurred loss: 0.314  
Average sample loss: 0.308  
Average acc: 0.925  
  toxicity = 0, identity_any = 0  [n = 408]:	loss = 0.243  exp loss = 0.171  adjusted loss = 0.171  adv prob = 0.000000   acc = 0.953
  toxicity = 0, identity_any = 1  [n = 290]:	loss = 0.351  exp loss = 0.473  adjusted loss = 0.473  adv prob = 0.082053   acc = 0.928
  toxicity = 1, identity_any = 0  [n = 46]:	loss = 0.632  exp loss = 0.364  adjusted loss = 0.364  adv prob = 0.000000   acc = 0.783
  toxicity = 1, identity_any = 1  [n = 56]:	loss = 0.384  exp loss = 0.428  adjusted loss = 0.428  adv prob = 0.917947   acc = 0.821
Average incurred loss: 0.251  
Average sample loss: 0.361  
Average acc: 0.929  
  toxicity = 0, identity_any = 0  [n = 445]:	loss = 0.168  exp loss = 0.183  adjusted loss = 0.183  adv prob = 0.000000   acc = 0.962
  toxicity = 0, identity_any = 1  [n = 270]:	loss = 0.266  exp loss = 0.479  adjusted loss = 0.479  adv prob = 0.078611   acc = 0.941
  toxicity = 1, identity_any = 0  [n = 38]:	loss = 0.600  exp loss = 0.530  adjusted loss = 0.530  adv prob = 0.000000   acc = 0.789
  toxicity = 1, identity_any = 1  [n = 47]:	loss = 0.671  exp loss = 0.521  adjusted loss = 0.521  adv prob = 0.921389   acc = 0.660
Average incurred loss: 0.248  
Average sample loss: 0.208  
Average acc: 0.921  
  toxicity = 0, identity_any = 0  [n = 427]:	loss = 0.158  exp loss = 0.188  adjusted loss = 0.188  adv prob = 0.000000   acc = 0.965
  toxicity = 0, identity_any = 1  [n = 271]:	loss = 0.383  exp loss = 0.367  adjusted loss = 0.367  adv prob = 0.086235   acc = 0.878
  toxicity = 1, identity_any = 0  [n = 38]:	loss = 0.098  exp loss = 0.082  adjusted loss = 0.082  adv prob = 0.000000   acc = 0.947
  toxicity = 1, identity_any = 1  [n = 64]:	loss = 0.361  exp loss = 0.351  adjusted loss = 0.351  adv prob = 0.913765   acc = 0.797
Average incurred loss: 0.239  
Average sample loss: 0.419  
Average acc: 0.934  
  toxicity = 0, identity_any = 0  [n = 425]:	loss = 0.135  exp loss = 0.189  adjusted loss = 0.189  adv prob = 0.000000   acc = 0.967
  toxicity = 0, identity_any = 1  [n = 296]:	loss = 0.292  exp loss = 0.198  adjusted loss = 0.198  adv prob = 0.083698   acc = 0.932
  toxicity = 1, identity_any = 0  [n = 35]:	loss = 0.548  exp loss = 0.507  adjusted loss = 0.507  adv prob = 0.000000   acc = 0.800
  toxicity = 1, identity_any = 1  [n = 44]:	loss = 0.643  exp loss = 0.434  adjusted loss = 0.434  adv prob = 0.916302   acc = 0.727
Average incurred loss: 0.275  
Average sample loss: 0.249  
Average acc: 0.919  
  toxicity = 0, identity_any = 0  [n = 425]:	loss = 0.187  exp loss = 0.170  adjusted loss = 0.170  adv prob = 0.000000   acc = 0.951
  toxicity = 0, identity_any = 1  [n = 294]:	loss = 0.318  exp loss = 0.355  adjusted loss = 0.355  adv prob = 0.085982   acc = 0.922
  toxicity = 1, identity_any = 0  [n = 36]:	loss = 0.800  exp loss = 0.954  adjusted loss = 0.954  adv prob = 0.000000   acc = 0.694
  toxicity = 1, identity_any = 1  [n = 45]:	loss = 0.410  exp loss = 0.597  adjusted loss = 0.597  adv prob = 0.914018   acc = 0.778
Average incurred loss: 0.347  
Average sample loss: 0.277  
Average acc: 0.894  
  toxicity = 0, identity_any = 0  [n = 424]:	loss = 0.234  exp loss = 0.273  adjusted loss = 0.273  adv prob = 0.000000   acc = 0.934
  toxicity = 0, identity_any = 1  [n = 288]:	loss = 0.461  exp loss = 0.573  adjusted loss = 0.573  adv prob = 0.093704   acc = 0.875
  toxicity = 1, identity_any = 0  [n = 30]:	loss = 0.694  exp loss = 0.968  adjusted loss = 0.968  adv prob = 0.000000   acc = 0.767
  toxicity = 1, identity_any = 1  [n = 58]:	loss = 0.420  exp loss = 0.359  adjusted loss = 0.359  adv prob = 0.906296   acc = 0.759
Average incurred loss: 0.230  
Average sample loss: 0.306  
Average acc: 0.929  
  toxicity = 0, identity_any = 0  [n = 436]:	loss = 0.132  exp loss = 0.077  adjusted loss = 0.077  adv prob = 0.000000   acc = 0.968
  toxicity = 0, identity_any = 1  [n = 274]:	loss = 0.226  exp loss = 0.141  adjusted loss = 0.141  adv prob = 0.088986   acc = 0.938
  toxicity = 1, identity_any = 0  [n = 36]:	loss = 1.146  exp loss = 1.134  adjusted loss = 1.134  adv prob = 0.000000   acc = 0.611
  toxicity = 1, identity_any = 1  [n = 54]:	loss = 0.436  exp loss = 0.432  adjusted loss = 0.432  adv prob = 0.911014   acc = 0.778
Average incurred loss: 0.335  
Average sample loss: 0.262  
Average acc: 0.904  
  toxicity = 0, identity_any = 0  [n = 434]:	loss = 0.203  exp loss = 0.178  adjusted loss = 0.178  adv prob = 0.000000   acc = 0.956
  toxicity = 0, identity_any = 1  [n = 280]:	loss = 0.468  exp loss = 0.392  adjusted loss = 0.392  adv prob = 0.101184   acc = 0.871
  toxicity = 1, identity_any = 0  [n = 33]:	loss = 0.872  exp loss = 0.941  adjusted loss = 0.941  adv prob = 0.000000   acc = 0.636
  toxicity = 1, identity_any = 1  [n = 53]:	loss = 0.373  exp loss = 0.467  adjusted loss = 0.467  adv prob = 0.898816   acc = 0.811
Average incurred loss: 0.253  
Average sample loss: 0.484  
Average acc: 0.929  
  toxicity = 0, identity_any = 0  [n = 447]:	loss = 0.163  exp loss = 0.104  adjusted loss = 0.104  adv prob = 0.000000   acc = 0.964
  toxicity = 0, identity_any = 1  [n = 258]:	loss = 0.258  exp loss = 0.550  adjusted loss = 0.550  adv prob = 0.092828   acc = 0.934
  toxicity = 1, identity_any = 0  [n = 32]:	loss = 0.672  exp loss = 0.560  adjusted loss = 0.560  adv prob = 0.000000   acc = 0.781
  toxicity = 1, identity_any = 1  [n = 63]:	loss = 0.655  exp loss = 0.692  adjusted loss = 0.692  adv prob = 0.907172   acc = 0.730
Average incurred loss: 0.293  
Average sample loss: 0.365  
Average acc: 0.906  
  toxicity = 0, identity_any = 0  [n = 410]:	loss = 0.143  exp loss = 0.105  adjusted loss = 0.105  adv prob = 0.000000   acc = 0.963
  toxicity = 0, identity_any = 1  [n = 296]:	loss = 0.455  exp loss = 0.342  adjusted loss = 0.342  adv prob = 0.095736   acc = 0.865
  toxicity = 1, identity_any = 0  [n = 31]:	loss = 0.455  exp loss = 0.412  adjusted loss = 0.412  adv prob = 0.000000   acc = 0.806
  toxicity = 1, identity_any = 1  [n = 63]:	loss = 0.422  exp loss = 0.295  adjusted loss = 0.295  adv prob = 0.904264   acc = 0.778
Average incurred loss: 0.321  
Average sample loss: 0.411  
Average acc: 0.892  
  toxicity = 0, identity_any = 0  [n = 430]:	loss = 0.199  exp loss = 0.106  adjusted loss = 0.106  adv prob = 0.000000   acc = 0.949
  toxicity = 0, identity_any = 1  [n = 290]:	loss = 0.397  exp loss = 0.181  adjusted loss = 0.181  adv prob = 0.094332   acc = 0.866
  toxicity = 1, identity_any = 0  [n = 28]:	loss = 0.716  exp loss = 0.584  adjusted loss = 0.584  adv prob = 0.000000   acc = 0.607
  toxicity = 1, identity_any = 1  [n = 52]:	loss = 0.696  exp loss = 0.807  adjusted loss = 0.807  adv prob = 0.905668   acc = 0.731
Average incurred loss: 0.246  
Average sample loss: 0.209  
Average acc: 0.926  
  toxicity = 0, identity_any = 0  [n = 409]:	loss = 0.195  exp loss = 0.186  adjusted loss = 0.186  adv prob = 0.000000   acc = 0.958
  toxicity = 0, identity_any = 1  [n = 273]:	loss = 0.253  exp loss = 0.401  adjusted loss = 0.401  adv prob = 0.095904   acc = 0.930
  toxicity = 1, identity_any = 0  [n = 49]:	loss = 0.587  exp loss = 0.736  adjusted loss = 0.736  adv prob = 0.000000   acc = 0.755
  toxicity = 1, identity_any = 1  [n = 69]:	loss = 0.279  exp loss = 0.203  adjusted loss = 0.203  adv prob = 0.904096   acc = 0.841
Average incurred loss: 0.225  
Average sample loss: 0.393  
Average acc: 0.933  
  toxicity = 0, identity_any = 0  [n = 442]:	loss = 0.106  exp loss = 0.047  adjusted loss = 0.047  adv prob = 0.000000   acc = 0.968
  toxicity = 0, identity_any = 1  [n = 280]:	loss = 0.283  exp loss = 0.267  adjusted loss = 0.267  adv prob = 0.090619   acc = 0.929
  toxicity = 1, identity_any = 0  [n = 31]:	loss = 0.678  exp loss = 0.653  adjusted loss = 0.653  adv prob = 0.000000   acc = 0.774
  toxicity = 1, identity_any = 1  [n = 47]:	loss = 0.697  exp loss = 0.901  adjusted loss = 0.901  adv prob = 0.909381   acc = 0.723
Average incurred loss: 0.269  
Average sample loss: 0.388  
Average acc: 0.914  
  toxicity = 0, identity_any = 0  [n = 430]:	loss = 0.197  exp loss = 0.360  adjusted loss = 0.360  adv prob = 0.000000   acc = 0.953
  toxicity = 0, identity_any = 1  [n = 277]:	loss = 0.263  exp loss = 0.335  adjusted loss = 0.335  adv prob = 0.084551   acc = 0.924
  toxicity = 1, identity_any = 0  [n = 40]:	loss = 0.786  exp loss = 0.901  adjusted loss = 0.901  adv prob = 0.000000   acc = 0.675
  toxicity = 1, identity_any = 1  [n = 53]:	loss = 0.500  exp loss = 0.731  adjusted loss = 0.731  adv prob = 0.915449   acc = 0.717
Average incurred loss: 0.259  
Average sample loss: 0.433  
Average acc: 0.923  
  toxicity = 0, identity_any = 0  [n = 425]:	loss = 0.160  exp loss = 0.124  adjusted loss = 0.124  adv prob = 0.000000   acc = 0.962
  toxicity = 0, identity_any = 1  [n = 289]:	loss = 0.315  exp loss = 0.239  adjusted loss = 0.239  adv prob = 0.078996   acc = 0.910
  toxicity = 1, identity_any = 0  [n = 33]:	loss = 0.361  exp loss = 0.490  adjusted loss = 0.490  adv prob = 0.000000   acc = 0.848
  toxicity = 1, identity_any = 1  [n = 53]:	loss = 0.688  exp loss = 0.900  adjusted loss = 0.900  adv prob = 0.921004   acc = 0.717
Average incurred loss: 0.275  
Average sample loss: 0.332  
Average acc: 0.921  
  toxicity = 0, identity_any = 0  [n = 465]:	loss = 0.120  exp loss = 0.115  adjusted loss = 0.115  adv prob = 0.000000   acc = 0.976
  toxicity = 0, identity_any = 1  [n = 261]:	loss = 0.412  exp loss = 0.595  adjusted loss = 0.595  adv prob = 0.082373   acc = 0.889
  toxicity = 1, identity_any = 0  [n = 24]:	loss = 1.345  exp loss = 1.140  adjusted loss = 1.140  adv prob = 0.000000   acc = 0.500
  toxicity = 1, identity_any = 1  [n = 50]:	loss = 0.490  exp loss = 0.311  adjusted loss = 0.311  adv prob = 0.917627   acc = 0.780
Average incurred loss: 0.257  
Average sample loss: 0.439  
Average acc: 0.930  
  toxicity = 0, identity_any = 0  [n = 417]:	loss = 0.134  exp loss = 0.146  adjusted loss = 0.146  adv prob = 0.000000   acc = 0.974
  toxicity = 0, identity_any = 1  [n = 306]:	loss = 0.283  exp loss = 0.387  adjusted loss = 0.387  adv prob = 0.075309   acc = 0.941
  toxicity = 1, identity_any = 0  [n = 27]:	loss = 1.012  exp loss = 1.305  adjusted loss = 1.305  adv prob = 0.000000   acc = 0.556
  toxicity = 1, identity_any = 1  [n = 50]:	loss = 0.719  exp loss = 0.562  adjusted loss = 0.562  adv prob = 0.924691   acc = 0.700
Average incurred loss: 0.261  
Average sample loss: 0.254  
Average acc: 0.929  
  toxicity = 0, identity_any = 0  [n = 433]:	loss = 0.195  exp loss = 0.147  adjusted loss = 0.147  adv prob = 0.000000   acc = 0.958
  toxicity = 0, identity_any = 1  [n = 282]:	loss = 0.309  exp loss = 0.183  adjusted loss = 0.183  adv prob = 0.077455   acc = 0.926
  toxicity = 1, identity_any = 0  [n = 30]:	loss = 0.488  exp loss = 0.702  adjusted loss = 0.702  adv prob = 0.000000   acc = 0.800
  toxicity = 1, identity_any = 1  [n = 55]:	loss = 0.410  exp loss = 0.290  adjusted loss = 0.290  adv prob = 0.922544   acc = 0.782
Average incurred loss: 0.284  
Average sample loss: 0.285  
Average acc: 0.929  
  toxicity = 0, identity_any = 0  [n = 446]:	loss = 0.251  exp loss = 0.357  adjusted loss = 0.357  adv prob = 0.000000   acc = 0.951
  toxicity = 0, identity_any = 1  [n = 277]:	loss = 0.273  exp loss = 0.276  adjusted loss = 0.276  adv prob = 0.077456   acc = 0.939
  toxicity = 1, identity_any = 0  [n = 34]:	loss = 0.396  exp loss = 0.598  adjusted loss = 0.598  adv prob = 0.000000   acc = 0.794
  toxicity = 1, identity_any = 1  [n = 43]:	loss = 0.597  exp loss = 0.508  adjusted loss = 0.508  adv prob = 0.922544   acc = 0.744
Average incurred loss: 0.280  
Average sample loss: 0.362  
Average acc: 0.925  
  toxicity = 0, identity_any = 0  [n = 417]:	loss = 0.199  exp loss = 0.242  adjusted loss = 0.242  adv prob = 0.000000   acc = 0.954
  toxicity = 0, identity_any = 1  [n = 295]:	loss = 0.340  exp loss = 0.320  adjusted loss = 0.320  adv prob = 0.076598   acc = 0.925
  toxicity = 1, identity_any = 0  [n = 35]:	loss = 0.359  exp loss = 0.654  adjusted loss = 0.654  adv prob = 0.000000   acc = 0.857
  toxicity = 1, identity_any = 1  [n = 53]:	loss = 0.529  exp loss = 0.560  adjusted loss = 0.560  adv prob = 0.923402   acc = 0.736
Average incurred loss: 0.237  
Average sample loss: 0.264  
Average acc: 0.931  
  toxicity = 0, identity_any = 0  [n = 414]:	loss = 0.168  exp loss = 0.182  adjusted loss = 0.182  adv prob = 0.000000   acc = 0.969
  toxicity = 0, identity_any = 1  [n = 285]:	loss = 0.244  exp loss = 0.199  adjusted loss = 0.199  adv prob = 0.075905   acc = 0.944
  toxicity = 1, identity_any = 0  [n = 42]:	loss = 0.528  exp loss = 0.365  adjusted loss = 0.365  adv prob = 0.000000   acc = 0.786
  toxicity = 1, identity_any = 1  [n = 59]:	loss = 0.477  exp loss = 0.477  adjusted loss = 0.477  adv prob = 0.924095   acc = 0.712
Average incurred loss: 0.280  
Average sample loss: 0.296  
Average acc: 0.918  
  toxicity = 0, identity_any = 0  [n = 439]:	loss = 0.209  exp loss = 0.185  adjusted loss = 0.185  adv prob = 0.000000   acc = 0.954
  toxicity = 0, identity_any = 1  [n = 266]:	loss = 0.309  exp loss = 0.280  adjusted loss = 0.280  adv prob = 0.075406   acc = 0.921
  toxicity = 1, identity_any = 0  [n = 40]:	loss = 0.673  exp loss = 0.614  adjusted loss = 0.614  adv prob = 0.000000   acc = 0.725
  toxicity = 1, identity_any = 1  [n = 55]:	loss = 0.415  exp loss = 0.382  adjusted loss = 0.382  adv prob = 0.924594   acc = 0.745
Average incurred loss: 0.289  
Average sample loss: 0.367  
Average acc: 0.928  
  toxicity = 0, identity_any = 0  [n = 426]:	loss = 0.225  exp loss = 0.227  adjusted loss = 0.227  adv prob = 0.000000   acc = 0.958
  toxicity = 0, identity_any = 1  [n = 284]:	loss = 0.277  exp loss = 0.416  adjusted loss = 0.416  adv prob = 0.072886   acc = 0.940
  toxicity = 1, identity_any = 0  [n = 35]:	loss = 0.738  exp loss = 0.802  adjusted loss = 0.802  adv prob = 0.000000   acc = 0.686
  toxicity = 1, identity_any = 1  [n = 55]:	loss = 0.553  exp loss = 0.581  adjusted loss = 0.581  adv prob = 0.927114   acc = 0.782
Average incurred loss: 0.299  
Average sample loss: 0.457  
Average acc: 0.909  
  toxicity = 0, identity_any = 0  [n = 433]:	loss = 0.170  exp loss = 0.155  adjusted loss = 0.155  adv prob = 0.000000   acc = 0.958
  toxicity = 0, identity_any = 1  [n = 282]:	loss = 0.410  exp loss = 0.503  adjusted loss = 0.503  adv prob = 0.070679   acc = 0.904
  toxicity = 1, identity_any = 0  [n = 32]:	loss = 0.442  exp loss = 0.669  adjusted loss = 0.669  adv prob = 0.000000   acc = 0.813
  toxicity = 1, identity_any = 1  [n = 53]:	loss = 0.674  exp loss = 0.742  adjusted loss = 0.742  adv prob = 0.929321   acc = 0.585
Average incurred loss: 0.333  
Average sample loss: 0.256  
Average acc: 0.902  
  toxicity = 0, identity_any = 0  [n = 408]:	loss = 0.264  exp loss = 0.272  adjusted loss = 0.272  adv prob = 0.000000   acc = 0.949
  toxicity = 0, identity_any = 1  [n = 289]:	loss = 0.426  exp loss = 0.379  adjusted loss = 0.379  adv prob = 0.076700   acc = 0.872
  toxicity = 1, identity_any = 0  [n = 30]:	loss = 0.347  exp loss = 0.310  adjusted loss = 0.310  adv prob = 0.000000   acc = 0.733
  toxicity = 1, identity_any = 1  [n = 73]:	loss = 0.352  exp loss = 0.471  adjusted loss = 0.471  adv prob = 0.923300   acc = 0.836
Average incurred loss: 0.246  
Average sample loss: 0.216  
Average acc: 0.919  
  toxicity = 0, identity_any = 0  [n = 451]:	loss = 0.150  exp loss = 0.103  adjusted loss = 0.103  adv prob = 0.000000   acc = 0.958
  toxicity = 0, identity_any = 1  [n = 262]:	loss = 0.393  exp loss = 0.411  adjusted loss = 0.411  adv prob = 0.083317   acc = 0.878
  toxicity = 1, identity_any = 0  [n = 33]:	loss = 0.349  exp loss = 0.280  adjusted loss = 0.280  adv prob = 0.000000   acc = 0.818
  toxicity = 1, identity_any = 1  [n = 54]:	loss = 0.269  exp loss = 0.336  adjusted loss = 0.336  adv prob = 0.916683   acc = 0.852
Average incurred loss: 0.300  
Average sample loss: 0.392  
Average acc: 0.906  
  toxicity = 0, identity_any = 0  [n = 420]:	loss = 0.190  exp loss = 0.175  adjusted loss = 0.175  adv prob = 0.000000   acc = 0.960
  toxicity = 0, identity_any = 1  [n = 278]:	loss = 0.396  exp loss = 0.550  adjusted loss = 0.550  adv prob = 0.084110   acc = 0.885
  toxicity = 1, identity_any = 0  [n = 40]:	loss = 0.523  exp loss = 0.575  adjusted loss = 0.575  adv prob = 0.000000   acc = 0.775
  toxicity = 1, identity_any = 1  [n = 62]:	loss = 0.464  exp loss = 0.395  adjusted loss = 0.395  adv prob = 0.915890   acc = 0.726
Average incurred loss: 0.252  
Average sample loss: 0.308  
Average acc: 0.928  
  toxicity = 0, identity_any = 0  [n = 412]:	loss = 0.176  exp loss = 0.126  adjusted loss = 0.126  adv prob = 0.000000   acc = 0.959
  toxicity = 0, identity_any = 1  [n = 312]:	loss = 0.291  exp loss = 0.374  adjusted loss = 0.374  adv prob = 0.084551   acc = 0.929
  toxicity = 1, identity_any = 0  [n = 27]:	loss = 0.617  exp loss = 0.791  adjusted loss = 0.791  adv prob = 0.000000   acc = 0.741
  toxicity = 1, identity_any = 1  [n = 49]:	loss = 0.439  exp loss = 0.486  adjusted loss = 0.486  adv prob = 0.915449   acc = 0.755
Average incurred loss: 0.296  
Average sample loss: 0.379  
Average acc: 0.910  
  toxicity = 0, identity_any = 0  [n = 442]:	loss = 0.193  exp loss = 0.190  adjusted loss = 0.190  adv prob = 0.000000   acc = 0.957
  toxicity = 0, identity_any = 1  [n = 259]:	loss = 0.370  exp loss = 0.437  adjusted loss = 0.437  adv prob = 0.083570   acc = 0.892
  toxicity = 1, identity_any = 0  [n = 47]:	loss = 0.614  exp loss = 0.788  adjusted loss = 0.788  adv prob = 0.000000   acc = 0.745
  toxicity = 1, identity_any = 1  [n = 52]:	loss = 0.523  exp loss = 0.734  adjusted loss = 0.734  adv prob = 0.916430   acc = 0.750
Average incurred loss: 0.217  
Average sample loss: 0.221  
Average acc: 0.930  
  toxicity = 0, identity_any = 0  [n = 419]:	loss = 0.158  exp loss = 0.092  adjusted loss = 0.092  adv prob = 0.000000   acc = 0.969
  toxicity = 0, identity_any = 1  [n = 295]:	loss = 0.264  exp loss = 0.167  adjusted loss = 0.167  adv prob = 0.084857   acc = 0.902
  toxicity = 1, identity_any = 0  [n = 30]:	loss = 0.282  exp loss = 0.390  adjusted loss = 0.390  adv prob = 0.000000   acc = 0.867
  toxicity = 1, identity_any = 1  [n = 56]:	loss = 0.365  exp loss = 0.323  adjusted loss = 0.323  adv prob = 0.915143   acc = 0.821
Average incurred loss: 0.231  
Average sample loss: 0.322  
Average acc: 0.927  
  toxicity = 0, identity_any = 0  [n = 430]:	loss = 0.162  exp loss = 0.164  adjusted loss = 0.164  adv prob = 0.000000   acc = 0.960
  toxicity = 0, identity_any = 1  [n = 272]:	loss = 0.219  exp loss = 0.215  adjusted loss = 0.215  adv prob = 0.081333   acc = 0.937
  toxicity = 1, identity_any = 0  [n = 43]:	loss = 0.742  exp loss = 0.783  adjusted loss = 0.783  adv prob = 0.000000   acc = 0.674
  toxicity = 1, identity_any = 1  [n = 55]:	loss = 0.433  exp loss = 0.608  adjusted loss = 0.608  adv prob = 0.918667   acc = 0.818
Average incurred loss: 0.233  
Average sample loss: 0.328  
Average acc: 0.933  
  toxicity = 0, identity_any = 0  [n = 412]:	loss = 0.182  exp loss = 0.110  adjusted loss = 0.110  adv prob = 0.000000   acc = 0.956
  toxicity = 0, identity_any = 1  [n = 311]:	loss = 0.240  exp loss = 0.269  adjusted loss = 0.269  adv prob = 0.078618   acc = 0.942
  toxicity = 1, identity_any = 0  [n = 26]:	loss = 0.397  exp loss = 0.385  adjusted loss = 0.385  adv prob = 0.000000   acc = 0.885
  toxicity = 1, identity_any = 1  [n = 51]:	loss = 0.514  exp loss = 0.437  adjusted loss = 0.437  adv prob = 0.921382   acc = 0.706
Average incurred loss: 0.257  
Average sample loss: 0.268  
Average acc: 0.923  
  toxicity = 0, identity_any = 0  [n = 427]:	loss = 0.163  exp loss = 0.065  adjusted loss = 0.065  adv prob = 0.000000   acc = 0.958
  toxicity = 0, identity_any = 1  [n = 297]:	loss = 0.361  exp loss = 0.413  adjusted loss = 0.413  adv prob = 0.081940   acc = 0.899
  toxicity = 1, identity_any = 0  [n = 29]:	loss = 0.285  exp loss = 0.216  adjusted loss = 0.216  adv prob = 0.000000   acc = 0.862
  toxicity = 1, identity_any = 1  [n = 47]:	loss = 0.431  exp loss = 0.461  adjusted loss = 0.461  adv prob = 0.918060   acc = 0.787
Average incurred loss: 0.200  
Average sample loss: 0.210  
Average acc: 0.941  
  toxicity = 0, identity_any = 0  [n = 461]:	loss = 0.144  exp loss = 0.164  adjusted loss = 0.164  adv prob = 0.000000   acc = 0.963
  toxicity = 0, identity_any = 1  [n = 245]:	loss = 0.192  exp loss = 0.155  adjusted loss = 0.155  adv prob = 0.080223   acc = 0.951
  toxicity = 1, identity_any = 0  [n = 34]:	loss = 0.721  exp loss = 0.486  adjusted loss = 0.486  adv prob = 0.000000   acc = 0.676
  toxicity = 1, identity_any = 1  [n = 60]:	loss = 0.370  exp loss = 0.370  adjusted loss = 0.370  adv prob = 0.919777   acc = 0.883
Average incurred loss: 0.280  
Average sample loss: 0.342  
Average acc: 0.929  
  toxicity = 0, identity_any = 0  [n = 429]:	loss = 0.140  exp loss = 0.158  adjusted loss = 0.158  adv prob = 0.000000   acc = 0.970
  toxicity = 0, identity_any = 1  [n = 291]:	loss = 0.384  exp loss = 0.302  adjusted loss = 0.302  adv prob = 0.080927   acc = 0.911
  toxicity = 1, identity_any = 0  [n = 32]:	loss = 0.785  exp loss = 1.240  adjusted loss = 1.240  adv prob = 0.000000   acc = 0.750
  toxicity = 1, identity_any = 1  [n = 48]:	loss = 0.569  exp loss = 0.602  adjusted loss = 0.602  adv prob = 0.919073   acc = 0.792
Average incurred loss: 0.294  
Average sample loss: 0.390  
Average acc: 0.920  
  toxicity = 0, identity_any = 0  [n = 407]:	loss = 0.173  exp loss = 0.143  adjusted loss = 0.143  adv prob = 0.000000   acc = 0.963
  toxicity = 0, identity_any = 1  [n = 307]:	loss = 0.342  exp loss = 0.371  adjusted loss = 0.371  adv prob = 0.078942   acc = 0.922
  toxicity = 1, identity_any = 0  [n = 37]:	loss = 0.583  exp loss = 0.406  adjusted loss = 0.406  adv prob = 0.000000   acc = 0.784
  toxicity = 1, identity_any = 1  [n = 49]:	loss = 0.781  exp loss = 0.664  adjusted loss = 0.664  adv prob = 0.921058   acc = 0.653
Average incurred loss: 0.216  
Average sample loss: 0.246  
Average acc: 0.938  
  toxicity = 0, identity_any = 0  [n = 411]:	loss = 0.133  exp loss = 0.154  adjusted loss = 0.154  adv prob = 0.000000   acc = 0.968
  toxicity = 0, identity_any = 1  [n = 289]:	loss = 0.242  exp loss = 0.221  adjusted loss = 0.221  adv prob = 0.077939   acc = 0.941
  toxicity = 1, identity_any = 0  [n = 44]:	loss = 0.674  exp loss = 0.621  adjusted loss = 0.621  adv prob = 0.000000   acc = 0.750
  toxicity = 1, identity_any = 1  [n = 56]:	loss = 0.335  exp loss = 0.213  adjusted loss = 0.213  adv prob = 0.922061   acc = 0.839
Average incurred loss: 0.246  
Average sample loss: 0.293  
Average acc: 0.936  
  toxicity = 0, identity_any = 0  [n = 429]:	loss = 0.121  exp loss = 0.087  adjusted loss = 0.087  adv prob = 0.000000   acc = 0.981
  toxicity = 0, identity_any = 1  [n = 271]:	loss = 0.311  exp loss = 0.277  adjusted loss = 0.277  adv prob = 0.078515   acc = 0.934
  toxicity = 1, identity_any = 0  [n = 39]:	loss = 0.852  exp loss = 0.821  adjusted loss = 0.821  adv prob = 0.000000   acc = 0.692
  toxicity = 1, identity_any = 1  [n = 61]:	loss = 0.451  exp loss = 0.533  adjusted loss = 0.533  adv prob = 0.921485   acc = 0.787
Average incurred loss: 0.323  
Average sample loss: 0.296  
Average acc: 0.922  
  toxicity = 0, identity_any = 0  [n = 421]:	loss = 0.301  exp loss = 0.298  adjusted loss = 0.298  adv prob = 0.000000   acc = 0.933
  toxicity = 0, identity_any = 1  [n = 295]:	loss = 0.349  exp loss = 0.314  adjusted loss = 0.314  adv prob = 0.081380   acc = 0.932
  toxicity = 1, identity_any = 0  [n = 30]:	loss = 0.277  exp loss = 0.329  adjusted loss = 0.329  adv prob = 0.000000   acc = 0.867
  toxicity = 1, identity_any = 1  [n = 54]:	loss = 0.372  exp loss = 0.252  adjusted loss = 0.252  adv prob = 0.918620   acc = 0.815
Average incurred loss: 0.247  
Average sample loss: 0.271  
Average acc: 0.933  
  toxicity = 0, identity_any = 0  [n = 428]:	loss = 0.118  exp loss = 0.068  adjusted loss = 0.068  adv prob = 0.000000   acc = 0.979
  toxicity = 0, identity_any = 1  [n = 281]:	loss = 0.343  exp loss = 0.172  adjusted loss = 0.172  adv prob = 0.084020   acc = 0.922
  toxicity = 1, identity_any = 0  [n = 34]:	loss = 0.711  exp loss = 0.705  adjusted loss = 0.705  adv prob = 0.000000   acc = 0.735
  toxicity = 1, identity_any = 1  [n = 57]:	loss = 0.472  exp loss = 0.584  adjusted loss = 0.584  adv prob = 0.915980   acc = 0.754
Average incurred loss: 0.252  
Average sample loss: 0.368  
Average acc: 0.918  
  toxicity = 0, identity_any = 0  [n = 436]:	loss = 0.150  exp loss = 0.191  adjusted loss = 0.191  adv prob = 0.000000   acc = 0.961
  toxicity = 0, identity_any = 1  [n = 269]:	loss = 0.264  exp loss = 0.405  adjusted loss = 0.405  adv prob = 0.080905   acc = 0.918
  toxicity = 1, identity_any = 0  [n = 32]:	loss = 0.932  exp loss = 0.989  adjusted loss = 0.989  adv prob = 0.000000   acc = 0.625
  toxicity = 1, identity_any = 1  [n = 63]:	loss = 0.557  exp loss = 0.253  adjusted loss = 0.253  adv prob = 0.919095   acc = 0.762
Average incurred loss: 0.302  
Average sample loss: 0.228  
Average acc: 0.923  
  toxicity = 0, identity_any = 0  [n = 418]:	loss = 0.195  exp loss = 0.237  adjusted loss = 0.237  adv prob = 0.000000   acc = 0.959
  toxicity = 0, identity_any = 1  [n = 300]:	loss = 0.412  exp loss = 0.486  adjusted loss = 0.486  adv prob = 0.088595   acc = 0.897
  toxicity = 1, identity_any = 0  [n = 29]:	loss = 0.688  exp loss = 0.799  adjusted loss = 0.799  adv prob = 0.000000   acc = 0.759
  toxicity = 1, identity_any = 1  [n = 53]:	loss = 0.301  exp loss = 0.260  adjusted loss = 0.260  adv prob = 0.911405   acc = 0.868
Average incurred loss: 0.289  
Average sample loss: 0.255  
Average acc: 0.915  
  toxicity = 0, identity_any = 0  [n = 435]:	loss = 0.222  exp loss = 0.169  adjusted loss = 0.169  adv prob = 0.000000   acc = 0.954
  toxicity = 0, identity_any = 1  [n = 277]:	loss = 0.341  exp loss = 0.303  adjusted loss = 0.303  adv prob = 0.091556   acc = 0.903
  toxicity = 1, identity_any = 0  [n = 29]:	loss = 0.629  exp loss = 0.626  adjusted loss = 0.626  adv prob = 0.000000   acc = 0.690
  toxicity = 1, identity_any = 1  [n = 59]:	loss = 0.368  exp loss = 0.406  adjusted loss = 0.406  adv prob = 0.908445   acc = 0.797
Average incurred loss: 0.280  
Average sample loss: 0.465  
Average acc: 0.925  
  toxicity = 0, identity_any = 0  [n = 424]:	loss = 0.212  exp loss = 0.198  adjusted loss = 0.198  adv prob = 0.000000   acc = 0.960
  toxicity = 0, identity_any = 1  [n = 291]:	loss = 0.266  exp loss = 0.225  adjusted loss = 0.225  adv prob = 0.086276   acc = 0.938
  toxicity = 1, identity_any = 0  [n = 26]:	loss = 0.685  exp loss = 0.649  adjusted loss = 0.649  adv prob = 0.000000   acc = 0.615
  toxicity = 1, identity_any = 1  [n = 59]:	loss = 0.659  exp loss = 0.510  adjusted loss = 0.510  adv prob = 0.913724   acc = 0.746
Average incurred loss: 0.280  
Average sample loss: 0.336  
Average acc: 0.917  
  toxicity = 0, identity_any = 0  [n = 455]:	loss = 0.220  exp loss = 0.231  adjusted loss = 0.231  adv prob = 0.000000   acc = 0.952
  toxicity = 0, identity_any = 1  [n = 270]:	loss = 0.279  exp loss = 0.235  adjusted loss = 0.235  adv prob = 0.084036   acc = 0.922
  toxicity = 1, identity_any = 0  [n = 32]:	loss = 0.760  exp loss = 0.516  adjusted loss = 0.516  adv prob = 0.000000   acc = 0.688
  toxicity = 1, identity_any = 1  [n = 43]:	loss = 0.572  exp loss = 0.693  adjusted loss = 0.693  adv prob = 0.915964   acc = 0.698
Average incurred loss: 0.253  
Average sample loss: 0.345  
Average acc: 0.923  
  toxicity = 0, identity_any = 0  [n = 426]:	loss = 0.122  exp loss = 0.122  adjusted loss = 0.122  adv prob = 0.000000   acc = 0.974
  toxicity = 0, identity_any = 1  [n = 289]:	loss = 0.370  exp loss = 0.361  adjusted loss = 0.361  adv prob = 0.084762   acc = 0.913
  toxicity = 1, identity_any = 0  [n = 40]:	loss = 0.489  exp loss = 0.435  adjusted loss = 0.435  adv prob = 0.000000   acc = 0.750
  toxicity = 1, identity_any = 1  [n = 45]:	loss = 0.532  exp loss = 0.522  adjusted loss = 0.522  adv prob = 0.915238   acc = 0.644
Average incurred loss: 0.189  
Average sample loss: 0.310  
Average acc: 0.936  
  toxicity = 0, identity_any = 0  [n = 429]:	loss = 0.061  exp loss = 0.034  adjusted loss = 0.034  adv prob = 0.000000   acc = 0.993
  toxicity = 0, identity_any = 1  [n = 278]:	loss = 0.212  exp loss = 0.156  adjusted loss = 0.156  adv prob = 0.080632   acc = 0.939
  toxicity = 1, identity_any = 0  [n = 46]:	loss = 0.746  exp loss = 0.515  adjusted loss = 0.515  adv prob = 0.000000   acc = 0.674
  toxicity = 1, identity_any = 1  [n = 47]:	loss = 0.687  exp loss = 0.568  adjusted loss = 0.568  adv prob = 0.919368   acc = 0.660
Average incurred loss: 0.284  
Average sample loss: 0.328  
Average acc: 0.910  
  toxicity = 0, identity_any = 0  [n = 419]:	loss = 0.160  exp loss = 0.214  adjusted loss = 0.214  adv prob = 0.000000   acc = 0.967
  toxicity = 0, identity_any = 1  [n = 279]:	loss = 0.386  exp loss = 0.547  adjusted loss = 0.547  adv prob = 0.081753   acc = 0.892
  toxicity = 1, identity_any = 0  [n = 40]:	loss = 0.593  exp loss = 0.592  adjusted loss = 0.592  adv prob = 0.000000   acc = 0.700
  toxicity = 1, identity_any = 1  [n = 62]:	loss = 0.466  exp loss = 0.526  adjusted loss = 0.526  adv prob = 0.918247   acc = 0.742
Average incurred loss: 0.227  
Average sample loss: 0.303  
Average acc: 0.924  
  toxicity = 0, identity_any = 0  [n = 428]:	loss = 0.119  exp loss = 0.131  adjusted loss = 0.131  adv prob = 0.000000   acc = 0.965
  toxicity = 0, identity_any = 1  [n = 282]:	loss = 0.272  exp loss = 0.352  adjusted loss = 0.352  adv prob = 0.080919   acc = 0.933
  toxicity = 1, identity_any = 0  [n = 39]:	loss = 0.748  exp loss = 0.738  adjusted loss = 0.738  adv prob = 0.000000   acc = 0.641
  toxicity = 1, identity_any = 1  [n = 51]:	loss = 0.489  exp loss = 0.326  adjusted loss = 0.326  adv prob = 0.919081   acc = 0.745
Average incurred loss: 0.270  
Average sample loss: 0.294  
Average acc: 0.914  
  toxicity = 0, identity_any = 0  [n = 431]:	loss = 0.177  exp loss = 0.175  adjusted loss = 0.175  adv prob = 0.000000   acc = 0.958
  toxicity = 0, identity_any = 1  [n = 274]:	loss = 0.333  exp loss = 0.316  adjusted loss = 0.316  adv prob = 0.081311   acc = 0.898
  toxicity = 1, identity_any = 0  [n = 45]:	loss = 0.504  exp loss = 0.588  adjusted loss = 0.588  adv prob = 0.000000   acc = 0.756
  toxicity = 1, identity_any = 1  [n = 50]:	loss = 0.511  exp loss = 0.441  adjusted loss = 0.441  adv prob = 0.918689   acc = 0.760
Average incurred loss: 0.305  
Average sample loss: 0.320  
Average acc: 0.917  
  toxicity = 0, identity_any = 0  [n = 434]:	loss = 0.176  exp loss = 0.111  adjusted loss = 0.111  adv prob = 0.000000   acc = 0.963
  toxicity = 0, identity_any = 1  [n = 278]:	loss = 0.390  exp loss = 0.457  adjusted loss = 0.457  adv prob = 0.083350   acc = 0.906
  toxicity = 1, identity_any = 0  [n = 36]:	loss = 0.924  exp loss = 0.582  adjusted loss = 0.582  adv prob = 0.000000   acc = 0.694
  toxicity = 1, identity_any = 1  [n = 52]:	loss = 0.510  exp loss = 0.640  adjusted loss = 0.640  adv prob = 0.916650   acc = 0.750
Average incurred loss: 0.175  
Average sample loss: 0.322  
Average acc: 0.952  
  toxicity = 0, identity_any = 0  [n = 443]:	loss = 0.084  exp loss = 0.085  adjusted loss = 0.085  adv prob = 0.000000   acc = 0.986
  toxicity = 0, identity_any = 1  [n = 277]:	loss = 0.228  exp loss = 0.300  adjusted loss = 0.300  adv prob = 0.079536   acc = 0.949
  toxicity = 1, identity_any = 0  [n = 34]:	loss = 0.449  exp loss = 0.516  adjusted loss = 0.516  adv prob = 0.000000   acc = 0.735
  toxicity = 1, identity_any = 1  [n = 46]:	loss = 0.527  exp loss = 0.537  adjusted loss = 0.537  adv prob = 0.920464   acc = 0.804
Average incurred loss: 0.273  
Average sample loss: 0.271  
Average acc: 0.915  
  toxicity = 0, identity_any = 0  [n = 436]:	loss = 0.130  exp loss = 0.121  adjusted loss = 0.121  adv prob = 0.000000   acc = 0.970
  toxicity = 0, identity_any = 1  [n = 274]:	loss = 0.441  exp loss = 0.531  adjusted loss = 0.531  adv prob = 0.085186   acc = 0.880
  toxicity = 1, identity_any = 0  [n = 31]:	loss = 0.446  exp loss = 0.384  adjusted loss = 0.384  adv prob = 0.000000   acc = 0.774
  toxicity = 1, identity_any = 1  [n = 59]:	loss = 0.459  exp loss = 0.458  adjusted loss = 0.458  adv prob = 0.914814   acc = 0.746
Average incurred loss: 0.217  
Average sample loss: 0.230  
Average acc: 0.921  
  toxicity = 0, identity_any = 0  [n = 450]:	loss = 0.136  exp loss = 0.129  adjusted loss = 0.129  adv prob = 0.000000   acc = 0.958
  toxicity = 0, identity_any = 1  [n = 265]:	loss = 0.315  exp loss = 0.305  adjusted loss = 0.305  adv prob = 0.088876   acc = 0.902
  toxicity = 1, identity_any = 0  [n = 34]:	loss = 0.362  exp loss = 0.459  adjusted loss = 0.459  adv prob = 0.000000   acc = 0.794
  toxicity = 1, identity_any = 1  [n = 51]:	loss = 0.321  exp loss = 0.249  adjusted loss = 0.249  adv prob = 0.911124   acc = 0.784
Average incurred loss: 0.264  
Average sample loss: 0.422  
Average acc: 0.920  
  toxicity = 0, identity_any = 0  [n = 441]:	loss = 0.176  exp loss = 0.190  adjusted loss = 0.190  adv prob = 0.000000   acc = 0.955
  toxicity = 0, identity_any = 1  [n = 261]:	loss = 0.261  exp loss = 0.336  adjusted loss = 0.336  adv prob = 0.081687   acc = 0.939
  toxicity = 1, identity_any = 0  [n = 34]:	loss = 0.665  exp loss = 0.565  adjusted loss = 0.565  adv prob = 0.000000   acc = 0.735
  toxicity = 1, identity_any = 1  [n = 64]:	loss = 0.663  exp loss = 0.440  adjusted loss = 0.440  adv prob = 0.918313   acc = 0.703
Average incurred loss: 0.275  
Average sample loss: 0.283  
Average acc: 0.911  
  toxicity = 0, identity_any = 0  [n = 423]:	loss = 0.232  exp loss = 0.146  adjusted loss = 0.146  adv prob = 0.000000   acc = 0.941
  toxicity = 0, identity_any = 1  [n = 282]:	loss = 0.263  exp loss = 0.215  adjusted loss = 0.215  adv prob = 0.080763   acc = 0.922
  toxicity = 1, identity_any = 0  [n = 41]:	loss = 0.627  exp loss = 0.342  adjusted loss = 0.342  adv prob = 0.000000   acc = 0.683
  toxicity = 1, identity_any = 1  [n = 54]:	loss = 0.404  exp loss = 0.389  adjusted loss = 0.389  adv prob = 0.919237   acc = 0.796
Average incurred loss: 0.265  
Average sample loss: 0.522  
Average acc: 0.925  
  toxicity = 0, identity_any = 0  [n = 441]:	loss = 0.126  exp loss = 0.212  adjusted loss = 0.212  adv prob = 0.000000   acc = 0.975
  toxicity = 0, identity_any = 1  [n = 279]:	loss = 0.326  exp loss = 0.194  adjusted loss = 0.194  adv prob = 0.073812   acc = 0.928
  toxicity = 1, identity_any = 0  [n = 34]:	loss = 0.936  exp loss = 0.892  adjusted loss = 0.892  adv prob = 0.000000   acc = 0.588
  toxicity = 1, identity_any = 1  [n = 46]:	loss = 0.719  exp loss = 1.166  adjusted loss = 1.166  adv prob = 0.926188   acc = 0.674
Average incurred loss: 0.291  
Average sample loss: 0.353  
Average acc: 0.927  
  toxicity = 0, identity_any = 0  [n = 410]:	loss = 0.231  exp loss = 0.162  adjusted loss = 0.162  adv prob = 0.000000   acc = 0.956
  toxicity = 0, identity_any = 1  [n = 309]:	loss = 0.310  exp loss = 0.562  adjusted loss = 0.562  adv prob = 0.071665   acc = 0.939
  toxicity = 1, identity_any = 0  [n = 28]:	loss = 0.530  exp loss = 0.555  adjusted loss = 0.555  adv prob = 0.000000   acc = 0.786
  toxicity = 1, identity_any = 1  [n = 53]:	loss = 0.529  exp loss = 0.594  adjusted loss = 0.594  adv prob = 0.928335   acc = 0.717
Average incurred loss: 0.278  
Average sample loss: 0.239  
Average acc: 0.921  
  toxicity = 0, identity_any = 0  [n = 415]:	loss = 0.226  exp loss = 0.161  adjusted loss = 0.161  adv prob = 0.000000   acc = 0.952
  toxicity = 0, identity_any = 1  [n = 294]:	loss = 0.331  exp loss = 0.410  adjusted loss = 0.410  adv prob = 0.075601   acc = 0.912
  toxicity = 1, identity_any = 0  [n = 30]:	loss = 0.493  exp loss = 0.452  adjusted loss = 0.452  adv prob = 0.000000   acc = 0.733
  toxicity = 1, identity_any = 1  [n = 61]:	loss = 0.277  exp loss = 0.197  adjusted loss = 0.197  adv prob = 0.924399   acc = 0.852
Average incurred loss: 0.265  
Average sample loss: 0.377  
Average acc: 0.916  
  toxicity = 0, identity_any = 0  [n = 423]:	loss = 0.136  exp loss = 0.132  adjusted loss = 0.132  adv prob = 0.000000   acc = 0.972
  toxicity = 0, identity_any = 1  [n = 271]:	loss = 0.366  exp loss = 0.308  adjusted loss = 0.308  adv prob = 0.075124   acc = 0.893
  toxicity = 1, identity_any = 0  [n = 42]:	loss = 0.671  exp loss = 0.750  adjusted loss = 0.750  adv prob = 0.000000   acc = 0.714
  toxicity = 1, identity_any = 1  [n = 64]:	loss = 0.424  exp loss = 0.768  adjusted loss = 0.768  adv prob = 0.924876   acc = 0.781
Average incurred loss: 0.287  
Average sample loss: 0.275  
Average acc: 0.915  
  toxicity = 0, identity_any = 0  [n = 423]:	loss = 0.213  exp loss = 0.220  adjusted loss = 0.220  adv prob = 0.000000   acc = 0.946
  toxicity = 0, identity_any = 1  [n = 275]:	loss = 0.311  exp loss = 0.276  adjusted loss = 0.276  adv prob = 0.076060   acc = 0.927
  toxicity = 1, identity_any = 0  [n = 36]:	loss = 0.840  exp loss = 0.622  adjusted loss = 0.622  adv prob = 0.000000   acc = 0.611
  toxicity = 1, identity_any = 1  [n = 66]:	loss = 0.357  exp loss = 0.306  adjusted loss = 0.306  adv prob = 0.923940   acc = 0.833
Average incurred loss: 0.270  
Average sample loss: 0.482  
Average acc: 0.919  
  toxicity = 0, identity_any = 0  [n = 421]:	loss = 0.115  exp loss = 0.068  adjusted loss = 0.068  adv prob = 0.000000   acc = 0.976
  toxicity = 0, identity_any = 1  [n = 285]:	loss = 0.340  exp loss = 0.218  adjusted loss = 0.218  adv prob = 0.071153   acc = 0.912
  toxicity = 1, identity_any = 0  [n = 38]:	loss = 0.896  exp loss = 1.058  adjusted loss = 1.058  adv prob = 0.000000   acc = 0.658
  toxicity = 1, identity_any = 1  [n = 56]:	loss = 0.649  exp loss = 0.757  adjusted loss = 0.757  adv prob = 0.928847   acc = 0.696
Average incurred loss: 0.215  
Average sample loss: 0.208  
Average acc: 0.939  
  toxicity = 0, identity_any = 0  [n = 411]:	loss = 0.142  exp loss = 0.147  adjusted loss = 0.147  adv prob = 0.000000   acc = 0.971
  toxicity = 0, identity_any = 1  [n = 290]:	loss = 0.294  exp loss = 0.299  adjusted loss = 0.299  adv prob = 0.076356   acc = 0.924
  toxicity = 1, identity_any = 0  [n = 47]:	loss = 0.236  exp loss = 0.257  adjusted loss = 0.257  adv prob = 0.000000   acc = 0.894
  toxicity = 1, identity_any = 1  [n = 52]:	loss = 0.338  exp loss = 0.260  adjusted loss = 0.260  adv prob = 0.923644   acc = 0.808
Average incurred loss: 0.266  
Average sample loss: 0.291  
Average acc: 0.924  
  toxicity = 0, identity_any = 0  [n = 404]:	loss = 0.139  exp loss = 0.090  adjusted loss = 0.090  adv prob = 0.000000   acc = 0.975
  toxicity = 0, identity_any = 1  [n = 301]:	loss = 0.286  exp loss = 0.257  adjusted loss = 0.257  adv prob = 0.075686   acc = 0.927
  toxicity = 1, identity_any = 0  [n = 38]:	loss = 1.158  exp loss = 1.543  adjusted loss = 1.543  adv prob = 0.000000   acc = 0.553
  toxicity = 1, identity_any = 1  [n = 57]:	loss = 0.465  exp loss = 0.534  adjusted loss = 0.534  adv prob = 0.924314   acc = 0.789
Average incurred loss: 0.235  
Average sample loss: 0.409  
Average acc: 0.933  
  toxicity = 0, identity_any = 0  [n = 445]:	loss = 0.118  exp loss = 0.103  adjusted loss = 0.103  adv prob = 0.000000   acc = 0.978
  toxicity = 0, identity_any = 1  [n = 275]:	loss = 0.314  exp loss = 0.424  adjusted loss = 0.424  adv prob = 0.071898   acc = 0.920
  toxicity = 1, identity_any = 0  [n = 29]:	loss = 0.791  exp loss = 0.989  adjusted loss = 0.989  adv prob = 0.000000   acc = 0.690
  toxicity = 1, identity_any = 1  [n = 51]:	loss = 0.522  exp loss = 0.589  adjusted loss = 0.589  adv prob = 0.928102   acc = 0.745
Average incurred loss: 0.273  
Average sample loss: 0.319  
Average acc: 0.919  
  toxicity = 0, identity_any = 0  [n = 424]:	loss = 0.111  exp loss = 0.090  adjusted loss = 0.090  adv prob = 0.000000   acc = 0.974
  toxicity = 0, identity_any = 1  [n = 296]:	loss = 0.398  exp loss = 0.309  adjusted loss = 0.309  adv prob = 0.073900   acc = 0.909
  toxicity = 1, identity_any = 0  [n = 31]:	loss = 0.947  exp loss = 1.080  adjusted loss = 1.080  adv prob = 0.000000   acc = 0.581
  toxicity = 1, identity_any = 1  [n = 49]:	loss = 0.499  exp loss = 0.506  adjusted loss = 0.506  adv prob = 0.926100   acc = 0.714
Average incurred loss: 0.250  
Average sample loss: 0.398  
Average acc: 0.916  
  toxicity = 0, identity_any = 0  [n = 427]:	loss = 0.115  exp loss = 0.147  adjusted loss = 0.147  adv prob = 0.000000   acc = 0.977
  toxicity = 0, identity_any = 1  [n = 268]:	loss = 0.298  exp loss = 0.375  adjusted loss = 0.375  adv prob = 0.069807   acc = 0.925
  toxicity = 1, identity_any = 0  [n = 44]:	loss = 0.873  exp loss = 0.663  adjusted loss = 0.663  adv prob = 0.000000   acc = 0.591
  toxicity = 1, identity_any = 1  [n = 61]:	loss = 0.524  exp loss = 0.589  adjusted loss = 0.589  adv prob = 0.930193   acc = 0.689
Average incurred loss: 0.294  
Average sample loss: 0.264  
Average acc: 0.921  
  toxicity = 0, identity_any = 0  [n = 432]:	loss = 0.213  exp loss = 0.141  adjusted loss = 0.141  adv prob = 0.000000   acc = 0.954
  toxicity = 0, identity_any = 1  [n = 273]:	loss = 0.417  exp loss = 0.660  adjusted loss = 0.660  adv prob = 0.077544   acc = 0.912
  toxicity = 1, identity_any = 0  [n = 34]:	loss = 0.266  exp loss = 0.258  adjusted loss = 0.258  adv prob = 0.000000   acc = 0.853
  toxicity = 1, identity_any = 1  [n = 61]:	loss = 0.333  exp loss = 0.271  adjusted loss = 0.271  adv prob = 0.922455   acc = 0.770
Average incurred loss: 0.301  
Average sample loss: 0.412  
Average acc: 0.913  
  toxicity = 0, identity_any = 0  [n = 446]:	loss = 0.197  exp loss = 0.180  adjusted loss = 0.180  adv prob = 0.000000   acc = 0.960
  toxicity = 0, identity_any = 1  [n = 267]:	loss = 0.383  exp loss = 0.348  adjusted loss = 0.348  adv prob = 0.076466   acc = 0.903
  toxicity = 1, identity_any = 0  [n = 39]:	loss = 0.685  exp loss = 0.504  adjusted loss = 0.504  adv prob = 0.000000   acc = 0.692
  toxicity = 1, identity_any = 1  [n = 48]:	loss = 0.497  exp loss = 0.297  adjusted loss = 0.297  adv prob = 0.923534   acc = 0.708
Average incurred loss: 0.288  
Average sample loss: 0.278  
Average acc: 0.919  
  toxicity = 0, identity_any = 0  [n = 429]:	loss = 0.235  exp loss = 0.351  adjusted loss = 0.351  adv prob = 0.000000   acc = 0.953
  toxicity = 0, identity_any = 1  [n = 279]:	loss = 0.301  exp loss = 0.319  adjusted loss = 0.319  adv prob = 0.076817   acc = 0.928
  toxicity = 1, identity_any = 0  [n = 33]:	loss = 0.553  exp loss = 0.492  adjusted loss = 0.492  adv prob = 0.000000   acc = 0.758
  toxicity = 1, identity_any = 1  [n = 59]:	loss = 0.465  exp loss = 0.302  adjusted loss = 0.302  adv prob = 0.923184   acc = 0.712
Average incurred loss: 0.276  
Average sample loss: 0.395  
Average acc: 0.919  
  toxicity = 0, identity_any = 0  [n = 410]:	loss = 0.170  exp loss = 0.135  adjusted loss = 0.135  adv prob = 0.000000   acc = 0.968
  toxicity = 0, identity_any = 1  [n = 300]:	loss = 0.359  exp loss = 0.506  adjusted loss = 0.506  adv prob = 0.075556   acc = 0.910
  toxicity = 1, identity_any = 0  [n = 35]:	loss = 0.450  exp loss = 0.335  adjusted loss = 0.335  adv prob = 0.000000   acc = 0.771
  toxicity = 1, identity_any = 1  [n = 55]:	loss = 0.503  exp loss = 0.766  adjusted loss = 0.766  adv prob = 0.924444   acc = 0.691
Average incurred loss: 0.358  
Average sample loss: 0.285  
Average acc: 0.904  
  toxicity = 0, identity_any = 0  [n = 437]:	loss = 0.227  exp loss = 0.365  adjusted loss = 0.365  adv prob = 0.000000   acc = 0.959
  toxicity = 0, identity_any = 1  [n = 266]:	loss = 0.538  exp loss = 0.520  adjusted loss = 0.520  adv prob = 0.084777   acc = 0.868
  toxicity = 1, identity_any = 0  [n = 36]:	loss = 0.596  exp loss = 0.843  adjusted loss = 0.843  adv prob = 0.000000   acc = 0.694
  toxicity = 1, identity_any = 1  [n = 61]:	loss = 0.366  exp loss = 0.347  adjusted loss = 0.347  adv prob = 0.915223   acc = 0.787
Average incurred loss: 0.359  
Average sample loss: 0.262  
Average acc: 0.909  
  toxicity = 0, identity_any = 0  [n = 449]:	loss = 0.232  exp loss = 0.275  adjusted loss = 0.275  adv prob = 0.000000   acc = 0.949
  toxicity = 0, identity_any = 1  [n = 259]:	loss = 0.562  exp loss = 0.499  adjusted loss = 0.499  adv prob = 0.095111   acc = 0.873
  toxicity = 1, identity_any = 0  [n = 30]:	loss = 0.563  exp loss = 0.596  adjusted loss = 0.596  adv prob = 0.000000   acc = 0.733
  toxicity = 1, identity_any = 1  [n = 62]:	loss = 0.332  exp loss = 0.316  adjusted loss = 0.316  adv prob = 0.904889   acc = 0.855
Average incurred loss: 0.286  
Average sample loss: 0.438  
Average acc: 0.913  
  toxicity = 0, identity_any = 0  [n = 429]:	loss = 0.156  exp loss = 0.157  adjusted loss = 0.157  adv prob = 0.000000   acc = 0.965
  toxicity = 0, identity_any = 1  [n = 270]:	loss = 0.254  exp loss = 0.168  adjusted loss = 0.168  adv prob = 0.087032   acc = 0.937
  toxicity = 1, identity_any = 0  [n = 43]:	loss = 1.129  exp loss = 1.132  adjusted loss = 1.132  adv prob = 0.000000   acc = 0.558
  toxicity = 1, identity_any = 1  [n = 58]:	loss = 0.771  exp loss = 1.066  adjusted loss = 1.066  adv prob = 0.912968   acc = 0.672
Average incurred loss: 0.230  
Average sample loss: 0.369  
Average acc: 0.928  
  toxicity = 0, identity_any = 0  [n = 428]:	loss = 0.119  exp loss = 0.131  adjusted loss = 0.131  adv prob = 0.000000   acc = 0.972
  toxicity = 0, identity_any = 1  [n = 276]:	loss = 0.282  exp loss = 0.307  adjusted loss = 0.307  adv prob = 0.084241   acc = 0.924
  toxicity = 1, identity_any = 0  [n = 41]:	loss = 0.584  exp loss = 0.452  adjusted loss = 0.452  adv prob = 0.000000   acc = 0.707
  toxicity = 1, identity_any = 1  [n = 55]:	loss = 0.575  exp loss = 0.409  adjusted loss = 0.409  adv prob = 0.915759   acc = 0.764
Average incurred loss: 0.233  
Average sample loss: 0.238  
Average acc: 0.925  
  toxicity = 0, identity_any = 0  [n = 429]:	loss = 0.098  exp loss = 0.096  adjusted loss = 0.096  adv prob = 0.000000   acc = 0.974
  toxicity = 0, identity_any = 1  [n = 271]:	loss = 0.376  exp loss = 0.324  adjusted loss = 0.324  adv prob = 0.090664   acc = 0.893
  toxicity = 1, identity_any = 0  [n = 33]:	loss = 0.594  exp loss = 0.995  adjusted loss = 0.995  adv prob = 0.000000   acc = 0.788
  toxicity = 1, identity_any = 1  [n = 67]:	loss = 0.344  exp loss = 0.635  adjusted loss = 0.635  adv prob = 0.909336   acc = 0.806
Average incurred loss: 0.214  
Average sample loss: 0.311  
Average acc: 0.934  
  toxicity = 0, identity_any = 0  [n = 443]:	loss = 0.070  exp loss = 0.047  adjusted loss = 0.047  adv prob = 0.000000   acc = 0.986
  toxicity = 0, identity_any = 1  [n = 259]:	loss = 0.367  exp loss = 0.438  adjusted loss = 0.438  adv prob = 0.091496   acc = 0.892
  toxicity = 1, identity_any = 0  [n = 43]:	loss = 0.512  exp loss = 0.670  adjusted loss = 0.670  adv prob = 0.000000   acc = 0.791
  toxicity = 1, identity_any = 1  [n = 55]:	loss = 0.415  exp loss = 0.349  adjusted loss = 0.349  adv prob = 0.908504   acc = 0.818
Average incurred loss: 0.257  
Average sample loss: 0.406  
Average acc: 0.924  
  toxicity = 0, identity_any = 0  [n = 433]:	loss = 0.142  exp loss = 0.162  adjusted loss = 0.162  adv prob = 0.000000   acc = 0.968
  toxicity = 0, identity_any = 1  [n = 288]:	loss = 0.288  exp loss = 0.341  adjusted loss = 0.341  adv prob = 0.086044   acc = 0.924
  toxicity = 1, identity_any = 0  [n = 35]:	loss = 0.912  exp loss = 0.848  adjusted loss = 0.848  adv prob = 0.000000   acc = 0.629
  toxicity = 1, identity_any = 1  [n = 44]:	loss = 0.674  exp loss = 0.816  adjusted loss = 0.816  adv prob = 0.913956   acc = 0.727
Average incurred loss: 0.259  
Average sample loss: 0.357  
Average acc: 0.918  
  toxicity = 0, identity_any = 0  [n = 427]:	loss = 0.102  exp loss = 0.054  adjusted loss = 0.054  adv prob = 0.000000   acc = 0.981
  toxicity = 0, identity_any = 1  [n = 283]:	loss = 0.393  exp loss = 0.395  adjusted loss = 0.395  adv prob = 0.085879   acc = 0.890
  toxicity = 1, identity_any = 0  [n = 36]:	loss = 0.500  exp loss = 0.489  adjusted loss = 0.489  adv prob = 0.000000   acc = 0.722
  toxicity = 1, identity_any = 1  [n = 54]:	loss = 0.638  exp loss = 0.570  adjusted loss = 0.570  adv prob = 0.914121   acc = 0.685
Average incurred loss: 0.204  
Average sample loss: 0.331  
Average acc: 0.936  
  toxicity = 0, identity_any = 0  [n = 426]:	loss = 0.076  exp loss = 0.048  adjusted loss = 0.048  adv prob = 0.000000   acc = 0.981
  toxicity = 0, identity_any = 1  [n = 291]:	loss = 0.306  exp loss = 0.141  adjusted loss = 0.141  adv prob = 0.083830   acc = 0.928
  toxicity = 1, identity_any = 0  [n = 36]:	loss = 0.492  exp loss = 0.384  adjusted loss = 0.384  adv prob = 0.000000   acc = 0.778
  toxicity = 1, identity_any = 1  [n = 47]:	loss = 0.510  exp loss = 0.590  adjusted loss = 0.590  adv prob = 0.916170   acc = 0.702
Average incurred loss: 0.177  
Average sample loss: 0.223  
Average acc: 0.949  
  toxicity = 0, identity_any = 0  [n = 445]:	loss = 0.100  exp loss = 0.119  adjusted loss = 0.119  adv prob = 0.000000   acc = 0.982
  toxicity = 0, identity_any = 1  [n = 268]:	loss = 0.223  exp loss = 0.316  adjusted loss = 0.316  adv prob = 0.083246   acc = 0.944
  toxicity = 1, identity_any = 0  [n = 41]:	loss = 0.477  exp loss = 0.325  adjusted loss = 0.325  adv prob = 0.000000   acc = 0.756
  toxicity = 1, identity_any = 1  [n = 46]:	loss = 0.388  exp loss = 0.471  adjusted loss = 0.471  adv prob = 0.916754   acc = 0.826
Average incurred loss: 0.243  
Average sample loss: 0.270  
Average acc: 0.930  
  toxicity = 0, identity_any = 0  [n = 400]:	loss = 0.122  exp loss = 0.080  adjusted loss = 0.080  adv prob = 0.000000   acc = 0.977
  toxicity = 0, identity_any = 1  [n = 312]:	loss = 0.299  exp loss = 0.293  adjusted loss = 0.293  adv prob = 0.084111   acc = 0.923
  toxicity = 1, identity_any = 0  [n = 42]:	loss = 0.753  exp loss = 1.043  adjusted loss = 1.043  adv prob = 0.000000   acc = 0.714
  toxicity = 1, identity_any = 1  [n = 46]:	loss = 0.450  exp loss = 0.330  adjusted loss = 0.330  adv prob = 0.915889   acc = 0.761
Average incurred loss: 0.247  
Average sample loss: 0.261  
Average acc: 0.935  
  toxicity = 0, identity_any = 0  [n = 432]:	loss = 0.159  exp loss = 0.256  adjusted loss = 0.256  adv prob = 0.000000   acc = 0.968
  toxicity = 0, identity_any = 1  [n = 280]:	loss = 0.260  exp loss = 0.234  adjusted loss = 0.234  adv prob = 0.083907   acc = 0.954
  toxicity = 1, identity_any = 0  [n = 32]:	loss = 1.012  exp loss = 0.609  adjusted loss = 0.609  adv prob = 0.000000   acc = 0.688
  toxicity = 1, identity_any = 1  [n = 56]:	loss = 0.423  exp loss = 0.381  adjusted loss = 0.381  adv prob = 0.916093   acc = 0.732
Average incurred loss: 0.289  
Average sample loss: 0.310  
Average acc: 0.911  
  toxicity = 0, identity_any = 0  [n = 414]:	loss = 0.160  exp loss = 0.189  adjusted loss = 0.189  adv prob = 0.000000   acc = 0.966
  toxicity = 0, identity_any = 1  [n = 269]:	loss = 0.372  exp loss = 0.506  adjusted loss = 0.506  adv prob = 0.085032   acc = 0.903
  toxicity = 1, identity_any = 0  [n = 51]:	loss = 0.725  exp loss = 0.563  adjusted loss = 0.563  adv prob = 0.000000   acc = 0.686
  toxicity = 1, identity_any = 1  [n = 66]:	loss = 0.418  exp loss = 0.404  adjusted loss = 0.404  adv prob = 0.914968   acc = 0.773
Average incurred loss: 0.283  
Average sample loss: 0.409  
Average acc: 0.922  
  toxicity = 0, identity_any = 0  [n = 437]:	loss = 0.206  exp loss = 0.214  adjusted loss = 0.214  adv prob = 0.000000   acc = 0.959
  toxicity = 0, identity_any = 1  [n = 273]:	loss = 0.364  exp loss = 0.314  adjusted loss = 0.314  adv prob = 0.081961   acc = 0.905
  toxicity = 1, identity_any = 0  [n = 28]:	loss = 0.215  exp loss = 0.241  adjusted loss = 0.241  adv prob = 0.000000   acc = 0.893
  toxicity = 1, identity_any = 1  [n = 62]:	loss = 0.499  exp loss = 0.685  adjusted loss = 0.685  adv prob = 0.918039   acc = 0.758
Average incurred loss: 0.256  
Average sample loss: 0.256  
Average acc: 0.933  
  toxicity = 0, identity_any = 0  [n = 448]:	loss = 0.182  exp loss = 0.131  adjusted loss = 0.131  adv prob = 0.000000   acc = 0.955
  toxicity = 0, identity_any = 1  [n = 274]:	loss = 0.336  exp loss = 0.280  adjusted loss = 0.280  adv prob = 0.084186   acc = 0.927
  toxicity = 1, identity_any = 0  [n = 29]:	loss = 0.403  exp loss = 0.452  adjusted loss = 0.452  adv prob = 0.000000   acc = 0.862
  toxicity = 1, identity_any = 1  [n = 49]:	loss = 0.394  exp loss = 0.326  adjusted loss = 0.326  adv prob = 0.915814   acc = 0.796
Average incurred loss: 0.262  
Average sample loss: 0.318  
Average acc: 0.929  
  toxicity = 0, identity_any = 0  [n = 436]:	loss = 0.195  exp loss = 0.228  adjusted loss = 0.228  adv prob = 0.000000   acc = 0.954
  toxicity = 0, identity_any = 1  [n = 270]:	loss = 0.280  exp loss = 0.279  adjusted loss = 0.279  adv prob = 0.081458   acc = 0.941
  toxicity = 1, identity_any = 0  [n = 37]:	loss = 0.697  exp loss = 0.678  adjusted loss = 0.678  adv prob = 0.000000   acc = 0.757
  toxicity = 1, identity_any = 1  [n = 57]:	loss = 0.407  exp loss = 0.445  adjusted loss = 0.445  adv prob = 0.918542   acc = 0.789
Average incurred loss: 0.304  
Average sample loss: 0.334  
Average acc: 0.915  
  toxicity = 0, identity_any = 0  [n = 460]:	loss = 0.241  exp loss = 0.198  adjusted loss = 0.198  adv prob = 0.000000   acc = 0.935
  toxicity = 0, identity_any = 1  [n = 251]:	loss = 0.400  exp loss = 0.294  adjusted loss = 0.294  adv prob = 0.084794   acc = 0.904
  toxicity = 1, identity_any = 0  [n = 34]:	loss = 0.281  exp loss = 0.350  adjusted loss = 0.350  adv prob = 0.000000   acc = 0.912
  toxicity = 1, identity_any = 1  [n = 55]:	loss = 0.406  exp loss = 0.208  adjusted loss = 0.208  adv prob = 0.915206   acc = 0.800
Average incurred loss: 0.247  
Average sample loss: 0.282  
Average acc: 0.920  
  toxicity = 0, identity_any = 0  [n = 435]:	loss = 0.136  exp loss = 0.186  adjusted loss = 0.186  adv prob = 0.000000   acc = 0.963
  toxicity = 0, identity_any = 1  [n = 277]:	loss = 0.283  exp loss = 0.281  adjusted loss = 0.281  adv prob = 0.085253   acc = 0.928
  toxicity = 1, identity_any = 0  [n = 37]:	loss = 0.924  exp loss = 0.951  adjusted loss = 0.951  adv prob = 0.000000   acc = 0.622
  toxicity = 1, identity_any = 1  [n = 51]:	loss = 0.499  exp loss = 0.341  adjusted loss = 0.341  adv prob = 0.914747   acc = 0.725
Average incurred loss: 0.238  
Average sample loss: 0.228  
Average acc: 0.935  
  toxicity = 0, identity_any = 0  [n = 412]:	loss = 0.145  exp loss = 0.066  adjusted loss = 0.066  adv prob = 0.000000   acc = 0.971
  toxicity = 0, identity_any = 1  [n = 304]:	loss = 0.284  exp loss = 0.321  adjusted loss = 0.321  adv prob = 0.087745   acc = 0.918
  toxicity = 1, identity_any = 0  [n = 33]:	loss = 0.828  exp loss = 1.144  adjusted loss = 1.144  adv prob = 0.000000   acc = 0.758
  toxicity = 1, identity_any = 1  [n = 51]:	loss = 0.332  exp loss = 0.196  adjusted loss = 0.196  adv prob = 0.912255   acc = 0.863
Average incurred loss: 0.301  
Average sample loss: 0.561  
Average acc: 0.915  
  toxicity = 0, identity_any = 0  [n = 410]:	loss = 0.139  exp loss = 0.137  adjusted loss = 0.137  adv prob = 0.000000   acc = 0.963
  toxicity = 0, identity_any = 1  [n = 276]:	loss = 0.287  exp loss = 0.402  adjusted loss = 0.402  adv prob = 0.076748   acc = 0.928
  toxicity = 1, identity_any = 0  [n = 51]:	loss = 1.195  exp loss = 0.996  adjusted loss = 0.996  adv prob = 0.000000   acc = 0.627
  toxicity = 1, identity_any = 1  [n = 63]:	loss = 0.695  exp loss = 0.827  adjusted loss = 0.827  adv prob = 0.923252   acc = 0.778
Average incurred loss: 0.273  
Average sample loss: 0.376  
Average acc: 0.912  
  toxicity = 0, identity_any = 0  [n = 402]:	loss = 0.112  exp loss = 0.109  adjusted loss = 0.109  adv prob = 0.000000   acc = 0.970
  toxicity = 0, identity_any = 1  [n = 308]:	loss = 0.399  exp loss = 0.551  adjusted loss = 0.551  adv prob = 0.076900   acc = 0.890
  toxicity = 1, identity_any = 0  [n = 34]:	loss = 0.580  exp loss = 0.737  adjusted loss = 0.737  adv prob = 0.000000   acc = 0.735
  toxicity = 1, identity_any = 1  [n = 56]:	loss = 0.551  exp loss = 0.551  adjusted loss = 0.551  adv prob = 0.923100   acc = 0.732
Average incurred loss: 0.261  
Average sample loss: 0.443  
Average acc: 0.928  
  toxicity = 0, identity_any = 0  [n = 422]:	loss = 0.122  exp loss = 0.089  adjusted loss = 0.089  adv prob = 0.000000   acc = 0.981
  toxicity = 0, identity_any = 1  [n = 281]:	loss = 0.339  exp loss = 0.391  adjusted loss = 0.391  adv prob = 0.073538   acc = 0.915
  toxicity = 1, identity_any = 0  [n = 38]:	loss = 0.725  exp loss = 0.901  adjusted loss = 0.901  adv prob = 0.000000   acc = 0.737
  toxicity = 1, identity_any = 1  [n = 59]:	loss = 0.589  exp loss = 0.947  adjusted loss = 0.947  adv prob = 0.926462   acc = 0.729
Average incurred loss: 0.270  
Average sample loss: 0.276  
Average acc: 0.925  
  toxicity = 0, identity_any = 0  [n = 446]:	loss = 0.145  exp loss = 0.081  adjusted loss = 0.081  adv prob = 0.000000   acc = 0.969
  toxicity = 0, identity_any = 1  [n = 276]:	loss = 0.388  exp loss = 0.432  adjusted loss = 0.432  adv prob = 0.078032   acc = 0.895
  toxicity = 1, identity_any = 0  [n = 32]:	loss = 0.788  exp loss = 0.588  adjusted loss = 0.588  adv prob = 0.000000   acc = 0.750
  toxicity = 1, identity_any = 1  [n = 46]:	loss = 0.413  exp loss = 0.492  adjusted loss = 0.492  adv prob = 0.921968   acc = 0.804
Average incurred loss: 0.250  
Average sample loss: 0.263  
Average acc: 0.932  
  toxicity = 0, identity_any = 0  [n = 412]:	loss = 0.205  exp loss = 0.124  adjusted loss = 0.124  adv prob = 0.000000   acc = 0.961
  toxicity = 0, identity_any = 1  [n = 288]:	loss = 0.232  exp loss = 0.133  adjusted loss = 0.133  adv prob = 0.075249   acc = 0.948
  toxicity = 1, identity_any = 0  [n = 47]:	loss = 0.546  exp loss = 0.527  adjusted loss = 0.527  adv prob = 0.000000   acc = 0.745
  toxicity = 1, identity_any = 1  [n = 53]:	loss = 0.437  exp loss = 0.371  adjusted loss = 0.371  adv prob = 0.924751   acc = 0.792
Average incurred loss: 0.294  
Average sample loss: 0.308  
Average acc: 0.918  
  toxicity = 0, identity_any = 0  [n = 437]:	loss = 0.226  exp loss = 0.307  adjusted loss = 0.307  adv prob = 0.000000   acc = 0.947
  toxicity = 0, identity_any = 1  [n = 273]:	loss = 0.319  exp loss = 0.325  adjusted loss = 0.325  adv prob = 0.075964   acc = 0.927
  toxicity = 1, identity_any = 0  [n = 30]:	loss = 0.771  exp loss = 0.563  adjusted loss = 0.563  adv prob = 0.000000   acc = 0.733
  toxicity = 1, identity_any = 1  [n = 60]:	loss = 0.437  exp loss = 0.403  adjusted loss = 0.403  adv prob = 0.924036   acc = 0.750
Average incurred loss: 0.241  
Average sample loss: 0.261  
Average acc: 0.932  
  toxicity = 0, identity_any = 0  [n = 123]:	loss = 0.149  exp loss = 0.184  adjusted loss = 0.184  adv prob = 0.000000   acc = 0.976
  toxicity = 0, identity_any = 1  [n = 86]:	loss = 0.201  exp loss = 0.283  adjusted loss = 0.283  adv prob = 0.075731   acc = 0.953
  toxicity = 1, identity_any = 0  [n = 14]:	loss = 1.114  exp loss = 1.132  adjusted loss = 1.132  adv prob = 0.000000   acc = 0.571
  toxicity = 1, identity_any = 1  [n = 14]:	loss = 0.418  exp loss = 0.438  adjusted loss = 0.438  adv prob = 0.924269   acc = 0.786

Validation:
Average incurred loss: 0.344  
Average sample loss: 0.385  
Average acc: 0.910  
  toxicity = 0, identity_any = 0  [n = 24366]:	loss = 0.215  exp loss = 1.347  adjusted loss = 1.347  adv prob = 0.101246   acc = 0.955
  toxicity = 0, identity_any = 1  [n = 15759]:	loss = 0.463  exp loss = 1.225  adjusted loss = 1.225  adv prob = 0.898666   acc = 0.893
  toxicity = 1, identity_any = 0  [n = 1967]:	loss = 0.540  exp loss = 0.701  adjusted loss = 0.701  adv prob = 0.000049   acc = 0.789
  toxicity = 1, identity_any = 1  [n = 3088]:	loss = 0.622  exp loss = 0.612  adjusted loss = 0.612  adv prob = 0.000039   acc = 0.724
Current lr: 0.000006
Current lr: 0.000006
Current validation accuracy: 0.7240929007530212


Epoch [2]:
Training:
Average incurred loss: 0.242  
Average sample loss: 0.212  
Average acc: 0.935  
  toxicity = 0, identity_any = 0  [n = 436]:	loss = 0.237  exp loss = 0.348  adjusted loss = 0.348  adv prob = 0.000000   acc = 0.952
  toxicity = 0, identity_any = 1  [n = 270]:	loss = 0.217  exp loss = 0.224  adjusted loss = 0.224  adv prob = 0.075311   acc = 0.956
  toxicity = 1, identity_any = 0  [n = 33]:	loss = 0.366  exp loss = 0.315  adjusted loss = 0.315  adv prob = 0.000000   acc = 0.727
  toxicity = 1, identity_any = 1  [n = 61]:	loss = 0.318  exp loss = 0.360  adjusted loss = 0.360  adv prob = 0.924689   acc = 0.836
Average incurred loss: 0.188  
Average sample loss: 0.180  
Average acc: 0.945  
  toxicity = 0, identity_any = 0  [n = 422]:	loss = 0.097  exp loss = 0.036  adjusted loss = 0.036  adv prob = 0.000000   acc = 0.974
  toxicity = 0, identity_any = 1  [n = 304]:	loss = 0.227  exp loss = 0.083  adjusted loss = 0.083  adv prob = 0.076798   acc = 0.941
  toxicity = 1, identity_any = 0  [n = 37]:	loss = 0.838  exp loss = 0.763  adjusted loss = 0.763  adv prob = 0.000000   acc = 0.703
  toxicity = 1, identity_any = 1  [n = 37]:	loss = 0.248  exp loss = 0.612  adjusted loss = 0.612  adv prob = 0.923202   acc = 0.892
Average incurred loss: 0.272  
Average sample loss: 0.372  
Average acc: 0.931  
  toxicity = 0, identity_any = 0  [n = 432]:	loss = 0.167  exp loss = 0.163  adjusted loss = 0.163  adv prob = 0.000000   acc = 0.970
  toxicity = 0, identity_any = 1  [n = 270]:	loss = 0.287  exp loss = 0.293  adjusted loss = 0.293  adv prob = 0.071512   acc = 0.933
  toxicity = 1, identity_any = 0  [n = 44]:	loss = 0.804  exp loss = 0.916  adjusted loss = 0.916  adv prob = 0.000000   acc = 0.750
  toxicity = 1, identity_any = 1  [n = 54]:	loss = 0.602  exp loss = 0.524  adjusted loss = 0.524  adv prob = 0.928488   acc = 0.759
Average incurred loss: 0.255  
Average sample loss: 0.226  
Average acc: 0.935  
  toxicity = 0, identity_any = 0  [n = 439]:	loss = 0.182  exp loss = 0.166  adjusted loss = 0.166  adv prob = 0.000000   acc = 0.966
  toxicity = 0, identity_any = 1  [n = 281]:	loss = 0.331  exp loss = 0.442  adjusted loss = 0.442  adv prob = 0.074060   acc = 0.918
  toxicity = 1, identity_any = 0  [n = 29]:	loss = 0.548  exp loss = 0.619  adjusted loss = 0.619  adv prob = 0.000000   acc = 0.759
  toxicity = 1, identity_any = 1  [n = 51]:	loss = 0.297  exp loss = 0.381  adjusted loss = 0.381  adv prob = 0.925940   acc = 0.863
Average incurred loss: 0.264  
Average sample loss: 0.332  
Average acc: 0.931  
  toxicity = 0, identity_any = 0  [n = 441]:	loss = 0.172  exp loss = 0.160  adjusted loss = 0.160  adv prob = 0.000000   acc = 0.961
  toxicity = 0, identity_any = 1  [n = 267]:	loss = 0.206  exp loss = 0.384  adjusted loss = 0.384  adv prob = 0.069669   acc = 0.959
  toxicity = 1, identity_any = 0  [n = 41]:	loss = 1.298  exp loss = 1.576  adjusted loss = 1.576  adv prob = 0.000000   acc = 0.634
  toxicity = 1, identity_any = 1  [n = 51]:	loss = 0.541  exp loss = 0.416  adjusted loss = 0.416  adv prob = 0.930331   acc = 0.765
Average incurred loss: 0.219  
Average sample loss: 0.202  
Average acc: 0.944  
  toxicity = 0, identity_any = 0  [n = 409]:	loss = 0.083  exp loss = 0.062  adjusted loss = 0.062  adv prob = 0.000000   acc = 0.985
  toxicity = 0, identity_any = 1  [n = 295]:	loss = 0.273  exp loss = 0.217  adjusted loss = 0.217  adv prob = 0.073464   acc = 0.946
  toxicity = 1, identity_any = 0  [n = 38]:	loss = 1.232  exp loss = 1.306  adjusted loss = 1.306  adv prob = 0.000000   acc = 0.579
  toxicity = 1, identity_any = 1  [n = 58]:	loss = 0.239  exp loss = 0.271  adjusted loss = 0.271  adv prob = 0.926536   acc = 0.879
Average incurred loss: 0.204  
Average sample loss: 0.210  
Average acc: 0.941  
  toxicity = 0, identity_any = 0  [n = 416]:	loss = 0.133  exp loss = 0.097  adjusted loss = 0.097  adv prob = 0.000000   acc = 0.971
  toxicity = 0, identity_any = 1  [n = 288]:	loss = 0.193  exp loss = 0.220  adjusted loss = 0.220  adv prob = 0.072336   acc = 0.948
  toxicity = 1, identity_any = 0  [n = 35]:	loss = 0.914  exp loss = 0.754  adjusted loss = 0.754  adv prob = 0.000000   acc = 0.714
  toxicity = 1, identity_any = 1  [n = 61]:	loss = 0.340  exp loss = 0.298  adjusted loss = 0.298  adv prob = 0.927664   acc = 0.836
Average incurred loss: 0.242  
Average sample loss: 0.488  
Average acc: 0.939  
  toxicity = 0, identity_any = 0  [n = 417]:	loss = 0.102  exp loss = 0.152  adjusted loss = 0.152  adv prob = 0.000000   acc = 0.981
  toxicity = 0, identity_any = 1  [n = 283]:	loss = 0.348  exp loss = 0.238  adjusted loss = 0.238  adv prob = 0.067896   acc = 0.926
  toxicity = 1, identity_any = 0  [n = 37]:	loss = 0.556  exp loss = 0.681  adjusted loss = 0.681  adv prob = 0.000000   acc = 0.811
  toxicity = 1, identity_any = 1  [n = 63]:	loss = 0.511  exp loss = 1.003  adjusted loss = 1.003  adv prob = 0.932104   acc = 0.794
Average incurred loss: 0.211  
Average sample loss: 0.252  
Average acc: 0.944  
  toxicity = 0, identity_any = 0  [n = 423]:	loss = 0.200  exp loss = 0.230  adjusted loss = 0.230  adv prob = 0.000000   acc = 0.948
  toxicity = 0, identity_any = 1  [n = 296]:	loss = 0.202  exp loss = 0.098  adjusted loss = 0.098  adv prob = 0.066696   acc = 0.959
  toxicity = 1, identity_any = 0  [n = 26]:	loss = 0.335  exp loss = 0.333  adjusted loss = 0.333  adv prob = 0.000000   acc = 0.808
  toxicity = 1, identity_any = 1  [n = 55]:	loss = 0.287  exp loss = 0.548  adjusted loss = 0.548  adv prob = 0.933304   acc = 0.891
Average incurred loss: 0.282  
Average sample loss: 0.248  
Average acc: 0.931  
  toxicity = 0, identity_any = 0  [n = 422]:	loss = 0.164  exp loss = 0.127  adjusted loss = 0.127  adv prob = 0.000000   acc = 0.969
  toxicity = 0, identity_any = 1  [n = 288]:	loss = 0.302  exp loss = 0.593  adjusted loss = 0.593  adv prob = 0.070752   acc = 0.944
  toxicity = 1, identity_any = 0  [n = 36]:	loss = 1.275  exp loss = 1.042  adjusted loss = 1.042  adv prob = 0.000000   acc = 0.556
  toxicity = 1, identity_any = 1  [n = 54]:	loss = 0.433  exp loss = 0.447  adjusted loss = 0.447  adv prob = 0.929248   acc = 0.815
Average incurred loss: 0.256  
Average sample loss: 0.223  
Average acc: 0.929  
  toxicity = 0, identity_any = 0  [n = 444]:	loss = 0.227  exp loss = 0.203  adjusted loss = 0.203  adv prob = 0.000000   acc = 0.955
  toxicity = 0, identity_any = 1  [n = 267]:	loss = 0.231  exp loss = 0.241  adjusted loss = 0.241  adv prob = 0.071570   acc = 0.944
  toxicity = 1, identity_any = 0  [n = 30]:	loss = 0.677  exp loss = 0.734  adjusted loss = 0.734  adv prob = 0.000000   acc = 0.667
  toxicity = 1, identity_any = 1  [n = 59]:	loss = 0.373  exp loss = 0.324  adjusted loss = 0.324  adv prob = 0.928430   acc = 0.797
Average incurred loss: 0.220  
Average sample loss: 0.220  
Average acc: 0.940  
  toxicity = 0, identity_any = 0  [n = 420]:	loss = 0.132  exp loss = 0.171  adjusted loss = 0.171  adv prob = 0.000000   acc = 0.971
  toxicity = 0, identity_any = 1  [n = 280]:	loss = 0.262  exp loss = 0.267  adjusted loss = 0.267  adv prob = 0.073671   acc = 0.950
  toxicity = 1, identity_any = 0  [n = 37]:	loss = 0.816  exp loss = 0.713  adjusted loss = 0.713  adv prob = 0.000000   acc = 0.649
  toxicity = 1, identity_any = 1  [n = 63]:	loss = 0.267  exp loss = 0.339  adjusted loss = 0.339  adv prob = 0.926329   acc = 0.857
Average incurred loss: 0.184  
Average sample loss: 0.282  
Average acc: 0.948  
  toxicity = 0, identity_any = 0  [n = 433]:	loss = 0.139  exp loss = 0.117  adjusted loss = 0.117  adv prob = 0.000000   acc = 0.970
  toxicity = 0, identity_any = 1  [n = 286]:	loss = 0.157  exp loss = 0.058  adjusted loss = 0.058  adv prob = 0.068927   acc = 0.958
  toxicity = 1, identity_any = 0  [n = 32]:	loss = 0.798  exp loss = 0.732  adjusted loss = 0.732  adv prob = 0.000000   acc = 0.719
  toxicity = 1, identity_any = 1  [n = 49]:	loss = 0.346  exp loss = 0.613  adjusted loss = 0.613  adv prob = 0.931073   acc = 0.837
Average incurred loss: 0.177  
Average sample loss: 0.241  
Average acc: 0.950  
  toxicity = 0, identity_any = 0  [n = 412]:	loss = 0.115  exp loss = 0.105  adjusted loss = 0.105  adv prob = 0.000000   acc = 0.973
  toxicity = 0, identity_any = 1  [n = 297]:	loss = 0.177  exp loss = 0.236  adjusted loss = 0.236  adv prob = 0.066577   acc = 0.963
  toxicity = 1, identity_any = 0  [n = 39]:	loss = 0.582  exp loss = 0.566  adjusted loss = 0.566  adv prob = 0.000000   acc = 0.795
  toxicity = 1, identity_any = 1  [n = 52]:	loss = 0.369  exp loss = 0.300  adjusted loss = 0.300  adv prob = 0.933423   acc = 0.808
Average incurred loss: 0.200  
Average sample loss: 0.154  
Average acc: 0.946  
  toxicity = 0, identity_any = 0  [n = 414]:	loss = 0.128  exp loss = 0.099  adjusted loss = 0.099  adv prob = 0.000000   acc = 0.973
  toxicity = 0, identity_any = 1  [n = 293]:	loss = 0.206  exp loss = 0.201  adjusted loss = 0.201  adv prob = 0.068053   acc = 0.949
  toxicity = 1, identity_any = 0  [n = 32]:	loss = 1.017  exp loss = 0.888  adjusted loss = 0.888  adv prob = 0.000000   acc = 0.656
  toxicity = 1, identity_any = 1  [n = 61]:	loss = 0.233  exp loss = 0.142  adjusted loss = 0.142  adv prob = 0.931947   acc = 0.902
Average incurred loss: 0.268  
Average sample loss: 0.179  
Average acc: 0.936  
  toxicity = 0, identity_any = 0  [n = 437]:	loss = 0.197  exp loss = 0.147  adjusted loss = 0.147  adv prob = 0.000000   acc = 0.961
  toxicity = 0, identity_any = 1  [n = 265]:	loss = 0.294  exp loss = 0.269  adjusted loss = 0.269  adv prob = 0.071118   acc = 0.936
  toxicity = 1, identity_any = 0  [n = 39]:	loss = 0.878  exp loss = 0.651  adjusted loss = 0.651  adv prob = 0.000000   acc = 0.744
  toxicity = 1, identity_any = 1  [n = 59]:	loss = 0.278  exp loss = 0.161  adjusted loss = 0.161  adv prob = 0.928882   acc = 0.881
Average incurred loss: 0.156  
Average sample loss: 0.252  
Average acc: 0.956  
  toxicity = 0, identity_any = 0  [n = 405]:	loss = 0.111  exp loss = 0.176  adjusted loss = 0.176  adv prob = 0.000000   acc = 0.978
  toxicity = 0, identity_any = 1  [n = 310]:	loss = 0.097  exp loss = 0.052  adjusted loss = 0.052  adv prob = 0.065538   acc = 0.977
  toxicity = 1, identity_any = 0  [n = 33]:	loss = 0.891  exp loss = 1.046  adjusted loss = 1.046  adv prob = 0.000000   acc = 0.758
  toxicity = 1, identity_any = 1  [n = 52]:	loss = 0.387  exp loss = 0.341  adjusted loss = 0.341  adv prob = 0.934462   acc = 0.788
Average incurred loss: 0.317  
Average sample loss: 0.403  
Average acc: 0.920  
  toxicity = 0, identity_any = 0  [n = 444]:	loss = 0.235  exp loss = 0.317  adjusted loss = 0.317  adv prob = 0.000000   acc = 0.950
  toxicity = 0, identity_any = 1  [n = 276]:	loss = 0.352  exp loss = 0.174  adjusted loss = 0.174  adv prob = 0.065133   acc = 0.924
  toxicity = 1, identity_any = 0  [n = 30]:	loss = 0.837  exp loss = 0.912  adjusted loss = 0.912  adv prob = 0.000000   acc = 0.733
  toxicity = 1, identity_any = 1  [n = 50]:	loss = 0.545  exp loss = 0.813  adjusted loss = 0.813  adv prob = 0.934867   acc = 0.740
Average incurred loss: 0.277  
Average sample loss: 0.153  
Average acc: 0.935  
  toxicity = 0, identity_any = 0  [n = 407]:	loss = 0.199  exp loss = 0.209  adjusted loss = 0.209  adv prob = 0.000000   acc = 0.961
  toxicity = 0, identity_any = 1  [n = 289]:	loss = 0.242  exp loss = 0.431  adjusted loss = 0.431  adv prob = 0.069457   acc = 0.952
  toxicity = 1, identity_any = 0  [n = 40]:	loss = 1.440  exp loss = 2.330  adjusted loss = 2.330  adv prob = 0.000000   acc = 0.650
  toxicity = 1, identity_any = 1  [n = 64]:	loss = 0.203  exp loss = 0.298  adjusted loss = 0.298  adv prob = 0.930543   acc = 0.875
Average incurred loss: 0.168  
Average sample loss: 0.187  
Average acc: 0.959  
  toxicity = 0, identity_any = 0  [n = 461]:	loss = 0.153  exp loss = 0.200  adjusted loss = 0.200  adv prob = 0.000000   acc = 0.967
  toxicity = 0, identity_any = 1  [n = 252]:	loss = 0.125  exp loss = 0.055  adjusted loss = 0.055  adv prob = 0.066716   acc = 0.980
  toxicity = 1, identity_any = 0  [n = 31]:	loss = 0.581  exp loss = 0.668  adjusted loss = 0.668  adv prob = 0.000000   acc = 0.806
  toxicity = 1, identity_any = 1  [n = 56]:	loss = 0.250  exp loss = 0.241  adjusted loss = 0.241  adv prob = 0.933284   acc = 0.875
Average incurred loss: 0.285  
Average sample loss: 0.364  
Average acc: 0.940  
  toxicity = 0, identity_any = 0  [n = 451]:	loss = 0.298  exp loss = 0.448  adjusted loss = 0.448  adv prob = 0.000000   acc = 0.949
  toxicity = 0, identity_any = 1  [n = 270]:	loss = 0.200  exp loss = 0.252  adjusted loss = 0.252  adv prob = 0.062719   acc = 0.956
  toxicity = 1, identity_any = 0  [n = 27]:	loss = 0.633  exp loss = 0.431  adjusted loss = 0.431  adv prob = 0.000000   acc = 0.852
  toxicity = 1, identity_any = 1  [n = 52]:	loss = 0.431  exp loss = 0.529  adjusted loss = 0.529  adv prob = 0.937281   acc = 0.827
Average incurred loss: 0.254  
Average sample loss: 0.098  
Average acc: 0.937  
  toxicity = 0, identity_any = 0  [n = 424]:	loss = 0.190  exp loss = 0.099  adjusted loss = 0.099  adv prob = 0.000000   acc = 0.965
  toxicity = 0, identity_any = 1  [n = 277]:	loss = 0.266  exp loss = 0.282  adjusted loss = 0.282  adv prob = 0.069202   acc = 0.939
  toxicity = 1, identity_any = 0  [n = 46]:	loss = 0.883  exp loss = 1.010  adjusted loss = 1.010  adv prob = 0.000000   acc = 0.717
  toxicity = 1, identity_any = 1  [n = 53]:	loss = 0.149  exp loss = 0.230  adjusted loss = 0.230  adv prob = 0.930798   acc = 0.906
Average incurred loss: 0.199  
Average sample loss: 0.278  
Average acc: 0.946  
  toxicity = 0, identity_any = 0  [n = 437]:	loss = 0.147  exp loss = 0.049  adjusted loss = 0.049  adv prob = 0.000000   acc = 0.973
  toxicity = 0, identity_any = 1  [n = 283]:	loss = 0.218  exp loss = 0.315  adjusted loss = 0.315  adv prob = 0.067372   acc = 0.947
  toxicity = 1, identity_any = 0  [n = 22]:	loss = 0.559  exp loss = 0.595  adjusted loss = 0.595  adv prob = 0.000000   acc = 0.773
  toxicity = 1, identity_any = 1  [n = 58]:	loss = 0.367  exp loss = 0.180  adjusted loss = 0.180  adv prob = 0.932628   acc = 0.810
Average incurred loss: 0.240  
Average sample loss: 0.297  
Average acc: 0.926  
  toxicity = 0, identity_any = 0  [n = 424]:	loss = 0.158  exp loss = 0.076  adjusted loss = 0.076  adv prob = 0.000000   acc = 0.955
  toxicity = 0, identity_any = 1  [n = 292]:	loss = 0.240  exp loss = 0.353  adjusted loss = 0.353  adv prob = 0.065877   acc = 0.938
  toxicity = 1, identity_any = 0  [n = 27]:	loss = 1.015  exp loss = 0.932  adjusted loss = 0.932  adv prob = 0.000000   acc = 0.741
  toxicity = 1, identity_any = 1  [n = 57]:	loss = 0.479  exp loss = 0.545  adjusted loss = 0.545  adv prob = 0.934123   acc = 0.737
Average incurred loss: 0.210  
Average sample loss: 0.118  
Average acc: 0.945  
  toxicity = 0, identity_any = 0  [n = 414]:	loss = 0.121  exp loss = 0.096  adjusted loss = 0.096  adv prob = 0.000000   acc = 0.973
  toxicity = 0, identity_any = 1  [n = 307]:	loss = 0.224  exp loss = 0.104  adjusted loss = 0.104  adv prob = 0.068277   acc = 0.941
  toxicity = 1, identity_any = 0  [n = 34]:	loss = 1.193  exp loss = 0.705  adjusted loss = 0.705  adv prob = 0.000000   acc = 0.676
  toxicity = 1, identity_any = 1  [n = 45]:	loss = 0.181  exp loss = 0.082  adjusted loss = 0.082  adv prob = 0.931723   acc = 0.911
Average incurred loss: 0.204  
Average sample loss: 0.343  
Average acc: 0.949  
  toxicity = 0, identity_any = 0  [n = 448]:	loss = 0.119  exp loss = 0.187  adjusted loss = 0.187  adv prob = 0.000000   acc = 0.975
  toxicity = 0, identity_any = 1  [n = 276]:	loss = 0.205  exp loss = 0.081  adjusted loss = 0.081  adv prob = 0.063943   acc = 0.957
  toxicity = 1, identity_any = 0  [n = 30]:	loss = 0.873  exp loss = 0.785  adjusted loss = 0.785  adv prob = 0.000000   acc = 0.733
  toxicity = 1, identity_any = 1  [n = 46]:	loss = 0.599  exp loss = 0.466  adjusted loss = 0.466  adv prob = 0.936057   acc = 0.783
Average incurred loss: 0.261  
Average sample loss: 0.201  
Average acc: 0.929  
  toxicity = 0, identity_any = 0  [n = 439]:	loss = 0.183  exp loss = 0.098  adjusted loss = 0.098  adv prob = 0.000000   acc = 0.952
  toxicity = 0, identity_any = 1  [n = 280]:	loss = 0.286  exp loss = 0.217  adjusted loss = 0.217  adv prob = 0.067088   acc = 0.936
  toxicity = 1, identity_any = 0  [n = 24]:	loss = 1.159  exp loss = 1.207  adjusted loss = 1.207  adv prob = 0.000000   acc = 0.583
  toxicity = 1, identity_any = 1  [n = 57]:	loss = 0.357  exp loss = 0.067  adjusted loss = 0.067  adv prob = 0.932912   acc = 0.860
Average incurred loss: 0.271  
Average sample loss: 0.418  
Average acc: 0.925  
  toxicity = 0, identity_any = 0  [n = 440]:	loss = 0.151  exp loss = 0.159  adjusted loss = 0.159  adv prob = 0.000000   acc = 0.966
  toxicity = 0, identity_any = 1  [n = 259]:	loss = 0.326  exp loss = 0.382  adjusted loss = 0.382  adv prob = 0.063620   acc = 0.919
  toxicity = 1, identity_any = 0  [n = 38]:	loss = 0.798  exp loss = 0.554  adjusted loss = 0.554  adv prob = 0.000000   acc = 0.737
  toxicity = 1, identity_any = 1  [n = 63]:	loss = 0.571  exp loss = 0.551  adjusted loss = 0.551  adv prob = 0.936380   acc = 0.778
Average incurred loss: 0.246  
Average sample loss: 0.340  
Average acc: 0.936  
  toxicity = 0, identity_any = 0  [n = 438]:	loss = 0.162  exp loss = 0.186  adjusted loss = 0.186  adv prob = 0.000000   acc = 0.961
  toxicity = 0, identity_any = 1  [n = 282]:	loss = 0.298  exp loss = 0.354  adjusted loss = 0.354  adv prob = 0.061888   acc = 0.933
  toxicity = 1, identity_any = 0  [n = 30]:	loss = 0.548  exp loss = 0.708  adjusted loss = 0.708  adv prob = 0.000000   acc = 0.800
  toxicity = 1, identity_any = 1  [n = 50]:	loss = 0.511  exp loss = 0.792  adjusted loss = 0.792  adv prob = 0.938112   acc = 0.820
Average incurred loss: 0.255  
Average sample loss: 0.118  
Average acc: 0.940  
  toxicity = 0, identity_any = 0  [n = 435]:	loss = 0.170  exp loss = 0.123  adjusted loss = 0.123  adv prob = 0.000000   acc = 0.963
  toxicity = 0, identity_any = 1  [n = 255]:	loss = 0.353  exp loss = 0.595  adjusted loss = 0.595  adv prob = 0.069657   acc = 0.933
  toxicity = 1, identity_any = 0  [n = 44]:	loss = 0.603  exp loss = 0.718  adjusted loss = 0.718  adv prob = 0.000000   acc = 0.750
  toxicity = 1, identity_any = 1  [n = 66]:	loss = 0.203  exp loss = 0.097  adjusted loss = 0.097  adv prob = 0.930343   acc = 0.939
Average incurred loss: 0.223  
Average sample loss: 0.158  
Average acc: 0.945  
  toxicity = 0, identity_any = 0  [n = 435]:	loss = 0.148  exp loss = 0.086  adjusted loss = 0.086  adv prob = 0.000000   acc = 0.966
  toxicity = 0, identity_any = 1  [n = 283]:	loss = 0.257  exp loss = 0.440  adjusted loss = 0.440  adv prob = 0.073343   acc = 0.951
  toxicity = 1, identity_any = 0  [n = 31]:	loss = 0.907  exp loss = 1.117  adjusted loss = 1.117  adv prob = 0.000000   acc = 0.710
  toxicity = 1, identity_any = 1  [n = 51]:	loss = 0.268  exp loss = 0.211  adjusted loss = 0.211  adv prob = 0.926657   acc = 0.882
Average incurred loss: 0.263  
Average sample loss: 0.281  
Average acc: 0.929  
  toxicity = 0, identity_any = 0  [n = 410]:	loss = 0.236  exp loss = 0.356  adjusted loss = 0.356  adv prob = 0.000000   acc = 0.954
  toxicity = 0, identity_any = 1  [n = 300]:	loss = 0.195  exp loss = 0.134  adjusted loss = 0.134  adv prob = 0.069048   acc = 0.957
  toxicity = 1, identity_any = 0  [n = 42]:	loss = 0.715  exp loss = 0.396  adjusted loss = 0.396  adv prob = 0.000000   acc = 0.690
  toxicity = 1, identity_any = 1  [n = 48]:	loss = 0.525  exp loss = 0.594  adjusted loss = 0.594  adv prob = 0.930952   acc = 0.750
Average incurred loss: 0.257  
Average sample loss: 0.265  
Average acc: 0.930  
  toxicity = 0, identity_any = 0  [n = 428]:	loss = 0.193  exp loss = 0.083  adjusted loss = 0.083  adv prob = 0.000000   acc = 0.963
  toxicity = 0, identity_any = 1  [n = 270]:	loss = 0.192  exp loss = 0.127  adjusted loss = 0.127  adv prob = 0.065601   acc = 0.944
  toxicity = 1, identity_any = 0  [n = 43]:	loss = 1.060  exp loss = 1.325  adjusted loss = 1.325  adv prob = 0.000000   acc = 0.628
  toxicity = 1, identity_any = 1  [n = 59]:	loss = 0.433  exp loss = 0.433  adjusted loss = 0.433  adv prob = 0.934399   acc = 0.847
Average incurred loss: 0.244  
Average sample loss: 0.163  
Average acc: 0.936  
  toxicity = 0, identity_any = 0  [n = 437]:	loss = 0.189  exp loss = 0.288  adjusted loss = 0.288  adv prob = 0.000000   acc = 0.966
  toxicity = 0, identity_any = 1  [n = 275]:	loss = 0.264  exp loss = 0.182  adjusted loss = 0.182  adv prob = 0.069672   acc = 0.938
  toxicity = 1, identity_any = 0  [n = 30]:	loss = 0.832  exp loss = 1.198  adjusted loss = 1.198  adv prob = 0.000000   acc = 0.633
  toxicity = 1, identity_any = 1  [n = 58]:	loss = 0.259  exp loss = 0.180  adjusted loss = 0.180  adv prob = 0.930328   acc = 0.862
Average incurred loss: 0.240  
Average sample loss: 0.375  
Average acc: 0.936  
  toxicity = 0, identity_any = 0  [n = 419]:	loss = 0.160  exp loss = 0.136  adjusted loss = 0.136  adv prob = 0.000000   acc = 0.967
  toxicity = 0, identity_any = 1  [n = 278]:	loss = 0.218  exp loss = 0.237  adjusted loss = 0.237  adv prob = 0.063086   acc = 0.964
  toxicity = 1, identity_any = 0  [n = 44]:	loss = 0.869  exp loss = 1.113  adjusted loss = 1.113  adv prob = 0.000000   acc = 0.636
  toxicity = 1, identity_any = 1  [n = 59]:	loss = 0.444  exp loss = 0.453  adjusted loss = 0.453  adv prob = 0.936914   acc = 0.814
Average incurred loss: 0.264  
Average sample loss: 0.204  
Average acc: 0.931  
  toxicity = 0, identity_any = 0  [n = 438]:	loss = 0.223  exp loss = 0.125  adjusted loss = 0.125  adv prob = 0.000000   acc = 0.952
  toxicity = 0, identity_any = 1  [n = 284]:	loss = 0.293  exp loss = 0.436  adjusted loss = 0.436  adv prob = 0.067217   acc = 0.933
  toxicity = 1, identity_any = 0  [n = 30]:	loss = 0.438  exp loss = 0.779  adjusted loss = 0.779  adv prob = 0.000000   acc = 0.833
  toxicity = 1, identity_any = 1  [n = 48]:	loss = 0.353  exp loss = 0.158  adjusted loss = 0.158  adv prob = 0.932783   acc = 0.792
Average incurred loss: 0.211  
Average sample loss: 0.330  
Average acc: 0.944  
  toxicity = 0, identity_any = 0  [n = 419]:	loss = 0.122  exp loss = 0.168  adjusted loss = 0.168  adv prob = 0.000000   acc = 0.969
  toxicity = 0, identity_any = 1  [n = 293]:	loss = 0.221  exp loss = 0.254  adjusted loss = 0.254  adv prob = 0.063777   acc = 0.952
  toxicity = 1, identity_any = 0  [n = 34]:	loss = 0.858  exp loss = 0.909  adjusted loss = 0.909  adv prob = 0.000000   acc = 0.794
  toxicity = 1, identity_any = 1  [n = 54]:	loss = 0.436  exp loss = 0.726  adjusted loss = 0.726  adv prob = 0.936223   acc = 0.796
Average incurred loss: 0.218  
Average sample loss: 0.207  
Average acc: 0.942  
  toxicity = 0, identity_any = 0  [n = 409]:	loss = 0.177  exp loss = 0.153  adjusted loss = 0.153  adv prob = 0.000000   acc = 0.963
  toxicity = 0, identity_any = 1  [n = 285]:	loss = 0.218  exp loss = 0.221  adjusted loss = 0.221  adv prob = 0.064018   acc = 0.954
  toxicity = 1, identity_any = 0  [n = 37]:	loss = 0.632  exp loss = 0.472  adjusted loss = 0.472  adv prob = 0.000000   acc = 0.757
  toxicity = 1, identity_any = 1  [n = 69]:	loss = 0.236  exp loss = 0.441  adjusted loss = 0.441  adv prob = 0.935982   acc = 0.870
Average incurred loss: 0.297  
Average sample loss: 0.284  
Average acc: 0.919  
  toxicity = 0, identity_any = 0  [n = 425]:	loss = 0.248  exp loss = 0.176  adjusted loss = 0.176  adv prob = 0.000000   acc = 0.946
  toxicity = 0, identity_any = 1  [n = 277]:	loss = 0.270  exp loss = 0.297  adjusted loss = 0.297  adv prob = 0.063677   acc = 0.935
  toxicity = 1, identity_any = 0  [n = 43]:	loss = 0.644  exp loss = 0.369  adjusted loss = 0.369  adv prob = 0.000000   acc = 0.721
  toxicity = 1, identity_any = 1  [n = 55]:	loss = 0.541  exp loss = 0.439  adjusted loss = 0.439  adv prob = 0.936323   acc = 0.782
Average incurred loss: 0.251  
Average sample loss: 0.132  
Average acc: 0.935  
  toxicity = 0, identity_any = 0  [n = 450]:	loss = 0.181  exp loss = 0.211  adjusted loss = 0.211  adv prob = 0.000000   acc = 0.962
  toxicity = 0, identity_any = 1  [n = 263]:	loss = 0.291  exp loss = 0.265  adjusted loss = 0.265  adv prob = 0.068778   acc = 0.932
  toxicity = 1, identity_any = 0  [n = 34]:	loss = 0.954  exp loss = 1.008  adjusted loss = 1.008  adv prob = 0.000000   acc = 0.706
  toxicity = 1, identity_any = 1  [n = 53]:	loss = 0.203  exp loss = 0.219  adjusted loss = 0.219  adv prob = 0.931222   acc = 0.868
Average incurred loss: 0.222  
Average sample loss: 0.251  
Average acc: 0.946  
  toxicity = 0, identity_any = 0  [n = 404]:	loss = 0.178  exp loss = 0.219  adjusted loss = 0.219  adv prob = 0.000000   acc = 0.963
  toxicity = 0, identity_any = 1  [n = 302]:	loss = 0.251  exp loss = 0.268  adjusted loss = 0.268  adv prob = 0.069894   acc = 0.944
  toxicity = 1, identity_any = 0  [n = 34]:	loss = 0.435  exp loss = 0.310  adjusted loss = 0.310  adv prob = 0.000000   acc = 0.882
  toxicity = 1, identity_any = 1  [n = 60]:	loss = 0.256  exp loss = 0.504  adjusted loss = 0.504  adv prob = 0.930106   acc = 0.883
Average incurred loss: 0.214  
Average sample loss: 0.305  
Average acc: 0.946  
  toxicity = 0, identity_any = 0  [n = 449]:	loss = 0.129  exp loss = 0.060  adjusted loss = 0.060  adv prob = 0.000000   acc = 0.976
  toxicity = 0, identity_any = 1  [n = 267]:	loss = 0.259  exp loss = 0.198  adjusted loss = 0.198  adv prob = 0.067630   acc = 0.944
  toxicity = 1, identity_any = 0  [n = 32]:	loss = 0.803  exp loss = 1.097  adjusted loss = 1.097  adv prob = 0.000000   acc = 0.688
  toxicity = 1, identity_any = 1  [n = 52]:	loss = 0.356  exp loss = 0.535  adjusted loss = 0.535  adv prob = 0.932370   acc = 0.865
Average incurred loss: 0.205  
Average sample loss: 0.264  
Average acc: 0.942  
  toxicity = 0, identity_any = 0  [n = 404]:	loss = 0.114  exp loss = 0.103  adjusted loss = 0.103  adv prob = 0.000000   acc = 0.975
  toxicity = 0, identity_any = 1  [n = 300]:	loss = 0.266  exp loss = 0.178  adjusted loss = 0.178  adv prob = 0.066371   acc = 0.937
  toxicity = 1, identity_any = 0  [n = 35]:	loss = 0.495  exp loss = 0.361  adjusted loss = 0.361  adv prob = 0.000000   acc = 0.829
  toxicity = 1, identity_any = 1  [n = 61]:	loss = 0.350  exp loss = 0.272  adjusted loss = 0.272  adv prob = 0.933629   acc = 0.820
Average incurred loss: 0.283  
Average sample loss: 0.269  
Average acc: 0.925  
  toxicity = 0, identity_any = 0  [n = 431]:	loss = 0.123  exp loss = 0.136  adjusted loss = 0.136  adv prob = 0.000000   acc = 0.977
  toxicity = 0, identity_any = 1  [n = 279]:	loss = 0.380  exp loss = 0.286  adjusted loss = 0.286  adv prob = 0.069655   acc = 0.910
  toxicity = 1, identity_any = 0  [n = 42]:	loss = 1.163  exp loss = 1.302  adjusted loss = 1.302  adv prob = 0.000000   acc = 0.643
  toxicity = 1, identity_any = 1  [n = 48]:	loss = 0.376  exp loss = 0.250  adjusted loss = 0.250  adv prob = 0.930345   acc = 0.792
Average incurred loss: 0.257  
Average sample loss: 0.198  
Average acc: 0.932  
  toxicity = 0, identity_any = 0  [n = 428]:	loss = 0.167  exp loss = 0.185  adjusted loss = 0.185  adv prob = 0.000000   acc = 0.965
  toxicity = 0, identity_any = 1  [n = 282]:	loss = 0.349  exp loss = 0.563  adjusted loss = 0.563  adv prob = 0.075638   acc = 0.922
  toxicity = 1, identity_any = 0  [n = 32]:	loss = 0.479  exp loss = 0.447  adjusted loss = 0.447  adv prob = 0.000000   acc = 0.781
  toxicity = 1, identity_any = 1  [n = 58]:	loss = 0.350  exp loss = 0.165  adjusted loss = 0.165  adv prob = 0.924362   acc = 0.828
Average incurred loss: 0.302  
Average sample loss: 0.308  
Average acc: 0.916  
  toxicity = 0, identity_any = 0  [n = 416]:	loss = 0.287  exp loss = 0.324  adjusted loss = 0.324  adv prob = 0.000000   acc = 0.940
  toxicity = 0, identity_any = 1  [n = 299]:	loss = 0.277  exp loss = 0.295  adjusted loss = 0.295  adv prob = 0.075099   acc = 0.920
  toxicity = 1, identity_any = 0  [n = 28]:	loss = 0.678  exp loss = 0.540  adjusted loss = 0.540  adv prob = 0.000000   acc = 0.714
  toxicity = 1, identity_any = 1  [n = 57]:	loss = 0.354  exp loss = 0.339  adjusted loss = 0.339  adv prob = 0.924901   acc = 0.825
Average incurred loss: 0.191  
Average sample loss: 0.342  
Average acc: 0.941  
  toxicity = 0, identity_any = 0  [n = 415]:	loss = 0.125  exp loss = 0.060  adjusted loss = 0.060  adv prob = 0.000000   acc = 0.971
  toxicity = 0, identity_any = 1  [n = 282]:	loss = 0.193  exp loss = 0.159  adjusted loss = 0.159  adv prob = 0.069014   acc = 0.950
  toxicity = 1, identity_any = 0  [n = 40]:	loss = 0.655  exp loss = 0.966  adjusted loss = 0.966  adv prob = 0.000000   acc = 0.725
  toxicity = 1, identity_any = 1  [n = 63]:	loss = 0.323  exp loss = 0.319  adjusted loss = 0.319  adv prob = 0.930986   acc = 0.841
Average incurred loss: 0.198  
Average sample loss: 0.249  
Average acc: 0.946  
  toxicity = 0, identity_any = 0  [n = 420]:	loss = 0.098  exp loss = 0.097  adjusted loss = 0.097  adv prob = 0.000000   acc = 0.981
  toxicity = 0, identity_any = 1  [n = 288]:	loss = 0.223  exp loss = 0.290  adjusted loss = 0.290  adv prob = 0.070358   acc = 0.955
  toxicity = 1, identity_any = 0  [n = 37]:	loss = 0.817  exp loss = 0.664  adjusted loss = 0.664  adv prob = 0.000000   acc = 0.730
  toxicity = 1, identity_any = 1  [n = 55]:	loss = 0.422  exp loss = 0.458  adjusted loss = 0.458  adv prob = 0.929642   acc = 0.782
Average incurred loss: 0.256  
Average sample loss: 0.315  
Average acc: 0.923  
  toxicity = 0, identity_any = 0  [n = 405]:	loss = 0.156  exp loss = 0.069  adjusted loss = 0.069  adv prob = 0.000000   acc = 0.968
  toxicity = 0, identity_any = 1  [n = 297]:	loss = 0.286  exp loss = 0.177  adjusted loss = 0.177  adv prob = 0.068874   acc = 0.929
  toxicity = 1, identity_any = 0  [n = 39]:	loss = 0.855  exp loss = 0.964  adjusted loss = 0.964  adv prob = 0.000000   acc = 0.590
  toxicity = 1, identity_any = 1  [n = 59]:	loss = 0.394  exp loss = 0.749  adjusted loss = 0.749  adv prob = 0.931126   acc = 0.797
Average incurred loss: 0.195  
Average sample loss: 0.107  
Average acc: 0.950  
  toxicity = 0, identity_any = 0  [n = 448]:	loss = 0.120  exp loss = 0.060  adjusted loss = 0.060  adv prob = 0.000000   acc = 0.973
  toxicity = 0, identity_any = 1  [n = 280]:	loss = 0.284  exp loss = 0.160  adjusted loss = 0.160  adv prob = 0.075773   acc = 0.936
  toxicity = 1, identity_any = 0  [n = 24]:	loss = 0.720  exp loss = 1.105  adjusted loss = 1.105  adv prob = 0.000000   acc = 0.708
  toxicity = 1, identity_any = 1  [n = 48]:	loss = 0.114  exp loss = 0.272  adjusted loss = 0.272  adv prob = 0.924227   acc = 0.938
Average incurred loss: 0.245  
Average sample loss: 0.291  
Average acc: 0.930  
  toxicity = 0, identity_any = 0  [n = 430]:	loss = 0.129  exp loss = 0.116  adjusted loss = 0.116  adv prob = 0.000000   acc = 0.972
  toxicity = 0, identity_any = 1  [n = 267]:	loss = 0.277  exp loss = 0.429  adjusted loss = 0.429  adv prob = 0.076202   acc = 0.918
  toxicity = 1, identity_any = 0  [n = 43]:	loss = 0.924  exp loss = 1.033  adjusted loss = 1.033  adv prob = 0.000000   acc = 0.721
  toxicity = 1, identity_any = 1  [n = 60]:	loss = 0.457  exp loss = 0.362  adjusted loss = 0.362  adv prob = 0.923798   acc = 0.833
Average incurred loss: 0.218  
Average sample loss: 0.144  
Average acc: 0.946  
  toxicity = 0, identity_any = 0  [n = 429]:	loss = 0.169  exp loss = 0.240  adjusted loss = 0.240  adv prob = 0.000000   acc = 0.963
  toxicity = 0, identity_any = 1  [n = 285]:	loss = 0.225  exp loss = 0.220  adjusted loss = 0.220  adv prob = 0.079408   acc = 0.951
  toxicity = 1, identity_any = 0  [n = 30]:	loss = 0.809  exp loss = 0.815  adjusted loss = 0.815  adv prob = 0.000000   acc = 0.767
  toxicity = 1, identity_any = 1  [n = 56]:	loss = 0.240  exp loss = 0.074  adjusted loss = 0.074  adv prob = 0.920592   acc = 0.893
Average incurred loss: 0.210  
Average sample loss: 0.306  
Average acc: 0.945  
  toxicity = 0, identity_any = 0  [n = 429]:	loss = 0.106  exp loss = 0.089  adjusted loss = 0.089  adv prob = 0.000000   acc = 0.977
  toxicity = 0, identity_any = 1  [n = 279]:	loss = 0.199  exp loss = 0.222  adjusted loss = 0.222  adv prob = 0.075278   acc = 0.953
  toxicity = 1, identity_any = 0  [n = 37]:	loss = 1.094  exp loss = 1.825  adjusted loss = 1.825  adv prob = 0.000000   acc = 0.676
  toxicity = 1, identity_any = 1  [n = 55]:	loss = 0.485  exp loss = 0.318  adjusted loss = 0.318  adv prob = 0.924722   acc = 0.836
Average incurred loss: 0.223  
Average sample loss: 0.196  
Average acc: 0.942  
  toxicity = 0, identity_any = 0  [n = 397]:	loss = 0.157  exp loss = 0.233  adjusted loss = 0.233  adv prob = 0.000000   acc = 0.970
  toxicity = 0, identity_any = 1  [n = 310]:	loss = 0.256  exp loss = 0.218  adjusted loss = 0.218  adv prob = 0.077731   acc = 0.935
  toxicity = 1, identity_any = 0  [n = 30]:	loss = 0.706  exp loss = 0.614  adjusted loss = 0.614  adv prob = 0.000000   acc = 0.800
  toxicity = 1, identity_any = 1  [n = 63]:	loss = 0.250  exp loss = 0.227  adjusted loss = 0.227  adv prob = 0.922269   acc = 0.873
Average incurred loss: 0.210  
Average sample loss: 0.361  
Average acc: 0.949  
  toxicity = 0, identity_any = 0  [n = 443]:	loss = 0.172  exp loss = 0.239  adjusted loss = 0.239  adv prob = 0.000000   acc = 0.959
  toxicity = 0, identity_any = 1  [n = 271]:	loss = 0.181  exp loss = 0.095  adjusted loss = 0.095  adv prob = 0.070334   acc = 0.963
  toxicity = 1, identity_any = 0  [n = 28]:	loss = 0.742  exp loss = 0.940  adjusted loss = 0.940  adv prob = 0.000000   acc = 0.714
  toxicity = 1, identity_any = 1  [n = 58]:	loss = 0.368  exp loss = 0.678  adjusted loss = 0.678  adv prob = 0.929666   acc = 0.914
Average incurred loss: 0.279  
Average sample loss: 0.331  
Average acc: 0.936  
  toxicity = 0, identity_any = 0  [n = 437]:	loss = 0.252  exp loss = 0.283  adjusted loss = 0.283  adv prob = 0.000000   acc = 0.954
  toxicity = 0, identity_any = 1  [n = 258]:	loss = 0.231  exp loss = 0.276  adjusted loss = 0.276  adv prob = 0.065581   acc = 0.953
  toxicity = 1, identity_any = 0  [n = 40]:	loss = 0.594  exp loss = 0.472  adjusted loss = 0.472  adv prob = 0.000000   acc = 0.800
  toxicity = 1, identity_any = 1  [n = 65]:	loss = 0.461  exp loss = 0.104  adjusted loss = 0.104  adv prob = 0.934419   acc = 0.831
Average incurred loss: 0.221  
Average sample loss: 0.239  
Average acc: 0.939  
  toxicity = 0, identity_any = 0  [n = 446]:	loss = 0.140  exp loss = 0.093  adjusted loss = 0.093  adv prob = 0.000000   acc = 0.969
  toxicity = 0, identity_any = 1  [n = 261]:	loss = 0.247  exp loss = 0.114  adjusted loss = 0.114  adv prob = 0.064712   acc = 0.939
  toxicity = 1, identity_any = 0  [n = 36]:	loss = 0.818  exp loss = 0.839  adjusted loss = 0.839  adv prob = 0.000000   acc = 0.722
  toxicity = 1, identity_any = 1  [n = 57]:	loss = 0.361  exp loss = 0.364  adjusted loss = 0.364  adv prob = 0.935288   acc = 0.842
Average incurred loss: 0.297  
Average sample loss: 0.287  
Average acc: 0.934  
  toxicity = 0, identity_any = 0  [n = 441]:	loss = 0.233  exp loss = 0.334  adjusted loss = 0.334  adv prob = 0.000000   acc = 0.955
  toxicity = 0, identity_any = 1  [n = 280]:	loss = 0.316  exp loss = 0.441  adjusted loss = 0.441  adv prob = 0.064696   acc = 0.939
  toxicity = 1, identity_any = 0  [n = 31]:	loss = 0.572  exp loss = 0.488  adjusted loss = 0.488  adv prob = 0.000000   acc = 0.839
  toxicity = 1, identity_any = 1  [n = 48]:	loss = 0.585  exp loss = 0.566  adjusted loss = 0.566  adv prob = 0.935304   acc = 0.771
Average incurred loss: 0.198  
Average sample loss: 0.224  
Average acc: 0.956  
  toxicity = 0, identity_any = 0  [n = 407]:	loss = 0.213  exp loss = 0.173  adjusted loss = 0.173  adv prob = 0.000000   acc = 0.961
  toxicity = 0, identity_any = 1  [n = 312]:	loss = 0.130  exp loss = 0.079  adjusted loss = 0.079  adv prob = 0.061989   acc = 0.978
  toxicity = 1, identity_any = 0  [n = 31]:	loss = 0.581  exp loss = 0.784  adjusted loss = 0.784  adv prob = 0.000000   acc = 0.806
  toxicity = 1, identity_any = 1  [n = 50]:	loss = 0.273  exp loss = 0.118  adjusted loss = 0.118  adv prob = 0.938011   acc = 0.880
Average incurred loss: 0.242  
Average sample loss: 0.348  
Average acc: 0.939  
  toxicity = 0, identity_any = 0  [n = 435]:	loss = 0.228  exp loss = 0.213  adjusted loss = 0.213  adv prob = 0.000000   acc = 0.956
  toxicity = 0, identity_any = 1  [n = 283]:	loss = 0.161  exp loss = 0.099  adjusted loss = 0.099  adv prob = 0.055917   acc = 0.968
  toxicity = 1, identity_any = 0  [n = 33]:	loss = 0.523  exp loss = 0.593  adjusted loss = 0.593  adv prob = 0.000000   acc = 0.788
  toxicity = 1, identity_any = 1  [n = 49]:	loss = 0.644  exp loss = 0.910  adjusted loss = 0.910  adv prob = 0.944083   acc = 0.714
Average incurred loss: 0.323  
Average sample loss: 0.332  
Average acc: 0.916  
  toxicity = 0, identity_any = 0  [n = 426]:	loss = 0.237  exp loss = 0.368  adjusted loss = 0.368  adv prob = 0.000000   acc = 0.960
  toxicity = 0, identity_any = 1  [n = 280]:	loss = 0.337  exp loss = 0.230  adjusted loss = 0.230  adv prob = 0.055824   acc = 0.918
  toxicity = 1, identity_any = 0  [n = 37]:	loss = 0.970  exp loss = 1.224  adjusted loss = 1.224  adv prob = 0.000000   acc = 0.649
  toxicity = 1, identity_any = 1  [n = 57]:	loss = 0.485  exp loss = 0.612  adjusted loss = 0.612  adv prob = 0.944176   acc = 0.754
Average incurred loss: 0.229  
Average sample loss: 0.141  
Average acc: 0.946  
  toxicity = 0, identity_any = 0  [n = 436]:	loss = 0.171  exp loss = 0.126  adjusted loss = 0.126  adv prob = 0.000000   acc = 0.975
  toxicity = 0, identity_any = 1  [n = 283]:	loss = 0.225  exp loss = 0.168  adjusted loss = 0.168  adv prob = 0.058013   acc = 0.943
  toxicity = 1, identity_any = 0  [n = 31]:	loss = 1.037  exp loss = 1.380  adjusted loss = 1.380  adv prob = 0.000000   acc = 0.645
  toxicity = 1, identity_any = 1  [n = 50]:	loss = 0.260  exp loss = 0.302  adjusted loss = 0.302  adv prob = 0.941987   acc = 0.900
Average incurred loss: 0.218  
Average sample loss: 0.189  
Average acc: 0.940  
  toxicity = 0, identity_any = 0  [n = 420]:	loss = 0.131  exp loss = 0.122  adjusted loss = 0.122  adv prob = 0.000000   acc = 0.974
  toxicity = 0, identity_any = 1  [n = 284]:	loss = 0.281  exp loss = 0.668  adjusted loss = 0.668  adv prob = 0.063871   acc = 0.933
  toxicity = 1, identity_any = 0  [n = 41]:	loss = 0.554  exp loss = 0.418  adjusted loss = 0.418  adv prob = 0.000000   acc = 0.756
  toxicity = 1, identity_any = 1  [n = 55]:	loss = 0.302  exp loss = 0.157  adjusted loss = 0.157  adv prob = 0.936129   acc = 0.855
Average incurred loss: 0.222  
Average sample loss: 0.296  
Average acc: 0.938  
  toxicity = 0, identity_any = 0  [n = 427]:	loss = 0.105  exp loss = 0.161  adjusted loss = 0.161  adv prob = 0.000000   acc = 0.977
  toxicity = 0, identity_any = 1  [n = 285]:	loss = 0.308  exp loss = 0.419  adjusted loss = 0.419  adv prob = 0.063896   acc = 0.933
  toxicity = 1, identity_any = 0  [n = 32]:	loss = 0.822  exp loss = 0.740  adjusted loss = 0.740  adv prob = 0.000000   acc = 0.687
  toxicity = 1, identity_any = 1  [n = 56]:	loss = 0.343  exp loss = 0.338  adjusted loss = 0.338  adv prob = 0.936104   acc = 0.804
Average incurred loss: 0.143  
Average sample loss: 0.160  
Average acc: 0.964  
  toxicity = 0, identity_any = 0  [n = 448]:	loss = 0.077  exp loss = 0.057  adjusted loss = 0.057  adv prob = 0.000000   acc = 0.987
  toxicity = 0, identity_any = 1  [n = 285]:	loss = 0.174  exp loss = 0.187  adjusted loss = 0.187  adv prob = 0.063771   acc = 0.965
  toxicity = 1, identity_any = 0  [n = 31]:	loss = 0.603  exp loss = 1.024  adjusted loss = 1.024  adv prob = 0.000000   acc = 0.742
  toxicity = 1, identity_any = 1  [n = 36]:	loss = 0.325  exp loss = 0.557  adjusted loss = 0.557  adv prob = 0.936229   acc = 0.861
Average incurred loss: 0.195  
Average sample loss: 0.223  
Average acc: 0.946  
  toxicity = 0, identity_any = 0  [n = 422]:	loss = 0.140  exp loss = 0.135  adjusted loss = 0.135  adv prob = 0.000000   acc = 0.979
  toxicity = 0, identity_any = 1  [n = 286]:	loss = 0.131  exp loss = 0.184  adjusted loss = 0.184  adv prob = 0.060441   acc = 0.965
  toxicity = 1, identity_any = 0  [n = 29]:	loss = 1.280  exp loss = 1.513  adjusted loss = 1.513  adv prob = 0.000000   acc = 0.621
  toxicity = 1, identity_any = 1  [n = 63]:	loss = 0.361  exp loss = 0.232  adjusted loss = 0.232  adv prob = 0.939559   acc = 0.794
Average incurred loss: 0.245  
Average sample loss: 0.193  
Average acc: 0.936  
  toxicity = 0, identity_any = 0  [n = 434]:	loss = 0.143  exp loss = 0.208  adjusted loss = 0.208  adv prob = 0.000000   acc = 0.970
  toxicity = 0, identity_any = 1  [n = 274]:	loss = 0.266  exp loss = 0.284  adjusted loss = 0.284  adv prob = 0.062274   acc = 0.949
  toxicity = 1, identity_any = 0  [n = 35]:	loss = 1.152  exp loss = 1.160  adjusted loss = 1.160  adv prob = 0.000000   acc = 0.629
  toxicity = 1, identity_any = 1  [n = 57]:	loss = 0.360  exp loss = 0.159  adjusted loss = 0.159  adv prob = 0.937726   acc = 0.807
Average incurred loss: 0.214  
Average sample loss: 0.189  
Average acc: 0.946  
  toxicity = 0, identity_any = 0  [n = 444]:	loss = 0.161  exp loss = 0.262  adjusted loss = 0.262  adv prob = 0.000000   acc = 0.973
  toxicity = 0, identity_any = 1  [n = 274]:	loss = 0.208  exp loss = 0.382  adjusted loss = 0.382  adv prob = 0.063696   acc = 0.956
  toxicity = 1, identity_any = 0  [n = 27]:	loss = 1.035  exp loss = 0.968  adjusted loss = 0.968  adv prob = 0.000000   acc = 0.593
  toxicity = 1, identity_any = 1  [n = 55]:	loss = 0.272  exp loss = 0.318  adjusted loss = 0.318  adv prob = 0.936304   acc = 0.855
Average incurred loss: 0.201  
Average sample loss: 0.277  
Average acc: 0.940  
  toxicity = 0, identity_any = 0  [n = 428]:	loss = 0.064  exp loss = 0.127  adjusted loss = 0.127  adv prob = 0.000000   acc = 0.984
  toxicity = 0, identity_any = 1  [n = 284]:	loss = 0.228  exp loss = 0.225  adjusted loss = 0.225  adv prob = 0.063111   acc = 0.940
  toxicity = 1, identity_any = 0  [n = 37]:	loss = 1.200  exp loss = 1.154  adjusted loss = 1.154  adv prob = 0.000000   acc = 0.649
  toxicity = 1, identity_any = 1  [n = 51]:	loss = 0.472  exp loss = 0.507  adjusted loss = 0.507  adv prob = 0.936889   acc = 0.784
Average incurred loss: 0.304  
Average sample loss: 0.176  
Average acc: 0.926  
  toxicity = 0, identity_any = 0  [n = 415]:	loss = 0.265  exp loss = 0.221  adjusted loss = 0.221  adv prob = 0.000000   acc = 0.952
  toxicity = 0, identity_any = 1  [n = 283]:	loss = 0.300  exp loss = 0.270  adjusted loss = 0.270  adv prob = 0.067145   acc = 0.936
  toxicity = 1, identity_any = 0  [n = 45]:	loss = 0.735  exp loss = 0.455  adjusted loss = 0.455  adv prob = 0.000000   acc = 0.711
  toxicity = 1, identity_any = 1  [n = 57]:	loss = 0.271  exp loss = 0.270  adjusted loss = 0.270  adv prob = 0.932855   acc = 0.860
Average incurred loss: 0.284  
Average sample loss: 0.316  
Average acc: 0.929  
  toxicity = 0, identity_any = 0  [n = 437]:	loss = 0.237  exp loss = 0.304  adjusted loss = 0.304  adv prob = 0.000000   acc = 0.954
  toxicity = 0, identity_any = 1  [n = 287]:	loss = 0.267  exp loss = 0.207  adjusted loss = 0.207  adv prob = 0.064542   acc = 0.930
  toxicity = 1, identity_any = 0  [n = 24]:	loss = 1.120  exp loss = 0.739  adjusted loss = 0.739  adv prob = 0.000000   acc = 0.708
  toxicity = 1, identity_any = 1  [n = 52]:	loss = 0.392  exp loss = 0.438  adjusted loss = 0.438  adv prob = 0.935458   acc = 0.808
Average incurred loss: 0.191  
Average sample loss: 0.167  
Average acc: 0.951  
  toxicity = 0, identity_any = 0  [n = 443]:	loss = 0.116  exp loss = 0.108  adjusted loss = 0.108  adv prob = 0.000000   acc = 0.975
  toxicity = 0, identity_any = 1  [n = 273]:	loss = 0.203  exp loss = 0.395  adjusted loss = 0.395  adv prob = 0.066538   acc = 0.960
  toxicity = 1, identity_any = 0  [n = 34]:	loss = 0.992  exp loss = 0.920  adjusted loss = 0.920  adv prob = 0.000000   acc = 0.647
  toxicity = 1, identity_any = 1  [n = 50]:	loss = 0.245  exp loss = 0.253  adjusted loss = 0.253  adv prob = 0.933461   acc = 0.900
Average incurred loss: 0.195  
Average sample loss: 0.181  
Average acc: 0.949  
  toxicity = 0, identity_any = 0  [n = 417]:	loss = 0.151  exp loss = 0.101  adjusted loss = 0.101  adv prob = 0.000000   acc = 0.966
  toxicity = 0, identity_any = 1  [n = 304]:	loss = 0.216  exp loss = 0.174  adjusted loss = 0.174  adv prob = 0.067623   acc = 0.947
  toxicity = 1, identity_any = 0  [n = 29]:	loss = 0.451  exp loss = 0.349  adjusted loss = 0.349  adv prob = 0.000000   acc = 0.862
  toxicity = 1, identity_any = 1  [n = 50]:	loss = 0.294  exp loss = 0.337  adjusted loss = 0.337  adv prob = 0.932377   acc = 0.860
Average incurred loss: 0.179  
Average sample loss: 0.547  
Average acc: 0.944  
  toxicity = 0, identity_any = 0  [n = 412]:	loss = 0.075  exp loss = 0.170  adjusted loss = 0.170  adv prob = 0.000000   acc = 0.983
  toxicity = 0, identity_any = 1  [n = 300]:	loss = 0.146  exp loss = 0.187  adjusted loss = 0.187  adv prob = 0.055253   acc = 0.960
  toxicity = 1, identity_any = 0  [n = 31]:	loss = 0.787  exp loss = 0.745  adjusted loss = 0.745  adv prob = 0.000000   acc = 0.742
  toxicity = 1, identity_any = 1  [n = 57]:	loss = 0.771  exp loss = 0.575  adjusted loss = 0.575  adv prob = 0.944747   acc = 0.684
Average incurred loss: 0.225  
Average sample loss: 0.218  
Average acc: 0.944  
  toxicity = 0, identity_any = 0  [n = 431]:	loss = 0.179  exp loss = 0.201  adjusted loss = 0.201  adv prob = 0.000000   acc = 0.958
  toxicity = 0, identity_any = 1  [n = 285]:	loss = 0.278  exp loss = 0.251  adjusted loss = 0.251  adv prob = 0.056870   acc = 0.937
  toxicity = 1, identity_any = 0  [n = 30]:	loss = 0.250  exp loss = 0.265  adjusted loss = 0.265  adv prob = 0.000000   acc = 0.900
  toxicity = 1, identity_any = 1  [n = 54]:	loss = 0.304  exp loss = 0.263  adjusted loss = 0.263  adv prob = 0.943130   acc = 0.889
Average incurred loss: 0.238  
Average sample loss: 0.235  
Average acc: 0.944  
  toxicity = 0, identity_any = 0  [n = 414]:	loss = 0.176  exp loss = 0.247  adjusted loss = 0.247  adv prob = 0.000000   acc = 0.969
  toxicity = 0, identity_any = 1  [n = 291]:	loss = 0.243  exp loss = 0.236  adjusted loss = 0.236  adv prob = 0.057724   acc = 0.942
  toxicity = 1, identity_any = 0  [n = 33]:	loss = 0.875  exp loss = 0.685  adjusted loss = 0.685  adv prob = 0.000000   acc = 0.727
  toxicity = 1, identity_any = 1  [n = 62]:	loss = 0.293  exp loss = 0.159  adjusted loss = 0.159  adv prob = 0.942276   acc = 0.903
Average incurred loss: 0.189  
Average sample loss: 0.216  
Average acc: 0.945  
  toxicity = 0, identity_any = 0  [n = 428]:	loss = 0.095  exp loss = 0.083  adjusted loss = 0.083  adv prob = 0.000000   acc = 0.977
  toxicity = 0, identity_any = 1  [n = 292]:	loss = 0.210  exp loss = 0.090  adjusted loss = 0.090  adv prob = 0.056590   acc = 0.955
  toxicity = 1, identity_any = 0  [n = 35]:	loss = 0.828  exp loss = 0.647  adjusted loss = 0.647  adv prob = 0.000000   acc = 0.629
  toxicity = 1, identity_any = 1  [n = 45]:	loss = 0.442  exp loss = 0.406  adjusted loss = 0.406  adv prob = 0.943410   acc = 0.822
Average incurred loss: 0.287  
Average sample loss: 0.313  
Average acc: 0.934  
  toxicity = 0, identity_any = 0  [n = 429]:	loss = 0.204  exp loss = 0.167  adjusted loss = 0.167  adv prob = 0.000000   acc = 0.960
  toxicity = 0, identity_any = 1  [n = 287]:	loss = 0.326  exp loss = 0.414  adjusted loss = 0.414  adv prob = 0.056470   acc = 0.944
  toxicity = 1, identity_any = 0  [n = 35]:	loss = 0.689  exp loss = 0.532  adjusted loss = 0.532  adv prob = 0.000000   acc = 0.743
  toxicity = 1, identity_any = 1  [n = 49]:	loss = 0.496  exp loss = 0.501  adjusted loss = 0.501  adv prob = 0.943530   acc = 0.776
Average incurred loss: 0.251  
Average sample loss: 0.301  
Average acc: 0.929  
  toxicity = 0, identity_any = 0  [n = 426]:	loss = 0.126  exp loss = 0.136  adjusted loss = 0.136  adv prob = 0.000000   acc = 0.974
  toxicity = 0, identity_any = 1  [n = 272]:	loss = 0.308  exp loss = 0.215  adjusted loss = 0.215  adv prob = 0.056599   acc = 0.930
  toxicity = 1, identity_any = 0  [n = 40]:	loss = 0.945  exp loss = 0.636  adjusted loss = 0.636  adv prob = 0.000000   acc = 0.650
  toxicity = 1, identity_any = 1  [n = 62]:	loss = 0.417  exp loss = 0.461  adjusted loss = 0.461  adv prob = 0.943401   acc = 0.790
Average incurred loss: 0.203  
Average sample loss: 0.133  
Average acc: 0.950  
  toxicity = 0, identity_any = 0  [n = 427]:	loss = 0.166  exp loss = 0.201  adjusted loss = 0.201  adv prob = 0.000000   acc = 0.967
  toxicity = 0, identity_any = 1  [n = 280]:	loss = 0.206  exp loss = 0.184  adjusted loss = 0.184  adv prob = 0.058901   acc = 0.950
  toxicity = 1, identity_any = 0  [n = 29]:	loss = 0.750  exp loss = 0.924  adjusted loss = 0.924  adv prob = 0.000000   acc = 0.759
  toxicity = 1, identity_any = 1  [n = 64]:	loss = 0.191  exp loss = 0.205  adjusted loss = 0.205  adv prob = 0.941099   acc = 0.922
Average incurred loss: 0.219  
Average sample loss: 0.138  
Average acc: 0.940  
  toxicity = 0, identity_any = 0  [n = 425]:	loss = 0.119  exp loss = 0.139  adjusted loss = 0.139  adv prob = 0.000000   acc = 0.981
  toxicity = 0, identity_any = 1  [n = 278]:	loss = 0.277  exp loss = 0.267  adjusted loss = 0.267  adv prob = 0.062587   acc = 0.942
  toxicity = 1, identity_any = 0  [n = 33]:	loss = 0.863  exp loss = 0.662  adjusted loss = 0.662  adv prob = 0.000000   acc = 0.636
  toxicity = 1, identity_any = 1  [n = 64]:	loss = 0.304  exp loss = 0.153  adjusted loss = 0.153  adv prob = 0.937413   acc = 0.812
Average incurred loss: 0.238  
Average sample loss: 0.405  
Average acc: 0.941  
  toxicity = 0, identity_any = 0  [n = 440]:	loss = 0.175  exp loss = 0.093  adjusted loss = 0.093  adv prob = 0.000000   acc = 0.968
  toxicity = 0, identity_any = 1  [n = 283]:	loss = 0.155  exp loss = 0.129  adjusted loss = 0.129  adv prob = 0.054735   acc = 0.975
  toxicity = 1, identity_any = 0  [n = 31]:	loss = 1.358  exp loss = 1.036  adjusted loss = 1.036  adv prob = 0.000000   acc = 0.548
  toxicity = 1, identity_any = 1  [n = 46]:	loss = 0.592  exp loss = 0.698  adjusted loss = 0.698  adv prob = 0.945265   acc = 0.739
Average incurred loss: 0.218  
Average sample loss: 0.195  
Average acc: 0.940  
  toxicity = 0, identity_any = 0  [n = 417]:	loss = 0.168  exp loss = 0.216  adjusted loss = 0.216  adv prob = 0.000000   acc = 0.964
  toxicity = 0, identity_any = 1  [n = 293]:	loss = 0.191  exp loss = 0.233  adjusted loss = 0.233  adv prob = 0.054536   acc = 0.969
  toxicity = 1, identity_any = 0  [n = 39]:	loss = 0.895  exp loss = 1.266  adjusted loss = 1.266  adv prob = 0.000000   acc = 0.590
  toxicity = 1, identity_any = 1  [n = 51]:	loss = 0.267  exp loss = 0.333  adjusted loss = 0.333  adv prob = 0.945464   acc = 0.843
Average incurred loss: 0.271  
Average sample loss: 0.213  
Average acc: 0.935  
  toxicity = 0, identity_any = 0  [n = 426]:	loss = 0.169  exp loss = 0.134  adjusted loss = 0.134  adv prob = 0.000000   acc = 0.965
  toxicity = 0, identity_any = 1  [n = 275]:	loss = 0.344  exp loss = 0.349  adjusted loss = 0.349  adv prob = 0.058125   acc = 0.942
  toxicity = 1, identity_any = 0  [n = 40]:	loss = 0.742  exp loss = 0.996  adjusted loss = 0.996  adv prob = 0.000000   acc = 0.725
  toxicity = 1, identity_any = 1  [n = 59]:	loss = 0.351  exp loss = 0.277  adjusted loss = 0.277  adv prob = 0.941875   acc = 0.831
Average incurred loss: 0.203  
Average sample loss: 0.319  
Average acc: 0.949  
  toxicity = 0, identity_any = 0  [n = 423]:	loss = 0.145  exp loss = 0.239  adjusted loss = 0.239  adv prob = 0.000000   acc = 0.969
  toxicity = 0, identity_any = 1  [n = 291]:	loss = 0.194  exp loss = 0.220  adjusted loss = 0.220  adv prob = 0.054485   acc = 0.966
  toxicity = 1, identity_any = 0  [n = 34]:	loss = 0.643  exp loss = 0.499  adjusted loss = 0.499  adv prob = 0.000000   acc = 0.824
  toxicity = 1, identity_any = 1  [n = 52]:	loss = 0.432  exp loss = 0.463  adjusted loss = 0.463  adv prob = 0.945515   acc = 0.769
Average incurred loss: 0.256  
Average sample loss: 0.155  
Average acc: 0.933  
  toxicity = 0, identity_any = 0  [n = 438]:	loss = 0.177  exp loss = 0.154  adjusted loss = 0.154  adv prob = 0.000000   acc = 0.968
  toxicity = 0, identity_any = 1  [n = 259]:	loss = 0.335  exp loss = 0.160  adjusted loss = 0.160  adv prob = 0.058490   acc = 0.892
  toxicity = 1, identity_any = 0  [n = 34]:	loss = 0.881  exp loss = 0.848  adjusted loss = 0.848  adv prob = 0.000000   acc = 0.765
  toxicity = 1, identity_any = 1  [n = 69]:	loss = 0.153  exp loss = 0.240  adjusted loss = 0.240  adv prob = 0.941510   acc = 0.942
Average incurred loss: 0.202  
Average sample loss: 0.180  
Average acc: 0.950  
  toxicity = 0, identity_any = 0  [n = 418]:	loss = 0.117  exp loss = 0.104  adjusted loss = 0.104  adv prob = 0.000000   acc = 0.978
  toxicity = 0, identity_any = 1  [n = 296]:	loss = 0.123  exp loss = 0.143  adjusted loss = 0.143  adv prob = 0.056841   acc = 0.973
  toxicity = 1, identity_any = 0  [n = 38]:	loss = 1.618  exp loss = 1.558  adjusted loss = 1.558  adv prob = 0.000001   acc = 0.553
  toxicity = 1, identity_any = 1  [n = 48]:	loss = 0.314  exp loss = 0.212  adjusted loss = 0.212  adv prob = 0.943159   acc = 0.875
Average incurred loss: 0.237  
Average sample loss: 0.354  
Average acc: 0.947  
  toxicity = 0, identity_any = 0  [n = 425]:	loss = 0.179  exp loss = 0.119  adjusted loss = 0.119  adv prob = 0.000000   acc = 0.972
  toxicity = 0, identity_any = 1  [n = 289]:	loss = 0.233  exp loss = 0.330  adjusted loss = 0.330  adv prob = 0.053863   acc = 0.948
  toxicity = 1, identity_any = 0  [n = 28]:	loss = 0.653  exp loss = 0.899  adjusted loss = 0.899  adv prob = 0.000001   acc = 0.821
  toxicity = 1, identity_any = 1  [n = 58]:	loss = 0.480  exp loss = 0.537  adjusted loss = 0.537  adv prob = 0.946137   acc = 0.828
Average incurred loss: 0.262  
Average sample loss: 0.208  
Average acc: 0.931  
  toxicity = 0, identity_any = 0  [n = 419]:	loss = 0.182  exp loss = 0.172  adjusted loss = 0.172  adv prob = 0.000000   acc = 0.962
  toxicity = 0, identity_any = 1  [n = 283]:	loss = 0.306  exp loss = 0.235  adjusted loss = 0.235  adv prob = 0.057087   acc = 0.940
  toxicity = 1, identity_any = 0  [n = 34]:	loss = 0.738  exp loss = 0.702  adjusted loss = 0.702  adv prob = 0.000001   acc = 0.676
  toxicity = 1, identity_any = 1  [n = 64]:	loss = 0.331  exp loss = 0.170  adjusted loss = 0.170  adv prob = 0.942912   acc = 0.828
Average incurred loss: 0.259  
Average sample loss: 0.274  
Average acc: 0.934  
  toxicity = 0, identity_any = 0  [n = 441]:	loss = 0.166  exp loss = 0.122  adjusted loss = 0.122  adv prob = 0.000000   acc = 0.968
  toxicity = 0, identity_any = 1  [n = 269]:	loss = 0.286  exp loss = 0.253  adjusted loss = 0.253  adv prob = 0.057709   acc = 0.948
  toxicity = 1, identity_any = 0  [n = 38]:	loss = 0.859  exp loss = 0.517  adjusted loss = 0.517  adv prob = 0.000001   acc = 0.684
  toxicity = 1, identity_any = 1  [n = 52]:	loss = 0.469  exp loss = 0.376  adjusted loss = 0.376  adv prob = 0.942290   acc = 0.750
Average incurred loss: 0.259  
Average sample loss: 0.214  
Average acc: 0.934  
  toxicity = 0, identity_any = 0  [n = 439]:	loss = 0.182  exp loss = 0.183  adjusted loss = 0.183  adv prob = 0.000000   acc = 0.957
  toxicity = 0, identity_any = 1  [n = 269]:	loss = 0.324  exp loss = 0.499  adjusted loss = 0.499  adv prob = 0.061665   acc = 0.929
  toxicity = 1, identity_any = 0  [n = 34]:	loss = 0.645  exp loss = 1.369  adjusted loss = 1.369  adv prob = 0.000001   acc = 0.824
  toxicity = 1, identity_any = 1  [n = 58]:	loss = 0.316  exp loss = 0.328  adjusted loss = 0.328  adv prob = 0.938334   acc = 0.845
Average incurred loss: 0.228  
Average sample loss: 0.157  
Average acc: 0.940  
  toxicity = 0, identity_any = 0  [n = 401]:	loss = 0.176  exp loss = 0.247  adjusted loss = 0.247  adv prob = 0.000000   acc = 0.960
  toxicity = 0, identity_any = 1  [n = 292]:	loss = 0.221  exp loss = 0.208  adjusted loss = 0.208  adv prob = 0.063459   acc = 0.959
  toxicity = 1, identity_any = 0  [n = 49]:	loss = 0.737  exp loss = 0.589  adjusted loss = 0.589  adv prob = 0.000001   acc = 0.755
  toxicity = 1, identity_any = 1  [n = 58]:	loss = 0.198  exp loss = 0.246  adjusted loss = 0.246  adv prob = 0.936540   acc = 0.862
Average incurred loss: 0.268  
Average sample loss: 0.242  
Average acc: 0.933  
  toxicity = 0, identity_any = 0  [n = 408]:	loss = 0.195  exp loss = 0.208  adjusted loss = 0.208  adv prob = 0.000000   acc = 0.956
  toxicity = 0, identity_any = 1  [n = 301]:	loss = 0.304  exp loss = 0.180  adjusted loss = 0.180  adv prob = 0.065659   acc = 0.947
  toxicity = 1, identity_any = 0  [n = 34]:	loss = 0.754  exp loss = 0.755  adjusted loss = 0.755  adv prob = 0.000001   acc = 0.676
  toxicity = 1, identity_any = 1  [n = 57]:	loss = 0.320  exp loss = 0.372  adjusted loss = 0.372  adv prob = 0.934340   acc = 0.842
Average incurred loss: 0.274  
Average sample loss: 0.131  
Average acc: 0.934  
  toxicity = 0, identity_any = 0  [n = 459]:	loss = 0.195  exp loss = 0.204  adjusted loss = 0.204  adv prob = 0.000000   acc = 0.954
  toxicity = 0, identity_any = 1  [n = 264]:	loss = 0.325  exp loss = 0.452  adjusted loss = 0.452  adv prob = 0.073731   acc = 0.939
  toxicity = 1, identity_any = 0  [n = 32]:	loss = 0.938  exp loss = 1.178  adjusted loss = 1.178  adv prob = 0.000001   acc = 0.719
  toxicity = 1, identity_any = 1  [n = 45]:	loss = 0.296  exp loss = 0.137  adjusted loss = 0.137  adv prob = 0.926268   acc = 0.844
Average incurred loss: 0.216  
Average sample loss: 0.335  
Average acc: 0.949  
  toxicity = 0, identity_any = 0  [n = 423]:	loss = 0.181  exp loss = 0.213  adjusted loss = 0.213  adv prob = 0.000000   acc = 0.960
  toxicity = 0, identity_any = 1  [n = 297]:	loss = 0.151  exp loss = 0.250  adjusted loss = 0.250  adv prob = 0.067440   acc = 0.976
  toxicity = 1, identity_any = 0  [n = 29]:	loss = 0.989  exp loss = 1.111  adjusted loss = 1.111  adv prob = 0.000001   acc = 0.690
  toxicity = 1, identity_any = 1  [n = 51]:	loss = 0.439  exp loss = 0.271  adjusted loss = 0.271  adv prob = 0.932559   acc = 0.843
Average incurred loss: 0.203  
Average sample loss: 0.195  
Average acc: 0.950  
  toxicity = 0, identity_any = 0  [n = 432]:	loss = 0.169  exp loss = 0.220  adjusted loss = 0.220  adv prob = 0.000000   acc = 0.958
  toxicity = 0, identity_any = 1  [n = 281]:	loss = 0.164  exp loss = 0.137  adjusted loss = 0.137  adv prob = 0.066260   acc = 0.968
  toxicity = 1, identity_any = 0  [n = 34]:	loss = 0.688  exp loss = 1.215  adjusted loss = 1.215  adv prob = 0.000001   acc = 0.824
  toxicity = 1, identity_any = 1  [n = 53]:	loss = 0.378  exp loss = 0.268  adjusted loss = 0.268  adv prob = 0.933739   acc = 0.868
Average incurred loss: 0.193  
Average sample loss: 0.200  
Average acc: 0.949  
  toxicity = 0, identity_any = 0  [n = 417]:	loss = 0.123  exp loss = 0.080  adjusted loss = 0.080  adv prob = 0.000000   acc = 0.969
  toxicity = 0, identity_any = 1  [n = 281]:	loss = 0.123  exp loss = 0.180  adjusted loss = 0.180  adv prob = 0.063958   acc = 0.975
  toxicity = 1, identity_any = 0  [n = 47]:	loss = 1.148  exp loss = 1.235  adjusted loss = 1.235  adv prob = 0.000002   acc = 0.681
  toxicity = 1, identity_any = 1  [n = 55]:	loss = 0.262  exp loss = 0.177  adjusted loss = 0.177  adv prob = 0.936041   acc = 0.891
Average incurred loss: 0.311  
Average sample loss: 0.270  
Average acc: 0.930  
  toxicity = 0, identity_any = 0  [n = 441]:	loss = 0.233  exp loss = 0.147  adjusted loss = 0.147  adv prob = 0.000000   acc = 0.959
  toxicity = 0, identity_any = 1  [n = 271]:	loss = 0.304  exp loss = 0.413  adjusted loss = 0.413  adv prob = 0.064563   acc = 0.941
  toxicity = 1, identity_any = 0  [n = 31]:	loss = 1.312  exp loss = 1.361  adjusted loss = 1.361  adv prob = 0.000002   acc = 0.613
  toxicity = 1, identity_any = 1  [n = 57]:	loss = 0.397  exp loss = 0.520  adjusted loss = 0.520  adv prob = 0.935435   acc = 0.825
Average incurred loss: 0.219  
Average sample loss: 0.223  
Average acc: 0.947  
  toxicity = 0, identity_any = 0  [n = 415]:	loss = 0.172  exp loss = 0.225  adjusted loss = 0.225  adv prob = 0.000000   acc = 0.964
  toxicity = 0, identity_any = 1  [n = 298]:	loss = 0.201  exp loss = 0.133  adjusted loss = 0.133  adv prob = 0.063424   acc = 0.963
  toxicity = 1, identity_any = 0  [n = 48]:	loss = 0.619  exp loss = 0.682  adjusted loss = 0.682  adv prob = 0.000002   acc = 0.833
  toxicity = 1, identity_any = 1  [n = 39]:	loss = 0.357  exp loss = 0.310  adjusted loss = 0.310  adv prob = 0.936574   acc = 0.795
Average incurred loss: 0.265  
Average sample loss: 0.284  
Average acc: 0.940  
  toxicity = 0, identity_any = 0  [n = 452]:	loss = 0.193  exp loss = 0.112  adjusted loss = 0.112  adv prob = 0.000000   acc = 0.962
  toxicity = 0, identity_any = 1  [n = 263]:	loss = 0.210  exp loss = 0.110  adjusted loss = 0.110  adv prob = 0.061020   acc = 0.958
  toxicity = 1, identity_any = 0  [n = 39]:	loss = 1.183  exp loss = 1.420  adjusted loss = 1.420  adv prob = 0.000003   acc = 0.744
  toxicity = 1, identity_any = 1  [n = 46]:	loss = 0.521  exp loss = 0.541  adjusted loss = 0.541  adv prob = 0.938978   acc = 0.783
Average incurred loss: 0.284  
Average sample loss: 0.158  
Average acc: 0.933  
  toxicity = 0, identity_any = 0  [n = 411]:	loss = 0.256  exp loss = 0.212  adjusted loss = 0.212  adv prob = 0.000000   acc = 0.951
  toxicity = 0, identity_any = 1  [n = 297]:	loss = 0.198  exp loss = 0.322  adjusted loss = 0.322  adv prob = 0.062196   acc = 0.956
  toxicity = 1, identity_any = 0  [n = 41]:	loss = 1.293  exp loss = 1.642  adjusted loss = 1.642  adv prob = 0.000004   acc = 0.610
  toxicity = 1, identity_any = 1  [n = 51]:	loss = 0.207  exp loss = 0.178  adjusted loss = 0.178  adv prob = 0.937801   acc = 0.902
Average incurred loss: 0.231  
Average sample loss: 0.323  
Average acc: 0.941  
  toxicity = 0, identity_any = 0  [n = 425]:	loss = 0.169  exp loss = 0.175  adjusted loss = 0.175  adv prob = 0.000000   acc = 0.965
  toxicity = 0, identity_any = 1  [n = 275]:	loss = 0.206  exp loss = 0.277  adjusted loss = 0.277  adv prob = 0.058459   acc = 0.956
  toxicity = 1, identity_any = 0  [n = 43]:	loss = 0.709  exp loss = 0.731  adjusted loss = 0.731  adv prob = 0.000004   acc = 0.767
  toxicity = 1, identity_any = 1  [n = 57]:	loss = 0.457  exp loss = 0.243  adjusted loss = 0.243  adv prob = 0.941537   acc = 0.825
Average incurred loss: 0.299  
Average sample loss: 0.149  
Average acc: 0.928  
  toxicity = 0, identity_any = 0  [n = 426]:	loss = 0.232  exp loss = 0.071  adjusted loss = 0.071  adv prob = 0.000000   acc = 0.953
  toxicity = 0, identity_any = 1  [n = 273]:	loss = 0.289  exp loss = 0.393  adjusted loss = 0.393  adv prob = 0.062963   acc = 0.941
  toxicity = 1, identity_any = 0  [n = 45]:	loss = 0.978  exp loss = 1.057  adjusted loss = 1.057  adv prob = 0.000004   acc = 0.667
  toxicity = 1, identity_any = 1  [n = 56]:	loss = 0.323  exp loss = 0.158  adjusted loss = 0.158  adv prob = 0.937033   acc = 0.875
Average incurred loss: 0.248  
Average sample loss: 0.204  
Average acc: 0.942  
  toxicity = 0, identity_any = 0  [n = 431]:	loss = 0.244  exp loss = 0.237  adjusted loss = 0.237  adv prob = 0.000000   acc = 0.954
  toxicity = 0, identity_any = 1  [n = 279]:	loss = 0.222  exp loss = 0.320  adjusted loss = 0.320  adv prob = 0.062745   acc = 0.953
  toxicity = 1, identity_any = 0  [n = 29]:	loss = 0.599  exp loss = 0.619  adjusted loss = 0.619  adv prob = 0.000005   acc = 0.828
  toxicity = 1, identity_any = 1  [n = 61]:	loss = 0.229  exp loss = 0.525  adjusted loss = 0.525  adv prob = 0.937250   acc = 0.869
Average incurred loss: 0.332  
Average sample loss: 0.270  
Average acc: 0.923  
  toxicity = 0, identity_any = 0  [n = 419]:	loss = 0.259  exp loss = 0.223  adjusted loss = 0.223  adv prob = 0.000000   acc = 0.952
  toxicity = 0, identity_any = 1  [n = 289]:	loss = 0.354  exp loss = 0.422  adjusted loss = 0.422  adv prob = 0.065665   acc = 0.924
  toxicity = 1, identity_any = 0  [n = 37]:	loss = 0.942  exp loss = 0.522  adjusted loss = 0.522  adv prob = 0.000005   acc = 0.730
  toxicity = 1, identity_any = 1  [n = 55]:	loss = 0.363  exp loss = 0.215  adjusted loss = 0.215  adv prob = 0.934330   acc = 0.818
Average incurred loss: 0.273  
Average sample loss: 0.130  
Average acc: 0.933  
  toxicity = 0, identity_any = 0  [n = 432]:	loss = 0.246  exp loss = 0.200  adjusted loss = 0.200  adv prob = 0.000000   acc = 0.951
  toxicity = 0, identity_any = 1  [n = 273]:	loss = 0.258  exp loss = 0.256  adjusted loss = 0.256  adv prob = 0.069827   acc = 0.938
  toxicity = 1, identity_any = 0  [n = 38]:	loss = 0.763  exp loss = 0.724  adjusted loss = 0.724  adv prob = 0.000006   acc = 0.763
  toxicity = 1, identity_any = 1  [n = 57]:	loss = 0.223  exp loss = 0.180  adjusted loss = 0.180  adv prob = 0.930167   acc = 0.877
Average incurred loss: 0.246  
Average sample loss: 0.377  
Average acc: 0.934  
  toxicity = 0, identity_any = 0  [n = 411]:	loss = 0.126  exp loss = 0.046  adjusted loss = 0.046  adv prob = 0.000000   acc = 0.976
  toxicity = 0, identity_any = 1  [n = 288]:	loss = 0.303  exp loss = 0.370  adjusted loss = 0.370  adv prob = 0.067334   acc = 0.934
  toxicity = 1, identity_any = 0  [n = 36]:	loss = 0.628  exp loss = 0.526  adjusted loss = 0.526  adv prob = 0.000006   acc = 0.778
  toxicity = 1, identity_any = 1  [n = 65]:	loss = 0.542  exp loss = 0.704  adjusted loss = 0.704  adv prob = 0.932660   acc = 0.754
Average incurred loss: 0.224  
Average sample loss: 0.180  
Average acc: 0.942  
  toxicity = 0, identity_any = 0  [n = 427]:	loss = 0.168  exp loss = 0.192  adjusted loss = 0.192  adv prob = 0.000000   acc = 0.967
  toxicity = 0, identity_any = 1  [n = 283]:	loss = 0.179  exp loss = 0.367  adjusted loss = 0.367  adv prob = 0.067353   acc = 0.965
  toxicity = 1, identity_any = 0  [n = 40]:	loss = 0.925  exp loss = 1.126  adjusted loss = 1.126  adv prob = 0.000008   acc = 0.725
  toxicity = 1, identity_any = 1  [n = 50]:	loss = 0.388  exp loss = 0.286  adjusted loss = 0.286  adv prob = 0.932639   acc = 0.780
Average incurred loss: 0.291  
Average sample loss: 0.172  
Average acc: 0.926  
  toxicity = 0, identity_any = 0  [n = 450]:	loss = 0.243  exp loss = 0.130  adjusted loss = 0.130  adv prob = 0.000000   acc = 0.951
  toxicity = 0, identity_any = 1  [n = 268]:	loss = 0.287  exp loss = 0.160  adjusted loss = 0.160  adv prob = 0.071186   acc = 0.929
  toxicity = 1, identity_any = 0  [n = 33]:	loss = 1.047  exp loss = 1.059  adjusted loss = 1.059  adv prob = 0.000009   acc = 0.636
  toxicity = 1, identity_any = 1  [n = 49]:	loss = 0.234  exp loss = 0.246  adjusted loss = 0.246  adv prob = 0.928805   acc = 0.878
Average incurred loss: 0.217  
Average sample loss: 0.135  
Average acc: 0.949  
  toxicity = 0, identity_any = 0  [n = 435]:	loss = 0.175  exp loss = 0.138  adjusted loss = 0.138  adv prob = 0.000000   acc = 0.961
  toxicity = 0, identity_any = 1  [n = 278]:	loss = 0.192  exp loss = 0.140  adjusted loss = 0.140  adv prob = 0.073586   acc = 0.957
  toxicity = 1, identity_any = 0  [n = 32]:	loss = 1.064  exp loss = 1.150  adjusted loss = 1.150  adv prob = 0.000011   acc = 0.719
  toxicity = 1, identity_any = 1  [n = 55]:	loss = 0.180  exp loss = 0.133  adjusted loss = 0.133  adv prob = 0.926403   acc = 0.945
Average incurred loss: 0.342  
Average sample loss: 0.376  
Average acc: 0.909  
  toxicity = 0, identity_any = 0  [n = 412]:	loss = 0.289  exp loss = 0.204  adjusted loss = 0.204  adv prob = 0.000000   acc = 0.930
  toxicity = 0, identity_any = 1  [n = 297]:	loss = 0.324  exp loss = 0.397  adjusted loss = 0.397  adv prob = 0.071459   acc = 0.923
  toxicity = 1, identity_any = 0  [n = 32]:	loss = 0.832  exp loss = 0.863  adjusted loss = 0.863  adv prob = 0.000011   acc = 0.719
  toxicity = 1, identity_any = 1  [n = 59]:	loss = 0.533  exp loss = 0.461  adjusted loss = 0.461  adv prob = 0.928530   acc = 0.797
Average incurred loss: 0.187  
Average sample loss: 0.152  
Average acc: 0.954  
  toxicity = 0, identity_any = 0  [n = 469]:	loss = 0.121  exp loss = 0.165  adjusted loss = 0.165  adv prob = 0.000000   acc = 0.977
  toxicity = 0, identity_any = 1  [n = 255]:	loss = 0.155  exp loss = 0.173  adjusted loss = 0.173  adv prob = 0.071702   acc = 0.965
  toxicity = 1, identity_any = 0  [n = 33]:	loss = 1.223  exp loss = 1.149  adjusted loss = 1.149  adv prob = 0.000013   acc = 0.667
  toxicity = 1, identity_any = 1  [n = 43]:	loss = 0.291  exp loss = 0.279  adjusted loss = 0.279  adv prob = 0.928285   acc = 0.860
Average incurred loss: 0.216  
Average sample loss: 0.128  
Average acc: 0.955  
  toxicity = 0, identity_any = 0  [n = 431]:	loss = 0.172  exp loss = 0.137  adjusted loss = 0.137  adv prob = 0.000000   acc = 0.970
  toxicity = 0, identity_any = 1  [n = 281]:	loss = 0.255  exp loss = 0.138  adjusted loss = 0.138  adv prob = 0.074954   acc = 0.950
  toxicity = 1, identity_any = 0  [n = 39]:	loss = 0.499  exp loss = 0.808  adjusted loss = 0.808  adv prob = 0.000015   acc = 0.872
  toxicity = 1, identity_any = 1  [n = 49]:	loss = 0.145  exp loss = 0.229  adjusted loss = 0.229  adv prob = 0.925031   acc = 0.918
Average incurred loss: 0.310  
Average sample loss: 0.309  
Average acc: 0.926  
  toxicity = 0, identity_any = 0  [n = 429]:	loss = 0.216  exp loss = 0.114  adjusted loss = 0.114  adv prob = 0.000000   acc = 0.956
  toxicity = 0, identity_any = 1  [n = 280]:	loss = 0.338  exp loss = 0.385  adjusted loss = 0.385  adv prob = 0.080311   acc = 0.925
  toxicity = 1, identity_any = 0  [n = 36]:	loss = 1.050  exp loss = 0.952  adjusted loss = 0.952  adv prob = 0.000017   acc = 0.722
  toxicity = 1, identity_any = 1  [n = 55]:	loss = 0.405  exp loss = 0.413  adjusted loss = 0.413  adv prob = 0.919672   acc = 0.836
Average incurred loss: 0.171  
Average sample loss: 0.217  
Average acc: 0.955  
  toxicity = 0, identity_any = 0  [n = 422]:	loss = 0.105  exp loss = 0.123  adjusted loss = 0.123  adv prob = 0.000000   acc = 0.972
  toxicity = 0, identity_any = 1  [n = 306]:	loss = 0.155  exp loss = 0.083  adjusted loss = 0.083  adv prob = 0.078066   acc = 0.967
  toxicity = 1, identity_any = 0  [n = 24]:	loss = 0.882  exp loss = 0.850  adjusted loss = 0.850  adv prob = 0.000019   acc = 0.750
  toxicity = 1, identity_any = 1  [n = 48]:	loss = 0.500  exp loss = 0.488  adjusted loss = 0.488  adv prob = 0.921915   acc = 0.833
Average incurred loss: 0.193  
Average sample loss: 0.273  
Average acc: 0.948  
  toxicity = 0, identity_any = 0  [n = 429]:	loss = 0.092  exp loss = 0.073  adjusted loss = 0.073  adv prob = 0.000000   acc = 0.979
  toxicity = 0, identity_any = 1  [n = 282]:	loss = 0.218  exp loss = 0.154  adjusted loss = 0.154  adv prob = 0.076159   acc = 0.957
  toxicity = 1, identity_any = 0  [n = 42]:	loss = 0.855  exp loss = 0.848  adjusted loss = 0.848  adv prob = 0.000022   acc = 0.667
  toxicity = 1, identity_any = 1  [n = 47]:	loss = 0.376  exp loss = 0.519  adjusted loss = 0.519  adv prob = 0.923819   acc = 0.851
Average incurred loss: 0.194  
Average sample loss: 0.165  
Average acc: 0.949  
  toxicity = 0, identity_any = 0  [n = 465]:	loss = 0.136  exp loss = 0.103  adjusted loss = 0.103  adv prob = 0.000000   acc = 0.972
  toxicity = 0, identity_any = 1  [n = 267]:	loss = 0.182  exp loss = 0.238  adjusted loss = 0.238  adv prob = 0.076267   acc = 0.951
  toxicity = 1, identity_any = 0  [n = 28]:	loss = 1.186  exp loss = 1.166  adjusted loss = 1.166  adv prob = 0.000027   acc = 0.679
  toxicity = 1, identity_any = 1  [n = 40]:	loss = 0.263  exp loss = 0.355  adjusted loss = 0.355  adv prob = 0.923706   acc = 0.850
Average incurred loss: 0.201  
Average sample loss: 0.421  
Average acc: 0.952  
  toxicity = 0, identity_any = 0  [n = 425]:	loss = 0.062  exp loss = 0.074  adjusted loss = 0.074  adv prob = 0.000000   acc = 0.986
  toxicity = 0, identity_any = 1  [n = 268]:	loss = 0.209  exp loss = 0.193  adjusted loss = 0.193  adv prob = 0.068121   acc = 0.963
  toxicity = 1, identity_any = 0  [n = 36]:	loss = 1.161  exp loss = 0.861  adjusted loss = 0.861  adv prob = 0.000030   acc = 0.667
  toxicity = 1, identity_any = 1  [n = 71]:	loss = 0.520  exp loss = 0.394  adjusted loss = 0.394  adv prob = 0.931850   acc = 0.859
Average incurred loss: 0.356  
Average sample loss: 0.112  
Average acc: 0.916  
  toxicity = 0, identity_any = 0  [n = 419]:	loss = 0.308  exp loss = 0.307  adjusted loss = 0.307  adv prob = 0.000000   acc = 0.931
  toxicity = 0, identity_any = 1  [n = 286]:	loss = 0.351  exp loss = 0.354  adjusted loss = 0.354  adv prob = 0.074944   acc = 0.930
  toxicity = 1, identity_any = 0  [n = 33]:	loss = 1.500  exp loss = 1.795  adjusted loss = 1.795  adv prob = 0.000041   acc = 0.545
  toxicity = 1, identity_any = 1  [n = 62]:	loss = 0.097  exp loss = 0.101  adjusted loss = 0.101  adv prob = 0.925015   acc = 0.952
Average incurred loss: 0.283  
Average sample loss: 0.291  
Average acc: 0.923  
  toxicity = 0, identity_any = 0  [n = 426]:	loss = 0.157  exp loss = 0.106  adjusted loss = 0.106  adv prob = 0.000000   acc = 0.962
  toxicity = 0, identity_any = 1  [n = 282]:	loss = 0.337  exp loss = 0.290  adjusted loss = 0.290  adv prob = 0.076632   acc = 0.922
  toxicity = 1, identity_any = 0  [n = 33]:	loss = 1.083  exp loss = 0.695  adjusted loss = 0.695  adv prob = 0.000044   acc = 0.727
  toxicity = 1, identity_any = 1  [n = 59]:	loss = 0.481  exp loss = 0.407  adjusted loss = 0.407  adv prob = 0.923324   acc = 0.746
Average incurred loss: 0.210  
Average sample loss: 0.284  
Average acc: 0.942  
  toxicity = 0, identity_any = 0  [n = 428]:	loss = 0.133  exp loss = 0.207  adjusted loss = 0.207  adv prob = 0.000000   acc = 0.972
  toxicity = 0, identity_any = 1  [n = 277]:	loss = 0.248  exp loss = 0.164  adjusted loss = 0.164  adv prob = 0.075358   acc = 0.931
  toxicity = 1, identity_any = 0  [n = 33]:	loss = 0.573  exp loss = 0.427  adjusted loss = 0.427  adv prob = 0.000043   acc = 0.848
  toxicity = 1, identity_any = 1  [n = 62]:	loss = 0.385  exp loss = 0.230  adjusted loss = 0.230  adv prob = 0.924600   acc = 0.839
Average incurred loss: 0.294  
Average sample loss: 0.232  
Average acc: 0.925  
  toxicity = 0, identity_any = 0  [n = 402]:	loss = 0.231  exp loss = 0.207  adjusted loss = 0.207  adv prob = 0.000000   acc = 0.945
  toxicity = 0, identity_any = 1  [n = 295]:	loss = 0.315  exp loss = 0.333  adjusted loss = 0.333  adv prob = 0.079119   acc = 0.936
  toxicity = 1, identity_any = 0  [n = 43]:	loss = 0.748  exp loss = 0.832  adjusted loss = 0.832  adv prob = 0.000049   acc = 0.791
  toxicity = 1, identity_any = 1  [n = 60]:	loss = 0.289  exp loss = 0.229  adjusted loss = 0.229  adv prob = 0.920832   acc = 0.833
Average incurred loss: 0.245  
Average sample loss: 0.247  
Average acc: 0.935  
  toxicity = 0, identity_any = 0  [n = 434]:	loss = 0.122  exp loss = 0.113  adjusted loss = 0.113  adv prob = 0.000000   acc = 0.975
  toxicity = 0, identity_any = 1  [n = 282]:	loss = 0.277  exp loss = 0.231  adjusted loss = 0.231  adv prob = 0.079659   acc = 0.933
  toxicity = 1, identity_any = 0  [n = 37]:	loss = 1.235  exp loss = 1.046  adjusted loss = 1.046  adv prob = 0.000058   acc = 0.595
  toxicity = 1, identity_any = 1  [n = 47]:	loss = 0.415  exp loss = 0.334  adjusted loss = 0.334  adv prob = 0.920284   acc = 0.851
Average incurred loss: 0.196  
Average sample loss: 0.374  
Average acc: 0.944  
  toxicity = 0, identity_any = 0  [n = 412]:	loss = 0.096  exp loss = 0.078  adjusted loss = 0.078  adv prob = 0.000000   acc = 0.978
  toxicity = 0, identity_any = 1  [n = 292]:	loss = 0.140  exp loss = 0.134  adjusted loss = 0.134  adv prob = 0.069971   acc = 0.966
  toxicity = 1, identity_any = 0  [n = 33]:	loss = 1.309  exp loss = 1.044  adjusted loss = 1.044  adv prob = 0.000065   acc = 0.636
  toxicity = 1, identity_any = 1  [n = 63]:	loss = 0.532  exp loss = 0.373  adjusted loss = 0.373  adv prob = 0.929964   acc = 0.778
Average incurred loss: 0.251  
Average sample loss: 0.376  
Average acc: 0.934  
  toxicity = 0, identity_any = 0  [n = 411]:	loss = 0.161  exp loss = 0.154  adjusted loss = 0.154  adv prob = 0.000000   acc = 0.964
  toxicity = 0, identity_any = 1  [n = 310]:	loss = 0.273  exp loss = 0.197  adjusted loss = 0.197  adv prob = 0.065534   acc = 0.942
  toxicity = 1, identity_any = 0  [n = 31]:	loss = 0.793  exp loss = 0.677  adjusted loss = 0.677  adv prob = 0.000064   acc = 0.677
  toxicity = 1, identity_any = 1  [n = 48]:	loss = 0.521  exp loss = 0.780  adjusted loss = 0.780  adv prob = 0.934403   acc = 0.792
Average incurred loss: 0.398  
Average sample loss: 0.189  
Average acc: 0.892  
  toxicity = 0, identity_any = 0  [n = 445]:	loss = 0.352  exp loss = 0.478  adjusted loss = 0.478  adv prob = 0.000000   acc = 0.926
  toxicity = 0, identity_any = 1  [n = 270]:	loss = 0.388  exp loss = 0.284  adjusted loss = 0.284  adv prob = 0.070748   acc = 0.893
  toxicity = 1, identity_any = 0  [n = 31]:	loss = 1.296  exp loss = 1.437  adjusted loss = 1.437  adv prob = 0.000078   acc = 0.548
  toxicity = 1, identity_any = 1  [n = 54]:	loss = 0.305  exp loss = 0.290  adjusted loss = 0.290  adv prob = 0.929174   acc = 0.815
Average incurred loss: 0.219  
Average sample loss: 0.174  
Average acc: 0.943  
  toxicity = 0, identity_any = 0  [n = 407]:	loss = 0.193  exp loss = 0.138  adjusted loss = 0.138  adv prob = 0.000000   acc = 0.961
  toxicity = 0, identity_any = 1  [n = 304]:	loss = 0.227  exp loss = 0.244  adjusted loss = 0.244  adv prob = 0.072703   acc = 0.951
  toxicity = 1, identity_any = 0  [n = 32]:	loss = 0.466  exp loss = 0.547  adjusted loss = 0.547  adv prob = 0.000081   acc = 0.781
  toxicity = 1, identity_any = 1  [n = 57]:	loss = 0.230  exp loss = 0.176  adjusted loss = 0.176  adv prob = 0.927216   acc = 0.860
Average incurred loss: 0.224  
Average sample loss: 0.258  
Average acc: 0.939  
  toxicity = 0, identity_any = 0  [n = 410]:	loss = 0.162  exp loss = 0.122  adjusted loss = 0.122  adv prob = 0.000000   acc = 0.968
  toxicity = 0, identity_any = 1  [n = 305]:	loss = 0.218  exp loss = 0.258  adjusted loss = 0.258  adv prob = 0.071059   acc = 0.941
  toxicity = 1, identity_any = 0  [n = 40]:	loss = 0.747  exp loss = 0.944  adjusted loss = 0.944  adv prob = 0.000090   acc = 0.775
  toxicity = 1, identity_any = 1  [n = 45]:	loss = 0.376  exp loss = 0.392  adjusted loss = 0.392  adv prob = 0.928851   acc = 0.800
Average incurred loss: 0.247  
Average sample loss: 0.431  
Average acc: 0.936  
  toxicity = 0, identity_any = 0  [n = 415]:	loss = 0.144  exp loss = 0.154  adjusted loss = 0.154  adv prob = 0.000000   acc = 0.969
  toxicity = 0, identity_any = 1  [n = 305]:	loss = 0.290  exp loss = 0.291  adjusted loss = 0.291  adv prob = 0.065703   acc = 0.931
  toxicity = 1, identity_any = 0  [n = 24]:	loss = 0.806  exp loss = 0.905  adjusted loss = 0.905  adv prob = 0.000088   acc = 0.750
  toxicity = 1, identity_any = 1  [n = 56]:	loss = 0.525  exp loss = 0.548  adjusted loss = 0.548  adv prob = 0.934210   acc = 0.804
Average incurred loss: 0.195  
Average sample loss: 0.249  
Average acc: 0.949  
  toxicity = 0, identity_any = 0  [n = 432]:	loss = 0.115  exp loss = 0.124  adjusted loss = 0.124  adv prob = 0.000000   acc = 0.972
  toxicity = 0, identity_any = 1  [n = 284]:	loss = 0.189  exp loss = 0.172  adjusted loss = 0.172  adv prob = 0.063659   acc = 0.958
  toxicity = 1, identity_any = 0  [n = 35]:	loss = 0.940  exp loss = 1.021  adjusted loss = 1.021  adv prob = 0.000097   acc = 0.714
  toxicity = 1, identity_any = 1  [n = 49]:	loss = 0.399  exp loss = 0.368  adjusted loss = 0.368  adv prob = 0.936244   acc = 0.857
Average incurred loss: 0.245  
Average sample loss: 0.149  
Average acc: 0.944  
  toxicity = 0, identity_any = 0  [n = 423]:	loss = 0.205  exp loss = 0.165  adjusted loss = 0.165  adv prob = 0.000000   acc = 0.957
  toxicity = 0, identity_any = 1  [n = 290]:	loss = 0.183  exp loss = 0.230  adjusted loss = 0.230  adv prob = 0.064458   acc = 0.959
  toxicity = 1, identity_any = 0  [n = 37]:	loss = 1.232  exp loss = 0.883  adjusted loss = 0.883  adv prob = 0.000115   acc = 0.730
  toxicity = 1, identity_any = 1  [n = 50]:	loss = 0.225  exp loss = 0.130  adjusted loss = 0.130  adv prob = 0.935428   acc = 0.900
Average incurred loss: 0.274  
Average sample loss: 0.376  
Average acc: 0.933  
  toxicity = 0, identity_any = 0  [n = 432]:	loss = 0.149  exp loss = 0.236  adjusted loss = 0.236  adv prob = 0.000000   acc = 0.975
  toxicity = 0, identity_any = 1  [n = 268]:	loss = 0.259  exp loss = 0.399  adjusted loss = 0.399  adv prob = 0.062477   acc = 0.948
  toxicity = 1, identity_any = 0  [n = 32]:	loss = 1.542  exp loss = 1.563  adjusted loss = 1.563  adv prob = 0.000135   acc = 0.562
  toxicity = 1, identity_any = 1  [n = 68]:	loss = 0.529  exp loss = 0.498  adjusted loss = 0.498  adv prob = 0.937388   acc = 0.779
Average incurred loss: 0.264  
Average sample loss: 0.254  
Average acc: 0.931  
  toxicity = 0, identity_any = 0  [n = 442]:	loss = 0.218  exp loss = 0.227  adjusted loss = 0.227  adv prob = 0.000000   acc = 0.952
  toxicity = 0, identity_any = 1  [n = 259]:	loss = 0.203  exp loss = 0.118  adjusted loss = 0.118  adv prob = 0.060647   acc = 0.961
  toxicity = 1, identity_any = 0  [n = 30]:	loss = 1.295  exp loss = 1.634  adjusted loss = 1.634  adv prob = 0.000165   acc = 0.633
  toxicity = 1, identity_any = 1  [n = 69]:	loss = 0.342  exp loss = 0.427  adjusted loss = 0.427  adv prob = 0.939188   acc = 0.812
Average incurred loss: 0.282  
Average sample loss: 0.183  
Average acc: 0.929  
  toxicity = 0, identity_any = 0  [n = 397]:	loss = 0.206  exp loss = 0.120  adjusted loss = 0.120  adv prob = 0.000000   acc = 0.960
  toxicity = 0, identity_any = 1  [n = 302]:	loss = 0.386  exp loss = 0.300  adjusted loss = 0.300  adv prob = 0.066993   acc = 0.914
  toxicity = 1, identity_any = 0  [n = 30]:	loss = 0.361  exp loss = 0.511  adjusted loss = 0.511  adv prob = 0.000162   acc = 0.800
  toxicity = 1, identity_any = 1  [n = 71]:	loss = 0.233  exp loss = 0.443  adjusted loss = 0.443  adv prob = 0.932845   acc = 0.873
Average incurred loss: 0.208  
Average sample loss: 0.403  
Average acc: 0.943  
  toxicity = 0, identity_any = 0  [n = 429]:	loss = 0.082  exp loss = 0.080  adjusted loss = 0.080  adv prob = 0.000000   acc = 0.981
  toxicity = 0, identity_any = 1  [n = 280]:	loss = 0.233  exp loss = 0.509  adjusted loss = 0.509  adv prob = 0.062945   acc = 0.957
  toxicity = 1, identity_any = 0  [n = 39]:	loss = 1.086  exp loss = 1.246  adjusted loss = 1.246  adv prob = 0.000190   acc = 0.641
  toxicity = 1, identity_any = 1  [n = 52]:	loss = 0.459  exp loss = 0.487  adjusted loss = 0.487  adv prob = 0.936865   acc = 0.769
Average incurred loss: 0.198  
Average sample loss: 0.116  
Average acc: 0.952  
  toxicity = 0, identity_any = 0  [n = 439]:	loss = 0.134  exp loss = 0.069  adjusted loss = 0.069  adv prob = 0.000000   acc = 0.973
  toxicity = 0, identity_any = 1  [n = 305]:	loss = 0.219  exp loss = 0.160  adjusted loss = 0.160  adv prob = 0.066517   acc = 0.957
  toxicity = 1, identity_any = 0  [n = 22]:	loss = 1.211  exp loss = 0.953  adjusted loss = 0.953  adv prob = 0.000226   acc = 0.636
  toxicity = 1, identity_any = 1  [n = 34]:	loss = 0.196  exp loss = 0.142  adjusted loss = 0.142  adv prob = 0.933257   acc = 0.853
Average incurred loss: 0.210  
Average sample loss: 0.248  
Average acc: 0.943  
  toxicity = 0, identity_any = 0  [n = 428]:	loss = 0.116  exp loss = 0.141  adjusted loss = 0.141  adv prob = 0.000000   acc = 0.974
  toxicity = 0, identity_any = 1  [n = 283]:	loss = 0.198  exp loss = 0.252  adjusted loss = 0.252  adv prob = 0.065309   acc = 0.961
  toxicity = 1, identity_any = 0  [n = 42]:	loss = 0.989  exp loss = 0.812  adjusted loss = 0.812  adv prob = 0.000265   acc = 0.667
  toxicity = 1, identity_any = 1  [n = 47]:	loss = 0.435  exp loss = 0.424  adjusted loss = 0.424  adv prob = 0.934426   acc = 0.787
Average incurred loss: 0.245  
Average sample loss: 0.257  
Average acc: 0.930  
  toxicity = 0, identity_any = 0  [n = 427]:	loss = 0.135  exp loss = 0.139  adjusted loss = 0.139  adv prob = 0.000000   acc = 0.972
  toxicity = 0, identity_any = 1  [n = 277]:	loss = 0.237  exp loss = 0.307  adjusted loss = 0.307  adv prob = 0.065105   acc = 0.939
  toxicity = 1, identity_any = 0  [n = 38]:	loss = 1.359  exp loss = 1.207  adjusted loss = 1.207  adv prob = 0.000319   acc = 0.553
  toxicity = 1, identity_any = 1  [n = 58]:	loss = 0.354  exp loss = 0.428  adjusted loss = 0.428  adv prob = 0.934577   acc = 0.828
Average incurred loss: 0.227  
Average sample loss: 0.227  
Average acc: 0.935  
  toxicity = 0, identity_any = 0  [n = 440]:	loss = 0.148  exp loss = 0.159  adjusted loss = 0.159  adv prob = 0.000000   acc = 0.966
  toxicity = 0, identity_any = 1  [n = 269]:	loss = 0.250  exp loss = 0.369  adjusted loss = 0.369  adv prob = 0.065965   acc = 0.941
  toxicity = 1, identity_any = 0  [n = 36]:	loss = 0.915  exp loss = 0.914  adjusted loss = 0.914  adv prob = 0.000346   acc = 0.722
  toxicity = 1, identity_any = 1  [n = 55]:	loss = 0.294  exp loss = 0.282  adjusted loss = 0.282  adv prob = 0.933689   acc = 0.800
Average incurred loss: 0.224  
Average sample loss: 0.303  
Average acc: 0.940  
  toxicity = 0, identity_any = 0  [n = 418]:	loss = 0.145  exp loss = 0.126  adjusted loss = 0.126  adv prob = 0.000000   acc = 0.974
  toxicity = 0, identity_any = 1  [n = 290]:	loss = 0.273  exp loss = 0.253  adjusted loss = 0.253  adv prob = 0.064644   acc = 0.941
  toxicity = 1, identity_any = 0  [n = 34]:	loss = 0.461  exp loss = 0.417  adjusted loss = 0.417  adv prob = 0.000330   acc = 0.853
  toxicity = 1, identity_any = 1  [n = 58]:	loss = 0.412  exp loss = 0.273  adjusted loss = 0.273  adv prob = 0.935025   acc = 0.741
Average incurred loss: 0.228  
Average sample loss: 0.357  
Average acc: 0.944  
  toxicity = 0, identity_any = 0  [n = 413]:	loss = 0.205  exp loss = 0.144  adjusted loss = 0.144  adv prob = 0.000000   acc = 0.959
  toxicity = 0, identity_any = 1  [n = 291]:	loss = 0.119  exp loss = 0.052  adjusted loss = 0.052  adv prob = 0.057490   acc = 0.979
  toxicity = 1, identity_any = 0  [n = 41]:	loss = 0.899  exp loss = 0.937  adjusted loss = 0.937  adv prob = 0.000361   acc = 0.732
  toxicity = 1, identity_any = 1  [n = 55]:	loss = 0.470  exp loss = 0.777  adjusted loss = 0.777  adv prob = 0.942149   acc = 0.800
Average incurred loss: 0.271  
Average sample loss: 0.271  
Average acc: 0.930  
  toxicity = 0, identity_any = 0  [n = 446]:	loss = 0.190  exp loss = 0.177  adjusted loss = 0.177  adv prob = 0.000000   acc = 0.953
  toxicity = 0, identity_any = 1  [n = 271]:	loss = 0.311  exp loss = 0.211  adjusted loss = 0.211  adv prob = 0.058942   acc = 0.945
  toxicity = 1, identity_any = 0  [n = 27]:	loss = 1.022  exp loss = 1.064  adjusted loss = 1.064  adv prob = 0.000381   acc = 0.593
  toxicity = 1, identity_any = 1  [n = 56]:	loss = 0.362  exp loss = 0.423  adjusted loss = 0.423  adv prob = 0.940677   acc = 0.839
Average incurred loss: 0.292  
Average sample loss: 0.219  
Average acc: 0.919  
  toxicity = 0, identity_any = 0  [n = 414]:	loss = 0.214  exp loss = 0.144  adjusted loss = 0.144  adv prob = 0.000000   acc = 0.954
  toxicity = 0, identity_any = 1  [n = 302]:	loss = 0.344  exp loss = 0.306  adjusted loss = 0.306  adv prob = 0.063712   acc = 0.911
  toxicity = 1, identity_any = 0  [n = 34]:	loss = 0.777  exp loss = 0.709  adjusted loss = 0.709  adv prob = 0.000398   acc = 0.676
  toxicity = 1, identity_any = 1  [n = 50]:	loss = 0.304  exp loss = 0.289  adjusted loss = 0.289  adv prob = 0.935890   acc = 0.840
Average incurred loss: 0.230  
Average sample loss: 0.466  
Average acc: 0.931  
  toxicity = 0, identity_any = 0  [n = 394]:	loss = 0.170  exp loss = 0.132  adjusted loss = 0.132  adv prob = 0.000000   acc = 0.962
  toxicity = 0, identity_any = 1  [n = 312]:	loss = 0.164  exp loss = 0.093  adjusted loss = 0.093  adv prob = 0.055053   acc = 0.962
  toxicity = 1, identity_any = 0  [n = 37]:	loss = 0.816  exp loss = 0.568  adjusted loss = 0.568  adv prob = 0.000386   acc = 0.676
  toxicity = 1, identity_any = 1  [n = 57]:	loss = 0.625  exp loss = 1.097  adjusted loss = 1.097  adv prob = 0.944561   acc = 0.719
Average incurred loss: 0.303  
Average sample loss: 0.150  
Average acc: 0.924  
  toxicity = 0, identity_any = 0  [n = 418]:	loss = 0.251  exp loss = 0.319  adjusted loss = 0.319  adv prob = 0.000000   acc = 0.945
  toxicity = 0, identity_any = 1  [n = 272]:	loss = 0.302  exp loss = 0.489  adjusted loss = 0.489  adv prob = 0.059021   acc = 0.930
  toxicity = 1, identity_any = 0  [n = 46]:	loss = 0.893  exp loss = 1.155  adjusted loss = 1.155  adv prob = 0.000478   acc = 0.783
  toxicity = 1, identity_any = 1  [n = 64]:	loss = 0.233  exp loss = 0.144  adjusted loss = 0.144  adv prob = 0.940501   acc = 0.859
Average incurred loss: 0.265  
Average sample loss: 0.336  
Average acc: 0.934  
  toxicity = 0, identity_any = 0  [n = 409]:	loss = 0.189  exp loss = 0.155  adjusted loss = 0.155  adv prob = 0.000000   acc = 0.961
  toxicity = 0, identity_any = 1  [n = 303]:	loss = 0.290  exp loss = 0.376  adjusted loss = 0.376  adv prob = 0.058102   acc = 0.937
  toxicity = 1, identity_any = 0  [n = 31]:	loss = 0.792  exp loss = 0.683  adjusted loss = 0.683  adv prob = 0.000488   acc = 0.710
  toxicity = 1, identity_any = 1  [n = 57]:	loss = 0.384  exp loss = 0.488  adjusted loss = 0.488  adv prob = 0.941410   acc = 0.842
Average incurred loss: 0.216  
Average sample loss: 0.220  
Average acc: 0.941  
  toxicity = 0, identity_any = 0  [n = 428]:	loss = 0.136  exp loss = 0.155  adjusted loss = 0.155  adv prob = 0.000000   acc = 0.974
  toxicity = 0, identity_any = 1  [n = 282]:	loss = 0.228  exp loss = 0.211  adjusted loss = 0.211  adv prob = 0.058275   acc = 0.940
  toxicity = 1, identity_any = 0  [n = 37]:	loss = 0.819  exp loss = 0.684  adjusted loss = 0.684  adv prob = 0.000551   acc = 0.676
  toxicity = 1, identity_any = 1  [n = 53]:	loss = 0.378  exp loss = 0.393  adjusted loss = 0.393  adv prob = 0.941174   acc = 0.868
Average incurred loss: 0.199  
Average sample loss: 0.294  
Average acc: 0.945  
  toxicity = 0, identity_any = 0  [n = 430]:	loss = 0.190  exp loss = 0.307  adjusted loss = 0.307  adv prob = 0.000000   acc = 0.960
  toxicity = 0, identity_any = 1  [n = 273]:	loss = 0.121  exp loss = 0.204  adjusted loss = 0.204  adv prob = 0.053411   acc = 0.974
  toxicity = 1, identity_any = 0  [n = 33]:	loss = 0.691  exp loss = 0.534  adjusted loss = 0.534  adv prob = 0.000553   acc = 0.727
  toxicity = 1, identity_any = 1  [n = 64]:	loss = 0.333  exp loss = 0.308  adjusted loss = 0.308  adv prob = 0.946037   acc = 0.828
Average incurred loss: 0.308  
Average sample loss: 0.222  
Average acc: 0.931  
  toxicity = 0, identity_any = 0  [n = 414]:	loss = 0.276  exp loss = 0.368  adjusted loss = 0.368  adv prob = 0.000000   acc = 0.949
  toxicity = 0, identity_any = 1  [n = 291]:	loss = 0.312  exp loss = 0.286  adjusted loss = 0.286  adv prob = 0.055191   acc = 0.935
  toxicity = 1, identity_any = 0  [n = 32]:	loss = 0.763  exp loss = 0.724  adjusted loss = 0.724  adv prob = 0.000612   acc = 0.781
  toxicity = 1, identity_any = 1  [n = 63]:	loss = 0.268  exp loss = 0.498  adjusted loss = 0.498  adv prob = 0.944197   acc = 0.873
Average incurred loss: 0.235  
Average sample loss: 0.120  
Average acc: 0.936  
  toxicity = 0, identity_any = 0  [n = 441]:	loss = 0.185  exp loss = 0.200  adjusted loss = 0.200  adv prob = 0.000000   acc = 0.957
  toxicity = 0, identity_any = 1  [n = 279]:	loss = 0.230  exp loss = 0.313  adjusted loss = 0.313  adv prob = 0.058689   acc = 0.943
  toxicity = 1, identity_any = 0  [n = 29]:	loss = 1.021  exp loss = 1.339  adjusted loss = 1.339  adv prob = 0.000738   acc = 0.690
  toxicity = 1, identity_any = 1  [n = 51]:	loss = 0.243  exp loss = 0.195  adjusted loss = 0.195  adv prob = 0.940573   acc = 0.863
Average incurred loss: 0.212  
Average sample loss: 0.362  
Average acc: 0.942  
  toxicity = 0, identity_any = 0  [n = 410]:	loss = 0.147  exp loss = 0.116  adjusted loss = 0.116  adv prob = 0.000000   acc = 0.968
  toxicity = 0, identity_any = 1  [n = 295]:	loss = 0.158  exp loss = 0.115  adjusted loss = 0.115  adv prob = 0.052735   acc = 0.973
  toxicity = 1, identity_any = 0  [n = 39]:	loss = 0.787  exp loss = 0.605  adjusted loss = 0.605  adv prob = 0.000799   acc = 0.718
  toxicity = 1, identity_any = 1  [n = 56]:	loss = 0.573  exp loss = 0.267  adjusted loss = 0.267  adv prob = 0.946466   acc = 0.750
Average incurred loss: 0.250  
Average sample loss: 0.163  
Average acc: 0.938  
  toxicity = 0, identity_any = 0  [n = 412]:	loss = 0.184  exp loss = 0.100  adjusted loss = 0.100  adv prob = 0.000000   acc = 0.968
  toxicity = 0, identity_any = 1  [n = 310]:	loss = 0.271  exp loss = 0.238  adjusted loss = 0.238  adv prob = 0.055242   acc = 0.942
  toxicity = 1, identity_any = 0  [n = 25]:	loss = 1.106  exp loss = 1.033  adjusted loss = 1.033  adv prob = 0.000923   acc = 0.600
  toxicity = 1, identity_any = 1  [n = 53]:	loss = 0.245  exp loss = 0.278  adjusted loss = 0.278  adv prob = 0.943835   acc = 0.830
Average incurred loss: 0.301  
Average sample loss: 0.323  
Average acc: 0.924  
  toxicity = 0, identity_any = 0  [n = 425]:	loss = 0.243  exp loss = 0.286  adjusted loss = 0.286  adv prob = 0.000000   acc = 0.948
  toxicity = 0, identity_any = 1  [n = 282]:	loss = 0.309  exp loss = 0.342  adjusted loss = 0.342  adv prob = 0.056031   acc = 0.940
  toxicity = 1, identity_any = 0  [n = 31]:	loss = 0.992  exp loss = 0.826  adjusted loss = 0.826  adv prob = 0.000974   acc = 0.677
  toxicity = 1, identity_any = 1  [n = 62]:	loss = 0.325  exp loss = 0.539  adjusted loss = 0.539  adv prob = 0.942995   acc = 0.806
Average incurred loss: 0.198  
Average sample loss: 0.244  
Average acc: 0.941  
  toxicity = 0, identity_any = 0  [n = 444]:	loss = 0.092  exp loss = 0.030  adjusted loss = 0.030  adv prob = 0.000000   acc = 0.977
  toxicity = 0, identity_any = 1  [n = 268]:	loss = 0.238  exp loss = 0.291  adjusted loss = 0.291  adv prob = 0.056143   acc = 0.944
  toxicity = 1, identity_any = 0  [n = 36]:	loss = 0.778  exp loss = 0.887  adjusted loss = 0.887  adv prob = 0.000994   acc = 0.694
  toxicity = 1, identity_any = 1  [n = 52]:	loss = 0.497  exp loss = 0.487  adjusted loss = 0.487  adv prob = 0.942863   acc = 0.788
Average incurred loss: 0.229  
Average sample loss: 0.247  
Average acc: 0.931  
  toxicity = 0, identity_any = 0  [n = 440]:	loss = 0.124  exp loss = 0.112  adjusted loss = 0.112  adv prob = 0.000000   acc = 0.975
  toxicity = 0, identity_any = 1  [n = 252]:	loss = 0.322  exp loss = 0.279  adjusted loss = 0.279  adv prob = 0.059808   acc = 0.933
  toxicity = 1, identity_any = 0  [n = 41]:	loss = 0.565  exp loss = 0.539  adjusted loss = 0.539  adv prob = 0.001052   acc = 0.756
  toxicity = 1, identity_any = 1  [n = 67]:	loss = 0.365  exp loss = 0.418  adjusted loss = 0.418  adv prob = 0.939140   acc = 0.746
Average incurred loss: 0.230  
Average sample loss: 0.162  
Average acc: 0.936  
  toxicity = 0, identity_any = 0  [n = 416]:	loss = 0.190  exp loss = 0.181  adjusted loss = 0.181  adv prob = 0.000000   acc = 0.959
  toxicity = 0, identity_any = 1  [n = 286]:	loss = 0.254  exp loss = 0.240  adjusted loss = 0.240  adv prob = 0.063246   acc = 0.927
  toxicity = 1, identity_any = 0  [n = 40]:	loss = 0.454  exp loss = 0.691  adjusted loss = 0.691  adv prob = 0.001107   acc = 0.825
  toxicity = 1, identity_any = 1  [n = 58]:	loss = 0.247  exp loss = 0.200  adjusted loss = 0.200  adv prob = 0.935647   acc = 0.897
Average incurred loss: 0.225  
Average sample loss: 0.269  
Average acc: 0.933  
  toxicity = 0, identity_any = 0  [n = 416]:	loss = 0.194  exp loss = 0.144  adjusted loss = 0.144  adv prob = 0.000000   acc = 0.954
  toxicity = 0, identity_any = 1  [n = 288]:	loss = 0.187  exp loss = 0.192  adjusted loss = 0.192  adv prob = 0.060348   acc = 0.958
  toxicity = 1, identity_any = 0  [n = 46]:	loss = 0.620  exp loss = 0.582  adjusted loss = 0.582  adv prob = 0.001146   acc = 0.717
  toxicity = 1, identity_any = 1  [n = 50]:	loss = 0.335  exp loss = 0.633  adjusted loss = 0.633  adv prob = 0.938507   acc = 0.800
Average incurred loss: 0.173  
Average sample loss: 0.118  
Average acc: 0.955  
  toxicity = 0, identity_any = 0  [n = 411]:	loss = 0.094  exp loss = 0.059  adjusted loss = 0.059  adv prob = 0.000000   acc = 0.981
  toxicity = 0, identity_any = 1  [n = 300]:	loss = 0.190  exp loss = 0.280  adjusted loss = 0.280  adv prob = 0.061769   acc = 0.957
  toxicity = 1, identity_any = 0  [n = 44]:	loss = 0.661  exp loss = 0.545  adjusted loss = 0.545  adv prob = 0.001347   acc = 0.773
  toxicity = 1, identity_any = 1  [n = 45]:	loss = 0.310  exp loss = 0.115  adjusted loss = 0.115  adv prob = 0.936884   acc = 0.889
Average incurred loss: 0.206  
Average sample loss: 0.352  
Average acc: 0.946  
  toxicity = 0, identity_any = 0  [n = 428]:	loss = 0.122  exp loss = 0.168  adjusted loss = 0.168  adv prob = 0.000000   acc = 0.972
  toxicity = 0, identity_any = 1  [n = 287]:	loss = 0.170  exp loss = 0.219  adjusted loss = 0.219  adv prob = 0.056093   acc = 0.969
  toxicity = 1, identity_any = 0  [n = 35]:	loss = 1.013  exp loss = 0.926  adjusted loss = 0.926  adv prob = 0.001409   acc = 0.714
  toxicity = 1, identity_any = 1  [n = 50]:	loss = 0.572  exp loss = 0.505  adjusted loss = 0.505  adv prob = 0.942499   acc = 0.760
Average incurred loss: 0.216  
Average sample loss: 0.150  
Average acc: 0.945  
  toxicity = 0, identity_any = 0  [n = 416]:	loss = 0.167  exp loss = 0.197  adjusted loss = 0.197  adv prob = 0.000000   acc = 0.971
  toxicity = 0, identity_any = 1  [n = 278]:	loss = 0.191  exp loss = 0.126  adjusted loss = 0.126  adv prob = 0.057248   acc = 0.946
  toxicity = 1, identity_any = 0  [n = 42]:	loss = 0.958  exp loss = 1.091  adjusted loss = 1.091  adv prob = 0.001775   acc = 0.714
  toxicity = 1, identity_any = 1  [n = 64]:	loss = 0.156  exp loss = 0.331  adjusted loss = 0.331  adv prob = 0.940977   acc = 0.922
Average incurred loss: 0.235  
Average sample loss: 0.193  
Average acc: 0.939  
  toxicity = 0, identity_any = 0  [n = 429]:	loss = 0.134  exp loss = 0.112  adjusted loss = 0.112  adv prob = 0.000000   acc = 0.970
  toxicity = 0, identity_any = 1  [n = 266]:	loss = 0.298  exp loss = 0.331  adjusted loss = 0.331  adv prob = 0.061605   acc = 0.947
  toxicity = 1, identity_any = 0  [n = 40]:	loss = 0.815  exp loss = 1.264  adjusted loss = 1.264  adv prob = 0.002082   acc = 0.725
  toxicity = 1, identity_any = 1  [n = 65]:	loss = 0.291  exp loss = 0.198  adjusted loss = 0.198  adv prob = 0.936312   acc = 0.831
Average incurred loss: 0.250  
Average sample loss: 0.184  
Average acc: 0.930  
  toxicity = 0, identity_any = 0  [n = 436]:	loss = 0.149  exp loss = 0.092  adjusted loss = 0.092  adv prob = 0.000000   acc = 0.970
  toxicity = 0, identity_any = 1  [n = 273]:	loss = 0.275  exp loss = 0.227  adjusted loss = 0.227  adv prob = 0.063686   acc = 0.923
  toxicity = 1, identity_any = 0  [n = 39]:	loss = 1.216  exp loss = 1.176  adjusted loss = 1.176  adv prob = 0.002608   acc = 0.615
  toxicity = 1, identity_any = 1  [n = 52]:	loss = 0.240  exp loss = 0.149  adjusted loss = 0.149  adv prob = 0.933706   acc = 0.865
Average incurred loss: 0.212  
Average sample loss: 0.199  
Average acc: 0.951  
  toxicity = 0, identity_any = 0  [n = 440]:	loss = 0.187  exp loss = 0.206  adjusted loss = 0.206  adv prob = 0.000000   acc = 0.964
  toxicity = 0, identity_any = 1  [n = 287]:	loss = 0.187  exp loss = 0.111  adjusted loss = 0.111  adv prob = 0.063089   acc = 0.969
  toxicity = 1, identity_any = 0  [n = 30]:	loss = 0.568  exp loss = 0.417  adjusted loss = 0.417  adv prob = 0.002713   acc = 0.800
  toxicity = 1, identity_any = 1  [n = 43]:	loss = 0.398  exp loss = 0.486  adjusted loss = 0.486  adv prob = 0.934199   acc = 0.814
Average incurred loss: 0.222  
Average sample loss: 0.231  
Average acc: 0.951  
  toxicity = 0, identity_any = 0  [n = 430]:	loss = 0.194  exp loss = 0.136  adjusted loss = 0.136  adv prob = 0.000000   acc = 0.967
  toxicity = 0, identity_any = 1  [n = 302]:	loss = 0.174  exp loss = 0.164  adjusted loss = 0.164  adv prob = 0.061491   acc = 0.964
  toxicity = 1, identity_any = 0  [n = 29]:	loss = 0.876  exp loss = 0.866  adjusted loss = 0.866  adv prob = 0.002851   acc = 0.759
  toxicity = 1, identity_any = 1  [n = 39]:	loss = 0.425  exp loss = 0.354  adjusted loss = 0.354  adv prob = 0.935658   acc = 0.821
Average incurred loss: 0.233  
Average sample loss: 0.246  
Average acc: 0.946  
  toxicity = 0, identity_any = 0  [n = 419]:	loss = 0.168  exp loss = 0.256  adjusted loss = 0.256  adv prob = 0.000000   acc = 0.967
  toxicity = 0, identity_any = 1  [n = 277]:	loss = 0.262  exp loss = 0.237  adjusted loss = 0.237  adv prob = 0.061597   acc = 0.953
  toxicity = 1, identity_any = 0  [n = 38]:	loss = 0.579  exp loss = 0.660  adjusted loss = 0.660  adv prob = 0.002938   acc = 0.816
  toxicity = 1, identity_any = 1  [n = 66]:	loss = 0.323  exp loss = 0.276  adjusted loss = 0.276  adv prob = 0.935465   acc = 0.864
Average incurred loss: 0.273  
Average sample loss: 0.220  
Average acc: 0.933  
  toxicity = 0, identity_any = 0  [n = 415]:	loss = 0.177  exp loss = 0.147  adjusted loss = 0.147  adv prob = 0.000000   acc = 0.966
  toxicity = 0, identity_any = 1  [n = 298]:	loss = 0.241  exp loss = 0.289  adjusted loss = 0.289  adv prob = 0.061601   acc = 0.946
  toxicity = 1, identity_any = 0  [n = 37]:	loss = 1.602  exp loss = 2.250  adjusted loss = 2.250  adv prob = 0.004297   acc = 0.568
  toxicity = 1, identity_any = 1  [n = 50]:	loss = 0.285  exp loss = 0.190  adjusted loss = 0.190  adv prob = 0.934102   acc = 0.840
Average incurred loss: 0.253  
Average sample loss: 0.214  
Average acc: 0.938  
  toxicity = 0, identity_any = 0  [n = 417]:	loss = 0.198  exp loss = 0.188  adjusted loss = 0.188  adv prob = 0.000000   acc = 0.964
  toxicity = 0, identity_any = 1  [n = 278]:	loss = 0.248  exp loss = 0.451  adjusted loss = 0.451  adv prob = 0.062866   acc = 0.942
  toxicity = 1, identity_any = 0  [n = 41]:	loss = 0.687  exp loss = 1.129  adjusted loss = 1.129  adv prob = 0.004813   acc = 0.780
  toxicity = 1, identity_any = 1  [n = 64]:	loss = 0.350  exp loss = 0.166  adjusted loss = 0.166  adv prob = 0.932320   acc = 0.844
Average incurred loss: 0.261  
Average sample loss: 0.173  
Average acc: 0.935  
  toxicity = 0, identity_any = 0  [n = 445]:	loss = 0.244  exp loss = 0.274  adjusted loss = 0.274  adv prob = 0.000000   acc = 0.951
  toxicity = 0, identity_any = 1  [n = 265]:	loss = 0.277  exp loss = 0.399  adjusted loss = 0.399  adv prob = 0.068133   acc = 0.940
  toxicity = 1, identity_any = 0  [n = 35]:	loss = 0.354  exp loss = 0.524  adjusted loss = 0.524  adv prob = 0.004819   acc = 0.829
  toxicity = 1, identity_any = 1  [n = 55]:	loss = 0.266  exp loss = 0.147  adjusted loss = 0.147  adv prob = 0.927048   acc = 0.855
Average incurred loss: 0.307  
Average sample loss: 0.115  
Average acc: 0.932  
  toxicity = 0, identity_any = 0  [n = 442]:	loss = 0.288  exp loss = 0.208  adjusted loss = 0.208  adv prob = 0.000000   acc = 0.943
  toxicity = 0, identity_any = 1  [n = 269]:	loss = 0.359  exp loss = 0.348  adjusted loss = 0.348  adv prob = 0.077554   acc = 0.929
  toxicity = 1, identity_any = 0  [n = 32]:	loss = 0.418  exp loss = 0.534  adjusted loss = 0.534  adv prob = 0.005018   acc = 0.812
  toxicity = 1, identity_any = 1  [n = 57]:	loss = 0.150  exp loss = 0.108  adjusted loss = 0.108  adv prob = 0.917428   acc = 0.930
Average incurred loss: 0.195  
Average sample loss: 0.382  
Average acc: 0.951  
  toxicity = 0, identity_any = 0  [n = 431]:	loss = 0.161  exp loss = 0.204  adjusted loss = 0.204  adv prob = 0.000000   acc = 0.968
  toxicity = 0, identity_any = 1  [n = 267]:	loss = 0.149  exp loss = 0.261  adjusted loss = 0.261  adv prob = 0.068949   acc = 0.970
  toxicity = 1, identity_any = 0  [n = 40]:	loss = 0.439  exp loss = 0.268  adjusted loss = 0.268  adv prob = 0.004575   acc = 0.850
  toxicity = 1, identity_any = 1  [n = 62]:	loss = 0.476  exp loss = 0.751  adjusted loss = 0.751  adv prob = 0.926476   acc = 0.823
Average incurred loss: 0.348  
Average sample loss: 0.238  
Average acc: 0.919  
  toxicity = 0, identity_any = 0  [n = 442]:	loss = 0.308  exp loss = 0.394  adjusted loss = 0.394  adv prob = 0.000000   acc = 0.941
  toxicity = 0, identity_any = 1  [n = 258]:	loss = 0.344  exp loss = 0.320  adjusted loss = 0.320  adv prob = 0.072964   acc = 0.922
  toxicity = 1, identity_any = 0  [n = 37]:	loss = 1.006  exp loss = 0.917  adjusted loss = 0.917  adv prob = 0.005345   acc = 0.703
  toxicity = 1, identity_any = 1  [n = 63]:	loss = 0.263  exp loss = 0.287  adjusted loss = 0.287  adv prob = 0.921691   acc = 0.873
Average incurred loss: 0.267  
Average sample loss: 0.324  
Average acc: 0.935  
  toxicity = 0, identity_any = 0  [n = 436]:	loss = 0.233  exp loss = 0.165  adjusted loss = 0.165  adv prob = 0.000000   acc = 0.956
  toxicity = 0, identity_any = 1  [n = 258]:	loss = 0.276  exp loss = 0.129  adjusted loss = 0.129  adv prob = 0.070810   acc = 0.946
  toxicity = 1, identity_any = 0  [n = 32]:	loss = 0.548  exp loss = 0.821  adjusted loss = 0.821  adv prob = 0.005275   acc = 0.750
  toxicity = 1, identity_any = 1  [n = 74]:	loss = 0.321  exp loss = 0.316  adjusted loss = 0.316  adv prob = 0.923916   acc = 0.851
Average incurred loss: 0.352  
Average sample loss: 0.315  
Average acc: 0.921  
  toxicity = 0, identity_any = 0  [n = 433]:	loss = 0.316  exp loss = 0.413  adjusted loss = 0.413  adv prob = 0.000000   acc = 0.935
  toxicity = 0, identity_any = 1  [n = 289]:	loss = 0.380  exp loss = 0.588  adjusted loss = 0.588  adv prob = 0.073107   acc = 0.931
  toxicity = 1, identity_any = 0  [n = 30]:	loss = 0.386  exp loss = 0.441  adjusted loss = 0.441  adv prob = 0.004858   acc = 0.833
  toxicity = 1, identity_any = 1  [n = 48]:	loss = 0.493  exp loss = 0.321  adjusted loss = 0.321  adv prob = 0.922034   acc = 0.792
Average incurred loss: 0.301  
Average sample loss: 0.265  
Average acc: 0.930  
  toxicity = 0, identity_any = 0  [n = 431]:	loss = 0.221  exp loss = 0.172  adjusted loss = 0.172  adv prob = 0.000000   acc = 0.961
  toxicity = 0, identity_any = 1  [n = 267]:	loss = 0.417  exp loss = 0.493  adjusted loss = 0.493  adv prob = 0.078098   acc = 0.910
  toxicity = 1, identity_any = 0  [n = 50]:	loss = 0.353  exp loss = 0.455  adjusted loss = 0.455  adv prob = 0.004722   acc = 0.880
  toxicity = 1, identity_any = 1  [n = 52]:	loss = 0.324  exp loss = 0.355  adjusted loss = 0.355  adv prob = 0.917181   acc = 0.827
Average incurred loss: 0.210  
Average sample loss: 0.243  
Average acc: 0.942  
  toxicity = 0, identity_any = 0  [n = 420]:	loss = 0.166  exp loss = 0.155  adjusted loss = 0.155  adv prob = 0.000000   acc = 0.960
  toxicity = 0, identity_any = 1  [n = 294]:	loss = 0.195  exp loss = 0.169  adjusted loss = 0.169  adv prob = 0.076906   acc = 0.963
  toxicity = 1, identity_any = 0  [n = 26]:	loss = 0.818  exp loss = 1.142  adjusted loss = 1.142  adv prob = 0.005031   acc = 0.692
  toxicity = 1, identity_any = 1  [n = 60]:	loss = 0.331  exp loss = 0.245  adjusted loss = 0.245  adv prob = 0.918063   acc = 0.833
Average incurred loss: 0.199  
Average sample loss: 0.211  
Average acc: 0.950  
  toxicity = 0, identity_any = 0  [n = 428]:	loss = 0.151  exp loss = 0.148  adjusted loss = 0.148  adv prob = 0.000000   acc = 0.972
  toxicity = 0, identity_any = 1  [n = 279]:	loss = 0.203  exp loss = 0.130  adjusted loss = 0.130  adv prob = 0.075897   acc = 0.957
  toxicity = 1, identity_any = 0  [n = 36]:	loss = 0.503  exp loss = 0.546  adjusted loss = 0.546  adv prob = 0.005052   acc = 0.806
  toxicity = 1, identity_any = 1  [n = 57]:	loss = 0.348  exp loss = 0.228  adjusted loss = 0.228  adv prob = 0.919051   acc = 0.842
Average incurred loss: 0.304  
Average sample loss: 0.270  
Average acc: 0.925  
  toxicity = 0, identity_any = 0  [n = 454]:	loss = 0.221  exp loss = 0.190  adjusted loss = 0.190  adv prob = 0.000000   acc = 0.954
  toxicity = 0, identity_any = 1  [n = 269]:	loss = 0.382  exp loss = 0.444  adjusted loss = 0.444  adv prob = 0.080288   acc = 0.929
  toxicity = 1, identity_any = 0  [n = 31]:	loss = 0.691  exp loss = 0.807  adjusted loss = 0.807  adv prob = 0.005283   acc = 0.677
  toxicity = 1, identity_any = 1  [n = 46]:	loss = 0.410  exp loss = 0.525  adjusted loss = 0.525  adv prob = 0.914429   acc = 0.783
Average incurred loss: 0.253  
Average sample loss: 0.187  
Average acc: 0.933  
  toxicity = 0, identity_any = 0  [n = 409]:	loss = 0.243  exp loss = 0.198  adjusted loss = 0.198  adv prob = 0.000000   acc = 0.944
  toxicity = 0, identity_any = 1  [n = 297]:	loss = 0.208  exp loss = 0.203  adjusted loss = 0.203  adv prob = 0.081354   acc = 0.949
  toxicity = 1, identity_any = 0  [n = 40]:	loss = 0.657  exp loss = 0.526  adjusted loss = 0.526  adv prob = 0.005736   acc = 0.800
  toxicity = 1, identity_any = 1  [n = 54]:	loss = 0.274  exp loss = 0.370  adjusted loss = 0.370  adv prob = 0.912910   acc = 0.852
Average incurred loss: 0.242  
Average sample loss: 0.269  
Average acc: 0.942  
  toxicity = 0, identity_any = 0  [n = 441]:	loss = 0.210  exp loss = 0.249  adjusted loss = 0.249  adv prob = 0.000000   acc = 0.957
  toxicity = 0, identity_any = 1  [n = 276]:	loss = 0.218  exp loss = 0.186  adjusted loss = 0.186  adv prob = 0.079209   acc = 0.960
  toxicity = 1, identity_any = 0  [n = 26]:	loss = 0.610  exp loss = 0.367  adjusted loss = 0.367  adv prob = 0.005404   acc = 0.769
  toxicity = 1, identity_any = 1  [n = 57]:	loss = 0.439  exp loss = 0.246  adjusted loss = 0.246  adv prob = 0.915388   acc = 0.825
Average incurred loss: 0.170  
Average sample loss: 0.152  
Average acc: 0.958  
  toxicity = 0, identity_any = 0  [n = 393]:	loss = 0.111  exp loss = 0.191  adjusted loss = 0.191  adv prob = 0.000000   acc = 0.977
  toxicity = 0, identity_any = 1  [n = 319]:	loss = 0.195  exp loss = 0.130  adjusted loss = 0.130  adv prob = 0.081530   acc = 0.962
  toxicity = 1, identity_any = 0  [n = 35]:	loss = 0.542  exp loss = 0.401  adjusted loss = 0.401  adv prob = 0.005695   acc = 0.771
  toxicity = 1, identity_any = 1  [n = 53]:	loss = 0.205  exp loss = 0.253  adjusted loss = 0.253  adv prob = 0.912775   acc = 0.906
Average incurred loss: 0.247  
Average sample loss: 0.467  
Average acc: 0.940  
  toxicity = 0, identity_any = 0  [n = 445]:	loss = 0.206  exp loss = 0.307  adjusted loss = 0.307  adv prob = 0.000000   acc = 0.962
  toxicity = 0, identity_any = 1  [n = 265]:	loss = 0.212  exp loss = 0.328  adjusted loss = 0.328  adv prob = 0.074576   acc = 0.958
  toxicity = 1, identity_any = 0  [n = 40]:	loss = 0.438  exp loss = 0.513  adjusted loss = 0.513  adv prob = 0.005206   acc = 0.800
  toxicity = 1, identity_any = 1  [n = 50]:	loss = 0.641  exp loss = 0.498  adjusted loss = 0.498  adv prob = 0.920218   acc = 0.760
Average incurred loss: 0.208  
Average sample loss: 0.231  
Average acc: 0.940  
  toxicity = 0, identity_any = 0  [n = 430]:	loss = 0.147  exp loss = 0.124  adjusted loss = 0.124  adv prob = 0.000000   acc = 0.963
  toxicity = 0, identity_any = 1  [n = 287]:	loss = 0.211  exp loss = 0.102  adjusted loss = 0.102  adv prob = 0.076938   acc = 0.951
  toxicity = 1, identity_any = 0  [n = 39]:	loss = 0.552  exp loss = 0.612  adjusted loss = 0.612  adv prob = 0.005572   acc = 0.795
  toxicity = 1, identity_any = 1  [n = 44]:	loss = 0.474  exp loss = 0.526  adjusted loss = 0.526  adv prob = 0.917491   acc = 0.773
Average incurred loss: 0.248  
Average sample loss: 0.306  
Average acc: 0.938  
  toxicity = 0, identity_any = 0  [n = 411]:	loss = 0.204  exp loss = 0.300  adjusted loss = 0.300  adv prob = 0.000000   acc = 0.964
  toxicity = 0, identity_any = 1  [n = 288]:	loss = 0.235  exp loss = 0.253  adjusted loss = 0.253  adv prob = 0.073918   acc = 0.958
  toxicity = 1, identity_any = 0  [n = 38]:	loss = 0.523  exp loss = 0.511  adjusted loss = 0.511  adv prob = 0.005527   acc = 0.737
  toxicity = 1, identity_any = 1  [n = 63]:	loss = 0.425  exp loss = 0.523  adjusted loss = 0.523  adv prob = 0.920555   acc = 0.794
Average incurred loss: 0.312  
Average sample loss: 0.135  
Average acc: 0.932  
  toxicity = 0, identity_any = 0  [n = 447]:	loss = 0.275  exp loss = 0.196  adjusted loss = 0.196  adv prob = 0.000000   acc = 0.951
  toxicity = 0, identity_any = 1  [n = 259]:	loss = 0.319  exp loss = 0.248  adjusted loss = 0.248  adv prob = 0.079254   acc = 0.942
  toxicity = 1, identity_any = 0  [n = 29]:	loss = 1.128  exp loss = 0.878  adjusted loss = 0.878  adv prob = 0.006543   acc = 0.621
  toxicity = 1, identity_any = 1  [n = 65]:	loss = 0.178  exp loss = 0.163  adjusted loss = 0.163  adv prob = 0.914203   acc = 0.908
Average incurred loss: 0.321  
Average sample loss: 0.221  
Average acc: 0.920  
  toxicity = 0, identity_any = 0  [n = 423]:	loss = 0.249  exp loss = 0.188  adjusted loss = 0.188  adv prob = 0.000000   acc = 0.948
  toxicity = 0, identity_any = 1  [n = 275]:	loss = 0.364  exp loss = 0.253  adjusted loss = 0.253  adv prob = 0.085611   acc = 0.924
  toxicity = 1, identity_any = 0  [n = 29]:	loss = 1.048  exp loss = 0.892  adjusted loss = 0.892  adv prob = 0.007801   acc = 0.586
  toxicity = 1, identity_any = 1  [n = 73]:	loss = 0.284  exp loss = 0.122  adjusted loss = 0.122  adv prob = 0.906587   acc = 0.877
Average incurred loss: 0.316  
Average sample loss: 0.174  
Average acc: 0.923  
  toxicity = 0, identity_any = 0  [n = 433]:	loss = 0.348  exp loss = 0.281  adjusted loss = 0.281  adv prob = 0.000000   acc = 0.933
  toxicity = 0, identity_any = 1  [n = 266]:	loss = 0.234  exp loss = 0.235  adjusted loss = 0.235  adv prob = 0.088127   acc = 0.940
  toxicity = 1, identity_any = 0  [n = 39]:	loss = 0.607  exp loss = 0.624  adjusted loss = 0.624  adv prob = 0.008406   acc = 0.821
  toxicity = 1, identity_any = 1  [n = 62]:	loss = 0.267  exp loss = 0.180  adjusted loss = 0.180  adv prob = 0.903467   acc = 0.839
Average incurred loss: 0.336  
Average sample loss: 0.350  
Average acc: 0.917  
  toxicity = 0, identity_any = 0  [n = 418]:	loss = 0.337  exp loss = 0.482  adjusted loss = 0.482  adv prob = 0.000000   acc = 0.933
  toxicity = 0, identity_any = 1  [n = 286]:	loss = 0.312  exp loss = 0.419  adjusted loss = 0.419  adv prob = 0.088193   acc = 0.937
  toxicity = 1, identity_any = 0  [n = 46]:	loss = 0.324  exp loss = 0.239  adjusted loss = 0.239  adv prob = 0.007887   acc = 0.826
  toxicity = 1, identity_any = 1  [n = 50]:	loss = 0.481  exp loss = 0.255  adjusted loss = 0.255  adv prob = 0.903920   acc = 0.760
Average incurred loss: 0.239  
Average sample loss: 0.272  
Average acc: 0.938  
  toxicity = 0, identity_any = 0  [n = 403]:	loss = 0.161  exp loss = 0.206  adjusted loss = 0.206  adv prob = 0.000000   acc = 0.965
  toxicity = 0, identity_any = 1  [n = 292]:	loss = 0.248  exp loss = 0.217  adjusted loss = 0.217  adv prob = 0.086857   acc = 0.959
  toxicity = 1, identity_any = 0  [n = 50]:	loss = 0.643  exp loss = 0.873  adjusted loss = 0.873  adv prob = 0.008356   acc = 0.760
  toxicity = 1, identity_any = 1  [n = 55]:	loss = 0.397  exp loss = 0.128  adjusted loss = 0.128  adv prob = 0.904788   acc = 0.782
Average incurred loss: 0.311  
Average sample loss: 0.233  
Average acc: 0.923  
  toxicity = 0, identity_any = 0  [n = 402]:	loss = 0.288  exp loss = 0.177  adjusted loss = 0.177  adv prob = 0.000000   acc = 0.943
  toxicity = 0, identity_any = 1  [n = 313]:	loss = 0.294  exp loss = 0.336  adjusted loss = 0.336  adv prob = 0.091072   acc = 0.936
  toxicity = 1, identity_any = 0  [n = 31]:	loss = 0.685  exp loss = 0.761  adjusted loss = 0.761  adv prob = 0.008770   acc = 0.710
  toxicity = 1, identity_any = 1  [n = 54]:	loss = 0.364  exp loss = 0.341  adjusted loss = 0.341  adv prob = 0.900159   acc = 0.815
Average incurred loss: 0.377  
Average sample loss: 0.319  
Average acc: 0.910  
  toxicity = 0, identity_any = 0  [n = 427]:	loss = 0.279  exp loss = 0.219  adjusted loss = 0.219  adv prob = 0.000000   acc = 0.941
  toxicity = 0, identity_any = 1  [n = 276]:	loss = 0.486  exp loss = 0.560  adjusted loss = 0.560  adv prob = 0.100566   acc = 0.895
  toxicity = 1, identity_any = 0  [n = 34]:	loss = 0.783  exp loss = 1.196  adjusted loss = 1.196  adv prob = 0.009254   acc = 0.765
  toxicity = 1, identity_any = 1  [n = 63]:	loss = 0.347  exp loss = 0.503  adjusted loss = 0.503  adv prob = 0.890180   acc = 0.841
Average incurred loss: 0.194  
Average sample loss: 0.219  
Average acc: 0.941  
  toxicity = 0, identity_any = 0  [n = 424]:	loss = 0.141  exp loss = 0.107  adjusted loss = 0.107  adv prob = 0.000000   acc = 0.969
  toxicity = 0, identity_any = 1  [n = 287]:	loss = 0.193  exp loss = 0.245  adjusted loss = 0.245  adv prob = 0.099367   acc = 0.955
  toxicity = 1, identity_any = 0  [n = 38]:	loss = 0.493  exp loss = 0.617  adjusted loss = 0.617  adv prob = 0.009545   acc = 0.737
  toxicity = 1, identity_any = 1  [n = 51]:	loss = 0.406  exp loss = 0.518  adjusted loss = 0.518  adv prob = 0.891089   acc = 0.784
Average incurred loss: 0.249  
Average sample loss: 0.192  
Average acc: 0.940  
  toxicity = 0, identity_any = 0  [n = 430]:	loss = 0.228  exp loss = 0.212  adjusted loss = 0.212  adv prob = 0.000000   acc = 0.965
  toxicity = 0, identity_any = 1  [n = 272]:	loss = 0.218  exp loss = 0.169  adjusted loss = 0.169  adv prob = 0.099349   acc = 0.960
  toxicity = 1, identity_any = 0  [n = 41]:	loss = 0.576  exp loss = 0.615  adjusted loss = 0.615  adv prob = 0.010265   acc = 0.732
  toxicity = 1, identity_any = 1  [n = 57]:	loss = 0.323  exp loss = 0.299  adjusted loss = 0.299  adv prob = 0.890386   acc = 0.807
Average incurred loss: 0.234  
Average sample loss: 0.137  
Average acc: 0.947  
  toxicity = 0, identity_any = 0  [n = 412]:	loss = 0.225  exp loss = 0.287  adjusted loss = 0.287  adv prob = 0.000000   acc = 0.954
  toxicity = 0, identity_any = 1  [n = 296]:	loss = 0.182  exp loss = 0.192  adjusted loss = 0.192  adv prob = 0.100714   acc = 0.970
  toxicity = 1, identity_any = 0  [n = 48]:	loss = 0.591  exp loss = 1.161  adjusted loss = 1.161  adv prob = 0.012434   acc = 0.812
  toxicity = 1, identity_any = 1  [n = 44]:	loss = 0.281  exp loss = 0.247  adjusted loss = 0.247  adv prob = 0.886852   acc = 0.886
Average incurred loss: 0.273  
Average sample loss: 0.321  
Average acc: 0.928  
  toxicity = 0, identity_any = 0  [n = 440]:	loss = 0.237  exp loss = 0.176  adjusted loss = 0.176  adv prob = 0.000000   acc = 0.957
  toxicity = 0, identity_any = 1  [n = 277]:	loss = 0.189  exp loss = 0.117  adjusted loss = 0.117  adv prob = 0.093002   acc = 0.960
  toxicity = 1, identity_any = 0  [n = 43]:	loss = 0.884  exp loss = 0.997  adjusted loss = 0.997  adv prob = 0.013717   acc = 0.628
  toxicity = 1, identity_any = 1  [n = 40]:	loss = 0.596  exp loss = 0.296  adjusted loss = 0.296  adv prob = 0.893281   acc = 0.700
Average incurred loss: 0.323  
Average sample loss: 0.318  
Average acc: 0.919  
  toxicity = 0, identity_any = 0  [n = 435]:	loss = 0.312  exp loss = 0.288  adjusted loss = 0.288  adv prob = 0.000000   acc = 0.929
  toxicity = 0, identity_any = 1  [n = 277]:	loss = 0.278  exp loss = 0.274  adjusted loss = 0.274  adv prob = 0.091326   acc = 0.946
  toxicity = 1, identity_any = 0  [n = 29]:	loss = 0.872  exp loss = 0.841  adjusted loss = 0.841  adv prob = 0.014174   acc = 0.655
  toxicity = 1, identity_any = 1  [n = 59]:	loss = 0.346  exp loss = 0.258  adjusted loss = 0.258  adv prob = 0.894500   acc = 0.847
Average incurred loss: 0.272  
Average sample loss: 0.244  
Average acc: 0.930  
  toxicity = 0, identity_any = 0  [n = 404]:	loss = 0.193  exp loss = 0.247  adjusted loss = 0.247  adv prob = 0.000000   acc = 0.958
  toxicity = 0, identity_any = 1  [n = 293]:	loss = 0.341  exp loss = 0.492  adjusted loss = 0.492  adv prob = 0.096888   acc = 0.928
  toxicity = 1, identity_any = 0  [n = 39]:	loss = 0.605  exp loss = 0.820  adjusted loss = 0.820  adv prob = 0.015221   acc = 0.744
  toxicity = 1, identity_any = 1  [n = 64]:	loss = 0.249  exp loss = 0.198  adjusted loss = 0.198  adv prob = 0.887891   acc = 0.875
Average incurred loss: 0.303  
Average sample loss: 0.202  
Average acc: 0.913  
  toxicity = 0, identity_any = 0  [n = 398]:	loss = 0.282  exp loss = 0.138  adjusted loss = 0.138  adv prob = 0.000000   acc = 0.935
  toxicity = 0, identity_any = 1  [n = 300]:	loss = 0.289  exp loss = 0.248  adjusted loss = 0.248  adv prob = 0.101228   acc = 0.923
  toxicity = 1, identity_any = 0  [n = 34]:	loss = 0.682  exp loss = 0.644  adjusted loss = 0.644  adv prob = 0.016387   acc = 0.706
  toxicity = 1, identity_any = 1  [n = 68]:	loss = 0.294  exp loss = 0.231  adjusted loss = 0.231  adv prob = 0.882384   acc = 0.838
Average incurred loss: 0.280  
Average sample loss: 0.172  
Average acc: 0.929  
  toxicity = 0, identity_any = 0  [n = 442]:	loss = 0.260  exp loss = 0.229  adjusted loss = 0.229  adv prob = 0.000000   acc = 0.941
  toxicity = 0, identity_any = 1  [n = 254]:	loss = 0.301  exp loss = 0.385  adjusted loss = 0.385  adv prob = 0.106788   acc = 0.933
  toxicity = 1, identity_any = 0  [n = 40]:	loss = 0.491  exp loss = 0.536  adjusted loss = 0.536  adv prob = 0.017037   acc = 0.800
  toxicity = 1, identity_any = 1  [n = 64]:	loss = 0.207  exp loss = 0.139  adjusted loss = 0.139  adv prob = 0.876175   acc = 0.906
Average incurred loss: 0.258  
Average sample loss: 0.217  
Average acc: 0.939  
  toxicity = 0, identity_any = 0  [n = 429]:	loss = 0.170  exp loss = 0.182  adjusted loss = 0.182  adv prob = 0.000000   acc = 0.963
  toxicity = 0, identity_any = 1  [n = 274]:	loss = 0.307  exp loss = 0.455  adjusted loss = 0.455  adv prob = 0.111537   acc = 0.942
  toxicity = 1, identity_any = 0  [n = 34]:	loss = 0.860  exp loss = 0.774  adjusted loss = 0.774  adv prob = 0.018879   acc = 0.735
  toxicity = 1, identity_any = 1  [n = 63]:	loss = 0.317  exp loss = 0.280  adjusted loss = 0.280  adv prob = 0.869584   acc = 0.873
Average incurred loss: 0.308  
Average sample loss: 0.188  
Average acc: 0.924  
  toxicity = 0, identity_any = 0  [n = 433]:	loss = 0.344  exp loss = 0.230  adjusted loss = 0.230  adv prob = 0.000000   acc = 0.926
  toxicity = 0, identity_any = 1  [n = 280]:	loss = 0.219  exp loss = 0.191  adjusted loss = 0.191  adv prob = 0.112089   acc = 0.957
  toxicity = 1, identity_any = 0  [n = 31]:	loss = 0.700  exp loss = 0.628  adjusted loss = 0.628  adv prob = 0.020262   acc = 0.710
  toxicity = 1, identity_any = 1  [n = 56]:	loss = 0.260  exp loss = 0.194  adjusted loss = 0.194  adv prob = 0.867649   acc = 0.857
Average incurred loss: 0.334  
Average sample loss: 0.230  
Average acc: 0.914  
  toxicity = 0, identity_any = 0  [n = 429]:	loss = 0.343  exp loss = 0.450  adjusted loss = 0.450  adv prob = 0.000000   acc = 0.923
  toxicity = 0, identity_any = 1  [n = 281]:	loss = 0.278  exp loss = 0.211  adjusted loss = 0.211  adv prob = 0.117727   acc = 0.943
  toxicity = 1, identity_any = 0  [n = 43]:	loss = 0.608  exp loss = 0.488  adjusted loss = 0.488  adv prob = 0.021658   acc = 0.721
  toxicity = 1, identity_any = 1  [n = 47]:	loss = 0.335  exp loss = 0.233  adjusted loss = 0.233  adv prob = 0.860615   acc = 0.830
Average incurred loss: 0.197  
Average sample loss: 0.260  
Average acc: 0.945  
  toxicity = 0, identity_any = 0  [n = 430]:	loss = 0.188  exp loss = 0.188  adjusted loss = 0.188  adv prob = 0.000000   acc = 0.963
  toxicity = 0, identity_any = 1  [n = 287]:	loss = 0.159  exp loss = 0.084  adjusted loss = 0.084  adv prob = 0.110877   acc = 0.962
  toxicity = 1, identity_any = 0  [n = 30]:	loss = 0.344  exp loss = 0.429  adjusted loss = 0.429  adv prob = 0.020785   acc = 0.800
  toxicity = 1, identity_any = 1  [n = 53]:	loss = 0.394  exp loss = 0.327  adjusted loss = 0.327  adv prob = 0.868338   acc = 0.792
Average incurred loss: 0.377  
Average sample loss: 0.315  
Average acc: 0.905  
  toxicity = 0, identity_any = 0  [n = 406]:	loss = 0.357  exp loss = 0.435  adjusted loss = 0.435  adv prob = 0.000000   acc = 0.924
  toxicity = 0, identity_any = 1  [n = 285]:	loss = 0.383  exp loss = 0.435  adjusted loss = 0.435  adv prob = 0.114794   acc = 0.916
  toxicity = 1, identity_any = 0  [n = 43]:	loss = 0.573  exp loss = 0.683  adjusted loss = 0.683  adv prob = 0.021364   acc = 0.791
  toxicity = 1, identity_any = 1  [n = 66]:	loss = 0.342  exp loss = 0.259  adjusted loss = 0.259  adv prob = 0.863842   acc = 0.818
Average incurred loss: 0.264  
Average sample loss: 0.316  
Average acc: 0.928  
  toxicity = 0, identity_any = 0  [n = 410]:	loss = 0.234  exp loss = 0.229  adjusted loss = 0.229  adv prob = 0.000000   acc = 0.949
  toxicity = 0, identity_any = 1  [n = 278]:	loss = 0.239  exp loss = 0.343  adjusted loss = 0.343  adv prob = 0.110884   acc = 0.942
  toxicity = 1, identity_any = 0  [n = 48]:	loss = 0.512  exp loss = 0.256  adjusted loss = 0.256  adv prob = 0.021456   acc = 0.812
  toxicity = 1, identity_any = 1  [n = 64]:	loss = 0.384  exp loss = 0.465  adjusted loss = 0.465  adv prob = 0.867660   acc = 0.812
Average incurred loss: 0.323  
Average sample loss: 0.312  
Average acc: 0.923  
  toxicity = 0, identity_any = 0  [n = 456]:	loss = 0.325  exp loss = 0.314  adjusted loss = 0.314  adv prob = 0.000000   acc = 0.930
  toxicity = 0, identity_any = 1  [n = 258]:	loss = 0.303  exp loss = 0.173  adjusted loss = 0.173  adv prob = 0.107995   acc = 0.934
  toxicity = 1, identity_any = 0  [n = 35]:	loss = 0.352  exp loss = 0.356  adjusted loss = 0.356  adv prob = 0.020321   acc = 0.857
  toxicity = 1, identity_any = 1  [n = 51]:	loss = 0.400  exp loss = 0.741  adjusted loss = 0.741  adv prob = 0.871683   acc = 0.843
Average incurred loss: 0.208  
Average sample loss: 0.304  
Average acc: 0.944  
  toxicity = 0, identity_any = 0  [n = 416]:	loss = 0.163  exp loss = 0.115  adjusted loss = 0.115  adv prob = 0.000000   acc = 0.962
  toxicity = 0, identity_any = 1  [n = 295]:	loss = 0.189  exp loss = 0.257  adjusted loss = 0.257  adv prob = 0.101750   acc = 0.959
  toxicity = 1, identity_any = 0  [n = 32]:	loss = 0.562  exp loss = 0.645  adjusted loss = 0.645  adv prob = 0.019903   acc = 0.781
  toxicity = 1, identity_any = 1  [n = 57]:	loss = 0.436  exp loss = 0.864  adjusted loss = 0.864  adv prob = 0.878347   acc = 0.825
Average incurred loss: 0.340  
Average sample loss: 0.405  
Average acc: 0.904  
  toxicity = 0, identity_any = 0  [n = 418]:	loss = 0.227  exp loss = 0.291  adjusted loss = 0.291  adv prob = 0.000000   acc = 0.950
  toxicity = 0, identity_any = 1  [n = 276]:	loss = 0.414  exp loss = 0.450  adjusted loss = 0.450  adv prob = 0.100971   acc = 0.895
  toxicity = 1, identity_any = 0  [n = 40]:	loss = 0.684  exp loss = 0.503  adjusted loss = 0.503  adv prob = 0.019418   acc = 0.725
  toxicity = 1, identity_any = 1  [n = 66]:	loss = 0.539  exp loss = 0.226  adjusted loss = 0.226  adv prob = 0.879610   acc = 0.758
Average incurred loss: 0.220  
Average sample loss: 0.297  
Average acc: 0.932  
  toxicity = 0, identity_any = 0  [n = 443]:	loss = 0.203  exp loss = 0.125  adjusted loss = 0.125  adv prob = 0.000000   acc = 0.955
  toxicity = 0, identity_any = 1  [n = 268]:	loss = 0.184  exp loss = 0.086  adjusted loss = 0.086  adv prob = 0.096854   acc = 0.951
  toxicity = 1, identity_any = 0  [n = 39]:	loss = 0.336  exp loss = 0.351  adjusted loss = 0.351  adv prob = 0.018082   acc = 0.846
  toxicity = 1, identity_any = 1  [n = 50]:	loss = 0.479  exp loss = 0.523  adjusted loss = 0.523  adv prob = 0.885064   acc = 0.700
Average incurred loss: 0.373  
Average sample loss: 0.328  
Average acc: 0.896  
  toxicity = 0, identity_any = 0  [n = 430]:	loss = 0.385  exp loss = 0.454  adjusted loss = 0.454  adv prob = 0.000000   acc = 0.909
  toxicity = 0, identity_any = 1  [n = 280]:	loss = 0.295  exp loss = 0.359  adjusted loss = 0.359  adv prob = 0.094144   acc = 0.921
  toxicity = 1, identity_any = 0  [n = 33]:	loss = 0.740  exp loss = 0.450  adjusted loss = 0.450  adv prob = 0.017939   acc = 0.667
  toxicity = 1, identity_any = 1  [n = 57]:	loss = 0.443  exp loss = 0.383  adjusted loss = 0.383  adv prob = 0.887917   acc = 0.807
Average incurred loss: 0.264  
Average sample loss: 0.210  
Average acc: 0.918  
  toxicity = 0, identity_any = 0  [n = 401]:	loss = 0.216  exp loss = 0.127  adjusted loss = 0.127  adv prob = 0.000000   acc = 0.948
  toxicity = 0, identity_any = 1  [n = 304]:	loss = 0.283  exp loss = 0.309  adjusted loss = 0.309  adv prob = 0.098322   acc = 0.924
  toxicity = 1, identity_any = 0  [n = 33]:	loss = 0.529  exp loss = 0.245  adjusted loss = 0.245  adv prob = 0.017061   acc = 0.758
  toxicity = 1, identity_any = 1  [n = 62]:	loss = 0.348  exp loss = 0.369  adjusted loss = 0.369  adv prob = 0.884617   acc = 0.774
Average incurred loss: 0.233  
Average sample loss: 0.186  
Average acc: 0.936  
  toxicity = 0, identity_any = 0  [n = 433]:	loss = 0.189  exp loss = 0.194  adjusted loss = 0.194  adv prob = 0.000000   acc = 0.961
  toxicity = 0, identity_any = 1  [n = 283]:	loss = 0.234  exp loss = 0.182  adjusted loss = 0.182  adv prob = 0.099263   acc = 0.947
  toxicity = 1, identity_any = 0  [n = 38]:	loss = 0.532  exp loss = 0.251  adjusted loss = 0.251  adv prob = 0.017377   acc = 0.737
  toxicity = 1, identity_any = 1  [n = 46]:	loss = 0.386  exp loss = 0.372  adjusted loss = 0.372  adv prob = 0.883361   acc = 0.804
Average incurred loss: 0.243  
Average sample loss: 0.231  
Average acc: 0.938  
  toxicity = 0, identity_any = 0  [n = 442]:	loss = 0.193  exp loss = 0.192  adjusted loss = 0.192  adv prob = 0.000000   acc = 0.962
  toxicity = 0, identity_any = 1  [n = 269]:	loss = 0.282  exp loss = 0.434  adjusted loss = 0.434  adv prob = 0.103791   acc = 0.944
  toxicity = 1, identity_any = 0  [n = 44]:	loss = 0.476  exp loss = 0.455  adjusted loss = 0.455  adv prob = 0.018047   acc = 0.727
  toxicity = 1, identity_any = 1  [n = 45]:	loss = 0.278  exp loss = 0.319  adjusted loss = 0.319  adv prob = 0.878162   acc = 0.867
Average incurred loss: 0.256  
Average sample loss: 0.225  
Average acc: 0.937  
  toxicity = 0, identity_any = 0  [n = 424]:	loss = 0.264  exp loss = 0.248  adjusted loss = 0.248  adv prob = 0.000000   acc = 0.953
  toxicity = 0, identity_any = 1  [n = 287]:	loss = 0.193  exp loss = 0.220  adjusted loss = 0.220  adv prob = 0.103493   acc = 0.955
  toxicity = 1, identity_any = 0  [n = 32]:	loss = 0.618  exp loss = 0.589  adjusted loss = 0.589  adv prob = 0.018329   acc = 0.750
  toxicity = 1, identity_any = 1  [n = 57]:	loss = 0.303  exp loss = 0.281  adjusted loss = 0.281  adv prob = 0.878178   acc = 0.842
Average incurred loss: 0.284  
Average sample loss: 0.302  
Average acc: 0.929  
  toxicity = 0, identity_any = 0  [n = 442]:	loss = 0.310  exp loss = 0.280  adjusted loss = 0.280  adv prob = 0.000000   acc = 0.937
  toxicity = 0, identity_any = 1  [n = 259]:	loss = 0.212  exp loss = 0.102  adjusted loss = 0.102  adv prob = 0.098188   acc = 0.950
  toxicity = 1, identity_any = 0  [n = 32]:	loss = 0.361  exp loss = 0.324  adjusted loss = 0.324  adv prob = 0.017462   acc = 0.844
  toxicity = 1, identity_any = 1  [n = 67]:	loss = 0.359  exp loss = 0.522  adjusted loss = 0.522  adv prob = 0.884350   acc = 0.836
Average incurred loss: 0.382  
Average sample loss: 0.362  
Average acc: 0.911  
  toxicity = 0, identity_any = 0  [n = 439]:	loss = 0.400  exp loss = 0.437  adjusted loss = 0.437  adv prob = 0.000000   acc = 0.927
  toxicity = 0, identity_any = 1  [n = 266]:	loss = 0.292  exp loss = 0.290  adjusted loss = 0.290  adv prob = 0.099331   acc = 0.932
  toxicity = 1, identity_any = 0  [n = 38]:	loss = 0.551  exp loss = 0.491  adjusted loss = 0.491  adv prob = 0.017097   acc = 0.789
  toxicity = 1, identity_any = 1  [n = 57]:	loss = 0.552  exp loss = 0.363  adjusted loss = 0.363  adv prob = 0.883572   acc = 0.772
Average incurred loss: 0.286  
Average sample loss: 0.229  
Average acc: 0.924  
  toxicity = 0, identity_any = 0  [n = 420]:	loss = 0.282  exp loss = 0.347  adjusted loss = 0.347  adv prob = 0.000000   acc = 0.936
  toxicity = 0, identity_any = 1  [n = 283]:	loss = 0.295  exp loss = 0.314  adjusted loss = 0.314  adv prob = 0.106546   acc = 0.936
  toxicity = 1, identity_any = 0  [n = 43]:	loss = 0.219  exp loss = 0.176  adjusted loss = 0.176  adv prob = 0.016280   acc = 0.860
  toxicity = 1, identity_any = 1  [n = 54]:	loss = 0.328  exp loss = 0.278  adjusted loss = 0.278  adv prob = 0.877175   acc = 0.815
Average incurred loss: 0.289  
Average sample loss: 0.192  
Average acc: 0.927  
  toxicity = 0, identity_any = 0  [n = 451]:	loss = 0.290  exp loss = 0.253  adjusted loss = 0.253  adv prob = 0.000000   acc = 0.940
  toxicity = 0, identity_any = 1  [n = 266]:	loss = 0.211  exp loss = 0.317  adjusted loss = 0.317  adv prob = 0.106210   acc = 0.955
  toxicity = 1, identity_any = 0  [n = 39]:	loss = 0.741  exp loss = 0.716  adjusted loss = 0.716  adv prob = 0.018861   acc = 0.667
  toxicity = 1, identity_any = 1  [n = 44]:	loss = 0.355  exp loss = 0.250  adjusted loss = 0.250  adv prob = 0.874928   acc = 0.864
Average incurred loss: 0.276  
Average sample loss: 0.327  
Average acc: 0.939  
  toxicity = 0, identity_any = 0  [n = 452]:	loss = 0.260  exp loss = 0.192  adjusted loss = 0.192  adv prob = 0.000000   acc = 0.949
  toxicity = 0, identity_any = 1  [n = 273]:	loss = 0.232  exp loss = 0.388  adjusted loss = 0.388  adv prob = 0.102369   acc = 0.960
  toxicity = 1, identity_any = 0  [n = 34]:	loss = 0.488  exp loss = 0.506  adjusted loss = 0.506  adv prob = 0.017879   acc = 0.824
  toxicity = 1, identity_any = 1  [n = 41]:	loss = 0.572  exp loss = 0.818  adjusted loss = 0.818  adv prob = 0.879752   acc = 0.780
Average incurred loss: 0.299  
Average sample loss: 0.221  
Average acc: 0.919  
  toxicity = 0, identity_any = 0  [n = 424]:	loss = 0.242  exp loss = 0.259  adjusted loss = 0.259  adv prob = 0.000000   acc = 0.941
  toxicity = 0, identity_any = 1  [n = 274]:	loss = 0.369  exp loss = 0.258  adjusted loss = 0.258  adv prob = 0.108856   acc = 0.916
  toxicity = 1, identity_any = 0  [n = 34]:	loss = 0.433  exp loss = 0.234  adjusted loss = 0.234  adv prob = 0.017731   acc = 0.824
  toxicity = 1, identity_any = 1  [n = 68]:	loss = 0.309  exp loss = 0.307  adjusted loss = 0.307  adv prob = 0.873413   acc = 0.838
Average incurred loss: 0.260  
Average sample loss: 0.204  
Average acc: 0.936  
  toxicity = 0, identity_any = 0  [n = 424]:	loss = 0.255  exp loss = 0.130  adjusted loss = 0.130  adv prob = 0.000000   acc = 0.943
  toxicity = 0, identity_any = 1  [n = 297]:	loss = 0.235  exp loss = 0.265  adjusted loss = 0.265  adv prob = 0.111300   acc = 0.956
  toxicity = 1, identity_any = 0  [n = 35]:	loss = 0.460  exp loss = 0.381  adjusted loss = 0.381  adv prob = 0.017942   acc = 0.800
  toxicity = 1, identity_any = 1  [n = 44]:	loss = 0.319  exp loss = 0.416  adjusted loss = 0.416  adv prob = 0.870758   acc = 0.841
Average incurred loss: 0.216  
Average sample loss: 0.165  
Average acc: 0.946  
  toxicity = 0, identity_any = 0  [n = 407]:	loss = 0.185  exp loss = 0.126  adjusted loss = 0.126  adv prob = 0.000000   acc = 0.961
  toxicity = 0, identity_any = 1  [n = 301]:	loss = 0.201  exp loss = 0.163  adjusted loss = 0.163  adv prob = 0.113633   acc = 0.960
  toxicity = 1, identity_any = 0  [n = 35]:	loss = 0.635  exp loss = 0.513  adjusted loss = 0.513  adv prob = 0.019295   acc = 0.743
  toxicity = 1, identity_any = 1  [n = 57]:	loss = 0.262  exp loss = 0.141  adjusted loss = 0.141  adv prob = 0.867072   acc = 0.895
Average incurred loss: 0.313  
Average sample loss: 0.251  
Average acc: 0.921  
  toxicity = 0, identity_any = 0  [n = 418]:	loss = 0.286  exp loss = 0.399  adjusted loss = 0.399  adv prob = 0.000000   acc = 0.933
  toxicity = 0, identity_any = 1  [n = 287]:	loss = 0.305  exp loss = 0.394  adjusted loss = 0.394  adv prob = 0.116779   acc = 0.937
  toxicity = 1, identity_any = 0  [n = 27]:	loss = 0.754  exp loss = 0.515  adjusted loss = 0.515  adv prob = 0.019459   acc = 0.741
  toxicity = 1, identity_any = 1  [n = 68]:	loss = 0.335  exp loss = 0.408  adjusted loss = 0.408  adv prob = 0.863762   acc = 0.853
Average incurred loss: 0.247  
Average sample loss: 0.117  
Average acc: 0.939  
  toxicity = 0, identity_any = 0  [n = 442]:	loss = 0.231  exp loss = 0.328  adjusted loss = 0.328  adv prob = 0.000000   acc = 0.946
  toxicity = 0, identity_any = 1  [n = 268]:	loss = 0.262  exp loss = 0.187  adjusted loss = 0.187  adv prob = 0.124385   acc = 0.948
  toxicity = 1, identity_any = 0  [n = 36]:	loss = 0.436  exp loss = 0.255  adjusted loss = 0.255  adv prob = 0.020583   acc = 0.778
  toxicity = 1, identity_any = 1  [n = 54]:	loss = 0.176  exp loss = 0.192  adjusted loss = 0.192  adv prob = 0.855032   acc = 0.944
Average incurred loss: 0.291  
Average sample loss: 0.355  
Average acc: 0.925  
  toxicity = 0, identity_any = 0  [n = 439]:	loss = 0.265  exp loss = 0.406  adjusted loss = 0.406  adv prob = 0.000000   acc = 0.941
  toxicity = 0, identity_any = 1  [n = 269]:	loss = 0.258  exp loss = 0.239  adjusted loss = 0.239  adv prob = 0.116848   acc = 0.944
  toxicity = 1, identity_any = 0  [n = 38]:	loss = 0.568  exp loss = 0.783  adjusted loss = 0.783  adv prob = 0.021274   acc = 0.763
  toxicity = 1, identity_any = 1  [n = 54]:	loss = 0.474  exp loss = 0.488  adjusted loss = 0.488  adv prob = 0.861878   acc = 0.815
Average incurred loss: 0.319  
Average sample loss: 0.284  
Average acc: 0.918  
  toxicity = 0, identity_any = 0  [n = 430]:	loss = 0.288  exp loss = 0.188  adjusted loss = 0.188  adv prob = 0.000000   acc = 0.935
  toxicity = 0, identity_any = 1  [n = 279]:	loss = 0.269  exp loss = 0.220  adjusted loss = 0.220  adv prob = 0.115871   acc = 0.935
  toxicity = 1, identity_any = 0  [n = 37]:	loss = 0.821  exp loss = 1.012  adjusted loss = 1.012  adv prob = 0.023467   acc = 0.757
  toxicity = 1, identity_any = 1  [n = 54]:	loss = 0.482  exp loss = 0.630  adjusted loss = 0.630  adv prob = 0.860661   acc = 0.796
Average incurred loss: 0.305  
Average sample loss: 0.212  
Average acc: 0.921  
  toxicity = 0, identity_any = 0  [n = 429]:	loss = 0.264  exp loss = 0.205  adjusted loss = 0.205  adv prob = 0.000000   acc = 0.937
  toxicity = 0, identity_any = 1  [n = 292]:	loss = 0.329  exp loss = 0.228  adjusted loss = 0.228  adv prob = 0.120930   acc = 0.928
  toxicity = 1, identity_any = 0  [n = 33]:	loss = 0.572  exp loss = 0.585  adjusted loss = 0.585  adv prob = 0.024681   acc = 0.758
  toxicity = 1, identity_any = 1  [n = 46]:	loss = 0.350  exp loss = 0.475  adjusted loss = 0.475  adv prob = 0.854388   acc = 0.848
Average incurred loss: 0.309  
Average sample loss: 0.234  
Average acc: 0.916  
  toxicity = 0, identity_any = 0  [n = 427]:	loss = 0.306  exp loss = 0.293  adjusted loss = 0.293  adv prob = 0.000000   acc = 0.927
  toxicity = 0, identity_any = 1  [n = 278]:	loss = 0.257  exp loss = 0.282  adjusted loss = 0.282  adv prob = 0.124869   acc = 0.935
  toxicity = 1, identity_any = 0  [n = 30]:	loss = 0.721  exp loss = 0.871  adjusted loss = 0.871  adv prob = 0.025821   acc = 0.733
  toxicity = 1, identity_any = 1  [n = 65]:	loss = 0.357  exp loss = 0.197  adjusted loss = 0.197  adv prob = 0.849311   acc = 0.846
Average incurred loss: 0.230  
Average sample loss: 0.220  
Average acc: 0.940  
  toxicity = 0, identity_any = 0  [n = 427]:	loss = 0.178  exp loss = 0.215  adjusted loss = 0.215  adv prob = 0.000000   acc = 0.958
  toxicity = 0, identity_any = 1  [n = 290]:	loss = 0.240  exp loss = 0.173  adjusted loss = 0.173  adv prob = 0.127103   acc = 0.941
  toxicity = 1, identity_any = 0  [n = 40]:	loss = 0.625  exp loss = 0.634  adjusted loss = 0.634  adv prob = 0.028527   acc = 0.825
  toxicity = 1, identity_any = 1  [n = 43]:	loss = 0.316  exp loss = 0.625  adjusted loss = 0.625  adv prob = 0.844370   acc = 0.860
Average incurred loss: 0.303  
Average sample loss: 0.312  
Average acc: 0.924  
  toxicity = 0, identity_any = 0  [n = 427]:	loss = 0.319  exp loss = 0.335  adjusted loss = 0.335  adv prob = 0.000000   acc = 0.932
  toxicity = 0, identity_any = 1  [n = 284]:	loss = 0.252  exp loss = 0.378  adjusted loss = 0.378  adv prob = 0.124345   acc = 0.940
  toxicity = 1, identity_any = 0  [n = 30]:	loss = 0.271  exp loss = 0.344  adjusted loss = 0.344  adv prob = 0.025704   acc = 0.867
  toxicity = 1, identity_any = 1  [n = 59]:	loss = 0.448  exp loss = 0.683  adjusted loss = 0.683  adv prob = 0.849950   acc = 0.814
Average incurred loss: 0.238  
Average sample loss: 0.286  
Average acc: 0.928  
  toxicity = 0, identity_any = 0  [n = 444]:	loss = 0.169  exp loss = 0.115  adjusted loss = 0.115  adv prob = 0.000000   acc = 0.953
  toxicity = 0, identity_any = 1  [n = 270]:	loss = 0.246  exp loss = 0.194  adjusted loss = 0.194  adv prob = 0.121629   acc = 0.941
  toxicity = 1, identity_any = 0  [n = 34]:	loss = 0.726  exp loss = 0.806  adjusted loss = 0.806  adv prob = 0.027581   acc = 0.676
  toxicity = 1, identity_any = 1  [n = 52]:	loss = 0.471  exp loss = 0.251  adjusted loss = 0.251  adv prob = 0.850790   acc = 0.808
Average incurred loss: 0.247  
Average sample loss: 0.238  
Average acc: 0.934  
  toxicity = 0, identity_any = 0  [n = 422]:	loss = 0.205  exp loss = 0.098  adjusted loss = 0.098  adv prob = 0.000000   acc = 0.957
  toxicity = 0, identity_any = 1  [n = 300]:	loss = 0.241  exp loss = 0.183  adjusted loss = 0.183  adv prob = 0.121646   acc = 0.943
  toxicity = 1, identity_any = 0  [n = 36]:	loss = 0.614  exp loss = 0.550  adjusted loss = 0.550  adv prob = 0.028313   acc = 0.750
  toxicity = 1, identity_any = 1  [n = 42]:	loss = 0.398  exp loss = 0.280  adjusted loss = 0.280  adv prob = 0.850042   acc = 0.786
Average incurred loss: 0.253  
Average sample loss: 0.294  
Average acc: 0.924  
  toxicity = 0, identity_any = 0  [n = 426]:	loss = 0.266  exp loss = 0.273  adjusted loss = 0.273  adv prob = 0.000000   acc = 0.937
  toxicity = 0, identity_any = 1  [n = 270]:	loss = 0.112  exp loss = 0.231  adjusted loss = 0.231  adv prob = 0.111957   acc = 0.981
  toxicity = 1, identity_any = 0  [n = 50]:	loss = 0.613  exp loss = 0.652  adjusted loss = 0.652  adv prob = 0.030519   acc = 0.720
  toxicity = 1, identity_any = 1  [n = 54]:	loss = 0.526  exp loss = 0.444  adjusted loss = 0.444  adv prob = 0.857524   acc = 0.722
Average incurred loss: 0.283  
Average sample loss: 0.116  
Average acc: 0.926  
  toxicity = 0, identity_any = 0  [n = 416]:	loss = 0.272  exp loss = 0.235  adjusted loss = 0.235  adv prob = 0.000000   acc = 0.935
  toxicity = 0, identity_any = 1  [n = 308]:	loss = 0.309  exp loss = 0.280  adjusted loss = 0.280  adv prob = 0.122039   acc = 0.925
  toxicity = 1, identity_any = 0  [n = 30]:	loss = 0.326  exp loss = 0.444  adjusted loss = 0.444  adv prob = 0.030919   acc = 0.833
  toxicity = 1, identity_any = 1  [n = 46]:	loss = 0.174  exp loss = 0.107  adjusted loss = 0.107  adv prob = 0.847043   acc = 0.913
Average incurred loss: 0.239  
Average sample loss: 0.285  
Average acc: 0.932  
  toxicity = 0, identity_any = 0  [n = 420]:	loss = 0.172  exp loss = 0.218  adjusted loss = 0.218  adv prob = 0.000000   acc = 0.962
  toxicity = 0, identity_any = 1  [n = 297]:	loss = 0.268  exp loss = 0.336  adjusted loss = 0.336  adv prob = 0.120404   acc = 0.939
  toxicity = 1, identity_any = 0  [n = 35]:	loss = 0.546  exp loss = 0.552  adjusted loss = 0.552  adv prob = 0.030863   acc = 0.743
  toxicity = 1, identity_any = 1  [n = 48]:	loss = 0.428  exp loss = 0.358  adjusted loss = 0.358  adv prob = 0.848733   acc = 0.771
Average incurred loss: 0.289  
Average sample loss: 0.296  
Average acc: 0.923  
  toxicity = 0, identity_any = 0  [n = 448]:	loss = 0.328  exp loss = 0.237  adjusted loss = 0.237  adv prob = 0.000000   acc = 0.917
  toxicity = 0, identity_any = 1  [n = 266]:	loss = 0.212  exp loss = 0.115  adjusted loss = 0.115  adv prob = 0.115398   acc = 0.947
  toxicity = 1, identity_any = 0  [n = 35]:	loss = 0.160  exp loss = 0.205  adjusted loss = 0.205  adv prob = 0.027865   acc = 0.943
  toxicity = 1, identity_any = 1  [n = 51]:	loss = 0.430  exp loss = 0.866  adjusted loss = 0.866  adv prob = 0.856737   acc = 0.824
Average incurred loss: 0.317  
Average sample loss: 0.299  
Average acc: 0.919  
  toxicity = 0, identity_any = 0  [n = 428]:	loss = 0.342  exp loss = 0.342  adjusted loss = 0.342  adv prob = 0.000000   acc = 0.925
  toxicity = 0, identity_any = 1  [n = 277]:	loss = 0.207  exp loss = 0.216  adjusted loss = 0.216  adv prob = 0.110247   acc = 0.949
  toxicity = 1, identity_any = 0  [n = 43]:	loss = 0.611  exp loss = 0.587  adjusted loss = 0.587  adv prob = 0.027979   acc = 0.767
  toxicity = 1, identity_any = 1  [n = 52]:	loss = 0.447  exp loss = 0.480  adjusted loss = 0.480  adv prob = 0.861774   acc = 0.827
Average incurred loss: 0.242  
Average sample loss: 0.242  
Average acc: 0.939  
  toxicity = 0, identity_any = 0  [n = 426]:	loss = 0.204  exp loss = 0.349  adjusted loss = 0.349  adv prob = 0.000000   acc = 0.948
  toxicity = 0, identity_any = 1  [n = 288]:	loss = 0.284  exp loss = 0.238  adjusted loss = 0.238  adv prob = 0.113386   acc = 0.948
  toxicity = 1, identity_any = 0  [n = 36]:	loss = 0.135  exp loss = 0.185  adjusted loss = 0.185  adv prob = 0.025825   acc = 0.917
  toxicity = 1, identity_any = 1  [n = 50]:	loss = 0.396  exp loss = 0.329  adjusted loss = 0.329  adv prob = 0.860789   acc = 0.820
Average incurred loss: 0.293  
Average sample loss: 0.188  
Average acc: 0.923  
  toxicity = 0, identity_any = 0  [n = 407]:	loss = 0.310  exp loss = 0.245  adjusted loss = 0.245  adv prob = 0.000000   acc = 0.926
  toxicity = 0, identity_any = 1  [n = 286]:	loss = 0.268  exp loss = 0.124  adjusted loss = 0.124  adv prob = 0.118962   acc = 0.934
  toxicity = 1, identity_any = 0  [n = 36]:	loss = 0.376  exp loss = 0.190  adjusted loss = 0.190  adv prob = 0.025850   acc = 0.889
  toxicity = 1, identity_any = 1  [n = 71]:	loss = 0.250  exp loss = 0.080  adjusted loss = 0.080  adv prob = 0.855188   acc = 0.873
Average incurred loss: 0.195  
Average sample loss: 0.190  
Average acc: 0.941  
  toxicity = 0, identity_any = 0  [n = 415]:	loss = 0.185  exp loss = 0.157  adjusted loss = 0.157  adv prob = 0.000000   acc = 0.961
  toxicity = 0, identity_any = 1  [n = 285]:	loss = 0.149  exp loss = 0.144  adjusted loss = 0.144  adv prob = 0.115984   acc = 0.965
  toxicity = 1, identity_any = 0  [n = 40]:	loss = 0.471  exp loss = 0.342  adjusted loss = 0.342  adv prob = 0.025904   acc = 0.775
  toxicity = 1, identity_any = 1  [n = 60]:	loss = 0.297  exp loss = 0.437  adjusted loss = 0.437  adv prob = 0.858112   acc = 0.800
Average incurred loss: 0.428  
Average sample loss: 0.359  
Average acc: 0.905  
  toxicity = 0, identity_any = 0  [n = 420]:	loss = 0.467  exp loss = 0.554  adjusted loss = 0.554  adv prob = 0.000000   acc = 0.910
  toxicity = 0, identity_any = 1  [n = 298]:	loss = 0.331  exp loss = 0.238  adjusted loss = 0.238  adv prob = 0.112209   acc = 0.930
  toxicity = 1, identity_any = 0  [n = 28]:	loss = 0.636  exp loss = 0.371  adjusted loss = 0.371  adv prob = 0.024856   acc = 0.821
  toxicity = 1, identity_any = 1  [n = 54]:	loss = 0.559  exp loss = 0.542  adjusted loss = 0.542  adv prob = 0.862935   acc = 0.778
Average incurred loss: 0.276  
Average sample loss: 0.218  
Average acc: 0.923  
  toxicity = 0, identity_any = 0  [n = 415]:	loss = 0.306  exp loss = 0.248  adjusted loss = 0.248  adv prob = 0.000000   acc = 0.930
  toxicity = 0, identity_any = 1  [n = 276]:	loss = 0.182  exp loss = 0.079  adjusted loss = 0.079  adv prob = 0.109462   acc = 0.953
  toxicity = 1, identity_any = 0  [n = 45]:	loss = 0.534  exp loss = 0.520  adjusted loss = 0.520  adv prob = 0.026645   acc = 0.756
  toxicity = 1, identity_any = 1  [n = 64]:	loss = 0.302  exp loss = 0.182  adjusted loss = 0.182  adv prob = 0.863893   acc = 0.859
Average incurred loss: 0.327  
Average sample loss: 0.370  
Average acc: 0.924  
  toxicity = 0, identity_any = 0  [n = 428]:	loss = 0.353  exp loss = 0.282  adjusted loss = 0.282  adv prob = 0.000000   acc = 0.925
  toxicity = 0, identity_any = 1  [n = 293]:	loss = 0.243  exp loss = 0.155  adjusted loss = 0.155  adv prob = 0.103092   acc = 0.956
  toxicity = 1, identity_any = 0  [n = 25]:	loss = 0.411  exp loss = 0.516  adjusted loss = 0.516  adv prob = 0.023894   acc = 0.840
  toxicity = 1, identity_any = 1  [n = 54]:	loss = 0.533  exp loss = 0.981  adjusted loss = 0.981  adv prob = 0.873015   acc = 0.778
Average incurred loss: 0.284  
Average sample loss: 0.202  
Average acc: 0.932  
  toxicity = 0, identity_any = 0  [n = 389]:	loss = 0.303  exp loss = 0.262  adjusted loss = 0.262  adv prob = 0.000000   acc = 0.941
  toxicity = 0, identity_any = 1  [n = 306]:	loss = 0.259  exp loss = 0.174  adjusted loss = 0.174  adv prob = 0.105560   acc = 0.938
  toxicity = 1, identity_any = 0  [n = 37]:	loss = 0.310  exp loss = 0.115  adjusted loss = 0.115  adv prob = 0.023947   acc = 0.892
  toxicity = 1, identity_any = 1  [n = 68]:	loss = 0.276  exp loss = 0.478  adjusted loss = 0.478  adv prob = 0.870493   acc = 0.882
Average incurred loss: 0.362  
Average sample loss: 0.189  
Average acc: 0.915  
  toxicity = 0, identity_any = 0  [n = 447]:	loss = 0.438  exp loss = 0.328  adjusted loss = 0.328  adv prob = 0.000000   acc = 0.911
  toxicity = 0, identity_any = 1  [n = 262]:	loss = 0.227  exp loss = 0.146  adjusted loss = 0.146  adv prob = 0.106206   acc = 0.950
  toxicity = 1, identity_any = 0  [n = 33]:	loss = 0.472  exp loss = 0.279  adjusted loss = 0.279  adv prob = 0.024682   acc = 0.758
  toxicity = 1, identity_any = 1  [n = 58]:	loss = 0.321  exp loss = 0.208  adjusted loss = 0.208  adv prob = 0.869111   acc = 0.879
Average incurred loss: 0.265  
Average sample loss: 0.153  
Average acc: 0.936  
  toxicity = 0, identity_any = 0  [n = 408]:	loss = 0.222  exp loss = 0.221  adjusted loss = 0.221  adv prob = 0.000000   acc = 0.951
  toxicity = 0, identity_any = 1  [n = 299]:	loss = 0.265  exp loss = 0.329  adjusted loss = 0.329  adv prob = 0.114765   acc = 0.960
  toxicity = 1, identity_any = 0  [n = 41]:	loss = 0.662  exp loss = 0.845  adjusted loss = 0.845  adv prob = 0.027545   acc = 0.732
  toxicity = 1, identity_any = 1  [n = 52]:	loss = 0.287  exp loss = 0.171  adjusted loss = 0.171  adv prob = 0.857690   acc = 0.846
Average incurred loss: 0.258  
Average sample loss: 0.150  
Average acc: 0.936  
  toxicity = 0, identity_any = 0  [n = 435]:	loss = 0.314  exp loss = 0.467  adjusted loss = 0.467  adv prob = 0.000000   acc = 0.938
  toxicity = 0, identity_any = 1  [n = 271]:	loss = 0.154  exp loss = 0.113  adjusted loss = 0.113  adv prob = 0.114177   acc = 0.967
  toxicity = 1, identity_any = 0  [n = 42]:	loss = 0.300  exp loss = 0.358  adjusted loss = 0.358  adv prob = 0.027880   acc = 0.833
  toxicity = 1, identity_any = 1  [n = 52]:	loss = 0.291  exp loss = 0.145  adjusted loss = 0.145  adv prob = 0.857943   acc = 0.846
Average incurred loss: 0.327  
Average sample loss: 0.224  
Average acc: 0.920  
  toxicity = 0, identity_any = 0  [n = 421]:	loss = 0.274  exp loss = 0.242  adjusted loss = 0.242  adv prob = 0.000000   acc = 0.938
  toxicity = 0, identity_any = 1  [n = 291]:	loss = 0.340  exp loss = 0.240  adjusted loss = 0.240  adv prob = 0.121440   acc = 0.931
  toxicity = 1, identity_any = 0  [n = 50]:	loss = 0.655  exp loss = 0.777  adjusted loss = 0.777  adv prob = 0.030125   acc = 0.740
  toxicity = 1, identity_any = 1  [n = 38]:	loss = 0.386  exp loss = 0.216  adjusted loss = 0.216  adv prob = 0.848435   acc = 0.868
Average incurred loss: 0.245  
Average sample loss: 0.235  
Average acc: 0.935  
  toxicity = 0, identity_any = 0  [n = 438]:	loss = 0.247  exp loss = 0.229  adjusted loss = 0.229  adv prob = 0.000000   acc = 0.941
  toxicity = 0, identity_any = 1  [n = 266]:	loss = 0.189  exp loss = 0.214  adjusted loss = 0.214  adv prob = 0.118825   acc = 0.955
  toxicity = 1, identity_any = 0  [n = 36]:	loss = 0.634  exp loss = 0.531  adjusted loss = 0.531  adv prob = 0.031875   acc = 0.778
  toxicity = 1, identity_any = 1  [n = 60]:	loss = 0.245  exp loss = 0.134  adjusted loss = 0.134  adv prob = 0.849300   acc = 0.900
Average incurred loss: 0.377  
Average sample loss: 0.256  
Average acc: 0.906  
  toxicity = 0, identity_any = 0  [n = 419]:	loss = 0.418  exp loss = 0.351  adjusted loss = 0.351  adv prob = 0.000000   acc = 0.916
  toxicity = 0, identity_any = 1  [n = 280]:	loss = 0.298  exp loss = 0.187  adjusted loss = 0.187  adv prob = 0.120507   acc = 0.925
  toxicity = 1, identity_any = 0  [n = 49]:	loss = 0.524  exp loss = 0.492  adjusted loss = 0.492  adv prob = 0.035476   acc = 0.816
  toxicity = 1, identity_any = 1  [n = 52]:	loss = 0.339  exp loss = 0.311  adjusted loss = 0.311  adv prob = 0.844017   acc = 0.808
Average incurred loss: 0.303  
Average sample loss: 0.268  
Average acc: 0.920  
  toxicity = 0, identity_any = 0  [n = 419]:	loss = 0.312  exp loss = 0.310  adjusted loss = 0.310  adv prob = 0.000000   acc = 0.933
  toxicity = 0, identity_any = 1  [n = 306]:	loss = 0.229  exp loss = 0.235  adjusted loss = 0.235  adv prob = 0.119049   acc = 0.954
  toxicity = 1, identity_any = 0  [n = 26]:	loss = 0.578  exp loss = 0.471  adjusted loss = 0.471  adv prob = 0.035426   acc = 0.731
  toxicity = 1, identity_any = 1  [n = 49]:	loss = 0.546  exp loss = 0.230  adjusted loss = 0.230  adv prob = 0.845525   acc = 0.694
Average incurred loss: 0.213  
Average sample loss: 0.159  
Average acc: 0.946  
  toxicity = 0, identity_any = 0  [n = 429]:	loss = 0.191  exp loss = 0.219  adjusted loss = 0.219  adv prob = 0.000000   acc = 0.953
  toxicity = 0, identity_any = 1  [n = 280]:	loss = 0.218  exp loss = 0.153  adjusted loss = 0.153  adv prob = 0.123440   acc = 0.954
  toxicity = 1, identity_any = 0  [n = 38]:	loss = 0.394  exp loss = 0.652  adjusted loss = 0.652  adv prob = 0.037419   acc = 0.868
  toxicity = 1, identity_any = 1  [n = 53]:	loss = 0.235  exp loss = 0.407  adjusted loss = 0.407  adv prob = 0.839142   acc = 0.906
Average incurred loss: 0.333  
Average sample loss: 0.370  
Average acc: 0.914  
  toxicity = 0, identity_any = 0  [n = 431]:	loss = 0.345  exp loss = 0.330  adjusted loss = 0.330  adv prob = 0.000000   acc = 0.923
  toxicity = 0, identity_any = 1  [n = 264]:	loss = 0.238  exp loss = 0.151  adjusted loss = 0.151  adv prob = 0.113557   acc = 0.951
  toxicity = 1, identity_any = 0  [n = 36]:	loss = 0.442  exp loss = 0.366  adjusted loss = 0.366  adv prob = 0.034147   acc = 0.778
  toxicity = 1, identity_any = 1  [n = 69]:	loss = 0.570  exp loss = 0.538  adjusted loss = 0.538  adv prob = 0.852296   acc = 0.783
Average incurred loss: 0.290  
Average sample loss: 0.449  
Average acc: 0.923  
  toxicity = 0, identity_any = 0  [n = 432]:	loss = 0.307  exp loss = 0.369  adjusted loss = 0.369  adv prob = 0.000000   acc = 0.931
  toxicity = 0, identity_any = 1  [n = 266]:	loss = 0.216  exp loss = 0.111  adjusted loss = 0.111  adv prob = 0.100133   acc = 0.944
  toxicity = 1, identity_any = 0  [n = 38]:	loss = 0.133  exp loss = 0.096  adjusted loss = 0.096  adv prob = 0.028106   acc = 0.921
  toxicity = 1, identity_any = 1  [n = 64]:	loss = 0.576  exp loss = 0.624  adjusted loss = 0.624  adv prob = 0.871761   acc = 0.781
Average incurred loss: 0.423  
Average sample loss: 0.288  
Average acc: 0.901  
  toxicity = 0, identity_any = 0  [n = 407]:	loss = 0.398  exp loss = 0.369  adjusted loss = 0.369  adv prob = 0.000000   acc = 0.931
  toxicity = 0, identity_any = 1  [n = 279]:	loss = 0.459  exp loss = 0.508  adjusted loss = 0.508  adv prob = 0.107037   acc = 0.903
  toxicity = 1, identity_any = 0  [n = 39]:	loss = 0.557  exp loss = 0.396  adjusted loss = 0.396  adv prob = 0.028771   acc = 0.795
  toxicity = 1, identity_any = 1  [n = 75]:	loss = 0.359  exp loss = 0.407  adjusted loss = 0.407  adv prob = 0.864192   acc = 0.787
Average incurred loss: 0.358  
Average sample loss: 0.157  
Average acc: 0.909  
  toxicity = 0, identity_any = 0  [n = 417]:	loss = 0.449  exp loss = 0.554  adjusted loss = 0.554  adv prob = 0.000000   acc = 0.904
  toxicity = 0, identity_any = 1  [n = 289]:	loss = 0.202  exp loss = 0.155  adjusted loss = 0.155  adv prob = 0.108914   acc = 0.955
  toxicity = 1, identity_any = 0  [n = 46]:	loss = 0.685  exp loss = 0.620  adjusted loss = 0.620  adv prob = 0.032861   acc = 0.696
  toxicity = 1, identity_any = 1  [n = 48]:	loss = 0.194  exp loss = 0.336  adjusted loss = 0.336  adv prob = 0.858225   acc = 0.875
Average incurred loss: 0.328  
Average sample loss: 0.345  
Average acc: 0.922  
  toxicity = 0, identity_any = 0  [n = 406]:	loss = 0.325  exp loss = 0.453  adjusted loss = 0.453  adv prob = 0.000000   acc = 0.936
  toxicity = 0, identity_any = 1  [n = 298]:	loss = 0.278  exp loss = 0.304  adjusted loss = 0.304  adv prob = 0.105393   acc = 0.946
  toxicity = 1, identity_any = 0  [n = 37]:	loss = 0.466  exp loss = 0.819  adjusted loss = 0.819  adv prob = 0.032593   acc = 0.838
  toxicity = 1, identity_any = 1  [n = 59]:	loss = 0.515  exp loss = 0.863  adjusted loss = 0.863  adv prob = 0.862014   acc = 0.763
Average incurred loss: 0.277  
Average sample loss: 0.169  
Average acc: 0.925  
  toxicity = 0, identity_any = 0  [n = 430]:	loss = 0.285  exp loss = 0.193  adjusted loss = 0.193  adv prob = 0.000000   acc = 0.933
  toxicity = 0, identity_any = 1  [n = 281]:	loss = 0.271  exp loss = 0.196  adjusted loss = 0.196  adv prob = 0.110172   acc = 0.932
  toxicity = 1, identity_any = 0  [n = 37]:	loss = 0.290  exp loss = 0.404  adjusted loss = 0.404  adv prob = 0.032821   acc = 0.865
  toxicity = 1, identity_any = 1  [n = 52]:	loss = 0.242  exp loss = 0.315  adjusted loss = 0.315  adv prob = 0.857007   acc = 0.865
Average incurred loss: 0.294  
Average sample loss: 0.249  
Average acc: 0.925  
  toxicity = 0, identity_any = 0  [n = 438]:	loss = 0.313  exp loss = 0.339  adjusted loss = 0.339  adv prob = 0.000000   acc = 0.932
  toxicity = 0, identity_any = 1  [n = 271]:	loss = 0.246  exp loss = 0.345  adjusted loss = 0.345  adv prob = 0.110157   acc = 0.948
  toxicity = 1, identity_any = 0  [n = 32]:	loss = 0.302  exp loss = 0.387  adjusted loss = 0.387  adv prob = 0.031713   acc = 0.844
  toxicity = 1, identity_any = 1  [n = 59]:	loss = 0.370  exp loss = 0.219  adjusted loss = 0.219  adv prob = 0.858130   acc = 0.814
Average incurred loss: 0.253  
Average sample loss: 0.335  
Average acc: 0.935  
  toxicity = 0, identity_any = 0  [n = 441]:	loss = 0.258  exp loss = 0.274  adjusted loss = 0.274  adv prob = 0.000000   acc = 0.946
  toxicity = 0, identity_any = 1  [n = 262]:	loss = 0.176  exp loss = 0.119  adjusted loss = 0.119  adv prob = 0.099819   acc = 0.962
  toxicity = 1, identity_any = 0  [n = 42]:	loss = 0.411  exp loss = 0.452  adjusted loss = 0.452  adv prob = 0.029475   acc = 0.833
  toxicity = 1, identity_any = 1  [n = 55]:	loss = 0.466  exp loss = 0.709  adjusted loss = 0.709  adv prob = 0.870706   acc = 0.800
Average incurred loss: 0.303  
Average sample loss: 0.215  
Average acc: 0.926  
  toxicity = 0, identity_any = 0  [n = 443]:	loss = 0.344  exp loss = 0.225  adjusted loss = 0.225  adv prob = 0.000000   acc = 0.928
  toxicity = 0, identity_any = 1  [n = 262]:	loss = 0.233  exp loss = 0.180  adjusted loss = 0.180  adv prob = 0.101041   acc = 0.954
  toxicity = 1, identity_any = 0  [n = 40]:	loss = 0.372  exp loss = 0.525  adjusted loss = 0.525  adv prob = 0.029870   acc = 0.800
  toxicity = 1, identity_any = 1  [n = 55]:	loss = 0.255  exp loss = 0.348  adjusted loss = 0.348  adv prob = 0.869088   acc = 0.873
Average incurred loss: 0.345  
Average sample loss: 0.292  
Average acc: 0.920  
  toxicity = 0, identity_any = 0  [n = 435]:	loss = 0.314  exp loss = 0.201  adjusted loss = 0.201  adv prob = 0.000000   acc = 0.938
  toxicity = 0, identity_any = 1  [n = 275]:	loss = 0.319  exp loss = 0.324  adjusted loss = 0.324  adv prob = 0.102328   acc = 0.935
  toxicity = 1, identity_any = 0  [n = 38]:	loss = 0.734  exp loss = 0.837  adjusted loss = 0.837  adv prob = 0.032535   acc = 0.737
  toxicity = 1, identity_any = 1  [n = 52]:	loss = 0.455  exp loss = 0.509  adjusted loss = 0.509  adv prob = 0.865137   acc = 0.827
Average incurred loss: 0.307  
Average sample loss: 0.233  
Average acc: 0.926  
  toxicity = 0, identity_any = 0  [n = 456]:	loss = 0.323  exp loss = 0.245  adjusted loss = 0.245  adv prob = 0.000000   acc = 0.930
  toxicity = 0, identity_any = 1  [n = 269]:	loss = 0.245  exp loss = 0.184  adjusted loss = 0.184  adv prob = 0.101221   acc = 0.955
  toxicity = 1, identity_any = 0  [n = 34]:	loss = 0.450  exp loss = 0.390  adjusted loss = 0.390  adv prob = 0.031738   acc = 0.824
  toxicity = 1, identity_any = 1  [n = 41]:	loss = 0.415  exp loss = 0.312  adjusted loss = 0.312  adv prob = 0.867041   acc = 0.780
Average incurred loss: 0.300  
Average sample loss: 0.155  
Average acc: 0.921  
  toxicity = 0, identity_any = 0  [n = 445]:	loss = 0.353  exp loss = 0.466  adjusted loss = 0.466  adv prob = 0.000000   acc = 0.919
  toxicity = 0, identity_any = 1  [n = 257]:	loss = 0.198  exp loss = 0.157  adjusted loss = 0.157  adv prob = 0.101954   acc = 0.957
  toxicity = 1, identity_any = 0  [n = 41]:	loss = 0.534  exp loss = 0.380  adjusted loss = 0.380  adv prob = 0.034248   acc = 0.756
  toxicity = 1, identity_any = 1  [n = 57]:	loss = 0.181  exp loss = 0.172  adjusted loss = 0.172  adv prob = 0.863798   acc = 0.895
Average incurred loss: 0.323  
Average sample loss: 0.209  
Average acc: 0.925  
  toxicity = 0, identity_any = 0  [n = 444]:	loss = 0.303  exp loss = 0.422  adjusted loss = 0.422  adv prob = 0.000000   acc = 0.939
  toxicity = 0, identity_any = 1  [n = 277]:	loss = 0.346  exp loss = 0.274  adjusted loss = 0.274  adv prob = 0.108640   acc = 0.931
  toxicity = 1, identity_any = 0  [n = 36]:	loss = 0.321  exp loss = 0.228  adjusted loss = 0.228  adv prob = 0.033135   acc = 0.833
  toxicity = 1, identity_any = 1  [n = 43]:	loss = 0.380  exp loss = 0.322  adjusted loss = 0.322  adv prob = 0.858225   acc = 0.814
Average incurred loss: 0.340  
Average sample loss: 0.308  
Average acc: 0.915  
  toxicity = 0, identity_any = 0  [n = 436]:	loss = 0.261  exp loss = 0.307  adjusted loss = 0.307  adv prob = 0.000000   acc = 0.945
  toxicity = 0, identity_any = 1  [n = 265]:	loss = 0.381  exp loss = 0.308  adjusted loss = 0.308  adv prob = 0.111265   acc = 0.917
  toxicity = 1, identity_any = 0  [n = 44]:	loss = 0.762  exp loss = 0.679  adjusted loss = 0.679  adv prob = 0.035587   acc = 0.705
  toxicity = 1, identity_any = 1  [n = 55]:	loss = 0.436  exp loss = 0.134  adjusted loss = 0.134  adv prob = 0.853148   acc = 0.836
Average incurred loss: 0.291  
Average sample loss: 0.144  
Average acc: 0.918  
  toxicity = 0, identity_any = 0  [n = 432]:	loss = 0.309  exp loss = 0.169  adjusted loss = 0.169  adv prob = 0.000000   acc = 0.926
  toxicity = 0, identity_any = 1  [n = 276]:	loss = 0.263  exp loss = 0.190  adjusted loss = 0.190  adv prob = 0.118670   acc = 0.931
  toxicity = 1, identity_any = 0  [n = 36]:	loss = 0.381  exp loss = 0.463  adjusted loss = 0.463  adv prob = 0.035820   acc = 0.806
  toxicity = 1, identity_any = 1  [n = 56]:	loss = 0.238  exp loss = 0.232  adjusted loss = 0.232  adv prob = 0.845510   acc = 0.857
Average incurred loss: 0.325  
Average sample loss: 0.214  
Average acc: 0.921  
  toxicity = 0, identity_any = 0  [n = 419]:	loss = 0.309  exp loss = 0.359  adjusted loss = 0.359  adv prob = 0.000000   acc = 0.938
  toxicity = 0, identity_any = 1  [n = 296]:	loss = 0.311  exp loss = 0.367  adjusted loss = 0.367  adv prob = 0.124550   acc = 0.936
  toxicity = 1, identity_any = 0  [n = 36]:	loss = 0.522  exp loss = 0.520  adjusted loss = 0.520  adv prob = 0.036394   acc = 0.750
  toxicity = 1, identity_any = 1  [n = 49]:	loss = 0.404  exp loss = 0.239  adjusted loss = 0.239  adv prob = 0.839056   acc = 0.816
Average incurred loss: 0.286  
Average sample loss: 0.234  
Average acc: 0.933  
  toxicity = 0, identity_any = 0  [n = 451]:	loss = 0.291  exp loss = 0.336  adjusted loss = 0.336  adv prob = 0.000000   acc = 0.945
  toxicity = 0, identity_any = 1  [n = 255]:	loss = 0.202  exp loss = 0.105  adjusted loss = 0.105  adv prob = 0.122830   acc = 0.953
  toxicity = 1, identity_any = 0  [n = 40]:	loss = 0.664  exp loss = 1.154  adjusted loss = 1.154  adv prob = 0.041901   acc = 0.775
  toxicity = 1, identity_any = 1  [n = 54]:	loss = 0.363  exp loss = 0.330  adjusted loss = 0.330  adv prob = 0.835269   acc = 0.852
Average incurred loss: 0.326  
Average sample loss: 0.259  
Average acc: 0.919  
  toxicity = 0, identity_any = 0  [n = 427]:	loss = 0.294  exp loss = 0.304  adjusted loss = 0.304  adv prob = 0.000000   acc = 0.944
  toxicity = 0, identity_any = 1  [n = 293]:	loss = 0.354  exp loss = 0.345  adjusted loss = 0.345  adv prob = 0.127173   acc = 0.918
  toxicity = 1, identity_any = 0  [n = 30]:	loss = 0.385  exp loss = 0.282  adjusted loss = 0.282  adv prob = 0.039292   acc = 0.800
  toxicity = 1, identity_any = 1  [n = 50]:	loss = 0.407  exp loss = 0.395  adjusted loss = 0.395  adv prob = 0.833535   acc = 0.780
Average incurred loss: 0.259  
Average sample loss: 0.210  
Average acc: 0.931  
  toxicity = 0, identity_any = 0  [n = 425]:	loss = 0.246  exp loss = 0.242  adjusted loss = 0.242  adv prob = 0.000000   acc = 0.948
  toxicity = 0, identity_any = 1  [n = 287]:	loss = 0.237  exp loss = 0.183  adjusted loss = 0.183  adv prob = 0.127531   acc = 0.944
  toxicity = 1, identity_any = 0  [n = 31]:	loss = 0.634  exp loss = 0.739  adjusted loss = 0.739  adv prob = 0.042677   acc = 0.742
  toxicity = 1, identity_any = 1  [n = 57]:	loss = 0.263  exp loss = 0.216  adjusted loss = 0.216  adv prob = 0.829793   acc = 0.842
Average incurred loss: 0.260  
Average sample loss: 0.355  
Average acc: 0.934  
  toxicity = 0, identity_any = 0  [n = 422]:	loss = 0.282  exp loss = 0.308  adjusted loss = 0.308  adv prob = 0.000000   acc = 0.936
  toxicity = 0, identity_any = 1  [n = 292]:	loss = 0.171  exp loss = 0.188  adjusted loss = 0.188  adv prob = 0.118397   acc = 0.966
  toxicity = 1, identity_any = 0  [n = 27]:	loss = 0.483  exp loss = 0.439  adjusted loss = 0.439  adv prob = 0.038381   acc = 0.815
  toxicity = 1, identity_any = 1  [n = 59]:	loss = 0.445  exp loss = 0.428  adjusted loss = 0.428  adv prob = 0.843222   acc = 0.814
Average incurred loss: 0.304  
Average sample loss: 0.246  
Average acc: 0.923  
  toxicity = 0, identity_any = 0  [n = 434]:	loss = 0.251  exp loss = 0.233  adjusted loss = 0.233  adv prob = 0.000000   acc = 0.952
  toxicity = 0, identity_any = 1  [n = 274]:	loss = 0.338  exp loss = 0.241  adjusted loss = 0.241  adv prob = 0.123803   acc = 0.923
  toxicity = 1, identity_any = 0  [n = 34]:	loss = 0.714  exp loss = 0.697  adjusted loss = 0.697  adv prob = 0.041916   acc = 0.676
  toxicity = 1, identity_any = 1  [n = 58]:	loss = 0.304  exp loss = 0.268  adjusted loss = 0.268  adv prob = 0.834281   acc = 0.845
Average incurred loss: 0.358  
Average sample loss: 0.305  
Average acc: 0.903  
  toxicity = 0, identity_any = 0  [n = 443]:	loss = 0.358  exp loss = 0.445  adjusted loss = 0.445  adv prob = 0.000000   acc = 0.912
  toxicity = 0, identity_any = 1  [n = 271]:	loss = 0.325  exp loss = 0.409  adjusted loss = 0.409  adv prob = 0.123477   acc = 0.926
  toxicity = 1, identity_any = 0  [n = 27]:	loss = 0.677  exp loss = 0.796  adjusted loss = 0.796  adv prob = 0.042117   acc = 0.704
  toxicity = 1, identity_any = 1  [n = 59]:	loss = 0.360  exp loss = 0.285  adjusted loss = 0.285  adv prob = 0.834406   acc = 0.814
Average incurred loss: 0.365  
Average sample loss: 0.163  
Average acc: 0.915  
  toxicity = 0, identity_any = 0  [n = 452]:	loss = 0.410  exp loss = 0.286  adjusted loss = 0.286  adv prob = 0.000000   acc = 0.916
  toxicity = 0, identity_any = 1  [n = 275]:	loss = 0.319  exp loss = 0.189  adjusted loss = 0.189  adv prob = 0.136294   acc = 0.924
  toxicity = 1, identity_any = 0  [n = 36]:	loss = 0.349  exp loss = 0.361  adjusted loss = 0.361  adv prob = 0.042937   acc = 0.861
  toxicity = 1, identity_any = 1  [n = 37]:	loss = 0.179  exp loss = 0.122  adjusted loss = 0.122  adv prob = 0.820769   acc = 0.892
Average incurred loss: 0.271  
Average sample loss: 0.310  
Average acc: 0.929  
  toxicity = 0, identity_any = 0  [n = 439]:	loss = 0.269  exp loss = 0.278  adjusted loss = 0.278  adv prob = 0.000000   acc = 0.938
  toxicity = 0, identity_any = 1  [n = 271]:	loss = 0.210  exp loss = 0.172  adjusted loss = 0.172  adv prob = 0.133623   acc = 0.956
  toxicity = 1, identity_any = 0  [n = 34]:	loss = 0.536  exp loss = 0.464  adjusted loss = 0.464  adv prob = 0.041568   acc = 0.794
  toxicity = 1, identity_any = 1  [n = 56]:	loss = 0.427  exp loss = 0.491  adjusted loss = 0.491  adv prob = 0.824809   acc = 0.804
Average incurred loss: 0.247  
Average sample loss: 0.292  
Average acc: 0.938  
  toxicity = 0, identity_any = 0  [n = 407]:	loss = 0.198  exp loss = 0.171  adjusted loss = 0.171  adv prob = 0.000000   acc = 0.956
  toxicity = 0, identity_any = 1  [n = 307]:	loss = 0.276  exp loss = 0.358  adjusted loss = 0.358  adv prob = 0.130903   acc = 0.932
  toxicity = 1, identity_any = 0  [n = 44]:	loss = 0.299  exp loss = 0.872  adjusted loss = 0.872  adv prob = 0.039501   acc = 0.932
  toxicity = 1, identity_any = 1  [n = 42]:	loss = 0.452  exp loss = 0.805  adjusted loss = 0.805  adv prob = 0.829596   acc = 0.810
Average incurred loss: 0.297  
Average sample loss: 0.402  
Average acc: 0.913  
  toxicity = 0, identity_any = 0  [n = 429]:	loss = 0.247  exp loss = 0.271  adjusted loss = 0.271  adv prob = 0.000000   acc = 0.932
  toxicity = 0, identity_any = 1  [n = 280]:	loss = 0.288  exp loss = 0.628  adjusted loss = 0.628  adv prob = 0.128120   acc = 0.932
  toxicity = 1, identity_any = 0  [n = 34]:	loss = 0.632  exp loss = 0.676  adjusted loss = 0.676  adv prob = 0.038479   acc = 0.765
  toxicity = 1, identity_any = 1  [n = 57]:	loss = 0.519  exp loss = 0.406  adjusted loss = 0.406  adv prob = 0.833401   acc = 0.754
Average incurred loss: 0.307  
Average sample loss: 0.188  
Average acc: 0.931  
  toxicity = 0, identity_any = 0  [n = 423]:	loss = 0.330  exp loss = 0.423  adjusted loss = 0.423  adv prob = 0.000000   acc = 0.934
  toxicity = 0, identity_any = 1  [n = 263]:	loss = 0.243  exp loss = 0.349  adjusted loss = 0.349  adv prob = 0.133316   acc = 0.947
  toxicity = 1, identity_any = 0  [n = 42]:	loss = 0.441  exp loss = 0.481  adjusted loss = 0.481  adv prob = 0.039680   acc = 0.857
  toxicity = 1, identity_any = 1  [n = 72]:	loss = 0.324  exp loss = 0.348  adjusted loss = 0.348  adv prob = 0.827004   acc = 0.903
Average incurred loss: 0.254  
Average sample loss: 0.241  
Average acc: 0.935  
  toxicity = 0, identity_any = 0  [n = 420]:	loss = 0.227  exp loss = 0.257  adjusted loss = 0.257  adv prob = 0.000000   acc = 0.952
  toxicity = 0, identity_any = 1  [n = 282]:	loss = 0.256  exp loss = 0.231  adjusted loss = 0.231  adv prob = 0.133492   acc = 0.947
  toxicity = 1, identity_any = 0  [n = 41]:	loss = 0.467  exp loss = 0.739  adjusted loss = 0.739  adv prob = 0.040777   acc = 0.780
  toxicity = 1, identity_any = 1  [n = 57]:	loss = 0.293  exp loss = 0.632  adjusted loss = 0.632  adv prob = 0.825731   acc = 0.860
Average incurred loss: 0.260  
Average sample loss: 0.296  
Average acc: 0.933  
  toxicity = 0, identity_any = 0  [n = 423]:	loss = 0.273  exp loss = 0.225  adjusted loss = 0.225  adv prob = 0.000000   acc = 0.939
  toxicity = 0, identity_any = 1  [n = 284]:	loss = 0.186  exp loss = 0.170  adjusted loss = 0.170  adv prob = 0.127469   acc = 0.961
  toxicity = 1, identity_any = 0  [n = 32]:	loss = 0.492  exp loss = 0.530  adjusted loss = 0.530  adv prob = 0.039934   acc = 0.781
  toxicity = 1, identity_any = 1  [n = 61]:	loss = 0.388  exp loss = 0.457  adjusted loss = 0.457  adv prob = 0.832597   acc = 0.836
Average incurred loss: 0.266  
Average sample loss: 0.160  
Average acc: 0.935  
  toxicity = 0, identity_any = 0  [n = 424]:	loss = 0.261  exp loss = 0.333  adjusted loss = 0.333  adv prob = 0.000000   acc = 0.950
  toxicity = 0, identity_any = 1  [n = 284]:	loss = 0.243  exp loss = 0.129  adjusted loss = 0.129  adv prob = 0.133158   acc = 0.947
  toxicity = 1, identity_any = 0  [n = 37]:	loss = 0.441  exp loss = 0.808  adjusted loss = 0.808  adv prob = 0.042660   acc = 0.811
  toxicity = 1, identity_any = 1  [n = 55]:	loss = 0.301  exp loss = 0.182  adjusted loss = 0.182  adv prob = 0.824182   acc = 0.836
Average incurred loss: 0.266  
Average sample loss: 0.333  
Average acc: 0.926  
  toxicity = 0, identity_any = 0  [n = 433]:	loss = 0.211  exp loss = 0.209  adjusted loss = 0.209  adv prob = 0.000000   acc = 0.952
  toxicity = 0, identity_any = 1  [n = 271]:	loss = 0.277  exp loss = 0.183  adjusted loss = 0.183  adv prob = 0.131897   acc = 0.937
  toxicity = 1, identity_any = 0  [n = 39]:	loss = 0.612  exp loss = 0.778  adjusted loss = 0.778  adv prob = 0.044371   acc = 0.769
  toxicity = 1, identity_any = 1  [n = 57]:	loss = 0.402  exp loss = 0.328  adjusted loss = 0.328  adv prob = 0.823732   acc = 0.789
Average incurred loss: 0.361  
Average sample loss: 0.295  
Average acc: 0.910  
  toxicity = 0, identity_any = 0  [n = 423]:	loss = 0.362  exp loss = 0.248  adjusted loss = 0.248  adv prob = 0.000000   acc = 0.922
  toxicity = 0, identity_any = 1  [n = 298]:	loss = 0.332  exp loss = 0.400  adjusted loss = 0.400  adv prob = 0.134372   acc = 0.923
  toxicity = 1, identity_any = 0  [n = 23]:	loss = 0.293  exp loss = 0.354  adjusted loss = 0.354  adv prob = 0.040967   acc = 0.870
  toxicity = 1, identity_any = 1  [n = 56]:	loss = 0.533  exp loss = 0.632  adjusted loss = 0.632  adv prob = 0.824661   acc = 0.768
Average incurred loss: 0.301  
Average sample loss: 0.230  
Average acc: 0.928  
  toxicity = 0, identity_any = 0  [n = 401]:	loss = 0.366  exp loss = 0.505  adjusted loss = 0.505  adv prob = 0.000000   acc = 0.930
  toxicity = 0, identity_any = 1  [n = 299]:	loss = 0.204  exp loss = 0.287  adjusted loss = 0.287  adv prob = 0.131732   acc = 0.953
  toxicity = 1, identity_any = 0  [n = 46]:	loss = 0.400  exp loss = 0.249  adjusted loss = 0.249  adv prob = 0.042187   acc = 0.804
  toxicity = 1, identity_any = 1  [n = 54]:	loss = 0.270  exp loss = 0.431  adjusted loss = 0.431  adv prob = 0.826082   acc = 0.870
Average incurred loss: 0.319  
Average sample loss: 0.249  
Average acc: 0.915  
  toxicity = 0, identity_any = 0  [n = 417]:	loss = 0.386  exp loss = 0.528  adjusted loss = 0.528  adv prob = 0.000000   acc = 0.906
  toxicity = 0, identity_any = 1  [n = 281]:	loss = 0.205  exp loss = 0.133  adjusted loss = 0.133  adv prob = 0.127991   acc = 0.954
  toxicity = 1, identity_any = 0  [n = 36]:	loss = 0.235  exp loss = 0.298  adjusted loss = 0.298  adv prob = 0.039787   acc = 0.861
  toxicity = 1, identity_any = 1  [n = 66]:	loss = 0.430  exp loss = 0.364  adjusted loss = 0.364  adv prob = 0.832222   acc = 0.833
Average incurred loss: 0.337  
Average sample loss: 0.276  
Average acc: 0.913  
  toxicity = 0, identity_any = 0  [n = 414]:	loss = 0.348  exp loss = 0.357  adjusted loss = 0.357  adv prob = 0.000000   acc = 0.925
  toxicity = 0, identity_any = 1  [n = 279]:	loss = 0.308  exp loss = 0.352  adjusted loss = 0.352  adv prob = 0.128241   acc = 0.925
  toxicity = 1, identity_any = 0  [n = 37]:	loss = 0.342  exp loss = 0.230  adjusted loss = 0.230  adv prob = 0.038513   acc = 0.838
  toxicity = 1, identity_any = 1  [n = 70]:	loss = 0.390  exp loss = 0.347  adjusted loss = 0.347  adv prob = 0.833245   acc = 0.829
Average incurred loss: 0.323  
Average sample loss: 0.214  
Average acc: 0.921  
  toxicity = 0, identity_any = 0  [n = 424]:	loss = 0.360  exp loss = 0.319  adjusted loss = 0.319  adv prob = 0.000000   acc = 0.920
  toxicity = 0, identity_any = 1  [n = 286]:	loss = 0.266  exp loss = 0.179  adjusted loss = 0.179  adv prob = 0.130951   acc = 0.941
  toxicity = 1, identity_any = 0  [n = 28]:	loss = 0.314  exp loss = 0.229  adjusted loss = 0.229  adv prob = 0.037149   acc = 0.893
  toxicity = 1, identity_any = 1  [n = 62]:	loss = 0.335  exp loss = 0.220  adjusted loss = 0.220  adv prob = 0.831899   acc = 0.855
Average incurred loss: 0.271  
Average sample loss: 0.230  
Average acc: 0.929  
  toxicity = 0, identity_any = 0  [n = 429]:	loss = 0.254  exp loss = 0.283  adjusted loss = 0.283  adv prob = 0.000000   acc = 0.942
  toxicity = 0, identity_any = 1  [n = 276]:	loss = 0.232  exp loss = 0.316  adjusted loss = 0.316  adv prob = 0.133021   acc = 0.946
  toxicity = 1, identity_any = 0  [n = 42]:	loss = 0.520  exp loss = 0.503  adjusted loss = 0.503  adv prob = 0.039092   acc = 0.810
  toxicity = 1, identity_any = 1  [n = 53]:	loss = 0.419  exp loss = 0.481  adjusted loss = 0.481  adv prob = 0.827887   acc = 0.830
Average incurred loss: 0.277  
Average sample loss: 0.255  
Average acc: 0.930  
  toxicity = 0, identity_any = 0  [n = 399]:	loss = 0.189  exp loss = 0.225  adjusted loss = 0.225  adv prob = 0.000000   acc = 0.962
  toxicity = 0, identity_any = 1  [n = 299]:	loss = 0.321  exp loss = 0.250  adjusted loss = 0.250  adv prob = 0.137752   acc = 0.930
  toxicity = 1, identity_any = 0  [n = 42]:	loss = 0.532  exp loss = 0.849  adjusted loss = 0.849  adv prob = 0.040713   acc = 0.786
  toxicity = 1, identity_any = 1  [n = 60]:	loss = 0.459  exp loss = 0.498  adjusted loss = 0.498  adv prob = 0.821535   acc = 0.817
Average incurred loss: 0.262  
Average sample loss: 0.196  
Average acc: 0.939  
  toxicity = 0, identity_any = 0  [n = 432]:	loss = 0.249  exp loss = 0.225  adjusted loss = 0.225  adv prob = 0.000000   acc = 0.949
  toxicity = 0, identity_any = 1  [n = 283]:	loss = 0.218  exp loss = 0.349  adjusted loss = 0.349  adv prob = 0.140484   acc = 0.958
  toxicity = 1, identity_any = 0  [n = 37]:	loss = 0.698  exp loss = 0.766  adjusted loss = 0.766  adv prob = 0.043611   acc = 0.757
  toxicity = 1, identity_any = 1  [n = 48]:	loss = 0.291  exp loss = 0.186  adjusted loss = 0.186  adv prob = 0.815905   acc = 0.875
Average incurred loss: 0.226  
Average sample loss: 0.289  
Average acc: 0.935  
  toxicity = 0, identity_any = 0  [n = 462]:	loss = 0.165  exp loss = 0.110  adjusted loss = 0.110  adv prob = 0.000000   acc = 0.957
  toxicity = 0, identity_any = 1  [n = 263]:	loss = 0.262  exp loss = 0.203  adjusted loss = 0.203  adv prob = 0.137778   acc = 0.935
  toxicity = 1, identity_any = 0  [n = 31]:	loss = 0.349  exp loss = 0.458  adjusted loss = 0.458  adv prob = 0.041218   acc = 0.871
  toxicity = 1, identity_any = 1  [n = 44]:	loss = 0.568  exp loss = 0.664  adjusted loss = 0.664  adv prob = 0.821004   acc = 0.750
Average incurred loss: 0.303  
Average sample loss: 0.237  
Average acc: 0.915  
  toxicity = 0, identity_any = 0  [n = 418]:	loss = 0.302  exp loss = 0.303  adjusted loss = 0.303  adv prob = 0.000000   acc = 0.928
  toxicity = 0, identity_any = 1  [n = 290]:	loss = 0.203  exp loss = 0.255  adjusted loss = 0.255  adv prob = 0.137503   acc = 0.948
  toxicity = 1, identity_any = 0  [n = 43]:	loss = 0.777  exp loss = 0.915  adjusted loss = 0.915  adv prob = 0.046287   acc = 0.698
  toxicity = 1, identity_any = 1  [n = 49]:	loss = 0.487  exp loss = 0.215  adjusted loss = 0.215  adv prob = 0.816210   acc = 0.796
Average incurred loss: 0.319  
Average sample loss: 0.256  
Average acc: 0.912  
  toxicity = 0, identity_any = 0  [n = 404]:	loss = 0.328  exp loss = 0.388  adjusted loss = 0.388  adv prob = 0.000000   acc = 0.923
  toxicity = 0, identity_any = 1  [n = 284]:	loss = 0.316  exp loss = 0.276  adjusted loss = 0.276  adv prob = 0.141806   acc = 0.926
  toxicity = 1, identity_any = 0  [n = 41]:	loss = 0.270  exp loss = 0.263  adjusted loss = 0.263  adv prob = 0.043822   acc = 0.829
  toxicity = 1, identity_any = 1  [n = 71]:	loss = 0.311  exp loss = 0.198  adjusted loss = 0.198  adv prob = 0.814372   acc = 0.845
Average incurred loss: 0.346  
Average sample loss: 0.241  
Average acc: 0.906  
  toxicity = 0, identity_any = 0  [n = 409]:	loss = 0.391  exp loss = 0.458  adjusted loss = 0.458  adv prob = 0.000000   acc = 0.910
  toxicity = 0, identity_any = 1  [n = 293]:	loss = 0.254  exp loss = 0.361  adjusted loss = 0.361  adv prob = 0.142412   acc = 0.935
  toxicity = 1, identity_any = 0  [n = 39]:	loss = 0.525  exp loss = 0.471  adjusted loss = 0.471  adv prob = 0.045812   acc = 0.795
  toxicity = 1, identity_any = 1  [n = 59]:	loss = 0.375  exp loss = 0.412  adjusted loss = 0.412  adv prob = 0.811776   acc = 0.814
Average incurred loss: 0.347  
Average sample loss: 0.339  
Average acc: 0.906  
  toxicity = 0, identity_any = 0  [n = 433]:	loss = 0.419  exp loss = 0.297  adjusted loss = 0.297  adv prob = 0.000000   acc = 0.905
  toxicity = 0, identity_any = 1  [n = 281]:	loss = 0.218  exp loss = 0.272  adjusted loss = 0.272  adv prob = 0.132701   acc = 0.947
  toxicity = 1, identity_any = 0  [n = 34]:	loss = 0.173  exp loss = 0.199  adjusted loss = 0.199  adv prob = 0.040512   acc = 0.912
  toxicity = 1, identity_any = 1  [n = 52]:	loss = 0.561  exp loss = 0.673  adjusted loss = 0.673  adv prob = 0.826788   acc = 0.692
Average incurred loss: 0.305  
Average sample loss: 0.240  
Average acc: 0.918  
  toxicity = 0, identity_any = 0  [n = 443]:	loss = 0.331  exp loss = 0.358  adjusted loss = 0.358  adv prob = 0.000000   acc = 0.919
  toxicity = 0, identity_any = 1  [n = 267]:	loss = 0.225  exp loss = 0.094  adjusted loss = 0.094  adv prob = 0.131679   acc = 0.944
  toxicity = 1, identity_any = 0  [n = 37]:	loss = 0.436  exp loss = 0.427  adjusted loss = 0.427  adv prob = 0.041952   acc = 0.838
  toxicity = 1, identity_any = 1  [n = 53]:	loss = 0.393  exp loss = 0.483  adjusted loss = 0.483  adv prob = 0.826370   acc = 0.830
Average incurred loss: 0.314  
Average sample loss: 0.228  
Average acc: 0.924  
  toxicity = 0, identity_any = 0  [n = 423]:	loss = 0.332  exp loss = 0.348  adjusted loss = 0.348  adv prob = 0.000000   acc = 0.931
  toxicity = 0, identity_any = 1  [n = 297]:	loss = 0.276  exp loss = 0.246  adjusted loss = 0.246  adv prob = 0.134689   acc = 0.939
  toxicity = 1, identity_any = 0  [n = 34]:	loss = 0.348  exp loss = 0.300  adjusted loss = 0.300  adv prob = 0.039417   acc = 0.853
  toxicity = 1, identity_any = 1  [n = 46]:	loss = 0.357  exp loss = 0.255  adjusted loss = 0.255  adv prob = 0.825894   acc = 0.804
Average incurred loss: 0.226  
Average sample loss: 0.155  
Average acc: 0.944  
  toxicity = 0, identity_any = 0  [n = 417]:	loss = 0.262  exp loss = 0.148  adjusted loss = 0.148  adv prob = 0.000000   acc = 0.940
  toxicity = 0, identity_any = 1  [n = 290]:	loss = 0.126  exp loss = 0.051  adjusted loss = 0.051  adv prob = 0.131949   acc = 0.976
  toxicity = 1, identity_any = 0  [n = 31]:	loss = 0.563  exp loss = 0.373  adjusted loss = 0.373  adv prob = 0.039564   acc = 0.774
  toxicity = 1, identity_any = 1  [n = 62]:	loss = 0.294  exp loss = 0.208  adjusted loss = 0.208  adv prob = 0.828486   acc = 0.903
Average incurred loss: 0.343  
Average sample loss: 0.214  
Average acc: 0.924  
  toxicity = 0, identity_any = 0  [n = 432]:	loss = 0.395  exp loss = 0.334  adjusted loss = 0.334  adv prob = 0.000000   acc = 0.921
  toxicity = 0, identity_any = 1  [n = 299]:	loss = 0.216  exp loss = 0.159  adjusted loss = 0.159  adv prob = 0.129904   acc = 0.957
  toxicity = 1, identity_any = 0  [n = 33]:	loss = 0.681  exp loss = 0.414  adjusted loss = 0.414  adv prob = 0.040725   acc = 0.788
  toxicity = 1, identity_any = 1  [n = 36]:	loss = 0.458  exp loss = 0.195  adjusted loss = 0.195  adv prob = 0.829371   acc = 0.806
