




 Using bert params 





Dataset: MultiNLI
Shift type: confounder
Wandb: False
Project name: spurious
Target name: gold_label_random
Confounder names: ['sentence2_has_negation']
Up weight: 0
Resume: False
Finetune: True
Normalize: False
Recalculate groups: False
Unfreeze: 0
Restart layers: 0
Minority fraction: None
Imbalance ratio: None
Fraction: 1.0
Root dir: ../datasets
Reweight groups: True
Augment data: False
Val fraction: 0.1
Loss type: erm
Alpha: 0.2
Generalization adjustment: 0.0
Sv dropout: 0.0
Automatic adjustment: False
Robust step size: 0.01
Joint dro alpha: 1
Use normalized loss: False
Btl: False
Hinge: False
Model: bert-base-uncased
Train from scratch: False
Pretrained path: pretrained_models/MultiNLI/erm_0.9_222.pth
N epochs: 5
Batch size: 32
Lr: 2e-05
Scheduler: False
L1: 0.0
Weight decay: 0.1
Gamma: 0.1
Minimum variational weight: 0
Seed: 222
Accum: 1
Show progress: False
Log dir: results/MultiNLI/erm_rw_0.9/model_outputs_222
Log every: 50
Save step: 10
Save best: True
Save last: True
Use bert params: 1
Num folds per sweep: 5
Num sweeps: 4
Q: 0.7
Metadata csv name: metadata.csv
Fold: None
Metadata path: None
Aug col: None
Max grad norm: 1.0
Adam epsilon: 1e-08
Warmup steps: 0

Training Data...
    gold_label_random = 0, sentence2_has_negation = 0: n = 57498
    gold_label_random = 0, sentence2_has_negation = 1: n = 11158
    gold_label_random = 1, sentence2_has_negation = 0: n = 67376
    gold_label_random = 1, sentence2_has_negation = 1: n = 1521
    gold_label_random = 2, sentence2_has_negation = 0: n = 66630
    gold_label_random = 2, sentence2_has_negation = 1: n = 1992
Validation Data...
    gold_label_random = 0, sentence2_has_negation = 0: n = 22814
    gold_label_random = 0, sentence2_has_negation = 1: n = 4634
    gold_label_random = 1, sentence2_has_negation = 0: n = 26949
    gold_label_random = 1, sentence2_has_negation = 1: n = 613
    gold_label_random = 2, sentence2_has_negation = 0: n = 26655
    gold_label_random = 2, sentence2_has_negation = 1: n = 797
Test Data...
    gold_label_random = 0, sentence2_has_negation = 0: n = 34597
    gold_label_random = 0, sentence2_has_negation = 1: n = 6655
    gold_label_random = 1, sentence2_has_negation = 0: n = 40496
    gold_label_random = 1, sentence2_has_negation = 1: n = 886
    gold_label_random = 2, sentence2_has_negation = 0: n = 39930
    gold_label_random = 2, sentence2_has_negation = 1: n = 1148
Training
Loading pretrained model from: pretrained_models/MultiNLI/erm_0.9_222.pth
bert.embeddings.word_embeddings.weight False
bert.embeddings.position_embeddings.weight False
bert.embeddings.token_type_embeddings.weight False
bert.embeddings.LayerNorm.weight False
bert.embeddings.LayerNorm.bias False
bert.encoder.layer.0.attention.self.query.weight False
bert.encoder.layer.0.attention.self.query.bias False
bert.encoder.layer.0.attention.self.key.weight False
bert.encoder.layer.0.attention.self.key.bias False
bert.encoder.layer.0.attention.self.value.weight False
bert.encoder.layer.0.attention.self.value.bias False
bert.encoder.layer.0.attention.output.dense.weight False
bert.encoder.layer.0.attention.output.dense.bias False
bert.encoder.layer.0.attention.output.LayerNorm.weight False
bert.encoder.layer.0.attention.output.LayerNorm.bias False
bert.encoder.layer.0.intermediate.dense.weight False
bert.encoder.layer.0.intermediate.dense.bias False
bert.encoder.layer.0.output.dense.weight False
bert.encoder.layer.0.output.dense.bias False
bert.encoder.layer.0.output.LayerNorm.weight False
bert.encoder.layer.0.output.LayerNorm.bias False
bert.encoder.layer.1.attention.self.query.weight False
bert.encoder.layer.1.attention.self.query.bias False
bert.encoder.layer.1.attention.self.key.weight False
bert.encoder.layer.1.attention.self.key.bias False
bert.encoder.layer.1.attention.self.value.weight False
bert.encoder.layer.1.attention.self.value.bias False
bert.encoder.layer.1.attention.output.dense.weight False
bert.encoder.layer.1.attention.output.dense.bias False
bert.encoder.layer.1.attention.output.LayerNorm.weight False
bert.encoder.layer.1.attention.output.LayerNorm.bias False
bert.encoder.layer.1.intermediate.dense.weight False
bert.encoder.layer.1.intermediate.dense.bias False
bert.encoder.layer.1.output.dense.weight False
bert.encoder.layer.1.output.dense.bias False
bert.encoder.layer.1.output.LayerNorm.weight False
bert.encoder.layer.1.output.LayerNorm.bias False
bert.encoder.layer.2.attention.self.query.weight False
bert.encoder.layer.2.attention.self.query.bias False
bert.encoder.layer.2.attention.self.key.weight False
bert.encoder.layer.2.attention.self.key.bias False
bert.encoder.layer.2.attention.self.value.weight False
bert.encoder.layer.2.attention.self.value.bias False
bert.encoder.layer.2.attention.output.dense.weight False
bert.encoder.layer.2.attention.output.dense.bias False
bert.encoder.layer.2.attention.output.LayerNorm.weight False
bert.encoder.layer.2.attention.output.LayerNorm.bias False
bert.encoder.layer.2.intermediate.dense.weight False
bert.encoder.layer.2.intermediate.dense.bias False
bert.encoder.layer.2.output.dense.weight False
bert.encoder.layer.2.output.dense.bias False
bert.encoder.layer.2.output.LayerNorm.weight False
bert.encoder.layer.2.output.LayerNorm.bias False
bert.encoder.layer.3.attention.self.query.weight False
bert.encoder.layer.3.attention.self.query.bias False
bert.encoder.layer.3.attention.self.key.weight False
bert.encoder.layer.3.attention.self.key.bias False
bert.encoder.layer.3.attention.self.value.weight False
bert.encoder.layer.3.attention.self.value.bias False
bert.encoder.layer.3.attention.output.dense.weight False
bert.encoder.layer.3.attention.output.dense.bias False
bert.encoder.layer.3.attention.output.LayerNorm.weight False
bert.encoder.layer.3.attention.output.LayerNorm.bias False
bert.encoder.layer.3.intermediate.dense.weight False
bert.encoder.layer.3.intermediate.dense.bias False
bert.encoder.layer.3.output.dense.weight False
bert.encoder.layer.3.output.dense.bias False
bert.encoder.layer.3.output.LayerNorm.weight False
bert.encoder.layer.3.output.LayerNorm.bias False
bert.encoder.layer.4.attention.self.query.weight False
bert.encoder.layer.4.attention.self.query.bias False
bert.encoder.layer.4.attention.self.key.weight False
bert.encoder.layer.4.attention.self.key.bias False
bert.encoder.layer.4.attention.self.value.weight False
bert.encoder.layer.4.attention.self.value.bias False
bert.encoder.layer.4.attention.output.dense.weight False
bert.encoder.layer.4.attention.output.dense.bias False
bert.encoder.layer.4.attention.output.LayerNorm.weight False
bert.encoder.layer.4.attention.output.LayerNorm.bias False
bert.encoder.layer.4.intermediate.dense.weight False
bert.encoder.layer.4.intermediate.dense.bias False
bert.encoder.layer.4.output.dense.weight False
bert.encoder.layer.4.output.dense.bias False
bert.encoder.layer.4.output.LayerNorm.weight False
bert.encoder.layer.4.output.LayerNorm.bias False
bert.encoder.layer.5.attention.self.query.weight False
bert.encoder.layer.5.attention.self.query.bias False
bert.encoder.layer.5.attention.self.key.weight False
bert.encoder.layer.5.attention.self.key.bias False
bert.encoder.layer.5.attention.self.value.weight False
bert.encoder.layer.5.attention.self.value.bias False
bert.encoder.layer.5.attention.output.dense.weight False
bert.encoder.layer.5.attention.output.dense.bias False
bert.encoder.layer.5.attention.output.LayerNorm.weight False
bert.encoder.layer.5.attention.output.LayerNorm.bias False
bert.encoder.layer.5.intermediate.dense.weight False
bert.encoder.layer.5.intermediate.dense.bias False
bert.encoder.layer.5.output.dense.weight False
bert.encoder.layer.5.output.dense.bias False
bert.encoder.layer.5.output.LayerNorm.weight False
bert.encoder.layer.5.output.LayerNorm.bias False
bert.encoder.layer.6.attention.self.query.weight False
bert.encoder.layer.6.attention.self.query.bias False
bert.encoder.layer.6.attention.self.key.weight False
bert.encoder.layer.6.attention.self.key.bias False
bert.encoder.layer.6.attention.self.value.weight False
bert.encoder.layer.6.attention.self.value.bias False
bert.encoder.layer.6.attention.output.dense.weight False
bert.encoder.layer.6.attention.output.dense.bias False
bert.encoder.layer.6.attention.output.LayerNorm.weight False
bert.encoder.layer.6.attention.output.LayerNorm.bias False
bert.encoder.layer.6.intermediate.dense.weight False
bert.encoder.layer.6.intermediate.dense.bias False
bert.encoder.layer.6.output.dense.weight False
bert.encoder.layer.6.output.dense.bias False
bert.encoder.layer.6.output.LayerNorm.weight False
bert.encoder.layer.6.output.LayerNorm.bias False
bert.encoder.layer.7.attention.self.query.weight False
bert.encoder.layer.7.attention.self.query.bias False
bert.encoder.layer.7.attention.self.key.weight False
bert.encoder.layer.7.attention.self.key.bias False
bert.encoder.layer.7.attention.self.value.weight False
bert.encoder.layer.7.attention.self.value.bias False
bert.encoder.layer.7.attention.output.dense.weight False
bert.encoder.layer.7.attention.output.dense.bias False
bert.encoder.layer.7.attention.output.LayerNorm.weight False
bert.encoder.layer.7.attention.output.LayerNorm.bias False
bert.encoder.layer.7.intermediate.dense.weight False
bert.encoder.layer.7.intermediate.dense.bias False
bert.encoder.layer.7.output.dense.weight False
bert.encoder.layer.7.output.dense.bias False
bert.encoder.layer.7.output.LayerNorm.weight False
bert.encoder.layer.7.output.LayerNorm.bias False
bert.encoder.layer.8.attention.self.query.weight False
bert.encoder.layer.8.attention.self.query.bias False
bert.encoder.layer.8.attention.self.key.weight False
bert.encoder.layer.8.attention.self.key.bias False
bert.encoder.layer.8.attention.self.value.weight False
bert.encoder.layer.8.attention.self.value.bias False
bert.encoder.layer.8.attention.output.dense.weight False
bert.encoder.layer.8.attention.output.dense.bias False
bert.encoder.layer.8.attention.output.LayerNorm.weight False
bert.encoder.layer.8.attention.output.LayerNorm.bias False
bert.encoder.layer.8.intermediate.dense.weight False
bert.encoder.layer.8.intermediate.dense.bias False
bert.encoder.layer.8.output.dense.weight False
bert.encoder.layer.8.output.dense.bias False
bert.encoder.layer.8.output.LayerNorm.weight False
bert.encoder.layer.8.output.LayerNorm.bias False
bert.encoder.layer.9.attention.self.query.weight False
bert.encoder.layer.9.attention.self.query.bias False
bert.encoder.layer.9.attention.self.key.weight False
bert.encoder.layer.9.attention.self.key.bias False
bert.encoder.layer.9.attention.self.value.weight False
bert.encoder.layer.9.attention.self.value.bias False
bert.encoder.layer.9.attention.output.dense.weight False
bert.encoder.layer.9.attention.output.dense.bias False
bert.encoder.layer.9.attention.output.LayerNorm.weight False
bert.encoder.layer.9.attention.output.LayerNorm.bias False
bert.encoder.layer.9.intermediate.dense.weight False
bert.encoder.layer.9.intermediate.dense.bias False
bert.encoder.layer.9.output.dense.weight False
bert.encoder.layer.9.output.dense.bias False
bert.encoder.layer.9.output.LayerNorm.weight False
bert.encoder.layer.9.output.LayerNorm.bias False
bert.encoder.layer.10.attention.self.query.weight False
bert.encoder.layer.10.attention.self.query.bias False
bert.encoder.layer.10.attention.self.key.weight False
bert.encoder.layer.10.attention.self.key.bias False
bert.encoder.layer.10.attention.self.value.weight False
bert.encoder.layer.10.attention.self.value.bias False
bert.encoder.layer.10.attention.output.dense.weight False
bert.encoder.layer.10.attention.output.dense.bias False
bert.encoder.layer.10.attention.output.LayerNorm.weight False
bert.encoder.layer.10.attention.output.LayerNorm.bias False
bert.encoder.layer.10.intermediate.dense.weight False
bert.encoder.layer.10.intermediate.dense.bias False
bert.encoder.layer.10.output.dense.weight False
bert.encoder.layer.10.output.dense.bias False
bert.encoder.layer.10.output.LayerNorm.weight False
bert.encoder.layer.10.output.LayerNorm.bias False
bert.encoder.layer.11.attention.self.query.weight False
bert.encoder.layer.11.attention.self.query.bias False
bert.encoder.layer.11.attention.self.key.weight False
bert.encoder.layer.11.attention.self.key.bias False
bert.encoder.layer.11.attention.self.value.weight False
bert.encoder.layer.11.attention.self.value.bias False
bert.encoder.layer.11.attention.output.dense.weight False
bert.encoder.layer.11.attention.output.dense.bias False
bert.encoder.layer.11.attention.output.LayerNorm.weight False
bert.encoder.layer.11.attention.output.LayerNorm.bias False
bert.encoder.layer.11.intermediate.dense.weight False
bert.encoder.layer.11.intermediate.dense.bias False
bert.encoder.layer.11.output.dense.weight False
bert.encoder.layer.11.output.dense.bias False
bert.encoder.layer.11.output.LayerNorm.weight False
bert.encoder.layer.11.output.LayerNorm.bias False
bert.pooler.dense.weight False
bert.pooler.dense.bias False
classifier.weight True
classifier.bias True

t_total is 32215


Epoch [0]:
Training:
Average incurred loss: 0.123  
Average sample loss: 0.123  
Average acc: 0.957  
  gold_label_random = 0, sentence2_has_negation = 0  [n = 276]:	loss = 0.100  exp loss = 0.085  adjusted loss = 0.085  adv prob = 0.166667   acc = 0.949
  gold_label_random = 0, sentence2_has_negation = 1  [n = 284]:	loss = 0.010  exp loss = 0.007  adjusted loss = 0.007  adv prob = 0.166667   acc = 1.000
  gold_label_random = 1, sentence2_has_negation = 0  [n = 266]:	loss = 0.037  exp loss = 0.043  adjusted loss = 0.043  adv prob = 0.166667   acc = 0.992
  gold_label_random = 1, sentence2_has_negation = 1  [n = 260]:	loss = 0.190  exp loss = 0.247  adjusted loss = 0.247  adv prob = 0.166667   acc = 0.946
  gold_label_random = 2, sentence2_has_negation = 0  [n = 258]:	loss = 0.096  exp loss = 0.078  adjusted loss = 0.078  adv prob = 0.166667   acc = 0.973
  gold_label_random = 2, sentence2_has_negation = 1  [n = 256]:	loss = 0.319  exp loss = 0.261  adjusted loss = 0.261  adv prob = 0.166667   acc = 0.875
Average incurred loss: 0.135  
Average sample loss: 0.135  
Average acc: 0.950  
  gold_label_random = 0, sentence2_has_negation = 0  [n = 258]:	loss = 0.163  exp loss = 0.117  adjusted loss = 0.117  adv prob = 0.166667   acc = 0.938
  gold_label_random = 0, sentence2_has_negation = 1  [n = 278]:	loss = 0.023  exp loss = 0.034  adjusted loss = 0.034  adv prob = 0.166667   acc = 0.996
  gold_label_random = 1, sentence2_has_negation = 0  [n = 274]:	loss = 0.035  exp loss = 0.028  adjusted loss = 0.028  adv prob = 0.166667   acc = 0.989
  gold_label_random = 1, sentence2_has_negation = 1  [n = 267]:	loss = 0.135  exp loss = 0.085  adjusted loss = 0.085  adv prob = 0.166667   acc = 0.944
  gold_label_random = 2, sentence2_has_negation = 0  [n = 267]:	loss = 0.164  exp loss = 0.223  adjusted loss = 0.223  adv prob = 0.166667   acc = 0.936
  gold_label_random = 2, sentence2_has_negation = 1  [n = 256]:	loss = 0.303  exp loss = 0.356  adjusted loss = 0.356  adv prob = 0.166667   acc = 0.891
Average incurred loss: 0.110  
Average sample loss: 0.110  
Average acc: 0.964  
  gold_label_random = 0, sentence2_has_negation = 0  [n = 280]:	loss = 0.103  exp loss = 0.062  adjusted loss = 0.062  adv prob = 0.166667   acc = 0.957
  gold_label_random = 0, sentence2_has_negation = 1  [n = 250]:	loss = 0.027  exp loss = 0.010  adjusted loss = 0.010  adv prob = 0.166667   acc = 0.996
  gold_label_random = 1, sentence2_has_negation = 0  [n = 261]:	loss = 0.034  exp loss = 0.027  adjusted loss = 0.027  adv prob = 0.166667   acc = 0.989
  gold_label_random = 1, sentence2_has_negation = 1  [n = 267]:	loss = 0.118  exp loss = 0.064  adjusted loss = 0.064  adv prob = 0.166667   acc = 0.978
  gold_label_random = 2, sentence2_has_negation = 0  [n = 264]:	loss = 0.127  exp loss = 0.131  adjusted loss = 0.131  adv prob = 0.166667   acc = 0.958
  gold_label_random = 2, sentence2_has_negation = 1  [n = 278]:	loss = 0.237  exp loss = 0.256  adjusted loss = 0.256  adv prob = 0.166667   acc = 0.914
Average incurred loss: 0.137  
Average sample loss: 0.137  
Average acc: 0.958  
  gold_label_random = 0, sentence2_has_negation = 0  [n = 258]:	loss = 0.108  exp loss = 0.093  adjusted loss = 0.093  adv prob = 0.166667   acc = 0.969
  gold_label_random = 0, sentence2_has_negation = 1  [n = 247]:	loss = 0.023  exp loss = 0.027  adjusted loss = 0.027  adv prob = 0.166667   acc = 0.992
  gold_label_random = 1, sentence2_has_negation = 0  [n = 267]:	loss = 0.045  exp loss = 0.020  adjusted loss = 0.020  adv prob = 0.166667   acc = 0.989
  gold_label_random = 1, sentence2_has_negation = 1  [n = 268]:	loss = 0.216  exp loss = 0.219  adjusted loss = 0.219  adv prob = 0.166667   acc = 0.951
  gold_label_random = 2, sentence2_has_negation = 0  [n = 287]:	loss = 0.183  exp loss = 0.134  adjusted loss = 0.134  adv prob = 0.166667   acc = 0.934
  gold_label_random = 2, sentence2_has_negation = 1  [n = 273]:	loss = 0.234  exp loss = 0.173  adjusted loss = 0.173  adv prob = 0.166667   acc = 0.919
Average incurred loss: 0.114  
Average sample loss: 0.114  
Average acc: 0.963  
  gold_label_random = 0, sentence2_has_negation = 0  [n = 248]:	loss = 0.067  exp loss = 0.038  adjusted loss = 0.038  adv prob = 0.166667   acc = 0.980
  gold_label_random = 0, sentence2_has_negation = 1  [n = 279]:	loss = 0.039  exp loss = 0.027  adjusted loss = 0.027  adv prob = 0.166667   acc = 0.993
  gold_label_random = 1, sentence2_has_negation = 0  [n = 272]:	loss = 0.059  exp loss = 0.169  adjusted loss = 0.169  adv prob = 0.166667   acc = 0.978
  gold_label_random = 1, sentence2_has_negation = 1  [n = 264]:	loss = 0.150  exp loss = 0.146  adjusted loss = 0.146  adv prob = 0.166667   acc = 0.955
  gold_label_random = 2, sentence2_has_negation = 0  [n = 267]:	loss = 0.113  exp loss = 0.110  adjusted loss = 0.110  adv prob = 0.166667   acc = 0.963
  gold_label_random = 2, sentence2_has_negation = 1  [n = 270]:	loss = 0.257  exp loss = 0.354  adjusted loss = 0.354  adv prob = 0.166667   acc = 0.907
Average incurred loss: 0.107  
Average sample loss: 0.107  
Average acc: 0.967  
  gold_label_random = 0, sentence2_has_negation = 0  [n = 260]:	loss = 0.111  exp loss = 0.117  adjusted loss = 0.117  adv prob = 0.166667   acc = 0.962
  gold_label_random = 0, sentence2_has_negation = 1  [n = 270]:	loss = 0.013  exp loss = 0.019  adjusted loss = 0.019  adv prob = 0.166667   acc = 0.996
  gold_label_random = 1, sentence2_has_negation = 0  [n = 273]:	loss = 0.031  exp loss = 0.023  adjusted loss = 0.023  adv prob = 0.166667   acc = 0.989
  gold_label_random = 1, sentence2_has_negation = 1  [n = 266]:	loss = 0.156  exp loss = 0.153  adjusted loss = 0.153  adv prob = 0.166667   acc = 0.951
  gold_label_random = 2, sentence2_has_negation = 0  [n = 272]:	loss = 0.130  exp loss = 0.128  adjusted loss = 0.128  adv prob = 0.166667   acc = 0.967
  gold_label_random = 2, sentence2_has_negation = 1  [n = 259]:	loss = 0.208  exp loss = 0.272  adjusted loss = 0.272  adv prob = 0.166667   acc = 0.934
Average incurred loss: 0.128  
Average sample loss: 0.128  
Average acc: 0.966  
  gold_label_random = 0, sentence2_has_negation = 0  [n = 245]:	loss = 0.090  exp loss = 0.104  adjusted loss = 0.104  adv prob = 0.166667   acc = 0.971
  gold_label_random = 0, sentence2_has_negation = 1  [n = 296]:	loss = 0.020  exp loss = 0.023  adjusted loss = 0.023  adv prob = 0.166667   acc = 0.997
  gold_label_random = 1, sentence2_has_negation = 0  [n = 257]:	loss = 0.034  exp loss = 0.022  adjusted loss = 0.022  adv prob = 0.166667   acc = 0.996
  gold_label_random = 1, sentence2_has_negation = 1  [n = 307]:	loss = 0.146  exp loss = 0.115  adjusted loss = 0.115  adv prob = 0.166667   acc = 0.961
  gold_label_random = 2, sentence2_has_negation = 0  [n = 235]:	loss = 0.217  exp loss = 0.204  adjusted loss = 0.204  adv prob = 0.166667   acc = 0.949
  gold_label_random = 2, sentence2_has_negation = 1  [n = 260]:	loss = 0.281  exp loss = 0.274  adjusted loss = 0.274  adv prob = 0.166667   acc = 0.919
Average incurred loss: 0.130  
Average sample loss: 0.130  
Average acc: 0.962  
  gold_label_random = 0, sentence2_has_negation = 0  [n = 274]:	loss = 0.088  exp loss = 0.182  adjusted loss = 0.182  adv prob = 0.166667   acc = 0.971
  gold_label_random = 0, sentence2_has_negation = 1  [n = 269]:	loss = 0.015  exp loss = 0.015  adjusted loss = 0.015  adv prob = 0.166667   acc = 0.996
  gold_label_random = 1, sentence2_has_negation = 0  [n = 237]:	loss = 0.040  exp loss = 0.034  adjusted loss = 0.034  adv prob = 0.166667   acc = 0.992
  gold_label_random = 1, sentence2_has_negation = 1  [n = 273]:	loss = 0.179  exp loss = 0.133  adjusted loss = 0.133  adv prob = 0.166667   acc = 0.949
  gold_label_random = 2, sentence2_has_negation = 0  [n = 275]:	loss = 0.169  exp loss = 0.138  adjusted loss = 0.138  adv prob = 0.166667   acc = 0.949
  gold_label_random = 2, sentence2_has_negation = 1  [n = 272]:	loss = 0.275  exp loss = 0.214  adjusted loss = 0.214  adv prob = 0.166667   acc = 0.923
Average incurred loss: 0.126  
Average sample loss: 0.126  
Average acc: 0.959  
  gold_label_random = 0, sentence2_has_negation = 0  [n = 266]:	loss = 0.149  exp loss = 0.274  adjusted loss = 0.274  adv prob = 0.166667   acc = 0.944
  gold_label_random = 0, sentence2_has_negation = 1  [n = 288]:	loss = 0.035  exp loss = 0.030  adjusted loss = 0.030  adv prob = 0.166667   acc = 0.990
  gold_label_random = 1, sentence2_has_negation = 0  [n = 246]:	loss = 0.035  exp loss = 0.024  adjusted loss = 0.024  adv prob = 0.166667   acc = 0.992
  gold_label_random = 1, sentence2_has_negation = 1  [n = 245]:	loss = 0.122  exp loss = 0.163  adjusted loss = 0.163  adv prob = 0.166667   acc = 0.955
  gold_label_random = 2, sentence2_has_negation = 0  [n = 268]:	loss = 0.139  exp loss = 0.082  adjusted loss = 0.082  adv prob = 0.166667   acc = 0.974
  gold_label_random = 2, sentence2_has_negation = 1  [n = 287]:	loss = 0.269  exp loss = 0.254  adjusted loss = 0.254  adv prob = 0.166667   acc = 0.906
Average incurred loss: 0.118  
Average sample loss: 0.118  
Average acc: 0.957  
  gold_label_random = 0, sentence2_has_negation = 0  [n = 266]:	loss = 0.136  exp loss = 0.179  adjusted loss = 0.179  adv prob = 0.166667   acc = 0.962
  gold_label_random = 0, sentence2_has_negation = 1  [n = 261]:	loss = 0.034  exp loss = 0.061  adjusted loss = 0.061  adv prob = 0.166667   acc = 0.992
  gold_label_random = 1, sentence2_has_negation = 0  [n = 256]:	loss = 0.054  exp loss = 0.071  adjusted loss = 0.071  adv prob = 0.166667   acc = 0.980
  gold_label_random = 1, sentence2_has_negation = 1  [n = 287]:	loss = 0.115  exp loss = 0.058  adjusted loss = 0.058  adv prob = 0.166667   acc = 0.944
  gold_label_random = 2, sentence2_has_negation = 0  [n = 279]:	loss = 0.113  exp loss = 0.112  adjusted loss = 0.112  adv prob = 0.166667   acc = 0.953
  gold_label_random = 2, sentence2_has_negation = 1  [n = 251]:	loss = 0.261  exp loss = 0.264  adjusted loss = 0.264  adv prob = 0.166667   acc = 0.912
Average incurred loss: 0.095  
Average sample loss: 0.095  
Average acc: 0.966  
  gold_label_random = 0, sentence2_has_negation = 0  [n = 278]:	loss = 0.081  exp loss = 0.053  adjusted loss = 0.053  adv prob = 0.166667   acc = 0.971
  gold_label_random = 0, sentence2_has_negation = 1  [n = 261]:	loss = 0.028  exp loss = 0.029  adjusted loss = 0.029  adv prob = 0.166667   acc = 0.989
  gold_label_random = 1, sentence2_has_negation = 0  [n = 291]:	loss = 0.060  exp loss = 0.022  adjusted loss = 0.022  adv prob = 0.166667   acc = 0.983
  gold_label_random = 1, sentence2_has_negation = 1  [n = 241]:	loss = 0.088  exp loss = 0.178  adjusted loss = 0.178  adv prob = 0.166667   acc = 0.967
  gold_label_random = 2, sentence2_has_negation = 0  [n = 256]:	loss = 0.135  exp loss = 0.127  adjusted loss = 0.127  adv prob = 0.166667   acc = 0.953
  gold_label_random = 2, sentence2_has_negation = 1  [n = 273]:	loss = 0.180  exp loss = 0.378  adjusted loss = 0.378  adv prob = 0.166667   acc = 0.930
Average incurred loss: 0.093  
Average sample loss: 0.093  
Average acc: 0.969  
  gold_label_random = 0, sentence2_has_negation = 0  [n = 260]:	loss = 0.123  exp loss = 0.091  adjusted loss = 0.091  adv prob = 0.166667   acc = 0.954
  gold_label_random = 0, sentence2_has_negation = 1  [n = 277]:	loss = 0.051  exp loss = 0.070  adjusted loss = 0.070  adv prob = 0.166667   acc = 0.986
  gold_label_random = 1, sentence2_has_negation = 0  [n = 261]:	loss = 0.052  exp loss = 0.031  adjusted loss = 0.031  adv prob = 0.166667   acc = 0.981
  gold_label_random = 1, sentence2_has_negation = 1  [n = 248]:	loss = 0.066  exp loss = 0.089  adjusted loss = 0.089  adv prob = 0.166667   acc = 0.972
  gold_label_random = 2, sentence2_has_negation = 0  [n = 281]:	loss = 0.101  exp loss = 0.101  adjusted loss = 0.101  adv prob = 0.166667   acc = 0.968
  gold_label_random = 2, sentence2_has_negation = 1  [n = 273]:	loss = 0.166  exp loss = 0.422  adjusted loss = 0.422  adv prob = 0.166667   acc = 0.952
Average incurred loss: 0.118  
Average sample loss: 0.118  
Average acc: 0.960  
  gold_label_random = 0, sentence2_has_negation = 0  [n = 271]:	loss = 0.114  exp loss = 0.082  adjusted loss = 0.082  adv prob = 0.166667   acc = 0.956
  gold_label_random = 0, sentence2_has_negation = 1  [n = 270]:	loss = 0.036  exp loss = 0.038  adjusted loss = 0.038  adv prob = 0.166667   acc = 0.993
  gold_label_random = 1, sentence2_has_negation = 0  [n = 222]:	loss = 0.115  exp loss = 0.076  adjusted loss = 0.076  adv prob = 0.166667   acc = 0.964
  gold_label_random = 1, sentence2_has_negation = 1  [n = 269]:	loss = 0.083  exp loss = 0.029  adjusted loss = 0.029  adv prob = 0.166667   acc = 0.963
  gold_label_random = 2, sentence2_has_negation = 0  [n = 262]:	loss = 0.137  exp loss = 0.067  adjusted loss = 0.067  adv prob = 0.166667   acc = 0.954
  gold_label_random = 2, sentence2_has_negation = 1  [n = 306]:	loss = 0.209  exp loss = 0.240  adjusted loss = 0.240  adv prob = 0.166667   acc = 0.935
Average incurred loss: 0.107  
Average sample loss: 0.107  
Average acc: 0.966  
  gold_label_random = 0, sentence2_has_negation = 0  [n = 261]:	loss = 0.087  exp loss = 0.088  adjusted loss = 0.088  adv prob = 0.166667   acc = 0.973
  gold_label_random = 0, sentence2_has_negation = 1  [n = 255]:	loss = 0.033  exp loss = 0.066  adjusted loss = 0.066  adv prob = 0.166667   acc = 0.992
  gold_label_random = 1, sentence2_has_negation = 0  [n = 258]:	loss = 0.058  exp loss = 0.055  adjusted loss = 0.055  adv prob = 0.166667   acc = 0.992
  gold_label_random = 1, sentence2_has_negation = 1  [n = 262]:	loss = 0.090  exp loss = 0.085  adjusted loss = 0.085  adv prob = 0.166667   acc = 0.969
  gold_label_random = 2, sentence2_has_negation = 0  [n = 295]:	loss = 0.131  exp loss = 0.118  adjusted loss = 0.118  adv prob = 0.166667   acc = 0.949
  gold_label_random = 2, sentence2_has_negation = 1  [n = 269]:	loss = 0.235  exp loss = 0.234  adjusted loss = 0.234  adv prob = 0.166667   acc = 0.926
Average incurred loss: 0.124  
Average sample loss: 0.124  
Average acc: 0.968  
  gold_label_random = 0, sentence2_has_negation = 0  [n = 245]:	loss = 0.154  exp loss = 0.088  adjusted loss = 0.088  adv prob = 0.166667   acc = 0.967
  gold_label_random = 0, sentence2_has_negation = 1  [n = 253]:	loss = 0.041  exp loss = 0.079  adjusted loss = 0.079  adv prob = 0.166667   acc = 0.992
  gold_label_random = 1, sentence2_has_negation = 0  [n = 273]:	loss = 0.073  exp loss = 0.196  adjusted loss = 0.196  adv prob = 0.166667   acc = 0.985
  gold_label_random = 1, sentence2_has_negation = 1  [n = 296]:	loss = 0.126  exp loss = 0.057  adjusted loss = 0.057  adv prob = 0.166667   acc = 0.963
  gold_label_random = 2, sentence2_has_negation = 0  [n = 261]:	loss = 0.125  exp loss = 0.060  adjusted loss = 0.060  adv prob = 0.166667   acc = 0.966
  gold_label_random = 2, sentence2_has_negation = 1  [n = 272]:	loss = 0.224  exp loss = 0.384  adjusted loss = 0.384  adv prob = 0.166667   acc = 0.934
Average incurred loss: 0.119  
Average sample loss: 0.119  
Average acc: 0.960  
  gold_label_random = 0, sentence2_has_negation = 0  [n = 255]:	loss = 0.112  exp loss = 0.123  adjusted loss = 0.123  adv prob = 0.166667   acc = 0.965
  gold_label_random = 0, sentence2_has_negation = 1  [n = 254]:	loss = 0.055  exp loss = 0.053  adjusted loss = 0.053  adv prob = 0.166667   acc = 0.984
  gold_label_random = 1, sentence2_has_negation = 0  [n = 254]:	loss = 0.033  exp loss = 0.043  adjusted loss = 0.043  adv prob = 0.166667   acc = 0.996
  gold_label_random = 1, sentence2_has_negation = 1  [n = 263]:	loss = 0.159  exp loss = 0.122  adjusted loss = 0.122  adv prob = 0.166667   acc = 0.951
  gold_label_random = 2, sentence2_has_negation = 0  [n = 296]:	loss = 0.118  exp loss = 0.183  adjusted loss = 0.183  adv prob = 0.166667   acc = 0.956
  gold_label_random = 2, sentence2_has_negation = 1  [n = 278]:	loss = 0.227  exp loss = 0.102  adjusted loss = 0.102  adv prob = 0.166667   acc = 0.914
Average incurred loss: 0.104  
Average sample loss: 0.104  
Average acc: 0.965  
  gold_label_random = 0, sentence2_has_negation = 0  [n = 277]:	loss = 0.121  exp loss = 0.192  adjusted loss = 0.192  adv prob = 0.166667   acc = 0.942
  gold_label_random = 0, sentence2_has_negation = 1  [n = 252]:	loss = 0.018  exp loss = 0.026  adjusted loss = 0.026  adv prob = 0.166667   acc = 1.000
  gold_label_random = 1, sentence2_has_negation = 0  [n = 229]:	loss = 0.053  exp loss = 0.048  adjusted loss = 0.048  adv prob = 0.166667   acc = 0.987
  gold_label_random = 1, sentence2_has_negation = 1  [n = 303]:	loss = 0.109  exp loss = 0.072  adjusted loss = 0.072  adv prob = 0.166667   acc = 0.974
  gold_label_random = 2, sentence2_has_negation = 0  [n = 279]:	loss = 0.125  exp loss = 0.194  adjusted loss = 0.194  adv prob = 0.166667   acc = 0.961
  gold_label_random = 2, sentence2_has_negation = 1  [n = 260]:	loss = 0.188  exp loss = 0.282  adjusted loss = 0.282  adv prob = 0.166667   acc = 0.931
Average incurred loss: 0.118  
Average sample loss: 0.118  
Average acc: 0.965  
  gold_label_random = 0, sentence2_has_negation = 0  [n = 283]:	loss = 0.153  exp loss = 0.113  adjusted loss = 0.113  adv prob = 0.166667   acc = 0.961
  gold_label_random = 0, sentence2_has_negation = 1  [n = 267]:	loss = 0.059  exp loss = 0.029  adjusted loss = 0.029  adv prob = 0.166667   acc = 0.985
  gold_label_random = 1, sentence2_has_negation = 0  [n = 255]:	loss = 0.022  exp loss = 0.028  adjusted loss = 0.028  adv prob = 0.166667   acc = 1.000
  gold_label_random = 1, sentence2_has_negation = 1  [n = 275]:	loss = 0.218  exp loss = 0.175  adjusted loss = 0.175  adv prob = 0.166667   acc = 0.935
  gold_label_random = 2, sentence2_has_negation = 0  [n = 275]:	loss = 0.098  exp loss = 0.054  adjusted loss = 0.054  adv prob = 0.166667   acc = 0.964
  gold_label_random = 2, sentence2_has_negation = 1  [n = 245]:	loss = 0.153  exp loss = 0.112  adjusted loss = 0.112  adv prob = 0.166667   acc = 0.947
Average incurred loss: 0.121  
Average sample loss: 0.121  
Average acc: 0.961  
  gold_label_random = 0, sentence2_has_negation = 0  [n = 281]:	loss = 0.130  exp loss = 0.129  adjusted loss = 0.129  adv prob = 0.166667   acc = 0.957
  gold_label_random = 0, sentence2_has_negation = 1  [n = 281]:	loss = 0.030  exp loss = 0.018  adjusted loss = 0.018  adv prob = 0.166667   acc = 0.986
  gold_label_random = 1, sentence2_has_negation = 0  [n = 248]:	loss = 0.053  exp loss = 0.080  adjusted loss = 0.080  adv prob = 0.166667   acc = 0.984
  gold_label_random = 1, sentence2_has_negation = 1  [n = 259]:	loss = 0.154  exp loss = 0.151  adjusted loss = 0.151  adv prob = 0.166667   acc = 0.958
  gold_label_random = 2, sentence2_has_negation = 0  [n = 249]:	loss = 0.095  exp loss = 0.103  adjusted loss = 0.103  adv prob = 0.166667   acc = 0.956
  gold_label_random = 2, sentence2_has_negation = 1  [n = 282]:	loss = 0.258  exp loss = 0.162  adjusted loss = 0.162  adv prob = 0.166667   acc = 0.929
Average incurred loss: 0.118  
Average sample loss: 0.118  
Average acc: 0.963  
  gold_label_random = 0, sentence2_has_negation = 0  [n = 256]:	loss = 0.130  exp loss = 0.178  adjusted loss = 0.178  adv prob = 0.166667   acc = 0.961
  gold_label_random = 0, sentence2_has_negation = 1  [n = 255]:	loss = 0.033  exp loss = 0.015  adjusted loss = 0.015  adv prob = 0.166667   acc = 0.984
  gold_label_random = 1, sentence2_has_negation = 0  [n = 268]:	loss = 0.056  exp loss = 0.050  adjusted loss = 0.050  adv prob = 0.166667   acc = 0.978
  gold_label_random = 1, sentence2_has_negation = 1  [n = 276]:	loss = 0.126  exp loss = 0.112  adjusted loss = 0.112  adv prob = 0.166667   acc = 0.967
  gold_label_random = 2, sentence2_has_negation = 0  [n = 274]:	loss = 0.111  exp loss = 0.094  adjusted loss = 0.094  adv prob = 0.166667   acc = 0.960
  gold_label_random = 2, sentence2_has_negation = 1  [n = 271]:	loss = 0.248  exp loss = 0.291  adjusted loss = 0.291  adv prob = 0.166667   acc = 0.930
Average incurred loss: 0.107  
Average sample loss: 0.107  
Average acc: 0.966  
  gold_label_random = 0, sentence2_has_negation = 0  [n = 248]:	loss = 0.112  exp loss = 0.150  adjusted loss = 0.150  adv prob = 0.166667   acc = 0.960
  gold_label_random = 0, sentence2_has_negation = 1  [n = 282]:	loss = 0.034  exp loss = 0.033  adjusted loss = 0.033  adv prob = 0.166667   acc = 0.989
  gold_label_random = 1, sentence2_has_negation = 0  [n = 245]:	loss = 0.072  exp loss = 0.088  adjusted loss = 0.088  adv prob = 0.166667   acc = 0.976
  gold_label_random = 1, sentence2_has_negation = 1  [n = 275]:	loss = 0.124  exp loss = 0.069  adjusted loss = 0.069  adv prob = 0.166667   acc = 0.967
  gold_label_random = 2, sentence2_has_negation = 0  [n = 274]:	loss = 0.105  exp loss = 0.100  adjusted loss = 0.100  adv prob = 0.166667   acc = 0.967
  gold_label_random = 2, sentence2_has_negation = 1  [n = 276]:	loss = 0.194  exp loss = 0.154  adjusted loss = 0.154  adv prob = 0.166667   acc = 0.935
Average incurred loss: 0.097  
Average sample loss: 0.097  
Average acc: 0.974  
  gold_label_random = 0, sentence2_has_negation = 0  [n = 270]:	loss = 0.112  exp loss = 0.145  adjusted loss = 0.145  adv prob = 0.166667   acc = 0.967
  gold_label_random = 0, sentence2_has_negation = 1  [n = 277]:	loss = 0.020  exp loss = 0.016  adjusted loss = 0.016  adv prob = 0.166667   acc = 0.989
  gold_label_random = 1, sentence2_has_negation = 0  [n = 271]:	loss = 0.072  exp loss = 0.030  adjusted loss = 0.030  adv prob = 0.166667   acc = 0.985
  gold_label_random = 1, sentence2_has_negation = 1  [n = 249]:	loss = 0.109  exp loss = 0.073  adjusted loss = 0.073  adv prob = 0.166667   acc = 0.972
  gold_label_random = 2, sentence2_has_negation = 0  [n = 265]:	loss = 0.106  exp loss = 0.057  adjusted loss = 0.057  adv prob = 0.166667   acc = 0.977
  gold_label_random = 2, sentence2_has_negation = 1  [n = 268]:	loss = 0.163  exp loss = 0.125  adjusted loss = 0.125  adv prob = 0.166667   acc = 0.955
Average incurred loss: 0.127  
Average sample loss: 0.127  
Average acc: 0.956  
  gold_label_random = 0, sentence2_has_negation = 0  [n = 252]:	loss = 0.115  exp loss = 0.119  adjusted loss = 0.119  adv prob = 0.166667   acc = 0.960
  gold_label_random = 0, sentence2_has_negation = 1  [n = 260]:	loss = 0.051  exp loss = 0.039  adjusted loss = 0.039  adv prob = 0.166667   acc = 0.981
  gold_label_random = 1, sentence2_has_negation = 0  [n = 254]:	loss = 0.087  exp loss = 0.084  adjusted loss = 0.084  adv prob = 0.166667   acc = 0.972
  gold_label_random = 1, sentence2_has_negation = 1  [n = 300]:	loss = 0.115  exp loss = 0.085  adjusted loss = 0.085  adv prob = 0.166667   acc = 0.967
  gold_label_random = 2, sentence2_has_negation = 0  [n = 264]:	loss = 0.121  exp loss = 0.159  adjusted loss = 0.159  adv prob = 0.166667   acc = 0.955
  gold_label_random = 2, sentence2_has_negation = 1  [n = 270]:	loss = 0.266  exp loss = 0.209  adjusted loss = 0.209  adv prob = 0.166667   acc = 0.900
Average incurred loss: 0.089  
Average sample loss: 0.089  
Average acc: 0.966  
  gold_label_random = 0, sentence2_has_negation = 0  [n = 265]:	loss = 0.100  exp loss = 0.086  adjusted loss = 0.086  adv prob = 0.166667   acc = 0.958
  gold_label_random = 0, sentence2_has_negation = 1  [n = 272]:	loss = 0.022  exp loss = 0.023  adjusted loss = 0.023  adv prob = 0.166667   acc = 0.996
  gold_label_random = 1, sentence2_has_negation = 0  [n = 277]:	loss = 0.049  exp loss = 0.023  adjusted loss = 0.023  adv prob = 0.166667   acc = 0.982
  gold_label_random = 1, sentence2_has_negation = 1  [n = 242]:	loss = 0.068  exp loss = 0.089  adjusted loss = 0.089  adv prob = 0.166667   acc = 0.975
  gold_label_random = 2, sentence2_has_negation = 0  [n = 295]:	loss = 0.116  exp loss = 0.174  adjusted loss = 0.174  adv prob = 0.166667   acc = 0.963
  gold_label_random = 2, sentence2_has_negation = 1  [n = 249]:	loss = 0.184  exp loss = 0.105  adjusted loss = 0.105  adv prob = 0.166667   acc = 0.920
Average incurred loss: 0.134  
Average sample loss: 0.134  
Average acc: 0.957  
  gold_label_random = 0, sentence2_has_negation = 0  [n = 264]:	loss = 0.180  exp loss = 0.135  adjusted loss = 0.135  adv prob = 0.166667   acc = 0.936
  gold_label_random = 0, sentence2_has_negation = 1  [n = 235]:	loss = 0.025  exp loss = 0.026  adjusted loss = 0.026  adv prob = 0.166667   acc = 0.991
  gold_label_random = 1, sentence2_has_negation = 0  [n = 268]:	loss = 0.068  exp loss = 0.031  adjusted loss = 0.031  adv prob = 0.166667   acc = 0.981
  gold_label_random = 1, sentence2_has_negation = 1  [n = 298]:	loss = 0.086  exp loss = 0.059  adjusted loss = 0.059  adv prob = 0.166667   acc = 0.973
  gold_label_random = 2, sentence2_has_negation = 0  [n = 269]:	loss = 0.185  exp loss = 0.104  adjusted loss = 0.104  adv prob = 0.166667   acc = 0.937
  gold_label_random = 2, sentence2_has_negation = 1  [n = 266]:	loss = 0.255  exp loss = 0.234  adjusted loss = 0.234  adv prob = 0.166667   acc = 0.925
Average incurred loss: 0.108  
Average sample loss: 0.108  
Average acc: 0.967  
  gold_label_random = 0, sentence2_has_negation = 0  [n = 257]:	loss = 0.113  exp loss = 0.070  adjusted loss = 0.070  adv prob = 0.166667   acc = 0.961
  gold_label_random = 0, sentence2_has_negation = 1  [n = 265]:	loss = 0.045  exp loss = 0.016  adjusted loss = 0.016  adv prob = 0.166667   acc = 0.981
  gold_label_random = 1, sentence2_has_negation = 0  [n = 283]:	loss = 0.075  exp loss = 0.047  adjusted loss = 0.047  adv prob = 0.166667   acc = 0.986
  gold_label_random = 1, sentence2_has_negation = 1  [n = 247]:	loss = 0.148  exp loss = 0.220  adjusted loss = 0.220  adv prob = 0.166667   acc = 0.964
  gold_label_random = 2, sentence2_has_negation = 0  [n = 259]:	loss = 0.087  exp loss = 0.083  adjusted loss = 0.083  adv prob = 0.166667   acc = 0.977
  gold_label_random = 2, sentence2_has_negation = 1  [n = 289]:	loss = 0.177  exp loss = 0.212  adjusted loss = 0.212  adv prob = 0.166667   acc = 0.938
Average incurred loss: 0.101  
Average sample loss: 0.101  
Average acc: 0.967  
  gold_label_random = 0, sentence2_has_negation = 0  [n = 264]:	loss = 0.129  exp loss = 0.083  adjusted loss = 0.083  adv prob = 0.166667   acc = 0.958
  gold_label_random = 0, sentence2_has_negation = 1  [n = 236]:	loss = 0.064  exp loss = 0.048  adjusted loss = 0.048  adv prob = 0.166667   acc = 0.975
  gold_label_random = 1, sentence2_has_negation = 0  [n = 287]:	loss = 0.061  exp loss = 0.059  adjusted loss = 0.059  adv prob = 0.166667   acc = 0.979
  gold_label_random = 1, sentence2_has_negation = 1  [n = 282]:	loss = 0.133  exp loss = 0.087  adjusted loss = 0.087  adv prob = 0.166667   acc = 0.961
  gold_label_random = 2, sentence2_has_negation = 0  [n = 288]:	loss = 0.083  exp loss = 0.058  adjusted loss = 0.058  adv prob = 0.166667   acc = 0.976
  gold_label_random = 2, sentence2_has_negation = 1  [n = 243]:	loss = 0.139  exp loss = 0.135  adjusted loss = 0.135  adv prob = 0.166667   acc = 0.955
Average incurred loss: 0.123  
Average sample loss: 0.123  
Average acc: 0.960  
  gold_label_random = 0, sentence2_has_negation = 0  [n = 275]:	loss = 0.189  exp loss = 0.193  adjusted loss = 0.193  adv prob = 0.166667   acc = 0.935
  gold_label_random = 0, sentence2_has_negation = 1  [n = 266]:	loss = 0.038  exp loss = 0.029  adjusted loss = 0.029  adv prob = 0.166667   acc = 0.985
  gold_label_random = 1, sentence2_has_negation = 0  [n = 259]:	loss = 0.082  exp loss = 0.097  adjusted loss = 0.097  adv prob = 0.166667   acc = 0.985
  gold_label_random = 1, sentence2_has_negation = 1  [n = 256]:	loss = 0.101  exp loss = 0.091  adjusted loss = 0.091  adv prob = 0.166667   acc = 0.973
  gold_label_random = 2, sentence2_has_negation = 0  [n = 280]:	loss = 0.100  exp loss = 0.105  adjusted loss = 0.105  adv prob = 0.166667   acc = 0.964
  gold_label_random = 2, sentence2_has_negation = 1  [n = 264]:	loss = 0.229  exp loss = 0.138  adjusted loss = 0.138  adv prob = 0.166667   acc = 0.920
Average incurred loss: 0.108  
Average sample loss: 0.108  
Average acc: 0.963  
  gold_label_random = 0, sentence2_has_negation = 0  [n = 279]:	loss = 0.110  exp loss = 0.115  adjusted loss = 0.115  adv prob = 0.166667   acc = 0.957
  gold_label_random = 0, sentence2_has_negation = 1  [n = 285]:	loss = 0.032  exp loss = 0.028  adjusted loss = 0.028  adv prob = 0.166667   acc = 0.993
  gold_label_random = 1, sentence2_has_negation = 0  [n = 238]:	loss = 0.060  exp loss = 0.061  adjusted loss = 0.061  adv prob = 0.166667   acc = 0.987
  gold_label_random = 1, sentence2_has_negation = 1  [n = 275]:	loss = 0.106  exp loss = 0.070  adjusted loss = 0.070  adv prob = 0.166667   acc = 0.971
  gold_label_random = 2, sentence2_has_negation = 0  [n = 262]:	loss = 0.180  exp loss = 0.221  adjusted loss = 0.221  adv prob = 0.166667   acc = 0.939
  gold_label_random = 2, sentence2_has_negation = 1  [n = 261]:	loss = 0.160  exp loss = 0.129  adjusted loss = 0.129  adv prob = 0.166667   acc = 0.931
Average incurred loss: 0.098  
Average sample loss: 0.098  
Average acc: 0.969  
  gold_label_random = 0, sentence2_has_negation = 0  [n = 251]:	loss = 0.085  exp loss = 0.153  adjusted loss = 0.153  adv prob = 0.166667   acc = 0.960
  gold_label_random = 0, sentence2_has_negation = 1  [n = 253]:	loss = 0.065  exp loss = 0.088  adjusted loss = 0.088  adv prob = 0.166667   acc = 0.984
  gold_label_random = 1, sentence2_has_negation = 0  [n = 279]:	loss = 0.055  exp loss = 0.051  adjusted loss = 0.051  adv prob = 0.166667   acc = 0.978
  gold_label_random = 1, sentence2_has_negation = 1  [n = 279]:	loss = 0.102  exp loss = 0.151  adjusted loss = 0.151  adv prob = 0.166667   acc = 0.978
  gold_label_random = 2, sentence2_has_negation = 0  [n = 275]:	loss = 0.094  exp loss = 0.055  adjusted loss = 0.055  adv prob = 0.166667   acc = 0.971
  gold_label_random = 2, sentence2_has_negation = 1  [n = 263]:	loss = 0.186  exp loss = 0.112  adjusted loss = 0.112  adv prob = 0.166667   acc = 0.939
Average incurred loss: 0.114  
Average sample loss: 0.114  
Average acc: 0.966  
  gold_label_random = 0, sentence2_has_negation = 0  [n = 268]:	loss = 0.159  exp loss = 0.101  adjusted loss = 0.101  adv prob = 0.166667   acc = 0.951
  gold_label_random = 0, sentence2_has_negation = 1  [n = 268]:	loss = 0.027  exp loss = 0.026  adjusted loss = 0.026  adv prob = 0.166667   acc = 0.993
  gold_label_random = 1, sentence2_has_negation = 0  [n = 267]:	loss = 0.055  exp loss = 0.043  adjusted loss = 0.043  adv prob = 0.166667   acc = 0.989
  gold_label_random = 1, sentence2_has_negation = 1  [n = 262]:	loss = 0.172  exp loss = 0.184  adjusted loss = 0.184  adv prob = 0.166667   acc = 0.962
  gold_label_random = 2, sentence2_has_negation = 0  [n = 270]:	loss = 0.065  exp loss = 0.041  adjusted loss = 0.041  adv prob = 0.166667   acc = 0.981
  gold_label_random = 2, sentence2_has_negation = 1  [n = 265]:	loss = 0.204  exp loss = 0.122  adjusted loss = 0.122  adv prob = 0.166667   acc = 0.917
Average incurred loss: 0.099  
Average sample loss: 0.099  
Average acc: 0.971  
  gold_label_random = 0, sentence2_has_negation = 0  [n = 248]:	loss = 0.105  exp loss = 0.082  adjusted loss = 0.082  adv prob = 0.166667   acc = 0.952
  gold_label_random = 0, sentence2_has_negation = 1  [n = 281]:	loss = 0.041  exp loss = 0.019  adjusted loss = 0.019  adv prob = 0.166667   acc = 0.993
  gold_label_random = 1, sentence2_has_negation = 0  [n = 286]:	loss = 0.041  exp loss = 0.063  adjusted loss = 0.063  adv prob = 0.166667   acc = 0.990
  gold_label_random = 1, sentence2_has_negation = 1  [n = 254]:	loss = 0.087  exp loss = 0.064  adjusted loss = 0.064  adv prob = 0.166667   acc = 0.969
  gold_label_random = 2, sentence2_has_negation = 0  [n = 246]:	loss = 0.198  exp loss = 0.107  adjusted loss = 0.107  adv prob = 0.166667   acc = 0.955
  gold_label_random = 2, sentence2_has_negation = 1  [n = 285]:	loss = 0.132  exp loss = 0.180  adjusted loss = 0.180  adv prob = 0.166667   acc = 0.961
Average incurred loss: 0.105  
Average sample loss: 0.105  
Average acc: 0.969  
  gold_label_random = 0, sentence2_has_negation = 0  [n = 301]:	loss = 0.138  exp loss = 0.127  adjusted loss = 0.127  adv prob = 0.166667   acc = 0.953
  gold_label_random = 0, sentence2_has_negation = 1  [n = 267]:	loss = 0.023  exp loss = 0.041  adjusted loss = 0.041  adv prob = 0.166667   acc = 0.996
  gold_label_random = 1, sentence2_has_negation = 0  [n = 233]:	loss = 0.038  exp loss = 0.019  adjusted loss = 0.019  adv prob = 0.166667   acc = 0.996
  gold_label_random = 1, sentence2_has_negation = 1  [n = 255]:	loss = 0.138  exp loss = 0.196  adjusted loss = 0.196  adv prob = 0.166667   acc = 0.965
  gold_label_random = 2, sentence2_has_negation = 0  [n = 283]:	loss = 0.101  exp loss = 0.091  adjusted loss = 0.091  adv prob = 0.166667   acc = 0.958
  gold_label_random = 2, sentence2_has_negation = 1  [n = 261]:	loss = 0.181  exp loss = 0.100  adjusted loss = 0.100  adv prob = 0.166667   acc = 0.950
Average incurred loss: 0.136  
Average sample loss: 0.136  
Average acc: 0.956  
  gold_label_random = 0, sentence2_has_negation = 0  [n = 282]:	loss = 0.148  exp loss = 0.107  adjusted loss = 0.107  adv prob = 0.166667   acc = 0.954
  gold_label_random = 0, sentence2_has_negation = 1  [n = 242]:	loss = 0.054  exp loss = 0.044  adjusted loss = 0.044  adv prob = 0.166667   acc = 0.979
  gold_label_random = 1, sentence2_has_negation = 0  [n = 290]:	loss = 0.066  exp loss = 0.042  adjusted loss = 0.042  adv prob = 0.166667   acc = 0.986
  gold_label_random = 1, sentence2_has_negation = 1  [n = 244]:	loss = 0.127  exp loss = 0.116  adjusted loss = 0.116  adv prob = 0.166667   acc = 0.971
  gold_label_random = 2, sentence2_has_negation = 0  [n = 264]:	loss = 0.143  exp loss = 0.195  adjusted loss = 0.195  adv prob = 0.166667   acc = 0.939
  gold_label_random = 2, sentence2_has_negation = 1  [n = 278]:	loss = 0.268  exp loss = 0.239  adjusted loss = 0.239  adv prob = 0.166667   acc = 0.906
Average incurred loss: 0.117  
Average sample loss: 0.117  
Average acc: 0.963  
  gold_label_random = 0, sentence2_has_negation = 0  [n = 267]:	loss = 0.139  exp loss = 0.084  adjusted loss = 0.084  adv prob = 0.166667   acc = 0.955
  gold_label_random = 0, sentence2_has_negation = 1  [n = 270]:	loss = 0.067  exp loss = 0.049  adjusted loss = 0.049  adv prob = 0.166667   acc = 0.978
  gold_label_random = 1, sentence2_has_negation = 0  [n = 243]:	loss = 0.038  exp loss = 0.037  adjusted loss = 0.037  adv prob = 0.166667   acc = 0.988
  gold_label_random = 1, sentence2_has_negation = 1  [n = 271]:	loss = 0.122  exp loss = 0.180  adjusted loss = 0.180  adv prob = 0.166667   acc = 0.963
  gold_label_random = 2, sentence2_has_negation = 0  [n = 262]:	loss = 0.099  exp loss = 0.111  adjusted loss = 0.111  adv prob = 0.166667   acc = 0.966
  gold_label_random = 2, sentence2_has_negation = 1  [n = 287]:	loss = 0.224  exp loss = 0.264  adjusted loss = 0.264  adv prob = 0.166667   acc = 0.934
Average incurred loss: 0.103  
Average sample loss: 0.103  
Average acc: 0.964  
  gold_label_random = 0, sentence2_has_negation = 0  [n = 301]:	loss = 0.147  exp loss = 0.117  adjusted loss = 0.117  adv prob = 0.166667   acc = 0.950
  gold_label_random = 0, sentence2_has_negation = 1  [n = 238]:	loss = 0.064  exp loss = 0.060  adjusted loss = 0.060  adv prob = 0.166667   acc = 0.979
  gold_label_random = 1, sentence2_has_negation = 0  [n = 256]:	loss = 0.043  exp loss = 0.042  adjusted loss = 0.042  adv prob = 0.166667   acc = 0.984
  gold_label_random = 1, sentence2_has_negation = 1  [n = 271]:	loss = 0.069  exp loss = 0.063  adjusted loss = 0.063  adv prob = 0.166667   acc = 0.974
  gold_label_random = 2, sentence2_has_negation = 0  [n = 283]:	loss = 0.069  exp loss = 0.053  adjusted loss = 0.053  adv prob = 0.166667   acc = 0.975
  gold_label_random = 2, sentence2_has_negation = 1  [n = 251]:	loss = 0.224  exp loss = 0.249  adjusted loss = 0.249  adv prob = 0.166667   acc = 0.924
Average incurred loss: 0.101  
Average sample loss: 0.101  
Average acc: 0.968  
  gold_label_random = 0, sentence2_has_negation = 0  [n = 250]:	loss = 0.127  exp loss = 0.136  adjusted loss = 0.136  adv prob = 0.166667   acc = 0.952
  gold_label_random = 0, sentence2_has_negation = 1  [n = 257]:	loss = 0.036  exp loss = 0.022  adjusted loss = 0.022  adv prob = 0.166667   acc = 0.988
  gold_label_random = 1, sentence2_has_negation = 0  [n = 257]:	loss = 0.051  exp loss = 0.042  adjusted loss = 0.042  adv prob = 0.166667   acc = 0.988
  gold_label_random = 1, sentence2_has_negation = 1  [n = 259]:	loss = 0.119  exp loss = 0.156  adjusted loss = 0.156  adv prob = 0.166667   acc = 0.961
  gold_label_random = 2, sentence2_has_negation = 0  [n = 270]:	loss = 0.135  exp loss = 0.067  adjusted loss = 0.067  adv prob = 0.166667   acc = 0.956
  gold_label_random = 2, sentence2_has_negation = 1  [n = 307]:	loss = 0.133  exp loss = 0.100  adjusted loss = 0.100  adv prob = 0.166667   acc = 0.961
Average incurred loss: 0.136  
Average sample loss: 0.136  
Average acc: 0.960  
  gold_label_random = 0, sentence2_has_negation = 0  [n = 279]:	loss = 0.189  exp loss = 0.184  adjusted loss = 0.184  adv prob = 0.166667   acc = 0.943
  gold_label_random = 0, sentence2_has_negation = 1  [n = 266]:	loss = 0.035  exp loss = 0.028  adjusted loss = 0.028  adv prob = 0.166667   acc = 0.989
  gold_label_random = 1, sentence2_has_negation = 0  [n = 285]:	loss = 0.119  exp loss = 0.120  adjusted loss = 0.120  adv prob = 0.166667   acc = 0.965
  gold_label_random = 1, sentence2_has_negation = 1  [n = 254]:	loss = 0.163  exp loss = 0.131  adjusted loss = 0.131  adv prob = 0.166667   acc = 0.949
  gold_label_random = 2, sentence2_has_negation = 0  [n = 259]:	loss = 0.119  exp loss = 0.076  adjusted loss = 0.076  adv prob = 0.166667   acc = 0.977
  gold_label_random = 2, sentence2_has_negation = 1  [n = 257]:	loss = 0.194  exp loss = 0.157  adjusted loss = 0.157  adv prob = 0.166667   acc = 0.938
Average incurred loss: 0.103  
Average sample loss: 0.103  
Average acc: 0.965  
  gold_label_random = 0, sentence2_has_negation = 0  [n = 279]:	loss = 0.105  exp loss = 0.149  adjusted loss = 0.149  adv prob = 0.166667   acc = 0.953
  gold_label_random = 0, sentence2_has_negation = 1  [n = 260]:	loss = 0.049  exp loss = 0.056  adjusted loss = 0.056  adv prob = 0.166667   acc = 0.988
  gold_label_random = 1, sentence2_has_negation = 0  [n = 274]:	loss = 0.063  exp loss = 0.044  adjusted loss = 0.044  adv prob = 0.166667   acc = 0.985
  gold_label_random = 1, sentence2_has_negation = 1  [n = 259]:	loss = 0.138  exp loss = 0.115  adjusted loss = 0.115  adv prob = 0.166667   acc = 0.969
  gold_label_random = 2, sentence2_has_negation = 0  [n = 269]:	loss = 0.097  exp loss = 0.122  adjusted loss = 0.122  adv prob = 0.166667   acc = 0.967
  gold_label_random = 2, sentence2_has_negation = 1  [n = 259]:	loss = 0.171  exp loss = 0.157  adjusted loss = 0.157  adv prob = 0.166667   acc = 0.927
Average incurred loss: 0.102  
Average sample loss: 0.102  
Average acc: 0.965  
  gold_label_random = 0, sentence2_has_negation = 0  [n = 255]:	loss = 0.110  exp loss = 0.096  adjusted loss = 0.096  adv prob = 0.166667   acc = 0.953
  gold_label_random = 0, sentence2_has_negation = 1  [n = 303]:	loss = 0.029  exp loss = 0.024  adjusted loss = 0.024  adv prob = 0.166667   acc = 0.993
  gold_label_random = 1, sentence2_has_negation = 0  [n = 245]:	loss = 0.045  exp loss = 0.061  adjusted loss = 0.061  adv prob = 0.166667   acc = 0.984
  gold_label_random = 1, sentence2_has_negation = 1  [n = 260]:	loss = 0.132  exp loss = 0.217  adjusted loss = 0.217  adv prob = 0.166667   acc = 0.954
  gold_label_random = 2, sentence2_has_negation = 0  [n = 257]:	loss = 0.131  exp loss = 0.171  adjusted loss = 0.171  adv prob = 0.166667   acc = 0.957
  gold_label_random = 2, sentence2_has_negation = 1  [n = 280]:	loss = 0.171  exp loss = 0.193  adjusted loss = 0.193  adv prob = 0.166667   acc = 0.946
Average incurred loss: 0.116  
Average sample loss: 0.116  
Average acc: 0.961  
  gold_label_random = 0, sentence2_has_negation = 0  [n = 271]:	loss = 0.106  exp loss = 0.096  adjusted loss = 0.096  adv prob = 0.166667   acc = 0.963
  gold_label_random = 0, sentence2_has_negation = 1  [n = 262]:	loss = 0.048  exp loss = 0.038  adjusted loss = 0.038  adv prob = 0.166667   acc = 0.989
  gold_label_random = 1, sentence2_has_negation = 0  [n = 256]:	loss = 0.070  exp loss = 0.105  adjusted loss = 0.105  adv prob = 0.166667   acc = 0.977
  gold_label_random = 1, sentence2_has_negation = 1  [n = 270]:	loss = 0.135  exp loss = 0.237  adjusted loss = 0.237  adv prob = 0.166667   acc = 0.963
  gold_label_random = 2, sentence2_has_negation = 0  [n = 255]:	loss = 0.126  exp loss = 0.137  adjusted loss = 0.137  adv prob = 0.166667   acc = 0.945
  gold_label_random = 2, sentence2_has_negation = 1  [n = 286]:	loss = 0.203  exp loss = 0.228  adjusted loss = 0.228  adv prob = 0.166667   acc = 0.934
Average incurred loss: 0.129  
Average sample loss: 0.129  
Average acc: 0.956  
  gold_label_random = 0, sentence2_has_negation = 0  [n = 284]:	loss = 0.140  exp loss = 0.205  adjusted loss = 0.205  adv prob = 0.166667   acc = 0.940
  gold_label_random = 0, sentence2_has_negation = 1  [n = 277]:	loss = 0.016  exp loss = 0.015  adjusted loss = 0.015  adv prob = 0.166667   acc = 0.996
  gold_label_random = 1, sentence2_has_negation = 0  [n = 274]:	loss = 0.043  exp loss = 0.077  adjusted loss = 0.077  adv prob = 0.166667   acc = 0.993
  gold_label_random = 1, sentence2_has_negation = 1  [n = 250]:	loss = 0.163  exp loss = 0.098  adjusted loss = 0.098  adv prob = 0.166667   acc = 0.948
  gold_label_random = 2, sentence2_has_negation = 0  [n = 269]:	loss = 0.207  exp loss = 0.228  adjusted loss = 0.228  adv prob = 0.166667   acc = 0.929
  gold_label_random = 2, sentence2_has_negation = 1  [n = 246]:	loss = 0.218  exp loss = 0.230  adjusted loss = 0.230  adv prob = 0.166667   acc = 0.927
Average incurred loss: 0.126  
Average sample loss: 0.126  
Average acc: 0.963  
  gold_label_random = 0, sentence2_has_negation = 0  [n = 242]:	loss = 0.067  exp loss = 0.088  adjusted loss = 0.088  adv prob = 0.166667   acc = 0.975
  gold_label_random = 0, sentence2_has_negation = 1  [n = 271]:	loss = 0.042  exp loss = 0.027  adjusted loss = 0.027  adv prob = 0.166667   acc = 0.982
  gold_label_random = 1, sentence2_has_negation = 0  [n = 293]:	loss = 0.067  exp loss = 0.045  adjusted loss = 0.045  adv prob = 0.166667   acc = 0.986
  gold_label_random = 1, sentence2_has_negation = 1  [n = 264]:	loss = 0.171  exp loss = 0.209  adjusted loss = 0.209  adv prob = 0.166667   acc = 0.958
  gold_label_random = 2, sentence2_has_negation = 0  [n = 263]:	loss = 0.210  exp loss = 0.232  adjusted loss = 0.232  adv prob = 0.166667   acc = 0.939
  gold_label_random = 2, sentence2_has_negation = 1  [n = 267]:	loss = 0.201  exp loss = 0.180  adjusted loss = 0.180  adv prob = 0.166667   acc = 0.936
Average incurred loss: 0.109  
Average sample loss: 0.109  
Average acc: 0.965  
  gold_label_random = 0, sentence2_has_negation = 0  [n = 258]:	loss = 0.142  exp loss = 0.311  adjusted loss = 0.311  adv prob = 0.166667   acc = 0.950
  gold_label_random = 0, sentence2_has_negation = 1  [n = 278]:	loss = 0.035  exp loss = 0.022  adjusted loss = 0.022  adv prob = 0.166667   acc = 0.986
  gold_label_random = 1, sentence2_has_negation = 0  [n = 265]:	loss = 0.041  exp loss = 0.036  adjusted loss = 0.036  adv prob = 0.166667   acc = 0.989
  gold_label_random = 1, sentence2_has_negation = 1  [n = 272]:	loss = 0.126  exp loss = 0.091  adjusted loss = 0.091  adv prob = 0.166667   acc = 0.971
  gold_label_random = 2, sentence2_has_negation = 0  [n = 268]:	loss = 0.113  exp loss = 0.082  adjusted loss = 0.082  adv prob = 0.166667   acc = 0.963
  gold_label_random = 2, sentence2_has_negation = 1  [n = 259]:	loss = 0.200  exp loss = 0.163  adjusted loss = 0.163  adv prob = 0.166667   acc = 0.931
Average incurred loss: 0.101  
Average sample loss: 0.101  
Average acc: 0.968  
  gold_label_random = 0, sentence2_has_negation = 0  [n = 282]:	loss = 0.132  exp loss = 0.154  adjusted loss = 0.154  adv prob = 0.166667   acc = 0.957
  gold_label_random = 0, sentence2_has_negation = 1  [n = 281]:	loss = 0.024  exp loss = 0.023  adjusted loss = 0.023  adv prob = 0.166667   acc = 1.000
  gold_label_random = 1, sentence2_has_negation = 0  [n = 254]:	loss = 0.084  exp loss = 0.039  adjusted loss = 0.039  adv prob = 0.166667   acc = 0.980
  gold_label_random = 1, sentence2_has_negation = 1  [n = 239]:	loss = 0.111  exp loss = 0.069  adjusted loss = 0.069  adv prob = 0.166667   acc = 0.967
  gold_label_random = 2, sentence2_has_negation = 0  [n = 287]:	loss = 0.093  exp loss = 0.116  adjusted loss = 0.116  adv prob = 0.166667   acc = 0.962
  gold_label_random = 2, sentence2_has_negation = 1  [n = 257]:	loss = 0.169  exp loss = 0.217  adjusted loss = 0.217  adv prob = 0.166667   acc = 0.938
Average incurred loss: 0.105  
Average sample loss: 0.105  
Average acc: 0.967  
  gold_label_random = 0, sentence2_has_negation = 0  [n = 274]:	loss = 0.133  exp loss = 0.085  adjusted loss = 0.085  adv prob = 0.166667   acc = 0.945
  gold_label_random = 0, sentence2_has_negation = 1  [n = 259]:	loss = 0.024  exp loss = 0.017  adjusted loss = 0.017  adv prob = 0.166667   acc = 0.996
  gold_label_random = 1, sentence2_has_negation = 0  [n = 270]:	loss = 0.096  exp loss = 0.174  adjusted loss = 0.174  adv prob = 0.166667   acc = 0.970
  gold_label_random = 1, sentence2_has_negation = 1  [n = 288]:	loss = 0.115  exp loss = 0.181  adjusted loss = 0.181  adv prob = 0.166667   acc = 0.976
  gold_label_random = 2, sentence2_has_negation = 0  [n = 255]:	loss = 0.103  exp loss = 0.108  adjusted loss = 0.108  adv prob = 0.166667   acc = 0.957
  gold_label_random = 2, sentence2_has_negation = 1  [n = 254]:	loss = 0.155  exp loss = 0.134  adjusted loss = 0.134  adv prob = 0.166667   acc = 0.957
Average incurred loss: 0.117  
Average sample loss: 0.117  
Average acc: 0.959  
  gold_label_random = 0, sentence2_has_negation = 0  [n = 283]:	loss = 0.199  exp loss = 0.111  adjusted loss = 0.111  adv prob = 0.166667   acc = 0.929
  gold_label_random = 0, sentence2_has_negation = 1  [n = 274]:	loss = 0.018  exp loss = 0.041  adjusted loss = 0.041  adv prob = 0.166667   acc = 0.996
  gold_label_random = 1, sentence2_has_negation = 0  [n = 262]:	loss = 0.051  exp loss = 0.068  adjusted loss = 0.068  adv prob = 0.166667   acc = 0.977
  gold_label_random = 1, sentence2_has_negation = 1  [n = 268]:	loss = 0.083  exp loss = 0.085  adjusted loss = 0.085  adv prob = 0.166667   acc = 0.966
  gold_label_random = 2, sentence2_has_negation = 0  [n = 247]:	loss = 0.123  exp loss = 0.056  adjusted loss = 0.056  adv prob = 0.166667   acc = 0.960
  gold_label_random = 2, sentence2_has_negation = 1  [n = 266]:	loss = 0.224  exp loss = 0.181  adjusted loss = 0.181  adv prob = 0.166667   acc = 0.929
Average incurred loss: 0.099  
Average sample loss: 0.099  
Average acc: 0.968  
  gold_label_random = 0, sentence2_has_negation = 0  [n = 276]:	loss = 0.131  exp loss = 0.191  adjusted loss = 0.191  adv prob = 0.166667   acc = 0.946
  gold_label_random = 0, sentence2_has_negation = 1  [n = 262]:	loss = 0.038  exp loss = 0.026  adjusted loss = 0.026  adv prob = 0.166667   acc = 0.992
  gold_label_random = 1, sentence2_has_negation = 0  [n = 250]:	loss = 0.026  exp loss = 0.039  adjusted loss = 0.039  adv prob = 0.166667   acc = 0.996
  gold_label_random = 1, sentence2_has_negation = 1  [n = 284]:	loss = 0.116  exp loss = 0.061  adjusted loss = 0.061  adv prob = 0.166667   acc = 0.972
  gold_label_random = 2, sentence2_has_negation = 0  [n = 258]:	loss = 0.100  exp loss = 0.161  adjusted loss = 0.161  adv prob = 0.166667   acc = 0.969
  gold_label_random = 2, sentence2_has_negation = 1  [n = 270]:	loss = 0.172  exp loss = 0.184  adjusted loss = 0.184  adv prob = 0.166667   acc = 0.937
Average incurred loss: 0.140  
Average sample loss: 0.140  
Average acc: 0.957  
  gold_label_random = 0, sentence2_has_negation = 0  [n = 280]:	loss = 0.227  exp loss = 0.198  adjusted loss = 0.198  adv prob = 0.166667   acc = 0.939
  gold_label_random = 0, sentence2_has_negation = 1  [n = 251]:	loss = 0.054  exp loss = 0.022  adjusted loss = 0.022  adv prob = 0.166667   acc = 0.988
  gold_label_random = 1, sentence2_has_negation = 0  [n = 242]:	loss = 0.072  exp loss = 0.099  adjusted loss = 0.099  adv prob = 0.166667   acc = 0.975
  gold_label_random = 1, sentence2_has_negation = 1  [n = 267]:	loss = 0.135  exp loss = 0.086  adjusted loss = 0.086  adv prob = 0.166667   acc = 0.966
  gold_label_random = 2, sentence2_has_negation = 0  [n = 290]:	loss = 0.116  exp loss = 0.117  adjusted loss = 0.117  adv prob = 0.166667   acc = 0.955
  gold_label_random = 2, sentence2_has_negation = 1  [n = 270]:	loss = 0.222  exp loss = 0.210  adjusted loss = 0.210  adv prob = 0.166667   acc = 0.926
Average incurred loss: 0.114  
Average sample loss: 0.114  
Average acc: 0.964  
  gold_label_random = 0, sentence2_has_negation = 0  [n = 285]:	loss = 0.117  exp loss = 0.118  adjusted loss = 0.118  adv prob = 0.166667   acc = 0.961
  gold_label_random = 0, sentence2_has_negation = 1  [n = 292]:	loss = 0.031  exp loss = 0.024  adjusted loss = 0.024  adv prob = 0.166667   acc = 0.993
  gold_label_random = 1, sentence2_has_negation = 0  [n = 272]:	loss = 0.056  exp loss = 0.081  adjusted loss = 0.081  adv prob = 0.166667   acc = 0.985
  gold_label_random = 1, sentence2_has_negation = 1  [n = 249]:	loss = 0.135  exp loss = 0.145  adjusted loss = 0.145  adv prob = 0.166667   acc = 0.964
  gold_label_random = 2, sentence2_has_negation = 0  [n = 266]:	loss = 0.167  exp loss = 0.132  adjusted loss = 0.132  adv prob = 0.166667   acc = 0.947
  gold_label_random = 2, sentence2_has_negation = 1  [n = 236]:	loss = 0.200  exp loss = 0.231  adjusted loss = 0.231  adv prob = 0.166667   acc = 0.924
Average incurred loss: 0.107  
Average sample loss: 0.107  
Average acc: 0.962  
  gold_label_random = 0, sentence2_has_negation = 0  [n = 264]:	loss = 0.085  exp loss = 0.068  adjusted loss = 0.068  adv prob = 0.166667   acc = 0.973
  gold_label_random = 0, sentence2_has_negation = 1  [n = 281]:	loss = 0.033  exp loss = 0.035  adjusted loss = 0.035  adv prob = 0.166667   acc = 0.989
  gold_label_random = 1, sentence2_has_negation = 0  [n = 263]:	loss = 0.106  exp loss = 0.058  adjusted loss = 0.058  adv prob = 0.166667   acc = 0.973
  gold_label_random = 1, sentence2_has_negation = 1  [n = 268]:	loss = 0.148  exp loss = 0.177  adjusted loss = 0.177  adv prob = 0.166667   acc = 0.948
  gold_label_random = 2, sentence2_has_negation = 0  [n = 273]:	loss = 0.126  exp loss = 0.081  adjusted loss = 0.081  adv prob = 0.166667   acc = 0.960
  gold_label_random = 2, sentence2_has_negation = 1  [n = 251]:	loss = 0.149  exp loss = 0.101  adjusted loss = 0.101  adv prob = 0.166667   acc = 0.928
Average incurred loss: 0.110  
Average sample loss: 0.110  
Average acc: 0.963  
  gold_label_random = 0, sentence2_has_negation = 0  [n = 252]:	loss = 0.116  exp loss = 0.129  adjusted loss = 0.129  adv prob = 0.166667   acc = 0.948
  gold_label_random = 0, sentence2_has_negation = 1  [n = 294]:	loss = 0.052  exp loss = 0.068  adjusted loss = 0.068  adv prob = 0.166667   acc = 0.990
  gold_label_random = 1, sentence2_has_negation = 0  [n = 275]:	loss = 0.050  exp loss = 0.055  adjusted loss = 0.055  adv prob = 0.166667   acc = 0.985
  gold_label_random = 1, sentence2_has_negation = 1  [n = 250]:	loss = 0.205  exp loss = 0.099  adjusted loss = 0.099  adv prob = 0.166667   acc = 0.944
  gold_label_random = 2, sentence2_has_negation = 0  [n = 254]:	loss = 0.118  exp loss = 0.098  adjusted loss = 0.098  adv prob = 0.166667   acc = 0.957
  gold_label_random = 2, sentence2_has_negation = 1  [n = 275]:	loss = 0.132  exp loss = 0.152  adjusted loss = 0.152  adv prob = 0.166667   acc = 0.949
Average incurred loss: 0.127  
Average sample loss: 0.127  
Average acc: 0.958  
  gold_label_random = 0, sentence2_has_negation = 0  [n = 240]:	loss = 0.139  exp loss = 0.084  adjusted loss = 0.084  adv prob = 0.166667   acc = 0.950
  gold_label_random = 0, sentence2_has_negation = 1  [n = 282]:	loss = 0.032  exp loss = 0.056  adjusted loss = 0.056  adv prob = 0.166667   acc = 0.989
  gold_label_random = 1, sentence2_has_negation = 0  [n = 274]:	loss = 0.093  exp loss = 0.112  adjusted loss = 0.112  adv prob = 0.166667   acc = 0.974
  gold_label_random = 1, sentence2_has_negation = 1  [n = 259]:	loss = 0.160  exp loss = 0.306  adjusted loss = 0.306  adv prob = 0.166667   acc = 0.961
  gold_label_random = 2, sentence2_has_negation = 0  [n = 279]:	loss = 0.168  exp loss = 0.201  adjusted loss = 0.201  adv prob = 0.166667   acc = 0.935
  gold_label_random = 2, sentence2_has_negation = 1  [n = 266]:	loss = 0.179  exp loss = 0.100  adjusted loss = 0.100  adv prob = 0.166667   acc = 0.936
Average incurred loss: 0.104  
Average sample loss: 0.104  
Average acc: 0.967  
  gold_label_random = 0, sentence2_has_negation = 0  [n = 263]:	loss = 0.107  exp loss = 0.089  adjusted loss = 0.089  adv prob = 0.166667   acc = 0.947
  gold_label_random = 0, sentence2_has_negation = 1  [n = 257]:	loss = 0.041  exp loss = 0.032  adjusted loss = 0.032  adv prob = 0.166667   acc = 0.988
  gold_label_random = 1, sentence2_has_negation = 0  [n = 296]:	loss = 0.060  exp loss = 0.077  adjusted loss = 0.077  adv prob = 0.166667   acc = 0.976
  gold_label_random = 1, sentence2_has_negation = 1  [n = 271]:	loss = 0.127  exp loss = 0.101  adjusted loss = 0.101  adv prob = 0.166667   acc = 0.970
  gold_label_random = 2, sentence2_has_negation = 0  [n = 258]:	loss = 0.141  exp loss = 0.105  adjusted loss = 0.105  adv prob = 0.166667   acc = 0.961
  gold_label_random = 2, sentence2_has_negation = 1  [n = 255]:	loss = 0.155  exp loss = 0.146  adjusted loss = 0.146  adv prob = 0.166667   acc = 0.957
Average incurred loss: 0.109  
Average sample loss: 0.109  
Average acc: 0.962  
  gold_label_random = 0, sentence2_has_negation = 0  [n = 251]:	loss = 0.145  exp loss = 0.187  adjusted loss = 0.187  adv prob = 0.166667   acc = 0.944
  gold_label_random = 0, sentence2_has_negation = 1  [n = 242]:	loss = 0.021  exp loss = 0.015  adjusted loss = 0.015  adv prob = 0.166667   acc = 0.996
  gold_label_random = 1, sentence2_has_negation = 0  [n = 275]:	loss = 0.064  exp loss = 0.094  adjusted loss = 0.094  adv prob = 0.166667   acc = 0.982
  gold_label_random = 1, sentence2_has_negation = 1  [n = 266]:	loss = 0.096  exp loss = 0.065  adjusted loss = 0.065  adv prob = 0.166667   acc = 0.977
  gold_label_random = 2, sentence2_has_negation = 0  [n = 295]:	loss = 0.118  exp loss = 0.160  adjusted loss = 0.160  adv prob = 0.166667   acc = 0.953
  gold_label_random = 2, sentence2_has_negation = 1  [n = 271]:	loss = 0.203  exp loss = 0.378  adjusted loss = 0.378  adv prob = 0.166667   acc = 0.926
Average incurred loss: 0.123  
Average sample loss: 0.123  
Average acc: 0.960  
  gold_label_random = 0, sentence2_has_negation = 0  [n = 241]:	loss = 0.149  exp loss = 0.085  adjusted loss = 0.085  adv prob = 0.166667   acc = 0.942
  gold_label_random = 0, sentence2_has_negation = 1  [n = 264]:	loss = 0.034  exp loss = 0.039  adjusted loss = 0.039  adv prob = 0.166667   acc = 0.992
  gold_label_random = 1, sentence2_has_negation = 0  [n = 294]:	loss = 0.055  exp loss = 0.025  adjusted loss = 0.025  adv prob = 0.166667   acc = 0.993
  gold_label_random = 1, sentence2_has_negation = 1  [n = 272]:	loss = 0.105  exp loss = 0.128  adjusted loss = 0.128  adv prob = 0.166667   acc = 0.967
  gold_label_random = 2, sentence2_has_negation = 0  [n = 270]:	loss = 0.162  exp loss = 0.142  adjusted loss = 0.142  adv prob = 0.166667   acc = 0.937
  gold_label_random = 2, sentence2_has_negation = 1  [n = 259]:	loss = 0.247  exp loss = 0.241  adjusted loss = 0.241  adv prob = 0.166667   acc = 0.923
Average incurred loss: 0.110  
Average sample loss: 0.110  
Average acc: 0.962  
  gold_label_random = 0, sentence2_has_negation = 0  [n = 264]:	loss = 0.160  exp loss = 0.147  adjusted loss = 0.147  adv prob = 0.166667   acc = 0.951
  gold_label_random = 0, sentence2_has_negation = 1  [n = 290]:	loss = 0.060  exp loss = 0.023  adjusted loss = 0.023  adv prob = 0.166667   acc = 0.983
  gold_label_random = 1, sentence2_has_negation = 0  [n = 281]:	loss = 0.076  exp loss = 0.070  adjusted loss = 0.070  adv prob = 0.166667   acc = 0.979
  gold_label_random = 1, sentence2_has_negation = 1  [n = 253]:	loss = 0.104  exp loss = 0.167  adjusted loss = 0.167  adv prob = 0.166667   acc = 0.968
  gold_label_random = 2, sentence2_has_negation = 0  [n = 257]:	loss = 0.104  exp loss = 0.126  adjusted loss = 0.126  adv prob = 0.166667   acc = 0.961
  gold_label_random = 2, sentence2_has_negation = 1  [n = 255]:	loss = 0.165  exp loss = 0.119  adjusted loss = 0.119  adv prob = 0.166667   acc = 0.929
Average incurred loss: 0.089  
Average sample loss: 0.089  
Average acc: 0.971  
  gold_label_random = 0, sentence2_has_negation = 0  [n = 257]:	loss = 0.119  exp loss = 0.105  adjusted loss = 0.105  adv prob = 0.166667   acc = 0.957
  gold_label_random = 0, sentence2_has_negation = 1  [n = 278]:	loss = 0.044  exp loss = 0.015  adjusted loss = 0.015  adv prob = 0.166667   acc = 0.993
  gold_label_random = 1, sentence2_has_negation = 0  [n = 286]:	loss = 0.032  exp loss = 0.024  adjusted loss = 0.024  adv prob = 0.166667   acc = 0.997
  gold_label_random = 1, sentence2_has_negation = 1  [n = 278]:	loss = 0.075  exp loss = 0.049  adjusted loss = 0.049  adv prob = 0.166667   acc = 0.982
  gold_label_random = 2, sentence2_has_negation = 0  [n = 233]:	loss = 0.094  exp loss = 0.127  adjusted loss = 0.127  adv prob = 0.166667   acc = 0.966
  gold_label_random = 2, sentence2_has_negation = 1  [n = 268]:	loss = 0.180  exp loss = 0.146  adjusted loss = 0.146  adv prob = 0.166667   acc = 0.929
Average incurred loss: 0.128  
Average sample loss: 0.128  
Average acc: 0.963  
  gold_label_random = 0, sentence2_has_negation = 0  [n = 270]:	loss = 0.195  exp loss = 0.328  adjusted loss = 0.328  adv prob = 0.166667   acc = 0.937
  gold_label_random = 0, sentence2_has_negation = 1  [n = 282]:	loss = 0.043  exp loss = 0.075  adjusted loss = 0.075  adv prob = 0.166667   acc = 0.986
  gold_label_random = 1, sentence2_has_negation = 0  [n = 267]:	loss = 0.078  exp loss = 0.069  adjusted loss = 0.069  adv prob = 0.166667   acc = 0.989
  gold_label_random = 1, sentence2_has_negation = 1  [n = 231]:	loss = 0.093  exp loss = 0.091  adjusted loss = 0.091  adv prob = 0.166667   acc = 0.978
  gold_label_random = 2, sentence2_has_negation = 0  [n = 264]:	loss = 0.109  exp loss = 0.160  adjusted loss = 0.160  adv prob = 0.166667   acc = 0.970
  gold_label_random = 2, sentence2_has_negation = 1  [n = 286]:	loss = 0.243  exp loss = 0.164  adjusted loss = 0.164  adv prob = 0.166667   acc = 0.923
Average incurred loss: 0.116  
Average sample loss: 0.116  
Average acc: 0.959  
  gold_label_random = 0, sentence2_has_negation = 0  [n = 266]:	loss = 0.183  exp loss = 0.185  adjusted loss = 0.185  adv prob = 0.166667   acc = 0.929
  gold_label_random = 0, sentence2_has_negation = 1  [n = 262]:	loss = 0.076  exp loss = 0.048  adjusted loss = 0.048  adv prob = 0.166667   acc = 0.966
  gold_label_random = 1, sentence2_has_negation = 0  [n = 242]:	loss = 0.046  exp loss = 0.016  adjusted loss = 0.016  adv prob = 0.166667   acc = 0.983
  gold_label_random = 1, sentence2_has_negation = 1  [n = 279]:	loss = 0.101  exp loss = 0.114  adjusted loss = 0.114  adv prob = 0.166667   acc = 0.964
  gold_label_random = 2, sentence2_has_negation = 0  [n = 271]:	loss = 0.118  exp loss = 0.096  adjusted loss = 0.096  adv prob = 0.166667   acc = 0.952
  gold_label_random = 2, sentence2_has_negation = 1  [n = 280]:	loss = 0.164  exp loss = 0.131  adjusted loss = 0.131  adv prob = 0.166667   acc = 0.961
Average incurred loss: 0.116  
Average sample loss: 0.116  
Average acc: 0.960  
  gold_label_random = 0, sentence2_has_negation = 0  [n = 272]:	loss = 0.075  exp loss = 0.065  adjusted loss = 0.065  adv prob = 0.166667   acc = 0.974
  gold_label_random = 0, sentence2_has_negation = 1  [n = 242]:	loss = 0.061  exp loss = 0.044  adjusted loss = 0.044  adv prob = 0.166667   acc = 0.992
  gold_label_random = 1, sentence2_has_negation = 0  [n = 278]:	loss = 0.095  exp loss = 0.208  adjusted loss = 0.208  adv prob = 0.166667   acc = 0.968
  gold_label_random = 1, sentence2_has_negation = 1  [n = 246]:	loss = 0.142  exp loss = 0.148  adjusted loss = 0.148  adv prob = 0.166667   acc = 0.951
  gold_label_random = 2, sentence2_has_negation = 0  [n = 265]:	loss = 0.158  exp loss = 0.179  adjusted loss = 0.179  adv prob = 0.166667   acc = 0.928
  gold_label_random = 2, sentence2_has_negation = 1  [n = 297]:	loss = 0.157  exp loss = 0.130  adjusted loss = 0.130  adv prob = 0.166667   acc = 0.949
Average incurred loss: 0.121  
Average sample loss: 0.121  
Average acc: 0.961  
  gold_label_random = 0, sentence2_has_negation = 0  [n = 251]:	loss = 0.105  exp loss = 0.126  adjusted loss = 0.126  adv prob = 0.166667   acc = 0.968
  gold_label_random = 0, sentence2_has_negation = 1  [n = 250]:	loss = 0.051  exp loss = 0.046  adjusted loss = 0.046  adv prob = 0.166667   acc = 0.976
  gold_label_random = 1, sentence2_has_negation = 0  [n = 269]:	loss = 0.077  exp loss = 0.075  adjusted loss = 0.075  adv prob = 0.166667   acc = 0.978
  gold_label_random = 1, sentence2_has_negation = 1  [n = 278]:	loss = 0.150  exp loss = 0.125  adjusted loss = 0.125  adv prob = 0.166667   acc = 0.953
  gold_label_random = 2, sentence2_has_negation = 0  [n = 258]:	loss = 0.106  exp loss = 0.055  adjusted loss = 0.055  adv prob = 0.166667   acc = 0.961
  gold_label_random = 2, sentence2_has_negation = 1  [n = 294]:	loss = 0.221  exp loss = 0.181  adjusted loss = 0.181  adv prob = 0.166667   acc = 0.932
Average incurred loss: 0.136  
Average sample loss: 0.136  
Average acc: 0.956  
  gold_label_random = 0, sentence2_has_negation = 0  [n = 301]:	loss = 0.177  exp loss = 0.184  adjusted loss = 0.184  adv prob = 0.166667   acc = 0.930
  gold_label_random = 0, sentence2_has_negation = 1  [n = 261]:	loss = 0.030  exp loss = 0.042  adjusted loss = 0.042  adv prob = 0.166667   acc = 0.992
  gold_label_random = 1, sentence2_has_negation = 0  [n = 280]:	loss = 0.098  exp loss = 0.085  adjusted loss = 0.085  adv prob = 0.166667   acc = 0.975
  gold_label_random = 1, sentence2_has_negation = 1  [n = 248]:	loss = 0.122  exp loss = 0.122  adjusted loss = 0.122  adv prob = 0.166667   acc = 0.952
  gold_label_random = 2, sentence2_has_negation = 0  [n = 243]:	loss = 0.119  exp loss = 0.175  adjusted loss = 0.175  adv prob = 0.166667   acc = 0.963
  gold_label_random = 2, sentence2_has_negation = 1  [n = 267]:	loss = 0.262  exp loss = 0.361  adjusted loss = 0.361  adv prob = 0.166667   acc = 0.925
Average incurred loss: 0.102  
Average sample loss: 0.102  
Average acc: 0.963  
  gold_label_random = 0, sentence2_has_negation = 0  [n = 277]:	loss = 0.133  exp loss = 0.136  adjusted loss = 0.136  adv prob = 0.166667   acc = 0.953
  gold_label_random = 0, sentence2_has_negation = 1  [n = 239]:	loss = 0.024  exp loss = 0.019  adjusted loss = 0.019  adv prob = 0.166667   acc = 0.987
  gold_label_random = 1, sentence2_has_negation = 0  [n = 266]:	loss = 0.037  exp loss = 0.037  adjusted loss = 0.037  adv prob = 0.166667   acc = 0.985
  gold_label_random = 1, sentence2_has_negation = 1  [n = 285]:	loss = 0.119  exp loss = 0.109  adjusted loss = 0.109  adv prob = 0.166667   acc = 0.965
  gold_label_random = 2, sentence2_has_negation = 0  [n = 271]:	loss = 0.130  exp loss = 0.076  adjusted loss = 0.076  adv prob = 0.166667   acc = 0.952
  gold_label_random = 2, sentence2_has_negation = 1  [n = 262]:	loss = 0.158  exp loss = 0.127  adjusted loss = 0.127  adv prob = 0.166667   acc = 0.939
Average incurred loss: 0.104  
Average sample loss: 0.104  
Average acc: 0.969  
  gold_label_random = 0, sentence2_has_negation = 0  [n = 278]:	loss = 0.141  exp loss = 0.109  adjusted loss = 0.109  adv prob = 0.166667   acc = 0.942
  gold_label_random = 0, sentence2_has_negation = 1  [n = 284]:	loss = 0.031  exp loss = 0.023  adjusted loss = 0.023  adv prob = 0.166667   acc = 0.993
  gold_label_random = 1, sentence2_has_negation = 0  [n = 268]:	loss = 0.050  exp loss = 0.059  adjusted loss = 0.059  adv prob = 0.166667   acc = 0.985
  gold_label_random = 1, sentence2_has_negation = 1  [n = 243]:	loss = 0.096  exp loss = 0.059  adjusted loss = 0.059  adv prob = 0.166667   acc = 0.979
  gold_label_random = 2, sentence2_has_negation = 0  [n = 247]:	loss = 0.082  exp loss = 0.051  adjusted loss = 0.051  adv prob = 0.166667   acc = 0.984
  gold_label_random = 2, sentence2_has_negation = 1  [n = 280]:	loss = 0.222  exp loss = 0.316  adjusted loss = 0.316  adv prob = 0.166667   acc = 0.932
Average incurred loss: 0.095  
Average sample loss: 0.095  
Average acc: 0.970  
  gold_label_random = 0, sentence2_has_negation = 0  [n = 297]:	loss = 0.089  exp loss = 0.087  adjusted loss = 0.087  adv prob = 0.166667   acc = 0.970
  gold_label_random = 0, sentence2_has_negation = 1  [n = 221]:	loss = 0.034  exp loss = 0.025  adjusted loss = 0.025  adv prob = 0.166667   acc = 0.991
  gold_label_random = 1, sentence2_has_negation = 0  [n = 259]:	loss = 0.027  exp loss = 0.023  adjusted loss = 0.023  adv prob = 0.166667   acc = 0.996
  gold_label_random = 1, sentence2_has_negation = 1  [n = 261]:	loss = 0.085  exp loss = 0.063  adjusted loss = 0.063  adv prob = 0.166667   acc = 0.973
  gold_label_random = 2, sentence2_has_negation = 0  [n = 290]:	loss = 0.081  exp loss = 0.031  adjusted loss = 0.031  adv prob = 0.166667   acc = 0.983
  gold_label_random = 2, sentence2_has_negation = 1  [n = 272]:	loss = 0.237  exp loss = 0.192  adjusted loss = 0.192  adv prob = 0.166667   acc = 0.912
Average incurred loss: 0.098  
Average sample loss: 0.098  
Average acc: 0.969  
  gold_label_random = 0, sentence2_has_negation = 0  [n = 273]:	loss = 0.098  exp loss = 0.071  adjusted loss = 0.071  adv prob = 0.166667   acc = 0.967
  gold_label_random = 0, sentence2_has_negation = 1  [n = 279]:	loss = 0.034  exp loss = 0.030  adjusted loss = 0.030  adv prob = 0.166667   acc = 0.993
  gold_label_random = 1, sentence2_has_negation = 0  [n = 274]:	loss = 0.071  exp loss = 0.173  adjusted loss = 0.173  adv prob = 0.166667   acc = 0.982
  gold_label_random = 1, sentence2_has_negation = 1  [n = 257]:	loss = 0.078  exp loss = 0.051  adjusted loss = 0.051  adv prob = 0.166667   acc = 0.981
  gold_label_random = 2, sentence2_has_negation = 0  [n = 270]:	loss = 0.143  exp loss = 0.138  adjusted loss = 0.138  adv prob = 0.166667   acc = 0.948
  gold_label_random = 2, sentence2_has_negation = 1  [n = 247]:	loss = 0.175  exp loss = 0.327  adjusted loss = 0.327  adv prob = 0.166667   acc = 0.939
Average incurred loss: 0.105  
Average sample loss: 0.105  
Average acc: 0.969  
  gold_label_random = 0, sentence2_has_negation = 0  [n = 251]:	loss = 0.206  exp loss = 0.217  adjusted loss = 0.217  adv prob = 0.166667   acc = 0.936
  gold_label_random = 0, sentence2_has_negation = 1  [n = 273]:	loss = 0.045  exp loss = 0.026  adjusted loss = 0.026  adv prob = 0.166667   acc = 0.993
  gold_label_random = 1, sentence2_has_negation = 0  [n = 293]:	loss = 0.028  exp loss = 0.055  adjusted loss = 0.055  adv prob = 0.166667   acc = 0.997
  gold_label_random = 1, sentence2_has_negation = 1  [n = 279]:	loss = 0.143  exp loss = 0.144  adjusted loss = 0.144  adv prob = 0.166667   acc = 0.957
  gold_label_random = 2, sentence2_has_negation = 0  [n = 257]:	loss = 0.061  exp loss = 0.030  adjusted loss = 0.030  adv prob = 0.166667   acc = 0.973
  gold_label_random = 2, sentence2_has_negation = 1  [n = 247]:	loss = 0.163  exp loss = 0.204  adjusted loss = 0.204  adv prob = 0.166667   acc = 0.955
Average incurred loss: 0.125  
Average sample loss: 0.125  
Average acc: 0.966  
  gold_label_random = 0, sentence2_has_negation = 0  [n = 271]:	loss = 0.129  exp loss = 0.166  adjusted loss = 0.166  adv prob = 0.166667   acc = 0.963
  gold_label_random = 0, sentence2_has_negation = 1  [n = 260]:	loss = 0.026  exp loss = 0.032  adjusted loss = 0.032  adv prob = 0.166667   acc = 0.996
  gold_label_random = 1, sentence2_has_negation = 0  [n = 266]:	loss = 0.050  exp loss = 0.037  adjusted loss = 0.037  adv prob = 0.166667   acc = 0.985
  gold_label_random = 1, sentence2_has_negation = 1  [n = 277]:	loss = 0.154  exp loss = 0.113  adjusted loss = 0.113  adv prob = 0.166667   acc = 0.953
  gold_label_random = 2, sentence2_has_negation = 0  [n = 270]:	loss = 0.149  exp loss = 0.183  adjusted loss = 0.183  adv prob = 0.166667   acc = 0.956
  gold_label_random = 2, sentence2_has_negation = 1  [n = 256]:	loss = 0.246  exp loss = 0.285  adjusted loss = 0.285  adv prob = 0.166667   acc = 0.941
Average incurred loss: 0.095  
Average sample loss: 0.095  
Average acc: 0.970  
  gold_label_random = 0, sentence2_has_negation = 0  [n = 262]:	loss = 0.099  exp loss = 0.089  adjusted loss = 0.089  adv prob = 0.166667   acc = 0.969
  gold_label_random = 0, sentence2_has_negation = 1  [n = 253]:	loss = 0.039  exp loss = 0.031  adjusted loss = 0.031  adv prob = 0.166667   acc = 0.988
  gold_label_random = 1, sentence2_has_negation = 0  [n = 274]:	loss = 0.029  exp loss = 0.016  adjusted loss = 0.016  adv prob = 0.166667   acc = 0.996
  gold_label_random = 1, sentence2_has_negation = 1  [n = 282]:	loss = 0.122  exp loss = 0.123  adjusted loss = 0.123  adv prob = 0.166667   acc = 0.957
  gold_label_random = 2, sentence2_has_negation = 0  [n = 265]:	loss = 0.070  exp loss = 0.053  adjusted loss = 0.053  adv prob = 0.166667   acc = 0.977
  gold_label_random = 2, sentence2_has_negation = 1  [n = 264]:	loss = 0.209  exp loss = 0.248  adjusted loss = 0.248  adv prob = 0.166667   acc = 0.932
Average incurred loss: 0.108  
Average sample loss: 0.108  
Average acc: 0.962  
  gold_label_random = 0, sentence2_has_negation = 0  [n = 273]:	loss = 0.180  exp loss = 0.242  adjusted loss = 0.242  adv prob = 0.166667   acc = 0.949
  gold_label_random = 0, sentence2_has_negation = 1  [n = 263]:	loss = 0.076  exp loss = 0.084  adjusted loss = 0.084  adv prob = 0.166667   acc = 0.970
  gold_label_random = 1, sentence2_has_negation = 0  [n = 267]:	loss = 0.045  exp loss = 0.032  adjusted loss = 0.032  adv prob = 0.166667   acc = 0.985
  gold_label_random = 1, sentence2_has_negation = 1  [n = 253]:	loss = 0.102  exp loss = 0.105  adjusted loss = 0.105  adv prob = 0.166667   acc = 0.964
  gold_label_random = 2, sentence2_has_negation = 0  [n = 279]:	loss = 0.082  exp loss = 0.109  adjusted loss = 0.109  adv prob = 0.166667   acc = 0.968
  gold_label_random = 2, sentence2_has_negation = 1  [n = 265]:	loss = 0.162  exp loss = 0.165  adjusted loss = 0.165  adv prob = 0.166667   acc = 0.936
Average incurred loss: 0.138  
Average sample loss: 0.138  
Average acc: 0.958  
  gold_label_random = 0, sentence2_has_negation = 0  [n = 229]:	loss = 0.127  exp loss = 0.118  adjusted loss = 0.118  adv prob = 0.166667   acc = 0.965
  gold_label_random = 0, sentence2_has_negation = 1  [n = 276]:	loss = 0.038  exp loss = 0.028  adjusted loss = 0.028  adv prob = 0.166667   acc = 0.993
  gold_label_random = 1, sentence2_has_negation = 0  [n = 270]:	loss = 0.074  exp loss = 0.060  adjusted loss = 0.060  adv prob = 0.166667   acc = 0.978
  gold_label_random = 1, sentence2_has_negation = 1  [n = 283]:	loss = 0.124  exp loss = 0.083  adjusted loss = 0.083  adv prob = 0.166667   acc = 0.958
  gold_label_random = 2, sentence2_has_negation = 0  [n = 278]:	loss = 0.216  exp loss = 0.293  adjusted loss = 0.293  adv prob = 0.166667   acc = 0.932
  gold_label_random = 2, sentence2_has_negation = 1  [n = 264]:	loss = 0.249  exp loss = 0.175  adjusted loss = 0.175  adv prob = 0.166667   acc = 0.924
Average incurred loss: 0.140  
Average sample loss: 0.140  
Average acc: 0.952  
  gold_label_random = 0, sentence2_has_negation = 0  [n = 262]:	loss = 0.226  exp loss = 0.253  adjusted loss = 0.253  adv prob = 0.166667   acc = 0.901
  gold_label_random = 0, sentence2_has_negation = 1  [n = 247]:	loss = 0.024  exp loss = 0.016  adjusted loss = 0.016  adv prob = 0.166667   acc = 0.996
  gold_label_random = 1, sentence2_has_negation = 0  [n = 258]:	loss = 0.039  exp loss = 0.034  adjusted loss = 0.034  adv prob = 0.166667   acc = 0.984
  gold_label_random = 1, sentence2_has_negation = 1  [n = 291]:	loss = 0.149  exp loss = 0.200  adjusted loss = 0.200  adv prob = 0.166667   acc = 0.955
  gold_label_random = 2, sentence2_has_negation = 0  [n = 278]:	loss = 0.164  exp loss = 0.159  adjusted loss = 0.159  adv prob = 0.166667   acc = 0.950
  gold_label_random = 2, sentence2_has_negation = 1  [n = 264]:	loss = 0.230  exp loss = 0.246  adjusted loss = 0.246  adv prob = 0.166667   acc = 0.932
Average incurred loss: 0.130  
Average sample loss: 0.130  
Average acc: 0.958  
  gold_label_random = 0, sentence2_has_negation = 0  [n = 267]:	loss = 0.186  exp loss = 0.109  adjusted loss = 0.109  adv prob = 0.166667   acc = 0.933
  gold_label_random = 0, sentence2_has_negation = 1  [n = 256]:	loss = 0.041  exp loss = 0.035  adjusted loss = 0.035  adv prob = 0.166667   acc = 0.988
  gold_label_random = 1, sentence2_has_negation = 0  [n = 250]:	loss = 0.032  exp loss = 0.022  adjusted loss = 0.022  adv prob = 0.166667   acc = 0.992
  gold_label_random = 1, sentence2_has_negation = 1  [n = 284]:	loss = 0.153  exp loss = 0.192  adjusted loss = 0.192  adv prob = 0.166667   acc = 0.951
  gold_label_random = 2, sentence2_has_negation = 0  [n = 281]:	loss = 0.119  exp loss = 0.064  adjusted loss = 0.064  adv prob = 0.166667   acc = 0.968
  gold_label_random = 2, sentence2_has_negation = 1  [n = 262]:	loss = 0.237  exp loss = 0.135  adjusted loss = 0.135  adv prob = 0.166667   acc = 0.920
Average incurred loss: 0.116  
Average sample loss: 0.116  
Average acc: 0.963  
  gold_label_random = 0, sentence2_has_negation = 0  [n = 269]:	loss = 0.170  exp loss = 0.249  adjusted loss = 0.249  adv prob = 0.166667   acc = 0.926
  gold_label_random = 0, sentence2_has_negation = 1  [n = 262]:	loss = 0.031  exp loss = 0.073  adjusted loss = 0.073  adv prob = 0.166667   acc = 0.992
  gold_label_random = 1, sentence2_has_negation = 0  [n = 243]:	loss = 0.031  exp loss = 0.027  adjusted loss = 0.027  adv prob = 0.166667   acc = 0.996
  gold_label_random = 1, sentence2_has_negation = 1  [n = 267]:	loss = 0.113  exp loss = 0.124  adjusted loss = 0.124  adv prob = 0.166667   acc = 0.970
  gold_label_random = 2, sentence2_has_negation = 0  [n = 279]:	loss = 0.121  exp loss = 0.095  adjusted loss = 0.095  adv prob = 0.166667   acc = 0.961
  gold_label_random = 2, sentence2_has_negation = 1  [n = 280]:	loss = 0.214  exp loss = 0.198  adjusted loss = 0.198  adv prob = 0.166667   acc = 0.936
Average incurred loss: 0.095  
Average sample loss: 0.095  
Average acc: 0.971  
  gold_label_random = 0, sentence2_has_negation = 0  [n = 269]:	loss = 0.134  exp loss = 0.112  adjusted loss = 0.112  adv prob = 0.166667   acc = 0.963
  gold_label_random = 0, sentence2_has_negation = 1  [n = 269]:	loss = 0.045  exp loss = 0.039  adjusted loss = 0.039  adv prob = 0.166667   acc = 0.985
  gold_label_random = 1, sentence2_has_negation = 0  [n = 255]:	loss = 0.073  exp loss = 0.048  adjusted loss = 0.048  adv prob = 0.166667   acc = 0.984
  gold_label_random = 1, sentence2_has_negation = 1  [n = 256]:	loss = 0.083  exp loss = 0.086  adjusted loss = 0.086  adv prob = 0.166667   acc = 0.973
  gold_label_random = 2, sentence2_has_negation = 0  [n = 291]:	loss = 0.107  exp loss = 0.166  adjusted loss = 0.166  adv prob = 0.166667   acc = 0.966
  gold_label_random = 2, sentence2_has_negation = 1  [n = 260]:	loss = 0.128  exp loss = 0.101  adjusted loss = 0.101  adv prob = 0.166667   acc = 0.958
Average incurred loss: 0.103  
Average sample loss: 0.103  
Average acc: 0.967  
  gold_label_random = 0, sentence2_has_negation = 0  [n = 260]:	loss = 0.144  exp loss = 0.094  adjusted loss = 0.094  adv prob = 0.166667   acc = 0.950
  gold_label_random = 0, sentence2_has_negation = 1  [n = 290]:	loss = 0.028  exp loss = 0.014  adjusted loss = 0.014  adv prob = 0.166667   acc = 0.993
  gold_label_random = 1, sentence2_has_negation = 0  [n = 248]:	loss = 0.050  exp loss = 0.035  adjusted loss = 0.035  adv prob = 0.166667   acc = 0.992
  gold_label_random = 1, sentence2_has_negation = 1  [n = 259]:	loss = 0.100  exp loss = 0.076  adjusted loss = 0.076  adv prob = 0.166667   acc = 0.969
  gold_label_random = 2, sentence2_has_negation = 0  [n = 283]:	loss = 0.125  exp loss = 0.086  adjusted loss = 0.086  adv prob = 0.166667   acc = 0.958
  gold_label_random = 2, sentence2_has_negation = 1  [n = 260]:	loss = 0.178  exp loss = 0.164  adjusted loss = 0.164  adv prob = 0.166667   acc = 0.938
Average incurred loss: 0.102  
Average sample loss: 0.102  
Average acc: 0.967  
  gold_label_random = 0, sentence2_has_negation = 0  [n = 277]:	loss = 0.099  exp loss = 0.070  adjusted loss = 0.070  adv prob = 0.166667   acc = 0.971
  gold_label_random = 0, sentence2_has_negation = 1  [n = 273]:	loss = 0.032  exp loss = 0.028  adjusted loss = 0.028  adv prob = 0.166667   acc = 0.993
  gold_label_random = 1, sentence2_has_negation = 0  [n = 266]:	loss = 0.078  exp loss = 0.075  adjusted loss = 0.075  adv prob = 0.166667   acc = 0.974
  gold_label_random = 1, sentence2_has_negation = 1  [n = 261]:	loss = 0.146  exp loss = 0.137  adjusted loss = 0.137  adv prob = 0.166667   acc = 0.966
  gold_label_random = 2, sentence2_has_negation = 0  [n = 261]:	loss = 0.114  exp loss = 0.097  adjusted loss = 0.097  adv prob = 0.166667   acc = 0.969
  gold_label_random = 2, sentence2_has_negation = 1  [n = 262]:	loss = 0.143  exp loss = 0.125  adjusted loss = 0.125  adv prob = 0.166667   acc = 0.927
Average incurred loss: 0.091  
Average sample loss: 0.091  
Average acc: 0.968  
  gold_label_random = 0, sentence2_has_negation = 0  [n = 263]:	loss = 0.143  exp loss = 0.121  adjusted loss = 0.121  adv prob = 0.166667   acc = 0.947
  gold_label_random = 0, sentence2_has_negation = 1  [n = 258]:	loss = 0.020  exp loss = 0.027  adjusted loss = 0.027  adv prob = 0.166667   acc = 0.992
  gold_label_random = 1, sentence2_has_negation = 0  [n = 261]:	loss = 0.027  exp loss = 0.025  adjusted loss = 0.025  adv prob = 0.166667   acc = 0.996
  gold_label_random = 1, sentence2_has_negation = 1  [n = 279]:	loss = 0.075  exp loss = 0.105  adjusted loss = 0.105  adv prob = 0.166667   acc = 0.968
  gold_label_random = 2, sentence2_has_negation = 0  [n = 271]:	loss = 0.123  exp loss = 0.067  adjusted loss = 0.067  adv prob = 0.166667   acc = 0.967
  gold_label_random = 2, sentence2_has_negation = 1  [n = 268]:	loss = 0.157  exp loss = 0.247  adjusted loss = 0.247  adv prob = 0.166667   acc = 0.937
Average incurred loss: 0.093  
Average sample loss: 0.093  
Average acc: 0.967  
  gold_label_random = 0, sentence2_has_negation = 0  [n = 278]:	loss = 0.103  exp loss = 0.068  adjusted loss = 0.068  adv prob = 0.166667   acc = 0.968
  gold_label_random = 0, sentence2_has_negation = 1  [n = 291]:	loss = 0.038  exp loss = 0.015  adjusted loss = 0.015  adv prob = 0.166667   acc = 0.986
  gold_label_random = 1, sentence2_has_negation = 0  [n = 265]:	loss = 0.045  exp loss = 0.054  adjusted loss = 0.054  adv prob = 0.166667   acc = 0.989
  gold_label_random = 1, sentence2_has_negation = 1  [n = 261]:	loss = 0.113  exp loss = 0.185  adjusted loss = 0.185  adv prob = 0.166667   acc = 0.969
  gold_label_random = 2, sentence2_has_negation = 0  [n = 243]:	loss = 0.078  exp loss = 0.067  adjusted loss = 0.067  adv prob = 0.166667   acc = 0.971
  gold_label_random = 2, sentence2_has_negation = 1  [n = 262]:	loss = 0.187  exp loss = 0.183  adjusted loss = 0.183  adv prob = 0.166667   acc = 0.920
Average incurred loss: 0.110  
Average sample loss: 0.110  
Average acc: 0.962  
  gold_label_random = 0, sentence2_has_negation = 0  [n = 261]:	loss = 0.187  exp loss = 0.185  adjusted loss = 0.185  adv prob = 0.166667   acc = 0.923
  gold_label_random = 0, sentence2_has_negation = 1  [n = 263]:	loss = 0.052  exp loss = 0.057  adjusted loss = 0.057  adv prob = 0.166667   acc = 0.981
  gold_label_random = 1, sentence2_has_negation = 0  [n = 271]:	loss = 0.048  exp loss = 0.039  adjusted loss = 0.039  adv prob = 0.166667   acc = 0.989
  gold_label_random = 1, sentence2_has_negation = 1  [n = 271]:	loss = 0.113  exp loss = 0.072  adjusted loss = 0.072  adv prob = 0.166667   acc = 0.974
  gold_label_random = 2, sentence2_has_negation = 0  [n = 252]:	loss = 0.105  exp loss = 0.149  adjusted loss = 0.149  adv prob = 0.166667   acc = 0.972
  gold_label_random = 2, sentence2_has_negation = 1  [n = 282]:	loss = 0.155  exp loss = 0.157  adjusted loss = 0.157  adv prob = 0.166667   acc = 0.936
Average incurred loss: 0.104  
Average sample loss: 0.104  
Average acc: 0.964  
  gold_label_random = 0, sentence2_has_negation = 0  [n = 261]:	loss = 0.121  exp loss = 0.261  adjusted loss = 0.261  adv prob = 0.166667   acc = 0.962
  gold_label_random = 0, sentence2_has_negation = 1  [n = 250]:	loss = 0.037  exp loss = 0.032  adjusted loss = 0.032  adv prob = 0.166667   acc = 0.988
  gold_label_random = 1, sentence2_has_negation = 0  [n = 247]:	loss = 0.068  exp loss = 0.059  adjusted loss = 0.059  adv prob = 0.166667   acc = 0.988
  gold_label_random = 1, sentence2_has_negation = 1  [n = 280]:	loss = 0.137  exp loss = 0.103  adjusted loss = 0.103  adv prob = 0.166667   acc = 0.964
  gold_label_random = 2, sentence2_has_negation = 0  [n = 288]:	loss = 0.070  exp loss = 0.054  adjusted loss = 0.054  adv prob = 0.166667   acc = 0.958
  gold_label_random = 2, sentence2_has_negation = 1  [n = 274]:	loss = 0.184  exp loss = 0.177  adjusted loss = 0.177  adv prob = 0.166667   acc = 0.931
Average incurred loss: 0.085  
Average sample loss: 0.085  
Average acc: 0.975  
  gold_label_random = 0, sentence2_has_negation = 0  [n = 259]:	loss = 0.078  exp loss = 0.168  adjusted loss = 0.168  adv prob = 0.166667   acc = 0.965
  gold_label_random = 0, sentence2_has_negation = 1  [n = 256]:	loss = 0.028  exp loss = 0.020  adjusted loss = 0.020  adv prob = 0.166667   acc = 0.992
  gold_label_random = 1, sentence2_has_negation = 0  [n = 282]:	loss = 0.070  exp loss = 0.075  adjusted loss = 0.075  adv prob = 0.166667   acc = 0.986
  gold_label_random = 1, sentence2_has_negation = 1  [n = 269]:	loss = 0.101  exp loss = 0.090  adjusted loss = 0.090  adv prob = 0.166667   acc = 0.967
  gold_label_random = 2, sentence2_has_negation = 0  [n = 286]:	loss = 0.076  exp loss = 0.077  adjusted loss = 0.077  adv prob = 0.166667   acc = 0.976
  gold_label_random = 2, sentence2_has_negation = 1  [n = 248]:	loss = 0.163  exp loss = 0.317  adjusted loss = 0.317  adv prob = 0.166667   acc = 0.964
Average incurred loss: 0.122  
Average sample loss: 0.122  
Average acc: 0.961  
  gold_label_random = 0, sentence2_has_negation = 0  [n = 294]:	loss = 0.173  exp loss = 0.104  adjusted loss = 0.104  adv prob = 0.166667   acc = 0.952
  gold_label_random = 0, sentence2_has_negation = 1  [n = 266]:	loss = 0.038  exp loss = 0.054  adjusted loss = 0.054  adv prob = 0.166667   acc = 0.985
  gold_label_random = 1, sentence2_has_negation = 0  [n = 255]:	loss = 0.039  exp loss = 0.062  adjusted loss = 0.062  adv prob = 0.166667   acc = 0.988
  gold_label_random = 1, sentence2_has_negation = 1  [n = 262]:	loss = 0.121  exp loss = 0.069  adjusted loss = 0.069  adv prob = 0.166667   acc = 0.966
  gold_label_random = 2, sentence2_has_negation = 0  [n = 286]:	loss = 0.140  exp loss = 0.094  adjusted loss = 0.094  adv prob = 0.166667   acc = 0.951
  gold_label_random = 2, sentence2_has_negation = 1  [n = 237]:	loss = 0.219  exp loss = 0.215  adjusted loss = 0.215  adv prob = 0.166667   acc = 0.920
Average incurred loss: 0.129  
Average sample loss: 0.129  
Average acc: 0.956  
  gold_label_random = 0, sentence2_has_negation = 0  [n = 249]:	loss = 0.174  exp loss = 0.233  adjusted loss = 0.233  adv prob = 0.166667   acc = 0.936
  gold_label_random = 0, sentence2_has_negation = 1  [n = 279]:	loss = 0.056  exp loss = 0.067  adjusted loss = 0.067  adv prob = 0.166667   acc = 0.978
  gold_label_random = 1, sentence2_has_negation = 0  [n = 265]:	loss = 0.069  exp loss = 0.051  adjusted loss = 0.051  adv prob = 0.166667   acc = 0.974
  gold_label_random = 1, sentence2_has_negation = 1  [n = 269]:	loss = 0.119  exp loss = 0.130  adjusted loss = 0.130  adv prob = 0.166667   acc = 0.967
  gold_label_random = 2, sentence2_has_negation = 0  [n = 254]:	loss = 0.161  exp loss = 0.078  adjusted loss = 0.078  adv prob = 0.166667   acc = 0.961
  gold_label_random = 2, sentence2_has_negation = 1  [n = 284]:	loss = 0.200  exp loss = 0.192  adjusted loss = 0.192  adv prob = 0.166667   acc = 0.923
Average incurred loss: 0.102  
Average sample loss: 0.102  
Average acc: 0.966  
  gold_label_random = 0, sentence2_has_negation = 0  [n = 265]:	loss = 0.134  exp loss = 0.192  adjusted loss = 0.192  adv prob = 0.166667   acc = 0.958
  gold_label_random = 0, sentence2_has_negation = 1  [n = 275]:	loss = 0.041  exp loss = 0.110  adjusted loss = 0.110  adv prob = 0.166667   acc = 0.989
  gold_label_random = 1, sentence2_has_negation = 0  [n = 272]:	loss = 0.063  exp loss = 0.056  adjusted loss = 0.056  adv prob = 0.166667   acc = 0.978
  gold_label_random = 1, sentence2_has_negation = 1  [n = 257]:	loss = 0.141  exp loss = 0.118  adjusted loss = 0.118  adv prob = 0.166667   acc = 0.957
  gold_label_random = 2, sentence2_has_negation = 0  [n = 281]:	loss = 0.087  exp loss = 0.058  adjusted loss = 0.058  adv prob = 0.166667   acc = 0.968
  gold_label_random = 2, sentence2_has_negation = 1  [n = 250]:	loss = 0.154  exp loss = 0.152  adjusted loss = 0.152  adv prob = 0.166667   acc = 0.944
Average incurred loss: 0.128  
Average sample loss: 0.128  
Average acc: 0.960  
  gold_label_random = 0, sentence2_has_negation = 0  [n = 257]:	loss = 0.119  exp loss = 0.075  adjusted loss = 0.075  adv prob = 0.166667   acc = 0.957
  gold_label_random = 0, sentence2_has_negation = 1  [n = 289]:	loss = 0.026  exp loss = 0.017  adjusted loss = 0.017  adv prob = 0.166667   acc = 0.993
  gold_label_random = 1, sentence2_has_negation = 0  [n = 254]:	loss = 0.055  exp loss = 0.087  adjusted loss = 0.087  adv prob = 0.166667   acc = 0.988
  gold_label_random = 1, sentence2_has_negation = 1  [n = 253]:	loss = 0.126  exp loss = 0.071  adjusted loss = 0.071  adv prob = 0.166667   acc = 0.964
  gold_label_random = 2, sentence2_has_negation = 0  [n = 271]:	loss = 0.167  exp loss = 0.154  adjusted loss = 0.154  adv prob = 0.166667   acc = 0.937
  gold_label_random = 2, sentence2_has_negation = 1  [n = 276]:	loss = 0.275  exp loss = 0.336  adjusted loss = 0.336  adv prob = 0.166667   acc = 0.920
Average incurred loss: 0.116  
Average sample loss: 0.116  
Average acc: 0.956  
  gold_label_random = 0, sentence2_has_negation = 0  [n = 275]:	loss = 0.138  exp loss = 0.148  adjusted loss = 0.148  adv prob = 0.166667   acc = 0.953
  gold_label_random = 0, sentence2_has_negation = 1  [n = 278]:	loss = 0.018  exp loss = 0.012  adjusted loss = 0.012  adv prob = 0.166667   acc = 0.996
  gold_label_random = 1, sentence2_has_negation = 0  [n = 252]:	loss = 0.089  exp loss = 0.106  adjusted loss = 0.106  adv prob = 0.166667   acc = 0.972
  gold_label_random = 1, sentence2_has_negation = 1  [n = 269]:	loss = 0.106  exp loss = 0.192  adjusted loss = 0.192  adv prob = 0.166667   acc = 0.952
  gold_label_random = 2, sentence2_has_negation = 0  [n = 266]:	loss = 0.193  exp loss = 0.253  adjusted loss = 0.253  adv prob = 0.166667   acc = 0.929
  gold_label_random = 2, sentence2_has_negation = 1  [n = 260]:	loss = 0.155  exp loss = 0.276  adjusted loss = 0.276  adv prob = 0.166667   acc = 0.935
Average incurred loss: 0.095  
Average sample loss: 0.095  
Average acc: 0.971  
  gold_label_random = 0, sentence2_has_negation = 0  [n = 252]:	loss = 0.112  exp loss = 0.132  adjusted loss = 0.132  adv prob = 0.166667   acc = 0.952
  gold_label_random = 0, sentence2_has_negation = 1  [n = 248]:	loss = 0.029  exp loss = 0.022  adjusted loss = 0.022  adv prob = 0.166667   acc = 0.996
  gold_label_random = 1, sentence2_has_negation = 0  [n = 282]:	loss = 0.051  exp loss = 0.072  adjusted loss = 0.072  adv prob = 0.166667   acc = 0.989
  gold_label_random = 1, sentence2_has_negation = 1  [n = 271]:	loss = 0.100  exp loss = 0.071  adjusted loss = 0.071  adv prob = 0.166667   acc = 0.974
  gold_label_random = 2, sentence2_has_negation = 0  [n = 287]:	loss = 0.131  exp loss = 0.086  adjusted loss = 0.086  adv prob = 0.166667   acc = 0.962
  gold_label_random = 2, sentence2_has_negation = 1  [n = 260]:	loss = 0.146  exp loss = 0.082  adjusted loss = 0.082  adv prob = 0.166667   acc = 0.954
Average incurred loss: 0.101  
Average sample loss: 0.101  
Average acc: 0.967  
  gold_label_random = 0, sentence2_has_negation = 0  [n = 239]:	loss = 0.102  exp loss = 0.138  adjusted loss = 0.138  adv prob = 0.166667   acc = 0.975
  gold_label_random = 0, sentence2_has_negation = 1  [n = 280]:	loss = 0.030  exp loss = 0.023  adjusted loss = 0.023  adv prob = 0.166667   acc = 0.993
  gold_label_random = 1, sentence2_has_negation = 0  [n = 247]:	loss = 0.060  exp loss = 0.045  adjusted loss = 0.045  adv prob = 0.166667   acc = 0.976
  gold_label_random = 1, sentence2_has_negation = 1  [n = 284]:	loss = 0.140  exp loss = 0.073  adjusted loss = 0.073  adv prob = 0.166667   acc = 0.954
  gold_label_random = 2, sentence2_has_negation = 0  [n = 251]:	loss = 0.114  exp loss = 0.080  adjusted loss = 0.080  adv prob = 0.166667   acc = 0.956
  gold_label_random = 2, sentence2_has_negation = 1  [n = 299]:	loss = 0.152  exp loss = 0.127  adjusted loss = 0.127  adv prob = 0.166667   acc = 0.950
Average incurred loss: 0.130  
Average sample loss: 0.130  
Average acc: 0.963  
  gold_label_random = 0, sentence2_has_negation = 0  [n = 263]:	loss = 0.172  exp loss = 0.247  adjusted loss = 0.247  adv prob = 0.166667   acc = 0.951
  gold_label_random = 0, sentence2_has_negation = 1  [n = 255]:	loss = 0.052  exp loss = 0.050  adjusted loss = 0.050  adv prob = 0.166667   acc = 0.980
  gold_label_random = 1, sentence2_has_negation = 0  [n = 266]:	loss = 0.056  exp loss = 0.052  adjusted loss = 0.052  adv prob = 0.166667   acc = 0.989
  gold_label_random = 1, sentence2_has_negation = 1  [n = 271]:	loss = 0.170  exp loss = 0.102  adjusted loss = 0.102  adv prob = 0.166667   acc = 0.963
  gold_label_random = 2, sentence2_has_negation = 0  [n = 292]:	loss = 0.076  exp loss = 0.047  adjusted loss = 0.047  adv prob = 0.166667   acc = 0.969
  gold_label_random = 2, sentence2_has_negation = 1  [n = 253]:	loss = 0.265  exp loss = 0.203  adjusted loss = 0.203  adv prob = 0.166667   acc = 0.925
Average incurred loss: 0.101  
Average sample loss: 0.101  
Average acc: 0.969  
  gold_label_random = 0, sentence2_has_negation = 0  [n = 289]:	loss = 0.141  exp loss = 0.100  adjusted loss = 0.100  adv prob = 0.166667   acc = 0.948
  gold_label_random = 0, sentence2_has_negation = 1  [n = 256]:	loss = 0.039  exp loss = 0.030  adjusted loss = 0.030  adv prob = 0.166667   acc = 0.984
  gold_label_random = 1, sentence2_has_negation = 0  [n = 264]:	loss = 0.034  exp loss = 0.029  adjusted loss = 0.029  adv prob = 0.166667   acc = 0.992
  gold_label_random = 1, sentence2_has_negation = 1  [n = 270]:	loss = 0.126  exp loss = 0.068  adjusted loss = 0.068  adv prob = 0.166667   acc = 0.970
  gold_label_random = 2, sentence2_has_negation = 0  [n = 260]:	loss = 0.093  exp loss = 0.063  adjusted loss = 0.063  adv prob = 0.166667   acc = 0.977
  gold_label_random = 2, sentence2_has_negation = 1  [n = 261]:	loss = 0.166  exp loss = 0.124  adjusted loss = 0.124  adv prob = 0.166667   acc = 0.943
Average incurred loss: 0.091  
Average sample loss: 0.091  
Average acc: 0.966  
  gold_label_random = 0, sentence2_has_negation = 0  [n = 274]:	loss = 0.163  exp loss = 0.154  adjusted loss = 0.154  adv prob = 0.166667   acc = 0.945
  gold_label_random = 0, sentence2_has_negation = 1  [n = 297]:	loss = 0.037  exp loss = 0.025  adjusted loss = 0.025  adv prob = 0.166667   acc = 0.983
  gold_label_random = 1, sentence2_has_negation = 0  [n = 241]:	loss = 0.074  exp loss = 0.095  adjusted loss = 0.095  adv prob = 0.166667   acc = 0.975
  gold_label_random = 1, sentence2_has_negation = 1  [n = 251]:	loss = 0.094  exp loss = 0.113  adjusted loss = 0.113  adv prob = 0.166667   acc = 0.972
  gold_label_random = 2, sentence2_has_negation = 0  [n = 281]:	loss = 0.072  exp loss = 0.065  adjusted loss = 0.065  adv prob = 0.166667   acc = 0.968
  gold_label_random = 2, sentence2_has_negation = 1  [n = 256]:	loss = 0.111  exp loss = 0.116  adjusted loss = 0.116  adv prob = 0.166667   acc = 0.949
Average incurred loss: 0.127  
Average sample loss: 0.127  
Average acc: 0.956  
  gold_label_random = 0, sentence2_has_negation = 0  [n = 261]:	loss = 0.106  exp loss = 0.136  adjusted loss = 0.136  adv prob = 0.166667   acc = 0.962
  gold_label_random = 0, sentence2_has_negation = 1  [n = 265]:	loss = 0.033  exp loss = 0.040  adjusted loss = 0.040  adv prob = 0.166667   acc = 0.981
  gold_label_random = 1, sentence2_has_negation = 0  [n = 317]:	loss = 0.068  exp loss = 0.076  adjusted loss = 0.076  adv prob = 0.166667   acc = 0.981
  gold_label_random = 1, sentence2_has_negation = 1  [n = 238]:	loss = 0.214  exp loss = 0.154  adjusted loss = 0.154  adv prob = 0.166667   acc = 0.933
  gold_label_random = 2, sentence2_has_negation = 0  [n = 252]:	loss = 0.121  exp loss = 0.058  adjusted loss = 0.058  adv prob = 0.166667   acc = 0.952
  gold_label_random = 2, sentence2_has_negation = 1  [n = 267]:	loss = 0.240  exp loss = 0.180  adjusted loss = 0.180  adv prob = 0.166667   acc = 0.921
Average incurred loss: 0.113  
Average sample loss: 0.113  
Average acc: 0.964  
  gold_label_random = 0, sentence2_has_negation = 0  [n = 259]:	loss = 0.088  exp loss = 0.181  adjusted loss = 0.181  adv prob = 0.166667   acc = 0.969
  gold_label_random = 0, sentence2_has_negation = 1  [n = 237]:	loss = 0.071  exp loss = 0.201  adjusted loss = 0.201  adv prob = 0.166667   acc = 0.970
  gold_label_random = 1, sentence2_has_negation = 0  [n = 264]:	loss = 0.045  exp loss = 0.031  adjusted loss = 0.031  adv prob = 0.166667   acc = 0.989
  gold_label_random = 1, sentence2_has_negation = 1  [n = 308]:	loss = 0.132  exp loss = 0.123  adjusted loss = 0.123  adv prob = 0.166667   acc = 0.961
  gold_label_random = 2, sentence2_has_negation = 0  [n = 278]:	loss = 0.088  exp loss = 0.130  adjusted loss = 0.130  adv prob = 0.166667   acc = 0.968
  gold_label_random = 2, sentence2_has_negation = 1  [n = 254]:	loss = 0.253  exp loss = 0.222  adjusted loss = 0.222  adv prob = 0.166667   acc = 0.925
Average incurred loss: 0.166  
Average sample loss: 0.166  
Average acc: 0.949  
  gold_label_random = 0, sentence2_has_negation = 0  [n = 264]:	loss = 0.308  exp loss = 0.443  adjusted loss = 0.443  adv prob = 0.166667   acc = 0.902
  gold_label_random = 0, sentence2_has_negation = 1  [n = 248]:	loss = 0.055  exp loss = 0.032  adjusted loss = 0.032  adv prob = 0.166667   acc = 0.988
  gold_label_random = 1, sentence2_has_negation = 0  [n = 267]:	loss = 0.064  exp loss = 0.061  adjusted loss = 0.061  adv prob = 0.166667   acc = 0.989
  gold_label_random = 1, sentence2_has_negation = 1  [n = 274]:	loss = 0.152  exp loss = 0.146  adjusted loss = 0.146  adv prob = 0.166667   acc = 0.953
  gold_label_random = 2, sentence2_has_negation = 0  [n = 276]:	loss = 0.135  exp loss = 0.249  adjusted loss = 0.249  adv prob = 0.166667   acc = 0.946
  gold_label_random = 2, sentence2_has_negation = 1  [n = 271]:	loss = 0.273  exp loss = 0.124  adjusted loss = 0.124  adv prob = 0.166667   acc = 0.923
Average incurred loss: 0.114  
Average sample loss: 0.114  
Average acc: 0.960  
  gold_label_random = 0, sentence2_has_negation = 0  [n = 253]:	loss = 0.207  exp loss = 0.140  adjusted loss = 0.140  adv prob = 0.166667   acc = 0.937
  gold_label_random = 0, sentence2_has_negation = 1  [n = 271]:	loss = 0.025  exp loss = 0.018  adjusted loss = 0.018  adv prob = 0.166667   acc = 0.993
  gold_label_random = 1, sentence2_has_negation = 0  [n = 262]:	loss = 0.050  exp loss = 0.040  adjusted loss = 0.040  adv prob = 0.166667   acc = 0.985
  gold_label_random = 1, sentence2_has_negation = 1  [n = 265]:	loss = 0.107  exp loss = 0.070  adjusted loss = 0.070  adv prob = 0.166667   acc = 0.955
  gold_label_random = 2, sentence2_has_negation = 0  [n = 295]:	loss = 0.098  exp loss = 0.146  adjusted loss = 0.146  adv prob = 0.166667   acc = 0.963
  gold_label_random = 2, sentence2_has_negation = 1  [n = 254]:	loss = 0.210  exp loss = 0.162  adjusted loss = 0.162  adv prob = 0.166667   acc = 0.925
Average incurred loss: 0.103  
Average sample loss: 0.103  
Average acc: 0.969  
  gold_label_random = 0, sentence2_has_negation = 0  [n = 273]:	loss = 0.119  exp loss = 0.166  adjusted loss = 0.166  adv prob = 0.166667   acc = 0.960
  gold_label_random = 0, sentence2_has_negation = 1  [n = 265]:	loss = 0.030  exp loss = 0.011  adjusted loss = 0.011  adv prob = 0.166667   acc = 0.992
  gold_label_random = 1, sentence2_has_negation = 0  [n = 255]:	loss = 0.042  exp loss = 0.026  adjusted loss = 0.026  adv prob = 0.166667   acc = 0.992
  gold_label_random = 1, sentence2_has_negation = 1  [n = 280]:	loss = 0.118  exp loss = 0.110  adjusted loss = 0.110  adv prob = 0.166667   acc = 0.979
  gold_label_random = 2, sentence2_has_negation = 0  [n = 269]:	loss = 0.092  exp loss = 0.098  adjusted loss = 0.098  adv prob = 0.166667   acc = 0.974
  gold_label_random = 2, sentence2_has_negation = 1  [n = 258]:	loss = 0.218  exp loss = 0.129  adjusted loss = 0.129  adv prob = 0.166667   acc = 0.919
Average incurred loss: 0.111  
Average sample loss: 0.111  
Average acc: 0.965  
  gold_label_random = 0, sentence2_has_negation = 0  [n = 281]:	loss = 0.163  exp loss = 0.143  adjusted loss = 0.143  adv prob = 0.166667   acc = 0.943
  gold_label_random = 0, sentence2_has_negation = 1  [n = 252]:	loss = 0.063  exp loss = 0.036  adjusted loss = 0.036  adv prob = 0.166667   acc = 0.984
  gold_label_random = 1, sentence2_has_negation = 0  [n = 268]:	loss = 0.031  exp loss = 0.028  adjusted loss = 0.028  adv prob = 0.166667   acc = 0.996
  gold_label_random = 1, sentence2_has_negation = 1  [n = 253]:	loss = 0.098  exp loss = 0.090  adjusted loss = 0.090  adv prob = 0.166667   acc = 0.976
  gold_label_random = 2, sentence2_has_negation = 0  [n = 271]:	loss = 0.122  exp loss = 0.099  adjusted loss = 0.099  adv prob = 0.166667   acc = 0.967
  gold_label_random = 2, sentence2_has_negation = 1  [n = 275]:	loss = 0.182  exp loss = 0.370  adjusted loss = 0.370  adv prob = 0.166667   acc = 0.927
Average incurred loss: 0.095  
Average sample loss: 0.095  
Average acc: 0.968  
  gold_label_random = 0, sentence2_has_negation = 0  [n = 276]:	loss = 0.115  exp loss = 0.092  adjusted loss = 0.092  adv prob = 0.166667   acc = 0.964
  gold_label_random = 0, sentence2_has_negation = 1  [n = 268]:	loss = 0.041  exp loss = 0.024  adjusted loss = 0.024  adv prob = 0.166667   acc = 0.989
  gold_label_random = 1, sentence2_has_negation = 0  [n = 284]:	loss = 0.060  exp loss = 0.055  adjusted loss = 0.055  adv prob = 0.166667   acc = 0.989
  gold_label_random = 1, sentence2_has_negation = 1  [n = 246]:	loss = 0.057  exp loss = 0.048  adjusted loss = 0.048  adv prob = 0.166667   acc = 0.980
  gold_label_random = 2, sentence2_has_negation = 0  [n = 280]:	loss = 0.108  exp loss = 0.153  adjusted loss = 0.153  adv prob = 0.166667   acc = 0.961
  gold_label_random = 2, sentence2_has_negation = 1  [n = 246]:	loss = 0.193  exp loss = 0.157  adjusted loss = 0.157  adv prob = 0.166667   acc = 0.923
Average incurred loss: 0.121  
Average sample loss: 0.121  
Average acc: 0.962  
  gold_label_random = 0, sentence2_has_negation = 0  [n = 251]:	loss = 0.145  exp loss = 0.119  adjusted loss = 0.119  adv prob = 0.166667   acc = 0.956
  gold_label_random = 0, sentence2_has_negation = 1  [n = 291]:	loss = 0.030  exp loss = 0.027  adjusted loss = 0.027  adv prob = 0.166667   acc = 0.990
  gold_label_random = 1, sentence2_has_negation = 0  [n = 285]:	loss = 0.039  exp loss = 0.046  adjusted loss = 0.046  adv prob = 0.166667   acc = 0.993
  gold_label_random = 1, sentence2_has_negation = 1  [n = 263]:	loss = 0.111  exp loss = 0.094  adjusted loss = 0.094  adv prob = 0.166667   acc = 0.970
  gold_label_random = 2, sentence2_has_negation = 0  [n = 254]:	loss = 0.200  exp loss = 0.237  adjusted loss = 0.237  adv prob = 0.166667   acc = 0.929
  gold_label_random = 2, sentence2_has_negation = 1  [n = 256]:	loss = 0.224  exp loss = 0.253  adjusted loss = 0.253  adv prob = 0.166667   acc = 0.926
Average incurred loss: 0.122  
Average sample loss: 0.122  
Average acc: 0.961  
  gold_label_random = 0, sentence2_has_negation = 0  [n = 268]:	loss = 0.139  exp loss = 0.146  adjusted loss = 0.146  adv prob = 0.166667   acc = 0.959
  gold_label_random = 0, sentence2_has_negation = 1  [n = 277]:	loss = 0.044  exp loss = 0.046  adjusted loss = 0.046  adv prob = 0.166667   acc = 0.982
  gold_label_random = 1, sentence2_has_negation = 0  [n = 268]:	loss = 0.064  exp loss = 0.071  adjusted loss = 0.071  adv prob = 0.166667   acc = 0.985
  gold_label_random = 1, sentence2_has_negation = 1  [n = 274]:	loss = 0.167  exp loss = 0.118  adjusted loss = 0.118  adv prob = 0.166667   acc = 0.945
  gold_label_random = 2, sentence2_has_negation = 0  [n = 273]:	loss = 0.115  exp loss = 0.151  adjusted loss = 0.151  adv prob = 0.166667   acc = 0.956
  gold_label_random = 2, sentence2_has_negation = 1  [n = 240]:	loss = 0.214  exp loss = 0.261  adjusted loss = 0.261  adv prob = 0.166667   acc = 0.933
Average incurred loss: 0.118  
Average sample loss: 0.118  
Average acc: 0.962  
  gold_label_random = 0, sentence2_has_negation = 0  [n = 258]:	loss = 0.170  exp loss = 0.101  adjusted loss = 0.101  adv prob = 0.166667   acc = 0.957
  gold_label_random = 0, sentence2_has_negation = 1  [n = 265]:	loss = 0.031  exp loss = 0.031  adjusted loss = 0.031  adv prob = 0.166667   acc = 0.989
  gold_label_random = 1, sentence2_has_negation = 0  [n = 258]:	loss = 0.051  exp loss = 0.137  adjusted loss = 0.137  adv prob = 0.166667   acc = 0.988
  gold_label_random = 1, sentence2_has_negation = 1  [n = 272]:	loss = 0.154  exp loss = 0.108  adjusted loss = 0.108  adv prob = 0.166667   acc = 0.952
  gold_label_random = 2, sentence2_has_negation = 0  [n = 262]:	loss = 0.110  exp loss = 0.104  adjusted loss = 0.104  adv prob = 0.166667   acc = 0.954
  gold_label_random = 2, sentence2_has_negation = 1  [n = 285]:	loss = 0.183  exp loss = 0.189  adjusted loss = 0.189  adv prob = 0.166667   acc = 0.933
Average incurred loss: 0.104  
Average sample loss: 0.104  
Average acc: 0.964  
  gold_label_random = 0, sentence2_has_negation = 0  [n = 235]:	loss = 0.130  exp loss = 0.086  adjusted loss = 0.086  adv prob = 0.166667   acc = 0.953
  gold_label_random = 0, sentence2_has_negation = 1  [n = 273]:	loss = 0.027  exp loss = 0.014  adjusted loss = 0.014  adv prob = 0.166667   acc = 0.993
  gold_label_random = 1, sentence2_has_negation = 0  [n = 265]:	loss = 0.054  exp loss = 0.060  adjusted loss = 0.060  adv prob = 0.166667   acc = 0.977
  gold_label_random = 1, sentence2_has_negation = 1  [n = 275]:	loss = 0.108  exp loss = 0.081  adjusted loss = 0.081  adv prob = 0.166667   acc = 0.971
  gold_label_random = 2, sentence2_has_negation = 0  [n = 291]:	loss = 0.124  exp loss = 0.190  adjusted loss = 0.190  adv prob = 0.166667   acc = 0.959
  gold_label_random = 2, sentence2_has_negation = 1  [n = 261]:	loss = 0.188  exp loss = 0.166  adjusted loss = 0.166  adv prob = 0.166667   acc = 0.931
Average incurred loss: 0.104  
Average sample loss: 0.104  
Average acc: 0.965  
  gold_label_random = 0, sentence2_has_negation = 0  [n = 294]:	loss = 0.101  exp loss = 0.056  adjusted loss = 0.056  adv prob = 0.166667   acc = 0.959
  gold_label_random = 0, sentence2_has_negation = 1  [n = 274]:	loss = 0.051  exp loss = 0.049  adjusted loss = 0.049  adv prob = 0.166667   acc = 0.982
  gold_label_random = 1, sentence2_has_negation = 0  [n = 238]:	loss = 0.035  exp loss = 0.027  adjusted loss = 0.027  adv prob = 0.166667   acc = 1.000
  gold_label_random = 1, sentence2_has_negation = 1  [n = 263]:	loss = 0.124  exp loss = 0.158  adjusted loss = 0.158  adv prob = 0.166667   acc = 0.962
  gold_label_random = 2, sentence2_has_negation = 0  [n = 273]:	loss = 0.121  exp loss = 0.135  adjusted loss = 0.135  adv prob = 0.166667   acc = 0.956
  gold_label_random = 2, sentence2_has_negation = 1  [n = 258]:	loss = 0.189  exp loss = 0.357  adjusted loss = 0.357  adv prob = 0.166667   acc = 0.934
Average incurred loss: 0.103  
Average sample loss: 0.103  
Average acc: 0.967  
  gold_label_random = 0, sentence2_has_negation = 0  [n = 250]:	loss = 0.154  exp loss = 0.115  adjusted loss = 0.115  adv prob = 0.166667   acc = 0.936
  gold_label_random = 0, sentence2_has_negation = 1  [n = 268]:	loss = 0.032  exp loss = 0.043  adjusted loss = 0.043  adv prob = 0.166667   acc = 0.993
  gold_label_random = 1, sentence2_has_negation = 0  [n = 286]:	loss = 0.055  exp loss = 0.049  adjusted loss = 0.049  adv prob = 0.166667   acc = 0.986
  gold_label_random = 1, sentence2_has_negation = 1  [n = 249]:	loss = 0.093  exp loss = 0.048  adjusted loss = 0.048  adv prob = 0.166667   acc = 0.972
  gold_label_random = 2, sentence2_has_negation = 0  [n = 262]:	loss = 0.085  exp loss = 0.048  adjusted loss = 0.048  adv prob = 0.166667   acc = 0.981
  gold_label_random = 2, sentence2_has_negation = 1  [n = 285]:	loss = 0.196  exp loss = 0.309  adjusted loss = 0.309  adv prob = 0.166667   acc = 0.933
Average incurred loss: 0.117  
Average sample loss: 0.117  
Average acc: 0.961  
  gold_label_random = 0, sentence2_has_negation = 0  [n = 275]:	loss = 0.089  exp loss = 0.122  adjusted loss = 0.122  adv prob = 0.166667   acc = 0.975
  gold_label_random = 0, sentence2_has_negation = 1  [n = 262]:	loss = 0.039  exp loss = 0.037  adjusted loss = 0.037  adv prob = 0.166667   acc = 0.981
  gold_label_random = 1, sentence2_has_negation = 0  [n = 246]:	loss = 0.091  exp loss = 0.049  adjusted loss = 0.049  adv prob = 0.166667   acc = 0.972
  gold_label_random = 1, sentence2_has_negation = 1  [n = 274]:	loss = 0.079  exp loss = 0.088  adjusted loss = 0.088  adv prob = 0.166667   acc = 0.971
  gold_label_random = 2, sentence2_has_negation = 0  [n = 295]:	loss = 0.119  exp loss = 0.156  adjusted loss = 0.156  adv prob = 0.166667   acc = 0.959
  gold_label_random = 2, sentence2_has_negation = 1  [n = 248]:	loss = 0.295  exp loss = 0.278  adjusted loss = 0.278  adv prob = 0.166667   acc = 0.907
Average incurred loss: 0.110  
Average sample loss: 0.110  
Average acc: 0.959  
  gold_label_random = 0, sentence2_has_negation = 0  [n = 258]:	loss = 0.165  exp loss = 0.133  adjusted loss = 0.133  adv prob = 0.166667   acc = 0.946
  gold_label_random = 0, sentence2_has_negation = 1  [n = 262]:	loss = 0.053  exp loss = 0.050  adjusted loss = 0.050  adv prob = 0.166667   acc = 0.977
  gold_label_random = 1, sentence2_has_negation = 0  [n = 248]:	loss = 0.051  exp loss = 0.029  adjusted loss = 0.029  adv prob = 0.166667   acc = 0.984
  gold_label_random = 1, sentence2_has_negation = 1  [n = 259]:	loss = 0.097  exp loss = 0.104  adjusted loss = 0.104  adv prob = 0.166667   acc = 0.973
  gold_label_random = 2, sentence2_has_negation = 0  [n = 286]:	loss = 0.117  exp loss = 0.092  adjusted loss = 0.092  adv prob = 0.166667   acc = 0.955
  gold_label_random = 2, sentence2_has_negation = 1  [n = 287]:	loss = 0.166  exp loss = 0.143  adjusted loss = 0.143  adv prob = 0.166667   acc = 0.927
Average incurred loss: 0.117  
Average sample loss: 0.117  
Average acc: 0.966  
  gold_label_random = 0, sentence2_has_negation = 0  [n = 269]:	loss = 0.088  exp loss = 0.064  adjusted loss = 0.064  adv prob = 0.166667   acc = 0.970
  gold_label_random = 0, sentence2_has_negation = 1  [n = 277]:	loss = 0.040  exp loss = 0.033  adjusted loss = 0.033  adv prob = 0.166667   acc = 0.993
  gold_label_random = 1, sentence2_has_negation = 0  [n = 236]:	loss = 0.039  exp loss = 0.042  adjusted loss = 0.042  adv prob = 0.166667   acc = 0.992
  gold_label_random = 1, sentence2_has_negation = 1  [n = 252]:	loss = 0.166  exp loss = 0.106  adjusted loss = 0.106  adv prob = 0.166667   acc = 0.968
  gold_label_random = 2, sentence2_has_negation = 0  [n = 317]:	loss = 0.153  exp loss = 0.115  adjusted loss = 0.115  adv prob = 0.166667   acc = 0.946
  gold_label_random = 2, sentence2_has_negation = 1  [n = 249]:	loss = 0.210  exp loss = 0.200  adjusted loss = 0.200  adv prob = 0.166667   acc = 0.928
Average incurred loss: 0.105  
Average sample loss: 0.105  
Average acc: 0.966  
  gold_label_random = 0, sentence2_has_negation = 0  [n = 294]:	loss = 0.101  exp loss = 0.059  adjusted loss = 0.059  adv prob = 0.166667   acc = 0.973
  gold_label_random = 0, sentence2_has_negation = 1  [n = 240]:	loss = 0.034  exp loss = 0.034  adjusted loss = 0.034  adv prob = 0.166667   acc = 0.992
  gold_label_random = 1, sentence2_has_negation = 0  [n = 262]:	loss = 0.066  exp loss = 0.115  adjusted loss = 0.115  adv prob = 0.166667   acc = 0.977
  gold_label_random = 1, sentence2_has_negation = 1  [n = 278]:	loss = 0.119  exp loss = 0.103  adjusted loss = 0.103  adv prob = 0.166667   acc = 0.968
  gold_label_random = 2, sentence2_has_negation = 0  [n = 272]:	loss = 0.122  exp loss = 0.160  adjusted loss = 0.160  adv prob = 0.166667   acc = 0.949
  gold_label_random = 2, sentence2_has_negation = 1  [n = 254]:	loss = 0.183  exp loss = 0.122  adjusted loss = 0.122  adv prob = 0.166667   acc = 0.937
Average incurred loss: 0.111  
Average sample loss: 0.111  
Average acc: 0.962  
  gold_label_random = 0, sentence2_has_negation = 0  [n = 271]:	loss = 0.093  exp loss = 0.062  adjusted loss = 0.062  adv prob = 0.166667   acc = 0.963
  gold_label_random = 0, sentence2_has_negation = 1  [n = 267]:	loss = 0.039  exp loss = 0.039  adjusted loss = 0.039  adv prob = 0.166667   acc = 0.981
  gold_label_random = 1, sentence2_has_negation = 0  [n = 281]:	loss = 0.054  exp loss = 0.049  adjusted loss = 0.049  adv prob = 0.166667   acc = 0.986
  gold_label_random = 1, sentence2_has_negation = 1  [n = 259]:	loss = 0.151  exp loss = 0.159  adjusted loss = 0.159  adv prob = 0.166667   acc = 0.950
  gold_label_random = 2, sentence2_has_negation = 0  [n = 257]:	loss = 0.127  exp loss = 0.185  adjusted loss = 0.185  adv prob = 0.166667   acc = 0.949
  gold_label_random = 2, sentence2_has_negation = 1  [n = 265]:	loss = 0.207  exp loss = 0.323  adjusted loss = 0.323  adv prob = 0.166667   acc = 0.943
Average incurred loss: 0.115  
Average sample loss: 0.115  
Average acc: 0.963  
  gold_label_random = 0, sentence2_has_negation = 0  [n = 251]:	loss = 0.101  exp loss = 0.119  adjusted loss = 0.119  adv prob = 0.166667   acc = 0.968
  gold_label_random = 0, sentence2_has_negation = 1  [n = 252]:	loss = 0.058  exp loss = 0.160  adjusted loss = 0.160  adv prob = 0.166667   acc = 0.980
  gold_label_random = 1, sentence2_has_negation = 0  [n = 266]:	loss = 0.041  exp loss = 0.039  adjusted loss = 0.039  adv prob = 0.166667   acc = 0.992
  gold_label_random = 1, sentence2_has_negation = 1  [n = 268]:	loss = 0.111  exp loss = 0.117  adjusted loss = 0.117  adv prob = 0.166667   acc = 0.959
  gold_label_random = 2, sentence2_has_negation = 0  [n = 276]:	loss = 0.138  exp loss = 0.142  adjusted loss = 0.142  adv prob = 0.166667   acc = 0.957
  gold_label_random = 2, sentence2_has_negation = 1  [n = 287]:	loss = 0.228  exp loss = 0.282  adjusted loss = 0.282  adv prob = 0.166667   acc = 0.927
Average incurred loss: 0.101  
Average sample loss: 0.101  
Average acc: 0.964  
  gold_label_random = 0, sentence2_has_negation = 0  [n = 259]:	loss = 0.100  exp loss = 0.117  adjusted loss = 0.117  adv prob = 0.166667   acc = 0.965
  gold_label_random = 0, sentence2_has_negation = 1  [n = 283]:	loss = 0.048  exp loss = 0.051  adjusted loss = 0.051  adv prob = 0.166667   acc = 0.982
  gold_label_random = 1, sentence2_has_negation = 0  [n = 246]:	loss = 0.103  exp loss = 0.070  adjusted loss = 0.070  adv prob = 0.166667   acc = 0.967
  gold_label_random = 1, sentence2_has_negation = 1  [n = 251]:	loss = 0.103  exp loss = 0.101  adjusted loss = 0.101  adv prob = 0.166667   acc = 0.968
  gold_label_random = 2, sentence2_has_negation = 0  [n = 287]:	loss = 0.102  exp loss = 0.090  adjusted loss = 0.090  adv prob = 0.166667   acc = 0.965
  gold_label_random = 2, sentence2_has_negation = 1  [n = 274]:	loss = 0.154  exp loss = 0.208  adjusted loss = 0.208  adv prob = 0.166667   acc = 0.934
Average incurred loss: 0.121  
Average sample loss: 0.121  
Average acc: 0.955  
  gold_label_random = 0, sentence2_has_negation = 0  [n = 283]:	loss = 0.162  exp loss = 0.231  adjusted loss = 0.231  adv prob = 0.166667   acc = 0.947
  gold_label_random = 0, sentence2_has_negation = 1  [n = 247]:	loss = 0.041  exp loss = 0.057  adjusted loss = 0.057  adv prob = 0.166667   acc = 0.988
  gold_label_random = 1, sentence2_has_negation = 0  [n = 248]:	loss = 0.039  exp loss = 0.059  adjusted loss = 0.059  adv prob = 0.166667   acc = 0.984
  gold_label_random = 1, sentence2_has_negation = 1  [n = 279]:	loss = 0.171  exp loss = 0.250  adjusted loss = 0.250  adv prob = 0.166667   acc = 0.939
  gold_label_random = 2, sentence2_has_negation = 0  [n = 274]:	loss = 0.114  exp loss = 0.057  adjusted loss = 0.057  adv prob = 0.166667   acc = 0.949
  gold_label_random = 2, sentence2_has_negation = 1  [n = 269]:	loss = 0.182  exp loss = 0.298  adjusted loss = 0.298  adv prob = 0.166667   acc = 0.929
Average incurred loss: 0.119  
Average sample loss: 0.119  
Average acc: 0.961  
  gold_label_random = 0, sentence2_has_negation = 0  [n = 274]:	loss = 0.123  exp loss = 0.183  adjusted loss = 0.183  adv prob = 0.166667   acc = 0.953
  gold_label_random = 0, sentence2_has_negation = 1  [n = 276]:	loss = 0.046  exp loss = 0.026  adjusted loss = 0.026  adv prob = 0.166667   acc = 0.986
  gold_label_random = 1, sentence2_has_negation = 0  [n = 269]:	loss = 0.039  exp loss = 0.039  adjusted loss = 0.039  adv prob = 0.166667   acc = 0.985
  gold_label_random = 1, sentence2_has_negation = 1  [n = 277]:	loss = 0.171  exp loss = 0.108  adjusted loss = 0.108  adv prob = 0.166667   acc = 0.939
  gold_label_random = 2, sentence2_has_negation = 0  [n = 263]:	loss = 0.086  exp loss = 0.054  adjusted loss = 0.054  adv prob = 0.166667   acc = 0.970
  gold_label_random = 2, sentence2_has_negation = 1  [n = 241]:	loss = 0.263  exp loss = 0.290  adjusted loss = 0.290  adv prob = 0.166667   acc = 0.929
Average incurred loss: 0.099  
Average sample loss: 0.099  
Average acc: 0.964  
  gold_label_random = 0, sentence2_has_negation = 0  [n = 251]:	loss = 0.149  exp loss = 0.152  adjusted loss = 0.152  adv prob = 0.166667   acc = 0.956
  gold_label_random = 0, sentence2_has_negation = 1  [n = 269]:	loss = 0.052  exp loss = 0.028  adjusted loss = 0.028  adv prob = 0.166667   acc = 0.981
  gold_label_random = 1, sentence2_has_negation = 0  [n = 255]:	loss = 0.075  exp loss = 0.049  adjusted loss = 0.049  adv prob = 0.166667   acc = 0.980
  gold_label_random = 1, sentence2_has_negation = 1  [n = 252]:	loss = 0.077  exp loss = 0.085  adjusted loss = 0.085  adv prob = 0.166667   acc = 0.972
  gold_label_random = 2, sentence2_has_negation = 0  [n = 304]:	loss = 0.059  exp loss = 0.038  adjusted loss = 0.038  adv prob = 0.166667   acc = 0.977
  gold_label_random = 2, sentence2_has_negation = 1  [n = 269]:	loss = 0.188  exp loss = 0.076  adjusted loss = 0.076  adv prob = 0.166667   acc = 0.918
Average incurred loss: 0.116  
Average sample loss: 0.116  
Average acc: 0.967  
  gold_label_random = 0, sentence2_has_negation = 0  [n = 281]:	loss = 0.149  exp loss = 0.105  adjusted loss = 0.105  adv prob = 0.166667   acc = 0.943
  gold_label_random = 0, sentence2_has_negation = 1  [n = 256]:	loss = 0.048  exp loss = 0.048  adjusted loss = 0.048  adv prob = 0.166667   acc = 0.984
  gold_label_random = 1, sentence2_has_negation = 0  [n = 257]:	loss = 0.081  exp loss = 0.027  adjusted loss = 0.027  adv prob = 0.166667   acc = 0.984
  gold_label_random = 1, sentence2_has_negation = 1  [n = 279]:	loss = 0.108  exp loss = 0.115  adjusted loss = 0.115  adv prob = 0.166667   acc = 0.971
  gold_label_random = 2, sentence2_has_negation = 0  [n = 266]:	loss = 0.134  exp loss = 0.103  adjusted loss = 0.103  adv prob = 0.166667   acc = 0.962
  gold_label_random = 2, sentence2_has_negation = 1  [n = 261]:	loss = 0.174  exp loss = 0.202  adjusted loss = 0.202  adv prob = 0.166667   acc = 0.962
Average incurred loss: 0.118  
Average sample loss: 0.118  
Average acc: 0.962  
  gold_label_random = 0, sentence2_has_negation = 0  [n = 244]:	loss = 0.152  exp loss = 0.124  adjusted loss = 0.124  adv prob = 0.166667   acc = 0.939
  gold_label_random = 0, sentence2_has_negation = 1  [n = 268]:	loss = 0.028  exp loss = 0.044  adjusted loss = 0.044  adv prob = 0.166667   acc = 0.993
  gold_label_random = 1, sentence2_has_negation = 0  [n = 297]:	loss = 0.074  exp loss = 0.082  adjusted loss = 0.082  adv prob = 0.166667   acc = 0.980
  gold_label_random = 1, sentence2_has_negation = 1  [n = 259]:	loss = 0.107  exp loss = 0.186  adjusted loss = 0.186  adv prob = 0.166667   acc = 0.973
  gold_label_random = 2, sentence2_has_negation = 0  [n = 274]:	loss = 0.151  exp loss = 0.185  adjusted loss = 0.185  adv prob = 0.166667   acc = 0.949
  gold_label_random = 2, sentence2_has_negation = 1  [n = 258]:	loss = 0.207  exp loss = 0.219  adjusted loss = 0.219  adv prob = 0.166667   acc = 0.934
Average incurred loss: 0.098  
Average sample loss: 0.098  
Average acc: 0.967  
  gold_label_random = 0, sentence2_has_negation = 0  [n = 255]:	loss = 0.081  exp loss = 0.074  adjusted loss = 0.074  adv prob = 0.166667   acc = 0.965
  gold_label_random = 0, sentence2_has_negation = 1  [n = 250]:	loss = 0.040  exp loss = 0.024  adjusted loss = 0.024  adv prob = 0.166667   acc = 0.984
  gold_label_random = 1, sentence2_has_negation = 0  [n = 285]:	loss = 0.079  exp loss = 0.078  adjusted loss = 0.078  adv prob = 0.166667   acc = 0.965
  gold_label_random = 1, sentence2_has_negation = 1  [n = 274]:	loss = 0.103  exp loss = 0.055  adjusted loss = 0.055  adv prob = 0.166667   acc = 0.974
  gold_label_random = 2, sentence2_has_negation = 0  [n = 256]:	loss = 0.091  exp loss = 0.292  adjusted loss = 0.292  adv prob = 0.166667   acc = 0.969
  gold_label_random = 2, sentence2_has_negation = 1  [n = 280]:	loss = 0.185  exp loss = 0.165  adjusted loss = 0.165  adv prob = 0.166667   acc = 0.946
Average incurred loss: 0.108  
Average sample loss: 0.108  
Average acc: 0.971  
  gold_label_random = 0, sentence2_has_negation = 0  [n = 275]:	loss = 0.161  exp loss = 0.192  adjusted loss = 0.192  adv prob = 0.166667   acc = 0.964
  gold_label_random = 0, sentence2_has_negation = 1  [n = 273]:	loss = 0.053  exp loss = 0.041  adjusted loss = 0.041  adv prob = 0.166667   acc = 0.989
  gold_label_random = 1, sentence2_has_negation = 0  [n = 258]:	loss = 0.075  exp loss = 0.164  adjusted loss = 0.164  adv prob = 0.166667   acc = 0.981
  gold_label_random = 1, sentence2_has_negation = 1  [n = 231]:	loss = 0.083  exp loss = 0.055  adjusted loss = 0.055  adv prob = 0.166667   acc = 0.983
  gold_label_random = 2, sentence2_has_negation = 0  [n = 306]:	loss = 0.087  exp loss = 0.137  adjusted loss = 0.137  adv prob = 0.166667   acc = 0.974
  gold_label_random = 2, sentence2_has_negation = 1  [n = 257]:	loss = 0.190  exp loss = 0.221  adjusted loss = 0.221  adv prob = 0.166667   acc = 0.934
Average incurred loss: 0.129  
Average sample loss: 0.129  
Average acc: 0.954  
  gold_label_random = 0, sentence2_has_negation = 0  [n = 250]:	loss = 0.122  exp loss = 0.074  adjusted loss = 0.074  adv prob = 0.166667   acc = 0.956
  gold_label_random = 0, sentence2_has_negation = 1  [n = 249]:	loss = 0.067  exp loss = 0.070  adjusted loss = 0.070  adv prob = 0.166667   acc = 0.972
  gold_label_random = 1, sentence2_has_negation = 0  [n = 291]:	loss = 0.057  exp loss = 0.044  adjusted loss = 0.044  adv prob = 0.166667   acc = 0.979
  gold_label_random = 1, sentence2_has_negation = 1  [n = 278]:	loss = 0.218  exp loss = 0.095  adjusted loss = 0.095  adv prob = 0.166667   acc = 0.946
  gold_label_random = 2, sentence2_has_negation = 0  [n = 257]:	loss = 0.102  exp loss = 0.170  adjusted loss = 0.170  adv prob = 0.166667   acc = 0.957
  gold_label_random = 2, sentence2_has_negation = 1  [n = 275]:	loss = 0.203  exp loss = 0.203  adjusted loss = 0.203  adv prob = 0.166667   acc = 0.916
Average incurred loss: 0.141  
Average sample loss: 0.141  
Average acc: 0.959  
  gold_label_random = 0, sentence2_has_negation = 0  [n = 263]:	loss = 0.174  exp loss = 0.232  adjusted loss = 0.232  adv prob = 0.166667   acc = 0.939
  gold_label_random = 0, sentence2_has_negation = 1  [n = 243]:	loss = 0.064  exp loss = 0.035  adjusted loss = 0.035  adv prob = 0.166667   acc = 0.984
  gold_label_random = 1, sentence2_has_negation = 0  [n = 251]:	loss = 0.042  exp loss = 0.039  adjusted loss = 0.039  adv prob = 0.166667   acc = 0.992
  gold_label_random = 1, sentence2_has_negation = 1  [n = 276]:	loss = 0.126  exp loss = 0.121  adjusted loss = 0.121  adv prob = 0.166667   acc = 0.960
  gold_label_random = 2, sentence2_has_negation = 0  [n = 296]:	loss = 0.140  exp loss = 0.187  adjusted loss = 0.187  adv prob = 0.166667   acc = 0.959
  gold_label_random = 2, sentence2_has_negation = 1  [n = 271]:	loss = 0.285  exp loss = 0.338  adjusted loss = 0.338  adv prob = 0.166667   acc = 0.923
Average incurred loss: 0.105  
Average sample loss: 0.105  
Average acc: 0.965  
  gold_label_random = 0, sentence2_has_negation = 0  [n = 262]:	loss = 0.120  exp loss = 0.166  adjusted loss = 0.166  adv prob = 0.166667   acc = 0.958
  gold_label_random = 0, sentence2_has_negation = 1  [n = 286]:	loss = 0.032  exp loss = 0.044  adjusted loss = 0.044  adv prob = 0.166667   acc = 0.986
  gold_label_random = 1, sentence2_has_negation = 0  [n = 290]:	loss = 0.049  exp loss = 0.025  adjusted loss = 0.025  adv prob = 0.166667   acc = 0.983
  gold_label_random = 1, sentence2_has_negation = 1  [n = 253]:	loss = 0.118  exp loss = 0.159  adjusted loss = 0.159  adv prob = 0.166667   acc = 0.964
  gold_label_random = 2, sentence2_has_negation = 0  [n = 244]:	loss = 0.139  exp loss = 0.162  adjusted loss = 0.162  adv prob = 0.166667   acc = 0.963
  gold_label_random = 2, sentence2_has_negation = 1  [n = 265]:	loss = 0.186  exp loss = 0.160  adjusted loss = 0.160  adv prob = 0.166667   acc = 0.932
Average incurred loss: 0.116  
Average sample loss: 0.116  
Average acc: 0.962  
  gold_label_random = 0, sentence2_has_negation = 0  [n = 271]:	loss = 0.132  exp loss = 0.090  adjusted loss = 0.090  adv prob = 0.166667   acc = 0.948
  gold_label_random = 0, sentence2_has_negation = 1  [n = 274]:	loss = 0.045  exp loss = 0.031  adjusted loss = 0.031  adv prob = 0.166667   acc = 0.982
  gold_label_random = 1, sentence2_has_negation = 0  [n = 264]:	loss = 0.041  exp loss = 0.023  adjusted loss = 0.023  adv prob = 0.166667   acc = 0.989
  gold_label_random = 1, sentence2_has_negation = 1  [n = 242]:	loss = 0.152  exp loss = 0.204  adjusted loss = 0.204  adv prob = 0.166667   acc = 0.955
  gold_label_random = 2, sentence2_has_negation = 0  [n = 265]:	loss = 0.087  exp loss = 0.132  adjusted loss = 0.132  adv prob = 0.166667   acc = 0.974
  gold_label_random = 2, sentence2_has_negation = 1  [n = 284]:	loss = 0.236  exp loss = 0.223  adjusted loss = 0.223  adv prob = 0.166667   acc = 0.926
Average incurred loss: 0.103  
Average sample loss: 0.103  
Average acc: 0.961  
  gold_label_random = 0, sentence2_has_negation = 0  [n = 241]:	loss = 0.116  exp loss = 0.097  adjusted loss = 0.097  adv prob = 0.166667   acc = 0.954
  gold_label_random = 0, sentence2_has_negation = 1  [n = 268]:	loss = 0.030  exp loss = 0.012  adjusted loss = 0.012  adv prob = 0.166667   acc = 0.989
  gold_label_random = 1, sentence2_has_negation = 0  [n = 266]:	loss = 0.114  exp loss = 0.050  adjusted loss = 0.050  adv prob = 0.166667   acc = 0.970
  gold_label_random = 1, sentence2_has_negation = 1  [n = 269]:	loss = 0.094  exp loss = 0.096  adjusted loss = 0.096  adv prob = 0.166667   acc = 0.974
  gold_label_random = 2, sentence2_has_negation = 0  [n = 266]:	loss = 0.059  exp loss = 0.086  adjusted loss = 0.086  adv prob = 0.166667   acc = 0.959
  gold_label_random = 2, sentence2_has_negation = 1  [n = 290]:	loss = 0.196  exp loss = 0.164  adjusted loss = 0.164  adv prob = 0.166667   acc = 0.921
Average incurred loss: 0.093  
Average sample loss: 0.093  
Average acc: 0.967  
  gold_label_random = 0, sentence2_has_negation = 0  [n = 280]:	loss = 0.071  exp loss = 0.083  adjusted loss = 0.083  adv prob = 0.166667   acc = 0.961
  gold_label_random = 0, sentence2_has_negation = 1  [n = 253]:	loss = 0.023  exp loss = 0.020  adjusted loss = 0.020  adv prob = 0.166667   acc = 0.996
  gold_label_random = 1, sentence2_has_negation = 0  [n = 269]:	loss = 0.036  exp loss = 0.040  adjusted loss = 0.040  adv prob = 0.166667   acc = 0.993
  gold_label_random = 1, sentence2_has_negation = 1  [n = 268]:	loss = 0.105  exp loss = 0.072  adjusted loss = 0.072  adv prob = 0.166667   acc = 0.963
  gold_label_random = 2, sentence2_has_negation = 0  [n = 267]:	loss = 0.113  exp loss = 0.083  adjusted loss = 0.083  adv prob = 0.166667   acc = 0.955
  gold_label_random = 2, sentence2_has_negation = 1  [n = 263]:	loss = 0.208  exp loss = 0.114  adjusted loss = 0.114  adv prob = 0.166667   acc = 0.939
Average incurred loss: 0.116  
Average sample loss: 0.116  
Average acc: 0.962  
  gold_label_random = 0, sentence2_has_negation = 0  [n = 262]:	loss = 0.174  exp loss = 0.223  adjusted loss = 0.223  adv prob = 0.166667   acc = 0.958
  gold_label_random = 0, sentence2_has_negation = 1  [n = 248]:	loss = 0.035  exp loss = 0.022  adjusted loss = 0.022  adv prob = 0.166667   acc = 0.992
  gold_label_random = 1, sentence2_has_negation = 0  [n = 258]:	loss = 0.065  exp loss = 0.086  adjusted loss = 0.086  adv prob = 0.166667   acc = 0.984
  gold_label_random = 1, sentence2_has_negation = 1  [n = 272]:	loss = 0.102  exp loss = 0.171  adjusted loss = 0.171  adv prob = 0.166667   acc = 0.971
  gold_label_random = 2, sentence2_has_negation = 0  [n = 281]:	loss = 0.140  exp loss = 0.092  adjusted loss = 0.092  adv prob = 0.166667   acc = 0.943
  gold_label_random = 2, sentence2_has_negation = 1  [n = 279]:	loss = 0.170  exp loss = 0.109  adjusted loss = 0.109  adv prob = 0.166667   acc = 0.928
Average incurred loss: 0.080  
Average sample loss: 0.080  
Average acc: 0.976  
  gold_label_random = 0, sentence2_has_negation = 0  [n = 286]:	loss = 0.094  exp loss = 0.101  adjusted loss = 0.101  adv prob = 0.166667   acc = 0.969
  gold_label_random = 0, sentence2_has_negation = 1  [n = 255]:	loss = 0.042  exp loss = 0.020  adjusted loss = 0.020  adv prob = 0.166667   acc = 0.988
  gold_label_random = 1, sentence2_has_negation = 0  [n = 256]:	loss = 0.018  exp loss = 0.013  adjusted loss = 0.013  adv prob = 0.166667   acc = 1.000
  gold_label_random = 1, sentence2_has_negation = 1  [n = 273]:	loss = 0.138  exp loss = 0.338  adjusted loss = 0.338  adv prob = 0.166667   acc = 0.960
  gold_label_random = 2, sentence2_has_negation = 0  [n = 269]:	loss = 0.077  exp loss = 0.124  adjusted loss = 0.124  adv prob = 0.166667   acc = 0.974
  gold_label_random = 2, sentence2_has_negation = 1  [n = 261]:	loss = 0.107  exp loss = 0.076  adjusted loss = 0.076  adv prob = 0.166667   acc = 0.969
Average incurred loss: 0.129  
Average sample loss: 0.129  
Average acc: 0.961  
  gold_label_random = 0, sentence2_has_negation = 0  [n = 247]:	loss = 0.161  exp loss = 0.090  adjusted loss = 0.090  adv prob = 0.166667   acc = 0.951
  gold_label_random = 0, sentence2_has_negation = 1  [n = 202]:	loss = 0.056  exp loss = 0.043  adjusted loss = 0.043  adv prob = 0.166667   acc = 0.985
  gold_label_random = 1, sentence2_has_negation = 0  [n = 229]:	loss = 0.108  exp loss = 0.051  adjusted loss = 0.051  adv prob = 0.166667   acc = 0.974
  gold_label_random = 1, sentence2_has_negation = 1  [n = 250]:	loss = 0.133  exp loss = 0.102  adjusted loss = 0.102  adv prob = 0.166667   acc = 0.956
  gold_label_random = 2, sentence2_has_negation = 0  [n = 234]:	loss = 0.117  exp loss = 0.160  adjusted loss = 0.160  adv prob = 0.166667   acc = 0.966
  gold_label_random = 2, sentence2_has_negation = 1  [n = 213]:	loss = 0.194  exp loss = 0.135  adjusted loss = 0.135  adv prob = 0.166667   acc = 0.934

Validation:
Average incurred loss: 0.700  
Average sample loss: 0.700  
Average acc: 0.822  
  gold_label_random = 0, sentence2_has_negation = 0  [n = 22814]:	loss = 0.866  exp loss = 1.002  adjusted loss = 1.002  adv prob = 0.166667   acc = 0.790
  gold_label_random = 0, sentence2_has_negation = 1  [n = 4634]:	loss = 0.225  exp loss = 0.332  adjusted loss = 0.332  adv prob = 0.166667   acc = 0.942
  gold_label_random = 1, sentence2_has_negation = 0  [n = 26949]:	loss = 0.647  exp loss = 0.680  adjusted loss = 0.680  adv prob = 0.166667   acc = 0.844
  gold_label_random = 1, sentence2_has_negation = 1  [n = 613]:	loss = 1.075  exp loss = 0.504  adjusted loss = 0.504  adv prob = 0.166667   acc = 0.741
  gold_label_random = 2, sentence2_has_negation = 0  [n = 26655]:	loss = 0.676  exp loss = 0.764  adjusted loss = 0.764  adv prob = 0.166667   acc = 0.811
  gold_label_random = 2, sentence2_has_negation = 1  [n = 797]:	loss = 1.057  exp loss = 1.239  adjusted loss = 1.239  adv prob = 0.166667   acc = 0.700
Current lr: 0.000016
Current lr: 0.000016
Current validation accuracy: 0.7001256346702576
Best model saved at epoch 0


Epoch [1]:
Training:
Average incurred loss: 0.124  
Average sample loss: 0.124  
Average acc: 0.957  
  gold_label_random = 0, sentence2_has_negation = 0  [n = 267]:	loss = 0.147  exp loss = 0.142  adjusted loss = 0.142  adv prob = 0.166667   acc = 0.948
  gold_label_random = 0, sentence2_has_negation = 1  [n = 280]:	loss = 0.080  exp loss = 0.090  adjusted loss = 0.090  adv prob = 0.166667   acc = 0.975
  gold_label_random = 1, sentence2_has_negation = 0  [n = 251]:	loss = 0.060  exp loss = 0.044  adjusted loss = 0.044  adv prob = 0.166667   acc = 0.984
  gold_label_random = 1, sentence2_has_negation = 1  [n = 262]:	loss = 0.141  exp loss = 0.107  adjusted loss = 0.107  adv prob = 0.166667   acc = 0.954
  gold_label_random = 2, sentence2_has_negation = 0  [n = 265]:	loss = 0.105  exp loss = 0.088  adjusted loss = 0.088  adv prob = 0.166667   acc = 0.962
  gold_label_random = 2, sentence2_has_negation = 1  [n = 275]:	loss = 0.207  exp loss = 0.170  adjusted loss = 0.170  adv prob = 0.166667   acc = 0.924
Average incurred loss: 0.136  
Average sample loss: 0.136  
Average acc: 0.960  
  gold_label_random = 0, sentence2_has_negation = 0  [n = 254]:	loss = 0.129  exp loss = 0.096  adjusted loss = 0.096  adv prob = 0.166667   acc = 0.961
  gold_label_random = 0, sentence2_has_negation = 1  [n = 275]:	loss = 0.042  exp loss = 0.047  adjusted loss = 0.047  adv prob = 0.166667   acc = 0.985
  gold_label_random = 1, sentence2_has_negation = 0  [n = 289]:	loss = 0.090  exp loss = 0.096  adjusted loss = 0.096  adv prob = 0.166667   acc = 0.976
  gold_label_random = 1, sentence2_has_negation = 1  [n = 264]:	loss = 0.148  exp loss = 0.151  adjusted loss = 0.151  adv prob = 0.166667   acc = 0.966
  gold_label_random = 2, sentence2_has_negation = 0  [n = 251]:	loss = 0.168  exp loss = 0.180  adjusted loss = 0.180  adv prob = 0.166667   acc = 0.936
  gold_label_random = 2, sentence2_has_negation = 1  [n = 267]:	loss = 0.245  exp loss = 0.165  adjusted loss = 0.165  adv prob = 0.166667   acc = 0.933
Average incurred loss: 0.100  
Average sample loss: 0.100  
Average acc: 0.965  
  gold_label_random = 0, sentence2_has_negation = 0  [n = 269]:	loss = 0.117  exp loss = 0.099  adjusted loss = 0.099  adv prob = 0.166667   acc = 0.955
  gold_label_random = 0, sentence2_has_negation = 1  [n = 284]:	loss = 0.046  exp loss = 0.059  adjusted loss = 0.059  adv prob = 0.166667   acc = 0.979
  gold_label_random = 1, sentence2_has_negation = 0  [n = 263]:	loss = 0.066  exp loss = 0.057  adjusted loss = 0.057  adv prob = 0.166667   acc = 0.981
  gold_label_random = 1, sentence2_has_negation = 1  [n = 263]:	loss = 0.065  exp loss = 0.040  adjusted loss = 0.040  adv prob = 0.166667   acc = 0.981
  gold_label_random = 2, sentence2_has_negation = 0  [n = 270]:	loss = 0.119  exp loss = 0.121  adjusted loss = 0.121  adv prob = 0.166667   acc = 0.963
  gold_label_random = 2, sentence2_has_negation = 1  [n = 251]:	loss = 0.194  exp loss = 0.258  adjusted loss = 0.258  adv prob = 0.166667   acc = 0.928
Average incurred loss: 0.125  
Average sample loss: 0.125  
Average acc: 0.957  
  gold_label_random = 0, sentence2_has_negation = 0  [n = 279]:	loss = 0.164  exp loss = 0.103  adjusted loss = 0.103  adv prob = 0.166667   acc = 0.935
  gold_label_random = 0, sentence2_has_negation = 1  [n = 266]:	loss = 0.042  exp loss = 0.036  adjusted loss = 0.036  adv prob = 0.166667   acc = 0.985
  gold_label_random = 1, sentence2_has_negation = 0  [n = 269]:	loss = 0.073  exp loss = 0.114  adjusted loss = 0.114  adv prob = 0.166667   acc = 0.985
  gold_label_random = 1, sentence2_has_negation = 1  [n = 255]:	loss = 0.146  exp loss = 0.132  adjusted loss = 0.132  adv prob = 0.166667   acc = 0.961
  gold_label_random = 2, sentence2_has_negation = 0  [n = 260]:	loss = 0.116  exp loss = 0.086  adjusted loss = 0.086  adv prob = 0.166667   acc = 0.950
  gold_label_random = 2, sentence2_has_negation = 1  [n = 271]:	loss = 0.205  exp loss = 0.200  adjusted loss = 0.200  adv prob = 0.166667   acc = 0.926
Average incurred loss: 0.104  
Average sample loss: 0.104  
Average acc: 0.967  
  gold_label_random = 0, sentence2_has_negation = 0  [n = 252]:	loss = 0.127  exp loss = 0.132  adjusted loss = 0.132  adv prob = 0.166667   acc = 0.952
  gold_label_random = 0, sentence2_has_negation = 1  [n = 231]:	loss = 0.022  exp loss = 0.025  adjusted loss = 0.025  adv prob = 0.166667   acc = 1.000
  gold_label_random = 1, sentence2_has_negation = 0  [n = 271]:	loss = 0.064  exp loss = 0.103  adjusted loss = 0.103  adv prob = 0.166667   acc = 0.985
  gold_label_random = 1, sentence2_has_negation = 1  [n = 282]:	loss = 0.111  exp loss = 0.120  adjusted loss = 0.120  adv prob = 0.166667   acc = 0.961
  gold_label_random = 2, sentence2_has_negation = 0  [n = 271]:	loss = 0.102  exp loss = 0.154  adjusted loss = 0.154  adv prob = 0.166667   acc = 0.959
  gold_label_random = 2, sentence2_has_negation = 1  [n = 293]:	loss = 0.183  exp loss = 0.200  adjusted loss = 0.200  adv prob = 0.166667   acc = 0.949
Average incurred loss: 0.109  
Average sample loss: 0.109  
Average acc: 0.968  
  gold_label_random = 0, sentence2_has_negation = 0  [n = 274]:	loss = 0.114  exp loss = 0.101  adjusted loss = 0.101  adv prob = 0.166667   acc = 0.956
  gold_label_random = 0, sentence2_has_negation = 1  [n = 269]:	loss = 0.030  exp loss = 0.023  adjusted loss = 0.023  adv prob = 0.166667   acc = 0.993
  gold_label_random = 1, sentence2_has_negation = 0  [n = 251]:	loss = 0.071  exp loss = 0.063  adjusted loss = 0.063  adv prob = 0.166667   acc = 0.988
  gold_label_random = 1, sentence2_has_negation = 1  [n = 267]:	loss = 0.145  exp loss = 0.155  adjusted loss = 0.155  adv prob = 0.166667   acc = 0.959
  gold_label_random = 2, sentence2_has_negation = 0  [n = 264]:	loss = 0.111  exp loss = 0.060  adjusted loss = 0.060  adv prob = 0.166667   acc = 0.966
  gold_label_random = 2, sentence2_has_negation = 1  [n = 275]:	loss = 0.176  exp loss = 0.183  adjusted loss = 0.183  adv prob = 0.166667   acc = 0.945
Average incurred loss: 0.091  
Average sample loss: 0.091  
Average acc: 0.971  
  gold_label_random = 0, sentence2_has_negation = 0  [n = 273]:	loss = 0.110  exp loss = 0.066  adjusted loss = 0.066  adv prob = 0.166667   acc = 0.963
  gold_label_random = 0, sentence2_has_negation = 1  [n = 274]:	loss = 0.043  exp loss = 0.046  adjusted loss = 0.046  adv prob = 0.166667   acc = 0.985
  gold_label_random = 1, sentence2_has_negation = 0  [n = 271]:	loss = 0.054  exp loss = 0.069  adjusted loss = 0.069  adv prob = 0.166667   acc = 0.989
  gold_label_random = 1, sentence2_has_negation = 1  [n = 284]:	loss = 0.101  exp loss = 0.105  adjusted loss = 0.105  adv prob = 0.166667   acc = 0.965
  gold_label_random = 2, sentence2_has_negation = 0  [n = 246]:	loss = 0.101  exp loss = 0.081  adjusted loss = 0.081  adv prob = 0.166667   acc = 0.967
  gold_label_random = 2, sentence2_has_negation = 1  [n = 252]:	loss = 0.143  exp loss = 0.068  adjusted loss = 0.068  adv prob = 0.166667   acc = 0.952
Average incurred loss: 0.136  
Average sample loss: 0.136  
Average acc: 0.956  
  gold_label_random = 0, sentence2_has_negation = 0  [n = 231]:	loss = 0.135  exp loss = 0.214  adjusted loss = 0.214  adv prob = 0.166667   acc = 0.952
  gold_label_random = 0, sentence2_has_negation = 1  [n = 283]:	loss = 0.065  exp loss = 0.142  adjusted loss = 0.142  adv prob = 0.166667   acc = 0.972
  gold_label_random = 1, sentence2_has_negation = 0  [n = 288]:	loss = 0.034  exp loss = 0.034  adjusted loss = 0.034  adv prob = 0.166667   acc = 0.993
  gold_label_random = 1, sentence2_has_negation = 1  [n = 266]:	loss = 0.137  exp loss = 0.134  adjusted loss = 0.134  adv prob = 0.166667   acc = 0.955
  gold_label_random = 2, sentence2_has_negation = 0  [n = 251]:	loss = 0.153  exp loss = 0.138  adjusted loss = 0.138  adv prob = 0.166667   acc = 0.952
  gold_label_random = 2, sentence2_has_negation = 1  [n = 281]:	loss = 0.298  exp loss = 0.474  adjusted loss = 0.474  adv prob = 0.166667   acc = 0.907
Average incurred loss: 0.096  
Average sample loss: 0.096  
Average acc: 0.969  
  gold_label_random = 0, sentence2_has_negation = 0  [n = 246]:	loss = 0.097  exp loss = 0.193  adjusted loss = 0.193  adv prob = 0.166667   acc = 0.976
  gold_label_random = 0, sentence2_has_negation = 1  [n = 267]:	loss = 0.024  exp loss = 0.028  adjusted loss = 0.028  adv prob = 0.166667   acc = 0.993
  gold_label_random = 1, sentence2_has_negation = 0  [n = 274]:	loss = 0.051  exp loss = 0.065  adjusted loss = 0.065  adv prob = 0.166667   acc = 0.982
  gold_label_random = 1, sentence2_has_negation = 1  [n = 273]:	loss = 0.147  exp loss = 0.143  adjusted loss = 0.143  adv prob = 0.166667   acc = 0.960
  gold_label_random = 2, sentence2_has_negation = 0  [n = 262]:	loss = 0.111  exp loss = 0.140  adjusted loss = 0.140  adv prob = 0.166667   acc = 0.954
  gold_label_random = 2, sentence2_has_negation = 1  [n = 278]:	loss = 0.146  exp loss = 0.165  adjusted loss = 0.165  adv prob = 0.166667   acc = 0.950
Average incurred loss: 0.121  
Average sample loss: 0.121  
Average acc: 0.967  
  gold_label_random = 0, sentence2_has_negation = 0  [n = 269]:	loss = 0.137  exp loss = 0.086  adjusted loss = 0.086  adv prob = 0.166667   acc = 0.967
  gold_label_random = 0, sentence2_has_negation = 1  [n = 276]:	loss = 0.041  exp loss = 0.033  adjusted loss = 0.033  adv prob = 0.166667   acc = 0.986
  gold_label_random = 1, sentence2_has_negation = 0  [n = 245]:	loss = 0.068  exp loss = 0.093  adjusted loss = 0.093  adv prob = 0.166667   acc = 0.984
  gold_label_random = 1, sentence2_has_negation = 1  [n = 265]:	loss = 0.185  exp loss = 0.152  adjusted loss = 0.152  adv prob = 0.166667   acc = 0.955
  gold_label_random = 2, sentence2_has_negation = 0  [n = 265]:	loss = 0.106  exp loss = 0.114  adjusted loss = 0.114  adv prob = 0.166667   acc = 0.974
  gold_label_random = 2, sentence2_has_negation = 1  [n = 280]:	loss = 0.184  exp loss = 0.119  adjusted loss = 0.119  adv prob = 0.166667   acc = 0.939
Average incurred loss: 0.114  
Average sample loss: 0.114  
Average acc: 0.964  
  gold_label_random = 0, sentence2_has_negation = 0  [n = 265]:	loss = 0.149  exp loss = 0.158  adjusted loss = 0.158  adv prob = 0.166667   acc = 0.958
  gold_label_random = 0, sentence2_has_negation = 1  [n = 270]:	loss = 0.068  exp loss = 0.040  adjusted loss = 0.040  adv prob = 0.166667   acc = 0.978
  gold_label_random = 1, sentence2_has_negation = 0  [n = 275]:	loss = 0.094  exp loss = 0.083  adjusted loss = 0.083  adv prob = 0.166667   acc = 0.975
  gold_label_random = 1, sentence2_has_negation = 1  [n = 236]:	loss = 0.093  exp loss = 0.069  adjusted loss = 0.069  adv prob = 0.166667   acc = 0.970
  gold_label_random = 2, sentence2_has_negation = 0  [n = 275]:	loss = 0.123  exp loss = 0.095  adjusted loss = 0.095  adv prob = 0.166667   acc = 0.960
  gold_label_random = 2, sentence2_has_negation = 1  [n = 279]:	loss = 0.154  exp loss = 0.160  adjusted loss = 0.160  adv prob = 0.166667   acc = 0.943
Average incurred loss: 0.133  
Average sample loss: 0.133  
Average acc: 0.957  
  gold_label_random = 0, sentence2_has_negation = 0  [n = 272]:	loss = 0.186  exp loss = 0.184  adjusted loss = 0.184  adv prob = 0.166667   acc = 0.937
  gold_label_random = 0, sentence2_has_negation = 1  [n = 280]:	loss = 0.078  exp loss = 0.050  adjusted loss = 0.050  adv prob = 0.166667   acc = 0.968
  gold_label_random = 1, sentence2_has_negation = 0  [n = 273]:	loss = 0.064  exp loss = 0.056  adjusted loss = 0.056  adv prob = 0.166667   acc = 0.982
  gold_label_random = 1, sentence2_has_negation = 1  [n = 260]:	loss = 0.126  exp loss = 0.094  adjusted loss = 0.094  adv prob = 0.166667   acc = 0.965
  gold_label_random = 2, sentence2_has_negation = 0  [n = 257]:	loss = 0.108  exp loss = 0.120  adjusted loss = 0.120  adv prob = 0.166667   acc = 0.965
  gold_label_random = 2, sentence2_has_negation = 1  [n = 258]:	loss = 0.240  exp loss = 0.376  adjusted loss = 0.376  adv prob = 0.166667   acc = 0.926
Average incurred loss: 0.088  
Average sample loss: 0.088  
Average acc: 0.970  
  gold_label_random = 0, sentence2_has_negation = 0  [n = 249]:	loss = 0.156  exp loss = 0.162  adjusted loss = 0.162  adv prob = 0.166667   acc = 0.944
  gold_label_random = 0, sentence2_has_negation = 1  [n = 263]:	loss = 0.023  exp loss = 0.027  adjusted loss = 0.027  adv prob = 0.166667   acc = 0.996
  gold_label_random = 1, sentence2_has_negation = 0  [n = 278]:	loss = 0.060  exp loss = 0.063  adjusted loss = 0.063  adv prob = 0.166667   acc = 0.982
  gold_label_random = 1, sentence2_has_negation = 1  [n = 280]:	loss = 0.101  exp loss = 0.120  adjusted loss = 0.120  adv prob = 0.166667   acc = 0.968
  gold_label_random = 2, sentence2_has_negation = 0  [n = 273]:	loss = 0.073  exp loss = 0.074  adjusted loss = 0.074  adv prob = 0.166667   acc = 0.967
  gold_label_random = 2, sentence2_has_negation = 1  [n = 257]:	loss = 0.120  exp loss = 0.117  adjusted loss = 0.117  adv prob = 0.166667   acc = 0.961
Average incurred loss: 0.101  
Average sample loss: 0.101  
Average acc: 0.963  
  gold_label_random = 0, sentence2_has_negation = 0  [n = 289]:	loss = 0.120  exp loss = 0.165  adjusted loss = 0.165  adv prob = 0.166667   acc = 0.958
  gold_label_random = 0, sentence2_has_negation = 1  [n = 261]:	loss = 0.030  exp loss = 0.046  adjusted loss = 0.046  adv prob = 0.166667   acc = 0.992
  gold_label_random = 1, sentence2_has_negation = 0  [n = 249]:	loss = 0.062  exp loss = 0.070  adjusted loss = 0.070  adv prob = 0.166667   acc = 0.976
  gold_label_random = 1, sentence2_has_negation = 1  [n = 251]:	loss = 0.116  exp loss = 0.069  adjusted loss = 0.069  adv prob = 0.166667   acc = 0.956
  gold_label_random = 2, sentence2_has_negation = 0  [n = 272]:	loss = 0.065  exp loss = 0.052  adjusted loss = 0.052  adv prob = 0.166667   acc = 0.974
  gold_label_random = 2, sentence2_has_negation = 1  [n = 278]:	loss = 0.205  exp loss = 0.196  adjusted loss = 0.196  adv prob = 0.166667   acc = 0.924
Average incurred loss: 0.088  
Average sample loss: 0.088  
Average acc: 0.972  
  gold_label_random = 0, sentence2_has_negation = 0  [n = 261]:	loss = 0.120  exp loss = 0.065  adjusted loss = 0.065  adv prob = 0.166667   acc = 0.966
  gold_label_random = 0, sentence2_has_negation = 1  [n = 254]:	loss = 0.026  exp loss = 0.037  adjusted loss = 0.037  adv prob = 0.166667   acc = 0.988
  gold_label_random = 1, sentence2_has_negation = 0  [n = 262]:	loss = 0.075  exp loss = 0.043  adjusted loss = 0.043  adv prob = 0.166667   acc = 0.977
  gold_label_random = 1, sentence2_has_negation = 1  [n = 290]:	loss = 0.096  exp loss = 0.084  adjusted loss = 0.084  adv prob = 0.166667   acc = 0.979
  gold_label_random = 2, sentence2_has_negation = 0  [n = 290]:	loss = 0.084  exp loss = 0.065  adjusted loss = 0.065  adv prob = 0.166667   acc = 0.969
  gold_label_random = 2, sentence2_has_negation = 1  [n = 243]:	loss = 0.129  exp loss = 0.144  adjusted loss = 0.144  adv prob = 0.166667   acc = 0.955
Average incurred loss: 0.129  
Average sample loss: 0.129  
Average acc: 0.959  
  gold_label_random = 0, sentence2_has_negation = 0  [n = 237]:	loss = 0.219  exp loss = 0.139  adjusted loss = 0.139  adv prob = 0.166667   acc = 0.937
  gold_label_random = 0, sentence2_has_negation = 1  [n = 284]:	loss = 0.054  exp loss = 0.081  adjusted loss = 0.081  adv prob = 0.166667   acc = 0.975
  gold_label_random = 1, sentence2_has_negation = 0  [n = 275]:	loss = 0.049  exp loss = 0.048  adjusted loss = 0.048  adv prob = 0.166667   acc = 0.993
  gold_label_random = 1, sentence2_has_negation = 1  [n = 252]:	loss = 0.136  exp loss = 0.116  adjusted loss = 0.116  adv prob = 0.166667   acc = 0.964
  gold_label_random = 2, sentence2_has_negation = 0  [n = 273]:	loss = 0.147  exp loss = 0.140  adjusted loss = 0.140  adv prob = 0.166667   acc = 0.952
  gold_label_random = 2, sentence2_has_negation = 1  [n = 279]:	loss = 0.182  exp loss = 0.113  adjusted loss = 0.113  adv prob = 0.166667   acc = 0.932
Average incurred loss: 0.114  
Average sample loss: 0.114  
Average acc: 0.965  
  gold_label_random = 0, sentence2_has_negation = 0  [n = 255]:	loss = 0.129  exp loss = 0.127  adjusted loss = 0.127  adv prob = 0.166667   acc = 0.973
  gold_label_random = 0, sentence2_has_negation = 1  [n = 293]:	loss = 0.022  exp loss = 0.029  adjusted loss = 0.029  adv prob = 0.166667   acc = 0.993
  gold_label_random = 1, sentence2_has_negation = 0  [n = 255]:	loss = 0.105  exp loss = 0.075  adjusted loss = 0.075  adv prob = 0.166667   acc = 0.965
  gold_label_random = 1, sentence2_has_negation = 1  [n = 258]:	loss = 0.076  exp loss = 0.116  adjusted loss = 0.116  adv prob = 0.166667   acc = 0.969
  gold_label_random = 2, sentence2_has_negation = 0  [n = 240]:	loss = 0.118  exp loss = 0.157  adjusted loss = 0.157  adv prob = 0.166667   acc = 0.967
  gold_label_random = 2, sentence2_has_negation = 1  [n = 299]:	loss = 0.227  exp loss = 0.206  adjusted loss = 0.206  adv prob = 0.166667   acc = 0.926
Average incurred loss: 0.113  
Average sample loss: 0.113  
Average acc: 0.961  
  gold_label_random = 0, sentence2_has_negation = 0  [n = 268]:	loss = 0.141  exp loss = 0.106  adjusted loss = 0.106  adv prob = 0.166667   acc = 0.948
  gold_label_random = 0, sentence2_has_negation = 1  [n = 282]:	loss = 0.029  exp loss = 0.030  adjusted loss = 0.030  adv prob = 0.166667   acc = 0.993
  gold_label_random = 1, sentence2_has_negation = 0  [n = 277]:	loss = 0.033  exp loss = 0.039  adjusted loss = 0.039  adv prob = 0.166667   acc = 0.989
  gold_label_random = 1, sentence2_has_negation = 1  [n = 240]:	loss = 0.134  exp loss = 0.169  adjusted loss = 0.169  adv prob = 0.166667   acc = 0.950
  gold_label_random = 2, sentence2_has_negation = 0  [n = 253]:	loss = 0.126  exp loss = 0.150  adjusted loss = 0.150  adv prob = 0.166667   acc = 0.957
  gold_label_random = 2, sentence2_has_negation = 1  [n = 280]:	loss = 0.220  exp loss = 0.271  adjusted loss = 0.271  adv prob = 0.166667   acc = 0.929
Average incurred loss: 0.131  
Average sample loss: 0.131  
Average acc: 0.956  
  gold_label_random = 0, sentence2_has_negation = 0  [n = 301]:	loss = 0.180  exp loss = 0.197  adjusted loss = 0.197  adv prob = 0.166667   acc = 0.940
  gold_label_random = 0, sentence2_has_negation = 1  [n = 260]:	loss = 0.031  exp loss = 0.022  adjusted loss = 0.022  adv prob = 0.166667   acc = 0.988
  gold_label_random = 1, sentence2_has_negation = 0  [n = 259]:	loss = 0.063  exp loss = 0.045  adjusted loss = 0.045  adv prob = 0.166667   acc = 0.981
  gold_label_random = 1, sentence2_has_negation = 1  [n = 250]:	loss = 0.102  exp loss = 0.106  adjusted loss = 0.106  adv prob = 0.166667   acc = 0.976
  gold_label_random = 2, sentence2_has_negation = 0  [n = 271]:	loss = 0.163  exp loss = 0.127  adjusted loss = 0.127  adv prob = 0.166667   acc = 0.948
  gold_label_random = 2, sentence2_has_negation = 1  [n = 259]:	loss = 0.237  exp loss = 0.317  adjusted loss = 0.317  adv prob = 0.166667   acc = 0.907
Average incurred loss: 0.121  
Average sample loss: 0.121  
Average acc: 0.960  
  gold_label_random = 0, sentence2_has_negation = 0  [n = 275]:	loss = 0.143  exp loss = 0.126  adjusted loss = 0.126  adv prob = 0.166667   acc = 0.953
  gold_label_random = 0, sentence2_has_negation = 1  [n = 268]:	loss = 0.039  exp loss = 0.030  adjusted loss = 0.030  adv prob = 0.166667   acc = 0.989
  gold_label_random = 1, sentence2_has_negation = 0  [n = 243]:	loss = 0.116  exp loss = 0.072  adjusted loss = 0.072  adv prob = 0.166667   acc = 0.975
  gold_label_random = 1, sentence2_has_negation = 1  [n = 259]:	loss = 0.075  exp loss = 0.049  adjusted loss = 0.049  adv prob = 0.166667   acc = 0.965
  gold_label_random = 2, sentence2_has_negation = 0  [n = 295]:	loss = 0.077  exp loss = 0.114  adjusted loss = 0.114  adv prob = 0.166667   acc = 0.976
  gold_label_random = 2, sentence2_has_negation = 1  [n = 260]:	loss = 0.285  exp loss = 0.332  adjusted loss = 0.332  adv prob = 0.166667   acc = 0.900
Average incurred loss: 0.124  
Average sample loss: 0.124  
Average acc: 0.962  
  gold_label_random = 0, sentence2_has_negation = 0  [n = 266]:	loss = 0.206  exp loss = 0.105  adjusted loss = 0.105  adv prob = 0.166667   acc = 0.932
  gold_label_random = 0, sentence2_has_negation = 1  [n = 270]:	loss = 0.047  exp loss = 0.027  adjusted loss = 0.027  adv prob = 0.166667   acc = 0.989
  gold_label_random = 1, sentence2_has_negation = 0  [n = 280]:	loss = 0.091  exp loss = 0.118  adjusted loss = 0.118  adv prob = 0.166667   acc = 0.979
  gold_label_random = 1, sentence2_has_negation = 1  [n = 259]:	loss = 0.109  exp loss = 0.128  adjusted loss = 0.128  adv prob = 0.166667   acc = 0.969
  gold_label_random = 2, sentence2_has_negation = 0  [n = 272]:	loss = 0.115  exp loss = 0.140  adjusted loss = 0.140  adv prob = 0.166667   acc = 0.960
  gold_label_random = 2, sentence2_has_negation = 1  [n = 253]:	loss = 0.179  exp loss = 0.252  adjusted loss = 0.252  adv prob = 0.166667   acc = 0.945
Average incurred loss: 0.103  
Average sample loss: 0.103  
Average acc: 0.965  
  gold_label_random = 0, sentence2_has_negation = 0  [n = 265]:	loss = 0.104  exp loss = 0.139  adjusted loss = 0.139  adv prob = 0.166667   acc = 0.962
  gold_label_random = 0, sentence2_has_negation = 1  [n = 264]:	loss = 0.037  exp loss = 0.026  adjusted loss = 0.026  adv prob = 0.166667   acc = 0.992
  gold_label_random = 1, sentence2_has_negation = 0  [n = 256]:	loss = 0.103  exp loss = 0.101  adjusted loss = 0.101  adv prob = 0.166667   acc = 0.973
  gold_label_random = 1, sentence2_has_negation = 1  [n = 254]:	loss = 0.126  exp loss = 0.070  adjusted loss = 0.070  adv prob = 0.166667   acc = 0.953
  gold_label_random = 2, sentence2_has_negation = 0  [n = 283]:	loss = 0.125  exp loss = 0.086  adjusted loss = 0.086  adv prob = 0.166667   acc = 0.954
  gold_label_random = 2, sentence2_has_negation = 1  [n = 278]:	loss = 0.121  exp loss = 0.137  adjusted loss = 0.137  adv prob = 0.166667   acc = 0.957
Average incurred loss: 0.097  
Average sample loss: 0.097  
Average acc: 0.969  
  gold_label_random = 0, sentence2_has_negation = 0  [n = 275]:	loss = 0.109  exp loss = 0.088  adjusted loss = 0.088  adv prob = 0.166667   acc = 0.960
  gold_label_random = 0, sentence2_has_negation = 1  [n = 273]:	loss = 0.021  exp loss = 0.019  adjusted loss = 0.019  adv prob = 0.166667   acc = 0.996
  gold_label_random = 1, sentence2_has_negation = 0  [n = 274]:	loss = 0.026  exp loss = 0.019  adjusted loss = 0.019  adv prob = 0.166667   acc = 1.000
  gold_label_random = 1, sentence2_has_negation = 1  [n = 262]:	loss = 0.150  exp loss = 0.208  adjusted loss = 0.208  adv prob = 0.166667   acc = 0.954
  gold_label_random = 2, sentence2_has_negation = 0  [n = 252]:	loss = 0.092  exp loss = 0.123  adjusted loss = 0.123  adv prob = 0.166667   acc = 0.960
  gold_label_random = 2, sentence2_has_negation = 1  [n = 264]:	loss = 0.191  exp loss = 0.173  adjusted loss = 0.173  adv prob = 0.166667   acc = 0.943
Average incurred loss: 0.123  
Average sample loss: 0.123  
Average acc: 0.959  
  gold_label_random = 0, sentence2_has_negation = 0  [n = 269]:	loss = 0.128  exp loss = 0.090  adjusted loss = 0.090  adv prob = 0.166667   acc = 0.967
  gold_label_random = 0, sentence2_has_negation = 1  [n = 257]:	loss = 0.033  exp loss = 0.030  adjusted loss = 0.030  adv prob = 0.166667   acc = 0.992
  gold_label_random = 1, sentence2_has_negation = 0  [n = 273]:	loss = 0.069  exp loss = 0.041  adjusted loss = 0.041  adv prob = 0.166667   acc = 0.978
  gold_label_random = 1, sentence2_has_negation = 1  [n = 276]:	loss = 0.120  exp loss = 0.090  adjusted loss = 0.090  adv prob = 0.166667   acc = 0.964
  gold_label_random = 2, sentence2_has_negation = 0  [n = 257]:	loss = 0.178  exp loss = 0.103  adjusted loss = 0.103  adv prob = 0.166667   acc = 0.946
  gold_label_random = 2, sentence2_has_negation = 1  [n = 268]:	loss = 0.211  exp loss = 0.206  adjusted loss = 0.206  adv prob = 0.166667   acc = 0.907
Average incurred loss: 0.131  
Average sample loss: 0.131  
Average acc: 0.961  
  gold_label_random = 0, sentence2_has_negation = 0  [n = 275]:	loss = 0.151  exp loss = 0.167  adjusted loss = 0.167  adv prob = 0.166667   acc = 0.953
  gold_label_random = 0, sentence2_has_negation = 1  [n = 281]:	loss = 0.055  exp loss = 0.031  adjusted loss = 0.031  adv prob = 0.166667   acc = 0.982
  gold_label_random = 1, sentence2_has_negation = 0  [n = 273]:	loss = 0.042  exp loss = 0.070  adjusted loss = 0.070  adv prob = 0.166667   acc = 0.996
  gold_label_random = 1, sentence2_has_negation = 1  [n = 228]:	loss = 0.082  exp loss = 0.104  adjusted loss = 0.104  adv prob = 0.166667   acc = 0.978
  gold_label_random = 2, sentence2_has_negation = 0  [n = 288]:	loss = 0.151  exp loss = 0.087  adjusted loss = 0.087  adv prob = 0.166667   acc = 0.955
  gold_label_random = 2, sentence2_has_negation = 1  [n = 255]:	loss = 0.311  exp loss = 0.239  adjusted loss = 0.239  adv prob = 0.166667   acc = 0.902
Average incurred loss: 0.109  
Average sample loss: 0.109  
Average acc: 0.964  
  gold_label_random = 0, sentence2_has_negation = 0  [n = 270]:	loss = 0.129  exp loss = 0.080  adjusted loss = 0.080  adv prob = 0.166667   acc = 0.948
  gold_label_random = 0, sentence2_has_negation = 1  [n = 279]:	loss = 0.049  exp loss = 0.077  adjusted loss = 0.077  adv prob = 0.166667   acc = 0.989
  gold_label_random = 1, sentence2_has_negation = 0  [n = 264]:	loss = 0.062  exp loss = 0.036  adjusted loss = 0.036  adv prob = 0.166667   acc = 0.977
  gold_label_random = 1, sentence2_has_negation = 1  [n = 247]:	loss = 0.095  exp loss = 0.091  adjusted loss = 0.091  adv prob = 0.166667   acc = 0.972
  gold_label_random = 2, sentence2_has_negation = 0  [n = 294]:	loss = 0.131  exp loss = 0.157  adjusted loss = 0.157  adv prob = 0.166667   acc = 0.963
  gold_label_random = 2, sentence2_has_negation = 1  [n = 246]:	loss = 0.196  exp loss = 0.230  adjusted loss = 0.230  adv prob = 0.166667   acc = 0.935
Average incurred loss: 0.140  
Average sample loss: 0.140  
Average acc: 0.957  
  gold_label_random = 0, sentence2_has_negation = 0  [n = 293]:	loss = 0.148  exp loss = 0.118  adjusted loss = 0.118  adv prob = 0.166667   acc = 0.952
  gold_label_random = 0, sentence2_has_negation = 1  [n = 226]:	loss = 0.051  exp loss = 0.043  adjusted loss = 0.043  adv prob = 0.166667   acc = 0.978
  gold_label_random = 1, sentence2_has_negation = 0  [n = 252]:	loss = 0.112  exp loss = 0.071  adjusted loss = 0.071  adv prob = 0.166667   acc = 0.968
  gold_label_random = 1, sentence2_has_negation = 1  [n = 290]:	loss = 0.144  exp loss = 0.087  adjusted loss = 0.087  adv prob = 0.166667   acc = 0.959
  gold_label_random = 2, sentence2_has_negation = 0  [n = 258]:	loss = 0.165  exp loss = 0.200  adjusted loss = 0.200  adv prob = 0.166667   acc = 0.950
  gold_label_random = 2, sentence2_has_negation = 1  [n = 281]:	loss = 0.199  exp loss = 0.084  adjusted loss = 0.084  adv prob = 0.166667   acc = 0.940
Average incurred loss: 0.140  
Average sample loss: 0.140  
Average acc: 0.957  
  gold_label_random = 0, sentence2_has_negation = 0  [n = 274]:	loss = 0.156  exp loss = 0.088  adjusted loss = 0.088  adv prob = 0.166667   acc = 0.938
  gold_label_random = 0, sentence2_has_negation = 1  [n = 263]:	loss = 0.103  exp loss = 0.065  adjusted loss = 0.065  adv prob = 0.166667   acc = 0.970
  gold_label_random = 1, sentence2_has_negation = 0  [n = 238]:	loss = 0.081  exp loss = 0.072  adjusted loss = 0.072  adv prob = 0.166667   acc = 0.979
  gold_label_random = 1, sentence2_has_negation = 1  [n = 279]:	loss = 0.126  exp loss = 0.131  adjusted loss = 0.131  adv prob = 0.166667   acc = 0.957
  gold_label_random = 2, sentence2_has_negation = 0  [n = 258]:	loss = 0.133  exp loss = 0.167  adjusted loss = 0.167  adv prob = 0.166667   acc = 0.961
  gold_label_random = 2, sentence2_has_negation = 1  [n = 288]:	loss = 0.228  exp loss = 0.183  adjusted loss = 0.183  adv prob = 0.166667   acc = 0.941
Average incurred loss: 0.092  
Average sample loss: 0.092  
Average acc: 0.969  
  gold_label_random = 0, sentence2_has_negation = 0  [n = 258]:	loss = 0.117  exp loss = 0.053  adjusted loss = 0.053  adv prob = 0.166667   acc = 0.961
  gold_label_random = 0, sentence2_has_negation = 1  [n = 265]:	loss = 0.061  exp loss = 0.083  adjusted loss = 0.083  adv prob = 0.166667   acc = 0.981
  gold_label_random = 1, sentence2_has_negation = 0  [n = 270]:	loss = 0.034  exp loss = 0.034  adjusted loss = 0.034  adv prob = 0.166667   acc = 0.989
  gold_label_random = 1, sentence2_has_negation = 1  [n = 268]:	loss = 0.124  exp loss = 0.140  adjusted loss = 0.140  adv prob = 0.166667   acc = 0.951
  gold_label_random = 2, sentence2_has_negation = 0  [n = 247]:	loss = 0.069  exp loss = 0.078  adjusted loss = 0.078  adv prob = 0.166667   acc = 0.980
  gold_label_random = 2, sentence2_has_negation = 1  [n = 292]:	loss = 0.139  exp loss = 0.139  adjusted loss = 0.139  adv prob = 0.166667   acc = 0.955
Average incurred loss: 0.113  
Average sample loss: 0.113  
Average acc: 0.965  
  gold_label_random = 0, sentence2_has_negation = 0  [n = 274]:	loss = 0.095  exp loss = 0.097  adjusted loss = 0.097  adv prob = 0.166667   acc = 0.964
  gold_label_random = 0, sentence2_has_negation = 1  [n = 291]:	loss = 0.045  exp loss = 0.048  adjusted loss = 0.048  adv prob = 0.166667   acc = 0.986
  gold_label_random = 1, sentence2_has_negation = 0  [n = 253]:	loss = 0.046  exp loss = 0.072  adjusted loss = 0.072  adv prob = 0.166667   acc = 0.996
  gold_label_random = 1, sentence2_has_negation = 1  [n = 261]:	loss = 0.141  exp loss = 0.140  adjusted loss = 0.140  adv prob = 0.166667   acc = 0.958
  gold_label_random = 2, sentence2_has_negation = 0  [n = 246]:	loss = 0.135  exp loss = 0.152  adjusted loss = 0.152  adv prob = 0.166667   acc = 0.959
  gold_label_random = 2, sentence2_has_negation = 1  [n = 275]:	loss = 0.218  exp loss = 0.194  adjusted loss = 0.194  adv prob = 0.166667   acc = 0.927
Average incurred loss: 0.104  
Average sample loss: 0.104  
Average acc: 0.967  
  gold_label_random = 0, sentence2_has_negation = 0  [n = 268]:	loss = 0.181  exp loss = 0.122  adjusted loss = 0.122  adv prob = 0.166667   acc = 0.933
  gold_label_random = 0, sentence2_has_negation = 1  [n = 270]:	loss = 0.041  exp loss = 0.041  adjusted loss = 0.041  adv prob = 0.166667   acc = 0.985
  gold_label_random = 1, sentence2_has_negation = 0  [n = 286]:	loss = 0.066  exp loss = 0.096  adjusted loss = 0.096  adv prob = 0.166667   acc = 0.983
  gold_label_random = 1, sentence2_has_negation = 1  [n = 274]:	loss = 0.075  exp loss = 0.052  adjusted loss = 0.052  adv prob = 0.166667   acc = 0.989
  gold_label_random = 2, sentence2_has_negation = 0  [n = 243]:	loss = 0.075  exp loss = 0.058  adjusted loss = 0.058  adv prob = 0.166667   acc = 0.975
  gold_label_random = 2, sentence2_has_negation = 1  [n = 259]:	loss = 0.190  exp loss = 0.182  adjusted loss = 0.182  adv prob = 0.166667   acc = 0.934
Average incurred loss: 0.120  
Average sample loss: 0.120  
Average acc: 0.963  
  gold_label_random = 0, sentence2_has_negation = 0  [n = 263]:	loss = 0.168  exp loss = 0.187  adjusted loss = 0.187  adv prob = 0.166667   acc = 0.951
  gold_label_random = 0, sentence2_has_negation = 1  [n = 269]:	loss = 0.056  exp loss = 0.018  adjusted loss = 0.018  adv prob = 0.166667   acc = 0.981
  gold_label_random = 1, sentence2_has_negation = 0  [n = 264]:	loss = 0.059  exp loss = 0.047  adjusted loss = 0.047  adv prob = 0.166667   acc = 0.985
  gold_label_random = 1, sentence2_has_negation = 1  [n = 276]:	loss = 0.103  exp loss = 0.077  adjusted loss = 0.077  adv prob = 0.166667   acc = 0.971
  gold_label_random = 2, sentence2_has_negation = 0  [n = 268]:	loss = 0.128  exp loss = 0.160  adjusted loss = 0.160  adv prob = 0.166667   acc = 0.955
  gold_label_random = 2, sentence2_has_negation = 1  [n = 260]:	loss = 0.207  exp loss = 0.222  adjusted loss = 0.222  adv prob = 0.166667   acc = 0.935
Average incurred loss: 0.105  
Average sample loss: 0.105  
Average acc: 0.968  
  gold_label_random = 0, sentence2_has_negation = 0  [n = 250]:	loss = 0.171  exp loss = 0.122  adjusted loss = 0.122  adv prob = 0.166667   acc = 0.932
  gold_label_random = 0, sentence2_has_negation = 1  [n = 281]:	loss = 0.091  exp loss = 0.068  adjusted loss = 0.068  adv prob = 0.166667   acc = 0.979
  gold_label_random = 1, sentence2_has_negation = 0  [n = 279]:	loss = 0.048  exp loss = 0.053  adjusted loss = 0.053  adv prob = 0.166667   acc = 0.989
  gold_label_random = 1, sentence2_has_negation = 1  [n = 266]:	loss = 0.066  exp loss = 0.050  adjusted loss = 0.050  adv prob = 0.166667   acc = 0.977
  gold_label_random = 2, sentence2_has_negation = 0  [n = 274]:	loss = 0.091  exp loss = 0.058  adjusted loss = 0.058  adv prob = 0.166667   acc = 0.974
  gold_label_random = 2, sentence2_has_negation = 1  [n = 250]:	loss = 0.176  exp loss = 0.151  adjusted loss = 0.151  adv prob = 0.166667   acc = 0.952
Average incurred loss: 0.117  
Average sample loss: 0.117  
Average acc: 0.963  
  gold_label_random = 0, sentence2_has_negation = 0  [n = 261]:	loss = 0.082  exp loss = 0.062  adjusted loss = 0.062  adv prob = 0.166667   acc = 0.977
  gold_label_random = 0, sentence2_has_negation = 1  [n = 275]:	loss = 0.046  exp loss = 0.059  adjusted loss = 0.059  adv prob = 0.166667   acc = 0.989
  gold_label_random = 1, sentence2_has_negation = 0  [n = 286]:	loss = 0.066  exp loss = 0.036  adjusted loss = 0.036  adv prob = 0.166667   acc = 0.979
  gold_label_random = 1, sentence2_has_negation = 1  [n = 242]:	loss = 0.141  exp loss = 0.147  adjusted loss = 0.147  adv prob = 0.166667   acc = 0.963
  gold_label_random = 2, sentence2_has_negation = 0  [n = 282]:	loss = 0.119  exp loss = 0.146  adjusted loss = 0.146  adv prob = 0.166667   acc = 0.957
  gold_label_random = 2, sentence2_has_negation = 1  [n = 254]:	loss = 0.259  exp loss = 0.220  adjusted loss = 0.220  adv prob = 0.166667   acc = 0.909
Average incurred loss: 0.095  
Average sample loss: 0.095  
Average acc: 0.966  
  gold_label_random = 0, sentence2_has_negation = 0  [n = 278]:	loss = 0.106  exp loss = 0.097  adjusted loss = 0.097  adv prob = 0.166667   acc = 0.964
  gold_label_random = 0, sentence2_has_negation = 1  [n = 263]:	loss = 0.025  exp loss = 0.028  adjusted loss = 0.028  adv prob = 0.166667   acc = 0.989
  gold_label_random = 1, sentence2_has_negation = 0  [n = 265]:	loss = 0.087  exp loss = 0.102  adjusted loss = 0.102  adv prob = 0.166667   acc = 0.974
  gold_label_random = 1, sentence2_has_negation = 1  [n = 273]:	loss = 0.083  exp loss = 0.062  adjusted loss = 0.062  adv prob = 0.166667   acc = 0.967
  gold_label_random = 2, sentence2_has_negation = 0  [n = 253]:	loss = 0.096  exp loss = 0.106  adjusted loss = 0.106  adv prob = 0.166667   acc = 0.960
  gold_label_random = 2, sentence2_has_negation = 1  [n = 268]:	loss = 0.170  exp loss = 0.150  adjusted loss = 0.150  adv prob = 0.166667   acc = 0.940
Average incurred loss: 0.107  
Average sample loss: 0.107  
Average acc: 0.966  
  gold_label_random = 0, sentence2_has_negation = 0  [n = 266]:	loss = 0.209  exp loss = 0.238  adjusted loss = 0.238  adv prob = 0.166667   acc = 0.932
  gold_label_random = 0, sentence2_has_negation = 1  [n = 268]:	loss = 0.025  exp loss = 0.024  adjusted loss = 0.024  adv prob = 0.166667   acc = 0.993
  gold_label_random = 1, sentence2_has_negation = 0  [n = 290]:	loss = 0.046  exp loss = 0.027  adjusted loss = 0.027  adv prob = 0.166667   acc = 0.986
  gold_label_random = 1, sentence2_has_negation = 1  [n = 268]:	loss = 0.100  exp loss = 0.078  adjusted loss = 0.078  adv prob = 0.166667   acc = 0.970
  gold_label_random = 2, sentence2_has_negation = 0  [n = 265]:	loss = 0.119  exp loss = 0.139  adjusted loss = 0.139  adv prob = 0.166667   acc = 0.962
  gold_label_random = 2, sentence2_has_negation = 1  [n = 243]:	loss = 0.151  exp loss = 0.185  adjusted loss = 0.185  adv prob = 0.166667   acc = 0.947
Average incurred loss: 0.117  
Average sample loss: 0.117  
Average acc: 0.964  
  gold_label_random = 0, sentence2_has_negation = 0  [n = 295]:	loss = 0.153  exp loss = 0.258  adjusted loss = 0.258  adv prob = 0.166667   acc = 0.942
  gold_label_random = 0, sentence2_has_negation = 1  [n = 253]:	loss = 0.036  exp loss = 0.029  adjusted loss = 0.029  adv prob = 0.166667   acc = 0.992
  gold_label_random = 1, sentence2_has_negation = 0  [n = 259]:	loss = 0.076  exp loss = 0.063  adjusted loss = 0.063  adv prob = 0.166667   acc = 0.973
  gold_label_random = 1, sentence2_has_negation = 1  [n = 267]:	loss = 0.094  exp loss = 0.052  adjusted loss = 0.052  adv prob = 0.166667   acc = 0.981
  gold_label_random = 2, sentence2_has_negation = 0  [n = 262]:	loss = 0.098  exp loss = 0.064  adjusted loss = 0.064  adv prob = 0.166667   acc = 0.969
  gold_label_random = 2, sentence2_has_negation = 1  [n = 264]:	loss = 0.240  exp loss = 0.283  adjusted loss = 0.283  adv prob = 0.166667   acc = 0.932
Average incurred loss: 0.125  
Average sample loss: 0.125  
Average acc: 0.964  
  gold_label_random = 0, sentence2_has_negation = 0  [n = 244]:	loss = 0.179  exp loss = 0.158  adjusted loss = 0.158  adv prob = 0.166667   acc = 0.947
  gold_label_random = 0, sentence2_has_negation = 1  [n = 277]:	loss = 0.039  exp loss = 0.028  adjusted loss = 0.028  adv prob = 0.166667   acc = 0.986
  gold_label_random = 1, sentence2_has_negation = 0  [n = 273]:	loss = 0.046  exp loss = 0.029  adjusted loss = 0.029  adv prob = 0.166667   acc = 0.989
  gold_label_random = 1, sentence2_has_negation = 1  [n = 265]:	loss = 0.143  exp loss = 0.128  adjusted loss = 0.128  adv prob = 0.166667   acc = 0.951
  gold_label_random = 2, sentence2_has_negation = 0  [n = 260]:	loss = 0.178  exp loss = 0.170  adjusted loss = 0.170  adv prob = 0.166667   acc = 0.954
  gold_label_random = 2, sentence2_has_negation = 1  [n = 281]:	loss = 0.172  exp loss = 0.194  adjusted loss = 0.194  adv prob = 0.166667   acc = 0.957
Average incurred loss: 0.105  
Average sample loss: 0.105  
Average acc: 0.963  
  gold_label_random = 0, sentence2_has_negation = 0  [n = 279]:	loss = 0.190  exp loss = 0.163  adjusted loss = 0.163  adv prob = 0.166667   acc = 0.935
  gold_label_random = 0, sentence2_has_negation = 1  [n = 269]:	loss = 0.046  exp loss = 0.047  adjusted loss = 0.047  adv prob = 0.166667   acc = 0.985
  gold_label_random = 1, sentence2_has_negation = 0  [n = 253]:	loss = 0.030  exp loss = 0.048  adjusted loss = 0.048  adv prob = 0.166667   acc = 0.992
  gold_label_random = 1, sentence2_has_negation = 1  [n = 282]:	loss = 0.109  exp loss = 0.113  adjusted loss = 0.113  adv prob = 0.166667   acc = 0.968
  gold_label_random = 2, sentence2_has_negation = 0  [n = 270]:	loss = 0.099  exp loss = 0.076  adjusted loss = 0.076  adv prob = 0.166667   acc = 0.952
  gold_label_random = 2, sentence2_has_negation = 1  [n = 247]:	loss = 0.153  exp loss = 0.075  adjusted loss = 0.075  adv prob = 0.166667   acc = 0.947
Average incurred loss: 0.090  
Average sample loss: 0.090  
Average acc: 0.973  
  gold_label_random = 0, sentence2_has_negation = 0  [n = 244]:	loss = 0.085  exp loss = 0.107  adjusted loss = 0.107  adv prob = 0.166667   acc = 0.967
  gold_label_random = 0, sentence2_has_negation = 1  [n = 267]:	loss = 0.026  exp loss = 0.025  adjusted loss = 0.025  adv prob = 0.166667   acc = 0.996
  gold_label_random = 1, sentence2_has_negation = 0  [n = 275]:	loss = 0.068  exp loss = 0.060  adjusted loss = 0.060  adv prob = 0.166667   acc = 0.985
  gold_label_random = 1, sentence2_has_negation = 1  [n = 273]:	loss = 0.112  exp loss = 0.083  adjusted loss = 0.083  adv prob = 0.166667   acc = 0.960
  gold_label_random = 2, sentence2_has_negation = 0  [n = 262]:	loss = 0.065  exp loss = 0.067  adjusted loss = 0.067  adv prob = 0.166667   acc = 0.973
  gold_label_random = 2, sentence2_has_negation = 1  [n = 279]:	loss = 0.179  exp loss = 0.111  adjusted loss = 0.111  adv prob = 0.166667   acc = 0.957
Average incurred loss: 0.111  
Average sample loss: 0.111  
Average acc: 0.964  
  gold_label_random = 0, sentence2_has_negation = 0  [n = 261]:	loss = 0.130  exp loss = 0.124  adjusted loss = 0.124  adv prob = 0.166667   acc = 0.946
  gold_label_random = 0, sentence2_has_negation = 1  [n = 235]:	loss = 0.088  exp loss = 0.132  adjusted loss = 0.132  adv prob = 0.166667   acc = 0.979
  gold_label_random = 1, sentence2_has_negation = 0  [n = 268]:	loss = 0.066  exp loss = 0.039  adjusted loss = 0.039  adv prob = 0.166667   acc = 0.981
  gold_label_random = 1, sentence2_has_negation = 1  [n = 293]:	loss = 0.130  exp loss = 0.047  adjusted loss = 0.047  adv prob = 0.166667   acc = 0.962
  gold_label_random = 2, sentence2_has_negation = 0  [n = 273]:	loss = 0.063  exp loss = 0.088  adjusted loss = 0.088  adv prob = 0.166667   acc = 0.978
  gold_label_random = 2, sentence2_has_negation = 1  [n = 270]:	loss = 0.185  exp loss = 0.214  adjusted loss = 0.214  adv prob = 0.166667   acc = 0.937
Average incurred loss: 0.107  
Average sample loss: 0.107  
Average acc: 0.968  
  gold_label_random = 0, sentence2_has_negation = 0  [n = 275]:	loss = 0.145  exp loss = 0.090  adjusted loss = 0.090  adv prob = 0.166667   acc = 0.949
  gold_label_random = 0, sentence2_has_negation = 1  [n = 289]:	loss = 0.053  exp loss = 0.050  adjusted loss = 0.050  adv prob = 0.166667   acc = 0.986
  gold_label_random = 1, sentence2_has_negation = 0  [n = 247]:	loss = 0.024  exp loss = 0.018  adjusted loss = 0.018  adv prob = 0.166667   acc = 1.000
  gold_label_random = 1, sentence2_has_negation = 1  [n = 252]:	loss = 0.143  exp loss = 0.079  adjusted loss = 0.079  adv prob = 0.166667   acc = 0.968
  gold_label_random = 2, sentence2_has_negation = 0  [n = 272]:	loss = 0.138  exp loss = 0.165  adjusted loss = 0.165  adv prob = 0.166667   acc = 0.956
  gold_label_random = 2, sentence2_has_negation = 1  [n = 265]:	loss = 0.140  exp loss = 0.093  adjusted loss = 0.093  adv prob = 0.166667   acc = 0.947
Average incurred loss: 0.131  
Average sample loss: 0.131  
Average acc: 0.959  
  gold_label_random = 0, sentence2_has_negation = 0  [n = 277]:	loss = 0.115  exp loss = 0.093  adjusted loss = 0.093  adv prob = 0.166667   acc = 0.960
  gold_label_random = 0, sentence2_has_negation = 1  [n = 288]:	loss = 0.055  exp loss = 0.031  adjusted loss = 0.031  adv prob = 0.166667   acc = 0.983
  gold_label_random = 1, sentence2_has_negation = 0  [n = 260]:	loss = 0.071  exp loss = 0.077  adjusted loss = 0.077  adv prob = 0.166667   acc = 0.977
  gold_label_random = 1, sentence2_has_negation = 1  [n = 254]:	loss = 0.146  exp loss = 0.163  adjusted loss = 0.163  adv prob = 0.166667   acc = 0.957
  gold_label_random = 2, sentence2_has_negation = 0  [n = 262]:	loss = 0.138  exp loss = 0.093  adjusted loss = 0.093  adv prob = 0.166667   acc = 0.962
  gold_label_random = 2, sentence2_has_negation = 1  [n = 259]:	loss = 0.272  exp loss = 0.208  adjusted loss = 0.208  adv prob = 0.166667   acc = 0.915
Average incurred loss: 0.107  
Average sample loss: 0.107  
Average acc: 0.964  
  gold_label_random = 0, sentence2_has_negation = 0  [n = 250]:	loss = 0.115  exp loss = 0.120  adjusted loss = 0.120  adv prob = 0.166667   acc = 0.948
  gold_label_random = 0, sentence2_has_negation = 1  [n = 286]:	loss = 0.042  exp loss = 0.043  adjusted loss = 0.043  adv prob = 0.166667   acc = 0.993
  gold_label_random = 1, sentence2_has_negation = 0  [n = 297]:	loss = 0.064  exp loss = 0.039  adjusted loss = 0.039  adv prob = 0.166667   acc = 0.983
  gold_label_random = 1, sentence2_has_negation = 1  [n = 241]:	loss = 0.076  exp loss = 0.105  adjusted loss = 0.105  adv prob = 0.166667   acc = 0.979
  gold_label_random = 2, sentence2_has_negation = 0  [n = 277]:	loss = 0.156  exp loss = 0.156  adjusted loss = 0.156  adv prob = 0.166667   acc = 0.946
  gold_label_random = 2, sentence2_has_negation = 1  [n = 249]:	loss = 0.203  exp loss = 0.218  adjusted loss = 0.218  adv prob = 0.166667   acc = 0.928
Average incurred loss: 0.093  
Average sample loss: 0.093  
Average acc: 0.965  
  gold_label_random = 0, sentence2_has_negation = 0  [n = 266]:	loss = 0.103  exp loss = 0.128  adjusted loss = 0.128  adv prob = 0.166667   acc = 0.970
  gold_label_random = 0, sentence2_has_negation = 1  [n = 274]:	loss = 0.042  exp loss = 0.027  adjusted loss = 0.027  adv prob = 0.166667   acc = 0.982
  gold_label_random = 1, sentence2_has_negation = 0  [n = 240]:	loss = 0.058  exp loss = 0.050  adjusted loss = 0.050  adv prob = 0.166667   acc = 0.979
  gold_label_random = 1, sentence2_has_negation = 1  [n = 281]:	loss = 0.102  exp loss = 0.147  adjusted loss = 0.147  adv prob = 0.166667   acc = 0.961
  gold_label_random = 2, sentence2_has_negation = 0  [n = 260]:	loss = 0.117  exp loss = 0.106  adjusted loss = 0.106  adv prob = 0.166667   acc = 0.950
  gold_label_random = 2, sentence2_has_negation = 1  [n = 279]:	loss = 0.128  exp loss = 0.153  adjusted loss = 0.153  adv prob = 0.166667   acc = 0.950
Average incurred loss: 0.133  
Average sample loss: 0.133  
Average acc: 0.954  
  gold_label_random = 0, sentence2_has_negation = 0  [n = 262]:	loss = 0.220  exp loss = 0.149  adjusted loss = 0.149  adv prob = 0.166667   acc = 0.916
  gold_label_random = 0, sentence2_has_negation = 1  [n = 269]:	loss = 0.038  exp loss = 0.042  adjusted loss = 0.042  adv prob = 0.166667   acc = 0.985
  gold_label_random = 1, sentence2_has_negation = 0  [n = 267]:	loss = 0.085  exp loss = 0.097  adjusted loss = 0.097  adv prob = 0.166667   acc = 0.970
  gold_label_random = 1, sentence2_has_negation = 1  [n = 260]:	loss = 0.149  exp loss = 0.224  adjusted loss = 0.224  adv prob = 0.166667   acc = 0.946
  gold_label_random = 2, sentence2_has_negation = 0  [n = 258]:	loss = 0.154  exp loss = 0.152  adjusted loss = 0.152  adv prob = 0.166667   acc = 0.953
  gold_label_random = 2, sentence2_has_negation = 1  [n = 284]:	loss = 0.157  exp loss = 0.101  adjusted loss = 0.101  adv prob = 0.166667   acc = 0.951
Average incurred loss: 0.118  
Average sample loss: 0.118  
Average acc: 0.964  
  gold_label_random = 0, sentence2_has_negation = 0  [n = 252]:	loss = 0.155  exp loss = 0.087  adjusted loss = 0.087  adv prob = 0.166667   acc = 0.956
  gold_label_random = 0, sentence2_has_negation = 1  [n = 278]:	loss = 0.020  exp loss = 0.023  adjusted loss = 0.023  adv prob = 0.166667   acc = 1.000
  gold_label_random = 1, sentence2_has_negation = 0  [n = 301]:	loss = 0.059  exp loss = 0.053  adjusted loss = 0.053  adv prob = 0.166667   acc = 0.973
  gold_label_random = 1, sentence2_has_negation = 1  [n = 259]:	loss = 0.158  exp loss = 0.121  adjusted loss = 0.121  adv prob = 0.166667   acc = 0.961
  gold_label_random = 2, sentence2_has_negation = 0  [n = 252]:	loss = 0.150  exp loss = 0.139  adjusted loss = 0.139  adv prob = 0.166667   acc = 0.948
  gold_label_random = 2, sentence2_has_negation = 1  [n = 258]:	loss = 0.181  exp loss = 0.289  adjusted loss = 0.289  adv prob = 0.166667   acc = 0.938
Average incurred loss: 0.120  
Average sample loss: 0.120  
Average acc: 0.959  
  gold_label_random = 0, sentence2_has_negation = 0  [n = 245]:	loss = 0.119  exp loss = 0.220  adjusted loss = 0.220  adv prob = 0.166667   acc = 0.963
  gold_label_random = 0, sentence2_has_negation = 1  [n = 285]:	loss = 0.041  exp loss = 0.060  adjusted loss = 0.060  adv prob = 0.166667   acc = 0.986
  gold_label_random = 1, sentence2_has_negation = 0  [n = 261]:	loss = 0.067  exp loss = 0.112  adjusted loss = 0.112  adv prob = 0.166667   acc = 0.973
  gold_label_random = 1, sentence2_has_negation = 1  [n = 281]:	loss = 0.144  exp loss = 0.219  adjusted loss = 0.219  adv prob = 0.166667   acc = 0.950
  gold_label_random = 2, sentence2_has_negation = 0  [n = 260]:	loss = 0.113  exp loss = 0.168  adjusted loss = 0.168  adv prob = 0.166667   acc = 0.958
  gold_label_random = 2, sentence2_has_negation = 1  [n = 268]:	loss = 0.241  exp loss = 0.212  adjusted loss = 0.212  adv prob = 0.166667   acc = 0.922
Average incurred loss: 0.120  
Average sample loss: 0.120  
Average acc: 0.965  
  gold_label_random = 0, sentence2_has_negation = 0  [n = 244]:	loss = 0.156  exp loss = 0.175  adjusted loss = 0.175  adv prob = 0.166667   acc = 0.959
  gold_label_random = 0, sentence2_has_negation = 1  [n = 285]:	loss = 0.068  exp loss = 0.069  adjusted loss = 0.069  adv prob = 0.166667   acc = 0.975
  gold_label_random = 1, sentence2_has_negation = 0  [n = 251]:	loss = 0.053  exp loss = 0.045  adjusted loss = 0.045  adv prob = 0.166667   acc = 0.988
  gold_label_random = 1, sentence2_has_negation = 1  [n = 293]:	loss = 0.129  exp loss = 0.116  adjusted loss = 0.116  adv prob = 0.166667   acc = 0.969
  gold_label_random = 2, sentence2_has_negation = 0  [n = 252]:	loss = 0.076  exp loss = 0.056  adjusted loss = 0.056  adv prob = 0.166667   acc = 0.976
  gold_label_random = 2, sentence2_has_negation = 1  [n = 275]:	loss = 0.232  exp loss = 0.235  adjusted loss = 0.235  adv prob = 0.166667   acc = 0.924
Average incurred loss: 0.099  
Average sample loss: 0.099  
Average acc: 0.967  
  gold_label_random = 0, sentence2_has_negation = 0  [n = 270]:	loss = 0.128  exp loss = 0.094  adjusted loss = 0.094  adv prob = 0.166667   acc = 0.952
  gold_label_random = 0, sentence2_has_negation = 1  [n = 261]:	loss = 0.037  exp loss = 0.025  adjusted loss = 0.025  adv prob = 0.166667   acc = 0.989
  gold_label_random = 1, sentence2_has_negation = 0  [n = 283]:	loss = 0.074  exp loss = 0.031  adjusted loss = 0.031  adv prob = 0.166667   acc = 0.979
  gold_label_random = 1, sentence2_has_negation = 1  [n = 260]:	loss = 0.111  exp loss = 0.114  adjusted loss = 0.114  adv prob = 0.166667   acc = 0.958
  gold_label_random = 2, sentence2_has_negation = 0  [n = 272]:	loss = 0.090  exp loss = 0.067  adjusted loss = 0.067  adv prob = 0.166667   acc = 0.974
  gold_label_random = 2, sentence2_has_negation = 1  [n = 254]:	loss = 0.156  exp loss = 0.119  adjusted loss = 0.119  adv prob = 0.166667   acc = 0.953
Average incurred loss: 0.103  
Average sample loss: 0.103  
Average acc: 0.973  
  gold_label_random = 0, sentence2_has_negation = 0  [n = 292]:	loss = 0.167  exp loss = 0.066  adjusted loss = 0.066  adv prob = 0.166667   acc = 0.973
  gold_label_random = 0, sentence2_has_negation = 1  [n = 237]:	loss = 0.052  exp loss = 0.032  adjusted loss = 0.032  adv prob = 0.166667   acc = 0.983
  gold_label_random = 1, sentence2_has_negation = 0  [n = 262]:	loss = 0.044  exp loss = 0.037  adjusted loss = 0.037  adv prob = 0.166667   acc = 0.992
  gold_label_random = 1, sentence2_has_negation = 1  [n = 252]:	loss = 0.126  exp loss = 0.083  adjusted loss = 0.083  adv prob = 0.166667   acc = 0.976
  gold_label_random = 2, sentence2_has_negation = 0  [n = 303]:	loss = 0.050  exp loss = 0.067  adjusted loss = 0.067  adv prob = 0.166667   acc = 0.977
  gold_label_random = 2, sentence2_has_negation = 1  [n = 254]:	loss = 0.175  exp loss = 0.299  adjusted loss = 0.299  adv prob = 0.166667   acc = 0.937
Average incurred loss: 0.102  
Average sample loss: 0.102  
Average acc: 0.969  
  gold_label_random = 0, sentence2_has_negation = 0  [n = 256]:	loss = 0.121  exp loss = 0.081  adjusted loss = 0.081  adv prob = 0.166667   acc = 0.949
  gold_label_random = 0, sentence2_has_negation = 1  [n = 264]:	loss = 0.078  exp loss = 0.049  adjusted loss = 0.049  adv prob = 0.166667   acc = 0.989
  gold_label_random = 1, sentence2_has_negation = 0  [n = 284]:	loss = 0.068  exp loss = 0.052  adjusted loss = 0.052  adv prob = 0.166667   acc = 0.986
  gold_label_random = 1, sentence2_has_negation = 1  [n = 272]:	loss = 0.102  exp loss = 0.151  adjusted loss = 0.151  adv prob = 0.166667   acc = 0.967
  gold_label_random = 2, sentence2_has_negation = 0  [n = 270]:	loss = 0.123  exp loss = 0.111  adjusted loss = 0.111  adv prob = 0.166667   acc = 0.967
  gold_label_random = 2, sentence2_has_negation = 1  [n = 254]:	loss = 0.123  exp loss = 0.144  adjusted loss = 0.144  adv prob = 0.166667   acc = 0.953
Average incurred loss: 0.116  
Average sample loss: 0.116  
Average acc: 0.967  
  gold_label_random = 0, sentence2_has_negation = 0  [n = 271]:	loss = 0.103  exp loss = 0.096  adjusted loss = 0.096  adv prob = 0.166667   acc = 0.974
  gold_label_random = 0, sentence2_has_negation = 1  [n = 255]:	loss = 0.041  exp loss = 0.044  adjusted loss = 0.044  adv prob = 0.166667   acc = 0.984
  gold_label_random = 1, sentence2_has_negation = 0  [n = 274]:	loss = 0.094  exp loss = 0.093  adjusted loss = 0.093  adv prob = 0.166667   acc = 0.974
  gold_label_random = 1, sentence2_has_negation = 1  [n = 259]:	loss = 0.126  exp loss = 0.087  adjusted loss = 0.087  adv prob = 0.166667   acc = 0.961
  gold_label_random = 2, sentence2_has_negation = 0  [n = 264]:	loss = 0.138  exp loss = 0.195  adjusted loss = 0.195  adv prob = 0.166667   acc = 0.966
  gold_label_random = 2, sentence2_has_negation = 1  [n = 277]:	loss = 0.191  exp loss = 0.221  adjusted loss = 0.221  adv prob = 0.166667   acc = 0.942
Average incurred loss: 0.085  
Average sample loss: 0.085  
Average acc: 0.971  
  gold_label_random = 0, sentence2_has_negation = 0  [n = 258]:	loss = 0.082  exp loss = 0.072  adjusted loss = 0.072  adv prob = 0.166667   acc = 0.973
  gold_label_random = 0, sentence2_has_negation = 1  [n = 251]:	loss = 0.023  exp loss = 0.018  adjusted loss = 0.018  adv prob = 0.166667   acc = 0.988
  gold_label_random = 1, sentence2_has_negation = 0  [n = 275]:	loss = 0.055  exp loss = 0.062  adjusted loss = 0.062  adv prob = 0.166667   acc = 0.985
  gold_label_random = 1, sentence2_has_negation = 1  [n = 262]:	loss = 0.133  exp loss = 0.103  adjusted loss = 0.103  adv prob = 0.166667   acc = 0.962
  gold_label_random = 2, sentence2_has_negation = 0  [n = 283]:	loss = 0.068  exp loss = 0.061  adjusted loss = 0.061  adv prob = 0.166667   acc = 0.975
  gold_label_random = 2, sentence2_has_negation = 1  [n = 271]:	loss = 0.146  exp loss = 0.100  adjusted loss = 0.100  adv prob = 0.166667   acc = 0.941
Average incurred loss: 0.090  
Average sample loss: 0.090  
Average acc: 0.971  
  gold_label_random = 0, sentence2_has_negation = 0  [n = 282]:	loss = 0.090  exp loss = 0.241  adjusted loss = 0.241  adv prob = 0.166667   acc = 0.972
  gold_label_random = 0, sentence2_has_negation = 1  [n = 291]:	loss = 0.030  exp loss = 0.023  adjusted loss = 0.023  adv prob = 0.166667   acc = 0.990
  gold_label_random = 1, sentence2_has_negation = 0  [n = 243]:	loss = 0.062  exp loss = 0.050  adjusted loss = 0.050  adv prob = 0.166667   acc = 0.984
  gold_label_random = 1, sentence2_has_negation = 1  [n = 281]:	loss = 0.119  exp loss = 0.079  adjusted loss = 0.079  adv prob = 0.166667   acc = 0.972
  gold_label_random = 2, sentence2_has_negation = 0  [n = 244]:	loss = 0.100  exp loss = 0.053  adjusted loss = 0.053  adv prob = 0.166667   acc = 0.967
  gold_label_random = 2, sentence2_has_negation = 1  [n = 259]:	loss = 0.144  exp loss = 0.089  adjusted loss = 0.089  adv prob = 0.166667   acc = 0.942
Average incurred loss: 0.117  
Average sample loss: 0.117  
Average acc: 0.961  
  gold_label_random = 0, sentence2_has_negation = 0  [n = 268]:	loss = 0.154  exp loss = 0.127  adjusted loss = 0.127  adv prob = 0.166667   acc = 0.933
  gold_label_random = 0, sentence2_has_negation = 1  [n = 267]:	loss = 0.041  exp loss = 0.032  adjusted loss = 0.032  adv prob = 0.166667   acc = 0.993
  gold_label_random = 1, sentence2_has_negation = 0  [n = 261]:	loss = 0.053  exp loss = 0.020  adjusted loss = 0.020  adv prob = 0.166667   acc = 0.989
  gold_label_random = 1, sentence2_has_negation = 1  [n = 268]:	loss = 0.091  exp loss = 0.100  adjusted loss = 0.100  adv prob = 0.166667   acc = 0.966
  gold_label_random = 2, sentence2_has_negation = 0  [n = 241]:	loss = 0.143  exp loss = 0.306  adjusted loss = 0.306  adv prob = 0.166667   acc = 0.963
  gold_label_random = 2, sentence2_has_negation = 1  [n = 295]:	loss = 0.209  exp loss = 0.198  adjusted loss = 0.198  adv prob = 0.166667   acc = 0.925
Average incurred loss: 0.110  
Average sample loss: 0.110  
Average acc: 0.964  
  gold_label_random = 0, sentence2_has_negation = 0  [n = 269]:	loss = 0.163  exp loss = 0.191  adjusted loss = 0.191  adv prob = 0.166667   acc = 0.933
  gold_label_random = 0, sentence2_has_negation = 1  [n = 273]:	loss = 0.037  exp loss = 0.028  adjusted loss = 0.028  adv prob = 0.166667   acc = 0.989
  gold_label_random = 1, sentence2_has_negation = 0  [n = 275]:	loss = 0.056  exp loss = 0.071  adjusted loss = 0.071  adv prob = 0.166667   acc = 0.982
  gold_label_random = 1, sentence2_has_negation = 1  [n = 271]:	loss = 0.126  exp loss = 0.124  adjusted loss = 0.124  adv prob = 0.166667   acc = 0.974
  gold_label_random = 2, sentence2_has_negation = 0  [n = 254]:	loss = 0.135  exp loss = 0.140  adjusted loss = 0.140  adv prob = 0.166667   acc = 0.957
  gold_label_random = 2, sentence2_has_negation = 1  [n = 258]:	loss = 0.148  exp loss = 0.200  adjusted loss = 0.200  adv prob = 0.166667   acc = 0.946
Average incurred loss: 0.084  
Average sample loss: 0.084  
Average acc: 0.973  
  gold_label_random = 0, sentence2_has_negation = 0  [n = 282]:	loss = 0.081  exp loss = 0.097  adjusted loss = 0.097  adv prob = 0.166667   acc = 0.968
  gold_label_random = 0, sentence2_has_negation = 1  [n = 253]:	loss = 0.052  exp loss = 0.056  adjusted loss = 0.056  adv prob = 0.166667   acc = 0.984
  gold_label_random = 1, sentence2_has_negation = 0  [n = 283]:	loss = 0.037  exp loss = 0.036  adjusted loss = 0.036  adv prob = 0.166667   acc = 0.989
  gold_label_random = 1, sentence2_has_negation = 1  [n = 282]:	loss = 0.069  exp loss = 0.053  adjusted loss = 0.053  adv prob = 0.166667   acc = 0.986
  gold_label_random = 2, sentence2_has_negation = 0  [n = 253]:	loss = 0.106  exp loss = 0.063  adjusted loss = 0.063  adv prob = 0.166667   acc = 0.957
  gold_label_random = 2, sentence2_has_negation = 1  [n = 247]:	loss = 0.166  exp loss = 0.177  adjusted loss = 0.177  adv prob = 0.166667   acc = 0.951
Average incurred loss: 0.141  
Average sample loss: 0.141  
Average acc: 0.957  
  gold_label_random = 0, sentence2_has_negation = 0  [n = 261]:	loss = 0.198  exp loss = 0.123  adjusted loss = 0.123  adv prob = 0.166667   acc = 0.935
  gold_label_random = 0, sentence2_has_negation = 1  [n = 292]:	loss = 0.046  exp loss = 0.068  adjusted loss = 0.068  adv prob = 0.166667   acc = 0.983
  gold_label_random = 1, sentence2_has_negation = 0  [n = 266]:	loss = 0.107  exp loss = 0.036  adjusted loss = 0.036  adv prob = 0.166667   acc = 0.974
  gold_label_random = 1, sentence2_has_negation = 1  [n = 254]:	loss = 0.224  exp loss = 0.244  adjusted loss = 0.244  adv prob = 0.166667   acc = 0.945
  gold_label_random = 2, sentence2_has_negation = 0  [n = 253]:	loss = 0.143  exp loss = 0.174  adjusted loss = 0.174  adv prob = 0.166667   acc = 0.957
  gold_label_random = 2, sentence2_has_negation = 1  [n = 274]:	loss = 0.141  exp loss = 0.145  adjusted loss = 0.145  adv prob = 0.166667   acc = 0.945
Average incurred loss: 0.109  
Average sample loss: 0.109  
Average acc: 0.964  
  gold_label_random = 0, sentence2_has_negation = 0  [n = 256]:	loss = 0.124  exp loss = 0.126  adjusted loss = 0.126  adv prob = 0.166667   acc = 0.949
  gold_label_random = 0, sentence2_has_negation = 1  [n = 270]:	loss = 0.029  exp loss = 0.042  adjusted loss = 0.042  adv prob = 0.166667   acc = 0.996
  gold_label_random = 1, sentence2_has_negation = 0  [n = 269]:	loss = 0.078  exp loss = 0.055  adjusted loss = 0.055  adv prob = 0.166667   acc = 0.978
  gold_label_random = 1, sentence2_has_negation = 1  [n = 278]:	loss = 0.123  exp loss = 0.101  adjusted loss = 0.101  adv prob = 0.166667   acc = 0.957
  gold_label_random = 2, sentence2_has_negation = 0  [n = 278]:	loss = 0.117  exp loss = 0.081  adjusted loss = 0.081  adv prob = 0.166667   acc = 0.964
  gold_label_random = 2, sentence2_has_negation = 1  [n = 249]:	loss = 0.188  exp loss = 0.090  adjusted loss = 0.090  adv prob = 0.166667   acc = 0.936
Average incurred loss: 0.126  
Average sample loss: 0.126  
Average acc: 0.959  
  gold_label_random = 0, sentence2_has_negation = 0  [n = 281]:	loss = 0.133  exp loss = 0.074  adjusted loss = 0.074  adv prob = 0.166667   acc = 0.954
  gold_label_random = 0, sentence2_has_negation = 1  [n = 265]:	loss = 0.027  exp loss = 0.024  adjusted loss = 0.024  adv prob = 0.166667   acc = 0.996
  gold_label_random = 1, sentence2_has_negation = 0  [n = 246]:	loss = 0.099  exp loss = 0.073  adjusted loss = 0.073  adv prob = 0.166667   acc = 0.967
  gold_label_random = 1, sentence2_has_negation = 1  [n = 290]:	loss = 0.130  exp loss = 0.151  adjusted loss = 0.151  adv prob = 0.166667   acc = 0.955
  gold_label_random = 2, sentence2_has_negation = 0  [n = 255]:	loss = 0.093  exp loss = 0.103  adjusted loss = 0.103  adv prob = 0.166667   acc = 0.957
  gold_label_random = 2, sentence2_has_negation = 1  [n = 263]:	loss = 0.273  exp loss = 0.535  adjusted loss = 0.535  adv prob = 0.166667   acc = 0.924
Average incurred loss: 0.111  
Average sample loss: 0.111  
Average acc: 0.967  
  gold_label_random = 0, sentence2_has_negation = 0  [n = 239]:	loss = 0.166  exp loss = 0.144  adjusted loss = 0.144  adv prob = 0.166667   acc = 0.958
  gold_label_random = 0, sentence2_has_negation = 1  [n = 265]:	loss = 0.061  exp loss = 0.054  adjusted loss = 0.054  adv prob = 0.166667   acc = 0.981
  gold_label_random = 1, sentence2_has_negation = 0  [n = 312]:	loss = 0.067  exp loss = 0.091  adjusted loss = 0.091  adv prob = 0.166667   acc = 0.981
  gold_label_random = 1, sentence2_has_negation = 1  [n = 279]:	loss = 0.090  exp loss = 0.090  adjusted loss = 0.090  adv prob = 0.166667   acc = 0.971
  gold_label_random = 2, sentence2_has_negation = 0  [n = 265]:	loss = 0.085  exp loss = 0.137  adjusted loss = 0.137  adv prob = 0.166667   acc = 0.970
  gold_label_random = 2, sentence2_has_negation = 1  [n = 240]:	loss = 0.226  exp loss = 0.149  adjusted loss = 0.149  adv prob = 0.166667   acc = 0.933
Average incurred loss: 0.133  
Average sample loss: 0.133  
Average acc: 0.957  
  gold_label_random = 0, sentence2_has_negation = 0  [n = 262]:	loss = 0.135  exp loss = 0.113  adjusted loss = 0.113  adv prob = 0.166667   acc = 0.950
  gold_label_random = 0, sentence2_has_negation = 1  [n = 267]:	loss = 0.033  exp loss = 0.057  adjusted loss = 0.057  adv prob = 0.166667   acc = 0.985
  gold_label_random = 1, sentence2_has_negation = 0  [n = 268]:	loss = 0.050  exp loss = 0.066  adjusted loss = 0.066  adv prob = 0.166667   acc = 0.989
  gold_label_random = 1, sentence2_has_negation = 1  [n = 258]:	loss = 0.205  exp loss = 0.249  adjusted loss = 0.249  adv prob = 0.166667   acc = 0.942
  gold_label_random = 2, sentence2_has_negation = 0  [n = 292]:	loss = 0.105  exp loss = 0.051  adjusted loss = 0.051  adv prob = 0.166667   acc = 0.959
  gold_label_random = 2, sentence2_has_negation = 1  [n = 253]:	loss = 0.281  exp loss = 0.273  adjusted loss = 0.273  adv prob = 0.166667   acc = 0.913
Average incurred loss: 0.111  
Average sample loss: 0.111  
Average acc: 0.960  
  gold_label_random = 0, sentence2_has_negation = 0  [n = 257]:	loss = 0.124  exp loss = 0.075  adjusted loss = 0.075  adv prob = 0.166667   acc = 0.961
  gold_label_random = 0, sentence2_has_negation = 1  [n = 266]:	loss = 0.028  exp loss = 0.023  adjusted loss = 0.023  adv prob = 0.166667   acc = 0.992
  gold_label_random = 1, sentence2_has_negation = 0  [n = 264]:	loss = 0.057  exp loss = 0.042  adjusted loss = 0.042  adv prob = 0.166667   acc = 0.977
  gold_label_random = 1, sentence2_has_negation = 1  [n = 273]:	loss = 0.075  exp loss = 0.036  adjusted loss = 0.036  adv prob = 0.166667   acc = 0.974
  gold_label_random = 2, sentence2_has_negation = 0  [n = 275]:	loss = 0.174  exp loss = 0.132  adjusted loss = 0.132  adv prob = 0.166667   acc = 0.938
  gold_label_random = 2, sentence2_has_negation = 1  [n = 265]:	loss = 0.206  exp loss = 0.249  adjusted loss = 0.249  adv prob = 0.166667   acc = 0.917
Average incurred loss: 0.104  
Average sample loss: 0.104  
Average acc: 0.969  
  gold_label_random = 0, sentence2_has_negation = 0  [n = 255]:	loss = 0.160  exp loss = 0.139  adjusted loss = 0.139  adv prob = 0.166667   acc = 0.957
  gold_label_random = 0, sentence2_has_negation = 1  [n = 278]:	loss = 0.047  exp loss = 0.028  adjusted loss = 0.028  adv prob = 0.166667   acc = 0.986
  gold_label_random = 1, sentence2_has_negation = 0  [n = 274]:	loss = 0.034  exp loss = 0.059  adjusted loss = 0.059  adv prob = 0.166667   acc = 0.993
  gold_label_random = 1, sentence2_has_negation = 1  [n = 258]:	loss = 0.099  exp loss = 0.070  adjusted loss = 0.070  adv prob = 0.166667   acc = 0.969
  gold_label_random = 2, sentence2_has_negation = 0  [n = 276]:	loss = 0.116  exp loss = 0.113  adjusted loss = 0.113  adv prob = 0.166667   acc = 0.967
  gold_label_random = 2, sentence2_has_negation = 1  [n = 259]:	loss = 0.178  exp loss = 0.271  adjusted loss = 0.271  adv prob = 0.166667   acc = 0.938
Average incurred loss: 0.090  
Average sample loss: 0.090  
Average acc: 0.970  
  gold_label_random = 0, sentence2_has_negation = 0  [n = 261]:	loss = 0.109  exp loss = 0.062  adjusted loss = 0.062  adv prob = 0.166667   acc = 0.962
  gold_label_random = 0, sentence2_has_negation = 1  [n = 282]:	loss = 0.042  exp loss = 0.079  adjusted loss = 0.079  adv prob = 0.166667   acc = 0.989
  gold_label_random = 1, sentence2_has_negation = 0  [n = 264]:	loss = 0.044  exp loss = 0.070  adjusted loss = 0.070  adv prob = 0.166667   acc = 0.985
  gold_label_random = 1, sentence2_has_negation = 1  [n = 266]:	loss = 0.144  exp loss = 0.162  adjusted loss = 0.162  adv prob = 0.166667   acc = 0.955
  gold_label_random = 2, sentence2_has_negation = 0  [n = 271]:	loss = 0.069  exp loss = 0.083  adjusted loss = 0.083  adv prob = 0.166667   acc = 0.967
  gold_label_random = 2, sentence2_has_negation = 1  [n = 256]:	loss = 0.135  exp loss = 0.080  adjusted loss = 0.080  adv prob = 0.166667   acc = 0.961
Average incurred loss: 0.135  
Average sample loss: 0.135  
Average acc: 0.959  
  gold_label_random = 0, sentence2_has_negation = 0  [n = 282]:	loss = 0.180  exp loss = 0.158  adjusted loss = 0.158  adv prob = 0.166667   acc = 0.929
  gold_label_random = 0, sentence2_has_negation = 1  [n = 265]:	loss = 0.047  exp loss = 0.054  adjusted loss = 0.054  adv prob = 0.166667   acc = 0.985
  gold_label_random = 1, sentence2_has_negation = 0  [n = 262]:	loss = 0.088  exp loss = 0.314  adjusted loss = 0.314  adv prob = 0.166667   acc = 0.985
  gold_label_random = 1, sentence2_has_negation = 1  [n = 248]:	loss = 0.146  exp loss = 0.307  adjusted loss = 0.307  adv prob = 0.166667   acc = 0.964
  gold_label_random = 2, sentence2_has_negation = 0  [n = 262]:	loss = 0.097  exp loss = 0.031  adjusted loss = 0.031  adv prob = 0.166667   acc = 0.973
  gold_label_random = 2, sentence2_has_negation = 1  [n = 281]:	loss = 0.242  exp loss = 0.408  adjusted loss = 0.408  adv prob = 0.166667   acc = 0.925
Average incurred loss: 0.111  
Average sample loss: 0.111  
Average acc: 0.965  
  gold_label_random = 0, sentence2_has_negation = 0  [n = 275]:	loss = 0.096  exp loss = 0.110  adjusted loss = 0.110  adv prob = 0.166667   acc = 0.975
  gold_label_random = 0, sentence2_has_negation = 1  [n = 257]:	loss = 0.076  exp loss = 0.051  adjusted loss = 0.051  adv prob = 0.166667   acc = 0.973
  gold_label_random = 1, sentence2_has_negation = 0  [n = 251]:	loss = 0.071  exp loss = 0.035  adjusted loss = 0.035  adv prob = 0.166667   acc = 0.980
  gold_label_random = 1, sentence2_has_negation = 1  [n = 255]:	loss = 0.107  exp loss = 0.150  adjusted loss = 0.150  adv prob = 0.166667   acc = 0.969
  gold_label_random = 2, sentence2_has_negation = 0  [n = 261]:	loss = 0.088  exp loss = 0.138  adjusted loss = 0.138  adv prob = 0.166667   acc = 0.966
  gold_label_random = 2, sentence2_has_negation = 1  [n = 301]:	loss = 0.212  exp loss = 0.179  adjusted loss = 0.179  adv prob = 0.166667   acc = 0.934
Average incurred loss: 0.104  
Average sample loss: 0.104  
Average acc: 0.964  
  gold_label_random = 0, sentence2_has_negation = 0  [n = 288]:	loss = 0.162  exp loss = 0.147  adjusted loss = 0.147  adv prob = 0.166667   acc = 0.944
  gold_label_random = 0, sentence2_has_negation = 1  [n = 272]:	loss = 0.029  exp loss = 0.037  adjusted loss = 0.037  adv prob = 0.166667   acc = 0.993
  gold_label_random = 1, sentence2_has_negation = 0  [n = 274]:	loss = 0.079  exp loss = 0.042  adjusted loss = 0.042  adv prob = 0.166667   acc = 0.964
  gold_label_random = 1, sentence2_has_negation = 1  [n = 263]:	loss = 0.109  exp loss = 0.042  adjusted loss = 0.042  adv prob = 0.166667   acc = 0.966
  gold_label_random = 2, sentence2_has_negation = 0  [n = 249]:	loss = 0.080  exp loss = 0.047  adjusted loss = 0.047  adv prob = 0.166667   acc = 0.980
  gold_label_random = 2, sentence2_has_negation = 1  [n = 254]:	loss = 0.162  exp loss = 0.141  adjusted loss = 0.141  adv prob = 0.166667   acc = 0.941
Average incurred loss: 0.118  
Average sample loss: 0.118  
Average acc: 0.961  
  gold_label_random = 0, sentence2_has_negation = 0  [n = 265]:	loss = 0.144  exp loss = 0.152  adjusted loss = 0.152  adv prob = 0.166667   acc = 0.943
  gold_label_random = 0, sentence2_has_negation = 1  [n = 262]:	loss = 0.033  exp loss = 0.033  adjusted loss = 0.033  adv prob = 0.166667   acc = 0.989
  gold_label_random = 1, sentence2_has_negation = 0  [n = 255]:	loss = 0.040  exp loss = 0.027  adjusted loss = 0.027  adv prob = 0.166667   acc = 0.988
  gold_label_random = 1, sentence2_has_negation = 1  [n = 244]:	loss = 0.095  exp loss = 0.096  adjusted loss = 0.096  adv prob = 0.166667   acc = 0.975
  gold_label_random = 2, sentence2_has_negation = 0  [n = 285]:	loss = 0.106  exp loss = 0.058  adjusted loss = 0.058  adv prob = 0.166667   acc = 0.968
  gold_label_random = 2, sentence2_has_negation = 1  [n = 289]:	loss = 0.270  exp loss = 0.550  adjusted loss = 0.550  adv prob = 0.166667   acc = 0.907
Average incurred loss: 0.117  
Average sample loss: 0.117  
Average acc: 0.965  
  gold_label_random = 0, sentence2_has_negation = 0  [n = 253]:	loss = 0.120  exp loss = 0.094  adjusted loss = 0.094  adv prob = 0.166667   acc = 0.957
  gold_label_random = 0, sentence2_has_negation = 1  [n = 267]:	loss = 0.062  exp loss = 0.038  adjusted loss = 0.038  adv prob = 0.166667   acc = 0.978
  gold_label_random = 1, sentence2_has_negation = 0  [n = 277]:	loss = 0.104  exp loss = 0.039  adjusted loss = 0.039  adv prob = 0.166667   acc = 0.960
  gold_label_random = 1, sentence2_has_negation = 1  [n = 270]:	loss = 0.171  exp loss = 0.062  adjusted loss = 0.062  adv prob = 0.166667   acc = 0.963
  gold_label_random = 2, sentence2_has_negation = 0  [n = 270]:	loss = 0.071  exp loss = 0.062  adjusted loss = 0.062  adv prob = 0.166667   acc = 0.981
  gold_label_random = 2, sentence2_has_negation = 1  [n = 263]:	loss = 0.174  exp loss = 0.128  adjusted loss = 0.128  adv prob = 0.166667   acc = 0.951
Average incurred loss: 0.095  
Average sample loss: 0.095  
Average acc: 0.966  
  gold_label_random = 0, sentence2_has_negation = 0  [n = 305]:	loss = 0.127  exp loss = 0.076  adjusted loss = 0.076  adv prob = 0.166667   acc = 0.954
  gold_label_random = 0, sentence2_has_negation = 1  [n = 274]:	loss = 0.024  exp loss = 0.015  adjusted loss = 0.015  adv prob = 0.166667   acc = 0.996
  gold_label_random = 1, sentence2_has_negation = 0  [n = 263]:	loss = 0.030  exp loss = 0.038  adjusted loss = 0.038  adv prob = 0.166667   acc = 0.992
  gold_label_random = 1, sentence2_has_negation = 1  [n = 229]:	loss = 0.149  exp loss = 0.184  adjusted loss = 0.184  adv prob = 0.166667   acc = 0.939
  gold_label_random = 2, sentence2_has_negation = 0  [n = 247]:	loss = 0.074  exp loss = 0.093  adjusted loss = 0.093  adv prob = 0.166667   acc = 0.976
  gold_label_random = 2, sentence2_has_negation = 1  [n = 282]:	loss = 0.164  exp loss = 0.138  adjusted loss = 0.138  adv prob = 0.166667   acc = 0.936
Average incurred loss: 0.117  
Average sample loss: 0.117  
Average acc: 0.964  
  gold_label_random = 0, sentence2_has_negation = 0  [n = 262]:	loss = 0.196  exp loss = 0.113  adjusted loss = 0.113  adv prob = 0.166667   acc = 0.950
  gold_label_random = 0, sentence2_has_negation = 1  [n = 285]:	loss = 0.034  exp loss = 0.016  adjusted loss = 0.016  adv prob = 0.166667   acc = 0.993
  gold_label_random = 1, sentence2_has_negation = 0  [n = 275]:	loss = 0.125  exp loss = 0.065  adjusted loss = 0.065  adv prob = 0.166667   acc = 0.949
  gold_label_random = 1, sentence2_has_negation = 1  [n = 297]:	loss = 0.106  exp loss = 0.148  adjusted loss = 0.148  adv prob = 0.166667   acc = 0.963
  gold_label_random = 2, sentence2_has_negation = 0  [n = 217]:	loss = 0.065  exp loss = 0.035  adjusted loss = 0.035  adv prob = 0.166667   acc = 0.982
  gold_label_random = 2, sentence2_has_negation = 1  [n = 264]:	loss = 0.175  exp loss = 0.149  adjusted loss = 0.149  adv prob = 0.166667   acc = 0.951
Average incurred loss: 0.106  
Average sample loss: 0.106  
Average acc: 0.966  
  gold_label_random = 0, sentence2_has_negation = 0  [n = 306]:	loss = 0.153  exp loss = 0.103  adjusted loss = 0.103  adv prob = 0.166667   acc = 0.948
  gold_label_random = 0, sentence2_has_negation = 1  [n = 253]:	loss = 0.018  exp loss = 0.027  adjusted loss = 0.027  adv prob = 0.166667   acc = 1.000
  gold_label_random = 1, sentence2_has_negation = 0  [n = 239]:	loss = 0.073  exp loss = 0.162  adjusted loss = 0.162  adv prob = 0.166667   acc = 0.975
  gold_label_random = 1, sentence2_has_negation = 1  [n = 253]:	loss = 0.122  exp loss = 0.120  adjusted loss = 0.120  adv prob = 0.166667   acc = 0.968
  gold_label_random = 2, sentence2_has_negation = 0  [n = 265]:	loss = 0.087  exp loss = 0.079  adjusted loss = 0.079  adv prob = 0.166667   acc = 0.977
  gold_label_random = 2, sentence2_has_negation = 1  [n = 284]:	loss = 0.168  exp loss = 0.114  adjusted loss = 0.114  adv prob = 0.166667   acc = 0.933
Average incurred loss: 0.131  
Average sample loss: 0.131  
Average acc: 0.959  
  gold_label_random = 0, sentence2_has_negation = 0  [n = 272]:	loss = 0.159  exp loss = 0.132  adjusted loss = 0.132  adv prob = 0.166667   acc = 0.960
  gold_label_random = 0, sentence2_has_negation = 1  [n = 271]:	loss = 0.045  exp loss = 0.030  adjusted loss = 0.030  adv prob = 0.166667   acc = 0.985
  gold_label_random = 1, sentence2_has_negation = 0  [n = 245]:	loss = 0.024  exp loss = 0.034  adjusted loss = 0.034  adv prob = 0.166667   acc = 0.996
  gold_label_random = 1, sentence2_has_negation = 1  [n = 279]:	loss = 0.135  exp loss = 0.090  adjusted loss = 0.090  adv prob = 0.166667   acc = 0.957
  gold_label_random = 2, sentence2_has_negation = 0  [n = 235]:	loss = 0.090  exp loss = 0.131  adjusted loss = 0.131  adv prob = 0.166667   acc = 0.962
  gold_label_random = 2, sentence2_has_negation = 1  [n = 298]:	loss = 0.303  exp loss = 0.340  adjusted loss = 0.340  adv prob = 0.166667   acc = 0.906
Average incurred loss: 0.096  
Average sample loss: 0.096  
Average acc: 0.973  
  gold_label_random = 0, sentence2_has_negation = 0  [n = 265]:	loss = 0.169  exp loss = 0.173  adjusted loss = 0.173  adv prob = 0.166667   acc = 0.955
  gold_label_random = 0, sentence2_has_negation = 1  [n = 243]:	loss = 0.025  exp loss = 0.024  adjusted loss = 0.024  adv prob = 0.166667   acc = 0.992
  gold_label_random = 1, sentence2_has_negation = 0  [n = 285]:	loss = 0.036  exp loss = 0.038  adjusted loss = 0.038  adv prob = 0.166667   acc = 0.996
  gold_label_random = 1, sentence2_has_negation = 1  [n = 281]:	loss = 0.092  exp loss = 0.080  adjusted loss = 0.080  adv prob = 0.166667   acc = 0.961
  gold_label_random = 2, sentence2_has_negation = 0  [n = 239]:	loss = 0.102  exp loss = 0.057  adjusted loss = 0.057  adv prob = 0.166667   acc = 0.979
  gold_label_random = 2, sentence2_has_negation = 1  [n = 287]:	loss = 0.145  exp loss = 0.063  adjusted loss = 0.063  adv prob = 0.166667   acc = 0.958
Average incurred loss: 0.107  
Average sample loss: 0.107  
Average acc: 0.966  
  gold_label_random = 0, sentence2_has_negation = 0  [n = 259]:	loss = 0.146  exp loss = 0.123  adjusted loss = 0.123  adv prob = 0.166667   acc = 0.946
  gold_label_random = 0, sentence2_has_negation = 1  [n = 278]:	loss = 0.039  exp loss = 0.037  adjusted loss = 0.037  adv prob = 0.166667   acc = 0.982
  gold_label_random = 1, sentence2_has_negation = 0  [n = 274]:	loss = 0.041  exp loss = 0.058  adjusted loss = 0.058  adv prob = 0.166667   acc = 0.993
  gold_label_random = 1, sentence2_has_negation = 1  [n = 263]:	loss = 0.103  exp loss = 0.070  adjusted loss = 0.070  adv prob = 0.166667   acc = 0.970
  gold_label_random = 2, sentence2_has_negation = 0  [n = 255]:	loss = 0.113  exp loss = 0.180  adjusted loss = 0.180  adv prob = 0.166667   acc = 0.965
  gold_label_random = 2, sentence2_has_negation = 1  [n = 271]:	loss = 0.202  exp loss = 0.248  adjusted loss = 0.248  adv prob = 0.166667   acc = 0.941
Average incurred loss: 0.106  
Average sample loss: 0.106  
Average acc: 0.966  
  gold_label_random = 0, sentence2_has_negation = 0  [n = 255]:	loss = 0.128  exp loss = 0.192  adjusted loss = 0.192  adv prob = 0.166667   acc = 0.961
  gold_label_random = 0, sentence2_has_negation = 1  [n = 282]:	loss = 0.040  exp loss = 0.023  adjusted loss = 0.023  adv prob = 0.166667   acc = 0.986
  gold_label_random = 1, sentence2_has_negation = 0  [n = 259]:	loss = 0.040  exp loss = 0.016  adjusted loss = 0.016  adv prob = 0.166667   acc = 0.988
  gold_label_random = 1, sentence2_has_negation = 1  [n = 267]:	loss = 0.059  exp loss = 0.051  adjusted loss = 0.051  adv prob = 0.166667   acc = 0.993
  gold_label_random = 2, sentence2_has_negation = 0  [n = 274]:	loss = 0.120  exp loss = 0.130  adjusted loss = 0.130  adv prob = 0.166667   acc = 0.945
  gold_label_random = 2, sentence2_has_negation = 1  [n = 263]:	loss = 0.252  exp loss = 0.351  adjusted loss = 0.351  adv prob = 0.166667   acc = 0.924
Average incurred loss: 0.111  
Average sample loss: 0.111  
Average acc: 0.967  
  gold_label_random = 0, sentence2_has_negation = 0  [n = 232]:	loss = 0.150  exp loss = 0.143  adjusted loss = 0.143  adv prob = 0.166667   acc = 0.957
  gold_label_random = 0, sentence2_has_negation = 1  [n = 270]:	loss = 0.057  exp loss = 0.024  adjusted loss = 0.024  adv prob = 0.166667   acc = 0.985
  gold_label_random = 1, sentence2_has_negation = 0  [n = 235]:	loss = 0.063  exp loss = 0.058  adjusted loss = 0.058  adv prob = 0.166667   acc = 0.979
  gold_label_random = 1, sentence2_has_negation = 1  [n = 280]:	loss = 0.157  exp loss = 0.211  adjusted loss = 0.211  adv prob = 0.166667   acc = 0.961
  gold_label_random = 2, sentence2_has_negation = 0  [n = 274]:	loss = 0.102  exp loss = 0.082  adjusted loss = 0.082  adv prob = 0.166667   acc = 0.967
  gold_label_random = 2, sentence2_has_negation = 1  [n = 309]:	loss = 0.133  exp loss = 0.144  adjusted loss = 0.144  adv prob = 0.166667   acc = 0.958
Average incurred loss: 0.106  
Average sample loss: 0.106  
Average acc: 0.968  
  gold_label_random = 0, sentence2_has_negation = 0  [n = 276]:	loss = 0.137  exp loss = 0.114  adjusted loss = 0.114  adv prob = 0.166667   acc = 0.949
  gold_label_random = 0, sentence2_has_negation = 1  [n = 258]:	loss = 0.037  exp loss = 0.028  adjusted loss = 0.028  adv prob = 0.166667   acc = 0.992
  gold_label_random = 1, sentence2_has_negation = 0  [n = 238]:	loss = 0.087  exp loss = 0.132  adjusted loss = 0.132  adv prob = 0.166667   acc = 0.975
  gold_label_random = 1, sentence2_has_negation = 1  [n = 263]:	loss = 0.107  exp loss = 0.080  adjusted loss = 0.080  adv prob = 0.166667   acc = 0.977
  gold_label_random = 2, sentence2_has_negation = 0  [n = 274]:	loss = 0.078  exp loss = 0.164  adjusted loss = 0.164  adv prob = 0.166667   acc = 0.974
  gold_label_random = 2, sentence2_has_negation = 1  [n = 291]:	loss = 0.179  exp loss = 0.126  adjusted loss = 0.126  adv prob = 0.166667   acc = 0.942
Average incurred loss: 0.107  
Average sample loss: 0.107  
Average acc: 0.961  
  gold_label_random = 0, sentence2_has_negation = 0  [n = 270]:	loss = 0.129  exp loss = 0.123  adjusted loss = 0.123  adv prob = 0.166667   acc = 0.952
  gold_label_random = 0, sentence2_has_negation = 1  [n = 238]:	loss = 0.041  exp loss = 0.020  adjusted loss = 0.020  adv prob = 0.166667   acc = 0.992
  gold_label_random = 1, sentence2_has_negation = 0  [n = 255]:	loss = 0.057  exp loss = 0.071  adjusted loss = 0.071  adv prob = 0.166667   acc = 0.988
  gold_label_random = 1, sentence2_has_negation = 1  [n = 278]:	loss = 0.082  exp loss = 0.050  adjusted loss = 0.050  adv prob = 0.166667   acc = 0.968
  gold_label_random = 2, sentence2_has_negation = 0  [n = 268]:	loss = 0.136  exp loss = 0.115  adjusted loss = 0.115  adv prob = 0.166667   acc = 0.951
  gold_label_random = 2, sentence2_has_negation = 1  [n = 291]:	loss = 0.179  exp loss = 0.392  adjusted loss = 0.392  adv prob = 0.166667   acc = 0.924
Average incurred loss: 0.101  
Average sample loss: 0.101  
Average acc: 0.966  
  gold_label_random = 0, sentence2_has_negation = 0  [n = 261]:	loss = 0.095  exp loss = 0.055  adjusted loss = 0.055  adv prob = 0.166667   acc = 0.962
  gold_label_random = 0, sentence2_has_negation = 1  [n = 282]:	loss = 0.082  exp loss = 0.031  adjusted loss = 0.031  adv prob = 0.166667   acc = 0.968
  gold_label_random = 1, sentence2_has_negation = 0  [n = 277]:	loss = 0.094  exp loss = 0.135  adjusted loss = 0.135  adv prob = 0.166667   acc = 0.968
  gold_label_random = 1, sentence2_has_negation = 1  [n = 252]:	loss = 0.118  exp loss = 0.077  adjusted loss = 0.077  adv prob = 0.166667   acc = 0.968
  gold_label_random = 2, sentence2_has_negation = 0  [n = 288]:	loss = 0.088  exp loss = 0.114  adjusted loss = 0.114  adv prob = 0.166667   acc = 0.972
  gold_label_random = 2, sentence2_has_negation = 1  [n = 240]:	loss = 0.137  exp loss = 0.195  adjusted loss = 0.195  adv prob = 0.166667   acc = 0.958
Average incurred loss: 0.105  
Average sample loss: 0.105  
Average acc: 0.966  
  gold_label_random = 0, sentence2_has_negation = 0  [n = 258]:	loss = 0.106  exp loss = 0.208  adjusted loss = 0.208  adv prob = 0.166667   acc = 0.965
  gold_label_random = 0, sentence2_has_negation = 1  [n = 251]:	loss = 0.022  exp loss = 0.018  adjusted loss = 0.018  adv prob = 0.166667   acc = 0.996
  gold_label_random = 1, sentence2_has_negation = 0  [n = 230]:	loss = 0.056  exp loss = 0.021  adjusted loss = 0.021  adv prob = 0.166667   acc = 0.991
  gold_label_random = 1, sentence2_has_negation = 1  [n = 290]:	loss = 0.113  exp loss = 0.074  adjusted loss = 0.074  adv prob = 0.166667   acc = 0.962
  gold_label_random = 2, sentence2_has_negation = 0  [n = 267]:	loss = 0.155  exp loss = 0.113  adjusted loss = 0.113  adv prob = 0.166667   acc = 0.944
  gold_label_random = 2, sentence2_has_negation = 1  [n = 304]:	loss = 0.157  exp loss = 0.121  adjusted loss = 0.121  adv prob = 0.166667   acc = 0.944
Average incurred loss: 0.117  
Average sample loss: 0.117  
Average acc: 0.964  
  gold_label_random = 0, sentence2_has_negation = 0  [n = 292]:	loss = 0.099  exp loss = 0.159  adjusted loss = 0.159  adv prob = 0.166667   acc = 0.962
  gold_label_random = 0, sentence2_has_negation = 1  [n = 257]:	loss = 0.053  exp loss = 0.040  adjusted loss = 0.040  adv prob = 0.166667   acc = 0.984
  gold_label_random = 1, sentence2_has_negation = 0  [n = 268]:	loss = 0.061  exp loss = 0.040  adjusted loss = 0.040  adv prob = 0.166667   acc = 0.978
  gold_label_random = 1, sentence2_has_negation = 1  [n = 248]:	loss = 0.086  exp loss = 0.049  adjusted loss = 0.049  adv prob = 0.166667   acc = 0.980
  gold_label_random = 2, sentence2_has_negation = 0  [n = 286]:	loss = 0.139  exp loss = 0.168  adjusted loss = 0.168  adv prob = 0.166667   acc = 0.965
  gold_label_random = 2, sentence2_has_negation = 1  [n = 249]:	loss = 0.272  exp loss = 0.291  adjusted loss = 0.291  adv prob = 0.166667   acc = 0.912
Average incurred loss: 0.130  
Average sample loss: 0.130  
Average acc: 0.954  
  gold_label_random = 0, sentence2_has_negation = 0  [n = 267]:	loss = 0.180  exp loss = 0.170  adjusted loss = 0.170  adv prob = 0.166667   acc = 0.936
  gold_label_random = 0, sentence2_has_negation = 1  [n = 260]:	loss = 0.070  exp loss = 0.070  adjusted loss = 0.070  adv prob = 0.166667   acc = 0.973
  gold_label_random = 1, sentence2_has_negation = 0  [n = 279]:	loss = 0.072  exp loss = 0.057  adjusted loss = 0.057  adv prob = 0.166667   acc = 0.978
  gold_label_random = 1, sentence2_has_negation = 1  [n = 292]:	loss = 0.111  exp loss = 0.127  adjusted loss = 0.127  adv prob = 0.166667   acc = 0.959
  gold_label_random = 2, sentence2_has_negation = 0  [n = 249]:	loss = 0.157  exp loss = 0.098  adjusted loss = 0.098  adv prob = 0.166667   acc = 0.940
  gold_label_random = 2, sentence2_has_negation = 1  [n = 253]:	loss = 0.195  exp loss = 0.198  adjusted loss = 0.198  adv prob = 0.166667   acc = 0.937
Average incurred loss: 0.098  
Average sample loss: 0.098  
Average acc: 0.970  
  gold_label_random = 0, sentence2_has_negation = 0  [n = 276]:	loss = 0.119  exp loss = 0.162  adjusted loss = 0.162  adv prob = 0.166667   acc = 0.960
  gold_label_random = 0, sentence2_has_negation = 1  [n = 265]:	loss = 0.038  exp loss = 0.083  adjusted loss = 0.083  adv prob = 0.166667   acc = 0.985
  gold_label_random = 1, sentence2_has_negation = 0  [n = 268]:	loss = 0.043  exp loss = 0.063  adjusted loss = 0.063  adv prob = 0.166667   acc = 0.993
  gold_label_random = 1, sentence2_has_negation = 1  [n = 267]:	loss = 0.080  exp loss = 0.063  adjusted loss = 0.063  adv prob = 0.166667   acc = 0.985
  gold_label_random = 2, sentence2_has_negation = 0  [n = 256]:	loss = 0.128  exp loss = 0.155  adjusted loss = 0.155  adv prob = 0.166667   acc = 0.969
  gold_label_random = 2, sentence2_has_negation = 1  [n = 268]:	loss = 0.178  exp loss = 0.137  adjusted loss = 0.137  adv prob = 0.166667   acc = 0.929
Average incurred loss: 0.104  
Average sample loss: 0.104  
Average acc: 0.965  
  gold_label_random = 0, sentence2_has_negation = 0  [n = 316]:	loss = 0.124  exp loss = 0.146  adjusted loss = 0.146  adv prob = 0.166667   acc = 0.956
  gold_label_random = 0, sentence2_has_negation = 1  [n = 257]:	loss = 0.057  exp loss = 0.043  adjusted loss = 0.043  adv prob = 0.166667   acc = 0.973
  gold_label_random = 1, sentence2_has_negation = 0  [n = 227]:	loss = 0.053  exp loss = 0.023  adjusted loss = 0.023  adv prob = 0.166667   acc = 0.991
  gold_label_random = 1, sentence2_has_negation = 1  [n = 277]:	loss = 0.153  exp loss = 0.167  adjusted loss = 0.167  adv prob = 0.166667   acc = 0.957
  gold_label_random = 2, sentence2_has_negation = 0  [n = 252]:	loss = 0.059  exp loss = 0.070  adjusted loss = 0.070  adv prob = 0.166667   acc = 0.984
  gold_label_random = 2, sentence2_has_negation = 1  [n = 271]:	loss = 0.160  exp loss = 0.122  adjusted loss = 0.122  adv prob = 0.166667   acc = 0.937
Average incurred loss: 0.101  
Average sample loss: 0.101  
Average acc: 0.969  
  gold_label_random = 0, sentence2_has_negation = 0  [n = 274]:	loss = 0.168  exp loss = 0.091  adjusted loss = 0.091  adv prob = 0.166667   acc = 0.953
  gold_label_random = 0, sentence2_has_negation = 1  [n = 261]:	loss = 0.015  exp loss = 0.014  adjusted loss = 0.014  adv prob = 0.166667   acc = 0.996
  gold_label_random = 1, sentence2_has_negation = 0  [n = 295]:	loss = 0.093  exp loss = 0.107  adjusted loss = 0.107  adv prob = 0.166667   acc = 0.969
  gold_label_random = 1, sentence2_has_negation = 1  [n = 252]:	loss = 0.074  exp loss = 0.165  adjusted loss = 0.165  adv prob = 0.166667   acc = 0.980
  gold_label_random = 2, sentence2_has_negation = 0  [n = 261]:	loss = 0.132  exp loss = 0.135  adjusted loss = 0.135  adv prob = 0.166667   acc = 0.958
  gold_label_random = 2, sentence2_has_negation = 1  [n = 257]:	loss = 0.120  exp loss = 0.085  adjusted loss = 0.085  adv prob = 0.166667   acc = 0.961
Average incurred loss: 0.097  
Average sample loss: 0.097  
Average acc: 0.972  
  gold_label_random = 0, sentence2_has_negation = 0  [n = 271]:	loss = 0.088  exp loss = 0.116  adjusted loss = 0.116  adv prob = 0.166667   acc = 0.974
  gold_label_random = 0, sentence2_has_negation = 1  [n = 284]:	loss = 0.044  exp loss = 0.020  adjusted loss = 0.020  adv prob = 0.166667   acc = 0.993
  gold_label_random = 1, sentence2_has_negation = 0  [n = 275]:	loss = 0.076  exp loss = 0.039  adjusted loss = 0.039  adv prob = 0.166667   acc = 0.982
  gold_label_random = 1, sentence2_has_negation = 1  [n = 246]:	loss = 0.105  exp loss = 0.059  adjusted loss = 0.059  adv prob = 0.166667   acc = 0.972
  gold_label_random = 2, sentence2_has_negation = 0  [n = 253]:	loss = 0.144  exp loss = 0.138  adjusted loss = 0.138  adv prob = 0.166667   acc = 0.949
  gold_label_random = 2, sentence2_has_negation = 1  [n = 271]:	loss = 0.131  exp loss = 0.095  adjusted loss = 0.095  adv prob = 0.166667   acc = 0.963
Average incurred loss: 0.098  
Average sample loss: 0.098  
Average acc: 0.965  
  gold_label_random = 0, sentence2_has_negation = 0  [n = 264]:	loss = 0.117  exp loss = 0.140  adjusted loss = 0.140  adv prob = 0.166667   acc = 0.958
  gold_label_random = 0, sentence2_has_negation = 1  [n = 237]:	loss = 0.028  exp loss = 0.051  adjusted loss = 0.051  adv prob = 0.166667   acc = 0.992
  gold_label_random = 1, sentence2_has_negation = 0  [n = 269]:	loss = 0.041  exp loss = 0.040  adjusted loss = 0.040  adv prob = 0.166667   acc = 0.985
  gold_label_random = 1, sentence2_has_negation = 1  [n = 283]:	loss = 0.125  exp loss = 0.114  adjusted loss = 0.114  adv prob = 0.166667   acc = 0.947
  gold_label_random = 2, sentence2_has_negation = 0  [n = 269]:	loss = 0.109  exp loss = 0.146  adjusted loss = 0.146  adv prob = 0.166667   acc = 0.970
  gold_label_random = 2, sentence2_has_negation = 1  [n = 278]:	loss = 0.156  exp loss = 0.171  adjusted loss = 0.171  adv prob = 0.166667   acc = 0.942
Average incurred loss: 0.127  
Average sample loss: 0.127  
Average acc: 0.956  
  gold_label_random = 0, sentence2_has_negation = 0  [n = 254]:	loss = 0.120  exp loss = 0.185  adjusted loss = 0.185  adv prob = 0.166667   acc = 0.961
  gold_label_random = 0, sentence2_has_negation = 1  [n = 271]:	loss = 0.048  exp loss = 0.054  adjusted loss = 0.054  adv prob = 0.166667   acc = 0.978
  gold_label_random = 1, sentence2_has_negation = 0  [n = 249]:	loss = 0.078  exp loss = 0.040  adjusted loss = 0.040  adv prob = 0.166667   acc = 0.976
  gold_label_random = 1, sentence2_has_negation = 1  [n = 268]:	loss = 0.154  exp loss = 0.093  adjusted loss = 0.093  adv prob = 0.166667   acc = 0.955
  gold_label_random = 2, sentence2_has_negation = 0  [n = 281]:	loss = 0.167  exp loss = 0.190  adjusted loss = 0.190  adv prob = 0.166667   acc = 0.940
  gold_label_random = 2, sentence2_has_negation = 1  [n = 277]:	loss = 0.188  exp loss = 0.261  adjusted loss = 0.261  adv prob = 0.166667   acc = 0.931
Average incurred loss: 0.125  
Average sample loss: 0.125  
Average acc: 0.959  
  gold_label_random = 0, sentence2_has_negation = 0  [n = 276]:	loss = 0.122  exp loss = 0.074  adjusted loss = 0.074  adv prob = 0.166667   acc = 0.957
  gold_label_random = 0, sentence2_has_negation = 1  [n = 297]:	loss = 0.073  exp loss = 0.124  adjusted loss = 0.124  adv prob = 0.166667   acc = 0.980
  gold_label_random = 1, sentence2_has_negation = 0  [n = 262]:	loss = 0.082  exp loss = 0.068  adjusted loss = 0.068  adv prob = 0.166667   acc = 0.977
  gold_label_random = 1, sentence2_has_negation = 1  [n = 241]:	loss = 0.069  exp loss = 0.049  adjusted loss = 0.049  adv prob = 0.166667   acc = 0.975
  gold_label_random = 2, sentence2_has_negation = 0  [n = 268]:	loss = 0.108  exp loss = 0.154  adjusted loss = 0.154  adv prob = 0.166667   acc = 0.963
  gold_label_random = 2, sentence2_has_negation = 1  [n = 256]:	loss = 0.302  exp loss = 0.255  adjusted loss = 0.255  adv prob = 0.166667   acc = 0.902
Average incurred loss: 0.111  
Average sample loss: 0.111  
Average acc: 0.968  
  gold_label_random = 0, sentence2_has_negation = 0  [n = 274]:	loss = 0.155  exp loss = 0.237  adjusted loss = 0.237  adv prob = 0.166667   acc = 0.942
  gold_label_random = 0, sentence2_has_negation = 1  [n = 269]:	loss = 0.060  exp loss = 0.049  adjusted loss = 0.049  adv prob = 0.166667   acc = 0.985
  gold_label_random = 1, sentence2_has_negation = 0  [n = 283]:	loss = 0.044  exp loss = 0.041  adjusted loss = 0.041  adv prob = 0.166667   acc = 0.986
  gold_label_random = 1, sentence2_has_negation = 1  [n = 235]:	loss = 0.088  exp loss = 0.119  adjusted loss = 0.119  adv prob = 0.166667   acc = 0.987
  gold_label_random = 2, sentence2_has_negation = 0  [n = 284]:	loss = 0.150  exp loss = 0.172  adjusted loss = 0.172  adv prob = 0.166667   acc = 0.961
  gold_label_random = 2, sentence2_has_negation = 1  [n = 255]:	loss = 0.168  exp loss = 0.294  adjusted loss = 0.294  adv prob = 0.166667   acc = 0.949
Average incurred loss: 0.110  
Average sample loss: 0.110  
Average acc: 0.968  
  gold_label_random = 0, sentence2_has_negation = 0  [n = 280]:	loss = 0.131  exp loss = 0.094  adjusted loss = 0.094  adv prob = 0.166667   acc = 0.957
  gold_label_random = 0, sentence2_has_negation = 1  [n = 278]:	loss = 0.056  exp loss = 0.133  adjusted loss = 0.133  adv prob = 0.166667   acc = 0.989
  gold_label_random = 1, sentence2_has_negation = 0  [n = 280]:	loss = 0.050  exp loss = 0.068  adjusted loss = 0.068  adv prob = 0.166667   acc = 0.982
  gold_label_random = 1, sentence2_has_negation = 1  [n = 240]:	loss = 0.144  exp loss = 0.147  adjusted loss = 0.147  adv prob = 0.166667   acc = 0.954
  gold_label_random = 2, sentence2_has_negation = 0  [n = 263]:	loss = 0.129  exp loss = 0.087  adjusted loss = 0.087  adv prob = 0.166667   acc = 0.970
  gold_label_random = 2, sentence2_has_negation = 1  [n = 259]:	loss = 0.157  exp loss = 0.145  adjusted loss = 0.145  adv prob = 0.166667   acc = 0.954
Average incurred loss: 0.115  
Average sample loss: 0.115  
Average acc: 0.962  
  gold_label_random = 0, sentence2_has_negation = 0  [n = 271]:	loss = 0.191  exp loss = 0.204  adjusted loss = 0.204  adv prob = 0.166667   acc = 0.945
  gold_label_random = 0, sentence2_has_negation = 1  [n = 291]:	loss = 0.055  exp loss = 0.086  adjusted loss = 0.086  adv prob = 0.166667   acc = 0.983
  gold_label_random = 1, sentence2_has_negation = 0  [n = 219]:	loss = 0.039  exp loss = 0.029  adjusted loss = 0.029  adv prob = 0.166667   acc = 0.986
  gold_label_random = 1, sentence2_has_negation = 1  [n = 282]:	loss = 0.097  exp loss = 0.098  adjusted loss = 0.098  adv prob = 0.166667   acc = 0.972
  gold_label_random = 2, sentence2_has_negation = 0  [n = 268]:	loss = 0.125  exp loss = 0.119  adjusted loss = 0.119  adv prob = 0.166667   acc = 0.955
  gold_label_random = 2, sentence2_has_negation = 1  [n = 269]:	loss = 0.175  exp loss = 0.207  adjusted loss = 0.207  adv prob = 0.166667   acc = 0.937
Average incurred loss: 0.101  
Average sample loss: 0.101  
Average acc: 0.966  
  gold_label_random = 0, sentence2_has_negation = 0  [n = 277]:	loss = 0.149  exp loss = 0.104  adjusted loss = 0.104  adv prob = 0.166667   acc = 0.939
  gold_label_random = 0, sentence2_has_negation = 1  [n = 264]:	loss = 0.046  exp loss = 0.092  adjusted loss = 0.092  adv prob = 0.166667   acc = 0.985
  gold_label_random = 1, sentence2_has_negation = 0  [n = 264]:	loss = 0.066  exp loss = 0.036  adjusted loss = 0.036  adv prob = 0.166667   acc = 0.981
  gold_label_random = 1, sentence2_has_negation = 1  [n = 237]:	loss = 0.079  exp loss = 0.138  adjusted loss = 0.138  adv prob = 0.166667   acc = 0.975
  gold_label_random = 2, sentence2_has_negation = 0  [n = 286]:	loss = 0.070  exp loss = 0.123  adjusted loss = 0.123  adv prob = 0.166667   acc = 0.972
  gold_label_random = 2, sentence2_has_negation = 1  [n = 272]:	loss = 0.193  exp loss = 0.199  adjusted loss = 0.199  adv prob = 0.166667   acc = 0.949
Average incurred loss: 0.105  
Average sample loss: 0.105  
Average acc: 0.966  
  gold_label_random = 0, sentence2_has_negation = 0  [n = 268]:	loss = 0.140  exp loss = 0.131  adjusted loss = 0.131  adv prob = 0.166667   acc = 0.959
  gold_label_random = 0, sentence2_has_negation = 1  [n = 255]:	loss = 0.053  exp loss = 0.044  adjusted loss = 0.044  adv prob = 0.166667   acc = 0.988
  gold_label_random = 1, sentence2_has_negation = 0  [n = 287]:	loss = 0.053  exp loss = 0.089  adjusted loss = 0.089  adv prob = 0.166667   acc = 0.986
  gold_label_random = 1, sentence2_has_negation = 1  [n = 280]:	loss = 0.099  exp loss = 0.094  adjusted loss = 0.094  adv prob = 0.166667   acc = 0.975
  gold_label_random = 2, sentence2_has_negation = 0  [n = 278]:	loss = 0.121  exp loss = 0.196  adjusted loss = 0.196  adv prob = 0.166667   acc = 0.953
  gold_label_random = 2, sentence2_has_negation = 1  [n = 232]:	loss = 0.175  exp loss = 0.094  adjusted loss = 0.094  adv prob = 0.166667   acc = 0.927
Average incurred loss: 0.113  
Average sample loss: 0.113  
Average acc: 0.961  
  gold_label_random = 0, sentence2_has_negation = 0  [n = 255]:	loss = 0.145  exp loss = 0.286  adjusted loss = 0.286  adv prob = 0.166667   acc = 0.949
  gold_label_random = 0, sentence2_has_negation = 1  [n = 256]:	loss = 0.044  exp loss = 0.016  adjusted loss = 0.016  adv prob = 0.166667   acc = 0.988
  gold_label_random = 1, sentence2_has_negation = 0  [n = 290]:	loss = 0.061  exp loss = 0.029  adjusted loss = 0.029  adv prob = 0.166667   acc = 0.983
  gold_label_random = 1, sentence2_has_negation = 1  [n = 258]:	loss = 0.167  exp loss = 0.160  adjusted loss = 0.160  adv prob = 0.166667   acc = 0.942
  gold_label_random = 2, sentence2_has_negation = 0  [n = 294]:	loss = 0.066  exp loss = 0.148  adjusted loss = 0.148  adv prob = 0.166667   acc = 0.980
  gold_label_random = 2, sentence2_has_negation = 1  [n = 247]:	loss = 0.212  exp loss = 0.144  adjusted loss = 0.144  adv prob = 0.166667   acc = 0.915
Average incurred loss: 0.108  
Average sample loss: 0.108  
Average acc: 0.962  
  gold_label_random = 0, sentence2_has_negation = 0  [n = 273]:	loss = 0.139  exp loss = 0.160  adjusted loss = 0.160  adv prob = 0.166667   acc = 0.949
  gold_label_random = 0, sentence2_has_negation = 1  [n = 244]:	loss = 0.042  exp loss = 0.035  adjusted loss = 0.035  adv prob = 0.166667   acc = 0.984
  gold_label_random = 1, sentence2_has_negation = 0  [n = 288]:	loss = 0.037  exp loss = 0.036  adjusted loss = 0.036  adv prob = 0.166667   acc = 0.997
  gold_label_random = 1, sentence2_has_negation = 1  [n = 255]:	loss = 0.124  exp loss = 0.144  adjusted loss = 0.144  adv prob = 0.166667   acc = 0.965
  gold_label_random = 2, sentence2_has_negation = 0  [n = 274]:	loss = 0.126  exp loss = 0.115  adjusted loss = 0.115  adv prob = 0.166667   acc = 0.945
  gold_label_random = 2, sentence2_has_negation = 1  [n = 266]:	loss = 0.177  exp loss = 0.238  adjusted loss = 0.238  adv prob = 0.166667   acc = 0.932
Average incurred loss: 0.099  
Average sample loss: 0.099  
Average acc: 0.966  
  gold_label_random = 0, sentence2_has_negation = 0  [n = 311]:	loss = 0.074  exp loss = 0.113  adjusted loss = 0.113  adv prob = 0.166667   acc = 0.981
  gold_label_random = 0, sentence2_has_negation = 1  [n = 237]:	loss = 0.048  exp loss = 0.044  adjusted loss = 0.044  adv prob = 0.166667   acc = 0.987
  gold_label_random = 1, sentence2_has_negation = 0  [n = 260]:	loss = 0.064  exp loss = 0.097  adjusted loss = 0.097  adv prob = 0.166667   acc = 0.985
  gold_label_random = 1, sentence2_has_negation = 1  [n = 266]:	loss = 0.109  exp loss = 0.091  adjusted loss = 0.091  adv prob = 0.166667   acc = 0.970
  gold_label_random = 2, sentence2_has_negation = 0  [n = 255]:	loss = 0.134  exp loss = 0.150  adjusted loss = 0.150  adv prob = 0.166667   acc = 0.941
  gold_label_random = 2, sentence2_has_negation = 1  [n = 271]:	loss = 0.164  exp loss = 0.257  adjusted loss = 0.257  adv prob = 0.166667   acc = 0.930
Average incurred loss: 0.120  
Average sample loss: 0.120  
Average acc: 0.964  
  gold_label_random = 0, sentence2_has_negation = 0  [n = 276]:	loss = 0.106  exp loss = 0.078  adjusted loss = 0.078  adv prob = 0.166667   acc = 0.967
  gold_label_random = 0, sentence2_has_negation = 1  [n = 282]:	loss = 0.018  exp loss = 0.016  adjusted loss = 0.016  adv prob = 0.166667   acc = 1.000
  gold_label_random = 1, sentence2_has_negation = 0  [n = 258]:	loss = 0.063  exp loss = 0.087  adjusted loss = 0.087  adv prob = 0.166667   acc = 0.977
  gold_label_random = 1, sentence2_has_negation = 1  [n = 239]:	loss = 0.151  exp loss = 0.164  adjusted loss = 0.164  adv prob = 0.166667   acc = 0.950
  gold_label_random = 2, sentence2_has_negation = 0  [n = 269]:	loss = 0.158  exp loss = 0.285  adjusted loss = 0.285  adv prob = 0.166667   acc = 0.948
  gold_label_random = 2, sentence2_has_negation = 1  [n = 276]:	loss = 0.230  exp loss = 0.242  adjusted loss = 0.242  adv prob = 0.166667   acc = 0.938
Average incurred loss: 0.114  
Average sample loss: 0.114  
Average acc: 0.966  
  gold_label_random = 0, sentence2_has_negation = 0  [n = 251]:	loss = 0.145  exp loss = 0.041  adjusted loss = 0.041  adv prob = 0.166667   acc = 0.952
  gold_label_random = 0, sentence2_has_negation = 1  [n = 251]:	loss = 0.031  exp loss = 0.013  adjusted loss = 0.013  adv prob = 0.166667   acc = 0.992
  gold_label_random = 1, sentence2_has_negation = 0  [n = 267]:	loss = 0.059  exp loss = 0.059  adjusted loss = 0.059  adv prob = 0.166667   acc = 0.981
  gold_label_random = 1, sentence2_has_negation = 1  [n = 264]:	loss = 0.098  exp loss = 0.111  adjusted loss = 0.111  adv prob = 0.166667   acc = 0.981
  gold_label_random = 2, sentence2_has_negation = 0  [n = 299]:	loss = 0.068  exp loss = 0.093  adjusted loss = 0.093  adv prob = 0.166667   acc = 0.970
  gold_label_random = 2, sentence2_has_negation = 1  [n = 268]:	loss = 0.285  exp loss = 0.343  adjusted loss = 0.343  adv prob = 0.166667   acc = 0.922
Average incurred loss: 0.119  
Average sample loss: 0.119  
Average acc: 0.959  
  gold_label_random = 0, sentence2_has_negation = 0  [n = 263]:	loss = 0.117  exp loss = 0.159  adjusted loss = 0.159  adv prob = 0.166667   acc = 0.954
  gold_label_random = 0, sentence2_has_negation = 1  [n = 261]:	loss = 0.049  exp loss = 0.060  adjusted loss = 0.060  adv prob = 0.166667   acc = 0.985
  gold_label_random = 1, sentence2_has_negation = 0  [n = 255]:	loss = 0.050  exp loss = 0.031  adjusted loss = 0.031  adv prob = 0.166667   acc = 0.988
  gold_label_random = 1, sentence2_has_negation = 1  [n = 271]:	loss = 0.171  exp loss = 0.176  adjusted loss = 0.176  adv prob = 0.166667   acc = 0.952
  gold_label_random = 2, sentence2_has_negation = 0  [n = 280]:	loss = 0.119  exp loss = 0.060  adjusted loss = 0.060  adv prob = 0.166667   acc = 0.943
  gold_label_random = 2, sentence2_has_negation = 1  [n = 270]:	loss = 0.203  exp loss = 0.239  adjusted loss = 0.239  adv prob = 0.166667   acc = 0.933
Average incurred loss: 0.111  
Average sample loss: 0.111  
Average acc: 0.964  
  gold_label_random = 0, sentence2_has_negation = 0  [n = 265]:	loss = 0.115  exp loss = 0.119  adjusted loss = 0.119  adv prob = 0.166667   acc = 0.966
  gold_label_random = 0, sentence2_has_negation = 1  [n = 265]:	loss = 0.021  exp loss = 0.018  adjusted loss = 0.018  adv prob = 0.166667   acc = 0.996
  gold_label_random = 1, sentence2_has_negation = 0  [n = 258]:	loss = 0.075  exp loss = 0.088  adjusted loss = 0.088  adv prob = 0.166667   acc = 0.977
  gold_label_random = 1, sentence2_has_negation = 1  [n = 267]:	loss = 0.101  exp loss = 0.072  adjusted loss = 0.072  adv prob = 0.166667   acc = 0.970
  gold_label_random = 2, sentence2_has_negation = 0  [n = 269]:	loss = 0.123  exp loss = 0.136  adjusted loss = 0.136  adv prob = 0.166667   acc = 0.955
  gold_label_random = 2, sentence2_has_negation = 1  [n = 276]:	loss = 0.223  exp loss = 0.152  adjusted loss = 0.152  adv prob = 0.166667   acc = 0.920
Average incurred loss: 0.109  
Average sample loss: 0.109  
Average acc: 0.961  
  gold_label_random = 0, sentence2_has_negation = 0  [n = 257]:	loss = 0.180  exp loss = 0.110  adjusted loss = 0.110  adv prob = 0.166667   acc = 0.918
  gold_label_random = 0, sentence2_has_negation = 1  [n = 264]:	loss = 0.034  exp loss = 0.035  adjusted loss = 0.035  adv prob = 0.166667   acc = 0.992
  gold_label_random = 1, sentence2_has_negation = 0  [n = 269]:	loss = 0.042  exp loss = 0.053  adjusted loss = 0.053  adv prob = 0.166667   acc = 0.996
  gold_label_random = 1, sentence2_has_negation = 1  [n = 274]:	loss = 0.082  exp loss = 0.088  adjusted loss = 0.088  adv prob = 0.166667   acc = 0.978
  gold_label_random = 2, sentence2_has_negation = 0  [n = 285]:	loss = 0.115  exp loss = 0.142  adjusted loss = 0.142  adv prob = 0.166667   acc = 0.954
  gold_label_random = 2, sentence2_has_negation = 1  [n = 251]:	loss = 0.212  exp loss = 0.225  adjusted loss = 0.225  adv prob = 0.166667   acc = 0.924
Average incurred loss: 0.113  
Average sample loss: 0.113  
Average acc: 0.961  
  gold_label_random = 0, sentence2_has_negation = 0  [n = 274]:	loss = 0.113  exp loss = 0.090  adjusted loss = 0.090  adv prob = 0.166667   acc = 0.956
  gold_label_random = 0, sentence2_has_negation = 1  [n = 251]:	loss = 0.043  exp loss = 0.031  adjusted loss = 0.031  adv prob = 0.166667   acc = 0.980
  gold_label_random = 1, sentence2_has_negation = 0  [n = 263]:	loss = 0.033  exp loss = 0.026  adjusted loss = 0.026  adv prob = 0.166667   acc = 0.996
  gold_label_random = 1, sentence2_has_negation = 1  [n = 259]:	loss = 0.087  exp loss = 0.108  adjusted loss = 0.108  adv prob = 0.166667   acc = 0.981
  gold_label_random = 2, sentence2_has_negation = 0  [n = 285]:	loss = 0.127  exp loss = 0.098  adjusted loss = 0.098  adv prob = 0.166667   acc = 0.954
  gold_label_random = 2, sentence2_has_negation = 1  [n = 268]:	loss = 0.269  exp loss = 0.171  adjusted loss = 0.171  adv prob = 0.166667   acc = 0.903
Average incurred loss: 0.109  
Average sample loss: 0.109  
Average acc: 0.959  
  gold_label_random = 0, sentence2_has_negation = 0  [n = 278]:	loss = 0.101  exp loss = 0.065  adjusted loss = 0.065  adv prob = 0.166667   acc = 0.957
  gold_label_random = 0, sentence2_has_negation = 1  [n = 266]:	loss = 0.033  exp loss = 0.020  adjusted loss = 0.020  adv prob = 0.166667   acc = 0.989
  gold_label_random = 1, sentence2_has_negation = 0  [n = 271]:	loss = 0.064  exp loss = 0.084  adjusted loss = 0.084  adv prob = 0.166667   acc = 0.982
  gold_label_random = 1, sentence2_has_negation = 1  [n = 230]:	loss = 0.129  exp loss = 0.147  adjusted loss = 0.147  adv prob = 0.166667   acc = 0.965
  gold_label_random = 2, sentence2_has_negation = 0  [n = 276]:	loss = 0.139  exp loss = 0.076  adjusted loss = 0.076  adv prob = 0.166667   acc = 0.935
  gold_label_random = 2, sentence2_has_negation = 1  [n = 279]:	loss = 0.186  exp loss = 0.094  adjusted loss = 0.094  adv prob = 0.166667   acc = 0.932
Average incurred loss: 0.098  
Average sample loss: 0.098  
Average acc: 0.969  
  gold_label_random = 0, sentence2_has_negation = 0  [n = 251]:	loss = 0.129  exp loss = 0.103  adjusted loss = 0.103  adv prob = 0.166667   acc = 0.952
  gold_label_random = 0, sentence2_has_negation = 1  [n = 249]:	loss = 0.050  exp loss = 0.035  adjusted loss = 0.035  adv prob = 0.166667   acc = 0.988
  gold_label_random = 1, sentence2_has_negation = 0  [n = 305]:	loss = 0.072  exp loss = 0.053  adjusted loss = 0.053  adv prob = 0.166667   acc = 0.984
  gold_label_random = 1, sentence2_has_negation = 1  [n = 268]:	loss = 0.130  exp loss = 0.132  adjusted loss = 0.132  adv prob = 0.166667   acc = 0.963
  gold_label_random = 2, sentence2_has_negation = 0  [n = 253]:	loss = 0.051  exp loss = 0.047  adjusted loss = 0.047  adv prob = 0.166667   acc = 0.980
  gold_label_random = 2, sentence2_has_negation = 1  [n = 274]:	loss = 0.156  exp loss = 0.127  adjusted loss = 0.127  adv prob = 0.166667   acc = 0.945
Average incurred loss: 0.110  
Average sample loss: 0.110  
Average acc: 0.962  
  gold_label_random = 0, sentence2_has_negation = 0  [n = 243]:	loss = 0.185  exp loss = 0.149  adjusted loss = 0.149  adv prob = 0.166667   acc = 0.930
  gold_label_random = 0, sentence2_has_negation = 1  [n = 290]:	loss = 0.047  exp loss = 0.071  adjusted loss = 0.071  adv prob = 0.166667   acc = 0.993
  gold_label_random = 1, sentence2_has_negation = 0  [n = 252]:	loss = 0.069  exp loss = 0.078  adjusted loss = 0.078  adv prob = 0.166667   acc = 0.972
  gold_label_random = 1, sentence2_has_negation = 1  [n = 244]:	loss = 0.065  exp loss = 0.042  adjusted loss = 0.042  adv prob = 0.166667   acc = 0.980
  gold_label_random = 2, sentence2_has_negation = 0  [n = 266]:	loss = 0.123  exp loss = 0.124  adjusted loss = 0.124  adv prob = 0.166667   acc = 0.951
  gold_label_random = 2, sentence2_has_negation = 1  [n = 305]:	loss = 0.168  exp loss = 0.122  adjusted loss = 0.122  adv prob = 0.166667   acc = 0.944
Average incurred loss: 0.127  
Average sample loss: 0.127  
Average acc: 0.956  
  gold_label_random = 0, sentence2_has_negation = 0  [n = 221]:	loss = 0.138  exp loss = 0.191  adjusted loss = 0.191  adv prob = 0.166667   acc = 0.950
  gold_label_random = 0, sentence2_has_negation = 1  [n = 249]:	loss = 0.036  exp loss = 0.042  adjusted loss = 0.042  adv prob = 0.166667   acc = 0.996
  gold_label_random = 1, sentence2_has_negation = 0  [n = 284]:	loss = 0.074  exp loss = 0.087  adjusted loss = 0.087  adv prob = 0.166667   acc = 0.975
  gold_label_random = 1, sentence2_has_negation = 1  [n = 292]:	loss = 0.113  exp loss = 0.081  adjusted loss = 0.081  adv prob = 0.166667   acc = 0.955
  gold_label_random = 2, sentence2_has_negation = 0  [n = 282]:	loss = 0.155  exp loss = 0.217  adjusted loss = 0.217  adv prob = 0.166667   acc = 0.957
  gold_label_random = 2, sentence2_has_negation = 1  [n = 272]:	loss = 0.241  exp loss = 0.167  adjusted loss = 0.167  adv prob = 0.166667   acc = 0.904
Average incurred loss: 0.099  
Average sample loss: 0.099  
Average acc: 0.965  
  gold_label_random = 0, sentence2_has_negation = 0  [n = 253]:	loss = 0.145  exp loss = 0.228  adjusted loss = 0.228  adv prob = 0.166667   acc = 0.953
  gold_label_random = 0, sentence2_has_negation = 1  [n = 284]:	loss = 0.039  exp loss = 0.019  adjusted loss = 0.019  adv prob = 0.166667   acc = 0.986
  gold_label_random = 1, sentence2_has_negation = 0  [n = 292]:	loss = 0.041  exp loss = 0.031  adjusted loss = 0.031  adv prob = 0.166667   acc = 0.986
  gold_label_random = 1, sentence2_has_negation = 1  [n = 255]:	loss = 0.124  exp loss = 0.105  adjusted loss = 0.105  adv prob = 0.166667   acc = 0.953
  gold_label_random = 2, sentence2_has_negation = 0  [n = 256]:	loss = 0.119  exp loss = 0.069  adjusted loss = 0.069  adv prob = 0.166667   acc = 0.961
  gold_label_random = 2, sentence2_has_negation = 1  [n = 260]:	loss = 0.141  exp loss = 0.115  adjusted loss = 0.115  adv prob = 0.166667   acc = 0.946
Average incurred loss: 0.109  
Average sample loss: 0.109  
Average acc: 0.968  
  gold_label_random = 0, sentence2_has_negation = 0  [n = 290]:	loss = 0.109  exp loss = 0.087  adjusted loss = 0.087  adv prob = 0.166667   acc = 0.962
  gold_label_random = 0, sentence2_has_negation = 1  [n = 267]:	loss = 0.060  exp loss = 0.041  adjusted loss = 0.041  adv prob = 0.166667   acc = 0.978
  gold_label_random = 1, sentence2_has_negation = 0  [n = 260]:	loss = 0.057  exp loss = 0.058  adjusted loss = 0.058  adv prob = 0.166667   acc = 0.985
  gold_label_random = 1, sentence2_has_negation = 1  [n = 261]:	loss = 0.166  exp loss = 0.175  adjusted loss = 0.175  adv prob = 0.166667   acc = 0.954
  gold_label_random = 2, sentence2_has_negation = 0  [n = 264]:	loss = 0.111  exp loss = 0.038  adjusted loss = 0.038  adv prob = 0.166667   acc = 0.970
  gold_label_random = 2, sentence2_has_negation = 1  [n = 258]:	loss = 0.154  exp loss = 0.105  adjusted loss = 0.105  adv prob = 0.166667   acc = 0.961
Average incurred loss: 0.105  
Average sample loss: 0.105  
Average acc: 0.964  
  gold_label_random = 0, sentence2_has_negation = 0  [n = 281]:	loss = 0.130  exp loss = 0.162  adjusted loss = 0.162  adv prob = 0.166667   acc = 0.954
  gold_label_random = 0, sentence2_has_negation = 1  [n = 265]:	loss = 0.042  exp loss = 0.037  adjusted loss = 0.037  adv prob = 0.166667   acc = 0.989
  gold_label_random = 1, sentence2_has_negation = 0  [n = 240]:	loss = 0.045  exp loss = 0.057  adjusted loss = 0.057  adv prob = 0.166667   acc = 0.988
  gold_label_random = 1, sentence2_has_negation = 1  [n = 271]:	loss = 0.113  exp loss = 0.181  adjusted loss = 0.181  adv prob = 0.166667   acc = 0.967
  gold_label_random = 2, sentence2_has_negation = 0  [n = 254]:	loss = 0.146  exp loss = 0.142  adjusted loss = 0.142  adv prob = 0.166667   acc = 0.949
  gold_label_random = 2, sentence2_has_negation = 1  [n = 289]:	loss = 0.146  exp loss = 0.142  adjusted loss = 0.142  adv prob = 0.166667   acc = 0.945
Average incurred loss: 0.125  
Average sample loss: 0.125  
Average acc: 0.966  
  gold_label_random = 0, sentence2_has_negation = 0  [n = 247]:	loss = 0.122  exp loss = 0.082  adjusted loss = 0.082  adv prob = 0.166667   acc = 0.964
  gold_label_random = 0, sentence2_has_negation = 1  [n = 258]:	loss = 0.076  exp loss = 0.054  adjusted loss = 0.054  adv prob = 0.166667   acc = 0.984
  gold_label_random = 1, sentence2_has_negation = 0  [n = 291]:	loss = 0.067  exp loss = 0.043  adjusted loss = 0.043  adv prob = 0.166667   acc = 0.983
  gold_label_random = 1, sentence2_has_negation = 1  [n = 259]:	loss = 0.082  exp loss = 0.088  adjusted loss = 0.088  adv prob = 0.166667   acc = 0.973
  gold_label_random = 2, sentence2_has_negation = 0  [n = 278]:	loss = 0.195  exp loss = 0.293  adjusted loss = 0.293  adv prob = 0.166667   acc = 0.950
  gold_label_random = 2, sentence2_has_negation = 1  [n = 267]:	loss = 0.207  exp loss = 0.384  adjusted loss = 0.384  adv prob = 0.166667   acc = 0.940
Average incurred loss: 0.100  
Average sample loss: 0.100  
Average acc: 0.966  
  gold_label_random = 0, sentence2_has_negation = 0  [n = 244]:	loss = 0.084  exp loss = 0.149  adjusted loss = 0.149  adv prob = 0.166667   acc = 0.980
  gold_label_random = 0, sentence2_has_negation = 1  [n = 270]:	loss = 0.093  exp loss = 0.056  adjusted loss = 0.056  adv prob = 0.166667   acc = 0.963
  gold_label_random = 1, sentence2_has_negation = 0  [n = 275]:	loss = 0.049  exp loss = 0.037  adjusted loss = 0.037  adv prob = 0.166667   acc = 0.982
  gold_label_random = 1, sentence2_has_negation = 1  [n = 269]:	loss = 0.090  exp loss = 0.091  adjusted loss = 0.091  adv prob = 0.166667   acc = 0.974
  gold_label_random = 2, sentence2_has_negation = 0  [n = 273]:	loss = 0.120  exp loss = 0.078  adjusted loss = 0.078  adv prob = 0.166667   acc = 0.960
  gold_label_random = 2, sentence2_has_negation = 1  [n = 269]:	loss = 0.161  exp loss = 0.164  adjusted loss = 0.164  adv prob = 0.166667   acc = 0.937
Average incurred loss: 0.125  
Average sample loss: 0.125  
Average acc: 0.961  
  gold_label_random = 0, sentence2_has_negation = 0  [n = 243]:	loss = 0.143  exp loss = 0.107  adjusted loss = 0.107  adv prob = 0.166667   acc = 0.959
  gold_label_random = 0, sentence2_has_negation = 1  [n = 290]:	loss = 0.055  exp loss = 0.048  adjusted loss = 0.048  adv prob = 0.166667   acc = 0.979
  gold_label_random = 1, sentence2_has_negation = 0  [n = 278]:	loss = 0.070  exp loss = 0.065  adjusted loss = 0.065  adv prob = 0.166667   acc = 0.982
  gold_label_random = 1, sentence2_has_negation = 1  [n = 262]:	loss = 0.191  exp loss = 0.117  adjusted loss = 0.117  adv prob = 0.166667   acc = 0.943
  gold_label_random = 2, sentence2_has_negation = 0  [n = 274]:	loss = 0.139  exp loss = 0.103  adjusted loss = 0.103  adv prob = 0.166667   acc = 0.945
  gold_label_random = 2, sentence2_has_negation = 1  [n = 253]:	loss = 0.167  exp loss = 0.098  adjusted loss = 0.098  adv prob = 0.166667   acc = 0.957
Average incurred loss: 0.118  
Average sample loss: 0.118  
Average acc: 0.966  
  gold_label_random = 0, sentence2_has_negation = 0  [n = 298]:	loss = 0.188  exp loss = 0.140  adjusted loss = 0.140  adv prob = 0.166667   acc = 0.943
  gold_label_random = 0, sentence2_has_negation = 1  [n = 249]:	loss = 0.046  exp loss = 0.046  adjusted loss = 0.046  adv prob = 0.166667   acc = 0.988
  gold_label_random = 1, sentence2_has_negation = 0  [n = 246]:	loss = 0.040  exp loss = 0.027  adjusted loss = 0.027  adv prob = 0.166667   acc = 0.992
  gold_label_random = 1, sentence2_has_negation = 1  [n = 283]:	loss = 0.122  exp loss = 0.253  adjusted loss = 0.253  adv prob = 0.166667   acc = 0.968
  gold_label_random = 2, sentence2_has_negation = 0  [n = 267]:	loss = 0.103  exp loss = 0.080  adjusted loss = 0.080  adv prob = 0.166667   acc = 0.978
  gold_label_random = 2, sentence2_has_negation = 1  [n = 257]:	loss = 0.195  exp loss = 0.126  adjusted loss = 0.126  adv prob = 0.166667   acc = 0.934
Average incurred loss: 0.105  
Average sample loss: 0.105  
Average acc: 0.965  
  gold_label_random = 0, sentence2_has_negation = 0  [n = 256]:	loss = 0.123  exp loss = 0.106  adjusted loss = 0.106  adv prob = 0.166667   acc = 0.957
  gold_label_random = 0, sentence2_has_negation = 1  [n = 269]:	loss = 0.029  exp loss = 0.144  adjusted loss = 0.144  adv prob = 0.166667   acc = 0.989
  gold_label_random = 1, sentence2_has_negation = 0  [n = 261]:	loss = 0.055  exp loss = 0.079  adjusted loss = 0.079  adv prob = 0.166667   acc = 0.985
  gold_label_random = 1, sentence2_has_negation = 1  [n = 287]:	loss = 0.138  exp loss = 0.118  adjusted loss = 0.118  adv prob = 0.166667   acc = 0.958
  gold_label_random = 2, sentence2_has_negation = 0  [n = 275]:	loss = 0.079  exp loss = 0.096  adjusted loss = 0.096  adv prob = 0.166667   acc = 0.964
  gold_label_random = 2, sentence2_has_negation = 1  [n = 252]:	loss = 0.209  exp loss = 0.290  adjusted loss = 0.290  adv prob = 0.166667   acc = 0.937
Average incurred loss: 0.106  
Average sample loss: 0.106  
Average acc: 0.965  
  gold_label_random = 0, sentence2_has_negation = 0  [n = 276]:	loss = 0.131  exp loss = 0.153  adjusted loss = 0.153  adv prob = 0.166667   acc = 0.957
  gold_label_random = 0, sentence2_has_negation = 1  [n = 257]:	loss = 0.032  exp loss = 0.021  adjusted loss = 0.021  adv prob = 0.166667   acc = 0.992
  gold_label_random = 1, sentence2_has_negation = 0  [n = 257]:	loss = 0.034  exp loss = 0.046  adjusted loss = 0.046  adv prob = 0.166667   acc = 0.996
  gold_label_random = 1, sentence2_has_negation = 1  [n = 274]:	loss = 0.137  exp loss = 0.163  adjusted loss = 0.163  adv prob = 0.166667   acc = 0.953
  gold_label_random = 2, sentence2_has_negation = 0  [n = 262]:	loss = 0.132  exp loss = 0.096  adjusted loss = 0.096  adv prob = 0.166667   acc = 0.950
  gold_label_random = 2, sentence2_has_negation = 1  [n = 274]:	loss = 0.160  exp loss = 0.353  adjusted loss = 0.353  adv prob = 0.166667   acc = 0.945
Average incurred loss: 0.131  
Average sample loss: 0.131  
Average acc: 0.956  
  gold_label_random = 0, sentence2_has_negation = 0  [n = 276]:	loss = 0.152  exp loss = 0.183  adjusted loss = 0.183  adv prob = 0.166667   acc = 0.953
  gold_label_random = 0, sentence2_has_negation = 1  [n = 274]:	loss = 0.046  exp loss = 0.029  adjusted loss = 0.029  adv prob = 0.166667   acc = 0.978
  gold_label_random = 1, sentence2_has_negation = 0  [n = 264]:	loss = 0.049  exp loss = 0.075  adjusted loss = 0.075  adv prob = 0.166667   acc = 0.981
  gold_label_random = 1, sentence2_has_negation = 1  [n = 272]:	loss = 0.150  exp loss = 0.135  adjusted loss = 0.135  adv prob = 0.166667   acc = 0.963
  gold_label_random = 2, sentence2_has_negation = 0  [n = 263]:	loss = 0.157  exp loss = 0.260  adjusted loss = 0.260  adv prob = 0.166667   acc = 0.951
  gold_label_random = 2, sentence2_has_negation = 1  [n = 251]:	loss = 0.239  exp loss = 0.241  adjusted loss = 0.241  adv prob = 0.166667   acc = 0.908
Average incurred loss: 0.093  
Average sample loss: 0.093  
Average acc: 0.966  
  gold_label_random = 0, sentence2_has_negation = 0  [n = 309]:	loss = 0.114  exp loss = 0.154  adjusted loss = 0.154  adv prob = 0.166667   acc = 0.961
  gold_label_random = 0, sentence2_has_negation = 1  [n = 249]:	loss = 0.048  exp loss = 0.034  adjusted loss = 0.034  adv prob = 0.166667   acc = 0.988
  gold_label_random = 1, sentence2_has_negation = 0  [n = 241]:	loss = 0.071  exp loss = 0.067  adjusted loss = 0.067  adv prob = 0.166667   acc = 0.975
  gold_label_random = 1, sentence2_has_negation = 1  [n = 260]:	loss = 0.075  exp loss = 0.083  adjusted loss = 0.083  adv prob = 0.166667   acc = 0.973
  gold_label_random = 2, sentence2_has_negation = 0  [n = 283]:	loss = 0.054  exp loss = 0.054  adjusted loss = 0.054  adv prob = 0.166667   acc = 0.975
  gold_label_random = 2, sentence2_has_negation = 1  [n = 258]:	loss = 0.190  exp loss = 0.230  adjusted loss = 0.230  adv prob = 0.166667   acc = 0.926
Average incurred loss: 0.125  
Average sample loss: 0.125  
Average acc: 0.962  
  gold_label_random = 0, sentence2_has_negation = 0  [n = 253]:	loss = 0.167  exp loss = 0.221  adjusted loss = 0.221  adv prob = 0.166667   acc = 0.953
  gold_label_random = 0, sentence2_has_negation = 1  [n = 270]:	loss = 0.061  exp loss = 0.063  adjusted loss = 0.063  adv prob = 0.166667   acc = 0.974
  gold_label_random = 1, sentence2_has_negation = 0  [n = 259]:	loss = 0.068  exp loss = 0.063  adjusted loss = 0.063  adv prob = 0.166667   acc = 0.988
  gold_label_random = 1, sentence2_has_negation = 1  [n = 266]:	loss = 0.113  exp loss = 0.100  adjusted loss = 0.100  adv prob = 0.166667   acc = 0.966
  gold_label_random = 2, sentence2_has_negation = 0  [n = 269]:	loss = 0.152  exp loss = 0.170  adjusted loss = 0.170  adv prob = 0.166667   acc = 0.952
  gold_label_random = 2, sentence2_has_negation = 1  [n = 283]:	loss = 0.188  exp loss = 0.287  adjusted loss = 0.287  adv prob = 0.166667   acc = 0.940
Average incurred loss: 0.115  
Average sample loss: 0.115  
Average acc: 0.964  
  gold_label_random = 0, sentence2_has_negation = 0  [n = 259]:	loss = 0.128  exp loss = 0.063  adjusted loss = 0.063  adv prob = 0.166667   acc = 0.961
  gold_label_random = 0, sentence2_has_negation = 1  [n = 278]:	loss = 0.034  exp loss = 0.035  adjusted loss = 0.035  adv prob = 0.166667   acc = 0.989
  gold_label_random = 1, sentence2_has_negation = 0  [n = 250]:	loss = 0.081  exp loss = 0.090  adjusted loss = 0.090  adv prob = 0.166667   acc = 0.976
  gold_label_random = 1, sentence2_has_negation = 1  [n = 246]:	loss = 0.090  exp loss = 0.107  adjusted loss = 0.107  adv prob = 0.166667   acc = 0.980
  gold_label_random = 2, sentence2_has_negation = 0  [n = 283]:	loss = 0.134  exp loss = 0.156  adjusted loss = 0.156  adv prob = 0.166667   acc = 0.965
  gold_label_random = 2, sentence2_has_negation = 1  [n = 284]:	loss = 0.214  exp loss = 0.179  adjusted loss = 0.179  adv prob = 0.166667   acc = 0.915
Average incurred loss: 0.101  
Average sample loss: 0.101  
Average acc: 0.970  
  gold_label_random = 0, sentence2_has_negation = 0  [n = 255]:	loss = 0.141  exp loss = 0.124  adjusted loss = 0.124  adv prob = 0.166667   acc = 0.953
  gold_label_random = 0, sentence2_has_negation = 1  [n = 254]:	loss = 0.017  exp loss = 0.019  adjusted loss = 0.019  adv prob = 0.166667   acc = 1.000
  gold_label_random = 1, sentence2_has_negation = 0  [n = 282]:	loss = 0.030  exp loss = 0.031  adjusted loss = 0.031  adv prob = 0.166667   acc = 0.996
  gold_label_random = 1, sentence2_has_negation = 1  [n = 275]:	loss = 0.168  exp loss = 0.143  adjusted loss = 0.143  adv prob = 0.166667   acc = 0.956
  gold_label_random = 2, sentence2_has_negation = 0  [n = 263]:	loss = 0.057  exp loss = 0.126  adjusted loss = 0.126  adv prob = 0.166667   acc = 0.985
  gold_label_random = 2, sentence2_has_negation = 1  [n = 271]:	loss = 0.193  exp loss = 0.082  adjusted loss = 0.082  adv prob = 0.166667   acc = 0.930
Average incurred loss: 0.117  
Average sample loss: 0.117  
Average acc: 0.963  
  gold_label_random = 0, sentence2_has_negation = 0  [n = 272]:	loss = 0.165  exp loss = 0.171  adjusted loss = 0.171  adv prob = 0.166667   acc = 0.952
  gold_label_random = 0, sentence2_has_negation = 1  [n = 279]:	loss = 0.060  exp loss = 0.044  adjusted loss = 0.044  adv prob = 0.166667   acc = 0.975
  gold_label_random = 1, sentence2_has_negation = 0  [n = 255]:	loss = 0.040  exp loss = 0.039  adjusted loss = 0.039  adv prob = 0.166667   acc = 0.980
  gold_label_random = 1, sentence2_has_negation = 1  [n = 281]:	loss = 0.150  exp loss = 0.119  adjusted loss = 0.119  adv prob = 0.166667   acc = 0.964
  gold_label_random = 2, sentence2_has_negation = 0  [n = 250]:	loss = 0.112  exp loss = 0.134  adjusted loss = 0.134  adv prob = 0.166667   acc = 0.972
  gold_label_random = 2, sentence2_has_negation = 1  [n = 263]:	loss = 0.170  exp loss = 0.203  adjusted loss = 0.203  adv prob = 0.166667   acc = 0.935
Average incurred loss: 0.103  
Average sample loss: 0.103  
Average acc: 0.961  
  gold_label_random = 0, sentence2_has_negation = 0  [n = 281]:	loss = 0.090  exp loss = 0.072  adjusted loss = 0.072  adv prob = 0.166667   acc = 0.968
  gold_label_random = 0, sentence2_has_negation = 1  [n = 264]:	loss = 0.040  exp loss = 0.046  adjusted loss = 0.046  adv prob = 0.166667   acc = 0.989
  gold_label_random = 1, sentence2_has_negation = 0  [n = 262]:	loss = 0.066  exp loss = 0.077  adjusted loss = 0.077  adv prob = 0.166667   acc = 0.977
  gold_label_random = 1, sentence2_has_negation = 1  [n = 262]:	loss = 0.107  exp loss = 0.108  adjusted loss = 0.108  adv prob = 0.166667   acc = 0.958
  gold_label_random = 2, sentence2_has_negation = 0  [n = 279]:	loss = 0.078  exp loss = 0.102  adjusted loss = 0.102  adv prob = 0.166667   acc = 0.971
  gold_label_random = 2, sentence2_has_negation = 1  [n = 252]:	loss = 0.244  exp loss = 0.207  adjusted loss = 0.207  adv prob = 0.166667   acc = 0.901
Average incurred loss: 0.116  
Average sample loss: 0.116  
Average acc: 0.964  
  gold_label_random = 0, sentence2_has_negation = 0  [n = 262]:	loss = 0.172  exp loss = 0.106  adjusted loss = 0.106  adv prob = 0.166667   acc = 0.939
  gold_label_random = 0, sentence2_has_negation = 1  [n = 258]:	loss = 0.037  exp loss = 0.020  adjusted loss = 0.020  adv prob = 0.166667   acc = 0.992
  gold_label_random = 1, sentence2_has_negation = 0  [n = 271]:	loss = 0.050  exp loss = 0.044  adjusted loss = 0.044  adv prob = 0.166667   acc = 0.985
  gold_label_random = 1, sentence2_has_negation = 1  [n = 273]:	loss = 0.070  exp loss = 0.065  adjusted loss = 0.065  adv prob = 0.166667   acc = 0.989
  gold_label_random = 2, sentence2_has_negation = 0  [n = 274]:	loss = 0.164  exp loss = 0.175  adjusted loss = 0.175  adv prob = 0.166667   acc = 0.945
  gold_label_random = 2, sentence2_has_negation = 1  [n = 262]:	loss = 0.203  exp loss = 0.152  adjusted loss = 0.152  adv prob = 0.166667   acc = 0.935
Average incurred loss: 0.131  
Average sample loss: 0.131  
Average acc: 0.957  
  gold_label_random = 0, sentence2_has_negation = 0  [n = 271]:	loss = 0.111  exp loss = 0.129  adjusted loss = 0.129  adv prob = 0.166667   acc = 0.959
  gold_label_random = 0, sentence2_has_negation = 1  [n = 246]:	loss = 0.038  exp loss = 0.038  adjusted loss = 0.038  adv prob = 0.166667   acc = 0.980
  gold_label_random = 1, sentence2_has_negation = 0  [n = 278]:	loss = 0.091  exp loss = 0.086  adjusted loss = 0.086  adv prob = 0.166667   acc = 0.964
  gold_label_random = 1, sentence2_has_negation = 1  [n = 286]:	loss = 0.096  exp loss = 0.064  adjusted loss = 0.064  adv prob = 0.166667   acc = 0.976
  gold_label_random = 2, sentence2_has_negation = 0  [n = 263]:	loss = 0.118  exp loss = 0.099  adjusted loss = 0.099  adv prob = 0.166667   acc = 0.962
  gold_label_random = 2, sentence2_has_negation = 1  [n = 256]:	loss = 0.335  exp loss = 0.329  adjusted loss = 0.329  adv prob = 0.166667   acc = 0.902
Average incurred loss: 0.111  
Average sample loss: 0.111  
Average acc: 0.963  
  gold_label_random = 0, sentence2_has_negation = 0  [n = 223]:	loss = 0.149  exp loss = 0.143  adjusted loss = 0.143  adv prob = 0.166667   acc = 0.946
  gold_label_random = 0, sentence2_has_negation = 1  [n = 235]:	loss = 0.058  exp loss = 0.052  adjusted loss = 0.052  adv prob = 0.166667   acc = 0.979
  gold_label_random = 1, sentence2_has_negation = 0  [n = 222]:	loss = 0.073  exp loss = 0.116  adjusted loss = 0.116  adv prob = 0.166667   acc = 0.982
  gold_label_random = 1, sentence2_has_negation = 1  [n = 232]:	loss = 0.090  exp loss = 0.065  adjusted loss = 0.065  adv prob = 0.166667   acc = 0.970
  gold_label_random = 2, sentence2_has_negation = 0  [n = 249]:	loss = 0.155  exp loss = 0.183  adjusted loss = 0.183  adv prob = 0.166667   acc = 0.936
  gold_label_random = 2, sentence2_has_negation = 1  [n = 214]:	loss = 0.141  exp loss = 0.220  adjusted loss = 0.220  adv prob = 0.166667   acc = 0.967

Validation:
Average incurred loss: 0.696  
Average sample loss: 0.696  
Average acc: 0.822  
  gold_label_random = 0, sentence2_has_negation = 0  [n = 22814]:	loss = 0.847  exp loss = 0.976  adjusted loss = 0.976  adv prob = 0.166667   acc = 0.795
  gold_label_random = 0, sentence2_has_negation = 1  [n = 4634]:	loss = 0.229  exp loss = 0.339  adjusted loss = 0.339  adv prob = 0.166667   acc = 0.941
  gold_label_random = 1, sentence2_has_negation = 0  [n = 26949]:	loss = 0.650  exp loss = 0.682  adjusted loss = 0.682  adv prob = 0.166667   acc = 0.841
  gold_label_random = 1, sentence2_has_negation = 1  [n = 613]:	loss = 1.053  exp loss = 0.493  adjusted loss = 0.493  adv prob = 0.166667   acc = 0.744
  gold_label_random = 2, sentence2_has_negation = 0  [n = 26655]:	loss = 0.676  exp loss = 0.758  adjusted loss = 0.758  adv prob = 0.166667   acc = 0.810
  gold_label_random = 2, sentence2_has_negation = 1  [n = 797]:	loss = 1.052  exp loss = 1.232  adjusted loss = 1.232  adv prob = 0.166667   acc = 0.700
Current lr: 0.000012
Current lr: 0.000012
Current validation accuracy: 0.7001256346702576


Epoch [2]:
Training:
Average incurred loss: 0.117  
Average sample loss: 0.117  
Average acc: 0.960  
  gold_label_random = 0, sentence2_has_negation = 0  [n = 285]:	loss = 0.116  exp loss = 0.099  adjusted loss = 0.099  adv prob = 0.166667   acc = 0.965
  gold_label_random = 0, sentence2_has_negation = 1  [n = 262]:	loss = 0.050  exp loss = 0.039  adjusted loss = 0.039  adv prob = 0.166667   acc = 0.992
  gold_label_random = 1, sentence2_has_negation = 0  [n = 265]:	loss = 0.082  exp loss = 0.124  adjusted loss = 0.124  adv prob = 0.166667   acc = 0.974
  gold_label_random = 1, sentence2_has_negation = 1  [n = 275]:	loss = 0.137  exp loss = 0.203  adjusted loss = 0.203  adv prob = 0.166667   acc = 0.960
  gold_label_random = 2, sentence2_has_negation = 0  [n = 244]:	loss = 0.130  exp loss = 0.109  adjusted loss = 0.109  adv prob = 0.166667   acc = 0.947
  gold_label_random = 2, sentence2_has_negation = 1  [n = 269]:	loss = 0.183  exp loss = 0.137  adjusted loss = 0.137  adv prob = 0.166667   acc = 0.922
Average incurred loss: 0.122  
Average sample loss: 0.122  
Average acc: 0.963  
  gold_label_random = 0, sentence2_has_negation = 0  [n = 254]:	loss = 0.126  exp loss = 0.122  adjusted loss = 0.122  adv prob = 0.166667   acc = 0.972
  gold_label_random = 0, sentence2_has_negation = 1  [n = 277]:	loss = 0.027  exp loss = 0.026  adjusted loss = 0.026  adv prob = 0.166667   acc = 0.989
  gold_label_random = 1, sentence2_has_negation = 0  [n = 277]:	loss = 0.077  exp loss = 0.070  adjusted loss = 0.070  adv prob = 0.166667   acc = 0.982
  gold_label_random = 1, sentence2_has_negation = 1  [n = 254]:	loss = 0.177  exp loss = 0.233  adjusted loss = 0.233  adv prob = 0.166667   acc = 0.945
  gold_label_random = 2, sentence2_has_negation = 0  [n = 291]:	loss = 0.139  exp loss = 0.238  adjusted loss = 0.238  adv prob = 0.166667   acc = 0.952
  gold_label_random = 2, sentence2_has_negation = 1  [n = 247]:	loss = 0.202  exp loss = 0.118  adjusted loss = 0.118  adv prob = 0.166667   acc = 0.935
Average incurred loss: 0.122  
Average sample loss: 0.122  
Average acc: 0.963  
  gold_label_random = 0, sentence2_has_negation = 0  [n = 267]:	loss = 0.113  exp loss = 0.141  adjusted loss = 0.141  adv prob = 0.166667   acc = 0.959
  gold_label_random = 0, sentence2_has_negation = 1  [n = 276]:	loss = 0.026  exp loss = 0.032  adjusted loss = 0.032  adv prob = 0.166667   acc = 1.000
  gold_label_random = 1, sentence2_has_negation = 0  [n = 251]:	loss = 0.090  exp loss = 0.072  adjusted loss = 0.072  adv prob = 0.166667   acc = 0.972
  gold_label_random = 1, sentence2_has_negation = 1  [n = 270]:	loss = 0.155  exp loss = 0.081  adjusted loss = 0.081  adv prob = 0.166667   acc = 0.952
  gold_label_random = 2, sentence2_has_negation = 0  [n = 282]:	loss = 0.110  exp loss = 0.098  adjusted loss = 0.098  adv prob = 0.166667   acc = 0.968
  gold_label_random = 2, sentence2_has_negation = 1  [n = 254]:	loss = 0.246  exp loss = 0.314  adjusted loss = 0.314  adv prob = 0.166667   acc = 0.925
Average incurred loss: 0.125  
Average sample loss: 0.125  
Average acc: 0.961  
  gold_label_random = 0, sentence2_has_negation = 0  [n = 256]:	loss = 0.188  exp loss = 0.176  adjusted loss = 0.176  adv prob = 0.166667   acc = 0.941
  gold_label_random = 0, sentence2_has_negation = 1  [n = 250]:	loss = 0.032  exp loss = 0.046  adjusted loss = 0.046  adv prob = 0.166667   acc = 0.996
  gold_label_random = 1, sentence2_has_negation = 0  [n = 250]:	loss = 0.051  exp loss = 0.052  adjusted loss = 0.052  adv prob = 0.166667   acc = 0.988
  gold_label_random = 1, sentence2_has_negation = 1  [n = 276]:	loss = 0.083  exp loss = 0.078  adjusted loss = 0.078  adv prob = 0.166667   acc = 0.975
  gold_label_random = 2, sentence2_has_negation = 0  [n = 277]:	loss = 0.164  exp loss = 0.235  adjusted loss = 0.235  adv prob = 0.166667   acc = 0.949
  gold_label_random = 2, sentence2_has_negation = 1  [n = 291]:	loss = 0.216  exp loss = 0.145  adjusted loss = 0.145  adv prob = 0.166667   acc = 0.924
Average incurred loss: 0.120  
Average sample loss: 0.120  
Average acc: 0.959  
  gold_label_random = 0, sentence2_has_negation = 0  [n = 262]:	loss = 0.162  exp loss = 0.299  adjusted loss = 0.299  adv prob = 0.166667   acc = 0.947
  gold_label_random = 0, sentence2_has_negation = 1  [n = 292]:	loss = 0.027  exp loss = 0.029  adjusted loss = 0.029  adv prob = 0.166667   acc = 0.993
  gold_label_random = 1, sentence2_has_negation = 0  [n = 264]:	loss = 0.093  exp loss = 0.081  adjusted loss = 0.081  adv prob = 0.166667   acc = 0.966
  gold_label_random = 1, sentence2_has_negation = 1  [n = 267]:	loss = 0.139  exp loss = 0.073  adjusted loss = 0.073  adv prob = 0.166667   acc = 0.959
  gold_label_random = 2, sentence2_has_negation = 0  [n = 283]:	loss = 0.136  exp loss = 0.084  adjusted loss = 0.084  adv prob = 0.166667   acc = 0.958
  gold_label_random = 2, sentence2_has_negation = 1  [n = 232]:	loss = 0.177  exp loss = 0.147  adjusted loss = 0.147  adv prob = 0.166667   acc = 0.922
Average incurred loss: 0.105  
Average sample loss: 0.105  
Average acc: 0.964  
  gold_label_random = 0, sentence2_has_negation = 0  [n = 299]:	loss = 0.104  exp loss = 0.088  adjusted loss = 0.088  adv prob = 0.166667   acc = 0.963
  gold_label_random = 0, sentence2_has_negation = 1  [n = 246]:	loss = 0.075  exp loss = 0.076  adjusted loss = 0.076  adv prob = 0.166667   acc = 0.976
  gold_label_random = 1, sentence2_has_negation = 0  [n = 278]:	loss = 0.028  exp loss = 0.019  adjusted loss = 0.019  adv prob = 0.166667   acc = 0.993
  gold_label_random = 1, sentence2_has_negation = 1  [n = 262]:	loss = 0.153  exp loss = 0.167  adjusted loss = 0.167  adv prob = 0.166667   acc = 0.950
  gold_label_random = 2, sentence2_has_negation = 0  [n = 240]:	loss = 0.069  exp loss = 0.087  adjusted loss = 0.087  adv prob = 0.166667   acc = 0.975
  gold_label_random = 2, sentence2_has_negation = 1  [n = 275]:	loss = 0.196  exp loss = 0.262  adjusted loss = 0.262  adv prob = 0.166667   acc = 0.927
Average incurred loss: 0.116  
Average sample loss: 0.116  
Average acc: 0.964  
  gold_label_random = 0, sentence2_has_negation = 0  [n = 276]:	loss = 0.154  exp loss = 0.195  adjusted loss = 0.195  adv prob = 0.166667   acc = 0.953
  gold_label_random = 0, sentence2_has_negation = 1  [n = 236]:	loss = 0.033  exp loss = 0.021  adjusted loss = 0.021  adv prob = 0.166667   acc = 0.992
  gold_label_random = 1, sentence2_has_negation = 0  [n = 249]:	loss = 0.068  exp loss = 0.036  adjusted loss = 0.036  adv prob = 0.166667   acc = 0.976
  gold_label_random = 1, sentence2_has_negation = 1  [n = 281]:	loss = 0.071  exp loss = 0.063  adjusted loss = 0.063  adv prob = 0.166667   acc = 0.982
  gold_label_random = 2, sentence2_has_negation = 0  [n = 286]:	loss = 0.085  exp loss = 0.107  adjusted loss = 0.107  adv prob = 0.166667   acc = 0.958
  gold_label_random = 2, sentence2_has_negation = 1  [n = 272]:	loss = 0.271  exp loss = 0.304  adjusted loss = 0.304  adv prob = 0.166667   acc = 0.930
Average incurred loss: 0.117  
Average sample loss: 0.117  
Average acc: 0.961  
  gold_label_random = 0, sentence2_has_negation = 0  [n = 267]:	loss = 0.155  exp loss = 0.078  adjusted loss = 0.078  adv prob = 0.166667   acc = 0.944
  gold_label_random = 0, sentence2_has_negation = 1  [n = 254]:	loss = 0.078  exp loss = 0.180  adjusted loss = 0.180  adv prob = 0.166667   acc = 0.976
  gold_label_random = 1, sentence2_has_negation = 0  [n = 281]:	loss = 0.063  exp loss = 0.069  adjusted loss = 0.069  adv prob = 0.166667   acc = 0.979
  gold_label_random = 1, sentence2_has_negation = 1  [n = 263]:	loss = 0.193  exp loss = 0.148  adjusted loss = 0.148  adv prob = 0.166667   acc = 0.951
  gold_label_random = 2, sentence2_has_negation = 0  [n = 263]:	loss = 0.069  exp loss = 0.042  adjusted loss = 0.042  adv prob = 0.166667   acc = 0.973
  gold_label_random = 2, sentence2_has_negation = 1  [n = 272]:	loss = 0.147  exp loss = 0.170  adjusted loss = 0.170  adv prob = 0.166667   acc = 0.941
Average incurred loss: 0.110  
Average sample loss: 0.110  
Average acc: 0.961  
  gold_label_random = 0, sentence2_has_negation = 0  [n = 255]:	loss = 0.198  exp loss = 0.169  adjusted loss = 0.169  adv prob = 0.166667   acc = 0.925
  gold_label_random = 0, sentence2_has_negation = 1  [n = 275]:	loss = 0.041  exp loss = 0.049  adjusted loss = 0.049  adv prob = 0.166667   acc = 0.982
  gold_label_random = 1, sentence2_has_negation = 0  [n = 270]:	loss = 0.063  exp loss = 0.073  adjusted loss = 0.073  adv prob = 0.166667   acc = 0.981
  gold_label_random = 1, sentence2_has_negation = 1  [n = 281]:	loss = 0.126  exp loss = 0.092  adjusted loss = 0.092  adv prob = 0.166667   acc = 0.957
  gold_label_random = 2, sentence2_has_negation = 0  [n = 266]:	loss = 0.071  exp loss = 0.040  adjusted loss = 0.040  adv prob = 0.166667   acc = 0.977
  gold_label_random = 2, sentence2_has_negation = 1  [n = 253]:	loss = 0.168  exp loss = 0.123  adjusted loss = 0.123  adv prob = 0.166667   acc = 0.937
Average incurred loss: 0.123  
Average sample loss: 0.123  
Average acc: 0.956  
  gold_label_random = 0, sentence2_has_negation = 0  [n = 279]:	loss = 0.104  exp loss = 0.118  adjusted loss = 0.118  adv prob = 0.166667   acc = 0.946
  gold_label_random = 0, sentence2_has_negation = 1  [n = 257]:	loss = 0.050  exp loss = 0.030  adjusted loss = 0.030  adv prob = 0.166667   acc = 0.984
  gold_label_random = 1, sentence2_has_negation = 0  [n = 289]:	loss = 0.094  exp loss = 0.071  adjusted loss = 0.071  adv prob = 0.166667   acc = 0.972
  gold_label_random = 1, sentence2_has_negation = 1  [n = 250]:	loss = 0.126  exp loss = 0.075  adjusted loss = 0.075  adv prob = 0.166667   acc = 0.964
  gold_label_random = 2, sentence2_has_negation = 0  [n = 277]:	loss = 0.137  exp loss = 0.189  adjusted loss = 0.189  adv prob = 0.166667   acc = 0.942
  gold_label_random = 2, sentence2_has_negation = 1  [n = 248]:	loss = 0.233  exp loss = 0.159  adjusted loss = 0.159  adv prob = 0.166667   acc = 0.923
Average incurred loss: 0.089  
Average sample loss: 0.089  
Average acc: 0.972  
  gold_label_random = 0, sentence2_has_negation = 0  [n = 277]:	loss = 0.120  exp loss = 0.094  adjusted loss = 0.094  adv prob = 0.166667   acc = 0.957
  gold_label_random = 0, sentence2_has_negation = 1  [n = 267]:	loss = 0.035  exp loss = 0.028  adjusted loss = 0.028  adv prob = 0.166667   acc = 0.989
  gold_label_random = 1, sentence2_has_negation = 0  [n = 277]:	loss = 0.042  exp loss = 0.050  adjusted loss = 0.050  adv prob = 0.166667   acc = 0.986
  gold_label_random = 1, sentence2_has_negation = 1  [n = 284]:	loss = 0.074  exp loss = 0.071  adjusted loss = 0.071  adv prob = 0.166667   acc = 0.979
  gold_label_random = 2, sentence2_has_negation = 0  [n = 256]:	loss = 0.099  exp loss = 0.175  adjusted loss = 0.175  adv prob = 0.166667   acc = 0.969
  gold_label_random = 2, sentence2_has_negation = 1  [n = 239]:	loss = 0.177  exp loss = 0.226  adjusted loss = 0.226  adv prob = 0.166667   acc = 0.950
Average incurred loss: 0.134  
Average sample loss: 0.134  
Average acc: 0.964  
  gold_label_random = 0, sentence2_has_negation = 0  [n = 282]:	loss = 0.204  exp loss = 0.134  adjusted loss = 0.134  adv prob = 0.166667   acc = 0.940
  gold_label_random = 0, sentence2_has_negation = 1  [n = 236]:	loss = 0.030  exp loss = 0.119  adjusted loss = 0.119  adv prob = 0.166667   acc = 0.996
  gold_label_random = 1, sentence2_has_negation = 0  [n = 257]:	loss = 0.037  exp loss = 0.034  adjusted loss = 0.034  adv prob = 0.166667   acc = 0.988
  gold_label_random = 1, sentence2_has_negation = 1  [n = 290]:	loss = 0.097  exp loss = 0.068  adjusted loss = 0.068  adv prob = 0.166667   acc = 0.979
  gold_label_random = 2, sentence2_has_negation = 0  [n = 267]:	loss = 0.132  exp loss = 0.160  adjusted loss = 0.160  adv prob = 0.166667   acc = 0.959
  gold_label_random = 2, sentence2_has_negation = 1  [n = 268]:	loss = 0.285  exp loss = 0.322  adjusted loss = 0.322  adv prob = 0.166667   acc = 0.929
Average incurred loss: 0.110  
Average sample loss: 0.110  
Average acc: 0.964  
  gold_label_random = 0, sentence2_has_negation = 0  [n = 277]:	loss = 0.180  exp loss = 0.161  adjusted loss = 0.161  adv prob = 0.166667   acc = 0.939
  gold_label_random = 0, sentence2_has_negation = 1  [n = 272]:	loss = 0.028  exp loss = 0.019  adjusted loss = 0.019  adv prob = 0.166667   acc = 0.996
  gold_label_random = 1, sentence2_has_negation = 0  [n = 264]:	loss = 0.078  exp loss = 0.081  adjusted loss = 0.081  adv prob = 0.166667   acc = 0.973
  gold_label_random = 1, sentence2_has_negation = 1  [n = 268]:	loss = 0.130  exp loss = 0.059  adjusted loss = 0.059  adv prob = 0.166667   acc = 0.955
  gold_label_random = 2, sentence2_has_negation = 0  [n = 256]:	loss = 0.045  exp loss = 0.017  adjusted loss = 0.017  adv prob = 0.166667   acc = 0.984
  gold_label_random = 2, sentence2_has_negation = 1  [n = 263]:	loss = 0.197  exp loss = 0.145  adjusted loss = 0.145  adv prob = 0.166667   acc = 0.939
Average incurred loss: 0.123  
Average sample loss: 0.123  
Average acc: 0.959  
  gold_label_random = 0, sentence2_has_negation = 0  [n = 298]:	loss = 0.134  exp loss = 0.087  adjusted loss = 0.087  adv prob = 0.166667   acc = 0.953
  gold_label_random = 0, sentence2_has_negation = 1  [n = 284]:	loss = 0.042  exp loss = 0.056  adjusted loss = 0.056  adv prob = 0.166667   acc = 0.986
  gold_label_random = 1, sentence2_has_negation = 0  [n = 260]:	loss = 0.082  exp loss = 0.065  adjusted loss = 0.065  adv prob = 0.166667   acc = 0.981
  gold_label_random = 1, sentence2_has_negation = 1  [n = 264]:	loss = 0.132  exp loss = 0.077  adjusted loss = 0.077  adv prob = 0.166667   acc = 0.962
  gold_label_random = 2, sentence2_has_negation = 0  [n = 240]:	loss = 0.101  exp loss = 0.124  adjusted loss = 0.124  adv prob = 0.166667   acc = 0.954
  gold_label_random = 2, sentence2_has_negation = 1  [n = 254]:	loss = 0.253  exp loss = 0.233  adjusted loss = 0.233  adv prob = 0.166667   acc = 0.917
Average incurred loss: 0.104  
Average sample loss: 0.104  
Average acc: 0.969  
  gold_label_random = 0, sentence2_has_negation = 0  [n = 285]:	loss = 0.116  exp loss = 0.113  adjusted loss = 0.113  adv prob = 0.166667   acc = 0.965
  gold_label_random = 0, sentence2_has_negation = 1  [n = 273]:	loss = 0.046  exp loss = 0.053  adjusted loss = 0.053  adv prob = 0.166667   acc = 0.985
  gold_label_random = 1, sentence2_has_negation = 0  [n = 283]:	loss = 0.053  exp loss = 0.100  adjusted loss = 0.100  adv prob = 0.166667   acc = 0.982
  gold_label_random = 1, sentence2_has_negation = 1  [n = 256]:	loss = 0.095  exp loss = 0.078  adjusted loss = 0.078  adv prob = 0.166667   acc = 0.977
  gold_label_random = 2, sentence2_has_negation = 0  [n = 253]:	loss = 0.171  exp loss = 0.158  adjusted loss = 0.158  adv prob = 0.166667   acc = 0.953
  gold_label_random = 2, sentence2_has_negation = 1  [n = 250]:	loss = 0.153  exp loss = 0.126  adjusted loss = 0.126  adv prob = 0.166667   acc = 0.948
Average incurred loss: 0.111  
Average sample loss: 0.111  
Average acc: 0.966  
  gold_label_random = 0, sentence2_has_negation = 0  [n = 247]:	loss = 0.086  exp loss = 0.074  adjusted loss = 0.074  adv prob = 0.166667   acc = 0.976
  gold_label_random = 0, sentence2_has_negation = 1  [n = 268]:	loss = 0.039  exp loss = 0.020  adjusted loss = 0.020  adv prob = 0.166667   acc = 0.993
  gold_label_random = 1, sentence2_has_negation = 0  [n = 255]:	loss = 0.052  exp loss = 0.038  adjusted loss = 0.038  adv prob = 0.166667   acc = 0.988
  gold_label_random = 1, sentence2_has_negation = 1  [n = 280]:	loss = 0.172  exp loss = 0.092  adjusted loss = 0.092  adv prob = 0.166667   acc = 0.946
  gold_label_random = 2, sentence2_has_negation = 0  [n = 275]:	loss = 0.094  exp loss = 0.081  adjusted loss = 0.081  adv prob = 0.166667   acc = 0.971
  gold_label_random = 2, sentence2_has_negation = 1  [n = 275]:	loss = 0.213  exp loss = 0.149  adjusted loss = 0.149  adv prob = 0.166667   acc = 0.924
Average incurred loss: 0.117  
Average sample loss: 0.117  
Average acc: 0.962  
  gold_label_random = 0, sentence2_has_negation = 0  [n = 247]:	loss = 0.112  exp loss = 0.116  adjusted loss = 0.116  adv prob = 0.166667   acc = 0.960
  gold_label_random = 0, sentence2_has_negation = 1  [n = 291]:	loss = 0.055  exp loss = 0.036  adjusted loss = 0.036  adv prob = 0.166667   acc = 0.979
  gold_label_random = 1, sentence2_has_negation = 0  [n = 276]:	loss = 0.091  exp loss = 0.066  adjusted loss = 0.066  adv prob = 0.166667   acc = 0.982
  gold_label_random = 1, sentence2_has_negation = 1  [n = 245]:	loss = 0.117  exp loss = 0.090  adjusted loss = 0.090  adv prob = 0.166667   acc = 0.959
  gold_label_random = 2, sentence2_has_negation = 0  [n = 268]:	loss = 0.085  exp loss = 0.055  adjusted loss = 0.055  adv prob = 0.166667   acc = 0.970
  gold_label_random = 2, sentence2_has_negation = 1  [n = 273]:	loss = 0.246  exp loss = 0.181  adjusted loss = 0.181  adv prob = 0.166667   acc = 0.923
Average incurred loss: 0.127  
Average sample loss: 0.127  
Average acc: 0.960  
  gold_label_random = 0, sentence2_has_negation = 0  [n = 279]:	loss = 0.140  exp loss = 0.138  adjusted loss = 0.138  adv prob = 0.166667   acc = 0.953
  gold_label_random = 0, sentence2_has_negation = 1  [n = 269]:	loss = 0.063  exp loss = 0.046  adjusted loss = 0.046  adv prob = 0.166667   acc = 0.985
  gold_label_random = 1, sentence2_has_negation = 0  [n = 265]:	loss = 0.041  exp loss = 0.052  adjusted loss = 0.052  adv prob = 0.166667   acc = 0.985
  gold_label_random = 1, sentence2_has_negation = 1  [n = 246]:	loss = 0.091  exp loss = 0.063  adjusted loss = 0.063  adv prob = 0.166667   acc = 0.972
  gold_label_random = 2, sentence2_has_negation = 0  [n = 279]:	loss = 0.130  exp loss = 0.073  adjusted loss = 0.073  adv prob = 0.166667   acc = 0.946
  gold_label_random = 2, sentence2_has_negation = 1  [n = 262]:	loss = 0.294  exp loss = 0.336  adjusted loss = 0.336  adv prob = 0.166667   acc = 0.920
Average incurred loss: 0.085  
Average sample loss: 0.085  
Average acc: 0.973  
  gold_label_random = 0, sentence2_has_negation = 0  [n = 277]:	loss = 0.111  exp loss = 0.080  adjusted loss = 0.080  adv prob = 0.166667   acc = 0.949
  gold_label_random = 0, sentence2_has_negation = 1  [n = 272]:	loss = 0.037  exp loss = 0.049  adjusted loss = 0.049  adv prob = 0.166667   acc = 0.993
  gold_label_random = 1, sentence2_has_negation = 0  [n = 289]:	loss = 0.055  exp loss = 0.040  adjusted loss = 0.040  adv prob = 0.166667   acc = 0.990
  gold_label_random = 1, sentence2_has_negation = 1  [n = 252]:	loss = 0.078  exp loss = 0.086  adjusted loss = 0.086  adv prob = 0.166667   acc = 0.972
  gold_label_random = 2, sentence2_has_negation = 0  [n = 249]:	loss = 0.138  exp loss = 0.094  adjusted loss = 0.094  adv prob = 0.166667   acc = 0.960
  gold_label_random = 2, sentence2_has_negation = 1  [n = 261]:	loss = 0.099  exp loss = 0.110  adjusted loss = 0.110  adv prob = 0.166667   acc = 0.973
Average incurred loss: 0.093  
Average sample loss: 0.093  
Average acc: 0.972  
  gold_label_random = 0, sentence2_has_negation = 0  [n = 260]:	loss = 0.125  exp loss = 0.112  adjusted loss = 0.112  adv prob = 0.166667   acc = 0.958
  gold_label_random = 0, sentence2_has_negation = 1  [n = 246]:	loss = 0.080  exp loss = 0.052  adjusted loss = 0.052  adv prob = 0.166667   acc = 0.972
  gold_label_random = 1, sentence2_has_negation = 0  [n = 277]:	loss = 0.039  exp loss = 0.030  adjusted loss = 0.030  adv prob = 0.166667   acc = 0.989
  gold_label_random = 1, sentence2_has_negation = 1  [n = 280]:	loss = 0.067  exp loss = 0.066  adjusted loss = 0.066  adv prob = 0.166667   acc = 0.989
  gold_label_random = 2, sentence2_has_negation = 0  [n = 273]:	loss = 0.123  exp loss = 0.119  adjusted loss = 0.119  adv prob = 0.166667   acc = 0.960
  gold_label_random = 2, sentence2_has_negation = 1  [n = 264]:	loss = 0.124  exp loss = 0.154  adjusted loss = 0.154  adv prob = 0.166667   acc = 0.962
Average incurred loss: 0.104  
Average sample loss: 0.104  
Average acc: 0.968  
  gold_label_random = 0, sentence2_has_negation = 0  [n = 270]:	loss = 0.140  exp loss = 0.098  adjusted loss = 0.098  adv prob = 0.166667   acc = 0.967
  gold_label_random = 0, sentence2_has_negation = 1  [n = 289]:	loss = 0.056  exp loss = 0.113  adjusted loss = 0.113  adv prob = 0.166667   acc = 0.976
  gold_label_random = 1, sentence2_has_negation = 0  [n = 262]:	loss = 0.069  exp loss = 0.040  adjusted loss = 0.040  adv prob = 0.166667   acc = 0.973
  gold_label_random = 1, sentence2_has_negation = 1  [n = 250]:	loss = 0.129  exp loss = 0.144  adjusted loss = 0.144  adv prob = 0.166667   acc = 0.956
  gold_label_random = 2, sentence2_has_negation = 0  [n = 264]:	loss = 0.078  exp loss = 0.142  adjusted loss = 0.142  adv prob = 0.166667   acc = 0.981
  gold_label_random = 2, sentence2_has_negation = 1  [n = 265]:	loss = 0.156  exp loss = 0.273  adjusted loss = 0.273  adv prob = 0.166667   acc = 0.955
Average incurred loss: 0.100  
Average sample loss: 0.100  
Average acc: 0.973  
  gold_label_random = 0, sentence2_has_negation = 0  [n = 263]:	loss = 0.105  exp loss = 0.053  adjusted loss = 0.053  adv prob = 0.166667   acc = 0.973
  gold_label_random = 0, sentence2_has_negation = 1  [n = 262]:	loss = 0.064  exp loss = 0.054  adjusted loss = 0.054  adv prob = 0.166667   acc = 0.981
  gold_label_random = 1, sentence2_has_negation = 0  [n = 284]:	loss = 0.052  exp loss = 0.043  adjusted loss = 0.043  adv prob = 0.166667   acc = 0.986
  gold_label_random = 1, sentence2_has_negation = 1  [n = 244]:	loss = 0.105  exp loss = 0.059  adjusted loss = 0.059  adv prob = 0.166667   acc = 0.980
  gold_label_random = 2, sentence2_has_negation = 0  [n = 286]:	loss = 0.091  exp loss = 0.073  adjusted loss = 0.073  adv prob = 0.166667   acc = 0.979
  gold_label_random = 2, sentence2_has_negation = 1  [n = 261]:	loss = 0.187  exp loss = 0.173  adjusted loss = 0.173  adv prob = 0.166667   acc = 0.939
Average incurred loss: 0.096  
Average sample loss: 0.096  
Average acc: 0.972  
  gold_label_random = 0, sentence2_has_negation = 0  [n = 257]:	loss = 0.094  exp loss = 0.149  adjusted loss = 0.149  adv prob = 0.166667   acc = 0.984
  gold_label_random = 0, sentence2_has_negation = 1  [n = 264]:	loss = 0.037  exp loss = 0.028  adjusted loss = 0.028  adv prob = 0.166667   acc = 0.992
  gold_label_random = 1, sentence2_has_negation = 0  [n = 273]:	loss = 0.064  exp loss = 0.024  adjusted loss = 0.024  adv prob = 0.166667   acc = 0.985
  gold_label_random = 1, sentence2_has_negation = 1  [n = 242]:	loss = 0.072  exp loss = 0.078  adjusted loss = 0.078  adv prob = 0.166667   acc = 0.983
  gold_label_random = 2, sentence2_has_negation = 0  [n = 275]:	loss = 0.102  exp loss = 0.077  adjusted loss = 0.077  adv prob = 0.166667   acc = 0.964
  gold_label_random = 2, sentence2_has_negation = 1  [n = 289]:	loss = 0.198  exp loss = 0.094  adjusted loss = 0.094  adv prob = 0.166667   acc = 0.931
Average incurred loss: 0.125  
Average sample loss: 0.125  
Average acc: 0.958  
  gold_label_random = 0, sentence2_has_negation = 0  [n = 261]:	loss = 0.181  exp loss = 0.212  adjusted loss = 0.212  adv prob = 0.166667   acc = 0.939
  gold_label_random = 0, sentence2_has_negation = 1  [n = 264]:	loss = 0.040  exp loss = 0.046  adjusted loss = 0.046  adv prob = 0.166667   acc = 0.992
  gold_label_random = 1, sentence2_has_negation = 0  [n = 253]:	loss = 0.082  exp loss = 0.073  adjusted loss = 0.073  adv prob = 0.166667   acc = 0.972
  gold_label_random = 1, sentence2_has_negation = 1  [n = 244]:	loss = 0.095  exp loss = 0.117  adjusted loss = 0.117  adv prob = 0.166667   acc = 0.971
  gold_label_random = 2, sentence2_has_negation = 0  [n = 298]:	loss = 0.170  exp loss = 0.133  adjusted loss = 0.133  adv prob = 0.166667   acc = 0.943
  gold_label_random = 2, sentence2_has_negation = 1  [n = 280]:	loss = 0.168  exp loss = 0.232  adjusted loss = 0.232  adv prob = 0.166667   acc = 0.936
Average incurred loss: 0.107  
Average sample loss: 0.107  
Average acc: 0.964  
  gold_label_random = 0, sentence2_has_negation = 0  [n = 268]:	loss = 0.115  exp loss = 0.064  adjusted loss = 0.064  adv prob = 0.166667   acc = 0.963
  gold_label_random = 0, sentence2_has_negation = 1  [n = 244]:	loss = 0.042  exp loss = 0.023  adjusted loss = 0.023  adv prob = 0.166667   acc = 0.992
  gold_label_random = 1, sentence2_has_negation = 0  [n = 254]:	loss = 0.042  exp loss = 0.038  adjusted loss = 0.038  adv prob = 0.166667   acc = 0.988
  gold_label_random = 1, sentence2_has_negation = 1  [n = 273]:	loss = 0.093  exp loss = 0.048  adjusted loss = 0.048  adv prob = 0.166667   acc = 0.982
  gold_label_random = 2, sentence2_has_negation = 0  [n = 296]:	loss = 0.133  exp loss = 0.187  adjusted loss = 0.187  adv prob = 0.166667   acc = 0.946
  gold_label_random = 2, sentence2_has_negation = 1  [n = 265]:	loss = 0.207  exp loss = 0.354  adjusted loss = 0.354  adv prob = 0.166667   acc = 0.921
Average incurred loss: 0.118  
Average sample loss: 0.118  
Average acc: 0.963  
  gold_label_random = 0, sentence2_has_negation = 0  [n = 251]:	loss = 0.244  exp loss = 0.195  adjusted loss = 0.195  adv prob = 0.166667   acc = 0.916
  gold_label_random = 0, sentence2_has_negation = 1  [n = 260]:	loss = 0.035  exp loss = 0.028  adjusted loss = 0.028  adv prob = 0.166667   acc = 0.992
  gold_label_random = 1, sentence2_has_negation = 0  [n = 273]:	loss = 0.072  exp loss = 0.069  adjusted loss = 0.069  adv prob = 0.166667   acc = 0.985
  gold_label_random = 1, sentence2_has_negation = 1  [n = 275]:	loss = 0.131  exp loss = 0.085  adjusted loss = 0.085  adv prob = 0.166667   acc = 0.967
  gold_label_random = 2, sentence2_has_negation = 0  [n = 279]:	loss = 0.058  exp loss = 0.031  adjusted loss = 0.031  adv prob = 0.166667   acc = 0.971
  gold_label_random = 2, sentence2_has_negation = 1  [n = 262]:	loss = 0.180  exp loss = 0.133  adjusted loss = 0.133  adv prob = 0.166667   acc = 0.943
Average incurred loss: 0.130  
Average sample loss: 0.130  
Average acc: 0.958  
  gold_label_random = 0, sentence2_has_negation = 0  [n = 313]:	loss = 0.144  exp loss = 0.143  adjusted loss = 0.143  adv prob = 0.166667   acc = 0.939
  gold_label_random = 0, sentence2_has_negation = 1  [n = 270]:	loss = 0.091  exp loss = 0.052  adjusted loss = 0.052  adv prob = 0.166667   acc = 0.974
  gold_label_random = 1, sentence2_has_negation = 0  [n = 254]:	loss = 0.079  exp loss = 0.037  adjusted loss = 0.037  adv prob = 0.166667   acc = 0.972
  gold_label_random = 1, sentence2_has_negation = 1  [n = 262]:	loss = 0.087  exp loss = 0.031  adjusted loss = 0.031  adv prob = 0.166667   acc = 0.981
  gold_label_random = 2, sentence2_has_negation = 0  [n = 258]:	loss = 0.186  exp loss = 0.180  adjusted loss = 0.180  adv prob = 0.166667   acc = 0.946
  gold_label_random = 2, sentence2_has_negation = 1  [n = 243]:	loss = 0.199  exp loss = 0.144  adjusted loss = 0.144  adv prob = 0.166667   acc = 0.934
Average incurred loss: 0.128  
Average sample loss: 0.128  
Average acc: 0.964  
  gold_label_random = 0, sentence2_has_negation = 0  [n = 262]:	loss = 0.161  exp loss = 0.162  adjusted loss = 0.162  adv prob = 0.166667   acc = 0.954
  gold_label_random = 0, sentence2_has_negation = 1  [n = 256]:	loss = 0.035  exp loss = 0.016  adjusted loss = 0.016  adv prob = 0.166667   acc = 0.992
  gold_label_random = 1, sentence2_has_negation = 0  [n = 282]:	loss = 0.103  exp loss = 0.087  adjusted loss = 0.087  adv prob = 0.166667   acc = 0.968
  gold_label_random = 1, sentence2_has_negation = 1  [n = 259]:	loss = 0.162  exp loss = 0.192  adjusted loss = 0.192  adv prob = 0.166667   acc = 0.965
  gold_label_random = 2, sentence2_has_negation = 0  [n = 270]:	loss = 0.096  exp loss = 0.092  adjusted loss = 0.092  adv prob = 0.166667   acc = 0.967
  gold_label_random = 2, sentence2_has_negation = 1  [n = 271]:	loss = 0.207  exp loss = 0.167  adjusted loss = 0.167  adv prob = 0.166667   acc = 0.937
Average incurred loss: 0.119  
Average sample loss: 0.119  
Average acc: 0.963  
  gold_label_random = 0, sentence2_has_negation = 0  [n = 290]:	loss = 0.187  exp loss = 0.181  adjusted loss = 0.181  adv prob = 0.166667   acc = 0.945
  gold_label_random = 0, sentence2_has_negation = 1  [n = 255]:	loss = 0.030  exp loss = 0.030  adjusted loss = 0.030  adv prob = 0.166667   acc = 0.996
  gold_label_random = 1, sentence2_has_negation = 0  [n = 279]:	loss = 0.044  exp loss = 0.043  adjusted loss = 0.043  adv prob = 0.166667   acc = 0.989
  gold_label_random = 1, sentence2_has_negation = 1  [n = 266]:	loss = 0.112  exp loss = 0.093  adjusted loss = 0.093  adv prob = 0.166667   acc = 0.962
  gold_label_random = 2, sentence2_has_negation = 0  [n = 251]:	loss = 0.112  exp loss = 0.268  adjusted loss = 0.268  adv prob = 0.166667   acc = 0.968
  gold_label_random = 2, sentence2_has_negation = 1  [n = 259]:	loss = 0.223  exp loss = 0.160  adjusted loss = 0.160  adv prob = 0.166667   acc = 0.919
Average incurred loss: 0.131  
Average sample loss: 0.131  
Average acc: 0.959  
  gold_label_random = 0, sentence2_has_negation = 0  [n = 272]:	loss = 0.180  exp loss = 0.210  adjusted loss = 0.210  adv prob = 0.166667   acc = 0.938
  gold_label_random = 0, sentence2_has_negation = 1  [n = 274]:	loss = 0.064  exp loss = 0.072  adjusted loss = 0.072  adv prob = 0.166667   acc = 0.982
  gold_label_random = 1, sentence2_has_negation = 0  [n = 233]:	loss = 0.072  exp loss = 0.035  adjusted loss = 0.035  adv prob = 0.166667   acc = 0.979
  gold_label_random = 1, sentence2_has_negation = 1  [n = 294]:	loss = 0.133  exp loss = 0.135  adjusted loss = 0.135  adv prob = 0.166667   acc = 0.969
  gold_label_random = 2, sentence2_has_negation = 0  [n = 277]:	loss = 0.113  exp loss = 0.089  adjusted loss = 0.089  adv prob = 0.166667   acc = 0.960
  gold_label_random = 2, sentence2_has_negation = 1  [n = 250]:	loss = 0.226  exp loss = 0.212  adjusted loss = 0.212  adv prob = 0.166667   acc = 0.928
Average incurred loss: 0.120  
Average sample loss: 0.120  
Average acc: 0.963  
  gold_label_random = 0, sentence2_has_negation = 0  [n = 254]:	loss = 0.083  exp loss = 0.074  adjusted loss = 0.074  adv prob = 0.166667   acc = 0.976
  gold_label_random = 0, sentence2_has_negation = 1  [n = 289]:	loss = 0.038  exp loss = 0.041  adjusted loss = 0.041  adv prob = 0.166667   acc = 0.986
  gold_label_random = 1, sentence2_has_negation = 0  [n = 253]:	loss = 0.111  exp loss = 0.027  adjusted loss = 0.027  adv prob = 0.166667   acc = 0.976
  gold_label_random = 1, sentence2_has_negation = 1  [n = 265]:	loss = 0.120  exp loss = 0.132  adjusted loss = 0.132  adv prob = 0.166667   acc = 0.955
  gold_label_random = 2, sentence2_has_negation = 0  [n = 272]:	loss = 0.155  exp loss = 0.065  adjusted loss = 0.065  adv prob = 0.166667   acc = 0.963
  gold_label_random = 2, sentence2_has_negation = 1  [n = 267]:	loss = 0.217  exp loss = 0.200  adjusted loss = 0.200  adv prob = 0.166667   acc = 0.921
Average incurred loss: 0.115  
Average sample loss: 0.115  
Average acc: 0.960  
  gold_label_random = 0, sentence2_has_negation = 0  [n = 239]:	loss = 0.151  exp loss = 0.125  adjusted loss = 0.125  adv prob = 0.166667   acc = 0.946
  gold_label_random = 0, sentence2_has_negation = 1  [n = 267]:	loss = 0.030  exp loss = 0.025  adjusted loss = 0.025  adv prob = 0.166667   acc = 0.993
  gold_label_random = 1, sentence2_has_negation = 0  [n = 276]:	loss = 0.086  exp loss = 0.071  adjusted loss = 0.071  adv prob = 0.166667   acc = 0.978
  gold_label_random = 1, sentence2_has_negation = 1  [n = 255]:	loss = 0.090  exp loss = 0.053  adjusted loss = 0.053  adv prob = 0.166667   acc = 0.976
  gold_label_random = 2, sentence2_has_negation = 0  [n = 284]:	loss = 0.118  exp loss = 0.081  adjusted loss = 0.081  adv prob = 0.166667   acc = 0.961
  gold_label_random = 2, sentence2_has_negation = 1  [n = 279]:	loss = 0.215  exp loss = 0.181  adjusted loss = 0.181  adv prob = 0.166667   acc = 0.907
Average incurred loss: 0.112  
Average sample loss: 0.112  
Average acc: 0.962  
  gold_label_random = 0, sentence2_has_negation = 0  [n = 263]:	loss = 0.128  exp loss = 0.079  adjusted loss = 0.079  adv prob = 0.166667   acc = 0.958
  gold_label_random = 0, sentence2_has_negation = 1  [n = 303]:	loss = 0.065  exp loss = 0.036  adjusted loss = 0.036  adv prob = 0.166667   acc = 0.983
  gold_label_random = 1, sentence2_has_negation = 0  [n = 260]:	loss = 0.067  exp loss = 0.032  adjusted loss = 0.032  adv prob = 0.166667   acc = 0.981
  gold_label_random = 1, sentence2_has_negation = 1  [n = 266]:	loss = 0.185  exp loss = 0.148  adjusted loss = 0.148  adv prob = 0.166667   acc = 0.944
  gold_label_random = 2, sentence2_has_negation = 0  [n = 276]:	loss = 0.086  exp loss = 0.094  adjusted loss = 0.094  adv prob = 0.166667   acc = 0.967
  gold_label_random = 2, sentence2_has_negation = 1  [n = 232]:	loss = 0.150  exp loss = 0.141  adjusted loss = 0.141  adv prob = 0.166667   acc = 0.931
Average incurred loss: 0.106  
Average sample loss: 0.106  
Average acc: 0.969  
  gold_label_random = 0, sentence2_has_negation = 0  [n = 298]:	loss = 0.121  exp loss = 0.097  adjusted loss = 0.097  adv prob = 0.166667   acc = 0.960
  gold_label_random = 0, sentence2_has_negation = 1  [n = 267]:	loss = 0.040  exp loss = 0.080  adjusted loss = 0.080  adv prob = 0.166667   acc = 0.989
  gold_label_random = 1, sentence2_has_negation = 0  [n = 250]:	loss = 0.043  exp loss = 0.047  adjusted loss = 0.047  adv prob = 0.166667   acc = 0.984
  gold_label_random = 1, sentence2_has_negation = 1  [n = 253]:	loss = 0.085  exp loss = 0.097  adjusted loss = 0.097  adv prob = 0.166667   acc = 0.988
  gold_label_random = 2, sentence2_has_negation = 0  [n = 274]:	loss = 0.157  exp loss = 0.176  adjusted loss = 0.176  adv prob = 0.166667   acc = 0.953
  gold_label_random = 2, sentence2_has_negation = 1  [n = 258]:	loss = 0.186  exp loss = 0.298  adjusted loss = 0.298  adv prob = 0.166667   acc = 0.942
Average incurred loss: 0.098  
Average sample loss: 0.098  
Average acc: 0.970  
  gold_label_random = 0, sentence2_has_negation = 0  [n = 254]:	loss = 0.085  exp loss = 0.085  adjusted loss = 0.085  adv prob = 0.166667   acc = 0.972
  gold_label_random = 0, sentence2_has_negation = 1  [n = 249]:	loss = 0.030  exp loss = 0.019  adjusted loss = 0.019  adv prob = 0.166667   acc = 0.992
  gold_label_random = 1, sentence2_has_negation = 0  [n = 287]:	loss = 0.061  exp loss = 0.038  adjusted loss = 0.038  adv prob = 0.166667   acc = 0.990
  gold_label_random = 1, sentence2_has_negation = 1  [n = 271]:	loss = 0.112  exp loss = 0.079  adjusted loss = 0.079  adv prob = 0.166667   acc = 0.967
  gold_label_random = 2, sentence2_has_negation = 0  [n = 251]:	loss = 0.082  exp loss = 0.062  adjusted loss = 0.062  adv prob = 0.166667   acc = 0.968
  gold_label_random = 2, sentence2_has_negation = 1  [n = 288]:	loss = 0.207  exp loss = 0.174  adjusted loss = 0.174  adv prob = 0.166667   acc = 0.934
Average incurred loss: 0.103  
Average sample loss: 0.103  
Average acc: 0.964  
  gold_label_random = 0, sentence2_has_negation = 0  [n = 255]:	loss = 0.091  exp loss = 0.113  adjusted loss = 0.113  adv prob = 0.166667   acc = 0.976
  gold_label_random = 0, sentence2_has_negation = 1  [n = 276]:	loss = 0.053  exp loss = 0.044  adjusted loss = 0.044  adv prob = 0.166667   acc = 0.975
  gold_label_random = 1, sentence2_has_negation = 0  [n = 255]:	loss = 0.050  exp loss = 0.076  adjusted loss = 0.076  adv prob = 0.166667   acc = 0.980
  gold_label_random = 1, sentence2_has_negation = 1  [n = 265]:	loss = 0.108  exp loss = 0.141  adjusted loss = 0.141  adv prob = 0.166667   acc = 0.970
  gold_label_random = 2, sentence2_has_negation = 0  [n = 283]:	loss = 0.077  exp loss = 0.095  adjusted loss = 0.095  adv prob = 0.166667   acc = 0.968
  gold_label_random = 2, sentence2_has_negation = 1  [n = 266]:	loss = 0.240  exp loss = 0.180  adjusted loss = 0.180  adv prob = 0.166667   acc = 0.914
Average incurred loss: 0.105  
Average sample loss: 0.105  
Average acc: 0.966  
  gold_label_random = 0, sentence2_has_negation = 0  [n = 281]:	loss = 0.070  exp loss = 0.070  adjusted loss = 0.070  adv prob = 0.166667   acc = 0.968
  gold_label_random = 0, sentence2_has_negation = 1  [n = 267]:	loss = 0.033  exp loss = 0.039  adjusted loss = 0.039  adv prob = 0.166667   acc = 0.989
  gold_label_random = 1, sentence2_has_negation = 0  [n = 274]:	loss = 0.064  exp loss = 0.106  adjusted loss = 0.106  adv prob = 0.166667   acc = 0.989
  gold_label_random = 1, sentence2_has_negation = 1  [n = 250]:	loss = 0.094  exp loss = 0.075  adjusted loss = 0.075  adv prob = 0.166667   acc = 0.976
  gold_label_random = 2, sentence2_has_negation = 0  [n = 261]:	loss = 0.163  exp loss = 0.134  adjusted loss = 0.134  adv prob = 0.166667   acc = 0.935
  gold_label_random = 2, sentence2_has_negation = 1  [n = 267]:	loss = 0.208  exp loss = 0.113  adjusted loss = 0.113  adv prob = 0.166667   acc = 0.940
Average incurred loss: 0.110  
Average sample loss: 0.110  
Average acc: 0.967  
  gold_label_random = 0, sentence2_has_negation = 0  [n = 269]:	loss = 0.207  exp loss = 0.223  adjusted loss = 0.223  adv prob = 0.166667   acc = 0.941
  gold_label_random = 0, sentence2_has_negation = 1  [n = 260]:	loss = 0.034  exp loss = 0.056  adjusted loss = 0.056  adv prob = 0.166667   acc = 0.985
  gold_label_random = 1, sentence2_has_negation = 0  [n = 280]:	loss = 0.090  exp loss = 0.051  adjusted loss = 0.051  adv prob = 0.166667   acc = 0.975
  gold_label_random = 1, sentence2_has_negation = 1  [n = 257]:	loss = 0.083  exp loss = 0.053  adjusted loss = 0.053  adv prob = 0.166667   acc = 0.977
  gold_label_random = 2, sentence2_has_negation = 0  [n = 274]:	loss = 0.124  exp loss = 0.204  adjusted loss = 0.204  adv prob = 0.166667   acc = 0.956
  gold_label_random = 2, sentence2_has_negation = 1  [n = 260]:	loss = 0.118  exp loss = 0.076  adjusted loss = 0.076  adv prob = 0.166667   acc = 0.969
Average incurred loss: 0.117  
Average sample loss: 0.117  
Average acc: 0.965  
  gold_label_random = 0, sentence2_has_negation = 0  [n = 284]:	loss = 0.158  exp loss = 0.064  adjusted loss = 0.064  adv prob = 0.166667   acc = 0.947
  gold_label_random = 0, sentence2_has_negation = 1  [n = 252]:	loss = 0.019  exp loss = 0.029  adjusted loss = 0.029  adv prob = 0.166667   acc = 1.000
  gold_label_random = 1, sentence2_has_negation = 0  [n = 295]:	loss = 0.069  exp loss = 0.057  adjusted loss = 0.057  adv prob = 0.166667   acc = 0.983
  gold_label_random = 1, sentence2_has_negation = 1  [n = 260]:	loss = 0.140  exp loss = 0.132  adjusted loss = 0.132  adv prob = 0.166667   acc = 0.965
  gold_label_random = 2, sentence2_has_negation = 0  [n = 263]:	loss = 0.125  exp loss = 0.164  adjusted loss = 0.164  adv prob = 0.166667   acc = 0.966
  gold_label_random = 2, sentence2_has_negation = 1  [n = 246]:	loss = 0.195  exp loss = 0.200  adjusted loss = 0.200  adv prob = 0.166667   acc = 0.927
Average incurred loss: 0.093  
Average sample loss: 0.093  
Average acc: 0.971  
  gold_label_random = 0, sentence2_has_negation = 0  [n = 248]:	loss = 0.120  exp loss = 0.150  adjusted loss = 0.150  adv prob = 0.166667   acc = 0.956
  gold_label_random = 0, sentence2_has_negation = 1  [n = 315]:	loss = 0.016  exp loss = 0.023  adjusted loss = 0.023  adv prob = 0.166667   acc = 0.997
  gold_label_random = 1, sentence2_has_negation = 0  [n = 279]:	loss = 0.040  exp loss = 0.040  adjusted loss = 0.040  adv prob = 0.166667   acc = 0.989
  gold_label_random = 1, sentence2_has_negation = 1  [n = 246]:	loss = 0.131  exp loss = 0.128  adjusted loss = 0.128  adv prob = 0.166667   acc = 0.967
  gold_label_random = 2, sentence2_has_negation = 0  [n = 237]:	loss = 0.099  exp loss = 0.049  adjusted loss = 0.049  adv prob = 0.166667   acc = 0.970
  gold_label_random = 2, sentence2_has_negation = 1  [n = 275]:	loss = 0.174  exp loss = 0.161  adjusted loss = 0.161  adv prob = 0.166667   acc = 0.942
Average incurred loss: 0.110  
Average sample loss: 0.110  
Average acc: 0.963  
  gold_label_random = 0, sentence2_has_negation = 0  [n = 249]:	loss = 0.153  exp loss = 0.151  adjusted loss = 0.151  adv prob = 0.166667   acc = 0.940
  gold_label_random = 0, sentence2_has_negation = 1  [n = 273]:	loss = 0.043  exp loss = 0.033  adjusted loss = 0.033  adv prob = 0.166667   acc = 0.985
  gold_label_random = 1, sentence2_has_negation = 0  [n = 256]:	loss = 0.036  exp loss = 0.041  adjusted loss = 0.041  adv prob = 0.166667   acc = 0.996
  gold_label_random = 1, sentence2_has_negation = 1  [n = 262]:	loss = 0.096  exp loss = 0.075  adjusted loss = 0.075  adv prob = 0.166667   acc = 0.973
  gold_label_random = 2, sentence2_has_negation = 0  [n = 261]:	loss = 0.100  exp loss = 0.071  adjusted loss = 0.071  adv prob = 0.166667   acc = 0.962
  gold_label_random = 2, sentence2_has_negation = 1  [n = 299]:	loss = 0.218  exp loss = 0.131  adjusted loss = 0.131  adv prob = 0.166667   acc = 0.926
Average incurred loss: 0.104  
Average sample loss: 0.104  
Average acc: 0.964  
  gold_label_random = 0, sentence2_has_negation = 0  [n = 272]:	loss = 0.103  exp loss = 0.303  adjusted loss = 0.303  adv prob = 0.166667   acc = 0.960
  gold_label_random = 0, sentence2_has_negation = 1  [n = 299]:	loss = 0.042  exp loss = 0.035  adjusted loss = 0.035  adv prob = 0.166667   acc = 0.993
  gold_label_random = 1, sentence2_has_negation = 0  [n = 261]:	loss = 0.110  exp loss = 0.112  adjusted loss = 0.112  adv prob = 0.166667   acc = 0.966
  gold_label_random = 1, sentence2_has_negation = 1  [n = 243]:	loss = 0.105  exp loss = 0.089  adjusted loss = 0.089  adv prob = 0.166667   acc = 0.971
  gold_label_random = 2, sentence2_has_negation = 0  [n = 276]:	loss = 0.080  exp loss = 0.104  adjusted loss = 0.104  adv prob = 0.166667   acc = 0.967
  gold_label_random = 2, sentence2_has_negation = 1  [n = 249]:	loss = 0.201  exp loss = 0.218  adjusted loss = 0.218  adv prob = 0.166667   acc = 0.920
Average incurred loss: 0.122  
Average sample loss: 0.122  
Average acc: 0.966  
  gold_label_random = 0, sentence2_has_negation = 0  [n = 249]:	loss = 0.173  exp loss = 0.167  adjusted loss = 0.167  adv prob = 0.166667   acc = 0.956
  gold_label_random = 0, sentence2_has_negation = 1  [n = 259]:	loss = 0.022  exp loss = 0.025  adjusted loss = 0.025  adv prob = 0.166667   acc = 0.996
  gold_label_random = 1, sentence2_has_negation = 0  [n = 262]:	loss = 0.068  exp loss = 0.038  adjusted loss = 0.038  adv prob = 0.166667   acc = 0.985
  gold_label_random = 1, sentence2_has_negation = 1  [n = 279]:	loss = 0.156  exp loss = 0.215  adjusted loss = 0.215  adv prob = 0.166667   acc = 0.961
  gold_label_random = 2, sentence2_has_negation = 0  [n = 282]:	loss = 0.158  exp loss = 0.175  adjusted loss = 0.175  adv prob = 0.166667   acc = 0.954
  gold_label_random = 2, sentence2_has_negation = 1  [n = 269]:	loss = 0.148  exp loss = 0.154  adjusted loss = 0.154  adv prob = 0.166667   acc = 0.948
Average incurred loss: 0.111  
Average sample loss: 0.111  
Average acc: 0.966  
  gold_label_random = 0, sentence2_has_negation = 0  [n = 265]:	loss = 0.118  exp loss = 0.163  adjusted loss = 0.163  adv prob = 0.166667   acc = 0.943
  gold_label_random = 0, sentence2_has_negation = 1  [n = 254]:	loss = 0.077  exp loss = 0.081  adjusted loss = 0.081  adv prob = 0.166667   acc = 0.972
  gold_label_random = 1, sentence2_has_negation = 0  [n = 271]:	loss = 0.071  exp loss = 0.054  adjusted loss = 0.054  adv prob = 0.166667   acc = 0.989
  gold_label_random = 1, sentence2_has_negation = 1  [n = 288]:	loss = 0.111  exp loss = 0.141  adjusted loss = 0.141  adv prob = 0.166667   acc = 0.972
  gold_label_random = 2, sentence2_has_negation = 0  [n = 261]:	loss = 0.091  exp loss = 0.089  adjusted loss = 0.089  adv prob = 0.166667   acc = 0.966
  gold_label_random = 2, sentence2_has_negation = 1  [n = 261]:	loss = 0.197  exp loss = 0.198  adjusted loss = 0.198  adv prob = 0.166667   acc = 0.950
Average incurred loss: 0.113  
Average sample loss: 0.113  
Average acc: 0.961  
  gold_label_random = 0, sentence2_has_negation = 0  [n = 267]:	loss = 0.084  exp loss = 0.104  adjusted loss = 0.104  adv prob = 0.166667   acc = 0.966
  gold_label_random = 0, sentence2_has_negation = 1  [n = 282]:	loss = 0.046  exp loss = 0.068  adjusted loss = 0.068  adv prob = 0.166667   acc = 0.982
  gold_label_random = 1, sentence2_has_negation = 0  [n = 255]:	loss = 0.090  exp loss = 0.049  adjusted loss = 0.049  adv prob = 0.166667   acc = 0.976
  gold_label_random = 1, sentence2_has_negation = 1  [n = 269]:	loss = 0.093  exp loss = 0.138  adjusted loss = 0.138  adv prob = 0.166667   acc = 0.978
  gold_label_random = 2, sentence2_has_negation = 0  [n = 282]:	loss = 0.113  exp loss = 0.098  adjusted loss = 0.098  adv prob = 0.166667   acc = 0.961
  gold_label_random = 2, sentence2_has_negation = 1  [n = 245]:	loss = 0.270  exp loss = 0.152  adjusted loss = 0.152  adv prob = 0.166667   acc = 0.894
Average incurred loss: 0.105  
Average sample loss: 0.105  
Average acc: 0.967  
  gold_label_random = 0, sentence2_has_negation = 0  [n = 244]:	loss = 0.124  exp loss = 0.116  adjusted loss = 0.116  adv prob = 0.166667   acc = 0.963
  gold_label_random = 0, sentence2_has_negation = 1  [n = 281]:	loss = 0.081  exp loss = 0.080  adjusted loss = 0.080  adv prob = 0.166667   acc = 0.972
  gold_label_random = 1, sentence2_has_negation = 0  [n = 273]:	loss = 0.051  exp loss = 0.062  adjusted loss = 0.062  adv prob = 0.166667   acc = 0.982
  gold_label_random = 1, sentence2_has_negation = 1  [n = 258]:	loss = 0.096  exp loss = 0.108  adjusted loss = 0.108  adv prob = 0.166667   acc = 0.977
  gold_label_random = 2, sentence2_has_negation = 0  [n = 279]:	loss = 0.114  exp loss = 0.059  adjusted loss = 0.059  adv prob = 0.166667   acc = 0.964
  gold_label_random = 2, sentence2_has_negation = 1  [n = 265]:	loss = 0.169  exp loss = 0.167  adjusted loss = 0.167  adv prob = 0.166667   acc = 0.943
Average incurred loss: 0.104  
Average sample loss: 0.104  
Average acc: 0.968  
  gold_label_random = 0, sentence2_has_negation = 0  [n = 302]:	loss = 0.108  exp loss = 0.057  adjusted loss = 0.057  adv prob = 0.166667   acc = 0.970
  gold_label_random = 0, sentence2_has_negation = 1  [n = 247]:	loss = 0.055  exp loss = 0.032  adjusted loss = 0.032  adv prob = 0.166667   acc = 0.988
  gold_label_random = 1, sentence2_has_negation = 0  [n = 246]:	loss = 0.044  exp loss = 0.084  adjusted loss = 0.084  adv prob = 0.166667   acc = 0.992
  gold_label_random = 1, sentence2_has_negation = 1  [n = 264]:	loss = 0.085  exp loss = 0.079  adjusted loss = 0.079  adv prob = 0.166667   acc = 0.962
  gold_label_random = 2, sentence2_has_negation = 0  [n = 261]:	loss = 0.104  exp loss = 0.227  adjusted loss = 0.227  adv prob = 0.166667   acc = 0.973
  gold_label_random = 2, sentence2_has_negation = 1  [n = 280]:	loss = 0.213  exp loss = 0.213  adjusted loss = 0.213  adv prob = 0.166667   acc = 0.929
Average incurred loss: 0.138  
Average sample loss: 0.138  
Average acc: 0.956  
  gold_label_random = 0, sentence2_has_negation = 0  [n = 258]:	loss = 0.179  exp loss = 0.224  adjusted loss = 0.224  adv prob = 0.166667   acc = 0.957
  gold_label_random = 0, sentence2_has_negation = 1  [n = 291]:	loss = 0.062  exp loss = 0.038  adjusted loss = 0.038  adv prob = 0.166667   acc = 0.973
  gold_label_random = 1, sentence2_has_negation = 0  [n = 261]:	loss = 0.095  exp loss = 0.057  adjusted loss = 0.057  adv prob = 0.166667   acc = 0.966
  gold_label_random = 1, sentence2_has_negation = 1  [n = 247]:	loss = 0.161  exp loss = 0.134  adjusted loss = 0.134  adv prob = 0.166667   acc = 0.955
  gold_label_random = 2, sentence2_has_negation = 0  [n = 255]:	loss = 0.088  exp loss = 0.103  adjusted loss = 0.103  adv prob = 0.166667   acc = 0.969
  gold_label_random = 2, sentence2_has_negation = 1  [n = 288]:	loss = 0.240  exp loss = 0.226  adjusted loss = 0.226  adv prob = 0.166667   acc = 0.920
Average incurred loss: 0.123  
Average sample loss: 0.123  
Average acc: 0.958  
  gold_label_random = 0, sentence2_has_negation = 0  [n = 252]:	loss = 0.103  exp loss = 0.254  adjusted loss = 0.254  adv prob = 0.166667   acc = 0.960
  gold_label_random = 0, sentence2_has_negation = 1  [n = 259]:	loss = 0.046  exp loss = 0.035  adjusted loss = 0.035  adv prob = 0.166667   acc = 0.985
  gold_label_random = 1, sentence2_has_negation = 0  [n = 277]:	loss = 0.076  exp loss = 0.087  adjusted loss = 0.087  adv prob = 0.166667   acc = 0.975
  gold_label_random = 1, sentence2_has_negation = 1  [n = 257]:	loss = 0.192  exp loss = 0.135  adjusted loss = 0.135  adv prob = 0.166667   acc = 0.938
  gold_label_random = 2, sentence2_has_negation = 0  [n = 265]:	loss = 0.170  exp loss = 0.121  adjusted loss = 0.121  adv prob = 0.166667   acc = 0.943
  gold_label_random = 2, sentence2_has_negation = 1  [n = 290]:	loss = 0.151  exp loss = 0.251  adjusted loss = 0.251  adv prob = 0.166667   acc = 0.948
Average incurred loss: 0.103  
Average sample loss: 0.103  
Average acc: 0.969  
  gold_label_random = 0, sentence2_has_negation = 0  [n = 275]:	loss = 0.111  exp loss = 0.124  adjusted loss = 0.124  adv prob = 0.166667   acc = 0.953
  gold_label_random = 0, sentence2_has_negation = 1  [n = 269]:	loss = 0.038  exp loss = 0.043  adjusted loss = 0.043  adv prob = 0.166667   acc = 0.989
  gold_label_random = 1, sentence2_has_negation = 0  [n = 269]:	loss = 0.100  exp loss = 0.079  adjusted loss = 0.079  adv prob = 0.166667   acc = 0.978
  gold_label_random = 1, sentence2_has_negation = 1  [n = 256]:	loss = 0.105  exp loss = 0.157  adjusted loss = 0.157  adv prob = 0.166667   acc = 0.973
  gold_label_random = 2, sentence2_has_negation = 0  [n = 276]:	loss = 0.095  exp loss = 0.086  adjusted loss = 0.086  adv prob = 0.166667   acc = 0.971
  gold_label_random = 2, sentence2_has_negation = 1  [n = 255]:	loss = 0.175  exp loss = 0.147  adjusted loss = 0.147  adv prob = 0.166667   acc = 0.953
Average incurred loss: 0.101  
Average sample loss: 0.101  
Average acc: 0.968  
  gold_label_random = 0, sentence2_has_negation = 0  [n = 282]:	loss = 0.111  exp loss = 0.116  adjusted loss = 0.116  adv prob = 0.166667   acc = 0.965
  gold_label_random = 0, sentence2_has_negation = 1  [n = 247]:	loss = 0.041  exp loss = 0.045  adjusted loss = 0.045  adv prob = 0.166667   acc = 0.984
  gold_label_random = 1, sentence2_has_negation = 0  [n = 280]:	loss = 0.076  exp loss = 0.040  adjusted loss = 0.040  adv prob = 0.166667   acc = 0.982
  gold_label_random = 1, sentence2_has_negation = 1  [n = 249]:	loss = 0.126  exp loss = 0.181  adjusted loss = 0.181  adv prob = 0.166667   acc = 0.956
  gold_label_random = 2, sentence2_has_negation = 0  [n = 251]:	loss = 0.114  exp loss = 0.083  adjusted loss = 0.083  adv prob = 0.166667   acc = 0.968
  gold_label_random = 2, sentence2_has_negation = 1  [n = 291]:	loss = 0.135  exp loss = 0.108  adjusted loss = 0.108  adv prob = 0.166667   acc = 0.955
Average incurred loss: 0.104  
Average sample loss: 0.104  
Average acc: 0.965  
  gold_label_random = 0, sentence2_has_negation = 0  [n = 251]:	loss = 0.144  exp loss = 0.156  adjusted loss = 0.156  adv prob = 0.166667   acc = 0.952
  gold_label_random = 0, sentence2_has_negation = 1  [n = 276]:	loss = 0.036  exp loss = 0.024  adjusted loss = 0.024  adv prob = 0.166667   acc = 0.989
  gold_label_random = 1, sentence2_has_negation = 0  [n = 283]:	loss = 0.057  exp loss = 0.057  adjusted loss = 0.057  adv prob = 0.166667   acc = 0.986
  gold_label_random = 1, sentence2_has_negation = 1  [n = 255]:	loss = 0.084  exp loss = 0.093  adjusted loss = 0.093  adv prob = 0.166667   acc = 0.969
  gold_label_random = 2, sentence2_has_negation = 0  [n = 268]:	loss = 0.133  exp loss = 0.156  adjusted loss = 0.156  adv prob = 0.166667   acc = 0.959
  gold_label_random = 2, sentence2_has_negation = 1  [n = 267]:	loss = 0.179  exp loss = 0.116  adjusted loss = 0.116  adv prob = 0.166667   acc = 0.933
Average incurred loss: 0.114  
Average sample loss: 0.114  
Average acc: 0.959  
  gold_label_random = 0, sentence2_has_negation = 0  [n = 270]:	loss = 0.129  exp loss = 0.134  adjusted loss = 0.134  adv prob = 0.166667   acc = 0.941
  gold_label_random = 0, sentence2_has_negation = 1  [n = 266]:	loss = 0.067  exp loss = 0.076  adjusted loss = 0.076  adv prob = 0.166667   acc = 0.974
  gold_label_random = 1, sentence2_has_negation = 0  [n = 273]:	loss = 0.062  exp loss = 0.068  adjusted loss = 0.068  adv prob = 0.166667   acc = 0.985
  gold_label_random = 1, sentence2_has_negation = 1  [n = 300]:	loss = 0.163  exp loss = 0.152  adjusted loss = 0.152  adv prob = 0.166667   acc = 0.953
  gold_label_random = 2, sentence2_has_negation = 0  [n = 241]:	loss = 0.057  exp loss = 0.031  adjusted loss = 0.031  adv prob = 0.166667   acc = 0.983
  gold_label_random = 2, sentence2_has_negation = 1  [n = 250]:	loss = 0.198  exp loss = 0.174  adjusted loss = 0.174  adv prob = 0.166667   acc = 0.916
Average incurred loss: 0.112  
Average sample loss: 0.112  
Average acc: 0.963  
  gold_label_random = 0, sentence2_has_negation = 0  [n = 268]:	loss = 0.108  exp loss = 0.045  adjusted loss = 0.045  adv prob = 0.166667   acc = 0.966
  gold_label_random = 0, sentence2_has_negation = 1  [n = 272]:	loss = 0.049  exp loss = 0.067  adjusted loss = 0.067  adv prob = 0.166667   acc = 0.978
  gold_label_random = 1, sentence2_has_negation = 0  [n = 260]:	loss = 0.034  exp loss = 0.024  adjusted loss = 0.024  adv prob = 0.166667   acc = 0.985
  gold_label_random = 1, sentence2_has_negation = 1  [n = 257]:	loss = 0.170  exp loss = 0.085  adjusted loss = 0.085  adv prob = 0.166667   acc = 0.957
  gold_label_random = 2, sentence2_has_negation = 0  [n = 280]:	loss = 0.099  exp loss = 0.083  adjusted loss = 0.083  adv prob = 0.166667   acc = 0.961
  gold_label_random = 2, sentence2_has_negation = 1  [n = 263]:	loss = 0.217  exp loss = 0.167  adjusted loss = 0.167  adv prob = 0.166667   acc = 0.928
Average incurred loss: 0.131  
Average sample loss: 0.131  
Average acc: 0.962  
  gold_label_random = 0, sentence2_has_negation = 0  [n = 275]:	loss = 0.198  exp loss = 0.167  adjusted loss = 0.167  adv prob = 0.166667   acc = 0.956
  gold_label_random = 0, sentence2_has_negation = 1  [n = 268]:	loss = 0.067  exp loss = 0.047  adjusted loss = 0.047  adv prob = 0.166667   acc = 0.978
  gold_label_random = 1, sentence2_has_negation = 0  [n = 253]:	loss = 0.075  exp loss = 0.060  adjusted loss = 0.060  adv prob = 0.166667   acc = 0.976
  gold_label_random = 1, sentence2_has_negation = 1  [n = 266]:	loss = 0.107  exp loss = 0.096  adjusted loss = 0.096  adv prob = 0.166667   acc = 0.977
  gold_label_random = 2, sentence2_has_negation = 0  [n = 263]:	loss = 0.131  exp loss = 0.121  adjusted loss = 0.121  adv prob = 0.166667   acc = 0.958
  gold_label_random = 2, sentence2_has_negation = 1  [n = 275]:	loss = 0.204  exp loss = 0.564  adjusted loss = 0.564  adv prob = 0.166667   acc = 0.931
Average incurred loss: 0.084  
Average sample loss: 0.084  
Average acc: 0.973  
  gold_label_random = 0, sentence2_has_negation = 0  [n = 270]:	loss = 0.109  exp loss = 0.078  adjusted loss = 0.078  adv prob = 0.166667   acc = 0.963
  gold_label_random = 0, sentence2_has_negation = 1  [n = 238]:	loss = 0.046  exp loss = 0.029  adjusted loss = 0.029  adv prob = 0.166667   acc = 0.987
  gold_label_random = 1, sentence2_has_negation = 0  [n = 262]:	loss = 0.034  exp loss = 0.057  adjusted loss = 0.057  adv prob = 0.166667   acc = 0.989
  gold_label_random = 1, sentence2_has_negation = 1  [n = 289]:	loss = 0.099  exp loss = 0.104  adjusted loss = 0.104  adv prob = 0.166667   acc = 0.969
  gold_label_random = 2, sentence2_has_negation = 0  [n = 280]:	loss = 0.071  exp loss = 0.071  adjusted loss = 0.071  adv prob = 0.166667   acc = 0.975
  gold_label_random = 2, sentence2_has_negation = 1  [n = 261]:	loss = 0.137  exp loss = 0.103  adjusted loss = 0.103  adv prob = 0.166667   acc = 0.954
Average incurred loss: 0.134  
Average sample loss: 0.134  
Average acc: 0.956  
  gold_label_random = 0, sentence2_has_negation = 0  [n = 281]:	loss = 0.129  exp loss = 0.100  adjusted loss = 0.100  adv prob = 0.166667   acc = 0.943
  gold_label_random = 0, sentence2_has_negation = 1  [n = 260]:	loss = 0.059  exp loss = 0.065  adjusted loss = 0.065  adv prob = 0.166667   acc = 0.977
  gold_label_random = 1, sentence2_has_negation = 0  [n = 280]:	loss = 0.085  exp loss = 0.052  adjusted loss = 0.052  adv prob = 0.166667   acc = 0.989
  gold_label_random = 1, sentence2_has_negation = 1  [n = 273]:	loss = 0.118  exp loss = 0.096  adjusted loss = 0.096  adv prob = 0.166667   acc = 0.971
  gold_label_random = 2, sentence2_has_negation = 0  [n = 252]:	loss = 0.165  exp loss = 0.128  adjusted loss = 0.128  adv prob = 0.166667   acc = 0.940
  gold_label_random = 2, sentence2_has_negation = 1  [n = 254]:	loss = 0.259  exp loss = 0.233  adjusted loss = 0.233  adv prob = 0.166667   acc = 0.913
Average incurred loss: 0.108  
Average sample loss: 0.108  
Average acc: 0.961  
  gold_label_random = 0, sentence2_has_negation = 0  [n = 293]:	loss = 0.168  exp loss = 0.190  adjusted loss = 0.190  adv prob = 0.166667   acc = 0.932
  gold_label_random = 0, sentence2_has_negation = 1  [n = 287]:	loss = 0.050  exp loss = 0.035  adjusted loss = 0.035  adv prob = 0.166667   acc = 0.986
  gold_label_random = 1, sentence2_has_negation = 0  [n = 231]:	loss = 0.044  exp loss = 0.034  adjusted loss = 0.034  adv prob = 0.166667   acc = 0.987
  gold_label_random = 1, sentence2_has_negation = 1  [n = 248]:	loss = 0.060  exp loss = 0.070  adjusted loss = 0.070  adv prob = 0.166667   acc = 0.984
  gold_label_random = 2, sentence2_has_negation = 0  [n = 277]:	loss = 0.127  exp loss = 0.100  adjusted loss = 0.100  adv prob = 0.166667   acc = 0.953
  gold_label_random = 2, sentence2_has_negation = 1  [n = 264]:	loss = 0.184  exp loss = 0.243  adjusted loss = 0.243  adv prob = 0.166667   acc = 0.932
Average incurred loss: 0.124  
Average sample loss: 0.124  
Average acc: 0.959  
  gold_label_random = 0, sentence2_has_negation = 0  [n = 262]:	loss = 0.199  exp loss = 0.193  adjusted loss = 0.193  adv prob = 0.166667   acc = 0.939
  gold_label_random = 0, sentence2_has_negation = 1  [n = 252]:	loss = 0.051  exp loss = 0.067  adjusted loss = 0.067  adv prob = 0.166667   acc = 0.984
  gold_label_random = 1, sentence2_has_negation = 0  [n = 257]:	loss = 0.059  exp loss = 0.072  adjusted loss = 0.072  adv prob = 0.166667   acc = 0.984
  gold_label_random = 1, sentence2_has_negation = 1  [n = 265]:	loss = 0.129  exp loss = 0.073  adjusted loss = 0.073  adv prob = 0.166667   acc = 0.962
  gold_label_random = 2, sentence2_has_negation = 0  [n = 291]:	loss = 0.127  exp loss = 0.074  adjusted loss = 0.074  adv prob = 0.166667   acc = 0.966
  gold_label_random = 2, sentence2_has_negation = 1  [n = 273]:	loss = 0.175  exp loss = 0.113  adjusted loss = 0.113  adv prob = 0.166667   acc = 0.923
Average incurred loss: 0.121  
Average sample loss: 0.121  
Average acc: 0.963  
  gold_label_random = 0, sentence2_has_negation = 0  [n = 258]:	loss = 0.107  exp loss = 0.106  adjusted loss = 0.106  adv prob = 0.166667   acc = 0.961
  gold_label_random = 0, sentence2_has_negation = 1  [n = 281]:	loss = 0.064  exp loss = 0.039  adjusted loss = 0.039  adv prob = 0.166667   acc = 0.982
  gold_label_random = 1, sentence2_has_negation = 0  [n = 277]:	loss = 0.091  exp loss = 0.064  adjusted loss = 0.064  adv prob = 0.166667   acc = 0.978
  gold_label_random = 1, sentence2_has_negation = 1  [n = 256]:	loss = 0.114  exp loss = 0.150  adjusted loss = 0.150  adv prob = 0.166667   acc = 0.961
  gold_label_random = 2, sentence2_has_negation = 0  [n = 260]:	loss = 0.117  exp loss = 0.077  adjusted loss = 0.077  adv prob = 0.166667   acc = 0.962
  gold_label_random = 2, sentence2_has_negation = 1  [n = 268]:	loss = 0.236  exp loss = 0.168  adjusted loss = 0.168  adv prob = 0.166667   acc = 0.933
Average incurred loss: 0.079  
Average sample loss: 0.079  
Average acc: 0.974  
  gold_label_random = 0, sentence2_has_negation = 0  [n = 250]:	loss = 0.051  exp loss = 0.037  adjusted loss = 0.037  adv prob = 0.166667   acc = 0.976
  gold_label_random = 0, sentence2_has_negation = 1  [n = 244]:	loss = 0.040  exp loss = 0.027  adjusted loss = 0.027  adv prob = 0.166667   acc = 0.992
  gold_label_random = 1, sentence2_has_negation = 0  [n = 264]:	loss = 0.070  exp loss = 0.089  adjusted loss = 0.089  adv prob = 0.166667   acc = 0.981
  gold_label_random = 1, sentence2_has_negation = 1  [n = 270]:	loss = 0.088  exp loss = 0.062  adjusted loss = 0.062  adv prob = 0.166667   acc = 0.974
  gold_label_random = 2, sentence2_has_negation = 0  [n = 291]:	loss = 0.113  exp loss = 0.120  adjusted loss = 0.120  adv prob = 0.166667   acc = 0.959
  gold_label_random = 2, sentence2_has_negation = 1  [n = 281]:	loss = 0.100  exp loss = 0.069  adjusted loss = 0.069  adv prob = 0.166667   acc = 0.968
Average incurred loss: 0.139  
Average sample loss: 0.139  
Average acc: 0.962  
  gold_label_random = 0, sentence2_has_negation = 0  [n = 272]:	loss = 0.082  exp loss = 0.090  adjusted loss = 0.090  adv prob = 0.166667   acc = 0.978
  gold_label_random = 0, sentence2_has_negation = 1  [n = 270]:	loss = 0.050  exp loss = 0.040  adjusted loss = 0.040  adv prob = 0.166667   acc = 0.981
  gold_label_random = 1, sentence2_has_negation = 0  [n = 256]:	loss = 0.103  exp loss = 0.098  adjusted loss = 0.098  adv prob = 0.166667   acc = 0.980
  gold_label_random = 1, sentence2_has_negation = 1  [n = 259]:	loss = 0.169  exp loss = 0.339  adjusted loss = 0.339  adv prob = 0.166667   acc = 0.958
  gold_label_random = 2, sentence2_has_negation = 0  [n = 271]:	loss = 0.088  exp loss = 0.070  adjusted loss = 0.070  adv prob = 0.166667   acc = 0.967
  gold_label_random = 2, sentence2_has_negation = 1  [n = 272]:	loss = 0.343  exp loss = 0.355  adjusted loss = 0.355  adv prob = 0.166667   acc = 0.912
Average incurred loss: 0.120  
Average sample loss: 0.120  
Average acc: 0.962  
  gold_label_random = 0, sentence2_has_negation = 0  [n = 264]:	loss = 0.109  exp loss = 0.066  adjusted loss = 0.066  adv prob = 0.166667   acc = 0.966
  gold_label_random = 0, sentence2_has_negation = 1  [n = 263]:	loss = 0.051  exp loss = 0.042  adjusted loss = 0.042  adv prob = 0.166667   acc = 0.989
  gold_label_random = 1, sentence2_has_negation = 0  [n = 274]:	loss = 0.050  exp loss = 0.065  adjusted loss = 0.065  adv prob = 0.166667   acc = 0.985
  gold_label_random = 1, sentence2_has_negation = 1  [n = 266]:	loss = 0.113  exp loss = 0.122  adjusted loss = 0.122  adv prob = 0.166667   acc = 0.966
  gold_label_random = 2, sentence2_has_negation = 0  [n = 257]:	loss = 0.132  exp loss = 0.072  adjusted loss = 0.072  adv prob = 0.166667   acc = 0.953
  gold_label_random = 2, sentence2_has_negation = 1  [n = 276]:	loss = 0.263  exp loss = 0.194  adjusted loss = 0.194  adv prob = 0.166667   acc = 0.917
Average incurred loss: 0.105  
Average sample loss: 0.105  
Average acc: 0.967  
  gold_label_random = 0, sentence2_has_negation = 0  [n = 253]:	loss = 0.127  exp loss = 0.107  adjusted loss = 0.107  adv prob = 0.166667   acc = 0.957
  gold_label_random = 0, sentence2_has_negation = 1  [n = 282]:	loss = 0.036  exp loss = 0.062  adjusted loss = 0.062  adv prob = 0.166667   acc = 0.986
  gold_label_random = 1, sentence2_has_negation = 0  [n = 271]:	loss = 0.040  exp loss = 0.035  adjusted loss = 0.035  adv prob = 0.166667   acc = 0.996
  gold_label_random = 1, sentence2_has_negation = 1  [n = 277]:	loss = 0.099  exp loss = 0.195  adjusted loss = 0.195  adv prob = 0.166667   acc = 0.975
  gold_label_random = 2, sentence2_has_negation = 0  [n = 262]:	loss = 0.160  exp loss = 0.141  adjusted loss = 0.141  adv prob = 0.166667   acc = 0.950
  gold_label_random = 2, sentence2_has_negation = 1  [n = 255]:	loss = 0.182  exp loss = 0.167  adjusted loss = 0.167  adv prob = 0.166667   acc = 0.933
Average incurred loss: 0.101  
Average sample loss: 0.101  
Average acc: 0.969  
  gold_label_random = 0, sentence2_has_negation = 0  [n = 295]:	loss = 0.081  exp loss = 0.060  adjusted loss = 0.060  adv prob = 0.166667   acc = 0.980
  gold_label_random = 0, sentence2_has_negation = 1  [n = 246]:	loss = 0.064  exp loss = 0.025  adjusted loss = 0.025  adv prob = 0.166667   acc = 0.984
  gold_label_random = 1, sentence2_has_negation = 0  [n = 230]:	loss = 0.077  exp loss = 0.036  adjusted loss = 0.036  adv prob = 0.166667   acc = 0.987
  gold_label_random = 1, sentence2_has_negation = 1  [n = 250]:	loss = 0.121  exp loss = 0.070  adjusted loss = 0.070  adv prob = 0.166667   acc = 0.972
  gold_label_random = 2, sentence2_has_negation = 0  [n = 295]:	loss = 0.110  exp loss = 0.120  adjusted loss = 0.120  adv prob = 0.166667   acc = 0.956
  gold_label_random = 2, sentence2_has_negation = 1  [n = 284]:	loss = 0.147  exp loss = 0.162  adjusted loss = 0.162  adv prob = 0.166667   acc = 0.944
Average incurred loss: 0.104  
Average sample loss: 0.104  
Average acc: 0.968  
  gold_label_random = 0, sentence2_has_negation = 0  [n = 253]:	loss = 0.129  exp loss = 0.087  adjusted loss = 0.087  adv prob = 0.166667   acc = 0.972
  gold_label_random = 0, sentence2_has_negation = 1  [n = 259]:	loss = 0.049  exp loss = 0.027  adjusted loss = 0.027  adv prob = 0.166667   acc = 0.985
  gold_label_random = 1, sentence2_has_negation = 0  [n = 278]:	loss = 0.041  exp loss = 0.052  adjusted loss = 0.052  adv prob = 0.166667   acc = 0.986
  gold_label_random = 1, sentence2_has_negation = 1  [n = 267]:	loss = 0.124  exp loss = 0.126  adjusted loss = 0.126  adv prob = 0.166667   acc = 0.959
  gold_label_random = 2, sentence2_has_negation = 0  [n = 266]:	loss = 0.158  exp loss = 0.183  adjusted loss = 0.183  adv prob = 0.166667   acc = 0.955
  gold_label_random = 2, sentence2_has_negation = 1  [n = 277]:	loss = 0.123  exp loss = 0.244  adjusted loss = 0.244  adv prob = 0.166667   acc = 0.949
Average incurred loss: 0.118  
Average sample loss: 0.118  
Average acc: 0.963  
  gold_label_random = 0, sentence2_has_negation = 0  [n = 264]:	loss = 0.127  exp loss = 0.137  adjusted loss = 0.137  adv prob = 0.166667   acc = 0.955
  gold_label_random = 0, sentence2_has_negation = 1  [n = 245]:	loss = 0.027  exp loss = 0.029  adjusted loss = 0.029  adv prob = 0.166667   acc = 1.000
  gold_label_random = 1, sentence2_has_negation = 0  [n = 250]:	loss = 0.051  exp loss = 0.043  adjusted loss = 0.043  adv prob = 0.166667   acc = 0.980
  gold_label_random = 1, sentence2_has_negation = 1  [n = 291]:	loss = 0.148  exp loss = 0.099  adjusted loss = 0.099  adv prob = 0.166667   acc = 0.959
  gold_label_random = 2, sentence2_has_negation = 0  [n = 259]:	loss = 0.125  exp loss = 0.134  adjusted loss = 0.134  adv prob = 0.166667   acc = 0.954
  gold_label_random = 2, sentence2_has_negation = 1  [n = 291]:	loss = 0.208  exp loss = 0.246  adjusted loss = 0.246  adv prob = 0.166667   acc = 0.938
Average incurred loss: 0.123  
Average sample loss: 0.123  
Average acc: 0.961  
  gold_label_random = 0, sentence2_has_negation = 0  [n = 253]:	loss = 0.142  exp loss = 0.190  adjusted loss = 0.190  adv prob = 0.166667   acc = 0.953
  gold_label_random = 0, sentence2_has_negation = 1  [n = 252]:	loss = 0.051  exp loss = 0.072  adjusted loss = 0.072  adv prob = 0.166667   acc = 0.988
  gold_label_random = 1, sentence2_has_negation = 0  [n = 272]:	loss = 0.097  exp loss = 0.080  adjusted loss = 0.080  adv prob = 0.166667   acc = 0.967
  gold_label_random = 1, sentence2_has_negation = 1  [n = 300]:	loss = 0.141  exp loss = 0.174  adjusted loss = 0.174  adv prob = 0.166667   acc = 0.963
  gold_label_random = 2, sentence2_has_negation = 0  [n = 265]:	loss = 0.116  exp loss = 0.071  adjusted loss = 0.071  adv prob = 0.166667   acc = 0.955
  gold_label_random = 2, sentence2_has_negation = 1  [n = 258]:	loss = 0.190  exp loss = 0.284  adjusted loss = 0.284  adv prob = 0.166667   acc = 0.938
Average incurred loss: 0.110  
Average sample loss: 0.110  
Average acc: 0.971  
  gold_label_random = 0, sentence2_has_negation = 0  [n = 272]:	loss = 0.156  exp loss = 0.334  adjusted loss = 0.334  adv prob = 0.166667   acc = 0.956
  gold_label_random = 0, sentence2_has_negation = 1  [n = 253]:	loss = 0.027  exp loss = 0.025  adjusted loss = 0.025  adv prob = 0.166667   acc = 0.996
  gold_label_random = 1, sentence2_has_negation = 0  [n = 274]:	loss = 0.084  exp loss = 0.093  adjusted loss = 0.093  adv prob = 0.166667   acc = 0.978
  gold_label_random = 1, sentence2_has_negation = 1  [n = 265]:	loss = 0.132  exp loss = 0.092  adjusted loss = 0.092  adv prob = 0.166667   acc = 0.966
  gold_label_random = 2, sentence2_has_negation = 0  [n = 293]:	loss = 0.118  exp loss = 0.172  adjusted loss = 0.172  adv prob = 0.166667   acc = 0.966
  gold_label_random = 2, sentence2_has_negation = 1  [n = 243]:	loss = 0.143  exp loss = 0.121  adjusted loss = 0.121  adv prob = 0.166667   acc = 0.963
Average incurred loss: 0.119  
Average sample loss: 0.119  
Average acc: 0.964  
  gold_label_random = 0, sentence2_has_negation = 0  [n = 254]:	loss = 0.151  exp loss = 0.264  adjusted loss = 0.264  adv prob = 0.166667   acc = 0.953
  gold_label_random = 0, sentence2_has_negation = 1  [n = 269]:	loss = 0.070  exp loss = 0.098  adjusted loss = 0.098  adv prob = 0.166667   acc = 0.974
  gold_label_random = 1, sentence2_has_negation = 0  [n = 300]:	loss = 0.035  exp loss = 0.029  adjusted loss = 0.029  adv prob = 0.166667   acc = 0.993
  gold_label_random = 1, sentence2_has_negation = 1  [n = 277]:	loss = 0.102  exp loss = 0.076  adjusted loss = 0.076  adv prob = 0.166667   acc = 0.968
  gold_label_random = 2, sentence2_has_negation = 0  [n = 268]:	loss = 0.126  exp loss = 0.109  adjusted loss = 0.109  adv prob = 0.166667   acc = 0.959
  gold_label_random = 2, sentence2_has_negation = 1  [n = 232]:	loss = 0.261  exp loss = 0.184  adjusted loss = 0.184  adv prob = 0.166667   acc = 0.927
Average incurred loss: 0.084  
Average sample loss: 0.084  
Average acc: 0.970  
  gold_label_random = 0, sentence2_has_negation = 0  [n = 274]:	loss = 0.057  exp loss = 0.047  adjusted loss = 0.047  adv prob = 0.166667   acc = 0.982
  gold_label_random = 0, sentence2_has_negation = 1  [n = 247]:	loss = 0.047  exp loss = 0.041  adjusted loss = 0.041  adv prob = 0.166667   acc = 0.984
  gold_label_random = 1, sentence2_has_negation = 0  [n = 297]:	loss = 0.056  exp loss = 0.034  adjusted loss = 0.034  adv prob = 0.166667   acc = 0.976
  gold_label_random = 1, sentence2_has_negation = 1  [n = 269]:	loss = 0.117  exp loss = 0.104  adjusted loss = 0.104  adv prob = 0.166667   acc = 0.963
  gold_label_random = 2, sentence2_has_negation = 0  [n = 249]:	loss = 0.076  exp loss = 0.088  adjusted loss = 0.088  adv prob = 0.166667   acc = 0.968
  gold_label_random = 2, sentence2_has_negation = 1  [n = 264]:	loss = 0.155  exp loss = 0.098  adjusted loss = 0.098  adv prob = 0.166667   acc = 0.947
Average incurred loss: 0.097  
Average sample loss: 0.097  
Average acc: 0.969  
  gold_label_random = 0, sentence2_has_negation = 0  [n = 252]:	loss = 0.131  exp loss = 0.112  adjusted loss = 0.112  adv prob = 0.166667   acc = 0.944
  gold_label_random = 0, sentence2_has_negation = 1  [n = 256]:	loss = 0.027  exp loss = 0.020  adjusted loss = 0.020  adv prob = 0.166667   acc = 0.992
  gold_label_random = 1, sentence2_has_negation = 0  [n = 265]:	loss = 0.082  exp loss = 0.062  adjusted loss = 0.062  adv prob = 0.166667   acc = 0.977
  gold_label_random = 1, sentence2_has_negation = 1  [n = 281]:	loss = 0.074  exp loss = 0.069  adjusted loss = 0.069  adv prob = 0.166667   acc = 0.986
  gold_label_random = 2, sentence2_has_negation = 0  [n = 281]:	loss = 0.119  exp loss = 0.243  adjusted loss = 0.243  adv prob = 0.166667   acc = 0.964
  gold_label_random = 2, sentence2_has_negation = 1  [n = 265]:	loss = 0.150  exp loss = 0.182  adjusted loss = 0.182  adv prob = 0.166667   acc = 0.947
Average incurred loss: 0.128  
Average sample loss: 0.128  
Average acc: 0.961  
  gold_label_random = 0, sentence2_has_negation = 0  [n = 270]:	loss = 0.149  exp loss = 0.090  adjusted loss = 0.090  adv prob = 0.166667   acc = 0.959
  gold_label_random = 0, sentence2_has_negation = 1  [n = 269]:	loss = 0.052  exp loss = 0.064  adjusted loss = 0.064  adv prob = 0.166667   acc = 0.981
  gold_label_random = 1, sentence2_has_negation = 0  [n = 269]:	loss = 0.066  exp loss = 0.042  adjusted loss = 0.042  adv prob = 0.166667   acc = 0.978
  gold_label_random = 1, sentence2_has_negation = 1  [n = 266]:	loss = 0.145  exp loss = 0.124  adjusted loss = 0.124  adv prob = 0.166667   acc = 0.959
  gold_label_random = 2, sentence2_has_negation = 0  [n = 252]:	loss = 0.098  exp loss = 0.104  adjusted loss = 0.104  adv prob = 0.166667   acc = 0.972
  gold_label_random = 2, sentence2_has_negation = 1  [n = 274]:	loss = 0.252  exp loss = 0.735  adjusted loss = 0.735  adv prob = 0.166667   acc = 0.916
Average incurred loss: 0.122  
Average sample loss: 0.122  
Average acc: 0.962  
  gold_label_random = 0, sentence2_has_negation = 0  [n = 236]:	loss = 0.237  exp loss = 0.424  adjusted loss = 0.424  adv prob = 0.166667   acc = 0.932
  gold_label_random = 0, sentence2_has_negation = 1  [n = 289]:	loss = 0.032  exp loss = 0.025  adjusted loss = 0.025  adv prob = 0.166667   acc = 0.990
  gold_label_random = 1, sentence2_has_negation = 0  [n = 270]:	loss = 0.058  exp loss = 0.036  adjusted loss = 0.036  adv prob = 0.166667   acc = 0.989
  gold_label_random = 1, sentence2_has_negation = 1  [n = 267]:	loss = 0.186  exp loss = 0.208  adjusted loss = 0.208  adv prob = 0.166667   acc = 0.940
  gold_label_random = 2, sentence2_has_negation = 0  [n = 282]:	loss = 0.111  exp loss = 0.142  adjusted loss = 0.142  adv prob = 0.166667   acc = 0.954
  gold_label_random = 2, sentence2_has_negation = 1  [n = 256]:	loss = 0.128  exp loss = 0.205  adjusted loss = 0.205  adv prob = 0.166667   acc = 0.965
Average incurred loss: 0.125  
Average sample loss: 0.125  
Average acc: 0.957  
  gold_label_random = 0, sentence2_has_negation = 0  [n = 249]:	loss = 0.218  exp loss = 0.247  adjusted loss = 0.247  adv prob = 0.166667   acc = 0.940
  gold_label_random = 0, sentence2_has_negation = 1  [n = 279]:	loss = 0.054  exp loss = 0.038  adjusted loss = 0.038  adv prob = 0.166667   acc = 0.982
  gold_label_random = 1, sentence2_has_negation = 0  [n = 249]:	loss = 0.062  exp loss = 0.094  adjusted loss = 0.094  adv prob = 0.166667   acc = 0.980
  gold_label_random = 1, sentence2_has_negation = 1  [n = 263]:	loss = 0.157  exp loss = 0.079  adjusted loss = 0.079  adv prob = 0.166667   acc = 0.932
  gold_label_random = 2, sentence2_has_negation = 0  [n = 290]:	loss = 0.094  exp loss = 0.092  adjusted loss = 0.092  adv prob = 0.166667   acc = 0.972
  gold_label_random = 2, sentence2_has_negation = 1  [n = 270]:	loss = 0.172  exp loss = 0.144  adjusted loss = 0.144  adv prob = 0.166667   acc = 0.933
Average incurred loss: 0.129  
Average sample loss: 0.129  
Average acc: 0.959  
  gold_label_random = 0, sentence2_has_negation = 0  [n = 278]:	loss = 0.141  exp loss = 0.129  adjusted loss = 0.129  adv prob = 0.166667   acc = 0.953
  gold_label_random = 0, sentence2_has_negation = 1  [n = 255]:	loss = 0.069  exp loss = 0.049  adjusted loss = 0.049  adv prob = 0.166667   acc = 0.976
  gold_label_random = 1, sentence2_has_negation = 0  [n = 274]:	loss = 0.086  exp loss = 0.091  adjusted loss = 0.091  adv prob = 0.166667   acc = 0.978
  gold_label_random = 1, sentence2_has_negation = 1  [n = 264]:	loss = 0.123  exp loss = 0.069  adjusted loss = 0.069  adv prob = 0.166667   acc = 0.966
  gold_label_random = 2, sentence2_has_negation = 0  [n = 276]:	loss = 0.072  exp loss = 0.130  adjusted loss = 0.130  adv prob = 0.166667   acc = 0.975
  gold_label_random = 2, sentence2_has_negation = 1  [n = 253]:	loss = 0.290  exp loss = 0.478  adjusted loss = 0.478  adv prob = 0.166667   acc = 0.901
Average incurred loss: 0.112  
Average sample loss: 0.112  
Average acc: 0.968  
  gold_label_random = 0, sentence2_has_negation = 0  [n = 263]:	loss = 0.198  exp loss = 0.135  adjusted loss = 0.135  adv prob = 0.166667   acc = 0.947
  gold_label_random = 0, sentence2_has_negation = 1  [n = 274]:	loss = 0.048  exp loss = 0.047  adjusted loss = 0.047  adv prob = 0.166667   acc = 0.989
  gold_label_random = 1, sentence2_has_negation = 0  [n = 281]:	loss = 0.049  exp loss = 0.083  adjusted loss = 0.083  adv prob = 0.166667   acc = 0.989
  gold_label_random = 1, sentence2_has_negation = 1  [n = 253]:	loss = 0.054  exp loss = 0.033  adjusted loss = 0.033  adv prob = 0.166667   acc = 0.984
  gold_label_random = 2, sentence2_has_negation = 0  [n = 257]:	loss = 0.130  exp loss = 0.125  adjusted loss = 0.125  adv prob = 0.166667   acc = 0.969
  gold_label_random = 2, sentence2_has_negation = 1  [n = 272]:	loss = 0.193  exp loss = 0.195  adjusted loss = 0.195  adv prob = 0.166667   acc = 0.930
Average incurred loss: 0.110  
Average sample loss: 0.110  
Average acc: 0.964  
  gold_label_random = 0, sentence2_has_negation = 0  [n = 263]:	loss = 0.109  exp loss = 0.104  adjusted loss = 0.104  adv prob = 0.166667   acc = 0.951
  gold_label_random = 0, sentence2_has_negation = 1  [n = 261]:	loss = 0.020  exp loss = 0.061  adjusted loss = 0.061  adv prob = 0.166667   acc = 0.996
  gold_label_random = 1, sentence2_has_negation = 0  [n = 268]:	loss = 0.092  exp loss = 0.040  adjusted loss = 0.040  adv prob = 0.166667   acc = 0.981
  gold_label_random = 1, sentence2_has_negation = 1  [n = 263]:	loss = 0.121  exp loss = 0.058  adjusted loss = 0.058  adv prob = 0.166667   acc = 0.958
  gold_label_random = 2, sentence2_has_negation = 0  [n = 273]:	loss = 0.154  exp loss = 0.176  adjusted loss = 0.176  adv prob = 0.166667   acc = 0.956
  gold_label_random = 2, sentence2_has_negation = 1  [n = 272]:	loss = 0.162  exp loss = 0.080  adjusted loss = 0.080  adv prob = 0.166667   acc = 0.941
Average incurred loss: 0.093  
Average sample loss: 0.093  
Average acc: 0.973  
  gold_label_random = 0, sentence2_has_negation = 0  [n = 253]:	loss = 0.106  exp loss = 0.127  adjusted loss = 0.127  adv prob = 0.166667   acc = 0.960
  gold_label_random = 0, sentence2_has_negation = 1  [n = 265]:	loss = 0.051  exp loss = 0.048  adjusted loss = 0.048  adv prob = 0.166667   acc = 0.985
  gold_label_random = 1, sentence2_has_negation = 0  [n = 271]:	loss = 0.044  exp loss = 0.028  adjusted loss = 0.028  adv prob = 0.166667   acc = 0.989
  gold_label_random = 1, sentence2_has_negation = 1  [n = 251]:	loss = 0.062  exp loss = 0.100  adjusted loss = 0.100  adv prob = 0.166667   acc = 0.980
  gold_label_random = 2, sentence2_has_negation = 0  [n = 280]:	loss = 0.073  exp loss = 0.061  adjusted loss = 0.061  adv prob = 0.166667   acc = 0.982
  gold_label_random = 2, sentence2_has_negation = 1  [n = 280]:	loss = 0.215  exp loss = 0.211  adjusted loss = 0.211  adv prob = 0.166667   acc = 0.943
Average incurred loss: 0.122  
Average sample loss: 0.122  
Average acc: 0.961  
  gold_label_random = 0, sentence2_has_negation = 0  [n = 288]:	loss = 0.205  exp loss = 0.149  adjusted loss = 0.149  adv prob = 0.166667   acc = 0.924
  gold_label_random = 0, sentence2_has_negation = 1  [n = 255]:	loss = 0.020  exp loss = 0.021  adjusted loss = 0.021  adv prob = 0.166667   acc = 0.996
  gold_label_random = 1, sentence2_has_negation = 0  [n = 246]:	loss = 0.078  exp loss = 0.083  adjusted loss = 0.083  adv prob = 0.166667   acc = 0.984
  gold_label_random = 1, sentence2_has_negation = 1  [n = 261]:	loss = 0.100  exp loss = 0.078  adjusted loss = 0.078  adv prob = 0.166667   acc = 0.981
  gold_label_random = 2, sentence2_has_negation = 0  [n = 278]:	loss = 0.152  exp loss = 0.141  adjusted loss = 0.141  adv prob = 0.166667   acc = 0.946
  gold_label_random = 2, sentence2_has_negation = 1  [n = 272]:	loss = 0.160  exp loss = 0.221  adjusted loss = 0.221  adv prob = 0.166667   acc = 0.941
Average incurred loss: 0.111  
Average sample loss: 0.111  
Average acc: 0.964  
  gold_label_random = 0, sentence2_has_negation = 0  [n = 240]:	loss = 0.131  exp loss = 0.159  adjusted loss = 0.159  adv prob = 0.166667   acc = 0.954
  gold_label_random = 0, sentence2_has_negation = 1  [n = 248]:	loss = 0.082  exp loss = 0.152  adjusted loss = 0.152  adv prob = 0.166667   acc = 0.984
  gold_label_random = 1, sentence2_has_negation = 0  [n = 257]:	loss = 0.045  exp loss = 0.075  adjusted loss = 0.075  adv prob = 0.166667   acc = 0.988
  gold_label_random = 1, sentence2_has_negation = 1  [n = 269]:	loss = 0.111  exp loss = 0.093  adjusted loss = 0.093  adv prob = 0.166667   acc = 0.959
  gold_label_random = 2, sentence2_has_negation = 0  [n = 282]:	loss = 0.087  exp loss = 0.079  adjusted loss = 0.079  adv prob = 0.166667   acc = 0.972
  gold_label_random = 2, sentence2_has_negation = 1  [n = 304]:	loss = 0.199  exp loss = 0.283  adjusted loss = 0.283  adv prob = 0.166667   acc = 0.934
Average incurred loss: 0.110  
Average sample loss: 0.110  
Average acc: 0.967  
  gold_label_random = 0, sentence2_has_negation = 0  [n = 295]:	loss = 0.117  exp loss = 0.058  adjusted loss = 0.058  adv prob = 0.166667   acc = 0.959
  gold_label_random = 0, sentence2_has_negation = 1  [n = 247]:	loss = 0.039  exp loss = 0.039  adjusted loss = 0.039  adv prob = 0.166667   acc = 0.988
  gold_label_random = 1, sentence2_has_negation = 0  [n = 289]:	loss = 0.062  exp loss = 0.055  adjusted loss = 0.055  adv prob = 0.166667   acc = 0.986
  gold_label_random = 1, sentence2_has_negation = 1  [n = 259]:	loss = 0.133  exp loss = 0.074  adjusted loss = 0.074  adv prob = 0.166667   acc = 0.954
  gold_label_random = 2, sentence2_has_negation = 0  [n = 256]:	loss = 0.190  exp loss = 0.310  adjusted loss = 0.310  adv prob = 0.166667   acc = 0.941
  gold_label_random = 2, sentence2_has_negation = 1  [n = 254]:	loss = 0.120  exp loss = 0.089  adjusted loss = 0.089  adv prob = 0.166667   acc = 0.972
Average incurred loss: 0.101  
Average sample loss: 0.101  
Average acc: 0.966  
  gold_label_random = 0, sentence2_has_negation = 0  [n = 266]:	loss = 0.168  exp loss = 0.137  adjusted loss = 0.137  adv prob = 0.166667   acc = 0.940
  gold_label_random = 0, sentence2_has_negation = 1  [n = 277]:	loss = 0.034  exp loss = 0.037  adjusted loss = 0.037  adv prob = 0.166667   acc = 0.989
  gold_label_random = 1, sentence2_has_negation = 0  [n = 258]:	loss = 0.073  exp loss = 0.105  adjusted loss = 0.105  adv prob = 0.166667   acc = 0.981
  gold_label_random = 1, sentence2_has_negation = 1  [n = 257]:	loss = 0.097  exp loss = 0.158  adjusted loss = 0.158  adv prob = 0.166667   acc = 0.969
  gold_label_random = 2, sentence2_has_negation = 0  [n = 274]:	loss = 0.085  exp loss = 0.085  adjusted loss = 0.085  adv prob = 0.166667   acc = 0.967
  gold_label_random = 2, sentence2_has_negation = 1  [n = 268]:	loss = 0.153  exp loss = 0.124  adjusted loss = 0.124  adv prob = 0.166667   acc = 0.948
Average incurred loss: 0.127  
Average sample loss: 0.127  
Average acc: 0.959  
  gold_label_random = 0, sentence2_has_negation = 0  [n = 272]:	loss = 0.155  exp loss = 0.206  adjusted loss = 0.206  adv prob = 0.166667   acc = 0.952
  gold_label_random = 0, sentence2_has_negation = 1  [n = 264]:	loss = 0.051  exp loss = 0.022  adjusted loss = 0.022  adv prob = 0.166667   acc = 0.973
  gold_label_random = 1, sentence2_has_negation = 0  [n = 257]:	loss = 0.077  exp loss = 0.061  adjusted loss = 0.061  adv prob = 0.166667   acc = 0.981
  gold_label_random = 1, sentence2_has_negation = 1  [n = 274]:	loss = 0.111  exp loss = 0.148  adjusted loss = 0.148  adv prob = 0.166667   acc = 0.967
  gold_label_random = 2, sentence2_has_negation = 0  [n = 269]:	loss = 0.132  exp loss = 0.132  adjusted loss = 0.132  adv prob = 0.166667   acc = 0.955
  gold_label_random = 2, sentence2_has_negation = 1  [n = 264]:	loss = 0.236  exp loss = 0.323  adjusted loss = 0.323  adv prob = 0.166667   acc = 0.924
Average incurred loss: 0.093  
Average sample loss: 0.093  
Average acc: 0.970  
  gold_label_random = 0, sentence2_has_negation = 0  [n = 260]:	loss = 0.119  exp loss = 0.079  adjusted loss = 0.079  adv prob = 0.166667   acc = 0.969
  gold_label_random = 0, sentence2_has_negation = 1  [n = 289]:	loss = 0.032  exp loss = 0.017  adjusted loss = 0.017  adv prob = 0.166667   acc = 0.993
  gold_label_random = 1, sentence2_has_negation = 0  [n = 252]:	loss = 0.030  exp loss = 0.037  adjusted loss = 0.037  adv prob = 0.166667   acc = 0.988
  gold_label_random = 1, sentence2_has_negation = 1  [n = 248]:	loss = 0.150  exp loss = 0.184  adjusted loss = 0.184  adv prob = 0.166667   acc = 0.956
  gold_label_random = 2, sentence2_has_negation = 0  [n = 286]:	loss = 0.077  exp loss = 0.073  adjusted loss = 0.073  adv prob = 0.166667   acc = 0.972
  gold_label_random = 2, sentence2_has_negation = 1  [n = 265]:	loss = 0.159  exp loss = 0.272  adjusted loss = 0.272  adv prob = 0.166667   acc = 0.940
Average incurred loss: 0.111  
Average sample loss: 0.111  
Average acc: 0.966  
  gold_label_random = 0, sentence2_has_negation = 0  [n = 250]:	loss = 0.129  exp loss = 0.103  adjusted loss = 0.103  adv prob = 0.166667   acc = 0.960
  gold_label_random = 0, sentence2_has_negation = 1  [n = 268]:	loss = 0.040  exp loss = 0.077  adjusted loss = 0.077  adv prob = 0.166667   acc = 0.989
  gold_label_random = 1, sentence2_has_negation = 0  [n = 282]:	loss = 0.057  exp loss = 0.033  adjusted loss = 0.033  adv prob = 0.166667   acc = 0.982
  gold_label_random = 1, sentence2_has_negation = 1  [n = 237]:	loss = 0.114  exp loss = 0.106  adjusted loss = 0.106  adv prob = 0.166667   acc = 0.970
  gold_label_random = 2, sentence2_has_negation = 0  [n = 275]:	loss = 0.115  exp loss = 0.135  adjusted loss = 0.135  adv prob = 0.166667   acc = 0.975
  gold_label_random = 2, sentence2_has_negation = 1  [n = 288]:	loss = 0.206  exp loss = 0.130  adjusted loss = 0.130  adv prob = 0.166667   acc = 0.924
Average incurred loss: 0.119  
Average sample loss: 0.119  
Average acc: 0.964  
  gold_label_random = 0, sentence2_has_negation = 0  [n = 256]:	loss = 0.149  exp loss = 0.128  adjusted loss = 0.128  adv prob = 0.166667   acc = 0.953
  gold_label_random = 0, sentence2_has_negation = 1  [n = 251]:	loss = 0.036  exp loss = 0.057  adjusted loss = 0.057  adv prob = 0.166667   acc = 0.988
  gold_label_random = 1, sentence2_has_negation = 0  [n = 275]:	loss = 0.100  exp loss = 0.096  adjusted loss = 0.096  adv prob = 0.166667   acc = 0.971
  gold_label_random = 1, sentence2_has_negation = 1  [n = 272]:	loss = 0.104  exp loss = 0.120  adjusted loss = 0.120  adv prob = 0.166667   acc = 0.974
  gold_label_random = 2, sentence2_has_negation = 0  [n = 271]:	loss = 0.113  exp loss = 0.187  adjusted loss = 0.187  adv prob = 0.166667   acc = 0.956
  gold_label_random = 2, sentence2_has_negation = 1  [n = 275]:	loss = 0.208  exp loss = 0.172  adjusted loss = 0.172  adv prob = 0.166667   acc = 0.942
Average incurred loss: 0.105  
Average sample loss: 0.105  
Average acc: 0.969  
  gold_label_random = 0, sentence2_has_negation = 0  [n = 262]:	loss = 0.163  exp loss = 0.320  adjusted loss = 0.320  adv prob = 0.166667   acc = 0.950
  gold_label_random = 0, sentence2_has_negation = 1  [n = 264]:	loss = 0.051  exp loss = 0.050  adjusted loss = 0.050  adv prob = 0.166667   acc = 0.989
  gold_label_random = 1, sentence2_has_negation = 0  [n = 277]:	loss = 0.052  exp loss = 0.063  adjusted loss = 0.063  adv prob = 0.166667   acc = 0.993
  gold_label_random = 1, sentence2_has_negation = 1  [n = 291]:	loss = 0.088  exp loss = 0.087  adjusted loss = 0.087  adv prob = 0.166667   acc = 0.976
  gold_label_random = 2, sentence2_has_negation = 0  [n = 244]:	loss = 0.102  exp loss = 0.082  adjusted loss = 0.082  adv prob = 0.166667   acc = 0.967
  gold_label_random = 2, sentence2_has_negation = 1  [n = 262]:	loss = 0.180  exp loss = 0.205  adjusted loss = 0.205  adv prob = 0.166667   acc = 0.939
Average incurred loss: 0.118  
Average sample loss: 0.118  
Average acc: 0.959  
  gold_label_random = 0, sentence2_has_negation = 0  [n = 256]:	loss = 0.192  exp loss = 0.180  adjusted loss = 0.180  adv prob = 0.166667   acc = 0.934
  gold_label_random = 0, sentence2_has_negation = 1  [n = 243]:	loss = 0.046  exp loss = 0.046  adjusted loss = 0.046  adv prob = 0.166667   acc = 0.992
  gold_label_random = 1, sentence2_has_negation = 0  [n = 284]:	loss = 0.040  exp loss = 0.050  adjusted loss = 0.050  adv prob = 0.166667   acc = 0.986
  gold_label_random = 1, sentence2_has_negation = 1  [n = 285]:	loss = 0.132  exp loss = 0.113  adjusted loss = 0.113  adv prob = 0.166667   acc = 0.947
  gold_label_random = 2, sentence2_has_negation = 0  [n = 267]:	loss = 0.109  exp loss = 0.132  adjusted loss = 0.132  adv prob = 0.166667   acc = 0.966
  gold_label_random = 2, sentence2_has_negation = 1  [n = 265]:	loss = 0.190  exp loss = 0.159  adjusted loss = 0.159  adv prob = 0.166667   acc = 0.928
Average incurred loss: 0.106  
Average sample loss: 0.106  
Average acc: 0.966  
  gold_label_random = 0, sentence2_has_negation = 0  [n = 274]:	loss = 0.109  exp loss = 0.098  adjusted loss = 0.098  adv prob = 0.166667   acc = 0.967
  gold_label_random = 0, sentence2_has_negation = 1  [n = 248]:	loss = 0.036  exp loss = 0.022  adjusted loss = 0.022  adv prob = 0.166667   acc = 0.988
  gold_label_random = 1, sentence2_has_negation = 0  [n = 268]:	loss = 0.079  exp loss = 0.094  adjusted loss = 0.094  adv prob = 0.166667   acc = 0.978
  gold_label_random = 1, sentence2_has_negation = 1  [n = 265]:	loss = 0.103  exp loss = 0.059  adjusted loss = 0.059  adv prob = 0.166667   acc = 0.974
  gold_label_random = 2, sentence2_has_negation = 0  [n = 269]:	loss = 0.128  exp loss = 0.108  adjusted loss = 0.108  adv prob = 0.166667   acc = 0.959
  gold_label_random = 2, sentence2_has_negation = 1  [n = 276]:	loss = 0.175  exp loss = 0.208  adjusted loss = 0.208  adv prob = 0.166667   acc = 0.935
Average incurred loss: 0.116  
Average sample loss: 0.116  
Average acc: 0.966  
  gold_label_random = 0, sentence2_has_negation = 0  [n = 255]:	loss = 0.167  exp loss = 0.164  adjusted loss = 0.164  adv prob = 0.166667   acc = 0.949
  gold_label_random = 0, sentence2_has_negation = 1  [n = 275]:	loss = 0.026  exp loss = 0.016  adjusted loss = 0.016  adv prob = 0.166667   acc = 0.993
  gold_label_random = 1, sentence2_has_negation = 0  [n = 251]:	loss = 0.056  exp loss = 0.037  adjusted loss = 0.037  adv prob = 0.166667   acc = 0.992
  gold_label_random = 1, sentence2_has_negation = 1  [n = 274]:	loss = 0.096  exp loss = 0.169  adjusted loss = 0.169  adv prob = 0.166667   acc = 0.978
  gold_label_random = 2, sentence2_has_negation = 0  [n = 277]:	loss = 0.174  exp loss = 0.135  adjusted loss = 0.135  adv prob = 0.166667   acc = 0.942
  gold_label_random = 2, sentence2_has_negation = 1  [n = 268]:	loss = 0.176  exp loss = 0.205  adjusted loss = 0.205  adv prob = 0.166667   acc = 0.944
Average incurred loss: 0.091  
Average sample loss: 0.091  
Average acc: 0.975  
  gold_label_random = 0, sentence2_has_negation = 0  [n = 253]:	loss = 0.101  exp loss = 0.088  adjusted loss = 0.088  adv prob = 0.166667   acc = 0.964
  gold_label_random = 0, sentence2_has_negation = 1  [n = 266]:	loss = 0.051  exp loss = 0.032  adjusted loss = 0.032  adv prob = 0.166667   acc = 0.985
  gold_label_random = 1, sentence2_has_negation = 0  [n = 294]:	loss = 0.026  exp loss = 0.030  adjusted loss = 0.030  adv prob = 0.166667   acc = 1.000
  gold_label_random = 1, sentence2_has_negation = 1  [n = 264]:	loss = 0.083  exp loss = 0.064  adjusted loss = 0.064  adv prob = 0.166667   acc = 0.985
  gold_label_random = 2, sentence2_has_negation = 0  [n = 290]:	loss = 0.110  exp loss = 0.097  adjusted loss = 0.097  adv prob = 0.166667   acc = 0.972
  gold_label_random = 2, sentence2_has_negation = 1  [n = 233]:	loss = 0.193  exp loss = 0.128  adjusted loss = 0.128  adv prob = 0.166667   acc = 0.936
Average incurred loss: 0.096  
Average sample loss: 0.096  
Average acc: 0.971  
  gold_label_random = 0, sentence2_has_negation = 0  [n = 258]:	loss = 0.068  exp loss = 0.051  adjusted loss = 0.051  adv prob = 0.166667   acc = 0.981
  gold_label_random = 0, sentence2_has_negation = 1  [n = 297]:	loss = 0.046  exp loss = 0.054  adjusted loss = 0.054  adv prob = 0.166667   acc = 0.990
  gold_label_random = 1, sentence2_has_negation = 0  [n = 271]:	loss = 0.067  exp loss = 0.084  adjusted loss = 0.084  adv prob = 0.166667   acc = 0.978
  gold_label_random = 1, sentence2_has_negation = 1  [n = 261]:	loss = 0.099  exp loss = 0.074  adjusted loss = 0.074  adv prob = 0.166667   acc = 0.977
  gold_label_random = 2, sentence2_has_negation = 0  [n = 258]:	loss = 0.111  exp loss = 0.089  adjusted loss = 0.089  adv prob = 0.166667   acc = 0.961
  gold_label_random = 2, sentence2_has_negation = 1  [n = 255]:	loss = 0.192  exp loss = 0.169  adjusted loss = 0.169  adv prob = 0.166667   acc = 0.933
Average incurred loss: 0.142  
Average sample loss: 0.142  
Average acc: 0.959  
  gold_label_random = 0, sentence2_has_negation = 0  [n = 286]:	loss = 0.154  exp loss = 0.165  adjusted loss = 0.165  adv prob = 0.166667   acc = 0.958
  gold_label_random = 0, sentence2_has_negation = 1  [n = 236]:	loss = 0.051  exp loss = 0.082  adjusted loss = 0.082  adv prob = 0.166667   acc = 0.987
  gold_label_random = 1, sentence2_has_negation = 0  [n = 274]:	loss = 0.079  exp loss = 0.114  adjusted loss = 0.114  adv prob = 0.166667   acc = 0.964
  gold_label_random = 1, sentence2_has_negation = 1  [n = 279]:	loss = 0.199  exp loss = 0.236  adjusted loss = 0.236  adv prob = 0.166667   acc = 0.953
  gold_label_random = 2, sentence2_has_negation = 0  [n = 245]:	loss = 0.174  exp loss = 0.277  adjusted loss = 0.277  adv prob = 0.166667   acc = 0.955
  gold_label_random = 2, sentence2_has_negation = 1  [n = 280]:	loss = 0.183  exp loss = 0.258  adjusted loss = 0.258  adv prob = 0.166667   acc = 0.939
Average incurred loss: 0.114  
Average sample loss: 0.114  
Average acc: 0.965  
  gold_label_random = 0, sentence2_has_negation = 0  [n = 266]:	loss = 0.164  exp loss = 0.209  adjusted loss = 0.209  adv prob = 0.166667   acc = 0.944
  gold_label_random = 0, sentence2_has_negation = 1  [n = 287]:	loss = 0.050  exp loss = 0.025  adjusted loss = 0.025  adv prob = 0.166667   acc = 0.990
  gold_label_random = 1, sentence2_has_negation = 0  [n = 268]:	loss = 0.066  exp loss = 0.034  adjusted loss = 0.034  adv prob = 0.166667   acc = 0.985
  gold_label_random = 1, sentence2_has_negation = 1  [n = 258]:	loss = 0.081  exp loss = 0.127  adjusted loss = 0.127  adv prob = 0.166667   acc = 0.973
  gold_label_random = 2, sentence2_has_negation = 0  [n = 260]:	loss = 0.178  exp loss = 0.217  adjusted loss = 0.217  adv prob = 0.166667   acc = 0.946
  gold_label_random = 2, sentence2_has_negation = 1  [n = 261]:	loss = 0.152  exp loss = 0.164  adjusted loss = 0.164  adv prob = 0.166667   acc = 0.950
Average incurred loss: 0.139  
Average sample loss: 0.139  
Average acc: 0.961  
  gold_label_random = 0, sentence2_has_negation = 0  [n = 247]:	loss = 0.159  exp loss = 0.139  adjusted loss = 0.139  adv prob = 0.166667   acc = 0.943
  gold_label_random = 0, sentence2_has_negation = 1  [n = 274]:	loss = 0.057  exp loss = 0.035  adjusted loss = 0.035  adv prob = 0.166667   acc = 0.985
  gold_label_random = 1, sentence2_has_negation = 0  [n = 282]:	loss = 0.048  exp loss = 0.057  adjusted loss = 0.057  adv prob = 0.166667   acc = 0.989
  gold_label_random = 1, sentence2_has_negation = 1  [n = 275]:	loss = 0.159  exp loss = 0.149  adjusted loss = 0.149  adv prob = 0.166667   acc = 0.960
  gold_label_random = 2, sentence2_has_negation = 0  [n = 270]:	loss = 0.285  exp loss = 0.275  adjusted loss = 0.275  adv prob = 0.166667   acc = 0.922
  gold_label_random = 2, sentence2_has_negation = 1  [n = 252]:	loss = 0.136  exp loss = 0.112  adjusted loss = 0.112  adv prob = 0.166667   acc = 0.960
Average incurred loss: 0.129  
Average sample loss: 0.129  
Average acc: 0.959  
  gold_label_random = 0, sentence2_has_negation = 0  [n = 289]:	loss = 0.162  exp loss = 0.184  adjusted loss = 0.184  adv prob = 0.166667   acc = 0.958
  gold_label_random = 0, sentence2_has_negation = 1  [n = 276]:	loss = 0.075  exp loss = 0.125  adjusted loss = 0.125  adv prob = 0.166667   acc = 0.978
  gold_label_random = 1, sentence2_has_negation = 0  [n = 268]:	loss = 0.055  exp loss = 0.073  adjusted loss = 0.073  adv prob = 0.166667   acc = 0.978
  gold_label_random = 1, sentence2_has_negation = 1  [n = 270]:	loss = 0.146  exp loss = 0.097  adjusted loss = 0.097  adv prob = 0.166667   acc = 0.948
  gold_label_random = 2, sentence2_has_negation = 0  [n = 269]:	loss = 0.087  exp loss = 0.158  adjusted loss = 0.158  adv prob = 0.166667   acc = 0.978
  gold_label_random = 2, sentence2_has_negation = 1  [n = 228]:	loss = 0.272  exp loss = 0.266  adjusted loss = 0.266  adv prob = 0.166667   acc = 0.908
Average incurred loss: 0.091  
Average sample loss: 0.091  
Average acc: 0.974  
  gold_label_random = 0, sentence2_has_negation = 0  [n = 278]:	loss = 0.080  exp loss = 0.124  adjusted loss = 0.124  adv prob = 0.166667   acc = 0.982
  gold_label_random = 0, sentence2_has_negation = 1  [n = 256]:	loss = 0.030  exp loss = 0.034  adjusted loss = 0.034  adv prob = 0.166667   acc = 0.992
  gold_label_random = 1, sentence2_has_negation = 0  [n = 258]:	loss = 0.057  exp loss = 0.079  adjusted loss = 0.079  adv prob = 0.166667   acc = 0.977
  gold_label_random = 1, sentence2_has_negation = 1  [n = 247]:	loss = 0.071  exp loss = 0.068  adjusted loss = 0.068  adv prob = 0.166667   acc = 0.988
  gold_label_random = 2, sentence2_has_negation = 0  [n = 271]:	loss = 0.093  exp loss = 0.110  adjusted loss = 0.110  adv prob = 0.166667   acc = 0.967
  gold_label_random = 2, sentence2_has_negation = 1  [n = 290]:	loss = 0.203  exp loss = 0.293  adjusted loss = 0.293  adv prob = 0.166667   acc = 0.941
Average incurred loss: 0.094  
Average sample loss: 0.094  
Average acc: 0.971  
  gold_label_random = 0, sentence2_has_negation = 0  [n = 261]:	loss = 0.098  exp loss = 0.069  adjusted loss = 0.069  adv prob = 0.166667   acc = 0.973
  gold_label_random = 0, sentence2_has_negation = 1  [n = 265]:	loss = 0.034  exp loss = 0.027  adjusted loss = 0.027  adv prob = 0.166667   acc = 0.996
  gold_label_random = 1, sentence2_has_negation = 0  [n = 245]:	loss = 0.036  exp loss = 0.033  adjusted loss = 0.033  adv prob = 0.166667   acc = 0.992
  gold_label_random = 1, sentence2_has_negation = 1  [n = 247]:	loss = 0.082  exp loss = 0.068  adjusted loss = 0.068  adv prob = 0.166667   acc = 0.972
  gold_label_random = 2, sentence2_has_negation = 0  [n = 316]:	loss = 0.126  exp loss = 0.184  adjusted loss = 0.184  adv prob = 0.166667   acc = 0.949
  gold_label_random = 2, sentence2_has_negation = 1  [n = 266]:	loss = 0.178  exp loss = 0.214  adjusted loss = 0.214  adv prob = 0.166667   acc = 0.951
Average incurred loss: 0.125  
Average sample loss: 0.125  
Average acc: 0.957  
  gold_label_random = 0, sentence2_has_negation = 0  [n = 243]:	loss = 0.210  exp loss = 0.248  adjusted loss = 0.248  adv prob = 0.166667   acc = 0.914
  gold_label_random = 0, sentence2_has_negation = 1  [n = 265]:	loss = 0.037  exp loss = 0.036  adjusted loss = 0.036  adv prob = 0.166667   acc = 0.985
  gold_label_random = 1, sentence2_has_negation = 0  [n = 270]:	loss = 0.078  exp loss = 0.059  adjusted loss = 0.059  adv prob = 0.166667   acc = 0.974
  gold_label_random = 1, sentence2_has_negation = 1  [n = 275]:	loss = 0.120  exp loss = 0.106  adjusted loss = 0.106  adv prob = 0.166667   acc = 0.971
  gold_label_random = 2, sentence2_has_negation = 0  [n = 277]:	loss = 0.078  exp loss = 0.064  adjusted loss = 0.064  adv prob = 0.166667   acc = 0.971
  gold_label_random = 2, sentence2_has_negation = 1  [n = 270]:	loss = 0.235  exp loss = 0.153  adjusted loss = 0.153  adv prob = 0.166667   acc = 0.926
Average incurred loss: 0.126  
Average sample loss: 0.126  
Average acc: 0.959  
  gold_label_random = 0, sentence2_has_negation = 0  [n = 236]:	loss = 0.092  exp loss = 0.062  adjusted loss = 0.062  adv prob = 0.166667   acc = 0.970
  gold_label_random = 0, sentence2_has_negation = 1  [n = 270]:	loss = 0.032  exp loss = 0.024  adjusted loss = 0.024  adv prob = 0.166667   acc = 0.993
  gold_label_random = 1, sentence2_has_negation = 0  [n = 277]:	loss = 0.083  exp loss = 0.081  adjusted loss = 0.081  adv prob = 0.166667   acc = 0.982
  gold_label_random = 1, sentence2_has_negation = 1  [n = 256]:	loss = 0.164  exp loss = 0.161  adjusted loss = 0.161  adv prob = 0.166667   acc = 0.949
  gold_label_random = 2, sentence2_has_negation = 0  [n = 295]:	loss = 0.129  exp loss = 0.207  adjusted loss = 0.207  adv prob = 0.166667   acc = 0.949
  gold_label_random = 2, sentence2_has_negation = 1  [n = 266]:	loss = 0.254  exp loss = 0.268  adjusted loss = 0.268  adv prob = 0.166667   acc = 0.910
Average incurred loss: 0.108  
Average sample loss: 0.108  
Average acc: 0.966  
  gold_label_random = 0, sentence2_has_negation = 0  [n = 287]:	loss = 0.151  exp loss = 0.133  adjusted loss = 0.133  adv prob = 0.166667   acc = 0.965
  gold_label_random = 0, sentence2_has_negation = 1  [n = 244]:	loss = 0.052  exp loss = 0.038  adjusted loss = 0.038  adv prob = 0.166667   acc = 0.980
  gold_label_random = 1, sentence2_has_negation = 0  [n = 274]:	loss = 0.056  exp loss = 0.049  adjusted loss = 0.049  adv prob = 0.166667   acc = 0.985
  gold_label_random = 1, sentence2_has_negation = 1  [n = 254]:	loss = 0.077  exp loss = 0.096  adjusted loss = 0.096  adv prob = 0.166667   acc = 0.972
  gold_label_random = 2, sentence2_has_negation = 0  [n = 277]:	loss = 0.113  exp loss = 0.136  adjusted loss = 0.136  adv prob = 0.166667   acc = 0.960
  gold_label_random = 2, sentence2_has_negation = 1  [n = 264]:	loss = 0.188  exp loss = 0.140  adjusted loss = 0.140  adv prob = 0.166667   acc = 0.932
Average incurred loss: 0.095  
Average sample loss: 0.095  
Average acc: 0.968  
  gold_label_random = 0, sentence2_has_negation = 0  [n = 262]:	loss = 0.147  exp loss = 0.138  adjusted loss = 0.138  adv prob = 0.166667   acc = 0.943
  gold_label_random = 0, sentence2_has_negation = 1  [n = 268]:	loss = 0.039  exp loss = 0.036  adjusted loss = 0.036  adv prob = 0.166667   acc = 0.989
  gold_label_random = 1, sentence2_has_negation = 0  [n = 276]:	loss = 0.071  exp loss = 0.087  adjusted loss = 0.087  adv prob = 0.166667   acc = 0.971
  gold_label_random = 1, sentence2_has_negation = 1  [n = 235]:	loss = 0.083  exp loss = 0.048  adjusted loss = 0.048  adv prob = 0.166667   acc = 0.979
  gold_label_random = 2, sentence2_has_negation = 0  [n = 279]:	loss = 0.097  exp loss = 0.162  adjusted loss = 0.162  adv prob = 0.166667   acc = 0.968
  gold_label_random = 2, sentence2_has_negation = 1  [n = 280]:	loss = 0.129  exp loss = 0.116  adjusted loss = 0.116  adv prob = 0.166667   acc = 0.961
Average incurred loss: 0.124  
Average sample loss: 0.124  
Average acc: 0.961  
  gold_label_random = 0, sentence2_has_negation = 0  [n = 254]:	loss = 0.153  exp loss = 0.127  adjusted loss = 0.127  adv prob = 0.166667   acc = 0.945
  gold_label_random = 0, sentence2_has_negation = 1  [n = 281]:	loss = 0.062  exp loss = 0.047  adjusted loss = 0.047  adv prob = 0.166667   acc = 0.982
  gold_label_random = 1, sentence2_has_negation = 0  [n = 280]:	loss = 0.057  exp loss = 0.069  adjusted loss = 0.069  adv prob = 0.166667   acc = 0.986
  gold_label_random = 1, sentence2_has_negation = 1  [n = 279]:	loss = 0.131  exp loss = 0.081  adjusted loss = 0.081  adv prob = 0.166667   acc = 0.964
  gold_label_random = 2, sentence2_has_negation = 0  [n = 238]:	loss = 0.114  exp loss = 0.139  adjusted loss = 0.139  adv prob = 0.166667   acc = 0.966
  gold_label_random = 2, sentence2_has_negation = 1  [n = 268]:	loss = 0.233  exp loss = 0.340  adjusted loss = 0.340  adv prob = 0.166667   acc = 0.922
Average incurred loss: 0.119  
Average sample loss: 0.119  
Average acc: 0.962  
  gold_label_random = 0, sentence2_has_negation = 0  [n = 271]:	loss = 0.150  exp loss = 0.103  adjusted loss = 0.103  adv prob = 0.166667   acc = 0.952
  gold_label_random = 0, sentence2_has_negation = 1  [n = 274]:	loss = 0.045  exp loss = 0.041  adjusted loss = 0.041  adv prob = 0.166667   acc = 0.982
  gold_label_random = 1, sentence2_has_negation = 0  [n = 269]:	loss = 0.051  exp loss = 0.092  adjusted loss = 0.092  adv prob = 0.166667   acc = 0.985
  gold_label_random = 1, sentence2_has_negation = 1  [n = 253]:	loss = 0.122  exp loss = 0.074  adjusted loss = 0.074  adv prob = 0.166667   acc = 0.968
  gold_label_random = 2, sentence2_has_negation = 0  [n = 265]:	loss = 0.082  exp loss = 0.051  adjusted loss = 0.051  adv prob = 0.166667   acc = 0.970
  gold_label_random = 2, sentence2_has_negation = 1  [n = 268]:	loss = 0.265  exp loss = 0.316  adjusted loss = 0.316  adv prob = 0.166667   acc = 0.914
Average incurred loss: 0.111  
Average sample loss: 0.111  
Average acc: 0.968  
  gold_label_random = 0, sentence2_has_negation = 0  [n = 242]:	loss = 0.144  exp loss = 0.075  adjusted loss = 0.075  adv prob = 0.166667   acc = 0.959
  gold_label_random = 0, sentence2_has_negation = 1  [n = 278]:	loss = 0.027  exp loss = 0.020  adjusted loss = 0.020  adv prob = 0.166667   acc = 0.996
  gold_label_random = 1, sentence2_has_negation = 0  [n = 270]:	loss = 0.098  exp loss = 0.035  adjusted loss = 0.035  adv prob = 0.166667   acc = 0.970
  gold_label_random = 1, sentence2_has_negation = 1  [n = 288]:	loss = 0.096  exp loss = 0.166  adjusted loss = 0.166  adv prob = 0.166667   acc = 0.976
  gold_label_random = 2, sentence2_has_negation = 0  [n = 262]:	loss = 0.134  exp loss = 0.060  adjusted loss = 0.060  adv prob = 0.166667   acc = 0.954
  gold_label_random = 2, sentence2_has_negation = 1  [n = 260]:	loss = 0.178  exp loss = 0.339  adjusted loss = 0.339  adv prob = 0.166667   acc = 0.950
Average incurred loss: 0.140  
Average sample loss: 0.140  
Average acc: 0.958  
  gold_label_random = 0, sentence2_has_negation = 0  [n = 274]:	loss = 0.115  exp loss = 0.117  adjusted loss = 0.117  adv prob = 0.166667   acc = 0.956
  gold_label_random = 0, sentence2_has_negation = 1  [n = 256]:	loss = 0.076  exp loss = 0.041  adjusted loss = 0.041  adv prob = 0.166667   acc = 0.984
  gold_label_random = 1, sentence2_has_negation = 0  [n = 258]:	loss = 0.097  exp loss = 0.081  adjusted loss = 0.081  adv prob = 0.166667   acc = 0.977
  gold_label_random = 1, sentence2_has_negation = 1  [n = 279]:	loss = 0.154  exp loss = 0.164  adjusted loss = 0.164  adv prob = 0.166667   acc = 0.961
  gold_label_random = 2, sentence2_has_negation = 0  [n = 241]:	loss = 0.196  exp loss = 0.229  adjusted loss = 0.229  adv prob = 0.166667   acc = 0.942
  gold_label_random = 2, sentence2_has_negation = 1  [n = 292]:	loss = 0.196  exp loss = 0.228  adjusted loss = 0.228  adv prob = 0.166667   acc = 0.932
Average incurred loss: 0.094  
Average sample loss: 0.094  
Average acc: 0.971  
  gold_label_random = 0, sentence2_has_negation = 0  [n = 269]:	loss = 0.110  exp loss = 0.075  adjusted loss = 0.075  adv prob = 0.166667   acc = 0.963
  gold_label_random = 0, sentence2_has_negation = 1  [n = 230]:	loss = 0.050  exp loss = 0.075  adjusted loss = 0.075  adv prob = 0.166667   acc = 0.978
  gold_label_random = 1, sentence2_has_negation = 0  [n = 287]:	loss = 0.045  exp loss = 0.049  adjusted loss = 0.049  adv prob = 0.166667   acc = 0.993
  gold_label_random = 1, sentence2_has_negation = 1  [n = 266]:	loss = 0.069  exp loss = 0.098  adjusted loss = 0.098  adv prob = 0.166667   acc = 0.985
  gold_label_random = 2, sentence2_has_negation = 0  [n = 277]:	loss = 0.120  exp loss = 0.276  adjusted loss = 0.276  adv prob = 0.166667   acc = 0.964
  gold_label_random = 2, sentence2_has_negation = 1  [n = 271]:	loss = 0.165  exp loss = 0.160  adjusted loss = 0.160  adv prob = 0.166667   acc = 0.945
Average incurred loss: 0.113  
Average sample loss: 0.113  
Average acc: 0.963  
  gold_label_random = 0, sentence2_has_negation = 0  [n = 282]:	loss = 0.171  exp loss = 0.128  adjusted loss = 0.128  adv prob = 0.166667   acc = 0.936
  gold_label_random = 0, sentence2_has_negation = 1  [n = 274]:	loss = 0.038  exp loss = 0.036  adjusted loss = 0.036  adv prob = 0.166667   acc = 0.982
  gold_label_random = 1, sentence2_has_negation = 0  [n = 266]:	loss = 0.078  exp loss = 0.124  adjusted loss = 0.124  adv prob = 0.166667   acc = 0.981
  gold_label_random = 1, sentence2_has_negation = 1  [n = 257]:	loss = 0.080  exp loss = 0.047  adjusted loss = 0.047  adv prob = 0.166667   acc = 0.984
  gold_label_random = 2, sentence2_has_negation = 0  [n = 239]:	loss = 0.124  exp loss = 0.085  adjusted loss = 0.085  adv prob = 0.166667   acc = 0.962
  gold_label_random = 2, sentence2_has_negation = 1  [n = 282]:	loss = 0.180  exp loss = 0.169  adjusted loss = 0.169  adv prob = 0.166667   acc = 0.933
Average incurred loss: 0.122  
Average sample loss: 0.122  
Average acc: 0.957  
  gold_label_random = 0, sentence2_has_negation = 0  [n = 271]:	loss = 0.170  exp loss = 0.155  adjusted loss = 0.155  adv prob = 0.166667   acc = 0.945
  gold_label_random = 0, sentence2_has_negation = 1  [n = 234]:	loss = 0.063  exp loss = 0.078  adjusted loss = 0.078  adv prob = 0.166667   acc = 0.979
  gold_label_random = 1, sentence2_has_negation = 0  [n = 278]:	loss = 0.049  exp loss = 0.056  adjusted loss = 0.056  adv prob = 0.166667   acc = 0.986
  gold_label_random = 1, sentence2_has_negation = 1  [n = 261]:	loss = 0.099  exp loss = 0.108  adjusted loss = 0.108  adv prob = 0.166667   acc = 0.958
  gold_label_random = 2, sentence2_has_negation = 0  [n = 284]:	loss = 0.179  exp loss = 0.130  adjusted loss = 0.130  adv prob = 0.166667   acc = 0.933
  gold_label_random = 2, sentence2_has_negation = 1  [n = 272]:	loss = 0.163  exp loss = 0.220  adjusted loss = 0.220  adv prob = 0.166667   acc = 0.945
Average incurred loss: 0.133  
Average sample loss: 0.133  
Average acc: 0.958  
  gold_label_random = 0, sentence2_has_negation = 0  [n = 268]:	loss = 0.158  exp loss = 0.102  adjusted loss = 0.102  adv prob = 0.166667   acc = 0.951
  gold_label_random = 0, sentence2_has_negation = 1  [n = 280]:	loss = 0.065  exp loss = 0.081  adjusted loss = 0.081  adv prob = 0.166667   acc = 0.982
  gold_label_random = 1, sentence2_has_negation = 0  [n = 259]:	loss = 0.059  exp loss = 0.068  adjusted loss = 0.068  adv prob = 0.166667   acc = 0.981
  gold_label_random = 1, sentence2_has_negation = 1  [n = 282]:	loss = 0.139  exp loss = 0.071  adjusted loss = 0.071  adv prob = 0.166667   acc = 0.954
  gold_label_random = 2, sentence2_has_negation = 0  [n = 269]:	loss = 0.120  exp loss = 0.164  adjusted loss = 0.164  adv prob = 0.166667   acc = 0.955
  gold_label_random = 2, sentence2_has_negation = 1  [n = 242]:	loss = 0.271  exp loss = 0.459  adjusted loss = 0.459  adv prob = 0.166667   acc = 0.917
Average incurred loss: 0.128  
Average sample loss: 0.128  
Average acc: 0.961  
  gold_label_random = 0, sentence2_has_negation = 0  [n = 269]:	loss = 0.115  exp loss = 0.077  adjusted loss = 0.077  adv prob = 0.166667   acc = 0.955
  gold_label_random = 0, sentence2_has_negation = 1  [n = 263]:	loss = 0.057  exp loss = 0.044  adjusted loss = 0.044  adv prob = 0.166667   acc = 0.985
  gold_label_random = 1, sentence2_has_negation = 0  [n = 304]:	loss = 0.062  exp loss = 0.100  adjusted loss = 0.100  adv prob = 0.166667   acc = 0.987
  gold_label_random = 1, sentence2_has_negation = 1  [n = 258]:	loss = 0.140  exp loss = 0.200  adjusted loss = 0.200  adv prob = 0.166667   acc = 0.969
  gold_label_random = 2, sentence2_has_negation = 0  [n = 249]:	loss = 0.149  exp loss = 0.184  adjusted loss = 0.184  adv prob = 0.166667   acc = 0.952
  gold_label_random = 2, sentence2_has_negation = 1  [n = 257]:	loss = 0.262  exp loss = 0.299  adjusted loss = 0.299  adv prob = 0.166667   acc = 0.914
Average incurred loss: 0.118  
Average sample loss: 0.118  
Average acc: 0.964  
  gold_label_random = 0, sentence2_has_negation = 0  [n = 286]:	loss = 0.166  exp loss = 0.112  adjusted loss = 0.112  adv prob = 0.166667   acc = 0.951
  gold_label_random = 0, sentence2_has_negation = 1  [n = 266]:	loss = 0.049  exp loss = 0.058  adjusted loss = 0.058  adv prob = 0.166667   acc = 0.981
  gold_label_random = 1, sentence2_has_negation = 0  [n = 274]:	loss = 0.065  exp loss = 0.029  adjusted loss = 0.029  adv prob = 0.166667   acc = 0.982
  gold_label_random = 1, sentence2_has_negation = 1  [n = 264]:	loss = 0.133  exp loss = 0.151  adjusted loss = 0.151  adv prob = 0.166667   acc = 0.962
  gold_label_random = 2, sentence2_has_negation = 0  [n = 253]:	loss = 0.122  exp loss = 0.092  adjusted loss = 0.092  adv prob = 0.166667   acc = 0.960
  gold_label_random = 2, sentence2_has_negation = 1  [n = 257]:	loss = 0.171  exp loss = 0.253  adjusted loss = 0.253  adv prob = 0.166667   acc = 0.949
Average incurred loss: 0.094  
Average sample loss: 0.094  
Average acc: 0.968  
  gold_label_random = 0, sentence2_has_negation = 0  [n = 267]:	loss = 0.089  exp loss = 0.082  adjusted loss = 0.082  adv prob = 0.166667   acc = 0.970
  gold_label_random = 0, sentence2_has_negation = 1  [n = 266]:	loss = 0.030  exp loss = 0.036  adjusted loss = 0.036  adv prob = 0.166667   acc = 0.992
  gold_label_random = 1, sentence2_has_negation = 0  [n = 292]:	loss = 0.074  exp loss = 0.053  adjusted loss = 0.053  adv prob = 0.166667   acc = 0.973
  gold_label_random = 1, sentence2_has_negation = 1  [n = 276]:	loss = 0.136  exp loss = 0.097  adjusted loss = 0.097  adv prob = 0.166667   acc = 0.957
  gold_label_random = 2, sentence2_has_negation = 0  [n = 261]:	loss = 0.069  exp loss = 0.026  adjusted loss = 0.026  adv prob = 0.166667   acc = 0.977
  gold_label_random = 2, sentence2_has_negation = 1  [n = 238]:	loss = 0.172  exp loss = 0.142  adjusted loss = 0.142  adv prob = 0.166667   acc = 0.933
Average incurred loss: 0.114  
Average sample loss: 0.114  
Average acc: 0.956  
  gold_label_random = 0, sentence2_has_negation = 0  [n = 270]:	loss = 0.083  exp loss = 0.071  adjusted loss = 0.071  adv prob = 0.166667   acc = 0.959
  gold_label_random = 0, sentence2_has_negation = 1  [n = 248]:	loss = 0.026  exp loss = 0.026  adjusted loss = 0.026  adv prob = 0.166667   acc = 0.988
  gold_label_random = 1, sentence2_has_negation = 0  [n = 278]:	loss = 0.077  exp loss = 0.084  adjusted loss = 0.084  adv prob = 0.166667   acc = 0.971
  gold_label_random = 1, sentence2_has_negation = 1  [n = 267]:	loss = 0.116  exp loss = 0.278  adjusted loss = 0.278  adv prob = 0.166667   acc = 0.963
  gold_label_random = 2, sentence2_has_negation = 0  [n = 272]:	loss = 0.116  exp loss = 0.102  adjusted loss = 0.102  adv prob = 0.166667   acc = 0.956
  gold_label_random = 2, sentence2_has_negation = 1  [n = 265]:	loss = 0.264  exp loss = 0.331  adjusted loss = 0.331  adv prob = 0.166667   acc = 0.898
Average incurred loss: 0.101  
Average sample loss: 0.101  
Average acc: 0.967  
  gold_label_random = 0, sentence2_has_negation = 0  [n = 267]:	loss = 0.066  exp loss = 0.059  adjusted loss = 0.059  adv prob = 0.166667   acc = 0.981
  gold_label_random = 0, sentence2_has_negation = 1  [n = 270]:	loss = 0.033  exp loss = 0.017  adjusted loss = 0.017  adv prob = 0.166667   acc = 0.989
  gold_label_random = 1, sentence2_has_negation = 0  [n = 252]:	loss = 0.042  exp loss = 0.049  adjusted loss = 0.049  adv prob = 0.166667   acc = 0.984
  gold_label_random = 1, sentence2_has_negation = 1  [n = 269]:	loss = 0.120  exp loss = 0.157  adjusted loss = 0.157  adv prob = 0.166667   acc = 0.967
  gold_label_random = 2, sentence2_has_negation = 0  [n = 255]:	loss = 0.079  exp loss = 0.165  adjusted loss = 0.165  adv prob = 0.166667   acc = 0.973
  gold_label_random = 2, sentence2_has_negation = 1  [n = 287]:	loss = 0.251  exp loss = 0.236  adjusted loss = 0.236  adv prob = 0.166667   acc = 0.916
Average incurred loss: 0.089  
Average sample loss: 0.089  
Average acc: 0.973  
  gold_label_random = 0, sentence2_has_negation = 0  [n = 279]:	loss = 0.159  exp loss = 0.178  adjusted loss = 0.178  adv prob = 0.166667   acc = 0.950
  gold_label_random = 0, sentence2_has_negation = 1  [n = 265]:	loss = 0.035  exp loss = 0.068  adjusted loss = 0.068  adv prob = 0.166667   acc = 0.996
  gold_label_random = 1, sentence2_has_negation = 0  [n = 280]:	loss = 0.042  exp loss = 0.029  adjusted loss = 0.029  adv prob = 0.166667   acc = 1.000
  gold_label_random = 1, sentence2_has_negation = 1  [n = 275]:	loss = 0.083  exp loss = 0.112  adjusted loss = 0.112  adv prob = 0.166667   acc = 0.964
  gold_label_random = 2, sentence2_has_negation = 0  [n = 244]:	loss = 0.114  exp loss = 0.080  adjusted loss = 0.080  adv prob = 0.166667   acc = 0.951
  gold_label_random = 2, sentence2_has_negation = 1  [n = 257]:	loss = 0.104  exp loss = 0.303  adjusted loss = 0.303  adv prob = 0.166667   acc = 0.973
Average incurred loss: 0.125  
Average sample loss: 0.125  
Average acc: 0.957  
  gold_label_random = 0, sentence2_has_negation = 0  [n = 254]:	loss = 0.153  exp loss = 0.097  adjusted loss = 0.097  adv prob = 0.166667   acc = 0.949
  gold_label_random = 0, sentence2_has_negation = 1  [n = 282]:	loss = 0.056  exp loss = 0.049  adjusted loss = 0.049  adv prob = 0.166667   acc = 0.986
  gold_label_random = 1, sentence2_has_negation = 0  [n = 269]:	loss = 0.115  exp loss = 0.130  adjusted loss = 0.130  adv prob = 0.166667   acc = 0.959
  gold_label_random = 1, sentence2_has_negation = 1  [n = 281]:	loss = 0.110  exp loss = 0.113  adjusted loss = 0.113  adv prob = 0.166667   acc = 0.975
  gold_label_random = 2, sentence2_has_negation = 0  [n = 256]:	loss = 0.129  exp loss = 0.201  adjusted loss = 0.201  adv prob = 0.166667   acc = 0.949
  gold_label_random = 2, sentence2_has_negation = 1  [n = 258]:	loss = 0.194  exp loss = 0.192  adjusted loss = 0.192  adv prob = 0.166667   acc = 0.922
Average incurred loss: 0.105  
Average sample loss: 0.105  
Average acc: 0.964  
  gold_label_random = 0, sentence2_has_negation = 0  [n = 258]:	loss = 0.109  exp loss = 0.070  adjusted loss = 0.070  adv prob = 0.166667   acc = 0.957
  gold_label_random = 0, sentence2_has_negation = 1  [n = 251]:	loss = 0.061  exp loss = 0.061  adjusted loss = 0.061  adv prob = 0.166667   acc = 0.976
  gold_label_random = 1, sentence2_has_negation = 0  [n = 261]:	loss = 0.052  exp loss = 0.050  adjusted loss = 0.050  adv prob = 0.166667   acc = 0.981
  gold_label_random = 1, sentence2_has_negation = 1  [n = 277]:	loss = 0.097  exp loss = 0.111  adjusted loss = 0.111  adv prob = 0.166667   acc = 0.975
  gold_label_random = 2, sentence2_has_negation = 0  [n = 280]:	loss = 0.105  exp loss = 0.085  adjusted loss = 0.085  adv prob = 0.166667   acc = 0.968
  gold_label_random = 2, sentence2_has_negation = 1  [n = 273]:	loss = 0.202  exp loss = 0.184  adjusted loss = 0.184  adv prob = 0.166667   acc = 0.930
Average incurred loss: 0.115  
Average sample loss: 0.115  
Average acc: 0.959  
  gold_label_random = 0, sentence2_has_negation = 0  [n = 275]:	loss = 0.094  exp loss = 0.067  adjusted loss = 0.067  adv prob = 0.166667   acc = 0.971
  gold_label_random = 0, sentence2_has_negation = 1  [n = 245]:	loss = 0.031  exp loss = 0.052  adjusted loss = 0.052  adv prob = 0.166667   acc = 0.992
  gold_label_random = 1, sentence2_has_negation = 0  [n = 273]:	loss = 0.082  exp loss = 0.107  adjusted loss = 0.107  adv prob = 0.166667   acc = 0.974
  gold_label_random = 1, sentence2_has_negation = 1  [n = 274]:	loss = 0.097  exp loss = 0.133  adjusted loss = 0.133  adv prob = 0.166667   acc = 0.964
  gold_label_random = 2, sentence2_has_negation = 0  [n = 272]:	loss = 0.105  exp loss = 0.132  adjusted loss = 0.132  adv prob = 0.166667   acc = 0.952
  gold_label_random = 2, sentence2_has_negation = 1  [n = 261]:	loss = 0.281  exp loss = 0.291  adjusted loss = 0.291  adv prob = 0.166667   acc = 0.900
Average incurred loss: 0.124  
Average sample loss: 0.124  
Average acc: 0.961  
  gold_label_random = 0, sentence2_has_negation = 0  [n = 257]:	loss = 0.091  exp loss = 0.056  adjusted loss = 0.056  adv prob = 0.166667   acc = 0.973
  gold_label_random = 0, sentence2_has_negation = 1  [n = 242]:	loss = 0.062  exp loss = 0.036  adjusted loss = 0.036  adv prob = 0.166667   acc = 0.975
  gold_label_random = 1, sentence2_has_negation = 0  [n = 266]:	loss = 0.061  exp loss = 0.197  adjusted loss = 0.197  adv prob = 0.166667   acc = 0.985
  gold_label_random = 1, sentence2_has_negation = 1  [n = 275]:	loss = 0.154  exp loss = 0.211  adjusted loss = 0.211  adv prob = 0.166667   acc = 0.956
  gold_label_random = 2, sentence2_has_negation = 0  [n = 290]:	loss = 0.173  exp loss = 0.230  adjusted loss = 0.230  adv prob = 0.166667   acc = 0.945
  gold_label_random = 2, sentence2_has_negation = 1  [n = 270]:	loss = 0.187  exp loss = 0.331  adjusted loss = 0.331  adv prob = 0.166667   acc = 0.933
Average incurred loss: 0.119  
Average sample loss: 0.119  
Average acc: 0.962  
  gold_label_random = 0, sentence2_has_negation = 0  [n = 266]:	loss = 0.113  exp loss = 0.175  adjusted loss = 0.175  adv prob = 0.166667   acc = 0.966
  gold_label_random = 0, sentence2_has_negation = 1  [n = 279]:	loss = 0.053  exp loss = 0.036  adjusted loss = 0.036  adv prob = 0.166667   acc = 0.986
  gold_label_random = 1, sentence2_has_negation = 0  [n = 285]:	loss = 0.074  exp loss = 0.091  adjusted loss = 0.091  adv prob = 0.166667   acc = 0.986
  gold_label_random = 1, sentence2_has_negation = 1  [n = 286]:	loss = 0.188  exp loss = 0.155  adjusted loss = 0.155  adv prob = 0.166667   acc = 0.951
  gold_label_random = 2, sentence2_has_negation = 0  [n = 222]:	loss = 0.069  exp loss = 0.067  adjusted loss = 0.067  adv prob = 0.166667   acc = 0.968
  gold_label_random = 2, sentence2_has_negation = 1  [n = 262]:	loss = 0.214  exp loss = 0.218  adjusted loss = 0.218  adv prob = 0.166667   acc = 0.916
Average incurred loss: 0.109  
Average sample loss: 0.109  
Average acc: 0.966  
  gold_label_random = 0, sentence2_has_negation = 0  [n = 298]:	loss = 0.165  exp loss = 0.176  adjusted loss = 0.176  adv prob = 0.166667   acc = 0.940
  gold_label_random = 0, sentence2_has_negation = 1  [n = 247]:	loss = 0.048  exp loss = 0.050  adjusted loss = 0.050  adv prob = 0.166667   acc = 0.980
  gold_label_random = 1, sentence2_has_negation = 0  [n = 236]:	loss = 0.045  exp loss = 0.041  adjusted loss = 0.041  adv prob = 0.166667   acc = 0.992
  gold_label_random = 1, sentence2_has_negation = 1  [n = 284]:	loss = 0.084  exp loss = 0.102  adjusted loss = 0.102  adv prob = 0.166667   acc = 0.979
  gold_label_random = 2, sentence2_has_negation = 0  [n = 273]:	loss = 0.130  exp loss = 0.151  adjusted loss = 0.151  adv prob = 0.166667   acc = 0.960
  gold_label_random = 2, sentence2_has_negation = 1  [n = 262]:	loss = 0.164  exp loss = 0.170  adjusted loss = 0.170  adv prob = 0.166667   acc = 0.954
Average incurred loss: 0.107  
Average sample loss: 0.107  
Average acc: 0.969  
  gold_label_random = 0, sentence2_has_negation = 0  [n = 245]:	loss = 0.090  exp loss = 0.068  adjusted loss = 0.068  adv prob = 0.166667   acc = 0.971
  gold_label_random = 0, sentence2_has_negation = 1  [n = 273]:	loss = 0.042  exp loss = 0.068  adjusted loss = 0.068  adv prob = 0.166667   acc = 0.985
  gold_label_random = 1, sentence2_has_negation = 0  [n = 233]:	loss = 0.056  exp loss = 0.064  adjusted loss = 0.064  adv prob = 0.166667   acc = 0.974
  gold_label_random = 1, sentence2_has_negation = 1  [n = 296]:	loss = 0.156  exp loss = 0.156  adjusted loss = 0.156  adv prob = 0.166667   acc = 0.970
  gold_label_random = 2, sentence2_has_negation = 0  [n = 256]:	loss = 0.089  exp loss = 0.078  adjusted loss = 0.078  adv prob = 0.166667   acc = 0.977
  gold_label_random = 2, sentence2_has_negation = 1  [n = 297]:	loss = 0.189  exp loss = 0.143  adjusted loss = 0.143  adv prob = 0.166667   acc = 0.939
Average incurred loss: 0.117  
Average sample loss: 0.117  
Average acc: 0.959  
  gold_label_random = 0, sentence2_has_negation = 0  [n = 271]:	loss = 0.112  exp loss = 0.095  adjusted loss = 0.095  adv prob = 0.166667   acc = 0.959
  gold_label_random = 0, sentence2_has_negation = 1  [n = 263]:	loss = 0.048  exp loss = 0.050  adjusted loss = 0.050  adv prob = 0.166667   acc = 0.981
  gold_label_random = 1, sentence2_has_negation = 0  [n = 266]:	loss = 0.076  exp loss = 0.054  adjusted loss = 0.054  adv prob = 0.166667   acc = 0.974
  gold_label_random = 1, sentence2_has_negation = 1  [n = 255]:	loss = 0.156  exp loss = 0.136  adjusted loss = 0.136  adv prob = 0.166667   acc = 0.949
  gold_label_random = 2, sentence2_has_negation = 0  [n = 268]:	loss = 0.120  exp loss = 0.072  adjusted loss = 0.072  adv prob = 0.166667   acc = 0.951
  gold_label_random = 2, sentence2_has_negation = 1  [n = 277]:	loss = 0.188  exp loss = 0.147  adjusted loss = 0.147  adv prob = 0.166667   acc = 0.939
Average incurred loss: 0.123  
Average sample loss: 0.123  
Average acc: 0.959  
  gold_label_random = 0, sentence2_has_negation = 0  [n = 264]:	loss = 0.115  exp loss = 0.255  adjusted loss = 0.255  adv prob = 0.166667   acc = 0.962
  gold_label_random = 0, sentence2_has_negation = 1  [n = 281]:	loss = 0.066  exp loss = 0.081  adjusted loss = 0.081  adv prob = 0.166667   acc = 0.972
  gold_label_random = 1, sentence2_has_negation = 0  [n = 235]:	loss = 0.045  exp loss = 0.049  adjusted loss = 0.049  adv prob = 0.166667   acc = 0.991
  gold_label_random = 1, sentence2_has_negation = 1  [n = 267]:	loss = 0.105  exp loss = 0.072  adjusted loss = 0.072  adv prob = 0.166667   acc = 0.963
  gold_label_random = 2, sentence2_has_negation = 0  [n = 272]:	loss = 0.147  exp loss = 0.092  adjusted loss = 0.092  adv prob = 0.166667   acc = 0.949
  gold_label_random = 2, sentence2_has_negation = 1  [n = 281]:	loss = 0.248  exp loss = 0.229  adjusted loss = 0.229  adv prob = 0.166667   acc = 0.922
Average incurred loss: 0.093  
Average sample loss: 0.093  
Average acc: 0.970  
  gold_label_random = 0, sentence2_has_negation = 0  [n = 292]:	loss = 0.102  exp loss = 0.106  adjusted loss = 0.106  adv prob = 0.166667   acc = 0.955
  gold_label_random = 0, sentence2_has_negation = 1  [n = 276]:	loss = 0.049  exp loss = 0.049  adjusted loss = 0.049  adv prob = 0.166667   acc = 0.982
  gold_label_random = 1, sentence2_has_negation = 0  [n = 233]:	loss = 0.068  exp loss = 0.057  adjusted loss = 0.057  adv prob = 0.166667   acc = 0.979
  gold_label_random = 1, sentence2_has_negation = 1  [n = 264]:	loss = 0.085  exp loss = 0.070  adjusted loss = 0.070  adv prob = 0.166667   acc = 0.981
  gold_label_random = 2, sentence2_has_negation = 0  [n = 280]:	loss = 0.121  exp loss = 0.106  adjusted loss = 0.106  adv prob = 0.166667   acc = 0.961
  gold_label_random = 2, sentence2_has_negation = 1  [n = 255]:	loss = 0.128  exp loss = 0.141  adjusted loss = 0.141  adv prob = 0.166667   acc = 0.965
Average incurred loss: 0.129  
Average sample loss: 0.129  
Average acc: 0.959  
  gold_label_random = 0, sentence2_has_negation = 0  [n = 260]:	loss = 0.180  exp loss = 0.140  adjusted loss = 0.140  adv prob = 0.166667   acc = 0.935
  gold_label_random = 0, sentence2_has_negation = 1  [n = 273]:	loss = 0.031  exp loss = 0.036  adjusted loss = 0.036  adv prob = 0.166667   acc = 0.993
  gold_label_random = 1, sentence2_has_negation = 0  [n = 245]:	loss = 0.077  exp loss = 0.049  adjusted loss = 0.049  adv prob = 0.166667   acc = 0.976
  gold_label_random = 1, sentence2_has_negation = 1  [n = 276]:	loss = 0.164  exp loss = 0.199  adjusted loss = 0.199  adv prob = 0.166667   acc = 0.957
  gold_label_random = 2, sentence2_has_negation = 0  [n = 263]:	loss = 0.123  exp loss = 0.074  adjusted loss = 0.074  adv prob = 0.166667   acc = 0.958
  gold_label_random = 2, sentence2_has_negation = 1  [n = 283]:	loss = 0.191  exp loss = 0.274  adjusted loss = 0.274  adv prob = 0.166667   acc = 0.940
Average incurred loss: 0.106  
Average sample loss: 0.106  
Average acc: 0.967  
  gold_label_random = 0, sentence2_has_negation = 0  [n = 229]:	loss = 0.104  exp loss = 0.151  adjusted loss = 0.151  adv prob = 0.166667   acc = 0.974
  gold_label_random = 0, sentence2_has_negation = 1  [n = 232]:	loss = 0.053  exp loss = 0.024  adjusted loss = 0.024  adv prob = 0.166667   acc = 0.991
  gold_label_random = 1, sentence2_has_negation = 0  [n = 220]:	loss = 0.074  exp loss = 0.064  adjusted loss = 0.064  adv prob = 0.166667   acc = 0.982
  gold_label_random = 1, sentence2_has_negation = 1  [n = 221]:	loss = 0.136  exp loss = 0.091  adjusted loss = 0.091  adv prob = 0.166667   acc = 0.955
  gold_label_random = 2, sentence2_has_negation = 0  [n = 226]:	loss = 0.121  exp loss = 0.106  adjusted loss = 0.106  adv prob = 0.166667   acc = 0.960
  gold_label_random = 2, sentence2_has_negation = 1  [n = 247]:	loss = 0.148  exp loss = 0.189  adjusted loss = 0.189  adv prob = 0.166667   acc = 0.939

Validation:
Average incurred loss: 0.694  
Average sample loss: 0.694  
Average acc: 0.822  
  gold_label_random = 0, sentence2_has_negation = 0  [n = 22814]:	loss = 0.850  exp loss = 0.976  adjusted loss = 0.976  adv prob = 0.166667   acc = 0.793
  gold_label_random = 0, sentence2_has_negation = 1  [n = 4634]:	loss = 0.235  exp loss = 0.343  adjusted loss = 0.343  adv prob = 0.166667   acc = 0.939
  gold_label_random = 1, sentence2_has_negation = 0  [n = 26949]:	loss = 0.637  exp loss = 0.668  adjusted loss = 0.668  adv prob = 0.166667   acc = 0.844
  gold_label_random = 1, sentence2_has_negation = 1  [n = 613]:	loss = 1.016  exp loss = 0.473  adjusted loss = 0.473  adv prob = 0.166667   acc = 0.752
  gold_label_random = 2, sentence2_has_negation = 0  [n = 26655]:	loss = 0.681  exp loss = 0.762  adjusted loss = 0.762  adv prob = 0.166667   acc = 0.809
  gold_label_random = 2, sentence2_has_negation = 1  [n = 797]:	loss = 1.027  exp loss = 1.174  adjusted loss = 1.174  adv prob = 0.166667   acc = 0.700
Current lr: 0.000008
Current lr: 0.000008
Current validation accuracy: 0.7001256346702576


Epoch [3]:
Training:
Average incurred loss: 0.097  
Average sample loss: 0.097  
Average acc: 0.967  
  gold_label_random = 0, sentence2_has_negation = 0  [n = 247]:	loss = 0.163  exp loss = 0.216  adjusted loss = 0.216  adv prob = 0.166667   acc = 0.943
  gold_label_random = 0, sentence2_has_negation = 1  [n = 270]:	loss = 0.042  exp loss = 0.024  adjusted loss = 0.024  adv prob = 0.166667   acc = 0.981
  gold_label_random = 1, sentence2_has_negation = 0  [n = 270]:	loss = 0.045  exp loss = 0.043  adjusted loss = 0.043  adv prob = 0.166667   acc = 0.985
  gold_label_random = 1, sentence2_has_negation = 1  [n = 287]:	loss = 0.108  exp loss = 0.078  adjusted loss = 0.078  adv prob = 0.166667   acc = 0.969
  gold_label_random = 2, sentence2_has_negation = 0  [n = 257]:	loss = 0.093  exp loss = 0.076  adjusted loss = 0.076  adv prob = 0.166667   acc = 0.961
  gold_label_random = 2, sentence2_has_negation = 1  [n = 269]:	loss = 0.136  exp loss = 0.113  adjusted loss = 0.113  adv prob = 0.166667   acc = 0.959
Average incurred loss: 0.103  
Average sample loss: 0.103  
Average acc: 0.964  
  gold_label_random = 0, sentence2_has_negation = 0  [n = 259]:	loss = 0.144  exp loss = 0.111  adjusted loss = 0.111  adv prob = 0.166667   acc = 0.961
  gold_label_random = 0, sentence2_has_negation = 1  [n = 269]:	loss = 0.024  exp loss = 0.028  adjusted loss = 0.028  adv prob = 0.166667   acc = 0.993
  gold_label_random = 1, sentence2_has_negation = 0  [n = 245]:	loss = 0.047  exp loss = 0.024  adjusted loss = 0.024  adv prob = 0.166667   acc = 0.988
  gold_label_random = 1, sentence2_has_negation = 1  [n = 274]:	loss = 0.089  exp loss = 0.069  adjusted loss = 0.069  adv prob = 0.166667   acc = 0.967
  gold_label_random = 2, sentence2_has_negation = 0  [n = 273]:	loss = 0.111  exp loss = 0.071  adjusted loss = 0.071  adv prob = 0.166667   acc = 0.952
  gold_label_random = 2, sentence2_has_negation = 1  [n = 280]:	loss = 0.197  exp loss = 0.149  adjusted loss = 0.149  adv prob = 0.166667   acc = 0.925
Average incurred loss: 0.101  
Average sample loss: 0.101  
Average acc: 0.966  
  gold_label_random = 0, sentence2_has_negation = 0  [n = 257]:	loss = 0.123  exp loss = 0.094  adjusted loss = 0.094  adv prob = 0.166667   acc = 0.957
  gold_label_random = 0, sentence2_has_negation = 1  [n = 264]:	loss = 0.045  exp loss = 0.040  adjusted loss = 0.040  adv prob = 0.166667   acc = 0.985
  gold_label_random = 1, sentence2_has_negation = 0  [n = 288]:	loss = 0.042  exp loss = 0.030  adjusted loss = 0.030  adv prob = 0.166667   acc = 0.997
  gold_label_random = 1, sentence2_has_negation = 1  [n = 253]:	loss = 0.074  exp loss = 0.053  adjusted loss = 0.053  adv prob = 0.166667   acc = 0.972
  gold_label_random = 2, sentence2_has_negation = 0  [n = 280]:	loss = 0.142  exp loss = 0.071  adjusted loss = 0.071  adv prob = 0.166667   acc = 0.957
  gold_label_random = 2, sentence2_has_negation = 1  [n = 258]:	loss = 0.186  exp loss = 0.082  adjusted loss = 0.082  adv prob = 0.166667   acc = 0.922
Average incurred loss: 0.096  
Average sample loss: 0.096  
Average acc: 0.973  
  gold_label_random = 0, sentence2_has_negation = 0  [n = 236]:	loss = 0.075  exp loss = 0.176  adjusted loss = 0.176  adv prob = 0.166667   acc = 0.970
  gold_label_random = 0, sentence2_has_negation = 1  [n = 241]:	loss = 0.045  exp loss = 0.029  adjusted loss = 0.029  adv prob = 0.166667   acc = 0.992
  gold_label_random = 1, sentence2_has_negation = 0  [n = 297]:	loss = 0.038  exp loss = 0.060  adjusted loss = 0.060  adv prob = 0.166667   acc = 0.997
  gold_label_random = 1, sentence2_has_negation = 1  [n = 267]:	loss = 0.116  exp loss = 0.191  adjusted loss = 0.191  adv prob = 0.166667   acc = 0.970
  gold_label_random = 2, sentence2_has_negation = 0  [n = 265]:	loss = 0.088  exp loss = 0.092  adjusted loss = 0.092  adv prob = 0.166667   acc = 0.970
  gold_label_random = 2, sentence2_has_negation = 1  [n = 294]:	loss = 0.204  exp loss = 0.199  adjusted loss = 0.199  adv prob = 0.166667   acc = 0.942
Average incurred loss: 0.116  
Average sample loss: 0.116  
Average acc: 0.964  
  gold_label_random = 0, sentence2_has_negation = 0  [n = 288]:	loss = 0.127  exp loss = 0.107  adjusted loss = 0.107  adv prob = 0.166667   acc = 0.965
  gold_label_random = 0, sentence2_has_negation = 1  [n = 271]:	loss = 0.031  exp loss = 0.024  adjusted loss = 0.024  adv prob = 0.166667   acc = 0.996
  gold_label_random = 1, sentence2_has_negation = 0  [n = 268]:	loss = 0.068  exp loss = 0.059  adjusted loss = 0.059  adv prob = 0.166667   acc = 0.978
  gold_label_random = 1, sentence2_has_negation = 1  [n = 279]:	loss = 0.087  exp loss = 0.101  adjusted loss = 0.101  adv prob = 0.166667   acc = 0.971
  gold_label_random = 2, sentence2_has_negation = 0  [n = 250]:	loss = 0.105  exp loss = 0.089  adjusted loss = 0.089  adv prob = 0.166667   acc = 0.964
  gold_label_random = 2, sentence2_has_negation = 1  [n = 244]:	loss = 0.296  exp loss = 0.367  adjusted loss = 0.367  adv prob = 0.166667   acc = 0.902
Average incurred loss: 0.098  
Average sample loss: 0.098  
Average acc: 0.967  
  gold_label_random = 0, sentence2_has_negation = 0  [n = 257]:	loss = 0.104  exp loss = 0.059  adjusted loss = 0.059  adv prob = 0.166667   acc = 0.961
  gold_label_random = 0, sentence2_has_negation = 1  [n = 269]:	loss = 0.044  exp loss = 0.026  adjusted loss = 0.026  adv prob = 0.166667   acc = 0.985
  gold_label_random = 1, sentence2_has_negation = 0  [n = 268]:	loss = 0.045  exp loss = 0.049  adjusted loss = 0.049  adv prob = 0.166667   acc = 0.989
  gold_label_random = 1, sentence2_has_negation = 1  [n = 283]:	loss = 0.125  exp loss = 0.080  adjusted loss = 0.080  adv prob = 0.166667   acc = 0.958
  gold_label_random = 2, sentence2_has_negation = 0  [n = 272]:	loss = 0.060  exp loss = 0.067  adjusted loss = 0.067  adv prob = 0.166667   acc = 0.982
  gold_label_random = 2, sentence2_has_negation = 1  [n = 251]:	loss = 0.220  exp loss = 0.197  adjusted loss = 0.197  adv prob = 0.166667   acc = 0.924
Average incurred loss: 0.124  
Average sample loss: 0.124  
Average acc: 0.959  
  gold_label_random = 0, sentence2_has_negation = 0  [n = 247]:	loss = 0.248  exp loss = 0.241  adjusted loss = 0.241  adv prob = 0.166667   acc = 0.899
  gold_label_random = 0, sentence2_has_negation = 1  [n = 249]:	loss = 0.052  exp loss = 0.066  adjusted loss = 0.066  adv prob = 0.166667   acc = 0.980
  gold_label_random = 1, sentence2_has_negation = 0  [n = 273]:	loss = 0.043  exp loss = 0.025  adjusted loss = 0.025  adv prob = 0.166667   acc = 0.989
  gold_label_random = 1, sentence2_has_negation = 1  [n = 279]:	loss = 0.055  exp loss = 0.047  adjusted loss = 0.047  adv prob = 0.166667   acc = 0.993
  gold_label_random = 2, sentence2_has_negation = 0  [n = 268]:	loss = 0.103  exp loss = 0.044  adjusted loss = 0.044  adv prob = 0.166667   acc = 0.966
  gold_label_random = 2, sentence2_has_negation = 1  [n = 284]:	loss = 0.245  exp loss = 0.302  adjusted loss = 0.302  adv prob = 0.166667   acc = 0.923
Average incurred loss: 0.109  
Average sample loss: 0.109  
Average acc: 0.966  
  gold_label_random = 0, sentence2_has_negation = 0  [n = 271]:	loss = 0.143  exp loss = 0.119  adjusted loss = 0.119  adv prob = 0.166667   acc = 0.948
  gold_label_random = 0, sentence2_has_negation = 1  [n = 257]:	loss = 0.053  exp loss = 0.084  adjusted loss = 0.084  adv prob = 0.166667   acc = 0.981
  gold_label_random = 1, sentence2_has_negation = 0  [n = 258]:	loss = 0.047  exp loss = 0.044  adjusted loss = 0.044  adv prob = 0.166667   acc = 0.992
  gold_label_random = 1, sentence2_has_negation = 1  [n = 266]:	loss = 0.086  exp loss = 0.049  adjusted loss = 0.049  adv prob = 0.166667   acc = 0.985
  gold_label_random = 2, sentence2_has_negation = 0  [n = 257]:	loss = 0.123  exp loss = 0.111  adjusted loss = 0.111  adv prob = 0.166667   acc = 0.957
  gold_label_random = 2, sentence2_has_negation = 1  [n = 291]:	loss = 0.192  exp loss = 0.093  adjusted loss = 0.093  adv prob = 0.166667   acc = 0.935
Average incurred loss: 0.108  
Average sample loss: 0.108  
Average acc: 0.966  
  gold_label_random = 0, sentence2_has_negation = 0  [n = 254]:	loss = 0.089  exp loss = 0.098  adjusted loss = 0.098  adv prob = 0.166667   acc = 0.969
  gold_label_random = 0, sentence2_has_negation = 1  [n = 282]:	loss = 0.059  exp loss = 0.074  adjusted loss = 0.074  adv prob = 0.166667   acc = 0.979
  gold_label_random = 1, sentence2_has_negation = 0  [n = 265]:	loss = 0.044  exp loss = 0.027  adjusted loss = 0.027  adv prob = 0.166667   acc = 0.977
  gold_label_random = 1, sentence2_has_negation = 1  [n = 235]:	loss = 0.099  exp loss = 0.140  adjusted loss = 0.140  adv prob = 0.166667   acc = 0.974
  gold_label_random = 2, sentence2_has_negation = 0  [n = 276]:	loss = 0.134  exp loss = 0.214  adjusted loss = 0.214  adv prob = 0.166667   acc = 0.964
  gold_label_random = 2, sentence2_has_negation = 1  [n = 288]:	loss = 0.218  exp loss = 0.210  adjusted loss = 0.210  adv prob = 0.166667   acc = 0.934
Average incurred loss: 0.112  
Average sample loss: 0.112  
Average acc: 0.963  
  gold_label_random = 0, sentence2_has_negation = 0  [n = 266]:	loss = 0.141  exp loss = 0.155  adjusted loss = 0.155  adv prob = 0.166667   acc = 0.940
  gold_label_random = 0, sentence2_has_negation = 1  [n = 273]:	loss = 0.056  exp loss = 0.040  adjusted loss = 0.040  adv prob = 0.166667   acc = 0.985
  gold_label_random = 1, sentence2_has_negation = 0  [n = 235]:	loss = 0.052  exp loss = 0.081  adjusted loss = 0.081  adv prob = 0.166667   acc = 0.987
  gold_label_random = 1, sentence2_has_negation = 1  [n = 262]:	loss = 0.113  exp loss = 0.066  adjusted loss = 0.066  adv prob = 0.166667   acc = 0.966
  gold_label_random = 2, sentence2_has_negation = 0  [n = 291]:	loss = 0.129  exp loss = 0.133  adjusted loss = 0.133  adv prob = 0.166667   acc = 0.952
  gold_label_random = 2, sentence2_has_negation = 1  [n = 273]:	loss = 0.170  exp loss = 0.271  adjusted loss = 0.271  adv prob = 0.166667   acc = 0.952
Average incurred loss: 0.099  
Average sample loss: 0.099  
Average acc: 0.967  
  gold_label_random = 0, sentence2_has_negation = 0  [n = 281]:	loss = 0.130  exp loss = 0.073  adjusted loss = 0.073  adv prob = 0.166667   acc = 0.957
  gold_label_random = 0, sentence2_has_negation = 1  [n = 266]:	loss = 0.033  exp loss = 0.038  adjusted loss = 0.038  adv prob = 0.166667   acc = 0.989
  gold_label_random = 1, sentence2_has_negation = 0  [n = 282]:	loss = 0.054  exp loss = 0.035  adjusted loss = 0.035  adv prob = 0.166667   acc = 0.993
  gold_label_random = 1, sentence2_has_negation = 1  [n = 237]:	loss = 0.129  exp loss = 0.130  adjusted loss = 0.130  adv prob = 0.166667   acc = 0.958
  gold_label_random = 2, sentence2_has_negation = 0  [n = 258]:	loss = 0.092  exp loss = 0.113  adjusted loss = 0.113  adv prob = 0.166667   acc = 0.965
  gold_label_random = 2, sentence2_has_negation = 1  [n = 276]:	loss = 0.157  exp loss = 0.157  adjusted loss = 0.157  adv prob = 0.166667   acc = 0.938
Average incurred loss: 0.102  
Average sample loss: 0.102  
Average acc: 0.966  
  gold_label_random = 0, sentence2_has_negation = 0  [n = 285]:	loss = 0.105  exp loss = 0.120  adjusted loss = 0.120  adv prob = 0.166667   acc = 0.965
  gold_label_random = 0, sentence2_has_negation = 1  [n = 247]:	loss = 0.036  exp loss = 0.033  adjusted loss = 0.033  adv prob = 0.166667   acc = 0.992
  gold_label_random = 1, sentence2_has_negation = 0  [n = 283]:	loss = 0.040  exp loss = 0.041  adjusted loss = 0.041  adv prob = 0.166667   acc = 0.993
  gold_label_random = 1, sentence2_has_negation = 1  [n = 256]:	loss = 0.095  exp loss = 0.079  adjusted loss = 0.079  adv prob = 0.166667   acc = 0.977
  gold_label_random = 2, sentence2_has_negation = 0  [n = 268]:	loss = 0.147  exp loss = 0.104  adjusted loss = 0.104  adv prob = 0.166667   acc = 0.944
  gold_label_random = 2, sentence2_has_negation = 1  [n = 261]:	loss = 0.192  exp loss = 0.223  adjusted loss = 0.223  adv prob = 0.166667   acc = 0.923
Average incurred loss: 0.135  
Average sample loss: 0.135  
Average acc: 0.961  
  gold_label_random = 0, sentence2_has_negation = 0  [n = 258]:	loss = 0.180  exp loss = 0.270  adjusted loss = 0.270  adv prob = 0.166667   acc = 0.938
  gold_label_random = 0, sentence2_has_negation = 1  [n = 267]:	loss = 0.080  exp loss = 0.039  adjusted loss = 0.039  adv prob = 0.166667   acc = 0.981
  gold_label_random = 1, sentence2_has_negation = 0  [n = 272]:	loss = 0.085  exp loss = 0.097  adjusted loss = 0.097  adv prob = 0.166667   acc = 0.982
  gold_label_random = 1, sentence2_has_negation = 1  [n = 269]:	loss = 0.149  exp loss = 0.128  adjusted loss = 0.128  adv prob = 0.166667   acc = 0.963
  gold_label_random = 2, sentence2_has_negation = 0  [n = 269]:	loss = 0.126  exp loss = 0.121  adjusted loss = 0.121  adv prob = 0.166667   acc = 0.963
  gold_label_random = 2, sentence2_has_negation = 1  [n = 265]:	loss = 0.191  exp loss = 0.230  adjusted loss = 0.230  adv prob = 0.166667   acc = 0.936
Average incurred loss: 0.097  
Average sample loss: 0.097  
Average acc: 0.966  
  gold_label_random = 0, sentence2_has_negation = 0  [n = 257]:	loss = 0.098  exp loss = 0.077  adjusted loss = 0.077  adv prob = 0.166667   acc = 0.961
  gold_label_random = 0, sentence2_has_negation = 1  [n = 275]:	loss = 0.047  exp loss = 0.099  adjusted loss = 0.099  adv prob = 0.166667   acc = 0.993
  gold_label_random = 1, sentence2_has_negation = 0  [n = 263]:	loss = 0.049  exp loss = 0.021  adjusted loss = 0.021  adv prob = 0.166667   acc = 0.981
  gold_label_random = 1, sentence2_has_negation = 1  [n = 267]:	loss = 0.086  exp loss = 0.182  adjusted loss = 0.182  adv prob = 0.166667   acc = 0.978
  gold_label_random = 2, sentence2_has_negation = 0  [n = 259]:	loss = 0.174  exp loss = 0.251  adjusted loss = 0.251  adv prob = 0.166667   acc = 0.934
  gold_label_random = 2, sentence2_has_negation = 1  [n = 279]:	loss = 0.127  exp loss = 0.132  adjusted loss = 0.132  adv prob = 0.166667   acc = 0.946
Average incurred loss: 0.137  
Average sample loss: 0.137  
Average acc: 0.949  
  gold_label_random = 0, sentence2_has_negation = 0  [n = 261]:	loss = 0.154  exp loss = 0.152  adjusted loss = 0.152  adv prob = 0.166667   acc = 0.946
  gold_label_random = 0, sentence2_has_negation = 1  [n = 273]:	loss = 0.072  exp loss = 0.070  adjusted loss = 0.070  adv prob = 0.166667   acc = 0.978
  gold_label_random = 1, sentence2_has_negation = 0  [n = 266]:	loss = 0.105  exp loss = 0.071  adjusted loss = 0.071  adv prob = 0.166667   acc = 0.970
  gold_label_random = 1, sentence2_has_negation = 1  [n = 281]:	loss = 0.208  exp loss = 0.129  adjusted loss = 0.129  adv prob = 0.166667   acc = 0.929
  gold_label_random = 2, sentence2_has_negation = 0  [n = 264]:	loss = 0.093  exp loss = 0.087  adjusted loss = 0.087  adv prob = 0.166667   acc = 0.962
  gold_label_random = 2, sentence2_has_negation = 1  [n = 255]:	loss = 0.191  exp loss = 0.329  adjusted loss = 0.329  adv prob = 0.166667   acc = 0.910
Average incurred loss: 0.106  
Average sample loss: 0.106  
Average acc: 0.965  
  gold_label_random = 0, sentence2_has_negation = 0  [n = 260]:	loss = 0.164  exp loss = 0.166  adjusted loss = 0.166  adv prob = 0.166667   acc = 0.954
  gold_label_random = 0, sentence2_has_negation = 1  [n = 236]:	loss = 0.024  exp loss = 0.016  adjusted loss = 0.016  adv prob = 0.166667   acc = 0.996
  gold_label_random = 1, sentence2_has_negation = 0  [n = 282]:	loss = 0.066  exp loss = 0.021  adjusted loss = 0.021  adv prob = 0.166667   acc = 0.986
  gold_label_random = 1, sentence2_has_negation = 1  [n = 302]:	loss = 0.125  exp loss = 0.103  adjusted loss = 0.103  adv prob = 0.166667   acc = 0.950
  gold_label_random = 2, sentence2_has_negation = 0  [n = 248]:	loss = 0.073  exp loss = 0.056  adjusted loss = 0.056  adv prob = 0.166667   acc = 0.972
  gold_label_random = 2, sentence2_has_negation = 1  [n = 272]:	loss = 0.171  exp loss = 0.159  adjusted loss = 0.159  adv prob = 0.166667   acc = 0.938
Average incurred loss: 0.115  
Average sample loss: 0.115  
Average acc: 0.966  
  gold_label_random = 0, sentence2_has_negation = 0  [n = 278]:	loss = 0.065  exp loss = 0.040  adjusted loss = 0.040  adv prob = 0.166667   acc = 0.975
  gold_label_random = 0, sentence2_has_negation = 1  [n = 264]:	loss = 0.051  exp loss = 0.064  adjusted loss = 0.064  adv prob = 0.166667   acc = 0.981
  gold_label_random = 1, sentence2_has_negation = 0  [n = 282]:	loss = 0.052  exp loss = 0.043  adjusted loss = 0.043  adv prob = 0.166667   acc = 0.986
  gold_label_random = 1, sentence2_has_negation = 1  [n = 257]:	loss = 0.168  exp loss = 0.083  adjusted loss = 0.083  adv prob = 0.166667   acc = 0.957
  gold_label_random = 2, sentence2_has_negation = 0  [n = 258]:	loss = 0.160  exp loss = 0.240  adjusted loss = 0.240  adv prob = 0.166667   acc = 0.961
  gold_label_random = 2, sentence2_has_negation = 1  [n = 261]:	loss = 0.205  exp loss = 0.137  adjusted loss = 0.137  adv prob = 0.166667   acc = 0.931
Average incurred loss: 0.141  
Average sample loss: 0.141  
Average acc: 0.954  
  gold_label_random = 0, sentence2_has_negation = 0  [n = 284]:	loss = 0.175  exp loss = 0.154  adjusted loss = 0.154  adv prob = 0.166667   acc = 0.940
  gold_label_random = 0, sentence2_has_negation = 1  [n = 268]:	loss = 0.090  exp loss = 0.053  adjusted loss = 0.053  adv prob = 0.166667   acc = 0.959
  gold_label_random = 1, sentence2_has_negation = 0  [n = 250]:	loss = 0.061  exp loss = 0.095  adjusted loss = 0.095  adv prob = 0.166667   acc = 0.984
  gold_label_random = 1, sentence2_has_negation = 1  [n = 254]:	loss = 0.216  exp loss = 0.217  adjusted loss = 0.217  adv prob = 0.166667   acc = 0.953
  gold_label_random = 2, sentence2_has_negation = 0  [n = 305]:	loss = 0.130  exp loss = 0.154  adjusted loss = 0.154  adv prob = 0.166667   acc = 0.957
  gold_label_random = 2, sentence2_has_negation = 1  [n = 239]:	loss = 0.178  exp loss = 0.174  adjusted loss = 0.174  adv prob = 0.166667   acc = 0.933
Average incurred loss: 0.102  
Average sample loss: 0.102  
Average acc: 0.963  
  gold_label_random = 0, sentence2_has_negation = 0  [n = 257]:	loss = 0.194  exp loss = 0.203  adjusted loss = 0.203  adv prob = 0.166667   acc = 0.926
  gold_label_random = 0, sentence2_has_negation = 1  [n = 286]:	loss = 0.036  exp loss = 0.020  adjusted loss = 0.020  adv prob = 0.166667   acc = 0.983
  gold_label_random = 1, sentence2_has_negation = 0  [n = 255]:	loss = 0.071  exp loss = 0.057  adjusted loss = 0.057  adv prob = 0.166667   acc = 0.980
  gold_label_random = 1, sentence2_has_negation = 1  [n = 260]:	loss = 0.083  exp loss = 0.162  adjusted loss = 0.162  adv prob = 0.166667   acc = 0.981
  gold_label_random = 2, sentence2_has_negation = 0  [n = 267]:	loss = 0.095  exp loss = 0.137  adjusted loss = 0.137  adv prob = 0.166667   acc = 0.955
  gold_label_random = 2, sentence2_has_negation = 1  [n = 275]:	loss = 0.139  exp loss = 0.175  adjusted loss = 0.175  adv prob = 0.166667   acc = 0.953
Average incurred loss: 0.109  
Average sample loss: 0.109  
Average acc: 0.966  
  gold_label_random = 0, sentence2_has_negation = 0  [n = 259]:	loss = 0.138  exp loss = 0.114  adjusted loss = 0.114  adv prob = 0.166667   acc = 0.954
  gold_label_random = 0, sentence2_has_negation = 1  [n = 244]:	loss = 0.026  exp loss = 0.033  adjusted loss = 0.033  adv prob = 0.166667   acc = 0.992
  gold_label_random = 1, sentence2_has_negation = 0  [n = 266]:	loss = 0.061  exp loss = 0.047  adjusted loss = 0.047  adv prob = 0.166667   acc = 0.992
  gold_label_random = 1, sentence2_has_negation = 1  [n = 269]:	loss = 0.121  exp loss = 0.168  adjusted loss = 0.168  adv prob = 0.166667   acc = 0.963
  gold_label_random = 2, sentence2_has_negation = 0  [n = 301]:	loss = 0.127  exp loss = 0.088  adjusted loss = 0.088  adv prob = 0.166667   acc = 0.953
  gold_label_random = 2, sentence2_has_negation = 1  [n = 261]:	loss = 0.175  exp loss = 0.107  adjusted loss = 0.107  adv prob = 0.166667   acc = 0.946
Average incurred loss: 0.104  
Average sample loss: 0.104  
Average acc: 0.966  
  gold_label_random = 0, sentence2_has_negation = 0  [n = 258]:	loss = 0.153  exp loss = 0.104  adjusted loss = 0.104  adv prob = 0.166667   acc = 0.961
  gold_label_random = 0, sentence2_has_negation = 1  [n = 252]:	loss = 0.053  exp loss = 0.107  adjusted loss = 0.107  adv prob = 0.166667   acc = 0.992
  gold_label_random = 1, sentence2_has_negation = 0  [n = 275]:	loss = 0.040  exp loss = 0.049  adjusted loss = 0.049  adv prob = 0.166667   acc = 0.985
  gold_label_random = 1, sentence2_has_negation = 1  [n = 291]:	loss = 0.090  exp loss = 0.061  adjusted loss = 0.061  adv prob = 0.166667   acc = 0.966
  gold_label_random = 2, sentence2_has_negation = 0  [n = 233]:	loss = 0.117  exp loss = 0.197  adjusted loss = 0.197  adv prob = 0.166667   acc = 0.944
  gold_label_random = 2, sentence2_has_negation = 1  [n = 291]:	loss = 0.168  exp loss = 0.128  adjusted loss = 0.128  adv prob = 0.166667   acc = 0.948
Average incurred loss: 0.095  
Average sample loss: 0.095  
Average acc: 0.970  
  gold_label_random = 0, sentence2_has_negation = 0  [n = 270]:	loss = 0.121  exp loss = 0.193  adjusted loss = 0.193  adv prob = 0.166667   acc = 0.956
  gold_label_random = 0, sentence2_has_negation = 1  [n = 275]:	loss = 0.026  exp loss = 0.031  adjusted loss = 0.031  adv prob = 0.166667   acc = 0.993
  gold_label_random = 1, sentence2_has_negation = 0  [n = 242]:	loss = 0.040  exp loss = 0.037  adjusted loss = 0.037  adv prob = 0.166667   acc = 0.992
  gold_label_random = 1, sentence2_has_negation = 1  [n = 268]:	loss = 0.070  exp loss = 0.046  adjusted loss = 0.046  adv prob = 0.166667   acc = 0.985
  gold_label_random = 2, sentence2_has_negation = 0  [n = 265]:	loss = 0.091  exp loss = 0.082  adjusted loss = 0.082  adv prob = 0.166667   acc = 0.970
  gold_label_random = 2, sentence2_has_negation = 1  [n = 280]:	loss = 0.215  exp loss = 0.159  adjusted loss = 0.159  adv prob = 0.166667   acc = 0.929
Average incurred loss: 0.122  
Average sample loss: 0.122  
Average acc: 0.962  
  gold_label_random = 0, sentence2_has_negation = 0  [n = 260]:	loss = 0.165  exp loss = 0.132  adjusted loss = 0.132  adv prob = 0.166667   acc = 0.950
  gold_label_random = 0, sentence2_has_negation = 1  [n = 270]:	loss = 0.041  exp loss = 0.045  adjusted loss = 0.045  adv prob = 0.166667   acc = 0.989
  gold_label_random = 1, sentence2_has_negation = 0  [n = 291]:	loss = 0.046  exp loss = 0.047  adjusted loss = 0.047  adv prob = 0.166667   acc = 0.986
  gold_label_random = 1, sentence2_has_negation = 1  [n = 265]:	loss = 0.123  exp loss = 0.083  adjusted loss = 0.083  adv prob = 0.166667   acc = 0.962
  gold_label_random = 2, sentence2_has_negation = 0  [n = 269]:	loss = 0.152  exp loss = 0.178  adjusted loss = 0.178  adv prob = 0.166667   acc = 0.948
  gold_label_random = 2, sentence2_has_negation = 1  [n = 245]:	loss = 0.220  exp loss = 0.236  adjusted loss = 0.236  adv prob = 0.166667   acc = 0.935
Average incurred loss: 0.103  
Average sample loss: 0.103  
Average acc: 0.966  
  gold_label_random = 0, sentence2_has_negation = 0  [n = 270]:	loss = 0.089  exp loss = 0.081  adjusted loss = 0.081  adv prob = 0.166667   acc = 0.967
  gold_label_random = 0, sentence2_has_negation = 1  [n = 250]:	loss = 0.071  exp loss = 0.056  adjusted loss = 0.056  adv prob = 0.166667   acc = 0.980
  gold_label_random = 1, sentence2_has_negation = 0  [n = 274]:	loss = 0.037  exp loss = 0.019  adjusted loss = 0.019  adv prob = 0.166667   acc = 0.989
  gold_label_random = 1, sentence2_has_negation = 1  [n = 222]:	loss = 0.113  exp loss = 0.154  adjusted loss = 0.154  adv prob = 0.166667   acc = 0.959
  gold_label_random = 2, sentence2_has_negation = 0  [n = 310]:	loss = 0.151  exp loss = 0.079  adjusted loss = 0.079  adv prob = 0.166667   acc = 0.945
  gold_label_random = 2, sentence2_has_negation = 1  [n = 274]:	loss = 0.150  exp loss = 0.146  adjusted loss = 0.146  adv prob = 0.166667   acc = 0.956
Average incurred loss: 0.110  
Average sample loss: 0.110  
Average acc: 0.966  
  gold_label_random = 0, sentence2_has_negation = 0  [n = 281]:	loss = 0.147  exp loss = 0.211  adjusted loss = 0.211  adv prob = 0.166667   acc = 0.947
  gold_label_random = 0, sentence2_has_negation = 1  [n = 250]:	loss = 0.020  exp loss = 0.022  adjusted loss = 0.022  adv prob = 0.166667   acc = 0.996
  gold_label_random = 1, sentence2_has_negation = 0  [n = 284]:	loss = 0.072  exp loss = 0.034  adjusted loss = 0.034  adv prob = 0.166667   acc = 0.982
  gold_label_random = 1, sentence2_has_negation = 1  [n = 233]:	loss = 0.137  exp loss = 0.120  adjusted loss = 0.120  adv prob = 0.166667   acc = 0.957
  gold_label_random = 2, sentence2_has_negation = 0  [n = 270]:	loss = 0.072  exp loss = 0.062  adjusted loss = 0.062  adv prob = 0.166667   acc = 0.978
  gold_label_random = 2, sentence2_has_negation = 1  [n = 282]:	loss = 0.207  exp loss = 0.235  adjusted loss = 0.235  adv prob = 0.166667   acc = 0.940
Average incurred loss: 0.112  
Average sample loss: 0.112  
Average acc: 0.962  
  gold_label_random = 0, sentence2_has_negation = 0  [n = 265]:	loss = 0.102  exp loss = 0.124  adjusted loss = 0.124  adv prob = 0.166667   acc = 0.958
  gold_label_random = 0, sentence2_has_negation = 1  [n = 270]:	loss = 0.041  exp loss = 0.028  adjusted loss = 0.028  adv prob = 0.166667   acc = 0.981
  gold_label_random = 1, sentence2_has_negation = 0  [n = 272]:	loss = 0.042  exp loss = 0.027  adjusted loss = 0.027  adv prob = 0.166667   acc = 0.989
  gold_label_random = 1, sentence2_has_negation = 1  [n = 279]:	loss = 0.138  exp loss = 0.090  adjusted loss = 0.090  adv prob = 0.166667   acc = 0.953
  gold_label_random = 2, sentence2_has_negation = 0  [n = 245]:	loss = 0.123  exp loss = 0.120  adjusted loss = 0.120  adv prob = 0.166667   acc = 0.959
  gold_label_random = 2, sentence2_has_negation = 1  [n = 269]:	loss = 0.225  exp loss = 0.552  adjusted loss = 0.552  adv prob = 0.166667   acc = 0.929
Average incurred loss: 0.107  
Average sample loss: 0.107  
Average acc: 0.964  
  gold_label_random = 0, sentence2_has_negation = 0  [n = 256]:	loss = 0.125  exp loss = 0.132  adjusted loss = 0.132  adv prob = 0.166667   acc = 0.949
  gold_label_random = 0, sentence2_has_negation = 1  [n = 240]:	loss = 0.044  exp loss = 0.018  adjusted loss = 0.018  adv prob = 0.166667   acc = 0.992
  gold_label_random = 1, sentence2_has_negation = 0  [n = 265]:	loss = 0.053  exp loss = 0.039  adjusted loss = 0.039  adv prob = 0.166667   acc = 0.989
  gold_label_random = 1, sentence2_has_negation = 1  [n = 276]:	loss = 0.067  exp loss = 0.037  adjusted loss = 0.037  adv prob = 0.166667   acc = 0.989
  gold_label_random = 2, sentence2_has_negation = 0  [n = 300]:	loss = 0.128  exp loss = 0.111  adjusted loss = 0.111  adv prob = 0.166667   acc = 0.950
  gold_label_random = 2, sentence2_has_negation = 1  [n = 263]:	loss = 0.218  exp loss = 0.157  adjusted loss = 0.157  adv prob = 0.166667   acc = 0.920
Average incurred loss: 0.116  
Average sample loss: 0.116  
Average acc: 0.964  
  gold_label_random = 0, sentence2_has_negation = 0  [n = 231]:	loss = 0.189  exp loss = 0.203  adjusted loss = 0.203  adv prob = 0.166667   acc = 0.931
  gold_label_random = 0, sentence2_has_negation = 1  [n = 257]:	loss = 0.052  exp loss = 0.070  adjusted loss = 0.070  adv prob = 0.166667   acc = 0.988
  gold_label_random = 1, sentence2_has_negation = 0  [n = 277]:	loss = 0.078  exp loss = 0.083  adjusted loss = 0.083  adv prob = 0.166667   acc = 0.978
  gold_label_random = 1, sentence2_has_negation = 1  [n = 268]:	loss = 0.084  exp loss = 0.077  adjusted loss = 0.077  adv prob = 0.166667   acc = 0.989
  gold_label_random = 2, sentence2_has_negation = 0  [n = 275]:	loss = 0.121  exp loss = 0.073  adjusted loss = 0.073  adv prob = 0.166667   acc = 0.956
  gold_label_random = 2, sentence2_has_negation = 1  [n = 292]:	loss = 0.175  exp loss = 0.293  adjusted loss = 0.293  adv prob = 0.166667   acc = 0.942
Average incurred loss: 0.121  
Average sample loss: 0.121  
Average acc: 0.959  
  gold_label_random = 0, sentence2_has_negation = 0  [n = 254]:	loss = 0.145  exp loss = 0.083  adjusted loss = 0.083  adv prob = 0.166667   acc = 0.949
  gold_label_random = 0, sentence2_has_negation = 1  [n = 264]:	loss = 0.037  exp loss = 0.026  adjusted loss = 0.026  adv prob = 0.166667   acc = 0.989
  gold_label_random = 1, sentence2_has_negation = 0  [n = 267]:	loss = 0.065  exp loss = 0.121  adjusted loss = 0.121  adv prob = 0.166667   acc = 0.974
  gold_label_random = 1, sentence2_has_negation = 1  [n = 290]:	loss = 0.118  exp loss = 0.079  adjusted loss = 0.079  adv prob = 0.166667   acc = 0.962
  gold_label_random = 2, sentence2_has_negation = 0  [n = 267]:	loss = 0.151  exp loss = 0.124  adjusted loss = 0.124  adv prob = 0.166667   acc = 0.948
  gold_label_random = 2, sentence2_has_negation = 1  [n = 258]:	loss = 0.211  exp loss = 0.196  adjusted loss = 0.196  adv prob = 0.166667   acc = 0.934
Average incurred loss: 0.098  
Average sample loss: 0.098  
Average acc: 0.970  
  gold_label_random = 0, sentence2_has_negation = 0  [n = 265]:	loss = 0.085  exp loss = 0.080  adjusted loss = 0.080  adv prob = 0.166667   acc = 0.966
  gold_label_random = 0, sentence2_has_negation = 1  [n = 280]:	loss = 0.033  exp loss = 0.030  adjusted loss = 0.030  adv prob = 0.166667   acc = 0.996
  gold_label_random = 1, sentence2_has_negation = 0  [n = 281]:	loss = 0.092  exp loss = 0.106  adjusted loss = 0.106  adv prob = 0.166667   acc = 0.968
  gold_label_random = 1, sentence2_has_negation = 1  [n = 254]:	loss = 0.097  exp loss = 0.061  adjusted loss = 0.061  adv prob = 0.166667   acc = 0.976
  gold_label_random = 2, sentence2_has_negation = 0  [n = 267]:	loss = 0.102  exp loss = 0.145  adjusted loss = 0.145  adv prob = 0.166667   acc = 0.970
  gold_label_random = 2, sentence2_has_negation = 1  [n = 253]:	loss = 0.184  exp loss = 0.154  adjusted loss = 0.154  adv prob = 0.166667   acc = 0.941
Average incurred loss: 0.106  
Average sample loss: 0.106  
Average acc: 0.966  
  gold_label_random = 0, sentence2_has_negation = 0  [n = 288]:	loss = 0.148  exp loss = 0.180  adjusted loss = 0.180  adv prob = 0.166667   acc = 0.955
  gold_label_random = 0, sentence2_has_negation = 1  [n = 255]:	loss = 0.020  exp loss = 0.043  adjusted loss = 0.043  adv prob = 0.166667   acc = 0.996
  gold_label_random = 1, sentence2_has_negation = 0  [n = 252]:	loss = 0.101  exp loss = 0.081  adjusted loss = 0.081  adv prob = 0.166667   acc = 0.972
  gold_label_random = 1, sentence2_has_negation = 1  [n = 271]:	loss = 0.081  exp loss = 0.049  adjusted loss = 0.049  adv prob = 0.166667   acc = 0.978
  gold_label_random = 2, sentence2_has_negation = 0  [n = 269]:	loss = 0.137  exp loss = 0.247  adjusted loss = 0.247  adv prob = 0.166667   acc = 0.952
  gold_label_random = 2, sentence2_has_negation = 1  [n = 265]:	loss = 0.140  exp loss = 0.088  adjusted loss = 0.088  adv prob = 0.166667   acc = 0.947
Average incurred loss: 0.117  
Average sample loss: 0.117  
Average acc: 0.962  
  gold_label_random = 0, sentence2_has_negation = 0  [n = 250]:	loss = 0.156  exp loss = 0.126  adjusted loss = 0.126  adv prob = 0.166667   acc = 0.960
  gold_label_random = 0, sentence2_has_negation = 1  [n = 263]:	loss = 0.069  exp loss = 0.061  adjusted loss = 0.061  adv prob = 0.166667   acc = 0.977
  gold_label_random = 1, sentence2_has_negation = 0  [n = 263]:	loss = 0.048  exp loss = 0.023  adjusted loss = 0.023  adv prob = 0.166667   acc = 0.989
  gold_label_random = 1, sentence2_has_negation = 1  [n = 283]:	loss = 0.085  exp loss = 0.030  adjusted loss = 0.030  adv prob = 0.166667   acc = 0.965
  gold_label_random = 2, sentence2_has_negation = 0  [n = 260]:	loss = 0.140  exp loss = 0.133  adjusted loss = 0.133  adv prob = 0.166667   acc = 0.958
  gold_label_random = 2, sentence2_has_negation = 1  [n = 281]:	loss = 0.201  exp loss = 0.197  adjusted loss = 0.197  adv prob = 0.166667   acc = 0.925
Average incurred loss: 0.106  
Average sample loss: 0.106  
Average acc: 0.966  
  gold_label_random = 0, sentence2_has_negation = 0  [n = 276]:	loss = 0.169  exp loss = 0.229  adjusted loss = 0.229  adv prob = 0.166667   acc = 0.946
  gold_label_random = 0, sentence2_has_negation = 1  [n = 263]:	loss = 0.026  exp loss = 0.018  adjusted loss = 0.018  adv prob = 0.166667   acc = 0.989
  gold_label_random = 1, sentence2_has_negation = 0  [n = 242]:	loss = 0.054  exp loss = 0.045  adjusted loss = 0.045  adv prob = 0.166667   acc = 0.988
  gold_label_random = 1, sentence2_has_negation = 1  [n = 261]:	loss = 0.135  exp loss = 0.094  adjusted loss = 0.094  adv prob = 0.166667   acc = 0.966
  gold_label_random = 2, sentence2_has_negation = 0  [n = 297]:	loss = 0.117  exp loss = 0.071  adjusted loss = 0.071  adv prob = 0.166667   acc = 0.949
  gold_label_random = 2, sentence2_has_negation = 1  [n = 261]:	loss = 0.129  exp loss = 0.184  adjusted loss = 0.184  adv prob = 0.166667   acc = 0.966
Average incurred loss: 0.123  
Average sample loss: 0.123  
Average acc: 0.964  
  gold_label_random = 0, sentence2_has_negation = 0  [n = 267]:	loss = 0.117  exp loss = 0.055  adjusted loss = 0.055  adv prob = 0.166667   acc = 0.959
  gold_label_random = 0, sentence2_has_negation = 1  [n = 267]:	loss = 0.036  exp loss = 0.026  adjusted loss = 0.026  adv prob = 0.166667   acc = 0.989
  gold_label_random = 1, sentence2_has_negation = 0  [n = 277]:	loss = 0.057  exp loss = 0.035  adjusted loss = 0.035  adv prob = 0.166667   acc = 0.982
  gold_label_random = 1, sentence2_has_negation = 1  [n = 264]:	loss = 0.146  exp loss = 0.067  adjusted loss = 0.067  adv prob = 0.166667   acc = 0.966
  gold_label_random = 2, sentence2_has_negation = 0  [n = 267]:	loss = 0.107  exp loss = 0.091  adjusted loss = 0.091  adv prob = 0.166667   acc = 0.966
  gold_label_random = 2, sentence2_has_negation = 1  [n = 258]:	loss = 0.286  exp loss = 0.321  adjusted loss = 0.321  adv prob = 0.166667   acc = 0.919
Average incurred loss: 0.112  
Average sample loss: 0.112  
Average acc: 0.961  
  gold_label_random = 0, sentence2_has_negation = 0  [n = 265]:	loss = 0.099  exp loss = 0.090  adjusted loss = 0.090  adv prob = 0.166667   acc = 0.970
  gold_label_random = 0, sentence2_has_negation = 1  [n = 260]:	loss = 0.082  exp loss = 0.065  adjusted loss = 0.065  adv prob = 0.166667   acc = 0.969
  gold_label_random = 1, sentence2_has_negation = 0  [n = 281]:	loss = 0.071  exp loss = 0.056  adjusted loss = 0.056  adv prob = 0.166667   acc = 0.982
  gold_label_random = 1, sentence2_has_negation = 1  [n = 265]:	loss = 0.120  exp loss = 0.068  adjusted loss = 0.068  adv prob = 0.166667   acc = 0.970
  gold_label_random = 2, sentence2_has_negation = 0  [n = 276]:	loss = 0.116  exp loss = 0.123  adjusted loss = 0.123  adv prob = 0.166667   acc = 0.946
  gold_label_random = 2, sentence2_has_negation = 1  [n = 253]:	loss = 0.189  exp loss = 0.145  adjusted loss = 0.145  adv prob = 0.166667   acc = 0.929
Average incurred loss: 0.099  
Average sample loss: 0.099  
Average acc: 0.962  
  gold_label_random = 0, sentence2_has_negation = 0  [n = 281]:	loss = 0.119  exp loss = 0.096  adjusted loss = 0.096  adv prob = 0.166667   acc = 0.947
  gold_label_random = 0, sentence2_has_negation = 1  [n = 251]:	loss = 0.050  exp loss = 0.051  adjusted loss = 0.051  adv prob = 0.166667   acc = 0.976
  gold_label_random = 1, sentence2_has_negation = 0  [n = 260]:	loss = 0.055  exp loss = 0.063  adjusted loss = 0.063  adv prob = 0.166667   acc = 0.985
  gold_label_random = 1, sentence2_has_negation = 1  [n = 260]:	loss = 0.084  exp loss = 0.053  adjusted loss = 0.053  adv prob = 0.166667   acc = 0.965
  gold_label_random = 2, sentence2_has_negation = 0  [n = 251]:	loss = 0.113  exp loss = 0.091  adjusted loss = 0.091  adv prob = 0.166667   acc = 0.964
  gold_label_random = 2, sentence2_has_negation = 1  [n = 297]:	loss = 0.161  exp loss = 0.069  adjusted loss = 0.069  adv prob = 0.166667   acc = 0.939
Average incurred loss: 0.106  
Average sample loss: 0.106  
Average acc: 0.970  
  gold_label_random = 0, sentence2_has_negation = 0  [n = 269]:	loss = 0.043  exp loss = 0.046  adjusted loss = 0.046  adv prob = 0.166667   acc = 0.981
  gold_label_random = 0, sentence2_has_negation = 1  [n = 281]:	loss = 0.033  exp loss = 0.032  adjusted loss = 0.032  adv prob = 0.166667   acc = 0.989
  gold_label_random = 1, sentence2_has_negation = 0  [n = 280]:	loss = 0.044  exp loss = 0.032  adjusted loss = 0.032  adv prob = 0.166667   acc = 0.996
  gold_label_random = 1, sentence2_has_negation = 1  [n = 266]:	loss = 0.177  exp loss = 0.066  adjusted loss = 0.066  adv prob = 0.166667   acc = 0.947
  gold_label_random = 2, sentence2_has_negation = 0  [n = 248]:	loss = 0.130  exp loss = 0.254  adjusted loss = 0.254  adv prob = 0.166667   acc = 0.960
  gold_label_random = 2, sentence2_has_negation = 1  [n = 256]:	loss = 0.223  exp loss = 0.172  adjusted loss = 0.172  adv prob = 0.166667   acc = 0.941
Average incurred loss: 0.115  
Average sample loss: 0.115  
Average acc: 0.964  
  gold_label_random = 0, sentence2_has_negation = 0  [n = 257]:	loss = 0.158  exp loss = 0.213  adjusted loss = 0.213  adv prob = 0.166667   acc = 0.946
  gold_label_random = 0, sentence2_has_negation = 1  [n = 272]:	loss = 0.060  exp loss = 0.037  adjusted loss = 0.037  adv prob = 0.166667   acc = 0.974
  gold_label_random = 1, sentence2_has_negation = 0  [n = 289]:	loss = 0.057  exp loss = 0.091  adjusted loss = 0.091  adv prob = 0.166667   acc = 0.990
  gold_label_random = 1, sentence2_has_negation = 1  [n = 278]:	loss = 0.175  exp loss = 0.194  adjusted loss = 0.194  adv prob = 0.166667   acc = 0.946
  gold_label_random = 2, sentence2_has_negation = 0  [n = 229]:	loss = 0.066  exp loss = 0.038  adjusted loss = 0.038  adv prob = 0.166667   acc = 0.974
  gold_label_random = 2, sentence2_has_negation = 1  [n = 275]:	loss = 0.172  exp loss = 0.197  adjusted loss = 0.197  adv prob = 0.166667   acc = 0.953
Average incurred loss: 0.090  
Average sample loss: 0.090  
Average acc: 0.974  
  gold_label_random = 0, sentence2_has_negation = 0  [n = 253]:	loss = 0.121  exp loss = 0.084  adjusted loss = 0.084  adv prob = 0.166667   acc = 0.964
  gold_label_random = 0, sentence2_has_negation = 1  [n = 260]:	loss = 0.069  exp loss = 0.065  adjusted loss = 0.065  adv prob = 0.166667   acc = 0.973
  gold_label_random = 1, sentence2_has_negation = 0  [n = 279]:	loss = 0.046  exp loss = 0.027  adjusted loss = 0.027  adv prob = 0.166667   acc = 0.993
  gold_label_random = 1, sentence2_has_negation = 1  [n = 273]:	loss = 0.116  exp loss = 0.172  adjusted loss = 0.172  adv prob = 0.166667   acc = 0.967
  gold_label_random = 2, sentence2_has_negation = 0  [n = 273]:	loss = 0.102  exp loss = 0.128  adjusted loss = 0.128  adv prob = 0.166667   acc = 0.971
  gold_label_random = 2, sentence2_has_negation = 1  [n = 262]:	loss = 0.086  exp loss = 0.094  adjusted loss = 0.094  adv prob = 0.166667   acc = 0.977
Average incurred loss: 0.134  
Average sample loss: 0.134  
Average acc: 0.959  
  gold_label_random = 0, sentence2_has_negation = 0  [n = 264]:	loss = 0.173  exp loss = 0.245  adjusted loss = 0.245  adv prob = 0.166667   acc = 0.939
  gold_label_random = 0, sentence2_has_negation = 1  [n = 253]:	loss = 0.077  exp loss = 0.046  adjusted loss = 0.046  adv prob = 0.166667   acc = 0.980
  gold_label_random = 1, sentence2_has_negation = 0  [n = 282]:	loss = 0.085  exp loss = 0.080  adjusted loss = 0.080  adv prob = 0.166667   acc = 0.979
  gold_label_random = 1, sentence2_has_negation = 1  [n = 247]:	loss = 0.073  exp loss = 0.046  adjusted loss = 0.046  adv prob = 0.166667   acc = 0.980
  gold_label_random = 2, sentence2_has_negation = 0  [n = 259]:	loss = 0.129  exp loss = 0.139  adjusted loss = 0.139  adv prob = 0.166667   acc = 0.954
  gold_label_random = 2, sentence2_has_negation = 1  [n = 295]:	loss = 0.251  exp loss = 0.273  adjusted loss = 0.273  adv prob = 0.166667   acc = 0.925
Average incurred loss: 0.110  
Average sample loss: 0.110  
Average acc: 0.962  
  gold_label_random = 0, sentence2_has_negation = 0  [n = 276]:	loss = 0.087  exp loss = 0.159  adjusted loss = 0.159  adv prob = 0.166667   acc = 0.975
  gold_label_random = 0, sentence2_has_negation = 1  [n = 251]:	loss = 0.045  exp loss = 0.048  adjusted loss = 0.048  adv prob = 0.166667   acc = 0.980
  gold_label_random = 1, sentence2_has_negation = 0  [n = 298]:	loss = 0.053  exp loss = 0.047  adjusted loss = 0.047  adv prob = 0.166667   acc = 0.990
  gold_label_random = 1, sentence2_has_negation = 1  [n = 243]:	loss = 0.087  exp loss = 0.093  adjusted loss = 0.093  adv prob = 0.166667   acc = 0.975
  gold_label_random = 2, sentence2_has_negation = 0  [n = 276]:	loss = 0.137  exp loss = 0.071  adjusted loss = 0.071  adv prob = 0.166667   acc = 0.953
  gold_label_random = 2, sentence2_has_negation = 1  [n = 256]:	loss = 0.256  exp loss = 0.231  adjusted loss = 0.231  adv prob = 0.166667   acc = 0.895
Average incurred loss: 0.097  
Average sample loss: 0.097  
Average acc: 0.968  
  gold_label_random = 0, sentence2_has_negation = 0  [n = 266]:	loss = 0.104  exp loss = 0.103  adjusted loss = 0.103  adv prob = 0.166667   acc = 0.966
  gold_label_random = 0, sentence2_has_negation = 1  [n = 259]:	loss = 0.035  exp loss = 0.046  adjusted loss = 0.046  adv prob = 0.166667   acc = 0.988
  gold_label_random = 1, sentence2_has_negation = 0  [n = 249]:	loss = 0.043  exp loss = 0.070  adjusted loss = 0.070  adv prob = 0.166667   acc = 0.988
  gold_label_random = 1, sentence2_has_negation = 1  [n = 267]:	loss = 0.104  exp loss = 0.114  adjusted loss = 0.114  adv prob = 0.166667   acc = 0.966
  gold_label_random = 2, sentence2_has_negation = 0  [n = 268]:	loss = 0.096  exp loss = 0.149  adjusted loss = 0.149  adv prob = 0.166667   acc = 0.970
  gold_label_random = 2, sentence2_has_negation = 1  [n = 291]:	loss = 0.184  exp loss = 0.104  adjusted loss = 0.104  adv prob = 0.166667   acc = 0.935
Average incurred loss: 0.105  
Average sample loss: 0.105  
Average acc: 0.966  
  gold_label_random = 0, sentence2_has_negation = 0  [n = 269]:	loss = 0.114  exp loss = 0.172  adjusted loss = 0.172  adv prob = 0.166667   acc = 0.959
  gold_label_random = 0, sentence2_has_negation = 1  [n = 275]:	loss = 0.035  exp loss = 0.028  adjusted loss = 0.028  adv prob = 0.166667   acc = 0.985
  gold_label_random = 1, sentence2_has_negation = 0  [n = 264]:	loss = 0.073  exp loss = 0.189  adjusted loss = 0.189  adv prob = 0.166667   acc = 0.973
  gold_label_random = 1, sentence2_has_negation = 1  [n = 245]:	loss = 0.076  exp loss = 0.066  adjusted loss = 0.066  adv prob = 0.166667   acc = 0.976
  gold_label_random = 2, sentence2_has_negation = 0  [n = 278]:	loss = 0.105  exp loss = 0.087  adjusted loss = 0.087  adv prob = 0.166667   acc = 0.968
  gold_label_random = 2, sentence2_has_negation = 1  [n = 269]:	loss = 0.222  exp loss = 0.209  adjusted loss = 0.209  adv prob = 0.166667   acc = 0.937
Average incurred loss: 0.113  
Average sample loss: 0.113  
Average acc: 0.960  
  gold_label_random = 0, sentence2_has_negation = 0  [n = 261]:	loss = 0.120  exp loss = 0.133  adjusted loss = 0.133  adv prob = 0.166667   acc = 0.962
  gold_label_random = 0, sentence2_has_negation = 1  [n = 253]:	loss = 0.045  exp loss = 0.020  adjusted loss = 0.020  adv prob = 0.166667   acc = 0.980
  gold_label_random = 1, sentence2_has_negation = 0  [n = 251]:	loss = 0.050  exp loss = 0.035  adjusted loss = 0.035  adv prob = 0.166667   acc = 0.980
  gold_label_random = 1, sentence2_has_negation = 1  [n = 289]:	loss = 0.083  exp loss = 0.108  adjusted loss = 0.108  adv prob = 0.166667   acc = 0.979
  gold_label_random = 2, sentence2_has_negation = 0  [n = 272]:	loss = 0.118  exp loss = 0.110  adjusted loss = 0.110  adv prob = 0.166667   acc = 0.945
  gold_label_random = 2, sentence2_has_negation = 1  [n = 274]:	loss = 0.256  exp loss = 0.346  adjusted loss = 0.346  adv prob = 0.166667   acc = 0.916
Average incurred loss: 0.102  
Average sample loss: 0.102  
Average acc: 0.968  
  gold_label_random = 0, sentence2_has_negation = 0  [n = 252]:	loss = 0.139  exp loss = 0.077  adjusted loss = 0.077  adv prob = 0.166667   acc = 0.956
  gold_label_random = 0, sentence2_has_negation = 1  [n = 281]:	loss = 0.065  exp loss = 0.149  adjusted loss = 0.149  adv prob = 0.166667   acc = 0.982
  gold_label_random = 1, sentence2_has_negation = 0  [n = 246]:	loss = 0.088  exp loss = 0.063  adjusted loss = 0.063  adv prob = 0.166667   acc = 0.972
  gold_label_random = 1, sentence2_has_negation = 1  [n = 260]:	loss = 0.097  exp loss = 0.154  adjusted loss = 0.154  adv prob = 0.166667   acc = 0.973
  gold_label_random = 2, sentence2_has_negation = 0  [n = 274]:	loss = 0.099  exp loss = 0.034  adjusted loss = 0.034  adv prob = 0.166667   acc = 0.967
  gold_label_random = 2, sentence2_has_negation = 1  [n = 287]:	loss = 0.126  exp loss = 0.112  adjusted loss = 0.112  adv prob = 0.166667   acc = 0.958
Average incurred loss: 0.086  
Average sample loss: 0.086  
Average acc: 0.965  
  gold_label_random = 0, sentence2_has_negation = 0  [n = 267]:	loss = 0.081  exp loss = 0.054  adjusted loss = 0.054  adv prob = 0.166667   acc = 0.966
  gold_label_random = 0, sentence2_has_negation = 1  [n = 266]:	loss = 0.043  exp loss = 0.062  adjusted loss = 0.062  adv prob = 0.166667   acc = 0.989
  gold_label_random = 1, sentence2_has_negation = 0  [n = 257]:	loss = 0.066  exp loss = 0.078  adjusted loss = 0.078  adv prob = 0.166667   acc = 0.969
  gold_label_random = 1, sentence2_has_negation = 1  [n = 256]:	loss = 0.080  exp loss = 0.078  adjusted loss = 0.078  adv prob = 0.166667   acc = 0.965
  gold_label_random = 2, sentence2_has_negation = 0  [n = 265]:	loss = 0.093  exp loss = 0.211  adjusted loss = 0.211  adv prob = 0.166667   acc = 0.962
  gold_label_random = 2, sentence2_has_negation = 1  [n = 289]:	loss = 0.147  exp loss = 0.101  adjusted loss = 0.101  adv prob = 0.166667   acc = 0.941
Average incurred loss: 0.106  
Average sample loss: 0.106  
Average acc: 0.964  
  gold_label_random = 0, sentence2_has_negation = 0  [n = 264]:	loss = 0.139  exp loss = 0.059  adjusted loss = 0.059  adv prob = 0.166667   acc = 0.947
  gold_label_random = 0, sentence2_has_negation = 1  [n = 262]:	loss = 0.084  exp loss = 0.076  adjusted loss = 0.076  adv prob = 0.166667   acc = 0.977
  gold_label_random = 1, sentence2_has_negation = 0  [n = 262]:	loss = 0.068  exp loss = 0.066  adjusted loss = 0.066  adv prob = 0.166667   acc = 0.981
  gold_label_random = 1, sentence2_has_negation = 1  [n = 274]:	loss = 0.144  exp loss = 0.191  adjusted loss = 0.191  adv prob = 0.166667   acc = 0.949
  gold_label_random = 2, sentence2_has_negation = 0  [n = 268]:	loss = 0.072  exp loss = 0.043  adjusted loss = 0.043  adv prob = 0.166667   acc = 0.981
  gold_label_random = 2, sentence2_has_negation = 1  [n = 270]:	loss = 0.127  exp loss = 0.151  adjusted loss = 0.151  adv prob = 0.166667   acc = 0.952
Average incurred loss: 0.109  
Average sample loss: 0.109  
Average acc: 0.965  
  gold_label_random = 0, sentence2_has_negation = 0  [n = 265]:	loss = 0.159  exp loss = 0.147  adjusted loss = 0.147  adv prob = 0.166667   acc = 0.943
  gold_label_random = 0, sentence2_has_negation = 1  [n = 272]:	loss = 0.048  exp loss = 0.017  adjusted loss = 0.017  adv prob = 0.166667   acc = 0.985
  gold_label_random = 1, sentence2_has_negation = 0  [n = 278]:	loss = 0.044  exp loss = 0.039  adjusted loss = 0.039  adv prob = 0.166667   acc = 0.986
  gold_label_random = 1, sentence2_has_negation = 1  [n = 273]:	loss = 0.150  exp loss = 0.129  adjusted loss = 0.129  adv prob = 0.166667   acc = 0.967
  gold_label_random = 2, sentence2_has_negation = 0  [n = 273]:	loss = 0.115  exp loss = 0.084  adjusted loss = 0.084  adv prob = 0.166667   acc = 0.963
  gold_label_random = 2, sentence2_has_negation = 1  [n = 239]:	loss = 0.143  exp loss = 0.168  adjusted loss = 0.168  adv prob = 0.166667   acc = 0.941
Average incurred loss: 0.117  
Average sample loss: 0.117  
Average acc: 0.957  
  gold_label_random = 0, sentence2_has_negation = 0  [n = 265]:	loss = 0.119  exp loss = 0.088  adjusted loss = 0.088  adv prob = 0.166667   acc = 0.940
  gold_label_random = 0, sentence2_has_negation = 1  [n = 279]:	loss = 0.035  exp loss = 0.022  adjusted loss = 0.022  adv prob = 0.166667   acc = 0.986
  gold_label_random = 1, sentence2_has_negation = 0  [n = 239]:	loss = 0.064  exp loss = 0.048  adjusted loss = 0.048  adv prob = 0.166667   acc = 0.983
  gold_label_random = 1, sentence2_has_negation = 1  [n = 277]:	loss = 0.063  exp loss = 0.083  adjusted loss = 0.083  adv prob = 0.166667   acc = 0.986
  gold_label_random = 2, sentence2_has_negation = 0  [n = 280]:	loss = 0.167  exp loss = 0.244  adjusted loss = 0.244  adv prob = 0.166667   acc = 0.943
  gold_label_random = 2, sentence2_has_negation = 1  [n = 260]:	loss = 0.255  exp loss = 0.290  adjusted loss = 0.290  adv prob = 0.166667   acc = 0.904
Average incurred loss: 0.100  
Average sample loss: 0.100  
Average acc: 0.969  
  gold_label_random = 0, sentence2_has_negation = 0  [n = 269]:	loss = 0.133  exp loss = 0.093  adjusted loss = 0.093  adv prob = 0.166667   acc = 0.959
  gold_label_random = 0, sentence2_has_negation = 1  [n = 282]:	loss = 0.060  exp loss = 0.074  adjusted loss = 0.074  adv prob = 0.166667   acc = 0.982
  gold_label_random = 1, sentence2_has_negation = 0  [n = 273]:	loss = 0.071  exp loss = 0.118  adjusted loss = 0.118  adv prob = 0.166667   acc = 0.982
  gold_label_random = 1, sentence2_has_negation = 1  [n = 238]:	loss = 0.073  exp loss = 0.059  adjusted loss = 0.059  adv prob = 0.166667   acc = 0.971
  gold_label_random = 2, sentence2_has_negation = 0  [n = 258]:	loss = 0.082  exp loss = 0.078  adjusted loss = 0.078  adv prob = 0.166667   acc = 0.969
  gold_label_random = 2, sentence2_has_negation = 1  [n = 280]:	loss = 0.179  exp loss = 0.096  adjusted loss = 0.096  adv prob = 0.166667   acc = 0.950
Average incurred loss: 0.104  
Average sample loss: 0.104  
Average acc: 0.965  
  gold_label_random = 0, sentence2_has_negation = 0  [n = 283]:	loss = 0.147  exp loss = 0.091  adjusted loss = 0.091  adv prob = 0.166667   acc = 0.947
  gold_label_random = 0, sentence2_has_negation = 1  [n = 272]:	loss = 0.032  exp loss = 0.030  adjusted loss = 0.030  adv prob = 0.166667   acc = 0.996
  gold_label_random = 1, sentence2_has_negation = 0  [n = 249]:	loss = 0.044  exp loss = 0.037  adjusted loss = 0.037  adv prob = 0.166667   acc = 0.976
  gold_label_random = 1, sentence2_has_negation = 1  [n = 259]:	loss = 0.117  exp loss = 0.082  adjusted loss = 0.082  adv prob = 0.166667   acc = 0.961
  gold_label_random = 2, sentence2_has_negation = 0  [n = 284]:	loss = 0.103  exp loss = 0.139  adjusted loss = 0.139  adv prob = 0.166667   acc = 0.965
  gold_label_random = 2, sentence2_has_negation = 1  [n = 253]:	loss = 0.179  exp loss = 0.280  adjusted loss = 0.280  adv prob = 0.166667   acc = 0.945
Average incurred loss: 0.110  
Average sample loss: 0.110  
Average acc: 0.964  
  gold_label_random = 0, sentence2_has_negation = 0  [n = 270]:	loss = 0.162  exp loss = 0.169  adjusted loss = 0.169  adv prob = 0.166667   acc = 0.952
  gold_label_random = 0, sentence2_has_negation = 1  [n = 244]:	loss = 0.056  exp loss = 0.033  adjusted loss = 0.033  adv prob = 0.166667   acc = 0.980
  gold_label_random = 1, sentence2_has_negation = 0  [n = 286]:	loss = 0.026  exp loss = 0.018  adjusted loss = 0.018  adv prob = 0.166667   acc = 1.000
  gold_label_random = 1, sentence2_has_negation = 1  [n = 265]:	loss = 0.087  exp loss = 0.107  adjusted loss = 0.107  adv prob = 0.166667   acc = 0.985
  gold_label_random = 2, sentence2_has_negation = 0  [n = 260]:	loss = 0.131  exp loss = 0.183  adjusted loss = 0.183  adv prob = 0.166667   acc = 0.950
  gold_label_random = 2, sentence2_has_negation = 1  [n = 275]:	loss = 0.196  exp loss = 0.173  adjusted loss = 0.173  adv prob = 0.166667   acc = 0.920
Average incurred loss: 0.121  
Average sample loss: 0.121  
Average acc: 0.960  
  gold_label_random = 0, sentence2_has_negation = 0  [n = 254]:	loss = 0.140  exp loss = 0.117  adjusted loss = 0.117  adv prob = 0.166667   acc = 0.941
  gold_label_random = 0, sentence2_has_negation = 1  [n = 281]:	loss = 0.071  exp loss = 0.041  adjusted loss = 0.041  adv prob = 0.166667   acc = 0.979
  gold_label_random = 1, sentence2_has_negation = 0  [n = 275]:	loss = 0.067  exp loss = 0.057  adjusted loss = 0.057  adv prob = 0.166667   acc = 0.978
  gold_label_random = 1, sentence2_has_negation = 1  [n = 254]:	loss = 0.082  exp loss = 0.093  adjusted loss = 0.093  adv prob = 0.166667   acc = 0.969
  gold_label_random = 2, sentence2_has_negation = 0  [n = 248]:	loss = 0.127  exp loss = 0.115  adjusted loss = 0.115  adv prob = 0.166667   acc = 0.960
  gold_label_random = 2, sentence2_has_negation = 1  [n = 288]:	loss = 0.236  exp loss = 0.155  adjusted loss = 0.155  adv prob = 0.166667   acc = 0.934
Average incurred loss: 0.109  
Average sample loss: 0.109  
Average acc: 0.964  
  gold_label_random = 0, sentence2_has_negation = 0  [n = 273]:	loss = 0.158  exp loss = 0.131  adjusted loss = 0.131  adv prob = 0.166667   acc = 0.949
  gold_label_random = 0, sentence2_has_negation = 1  [n = 246]:	loss = 0.046  exp loss = 0.030  adjusted loss = 0.030  adv prob = 0.166667   acc = 0.992
  gold_label_random = 1, sentence2_has_negation = 0  [n = 245]:	loss = 0.038  exp loss = 0.060  adjusted loss = 0.060  adv prob = 0.166667   acc = 0.984
  gold_label_random = 1, sentence2_has_negation = 1  [n = 288]:	loss = 0.089  exp loss = 0.108  adjusted loss = 0.108  adv prob = 0.166667   acc = 0.983
  gold_label_random = 2, sentence2_has_negation = 0  [n = 270]:	loss = 0.148  exp loss = 0.202  adjusted loss = 0.202  adv prob = 0.166667   acc = 0.948
  gold_label_random = 2, sentence2_has_negation = 1  [n = 278]:	loss = 0.162  exp loss = 0.109  adjusted loss = 0.109  adv prob = 0.166667   acc = 0.935
Average incurred loss: 0.094  
Average sample loss: 0.094  
Average acc: 0.966  
  gold_label_random = 0, sentence2_has_negation = 0  [n = 256]:	loss = 0.096  exp loss = 0.063  adjusted loss = 0.063  adv prob = 0.166667   acc = 0.957
  gold_label_random = 0, sentence2_has_negation = 1  [n = 298]:	loss = 0.049  exp loss = 0.070  adjusted loss = 0.070  adv prob = 0.166667   acc = 0.990
  gold_label_random = 1, sentence2_has_negation = 0  [n = 263]:	loss = 0.064  exp loss = 0.034  adjusted loss = 0.034  adv prob = 0.166667   acc = 0.981
  gold_label_random = 1, sentence2_has_negation = 1  [n = 275]:	loss = 0.084  exp loss = 0.085  adjusted loss = 0.085  adv prob = 0.166667   acc = 0.975
  gold_label_random = 2, sentence2_has_negation = 0  [n = 245]:	loss = 0.105  exp loss = 0.090  adjusted loss = 0.090  adv prob = 0.166667   acc = 0.967
  gold_label_random = 2, sentence2_has_negation = 1  [n = 263]:	loss = 0.175  exp loss = 0.241  adjusted loss = 0.241  adv prob = 0.166667   acc = 0.924
Average incurred loss: 0.116  
Average sample loss: 0.116  
Average acc: 0.955  
  gold_label_random = 0, sentence2_has_negation = 0  [n = 250]:	loss = 0.161  exp loss = 0.169  adjusted loss = 0.169  adv prob = 0.166667   acc = 0.936
  gold_label_random = 0, sentence2_has_negation = 1  [n = 243]:	loss = 0.062  exp loss = 0.053  adjusted loss = 0.053  adv prob = 0.166667   acc = 0.967
  gold_label_random = 1, sentence2_has_negation = 0  [n = 268]:	loss = 0.070  exp loss = 0.072  adjusted loss = 0.072  adv prob = 0.166667   acc = 0.974
  gold_label_random = 1, sentence2_has_negation = 1  [n = 260]:	loss = 0.118  exp loss = 0.128  adjusted loss = 0.128  adv prob = 0.166667   acc = 0.969
  gold_label_random = 2, sentence2_has_negation = 0  [n = 278]:	loss = 0.085  exp loss = 0.100  adjusted loss = 0.100  adv prob = 0.166667   acc = 0.968
  gold_label_random = 2, sentence2_has_negation = 1  [n = 301]:	loss = 0.189  exp loss = 0.194  adjusted loss = 0.194  adv prob = 0.166667   acc = 0.920
Average incurred loss: 0.124  
Average sample loss: 0.124  
Average acc: 0.960  
  gold_label_random = 0, sentence2_has_negation = 0  [n = 264]:	loss = 0.171  exp loss = 0.117  adjusted loss = 0.117  adv prob = 0.166667   acc = 0.932
  gold_label_random = 0, sentence2_has_negation = 1  [n = 283]:	loss = 0.042  exp loss = 0.039  adjusted loss = 0.039  adv prob = 0.166667   acc = 0.986
  gold_label_random = 1, sentence2_has_negation = 0  [n = 275]:	loss = 0.061  exp loss = 0.083  adjusted loss = 0.083  adv prob = 0.166667   acc = 0.985
  gold_label_random = 1, sentence2_has_negation = 1  [n = 247]:	loss = 0.164  exp loss = 0.509  adjusted loss = 0.509  adv prob = 0.166667   acc = 0.955
  gold_label_random = 2, sentence2_has_negation = 0  [n = 256]:	loss = 0.134  exp loss = 0.116  adjusted loss = 0.116  adv prob = 0.166667   acc = 0.957
  gold_label_random = 2, sentence2_has_negation = 1  [n = 275]:	loss = 0.181  exp loss = 0.162  adjusted loss = 0.162  adv prob = 0.166667   acc = 0.942
Average incurred loss: 0.102  
Average sample loss: 0.102  
Average acc: 0.964  
  gold_label_random = 0, sentence2_has_negation = 0  [n = 281]:	loss = 0.122  exp loss = 0.104  adjusted loss = 0.104  adv prob = 0.166667   acc = 0.950
  gold_label_random = 0, sentence2_has_negation = 1  [n = 266]:	loss = 0.055  exp loss = 0.048  adjusted loss = 0.048  adv prob = 0.166667   acc = 0.981
  gold_label_random = 1, sentence2_has_negation = 0  [n = 271]:	loss = 0.044  exp loss = 0.032  adjusted loss = 0.032  adv prob = 0.166667   acc = 0.993
  gold_label_random = 1, sentence2_has_negation = 1  [n = 273]:	loss = 0.125  exp loss = 0.104  adjusted loss = 0.104  adv prob = 0.166667   acc = 0.956
  gold_label_random = 2, sentence2_has_negation = 0  [n = 237]:	loss = 0.036  exp loss = 0.028  adjusted loss = 0.028  adv prob = 0.166667   acc = 0.979
  gold_label_random = 2, sentence2_has_negation = 1  [n = 272]:	loss = 0.217  exp loss = 0.127  adjusted loss = 0.127  adv prob = 0.166667   acc = 0.930
Average incurred loss: 0.122  
Average sample loss: 0.122  
Average acc: 0.961  
  gold_label_random = 0, sentence2_has_negation = 0  [n = 236]:	loss = 0.111  exp loss = 0.098  adjusted loss = 0.098  adv prob = 0.166667   acc = 0.958
  gold_label_random = 0, sentence2_has_negation = 1  [n = 295]:	loss = 0.075  exp loss = 0.050  adjusted loss = 0.050  adv prob = 0.166667   acc = 0.976
  gold_label_random = 1, sentence2_has_negation = 0  [n = 273]:	loss = 0.097  exp loss = 0.075  adjusted loss = 0.075  adv prob = 0.166667   acc = 0.974
  gold_label_random = 1, sentence2_has_negation = 1  [n = 266]:	loss = 0.153  exp loss = 0.164  adjusted loss = 0.164  adv prob = 0.166667   acc = 0.959
  gold_label_random = 2, sentence2_has_negation = 0  [n = 256]:	loss = 0.082  exp loss = 0.056  adjusted loss = 0.056  adv prob = 0.166667   acc = 0.973
  gold_label_random = 2, sentence2_has_negation = 1  [n = 274]:	loss = 0.213  exp loss = 0.176  adjusted loss = 0.176  adv prob = 0.166667   acc = 0.927
Average incurred loss: 0.112  
Average sample loss: 0.112  
Average acc: 0.963  
  gold_label_random = 0, sentence2_has_negation = 0  [n = 248]:	loss = 0.134  exp loss = 0.183  adjusted loss = 0.183  adv prob = 0.166667   acc = 0.948
  gold_label_random = 0, sentence2_has_negation = 1  [n = 266]:	loss = 0.052  exp loss = 0.058  adjusted loss = 0.058  adv prob = 0.166667   acc = 0.985
  gold_label_random = 1, sentence2_has_negation = 0  [n = 281]:	loss = 0.077  exp loss = 0.114  adjusted loss = 0.114  adv prob = 0.166667   acc = 0.982
  gold_label_random = 1, sentence2_has_negation = 1  [n = 268]:	loss = 0.093  exp loss = 0.106  adjusted loss = 0.106  adv prob = 0.166667   acc = 0.981
  gold_label_random = 2, sentence2_has_negation = 0  [n = 259]:	loss = 0.104  exp loss = 0.152  adjusted loss = 0.152  adv prob = 0.166667   acc = 0.950
  gold_label_random = 2, sentence2_has_negation = 1  [n = 278]:	loss = 0.209  exp loss = 0.240  adjusted loss = 0.240  adv prob = 0.166667   acc = 0.932
Average incurred loss: 0.122  
Average sample loss: 0.122  
Average acc: 0.964  
  gold_label_random = 0, sentence2_has_negation = 0  [n = 279]:	loss = 0.136  exp loss = 0.109  adjusted loss = 0.109  adv prob = 0.166667   acc = 0.961
  gold_label_random = 0, sentence2_has_negation = 1  [n = 265]:	loss = 0.050  exp loss = 0.034  adjusted loss = 0.034  adv prob = 0.166667   acc = 0.989
  gold_label_random = 1, sentence2_has_negation = 0  [n = 256]:	loss = 0.068  exp loss = 0.064  adjusted loss = 0.064  adv prob = 0.166667   acc = 0.984
  gold_label_random = 1, sentence2_has_negation = 1  [n = 273]:	loss = 0.090  exp loss = 0.062  adjusted loss = 0.062  adv prob = 0.166667   acc = 0.974
  gold_label_random = 2, sentence2_has_negation = 0  [n = 269]:	loss = 0.182  exp loss = 0.175  adjusted loss = 0.175  adv prob = 0.166667   acc = 0.944
  gold_label_random = 2, sentence2_has_negation = 1  [n = 258]:	loss = 0.206  exp loss = 0.270  adjusted loss = 0.270  adv prob = 0.166667   acc = 0.934
Average incurred loss: 0.126  
Average sample loss: 0.126  
Average acc: 0.955  
  gold_label_random = 0, sentence2_has_negation = 0  [n = 280]:	loss = 0.144  exp loss = 0.218  adjusted loss = 0.218  adv prob = 0.166667   acc = 0.943
  gold_label_random = 0, sentence2_has_negation = 1  [n = 275]:	loss = 0.047  exp loss = 0.035  adjusted loss = 0.035  adv prob = 0.166667   acc = 0.975
  gold_label_random = 1, sentence2_has_negation = 0  [n = 264]:	loss = 0.054  exp loss = 0.022  adjusted loss = 0.022  adv prob = 0.166667   acc = 0.989
  gold_label_random = 1, sentence2_has_negation = 1  [n = 239]:	loss = 0.110  exp loss = 0.093  adjusted loss = 0.093  adv prob = 0.166667   acc = 0.971
  gold_label_random = 2, sentence2_has_negation = 0  [n = 250]:	loss = 0.112  exp loss = 0.188  adjusted loss = 0.188  adv prob = 0.166667   acc = 0.952
  gold_label_random = 2, sentence2_has_negation = 1  [n = 292]:	loss = 0.273  exp loss = 0.331  adjusted loss = 0.331  adv prob = 0.166667   acc = 0.908
Average incurred loss: 0.123  
Average sample loss: 0.123  
Average acc: 0.964  
  gold_label_random = 0, sentence2_has_negation = 0  [n = 275]:	loss = 0.243  exp loss = 0.389  adjusted loss = 0.389  adv prob = 0.166667   acc = 0.942
  gold_label_random = 0, sentence2_has_negation = 1  [n = 262]:	loss = 0.026  exp loss = 0.061  adjusted loss = 0.061  adv prob = 0.166667   acc = 0.992
  gold_label_random = 1, sentence2_has_negation = 0  [n = 298]:	loss = 0.052  exp loss = 0.033  adjusted loss = 0.033  adv prob = 0.166667   acc = 0.990
  gold_label_random = 1, sentence2_has_negation = 1  [n = 245]:	loss = 0.112  exp loss = 0.065  adjusted loss = 0.065  adv prob = 0.166667   acc = 0.955
  gold_label_random = 2, sentence2_has_negation = 0  [n = 266]:	loss = 0.123  exp loss = 0.126  adjusted loss = 0.126  adv prob = 0.166667   acc = 0.966
  gold_label_random = 2, sentence2_has_negation = 1  [n = 254]:	loss = 0.187  exp loss = 0.295  adjusted loss = 0.295  adv prob = 0.166667   acc = 0.937
Average incurred loss: 0.122  
Average sample loss: 0.122  
Average acc: 0.957  
  gold_label_random = 0, sentence2_has_negation = 0  [n = 286]:	loss = 0.169  exp loss = 0.173  adjusted loss = 0.173  adv prob = 0.166667   acc = 0.944
  gold_label_random = 0, sentence2_has_negation = 1  [n = 280]:	loss = 0.043  exp loss = 0.064  adjusted loss = 0.064  adv prob = 0.166667   acc = 0.982
  gold_label_random = 1, sentence2_has_negation = 0  [n = 265]:	loss = 0.068  exp loss = 0.060  adjusted loss = 0.060  adv prob = 0.166667   acc = 0.977
  gold_label_random = 1, sentence2_has_negation = 1  [n = 267]:	loss = 0.187  exp loss = 0.251  adjusted loss = 0.251  adv prob = 0.166667   acc = 0.936
  gold_label_random = 2, sentence2_has_negation = 0  [n = 260]:	loss = 0.112  exp loss = 0.103  adjusted loss = 0.103  adv prob = 0.166667   acc = 0.962
  gold_label_random = 2, sentence2_has_negation = 1  [n = 242]:	loss = 0.157  exp loss = 0.106  adjusted loss = 0.106  adv prob = 0.166667   acc = 0.938
Average incurred loss: 0.105  
Average sample loss: 0.105  
Average acc: 0.969  
  gold_label_random = 0, sentence2_has_negation = 0  [n = 262]:	loss = 0.078  exp loss = 0.157  adjusted loss = 0.157  adv prob = 0.166667   acc = 0.973
  gold_label_random = 0, sentence2_has_negation = 1  [n = 255]:	loss = 0.034  exp loss = 0.039  adjusted loss = 0.039  adv prob = 0.166667   acc = 0.992
  gold_label_random = 1, sentence2_has_negation = 0  [n = 270]:	loss = 0.062  exp loss = 0.049  adjusted loss = 0.049  adv prob = 0.166667   acc = 0.993
  gold_label_random = 1, sentence2_has_negation = 1  [n = 261]:	loss = 0.091  exp loss = 0.063  adjusted loss = 0.063  adv prob = 0.166667   acc = 0.973
  gold_label_random = 2, sentence2_has_negation = 0  [n = 289]:	loss = 0.144  exp loss = 0.072  adjusted loss = 0.072  adv prob = 0.166667   acc = 0.952
  gold_label_random = 2, sentence2_has_negation = 1  [n = 263]:	loss = 0.216  exp loss = 0.230  adjusted loss = 0.230  adv prob = 0.166667   acc = 0.935
Average incurred loss: 0.116  
Average sample loss: 0.116  
Average acc: 0.959  
  gold_label_random = 0, sentence2_has_negation = 0  [n = 263]:	loss = 0.181  exp loss = 0.144  adjusted loss = 0.144  adv prob = 0.166667   acc = 0.924
  gold_label_random = 0, sentence2_has_negation = 1  [n = 292]:	loss = 0.043  exp loss = 0.030  adjusted loss = 0.030  adv prob = 0.166667   acc = 0.986
  gold_label_random = 1, sentence2_has_negation = 0  [n = 263]:	loss = 0.076  exp loss = 0.082  adjusted loss = 0.082  adv prob = 0.166667   acc = 0.970
  gold_label_random = 1, sentence2_has_negation = 1  [n = 278]:	loss = 0.141  exp loss = 0.133  adjusted loss = 0.133  adv prob = 0.166667   acc = 0.957
  gold_label_random = 2, sentence2_has_negation = 0  [n = 249]:	loss = 0.115  exp loss = 0.061  adjusted loss = 0.061  adv prob = 0.166667   acc = 0.956
  gold_label_random = 2, sentence2_has_negation = 1  [n = 255]:	loss = 0.147  exp loss = 0.176  adjusted loss = 0.176  adv prob = 0.166667   acc = 0.957
Average incurred loss: 0.113  
Average sample loss: 0.113  
Average acc: 0.966  
  gold_label_random = 0, sentence2_has_negation = 0  [n = 268]:	loss = 0.117  exp loss = 0.165  adjusted loss = 0.165  adv prob = 0.166667   acc = 0.963
  gold_label_random = 0, sentence2_has_negation = 1  [n = 282]:	loss = 0.048  exp loss = 0.071  adjusted loss = 0.071  adv prob = 0.166667   acc = 0.986
  gold_label_random = 1, sentence2_has_negation = 0  [n = 269]:	loss = 0.104  exp loss = 0.089  adjusted loss = 0.089  adv prob = 0.166667   acc = 0.974
  gold_label_random = 1, sentence2_has_negation = 1  [n = 269]:	loss = 0.147  exp loss = 0.084  adjusted loss = 0.084  adv prob = 0.166667   acc = 0.952
  gold_label_random = 2, sentence2_has_negation = 0  [n = 256]:	loss = 0.098  exp loss = 0.132  adjusted loss = 0.132  adv prob = 0.166667   acc = 0.969
  gold_label_random = 2, sentence2_has_negation = 1  [n = 256]:	loss = 0.172  exp loss = 0.137  adjusted loss = 0.137  adv prob = 0.166667   acc = 0.949
Average incurred loss: 0.102  
Average sample loss: 0.102  
Average acc: 0.969  
  gold_label_random = 0, sentence2_has_negation = 0  [n = 257]:	loss = 0.106  exp loss = 0.109  adjusted loss = 0.109  adv prob = 0.166667   acc = 0.973
  gold_label_random = 0, sentence2_has_negation = 1  [n = 251]:	loss = 0.049  exp loss = 0.044  adjusted loss = 0.044  adv prob = 0.166667   acc = 0.980
  gold_label_random = 1, sentence2_has_negation = 0  [n = 282]:	loss = 0.062  exp loss = 0.088  adjusted loss = 0.088  adv prob = 0.166667   acc = 0.979
  gold_label_random = 1, sentence2_has_negation = 1  [n = 268]:	loss = 0.092  exp loss = 0.097  adjusted loss = 0.097  adv prob = 0.166667   acc = 0.978
  gold_label_random = 2, sentence2_has_negation = 0  [n = 278]:	loss = 0.131  exp loss = 0.179  adjusted loss = 0.179  adv prob = 0.166667   acc = 0.960
  gold_label_random = 2, sentence2_has_negation = 1  [n = 264]:	loss = 0.171  exp loss = 0.172  adjusted loss = 0.172  adv prob = 0.166667   acc = 0.947
Average incurred loss: 0.137  
Average sample loss: 0.137  
Average acc: 0.954  
  gold_label_random = 0, sentence2_has_negation = 0  [n = 267]:	loss = 0.122  exp loss = 0.107  adjusted loss = 0.107  adv prob = 0.166667   acc = 0.955
  gold_label_random = 0, sentence2_has_negation = 1  [n = 255]:	loss = 0.036  exp loss = 0.030  adjusted loss = 0.030  adv prob = 0.166667   acc = 0.988
  gold_label_random = 1, sentence2_has_negation = 0  [n = 256]:	loss = 0.095  exp loss = 0.060  adjusted loss = 0.060  adv prob = 0.166667   acc = 0.969
  gold_label_random = 1, sentence2_has_negation = 1  [n = 281]:	loss = 0.168  exp loss = 0.152  adjusted loss = 0.152  adv prob = 0.166667   acc = 0.950
  gold_label_random = 2, sentence2_has_negation = 0  [n = 262]:	loss = 0.092  exp loss = 0.085  adjusted loss = 0.085  adv prob = 0.166667   acc = 0.954
  gold_label_random = 2, sentence2_has_negation = 1  [n = 279]:	loss = 0.296  exp loss = 0.282  adjusted loss = 0.282  adv prob = 0.166667   acc = 0.910
Average incurred loss: 0.093  
Average sample loss: 0.093  
Average acc: 0.967  
  gold_label_random = 0, sentence2_has_negation = 0  [n = 305]:	loss = 0.100  exp loss = 0.110  adjusted loss = 0.110  adv prob = 0.166667   acc = 0.954
  gold_label_random = 0, sentence2_has_negation = 1  [n = 271]:	loss = 0.050  exp loss = 0.028  adjusted loss = 0.028  adv prob = 0.166667   acc = 0.985
  gold_label_random = 1, sentence2_has_negation = 0  [n = 272]:	loss = 0.060  exp loss = 0.062  adjusted loss = 0.062  adv prob = 0.166667   acc = 0.982
  gold_label_random = 1, sentence2_has_negation = 1  [n = 243]:	loss = 0.090  exp loss = 0.036  adjusted loss = 0.036  adv prob = 0.166667   acc = 0.979
  gold_label_random = 2, sentence2_has_negation = 0  [n = 250]:	loss = 0.080  exp loss = 0.053  adjusted loss = 0.053  adv prob = 0.166667   acc = 0.972
  gold_label_random = 2, sentence2_has_negation = 1  [n = 259]:	loss = 0.177  exp loss = 0.106  adjusted loss = 0.106  adv prob = 0.166667   acc = 0.931
Average incurred loss: 0.117  
Average sample loss: 0.117  
Average acc: 0.961  
  gold_label_random = 0, sentence2_has_negation = 0  [n = 260]:	loss = 0.148  exp loss = 0.172  adjusted loss = 0.172  adv prob = 0.166667   acc = 0.958
  gold_label_random = 0, sentence2_has_negation = 1  [n = 271]:	loss = 0.053  exp loss = 0.033  adjusted loss = 0.033  adv prob = 0.166667   acc = 0.989
  gold_label_random = 1, sentence2_has_negation = 0  [n = 276]:	loss = 0.061  exp loss = 0.081  adjusted loss = 0.081  adv prob = 0.166667   acc = 0.978
  gold_label_random = 1, sentence2_has_negation = 1  [n = 269]:	loss = 0.153  exp loss = 0.109  adjusted loss = 0.109  adv prob = 0.166667   acc = 0.944
  gold_label_random = 2, sentence2_has_negation = 0  [n = 245]:	loss = 0.117  exp loss = 0.085  adjusted loss = 0.085  adv prob = 0.166667   acc = 0.963
  gold_label_random = 2, sentence2_has_negation = 1  [n = 279]:	loss = 0.172  exp loss = 0.119  adjusted loss = 0.119  adv prob = 0.166667   acc = 0.932
Average incurred loss: 0.091  
Average sample loss: 0.091  
Average acc: 0.973  
  gold_label_random = 0, sentence2_has_negation = 0  [n = 261]:	loss = 0.125  exp loss = 0.280  adjusted loss = 0.280  adv prob = 0.166667   acc = 0.958
  gold_label_random = 0, sentence2_has_negation = 1  [n = 276]:	loss = 0.033  exp loss = 0.022  adjusted loss = 0.022  adv prob = 0.166667   acc = 0.986
  gold_label_random = 1, sentence2_has_negation = 0  [n = 272]:	loss = 0.071  exp loss = 0.141  adjusted loss = 0.141  adv prob = 0.166667   acc = 0.982
  gold_label_random = 1, sentence2_has_negation = 1  [n = 271]:	loss = 0.074  exp loss = 0.074  adjusted loss = 0.074  adv prob = 0.166667   acc = 0.985
  gold_label_random = 2, sentence2_has_negation = 0  [n = 251]:	loss = 0.122  exp loss = 0.076  adjusted loss = 0.076  adv prob = 0.166667   acc = 0.960
  gold_label_random = 2, sentence2_has_negation = 1  [n = 269]:	loss = 0.126  exp loss = 0.125  adjusted loss = 0.125  adv prob = 0.166667   acc = 0.963
Average incurred loss: 0.097  
Average sample loss: 0.097  
Average acc: 0.969  
  gold_label_random = 0, sentence2_has_negation = 0  [n = 261]:	loss = 0.076  exp loss = 0.039  adjusted loss = 0.039  adv prob = 0.166667   acc = 0.977
  gold_label_random = 0, sentence2_has_negation = 1  [n = 280]:	loss = 0.029  exp loss = 0.023  adjusted loss = 0.023  adv prob = 0.166667   acc = 0.993
  gold_label_random = 1, sentence2_has_negation = 0  [n = 253]:	loss = 0.065  exp loss = 0.057  adjusted loss = 0.057  adv prob = 0.166667   acc = 0.988
  gold_label_random = 1, sentence2_has_negation = 1  [n = 258]:	loss = 0.091  exp loss = 0.113  adjusted loss = 0.113  adv prob = 0.166667   acc = 0.965
  gold_label_random = 2, sentence2_has_negation = 0  [n = 268]:	loss = 0.135  exp loss = 0.172  adjusted loss = 0.172  adv prob = 0.166667   acc = 0.955
  gold_label_random = 2, sentence2_has_negation = 1  [n = 280]:	loss = 0.180  exp loss = 0.145  adjusted loss = 0.145  adv prob = 0.166667   acc = 0.939
Average incurred loss: 0.113  
Average sample loss: 0.113  
Average acc: 0.967  
  gold_label_random = 0, sentence2_has_negation = 0  [n = 262]:	loss = 0.147  exp loss = 0.140  adjusted loss = 0.140  adv prob = 0.166667   acc = 0.950
  gold_label_random = 0, sentence2_has_negation = 1  [n = 259]:	loss = 0.102  exp loss = 0.202  adjusted loss = 0.202  adv prob = 0.166667   acc = 0.969
  gold_label_random = 1, sentence2_has_negation = 0  [n = 293]:	loss = 0.050  exp loss = 0.050  adjusted loss = 0.050  adv prob = 0.166667   acc = 0.986
  gold_label_random = 1, sentence2_has_negation = 1  [n = 282]:	loss = 0.101  exp loss = 0.060  adjusted loss = 0.060  adv prob = 0.166667   acc = 0.972
  gold_label_random = 2, sentence2_has_negation = 0  [n = 270]:	loss = 0.100  exp loss = 0.050  adjusted loss = 0.050  adv prob = 0.166667   acc = 0.974
  gold_label_random = 2, sentence2_has_negation = 1  [n = 234]:	loss = 0.197  exp loss = 0.156  adjusted loss = 0.156  adv prob = 0.166667   acc = 0.944
Average incurred loss: 0.108  
Average sample loss: 0.108  
Average acc: 0.961  
  gold_label_random = 0, sentence2_has_negation = 0  [n = 274]:	loss = 0.171  exp loss = 0.185  adjusted loss = 0.185  adv prob = 0.166667   acc = 0.934
  gold_label_random = 0, sentence2_has_negation = 1  [n = 265]:	loss = 0.041  exp loss = 0.032  adjusted loss = 0.032  adv prob = 0.166667   acc = 0.985
  gold_label_random = 1, sentence2_has_negation = 0  [n = 260]:	loss = 0.061  exp loss = 0.064  adjusted loss = 0.064  adv prob = 0.166667   acc = 0.977
  gold_label_random = 1, sentence2_has_negation = 1  [n = 243]:	loss = 0.077  exp loss = 0.039  adjusted loss = 0.039  adv prob = 0.166667   acc = 0.975
  gold_label_random = 2, sentence2_has_negation = 0  [n = 272]:	loss = 0.138  exp loss = 0.175  adjusted loss = 0.175  adv prob = 0.166667   acc = 0.956
  gold_label_random = 2, sentence2_has_negation = 1  [n = 286]:	loss = 0.148  exp loss = 0.148  adjusted loss = 0.148  adv prob = 0.166667   acc = 0.944
Average incurred loss: 0.120  
Average sample loss: 0.120  
Average acc: 0.959  
  gold_label_random = 0, sentence2_has_negation = 0  [n = 239]:	loss = 0.132  exp loss = 0.112  adjusted loss = 0.112  adv prob = 0.166667   acc = 0.954
  gold_label_random = 0, sentence2_has_negation = 1  [n = 289]:	loss = 0.042  exp loss = 0.031  adjusted loss = 0.031  adv prob = 0.166667   acc = 0.983
  gold_label_random = 1, sentence2_has_negation = 0  [n = 247]:	loss = 0.072  exp loss = 0.093  adjusted loss = 0.093  adv prob = 0.166667   acc = 0.980
  gold_label_random = 1, sentence2_has_negation = 1  [n = 259]:	loss = 0.181  exp loss = 0.341  adjusted loss = 0.341  adv prob = 0.166667   acc = 0.934
  gold_label_random = 2, sentence2_has_negation = 0  [n = 283]:	loss = 0.135  exp loss = 0.058  adjusted loss = 0.058  adv prob = 0.166667   acc = 0.958
  gold_label_random = 2, sentence2_has_negation = 1  [n = 283]:	loss = 0.161  exp loss = 0.085  adjusted loss = 0.085  adv prob = 0.166667   acc = 0.943
Average incurred loss: 0.116  
Average sample loss: 0.116  
Average acc: 0.966  
  gold_label_random = 0, sentence2_has_negation = 0  [n = 282]:	loss = 0.164  exp loss = 0.173  adjusted loss = 0.173  adv prob = 0.166667   acc = 0.957
  gold_label_random = 0, sentence2_has_negation = 1  [n = 271]:	loss = 0.048  exp loss = 0.034  adjusted loss = 0.034  adv prob = 0.166667   acc = 0.989
  gold_label_random = 1, sentence2_has_negation = 0  [n = 248]:	loss = 0.049  exp loss = 0.041  adjusted loss = 0.041  adv prob = 0.166667   acc = 0.984
  gold_label_random = 1, sentence2_has_negation = 1  [n = 273]:	loss = 0.127  exp loss = 0.115  adjusted loss = 0.115  adv prob = 0.166667   acc = 0.963
  gold_label_random = 2, sentence2_has_negation = 0  [n = 288]:	loss = 0.091  exp loss = 0.114  adjusted loss = 0.114  adv prob = 0.166667   acc = 0.976
  gold_label_random = 2, sentence2_has_negation = 1  [n = 238]:	loss = 0.221  exp loss = 0.229  adjusted loss = 0.229  adv prob = 0.166667   acc = 0.924
Average incurred loss: 0.136  
Average sample loss: 0.136  
Average acc: 0.954  
  gold_label_random = 0, sentence2_has_negation = 0  [n = 260]:	loss = 0.147  exp loss = 0.094  adjusted loss = 0.094  adv prob = 0.166667   acc = 0.942
  gold_label_random = 0, sentence2_has_negation = 1  [n = 282]:	loss = 0.090  exp loss = 0.087  adjusted loss = 0.087  adv prob = 0.166667   acc = 0.968
  gold_label_random = 1, sentence2_has_negation = 0  [n = 271]:	loss = 0.046  exp loss = 0.036  adjusted loss = 0.036  adv prob = 0.166667   acc = 0.985
  gold_label_random = 1, sentence2_has_negation = 1  [n = 284]:	loss = 0.158  exp loss = 0.121  adjusted loss = 0.121  adv prob = 0.166667   acc = 0.958
  gold_label_random = 2, sentence2_has_negation = 0  [n = 260]:	loss = 0.137  exp loss = 0.166  adjusted loss = 0.166  adv prob = 0.166667   acc = 0.946
  gold_label_random = 2, sentence2_has_negation = 1  [n = 243]:	loss = 0.249  exp loss = 0.246  adjusted loss = 0.246  adv prob = 0.166667   acc = 0.918
Average incurred loss: 0.124  
Average sample loss: 0.124  
Average acc: 0.960  
  gold_label_random = 0, sentence2_has_negation = 0  [n = 277]:	loss = 0.129  exp loss = 0.081  adjusted loss = 0.081  adv prob = 0.166667   acc = 0.968
  gold_label_random = 0, sentence2_has_negation = 1  [n = 249]:	loss = 0.041  exp loss = 0.049  adjusted loss = 0.049  adv prob = 0.166667   acc = 0.988
  gold_label_random = 1, sentence2_has_negation = 0  [n = 259]:	loss = 0.044  exp loss = 0.040  adjusted loss = 0.040  adv prob = 0.166667   acc = 0.992
  gold_label_random = 1, sentence2_has_negation = 1  [n = 270]:	loss = 0.110  exp loss = 0.113  adjusted loss = 0.113  adv prob = 0.166667   acc = 0.967
  gold_label_random = 2, sentence2_has_negation = 0  [n = 265]:	loss = 0.107  exp loss = 0.120  adjusted loss = 0.120  adv prob = 0.166667   acc = 0.947
  gold_label_random = 2, sentence2_has_negation = 1  [n = 280]:	loss = 0.297  exp loss = 0.369  adjusted loss = 0.369  adv prob = 0.166667   acc = 0.904
Average incurred loss: 0.124  
Average sample loss: 0.124  
Average acc: 0.957  
  gold_label_random = 0, sentence2_has_negation = 0  [n = 246]:	loss = 0.109  exp loss = 0.120  adjusted loss = 0.120  adv prob = 0.166667   acc = 0.951
  gold_label_random = 0, sentence2_has_negation = 1  [n = 250]:	loss = 0.044  exp loss = 0.083  adjusted loss = 0.083  adv prob = 0.166667   acc = 0.980
  gold_label_random = 1, sentence2_has_negation = 0  [n = 282]:	loss = 0.073  exp loss = 0.070  adjusted loss = 0.070  adv prob = 0.166667   acc = 0.982
  gold_label_random = 1, sentence2_has_negation = 1  [n = 260]:	loss = 0.140  exp loss = 0.097  adjusted loss = 0.097  adv prob = 0.166667   acc = 0.962
  gold_label_random = 2, sentence2_has_negation = 0  [n = 275]:	loss = 0.117  exp loss = 0.152  adjusted loss = 0.152  adv prob = 0.166667   acc = 0.953
  gold_label_random = 2, sentence2_has_negation = 1  [n = 287]:	loss = 0.248  exp loss = 0.203  adjusted loss = 0.203  adv prob = 0.166667   acc = 0.916
Average incurred loss: 0.106  
Average sample loss: 0.106  
Average acc: 0.969  
  gold_label_random = 0, sentence2_has_negation = 0  [n = 276]:	loss = 0.171  exp loss = 0.169  adjusted loss = 0.169  adv prob = 0.166667   acc = 0.938
  gold_label_random = 0, sentence2_has_negation = 1  [n = 243]:	loss = 0.043  exp loss = 0.018  adjusted loss = 0.018  adv prob = 0.166667   acc = 0.988
  gold_label_random = 1, sentence2_has_negation = 0  [n = 297]:	loss = 0.068  exp loss = 0.036  adjusted loss = 0.036  adv prob = 0.166667   acc = 0.983
  gold_label_random = 1, sentence2_has_negation = 1  [n = 267]:	loss = 0.064  exp loss = 0.030  adjusted loss = 0.030  adv prob = 0.166667   acc = 0.993
  gold_label_random = 2, sentence2_has_negation = 0  [n = 248]:	loss = 0.116  exp loss = 0.133  adjusted loss = 0.133  adv prob = 0.166667   acc = 0.972
  gold_label_random = 2, sentence2_has_negation = 1  [n = 269]:	loss = 0.173  exp loss = 0.179  adjusted loss = 0.179  adv prob = 0.166667   acc = 0.941
Average incurred loss: 0.098  
Average sample loss: 0.098  
Average acc: 0.963  
  gold_label_random = 0, sentence2_has_negation = 0  [n = 273]:	loss = 0.132  exp loss = 0.247  adjusted loss = 0.247  adv prob = 0.166667   acc = 0.952
  gold_label_random = 0, sentence2_has_negation = 1  [n = 251]:	loss = 0.035  exp loss = 0.020  adjusted loss = 0.020  adv prob = 0.166667   acc = 0.988
  gold_label_random = 1, sentence2_has_negation = 0  [n = 284]:	loss = 0.071  exp loss = 0.042  adjusted loss = 0.042  adv prob = 0.166667   acc = 0.979
  gold_label_random = 1, sentence2_has_negation = 1  [n = 287]:	loss = 0.094  exp loss = 0.069  adjusted loss = 0.069  adv prob = 0.166667   acc = 0.955
  gold_label_random = 2, sentence2_has_negation = 0  [n = 253]:	loss = 0.084  exp loss = 0.065  adjusted loss = 0.065  adv prob = 0.166667   acc = 0.968
  gold_label_random = 2, sentence2_has_negation = 1  [n = 252]:	loss = 0.172  exp loss = 0.244  adjusted loss = 0.244  adv prob = 0.166667   acc = 0.937
Average incurred loss: 0.101  
Average sample loss: 0.101  
Average acc: 0.966  
  gold_label_random = 0, sentence2_has_negation = 0  [n = 264]:	loss = 0.133  exp loss = 0.111  adjusted loss = 0.111  adv prob = 0.166667   acc = 0.958
  gold_label_random = 0, sentence2_has_negation = 1  [n = 235]:	loss = 0.029  exp loss = 0.029  adjusted loss = 0.029  adv prob = 0.166667   acc = 0.996
  gold_label_random = 1, sentence2_has_negation = 0  [n = 249]:	loss = 0.062  exp loss = 0.087  adjusted loss = 0.087  adv prob = 0.166667   acc = 0.980
  gold_label_random = 1, sentence2_has_negation = 1  [n = 269]:	loss = 0.107  exp loss = 0.075  adjusted loss = 0.075  adv prob = 0.166667   acc = 0.967
  gold_label_random = 2, sentence2_has_negation = 0  [n = 301]:	loss = 0.130  exp loss = 0.099  adjusted loss = 0.099  adv prob = 0.166667   acc = 0.944
  gold_label_random = 2, sentence2_has_negation = 1  [n = 282]:	loss = 0.131  exp loss = 0.183  adjusted loss = 0.183  adv prob = 0.166667   acc = 0.961
Average incurred loss: 0.104  
Average sample loss: 0.104  
Average acc: 0.969  
  gold_label_random = 0, sentence2_has_negation = 0  [n = 282]:	loss = 0.183  exp loss = 0.181  adjusted loss = 0.181  adv prob = 0.166667   acc = 0.950
  gold_label_random = 0, sentence2_has_negation = 1  [n = 254]:	loss = 0.030  exp loss = 0.026  adjusted loss = 0.026  adv prob = 0.166667   acc = 0.996
  gold_label_random = 1, sentence2_has_negation = 0  [n = 241]:	loss = 0.075  exp loss = 0.090  adjusted loss = 0.090  adv prob = 0.166667   acc = 0.983
  gold_label_random = 1, sentence2_has_negation = 1  [n = 264]:	loss = 0.126  exp loss = 0.128  adjusted loss = 0.128  adv prob = 0.166667   acc = 0.955
  gold_label_random = 2, sentence2_has_negation = 0  [n = 277]:	loss = 0.100  exp loss = 0.112  adjusted loss = 0.112  adv prob = 0.166667   acc = 0.971
  gold_label_random = 2, sentence2_has_negation = 1  [n = 282]:	loss = 0.100  exp loss = 0.156  adjusted loss = 0.156  adv prob = 0.166667   acc = 0.961
Average incurred loss: 0.106  
Average sample loss: 0.106  
Average acc: 0.965  
  gold_label_random = 0, sentence2_has_negation = 0  [n = 294]:	loss = 0.103  exp loss = 0.140  adjusted loss = 0.140  adv prob = 0.166667   acc = 0.956
  gold_label_random = 0, sentence2_has_negation = 1  [n = 259]:	loss = 0.043  exp loss = 0.022  adjusted loss = 0.022  adv prob = 0.166667   acc = 0.992
  gold_label_random = 1, sentence2_has_negation = 0  [n = 250]:	loss = 0.080  exp loss = 0.064  adjusted loss = 0.064  adv prob = 0.166667   acc = 0.976
  gold_label_random = 1, sentence2_has_negation = 1  [n = 293]:	loss = 0.099  exp loss = 0.110  adjusted loss = 0.110  adv prob = 0.166667   acc = 0.966
  gold_label_random = 2, sentence2_has_negation = 0  [n = 255]:	loss = 0.089  exp loss = 0.091  adjusted loss = 0.091  adv prob = 0.166667   acc = 0.969
  gold_label_random = 2, sentence2_has_negation = 1  [n = 249]:	loss = 0.226  exp loss = 0.286  adjusted loss = 0.286  adv prob = 0.166667   acc = 0.932
Average incurred loss: 0.128  
Average sample loss: 0.128  
Average acc: 0.959  
  gold_label_random = 0, sentence2_has_negation = 0  [n = 280]:	loss = 0.107  exp loss = 0.042  adjusted loss = 0.042  adv prob = 0.166667   acc = 0.968
  gold_label_random = 0, sentence2_has_negation = 1  [n = 277]:	loss = 0.039  exp loss = 0.033  adjusted loss = 0.033  adv prob = 0.166667   acc = 0.986
  gold_label_random = 1, sentence2_has_negation = 0  [n = 252]:	loss = 0.085  exp loss = 0.079  adjusted loss = 0.079  adv prob = 0.166667   acc = 0.976
  gold_label_random = 1, sentence2_has_negation = 1  [n = 247]:	loss = 0.134  exp loss = 0.173  adjusted loss = 0.173  adv prob = 0.166667   acc = 0.964
  gold_label_random = 2, sentence2_has_negation = 0  [n = 270]:	loss = 0.170  exp loss = 0.123  adjusted loss = 0.123  adv prob = 0.166667   acc = 0.941
  gold_label_random = 2, sentence2_has_negation = 1  [n = 274]:	loss = 0.235  exp loss = 0.225  adjusted loss = 0.225  adv prob = 0.166667   acc = 0.920
Average incurred loss: 0.107  
Average sample loss: 0.107  
Average acc: 0.971  
  gold_label_random = 0, sentence2_has_negation = 0  [n = 252]:	loss = 0.160  exp loss = 0.160  adjusted loss = 0.160  adv prob = 0.166667   acc = 0.960
  gold_label_random = 0, sentence2_has_negation = 1  [n = 283]:	loss = 0.053  exp loss = 0.075  adjusted loss = 0.075  adv prob = 0.166667   acc = 0.989
  gold_label_random = 1, sentence2_has_negation = 0  [n = 265]:	loss = 0.048  exp loss = 0.049  adjusted loss = 0.049  adv prob = 0.166667   acc = 0.989
  gold_label_random = 1, sentence2_has_negation = 1  [n = 302]:	loss = 0.116  exp loss = 0.128  adjusted loss = 0.128  adv prob = 0.166667   acc = 0.970
  gold_label_random = 2, sentence2_has_negation = 0  [n = 267]:	loss = 0.136  exp loss = 0.088  adjusted loss = 0.088  adv prob = 0.166667   acc = 0.963
  gold_label_random = 2, sentence2_has_negation = 1  [n = 231]:	loss = 0.139  exp loss = 0.163  adjusted loss = 0.163  adv prob = 0.166667   acc = 0.952
Average incurred loss: 0.098  
Average sample loss: 0.098  
Average acc: 0.966  
  gold_label_random = 0, sentence2_has_negation = 0  [n = 275]:	loss = 0.086  exp loss = 0.070  adjusted loss = 0.070  adv prob = 0.166667   acc = 0.964
  gold_label_random = 0, sentence2_has_negation = 1  [n = 256]:	loss = 0.050  exp loss = 0.038  adjusted loss = 0.038  adv prob = 0.166667   acc = 0.984
  gold_label_random = 1, sentence2_has_negation = 0  [n = 293]:	loss = 0.088  exp loss = 0.050  adjusted loss = 0.050  adv prob = 0.166667   acc = 0.973
  gold_label_random = 1, sentence2_has_negation = 1  [n = 269]:	loss = 0.086  exp loss = 0.041  adjusted loss = 0.041  adv prob = 0.166667   acc = 0.970
  gold_label_random = 2, sentence2_has_negation = 0  [n = 240]:	loss = 0.096  exp loss = 0.046  adjusted loss = 0.046  adv prob = 0.166667   acc = 0.967
  gold_label_random = 2, sentence2_has_negation = 1  [n = 267]:	loss = 0.180  exp loss = 0.152  adjusted loss = 0.152  adv prob = 0.166667   acc = 0.936
Average incurred loss: 0.110  
Average sample loss: 0.110  
Average acc: 0.964  
  gold_label_random = 0, sentence2_has_negation = 0  [n = 264]:	loss = 0.125  exp loss = 0.140  adjusted loss = 0.140  adv prob = 0.166667   acc = 0.943
  gold_label_random = 0, sentence2_has_negation = 1  [n = 281]:	loss = 0.037  exp loss = 0.055  adjusted loss = 0.055  adv prob = 0.166667   acc = 0.989
  gold_label_random = 1, sentence2_has_negation = 0  [n = 272]:	loss = 0.062  exp loss = 0.046  adjusted loss = 0.046  adv prob = 0.166667   acc = 0.982
  gold_label_random = 1, sentence2_has_negation = 1  [n = 280]:	loss = 0.130  exp loss = 0.160  adjusted loss = 0.160  adv prob = 0.166667   acc = 0.964
  gold_label_random = 2, sentence2_has_negation = 0  [n = 244]:	loss = 0.106  exp loss = 0.173  adjusted loss = 0.173  adv prob = 0.166667   acc = 0.967
  gold_label_random = 2, sentence2_has_negation = 1  [n = 259]:	loss = 0.209  exp loss = 0.174  adjusted loss = 0.174  adv prob = 0.166667   acc = 0.938
Average incurred loss: 0.122  
Average sample loss: 0.122  
Average acc: 0.959  
  gold_label_random = 0, sentence2_has_negation = 0  [n = 271]:	loss = 0.133  exp loss = 0.087  adjusted loss = 0.087  adv prob = 0.166667   acc = 0.959
  gold_label_random = 0, sentence2_has_negation = 1  [n = 268]:	loss = 0.052  exp loss = 0.067  adjusted loss = 0.067  adv prob = 0.166667   acc = 0.989
  gold_label_random = 1, sentence2_has_negation = 0  [n = 257]:	loss = 0.031  exp loss = 0.022  adjusted loss = 0.022  adv prob = 0.166667   acc = 0.988
  gold_label_random = 1, sentence2_has_negation = 1  [n = 287]:	loss = 0.119  exp loss = 0.055  adjusted loss = 0.055  adv prob = 0.166667   acc = 0.962
  gold_label_random = 2, sentence2_has_negation = 0  [n = 238]:	loss = 0.157  exp loss = 0.137  adjusted loss = 0.137  adv prob = 0.166667   acc = 0.954
  gold_label_random = 2, sentence2_has_negation = 1  [n = 279]:	loss = 0.238  exp loss = 0.223  adjusted loss = 0.223  adv prob = 0.166667   acc = 0.903
Average incurred loss: 0.123  
Average sample loss: 0.123  
Average acc: 0.964  
  gold_label_random = 0, sentence2_has_negation = 0  [n = 271]:	loss = 0.132  exp loss = 0.069  adjusted loss = 0.069  adv prob = 0.166667   acc = 0.945
  gold_label_random = 0, sentence2_has_negation = 1  [n = 280]:	loss = 0.037  exp loss = 0.015  adjusted loss = 0.015  adv prob = 0.166667   acc = 0.989
  gold_label_random = 1, sentence2_has_negation = 0  [n = 282]:	loss = 0.076  exp loss = 0.041  adjusted loss = 0.041  adv prob = 0.166667   acc = 0.982
  gold_label_random = 1, sentence2_has_negation = 1  [n = 256]:	loss = 0.126  exp loss = 0.112  adjusted loss = 0.112  adv prob = 0.166667   acc = 0.965
  gold_label_random = 2, sentence2_has_negation = 0  [n = 263]:	loss = 0.141  exp loss = 0.271  adjusted loss = 0.271  adv prob = 0.166667   acc = 0.958
  gold_label_random = 2, sentence2_has_negation = 1  [n = 248]:	loss = 0.242  exp loss = 0.135  adjusted loss = 0.135  adv prob = 0.166667   acc = 0.940
Average incurred loss: 0.107  
Average sample loss: 0.107  
Average acc: 0.964  
  gold_label_random = 0, sentence2_has_negation = 0  [n = 279]:	loss = 0.081  exp loss = 0.081  adjusted loss = 0.081  adv prob = 0.166667   acc = 0.968
  gold_label_random = 0, sentence2_has_negation = 1  [n = 271]:	loss = 0.055  exp loss = 0.099  adjusted loss = 0.099  adv prob = 0.166667   acc = 0.985
  gold_label_random = 1, sentence2_has_negation = 0  [n = 248]:	loss = 0.106  exp loss = 0.092  adjusted loss = 0.092  adv prob = 0.166667   acc = 0.976
  gold_label_random = 1, sentence2_has_negation = 1  [n = 254]:	loss = 0.090  exp loss = 0.181  adjusted loss = 0.181  adv prob = 0.166667   acc = 0.972
  gold_label_random = 2, sentence2_has_negation = 0  [n = 265]:	loss = 0.089  exp loss = 0.189  adjusted loss = 0.189  adv prob = 0.166667   acc = 0.962
  gold_label_random = 2, sentence2_has_negation = 1  [n = 283]:	loss = 0.212  exp loss = 0.162  adjusted loss = 0.162  adv prob = 0.166667   acc = 0.922
Average incurred loss: 0.103  
Average sample loss: 0.103  
Average acc: 0.963  
  gold_label_random = 0, sentence2_has_negation = 0  [n = 265]:	loss = 0.130  exp loss = 0.119  adjusted loss = 0.119  adv prob = 0.166667   acc = 0.958
  gold_label_random = 0, sentence2_has_negation = 1  [n = 250]:	loss = 0.065  exp loss = 0.068  adjusted loss = 0.068  adv prob = 0.166667   acc = 0.972
  gold_label_random = 1, sentence2_has_negation = 0  [n = 275]:	loss = 0.060  exp loss = 0.068  adjusted loss = 0.068  adv prob = 0.166667   acc = 0.982
  gold_label_random = 1, sentence2_has_negation = 1  [n = 250]:	loss = 0.117  exp loss = 0.066  adjusted loss = 0.066  adv prob = 0.166667   acc = 0.964
  gold_label_random = 2, sentence2_has_negation = 0  [n = 295]:	loss = 0.136  exp loss = 0.152  adjusted loss = 0.152  adv prob = 0.166667   acc = 0.949
  gold_label_random = 2, sentence2_has_negation = 1  [n = 265]:	loss = 0.109  exp loss = 0.175  adjusted loss = 0.175  adv prob = 0.166667   acc = 0.955
Average incurred loss: 0.125  
Average sample loss: 0.125  
Average acc: 0.961  
  gold_label_random = 0, sentence2_has_negation = 0  [n = 257]:	loss = 0.233  exp loss = 0.154  adjusted loss = 0.154  adv prob = 0.166667   acc = 0.926
  gold_label_random = 0, sentence2_has_negation = 1  [n = 270]:	loss = 0.033  exp loss = 0.026  adjusted loss = 0.026  adv prob = 0.166667   acc = 0.985
  gold_label_random = 1, sentence2_has_negation = 0  [n = 275]:	loss = 0.078  exp loss = 0.056  adjusted loss = 0.056  adv prob = 0.166667   acc = 0.978
  gold_label_random = 1, sentence2_has_negation = 1  [n = 270]:	loss = 0.063  exp loss = 0.075  adjusted loss = 0.075  adv prob = 0.166667   acc = 0.989
  gold_label_random = 2, sentence2_has_negation = 0  [n = 260]:	loss = 0.129  exp loss = 0.142  adjusted loss = 0.142  adv prob = 0.166667   acc = 0.962
  gold_label_random = 2, sentence2_has_negation = 1  [n = 268]:	loss = 0.224  exp loss = 0.115  adjusted loss = 0.115  adv prob = 0.166667   acc = 0.922
Average incurred loss: 0.110  
Average sample loss: 0.110  
Average acc: 0.963  
  gold_label_random = 0, sentence2_has_negation = 0  [n = 278]:	loss = 0.197  exp loss = 0.328  adjusted loss = 0.328  adv prob = 0.166667   acc = 0.935
  gold_label_random = 0, sentence2_has_negation = 1  [n = 239]:	loss = 0.038  exp loss = 0.240  adjusted loss = 0.240  adv prob = 0.166667   acc = 0.996
  gold_label_random = 1, sentence2_has_negation = 0  [n = 275]:	loss = 0.053  exp loss = 0.037  adjusted loss = 0.037  adv prob = 0.166667   acc = 0.989
  gold_label_random = 1, sentence2_has_negation = 1  [n = 258]:	loss = 0.169  exp loss = 0.165  adjusted loss = 0.165  adv prob = 0.166667   acc = 0.934
  gold_label_random = 2, sentence2_has_negation = 0  [n = 287]:	loss = 0.047  exp loss = 0.083  adjusted loss = 0.083  adv prob = 0.166667   acc = 0.976
  gold_label_random = 2, sentence2_has_negation = 1  [n = 263]:	loss = 0.154  exp loss = 0.202  adjusted loss = 0.202  adv prob = 0.166667   acc = 0.951
Average incurred loss: 0.119  
Average sample loss: 0.119  
Average acc: 0.963  
  gold_label_random = 0, sentence2_has_negation = 0  [n = 261]:	loss = 0.140  exp loss = 0.160  adjusted loss = 0.160  adv prob = 0.166667   acc = 0.958
  gold_label_random = 0, sentence2_has_negation = 1  [n = 253]:	loss = 0.031  exp loss = 0.027  adjusted loss = 0.027  adv prob = 0.166667   acc = 0.996
  gold_label_random = 1, sentence2_has_negation = 0  [n = 242]:	loss = 0.067  exp loss = 0.099  adjusted loss = 0.099  adv prob = 0.166667   acc = 0.975
  gold_label_random = 1, sentence2_has_negation = 1  [n = 275]:	loss = 0.127  exp loss = 0.068  adjusted loss = 0.068  adv prob = 0.166667   acc = 0.960
  gold_label_random = 2, sentence2_has_negation = 0  [n = 286]:	loss = 0.142  exp loss = 0.120  adjusted loss = 0.120  adv prob = 0.166667   acc = 0.958
  gold_label_random = 2, sentence2_has_negation = 1  [n = 283]:	loss = 0.192  exp loss = 0.161  adjusted loss = 0.161  adv prob = 0.166667   acc = 0.936
Average incurred loss: 0.110  
Average sample loss: 0.110  
Average acc: 0.968  
  gold_label_random = 0, sentence2_has_negation = 0  [n = 281]:	loss = 0.117  exp loss = 0.073  adjusted loss = 0.073  adv prob = 0.166667   acc = 0.968
  gold_label_random = 0, sentence2_has_negation = 1  [n = 292]:	loss = 0.056  exp loss = 0.043  adjusted loss = 0.043  adv prob = 0.166667   acc = 0.979
  gold_label_random = 1, sentence2_has_negation = 0  [n = 238]:	loss = 0.066  exp loss = 0.131  adjusted loss = 0.131  adv prob = 0.166667   acc = 0.983
  gold_label_random = 1, sentence2_has_negation = 1  [n = 258]:	loss = 0.111  exp loss = 0.066  adjusted loss = 0.066  adv prob = 0.166667   acc = 0.969
  gold_label_random = 2, sentence2_has_negation = 0  [n = 238]:	loss = 0.130  exp loss = 0.061  adjusted loss = 0.061  adv prob = 0.166667   acc = 0.962
  gold_label_random = 2, sentence2_has_negation = 1  [n = 293]:	loss = 0.176  exp loss = 0.174  adjusted loss = 0.174  adv prob = 0.166667   acc = 0.945
Average incurred loss: 0.103  
Average sample loss: 0.103  
Average acc: 0.961  
  gold_label_random = 0, sentence2_has_negation = 0  [n = 252]:	loss = 0.077  exp loss = 0.067  adjusted loss = 0.067  adv prob = 0.166667   acc = 0.972
  gold_label_random = 0, sentence2_has_negation = 1  [n = 256]:	loss = 0.056  exp loss = 0.059  adjusted loss = 0.059  adv prob = 0.166667   acc = 0.973
  gold_label_random = 1, sentence2_has_negation = 0  [n = 284]:	loss = 0.094  exp loss = 0.080  adjusted loss = 0.080  adv prob = 0.166667   acc = 0.965
  gold_label_random = 1, sentence2_has_negation = 1  [n = 244]:	loss = 0.108  exp loss = 0.062  adjusted loss = 0.062  adv prob = 0.166667   acc = 0.975
  gold_label_random = 2, sentence2_has_negation = 0  [n = 280]:	loss = 0.131  exp loss = 0.048  adjusted loss = 0.048  adv prob = 0.166667   acc = 0.943
  gold_label_random = 2, sentence2_has_negation = 1  [n = 284]:	loss = 0.149  exp loss = 0.236  adjusted loss = 0.236  adv prob = 0.166667   acc = 0.944
Average incurred loss: 0.101  
Average sample loss: 0.101  
Average acc: 0.964  
  gold_label_random = 0, sentence2_has_negation = 0  [n = 265]:	loss = 0.071  exp loss = 0.101  adjusted loss = 0.101  adv prob = 0.166667   acc = 0.974
  gold_label_random = 0, sentence2_has_negation = 1  [n = 253]:	loss = 0.053  exp loss = 0.094  adjusted loss = 0.094  adv prob = 0.166667   acc = 0.976
  gold_label_random = 1, sentence2_has_negation = 0  [n = 238]:	loss = 0.090  exp loss = 0.112  adjusted loss = 0.112  adv prob = 0.166667   acc = 0.979
  gold_label_random = 1, sentence2_has_negation = 1  [n = 273]:	loss = 0.087  exp loss = 0.071  adjusted loss = 0.071  adv prob = 0.166667   acc = 0.974
  gold_label_random = 2, sentence2_has_negation = 0  [n = 290]:	loss = 0.101  exp loss = 0.057  adjusted loss = 0.057  adv prob = 0.166667   acc = 0.959
  gold_label_random = 2, sentence2_has_negation = 1  [n = 281]:	loss = 0.198  exp loss = 0.260  adjusted loss = 0.260  adv prob = 0.166667   acc = 0.925
Average incurred loss: 0.107  
Average sample loss: 0.107  
Average acc: 0.964  
  gold_label_random = 0, sentence2_has_negation = 0  [n = 266]:	loss = 0.106  exp loss = 0.121  adjusted loss = 0.121  adv prob = 0.166667   acc = 0.959
  gold_label_random = 0, sentence2_has_negation = 1  [n = 262]:	loss = 0.041  exp loss = 0.028  adjusted loss = 0.028  adv prob = 0.166667   acc = 0.981
  gold_label_random = 1, sentence2_has_negation = 0  [n = 270]:	loss = 0.054  exp loss = 0.035  adjusted loss = 0.035  adv prob = 0.166667   acc = 0.989
  gold_label_random = 1, sentence2_has_negation = 1  [n = 276]:	loss = 0.139  exp loss = 0.144  adjusted loss = 0.144  adv prob = 0.166667   acc = 0.964
  gold_label_random = 2, sentence2_has_negation = 0  [n = 252]:	loss = 0.111  exp loss = 0.094  adjusted loss = 0.094  adv prob = 0.166667   acc = 0.960
  gold_label_random = 2, sentence2_has_negation = 1  [n = 274]:	loss = 0.189  exp loss = 0.174  adjusted loss = 0.174  adv prob = 0.166667   acc = 0.931
Average incurred loss: 0.115  
Average sample loss: 0.115  
Average acc: 0.960  
  gold_label_random = 0, sentence2_has_negation = 0  [n = 258]:	loss = 0.126  exp loss = 0.170  adjusted loss = 0.170  adv prob = 0.166667   acc = 0.953
  gold_label_random = 0, sentence2_has_negation = 1  [n = 279]:	loss = 0.039  exp loss = 0.046  adjusted loss = 0.046  adv prob = 0.166667   acc = 0.982
  gold_label_random = 1, sentence2_has_negation = 0  [n = 258]:	loss = 0.057  exp loss = 0.056  adjusted loss = 0.056  adv prob = 0.166667   acc = 0.981
  gold_label_random = 1, sentence2_has_negation = 1  [n = 282]:	loss = 0.133  exp loss = 0.085  adjusted loss = 0.085  adv prob = 0.166667   acc = 0.957
  gold_label_random = 2, sentence2_has_negation = 0  [n = 249]:	loss = 0.158  exp loss = 0.110  adjusted loss = 0.110  adv prob = 0.166667   acc = 0.932
  gold_label_random = 2, sentence2_has_negation = 1  [n = 274]:	loss = 0.182  exp loss = 0.093  adjusted loss = 0.093  adv prob = 0.166667   acc = 0.953
Average incurred loss: 0.111  
Average sample loss: 0.111  
Average acc: 0.964  
  gold_label_random = 0, sentence2_has_negation = 0  [n = 240]:	loss = 0.078  exp loss = 0.054  adjusted loss = 0.054  adv prob = 0.166667   acc = 0.971
  gold_label_random = 0, sentence2_has_negation = 1  [n = 261]:	loss = 0.047  exp loss = 0.032  adjusted loss = 0.032  adv prob = 0.166667   acc = 0.981
  gold_label_random = 1, sentence2_has_negation = 0  [n = 253]:	loss = 0.079  exp loss = 0.106  adjusted loss = 0.106  adv prob = 0.166667   acc = 0.980
  gold_label_random = 1, sentence2_has_negation = 1  [n = 304]:	loss = 0.107  exp loss = 0.084  adjusted loss = 0.084  adv prob = 0.166667   acc = 0.980
  gold_label_random = 2, sentence2_has_negation = 0  [n = 268]:	loss = 0.177  exp loss = 0.145  adjusted loss = 0.145  adv prob = 0.166667   acc = 0.933
  gold_label_random = 2, sentence2_has_negation = 1  [n = 274]:	loss = 0.170  exp loss = 0.149  adjusted loss = 0.149  adv prob = 0.166667   acc = 0.938
Average incurred loss: 0.121  
Average sample loss: 0.121  
Average acc: 0.961  
  gold_label_random = 0, sentence2_has_negation = 0  [n = 267]:	loss = 0.173  exp loss = 0.272  adjusted loss = 0.272  adv prob = 0.166667   acc = 0.944
  gold_label_random = 0, sentence2_has_negation = 1  [n = 275]:	loss = 0.072  exp loss = 0.069  adjusted loss = 0.069  adv prob = 0.166667   acc = 0.978
  gold_label_random = 1, sentence2_has_negation = 0  [n = 244]:	loss = 0.041  exp loss = 0.050  adjusted loss = 0.050  adv prob = 0.166667   acc = 0.992
  gold_label_random = 1, sentence2_has_negation = 1  [n = 259]:	loss = 0.099  exp loss = 0.074  adjusted loss = 0.074  adv prob = 0.166667   acc = 0.965
  gold_label_random = 2, sentence2_has_negation = 0  [n = 265]:	loss = 0.102  exp loss = 0.144  adjusted loss = 0.144  adv prob = 0.166667   acc = 0.966
  gold_label_random = 2, sentence2_has_negation = 1  [n = 290]:	loss = 0.221  exp loss = 0.130  adjusted loss = 0.130  adv prob = 0.166667   acc = 0.928
Average incurred loss: 0.116  
Average sample loss: 0.116  
Average acc: 0.962  
  gold_label_random = 0, sentence2_has_negation = 0  [n = 242]:	loss = 0.122  exp loss = 0.077  adjusted loss = 0.077  adv prob = 0.166667   acc = 0.955
  gold_label_random = 0, sentence2_has_negation = 1  [n = 255]:	loss = 0.039  exp loss = 0.028  adjusted loss = 0.028  adv prob = 0.166667   acc = 0.980
  gold_label_random = 1, sentence2_has_negation = 0  [n = 277]:	loss = 0.065  exp loss = 0.053  adjusted loss = 0.053  adv prob = 0.166667   acc = 0.986
  gold_label_random = 1, sentence2_has_negation = 1  [n = 284]:	loss = 0.113  exp loss = 0.059  adjusted loss = 0.059  adv prob = 0.166667   acc = 0.968
  gold_label_random = 2, sentence2_has_negation = 0  [n = 270]:	loss = 0.193  exp loss = 0.289  adjusted loss = 0.289  adv prob = 0.166667   acc = 0.937
  gold_label_random = 2, sentence2_has_negation = 1  [n = 272]:	loss = 0.164  exp loss = 0.165  adjusted loss = 0.165  adv prob = 0.166667   acc = 0.945
Average incurred loss: 0.097  
Average sample loss: 0.097  
Average acc: 0.971  
  gold_label_random = 0, sentence2_has_negation = 0  [n = 275]:	loss = 0.071  exp loss = 0.038  adjusted loss = 0.038  adv prob = 0.166667   acc = 0.975
  gold_label_random = 0, sentence2_has_negation = 1  [n = 271]:	loss = 0.046  exp loss = 0.023  adjusted loss = 0.023  adv prob = 0.166667   acc = 0.985
  gold_label_random = 1, sentence2_has_negation = 0  [n = 251]:	loss = 0.064  exp loss = 0.039  adjusted loss = 0.039  adv prob = 0.166667   acc = 0.984
  gold_label_random = 1, sentence2_has_negation = 1  [n = 261]:	loss = 0.118  exp loss = 0.086  adjusted loss = 0.086  adv prob = 0.166667   acc = 0.969
  gold_label_random = 2, sentence2_has_negation = 0  [n = 281]:	loss = 0.130  exp loss = 0.128  adjusted loss = 0.128  adv prob = 0.166667   acc = 0.961
  gold_label_random = 2, sentence2_has_negation = 1  [n = 261]:	loss = 0.150  exp loss = 0.126  adjusted loss = 0.126  adv prob = 0.166667   acc = 0.950
Average incurred loss: 0.117  
Average sample loss: 0.117  
Average acc: 0.962  
  gold_label_random = 0, sentence2_has_negation = 0  [n = 292]:	loss = 0.215  exp loss = 0.217  adjusted loss = 0.217  adv prob = 0.166667   acc = 0.932
  gold_label_random = 0, sentence2_has_negation = 1  [n = 280]:	loss = 0.046  exp loss = 0.032  adjusted loss = 0.032  adv prob = 0.166667   acc = 0.986
  gold_label_random = 1, sentence2_has_negation = 0  [n = 258]:	loss = 0.055  exp loss = 0.063  adjusted loss = 0.063  adv prob = 0.166667   acc = 0.984
  gold_label_random = 1, sentence2_has_negation = 1  [n = 267]:	loss = 0.111  exp loss = 0.094  adjusted loss = 0.094  adv prob = 0.166667   acc = 0.966
  gold_label_random = 2, sentence2_has_negation = 0  [n = 252]:	loss = 0.078  exp loss = 0.070  adjusted loss = 0.070  adv prob = 0.166667   acc = 0.972
  gold_label_random = 2, sentence2_has_negation = 1  [n = 251]:	loss = 0.193  exp loss = 0.118  adjusted loss = 0.118  adv prob = 0.166667   acc = 0.932
Average incurred loss: 0.104  
Average sample loss: 0.104  
Average acc: 0.966  
  gold_label_random = 0, sentence2_has_negation = 0  [n = 280]:	loss = 0.142  exp loss = 0.230  adjusted loss = 0.230  adv prob = 0.166667   acc = 0.950
  gold_label_random = 0, sentence2_has_negation = 1  [n = 264]:	loss = 0.082  exp loss = 0.115  adjusted loss = 0.115  adv prob = 0.166667   acc = 0.981
  gold_label_random = 1, sentence2_has_negation = 0  [n = 288]:	loss = 0.055  exp loss = 0.035  adjusted loss = 0.035  adv prob = 0.166667   acc = 0.983
  gold_label_random = 1, sentence2_has_negation = 1  [n = 236]:	loss = 0.130  exp loss = 0.117  adjusted loss = 0.117  adv prob = 0.166667   acc = 0.949
  gold_label_random = 2, sentence2_has_negation = 0  [n = 267]:	loss = 0.101  exp loss = 0.143  adjusted loss = 0.143  adv prob = 0.166667   acc = 0.974
  gold_label_random = 2, sentence2_has_negation = 1  [n = 265]:	loss = 0.117  exp loss = 0.186  adjusted loss = 0.186  adv prob = 0.166667   acc = 0.958
Average incurred loss: 0.118  
Average sample loss: 0.118  
Average acc: 0.961  
  gold_label_random = 0, sentence2_has_negation = 0  [n = 233]:	loss = 0.111  exp loss = 0.145  adjusted loss = 0.145  adv prob = 0.166667   acc = 0.957
  gold_label_random = 0, sentence2_has_negation = 1  [n = 293]:	loss = 0.036  exp loss = 0.019  adjusted loss = 0.019  adv prob = 0.166667   acc = 0.990
  gold_label_random = 1, sentence2_has_negation = 0  [n = 271]:	loss = 0.057  exp loss = 0.055  adjusted loss = 0.055  adv prob = 0.166667   acc = 0.989
  gold_label_random = 1, sentence2_has_negation = 1  [n = 271]:	loss = 0.125  exp loss = 0.098  adjusted loss = 0.098  adv prob = 0.166667   acc = 0.956
  gold_label_random = 2, sentence2_has_negation = 0  [n = 268]:	loss = 0.107  exp loss = 0.065  adjusted loss = 0.065  adv prob = 0.166667   acc = 0.959
  gold_label_random = 2, sentence2_has_negation = 1  [n = 264]:	loss = 0.281  exp loss = 0.266  adjusted loss = 0.266  adv prob = 0.166667   acc = 0.913
Average incurred loss: 0.104  
Average sample loss: 0.104  
Average acc: 0.968  
  gold_label_random = 0, sentence2_has_negation = 0  [n = 241]:	loss = 0.136  exp loss = 0.080  adjusted loss = 0.080  adv prob = 0.166667   acc = 0.954
  gold_label_random = 0, sentence2_has_negation = 1  [n = 277]:	loss = 0.055  exp loss = 0.024  adjusted loss = 0.024  adv prob = 0.166667   acc = 0.989
  gold_label_random = 1, sentence2_has_negation = 0  [n = 277]:	loss = 0.085  exp loss = 0.038  adjusted loss = 0.038  adv prob = 0.166667   acc = 0.978
  gold_label_random = 1, sentence2_has_negation = 1  [n = 276]:	loss = 0.079  exp loss = 0.057  adjusted loss = 0.057  adv prob = 0.166667   acc = 0.978
  gold_label_random = 2, sentence2_has_negation = 0  [n = 264]:	loss = 0.065  exp loss = 0.036  adjusted loss = 0.036  adv prob = 0.166667   acc = 0.970
  gold_label_random = 2, sentence2_has_negation = 1  [n = 265]:	loss = 0.211  exp loss = 0.258  adjusted loss = 0.258  adv prob = 0.166667   acc = 0.932
Average incurred loss: 0.117  
Average sample loss: 0.117  
Average acc: 0.962  
  gold_label_random = 0, sentence2_has_negation = 0  [n = 275]:	loss = 0.141  exp loss = 0.179  adjusted loss = 0.179  adv prob = 0.166667   acc = 0.953
  gold_label_random = 0, sentence2_has_negation = 1  [n = 274]:	loss = 0.040  exp loss = 0.034  adjusted loss = 0.034  adv prob = 0.166667   acc = 0.982
  gold_label_random = 1, sentence2_has_negation = 0  [n = 261]:	loss = 0.105  exp loss = 0.126  adjusted loss = 0.126  adv prob = 0.166667   acc = 0.973
  gold_label_random = 1, sentence2_has_negation = 1  [n = 257]:	loss = 0.080  exp loss = 0.068  adjusted loss = 0.068  adv prob = 0.166667   acc = 0.969
  gold_label_random = 2, sentence2_has_negation = 0  [n = 256]:	loss = 0.114  exp loss = 0.116  adjusted loss = 0.116  adv prob = 0.166667   acc = 0.953
  gold_label_random = 2, sentence2_has_negation = 1  [n = 277]:	loss = 0.219  exp loss = 0.178  adjusted loss = 0.178  adv prob = 0.166667   acc = 0.946
Average incurred loss: 0.108  
Average sample loss: 0.108  
Average acc: 0.969  
  gold_label_random = 0, sentence2_has_negation = 0  [n = 235]:	loss = 0.177  exp loss = 0.125  adjusted loss = 0.125  adv prob = 0.166667   acc = 0.962
  gold_label_random = 0, sentence2_has_negation = 1  [n = 283]:	loss = 0.030  exp loss = 0.027  adjusted loss = 0.027  adv prob = 0.166667   acc = 0.996
  gold_label_random = 1, sentence2_has_negation = 0  [n = 276]:	loss = 0.036  exp loss = 0.027  adjusted loss = 0.027  adv prob = 0.166667   acc = 0.996
  gold_label_random = 1, sentence2_has_negation = 1  [n = 268]:	loss = 0.081  exp loss = 0.061  adjusted loss = 0.061  adv prob = 0.166667   acc = 0.963
  gold_label_random = 2, sentence2_has_negation = 0  [n = 266]:	loss = 0.138  exp loss = 0.071  adjusted loss = 0.071  adv prob = 0.166667   acc = 0.959
  gold_label_random = 2, sentence2_has_negation = 1  [n = 272]:	loss = 0.201  exp loss = 0.131  adjusted loss = 0.131  adv prob = 0.166667   acc = 0.938
Average incurred loss: 0.099  
Average sample loss: 0.099  
Average acc: 0.973  
  gold_label_random = 0, sentence2_has_negation = 0  [n = 268]:	loss = 0.127  exp loss = 0.192  adjusted loss = 0.192  adv prob = 0.166667   acc = 0.970
  gold_label_random = 0, sentence2_has_negation = 1  [n = 271]:	loss = 0.054  exp loss = 0.074  adjusted loss = 0.074  adv prob = 0.166667   acc = 0.985
  gold_label_random = 1, sentence2_has_negation = 0  [n = 280]:	loss = 0.067  exp loss = 0.080  adjusted loss = 0.080  adv prob = 0.166667   acc = 0.979
  gold_label_random = 1, sentence2_has_negation = 1  [n = 273]:	loss = 0.082  exp loss = 0.086  adjusted loss = 0.086  adv prob = 0.166667   acc = 0.971
  gold_label_random = 2, sentence2_has_negation = 0  [n = 233]:	loss = 0.052  exp loss = 0.044  adjusted loss = 0.044  adv prob = 0.166667   acc = 0.983
  gold_label_random = 2, sentence2_has_negation = 1  [n = 275]:	loss = 0.208  exp loss = 0.243  adjusted loss = 0.243  adv prob = 0.166667   acc = 0.953
Average incurred loss: 0.127  
Average sample loss: 0.127  
Average acc: 0.957  
  gold_label_random = 0, sentence2_has_negation = 0  [n = 280]:	loss = 0.149  exp loss = 0.101  adjusted loss = 0.101  adv prob = 0.166667   acc = 0.943
  gold_label_random = 0, sentence2_has_negation = 1  [n = 238]:	loss = 0.036  exp loss = 0.052  adjusted loss = 0.052  adv prob = 0.166667   acc = 0.987
  gold_label_random = 1, sentence2_has_negation = 0  [n = 247]:	loss = 0.073  exp loss = 0.059  adjusted loss = 0.059  adv prob = 0.166667   acc = 0.980
  gold_label_random = 1, sentence2_has_negation = 1  [n = 274]:	loss = 0.124  exp loss = 0.153  adjusted loss = 0.153  adv prob = 0.166667   acc = 0.964
  gold_label_random = 2, sentence2_has_negation = 0  [n = 288]:	loss = 0.102  exp loss = 0.141  adjusted loss = 0.141  adv prob = 0.166667   acc = 0.958
  gold_label_random = 2, sentence2_has_negation = 1  [n = 273]:	loss = 0.260  exp loss = 0.217  adjusted loss = 0.217  adv prob = 0.166667   acc = 0.916
Average incurred loss: 0.108  
Average sample loss: 0.108  
Average acc: 0.961  
  gold_label_random = 0, sentence2_has_negation = 0  [n = 279]:	loss = 0.136  exp loss = 0.117  adjusted loss = 0.117  adv prob = 0.166667   acc = 0.935
  gold_label_random = 0, sentence2_has_negation = 1  [n = 276]:	loss = 0.042  exp loss = 0.026  adjusted loss = 0.026  adv prob = 0.166667   acc = 0.989
  gold_label_random = 1, sentence2_has_negation = 0  [n = 243]:	loss = 0.050  exp loss = 0.037  adjusted loss = 0.037  adv prob = 0.166667   acc = 0.984
  gold_label_random = 1, sentence2_has_negation = 1  [n = 245]:	loss = 0.105  exp loss = 0.073  adjusted loss = 0.073  adv prob = 0.166667   acc = 0.955
  gold_label_random = 2, sentence2_has_negation = 0  [n = 270]:	loss = 0.132  exp loss = 0.099  adjusted loss = 0.099  adv prob = 0.166667   acc = 0.959
  gold_label_random = 2, sentence2_has_negation = 1  [n = 287]:	loss = 0.171  exp loss = 0.124  adjusted loss = 0.124  adv prob = 0.166667   acc = 0.944
Average incurred loss: 0.099  
Average sample loss: 0.099  
Average acc: 0.970  
  gold_label_random = 0, sentence2_has_negation = 0  [n = 274]:	loss = 0.185  exp loss = 0.185  adjusted loss = 0.185  adv prob = 0.166667   acc = 0.949
  gold_label_random = 0, sentence2_has_negation = 1  [n = 253]:	loss = 0.063  exp loss = 0.072  adjusted loss = 0.072  adv prob = 0.166667   acc = 0.988
  gold_label_random = 1, sentence2_has_negation = 0  [n = 264]:	loss = 0.046  exp loss = 0.034  adjusted loss = 0.034  adv prob = 0.166667   acc = 0.989
  gold_label_random = 1, sentence2_has_negation = 1  [n = 281]:	loss = 0.063  exp loss = 0.088  adjusted loss = 0.088  adv prob = 0.166667   acc = 0.979
  gold_label_random = 2, sentence2_has_negation = 0  [n = 281]:	loss = 0.090  exp loss = 0.120  adjusted loss = 0.120  adv prob = 0.166667   acc = 0.961
  gold_label_random = 2, sentence2_has_negation = 1  [n = 247]:	loss = 0.150  exp loss = 0.134  adjusted loss = 0.134  adv prob = 0.166667   acc = 0.955
Average incurred loss: 0.125  
Average sample loss: 0.125  
Average acc: 0.957  
  gold_label_random = 0, sentence2_has_negation = 0  [n = 286]:	loss = 0.160  exp loss = 0.177  adjusted loss = 0.177  adv prob = 0.166667   acc = 0.951
  gold_label_random = 0, sentence2_has_negation = 1  [n = 276]:	loss = 0.093  exp loss = 0.077  adjusted loss = 0.077  adv prob = 0.166667   acc = 0.960
  gold_label_random = 1, sentence2_has_negation = 0  [n = 277]:	loss = 0.062  exp loss = 0.040  adjusted loss = 0.040  adv prob = 0.166667   acc = 0.978
  gold_label_random = 1, sentence2_has_negation = 1  [n = 261]:	loss = 0.167  exp loss = 0.204  adjusted loss = 0.204  adv prob = 0.166667   acc = 0.946
  gold_label_random = 2, sentence2_has_negation = 0  [n = 238]:	loss = 0.106  exp loss = 0.047  adjusted loss = 0.047  adv prob = 0.166667   acc = 0.975
  gold_label_random = 2, sentence2_has_negation = 1  [n = 262]:	loss = 0.165  exp loss = 0.099  adjusted loss = 0.099  adv prob = 0.166667   acc = 0.935
Average incurred loss: 0.133  
Average sample loss: 0.133  
Average acc: 0.958  
  gold_label_random = 0, sentence2_has_negation = 0  [n = 275]:	loss = 0.188  exp loss = 0.280  adjusted loss = 0.280  adv prob = 0.166667   acc = 0.931
  gold_label_random = 0, sentence2_has_negation = 1  [n = 297]:	loss = 0.035  exp loss = 0.018  adjusted loss = 0.018  adv prob = 0.166667   acc = 0.997
  gold_label_random = 1, sentence2_has_negation = 0  [n = 257]:	loss = 0.054  exp loss = 0.129  adjusted loss = 0.129  adv prob = 0.166667   acc = 0.984
  gold_label_random = 1, sentence2_has_negation = 1  [n = 256]:	loss = 0.161  exp loss = 0.102  adjusted loss = 0.102  adv prob = 0.166667   acc = 0.949
  gold_label_random = 2, sentence2_has_negation = 0  [n = 265]:	loss = 0.207  exp loss = 0.311  adjusted loss = 0.311  adv prob = 0.166667   acc = 0.936
  gold_label_random = 2, sentence2_has_negation = 1  [n = 250]:	loss = 0.165  exp loss = 0.206  adjusted loss = 0.206  adv prob = 0.166667   acc = 0.948
Average incurred loss: 0.122  
Average sample loss: 0.122  
Average acc: 0.961  
  gold_label_random = 0, sentence2_has_negation = 0  [n = 270]:	loss = 0.143  exp loss = 0.096  adjusted loss = 0.096  adv prob = 0.166667   acc = 0.948
  gold_label_random = 0, sentence2_has_negation = 1  [n = 261]:	loss = 0.090  exp loss = 0.038  adjusted loss = 0.038  adv prob = 0.166667   acc = 0.977
  gold_label_random = 1, sentence2_has_negation = 0  [n = 265]:	loss = 0.034  exp loss = 0.032  adjusted loss = 0.032  adv prob = 0.166667   acc = 0.992
  gold_label_random = 1, sentence2_has_negation = 1  [n = 255]:	loss = 0.141  exp loss = 0.141  adjusted loss = 0.141  adv prob = 0.166667   acc = 0.965
  gold_label_random = 2, sentence2_has_negation = 0  [n = 256]:	loss = 0.199  exp loss = 0.231  adjusted loss = 0.231  adv prob = 0.166667   acc = 0.941
  gold_label_random = 2, sentence2_has_negation = 1  [n = 293]:	loss = 0.127  exp loss = 0.103  adjusted loss = 0.103  adv prob = 0.166667   acc = 0.942
Average incurred loss: 0.105  
Average sample loss: 0.105  
Average acc: 0.962  
  gold_label_random = 0, sentence2_has_negation = 0  [n = 246]:	loss = 0.109  exp loss = 0.048  adjusted loss = 0.048  adv prob = 0.166667   acc = 0.959
  gold_label_random = 0, sentence2_has_negation = 1  [n = 279]:	loss = 0.040  exp loss = 0.027  adjusted loss = 0.027  adv prob = 0.166667   acc = 0.989
  gold_label_random = 1, sentence2_has_negation = 0  [n = 306]:	loss = 0.068  exp loss = 0.045  adjusted loss = 0.045  adv prob = 0.166667   acc = 0.977
  gold_label_random = 1, sentence2_has_negation = 1  [n = 265]:	loss = 0.124  exp loss = 0.246  adjusted loss = 0.246  adv prob = 0.166667   acc = 0.955
  gold_label_random = 2, sentence2_has_negation = 0  [n = 257]:	loss = 0.085  exp loss = 0.072  adjusted loss = 0.072  adv prob = 0.166667   acc = 0.969
  gold_label_random = 2, sentence2_has_negation = 1  [n = 247]:	loss = 0.218  exp loss = 0.167  adjusted loss = 0.167  adv prob = 0.166667   acc = 0.919
Average incurred loss: 0.103  
Average sample loss: 0.103  
Average acc: 0.964  
  gold_label_random = 0, sentence2_has_negation = 0  [n = 271]:	loss = 0.146  exp loss = 0.151  adjusted loss = 0.151  adv prob = 0.166667   acc = 0.945
  gold_label_random = 0, sentence2_has_negation = 1  [n = 273]:	loss = 0.029  exp loss = 0.013  adjusted loss = 0.013  adv prob = 0.166667   acc = 0.989
  gold_label_random = 1, sentence2_has_negation = 0  [n = 273]:	loss = 0.041  exp loss = 0.048  adjusted loss = 0.048  adv prob = 0.166667   acc = 0.985
  gold_label_random = 1, sentence2_has_negation = 1  [n = 251]:	loss = 0.115  exp loss = 0.213  adjusted loss = 0.213  adv prob = 0.166667   acc = 0.968
  gold_label_random = 2, sentence2_has_negation = 0  [n = 272]:	loss = 0.148  exp loss = 0.171  adjusted loss = 0.171  adv prob = 0.166667   acc = 0.956
  gold_label_random = 2, sentence2_has_negation = 1  [n = 260]:	loss = 0.141  exp loss = 0.234  adjusted loss = 0.234  adv prob = 0.166667   acc = 0.938
Average incurred loss: 0.119  
Average sample loss: 0.119  
Average acc: 0.959  
  gold_label_random = 0, sentence2_has_negation = 0  [n = 266]:	loss = 0.121  exp loss = 0.100  adjusted loss = 0.100  adv prob = 0.166667   acc = 0.944
  gold_label_random = 0, sentence2_has_negation = 1  [n = 250]:	loss = 0.042  exp loss = 0.070  adjusted loss = 0.070  adv prob = 0.166667   acc = 0.988
  gold_label_random = 1, sentence2_has_negation = 0  [n = 242]:	loss = 0.081  exp loss = 0.028  adjusted loss = 0.028  adv prob = 0.166667   acc = 0.975
  gold_label_random = 1, sentence2_has_negation = 1  [n = 297]:	loss = 0.155  exp loss = 0.121  adjusted loss = 0.121  adv prob = 0.166667   acc = 0.949
  gold_label_random = 2, sentence2_has_negation = 0  [n = 276]:	loss = 0.096  exp loss = 0.074  adjusted loss = 0.074  adv prob = 0.166667   acc = 0.975
  gold_label_random = 2, sentence2_has_negation = 1  [n = 269]:	loss = 0.206  exp loss = 0.211  adjusted loss = 0.211  adv prob = 0.166667   acc = 0.929
Average incurred loss: 0.120  
Average sample loss: 0.120  
Average acc: 0.956  
  gold_label_random = 0, sentence2_has_negation = 0  [n = 245]:	loss = 0.181  exp loss = 0.164  adjusted loss = 0.164  adv prob = 0.166667   acc = 0.935
  gold_label_random = 0, sentence2_has_negation = 1  [n = 285]:	loss = 0.035  exp loss = 0.037  adjusted loss = 0.037  adv prob = 0.166667   acc = 0.989
  gold_label_random = 1, sentence2_has_negation = 0  [n = 247]:	loss = 0.040  exp loss = 0.026  adjusted loss = 0.026  adv prob = 0.166667   acc = 0.988
  gold_label_random = 1, sentence2_has_negation = 1  [n = 272]:	loss = 0.094  exp loss = 0.136  adjusted loss = 0.136  adv prob = 0.166667   acc = 0.971
  gold_label_random = 2, sentence2_has_negation = 0  [n = 269]:	loss = 0.152  exp loss = 0.117  adjusted loss = 0.117  adv prob = 0.166667   acc = 0.941
  gold_label_random = 2, sentence2_has_negation = 1  [n = 282]:	loss = 0.215  exp loss = 0.136  adjusted loss = 0.136  adv prob = 0.166667   acc = 0.915
Average incurred loss: 0.104  
Average sample loss: 0.104  
Average acc: 0.968  
  gold_label_random = 0, sentence2_has_negation = 0  [n = 245]:	loss = 0.151  exp loss = 0.087  adjusted loss = 0.087  adv prob = 0.166667   acc = 0.959
  gold_label_random = 0, sentence2_has_negation = 1  [n = 264]:	loss = 0.032  exp loss = 0.019  adjusted loss = 0.019  adv prob = 0.166667   acc = 0.992
  gold_label_random = 1, sentence2_has_negation = 0  [n = 261]:	loss = 0.048  exp loss = 0.036  adjusted loss = 0.036  adv prob = 0.166667   acc = 0.989
  gold_label_random = 1, sentence2_has_negation = 1  [n = 280]:	loss = 0.083  exp loss = 0.053  adjusted loss = 0.053  adv prob = 0.166667   acc = 0.975
  gold_label_random = 2, sentence2_has_negation = 0  [n = 284]:	loss = 0.114  exp loss = 0.174  adjusted loss = 0.174  adv prob = 0.166667   acc = 0.958
  gold_label_random = 2, sentence2_has_negation = 1  [n = 266]:	loss = 0.196  exp loss = 0.161  adjusted loss = 0.161  adv prob = 0.166667   acc = 0.936
Average incurred loss: 0.121  
Average sample loss: 0.121  
Average acc: 0.956  
  gold_label_random = 0, sentence2_has_negation = 0  [n = 268]:	loss = 0.097  exp loss = 0.112  adjusted loss = 0.112  adv prob = 0.166667   acc = 0.951
  gold_label_random = 0, sentence2_has_negation = 1  [n = 274]:	loss = 0.069  exp loss = 0.051  adjusted loss = 0.051  adv prob = 0.166667   acc = 0.978
  gold_label_random = 1, sentence2_has_negation = 0  [n = 258]:	loss = 0.076  exp loss = 0.083  adjusted loss = 0.083  adv prob = 0.166667   acc = 0.981
  gold_label_random = 1, sentence2_has_negation = 1  [n = 270]:	loss = 0.132  exp loss = 0.122  adjusted loss = 0.122  adv prob = 0.166667   acc = 0.952
  gold_label_random = 2, sentence2_has_negation = 0  [n = 263]:	loss = 0.093  exp loss = 0.051  adjusted loss = 0.051  adv prob = 0.166667   acc = 0.970
  gold_label_random = 2, sentence2_has_negation = 1  [n = 267]:	loss = 0.255  exp loss = 0.383  adjusted loss = 0.383  adv prob = 0.166667   acc = 0.906
Average incurred loss: 0.106  
Average sample loss: 0.106  
Average acc: 0.969  
  gold_label_random = 0, sentence2_has_negation = 0  [n = 265]:	loss = 0.095  exp loss = 0.060  adjusted loss = 0.060  adv prob = 0.166667   acc = 0.974
  gold_label_random = 0, sentence2_has_negation = 1  [n = 270]:	loss = 0.034  exp loss = 0.020  adjusted loss = 0.020  adv prob = 0.166667   acc = 0.993
  gold_label_random = 1, sentence2_has_negation = 0  [n = 260]:	loss = 0.085  exp loss = 0.043  adjusted loss = 0.043  adv prob = 0.166667   acc = 0.977
  gold_label_random = 1, sentence2_has_negation = 1  [n = 263]:	loss = 0.109  exp loss = 0.217  adjusted loss = 0.217  adv prob = 0.166667   acc = 0.970
  gold_label_random = 2, sentence2_has_negation = 0  [n = 258]:	loss = 0.149  exp loss = 0.120  adjusted loss = 0.120  adv prob = 0.166667   acc = 0.953
  gold_label_random = 2, sentence2_has_negation = 1  [n = 284]:	loss = 0.164  exp loss = 0.053  adjusted loss = 0.053  adv prob = 0.166667   acc = 0.951
Average incurred loss: 0.112  
Average sample loss: 0.112  
Average acc: 0.959  
  gold_label_random = 0, sentence2_has_negation = 0  [n = 250]:	loss = 0.152  exp loss = 0.138  adjusted loss = 0.138  adv prob = 0.166667   acc = 0.952
  gold_label_random = 0, sentence2_has_negation = 1  [n = 290]:	loss = 0.043  exp loss = 0.040  adjusted loss = 0.040  adv prob = 0.166667   acc = 0.986
  gold_label_random = 1, sentence2_has_negation = 0  [n = 249]:	loss = 0.054  exp loss = 0.032  adjusted loss = 0.032  adv prob = 0.166667   acc = 0.988
  gold_label_random = 1, sentence2_has_negation = 1  [n = 277]:	loss = 0.095  exp loss = 0.114  adjusted loss = 0.114  adv prob = 0.166667   acc = 0.960
  gold_label_random = 2, sentence2_has_negation = 0  [n = 277]:	loss = 0.115  exp loss = 0.077  adjusted loss = 0.077  adv prob = 0.166667   acc = 0.949
  gold_label_random = 2, sentence2_has_negation = 1  [n = 257]:	loss = 0.224  exp loss = 0.331  adjusted loss = 0.331  adv prob = 0.166667   acc = 0.918
Average incurred loss: 0.111  
Average sample loss: 0.111  
Average acc: 0.962  
  gold_label_random = 0, sentence2_has_negation = 0  [n = 284]:	loss = 0.150  exp loss = 0.174  adjusted loss = 0.174  adv prob = 0.166667   acc = 0.961
  gold_label_random = 0, sentence2_has_negation = 1  [n = 245]:	loss = 0.054  exp loss = 0.049  adjusted loss = 0.049  adv prob = 0.166667   acc = 0.971
  gold_label_random = 1, sentence2_has_negation = 0  [n = 258]:	loss = 0.039  exp loss = 0.030  adjusted loss = 0.030  adv prob = 0.166667   acc = 0.992
  gold_label_random = 1, sentence2_has_negation = 1  [n = 289]:	loss = 0.098  exp loss = 0.111  adjusted loss = 0.111  adv prob = 0.166667   acc = 0.965
  gold_label_random = 2, sentence2_has_negation = 0  [n = 270]:	loss = 0.151  exp loss = 0.074  adjusted loss = 0.074  adv prob = 0.166667   acc = 0.937
  gold_label_random = 2, sentence2_has_negation = 1  [n = 254]:	loss = 0.170  exp loss = 0.167  adjusted loss = 0.167  adv prob = 0.166667   acc = 0.949
Average incurred loss: 0.116  
Average sample loss: 0.116  
Average acc: 0.956  
  gold_label_random = 0, sentence2_has_negation = 0  [n = 264]:	loss = 0.124  exp loss = 0.173  adjusted loss = 0.173  adv prob = 0.166667   acc = 0.936
  gold_label_random = 0, sentence2_has_negation = 1  [n = 286]:	loss = 0.015  exp loss = 0.015  adjusted loss = 0.015  adv prob = 0.166667   acc = 1.000
  gold_label_random = 1, sentence2_has_negation = 0  [n = 255]:	loss = 0.073  exp loss = 0.102  adjusted loss = 0.102  adv prob = 0.166667   acc = 0.976
  gold_label_random = 1, sentence2_has_negation = 1  [n = 241]:	loss = 0.122  exp loss = 0.111  adjusted loss = 0.111  adv prob = 0.166667   acc = 0.954
  gold_label_random = 2, sentence2_has_negation = 0  [n = 264]:	loss = 0.126  exp loss = 0.066  adjusted loss = 0.066  adv prob = 0.166667   acc = 0.962
  gold_label_random = 2, sentence2_has_negation = 1  [n = 290]:	loss = 0.232  exp loss = 0.195  adjusted loss = 0.195  adv prob = 0.166667   acc = 0.910
Average incurred loss: 0.112  
Average sample loss: 0.112  
Average acc: 0.966  
  gold_label_random = 0, sentence2_has_negation = 0  [n = 193]:	loss = 0.156  exp loss = 0.097  adjusted loss = 0.097  adv prob = 0.166667   acc = 0.943
  gold_label_random = 0, sentence2_has_negation = 1  [n = 223]:	loss = 0.043  exp loss = 0.035  adjusted loss = 0.035  adv prob = 0.166667   acc = 0.991
  gold_label_random = 1, sentence2_has_negation = 0  [n = 253]:	loss = 0.065  exp loss = 0.052  adjusted loss = 0.052  adv prob = 0.166667   acc = 0.980
  gold_label_random = 1, sentence2_has_negation = 1  [n = 236]:	loss = 0.143  exp loss = 0.165  adjusted loss = 0.165  adv prob = 0.166667   acc = 0.962
  gold_label_random = 2, sentence2_has_negation = 0  [n = 233]:	loss = 0.071  exp loss = 0.038  adjusted loss = 0.038  adv prob = 0.166667   acc = 0.979
  gold_label_random = 2, sentence2_has_negation = 1  [n = 237]:	loss = 0.203  exp loss = 0.280  adjusted loss = 0.280  adv prob = 0.166667   acc = 0.937

Validation:
Average incurred loss: 0.694  
Average sample loss: 0.694  
Average acc: 0.821  
  gold_label_random = 0, sentence2_has_negation = 0  [n = 22814]:	loss = 0.842  exp loss = 0.965  adjusted loss = 0.965  adv prob = 0.166667   acc = 0.794
  gold_label_random = 0, sentence2_has_negation = 1  [n = 4634]:	loss = 0.232  exp loss = 0.336  adjusted loss = 0.336  adv prob = 0.166667   acc = 0.940
  gold_label_random = 1, sentence2_has_negation = 0  [n = 26949]:	loss = 0.645  exp loss = 0.676  adjusted loss = 0.676  adv prob = 0.166667   acc = 0.842
  gold_label_random = 1, sentence2_has_negation = 1  [n = 613]:	loss = 1.023  exp loss = 0.479  adjusted loss = 0.479  adv prob = 0.166667   acc = 0.749
  gold_label_random = 2, sentence2_has_negation = 0  [n = 26655]:	loss = 0.681  exp loss = 0.762  adjusted loss = 0.762  adv prob = 0.166667   acc = 0.808
  gold_label_random = 2, sentence2_has_negation = 1  [n = 797]:	loss = 1.040  exp loss = 1.215  adjusted loss = 1.215  adv prob = 0.166667   acc = 0.700
Current lr: 0.000004
Current lr: 0.000004
Current validation accuracy: 0.7001256346702576


Epoch [4]:
Training:
Average incurred loss: 0.100  
Average sample loss: 0.100  
Average acc: 0.969  
  gold_label_random = 0, sentence2_has_negation = 0  [n = 273]:	loss = 0.083  exp loss = 0.138  adjusted loss = 0.138  adv prob = 0.166667   acc = 0.971
  gold_label_random = 0, sentence2_has_negation = 1  [n = 292]:	loss = 0.039  exp loss = 0.084  adjusted loss = 0.084  adv prob = 0.166667   acc = 0.986
  gold_label_random = 1, sentence2_has_negation = 0  [n = 253]:	loss = 0.052  exp loss = 0.049  adjusted loss = 0.049  adv prob = 0.166667   acc = 0.988
  gold_label_random = 1, sentence2_has_negation = 1  [n = 272]:	loss = 0.097  exp loss = 0.065  adjusted loss = 0.065  adv prob = 0.166667   acc = 0.978
  gold_label_random = 2, sentence2_has_negation = 0  [n = 264]:	loss = 0.128  exp loss = 0.068  adjusted loss = 0.068  adv prob = 0.166667   acc = 0.962
  gold_label_random = 2, sentence2_has_negation = 1  [n = 246]:	loss = 0.213  exp loss = 0.122  adjusted loss = 0.122  adv prob = 0.166667   acc = 0.923
Average incurred loss: 0.114  
Average sample loss: 0.114  
Average acc: 0.966  
  gold_label_random = 0, sentence2_has_negation = 0  [n = 237]:	loss = 0.161  exp loss = 0.182  adjusted loss = 0.182  adv prob = 0.166667   acc = 0.958
  gold_label_random = 0, sentence2_has_negation = 1  [n = 258]:	loss = 0.040  exp loss = 0.041  adjusted loss = 0.041  adv prob = 0.166667   acc = 0.988
  gold_label_random = 1, sentence2_has_negation = 0  [n = 275]:	loss = 0.060  exp loss = 0.027  adjusted loss = 0.027  adv prob = 0.166667   acc = 0.982
  gold_label_random = 1, sentence2_has_negation = 1  [n = 292]:	loss = 0.151  exp loss = 0.117  adjusted loss = 0.117  adv prob = 0.166667   acc = 0.955
  gold_label_random = 2, sentence2_has_negation = 0  [n = 260]:	loss = 0.147  exp loss = 0.139  adjusted loss = 0.139  adv prob = 0.166667   acc = 0.958
  gold_label_random = 2, sentence2_has_negation = 1  [n = 278]:	loss = 0.125  exp loss = 0.111  adjusted loss = 0.111  adv prob = 0.166667   acc = 0.957
Average incurred loss: 0.114  
Average sample loss: 0.114  
Average acc: 0.961  
  gold_label_random = 0, sentence2_has_negation = 0  [n = 275]:	loss = 0.174  exp loss = 0.161  adjusted loss = 0.161  adv prob = 0.166667   acc = 0.927
  gold_label_random = 0, sentence2_has_negation = 1  [n = 252]:	loss = 0.035  exp loss = 0.042  adjusted loss = 0.042  adv prob = 0.166667   acc = 0.988
  gold_label_random = 1, sentence2_has_negation = 0  [n = 264]:	loss = 0.069  exp loss = 0.036  adjusted loss = 0.036  adv prob = 0.166667   acc = 0.981
  gold_label_random = 1, sentence2_has_negation = 1  [n = 287]:	loss = 0.071  exp loss = 0.055  adjusted loss = 0.055  adv prob = 0.166667   acc = 0.983
  gold_label_random = 2, sentence2_has_negation = 0  [n = 253]:	loss = 0.158  exp loss = 0.165  adjusted loss = 0.165  adv prob = 0.166667   acc = 0.945
  gold_label_random = 2, sentence2_has_negation = 1  [n = 269]:	loss = 0.175  exp loss = 0.095  adjusted loss = 0.095  adv prob = 0.166667   acc = 0.944
Average incurred loss: 0.122  
Average sample loss: 0.122  
Average acc: 0.965  
  gold_label_random = 0, sentence2_has_negation = 0  [n = 263]:	loss = 0.174  exp loss = 0.079  adjusted loss = 0.079  adv prob = 0.166667   acc = 0.951
  gold_label_random = 0, sentence2_has_negation = 1  [n = 276]:	loss = 0.044  exp loss = 0.075  adjusted loss = 0.075  adv prob = 0.166667   acc = 0.989
  gold_label_random = 1, sentence2_has_negation = 0  [n = 252]:	loss = 0.108  exp loss = 0.046  adjusted loss = 0.046  adv prob = 0.166667   acc = 0.972
  gold_label_random = 1, sentence2_has_negation = 1  [n = 275]:	loss = 0.100  exp loss = 0.109  adjusted loss = 0.109  adv prob = 0.166667   acc = 0.967
  gold_label_random = 2, sentence2_has_negation = 0  [n = 262]:	loss = 0.116  exp loss = 0.172  adjusted loss = 0.172  adv prob = 0.166667   acc = 0.966
  gold_label_random = 2, sentence2_has_negation = 1  [n = 272]:	loss = 0.194  exp loss = 0.183  adjusted loss = 0.183  adv prob = 0.166667   acc = 0.945
Average incurred loss: 0.102  
Average sample loss: 0.102  
Average acc: 0.964  
  gold_label_random = 0, sentence2_has_negation = 0  [n = 249]:	loss = 0.077  exp loss = 0.068  adjusted loss = 0.068  adv prob = 0.166667   acc = 0.964
  gold_label_random = 0, sentence2_has_negation = 1  [n = 274]:	loss = 0.021  exp loss = 0.027  adjusted loss = 0.027  adv prob = 0.166667   acc = 0.993
  gold_label_random = 1, sentence2_has_negation = 0  [n = 290]:	loss = 0.033  exp loss = 0.029  adjusted loss = 0.029  adv prob = 0.166667   acc = 0.993
  gold_label_random = 1, sentence2_has_negation = 1  [n = 257]:	loss = 0.119  exp loss = 0.078  adjusted loss = 0.078  adv prob = 0.166667   acc = 0.969
  gold_label_random = 2, sentence2_has_negation = 0  [n = 266]:	loss = 0.095  exp loss = 0.177  adjusted loss = 0.177  adv prob = 0.166667   acc = 0.966
  gold_label_random = 2, sentence2_has_negation = 1  [n = 264]:	loss = 0.274  exp loss = 0.315  adjusted loss = 0.315  adv prob = 0.166667   acc = 0.898
Average incurred loss: 0.119  
Average sample loss: 0.119  
Average acc: 0.965  
  gold_label_random = 0, sentence2_has_negation = 0  [n = 265]:	loss = 0.211  exp loss = 0.245  adjusted loss = 0.245  adv prob = 0.166667   acc = 0.940
  gold_label_random = 0, sentence2_has_negation = 1  [n = 260]:	loss = 0.017  exp loss = 0.016  adjusted loss = 0.016  adv prob = 0.166667   acc = 1.000
  gold_label_random = 1, sentence2_has_negation = 0  [n = 270]:	loss = 0.060  exp loss = 0.048  adjusted loss = 0.048  adv prob = 0.166667   acc = 0.985
  gold_label_random = 1, sentence2_has_negation = 1  [n = 253]:	loss = 0.137  exp loss = 0.127  adjusted loss = 0.127  adv prob = 0.166667   acc = 0.964
  gold_label_random = 2, sentence2_has_negation = 0  [n = 287]:	loss = 0.132  exp loss = 0.199  adjusted loss = 0.199  adv prob = 0.166667   acc = 0.951
  gold_label_random = 2, sentence2_has_negation = 1  [n = 265]:	loss = 0.154  exp loss = 0.175  adjusted loss = 0.175  adv prob = 0.166667   acc = 0.951
Average incurred loss: 0.128  
Average sample loss: 0.128  
Average acc: 0.962  
  gold_label_random = 0, sentence2_has_negation = 0  [n = 236]:	loss = 0.114  exp loss = 0.080  adjusted loss = 0.080  adv prob = 0.166667   acc = 0.975
  gold_label_random = 0, sentence2_has_negation = 1  [n = 282]:	loss = 0.078  exp loss = 0.086  adjusted loss = 0.086  adv prob = 0.166667   acc = 0.972
  gold_label_random = 1, sentence2_has_negation = 0  [n = 245]:	loss = 0.094  exp loss = 0.100  adjusted loss = 0.100  adv prob = 0.166667   acc = 0.967
  gold_label_random = 1, sentence2_has_negation = 1  [n = 287]:	loss = 0.170  exp loss = 0.234  adjusted loss = 0.234  adv prob = 0.166667   acc = 0.955
  gold_label_random = 2, sentence2_has_negation = 0  [n = 257]:	loss = 0.168  exp loss = 0.303  adjusted loss = 0.303  adv prob = 0.166667   acc = 0.949
  gold_label_random = 2, sentence2_has_negation = 1  [n = 293]:	loss = 0.140  exp loss = 0.109  adjusted loss = 0.109  adv prob = 0.166667   acc = 0.956
Average incurred loss: 0.112  
Average sample loss: 0.112  
Average acc: 0.972  
  gold_label_random = 0, sentence2_has_negation = 0  [n = 281]:	loss = 0.116  exp loss = 0.097  adjusted loss = 0.097  adv prob = 0.166667   acc = 0.968
  gold_label_random = 0, sentence2_has_negation = 1  [n = 297]:	loss = 0.055  exp loss = 0.070  adjusted loss = 0.070  adv prob = 0.166667   acc = 0.993
  gold_label_random = 1, sentence2_has_negation = 0  [n = 260]:	loss = 0.073  exp loss = 0.065  adjusted loss = 0.065  adv prob = 0.166667   acc = 0.981
  gold_label_random = 1, sentence2_has_negation = 1  [n = 250]:	loss = 0.112  exp loss = 0.179  adjusted loss = 0.179  adv prob = 0.166667   acc = 0.976
  gold_label_random = 2, sentence2_has_negation = 0  [n = 268]:	loss = 0.130  exp loss = 0.140  adjusted loss = 0.140  adv prob = 0.166667   acc = 0.963
  gold_label_random = 2, sentence2_has_negation = 1  [n = 244]:	loss = 0.201  exp loss = 0.107  adjusted loss = 0.107  adv prob = 0.166667   acc = 0.951
Average incurred loss: 0.138  
Average sample loss: 0.138  
Average acc: 0.956  
  gold_label_random = 0, sentence2_has_negation = 0  [n = 265]:	loss = 0.080  exp loss = 0.061  adjusted loss = 0.061  adv prob = 0.166667   acc = 0.974
  gold_label_random = 0, sentence2_has_negation = 1  [n = 245]:	loss = 0.043  exp loss = 0.039  adjusted loss = 0.039  adv prob = 0.166667   acc = 0.984
  gold_label_random = 1, sentence2_has_negation = 0  [n = 270]:	loss = 0.079  exp loss = 0.176  adjusted loss = 0.176  adv prob = 0.166667   acc = 0.974
  gold_label_random = 1, sentence2_has_negation = 1  [n = 285]:	loss = 0.195  exp loss = 0.171  adjusted loss = 0.171  adv prob = 0.166667   acc = 0.947
  gold_label_random = 2, sentence2_has_negation = 0  [n = 253]:	loss = 0.171  exp loss = 0.238  adjusted loss = 0.238  adv prob = 0.166667   acc = 0.937
  gold_label_random = 2, sentence2_has_negation = 1  [n = 282]:	loss = 0.243  exp loss = 0.149  adjusted loss = 0.149  adv prob = 0.166667   acc = 0.926
Average incurred loss: 0.112  
Average sample loss: 0.112  
Average acc: 0.964  
  gold_label_random = 0, sentence2_has_negation = 0  [n = 269]:	loss = 0.136  exp loss = 0.137  adjusted loss = 0.137  adv prob = 0.166667   acc = 0.963
  gold_label_random = 0, sentence2_has_negation = 1  [n = 293]:	loss = 0.048  exp loss = 0.017  adjusted loss = 0.017  adv prob = 0.166667   acc = 0.990
  gold_label_random = 1, sentence2_has_negation = 0  [n = 264]:	loss = 0.045  exp loss = 0.050  adjusted loss = 0.050  adv prob = 0.166667   acc = 0.992
  gold_label_random = 1, sentence2_has_negation = 1  [n = 254]:	loss = 0.071  exp loss = 0.061  adjusted loss = 0.061  adv prob = 0.166667   acc = 0.972
  gold_label_random = 2, sentence2_has_negation = 0  [n = 264]:	loss = 0.214  exp loss = 0.193  adjusted loss = 0.193  adv prob = 0.166667   acc = 0.924
  gold_label_random = 2, sentence2_has_negation = 1  [n = 256]:	loss = 0.166  exp loss = 0.201  adjusted loss = 0.201  adv prob = 0.166667   acc = 0.938
Average incurred loss: 0.100  
Average sample loss: 0.100  
Average acc: 0.961  
  gold_label_random = 0, sentence2_has_negation = 0  [n = 265]:	loss = 0.096  exp loss = 0.095  adjusted loss = 0.095  adv prob = 0.166667   acc = 0.955
  gold_label_random = 0, sentence2_has_negation = 1  [n = 291]:	loss = 0.048  exp loss = 0.045  adjusted loss = 0.045  adv prob = 0.166667   acc = 0.979
  gold_label_random = 1, sentence2_has_negation = 0  [n = 259]:	loss = 0.100  exp loss = 0.063  adjusted loss = 0.063  adv prob = 0.166667   acc = 0.973
  gold_label_random = 1, sentence2_has_negation = 1  [n = 260]:	loss = 0.134  exp loss = 0.121  adjusted loss = 0.121  adv prob = 0.166667   acc = 0.946
  gold_label_random = 2, sentence2_has_negation = 0  [n = 276]:	loss = 0.061  exp loss = 0.060  adjusted loss = 0.060  adv prob = 0.166667   acc = 0.975
  gold_label_random = 2, sentence2_has_negation = 1  [n = 249]:	loss = 0.172  exp loss = 0.121  adjusted loss = 0.121  adv prob = 0.166667   acc = 0.936
Average incurred loss: 0.110  
Average sample loss: 0.110  
Average acc: 0.967  
  gold_label_random = 0, sentence2_has_negation = 0  [n = 268]:	loss = 0.089  exp loss = 0.044  adjusted loss = 0.044  adv prob = 0.166667   acc = 0.963
  gold_label_random = 0, sentence2_has_negation = 1  [n = 229]:	loss = 0.051  exp loss = 0.077  adjusted loss = 0.077  adv prob = 0.166667   acc = 0.983
  gold_label_random = 1, sentence2_has_negation = 0  [n = 293]:	loss = 0.050  exp loss = 0.029  adjusted loss = 0.029  adv prob = 0.166667   acc = 0.986
  gold_label_random = 1, sentence2_has_negation = 1  [n = 269]:	loss = 0.148  exp loss = 0.098  adjusted loss = 0.098  adv prob = 0.166667   acc = 0.967
  gold_label_random = 2, sentence2_has_negation = 0  [n = 285]:	loss = 0.089  exp loss = 0.136  adjusted loss = 0.136  adv prob = 0.166667   acc = 0.972
  gold_label_random = 2, sentence2_has_negation = 1  [n = 256]:	loss = 0.236  exp loss = 0.208  adjusted loss = 0.208  adv prob = 0.166667   acc = 0.934
Average incurred loss: 0.102  
Average sample loss: 0.102  
Average acc: 0.971  
  gold_label_random = 0, sentence2_has_negation = 0  [n = 245]:	loss = 0.114  exp loss = 0.104  adjusted loss = 0.104  adv prob = 0.166667   acc = 0.963
  gold_label_random = 0, sentence2_has_negation = 1  [n = 282]:	loss = 0.060  exp loss = 0.131  adjusted loss = 0.131  adv prob = 0.166667   acc = 0.986
  gold_label_random = 1, sentence2_has_negation = 0  [n = 284]:	loss = 0.055  exp loss = 0.080  adjusted loss = 0.080  adv prob = 0.166667   acc = 0.982
  gold_label_random = 1, sentence2_has_negation = 1  [n = 257]:	loss = 0.063  exp loss = 0.049  adjusted loss = 0.049  adv prob = 0.166667   acc = 0.984
  gold_label_random = 2, sentence2_has_negation = 0  [n = 283]:	loss = 0.126  exp loss = 0.071  adjusted loss = 0.071  adv prob = 0.166667   acc = 0.968
  gold_label_random = 2, sentence2_has_negation = 1  [n = 249]:	loss = 0.202  exp loss = 0.221  adjusted loss = 0.221  adv prob = 0.166667   acc = 0.936
Average incurred loss: 0.141  
Average sample loss: 0.141  
Average acc: 0.956  
  gold_label_random = 0, sentence2_has_negation = 0  [n = 243]:	loss = 0.208  exp loss = 0.252  adjusted loss = 0.252  adv prob = 0.166667   acc = 0.947
  gold_label_random = 0, sentence2_has_negation = 1  [n = 273]:	loss = 0.048  exp loss = 0.026  adjusted loss = 0.026  adv prob = 0.166667   acc = 0.989
  gold_label_random = 1, sentence2_has_negation = 0  [n = 256]:	loss = 0.078  exp loss = 0.045  adjusted loss = 0.045  adv prob = 0.166667   acc = 0.984
  gold_label_random = 1, sentence2_has_negation = 1  [n = 263]:	loss = 0.108  exp loss = 0.128  adjusted loss = 0.128  adv prob = 0.166667   acc = 0.970
  gold_label_random = 2, sentence2_has_negation = 0  [n = 292]:	loss = 0.219  exp loss = 0.277  adjusted loss = 0.277  adv prob = 0.166667   acc = 0.925
  gold_label_random = 2, sentence2_has_negation = 1  [n = 273]:	loss = 0.183  exp loss = 0.197  adjusted loss = 0.197  adv prob = 0.166667   acc = 0.923
Average incurred loss: 0.095  
Average sample loss: 0.095  
Average acc: 0.967  
  gold_label_random = 0, sentence2_has_negation = 0  [n = 260]:	loss = 0.095  exp loss = 0.064  adjusted loss = 0.064  adv prob = 0.166667   acc = 0.962
  gold_label_random = 0, sentence2_has_negation = 1  [n = 260]:	loss = 0.040  exp loss = 0.025  adjusted loss = 0.025  adv prob = 0.166667   acc = 0.988
  gold_label_random = 1, sentence2_has_negation = 0  [n = 248]:	loss = 0.044  exp loss = 0.044  adjusted loss = 0.044  adv prob = 0.166667   acc = 0.984
  gold_label_random = 1, sentence2_has_negation = 1  [n = 273]:	loss = 0.088  exp loss = 0.066  adjusted loss = 0.066  adv prob = 0.166667   acc = 0.971
  gold_label_random = 2, sentence2_has_negation = 0  [n = 275]:	loss = 0.085  exp loss = 0.086  adjusted loss = 0.086  adv prob = 0.166667   acc = 0.975
  gold_label_random = 2, sentence2_has_negation = 1  [n = 284]:	loss = 0.207  exp loss = 0.229  adjusted loss = 0.229  adv prob = 0.166667   acc = 0.926
Average incurred loss: 0.125  
Average sample loss: 0.125  
Average acc: 0.963  
  gold_label_random = 0, sentence2_has_negation = 0  [n = 248]:	loss = 0.160  exp loss = 0.101  adjusted loss = 0.101  adv prob = 0.166667   acc = 0.948
  gold_label_random = 0, sentence2_has_negation = 1  [n = 288]:	loss = 0.042  exp loss = 0.044  adjusted loss = 0.044  adv prob = 0.166667   acc = 0.986
  gold_label_random = 1, sentence2_has_negation = 0  [n = 241]:	loss = 0.095  exp loss = 0.050  adjusted loss = 0.050  adv prob = 0.166667   acc = 0.979
  gold_label_random = 1, sentence2_has_negation = 1  [n = 274]:	loss = 0.140  exp loss = 0.202  adjusted loss = 0.202  adv prob = 0.166667   acc = 0.964
  gold_label_random = 2, sentence2_has_negation = 0  [n = 256]:	loss = 0.100  exp loss = 0.074  adjusted loss = 0.074  adv prob = 0.166667   acc = 0.965
  gold_label_random = 2, sentence2_has_negation = 1  [n = 293]:	loss = 0.209  exp loss = 0.231  adjusted loss = 0.231  adv prob = 0.166667   acc = 0.939
Average incurred loss: 0.137  
Average sample loss: 0.137  
Average acc: 0.958  
  gold_label_random = 0, sentence2_has_negation = 0  [n = 255]:	loss = 0.163  exp loss = 0.114  adjusted loss = 0.114  adv prob = 0.166667   acc = 0.945
  gold_label_random = 0, sentence2_has_negation = 1  [n = 247]:	loss = 0.054  exp loss = 0.027  adjusted loss = 0.027  adv prob = 0.166667   acc = 0.984
  gold_label_random = 1, sentence2_has_negation = 0  [n = 253]:	loss = 0.056  exp loss = 0.063  adjusted loss = 0.063  adv prob = 0.166667   acc = 0.980
  gold_label_random = 1, sentence2_has_negation = 1  [n = 287]:	loss = 0.139  exp loss = 0.101  adjusted loss = 0.101  adv prob = 0.166667   acc = 0.969
  gold_label_random = 2, sentence2_has_negation = 0  [n = 281]:	loss = 0.108  exp loss = 0.107  adjusted loss = 0.107  adv prob = 0.166667   acc = 0.957
  gold_label_random = 2, sentence2_has_negation = 1  [n = 277]:	loss = 0.288  exp loss = 0.294  adjusted loss = 0.294  adv prob = 0.166667   acc = 0.913
Average incurred loss: 0.124  
Average sample loss: 0.124  
Average acc: 0.966  
  gold_label_random = 0, sentence2_has_negation = 0  [n = 258]:	loss = 0.166  exp loss = 0.122  adjusted loss = 0.122  adv prob = 0.166667   acc = 0.953
  gold_label_random = 0, sentence2_has_negation = 1  [n = 248]:	loss = 0.019  exp loss = 0.029  adjusted loss = 0.029  adv prob = 0.166667   acc = 0.996
  gold_label_random = 1, sentence2_has_negation = 0  [n = 288]:	loss = 0.080  exp loss = 0.050  adjusted loss = 0.050  adv prob = 0.166667   acc = 0.990
  gold_label_random = 1, sentence2_has_negation = 1  [n = 275]:	loss = 0.110  exp loss = 0.104  adjusted loss = 0.104  adv prob = 0.166667   acc = 0.967
  gold_label_random = 2, sentence2_has_negation = 0  [n = 256]:	loss = 0.093  exp loss = 0.071  adjusted loss = 0.071  adv prob = 0.166667   acc = 0.969
  gold_label_random = 2, sentence2_has_negation = 1  [n = 275]:	loss = 0.267  exp loss = 0.287  adjusted loss = 0.287  adv prob = 0.166667   acc = 0.920
Average incurred loss: 0.117  
Average sample loss: 0.117  
Average acc: 0.966  
  gold_label_random = 0, sentence2_has_negation = 0  [n = 267]:	loss = 0.114  exp loss = 0.074  adjusted loss = 0.074  adv prob = 0.166667   acc = 0.978
  gold_label_random = 0, sentence2_has_negation = 1  [n = 270]:	loss = 0.069  exp loss = 0.030  adjusted loss = 0.030  adv prob = 0.166667   acc = 0.978
  gold_label_random = 1, sentence2_has_negation = 0  [n = 234]:	loss = 0.069  exp loss = 0.043  adjusted loss = 0.043  adv prob = 0.166667   acc = 0.983
  gold_label_random = 1, sentence2_has_negation = 1  [n = 259]:	loss = 0.115  exp loss = 0.134  adjusted loss = 0.134  adv prob = 0.166667   acc = 0.958
  gold_label_random = 2, sentence2_has_negation = 0  [n = 298]:	loss = 0.149  exp loss = 0.157  adjusted loss = 0.157  adv prob = 0.166667   acc = 0.956
  gold_label_random = 2, sentence2_has_negation = 1  [n = 272]:	loss = 0.174  exp loss = 0.086  adjusted loss = 0.086  adv prob = 0.166667   acc = 0.945
Average incurred loss: 0.102  
Average sample loss: 0.102  
Average acc: 0.966  
  gold_label_random = 0, sentence2_has_negation = 0  [n = 264]:	loss = 0.143  exp loss = 0.124  adjusted loss = 0.124  adv prob = 0.166667   acc = 0.951
  gold_label_random = 0, sentence2_has_negation = 1  [n = 281]:	loss = 0.037  exp loss = 0.021  adjusted loss = 0.021  adv prob = 0.166667   acc = 0.989
  gold_label_random = 1, sentence2_has_negation = 0  [n = 247]:	loss = 0.052  exp loss = 0.040  adjusted loss = 0.040  adv prob = 0.166667   acc = 0.984
  gold_label_random = 1, sentence2_has_negation = 1  [n = 275]:	loss = 0.059  exp loss = 0.041  adjusted loss = 0.041  adv prob = 0.166667   acc = 0.989
  gold_label_random = 2, sentence2_has_negation = 0  [n = 276]:	loss = 0.126  exp loss = 0.213  adjusted loss = 0.213  adv prob = 0.166667   acc = 0.960
  gold_label_random = 2, sentence2_has_negation = 1  [n = 257]:	loss = 0.198  exp loss = 0.216  adjusted loss = 0.216  adv prob = 0.166667   acc = 0.922
Average incurred loss: 0.106  
Average sample loss: 0.106  
Average acc: 0.968  
  gold_label_random = 0, sentence2_has_negation = 0  [n = 240]:	loss = 0.172  exp loss = 0.145  adjusted loss = 0.145  adv prob = 0.166667   acc = 0.942
  gold_label_random = 0, sentence2_has_negation = 1  [n = 273]:	loss = 0.094  exp loss = 0.134  adjusted loss = 0.134  adv prob = 0.166667   acc = 0.963
  gold_label_random = 1, sentence2_has_negation = 0  [n = 272]:	loss = 0.024  exp loss = 0.020  adjusted loss = 0.020  adv prob = 0.166667   acc = 0.996
  gold_label_random = 1, sentence2_has_negation = 1  [n = 292]:	loss = 0.092  exp loss = 0.041  adjusted loss = 0.041  adv prob = 0.166667   acc = 0.976
  gold_label_random = 2, sentence2_has_negation = 0  [n = 242]:	loss = 0.080  exp loss = 0.094  adjusted loss = 0.094  adv prob = 0.166667   acc = 0.983
  gold_label_random = 2, sentence2_has_negation = 1  [n = 281]:	loss = 0.176  exp loss = 0.263  adjusted loss = 0.263  adv prob = 0.166667   acc = 0.943
Average incurred loss: 0.120  
Average sample loss: 0.120  
Average acc: 0.965  
  gold_label_random = 0, sentence2_has_negation = 0  [n = 261]:	loss = 0.138  exp loss = 0.217  adjusted loss = 0.217  adv prob = 0.166667   acc = 0.962
  gold_label_random = 0, sentence2_has_negation = 1  [n = 286]:	loss = 0.069  exp loss = 0.073  adjusted loss = 0.073  adv prob = 0.166667   acc = 0.986
  gold_label_random = 1, sentence2_has_negation = 0  [n = 263]:	loss = 0.083  exp loss = 0.055  adjusted loss = 0.055  adv prob = 0.166667   acc = 0.981
  gold_label_random = 1, sentence2_has_negation = 1  [n = 279]:	loss = 0.088  exp loss = 0.126  adjusted loss = 0.126  adv prob = 0.166667   acc = 0.982
  gold_label_random = 2, sentence2_has_negation = 0  [n = 248]:	loss = 0.135  exp loss = 0.114  adjusted loss = 0.114  adv prob = 0.166667   acc = 0.960
  gold_label_random = 2, sentence2_has_negation = 1  [n = 263]:	loss = 0.216  exp loss = 0.164  adjusted loss = 0.164  adv prob = 0.166667   acc = 0.916
Average incurred loss: 0.113  
Average sample loss: 0.113  
Average acc: 0.967  
  gold_label_random = 0, sentence2_has_negation = 0  [n = 266]:	loss = 0.165  exp loss = 0.115  adjusted loss = 0.115  adv prob = 0.166667   acc = 0.959
  gold_label_random = 0, sentence2_has_negation = 1  [n = 287]:	loss = 0.053  exp loss = 0.034  adjusted loss = 0.034  adv prob = 0.166667   acc = 0.976
  gold_label_random = 1, sentence2_has_negation = 0  [n = 257]:	loss = 0.069  exp loss = 0.049  adjusted loss = 0.049  adv prob = 0.166667   acc = 0.988
  gold_label_random = 1, sentence2_has_negation = 1  [n = 272]:	loss = 0.114  exp loss = 0.099  adjusted loss = 0.099  adv prob = 0.166667   acc = 0.974
  gold_label_random = 2, sentence2_has_negation = 0  [n = 256]:	loss = 0.121  exp loss = 0.076  adjusted loss = 0.076  adv prob = 0.166667   acc = 0.957
  gold_label_random = 2, sentence2_has_negation = 1  [n = 262]:	loss = 0.159  exp loss = 0.143  adjusted loss = 0.143  adv prob = 0.166667   acc = 0.950
Average incurred loss: 0.096  
Average sample loss: 0.096  
Average acc: 0.972  
  gold_label_random = 0, sentence2_has_negation = 0  [n = 254]:	loss = 0.134  exp loss = 0.072  adjusted loss = 0.072  adv prob = 0.166667   acc = 0.957
  gold_label_random = 0, sentence2_has_negation = 1  [n = 319]:	loss = 0.035  exp loss = 0.028  adjusted loss = 0.028  adv prob = 0.166667   acc = 0.991
  gold_label_random = 1, sentence2_has_negation = 0  [n = 244]:	loss = 0.087  exp loss = 0.182  adjusted loss = 0.182  adv prob = 0.166667   acc = 0.980
  gold_label_random = 1, sentence2_has_negation = 1  [n = 242]:	loss = 0.089  exp loss = 0.066  adjusted loss = 0.066  adv prob = 0.166667   acc = 0.967
  gold_label_random = 2, sentence2_has_negation = 0  [n = 264]:	loss = 0.086  exp loss = 0.047  adjusted loss = 0.047  adv prob = 0.166667   acc = 0.973
  gold_label_random = 2, sentence2_has_negation = 1  [n = 277]:	loss = 0.154  exp loss = 0.226  adjusted loss = 0.226  adv prob = 0.166667   acc = 0.964
Average incurred loss: 0.119  
Average sample loss: 0.119  
Average acc: 0.961  
  gold_label_random = 0, sentence2_has_negation = 0  [n = 256]:	loss = 0.184  exp loss = 0.163  adjusted loss = 0.163  adv prob = 0.166667   acc = 0.937
  gold_label_random = 0, sentence2_has_negation = 1  [n = 269]:	loss = 0.073  exp loss = 0.078  adjusted loss = 0.078  adv prob = 0.166667   acc = 0.978
  gold_label_random = 1, sentence2_has_negation = 0  [n = 254]:	loss = 0.052  exp loss = 0.061  adjusted loss = 0.061  adv prob = 0.166667   acc = 0.984
  gold_label_random = 1, sentence2_has_negation = 1  [n = 251]:	loss = 0.138  exp loss = 0.138  adjusted loss = 0.138  adv prob = 0.166667   acc = 0.968
  gold_label_random = 2, sentence2_has_negation = 0  [n = 299]:	loss = 0.125  exp loss = 0.113  adjusted loss = 0.113  adv prob = 0.166667   acc = 0.946
  gold_label_random = 2, sentence2_has_negation = 1  [n = 271]:	loss = 0.138  exp loss = 0.097  adjusted loss = 0.097  adv prob = 0.166667   acc = 0.952
Average incurred loss: 0.104  
Average sample loss: 0.104  
Average acc: 0.963  
  gold_label_random = 0, sentence2_has_negation = 0  [n = 266]:	loss = 0.150  exp loss = 0.132  adjusted loss = 0.132  adv prob = 0.166667   acc = 0.944
  gold_label_random = 0, sentence2_has_negation = 1  [n = 263]:	loss = 0.050  exp loss = 0.039  adjusted loss = 0.039  adv prob = 0.166667   acc = 0.981
  gold_label_random = 1, sentence2_has_negation = 0  [n = 253]:	loss = 0.058  exp loss = 0.039  adjusted loss = 0.039  adv prob = 0.166667   acc = 0.976
  gold_label_random = 1, sentence2_has_negation = 1  [n = 282]:	loss = 0.141  exp loss = 0.177  adjusted loss = 0.177  adv prob = 0.166667   acc = 0.957
  gold_label_random = 2, sentence2_has_negation = 0  [n = 284]:	loss = 0.118  exp loss = 0.126  adjusted loss = 0.126  adv prob = 0.166667   acc = 0.958
  gold_label_random = 2, sentence2_has_negation = 1  [n = 252]:	loss = 0.099  exp loss = 0.148  adjusted loss = 0.148  adv prob = 0.166667   acc = 0.964
Average incurred loss: 0.102  
Average sample loss: 0.102  
Average acc: 0.966  
  gold_label_random = 0, sentence2_has_negation = 0  [n = 284]:	loss = 0.157  exp loss = 0.117  adjusted loss = 0.117  adv prob = 0.166667   acc = 0.947
  gold_label_random = 0, sentence2_has_negation = 1  [n = 276]:	loss = 0.038  exp loss = 0.025  adjusted loss = 0.025  adv prob = 0.166667   acc = 0.986
  gold_label_random = 1, sentence2_has_negation = 0  [n = 273]:	loss = 0.055  exp loss = 0.046  adjusted loss = 0.046  adv prob = 0.166667   acc = 0.978
  gold_label_random = 1, sentence2_has_negation = 1  [n = 258]:	loss = 0.119  exp loss = 0.121  adjusted loss = 0.121  adv prob = 0.166667   acc = 0.969
  gold_label_random = 2, sentence2_has_negation = 0  [n = 255]:	loss = 0.066  exp loss = 0.093  adjusted loss = 0.093  adv prob = 0.166667   acc = 0.969
  gold_label_random = 2, sentence2_has_negation = 1  [n = 254]:	loss = 0.176  exp loss = 0.260  adjusted loss = 0.260  adv prob = 0.166667   acc = 0.945
Average incurred loss: 0.108  
Average sample loss: 0.108  
Average acc: 0.961  
  gold_label_random = 0, sentence2_has_negation = 0  [n = 259]:	loss = 0.129  exp loss = 0.106  adjusted loss = 0.106  adv prob = 0.166667   acc = 0.946
  gold_label_random = 0, sentence2_has_negation = 1  [n = 271]:	loss = 0.041  exp loss = 0.067  adjusted loss = 0.067  adv prob = 0.166667   acc = 0.978
  gold_label_random = 1, sentence2_has_negation = 0  [n = 254]:	loss = 0.070  exp loss = 0.124  adjusted loss = 0.124  adv prob = 0.166667   acc = 0.984
  gold_label_random = 1, sentence2_has_negation = 1  [n = 261]:	loss = 0.122  exp loss = 0.091  adjusted loss = 0.091  adv prob = 0.166667   acc = 0.966
  gold_label_random = 2, sentence2_has_negation = 0  [n = 289]:	loss = 0.097  exp loss = 0.167  adjusted loss = 0.167  adv prob = 0.166667   acc = 0.958
  gold_label_random = 2, sentence2_has_negation = 1  [n = 266]:	loss = 0.192  exp loss = 0.167  adjusted loss = 0.167  adv prob = 0.166667   acc = 0.932
Average incurred loss: 0.127  
Average sample loss: 0.127  
Average acc: 0.963  
  gold_label_random = 0, sentence2_has_negation = 0  [n = 299]:	loss = 0.123  exp loss = 0.135  adjusted loss = 0.135  adv prob = 0.166667   acc = 0.973
  gold_label_random = 0, sentence2_has_negation = 1  [n = 268]:	loss = 0.044  exp loss = 0.053  adjusted loss = 0.053  adv prob = 0.166667   acc = 0.985
  gold_label_random = 1, sentence2_has_negation = 0  [n = 249]:	loss = 0.077  exp loss = 0.099  adjusted loss = 0.099  adv prob = 0.166667   acc = 0.980
  gold_label_random = 1, sentence2_has_negation = 1  [n = 272]:	loss = 0.131  exp loss = 0.131  adjusted loss = 0.131  adv prob = 0.166667   acc = 0.967
  gold_label_random = 2, sentence2_has_negation = 0  [n = 253]:	loss = 0.170  exp loss = 0.124  adjusted loss = 0.124  adv prob = 0.166667   acc = 0.937
  gold_label_random = 2, sentence2_has_negation = 1  [n = 259]:	loss = 0.222  exp loss = 0.226  adjusted loss = 0.226  adv prob = 0.166667   acc = 0.931
Average incurred loss: 0.152  
Average sample loss: 0.152  
Average acc: 0.956  
  gold_label_random = 0, sentence2_has_negation = 0  [n = 256]:	loss = 0.120  exp loss = 0.115  adjusted loss = 0.115  adv prob = 0.166667   acc = 0.965
  gold_label_random = 0, sentence2_has_negation = 1  [n = 257]:	loss = 0.077  exp loss = 0.086  adjusted loss = 0.086  adv prob = 0.166667   acc = 0.977
  gold_label_random = 1, sentence2_has_negation = 0  [n = 266]:	loss = 0.068  exp loss = 0.080  adjusted loss = 0.080  adv prob = 0.166667   acc = 0.985
  gold_label_random = 1, sentence2_has_negation = 1  [n = 285]:	loss = 0.131  exp loss = 0.070  adjusted loss = 0.070  adv prob = 0.166667   acc = 0.961
  gold_label_random = 2, sentence2_has_negation = 0  [n = 250]:	loss = 0.153  exp loss = 0.132  adjusted loss = 0.132  adv prob = 0.166667   acc = 0.956
  gold_label_random = 2, sentence2_has_negation = 1  [n = 286]:	loss = 0.344  exp loss = 0.239  adjusted loss = 0.239  adv prob = 0.166667   acc = 0.895
Average incurred loss: 0.102  
Average sample loss: 0.102  
Average acc: 0.965  
  gold_label_random = 0, sentence2_has_negation = 0  [n = 275]:	loss = 0.110  exp loss = 0.092  adjusted loss = 0.092  adv prob = 0.166667   acc = 0.956
  gold_label_random = 0, sentence2_has_negation = 1  [n = 275]:	loss = 0.035  exp loss = 0.031  adjusted loss = 0.031  adv prob = 0.166667   acc = 0.985
  gold_label_random = 1, sentence2_has_negation = 0  [n = 284]:	loss = 0.060  exp loss = 0.058  adjusted loss = 0.058  adv prob = 0.166667   acc = 0.982
  gold_label_random = 1, sentence2_has_negation = 1  [n = 243]:	loss = 0.129  exp loss = 0.101  adjusted loss = 0.101  adv prob = 0.166667   acc = 0.959
  gold_label_random = 2, sentence2_has_negation = 0  [n = 247]:	loss = 0.089  exp loss = 0.073  adjusted loss = 0.073  adv prob = 0.166667   acc = 0.964
  gold_label_random = 2, sentence2_has_negation = 1  [n = 276]:	loss = 0.190  exp loss = 0.207  adjusted loss = 0.207  adv prob = 0.166667   acc = 0.942
Average incurred loss: 0.112  
Average sample loss: 0.112  
Average acc: 0.963  
  gold_label_random = 0, sentence2_has_negation = 0  [n = 267]:	loss = 0.114  exp loss = 0.108  adjusted loss = 0.108  adv prob = 0.166667   acc = 0.959
  gold_label_random = 0, sentence2_has_negation = 1  [n = 263]:	loss = 0.041  exp loss = 0.025  adjusted loss = 0.025  adv prob = 0.166667   acc = 0.992
  gold_label_random = 1, sentence2_has_negation = 0  [n = 287]:	loss = 0.058  exp loss = 0.118  adjusted loss = 0.118  adv prob = 0.166667   acc = 0.986
  gold_label_random = 1, sentence2_has_negation = 1  [n = 280]:	loss = 0.111  exp loss = 0.128  adjusted loss = 0.128  adv prob = 0.166667   acc = 0.964
  gold_label_random = 2, sentence2_has_negation = 0  [n = 224]:	loss = 0.072  exp loss = 0.093  adjusted loss = 0.093  adv prob = 0.166667   acc = 0.969
  gold_label_random = 2, sentence2_has_negation = 1  [n = 279]:	loss = 0.266  exp loss = 0.427  adjusted loss = 0.427  adv prob = 0.166667   acc = 0.910
Average incurred loss: 0.124  
Average sample loss: 0.124  
Average acc: 0.959  
  gold_label_random = 0, sentence2_has_negation = 0  [n = 274]:	loss = 0.152  exp loss = 0.123  adjusted loss = 0.123  adv prob = 0.166667   acc = 0.942
  gold_label_random = 0, sentence2_has_negation = 1  [n = 270]:	loss = 0.042  exp loss = 0.024  adjusted loss = 0.024  adv prob = 0.166667   acc = 0.985
  gold_label_random = 1, sentence2_has_negation = 0  [n = 266]:	loss = 0.085  exp loss = 0.046  adjusted loss = 0.046  adv prob = 0.166667   acc = 0.981
  gold_label_random = 1, sentence2_has_negation = 1  [n = 243]:	loss = 0.107  exp loss = 0.182  adjusted loss = 0.182  adv prob = 0.166667   acc = 0.959
  gold_label_random = 2, sentence2_has_negation = 0  [n = 267]:	loss = 0.129  exp loss = 0.191  adjusted loss = 0.191  adv prob = 0.166667   acc = 0.963
  gold_label_random = 2, sentence2_has_negation = 1  [n = 280]:	loss = 0.225  exp loss = 0.270  adjusted loss = 0.270  adv prob = 0.166667   acc = 0.925
Average incurred loss: 0.133  
Average sample loss: 0.133  
Average acc: 0.958  
  gold_label_random = 0, sentence2_has_negation = 0  [n = 243]:	loss = 0.182  exp loss = 0.289  adjusted loss = 0.289  adv prob = 0.166667   acc = 0.934
  gold_label_random = 0, sentence2_has_negation = 1  [n = 258]:	loss = 0.054  exp loss = 0.038  adjusted loss = 0.038  adv prob = 0.166667   acc = 0.981
  gold_label_random = 1, sentence2_has_negation = 0  [n = 276]:	loss = 0.103  exp loss = 0.152  adjusted loss = 0.152  adv prob = 0.166667   acc = 0.971
  gold_label_random = 1, sentence2_has_negation = 1  [n = 263]:	loss = 0.120  exp loss = 0.114  adjusted loss = 0.114  adv prob = 0.166667   acc = 0.970
  gold_label_random = 2, sentence2_has_negation = 0  [n = 282]:	loss = 0.112  exp loss = 0.106  adjusted loss = 0.106  adv prob = 0.166667   acc = 0.961
  gold_label_random = 2, sentence2_has_negation = 1  [n = 278]:	loss = 0.227  exp loss = 0.166  adjusted loss = 0.166  adv prob = 0.166667   acc = 0.932
Average incurred loss: 0.138  
Average sample loss: 0.138  
Average acc: 0.954  
  gold_label_random = 0, sentence2_has_negation = 0  [n = 284]:	loss = 0.180  exp loss = 0.213  adjusted loss = 0.213  adv prob = 0.166667   acc = 0.940
  gold_label_random = 0, sentence2_has_negation = 1  [n = 265]:	loss = 0.048  exp loss = 0.041  adjusted loss = 0.041  adv prob = 0.166667   acc = 0.985
  gold_label_random = 1, sentence2_has_negation = 0  [n = 247]:	loss = 0.061  exp loss = 0.107  adjusted loss = 0.107  adv prob = 0.166667   acc = 0.976
  gold_label_random = 1, sentence2_has_negation = 1  [n = 261]:	loss = 0.160  exp loss = 0.097  adjusted loss = 0.097  adv prob = 0.166667   acc = 0.939
  gold_label_random = 2, sentence2_has_negation = 0  [n = 263]:	loss = 0.123  exp loss = 0.155  adjusted loss = 0.155  adv prob = 0.166667   acc = 0.962
  gold_label_random = 2, sentence2_has_negation = 1  [n = 280]:	loss = 0.239  exp loss = 0.142  adjusted loss = 0.142  adv prob = 0.166667   acc = 0.925
Average incurred loss: 0.106  
Average sample loss: 0.106  
Average acc: 0.964  
  gold_label_random = 0, sentence2_has_negation = 0  [n = 279]:	loss = 0.085  exp loss = 0.096  adjusted loss = 0.096  adv prob = 0.166667   acc = 0.971
  gold_label_random = 0, sentence2_has_negation = 1  [n = 255]:	loss = 0.026  exp loss = 0.015  adjusted loss = 0.015  adv prob = 0.166667   acc = 0.992
  gold_label_random = 1, sentence2_has_negation = 0  [n = 259]:	loss = 0.087  exp loss = 0.117  adjusted loss = 0.117  adv prob = 0.166667   acc = 0.981
  gold_label_random = 1, sentence2_has_negation = 1  [n = 269]:	loss = 0.129  exp loss = 0.131  adjusted loss = 0.131  adv prob = 0.166667   acc = 0.952
  gold_label_random = 2, sentence2_has_negation = 0  [n = 262]:	loss = 0.091  exp loss = 0.106  adjusted loss = 0.106  adv prob = 0.166667   acc = 0.973
  gold_label_random = 2, sentence2_has_negation = 1  [n = 276]:	loss = 0.211  exp loss = 0.175  adjusted loss = 0.175  adv prob = 0.166667   acc = 0.917
Average incurred loss: 0.124  
Average sample loss: 0.124  
Average acc: 0.960  
  gold_label_random = 0, sentence2_has_negation = 0  [n = 274]:	loss = 0.185  exp loss = 0.133  adjusted loss = 0.133  adv prob = 0.166667   acc = 0.949
  gold_label_random = 0, sentence2_has_negation = 1  [n = 272]:	loss = 0.054  exp loss = 0.082  adjusted loss = 0.082  adv prob = 0.166667   acc = 0.982
  gold_label_random = 1, sentence2_has_negation = 0  [n = 263]:	loss = 0.079  exp loss = 0.048  adjusted loss = 0.048  adv prob = 0.166667   acc = 0.981
  gold_label_random = 1, sentence2_has_negation = 1  [n = 282]:	loss = 0.152  exp loss = 0.152  adjusted loss = 0.152  adv prob = 0.166667   acc = 0.957
  gold_label_random = 2, sentence2_has_negation = 0  [n = 256]:	loss = 0.143  exp loss = 0.204  adjusted loss = 0.204  adv prob = 0.166667   acc = 0.945
  gold_label_random = 2, sentence2_has_negation = 1  [n = 253]:	loss = 0.129  exp loss = 0.071  adjusted loss = 0.071  adv prob = 0.166667   acc = 0.945
Average incurred loss: 0.130  
Average sample loss: 0.130  
Average acc: 0.959  
  gold_label_random = 0, sentence2_has_negation = 0  [n = 272]:	loss = 0.176  exp loss = 0.180  adjusted loss = 0.180  adv prob = 0.166667   acc = 0.945
  gold_label_random = 0, sentence2_has_negation = 1  [n = 267]:	loss = 0.053  exp loss = 0.034  adjusted loss = 0.034  adv prob = 0.166667   acc = 0.981
  gold_label_random = 1, sentence2_has_negation = 0  [n = 258]:	loss = 0.048  exp loss = 0.042  adjusted loss = 0.042  adv prob = 0.166667   acc = 0.996
  gold_label_random = 1, sentence2_has_negation = 1  [n = 287]:	loss = 0.167  exp loss = 0.187  adjusted loss = 0.187  adv prob = 0.166667   acc = 0.941
  gold_label_random = 2, sentence2_has_negation = 0  [n = 267]:	loss = 0.124  exp loss = 0.113  adjusted loss = 0.113  adv prob = 0.166667   acc = 0.955
  gold_label_random = 2, sentence2_has_negation = 1  [n = 249]:	loss = 0.213  exp loss = 0.168  adjusted loss = 0.168  adv prob = 0.166667   acc = 0.940
Average incurred loss: 0.120  
Average sample loss: 0.120  
Average acc: 0.965  
  gold_label_random = 0, sentence2_has_negation = 0  [n = 295]:	loss = 0.137  exp loss = 0.130  adjusted loss = 0.130  adv prob = 0.166667   acc = 0.959
  gold_label_random = 0, sentence2_has_negation = 1  [n = 241]:	loss = 0.062  exp loss = 0.052  adjusted loss = 0.052  adv prob = 0.166667   acc = 0.983
  gold_label_random = 1, sentence2_has_negation = 0  [n = 278]:	loss = 0.063  exp loss = 0.084  adjusted loss = 0.084  adv prob = 0.166667   acc = 0.982
  gold_label_random = 1, sentence2_has_negation = 1  [n = 251]:	loss = 0.166  exp loss = 0.178  adjusted loss = 0.178  adv prob = 0.166667   acc = 0.952
  gold_label_random = 2, sentence2_has_negation = 0  [n = 274]:	loss = 0.105  exp loss = 0.066  adjusted loss = 0.066  adv prob = 0.166667   acc = 0.967
  gold_label_random = 2, sentence2_has_negation = 1  [n = 261]:	loss = 0.183  exp loss = 0.143  adjusted loss = 0.143  adv prob = 0.166667   acc = 0.946
Average incurred loss: 0.125  
Average sample loss: 0.125  
Average acc: 0.957  
  gold_label_random = 0, sentence2_has_negation = 0  [n = 270]:	loss = 0.161  exp loss = 0.085  adjusted loss = 0.085  adv prob = 0.166667   acc = 0.952
  gold_label_random = 0, sentence2_has_negation = 1  [n = 282]:	loss = 0.043  exp loss = 0.028  adjusted loss = 0.028  adv prob = 0.166667   acc = 0.982
  gold_label_random = 1, sentence2_has_negation = 0  [n = 244]:	loss = 0.043  exp loss = 0.063  adjusted loss = 0.063  adv prob = 0.166667   acc = 0.988
  gold_label_random = 1, sentence2_has_negation = 1  [n = 261]:	loss = 0.156  exp loss = 0.358  adjusted loss = 0.358  adv prob = 0.166667   acc = 0.943
  gold_label_random = 2, sentence2_has_negation = 0  [n = 277]:	loss = 0.165  exp loss = 0.213  adjusted loss = 0.213  adv prob = 0.166667   acc = 0.946
  gold_label_random = 2, sentence2_has_negation = 1  [n = 266]:	loss = 0.177  exp loss = 0.211  adjusted loss = 0.211  adv prob = 0.166667   acc = 0.936
Average incurred loss: 0.128  
Average sample loss: 0.128  
Average acc: 0.953  
  gold_label_random = 0, sentence2_has_negation = 0  [n = 265]:	loss = 0.132  exp loss = 0.161  adjusted loss = 0.161  adv prob = 0.166667   acc = 0.943
  gold_label_random = 0, sentence2_has_negation = 1  [n = 269]:	loss = 0.051  exp loss = 0.068  adjusted loss = 0.068  adv prob = 0.166667   acc = 0.981
  gold_label_random = 1, sentence2_has_negation = 0  [n = 238]:	loss = 0.033  exp loss = 0.034  adjusted loss = 0.034  adv prob = 0.166667   acc = 0.996
  gold_label_random = 1, sentence2_has_negation = 1  [n = 255]:	loss = 0.162  exp loss = 0.182  adjusted loss = 0.182  adv prob = 0.166667   acc = 0.937
  gold_label_random = 2, sentence2_has_negation = 0  [n = 287]:	loss = 0.091  exp loss = 0.088  adjusted loss = 0.088  adv prob = 0.166667   acc = 0.955
  gold_label_random = 2, sentence2_has_negation = 1  [n = 286]:	loss = 0.285  exp loss = 0.266  adjusted loss = 0.266  adv prob = 0.166667   acc = 0.913
Average incurred loss: 0.121  
Average sample loss: 0.121  
Average acc: 0.966  
  gold_label_random = 0, sentence2_has_negation = 0  [n = 290]:	loss = 0.146  exp loss = 0.163  adjusted loss = 0.163  adv prob = 0.166667   acc = 0.955
  gold_label_random = 0, sentence2_has_negation = 1  [n = 284]:	loss = 0.046  exp loss = 0.032  adjusted loss = 0.032  adv prob = 0.166667   acc = 0.986
  gold_label_random = 1, sentence2_has_negation = 0  [n = 240]:	loss = 0.046  exp loss = 0.083  adjusted loss = 0.083  adv prob = 0.166667   acc = 0.988
  gold_label_random = 1, sentence2_has_negation = 1  [n = 270]:	loss = 0.130  exp loss = 0.108  adjusted loss = 0.108  adv prob = 0.166667   acc = 0.963
  gold_label_random = 2, sentence2_has_negation = 0  [n = 284]:	loss = 0.163  exp loss = 0.073  adjusted loss = 0.073  adv prob = 0.166667   acc = 0.951
  gold_label_random = 2, sentence2_has_negation = 1  [n = 232]:	loss = 0.194  exp loss = 0.268  adjusted loss = 0.268  adv prob = 0.166667   acc = 0.953
Average incurred loss: 0.116  
Average sample loss: 0.116  
Average acc: 0.963  
  gold_label_random = 0, sentence2_has_negation = 0  [n = 255]:	loss = 0.123  exp loss = 0.126  adjusted loss = 0.126  adv prob = 0.166667   acc = 0.949
  gold_label_random = 0, sentence2_has_negation = 1  [n = 259]:	loss = 0.067  exp loss = 0.099  adjusted loss = 0.099  adv prob = 0.166667   acc = 0.985
  gold_label_random = 1, sentence2_has_negation = 0  [n = 270]:	loss = 0.030  exp loss = 0.020  adjusted loss = 0.020  adv prob = 0.166667   acc = 0.989
  gold_label_random = 1, sentence2_has_negation = 1  [n = 264]:	loss = 0.176  exp loss = 0.229  adjusted loss = 0.229  adv prob = 0.166667   acc = 0.955
  gold_label_random = 2, sentence2_has_negation = 0  [n = 271]:	loss = 0.109  exp loss = 0.138  adjusted loss = 0.138  adv prob = 0.166667   acc = 0.956
  gold_label_random = 2, sentence2_has_negation = 1  [n = 281]:	loss = 0.186  exp loss = 0.306  adjusted loss = 0.306  adv prob = 0.166667   acc = 0.943
Average incurred loss: 0.092  
Average sample loss: 0.092  
Average acc: 0.970  
  gold_label_random = 0, sentence2_has_negation = 0  [n = 232]:	loss = 0.129  exp loss = 0.092  adjusted loss = 0.092  adv prob = 0.166667   acc = 0.944
  gold_label_random = 0, sentence2_has_negation = 1  [n = 280]:	loss = 0.079  exp loss = 0.109  adjusted loss = 0.109  adv prob = 0.166667   acc = 0.968
  gold_label_random = 1, sentence2_has_negation = 0  [n = 274]:	loss = 0.033  exp loss = 0.026  adjusted loss = 0.026  adv prob = 0.166667   acc = 0.996
  gold_label_random = 1, sentence2_has_negation = 1  [n = 280]:	loss = 0.070  exp loss = 0.076  adjusted loss = 0.076  adv prob = 0.166667   acc = 0.982
  gold_label_random = 2, sentence2_has_negation = 0  [n = 276]:	loss = 0.054  exp loss = 0.037  adjusted loss = 0.037  adv prob = 0.166667   acc = 0.982
  gold_label_random = 2, sentence2_has_negation = 1  [n = 258]:	loss = 0.200  exp loss = 0.252  adjusted loss = 0.252  adv prob = 0.166667   acc = 0.942
Average incurred loss: 0.114  
Average sample loss: 0.114  
Average acc: 0.965  
  gold_label_random = 0, sentence2_has_negation = 0  [n = 269]:	loss = 0.101  exp loss = 0.094  adjusted loss = 0.094  adv prob = 0.166667   acc = 0.955
  gold_label_random = 0, sentence2_has_negation = 1  [n = 279]:	loss = 0.057  exp loss = 0.048  adjusted loss = 0.048  adv prob = 0.166667   acc = 0.982
  gold_label_random = 1, sentence2_has_negation = 0  [n = 255]:	loss = 0.042  exp loss = 0.068  adjusted loss = 0.068  adv prob = 0.166667   acc = 0.988
  gold_label_random = 1, sentence2_has_negation = 1  [n = 255]:	loss = 0.157  exp loss = 0.142  adjusted loss = 0.142  adv prob = 0.166667   acc = 0.961
  gold_label_random = 2, sentence2_has_negation = 0  [n = 254]:	loss = 0.102  exp loss = 0.083  adjusted loss = 0.083  adv prob = 0.166667   acc = 0.965
  gold_label_random = 2, sentence2_has_negation = 1  [n = 288]:	loss = 0.220  exp loss = 0.252  adjusted loss = 0.252  adv prob = 0.166667   acc = 0.941
Average incurred loss: 0.135  
Average sample loss: 0.135  
Average acc: 0.952  
  gold_label_random = 0, sentence2_has_negation = 0  [n = 264]:	loss = 0.152  exp loss = 0.083  adjusted loss = 0.083  adv prob = 0.166667   acc = 0.939
  gold_label_random = 0, sentence2_has_negation = 1  [n = 279]:	loss = 0.066  exp loss = 0.084  adjusted loss = 0.084  adv prob = 0.166667   acc = 0.975
  gold_label_random = 1, sentence2_has_negation = 0  [n = 243]:	loss = 0.109  exp loss = 0.114  adjusted loss = 0.114  adv prob = 0.166667   acc = 0.971
  gold_label_random = 1, sentence2_has_negation = 1  [n = 266]:	loss = 0.169  exp loss = 0.110  adjusted loss = 0.110  adv prob = 0.166667   acc = 0.940
  gold_label_random = 2, sentence2_has_negation = 0  [n = 276]:	loss = 0.135  exp loss = 0.114  adjusted loss = 0.114  adv prob = 0.166667   acc = 0.949
  gold_label_random = 2, sentence2_has_negation = 1  [n = 272]:	loss = 0.181  exp loss = 0.304  adjusted loss = 0.304  adv prob = 0.166667   acc = 0.937
Average incurred loss: 0.108  
Average sample loss: 0.108  
Average acc: 0.966  
  gold_label_random = 0, sentence2_has_negation = 0  [n = 268]:	loss = 0.175  exp loss = 0.144  adjusted loss = 0.144  adv prob = 0.166667   acc = 0.948
  gold_label_random = 0, sentence2_has_negation = 1  [n = 281]:	loss = 0.038  exp loss = 0.021  adjusted loss = 0.021  adv prob = 0.166667   acc = 0.993
  gold_label_random = 1, sentence2_has_negation = 0  [n = 254]:	loss = 0.047  exp loss = 0.045  adjusted loss = 0.045  adv prob = 0.166667   acc = 0.984
  gold_label_random = 1, sentence2_has_negation = 1  [n = 253]:	loss = 0.069  exp loss = 0.091  adjusted loss = 0.091  adv prob = 0.166667   acc = 0.988
  gold_label_random = 2, sentence2_has_negation = 0  [n = 286]:	loss = 0.094  exp loss = 0.078  adjusted loss = 0.078  adv prob = 0.166667   acc = 0.965
  gold_label_random = 2, sentence2_has_negation = 1  [n = 258]:	loss = 0.226  exp loss = 0.241  adjusted loss = 0.241  adv prob = 0.166667   acc = 0.919
Average incurred loss: 0.118  
Average sample loss: 0.118  
Average acc: 0.964  
  gold_label_random = 0, sentence2_has_negation = 0  [n = 241]:	loss = 0.106  exp loss = 0.128  adjusted loss = 0.128  adv prob = 0.166667   acc = 0.959
  gold_label_random = 0, sentence2_has_negation = 1  [n = 273]:	loss = 0.085  exp loss = 0.093  adjusted loss = 0.093  adv prob = 0.166667   acc = 0.978
  gold_label_random = 1, sentence2_has_negation = 0  [n = 303]:	loss = 0.042  exp loss = 0.071  adjusted loss = 0.071  adv prob = 0.166667   acc = 0.993
  gold_label_random = 1, sentence2_has_negation = 1  [n = 246]:	loss = 0.128  exp loss = 0.101  adjusted loss = 0.101  adv prob = 0.166667   acc = 0.967
  gold_label_random = 2, sentence2_has_negation = 0  [n = 260]:	loss = 0.134  exp loss = 0.131  adjusted loss = 0.131  adv prob = 0.166667   acc = 0.954
  gold_label_random = 2, sentence2_has_negation = 1  [n = 277]:	loss = 0.218  exp loss = 0.232  adjusted loss = 0.232  adv prob = 0.166667   acc = 0.928
Average incurred loss: 0.104  
Average sample loss: 0.104  
Average acc: 0.964  
  gold_label_random = 0, sentence2_has_negation = 0  [n = 223]:	loss = 0.143  exp loss = 0.134  adjusted loss = 0.134  adv prob = 0.166667   acc = 0.942
  gold_label_random = 0, sentence2_has_negation = 1  [n = 272]:	loss = 0.033  exp loss = 0.035  adjusted loss = 0.035  adv prob = 0.166667   acc = 0.993
  gold_label_random = 1, sentence2_has_negation = 0  [n = 284]:	loss = 0.080  exp loss = 0.076  adjusted loss = 0.076  adv prob = 0.166667   acc = 0.975
  gold_label_random = 1, sentence2_has_negation = 1  [n = 277]:	loss = 0.122  exp loss = 0.225  adjusted loss = 0.225  adv prob = 0.166667   acc = 0.964
  gold_label_random = 2, sentence2_has_negation = 0  [n = 248]:	loss = 0.091  exp loss = 0.116  adjusted loss = 0.116  adv prob = 0.166667   acc = 0.960
  gold_label_random = 2, sentence2_has_negation = 1  [n = 296]:	loss = 0.158  exp loss = 0.100  adjusted loss = 0.100  adv prob = 0.166667   acc = 0.946
Average incurred loss: 0.099  
Average sample loss: 0.099  
Average acc: 0.967  
  gold_label_random = 0, sentence2_has_negation = 0  [n = 261]:	loss = 0.103  exp loss = 0.128  adjusted loss = 0.128  adv prob = 0.166667   acc = 0.958
  gold_label_random = 0, sentence2_has_negation = 1  [n = 260]:	loss = 0.040  exp loss = 0.092  adjusted loss = 0.092  adv prob = 0.166667   acc = 0.992
  gold_label_random = 1, sentence2_has_negation = 0  [n = 268]:	loss = 0.060  exp loss = 0.034  adjusted loss = 0.034  adv prob = 0.166667   acc = 0.978
  gold_label_random = 1, sentence2_has_negation = 1  [n = 266]:	loss = 0.133  exp loss = 0.135  adjusted loss = 0.135  adv prob = 0.166667   acc = 0.955
  gold_label_random = 2, sentence2_has_negation = 0  [n = 261]:	loss = 0.079  exp loss = 0.051  adjusted loss = 0.051  adv prob = 0.166667   acc = 0.973
  gold_label_random = 2, sentence2_has_negation = 1  [n = 284]:	loss = 0.173  exp loss = 0.147  adjusted loss = 0.147  adv prob = 0.166667   acc = 0.951
Average incurred loss: 0.113  
Average sample loss: 0.113  
Average acc: 0.967  
  gold_label_random = 0, sentence2_has_negation = 0  [n = 298]:	loss = 0.143  exp loss = 0.116  adjusted loss = 0.116  adv prob = 0.166667   acc = 0.960
  gold_label_random = 0, sentence2_has_negation = 1  [n = 251]:	loss = 0.032  exp loss = 0.122  adjusted loss = 0.122  adv prob = 0.166667   acc = 0.992
  gold_label_random = 1, sentence2_has_negation = 0  [n = 249]:	loss = 0.061  exp loss = 0.047  adjusted loss = 0.047  adv prob = 0.166667   acc = 0.980
  gold_label_random = 1, sentence2_has_negation = 1  [n = 251]:	loss = 0.124  exp loss = 0.056  adjusted loss = 0.056  adv prob = 0.166667   acc = 0.972
  gold_label_random = 2, sentence2_has_negation = 0  [n = 257]:	loss = 0.136  exp loss = 0.222  adjusted loss = 0.222  adv prob = 0.166667   acc = 0.961
  gold_label_random = 2, sentence2_has_negation = 1  [n = 294]:	loss = 0.168  exp loss = 0.105  adjusted loss = 0.105  adv prob = 0.166667   acc = 0.946
Average incurred loss: 0.106  
Average sample loss: 0.106  
Average acc: 0.963  
  gold_label_random = 0, sentence2_has_negation = 0  [n = 250]:	loss = 0.134  exp loss = 0.136  adjusted loss = 0.136  adv prob = 0.166667   acc = 0.956
  gold_label_random = 0, sentence2_has_negation = 1  [n = 281]:	loss = 0.054  exp loss = 0.065  adjusted loss = 0.065  adv prob = 0.166667   acc = 0.975
  gold_label_random = 1, sentence2_has_negation = 0  [n = 279]:	loss = 0.033  exp loss = 0.028  adjusted loss = 0.028  adv prob = 0.166667   acc = 0.996
  gold_label_random = 1, sentence2_has_negation = 1  [n = 255]:	loss = 0.102  exp loss = 0.047  adjusted loss = 0.047  adv prob = 0.166667   acc = 0.980
  gold_label_random = 2, sentence2_has_negation = 0  [n = 260]:	loss = 0.082  exp loss = 0.061  adjusted loss = 0.061  adv prob = 0.166667   acc = 0.973
  gold_label_random = 2, sentence2_has_negation = 1  [n = 275]:	loss = 0.234  exp loss = 0.265  adjusted loss = 0.265  adv prob = 0.166667   acc = 0.898
Average incurred loss: 0.075  
Average sample loss: 0.075  
Average acc: 0.973  
  gold_label_random = 0, sentence2_has_negation = 0  [n = 240]:	loss = 0.066  exp loss = 0.066  adjusted loss = 0.066  adv prob = 0.166667   acc = 0.975
  gold_label_random = 0, sentence2_has_negation = 1  [n = 284]:	loss = 0.057  exp loss = 0.053  adjusted loss = 0.053  adv prob = 0.166667   acc = 0.972
  gold_label_random = 1, sentence2_has_negation = 0  [n = 259]:	loss = 0.058  exp loss = 0.037  adjusted loss = 0.037  adv prob = 0.166667   acc = 0.985
  gold_label_random = 1, sentence2_has_negation = 1  [n = 304]:	loss = 0.064  exp loss = 0.056  adjusted loss = 0.056  adv prob = 0.166667   acc = 0.990
  gold_label_random = 2, sentence2_has_negation = 0  [n = 244]:	loss = 0.078  exp loss = 0.050  adjusted loss = 0.050  adv prob = 0.166667   acc = 0.955
  gold_label_random = 2, sentence2_has_negation = 1  [n = 269]:	loss = 0.126  exp loss = 0.190  adjusted loss = 0.190  adv prob = 0.166667   acc = 0.959
Average incurred loss: 0.108  
Average sample loss: 0.108  
Average acc: 0.966  
  gold_label_random = 0, sentence2_has_negation = 0  [n = 243]:	loss = 0.186  exp loss = 0.222  adjusted loss = 0.222  adv prob = 0.166667   acc = 0.938
  gold_label_random = 0, sentence2_has_negation = 1  [n = 285]:	loss = 0.051  exp loss = 0.039  adjusted loss = 0.039  adv prob = 0.166667   acc = 0.986
  gold_label_random = 1, sentence2_has_negation = 0  [n = 261]:	loss = 0.049  exp loss = 0.041  adjusted loss = 0.041  adv prob = 0.166667   acc = 0.989
  gold_label_random = 1, sentence2_has_negation = 1  [n = 260]:	loss = 0.089  exp loss = 0.151  adjusted loss = 0.151  adv prob = 0.166667   acc = 0.973
  gold_label_random = 2, sentence2_has_negation = 0  [n = 285]:	loss = 0.083  exp loss = 0.064  adjusted loss = 0.064  adv prob = 0.166667   acc = 0.972
  gold_label_random = 2, sentence2_has_negation = 1  [n = 266]:	loss = 0.199  exp loss = 0.118  adjusted loss = 0.118  adv prob = 0.166667   acc = 0.932
Average incurred loss: 0.091  
Average sample loss: 0.091  
Average acc: 0.969  
  gold_label_random = 0, sentence2_has_negation = 0  [n = 283]:	loss = 0.114  exp loss = 0.098  adjusted loss = 0.098  adv prob = 0.166667   acc = 0.954
  gold_label_random = 0, sentence2_has_negation = 1  [n = 267]:	loss = 0.051  exp loss = 0.050  adjusted loss = 0.050  adv prob = 0.166667   acc = 0.985
  gold_label_random = 1, sentence2_has_negation = 0  [n = 264]:	loss = 0.053  exp loss = 0.061  adjusted loss = 0.061  adv prob = 0.166667   acc = 0.973
  gold_label_random = 1, sentence2_has_negation = 1  [n = 269]:	loss = 0.053  exp loss = 0.051  adjusted loss = 0.051  adv prob = 0.166667   acc = 0.993
  gold_label_random = 2, sentence2_has_negation = 0  [n = 260]:	loss = 0.099  exp loss = 0.104  adjusted loss = 0.104  adv prob = 0.166667   acc = 0.962
  gold_label_random = 2, sentence2_has_negation = 1  [n = 257]:	loss = 0.175  exp loss = 0.182  adjusted loss = 0.182  adv prob = 0.166667   acc = 0.949
Average incurred loss: 0.086  
Average sample loss: 0.086  
Average acc: 0.970  
  gold_label_random = 0, sentence2_has_negation = 0  [n = 231]:	loss = 0.121  exp loss = 0.208  adjusted loss = 0.208  adv prob = 0.166667   acc = 0.948
  gold_label_random = 0, sentence2_has_negation = 1  [n = 290]:	loss = 0.056  exp loss = 0.047  adjusted loss = 0.047  adv prob = 0.166667   acc = 0.983
  gold_label_random = 1, sentence2_has_negation = 0  [n = 275]:	loss = 0.045  exp loss = 0.062  adjusted loss = 0.062  adv prob = 0.166667   acc = 0.985
  gold_label_random = 1, sentence2_has_negation = 1  [n = 264]:	loss = 0.065  exp loss = 0.080  adjusted loss = 0.080  adv prob = 0.166667   acc = 0.981
  gold_label_random = 2, sentence2_has_negation = 0  [n = 280]:	loss = 0.067  exp loss = 0.095  adjusted loss = 0.095  adv prob = 0.166667   acc = 0.975
  gold_label_random = 2, sentence2_has_negation = 1  [n = 260]:	loss = 0.174  exp loss = 0.175  adjusted loss = 0.175  adv prob = 0.166667   acc = 0.942
Average incurred loss: 0.089  
Average sample loss: 0.089  
Average acc: 0.964  
  gold_label_random = 0, sentence2_has_negation = 0  [n = 282]:	loss = 0.096  exp loss = 0.098  adjusted loss = 0.098  adv prob = 0.166667   acc = 0.957
  gold_label_random = 0, sentence2_has_negation = 1  [n = 285]:	loss = 0.059  exp loss = 0.053  adjusted loss = 0.053  adv prob = 0.166667   acc = 0.982
  gold_label_random = 1, sentence2_has_negation = 0  [n = 264]:	loss = 0.053  exp loss = 0.046  adjusted loss = 0.046  adv prob = 0.166667   acc = 0.981
  gold_label_random = 1, sentence2_has_negation = 1  [n = 257]:	loss = 0.117  exp loss = 0.093  adjusted loss = 0.093  adv prob = 0.166667   acc = 0.953
  gold_label_random = 2, sentence2_has_negation = 0  [n = 250]:	loss = 0.073  exp loss = 0.063  adjusted loss = 0.063  adv prob = 0.166667   acc = 0.968
  gold_label_random = 2, sentence2_has_negation = 1  [n = 262]:	loss = 0.137  exp loss = 0.173  adjusted loss = 0.173  adv prob = 0.166667   acc = 0.943
Average incurred loss: 0.091  
Average sample loss: 0.091  
Average acc: 0.977  
  gold_label_random = 0, sentence2_has_negation = 0  [n = 273]:	loss = 0.120  exp loss = 0.108  adjusted loss = 0.108  adv prob = 0.166667   acc = 0.967
  gold_label_random = 0, sentence2_has_negation = 1  [n = 269]:	loss = 0.029  exp loss = 0.033  adjusted loss = 0.033  adv prob = 0.166667   acc = 0.993
  gold_label_random = 1, sentence2_has_negation = 0  [n = 264]:	loss = 0.049  exp loss = 0.053  adjusted loss = 0.053  adv prob = 0.166667   acc = 0.992
  gold_label_random = 1, sentence2_has_negation = 1  [n = 279]:	loss = 0.083  exp loss = 0.107  adjusted loss = 0.107  adv prob = 0.166667   acc = 0.978
  gold_label_random = 2, sentence2_has_negation = 0  [n = 275]:	loss = 0.119  exp loss = 0.044  adjusted loss = 0.044  adv prob = 0.166667   acc = 0.967
  gold_label_random = 2, sentence2_has_negation = 1  [n = 240]:	loss = 0.150  exp loss = 0.241  adjusted loss = 0.241  adv prob = 0.166667   acc = 0.963
Average incurred loss: 0.115  
Average sample loss: 0.115  
Average acc: 0.961  
  gold_label_random = 0, sentence2_has_negation = 0  [n = 270]:	loss = 0.135  exp loss = 0.180  adjusted loss = 0.180  adv prob = 0.166667   acc = 0.956
  gold_label_random = 0, sentence2_has_negation = 1  [n = 261]:	loss = 0.033  exp loss = 0.030  adjusted loss = 0.030  adv prob = 0.166667   acc = 0.992
  gold_label_random = 1, sentence2_has_negation = 0  [n = 262]:	loss = 0.046  exp loss = 0.059  adjusted loss = 0.059  adv prob = 0.166667   acc = 0.989
  gold_label_random = 1, sentence2_has_negation = 1  [n = 266]:	loss = 0.195  exp loss = 0.134  adjusted loss = 0.134  adv prob = 0.166667   acc = 0.944
  gold_label_random = 2, sentence2_has_negation = 0  [n = 264]:	loss = 0.084  exp loss = 0.093  adjusted loss = 0.093  adv prob = 0.166667   acc = 0.966
  gold_label_random = 2, sentence2_has_negation = 1  [n = 277]:	loss = 0.194  exp loss = 0.132  adjusted loss = 0.132  adv prob = 0.166667   acc = 0.924
Average incurred loss: 0.096  
Average sample loss: 0.096  
Average acc: 0.972  
  gold_label_random = 0, sentence2_has_negation = 0  [n = 290]:	loss = 0.140  exp loss = 0.164  adjusted loss = 0.164  adv prob = 0.166667   acc = 0.955
  gold_label_random = 0, sentence2_has_negation = 1  [n = 263]:	loss = 0.068  exp loss = 0.036  adjusted loss = 0.036  adv prob = 0.166667   acc = 0.981
  gold_label_random = 1, sentence2_has_negation = 0  [n = 261]:	loss = 0.064  exp loss = 0.064  adjusted loss = 0.064  adv prob = 0.166667   acc = 0.992
  gold_label_random = 1, sentence2_has_negation = 1  [n = 252]:	loss = 0.052  exp loss = 0.066  adjusted loss = 0.066  adv prob = 0.166667   acc = 0.988
  gold_label_random = 2, sentence2_has_negation = 0  [n = 261]:	loss = 0.120  exp loss = 0.050  adjusted loss = 0.050  adv prob = 0.166667   acc = 0.962
  gold_label_random = 2, sentence2_has_negation = 1  [n = 273]:	loss = 0.122  exp loss = 0.093  adjusted loss = 0.093  adv prob = 0.166667   acc = 0.956
Average incurred loss: 0.125  
Average sample loss: 0.125  
Average acc: 0.963  
  gold_label_random = 0, sentence2_has_negation = 0  [n = 271]:	loss = 0.149  exp loss = 0.214  adjusted loss = 0.214  adv prob = 0.166667   acc = 0.963
  gold_label_random = 0, sentence2_has_negation = 1  [n = 263]:	loss = 0.042  exp loss = 0.036  adjusted loss = 0.036  adv prob = 0.166667   acc = 0.985
  gold_label_random = 1, sentence2_has_negation = 0  [n = 267]:	loss = 0.050  exp loss = 0.046  adjusted loss = 0.046  adv prob = 0.166667   acc = 0.989
  gold_label_random = 1, sentence2_has_negation = 1  [n = 250]:	loss = 0.081  exp loss = 0.121  adjusted loss = 0.121  adv prob = 0.166667   acc = 0.980
  gold_label_random = 2, sentence2_has_negation = 0  [n = 295]:	loss = 0.174  exp loss = 0.120  adjusted loss = 0.120  adv prob = 0.166667   acc = 0.953
  gold_label_random = 2, sentence2_has_negation = 1  [n = 254]:	loss = 0.248  exp loss = 0.473  adjusted loss = 0.473  adv prob = 0.166667   acc = 0.909
Average incurred loss: 0.103  
Average sample loss: 0.103  
Average acc: 0.965  
  gold_label_random = 0, sentence2_has_negation = 0  [n = 248]:	loss = 0.134  exp loss = 0.135  adjusted loss = 0.135  adv prob = 0.166667   acc = 0.952
  gold_label_random = 0, sentence2_has_negation = 1  [n = 293]:	loss = 0.104  exp loss = 0.091  adjusted loss = 0.091  adv prob = 0.166667   acc = 0.969
  gold_label_random = 1, sentence2_has_negation = 0  [n = 263]:	loss = 0.070  exp loss = 0.050  adjusted loss = 0.050  adv prob = 0.166667   acc = 0.973
  gold_label_random = 1, sentence2_has_negation = 1  [n = 256]:	loss = 0.077  exp loss = 0.074  adjusted loss = 0.074  adv prob = 0.166667   acc = 0.973
  gold_label_random = 2, sentence2_has_negation = 0  [n = 268]:	loss = 0.108  exp loss = 0.117  adjusted loss = 0.117  adv prob = 0.166667   acc = 0.959
  gold_label_random = 2, sentence2_has_negation = 1  [n = 272]:	loss = 0.125  exp loss = 0.084  adjusted loss = 0.084  adv prob = 0.166667   acc = 0.963
Average incurred loss: 0.116  
Average sample loss: 0.116  
Average acc: 0.961  
  gold_label_random = 0, sentence2_has_negation = 0  [n = 284]:	loss = 0.176  exp loss = 0.106  adjusted loss = 0.106  adv prob = 0.166667   acc = 0.937
  gold_label_random = 0, sentence2_has_negation = 1  [n = 235]:	loss = 0.024  exp loss = 0.018  adjusted loss = 0.018  adv prob = 0.166667   acc = 0.996
  gold_label_random = 1, sentence2_has_negation = 0  [n = 265]:	loss = 0.039  exp loss = 0.059  adjusted loss = 0.059  adv prob = 0.166667   acc = 0.989
  gold_label_random = 1, sentence2_has_negation = 1  [n = 275]:	loss = 0.161  exp loss = 0.392  adjusted loss = 0.392  adv prob = 0.166667   acc = 0.949
  gold_label_random = 2, sentence2_has_negation = 0  [n = 276]:	loss = 0.065  exp loss = 0.034  adjusted loss = 0.034  adv prob = 0.166667   acc = 0.978
  gold_label_random = 2, sentence2_has_negation = 1  [n = 265]:	loss = 0.218  exp loss = 0.134  adjusted loss = 0.134  adv prob = 0.166667   acc = 0.925
Average incurred loss: 0.102  
Average sample loss: 0.102  
Average acc: 0.964  
  gold_label_random = 0, sentence2_has_negation = 0  [n = 275]:	loss = 0.099  exp loss = 0.090  adjusted loss = 0.090  adv prob = 0.166667   acc = 0.967
  gold_label_random = 0, sentence2_has_negation = 1  [n = 274]:	loss = 0.050  exp loss = 0.037  adjusted loss = 0.037  adv prob = 0.166667   acc = 0.974
  gold_label_random = 1, sentence2_has_negation = 0  [n = 253]:	loss = 0.063  exp loss = 0.027  adjusted loss = 0.027  adv prob = 0.166667   acc = 0.988
  gold_label_random = 1, sentence2_has_negation = 1  [n = 263]:	loss = 0.087  exp loss = 0.099  adjusted loss = 0.099  adv prob = 0.166667   acc = 0.962
  gold_label_random = 2, sentence2_has_negation = 0  [n = 246]:	loss = 0.155  exp loss = 0.106  adjusted loss = 0.106  adv prob = 0.166667   acc = 0.959
  gold_label_random = 2, sentence2_has_negation = 1  [n = 289]:	loss = 0.158  exp loss = 0.107  adjusted loss = 0.107  adv prob = 0.166667   acc = 0.938
Average incurred loss: 0.101  
Average sample loss: 0.101  
Average acc: 0.966  
  gold_label_random = 0, sentence2_has_negation = 0  [n = 269]:	loss = 0.078  exp loss = 0.058  adjusted loss = 0.058  adv prob = 0.166667   acc = 0.974
  gold_label_random = 0, sentence2_has_negation = 1  [n = 278]:	loss = 0.049  exp loss = 0.062  adjusted loss = 0.062  adv prob = 0.166667   acc = 0.975
  gold_label_random = 1, sentence2_has_negation = 0  [n = 271]:	loss = 0.078  exp loss = 0.129  adjusted loss = 0.129  adv prob = 0.166667   acc = 0.974
  gold_label_random = 1, sentence2_has_negation = 1  [n = 257]:	loss = 0.069  exp loss = 0.169  adjusted loss = 0.169  adv prob = 0.166667   acc = 0.988
  gold_label_random = 2, sentence2_has_negation = 0  [n = 257]:	loss = 0.122  exp loss = 0.089  adjusted loss = 0.089  adv prob = 0.166667   acc = 0.953
  gold_label_random = 2, sentence2_has_negation = 1  [n = 268]:	loss = 0.209  exp loss = 0.142  adjusted loss = 0.142  adv prob = 0.166667   acc = 0.929
Average incurred loss: 0.124  
Average sample loss: 0.124  
Average acc: 0.959  
  gold_label_random = 0, sentence2_has_negation = 0  [n = 269]:	loss = 0.148  exp loss = 0.131  adjusted loss = 0.131  adv prob = 0.166667   acc = 0.955
  gold_label_random = 0, sentence2_has_negation = 1  [n = 256]:	loss = 0.062  exp loss = 0.058  adjusted loss = 0.058  adv prob = 0.166667   acc = 0.980
  gold_label_random = 1, sentence2_has_negation = 0  [n = 280]:	loss = 0.071  exp loss = 0.053  adjusted loss = 0.053  adv prob = 0.166667   acc = 0.979
  gold_label_random = 1, sentence2_has_negation = 1  [n = 250]:	loss = 0.133  exp loss = 0.082  adjusted loss = 0.082  adv prob = 0.166667   acc = 0.944
  gold_label_random = 2, sentence2_has_negation = 0  [n = 260]:	loss = 0.099  exp loss = 0.091  adjusted loss = 0.091  adv prob = 0.166667   acc = 0.977
  gold_label_random = 2, sentence2_has_negation = 1  [n = 285]:	loss = 0.223  exp loss = 0.160  adjusted loss = 0.160  adv prob = 0.166667   acc = 0.923
Average incurred loss: 0.082  
Average sample loss: 0.082  
Average acc: 0.972  
  gold_label_random = 0, sentence2_has_negation = 0  [n = 258]:	loss = 0.125  exp loss = 0.194  adjusted loss = 0.194  adv prob = 0.166667   acc = 0.950
  gold_label_random = 0, sentence2_has_negation = 1  [n = 269]:	loss = 0.029  exp loss = 0.018  adjusted loss = 0.018  adv prob = 0.166667   acc = 0.993
  gold_label_random = 1, sentence2_has_negation = 0  [n = 250]:	loss = 0.046  exp loss = 0.054  adjusted loss = 0.054  adv prob = 0.166667   acc = 0.992
  gold_label_random = 1, sentence2_has_negation = 1  [n = 254]:	loss = 0.040  exp loss = 0.037  adjusted loss = 0.037  adv prob = 0.166667   acc = 0.996
  gold_label_random = 2, sentence2_has_negation = 0  [n = 270]:	loss = 0.076  exp loss = 0.032  adjusted loss = 0.032  adv prob = 0.166667   acc = 0.970
  gold_label_random = 2, sentence2_has_negation = 1  [n = 299]:	loss = 0.162  exp loss = 0.212  adjusted loss = 0.212  adv prob = 0.166667   acc = 0.936
Average incurred loss: 0.106  
Average sample loss: 0.106  
Average acc: 0.970  
  gold_label_random = 0, sentence2_has_negation = 0  [n = 269]:	loss = 0.139  exp loss = 0.182  adjusted loss = 0.182  adv prob = 0.166667   acc = 0.967
  gold_label_random = 0, sentence2_has_negation = 1  [n = 266]:	loss = 0.091  exp loss = 0.046  adjusted loss = 0.046  adv prob = 0.166667   acc = 0.974
  gold_label_random = 1, sentence2_has_negation = 0  [n = 273]:	loss = 0.058  exp loss = 0.071  adjusted loss = 0.071  adv prob = 0.166667   acc = 0.982
  gold_label_random = 1, sentence2_has_negation = 1  [n = 272]:	loss = 0.129  exp loss = 0.107  adjusted loss = 0.107  adv prob = 0.166667   acc = 0.971
  gold_label_random = 2, sentence2_has_negation = 0  [n = 256]:	loss = 0.067  exp loss = 0.042  adjusted loss = 0.042  adv prob = 0.166667   acc = 0.977
  gold_label_random = 2, sentence2_has_negation = 1  [n = 264]:	loss = 0.151  exp loss = 0.228  adjusted loss = 0.228  adv prob = 0.166667   acc = 0.951
Average incurred loss: 0.107  
Average sample loss: 0.107  
Average acc: 0.967  
  gold_label_random = 0, sentence2_has_negation = 0  [n = 260]:	loss = 0.134  exp loss = 0.116  adjusted loss = 0.116  adv prob = 0.166667   acc = 0.946
  gold_label_random = 0, sentence2_has_negation = 1  [n = 290]:	loss = 0.023  exp loss = 0.021  adjusted loss = 0.021  adv prob = 0.166667   acc = 0.993
  gold_label_random = 1, sentence2_has_negation = 0  [n = 281]:	loss = 0.079  exp loss = 0.079  adjusted loss = 0.079  adv prob = 0.166667   acc = 0.979
  gold_label_random = 1, sentence2_has_negation = 1  [n = 259]:	loss = 0.156  exp loss = 0.158  adjusted loss = 0.158  adv prob = 0.166667   acc = 0.954
  gold_label_random = 2, sentence2_has_negation = 0  [n = 268]:	loss = 0.065  exp loss = 0.045  adjusted loss = 0.045  adv prob = 0.166667   acc = 0.985
  gold_label_random = 2, sentence2_has_negation = 1  [n = 242]:	loss = 0.206  exp loss = 0.243  adjusted loss = 0.243  adv prob = 0.166667   acc = 0.938
Average incurred loss: 0.114  
Average sample loss: 0.114  
Average acc: 0.964  
  gold_label_random = 0, sentence2_has_negation = 0  [n = 263]:	loss = 0.066  exp loss = 0.033  adjusted loss = 0.033  adv prob = 0.166667   acc = 0.985
  gold_label_random = 0, sentence2_has_negation = 1  [n = 245]:	loss = 0.046  exp loss = 0.034  adjusted loss = 0.034  adv prob = 0.166667   acc = 0.984
  gold_label_random = 1, sentence2_has_negation = 0  [n = 256]:	loss = 0.056  exp loss = 0.091  adjusted loss = 0.091  adv prob = 0.166667   acc = 0.984
  gold_label_random = 1, sentence2_has_negation = 1  [n = 286]:	loss = 0.113  exp loss = 0.077  adjusted loss = 0.077  adv prob = 0.166667   acc = 0.958
  gold_label_random = 2, sentence2_has_negation = 0  [n = 263]:	loss = 0.165  exp loss = 0.209  adjusted loss = 0.209  adv prob = 0.166667   acc = 0.958
  gold_label_random = 2, sentence2_has_negation = 1  [n = 287]:	loss = 0.221  exp loss = 0.189  adjusted loss = 0.189  adv prob = 0.166667   acc = 0.920
Average incurred loss: 0.124  
Average sample loss: 0.124  
Average acc: 0.968  
  gold_label_random = 0, sentence2_has_negation = 0  [n = 276]:	loss = 0.165  exp loss = 0.201  adjusted loss = 0.201  adv prob = 0.166667   acc = 0.957
  gold_label_random = 0, sentence2_has_negation = 1  [n = 255]:	loss = 0.025  exp loss = 0.042  adjusted loss = 0.042  adv prob = 0.166667   acc = 1.000
  gold_label_random = 1, sentence2_has_negation = 0  [n = 290]:	loss = 0.075  exp loss = 0.065  adjusted loss = 0.065  adv prob = 0.166667   acc = 0.983
  gold_label_random = 1, sentence2_has_negation = 1  [n = 274]:	loss = 0.137  exp loss = 0.174  adjusted loss = 0.174  adv prob = 0.166667   acc = 0.960
  gold_label_random = 2, sentence2_has_negation = 0  [n = 232]:	loss = 0.082  exp loss = 0.170  adjusted loss = 0.170  adv prob = 0.166667   acc = 0.983
  gold_label_random = 2, sentence2_has_negation = 1  [n = 273]:	loss = 0.252  exp loss = 0.232  adjusted loss = 0.232  adv prob = 0.166667   acc = 0.927
Average incurred loss: 0.114  
Average sample loss: 0.114  
Average acc: 0.962  
  gold_label_random = 0, sentence2_has_negation = 0  [n = 309]:	loss = 0.134  exp loss = 0.132  adjusted loss = 0.132  adv prob = 0.166667   acc = 0.951
  gold_label_random = 0, sentence2_has_negation = 1  [n = 240]:	loss = 0.043  exp loss = 0.047  adjusted loss = 0.047  adv prob = 0.166667   acc = 0.983
  gold_label_random = 1, sentence2_has_negation = 0  [n = 257]:	loss = 0.077  exp loss = 0.039  adjusted loss = 0.039  adv prob = 0.166667   acc = 0.973
  gold_label_random = 1, sentence2_has_negation = 1  [n = 277]:	loss = 0.200  exp loss = 0.143  adjusted loss = 0.143  adv prob = 0.166667   acc = 0.935
  gold_label_random = 2, sentence2_has_negation = 0  [n = 265]:	loss = 0.116  exp loss = 0.158  adjusted loss = 0.158  adv prob = 0.166667   acc = 0.966
  gold_label_random = 2, sentence2_has_negation = 1  [n = 252]:	loss = 0.099  exp loss = 0.076  adjusted loss = 0.076  adv prob = 0.166667   acc = 0.968
Average incurred loss: 0.121  
Average sample loss: 0.121  
Average acc: 0.958  
  gold_label_random = 0, sentence2_has_negation = 0  [n = 277]:	loss = 0.130  exp loss = 0.100  adjusted loss = 0.100  adv prob = 0.166667   acc = 0.946
  gold_label_random = 0, sentence2_has_negation = 1  [n = 253]:	loss = 0.048  exp loss = 0.049  adjusted loss = 0.049  adv prob = 0.166667   acc = 0.988
  gold_label_random = 1, sentence2_has_negation = 0  [n = 258]:	loss = 0.047  exp loss = 0.055  adjusted loss = 0.055  adv prob = 0.166667   acc = 0.988
  gold_label_random = 1, sentence2_has_negation = 1  [n = 268]:	loss = 0.115  exp loss = 0.116  adjusted loss = 0.116  adv prob = 0.166667   acc = 0.963
  gold_label_random = 2, sentence2_has_negation = 0  [n = 278]:	loss = 0.076  exp loss = 0.129  adjusted loss = 0.129  adv prob = 0.166667   acc = 0.968
  gold_label_random = 2, sentence2_has_negation = 1  [n = 266]:	loss = 0.305  exp loss = 0.422  adjusted loss = 0.422  adv prob = 0.166667   acc = 0.895
Average incurred loss: 0.120  
Average sample loss: 0.120  
Average acc: 0.959  
  gold_label_random = 0, sentence2_has_negation = 0  [n = 265]:	loss = 0.085  exp loss = 0.137  adjusted loss = 0.137  adv prob = 0.166667   acc = 0.974
  gold_label_random = 0, sentence2_has_negation = 1  [n = 292]:	loss = 0.073  exp loss = 0.101  adjusted loss = 0.101  adv prob = 0.166667   acc = 0.979
  gold_label_random = 1, sentence2_has_negation = 0  [n = 273]:	loss = 0.078  exp loss = 0.081  adjusted loss = 0.081  adv prob = 0.166667   acc = 0.978
  gold_label_random = 1, sentence2_has_negation = 1  [n = 242]:	loss = 0.132  exp loss = 0.146  adjusted loss = 0.146  adv prob = 0.166667   acc = 0.955
  gold_label_random = 2, sentence2_has_negation = 0  [n = 268]:	loss = 0.092  exp loss = 0.131  adjusted loss = 0.131  adv prob = 0.166667   acc = 0.959
  gold_label_random = 2, sentence2_has_negation = 1  [n = 260]:	loss = 0.271  exp loss = 0.229  adjusted loss = 0.229  adv prob = 0.166667   acc = 0.904
Average incurred loss: 0.106  
Average sample loss: 0.106  
Average acc: 0.964  
  gold_label_random = 0, sentence2_has_negation = 0  [n = 271]:	loss = 0.109  exp loss = 0.135  adjusted loss = 0.135  adv prob = 0.166667   acc = 0.963
  gold_label_random = 0, sentence2_has_negation = 1  [n = 241]:	loss = 0.021  exp loss = 0.018  adjusted loss = 0.018  adv prob = 0.166667   acc = 1.000
  gold_label_random = 1, sentence2_has_negation = 0  [n = 275]:	loss = 0.066  exp loss = 0.051  adjusted loss = 0.051  adv prob = 0.166667   acc = 0.978
  gold_label_random = 1, sentence2_has_negation = 1  [n = 277]:	loss = 0.114  exp loss = 0.074  adjusted loss = 0.074  adv prob = 0.166667   acc = 0.968
  gold_label_random = 2, sentence2_has_negation = 0  [n = 261]:	loss = 0.122  exp loss = 0.125  adjusted loss = 0.125  adv prob = 0.166667   acc = 0.958
  gold_label_random = 2, sentence2_has_negation = 1  [n = 275]:	loss = 0.193  exp loss = 0.199  adjusted loss = 0.199  adv prob = 0.166667   acc = 0.924
Average incurred loss: 0.117  
Average sample loss: 0.117  
Average acc: 0.960  
  gold_label_random = 0, sentence2_has_negation = 0  [n = 271]:	loss = 0.165  exp loss = 0.218  adjusted loss = 0.218  adv prob = 0.166667   acc = 0.941
  gold_label_random = 0, sentence2_has_negation = 1  [n = 263]:	loss = 0.090  exp loss = 0.054  adjusted loss = 0.054  adv prob = 0.166667   acc = 0.981
  gold_label_random = 1, sentence2_has_negation = 0  [n = 288]:	loss = 0.055  exp loss = 0.107  adjusted loss = 0.107  adv prob = 0.166667   acc = 0.979
  gold_label_random = 1, sentence2_has_negation = 1  [n = 290]:	loss = 0.108  exp loss = 0.105  adjusted loss = 0.105  adv prob = 0.166667   acc = 0.962
  gold_label_random = 2, sentence2_has_negation = 0  [n = 246]:	loss = 0.123  exp loss = 0.116  adjusted loss = 0.116  adv prob = 0.166667   acc = 0.951
  gold_label_random = 2, sentence2_has_negation = 1  [n = 242]:	loss = 0.169  exp loss = 0.116  adjusted loss = 0.116  adv prob = 0.166667   acc = 0.942
Average incurred loss: 0.114  
Average sample loss: 0.114  
Average acc: 0.962  
  gold_label_random = 0, sentence2_has_negation = 0  [n = 280]:	loss = 0.162  exp loss = 0.161  adjusted loss = 0.161  adv prob = 0.166667   acc = 0.943
  gold_label_random = 0, sentence2_has_negation = 1  [n = 290]:	loss = 0.062  exp loss = 0.047  adjusted loss = 0.047  adv prob = 0.166667   acc = 0.986
  gold_label_random = 1, sentence2_has_negation = 0  [n = 275]:	loss = 0.074  exp loss = 0.100  adjusted loss = 0.100  adv prob = 0.166667   acc = 0.975
  gold_label_random = 1, sentence2_has_negation = 1  [n = 263]:	loss = 0.134  exp loss = 0.109  adjusted loss = 0.109  adv prob = 0.166667   acc = 0.962
  gold_label_random = 2, sentence2_has_negation = 0  [n = 266]:	loss = 0.076  exp loss = 0.089  adjusted loss = 0.089  adv prob = 0.166667   acc = 0.981
  gold_label_random = 2, sentence2_has_negation = 1  [n = 226]:	loss = 0.192  exp loss = 0.116  adjusted loss = 0.116  adv prob = 0.166667   acc = 0.916
Average incurred loss: 0.097  
Average sample loss: 0.097  
Average acc: 0.967  
  gold_label_random = 0, sentence2_has_negation = 0  [n = 272]:	loss = 0.087  exp loss = 0.102  adjusted loss = 0.102  adv prob = 0.166667   acc = 0.971
  gold_label_random = 0, sentence2_has_negation = 1  [n = 264]:	loss = 0.026  exp loss = 0.025  adjusted loss = 0.025  adv prob = 0.166667   acc = 0.996
  gold_label_random = 1, sentence2_has_negation = 0  [n = 245]:	loss = 0.083  exp loss = 0.062  adjusted loss = 0.062  adv prob = 0.166667   acc = 0.971
  gold_label_random = 1, sentence2_has_negation = 1  [n = 276]:	loss = 0.125  exp loss = 0.124  adjusted loss = 0.124  adv prob = 0.166667   acc = 0.960
  gold_label_random = 2, sentence2_has_negation = 0  [n = 259]:	loss = 0.113  exp loss = 0.160  adjusted loss = 0.160  adv prob = 0.166667   acc = 0.969
  gold_label_random = 2, sentence2_has_negation = 1  [n = 284]:	loss = 0.144  exp loss = 0.142  adjusted loss = 0.142  adv prob = 0.166667   acc = 0.937
Average incurred loss: 0.116  
Average sample loss: 0.116  
Average acc: 0.965  
  gold_label_random = 0, sentence2_has_negation = 0  [n = 249]:	loss = 0.130  exp loss = 0.107  adjusted loss = 0.107  adv prob = 0.166667   acc = 0.960
  gold_label_random = 0, sentence2_has_negation = 1  [n = 239]:	loss = 0.039  exp loss = 0.029  adjusted loss = 0.029  adv prob = 0.166667   acc = 0.987
  gold_label_random = 1, sentence2_has_negation = 0  [n = 263]:	loss = 0.056  exp loss = 0.072  adjusted loss = 0.072  adv prob = 0.166667   acc = 0.985
  gold_label_random = 1, sentence2_has_negation = 1  [n = 297]:	loss = 0.121  exp loss = 0.089  adjusted loss = 0.089  adv prob = 0.166667   acc = 0.973
  gold_label_random = 2, sentence2_has_negation = 0  [n = 275]:	loss = 0.135  exp loss = 0.141  adjusted loss = 0.141  adv prob = 0.166667   acc = 0.953
  gold_label_random = 2, sentence2_has_negation = 1  [n = 277]:	loss = 0.204  exp loss = 0.207  adjusted loss = 0.207  adv prob = 0.166667   acc = 0.935
Average incurred loss: 0.110  
Average sample loss: 0.110  
Average acc: 0.958  
  gold_label_random = 0, sentence2_has_negation = 0  [n = 280]:	loss = 0.102  exp loss = 0.091  adjusted loss = 0.091  adv prob = 0.166667   acc = 0.946
  gold_label_random = 0, sentence2_has_negation = 1  [n = 267]:	loss = 0.026  exp loss = 0.041  adjusted loss = 0.041  adv prob = 0.166667   acc = 0.996
  gold_label_random = 1, sentence2_has_negation = 0  [n = 260]:	loss = 0.071  exp loss = 0.102  adjusted loss = 0.102  adv prob = 0.166667   acc = 0.981
  gold_label_random = 1, sentence2_has_negation = 1  [n = 264]:	loss = 0.095  exp loss = 0.122  adjusted loss = 0.122  adv prob = 0.166667   acc = 0.962
  gold_label_random = 2, sentence2_has_negation = 0  [n = 253]:	loss = 0.128  exp loss = 0.115  adjusted loss = 0.115  adv prob = 0.166667   acc = 0.949
  gold_label_random = 2, sentence2_has_negation = 1  [n = 276]:	loss = 0.235  exp loss = 0.184  adjusted loss = 0.184  adv prob = 0.166667   acc = 0.917
Average incurred loss: 0.143  
Average sample loss: 0.143  
Average acc: 0.951  
  gold_label_random = 0, sentence2_has_negation = 0  [n = 252]:	loss = 0.147  exp loss = 0.197  adjusted loss = 0.197  adv prob = 0.166667   acc = 0.956
  gold_label_random = 0, sentence2_has_negation = 1  [n = 271]:	loss = 0.050  exp loss = 0.077  adjusted loss = 0.077  adv prob = 0.166667   acc = 0.989
  gold_label_random = 1, sentence2_has_negation = 0  [n = 278]:	loss = 0.090  exp loss = 0.152  adjusted loss = 0.152  adv prob = 0.166667   acc = 0.964
  gold_label_random = 1, sentence2_has_negation = 1  [n = 246]:	loss = 0.111  exp loss = 0.061  adjusted loss = 0.061  adv prob = 0.166667   acc = 0.972
  gold_label_random = 2, sentence2_has_negation = 0  [n = 285]:	loss = 0.163  exp loss = 0.180  adjusted loss = 0.180  adv prob = 0.166667   acc = 0.937
  gold_label_random = 2, sentence2_has_negation = 1  [n = 268]:	loss = 0.299  exp loss = 0.289  adjusted loss = 0.289  adv prob = 0.166667   acc = 0.892
Average incurred loss: 0.108  
Average sample loss: 0.108  
Average acc: 0.964  
  gold_label_random = 0, sentence2_has_negation = 0  [n = 237]:	loss = 0.099  exp loss = 0.115  adjusted loss = 0.115  adv prob = 0.166667   acc = 0.970
  gold_label_random = 0, sentence2_has_negation = 1  [n = 243]:	loss = 0.044  exp loss = 0.033  adjusted loss = 0.033  adv prob = 0.166667   acc = 0.988
  gold_label_random = 1, sentence2_has_negation = 0  [n = 268]:	loss = 0.101  exp loss = 0.134  adjusted loss = 0.134  adv prob = 0.166667   acc = 0.970
  gold_label_random = 1, sentence2_has_negation = 1  [n = 273]:	loss = 0.125  exp loss = 0.229  adjusted loss = 0.229  adv prob = 0.166667   acc = 0.967
  gold_label_random = 2, sentence2_has_negation = 0  [n = 300]:	loss = 0.091  exp loss = 0.079  adjusted loss = 0.079  adv prob = 0.166667   acc = 0.963
  gold_label_random = 2, sentence2_has_negation = 1  [n = 279]:	loss = 0.181  exp loss = 0.192  adjusted loss = 0.192  adv prob = 0.166667   acc = 0.928
Average incurred loss: 0.104  
Average sample loss: 0.104  
Average acc: 0.967  
  gold_label_random = 0, sentence2_has_negation = 0  [n = 239]:	loss = 0.201  exp loss = 0.168  adjusted loss = 0.168  adv prob = 0.166667   acc = 0.925
  gold_label_random = 0, sentence2_has_negation = 1  [n = 269]:	loss = 0.023  exp loss = 0.032  adjusted loss = 0.032  adv prob = 0.166667   acc = 0.993
  gold_label_random = 1, sentence2_has_negation = 0  [n = 286]:	loss = 0.060  exp loss = 0.087  adjusted loss = 0.087  adv prob = 0.166667   acc = 0.983
  gold_label_random = 1, sentence2_has_negation = 1  [n = 272]:	loss = 0.063  exp loss = 0.065  adjusted loss = 0.065  adv prob = 0.166667   acc = 0.974
  gold_label_random = 2, sentence2_has_negation = 0  [n = 274]:	loss = 0.132  exp loss = 0.116  adjusted loss = 0.116  adv prob = 0.166667   acc = 0.964
  gold_label_random = 2, sentence2_has_negation = 1  [n = 260]:	loss = 0.161  exp loss = 0.125  adjusted loss = 0.125  adv prob = 0.166667   acc = 0.958
Average incurred loss: 0.099  
Average sample loss: 0.099  
Average acc: 0.965  
  gold_label_random = 0, sentence2_has_negation = 0  [n = 263]:	loss = 0.101  exp loss = 0.115  adjusted loss = 0.115  adv prob = 0.166667   acc = 0.958
  gold_label_random = 0, sentence2_has_negation = 1  [n = 248]:	loss = 0.042  exp loss = 0.019  adjusted loss = 0.019  adv prob = 0.166667   acc = 0.988
  gold_label_random = 1, sentence2_has_negation = 0  [n = 255]:	loss = 0.103  exp loss = 0.149  adjusted loss = 0.149  adv prob = 0.166667   acc = 0.965
  gold_label_random = 1, sentence2_has_negation = 1  [n = 275]:	loss = 0.074  exp loss = 0.071  adjusted loss = 0.071  adv prob = 0.166667   acc = 0.975
  gold_label_random = 2, sentence2_has_negation = 0  [n = 293]:	loss = 0.094  exp loss = 0.097  adjusted loss = 0.097  adv prob = 0.166667   acc = 0.959
  gold_label_random = 2, sentence2_has_negation = 1  [n = 266]:	loss = 0.177  exp loss = 0.252  adjusted loss = 0.252  adv prob = 0.166667   acc = 0.947
Average incurred loss: 0.109  
Average sample loss: 0.109  
Average acc: 0.960  
  gold_label_random = 0, sentence2_has_negation = 0  [n = 274]:	loss = 0.134  exp loss = 0.099  adjusted loss = 0.099  adv prob = 0.166667   acc = 0.953
  gold_label_random = 0, sentence2_has_negation = 1  [n = 283]:	loss = 0.049  exp loss = 0.059  adjusted loss = 0.059  adv prob = 0.166667   acc = 0.979
  gold_label_random = 1, sentence2_has_negation = 0  [n = 256]:	loss = 0.065  exp loss = 0.062  adjusted loss = 0.062  adv prob = 0.166667   acc = 0.973
  gold_label_random = 1, sentence2_has_negation = 1  [n = 255]:	loss = 0.044  exp loss = 0.041  adjusted loss = 0.041  adv prob = 0.166667   acc = 0.984
  gold_label_random = 2, sentence2_has_negation = 0  [n = 268]:	loss = 0.138  exp loss = 0.099  adjusted loss = 0.099  adv prob = 0.166667   acc = 0.948
  gold_label_random = 2, sentence2_has_negation = 1  [n = 264]:	loss = 0.225  exp loss = 0.264  adjusted loss = 0.264  adv prob = 0.166667   acc = 0.924
Average incurred loss: 0.100  
Average sample loss: 0.100  
Average acc: 0.971  
  gold_label_random = 0, sentence2_has_negation = 0  [n = 255]:	loss = 0.126  exp loss = 0.085  adjusted loss = 0.085  adv prob = 0.166667   acc = 0.953
  gold_label_random = 0, sentence2_has_negation = 1  [n = 263]:	loss = 0.045  exp loss = 0.057  adjusted loss = 0.057  adv prob = 0.166667   acc = 0.985
  gold_label_random = 1, sentence2_has_negation = 0  [n = 246]:	loss = 0.037  exp loss = 0.025  adjusted loss = 0.025  adv prob = 0.166667   acc = 0.996
  gold_label_random = 1, sentence2_has_negation = 1  [n = 268]:	loss = 0.115  exp loss = 0.073  adjusted loss = 0.073  adv prob = 0.166667   acc = 0.978
  gold_label_random = 2, sentence2_has_negation = 0  [n = 290]:	loss = 0.107  exp loss = 0.140  adjusted loss = 0.140  adv prob = 0.166667   acc = 0.979
  gold_label_random = 2, sentence2_has_negation = 1  [n = 278]:	loss = 0.164  exp loss = 0.135  adjusted loss = 0.135  adv prob = 0.166667   acc = 0.935
Average incurred loss: 0.114  
Average sample loss: 0.114  
Average acc: 0.959  
  gold_label_random = 0, sentence2_has_negation = 0  [n = 237]:	loss = 0.105  exp loss = 0.120  adjusted loss = 0.120  adv prob = 0.166667   acc = 0.962
  gold_label_random = 0, sentence2_has_negation = 1  [n = 253]:	loss = 0.040  exp loss = 0.049  adjusted loss = 0.049  adv prob = 0.166667   acc = 0.984
  gold_label_random = 1, sentence2_has_negation = 0  [n = 270]:	loss = 0.038  exp loss = 0.041  adjusted loss = 0.041  adv prob = 0.166667   acc = 0.993
  gold_label_random = 1, sentence2_has_negation = 1  [n = 247]:	loss = 0.083  exp loss = 0.085  adjusted loss = 0.085  adv prob = 0.166667   acc = 0.968
  gold_label_random = 2, sentence2_has_negation = 0  [n = 284]:	loss = 0.151  exp loss = 0.194  adjusted loss = 0.194  adv prob = 0.166667   acc = 0.940
  gold_label_random = 2, sentence2_has_negation = 1  [n = 309]:	loss = 0.237  exp loss = 0.116  adjusted loss = 0.116  adv prob = 0.166667   acc = 0.919
Average incurred loss: 0.103  
Average sample loss: 0.103  
Average acc: 0.965  
  gold_label_random = 0, sentence2_has_negation = 0  [n = 262]:	loss = 0.131  exp loss = 0.186  adjusted loss = 0.186  adv prob = 0.166667   acc = 0.958
  gold_label_random = 0, sentence2_has_negation = 1  [n = 270]:	loss = 0.030  exp loss = 0.049  adjusted loss = 0.049  adv prob = 0.166667   acc = 0.993
  gold_label_random = 1, sentence2_has_negation = 0  [n = 275]:	loss = 0.049  exp loss = 0.026  adjusted loss = 0.026  adv prob = 0.166667   acc = 0.985
  gold_label_random = 1, sentence2_has_negation = 1  [n = 263]:	loss = 0.117  exp loss = 0.166  adjusted loss = 0.166  adv prob = 0.166667   acc = 0.958
  gold_label_random = 2, sentence2_has_negation = 0  [n = 274]:	loss = 0.109  exp loss = 0.128  adjusted loss = 0.128  adv prob = 0.166667   acc = 0.974
  gold_label_random = 2, sentence2_has_negation = 1  [n = 256]:	loss = 0.188  exp loss = 0.266  adjusted loss = 0.266  adv prob = 0.166667   acc = 0.918
Average incurred loss: 0.101  
Average sample loss: 0.101  
Average acc: 0.966  
  gold_label_random = 0, sentence2_has_negation = 0  [n = 251]:	loss = 0.137  exp loss = 0.151  adjusted loss = 0.151  adv prob = 0.166667   acc = 0.944
  gold_label_random = 0, sentence2_has_negation = 1  [n = 261]:	loss = 0.045  exp loss = 0.076  adjusted loss = 0.076  adv prob = 0.166667   acc = 0.981
  gold_label_random = 1, sentence2_has_negation = 0  [n = 252]:	loss = 0.074  exp loss = 0.143  adjusted loss = 0.143  adv prob = 0.166667   acc = 0.984
  gold_label_random = 1, sentence2_has_negation = 1  [n = 249]:	loss = 0.079  exp loss = 0.046  adjusted loss = 0.046  adv prob = 0.166667   acc = 0.976
  gold_label_random = 2, sentence2_has_negation = 0  [n = 293]:	loss = 0.100  exp loss = 0.057  adjusted loss = 0.057  adv prob = 0.166667   acc = 0.959
  gold_label_random = 2, sentence2_has_negation = 1  [n = 294]:	loss = 0.163  exp loss = 0.160  adjusted loss = 0.160  adv prob = 0.166667   acc = 0.956
Average incurred loss: 0.108  
Average sample loss: 0.108  
Average acc: 0.966  
  gold_label_random = 0, sentence2_has_negation = 0  [n = 237]:	loss = 0.127  exp loss = 0.106  adjusted loss = 0.106  adv prob = 0.166667   acc = 0.949
  gold_label_random = 0, sentence2_has_negation = 1  [n = 248]:	loss = 0.054  exp loss = 0.043  adjusted loss = 0.043  adv prob = 0.166667   acc = 0.984
  gold_label_random = 1, sentence2_has_negation = 0  [n = 294]:	loss = 0.069  exp loss = 0.031  adjusted loss = 0.031  adv prob = 0.166667   acc = 0.986
  gold_label_random = 1, sentence2_has_negation = 1  [n = 257]:	loss = 0.143  exp loss = 0.146  adjusted loss = 0.146  adv prob = 0.166667   acc = 0.953
  gold_label_random = 2, sentence2_has_negation = 0  [n = 299]:	loss = 0.127  exp loss = 0.069  adjusted loss = 0.069  adv prob = 0.166667   acc = 0.963
  gold_label_random = 2, sentence2_has_negation = 1  [n = 265]:	loss = 0.132  exp loss = 0.096  adjusted loss = 0.096  adv prob = 0.166667   acc = 0.955
Average incurred loss: 0.109  
Average sample loss: 0.109  
Average acc: 0.970  
  gold_label_random = 0, sentence2_has_negation = 0  [n = 269]:	loss = 0.116  exp loss = 0.170  adjusted loss = 0.170  adv prob = 0.166667   acc = 0.963
  gold_label_random = 0, sentence2_has_negation = 1  [n = 243]:	loss = 0.030  exp loss = 0.044  adjusted loss = 0.044  adv prob = 0.166667   acc = 0.996
  gold_label_random = 1, sentence2_has_negation = 0  [n = 281]:	loss = 0.072  exp loss = 0.080  adjusted loss = 0.080  adv prob = 0.166667   acc = 0.979
  gold_label_random = 1, sentence2_has_negation = 1  [n = 248]:	loss = 0.096  exp loss = 0.086  adjusted loss = 0.086  adv prob = 0.166667   acc = 0.980
  gold_label_random = 2, sentence2_has_negation = 0  [n = 272]:	loss = 0.100  exp loss = 0.063  adjusted loss = 0.063  adv prob = 0.166667   acc = 0.967
  gold_label_random = 2, sentence2_has_negation = 1  [n = 287]:	loss = 0.224  exp loss = 0.189  adjusted loss = 0.189  adv prob = 0.166667   acc = 0.941
Average incurred loss: 0.112  
Average sample loss: 0.112  
Average acc: 0.966  
  gold_label_random = 0, sentence2_has_negation = 0  [n = 262]:	loss = 0.165  exp loss = 0.094  adjusted loss = 0.094  adv prob = 0.166667   acc = 0.927
  gold_label_random = 0, sentence2_has_negation = 1  [n = 274]:	loss = 0.053  exp loss = 0.056  adjusted loss = 0.056  adv prob = 0.166667   acc = 0.989
  gold_label_random = 1, sentence2_has_negation = 0  [n = 272]:	loss = 0.068  exp loss = 0.063  adjusted loss = 0.063  adv prob = 0.166667   acc = 0.978
  gold_label_random = 1, sentence2_has_negation = 1  [n = 279]:	loss = 0.170  exp loss = 0.096  adjusted loss = 0.096  adv prob = 0.166667   acc = 0.950
  gold_label_random = 2, sentence2_has_negation = 0  [n = 241]:	loss = 0.039  exp loss = 0.023  adjusted loss = 0.023  adv prob = 0.166667   acc = 0.992
  gold_label_random = 2, sentence2_has_negation = 1  [n = 272]:	loss = 0.171  exp loss = 0.123  adjusted loss = 0.123  adv prob = 0.166667   acc = 0.963
Average incurred loss: 0.133  
Average sample loss: 0.133  
Average acc: 0.959  
  gold_label_random = 0, sentence2_has_negation = 0  [n = 239]:	loss = 0.104  exp loss = 0.132  adjusted loss = 0.132  adv prob = 0.166667   acc = 0.967
  gold_label_random = 0, sentence2_has_negation = 1  [n = 243]:	loss = 0.043  exp loss = 0.033  adjusted loss = 0.033  adv prob = 0.166667   acc = 0.988
  gold_label_random = 1, sentence2_has_negation = 0  [n = 275]:	loss = 0.053  exp loss = 0.067  adjusted loss = 0.067  adv prob = 0.166667   acc = 0.985
  gold_label_random = 1, sentence2_has_negation = 1  [n = 283]:	loss = 0.175  exp loss = 0.200  adjusted loss = 0.200  adv prob = 0.166667   acc = 0.954
  gold_label_random = 2, sentence2_has_negation = 0  [n = 280]:	loss = 0.183  exp loss = 0.098  adjusted loss = 0.098  adv prob = 0.166667   acc = 0.929
  gold_label_random = 2, sentence2_has_negation = 1  [n = 280]:	loss = 0.222  exp loss = 0.160  adjusted loss = 0.160  adv prob = 0.166667   acc = 0.939
Average incurred loss: 0.095  
Average sample loss: 0.095  
Average acc: 0.973  
  gold_label_random = 0, sentence2_has_negation = 0  [n = 242]:	loss = 0.131  exp loss = 0.124  adjusted loss = 0.124  adv prob = 0.166667   acc = 0.967
  gold_label_random = 0, sentence2_has_negation = 1  [n = 289]:	loss = 0.028  exp loss = 0.022  adjusted loss = 0.022  adv prob = 0.166667   acc = 0.997
  gold_label_random = 1, sentence2_has_negation = 0  [n = 240]:	loss = 0.047  exp loss = 0.114  adjusted loss = 0.114  adv prob = 0.166667   acc = 0.996
  gold_label_random = 1, sentence2_has_negation = 1  [n = 277]:	loss = 0.143  exp loss = 0.259  adjusted loss = 0.259  adv prob = 0.166667   acc = 0.949
  gold_label_random = 2, sentence2_has_negation = 0  [n = 294]:	loss = 0.074  exp loss = 0.034  adjusted loss = 0.034  adv prob = 0.166667   acc = 0.980
  gold_label_random = 2, sentence2_has_negation = 1  [n = 258]:	loss = 0.152  exp loss = 0.219  adjusted loss = 0.219  adv prob = 0.166667   acc = 0.950
Average incurred loss: 0.108  
Average sample loss: 0.108  
Average acc: 0.965  
  gold_label_random = 0, sentence2_has_negation = 0  [n = 273]:	loss = 0.106  exp loss = 0.165  adjusted loss = 0.165  adv prob = 0.166667   acc = 0.971
  gold_label_random = 0, sentence2_has_negation = 1  [n = 272]:	loss = 0.052  exp loss = 0.044  adjusted loss = 0.044  adv prob = 0.166667   acc = 0.982
  gold_label_random = 1, sentence2_has_negation = 0  [n = 271]:	loss = 0.043  exp loss = 0.057  adjusted loss = 0.057  adv prob = 0.166667   acc = 0.989
  gold_label_random = 1, sentence2_has_negation = 1  [n = 270]:	loss = 0.108  exp loss = 0.068  adjusted loss = 0.068  adv prob = 0.166667   acc = 0.974
  gold_label_random = 2, sentence2_has_negation = 0  [n = 279]:	loss = 0.141  exp loss = 0.137  adjusted loss = 0.137  adv prob = 0.166667   acc = 0.943
  gold_label_random = 2, sentence2_has_negation = 1  [n = 235]:	loss = 0.208  exp loss = 0.206  adjusted loss = 0.206  adv prob = 0.166667   acc = 0.928
Average incurred loss: 0.119  
Average sample loss: 0.119  
Average acc: 0.959  
  gold_label_random = 0, sentence2_has_negation = 0  [n = 270]:	loss = 0.141  exp loss = 0.145  adjusted loss = 0.145  adv prob = 0.166667   acc = 0.952
  gold_label_random = 0, sentence2_has_negation = 1  [n = 282]:	loss = 0.073  exp loss = 0.093  adjusted loss = 0.093  adv prob = 0.166667   acc = 0.979
  gold_label_random = 1, sentence2_has_negation = 0  [n = 246]:	loss = 0.048  exp loss = 0.051  adjusted loss = 0.051  adv prob = 0.166667   acc = 0.980
  gold_label_random = 1, sentence2_has_negation = 1  [n = 271]:	loss = 0.078  exp loss = 0.100  adjusted loss = 0.100  adv prob = 0.166667   acc = 0.978
  gold_label_random = 2, sentence2_has_negation = 0  [n = 260]:	loss = 0.126  exp loss = 0.176  adjusted loss = 0.176  adv prob = 0.166667   acc = 0.958
  gold_label_random = 2, sentence2_has_negation = 1  [n = 271]:	loss = 0.243  exp loss = 0.320  adjusted loss = 0.320  adv prob = 0.166667   acc = 0.908
Average incurred loss: 0.095  
Average sample loss: 0.095  
Average acc: 0.971  
  gold_label_random = 0, sentence2_has_negation = 0  [n = 290]:	loss = 0.134  exp loss = 0.212  adjusted loss = 0.212  adv prob = 0.166667   acc = 0.969
  gold_label_random = 0, sentence2_has_negation = 1  [n = 277]:	loss = 0.054  exp loss = 0.035  adjusted loss = 0.035  adv prob = 0.166667   acc = 0.982
  gold_label_random = 1, sentence2_has_negation = 0  [n = 250]:	loss = 0.060  exp loss = 0.072  adjusted loss = 0.072  adv prob = 0.166667   acc = 0.988
  gold_label_random = 1, sentence2_has_negation = 1  [n = 271]:	loss = 0.078  exp loss = 0.114  adjusted loss = 0.114  adv prob = 0.166667   acc = 0.970
  gold_label_random = 2, sentence2_has_negation = 0  [n = 256]:	loss = 0.053  exp loss = 0.079  adjusted loss = 0.079  adv prob = 0.166667   acc = 0.977
  gold_label_random = 2, sentence2_has_negation = 1  [n = 256]:	loss = 0.191  exp loss = 0.155  adjusted loss = 0.155  adv prob = 0.166667   acc = 0.938
Average incurred loss: 0.105  
Average sample loss: 0.105  
Average acc: 0.967  
  gold_label_random = 0, sentence2_has_negation = 0  [n = 276]:	loss = 0.122  exp loss = 0.098  adjusted loss = 0.098  adv prob = 0.166667   acc = 0.964
  gold_label_random = 0, sentence2_has_negation = 1  [n = 269]:	loss = 0.019  exp loss = 0.018  adjusted loss = 0.018  adv prob = 0.166667   acc = 0.996
  gold_label_random = 1, sentence2_has_negation = 0  [n = 246]:	loss = 0.035  exp loss = 0.026  adjusted loss = 0.026  adv prob = 0.166667   acc = 0.988
  gold_label_random = 1, sentence2_has_negation = 1  [n = 273]:	loss = 0.136  exp loss = 0.125  adjusted loss = 0.125  adv prob = 0.166667   acc = 0.952
  gold_label_random = 2, sentence2_has_negation = 0  [n = 283]:	loss = 0.098  exp loss = 0.185  adjusted loss = 0.185  adv prob = 0.166667   acc = 0.979
  gold_label_random = 2, sentence2_has_negation = 1  [n = 253]:	loss = 0.219  exp loss = 0.275  adjusted loss = 0.275  adv prob = 0.166667   acc = 0.921
Average incurred loss: 0.104  
Average sample loss: 0.104  
Average acc: 0.963  
  gold_label_random = 0, sentence2_has_negation = 0  [n = 274]:	loss = 0.146  exp loss = 0.083  adjusted loss = 0.083  adv prob = 0.166667   acc = 0.953
  gold_label_random = 0, sentence2_has_negation = 1  [n = 273]:	loss = 0.052  exp loss = 0.044  adjusted loss = 0.044  adv prob = 0.166667   acc = 0.985
  gold_label_random = 1, sentence2_has_negation = 0  [n = 241]:	loss = 0.055  exp loss = 0.050  adjusted loss = 0.050  adv prob = 0.166667   acc = 0.979
  gold_label_random = 1, sentence2_has_negation = 1  [n = 270]:	loss = 0.076  exp loss = 0.071  adjusted loss = 0.071  adv prob = 0.166667   acc = 0.963
  gold_label_random = 2, sentence2_has_negation = 0  [n = 265]:	loss = 0.139  exp loss = 0.160  adjusted loss = 0.160  adv prob = 0.166667   acc = 0.936
  gold_label_random = 2, sentence2_has_negation = 1  [n = 277]:	loss = 0.151  exp loss = 0.230  adjusted loss = 0.230  adv prob = 0.166667   acc = 0.960
Average incurred loss: 0.104  
Average sample loss: 0.104  
Average acc: 0.967  
  gold_label_random = 0, sentence2_has_negation = 0  [n = 277]:	loss = 0.086  exp loss = 0.099  adjusted loss = 0.099  adv prob = 0.166667   acc = 0.971
  gold_label_random = 0, sentence2_has_negation = 1  [n = 269]:	loss = 0.044  exp loss = 0.022  adjusted loss = 0.022  adv prob = 0.166667   acc = 0.978
  gold_label_random = 1, sentence2_has_negation = 0  [n = 256]:	loss = 0.058  exp loss = 0.061  adjusted loss = 0.061  adv prob = 0.166667   acc = 0.980
  gold_label_random = 1, sentence2_has_negation = 1  [n = 273]:	loss = 0.129  exp loss = 0.164  adjusted loss = 0.164  adv prob = 0.166667   acc = 0.967
  gold_label_random = 2, sentence2_has_negation = 0  [n = 269]:	loss = 0.109  exp loss = 0.096  adjusted loss = 0.096  adv prob = 0.166667   acc = 0.967
  gold_label_random = 2, sentence2_has_negation = 1  [n = 256]:	loss = 0.198  exp loss = 0.252  adjusted loss = 0.252  adv prob = 0.166667   acc = 0.937
Average incurred loss: 0.128  
Average sample loss: 0.128  
Average acc: 0.964  
  gold_label_random = 0, sentence2_has_negation = 0  [n = 254]:	loss = 0.106  exp loss = 0.146  adjusted loss = 0.146  adv prob = 0.166667   acc = 0.969
  gold_label_random = 0, sentence2_has_negation = 1  [n = 289]:	loss = 0.054  exp loss = 0.042  adjusted loss = 0.042  adv prob = 0.166667   acc = 0.993
  gold_label_random = 1, sentence2_has_negation = 0  [n = 252]:	loss = 0.090  exp loss = 0.115  adjusted loss = 0.115  adv prob = 0.166667   acc = 0.972
  gold_label_random = 1, sentence2_has_negation = 1  [n = 254]:	loss = 0.147  exp loss = 0.080  adjusted loss = 0.080  adv prob = 0.166667   acc = 0.961
  gold_label_random = 2, sentence2_has_negation = 0  [n = 278]:	loss = 0.131  exp loss = 0.148  adjusted loss = 0.148  adv prob = 0.166667   acc = 0.964
  gold_label_random = 2, sentence2_has_negation = 1  [n = 273]:	loss = 0.243  exp loss = 0.230  adjusted loss = 0.230  adv prob = 0.166667   acc = 0.927
Average incurred loss: 0.119  
Average sample loss: 0.119  
Average acc: 0.957  
  gold_label_random = 0, sentence2_has_negation = 0  [n = 282]:	loss = 0.191  exp loss = 0.222  adjusted loss = 0.222  adv prob = 0.166667   acc = 0.929
  gold_label_random = 0, sentence2_has_negation = 1  [n = 261]:	loss = 0.050  exp loss = 0.037  adjusted loss = 0.037  adv prob = 0.166667   acc = 0.981
  gold_label_random = 1, sentence2_has_negation = 0  [n = 270]:	loss = 0.050  exp loss = 0.048  adjusted loss = 0.048  adv prob = 0.166667   acc = 0.978
  gold_label_random = 1, sentence2_has_negation = 1  [n = 263]:	loss = 0.106  exp loss = 0.087  adjusted loss = 0.087  adv prob = 0.166667   acc = 0.966
  gold_label_random = 2, sentence2_has_negation = 0  [n = 246]:	loss = 0.071  exp loss = 0.075  adjusted loss = 0.075  adv prob = 0.166667   acc = 0.976
  gold_label_random = 2, sentence2_has_negation = 1  [n = 278]:	loss = 0.233  exp loss = 0.313  adjusted loss = 0.313  adv prob = 0.166667   acc = 0.921
Average incurred loss: 0.115  
Average sample loss: 0.115  
Average acc: 0.964  
  gold_label_random = 0, sentence2_has_negation = 0  [n = 278]:	loss = 0.079  exp loss = 0.104  adjusted loss = 0.104  adv prob = 0.166667   acc = 0.978
  gold_label_random = 0, sentence2_has_negation = 1  [n = 277]:	loss = 0.043  exp loss = 0.031  adjusted loss = 0.031  adv prob = 0.166667   acc = 0.986
  gold_label_random = 1, sentence2_has_negation = 0  [n = 272]:	loss = 0.069  exp loss = 0.127  adjusted loss = 0.127  adv prob = 0.166667   acc = 0.978
  gold_label_random = 1, sentence2_has_negation = 1  [n = 259]:	loss = 0.124  exp loss = 0.293  adjusted loss = 0.293  adv prob = 0.166667   acc = 0.954
  gold_label_random = 2, sentence2_has_negation = 0  [n = 249]:	loss = 0.143  exp loss = 0.145  adjusted loss = 0.145  adv prob = 0.166667   acc = 0.956
  gold_label_random = 2, sentence2_has_negation = 1  [n = 265]:	loss = 0.239  exp loss = 0.261  adjusted loss = 0.261  adv prob = 0.166667   acc = 0.932
Average incurred loss: 0.117  
Average sample loss: 0.117  
Average acc: 0.961  
  gold_label_random = 0, sentence2_has_negation = 0  [n = 286]:	loss = 0.151  exp loss = 0.160  adjusted loss = 0.160  adv prob = 0.166667   acc = 0.951
  gold_label_random = 0, sentence2_has_negation = 1  [n = 260]:	loss = 0.039  exp loss = 0.041  adjusted loss = 0.041  adv prob = 0.166667   acc = 0.992
  gold_label_random = 1, sentence2_has_negation = 0  [n = 243]:	loss = 0.081  exp loss = 0.122  adjusted loss = 0.122  adv prob = 0.166667   acc = 0.988
  gold_label_random = 1, sentence2_has_negation = 1  [n = 271]:	loss = 0.087  exp loss = 0.067  adjusted loss = 0.067  adv prob = 0.166667   acc = 0.967
  gold_label_random = 2, sentence2_has_negation = 0  [n = 270]:	loss = 0.132  exp loss = 0.237  adjusted loss = 0.237  adv prob = 0.166667   acc = 0.948
  gold_label_random = 2, sentence2_has_negation = 1  [n = 270]:	loss = 0.203  exp loss = 0.118  adjusted loss = 0.118  adv prob = 0.166667   acc = 0.922
Average incurred loss: 0.109  
Average sample loss: 0.109  
Average acc: 0.964  
  gold_label_random = 0, sentence2_has_negation = 0  [n = 271]:	loss = 0.146  exp loss = 0.254  adjusted loss = 0.254  adv prob = 0.166667   acc = 0.959
  gold_label_random = 0, sentence2_has_negation = 1  [n = 268]:	loss = 0.067  exp loss = 0.069  adjusted loss = 0.069  adv prob = 0.166667   acc = 0.966
  gold_label_random = 1, sentence2_has_negation = 0  [n = 280]:	loss = 0.059  exp loss = 0.047  adjusted loss = 0.047  adv prob = 0.166667   acc = 0.982
  gold_label_random = 1, sentence2_has_negation = 1  [n = 247]:	loss = 0.109  exp loss = 0.127  adjusted loss = 0.127  adv prob = 0.166667   acc = 0.960
  gold_label_random = 2, sentence2_has_negation = 0  [n = 265]:	loss = 0.150  exp loss = 0.114  adjusted loss = 0.114  adv prob = 0.166667   acc = 0.951
  gold_label_random = 2, sentence2_has_negation = 1  [n = 269]:	loss = 0.126  exp loss = 0.061  adjusted loss = 0.061  adv prob = 0.166667   acc = 0.963
Average incurred loss: 0.121  
Average sample loss: 0.121  
Average acc: 0.963  
  gold_label_random = 0, sentence2_has_negation = 0  [n = 278]:	loss = 0.081  exp loss = 0.071  adjusted loss = 0.071  adv prob = 0.166667   acc = 0.978
  gold_label_random = 0, sentence2_has_negation = 1  [n = 276]:	loss = 0.025  exp loss = 0.017  adjusted loss = 0.017  adv prob = 0.166667   acc = 0.996
  gold_label_random = 1, sentence2_has_negation = 0  [n = 250]:	loss = 0.044  exp loss = 0.047  adjusted loss = 0.047  adv prob = 0.166667   acc = 0.984
  gold_label_random = 1, sentence2_has_negation = 1  [n = 266]:	loss = 0.138  exp loss = 0.114  adjusted loss = 0.114  adv prob = 0.166667   acc = 0.962
  gold_label_random = 2, sentence2_has_negation = 0  [n = 277]:	loss = 0.159  exp loss = 0.169  adjusted loss = 0.169  adv prob = 0.166667   acc = 0.957
  gold_label_random = 2, sentence2_has_negation = 1  [n = 253]:	loss = 0.285  exp loss = 0.300  adjusted loss = 0.300  adv prob = 0.166667   acc = 0.893
Average incurred loss: 0.092  
Average sample loss: 0.092  
Average acc: 0.971  
  gold_label_random = 0, sentence2_has_negation = 0  [n = 258]:	loss = 0.111  exp loss = 0.140  adjusted loss = 0.140  adv prob = 0.166667   acc = 0.965
  gold_label_random = 0, sentence2_has_negation = 1  [n = 274]:	loss = 0.062  exp loss = 0.078  adjusted loss = 0.078  adv prob = 0.166667   acc = 0.971
  gold_label_random = 1, sentence2_has_negation = 0  [n = 272]:	loss = 0.039  exp loss = 0.029  adjusted loss = 0.029  adv prob = 0.166667   acc = 0.993
  gold_label_random = 1, sentence2_has_negation = 1  [n = 260]:	loss = 0.084  exp loss = 0.089  adjusted loss = 0.089  adv prob = 0.166667   acc = 0.981
  gold_label_random = 2, sentence2_has_negation = 0  [n = 264]:	loss = 0.115  exp loss = 0.075  adjusted loss = 0.075  adv prob = 0.166667   acc = 0.962
  gold_label_random = 2, sentence2_has_negation = 1  [n = 272]:	loss = 0.140  exp loss = 0.095  adjusted loss = 0.095  adv prob = 0.166667   acc = 0.956
Average incurred loss: 0.112  
Average sample loss: 0.112  
Average acc: 0.966  
  gold_label_random = 0, sentence2_has_negation = 0  [n = 269]:	loss = 0.167  exp loss = 0.158  adjusted loss = 0.158  adv prob = 0.166667   acc = 0.948
  gold_label_random = 0, sentence2_has_negation = 1  [n = 269]:	loss = 0.025  exp loss = 0.015  adjusted loss = 0.015  adv prob = 0.166667   acc = 0.996
  gold_label_random = 1, sentence2_has_negation = 0  [n = 267]:	loss = 0.063  exp loss = 0.029  adjusted loss = 0.029  adv prob = 0.166667   acc = 0.985
  gold_label_random = 1, sentence2_has_negation = 1  [n = 282]:	loss = 0.070  exp loss = 0.056  adjusted loss = 0.056  adv prob = 0.166667   acc = 0.979
  gold_label_random = 2, sentence2_has_negation = 0  [n = 259]:	loss = 0.178  exp loss = 0.106  adjusted loss = 0.106  adv prob = 0.166667   acc = 0.942
  gold_label_random = 2, sentence2_has_negation = 1  [n = 254]:	loss = 0.179  exp loss = 0.228  adjusted loss = 0.228  adv prob = 0.166667   acc = 0.945
Average incurred loss: 0.119  
Average sample loss: 0.119  
Average acc: 0.964  
  gold_label_random = 0, sentence2_has_negation = 0  [n = 275]:	loss = 0.131  exp loss = 0.102  adjusted loss = 0.102  adv prob = 0.166667   acc = 0.967
  gold_label_random = 0, sentence2_has_negation = 1  [n = 262]:	loss = 0.043  exp loss = 0.059  adjusted loss = 0.059  adv prob = 0.166667   acc = 0.992
  gold_label_random = 1, sentence2_has_negation = 0  [n = 275]:	loss = 0.078  exp loss = 0.082  adjusted loss = 0.082  adv prob = 0.166667   acc = 0.971
  gold_label_random = 1, sentence2_has_negation = 1  [n = 275]:	loss = 0.158  exp loss = 0.166  adjusted loss = 0.166  adv prob = 0.166667   acc = 0.964
  gold_label_random = 2, sentence2_has_negation = 0  [n = 255]:	loss = 0.080  exp loss = 0.122  adjusted loss = 0.122  adv prob = 0.166667   acc = 0.973
  gold_label_random = 2, sentence2_has_negation = 1  [n = 258]:	loss = 0.225  exp loss = 0.268  adjusted loss = 0.268  adv prob = 0.166667   acc = 0.919
Average incurred loss: 0.104  
Average sample loss: 0.104  
Average acc: 0.969  
  gold_label_random = 0, sentence2_has_negation = 0  [n = 275]:	loss = 0.104  exp loss = 0.213  adjusted loss = 0.213  adv prob = 0.166667   acc = 0.967
  gold_label_random = 0, sentence2_has_negation = 1  [n = 248]:	loss = 0.050  exp loss = 0.079  adjusted loss = 0.079  adv prob = 0.166667   acc = 0.984
  gold_label_random = 1, sentence2_has_negation = 0  [n = 256]:	loss = 0.055  exp loss = 0.051  adjusted loss = 0.051  adv prob = 0.166667   acc = 0.988
  gold_label_random = 1, sentence2_has_negation = 1  [n = 288]:	loss = 0.120  exp loss = 0.076  adjusted loss = 0.076  adv prob = 0.166667   acc = 0.962
  gold_label_random = 2, sentence2_has_negation = 0  [n = 265]:	loss = 0.090  exp loss = 0.053  adjusted loss = 0.053  adv prob = 0.166667   acc = 0.970
  gold_label_random = 2, sentence2_has_negation = 1  [n = 268]:	loss = 0.198  exp loss = 0.229  adjusted loss = 0.229  adv prob = 0.166667   acc = 0.948
Average incurred loss: 0.129  
Average sample loss: 0.129  
Average acc: 0.964  
  gold_label_random = 0, sentence2_has_negation = 0  [n = 260]:	loss = 0.224  exp loss = 0.239  adjusted loss = 0.239  adv prob = 0.166667   acc = 0.942
  gold_label_random = 0, sentence2_has_negation = 1  [n = 274]:	loss = 0.054  exp loss = 0.034  adjusted loss = 0.034  adv prob = 0.166667   acc = 0.982
  gold_label_random = 1, sentence2_has_negation = 0  [n = 272]:	loss = 0.042  exp loss = 0.041  adjusted loss = 0.041  adv prob = 0.166667   acc = 0.993
  gold_label_random = 1, sentence2_has_negation = 1  [n = 295]:	loss = 0.107  exp loss = 0.084  adjusted loss = 0.084  adv prob = 0.166667   acc = 0.976
  gold_label_random = 2, sentence2_has_negation = 0  [n = 245]:	loss = 0.131  exp loss = 0.183  adjusted loss = 0.183  adv prob = 0.166667   acc = 0.955
  gold_label_random = 2, sentence2_has_negation = 1  [n = 254]:	loss = 0.230  exp loss = 0.148  adjusted loss = 0.148  adv prob = 0.166667   acc = 0.929
Average incurred loss: 0.115  
Average sample loss: 0.115  
Average acc: 0.963  
  gold_label_random = 0, sentence2_has_negation = 0  [n = 253]:	loss = 0.108  exp loss = 0.088  adjusted loss = 0.088  adv prob = 0.166667   acc = 0.964
  gold_label_random = 0, sentence2_has_negation = 1  [n = 277]:	loss = 0.039  exp loss = 0.039  adjusted loss = 0.039  adv prob = 0.166667   acc = 0.989
  gold_label_random = 1, sentence2_has_negation = 0  [n = 266]:	loss = 0.064  exp loss = 0.107  adjusted loss = 0.107  adv prob = 0.166667   acc = 0.989
  gold_label_random = 1, sentence2_has_negation = 1  [n = 248]:	loss = 0.128  exp loss = 0.099  adjusted loss = 0.099  adv prob = 0.166667   acc = 0.972
  gold_label_random = 2, sentence2_has_negation = 0  [n = 293]:	loss = 0.130  exp loss = 0.140  adjusted loss = 0.140  adv prob = 0.166667   acc = 0.956
  gold_label_random = 2, sentence2_has_negation = 1  [n = 263]:	loss = 0.223  exp loss = 0.322  adjusted loss = 0.322  adv prob = 0.166667   acc = 0.909
Average incurred loss: 0.094  
Average sample loss: 0.094  
Average acc: 0.969  
  gold_label_random = 0, sentence2_has_negation = 0  [n = 296]:	loss = 0.088  exp loss = 0.048  adjusted loss = 0.048  adv prob = 0.166667   acc = 0.966
  gold_label_random = 0, sentence2_has_negation = 1  [n = 259]:	loss = 0.061  exp loss = 0.089  adjusted loss = 0.089  adv prob = 0.166667   acc = 0.981
  gold_label_random = 1, sentence2_has_negation = 0  [n = 261]:	loss = 0.047  exp loss = 0.041  adjusted loss = 0.041  adv prob = 0.166667   acc = 0.992
  gold_label_random = 1, sentence2_has_negation = 1  [n = 262]:	loss = 0.078  exp loss = 0.064  adjusted loss = 0.064  adv prob = 0.166667   acc = 0.977
  gold_label_random = 2, sentence2_has_negation = 0  [n = 258]:	loss = 0.089  exp loss = 0.062  adjusted loss = 0.062  adv prob = 0.166667   acc = 0.973
  gold_label_random = 2, sentence2_has_negation = 1  [n = 264]:	loss = 0.200  exp loss = 0.200  adjusted loss = 0.200  adv prob = 0.166667   acc = 0.928
Average incurred loss: 0.124  
Average sample loss: 0.124  
Average acc: 0.960  
  gold_label_random = 0, sentence2_has_negation = 0  [n = 280]:	loss = 0.067  exp loss = 0.054  adjusted loss = 0.054  adv prob = 0.166667   acc = 0.975
  gold_label_random = 0, sentence2_has_negation = 1  [n = 250]:	loss = 0.060  exp loss = 0.034  adjusted loss = 0.034  adv prob = 0.166667   acc = 0.980
  gold_label_random = 1, sentence2_has_negation = 0  [n = 283]:	loss = 0.062  exp loss = 0.040  adjusted loss = 0.040  adv prob = 0.166667   acc = 0.982
  gold_label_random = 1, sentence2_has_negation = 1  [n = 259]:	loss = 0.183  exp loss = 0.232  adjusted loss = 0.232  adv prob = 0.166667   acc = 0.958
  gold_label_random = 2, sentence2_has_negation = 0  [n = 272]:	loss = 0.134  exp loss = 0.069  adjusted loss = 0.069  adv prob = 0.166667   acc = 0.949
  gold_label_random = 2, sentence2_has_negation = 1  [n = 256]:	loss = 0.246  exp loss = 0.241  adjusted loss = 0.241  adv prob = 0.166667   acc = 0.914
Average incurred loss: 0.103  
Average sample loss: 0.103  
Average acc: 0.962  
  gold_label_random = 0, sentence2_has_negation = 0  [n = 257]:	loss = 0.108  exp loss = 0.067  adjusted loss = 0.067  adv prob = 0.166667   acc = 0.953
  gold_label_random = 0, sentence2_has_negation = 1  [n = 270]:	loss = 0.037  exp loss = 0.016  adjusted loss = 0.016  adv prob = 0.166667   acc = 0.989
  gold_label_random = 1, sentence2_has_negation = 0  [n = 277]:	loss = 0.068  exp loss = 0.085  adjusted loss = 0.085  adv prob = 0.166667   acc = 0.975
  gold_label_random = 1, sentence2_has_negation = 1  [n = 231]:	loss = 0.088  exp loss = 0.098  adjusted loss = 0.098  adv prob = 0.166667   acc = 0.965
  gold_label_random = 2, sentence2_has_negation = 0  [n = 290]:	loss = 0.078  exp loss = 0.258  adjusted loss = 0.258  adv prob = 0.166667   acc = 0.972
  gold_label_random = 2, sentence2_has_negation = 1  [n = 275]:	loss = 0.236  exp loss = 0.299  adjusted loss = 0.299  adv prob = 0.166667   acc = 0.916
Average incurred loss: 0.087  
Average sample loss: 0.087  
Average acc: 0.974  
  gold_label_random = 0, sentence2_has_negation = 0  [n = 281]:	loss = 0.079  exp loss = 0.083  adjusted loss = 0.083  adv prob = 0.166667   acc = 0.979
  gold_label_random = 0, sentence2_has_negation = 1  [n = 257]:	loss = 0.047  exp loss = 0.113  adjusted loss = 0.113  adv prob = 0.166667   acc = 0.984
  gold_label_random = 1, sentence2_has_negation = 0  [n = 267]:	loss = 0.050  exp loss = 0.033  adjusted loss = 0.033  adv prob = 0.166667   acc = 0.981
  gold_label_random = 1, sentence2_has_negation = 1  [n = 270]:	loss = 0.098  exp loss = 0.071  adjusted loss = 0.071  adv prob = 0.166667   acc = 0.963
  gold_label_random = 2, sentence2_has_negation = 0  [n = 265]:	loss = 0.145  exp loss = 0.077  adjusted loss = 0.077  adv prob = 0.166667   acc = 0.966
  gold_label_random = 2, sentence2_has_negation = 1  [n = 260]:	loss = 0.100  exp loss = 0.057  adjusted loss = 0.057  adv prob = 0.166667   acc = 0.973
Average incurred loss: 0.112  
Average sample loss: 0.112  
Average acc: 0.967  
  gold_label_random = 0, sentence2_has_negation = 0  [n = 309]:	loss = 0.161  exp loss = 0.082  adjusted loss = 0.082  adv prob = 0.166667   acc = 0.961
  gold_label_random = 0, sentence2_has_negation = 1  [n = 291]:	loss = 0.089  exp loss = 0.096  adjusted loss = 0.096  adv prob = 0.166667   acc = 0.973
  gold_label_random = 1, sentence2_has_negation = 0  [n = 268]:	loss = 0.026  exp loss = 0.018  adjusted loss = 0.018  adv prob = 0.166667   acc = 0.996
  gold_label_random = 1, sentence2_has_negation = 1  [n = 225]:	loss = 0.097  exp loss = 0.222  adjusted loss = 0.222  adv prob = 0.166667   acc = 0.969
  gold_label_random = 2, sentence2_has_negation = 0  [n = 264]:	loss = 0.184  exp loss = 0.139  adjusted loss = 0.139  adv prob = 0.166667   acc = 0.943
  gold_label_random = 2, sentence2_has_negation = 1  [n = 243]:	loss = 0.105  exp loss = 0.070  adjusted loss = 0.070  adv prob = 0.166667   acc = 0.963
Average incurred loss: 0.110  
Average sample loss: 0.110  
Average acc: 0.967  
  gold_label_random = 0, sentence2_has_negation = 0  [n = 226]:	loss = 0.182  exp loss = 0.117  adjusted loss = 0.117  adv prob = 0.166667   acc = 0.942
  gold_label_random = 0, sentence2_has_negation = 1  [n = 251]:	loss = 0.023  exp loss = 0.036  adjusted loss = 0.036  adv prob = 0.166667   acc = 0.996
  gold_label_random = 1, sentence2_has_negation = 0  [n = 277]:	loss = 0.059  exp loss = 0.054  adjusted loss = 0.054  adv prob = 0.166667   acc = 0.982
  gold_label_random = 1, sentence2_has_negation = 1  [n = 261]:	loss = 0.141  exp loss = 0.085  adjusted loss = 0.085  adv prob = 0.166667   acc = 0.962
  gold_label_random = 2, sentence2_has_negation = 0  [n = 285]:	loss = 0.065  exp loss = 0.067  adjusted loss = 0.067  adv prob = 0.166667   acc = 0.982
  gold_label_random = 2, sentence2_has_negation = 1  [n = 300]:	loss = 0.190  exp loss = 0.130  adjusted loss = 0.130  adv prob = 0.166667   acc = 0.937
Average incurred loss: 0.119  
Average sample loss: 0.119  
Average acc: 0.961  
  gold_label_random = 0, sentence2_has_negation = 0  [n = 249]:	loss = 0.136  exp loss = 0.143  adjusted loss = 0.143  adv prob = 0.166667   acc = 0.952
  gold_label_random = 0, sentence2_has_negation = 1  [n = 251]:	loss = 0.062  exp loss = 0.063  adjusted loss = 0.063  adv prob = 0.166667   acc = 0.984
  gold_label_random = 1, sentence2_has_negation = 0  [n = 267]:	loss = 0.063  exp loss = 0.052  adjusted loss = 0.052  adv prob = 0.166667   acc = 0.978
  gold_label_random = 1, sentence2_has_negation = 1  [n = 276]:	loss = 0.081  exp loss = 0.082  adjusted loss = 0.082  adv prob = 0.166667   acc = 0.978
  gold_label_random = 2, sentence2_has_negation = 0  [n = 288]:	loss = 0.154  exp loss = 0.068  adjusted loss = 0.068  adv prob = 0.166667   acc = 0.944
  gold_label_random = 2, sentence2_has_negation = 1  [n = 269]:	loss = 0.216  exp loss = 0.160  adjusted loss = 0.160  adv prob = 0.166667   acc = 0.933
Average incurred loss: 0.100  
Average sample loss: 0.100  
Average acc: 0.966  
  gold_label_random = 0, sentence2_has_negation = 0  [n = 282]:	loss = 0.090  exp loss = 0.056  adjusted loss = 0.056  adv prob = 0.166667   acc = 0.968
  gold_label_random = 0, sentence2_has_negation = 1  [n = 243]:	loss = 0.047  exp loss = 0.037  adjusted loss = 0.037  adv prob = 0.166667   acc = 0.979
  gold_label_random = 1, sentence2_has_negation = 0  [n = 264]:	loss = 0.066  exp loss = 0.052  adjusted loss = 0.052  adv prob = 0.166667   acc = 0.985
  gold_label_random = 1, sentence2_has_negation = 1  [n = 264]:	loss = 0.093  exp loss = 0.120  adjusted loss = 0.120  adv prob = 0.166667   acc = 0.973
  gold_label_random = 2, sentence2_has_negation = 0  [n = 290]:	loss = 0.155  exp loss = 0.213  adjusted loss = 0.213  adv prob = 0.166667   acc = 0.938
  gold_label_random = 2, sentence2_has_negation = 1  [n = 257]:	loss = 0.139  exp loss = 0.170  adjusted loss = 0.170  adv prob = 0.166667   acc = 0.957
Average incurred loss: 0.102  
Average sample loss: 0.102  
Average acc: 0.964  
  gold_label_random = 0, sentence2_has_negation = 0  [n = 280]:	loss = 0.091  exp loss = 0.072  adjusted loss = 0.072  adv prob = 0.166667   acc = 0.964
  gold_label_random = 0, sentence2_has_negation = 1  [n = 257]:	loss = 0.040  exp loss = 0.025  adjusted loss = 0.025  adv prob = 0.166667   acc = 0.981
  gold_label_random = 1, sentence2_has_negation = 0  [n = 262]:	loss = 0.061  exp loss = 0.087  adjusted loss = 0.087  adv prob = 0.166667   acc = 0.985
  gold_label_random = 1, sentence2_has_negation = 1  [n = 266]:	loss = 0.132  exp loss = 0.122  adjusted loss = 0.122  adv prob = 0.166667   acc = 0.962
  gold_label_random = 2, sentence2_has_negation = 0  [n = 290]:	loss = 0.093  exp loss = 0.064  adjusted loss = 0.064  adv prob = 0.166667   acc = 0.969
  gold_label_random = 2, sentence2_has_negation = 1  [n = 245]:	loss = 0.203  exp loss = 0.141  adjusted loss = 0.141  adv prob = 0.166667   acc = 0.922
Average incurred loss: 0.099  
Average sample loss: 0.099  
Average acc: 0.970  
  gold_label_random = 0, sentence2_has_negation = 0  [n = 263]:	loss = 0.089  exp loss = 0.085  adjusted loss = 0.085  adv prob = 0.166667   acc = 0.966
  gold_label_random = 0, sentence2_has_negation = 1  [n = 274]:	loss = 0.028  exp loss = 0.081  adjusted loss = 0.081  adv prob = 0.166667   acc = 0.989
  gold_label_random = 1, sentence2_has_negation = 0  [n = 260]:	loss = 0.086  exp loss = 0.081  adjusted loss = 0.081  adv prob = 0.166667   acc = 0.981
  gold_label_random = 1, sentence2_has_negation = 1  [n = 253]:	loss = 0.118  exp loss = 0.111  adjusted loss = 0.111  adv prob = 0.166667   acc = 0.964
  gold_label_random = 2, sentence2_has_negation = 0  [n = 307]:	loss = 0.101  exp loss = 0.086  adjusted loss = 0.086  adv prob = 0.166667   acc = 0.974
  gold_label_random = 2, sentence2_has_negation = 1  [n = 243]:	loss = 0.179  exp loss = 0.151  adjusted loss = 0.151  adv prob = 0.166667   acc = 0.942
Average incurred loss: 0.126  
Average sample loss: 0.126  
Average acc: 0.960  
  gold_label_random = 0, sentence2_has_negation = 0  [n = 278]:	loss = 0.136  exp loss = 0.190  adjusted loss = 0.190  adv prob = 0.166667   acc = 0.939
  gold_label_random = 0, sentence2_has_negation = 1  [n = 260]:	loss = 0.032  exp loss = 0.032  adjusted loss = 0.032  adv prob = 0.166667   acc = 0.996
  gold_label_random = 1, sentence2_has_negation = 0  [n = 242]:	loss = 0.068  exp loss = 0.127  adjusted loss = 0.127  adv prob = 0.166667   acc = 0.979
  gold_label_random = 1, sentence2_has_negation = 1  [n = 290]:	loss = 0.163  exp loss = 0.129  adjusted loss = 0.129  adv prob = 0.166667   acc = 0.955
  gold_label_random = 2, sentence2_has_negation = 0  [n = 270]:	loss = 0.161  exp loss = 0.074  adjusted loss = 0.074  adv prob = 0.166667   acc = 0.952
  gold_label_random = 2, sentence2_has_negation = 1  [n = 260]:	loss = 0.184  exp loss = 0.117  adjusted loss = 0.117  adv prob = 0.166667   acc = 0.942
Average incurred loss: 0.100  
Average sample loss: 0.100  
Average acc: 0.965  
  gold_label_random = 0, sentence2_has_negation = 0  [n = 260]:	loss = 0.112  exp loss = 0.114  adjusted loss = 0.114  adv prob = 0.166667   acc = 0.946
  gold_label_random = 0, sentence2_has_negation = 1  [n = 259]:	loss = 0.035  exp loss = 0.023  adjusted loss = 0.023  adv prob = 0.166667   acc = 0.988
  gold_label_random = 1, sentence2_has_negation = 0  [n = 272]:	loss = 0.056  exp loss = 0.035  adjusted loss = 0.035  adv prob = 0.166667   acc = 0.985
  gold_label_random = 1, sentence2_has_negation = 1  [n = 284]:	loss = 0.092  exp loss = 0.075  adjusted loss = 0.075  adv prob = 0.166667   acc = 0.972
  gold_label_random = 2, sentence2_has_negation = 0  [n = 261]:	loss = 0.115  exp loss = 0.121  adjusted loss = 0.121  adv prob = 0.166667   acc = 0.966
  gold_label_random = 2, sentence2_has_negation = 1  [n = 264]:	loss = 0.188  exp loss = 0.268  adjusted loss = 0.268  adv prob = 0.166667   acc = 0.932
Average incurred loss: 0.124  
Average sample loss: 0.124  
Average acc: 0.965  
  gold_label_random = 0, sentence2_has_negation = 0  [n = 261]:	loss = 0.144  exp loss = 0.143  adjusted loss = 0.143  adv prob = 0.166667   acc = 0.969
  gold_label_random = 0, sentence2_has_negation = 1  [n = 288]:	loss = 0.057  exp loss = 0.048  adjusted loss = 0.048  adv prob = 0.166667   acc = 0.983
  gold_label_random = 1, sentence2_has_negation = 0  [n = 287]:	loss = 0.060  exp loss = 0.064  adjusted loss = 0.064  adv prob = 0.166667   acc = 0.983
  gold_label_random = 1, sentence2_has_negation = 1  [n = 272]:	loss = 0.113  exp loss = 0.113  adjusted loss = 0.113  adv prob = 0.166667   acc = 0.967
  gold_label_random = 2, sentence2_has_negation = 0  [n = 244]:	loss = 0.218  exp loss = 0.121  adjusted loss = 0.121  adv prob = 0.166667   acc = 0.939
  gold_label_random = 2, sentence2_has_negation = 1  [n = 248]:	loss = 0.177  exp loss = 0.193  adjusted loss = 0.193  adv prob = 0.166667   acc = 0.944
Average incurred loss: 0.105  
Average sample loss: 0.105  
Average acc: 0.968  
  gold_label_random = 0, sentence2_has_negation = 0  [n = 287]:	loss = 0.149  exp loss = 0.194  adjusted loss = 0.194  adv prob = 0.166667   acc = 0.958
  gold_label_random = 0, sentence2_has_negation = 1  [n = 276]:	loss = 0.027  exp loss = 0.017  adjusted loss = 0.017  adv prob = 0.166667   acc = 0.993
  gold_label_random = 1, sentence2_has_negation = 0  [n = 265]:	loss = 0.082  exp loss = 0.101  adjusted loss = 0.101  adv prob = 0.166667   acc = 0.977
  gold_label_random = 1, sentence2_has_negation = 1  [n = 265]:	loss = 0.086  exp loss = 0.061  adjusted loss = 0.061  adv prob = 0.166667   acc = 0.962
  gold_label_random = 2, sentence2_has_negation = 0  [n = 256]:	loss = 0.086  exp loss = 0.079  adjusted loss = 0.079  adv prob = 0.166667   acc = 0.973
  gold_label_random = 2, sentence2_has_negation = 1  [n = 251]:	loss = 0.202  exp loss = 0.269  adjusted loss = 0.269  adv prob = 0.166667   acc = 0.940
Average incurred loss: 0.110  
Average sample loss: 0.110  
Average acc: 0.964  
  gold_label_random = 0, sentence2_has_negation = 0  [n = 256]:	loss = 0.187  exp loss = 0.099  adjusted loss = 0.099  adv prob = 0.166667   acc = 0.930
  gold_label_random = 0, sentence2_has_negation = 1  [n = 259]:	loss = 0.024  exp loss = 0.025  adjusted loss = 0.025  adv prob = 0.166667   acc = 0.996
  gold_label_random = 1, sentence2_has_negation = 0  [n = 288]:	loss = 0.093  exp loss = 0.083  adjusted loss = 0.083  adv prob = 0.166667   acc = 0.979
  gold_label_random = 1, sentence2_has_negation = 1  [n = 299]:	loss = 0.071  exp loss = 0.049  adjusted loss = 0.049  adv prob = 0.166667   acc = 0.980
  gold_label_random = 2, sentence2_has_negation = 0  [n = 239]:	loss = 0.150  exp loss = 0.092  adjusted loss = 0.092  adv prob = 0.166667   acc = 0.954
  gold_label_random = 2, sentence2_has_negation = 1  [n = 259]:	loss = 0.145  exp loss = 0.142  adjusted loss = 0.142  adv prob = 0.166667   acc = 0.938
Average incurred loss: 0.106  
Average sample loss: 0.106  
Average acc: 0.961  
  gold_label_random = 0, sentence2_has_negation = 0  [n = 267]:	loss = 0.173  exp loss = 0.193  adjusted loss = 0.193  adv prob = 0.166667   acc = 0.933
  gold_label_random = 0, sentence2_has_negation = 1  [n = 270]:	loss = 0.044  exp loss = 0.078  adjusted loss = 0.078  adv prob = 0.166667   acc = 0.981
  gold_label_random = 1, sentence2_has_negation = 0  [n = 260]:	loss = 0.082  exp loss = 0.097  adjusted loss = 0.097  adv prob = 0.166667   acc = 0.973
  gold_label_random = 1, sentence2_has_negation = 1  [n = 274]:	loss = 0.082  exp loss = 0.063  adjusted loss = 0.063  adv prob = 0.166667   acc = 0.982
  gold_label_random = 2, sentence2_has_negation = 0  [n = 272]:	loss = 0.076  exp loss = 0.042  adjusted loss = 0.042  adv prob = 0.166667   acc = 0.967
  gold_label_random = 2, sentence2_has_negation = 1  [n = 257]:	loss = 0.186  exp loss = 0.144  adjusted loss = 0.144  adv prob = 0.166667   acc = 0.930
Average incurred loss: 0.137  
Average sample loss: 0.137  
Average acc: 0.956  
  gold_label_random = 0, sentence2_has_negation = 0  [n = 253]:	loss = 0.194  exp loss = 0.385  adjusted loss = 0.385  adv prob = 0.166667   acc = 0.945
  gold_label_random = 0, sentence2_has_negation = 1  [n = 207]:	loss = 0.072  exp loss = 0.110  adjusted loss = 0.110  adv prob = 0.166667   acc = 0.966
  gold_label_random = 1, sentence2_has_negation = 0  [n = 220]:	loss = 0.055  exp loss = 0.049  adjusted loss = 0.049  adv prob = 0.166667   acc = 0.977
  gold_label_random = 1, sentence2_has_negation = 1  [n = 230]:	loss = 0.135  exp loss = 0.095  adjusted loss = 0.095  adv prob = 0.166667   acc = 0.970
  gold_label_random = 2, sentence2_has_negation = 0  [n = 230]:	loss = 0.094  exp loss = 0.034  adjusted loss = 0.034  adv prob = 0.166667   acc = 0.974
  gold_label_random = 2, sentence2_has_negation = 1  [n = 235]:	loss = 0.251  exp loss = 0.184  adjusted loss = 0.184  adv prob = 0.166667   acc = 0.911

Validation:
Average incurred loss: 0.694  
Average sample loss: 0.694  
Average acc: 0.822  
  gold_label_random = 0, sentence2_has_negation = 0  [n = 22814]:	loss = 0.843  exp loss = 0.966  adjusted loss = 0.966  adv prob = 0.166667   acc = 0.794
  gold_label_random = 0, sentence2_has_negation = 1  [n = 4634]:	loss = 0.235  exp loss = 0.341  adjusted loss = 0.341  adv prob = 0.166667   acc = 0.939
  gold_label_random = 1, sentence2_has_negation = 0  [n = 26949]:	loss = 0.641  exp loss = 0.672  adjusted loss = 0.672  adv prob = 0.166667   acc = 0.843
  gold_label_random = 1, sentence2_has_negation = 1  [n = 613]:	loss = 1.019  exp loss = 0.474  adjusted loss = 0.474  adv prob = 0.166667   acc = 0.749
  gold_label_random = 2, sentence2_has_negation = 0  [n = 26655]:	loss = 0.682  exp loss = 0.764  adjusted loss = 0.764  adv prob = 0.166667   acc = 0.808
  gold_label_random = 2, sentence2_has_negation = 1  [n = 797]:	loss = 1.029  exp loss = 1.187  adjusted loss = 1.187  adv prob = 0.166667   acc = 0.701
Current lr: 0.000000
Current lr: 0.000000
Current validation accuracy: 0.7013802528381348
Best model saved at epoch 4

Total Experiment Time: 7468.2s
Finished with job 824 (seed=222)
