




 Using bert params 





Dataset: MultiNLI
Shift type: confounder
Wandb: False
Project name: spurious
Target name: gold_label_random
Confounder names: ['sentence2_has_negation']
Up weight: 0
Resume: False
Finetune: False
Normalize: False
Recalculate groups: False
Unfreeze: 0
Restart layers: 0
Minority fraction: None
Imbalance ratio: None
Fraction: 1.0
Root dir: ../datasets
Reweight groups: True
Augment data: False
Val fraction: 0.1
Loss type: group_dro
Alpha: 0.2
Generalization adjustment: 0.0
Sv dropout: 0.0
Automatic adjustment: False
Robust step size: 0.01
Joint dro alpha: 1
Use normalized loss: False
Btl: False
Hinge: False
Model: bert-base-uncased
Train from scratch: False
Pretrained path: 
N epochs: 5
Batch size: 32
Lr: 2e-05
Scheduler: False
L1: 0.0
Weight decay: 0.0
Gamma: 0.1
Minimum variational weight: 0
Seed: 111
Accum: 1
Show progress: False
Log dir: results/MultiNLI/gdro/model_outputs_111
Log every: 50
Save step: 10
Save best: True
Save last: True
Use bert params: 1
Num folds per sweep: 5
Num sweeps: 4
Q: 0.7
Metadata csv name: metadata.csv
Fold: None
Metadata path: None
Aug col: None
Max grad norm: 1.0
Adam epsilon: 1e-08
Warmup steps: 0

Training Data...
    gold_label_random = 0, sentence2_has_negation = 0: n = 57498
    gold_label_random = 0, sentence2_has_negation = 1: n = 11158
    gold_label_random = 1, sentence2_has_negation = 0: n = 67376
    gold_label_random = 1, sentence2_has_negation = 1: n = 1521
    gold_label_random = 2, sentence2_has_negation = 0: n = 66630
    gold_label_random = 2, sentence2_has_negation = 1: n = 1992
Validation Data...
    gold_label_random = 0, sentence2_has_negation = 0: n = 22814
    gold_label_random = 0, sentence2_has_negation = 1: n = 4634
    gold_label_random = 1, sentence2_has_negation = 0: n = 26949
    gold_label_random = 1, sentence2_has_negation = 1: n = 613
    gold_label_random = 2, sentence2_has_negation = 0: n = 26655
    gold_label_random = 2, sentence2_has_negation = 1: n = 797
Test Data...
    gold_label_random = 0, sentence2_has_negation = 0: n = 34597
    gold_label_random = 0, sentence2_has_negation = 1: n = 6655
    gold_label_random = 1, sentence2_has_negation = 0: n = 40496
    gold_label_random = 1, sentence2_has_negation = 1: n = 886
    gold_label_random = 2, sentence2_has_negation = 0: n = 39930
    gold_label_random = 2, sentence2_has_negation = 1: n = 1148
Training
bert.embeddings.word_embeddings.weight True
bert.embeddings.position_embeddings.weight True
bert.embeddings.token_type_embeddings.weight True
bert.embeddings.LayerNorm.weight True
bert.embeddings.LayerNorm.bias True
bert.encoder.layer.0.attention.self.query.weight True
bert.encoder.layer.0.attention.self.query.bias True
bert.encoder.layer.0.attention.self.key.weight True
bert.encoder.layer.0.attention.self.key.bias True
bert.encoder.layer.0.attention.self.value.weight True
bert.encoder.layer.0.attention.self.value.bias True
bert.encoder.layer.0.attention.output.dense.weight True
bert.encoder.layer.0.attention.output.dense.bias True
bert.encoder.layer.0.attention.output.LayerNorm.weight True
bert.encoder.layer.0.attention.output.LayerNorm.bias True
bert.encoder.layer.0.intermediate.dense.weight True
bert.encoder.layer.0.intermediate.dense.bias True
bert.encoder.layer.0.output.dense.weight True
bert.encoder.layer.0.output.dense.bias True
bert.encoder.layer.0.output.LayerNorm.weight True
bert.encoder.layer.0.output.LayerNorm.bias True
bert.encoder.layer.1.attention.self.query.weight True
bert.encoder.layer.1.attention.self.query.bias True
bert.encoder.layer.1.attention.self.key.weight True
bert.encoder.layer.1.attention.self.key.bias True
bert.encoder.layer.1.attention.self.value.weight True
bert.encoder.layer.1.attention.self.value.bias True
bert.encoder.layer.1.attention.output.dense.weight True
bert.encoder.layer.1.attention.output.dense.bias True
bert.encoder.layer.1.attention.output.LayerNorm.weight True
bert.encoder.layer.1.attention.output.LayerNorm.bias True
bert.encoder.layer.1.intermediate.dense.weight True
bert.encoder.layer.1.intermediate.dense.bias True
bert.encoder.layer.1.output.dense.weight True
bert.encoder.layer.1.output.dense.bias True
bert.encoder.layer.1.output.LayerNorm.weight True
bert.encoder.layer.1.output.LayerNorm.bias True
bert.encoder.layer.2.attention.self.query.weight True
bert.encoder.layer.2.attention.self.query.bias True
bert.encoder.layer.2.attention.self.key.weight True
bert.encoder.layer.2.attention.self.key.bias True
bert.encoder.layer.2.attention.self.value.weight True
bert.encoder.layer.2.attention.self.value.bias True
bert.encoder.layer.2.attention.output.dense.weight True
bert.encoder.layer.2.attention.output.dense.bias True
bert.encoder.layer.2.attention.output.LayerNorm.weight True
bert.encoder.layer.2.attention.output.LayerNorm.bias True
bert.encoder.layer.2.intermediate.dense.weight True
bert.encoder.layer.2.intermediate.dense.bias True
bert.encoder.layer.2.output.dense.weight True
bert.encoder.layer.2.output.dense.bias True
bert.encoder.layer.2.output.LayerNorm.weight True
bert.encoder.layer.2.output.LayerNorm.bias True
bert.encoder.layer.3.attention.self.query.weight True
bert.encoder.layer.3.attention.self.query.bias True
bert.encoder.layer.3.attention.self.key.weight True
bert.encoder.layer.3.attention.self.key.bias True
bert.encoder.layer.3.attention.self.value.weight True
bert.encoder.layer.3.attention.self.value.bias True
bert.encoder.layer.3.attention.output.dense.weight True
bert.encoder.layer.3.attention.output.dense.bias True
bert.encoder.layer.3.attention.output.LayerNorm.weight True
bert.encoder.layer.3.attention.output.LayerNorm.bias True
bert.encoder.layer.3.intermediate.dense.weight True
bert.encoder.layer.3.intermediate.dense.bias True
bert.encoder.layer.3.output.dense.weight True
bert.encoder.layer.3.output.dense.bias True
bert.encoder.layer.3.output.LayerNorm.weight True
bert.encoder.layer.3.output.LayerNorm.bias True
bert.encoder.layer.4.attention.self.query.weight True
bert.encoder.layer.4.attention.self.query.bias True
bert.encoder.layer.4.attention.self.key.weight True
bert.encoder.layer.4.attention.self.key.bias True
bert.encoder.layer.4.attention.self.value.weight True
bert.encoder.layer.4.attention.self.value.bias True
bert.encoder.layer.4.attention.output.dense.weight True
bert.encoder.layer.4.attention.output.dense.bias True
bert.encoder.layer.4.attention.output.LayerNorm.weight True
bert.encoder.layer.4.attention.output.LayerNorm.bias True
bert.encoder.layer.4.intermediate.dense.weight True
bert.encoder.layer.4.intermediate.dense.bias True
bert.encoder.layer.4.output.dense.weight True
bert.encoder.layer.4.output.dense.bias True
bert.encoder.layer.4.output.LayerNorm.weight True
bert.encoder.layer.4.output.LayerNorm.bias True
bert.encoder.layer.5.attention.self.query.weight True
bert.encoder.layer.5.attention.self.query.bias True
bert.encoder.layer.5.attention.self.key.weight True
bert.encoder.layer.5.attention.self.key.bias True
bert.encoder.layer.5.attention.self.value.weight True
bert.encoder.layer.5.attention.self.value.bias True
bert.encoder.layer.5.attention.output.dense.weight True
bert.encoder.layer.5.attention.output.dense.bias True
bert.encoder.layer.5.attention.output.LayerNorm.weight True
bert.encoder.layer.5.attention.output.LayerNorm.bias True
bert.encoder.layer.5.intermediate.dense.weight True
bert.encoder.layer.5.intermediate.dense.bias True
bert.encoder.layer.5.output.dense.weight True
bert.encoder.layer.5.output.dense.bias True
bert.encoder.layer.5.output.LayerNorm.weight True
bert.encoder.layer.5.output.LayerNorm.bias True
bert.encoder.layer.6.attention.self.query.weight True
bert.encoder.layer.6.attention.self.query.bias True
bert.encoder.layer.6.attention.self.key.weight True
bert.encoder.layer.6.attention.self.key.bias True
bert.encoder.layer.6.attention.self.value.weight True
bert.encoder.layer.6.attention.self.value.bias True
bert.encoder.layer.6.attention.output.dense.weight True
bert.encoder.layer.6.attention.output.dense.bias True
bert.encoder.layer.6.attention.output.LayerNorm.weight True
bert.encoder.layer.6.attention.output.LayerNorm.bias True
bert.encoder.layer.6.intermediate.dense.weight True
bert.encoder.layer.6.intermediate.dense.bias True
bert.encoder.layer.6.output.dense.weight True
bert.encoder.layer.6.output.dense.bias True
bert.encoder.layer.6.output.LayerNorm.weight True
bert.encoder.layer.6.output.LayerNorm.bias True
bert.encoder.layer.7.attention.self.query.weight True
bert.encoder.layer.7.attention.self.query.bias True
bert.encoder.layer.7.attention.self.key.weight True
bert.encoder.layer.7.attention.self.key.bias True
bert.encoder.layer.7.attention.self.value.weight True
bert.encoder.layer.7.attention.self.value.bias True
bert.encoder.layer.7.attention.output.dense.weight True
bert.encoder.layer.7.attention.output.dense.bias True
bert.encoder.layer.7.attention.output.LayerNorm.weight True
bert.encoder.layer.7.attention.output.LayerNorm.bias True
bert.encoder.layer.7.intermediate.dense.weight True
bert.encoder.layer.7.intermediate.dense.bias True
bert.encoder.layer.7.output.dense.weight True
bert.encoder.layer.7.output.dense.bias True
bert.encoder.layer.7.output.LayerNorm.weight True
bert.encoder.layer.7.output.LayerNorm.bias True
bert.encoder.layer.8.attention.self.query.weight True
bert.encoder.layer.8.attention.self.query.bias True
bert.encoder.layer.8.attention.self.key.weight True
bert.encoder.layer.8.attention.self.key.bias True
bert.encoder.layer.8.attention.self.value.weight True
bert.encoder.layer.8.attention.self.value.bias True
bert.encoder.layer.8.attention.output.dense.weight True
bert.encoder.layer.8.attention.output.dense.bias True
bert.encoder.layer.8.attention.output.LayerNorm.weight True
bert.encoder.layer.8.attention.output.LayerNorm.bias True
bert.encoder.layer.8.intermediate.dense.weight True
bert.encoder.layer.8.intermediate.dense.bias True
bert.encoder.layer.8.output.dense.weight True
bert.encoder.layer.8.output.dense.bias True
bert.encoder.layer.8.output.LayerNorm.weight True
bert.encoder.layer.8.output.LayerNorm.bias True
bert.encoder.layer.9.attention.self.query.weight True
bert.encoder.layer.9.attention.self.query.bias True
bert.encoder.layer.9.attention.self.key.weight True
bert.encoder.layer.9.attention.self.key.bias True
bert.encoder.layer.9.attention.self.value.weight True
bert.encoder.layer.9.attention.self.value.bias True
bert.encoder.layer.9.attention.output.dense.weight True
bert.encoder.layer.9.attention.output.dense.bias True
bert.encoder.layer.9.attention.output.LayerNorm.weight True
bert.encoder.layer.9.attention.output.LayerNorm.bias True
bert.encoder.layer.9.intermediate.dense.weight True
bert.encoder.layer.9.intermediate.dense.bias True
bert.encoder.layer.9.output.dense.weight True
bert.encoder.layer.9.output.dense.bias True
bert.encoder.layer.9.output.LayerNorm.weight True
bert.encoder.layer.9.output.LayerNorm.bias True
bert.encoder.layer.10.attention.self.query.weight True
bert.encoder.layer.10.attention.self.query.bias True
bert.encoder.layer.10.attention.self.key.weight True
bert.encoder.layer.10.attention.self.key.bias True
bert.encoder.layer.10.attention.self.value.weight True
bert.encoder.layer.10.attention.self.value.bias True
bert.encoder.layer.10.attention.output.dense.weight True
bert.encoder.layer.10.attention.output.dense.bias True
bert.encoder.layer.10.attention.output.LayerNorm.weight True
bert.encoder.layer.10.attention.output.LayerNorm.bias True
bert.encoder.layer.10.intermediate.dense.weight True
bert.encoder.layer.10.intermediate.dense.bias True
bert.encoder.layer.10.output.dense.weight True
bert.encoder.layer.10.output.dense.bias True
bert.encoder.layer.10.output.LayerNorm.weight True
bert.encoder.layer.10.output.LayerNorm.bias True
bert.encoder.layer.11.attention.self.query.weight True
bert.encoder.layer.11.attention.self.query.bias True
bert.encoder.layer.11.attention.self.key.weight True
bert.encoder.layer.11.attention.self.key.bias True
bert.encoder.layer.11.attention.self.value.weight True
bert.encoder.layer.11.attention.self.value.bias True
bert.encoder.layer.11.attention.output.dense.weight True
bert.encoder.layer.11.attention.output.dense.bias True
bert.encoder.layer.11.attention.output.LayerNorm.weight True
bert.encoder.layer.11.attention.output.LayerNorm.bias True
bert.encoder.layer.11.intermediate.dense.weight True
bert.encoder.layer.11.intermediate.dense.bias True
bert.encoder.layer.11.output.dense.weight True
bert.encoder.layer.11.output.dense.bias True
bert.encoder.layer.11.output.LayerNorm.weight True
bert.encoder.layer.11.output.LayerNorm.bias True
bert.pooler.dense.weight True
bert.pooler.dense.bias True
classifier.weight True
classifier.bias True

t_total is 32215


Epoch [0]:
Training:
Average incurred loss: 1.102  
Average sample loss: 1.102  
Average acc: 0.381  
  gold_label_random = 0, sentence2_has_negation = 0  [n = 245]:	loss = 1.132  exp loss = 1.091  adjusted loss = 1.091  adv prob = 0.169610   acc = 0.376
  gold_label_random = 0, sentence2_has_negation = 1  [n = 286]:	loss = 1.127  exp loss = 1.081  adjusted loss = 1.081  adv prob = 0.169533   acc = 0.367
  gold_label_random = 1, sentence2_has_negation = 0  [n = 281]:	loss = 1.119  exp loss = 1.076  adjusted loss = 1.076  adv prob = 0.167121   acc = 0.310
  gold_label_random = 1, sentence2_has_negation = 1  [n = 276]:	loss = 1.092  exp loss = 1.047  adjusted loss = 1.047  adv prob = 0.166221   acc = 0.402
  gold_label_random = 2, sentence2_has_negation = 0  [n = 255]:	loss = 1.059  exp loss = 1.099  adjusted loss = 1.099  adv prob = 0.164370   acc = 0.447
  gold_label_random = 2, sentence2_has_negation = 1  [n = 257]:	loss = 1.083  exp loss = 1.112  adjusted loss = 1.112  adv prob = 0.163146   acc = 0.389
Average incurred loss: 0.997  
Average sample loss: 0.993  
Average acc: 0.523  
  gold_label_random = 0, sentence2_has_negation = 0  [n = 256]:	loss = 1.077  exp loss = 1.117  adjusted loss = 1.117  adv prob = 0.177343   acc = 0.355
  gold_label_random = 0, sentence2_has_negation = 1  [n = 263]:	loss = 0.851  exp loss = 0.693  adjusted loss = 0.693  adv prob = 0.155575   acc = 0.696
  gold_label_random = 1, sentence2_has_negation = 0  [n = 276]:	loss = 0.998  exp loss = 0.935  adjusted loss = 0.935  adv prob = 0.167247   acc = 0.540
  gold_label_random = 1, sentence2_has_negation = 1  [n = 281]:	loss = 0.918  exp loss = 0.806  adjusted loss = 0.806  adv prob = 0.159675   acc = 0.658
  gold_label_random = 2, sentence2_has_negation = 0  [n = 271]:	loss = 1.018  exp loss = 0.959  adjusted loss = 0.959  adv prob = 0.167584   acc = 0.520
  gold_label_random = 2, sentence2_has_negation = 1  [n = 253]:	loss = 1.133  exp loss = 1.134  adjusted loss = 1.134  adv prob = 0.172577   acc = 0.348
Average incurred loss: 0.875  
Average sample loss: 0.881  
Average acc: 0.611  
  gold_label_random = 0, sentence2_has_negation = 0  [n = 246]:	loss = 1.119  exp loss = 1.086  adjusted loss = 1.086  adv prob = 0.198083   acc = 0.325
  gold_label_random = 0, sentence2_has_negation = 1  [n = 250]:	loss = 0.631  exp loss = 0.615  adjusted loss = 0.615  adv prob = 0.135994   acc = 0.800
  gold_label_random = 1, sentence2_has_negation = 0  [n = 292]:	loss = 0.881  exp loss = 0.919  adjusted loss = 0.919  adv prob = 0.165830   acc = 0.651
  gold_label_random = 1, sentence2_has_negation = 1  [n = 256]:	loss = 0.772  exp loss = 0.600  adjusted loss = 0.600  adv prob = 0.151007   acc = 0.703
  gold_label_random = 2, sentence2_has_negation = 0  [n = 285]:	loss = 0.840  exp loss = 0.800  adjusted loss = 0.800  adv prob = 0.164115   acc = 0.705
  gold_label_random = 2, sentence2_has_negation = 1  [n = 271]:	loss = 1.003  exp loss = 1.001  adjusted loss = 1.001  adv prob = 0.184972   acc = 0.469
Average incurred loss: 0.830  
Average sample loss: 0.863  
Average acc: 0.641  
  gold_label_random = 0, sentence2_has_negation = 0  [n = 252]:	loss = 0.981  exp loss = 0.902  adjusted loss = 0.902  adv prob = 0.213493   acc = 0.520
  gold_label_random = 0, sentence2_has_negation = 1  [n = 266]:	loss = 0.646  exp loss = 0.639  adjusted loss = 0.639  adv prob = 0.122347   acc = 0.756
  gold_label_random = 1, sentence2_has_negation = 0  [n = 311]:	loss = 0.833  exp loss = 0.895  adjusted loss = 0.895  adv prob = 0.163958   acc = 0.656
  gold_label_random = 1, sentence2_has_negation = 1  [n = 245]:	loss = 0.719  exp loss = 0.754  adjusted loss = 0.754  adv prob = 0.141995   acc = 0.710
  gold_label_random = 2, sentence2_has_negation = 0  [n = 267]:	loss = 0.866  exp loss = 0.939  adjusted loss = 0.939  adv prob = 0.164843   acc = 0.659
  gold_label_random = 2, sentence2_has_negation = 1  [n = 259]:	loss = 0.934  exp loss = 0.912  adjusted loss = 0.912  adv prob = 0.193363   acc = 0.537
Average incurred loss: 0.767  
Average sample loss: 0.786  
Average acc: 0.678  
  gold_label_random = 0, sentence2_has_negation = 0  [n = 267]:	loss = 0.862  exp loss = 0.938  adjusted loss = 0.938  adv prob = 0.224081   acc = 0.569
  gold_label_random = 0, sentence2_has_negation = 1  [n = 274]:	loss = 0.569  exp loss = 0.566  adjusted loss = 0.566  adv prob = 0.109039   acc = 0.759
  gold_label_random = 1, sentence2_has_negation = 0  [n = 271]:	loss = 0.818  exp loss = 0.645  adjusted loss = 0.645  adv prob = 0.165802   acc = 0.672
  gold_label_random = 1, sentence2_has_negation = 1  [n = 250]:	loss = 0.766  exp loss = 0.726  adjusted loss = 0.726  adv prob = 0.140436   acc = 0.664
  gold_label_random = 2, sentence2_has_negation = 0  [n = 271]:	loss = 0.857  exp loss = 0.825  adjusted loss = 0.825  adv prob = 0.170738   acc = 0.675
  gold_label_random = 2, sentence2_has_negation = 1  [n = 267]:	loss = 0.732  exp loss = 0.750  adjusted loss = 0.750  adv prob = 0.189904   acc = 0.727
Average incurred loss: 0.769  
Average sample loss: 0.786  
Average acc: 0.674  
  gold_label_random = 0, sentence2_has_negation = 0  [n = 282]:	loss = 0.898  exp loss = 0.932  adjusted loss = 0.932  adv prob = 0.234627   acc = 0.550
  gold_label_random = 0, sentence2_has_negation = 1  [n = 273]:	loss = 0.610  exp loss = 0.556  adjusted loss = 0.556  adv prob = 0.100118   acc = 0.718
  gold_label_random = 1, sentence2_has_negation = 0  [n = 274]:	loss = 0.778  exp loss = 0.664  adjusted loss = 0.664  adv prob = 0.164523   acc = 0.701
  gold_label_random = 1, sentence2_has_negation = 1  [n = 271]:	loss = 0.688  exp loss = 0.669  adjusted loss = 0.669  adv prob = 0.134037   acc = 0.705
  gold_label_random = 2, sentence2_has_negation = 0  [n = 250]:	loss = 0.862  exp loss = 0.984  adjusted loss = 0.984  adv prob = 0.176217   acc = 0.664
  gold_label_random = 2, sentence2_has_negation = 1  [n = 250]:	loss = 0.777  exp loss = 0.812  adjusted loss = 0.812  adv prob = 0.190479   acc = 0.712
Average incurred loss: 0.716  
Average sample loss: 0.729  
Average acc: 0.707  
  gold_label_random = 0, sentence2_has_negation = 0  [n = 255]:	loss = 0.760  exp loss = 0.833  adjusted loss = 0.833  adv prob = 0.239437   acc = 0.631
  gold_label_random = 0, sentence2_has_negation = 1  [n = 266]:	loss = 0.639  exp loss = 0.631  adjusted loss = 0.631  adv prob = 0.096064   acc = 0.726
  gold_label_random = 1, sentence2_has_negation = 0  [n = 254]:	loss = 0.758  exp loss = 0.777  adjusted loss = 0.777  adv prob = 0.168415   acc = 0.701
  gold_label_random = 1, sentence2_has_negation = 1  [n = 278]:	loss = 0.668  exp loss = 0.705  adjusted loss = 0.705  adv prob = 0.128564   acc = 0.734
  gold_label_random = 2, sentence2_has_negation = 0  [n = 288]:	loss = 0.807  exp loss = 0.740  adjusted loss = 0.740  adv prob = 0.183695   acc = 0.667
  gold_label_random = 2, sentence2_has_negation = 1  [n = 259]:	loss = 0.660  exp loss = 0.612  adjusted loss = 0.612  adv prob = 0.183825   acc = 0.784
Average incurred loss: 0.690  
Average sample loss: 0.689  
Average acc: 0.721  
  gold_label_random = 0, sentence2_has_negation = 0  [n = 277]:	loss = 0.792  exp loss = 0.713  adjusted loss = 0.713  adv prob = 0.248246   acc = 0.639
  gold_label_random = 0, sentence2_has_negation = 1  [n = 250]:	loss = 0.553  exp loss = 0.523  adjusted loss = 0.523  adv prob = 0.088769   acc = 0.780
  gold_label_random = 1, sentence2_has_negation = 0  [n = 280]:	loss = 0.748  exp loss = 0.748  adjusted loss = 0.748  adv prob = 0.170702   acc = 0.711
  gold_label_random = 1, sentence2_has_negation = 1  [n = 268]:	loss = 0.636  exp loss = 0.633  adjusted loss = 0.633  adv prob = 0.125133   acc = 0.780
  gold_label_random = 2, sentence2_has_negation = 0  [n = 273]:	loss = 0.738  exp loss = 0.719  adjusted loss = 0.719  adv prob = 0.188661   acc = 0.678
  gold_label_random = 2, sentence2_has_negation = 1  [n = 252]:	loss = 0.658  exp loss = 0.464  adjusted loss = 0.464  adv prob = 0.178491   acc = 0.746
Average incurred loss: 0.678  
Average sample loss: 0.697  
Average acc: 0.708  
  gold_label_random = 0, sentence2_has_negation = 0  [n = 277]:	loss = 0.712  exp loss = 0.687  adjusted loss = 0.687  adv prob = 0.250933   acc = 0.697
  gold_label_random = 0, sentence2_has_negation = 1  [n = 291]:	loss = 0.647  exp loss = 0.624  adjusted loss = 0.624  adv prob = 0.087491   acc = 0.725
  gold_label_random = 1, sentence2_has_negation = 0  [n = 256]:	loss = 0.701  exp loss = 0.850  adjusted loss = 0.850  adv prob = 0.171051   acc = 0.707
  gold_label_random = 1, sentence2_has_negation = 1  [n = 262]:	loss = 0.543  exp loss = 0.598  adjusted loss = 0.598  adv prob = 0.115593   acc = 0.782
  gold_label_random = 2, sentence2_has_negation = 0  [n = 260]:	loss = 0.813  exp loss = 0.855  adjusted loss = 0.855  adv prob = 0.201832   acc = 0.627
  gold_label_random = 2, sentence2_has_negation = 1  [n = 254]:	loss = 0.654  exp loss = 0.526  adjusted loss = 0.526  adv prob = 0.173099   acc = 0.709
Average incurred loss: 0.664  
Average sample loss: 0.694  
Average acc: 0.735  
  gold_label_random = 0, sentence2_has_negation = 0  [n = 256]:	loss = 0.813  exp loss = 0.807  adjusted loss = 0.807  adv prob = 0.262394   acc = 0.660
  gold_label_random = 0, sentence2_has_negation = 1  [n = 292]:	loss = 0.673  exp loss = 0.657  adjusted loss = 0.657  adv prob = 0.087123   acc = 0.716
  gold_label_random = 1, sentence2_has_negation = 0  [n = 243]:	loss = 0.686  exp loss = 0.850  adjusted loss = 0.850  adv prob = 0.176812   acc = 0.757
  gold_label_random = 1, sentence2_has_negation = 1  [n = 273]:	loss = 0.579  exp loss = 0.605  adjusted loss = 0.605  adv prob = 0.107787   acc = 0.773
  gold_label_random = 2, sentence2_has_negation = 0  [n = 266]:	loss = 0.700  exp loss = 0.641  adjusted loss = 0.641  adv prob = 0.203617   acc = 0.714
  gold_label_random = 2, sentence2_has_negation = 1  [n = 270]:	loss = 0.546  exp loss = 0.698  adjusted loss = 0.698  adv prob = 0.162267   acc = 0.789
Average incurred loss: 0.640  
Average sample loss: 0.662  
Average acc: 0.749  
  gold_label_random = 0, sentence2_has_negation = 0  [n = 268]:	loss = 0.701  exp loss = 0.632  adjusted loss = 0.632  adv prob = 0.265318   acc = 0.683
  gold_label_random = 0, sentence2_has_negation = 1  [n = 282]:	loss = 0.503  exp loss = 0.474  adjusted loss = 0.474  adv prob = 0.080511   acc = 0.787
  gold_label_random = 1, sentence2_has_negation = 0  [n = 283]:	loss = 0.747  exp loss = 0.705  adjusted loss = 0.705  adv prob = 0.185160   acc = 0.739
  gold_label_random = 1, sentence2_has_negation = 1  [n = 243]:	loss = 0.556  exp loss = 0.562  adjusted loss = 0.562  adv prob = 0.102490   acc = 0.798
  gold_label_random = 2, sentence2_has_negation = 0  [n = 249]:	loss = 0.696  exp loss = 0.683  adjusted loss = 0.683  adv prob = 0.207829   acc = 0.719
  gold_label_random = 2, sentence2_has_negation = 1  [n = 275]:	loss = 0.633  exp loss = 0.540  adjusted loss = 0.540  adv prob = 0.158692   acc = 0.771
Average incurred loss: 0.630  
Average sample loss: 0.650  
Average acc: 0.744  
  gold_label_random = 0, sentence2_has_negation = 0  [n = 241]:	loss = 0.721  exp loss = 0.701  adjusted loss = 0.701  adv prob = 0.270365   acc = 0.676
  gold_label_random = 0, sentence2_has_negation = 1  [n = 279]:	loss = 0.577  exp loss = 0.462  adjusted loss = 0.462  adv prob = 0.079021   acc = 0.760
  gold_label_random = 1, sentence2_has_negation = 0  [n = 271]:	loss = 0.677  exp loss = 0.611  adjusted loss = 0.611  adv prob = 0.184990   acc = 0.738
  gold_label_random = 1, sentence2_has_negation = 1  [n = 276]:	loss = 0.534  exp loss = 0.489  adjusted loss = 0.489  adv prob = 0.096155   acc = 0.808
  gold_label_random = 2, sentence2_has_negation = 0  [n = 260]:	loss = 0.803  exp loss = 0.788  adjusted loss = 0.788  adv prob = 0.223315   acc = 0.642
  gold_label_random = 2, sentence2_has_negation = 1  [n = 273]:	loss = 0.487  exp loss = 0.470  adjusted loss = 0.470  adv prob = 0.146154   acc = 0.824
Average incurred loss: 0.636  
Average sample loss: 0.656  
Average acc: 0.752  
  gold_label_random = 0, sentence2_has_negation = 0  [n = 264]:	loss = 0.664  exp loss = 0.607  adjusted loss = 0.607  adv prob = 0.268068   acc = 0.708
  gold_label_random = 0, sentence2_has_negation = 1  [n = 265]:	loss = 0.485  exp loss = 0.506  adjusted loss = 0.506  adv prob = 0.072246   acc = 0.800
  gold_label_random = 1, sentence2_has_negation = 0  [n = 292]:	loss = 0.749  exp loss = 0.780  adjusted loss = 0.780  adv prob = 0.194515   acc = 0.729
  gold_label_random = 1, sentence2_has_negation = 1  [n = 247]:	loss = 0.470  exp loss = 0.512  adjusted loss = 0.512  adv prob = 0.086885   acc = 0.838
  gold_label_random = 2, sentence2_has_negation = 0  [n = 246]:	loss = 0.827  exp loss = 0.792  adjusted loss = 0.792  adv prob = 0.238240   acc = 0.663
  gold_label_random = 2, sentence2_has_negation = 1  [n = 286]:	loss = 0.615  exp loss = 0.510  adjusted loss = 0.510  adv prob = 0.140046   acc = 0.773
Average incurred loss: 0.646  
Average sample loss: 0.673  
Average acc: 0.734  
  gold_label_random = 0, sentence2_has_negation = 0  [n = 282]:	loss = 0.767  exp loss = 0.736  adjusted loss = 0.736  adv prob = 0.281972   acc = 0.631
  gold_label_random = 0, sentence2_has_negation = 1  [n = 274]:	loss = 0.548  exp loss = 0.518  adjusted loss = 0.518  adv prob = 0.067514   acc = 0.752
  gold_label_random = 1, sentence2_has_negation = 0  [n = 269]:	loss = 0.717  exp loss = 0.705  adjusted loss = 0.705  adv prob = 0.198260   acc = 0.740
  gold_label_random = 1, sentence2_has_negation = 1  [n = 261]:	loss = 0.518  exp loss = 0.534  adjusted loss = 0.534  adv prob = 0.080420   acc = 0.824
  gold_label_random = 2, sentence2_has_negation = 0  [n = 256]:	loss = 0.666  exp loss = 0.647  adjusted loss = 0.647  adv prob = 0.235846   acc = 0.711
  gold_label_random = 2, sentence2_has_negation = 1  [n = 258]:	loss = 0.656  exp loss = 0.507  adjusted loss = 0.507  adv prob = 0.135986   acc = 0.752
Average incurred loss: 0.605  
Average sample loss: 0.647  
Average acc: 0.767  
  gold_label_random = 0, sentence2_has_negation = 0  [n = 254]:	loss = 0.718  exp loss = 0.668  adjusted loss = 0.668  adv prob = 0.287888   acc = 0.677
  gold_label_random = 0, sentence2_has_negation = 1  [n = 290]:	loss = 0.427  exp loss = 0.431  adjusted loss = 0.431  adv prob = 0.060624   acc = 0.814
  gold_label_random = 1, sentence2_has_negation = 0  [n = 260]:	loss = 0.713  exp loss = 0.721  adjusted loss = 0.721  adv prob = 0.206501   acc = 0.758
  gold_label_random = 1, sentence2_has_negation = 1  [n = 275]:	loss = 0.514  exp loss = 0.461  adjusted loss = 0.461  adv prob = 0.075658   acc = 0.815
  gold_label_random = 2, sentence2_has_negation = 0  [n = 276]:	loss = 0.682  exp loss = 0.734  adjusted loss = 0.734  adv prob = 0.238915   acc = 0.739
  gold_label_random = 2, sentence2_has_negation = 1  [n = 245]:	loss = 0.600  exp loss = 0.531  adjusted loss = 0.531  adv prob = 0.130415   acc = 0.792
Average incurred loss: 0.603  
Average sample loss: 0.662  
Average acc: 0.764  
  gold_label_random = 0, sentence2_has_negation = 0  [n = 259]:	loss = 0.683  exp loss = 0.719  adjusted loss = 0.719  adv prob = 0.296085   acc = 0.714
  gold_label_random = 0, sentence2_has_negation = 1  [n = 269]:	loss = 0.456  exp loss = 0.394  adjusted loss = 0.394  adv prob = 0.054968   acc = 0.818
  gold_label_random = 1, sentence2_has_negation = 0  [n = 287]:	loss = 0.670  exp loss = 0.710  adjusted loss = 0.710  adv prob = 0.207517   acc = 0.753
  gold_label_random = 1, sentence2_has_negation = 1  [n = 254]:	loss = 0.503  exp loss = 0.419  adjusted loss = 0.419  adv prob = 0.069755   acc = 0.807
  gold_label_random = 2, sentence2_has_negation = 0  [n = 263]:	loss = 0.768  exp loss = 0.733  adjusted loss = 0.733  adv prob = 0.250976   acc = 0.711
  gold_label_random = 2, sentence2_has_negation = 1  [n = 268]:	loss = 0.533  exp loss = 0.470  adjusted loss = 0.470  adv prob = 0.120699   acc = 0.780
Average incurred loss: 0.582  
Average sample loss: 0.619  
Average acc: 0.770  
  gold_label_random = 0, sentence2_has_negation = 0  [n = 261]:	loss = 0.630  exp loss = 0.606  adjusted loss = 0.606  adv prob = 0.288438   acc = 0.732
  gold_label_random = 0, sentence2_has_negation = 1  [n = 276]:	loss = 0.496  exp loss = 0.579  adjusted loss = 0.579  adv prob = 0.051949   acc = 0.815
  gold_label_random = 1, sentence2_has_negation = 0  [n = 259]:	loss = 0.705  exp loss = 0.701  adjusted loss = 0.701  adv prob = 0.216918   acc = 0.745
  gold_label_random = 1, sentence2_has_negation = 1  [n = 270]:	loss = 0.473  exp loss = 0.419  adjusted loss = 0.419  adv prob = 0.064359   acc = 0.819
  gold_label_random = 2, sentence2_has_negation = 0  [n = 254]:	loss = 0.706  exp loss = 0.756  adjusted loss = 0.756  adv prob = 0.264569   acc = 0.705
  gold_label_random = 2, sentence2_has_negation = 1  [n = 280]:	loss = 0.498  exp loss = 0.390  adjusted loss = 0.390  adv prob = 0.113768   acc = 0.796
Average incurred loss: 0.599  
Average sample loss: 0.649  
Average acc: 0.766  
  gold_label_random = 0, sentence2_has_negation = 0  [n = 271]:	loss = 0.688  exp loss = 0.650  adjusted loss = 0.650  adv prob = 0.291442   acc = 0.701
  gold_label_random = 0, sentence2_has_negation = 1  [n = 256]:	loss = 0.462  exp loss = 0.378  adjusted loss = 0.378  adv prob = 0.046857   acc = 0.863
  gold_label_random = 1, sentence2_has_negation = 0  [n = 270]:	loss = 0.686  exp loss = 0.664  adjusted loss = 0.664  adv prob = 0.223675   acc = 0.733
  gold_label_random = 1, sentence2_has_negation = 1  [n = 284]:	loss = 0.560  exp loss = 0.615  adjusted loss = 0.615  adv prob = 0.061515   acc = 0.785
  gold_label_random = 2, sentence2_has_negation = 0  [n = 248]:	loss = 0.742  exp loss = 0.707  adjusted loss = 0.707  adv prob = 0.274120   acc = 0.669
  gold_label_random = 2, sentence2_has_negation = 1  [n = 271]:	loss = 0.461  exp loss = 0.501  adjusted loss = 0.501  adv prob = 0.102391   acc = 0.838
Average incurred loss: 0.631  
Average sample loss: 0.674  
Average acc: 0.747  
  gold_label_random = 0, sentence2_has_negation = 0  [n = 259]:	loss = 0.743  exp loss = 0.675  adjusted loss = 0.675  adv prob = 0.301506   acc = 0.668
  gold_label_random = 0, sentence2_has_negation = 1  [n = 277]:	loss = 0.669  exp loss = 0.729  adjusted loss = 0.729  adv prob = 0.046177   acc = 0.711
  gold_label_random = 1, sentence2_has_negation = 0  [n = 276]:	loss = 0.735  exp loss = 0.685  adjusted loss = 0.685  adv prob = 0.230396   acc = 0.728
  gold_label_random = 1, sentence2_has_negation = 1  [n = 267]:	loss = 0.486  exp loss = 0.540  adjusted loss = 0.540  adv prob = 0.056724   acc = 0.820
  gold_label_random = 2, sentence2_has_negation = 0  [n = 249]:	loss = 0.688  exp loss = 0.624  adjusted loss = 0.624  adv prob = 0.271541   acc = 0.711
  gold_label_random = 2, sentence2_has_negation = 1  [n = 272]:	loss = 0.466  exp loss = 0.473  adjusted loss = 0.473  adv prob = 0.093656   acc = 0.838
Average incurred loss: 0.611  
Average sample loss: 0.673  
Average acc: 0.755  
  gold_label_random = 0, sentence2_has_negation = 0  [n = 273]:	loss = 0.708  exp loss = 0.741  adjusted loss = 0.741  adv prob = 0.306691   acc = 0.674
  gold_label_random = 0, sentence2_has_negation = 1  [n = 263]:	loss = 0.459  exp loss = 0.405  adjusted loss = 0.405  adv prob = 0.041299   acc = 0.814
  gold_label_random = 1, sentence2_has_negation = 0  [n = 273]:	loss = 0.730  exp loss = 0.722  adjusted loss = 0.722  adv prob = 0.232568   acc = 0.736
  gold_label_random = 1, sentence2_has_negation = 1  [n = 262]:	loss = 0.498  exp loss = 0.618  adjusted loss = 0.618  adv prob = 0.052547   acc = 0.813
  gold_label_random = 2, sentence2_has_negation = 0  [n = 269]:	loss = 0.758  exp loss = 0.840  adjusted loss = 0.840  adv prob = 0.281610   acc = 0.684
  gold_label_random = 2, sentence2_has_negation = 1  [n = 260]:	loss = 0.498  exp loss = 0.554  adjusted loss = 0.554  adv prob = 0.085285   acc = 0.815
Average incurred loss: 0.527  
Average sample loss: 0.568  
Average acc: 0.792  
  gold_label_random = 0, sentence2_has_negation = 0  [n = 268]:	loss = 0.570  exp loss = 0.471  adjusted loss = 0.471  adv prob = 0.304834   acc = 0.739
  gold_label_random = 0, sentence2_has_negation = 1  [n = 270]:	loss = 0.397  exp loss = 0.353  adjusted loss = 0.353  adv prob = 0.038350   acc = 0.841
  gold_label_random = 1, sentence2_has_negation = 0  [n = 245]:	loss = 0.661  exp loss = 0.603  adjusted loss = 0.603  adv prob = 0.240527   acc = 0.722
  gold_label_random = 1, sentence2_has_negation = 1  [n = 264]:	loss = 0.488  exp loss = 0.486  adjusted loss = 0.486  adv prob = 0.049984   acc = 0.830
  gold_label_random = 2, sentence2_has_negation = 0  [n = 281]:	loss = 0.598  exp loss = 0.696  adjusted loss = 0.696  adv prob = 0.285594   acc = 0.769
  gold_label_random = 2, sentence2_has_negation = 1  [n = 272]:	loss = 0.456  exp loss = 0.503  adjusted loss = 0.503  adv prob = 0.080711   acc = 0.846
Average incurred loss: 0.574  
Average sample loss: 0.655  
Average acc: 0.774  
  gold_label_random = 0, sentence2_has_negation = 0  [n = 290]:	loss = 0.676  exp loss = 0.727  adjusted loss = 0.727  adv prob = 0.310276   acc = 0.697
  gold_label_random = 0, sentence2_has_negation = 1  [n = 271]:	loss = 0.530  exp loss = 0.695  adjusted loss = 0.695  adv prob = 0.036418   acc = 0.786
  gold_label_random = 1, sentence2_has_negation = 0  [n = 239]:	loss = 0.660  exp loss = 0.632  adjusted loss = 0.632  adv prob = 0.241405   acc = 0.736
  gold_label_random = 1, sentence2_has_negation = 1  [n = 265]:	loss = 0.489  exp loss = 0.426  adjusted loss = 0.426  adv prob = 0.045393   acc = 0.838
  gold_label_random = 2, sentence2_has_negation = 0  [n = 269]:	loss = 0.716  exp loss = 0.647  adjusted loss = 0.647  adv prob = 0.296743   acc = 0.691
  gold_label_random = 2, sentence2_has_negation = 1  [n = 266]:	loss = 0.371  exp loss = 0.300  adjusted loss = 0.300  adv prob = 0.069765   acc = 0.898
Average incurred loss: 0.554  
Average sample loss: 0.591  
Average acc: 0.778  
  gold_label_random = 0, sentence2_has_negation = 0  [n = 267]:	loss = 0.605  exp loss = 0.569  adjusted loss = 0.569  adv prob = 0.308466   acc = 0.749
  gold_label_random = 0, sentence2_has_negation = 1  [n = 277]:	loss = 0.489  exp loss = 0.579  adjusted loss = 0.579  adv prob = 0.034669   acc = 0.801
  gold_label_random = 1, sentence2_has_negation = 0  [n = 261]:	loss = 0.556  exp loss = 0.550  adjusted loss = 0.550  adv prob = 0.236522   acc = 0.762
  gold_label_random = 1, sentence2_has_negation = 1  [n = 247]:	loss = 0.494  exp loss = 0.483  adjusted loss = 0.483  adv prob = 0.043476   acc = 0.798
  gold_label_random = 2, sentence2_has_negation = 0  [n = 290]:	loss = 0.697  exp loss = 0.689  adjusted loss = 0.689  adv prob = 0.312049   acc = 0.710
  gold_label_random = 2, sentence2_has_negation = 1  [n = 258]:	loss = 0.464  exp loss = 0.456  adjusted loss = 0.456  adv prob = 0.064818   acc = 0.853
Average incurred loss: 0.553  
Average sample loss: 0.632  
Average acc: 0.777  
  gold_label_random = 0, sentence2_has_negation = 0  [n = 254]:	loss = 0.761  exp loss = 0.721  adjusted loss = 0.721  adv prob = 0.324626   acc = 0.681
  gold_label_random = 0, sentence2_has_negation = 1  [n = 273]:	loss = 0.500  exp loss = 0.446  adjusted loss = 0.446  adv prob = 0.032344   acc = 0.758
  gold_label_random = 1, sentence2_has_negation = 0  [n = 284]:	loss = 0.642  exp loss = 0.654  adjusted loss = 0.654  adv prob = 0.233838   acc = 0.764
  gold_label_random = 1, sentence2_has_negation = 1  [n = 270]:	loss = 0.376  exp loss = 0.341  adjusted loss = 0.341  adv prob = 0.037525   acc = 0.856
  gold_label_random = 2, sentence2_has_negation = 0  [n = 248]:	loss = 0.628  exp loss = 0.643  adjusted loss = 0.643  adv prob = 0.313845   acc = 0.742
  gold_label_random = 2, sentence2_has_negation = 1  [n = 271]:	loss = 0.424  exp loss = 0.474  adjusted loss = 0.474  adv prob = 0.057822   acc = 0.856
Average incurred loss: 0.535  
Average sample loss: 0.599  
Average acc: 0.805  
  gold_label_random = 0, sentence2_has_negation = 0  [n = 258]:	loss = 0.708  exp loss = 0.670  adjusted loss = 0.670  adv prob = 0.337284   acc = 0.705
  gold_label_random = 0, sentence2_has_negation = 1  [n = 269]:	loss = 0.384  exp loss = 0.385  adjusted loss = 0.385  adv prob = 0.028615   acc = 0.851
  gold_label_random = 1, sentence2_has_negation = 0  [n = 265]:	loss = 0.542  exp loss = 0.480  adjusted loss = 0.480  adv prob = 0.228482   acc = 0.796
  gold_label_random = 1, sentence2_has_negation = 1  [n = 270]:	loss = 0.455  exp loss = 0.447  adjusted loss = 0.447  adv prob = 0.035071   acc = 0.856
  gold_label_random = 2, sentence2_has_negation = 0  [n = 263]:	loss = 0.640  exp loss = 0.659  adjusted loss = 0.659  adv prob = 0.316704   acc = 0.753
  gold_label_random = 2, sentence2_has_negation = 1  [n = 275]:	loss = 0.491  exp loss = 0.487  adjusted loss = 0.487  adv prob = 0.053844   acc = 0.862
Average incurred loss: 0.579  
Average sample loss: 0.660  
Average acc: 0.784  
  gold_label_random = 0, sentence2_has_negation = 0  [n = 257]:	loss = 0.588  exp loss = 0.520  adjusted loss = 0.520  adv prob = 0.323289   acc = 0.763
  gold_label_random = 0, sentence2_has_negation = 1  [n = 265]:	loss = 0.362  exp loss = 0.278  adjusted loss = 0.278  adv prob = 0.024840   acc = 0.838
  gold_label_random = 1, sentence2_has_negation = 0  [n = 279]:	loss = 0.719  exp loss = 0.811  adjusted loss = 0.811  adv prob = 0.238962   acc = 0.756
  gold_label_random = 1, sentence2_has_negation = 1  [n = 267]:	loss = 0.557  exp loss = 0.497  adjusted loss = 0.497  adv prob = 0.033612   acc = 0.820
  gold_label_random = 2, sentence2_has_negation = 0  [n = 284]:	loss = 0.745  exp loss = 0.700  adjusted loss = 0.700  adv prob = 0.330194   acc = 0.694
  gold_label_random = 2, sentence2_has_negation = 1  [n = 248]:	loss = 0.476  exp loss = 0.501  adjusted loss = 0.501  adv prob = 0.049102   acc = 0.843
Average incurred loss: 0.509  
Average sample loss: 0.600  
Average acc: 0.811  
  gold_label_random = 0, sentence2_has_negation = 0  [n = 238]:	loss = 0.655  exp loss = 0.648  adjusted loss = 0.648  adv prob = 0.333730   acc = 0.723
  gold_label_random = 0, sentence2_has_negation = 1  [n = 268]:	loss = 0.344  exp loss = 0.353  adjusted loss = 0.353  adv prob = 0.021970   acc = 0.877
  gold_label_random = 1, sentence2_has_negation = 0  [n = 269]:	loss = 0.597  exp loss = 0.576  adjusted loss = 0.576  adv prob = 0.237710   acc = 0.788
  gold_label_random = 1, sentence2_has_negation = 1  [n = 300]:	loss = 0.461  exp loss = 0.445  adjusted loss = 0.445  adv prob = 0.030936   acc = 0.860
  gold_label_random = 2, sentence2_has_negation = 0  [n = 272]:	loss = 0.598  exp loss = 0.664  adjusted loss = 0.664  adv prob = 0.331008   acc = 0.750
  gold_label_random = 2, sentence2_has_negation = 1  [n = 253]:	loss = 0.415  exp loss = 0.450  adjusted loss = 0.450  adv prob = 0.044647   acc = 0.858
Average incurred loss: 0.565  
Average sample loss: 0.636  
Average acc: 0.779  
  gold_label_random = 0, sentence2_has_negation = 0  [n = 271]:	loss = 0.642  exp loss = 0.784  adjusted loss = 0.784  adv prob = 0.337041   acc = 0.731
  gold_label_random = 0, sentence2_has_negation = 1  [n = 272]:	loss = 0.394  exp loss = 0.490  adjusted loss = 0.490  adv prob = 0.019269   acc = 0.831
  gold_label_random = 1, sentence2_has_negation = 0  [n = 253]:	loss = 0.699  exp loss = 0.501  adjusted loss = 0.501  adv prob = 0.243305   acc = 0.739
  gold_label_random = 1, sentence2_has_negation = 1  [n = 255]:	loss = 0.446  exp loss = 0.422  adjusted loss = 0.422  adv prob = 0.028127   acc = 0.855
  gold_label_random = 2, sentence2_has_negation = 0  [n = 262]:	loss = 0.647  exp loss = 0.773  adjusted loss = 0.773  adv prob = 0.329324   acc = 0.737
  gold_label_random = 2, sentence2_has_negation = 1  [n = 287]:	loss = 0.569  exp loss = 0.521  adjusted loss = 0.521  adv prob = 0.042933   acc = 0.784
Average incurred loss: 0.518  
Average sample loss: 0.580  
Average acc: 0.807  
  gold_label_random = 0, sentence2_has_negation = 0  [n = 249]:	loss = 0.585  exp loss = 0.470  adjusted loss = 0.470  adv prob = 0.332450   acc = 0.763
  gold_label_random = 0, sentence2_has_negation = 1  [n = 267]:	loss = 0.413  exp loss = 0.342  adjusted loss = 0.342  adv prob = 0.017702   acc = 0.816
  gold_label_random = 1, sentence2_has_negation = 0  [n = 275]:	loss = 0.640  exp loss = 0.547  adjusted loss = 0.547  adv prob = 0.247117   acc = 0.775
  gold_label_random = 1, sentence2_has_negation = 1  [n = 280]:	loss = 0.400  exp loss = 0.401  adjusted loss = 0.401  adv prob = 0.025838   acc = 0.875
  gold_label_random = 2, sentence2_has_negation = 0  [n = 268]:	loss = 0.609  exp loss = 0.549  adjusted loss = 0.549  adv prob = 0.336284   acc = 0.757
  gold_label_random = 2, sentence2_has_negation = 1  [n = 261]:	loss = 0.466  exp loss = 0.491  adjusted loss = 0.491  adv prob = 0.040610   acc = 0.851
Average incurred loss: 0.583  
Average sample loss: 0.663  
Average acc: 0.777  
  gold_label_random = 0, sentence2_has_negation = 0  [n = 265]:	loss = 0.624  exp loss = 0.514  adjusted loss = 0.514  adv prob = 0.327115   acc = 0.721
  gold_label_random = 0, sentence2_has_negation = 1  [n = 250]:	loss = 0.497  exp loss = 0.479  adjusted loss = 0.479  adv prob = 0.015846   acc = 0.808
  gold_label_random = 1, sentence2_has_negation = 0  [n = 276]:	loss = 0.704  exp loss = 0.770  adjusted loss = 0.770  adv prob = 0.247697   acc = 0.736
  gold_label_random = 1, sentence2_has_negation = 1  [n = 286]:	loss = 0.486  exp loss = 0.382  adjusted loss = 0.382  adv prob = 0.023735   acc = 0.825
  gold_label_random = 2, sentence2_has_negation = 0  [n = 248]:	loss = 0.784  exp loss = 0.720  adjusted loss = 0.720  adv prob = 0.349805   acc = 0.690
  gold_label_random = 2, sentence2_has_negation = 1  [n = 275]:	loss = 0.420  exp loss = 0.328  adjusted loss = 0.328  adv prob = 0.035801   acc = 0.873
Average incurred loss: 0.553  
Average sample loss: 0.656  
Average acc: 0.787  
  gold_label_random = 0, sentence2_has_negation = 0  [n = 268]:	loss = 0.636  exp loss = 0.583  adjusted loss = 0.583  adv prob = 0.325444   acc = 0.731
  gold_label_random = 0, sentence2_has_negation = 1  [n = 258]:	loss = 0.411  exp loss = 0.445  adjusted loss = 0.445  adv prob = 0.014096   acc = 0.860
  gold_label_random = 1, sentence2_has_negation = 0  [n = 279]:	loss = 0.620  exp loss = 0.673  adjusted loss = 0.673  adv prob = 0.244570   acc = 0.760
  gold_label_random = 1, sentence2_has_negation = 1  [n = 267]:	loss = 0.444  exp loss = 0.406  adjusted loss = 0.406  adv prob = 0.021281   acc = 0.828
  gold_label_random = 2, sentence2_has_negation = 0  [n = 248]:	loss = 0.727  exp loss = 0.781  adjusted loss = 0.781  adv prob = 0.361988   acc = 0.710
  gold_label_random = 2, sentence2_has_negation = 1  [n = 280]:	loss = 0.489  exp loss = 0.535  adjusted loss = 0.535  adv prob = 0.032620   acc = 0.832
Average incurred loss: 0.554  
Average sample loss: 0.633  
Average acc: 0.781  
  gold_label_random = 0, sentence2_has_negation = 0  [n = 258]:	loss = 0.604  exp loss = 0.609  adjusted loss = 0.609  adv prob = 0.321354   acc = 0.740
  gold_label_random = 0, sentence2_has_negation = 1  [n = 253]:	loss = 0.407  exp loss = 0.561  adjusted loss = 0.561  adv prob = 0.012833   acc = 0.834
  gold_label_random = 1, sentence2_has_negation = 0  [n = 245]:	loss = 0.767  exp loss = 0.699  adjusted loss = 0.699  adv prob = 0.254991   acc = 0.710
  gold_label_random = 1, sentence2_has_negation = 1  [n = 278]:	loss = 0.489  exp loss = 0.458  adjusted loss = 0.458  adv prob = 0.019714   acc = 0.835
  gold_label_random = 2, sentence2_has_negation = 0  [n = 277]:	loss = 0.619  exp loss = 0.677  adjusted loss = 0.677  adv prob = 0.361389   acc = 0.718
  gold_label_random = 2, sentence2_has_negation = 1  [n = 289]:	loss = 0.460  exp loss = 0.337  adjusted loss = 0.337  adv prob = 0.029719   acc = 0.837
Average incurred loss: 0.564  
Average sample loss: 0.640  
Average acc: 0.781  
  gold_label_random = 0, sentence2_has_negation = 0  [n = 268]:	loss = 0.622  exp loss = 0.618  adjusted loss = 0.618  adv prob = 0.317030   acc = 0.750
  gold_label_random = 0, sentence2_has_negation = 1  [n = 247]:	loss = 0.479  exp loss = 0.455  adjusted loss = 0.455  adv prob = 0.011794   acc = 0.842
  gold_label_random = 1, sentence2_has_negation = 0  [n = 283]:	loss = 0.692  exp loss = 0.705  adjusted loss = 0.705  adv prob = 0.260612   acc = 0.721
  gold_label_random = 1, sentence2_has_negation = 1  [n = 262]:	loss = 0.463  exp loss = 0.474  adjusted loss = 0.474  adv prob = 0.017763   acc = 0.851
  gold_label_random = 2, sentence2_has_negation = 0  [n = 271]:	loss = 0.649  exp loss = 0.594  adjusted loss = 0.594  adv prob = 0.365730   acc = 0.720
  gold_label_random = 2, sentence2_has_negation = 1  [n = 269]:	loss = 0.462  exp loss = 0.411  adjusted loss = 0.411  adv prob = 0.027072   acc = 0.814
Average incurred loss: 0.539  
Average sample loss: 0.622  
Average acc: 0.791  
  gold_label_random = 0, sentence2_has_negation = 0  [n = 275]:	loss = 0.665  exp loss = 0.715  adjusted loss = 0.715  adv prob = 0.328725   acc = 0.727
  gold_label_random = 0, sentence2_has_negation = 1  [n = 241]:	loss = 0.436  exp loss = 0.440  adjusted loss = 0.440  adv prob = 0.010782   acc = 0.834
  gold_label_random = 1, sentence2_has_negation = 0  [n = 302]:	loss = 0.587  exp loss = 0.612  adjusted loss = 0.612  adv prob = 0.254692   acc = 0.745
  gold_label_random = 1, sentence2_has_negation = 1  [n = 288]:	loss = 0.450  exp loss = 0.483  adjusted loss = 0.483  adv prob = 0.016241   acc = 0.854
  gold_label_random = 2, sentence2_has_negation = 0  [n = 242]:	loss = 0.616  exp loss = 0.701  adjusted loss = 0.701  adv prob = 0.363985   acc = 0.760
  gold_label_random = 2, sentence2_has_negation = 1  [n = 252]:	loss = 0.469  exp loss = 0.514  adjusted loss = 0.514  adv prob = 0.025576   acc = 0.833
Average incurred loss: 0.585  
Average sample loss: 0.676  
Average acc: 0.776  
  gold_label_random = 0, sentence2_has_negation = 0  [n = 260]:	loss = 0.634  exp loss = 0.961  adjusted loss = 0.961  adv prob = 0.328900   acc = 0.754
  gold_label_random = 0, sentence2_has_negation = 1  [n = 272]:	loss = 0.484  exp loss = 0.442  adjusted loss = 0.442  adv prob = 0.010003   acc = 0.798
  gold_label_random = 1, sentence2_has_negation = 0  [n = 280]:	loss = 0.785  exp loss = 0.583  adjusted loss = 0.583  adv prob = 0.267399   acc = 0.714
  gold_label_random = 1, sentence2_has_negation = 1  [n = 262]:	loss = 0.549  exp loss = 0.524  adjusted loss = 0.524  adv prob = 0.015222   acc = 0.802
  gold_label_random = 2, sentence2_has_negation = 0  [n = 259]:	loss = 0.623  exp loss = 0.632  adjusted loss = 0.632  adv prob = 0.356059   acc = 0.749
  gold_label_random = 2, sentence2_has_negation = 1  [n = 267]:	loss = 0.432  exp loss = 0.457  adjusted loss = 0.457  adv prob = 0.022416   acc = 0.843
Average incurred loss: 0.529  
Average sample loss: 0.617  
Average acc: 0.791  
  gold_label_random = 0, sentence2_has_negation = 0  [n = 271]:	loss = 0.565  exp loss = 0.449  adjusted loss = 0.449  adv prob = 0.324274   acc = 0.756
  gold_label_random = 0, sentence2_has_negation = 1  [n = 278]:	loss = 0.411  exp loss = 0.291  adjusted loss = 0.291  adv prob = 0.009109   acc = 0.820
  gold_label_random = 1, sentence2_has_negation = 0  [n = 264]:	loss = 0.640  exp loss = 0.678  adjusted loss = 0.678  adv prob = 0.270829   acc = 0.769
  gold_label_random = 1, sentence2_has_negation = 1  [n = 252]:	loss = 0.444  exp loss = 0.430  adjusted loss = 0.430  adv prob = 0.013825   acc = 0.857
  gold_label_random = 2, sentence2_has_negation = 0  [n = 273]:	loss = 0.655  exp loss = 0.593  adjusted loss = 0.593  adv prob = 0.361344   acc = 0.703
  gold_label_random = 2, sentence2_has_negation = 1  [n = 262]:	loss = 0.454  exp loss = 0.535  adjusted loss = 0.535  adv prob = 0.020619   acc = 0.847
Average incurred loss: 0.538  
Average sample loss: 0.605  
Average acc: 0.792  
  gold_label_random = 0, sentence2_has_negation = 0  [n = 241]:	loss = 0.602  exp loss = 0.522  adjusted loss = 0.522  adv prob = 0.329100   acc = 0.718
  gold_label_random = 0, sentence2_has_negation = 1  [n = 284]:	loss = 0.476  exp loss = 0.590  adjusted loss = 0.590  adv prob = 0.008545   acc = 0.817
  gold_label_random = 1, sentence2_has_negation = 0  [n = 298]:	loss = 0.609  exp loss = 0.579  adjusted loss = 0.579  adv prob = 0.272422   acc = 0.795
  gold_label_random = 1, sentence2_has_negation = 1  [n = 259]:	loss = 0.402  exp loss = 0.406  adjusted loss = 0.406  adv prob = 0.012473   acc = 0.857
  gold_label_random = 2, sentence2_has_negation = 0  [n = 259]:	loss = 0.597  exp loss = 0.635  adjusted loss = 0.635  adv prob = 0.357679   acc = 0.780
  gold_label_random = 2, sentence2_has_negation = 1  [n = 259]:	loss = 0.539  exp loss = 0.390  adjusted loss = 0.390  adv prob = 0.019781   acc = 0.776
Average incurred loss: 0.521  
Average sample loss: 0.609  
Average acc: 0.806  
  gold_label_random = 0, sentence2_has_negation = 0  [n = 279]:	loss = 0.603  exp loss = 0.576  adjusted loss = 0.576  adv prob = 0.334688   acc = 0.756
  gold_label_random = 0, sentence2_has_negation = 1  [n = 235]:	loss = 0.374  exp loss = 0.337  adjusted loss = 0.337  adv prob = 0.007615   acc = 0.843
  gold_label_random = 1, sentence2_has_negation = 0  [n = 289]:	loss = 0.583  exp loss = 0.661  adjusted loss = 0.661  adv prob = 0.266234   acc = 0.810
  gold_label_random = 1, sentence2_has_negation = 1  [n = 278]:	loss = 0.485  exp loss = 0.509  adjusted loss = 0.509  adv prob = 0.011833   acc = 0.842
  gold_label_random = 2, sentence2_has_negation = 0  [n = 257]:	loss = 0.648  exp loss = 0.641  adjusted loss = 0.641  adv prob = 0.362010   acc = 0.720
  gold_label_random = 2, sentence2_has_negation = 1  [n = 262]:	loss = 0.412  exp loss = 0.343  adjusted loss = 0.343  adv prob = 0.017620   acc = 0.870
Average incurred loss: 0.525  
Average sample loss: 0.638  
Average acc: 0.794  
  gold_label_random = 0, sentence2_has_negation = 0  [n = 227]:	loss = 0.578  exp loss = 0.590  adjusted loss = 0.590  adv prob = 0.320003   acc = 0.740
  gold_label_random = 0, sentence2_has_negation = 1  [n = 266]:	loss = 0.412  exp loss = 0.383  adjusted loss = 0.383  adv prob = 0.006844   acc = 0.831
  gold_label_random = 1, sentence2_has_negation = 0  [n = 272]:	loss = 0.648  exp loss = 0.589  adjusted loss = 0.589  adv prob = 0.281731   acc = 0.732
  gold_label_random = 1, sentence2_has_negation = 1  [n = 302]:	loss = 0.507  exp loss = 0.494  adjusted loss = 0.494  adv prob = 0.011065   acc = 0.818
  gold_label_random = 2, sentence2_has_negation = 0  [n = 260]:	loss = 0.634  exp loss = 0.691  adjusted loss = 0.691  adv prob = 0.364999   acc = 0.758
  gold_label_random = 2, sentence2_has_negation = 1  [n = 273]:	loss = 0.384  exp loss = 0.309  adjusted loss = 0.309  adv prob = 0.015358   acc = 0.872
Average incurred loss: 0.518  
Average sample loss: 0.577  
Average acc: 0.808  
  gold_label_random = 0, sentence2_has_negation = 0  [n = 264]:	loss = 0.574  exp loss = 0.597  adjusted loss = 0.597  adv prob = 0.317976   acc = 0.773
  gold_label_random = 0, sentence2_has_negation = 1  [n = 271]:	loss = 0.422  exp loss = 0.392  adjusted loss = 0.392  adv prob = 0.006373   acc = 0.830
  gold_label_random = 1, sentence2_has_negation = 0  [n = 276]:	loss = 0.549  exp loss = 0.600  adjusted loss = 0.600  adv prob = 0.274806   acc = 0.790
  gold_label_random = 1, sentence2_has_negation = 1  [n = 263]:	loss = 0.482  exp loss = 0.523  adjusted loss = 0.523  adv prob = 0.010366   acc = 0.852
  gold_label_random = 2, sentence2_has_negation = 0  [n = 256]:	loss = 0.628  exp loss = 0.687  adjusted loss = 0.687  adv prob = 0.376131   acc = 0.746
  gold_label_random = 2, sentence2_has_negation = 1  [n = 270]:	loss = 0.460  exp loss = 0.566  adjusted loss = 0.566  adv prob = 0.014348   acc = 0.852
Average incurred loss: 0.518  
Average sample loss: 0.577  
Average acc: 0.794  
  gold_label_random = 0, sentence2_has_negation = 0  [n = 272]:	loss = 0.600  exp loss = 0.541  adjusted loss = 0.541  adv prob = 0.316910   acc = 0.761
  gold_label_random = 0, sentence2_has_negation = 1  [n = 277]:	loss = 0.516  exp loss = 0.462  adjusted loss = 0.462  adv prob = 0.006199   acc = 0.780
  gold_label_random = 1, sentence2_has_negation = 0  [n = 283]:	loss = 0.619  exp loss = 0.673  adjusted loss = 0.673  adv prob = 0.279274   acc = 0.749
  gold_label_random = 1, sentence2_has_negation = 1  [n = 286]:	loss = 0.432  exp loss = 0.400  adjusted loss = 0.400  adv prob = 0.009667   acc = 0.839
  gold_label_random = 2, sentence2_has_negation = 0  [n = 237]:	loss = 0.547  exp loss = 0.565  adjusted loss = 0.565  adv prob = 0.374893   acc = 0.776
  gold_label_random = 2, sentence2_has_negation = 1  [n = 245]:	loss = 0.386  exp loss = 0.418  adjusted loss = 0.418  adv prob = 0.013056   acc = 0.861
Average incurred loss: 0.486  
Average sample loss: 0.537  
Average acc: 0.817  
  gold_label_random = 0, sentence2_has_negation = 0  [n = 251]:	loss = 0.532  exp loss = 0.596  adjusted loss = 0.596  adv prob = 0.312324   acc = 0.781
  gold_label_random = 0, sentence2_has_negation = 1  [n = 272]:	loss = 0.387  exp loss = 0.368  adjusted loss = 0.368  adv prob = 0.005714   acc = 0.857
  gold_label_random = 1, sentence2_has_negation = 0  [n = 287]:	loss = 0.590  exp loss = 0.456  adjusted loss = 0.456  adv prob = 0.285278   acc = 0.791
  gold_label_random = 1, sentence2_has_negation = 1  [n = 267]:	loss = 0.397  exp loss = 0.401  adjusted loss = 0.401  adv prob = 0.009086   acc = 0.873
  gold_label_random = 2, sentence2_has_negation = 0  [n = 251]:	loss = 0.542  exp loss = 0.474  adjusted loss = 0.474  adv prob = 0.375141   acc = 0.773
  gold_label_random = 2, sentence2_has_negation = 1  [n = 272]:	loss = 0.467  exp loss = 0.526  adjusted loss = 0.526  adv prob = 0.012457   acc = 0.827
Average incurred loss: 0.502  
Average sample loss: 0.587  
Average acc: 0.803  
  gold_label_random = 0, sentence2_has_negation = 0  [n = 263]:	loss = 0.611  exp loss = 0.555  adjusted loss = 0.555  adv prob = 0.317391   acc = 0.749
  gold_label_random = 0, sentence2_has_negation = 1  [n = 249]:	loss = 0.468  exp loss = 0.480  adjusted loss = 0.480  adv prob = 0.005278   acc = 0.807
  gold_label_random = 1, sentence2_has_negation = 0  [n = 271]:	loss = 0.548  exp loss = 0.506  adjusted loss = 0.506  adv prob = 0.276813   acc = 0.782
  gold_label_random = 1, sentence2_has_negation = 1  [n = 290]:	loss = 0.446  exp loss = 0.448  adjusted loss = 0.448  adv prob = 0.008464   acc = 0.869
  gold_label_random = 2, sentence2_has_negation = 0  [n = 293]:	loss = 0.583  exp loss = 0.565  adjusted loss = 0.565  adv prob = 0.381021   acc = 0.744
  gold_label_random = 2, sentence2_has_negation = 1  [n = 234]:	loss = 0.328  exp loss = 0.332  adjusted loss = 0.332  adv prob = 0.011033   acc = 0.876
Average incurred loss: 0.536  
Average sample loss: 0.620  
Average acc: 0.787  
  gold_label_random = 0, sentence2_has_negation = 0  [n = 283]:	loss = 0.645  exp loss = 0.564  adjusted loss = 0.564  adv prob = 0.322281   acc = 0.739
  gold_label_random = 0, sentence2_has_negation = 1  [n = 272]:	loss = 0.496  exp loss = 0.293  adjusted loss = 0.293  adv prob = 0.004998   acc = 0.820
  gold_label_random = 1, sentence2_has_negation = 0  [n = 246]:	loss = 0.611  exp loss = 0.690  adjusted loss = 0.690  adv prob = 0.276458   acc = 0.760
  gold_label_random = 1, sentence2_has_negation = 1  [n = 255]:	loss = 0.465  exp loss = 0.458  adjusted loss = 0.458  adv prob = 0.007877   acc = 0.820
  gold_label_random = 2, sentence2_has_negation = 0  [n = 285]:	loss = 0.617  exp loss = 0.706  adjusted loss = 0.706  adv prob = 0.378775   acc = 0.723
  gold_label_random = 2, sentence2_has_negation = 1  [n = 259]:	loss = 0.372  exp loss = 0.410  adjusted loss = 0.410  adv prob = 0.009610   acc = 0.873
Average incurred loss: 0.503  
Average sample loss: 0.565  
Average acc: 0.801  
  gold_label_random = 0, sentence2_has_negation = 0  [n = 261]:	loss = 0.564  exp loss = 0.566  adjusted loss = 0.566  adv prob = 0.322375   acc = 0.766
  gold_label_random = 0, sentence2_has_negation = 1  [n = 262]:	loss = 0.404  exp loss = 0.363  adjusted loss = 0.363  adv prob = 0.004597   acc = 0.824
  gold_label_random = 1, sentence2_has_negation = 0  [n = 267]:	loss = 0.622  exp loss = 0.609  adjusted loss = 0.609  adv prob = 0.276538   acc = 0.742
  gold_label_random = 1, sentence2_has_negation = 1  [n = 246]:	loss = 0.440  exp loss = 0.483  adjusted loss = 0.483  adv prob = 0.007416   acc = 0.821
  gold_label_random = 2, sentence2_has_negation = 0  [n = 290]:	loss = 0.579  exp loss = 0.612  adjusted loss = 0.612  adv prob = 0.380245   acc = 0.772
  gold_label_random = 2, sentence2_has_negation = 1  [n = 274]:	loss = 0.400  exp loss = 0.441  adjusted loss = 0.441  adv prob = 0.008829   acc = 0.883
Average incurred loss: 0.535  
Average sample loss: 0.606  
Average acc: 0.797  
  gold_label_random = 0, sentence2_has_negation = 0  [n = 270]:	loss = 0.645  exp loss = 0.607  adjusted loss = 0.607  adv prob = 0.330224   acc = 0.726
  gold_label_random = 0, sentence2_has_negation = 1  [n = 307]:	loss = 0.508  exp loss = 0.571  adjusted loss = 0.571  adv prob = 0.004340   acc = 0.811
  gold_label_random = 1, sentence2_has_negation = 0  [n = 252]:	loss = 0.647  exp loss = 0.639  adjusted loss = 0.639  adv prob = 0.277758   acc = 0.730
  gold_label_random = 1, sentence2_has_negation = 1  [n = 263]:	loss = 0.450  exp loss = 0.528  adjusted loss = 0.528  adv prob = 0.006839   acc = 0.848
  gold_label_random = 2, sentence2_has_negation = 0  [n = 238]:	loss = 0.560  exp loss = 0.537  adjusted loss = 0.537  adv prob = 0.372890   acc = 0.777
  gold_label_random = 2, sentence2_has_negation = 1  [n = 270]:	loss = 0.415  exp loss = 0.400  adjusted loss = 0.400  adv prob = 0.007950   acc = 0.885
Average incurred loss: 0.496  
Average sample loss: 0.567  
Average acc: 0.817  
  gold_label_random = 0, sentence2_has_negation = 0  [n = 280]:	loss = 0.617  exp loss = 0.567  adjusted loss = 0.567  adv prob = 0.338697   acc = 0.768
  gold_label_random = 0, sentence2_has_negation = 1  [n = 258]:	loss = 0.411  exp loss = 0.296  adjusted loss = 0.296  adv prob = 0.003972   acc = 0.837
  gold_label_random = 1, sentence2_has_negation = 0  [n = 277]:	loss = 0.547  exp loss = 0.496  adjusted loss = 0.496  adv prob = 0.276072   acc = 0.819
  gold_label_random = 1, sentence2_has_negation = 1  [n = 256]:	loss = 0.366  exp loss = 0.415  adjusted loss = 0.415  adv prob = 0.006124   acc = 0.859
  gold_label_random = 2, sentence2_has_negation = 0  [n = 292]:	loss = 0.557  exp loss = 0.619  adjusted loss = 0.619  adv prob = 0.367693   acc = 0.784
  gold_label_random = 2, sentence2_has_negation = 1  [n = 237]:	loss = 0.451  exp loss = 0.428  adjusted loss = 0.428  adv prob = 0.007443   acc = 0.848
Average incurred loss: 0.542  
Average sample loss: 0.587  
Average acc: 0.793  
  gold_label_random = 0, sentence2_has_negation = 0  [n = 279]:	loss = 0.622  exp loss = 0.608  adjusted loss = 0.608  adv prob = 0.342336   acc = 0.749
  gold_label_random = 0, sentence2_has_negation = 1  [n = 297]:	loss = 0.622  exp loss = 0.511  adjusted loss = 0.511  adv prob = 0.004016   acc = 0.731
  gold_label_random = 1, sentence2_has_negation = 0  [n = 257]:	loss = 0.588  exp loss = 0.488  adjusted loss = 0.488  adv prob = 0.275825   acc = 0.774
  gold_label_random = 1, sentence2_has_negation = 1  [n = 264]:	loss = 0.357  exp loss = 0.354  adjusted loss = 0.354  adv prob = 0.005501   acc = 0.902
  gold_label_random = 2, sentence2_has_negation = 0  [n = 245]:	loss = 0.572  exp loss = 0.562  adjusted loss = 0.562  adv prob = 0.365282   acc = 0.767
  gold_label_random = 2, sentence2_has_negation = 1  [n = 258]:	loss = 0.476  exp loss = 0.467  adjusted loss = 0.467  adv prob = 0.007040   acc = 0.841
Average incurred loss: 0.525  
Average sample loss: 0.626  
Average acc: 0.788  
  gold_label_random = 0, sentence2_has_negation = 0  [n = 257]:	loss = 0.597  exp loss = 0.748  adjusted loss = 0.748  adv prob = 0.351530   acc = 0.739
  gold_label_random = 0, sentence2_has_negation = 1  [n = 272]:	loss = 0.349  exp loss = 0.346  adjusted loss = 0.346  adv prob = 0.003511   acc = 0.846
  gold_label_random = 1, sentence2_has_negation = 0  [n = 277]:	loss = 0.556  exp loss = 0.498  adjusted loss = 0.498  adv prob = 0.266334   acc = 0.805
  gold_label_random = 1, sentence2_has_negation = 1  [n = 267]:	loss = 0.455  exp loss = 0.468  adjusted loss = 0.468  adv prob = 0.005057   acc = 0.831
  gold_label_random = 2, sentence2_has_negation = 0  [n = 250]:	loss = 0.669  exp loss = 0.750  adjusted loss = 0.750  adv prob = 0.366917   acc = 0.720
  gold_label_random = 2, sentence2_has_negation = 1  [n = 277]:	loss = 0.539  exp loss = 0.612  adjusted loss = 0.612  adv prob = 0.006651   acc = 0.780
Average incurred loss: 0.537  
Average sample loss: 0.616  
Average acc: 0.787  
  gold_label_random = 0, sentence2_has_negation = 0  [n = 254]:	loss = 0.564  exp loss = 0.600  adjusted loss = 0.600  adv prob = 0.345765   acc = 0.736
  gold_label_random = 0, sentence2_has_negation = 1  [n = 230]:	loss = 0.401  exp loss = 0.484  adjusted loss = 0.484  adv prob = 0.003153   acc = 0.843
  gold_label_random = 1, sentence2_has_negation = 0  [n = 292]:	loss = 0.607  exp loss = 0.751  adjusted loss = 0.751  adv prob = 0.268110   acc = 0.781
  gold_label_random = 1, sentence2_has_negation = 1  [n = 273]:	loss = 0.463  exp loss = 0.552  adjusted loss = 0.552  adv prob = 0.004691   acc = 0.861
  gold_label_random = 2, sentence2_has_negation = 0  [n = 273]:	loss = 0.654  exp loss = 0.599  adjusted loss = 0.599  adv prob = 0.372071   acc = 0.703
  gold_label_random = 2, sentence2_has_negation = 1  [n = 278]:	loss = 0.510  exp loss = 0.396  adjusted loss = 0.396  adv prob = 0.006210   acc = 0.802
Average incurred loss: 0.506  
Average sample loss: 0.598  
Average acc: 0.798  
  gold_label_random = 0, sentence2_has_negation = 0  [n = 294]:	loss = 0.555  exp loss = 0.515  adjusted loss = 0.515  adv prob = 0.341033   acc = 0.762
  gold_label_random = 0, sentence2_has_negation = 1  [n = 263]:	loss = 0.284  exp loss = 0.337  adjusted loss = 0.337  adv prob = 0.002727   acc = 0.894
  gold_label_random = 1, sentence2_has_negation = 0  [n = 232]:	loss = 0.586  exp loss = 0.545  adjusted loss = 0.545  adv prob = 0.268780   acc = 0.806
  gold_label_random = 1, sentence2_has_negation = 1  [n = 261]:	loss = 0.394  exp loss = 0.394  adjusted loss = 0.394  adv prob = 0.004235   acc = 0.874
  gold_label_random = 2, sentence2_has_negation = 0  [n = 275]:	loss = 0.609  exp loss = 0.590  adjusted loss = 0.590  adv prob = 0.376908   acc = 0.724
  gold_label_random = 2, sentence2_has_negation = 1  [n = 275]:	loss = 0.602  exp loss = 0.597  adjusted loss = 0.597  adv prob = 0.006318   acc = 0.738
Average incurred loss: 0.501  
Average sample loss: 0.570  
Average acc: 0.803  
  gold_label_random = 0, sentence2_has_negation = 0  [n = 270]:	loss = 0.534  exp loss = 0.529  adjusted loss = 0.529  adv prob = 0.340101   acc = 0.763
  gold_label_random = 0, sentence2_has_negation = 1  [n = 266]:	loss = 0.378  exp loss = 0.343  adjusted loss = 0.343  adv prob = 0.002463   acc = 0.846
  gold_label_random = 1, sentence2_has_negation = 0  [n = 250]:	loss = 0.651  exp loss = 0.743  adjusted loss = 0.743  adv prob = 0.282758   acc = 0.768
  gold_label_random = 1, sentence2_has_negation = 1  [n = 246]:	loss = 0.378  exp loss = 0.427  adjusted loss = 0.427  adv prob = 0.003885   acc = 0.882
  gold_label_random = 2, sentence2_has_negation = 0  [n = 283]:	loss = 0.522  exp loss = 0.552  adjusted loss = 0.552  adv prob = 0.364551   acc = 0.781
  gold_label_random = 2, sentence2_has_negation = 1  [n = 285]:	loss = 0.538  exp loss = 0.529  adjusted loss = 0.529  adv prob = 0.006243   acc = 0.786
Average incurred loss: 0.486  
Average sample loss: 0.559  
Average acc: 0.822  
  gold_label_random = 0, sentence2_has_negation = 0  [n = 257]:	loss = 0.540  exp loss = 0.542  adjusted loss = 0.542  adv prob = 0.335006   acc = 0.786
  gold_label_random = 0, sentence2_has_negation = 1  [n = 256]:	loss = 0.361  exp loss = 0.472  adjusted loss = 0.472  adv prob = 0.002281   acc = 0.852
  gold_label_random = 1, sentence2_has_negation = 0  [n = 272]:	loss = 0.614  exp loss = 0.682  adjusted loss = 0.682  adv prob = 0.286073   acc = 0.798
  gold_label_random = 1, sentence2_has_negation = 1  [n = 261]:	loss = 0.372  exp loss = 0.397  adjusted loss = 0.397  adv prob = 0.003546   acc = 0.912
  gold_label_random = 2, sentence2_has_negation = 0  [n = 277]:	loss = 0.554  exp loss = 0.449  adjusted loss = 0.449  adv prob = 0.367167   acc = 0.755
  gold_label_random = 2, sentence2_has_negation = 1  [n = 277]:	loss = 0.466  exp loss = 0.421  adjusted loss = 0.421  adv prob = 0.005926   acc = 0.838
Average incurred loss: 0.516  
Average sample loss: 0.635  
Average acc: 0.799  
  gold_label_random = 0, sentence2_has_negation = 0  [n = 271]:	loss = 0.627  exp loss = 0.528  adjusted loss = 0.528  adv prob = 0.333281   acc = 0.756
  gold_label_random = 0, sentence2_has_negation = 1  [n = 294]:	loss = 0.428  exp loss = 0.548  adjusted loss = 0.548  adv prob = 0.002098   acc = 0.796
  gold_label_random = 1, sentence2_has_negation = 0  [n = 256]:	loss = 0.572  exp loss = 0.638  adjusted loss = 0.638  adv prob = 0.283949   acc = 0.793
  gold_label_random = 1, sentence2_has_negation = 1  [n = 273]:	loss = 0.414  exp loss = 0.629  adjusted loss = 0.629  adv prob = 0.003163   acc = 0.875
  gold_label_random = 2, sentence2_has_negation = 0  [n = 248]:	loss = 0.621  exp loss = 0.508  adjusted loss = 0.508  adv prob = 0.372069   acc = 0.742
  gold_label_random = 2, sentence2_has_negation = 1  [n = 258]:	loss = 0.450  exp loss = 0.500  adjusted loss = 0.500  adv prob = 0.005441   acc = 0.826
Average incurred loss: 0.520  
Average sample loss: 0.600  
Average acc: 0.804  
  gold_label_random = 0, sentence2_has_negation = 0  [n = 265]:	loss = 0.585  exp loss = 0.583  adjusted loss = 0.583  adv prob = 0.329750   acc = 0.785
  gold_label_random = 0, sentence2_has_negation = 1  [n = 283]:	loss = 0.556  exp loss = 0.536  adjusted loss = 0.536  adv prob = 0.002088   acc = 0.784
  gold_label_random = 1, sentence2_has_negation = 0  [n = 238]:	loss = 0.592  exp loss = 0.593  adjusted loss = 0.593  adv prob = 0.278991   acc = 0.786
  gold_label_random = 1, sentence2_has_negation = 1  [n = 278]:	loss = 0.373  exp loss = 0.332  adjusted loss = 0.332  adv prob = 0.002802   acc = 0.899
  gold_label_random = 2, sentence2_has_negation = 0  [n = 279]:	loss = 0.653  exp loss = 0.794  adjusted loss = 0.794  adv prob = 0.381541   acc = 0.699
  gold_label_random = 2, sentence2_has_negation = 1  [n = 257]:	loss = 0.364  exp loss = 0.298  adjusted loss = 0.298  adv prob = 0.004827   acc = 0.872
Average incurred loss: 0.468  
Average sample loss: 0.535  
Average acc: 0.827  
  gold_label_random = 0, sentence2_has_negation = 0  [n = 256]:	loss = 0.539  exp loss = 0.689  adjusted loss = 0.689  adv prob = 0.333705   acc = 0.789
  gold_label_random = 0, sentence2_has_negation = 1  [n = 223]:	loss = 0.422  exp loss = 0.387  adjusted loss = 0.387  adv prob = 0.001962   acc = 0.830
  gold_label_random = 1, sentence2_has_negation = 0  [n = 281]:	loss = 0.537  exp loss = 0.624  adjusted loss = 0.624  adv prob = 0.283696   acc = 0.808
  gold_label_random = 1, sentence2_has_negation = 1  [n = 278]:	loss = 0.392  exp loss = 0.406  adjusted loss = 0.406  adv prob = 0.002659   acc = 0.867
  gold_label_random = 2, sentence2_has_negation = 0  [n = 303]:	loss = 0.509  exp loss = 0.619  adjusted loss = 0.619  adv prob = 0.373523   acc = 0.805
  gold_label_random = 2, sentence2_has_negation = 1  [n = 259]:	loss = 0.395  exp loss = 0.437  adjusted loss = 0.437  adv prob = 0.004456   acc = 0.865
Average incurred loss: 0.474  
Average sample loss: 0.539  
Average acc: 0.815  
  gold_label_random = 0, sentence2_has_negation = 0  [n = 270]:	loss = 0.518  exp loss = 0.436  adjusted loss = 0.436  adv prob = 0.335188   acc = 0.778
  gold_label_random = 0, sentence2_has_negation = 1  [n = 249]:	loss = 0.279  exp loss = 0.207  adjusted loss = 0.207  adv prob = 0.001715   acc = 0.880
  gold_label_random = 1, sentence2_has_negation = 0  [n = 275]:	loss = 0.534  exp loss = 0.636  adjusted loss = 0.636  adv prob = 0.282409   acc = 0.818
  gold_label_random = 1, sentence2_has_negation = 1  [n = 246]:	loss = 0.362  exp loss = 0.366  adjusted loss = 0.366  adv prob = 0.002442   acc = 0.894
  gold_label_random = 2, sentence2_has_negation = 0  [n = 284]:	loss = 0.590  exp loss = 0.535  adjusted loss = 0.535  adv prob = 0.373838   acc = 0.754
  gold_label_random = 2, sentence2_has_negation = 1  [n = 276]:	loss = 0.530  exp loss = 0.505  adjusted loss = 0.505  adv prob = 0.004409   acc = 0.783
Average incurred loss: 0.524  
Average sample loss: 0.593  
Average acc: 0.803  
  gold_label_random = 0, sentence2_has_negation = 0  [n = 276]:	loss = 0.613  exp loss = 0.644  adjusted loss = 0.644  adv prob = 0.337194   acc = 0.754
  gold_label_random = 0, sentence2_has_negation = 1  [n = 268]:	loss = 0.321  exp loss = 0.287  adjusted loss = 0.287  adv prob = 0.001495   acc = 0.854
  gold_label_random = 1, sentence2_has_negation = 0  [n = 269]:	loss = 0.661  exp loss = 0.564  adjusted loss = 0.564  adv prob = 0.288666   acc = 0.773
  gold_label_random = 1, sentence2_has_negation = 1  [n = 257]:	loss = 0.520  exp loss = 0.657  adjusted loss = 0.657  adv prob = 0.002368   acc = 0.837
  gold_label_random = 2, sentence2_has_negation = 0  [n = 258]:	loss = 0.569  exp loss = 0.478  adjusted loss = 0.478  adv prob = 0.366114   acc = 0.760
  gold_label_random = 2, sentence2_has_negation = 1  [n = 272]:	loss = 0.459  exp loss = 0.542  adjusted loss = 0.542  adv prob = 0.004164   acc = 0.838
Average incurred loss: 0.539  
Average sample loss: 0.589  
Average acc: 0.787  
  gold_label_random = 0, sentence2_has_negation = 0  [n = 272]:	loss = 0.568  exp loss = 0.517  adjusted loss = 0.517  adv prob = 0.335594   acc = 0.772
  gold_label_random = 0, sentence2_has_negation = 1  [n = 297]:	loss = 0.420  exp loss = 0.371  adjusted loss = 0.371  adv prob = 0.001374   acc = 0.838
  gold_label_random = 1, sentence2_has_negation = 0  [n = 253]:	loss = 0.541  exp loss = 0.577  adjusted loss = 0.577  adv prob = 0.289729   acc = 0.791
  gold_label_random = 1, sentence2_has_negation = 1  [n = 260]:	loss = 0.521  exp loss = 0.579  adjusted loss = 0.579  adv prob = 0.002285   acc = 0.815
  gold_label_random = 2, sentence2_has_negation = 0  [n = 273]:	loss = 0.597  exp loss = 0.632  adjusted loss = 0.632  adv prob = 0.366753   acc = 0.736
  gold_label_random = 2, sentence2_has_negation = 1  [n = 245]:	loss = 0.606  exp loss = 0.763  adjusted loss = 0.763  adv prob = 0.004263   acc = 0.763
Average incurred loss: 0.526  
Average sample loss: 0.588  
Average acc: 0.794  
  gold_label_random = 0, sentence2_has_negation = 0  [n = 282]:	loss = 0.611  exp loss = 0.580  adjusted loss = 0.580  adv prob = 0.338480   acc = 0.730
  gold_label_random = 0, sentence2_has_negation = 1  [n = 262]:	loss = 0.417  exp loss = 0.447  adjusted loss = 0.447  adv prob = 0.001255   acc = 0.840
  gold_label_random = 1, sentence2_has_negation = 0  [n = 257]:	loss = 0.569  exp loss = 0.684  adjusted loss = 0.684  adv prob = 0.284667   acc = 0.774
  gold_label_random = 1, sentence2_has_negation = 1  [n = 259]:	loss = 0.396  exp loss = 0.319  adjusted loss = 0.319  adv prob = 0.002042   acc = 0.876
  gold_label_random = 2, sentence2_has_negation = 0  [n = 276]:	loss = 0.607  exp loss = 0.731  adjusted loss = 0.731  adv prob = 0.369341   acc = 0.732
  gold_label_random = 2, sentence2_has_negation = 1  [n = 264]:	loss = 0.541  exp loss = 0.496  adjusted loss = 0.496  adv prob = 0.004215   acc = 0.818
Average incurred loss: 0.526  
Average sample loss: 0.579  
Average acc: 0.799  
  gold_label_random = 0, sentence2_has_negation = 0  [n = 273]:	loss = 0.612  exp loss = 0.755  adjusted loss = 0.755  adv prob = 0.345916   acc = 0.762
  gold_label_random = 0, sentence2_has_negation = 1  [n = 264]:	loss = 0.340  exp loss = 0.251  adjusted loss = 0.251  adv prob = 0.001101   acc = 0.864
  gold_label_random = 1, sentence2_has_negation = 0  [n = 239]:	loss = 0.517  exp loss = 0.483  adjusted loss = 0.483  adv prob = 0.274205   acc = 0.845
  gold_label_random = 1, sentence2_has_negation = 1  [n = 281]:	loss = 0.519  exp loss = 0.604  adjusted loss = 0.604  adv prob = 0.001995   acc = 0.822
  gold_label_random = 2, sentence2_has_negation = 0  [n = 266]:	loss = 0.602  exp loss = 0.541  adjusted loss = 0.541  adv prob = 0.372637   acc = 0.733
  gold_label_random = 2, sentence2_has_negation = 1  [n = 277]:	loss = 0.559  exp loss = 0.649  adjusted loss = 0.649  adv prob = 0.004146   acc = 0.773
Average incurred loss: 0.515  
Average sample loss: 0.584  
Average acc: 0.811  
  gold_label_random = 0, sentence2_has_negation = 0  [n = 241]:	loss = 0.535  exp loss = 0.560  adjusted loss = 0.560  adv prob = 0.337765   acc = 0.788
  gold_label_random = 0, sentence2_has_negation = 1  [n = 270]:	loss = 0.233  exp loss = 0.240  adjusted loss = 0.240  adv prob = 0.000920   acc = 0.926
  gold_label_random = 1, sentence2_has_negation = 0  [n = 287]:	loss = 0.700  exp loss = 0.648  adjusted loss = 0.648  adv prob = 0.286452   acc = 0.753
  gold_label_random = 1, sentence2_has_negation = 1  [n = 268]:	loss = 0.569  exp loss = 0.515  adjusted loss = 0.515  adv prob = 0.001961   acc = 0.813
  gold_label_random = 2, sentence2_has_negation = 0  [n = 266]:	loss = 0.529  exp loss = 0.529  adjusted loss = 0.529  adv prob = 0.368804   acc = 0.793
  gold_label_random = 2, sentence2_has_negation = 1  [n = 268]:	loss = 0.517  exp loss = 0.559  adjusted loss = 0.559  adv prob = 0.004098   acc = 0.795
Average incurred loss: 0.498  
Average sample loss: 0.579  
Average acc: 0.804  
  gold_label_random = 0, sentence2_has_negation = 0  [n = 275]:	loss = 0.572  exp loss = 0.550  adjusted loss = 0.550  adv prob = 0.339643   acc = 0.745
  gold_label_random = 0, sentence2_has_negation = 1  [n = 248]:	loss = 0.296  exp loss = 0.327  adjusted loss = 0.327  adv prob = 0.000808   acc = 0.867
  gold_label_random = 1, sentence2_has_negation = 0  [n = 279]:	loss = 0.484  exp loss = 0.532  adjusted loss = 0.532  adv prob = 0.273693   acc = 0.814
  gold_label_random = 1, sentence2_has_negation = 1  [n = 277]:	loss = 0.476  exp loss = 0.434  adjusted loss = 0.434  adv prob = 0.001892   acc = 0.863
  gold_label_random = 2, sentence2_has_negation = 0  [n = 255]:	loss = 0.617  exp loss = 0.589  adjusted loss = 0.589  adv prob = 0.379898   acc = 0.737
  gold_label_random = 2, sentence2_has_negation = 1  [n = 266]:	loss = 0.536  exp loss = 0.373  adjusted loss = 0.373  adv prob = 0.004066   acc = 0.801
Average incurred loss: 0.518  
Average sample loss: 0.541  
Average acc: 0.800  
  gold_label_random = 0, sentence2_has_negation = 0  [n = 259]:	loss = 0.544  exp loss = 0.479  adjusted loss = 0.479  adv prob = 0.340433   acc = 0.788
  gold_label_random = 0, sentence2_has_negation = 1  [n = 250]:	loss = 0.304  exp loss = 0.313  adjusted loss = 0.313  adv prob = 0.000711   acc = 0.876
  gold_label_random = 1, sentence2_has_negation = 0  [n = 292]:	loss = 0.436  exp loss = 0.289  adjusted loss = 0.289  adv prob = 0.258961   acc = 0.822
  gold_label_random = 1, sentence2_has_negation = 1  [n = 255]:	loss = 0.457  exp loss = 0.326  adjusted loss = 0.326  adv prob = 0.001780   acc = 0.855
  gold_label_random = 2, sentence2_has_negation = 0  [n = 257]:	loss = 0.615  exp loss = 0.788  adjusted loss = 0.788  adv prob = 0.393702   acc = 0.778
  gold_label_random = 2, sentence2_has_negation = 1  [n = 287]:	loss = 0.734  exp loss = 0.685  adjusted loss = 0.685  adv prob = 0.004412   acc = 0.693
Average incurred loss: 0.496  
Average sample loss: 0.551  
Average acc: 0.800  
  gold_label_random = 0, sentence2_has_negation = 0  [n = 263]:	loss = 0.577  exp loss = 0.574  adjusted loss = 0.574  adv prob = 0.339183   acc = 0.764
  gold_label_random = 0, sentence2_has_negation = 1  [n = 280]:	loss = 0.368  exp loss = 0.369  adjusted loss = 0.369  adv prob = 0.000645   acc = 0.832
  gold_label_random = 1, sentence2_has_negation = 0  [n = 262]:	loss = 0.547  exp loss = 0.651  adjusted loss = 0.651  adv prob = 0.264594   acc = 0.782
  gold_label_random = 1, sentence2_has_negation = 1  [n = 275]:	loss = 0.547  exp loss = 0.485  adjusted loss = 0.485  adv prob = 0.001764   acc = 0.800
  gold_label_random = 2, sentence2_has_negation = 0  [n = 265]:	loss = 0.549  exp loss = 0.579  adjusted loss = 0.579  adv prob = 0.389793   acc = 0.781
  gold_label_random = 2, sentence2_has_negation = 1  [n = 255]:	loss = 0.391  exp loss = 0.436  adjusted loss = 0.436  adv prob = 0.004020   acc = 0.839
Average incurred loss: 0.499  
Average sample loss: 0.534  
Average acc: 0.815  
  gold_label_random = 0, sentence2_has_negation = 0  [n = 277]:	loss = 0.532  exp loss = 0.543  adjusted loss = 0.543  adv prob = 0.335341   acc = 0.780
  gold_label_random = 0, sentence2_has_negation = 1  [n = 260]:	loss = 0.350  exp loss = 0.408  adjusted loss = 0.408  adv prob = 0.000594   acc = 0.862
  gold_label_random = 1, sentence2_has_negation = 0  [n = 268]:	loss = 0.626  exp loss = 0.709  adjusted loss = 0.709  adv prob = 0.270870   acc = 0.799
  gold_label_random = 1, sentence2_has_negation = 1  [n = 270]:	loss = 0.505  exp loss = 0.499  adjusted loss = 0.499  adv prob = 0.001715   acc = 0.848
  gold_label_random = 2, sentence2_has_negation = 0  [n = 251]:	loss = 0.541  exp loss = 0.517  adjusted loss = 0.517  adv prob = 0.387627   acc = 0.753
  gold_label_random = 2, sentence2_has_negation = 1  [n = 274]:	loss = 0.435  exp loss = 0.446  adjusted loss = 0.446  adv prob = 0.003854   acc = 0.847
Average incurred loss: 0.477  
Average sample loss: 0.530  
Average acc: 0.810  
  gold_label_random = 0, sentence2_has_negation = 0  [n = 293]:	loss = 0.469  exp loss = 0.495  adjusted loss = 0.495  adv prob = 0.327670   acc = 0.782
  gold_label_random = 0, sentence2_has_negation = 1  [n = 238]:	loss = 0.450  exp loss = 0.534  adjusted loss = 0.534  adv prob = 0.000578   acc = 0.815
  gold_label_random = 1, sentence2_has_negation = 0  [n = 284]:	loss = 0.526  exp loss = 0.595  adjusted loss = 0.595  adv prob = 0.271511   acc = 0.817
  gold_label_random = 1, sentence2_has_negation = 1  [n = 258]:	loss = 0.583  exp loss = 0.626  adjusted loss = 0.626  adv prob = 0.001773   acc = 0.787
  gold_label_random = 2, sentence2_has_negation = 0  [n = 261]:	loss = 0.533  exp loss = 0.503  adjusted loss = 0.503  adv prob = 0.395012   acc = 0.759
  gold_label_random = 2, sentence2_has_negation = 1  [n = 266]:	loss = 0.302  exp loss = 0.300  adjusted loss = 0.300  adv prob = 0.003456   acc = 0.902
Average incurred loss: 0.542  
Average sample loss: 0.650  
Average acc: 0.791  
  gold_label_random = 0, sentence2_has_negation = 0  [n = 263]:	loss = 0.606  exp loss = 0.610  adjusted loss = 0.610  adv prob = 0.323228   acc = 0.764
  gold_label_random = 0, sentence2_has_negation = 1  [n = 274]:	loss = 0.310  exp loss = 0.411  adjusted loss = 0.411  adv prob = 0.000487   acc = 0.865
  gold_label_random = 1, sentence2_has_negation = 0  [n = 271]:	loss = 0.636  exp loss = 0.721  adjusted loss = 0.721  adv prob = 0.270850   acc = 0.793
  gold_label_random = 1, sentence2_has_negation = 1  [n = 250]:	loss = 0.556  exp loss = 0.618  adjusted loss = 0.618  adv prob = 0.001718   acc = 0.780
  gold_label_random = 2, sentence2_has_negation = 0  [n = 280]:	loss = 0.645  exp loss = 0.744  adjusted loss = 0.744  adv prob = 0.400498   acc = 0.711
  gold_label_random = 2, sentence2_has_negation = 1  [n = 262]:	loss = 0.497  exp loss = 0.489  adjusted loss = 0.489  adv prob = 0.003219   acc = 0.836
Average incurred loss: 0.503  
Average sample loss: 0.507  
Average acc: 0.810  
  gold_label_random = 0, sentence2_has_negation = 0  [n = 255]:	loss = 0.539  exp loss = 0.477  adjusted loss = 0.477  adv prob = 0.322832   acc = 0.804
  gold_label_random = 0, sentence2_has_negation = 1  [n = 250]:	loss = 0.350  exp loss = 0.309  adjusted loss = 0.309  adv prob = 0.000452   acc = 0.860
  gold_label_random = 1, sentence2_has_negation = 0  [n = 269]:	loss = 0.556  exp loss = 0.557  adjusted loss = 0.557  adv prob = 0.277466   acc = 0.784
  gold_label_random = 1, sentence2_has_negation = 1  [n = 286]:	loss = 0.572  exp loss = 0.502  adjusted loss = 0.502  adv prob = 0.001776   acc = 0.794
  gold_label_random = 2, sentence2_has_negation = 0  [n = 268]:	loss = 0.498  exp loss = 0.518  adjusted loss = 0.518  adv prob = 0.394279   acc = 0.817
  gold_label_random = 2, sentence2_has_negation = 1  [n = 272]:	loss = 0.490  exp loss = 0.500  adjusted loss = 0.500  adv prob = 0.003196   acc = 0.805
Average incurred loss: 0.478  
Average sample loss: 0.559  
Average acc: 0.813  
  gold_label_random = 0, sentence2_has_negation = 0  [n = 259]:	loss = 0.539  exp loss = 0.527  adjusted loss = 0.527  adv prob = 0.323950   acc = 0.784
  gold_label_random = 0, sentence2_has_negation = 1  [n = 277]:	loss = 0.312  exp loss = 0.420  adjusted loss = 0.420  adv prob = 0.000397   acc = 0.866
  gold_label_random = 1, sentence2_has_negation = 0  [n = 243]:	loss = 0.523  exp loss = 0.500  adjusted loss = 0.500  adv prob = 0.271611   acc = 0.794
  gold_label_random = 1, sentence2_has_negation = 1  [n = 283]:	loss = 0.426  exp loss = 0.383  adjusted loss = 0.383  adv prob = 0.001643   acc = 0.845
  gold_label_random = 2, sentence2_has_negation = 0  [n = 274]:	loss = 0.598  exp loss = 0.618  adjusted loss = 0.618  adv prob = 0.399327   acc = 0.745
  gold_label_random = 2, sentence2_has_negation = 1  [n = 264]:	loss = 0.482  exp loss = 0.511  adjusted loss = 0.511  adv prob = 0.003073   acc = 0.837
Average incurred loss: 0.530  
Average sample loss: 0.563  
Average acc: 0.785  
  gold_label_random = 0, sentence2_has_negation = 0  [n = 257]:	loss = 0.647  exp loss = 0.644  adjusted loss = 0.644  adv prob = 0.333785   acc = 0.751
  gold_label_random = 0, sentence2_has_negation = 1  [n = 245]:	loss = 0.472  exp loss = 0.530  adjusted loss = 0.530  adv prob = 0.000393   acc = 0.796
  gold_label_random = 1, sentence2_has_negation = 0  [n = 280]:	loss = 0.588  exp loss = 0.675  adjusted loss = 0.675  adv prob = 0.270220   acc = 0.771
  gold_label_random = 1, sentence2_has_negation = 1  [n = 227]:	loss = 0.499  exp loss = 0.482  adjusted loss = 0.482  adv prob = 0.001610   acc = 0.802
  gold_label_random = 2, sentence2_has_negation = 0  [n = 280]:	loss = 0.543  exp loss = 0.618  adjusted loss = 0.618  adv prob = 0.391106   acc = 0.768
  gold_label_random = 2, sentence2_has_negation = 1  [n = 311]:	loss = 0.440  exp loss = 0.406  adjusted loss = 0.406  adv prob = 0.002887   acc = 0.820
Average incurred loss: 0.477  
Average sample loss: 0.542  
Average acc: 0.822  
  gold_label_random = 0, sentence2_has_negation = 0  [n = 268]:	loss = 0.483  exp loss = 0.456  adjusted loss = 0.456  adv prob = 0.324298   acc = 0.810
  gold_label_random = 0, sentence2_has_negation = 1  [n = 278]:	loss = 0.406  exp loss = 0.465  adjusted loss = 0.465  adv prob = 0.000374   acc = 0.827
  gold_label_random = 1, sentence2_has_negation = 0  [n = 255]:	loss = 0.619  exp loss = 0.651  adjusted loss = 0.651  adv prob = 0.282889   acc = 0.784
  gold_label_random = 1, sentence2_has_negation = 1  [n = 274]:	loss = 0.473  exp loss = 0.524  adjusted loss = 0.524  adv prob = 0.001537   acc = 0.807
  gold_label_random = 2, sentence2_has_negation = 0  [n = 254]:	loss = 0.526  exp loss = 0.524  adjusted loss = 0.524  adv prob = 0.388277   acc = 0.807
  gold_label_random = 2, sentence2_has_negation = 1  [n = 271]:	loss = 0.366  exp loss = 0.347  adjusted loss = 0.347  adv prob = 0.002624   acc = 0.893
Average incurred loss: 0.482  
Average sample loss: 0.525  
Average acc: 0.826  
  gold_label_random = 0, sentence2_has_negation = 0  [n = 277]:	loss = 0.547  exp loss = 0.428  adjusted loss = 0.428  adv prob = 0.330909   acc = 0.776
  gold_label_random = 0, sentence2_has_negation = 1  [n = 245]:	loss = 0.376  exp loss = 0.340  adjusted loss = 0.340  adv prob = 0.000351   acc = 0.853
  gold_label_random = 1, sentence2_has_negation = 0  [n = 267]:	loss = 0.558  exp loss = 0.481  adjusted loss = 0.481  adv prob = 0.285250   acc = 0.790
  gold_label_random = 1, sentence2_has_negation = 1  [n = 280]:	loss = 0.472  exp loss = 0.471  adjusted loss = 0.471  adv prob = 0.001498   acc = 0.832
  gold_label_random = 2, sentence2_has_negation = 0  [n = 280]:	loss = 0.493  exp loss = 0.451  adjusted loss = 0.451  adv prob = 0.379476   acc = 0.839
  gold_label_random = 2, sentence2_has_negation = 1  [n = 251]:	loss = 0.431  exp loss = 0.334  adjusted loss = 0.334  adv prob = 0.002516   acc = 0.869
Average incurred loss: 0.480  
Average sample loss: 0.505  
Average acc: 0.814  
  gold_label_random = 0, sentence2_has_negation = 0  [n = 252]:	loss = 0.520  exp loss = 0.394  adjusted loss = 0.394  adv prob = 0.333625   acc = 0.798
  gold_label_random = 0, sentence2_has_negation = 1  [n = 281]:	loss = 0.323  exp loss = 0.295  adjusted loss = 0.295  adv prob = 0.000316   acc = 0.854
  gold_label_random = 1, sentence2_has_negation = 0  [n = 268]:	loss = 0.560  exp loss = 0.639  adjusted loss = 0.639  adv prob = 0.288360   acc = 0.795
  gold_label_random = 1, sentence2_has_negation = 1  [n = 256]:	loss = 0.460  exp loss = 0.498  adjusted loss = 0.498  adv prob = 0.001466   acc = 0.828
  gold_label_random = 2, sentence2_has_negation = 0  [n = 270]:	loss = 0.478  exp loss = 0.436  adjusted loss = 0.436  adv prob = 0.373675   acc = 0.811
  gold_label_random = 2, sentence2_has_negation = 1  [n = 273]:	loss = 0.546  exp loss = 0.531  adjusted loss = 0.531  adv prob = 0.002558   acc = 0.795
Average incurred loss: 0.504  
Average sample loss: 0.535  
Average acc: 0.807  
  gold_label_random = 0, sentence2_has_negation = 0  [n = 256]:	loss = 0.503  exp loss = 0.510  adjusted loss = 0.510  adv prob = 0.323505   acc = 0.777
  gold_label_random = 0, sentence2_has_negation = 1  [n = 279]:	loss = 0.328  exp loss = 0.264  adjusted loss = 0.264  adv prob = 0.000286   acc = 0.875
  gold_label_random = 1, sentence2_has_negation = 0  [n = 262]:	loss = 0.571  exp loss = 0.544  adjusted loss = 0.544  adv prob = 0.292594   acc = 0.771
  gold_label_random = 1, sentence2_has_negation = 1  [n = 261]:	loss = 0.535  exp loss = 0.554  adjusted loss = 0.554  adv prob = 0.001437   acc = 0.805
  gold_label_random = 2, sentence2_has_negation = 0  [n = 271]:	loss = 0.579  exp loss = 0.522  adjusted loss = 0.522  adv prob = 0.379595   acc = 0.779
  gold_label_random = 2, sentence2_has_negation = 1  [n = 271]:	loss = 0.515  exp loss = 0.540  adjusted loss = 0.540  adv prob = 0.002583   acc = 0.834
Average incurred loss: 0.492  
Average sample loss: 0.551  
Average acc: 0.822  
  gold_label_random = 0, sentence2_has_negation = 0  [n = 268]:	loss = 0.590  exp loss = 0.650  adjusted loss = 0.650  adv prob = 0.321932   acc = 0.780
  gold_label_random = 0, sentence2_has_negation = 1  [n = 266]:	loss = 0.223  exp loss = 0.217  adjusted loss = 0.217  adv prob = 0.000240   acc = 0.917
  gold_label_random = 1, sentence2_has_negation = 0  [n = 248]:	loss = 0.546  exp loss = 0.599  adjusted loss = 0.599  adv prob = 0.294185   acc = 0.806
  gold_label_random = 1, sentence2_has_negation = 1  [n = 266]:	loss = 0.367  exp loss = 0.284  adjusted loss = 0.284  adv prob = 0.001306   acc = 0.891
  gold_label_random = 2, sentence2_has_negation = 0  [n = 278]:	loss = 0.587  exp loss = 0.505  adjusted loss = 0.505  adv prob = 0.379610   acc = 0.777
  gold_label_random = 2, sentence2_has_negation = 1  [n = 274]:	loss = 0.631  exp loss = 0.566  adjusted loss = 0.566  adv prob = 0.002727   acc = 0.763
Average incurred loss: 0.492  
Average sample loss: 0.565  
Average acc: 0.810  
  gold_label_random = 0, sentence2_has_negation = 0  [n = 269]:	loss = 0.560  exp loss = 0.645  adjusted loss = 0.645  adv prob = 0.325056   acc = 0.736
  gold_label_random = 0, sentence2_has_negation = 1  [n = 264]:	loss = 0.322  exp loss = 0.394  adjusted loss = 0.394  adv prob = 0.000211   acc = 0.879
  gold_label_random = 1, sentence2_has_negation = 0  [n = 277]:	loss = 0.520  exp loss = 0.462  adjusted loss = 0.462  adv prob = 0.287632   acc = 0.830
  gold_label_random = 1, sentence2_has_negation = 1  [n = 270]:	loss = 0.422  exp loss = 0.315  adjusted loss = 0.315  adv prob = 0.001217   acc = 0.859
  gold_label_random = 2, sentence2_has_negation = 0  [n = 252]:	loss = 0.572  exp loss = 0.626  adjusted loss = 0.626  adv prob = 0.383150   acc = 0.778
  gold_label_random = 2, sentence2_has_negation = 1  [n = 268]:	loss = 0.554  exp loss = 0.444  adjusted loss = 0.444  adv prob = 0.002734   acc = 0.776
Average incurred loss: 0.490  
Average sample loss: 0.525  
Average acc: 0.826  
  gold_label_random = 0, sentence2_has_negation = 0  [n = 283]:	loss = 0.528  exp loss = 0.482  adjusted loss = 0.482  adv prob = 0.318227   acc = 0.816
  gold_label_random = 0, sentence2_has_negation = 1  [n = 287]:	loss = 0.332  exp loss = 0.289  adjusted loss = 0.289  adv prob = 0.000193   acc = 0.871
  gold_label_random = 1, sentence2_has_negation = 0  [n = 259]:	loss = 0.590  exp loss = 0.435  adjusted loss = 0.435  adv prob = 0.290200   acc = 0.792
  gold_label_random = 1, sentence2_has_negation = 1  [n = 264]:	loss = 0.397  exp loss = 0.401  adjusted loss = 0.401  adv prob = 0.001134   acc = 0.902
  gold_label_random = 2, sentence2_has_negation = 0  [n = 252]:	loss = 0.550  exp loss = 0.607  adjusted loss = 0.607  adv prob = 0.387448   acc = 0.786
  gold_label_random = 2, sentence2_has_negation = 1  [n = 255]:	loss = 0.562  exp loss = 0.576  adjusted loss = 0.576  adv prob = 0.002798   acc = 0.784
Average incurred loss: 0.549  
Average sample loss: 0.619  
Average acc: 0.788  
  gold_label_random = 0, sentence2_has_negation = 0  [n = 235]:	loss = 0.605  exp loss = 0.550  adjusted loss = 0.550  adv prob = 0.316747   acc = 0.757
  gold_label_random = 0, sentence2_has_negation = 1  [n = 280]:	loss = 0.325  exp loss = 0.321  adjusted loss = 0.321  adv prob = 0.000166   acc = 0.879
  gold_label_random = 1, sentence2_has_negation = 0  [n = 246]:	loss = 0.701  exp loss = 0.712  adjusted loss = 0.712  adv prob = 0.298353   acc = 0.752
  gold_label_random = 1, sentence2_has_negation = 1  [n = 269]:	loss = 0.447  exp loss = 0.599  adjusted loss = 0.599  adv prob = 0.001088   acc = 0.859
  gold_label_random = 2, sentence2_has_negation = 0  [n = 284]:	loss = 0.577  exp loss = 0.575  adjusted loss = 0.575  adv prob = 0.380686   acc = 0.743
  gold_label_random = 2, sentence2_has_negation = 1  [n = 286]:	loss = 0.656  exp loss = 0.635  adjusted loss = 0.635  adv prob = 0.002959   acc = 0.731
Average incurred loss: 0.497  
Average sample loss: 0.542  
Average acc: 0.814  
  gold_label_random = 0, sentence2_has_negation = 0  [n = 281]:	loss = 0.590  exp loss = 0.554  adjusted loss = 0.554  adv prob = 0.323352   acc = 0.758
  gold_label_random = 0, sentence2_has_negation = 1  [n = 275]:	loss = 0.291  exp loss = 0.203  adjusted loss = 0.203  adv prob = 0.000146   acc = 0.869
  gold_label_random = 1, sentence2_has_negation = 0  [n = 267]:	loss = 0.526  exp loss = 0.618  adjusted loss = 0.618  adv prob = 0.292650   acc = 0.809
  gold_label_random = 1, sentence2_has_negation = 1  [n = 255]:	loss = 0.454  exp loss = 0.520  adjusted loss = 0.520  adv prob = 0.001082   acc = 0.863
  gold_label_random = 2, sentence2_has_negation = 0  [n = 263]:	loss = 0.546  exp loss = 0.564  adjusted loss = 0.564  adv prob = 0.379726   acc = 0.802
  gold_label_random = 2, sentence2_has_negation = 1  [n = 259]:	loss = 0.579  exp loss = 0.889  adjusted loss = 0.889  adv prob = 0.003043   acc = 0.788
Average incurred loss: 0.494  
Average sample loss: 0.519  
Average acc: 0.806  
  gold_label_random = 0, sentence2_has_negation = 0  [n = 274]:	loss = 0.557  exp loss = 0.503  adjusted loss = 0.503  adv prob = 0.328062   acc = 0.770
  gold_label_random = 0, sentence2_has_negation = 1  [n = 261]:	loss = 0.400  exp loss = 0.259  adjusted loss = 0.259  adv prob = 0.000138   acc = 0.847
  gold_label_random = 1, sentence2_has_negation = 0  [n = 255]:	loss = 0.501  exp loss = 0.448  adjusted loss = 0.448  adv prob = 0.285806   acc = 0.827
  gold_label_random = 1, sentence2_has_negation = 1  [n = 287]:	loss = 0.538  exp loss = 0.541  adjusted loss = 0.541  adv prob = 0.001080   acc = 0.798
  gold_label_random = 2, sentence2_has_negation = 0  [n = 251]:	loss = 0.522  exp loss = 0.437  adjusted loss = 0.437  adv prob = 0.381968   acc = 0.765
  gold_label_random = 2, sentence2_has_negation = 1  [n = 272]:	loss = 0.440  exp loss = 0.498  adjusted loss = 0.498  adv prob = 0.002946   acc = 0.831
Average incurred loss: 0.499  
Average sample loss: 0.529  
Average acc: 0.811  
  gold_label_random = 0, sentence2_has_negation = 0  [n = 277]:	loss = 0.614  exp loss = 0.522  adjusted loss = 0.522  adv prob = 0.335499   acc = 0.762
  gold_label_random = 0, sentence2_has_negation = 1  [n = 264]:	loss = 0.293  exp loss = 0.418  adjusted loss = 0.418  adv prob = 0.000126   acc = 0.905
  gold_label_random = 1, sentence2_has_negation = 0  [n = 263]:	loss = 0.547  exp loss = 0.624  adjusted loss = 0.624  adv prob = 0.287565   acc = 0.810
  gold_label_random = 1, sentence2_has_negation = 1  [n = 253]:	loss = 0.569  exp loss = 0.726  adjusted loss = 0.726  adv prob = 0.001139   acc = 0.787
  gold_label_random = 2, sentence2_has_negation = 0  [n = 276]:	loss = 0.501  exp loss = 0.376  adjusted loss = 0.376  adv prob = 0.372824   acc = 0.779
  gold_label_random = 2, sentence2_has_negation = 1  [n = 267]:	loss = 0.470  exp loss = 0.306  adjusted loss = 0.306  adv prob = 0.002847   acc = 0.828
Average incurred loss: 0.497  
Average sample loss: 0.542  
Average acc: 0.801  
  gold_label_random = 0, sentence2_has_negation = 0  [n = 270]:	loss = 0.517  exp loss = 0.577  adjusted loss = 0.577  adv prob = 0.328664   acc = 0.807
  gold_label_random = 0, sentence2_has_negation = 1  [n = 248]:	loss = 0.436  exp loss = 0.455  adjusted loss = 0.455  adv prob = 0.000119   acc = 0.806
  gold_label_random = 1, sentence2_has_negation = 0  [n = 280]:	loss = 0.508  exp loss = 0.539  adjusted loss = 0.539  adv prob = 0.286424   acc = 0.793
  gold_label_random = 1, sentence2_has_negation = 1  [n = 249]:	loss = 0.517  exp loss = 0.703  adjusted loss = 0.703  adv prob = 0.001165   acc = 0.835
  gold_label_random = 2, sentence2_has_negation = 0  [n = 291]:	loss = 0.581  exp loss = 0.643  adjusted loss = 0.643  adv prob = 0.380957   acc = 0.756
  gold_label_random = 2, sentence2_has_negation = 1  [n = 262]:	loss = 0.411  exp loss = 0.464  adjusted loss = 0.464  adv prob = 0.002671   acc = 0.817
Average incurred loss: 0.532  
Average sample loss: 0.581  
Average acc: 0.792  
  gold_label_random = 0, sentence2_has_negation = 0  [n = 269]:	loss = 0.573  exp loss = 0.533  adjusted loss = 0.533  adv prob = 0.326595   acc = 0.773
  gold_label_random = 0, sentence2_has_negation = 1  [n = 259]:	loss = 0.373  exp loss = 0.441  adjusted loss = 0.441  adv prob = 0.000106   acc = 0.861
  gold_label_random = 1, sentence2_has_negation = 0  [n = 290]:	loss = 0.593  exp loss = 0.636  adjusted loss = 0.636  adv prob = 0.289138   acc = 0.769
  gold_label_random = 1, sentence2_has_negation = 1  [n = 262]:	loss = 0.543  exp loss = 0.417  adjusted loss = 0.417  adv prob = 0.001138   acc = 0.786
  gold_label_random = 2, sentence2_has_negation = 0  [n = 245]:	loss = 0.599  exp loss = 0.662  adjusted loss = 0.662  adv prob = 0.380457   acc = 0.759
  gold_label_random = 2, sentence2_has_negation = 1  [n = 275]:	loss = 0.507  exp loss = 0.462  adjusted loss = 0.462  adv prob = 0.002567   acc = 0.804
Average incurred loss: 0.480  
Average sample loss: 0.534  
Average acc: 0.811  
  gold_label_random = 0, sentence2_has_negation = 0  [n = 273]:	loss = 0.576  exp loss = 0.603  adjusted loss = 0.603  adv prob = 0.332778   acc = 0.758
  gold_label_random = 0, sentence2_has_negation = 1  [n = 274]:	loss = 0.302  exp loss = 0.340  adjusted loss = 0.340  adv prob = 0.000094   acc = 0.894
  gold_label_random = 1, sentence2_has_negation = 0  [n = 280]:	loss = 0.528  exp loss = 0.323  adjusted loss = 0.323  adv prob = 0.282920   acc = 0.793
  gold_label_random = 1, sentence2_has_negation = 1  [n = 280]:	loss = 0.425  exp loss = 0.347  adjusted loss = 0.347  adv prob = 0.001076   acc = 0.839
  gold_label_random = 2, sentence2_has_negation = 0  [n = 241]:	loss = 0.504  exp loss = 0.589  adjusted loss = 0.589  adv prob = 0.380566   acc = 0.776
  gold_label_random = 2, sentence2_has_negation = 1  [n = 252]:	loss = 0.554  exp loss = 0.525  adjusted loss = 0.525  adv prob = 0.002565   acc = 0.802
Average incurred loss: 0.498  
Average sample loss: 0.498  
Average acc: 0.803  
  gold_label_random = 0, sentence2_has_negation = 0  [n = 251]:	loss = 0.534  exp loss = 0.433  adjusted loss = 0.433  adv prob = 0.333732   acc = 0.785
  gold_label_random = 0, sentence2_has_negation = 1  [n = 271]:	loss = 0.416  exp loss = 0.394  adjusted loss = 0.394  adv prob = 0.000089   acc = 0.793
  gold_label_random = 1, sentence2_has_negation = 0  [n = 268]:	loss = 0.559  exp loss = 0.507  adjusted loss = 0.507  adv prob = 0.285016   acc = 0.799
  gold_label_random = 1, sentence2_has_negation = 1  [n = 295]:	loss = 0.557  exp loss = 0.467  adjusted loss = 0.467  adv prob = 0.001098   acc = 0.786
  gold_label_random = 2, sentence2_has_negation = 0  [n = 254]:	loss = 0.521  exp loss = 0.482  adjusted loss = 0.482  adv prob = 0.377604   acc = 0.783
  gold_label_random = 2, sentence2_has_negation = 1  [n = 261]:	loss = 0.395  exp loss = 0.535  adjusted loss = 0.535  adv prob = 0.002460   acc = 0.874
Average incurred loss: 0.500  
Average sample loss: 0.561  
Average acc: 0.809  
  gold_label_random = 0, sentence2_has_negation = 0  [n = 256]:	loss = 0.573  exp loss = 0.418  adjusted loss = 0.418  adv prob = 0.337241   acc = 0.777
  gold_label_random = 0, sentence2_has_negation = 1  [n = 251]:	loss = 0.427  exp loss = 0.571  adjusted loss = 0.571  adv prob = 0.000084   acc = 0.817
  gold_label_random = 1, sentence2_has_negation = 0  [n = 285]:	loss = 0.571  exp loss = 0.520  adjusted loss = 0.520  adv prob = 0.284858   acc = 0.804
  gold_label_random = 1, sentence2_has_negation = 1  [n = 248]:	loss = 0.578  exp loss = 0.382  adjusted loss = 0.382  adv prob = 0.001076   acc = 0.806
  gold_label_random = 2, sentence2_has_negation = 0  [n = 281]:	loss = 0.492  exp loss = 0.640  adjusted loss = 0.640  adv prob = 0.374481   acc = 0.779
  gold_label_random = 2, sentence2_has_negation = 1  [n = 279]:	loss = 0.367  exp loss = 0.479  adjusted loss = 0.479  adv prob = 0.002260   acc = 0.871
Average incurred loss: 0.499  
Average sample loss: 0.525  
Average acc: 0.801  
  gold_label_random = 0, sentence2_has_negation = 0  [n = 292]:	loss = 0.537  exp loss = 0.419  adjusted loss = 0.419  adv prob = 0.335432   acc = 0.781
  gold_label_random = 0, sentence2_has_negation = 1  [n = 276]:	loss = 0.476  exp loss = 0.417  adjusted loss = 0.417  adv prob = 0.000083   acc = 0.772
  gold_label_random = 1, sentence2_has_negation = 0  [n = 247]:	loss = 0.509  exp loss = 0.490  adjusted loss = 0.490  adv prob = 0.277201   acc = 0.798
  gold_label_random = 1, sentence2_has_negation = 1  [n = 259]:	loss = 0.429  exp loss = 0.353  adjusted loss = 0.353  adv prob = 0.001020   acc = 0.857
  gold_label_random = 2, sentence2_has_negation = 0  [n = 250]:	loss = 0.576  exp loss = 0.709  adjusted loss = 0.709  adv prob = 0.384092   acc = 0.768
  gold_label_random = 2, sentence2_has_negation = 1  [n = 276]:	loss = 0.470  exp loss = 0.483  adjusted loss = 0.483  adv prob = 0.002173   acc = 0.833
Average incurred loss: 0.467  
Average sample loss: 0.529  
Average acc: 0.821  
  gold_label_random = 0, sentence2_has_negation = 0  [n = 261]:	loss = 0.585  exp loss = 0.456  adjusted loss = 0.456  adv prob = 0.343543   acc = 0.805
  gold_label_random = 0, sentence2_has_negation = 1  [n = 251]:	loss = 0.511  exp loss = 0.502  adjusted loss = 0.502  adv prob = 0.000083   acc = 0.761
  gold_label_random = 1, sentence2_has_negation = 0  [n = 289]:	loss = 0.548  exp loss = 0.621  adjusted loss = 0.621  adv prob = 0.285700   acc = 0.775
  gold_label_random = 1, sentence2_has_negation = 1  [n = 242]:	loss = 0.340  exp loss = 0.334  adjusted loss = 0.334  adv prob = 0.000938   acc = 0.913
  gold_label_random = 2, sentence2_has_negation = 0  [n = 267]:	loss = 0.450  exp loss = 0.522  adjusted loss = 0.522  adv prob = 0.367748   acc = 0.824
  gold_label_random = 2, sentence2_has_negation = 1  [n = 290]:	loss = 0.361  exp loss = 0.463  adjusted loss = 0.463  adv prob = 0.001988   acc = 0.852
Average incurred loss: 0.504  
Average sample loss: 0.593  
Average acc: 0.812  
  gold_label_random = 0, sentence2_has_negation = 0  [n = 272]:	loss = 0.590  exp loss = 0.536  adjusted loss = 0.536  adv prob = 0.343903   acc = 0.754
  gold_label_random = 0, sentence2_has_negation = 1  [n = 266]:	loss = 0.386  exp loss = 0.382  adjusted loss = 0.382  adv prob = 0.000074   acc = 0.827
  gold_label_random = 1, sentence2_has_negation = 0  [n = 260]:	loss = 0.609  exp loss = 0.639  adjusted loss = 0.639  adv prob = 0.291714   acc = 0.769
  gold_label_random = 1, sentence2_has_negation = 1  [n = 255]:	loss = 0.449  exp loss = 0.488  adjusted loss = 0.488  adv prob = 0.000866   acc = 0.859
  gold_label_random = 2, sentence2_has_negation = 0  [n = 275]:	loss = 0.553  exp loss = 0.423  adjusted loss = 0.423  adv prob = 0.361604   acc = 0.800
  gold_label_random = 2, sentence2_has_negation = 1  [n = 272]:	loss = 0.434  exp loss = 0.462  adjusted loss = 0.462  adv prob = 0.001838   acc = 0.864
Average incurred loss: 0.488  
Average sample loss: 0.529  
Average acc: 0.813  
  gold_label_random = 0, sentence2_has_negation = 0  [n = 266]:	loss = 0.592  exp loss = 0.759  adjusted loss = 0.759  adv prob = 0.355542   acc = 0.756
  gold_label_random = 0, sentence2_has_negation = 1  [n = 260]:	loss = 0.457  exp loss = 0.650  adjusted loss = 0.650  adv prob = 0.000073   acc = 0.788
  gold_label_random = 1, sentence2_has_negation = 0  [n = 247]:	loss = 0.474  exp loss = 0.417  adjusted loss = 0.417  adv prob = 0.280577   acc = 0.842
  gold_label_random = 1, sentence2_has_negation = 1  [n = 275]:	loss = 0.412  exp loss = 0.601  adjusted loss = 0.601  adv prob = 0.000841   acc = 0.847
  gold_label_random = 2, sentence2_has_negation = 0  [n = 263]:	loss = 0.539  exp loss = 0.465  adjusted loss = 0.465  adv prob = 0.361177   acc = 0.802
  gold_label_random = 2, sentence2_has_negation = 1  [n = 289]:	loss = 0.459  exp loss = 0.420  adjusted loss = 0.420  adv prob = 0.001790   acc = 0.841
Average incurred loss: 0.509  
Average sample loss: 0.558  
Average acc: 0.810  
  gold_label_random = 0, sentence2_has_negation = 0  [n = 251]:	loss = 0.560  exp loss = 0.719  adjusted loss = 0.719  adv prob = 0.364395   acc = 0.781
  gold_label_random = 0, sentence2_has_negation = 1  [n = 271]:	loss = 0.542  exp loss = 0.477  adjusted loss = 0.477  adv prob = 0.000072   acc = 0.764
  gold_label_random = 1, sentence2_has_negation = 0  [n = 276]:	loss = 0.528  exp loss = 0.682  adjusted loss = 0.682  adv prob = 0.280872   acc = 0.812
  gold_label_random = 1, sentence2_has_negation = 1  [n = 303]:	loss = 0.515  exp loss = 0.619  adjusted loss = 0.619  adv prob = 0.000836   acc = 0.835
  gold_label_random = 2, sentence2_has_negation = 0  [n = 249]:	loss = 0.539  exp loss = 0.496  adjusted loss = 0.496  adv prob = 0.352214   acc = 0.791
  gold_label_random = 2, sentence2_has_negation = 1  [n = 250]:	loss = 0.362  exp loss = 0.335  adjusted loss = 0.335  adv prob = 0.001612   acc = 0.876
Average incurred loss: 0.503  
Average sample loss: 0.527  
Average acc: 0.808  
  gold_label_random = 0, sentence2_has_negation = 0  [n = 277]:	loss = 0.463  exp loss = 0.429  adjusted loss = 0.429  adv prob = 0.348612   acc = 0.819
  gold_label_random = 0, sentence2_has_negation = 1  [n = 266]:	loss = 0.433  exp loss = 0.436  adjusted loss = 0.436  adv prob = 0.000069   acc = 0.805
  gold_label_random = 1, sentence2_has_negation = 0  [n = 269]:	loss = 0.544  exp loss = 0.613  adjusted loss = 0.613  adv prob = 0.280218   acc = 0.807
  gold_label_random = 1, sentence2_has_negation = 1  [n = 286]:	loss = 0.430  exp loss = 0.621  adjusted loss = 0.621  adv prob = 0.000807   acc = 0.843
  gold_label_random = 2, sentence2_has_negation = 0  [n = 253]:	loss = 0.679  exp loss = 0.783  adjusted loss = 0.783  adv prob = 0.368744   acc = 0.747
  gold_label_random = 2, sentence2_has_negation = 1  [n = 249]:	loss = 0.485  exp loss = 0.400  adjusted loss = 0.400  adv prob = 0.001550   acc = 0.823
Average incurred loss: 0.506  
Average sample loss: 0.522  
Average acc: 0.802  
  gold_label_random = 0, sentence2_has_negation = 0  [n = 280]:	loss = 0.513  exp loss = 0.442  adjusted loss = 0.442  adv prob = 0.344221   acc = 0.800
  gold_label_random = 0, sentence2_has_negation = 1  [n = 258]:	loss = 0.451  exp loss = 0.491  adjusted loss = 0.491  adv prob = 0.000066   acc = 0.806
  gold_label_random = 1, sentence2_has_negation = 0  [n = 260]:	loss = 0.525  exp loss = 0.447  adjusted loss = 0.447  adv prob = 0.278981   acc = 0.788
  gold_label_random = 1, sentence2_has_negation = 1  [n = 269]:	loss = 0.523  exp loss = 0.456  adjusted loss = 0.456  adv prob = 0.000800   acc = 0.814
  gold_label_random = 2, sentence2_has_negation = 0  [n = 274]:	loss = 0.551  exp loss = 0.588  adjusted loss = 0.588  adv prob = 0.374404   acc = 0.792
  gold_label_random = 2, sentence2_has_negation = 1  [n = 259]:	loss = 0.470  exp loss = 0.615  adjusted loss = 0.615  adv prob = 0.001528   acc = 0.811
Average incurred loss: 0.484  
Average sample loss: 0.509  
Average acc: 0.812  
  gold_label_random = 0, sentence2_has_negation = 0  [n = 258]:	loss = 0.521  exp loss = 0.636  adjusted loss = 0.636  adv prob = 0.341749   acc = 0.787
  gold_label_random = 0, sentence2_has_negation = 1  [n = 251]:	loss = 0.372  exp loss = 0.343  adjusted loss = 0.343  adv prob = 0.000062   acc = 0.837
  gold_label_random = 1, sentence2_has_negation = 0  [n = 278]:	loss = 0.485  exp loss = 0.534  adjusted loss = 0.534  adv prob = 0.279014   acc = 0.813
  gold_label_random = 1, sentence2_has_negation = 1  [n = 300]:	loss = 0.444  exp loss = 0.434  adjusted loss = 0.434  adv prob = 0.000780   acc = 0.863
  gold_label_random = 2, sentence2_has_negation = 0  [n = 257]:	loss = 0.528  exp loss = 0.426  adjusted loss = 0.426  adv prob = 0.376838   acc = 0.802
  gold_label_random = 2, sentence2_has_negation = 1  [n = 256]:	loss = 0.555  exp loss = 0.702  adjusted loss = 0.702  adv prob = 0.001557   acc = 0.766
Average incurred loss: 0.509  
Average sample loss: 0.542  
Average acc: 0.807  
  gold_label_random = 0, sentence2_has_negation = 0  [n = 251]:	loss = 0.519  exp loss = 0.447  adjusted loss = 0.447  adv prob = 0.342855   acc = 0.805
  gold_label_random = 0, sentence2_has_negation = 1  [n = 257]:	loss = 0.427  exp loss = 0.418  adjusted loss = 0.418  adv prob = 0.000058   acc = 0.848
  gold_label_random = 1, sentence2_has_negation = 0  [n = 294]:	loss = 0.580  exp loss = 0.526  adjusted loss = 0.526  adv prob = 0.282700   acc = 0.762
  gold_label_random = 1, sentence2_has_negation = 1  [n = 287]:	loss = 0.411  exp loss = 0.396  adjusted loss = 0.396  adv prob = 0.000729   acc = 0.861
  gold_label_random = 2, sentence2_has_negation = 0  [n = 245]:	loss = 0.534  exp loss = 0.519  adjusted loss = 0.519  adv prob = 0.372058   acc = 0.776
  gold_label_random = 2, sentence2_has_negation = 1  [n = 266]:	loss = 0.582  exp loss = 0.672  adjusted loss = 0.672  adv prob = 0.001601   acc = 0.789
Average incurred loss: 0.502  
Average sample loss: 0.578  
Average acc: 0.804  
  gold_label_random = 0, sentence2_has_negation = 0  [n = 279]:	loss = 0.563  exp loss = 0.553  adjusted loss = 0.553  adv prob = 0.348427   acc = 0.774
  gold_label_random = 0, sentence2_has_negation = 1  [n = 280]:	loss = 0.492  exp loss = 0.473  adjusted loss = 0.473  adv prob = 0.000055   acc = 0.796
  gold_label_random = 1, sentence2_has_negation = 0  [n = 254]:	loss = 0.536  exp loss = 0.516  adjusted loss = 0.516  adv prob = 0.276775   acc = 0.803
  gold_label_random = 1, sentence2_has_negation = 1  [n = 266]:	loss = 0.430  exp loss = 0.537  adjusted loss = 0.537  adv prob = 0.000672   acc = 0.846
  gold_label_random = 2, sentence2_has_negation = 0  [n = 280]:	loss = 0.553  exp loss = 0.531  adjusted loss = 0.531  adv prob = 0.372595   acc = 0.768
  gold_label_random = 2, sentence2_has_negation = 1  [n = 241]:	loss = 0.424  exp loss = 0.466  adjusted loss = 0.466  adv prob = 0.001476   acc = 0.842
Average incurred loss: 0.470  
Average sample loss: 0.499  
Average acc: 0.822  
  gold_label_random = 0, sentence2_has_negation = 0  [n = 268]:	loss = 0.485  exp loss = 0.484  adjusted loss = 0.484  adv prob = 0.348946   acc = 0.799
  gold_label_random = 0, sentence2_has_negation = 1  [n = 253]:	loss = 0.445  exp loss = 0.318  adjusted loss = 0.318  adv prob = 0.000054   acc = 0.822
  gold_label_random = 1, sentence2_has_negation = 0  [n = 268]:	loss = 0.525  exp loss = 0.612  adjusted loss = 0.612  adv prob = 0.279297   acc = 0.806
  gold_label_random = 1, sentence2_has_negation = 1  [n = 280]:	loss = 0.509  exp loss = 0.480  adjusted loss = 0.480  adv prob = 0.000676   acc = 0.850
  gold_label_random = 2, sentence2_has_negation = 0  [n = 271]:	loss = 0.495  exp loss = 0.691  adjusted loss = 0.691  adv prob = 0.369692   acc = 0.790
  gold_label_random = 2, sentence2_has_negation = 1  [n = 260]:	loss = 0.353  exp loss = 0.296  adjusted loss = 0.296  adv prob = 0.001335   acc = 0.865
Average incurred loss: 0.475  
Average sample loss: 0.544  
Average acc: 0.819  
  gold_label_random = 0, sentence2_has_negation = 0  [n = 281]:	loss = 0.452  exp loss = 0.430  adjusted loss = 0.430  adv prob = 0.337781   acc = 0.819
  gold_label_random = 0, sentence2_has_negation = 1  [n = 263]:	loss = 0.457  exp loss = 0.462  adjusted loss = 0.462  adv prob = 0.000052   acc = 0.795
  gold_label_random = 1, sentence2_has_negation = 0  [n = 281]:	loss = 0.476  exp loss = 0.484  adjusted loss = 0.484  adv prob = 0.271784   acc = 0.836
  gold_label_random = 1, sentence2_has_negation = 1  [n = 276]:	loss = 0.386  exp loss = 0.361  adjusted loss = 0.361  adv prob = 0.000620   acc = 0.859
  gold_label_random = 2, sentence2_has_negation = 0  [n = 238]:	loss = 0.571  exp loss = 0.448  adjusted loss = 0.448  adv prob = 0.388433   acc = 0.798
  gold_label_random = 2, sentence2_has_negation = 1  [n = 261]:	loss = 0.526  exp loss = 0.476  adjusted loss = 0.476  adv prob = 0.001331   acc = 0.805
Average incurred loss: 0.516  
Average sample loss: 0.601  
Average acc: 0.802  
  gold_label_random = 0, sentence2_has_negation = 0  [n = 230]:	loss = 0.637  exp loss = 0.670  adjusted loss = 0.670  adv prob = 0.337143   acc = 0.735
  gold_label_random = 0, sentence2_has_negation = 1  [n = 294]:	loss = 0.459  exp loss = 0.272  adjusted loss = 0.272  adv prob = 0.000048   acc = 0.810
  gold_label_random = 1, sentence2_has_negation = 0  [n = 287]:	loss = 0.600  exp loss = 0.577  adjusted loss = 0.577  adv prob = 0.273150   acc = 0.791
  gold_label_random = 1, sentence2_has_negation = 1  [n = 256]:	loss = 0.465  exp loss = 0.524  adjusted loss = 0.524  adv prob = 0.000575   acc = 0.836
  gold_label_random = 2, sentence2_has_negation = 0  [n = 275]:	loss = 0.549  exp loss = 0.532  adjusted loss = 0.532  adv prob = 0.387888   acc = 0.778
  gold_label_random = 2, sentence2_has_negation = 1  [n = 258]:	loss = 0.393  exp loss = 0.462  adjusted loss = 0.462  adv prob = 0.001196   acc = 0.857
Average incurred loss: 0.475  
Average sample loss: 0.494  
Average acc: 0.826  
  gold_label_random = 0, sentence2_has_negation = 0  [n = 292]:	loss = 0.462  exp loss = 0.431  adjusted loss = 0.431  adv prob = 0.330314   acc = 0.822
  gold_label_random = 0, sentence2_has_negation = 1  [n = 270]:	loss = 0.441  exp loss = 0.560  adjusted loss = 0.560  adv prob = 0.000047   acc = 0.822
  gold_label_random = 1, sentence2_has_negation = 0  [n = 256]:	loss = 0.466  exp loss = 0.467  adjusted loss = 0.467  adv prob = 0.269730   acc = 0.836
  gold_label_random = 1, sentence2_has_negation = 1  [n = 266]:	loss = 0.551  exp loss = 0.649  adjusted loss = 0.649  adv prob = 0.000589   acc = 0.812
  gold_label_random = 2, sentence2_has_negation = 0  [n = 273]:	loss = 0.516  exp loss = 0.583  adjusted loss = 0.583  adv prob = 0.398156   acc = 0.806
  gold_label_random = 2, sentence2_has_negation = 1  [n = 243]:	loss = 0.405  exp loss = 0.501  adjusted loss = 0.501  adv prob = 0.001165   acc = 0.864
Average incurred loss: 0.508  
Average sample loss: 0.521  
Average acc: 0.804  
  gold_label_random = 0, sentence2_has_negation = 0  [n = 267]:	loss = 0.480  exp loss = 0.387  adjusted loss = 0.387  adv prob = 0.322692   acc = 0.809
  gold_label_random = 0, sentence2_has_negation = 1  [n = 262]:	loss = 0.477  exp loss = 0.397  adjusted loss = 0.397  adv prob = 0.000045   acc = 0.790
  gold_label_random = 1, sentence2_has_negation = 0  [n = 250]:	loss = 0.565  exp loss = 0.550  adjusted loss = 0.550  adv prob = 0.271912   acc = 0.816
  gold_label_random = 1, sentence2_has_negation = 1  [n = 295]:	loss = 0.647  exp loss = 0.547  adjusted loss = 0.547  adv prob = 0.000627   acc = 0.773
  gold_label_random = 2, sentence2_has_negation = 0  [n = 247]:	loss = 0.551  exp loss = 0.566  adjusted loss = 0.566  adv prob = 0.403665   acc = 0.753
  gold_label_random = 2, sentence2_has_negation = 1  [n = 279]:	loss = 0.326  exp loss = 0.510  adjusted loss = 0.510  adv prob = 0.001059   acc = 0.882
Average incurred loss: 0.479  
Average sample loss: 0.488  
Average acc: 0.816  
  gold_label_random = 0, sentence2_has_negation = 0  [n = 266]:	loss = 0.509  exp loss = 0.432  adjusted loss = 0.432  adv prob = 0.327422   acc = 0.793
  gold_label_random = 0, sentence2_has_negation = 1  [n = 246]:	loss = 0.516  exp loss = 0.409  adjusted loss = 0.409  adv prob = 0.000045   acc = 0.772
  gold_label_random = 1, sentence2_has_negation = 0  [n = 281]:	loss = 0.467  exp loss = 0.391  adjusted loss = 0.391  adv prob = 0.273621   acc = 0.858
  gold_label_random = 1, sentence2_has_negation = 1  [n = 259]:	loss = 0.565  exp loss = 0.318  adjusted loss = 0.318  adv prob = 0.000650   acc = 0.807
  gold_label_random = 2, sentence2_has_negation = 0  [n = 293]:	loss = 0.443  exp loss = 0.462  adjusted loss = 0.462  adv prob = 0.397260   acc = 0.812
  gold_label_random = 2, sentence2_has_negation = 1  [n = 255]:	loss = 0.380  exp loss = 0.470  adjusted loss = 0.470  adv prob = 0.001002   acc = 0.851
Average incurred loss: 0.441  
Average sample loss: 0.459  
Average acc: 0.827  
  gold_label_random = 0, sentence2_has_negation = 0  [n = 270]:	loss = 0.395  exp loss = 0.344  adjusted loss = 0.344  adv prob = 0.317588   acc = 0.833
  gold_label_random = 0, sentence2_has_negation = 1  [n = 287]:	loss = 0.440  exp loss = 0.327  adjusted loss = 0.327  adv prob = 0.000045   acc = 0.812
  gold_label_random = 1, sentence2_has_negation = 0  [n = 250]:	loss = 0.451  exp loss = 0.452  adjusted loss = 0.452  adv prob = 0.273553   acc = 0.844
  gold_label_random = 1, sentence2_has_negation = 1  [n = 246]:	loss = 0.484  exp loss = 0.432  adjusted loss = 0.432  adv prob = 0.000657   acc = 0.825
  gold_label_random = 2, sentence2_has_negation = 0  [n = 302]:	loss = 0.535  exp loss = 0.574  adjusted loss = 0.574  adv prob = 0.407218   acc = 0.781
  gold_label_random = 2, sentence2_has_negation = 1  [n = 245]:	loss = 0.326  exp loss = 0.340  adjusted loss = 0.340  adv prob = 0.000939   acc = 0.882
Average incurred loss: 0.496  
Average sample loss: 0.492  
Average acc: 0.818  
  gold_label_random = 0, sentence2_has_negation = 0  [n = 257]:	loss = 0.579  exp loss = 0.503  adjusted loss = 0.503  adv prob = 0.324275   acc = 0.774
  gold_label_random = 0, sentence2_has_negation = 1  [n = 280]:	loss = 0.391  exp loss = 0.323  adjusted loss = 0.323  adv prob = 0.000043   acc = 0.843
  gold_label_random = 1, sentence2_has_negation = 0  [n = 285]:	loss = 0.460  exp loss = 0.364  adjusted loss = 0.364  adv prob = 0.269302   acc = 0.860
  gold_label_random = 1, sentence2_has_negation = 1  [n = 253]:	loss = 0.565  exp loss = 0.439  adjusted loss = 0.439  adv prob = 0.000682   acc = 0.826
  gold_label_random = 2, sentence2_has_negation = 0  [n = 252]:	loss = 0.521  exp loss = 0.542  adjusted loss = 0.542  adv prob = 0.404765   acc = 0.790
  gold_label_random = 2, sentence2_has_negation = 1  [n = 273]:	loss = 0.479  exp loss = 0.545  adjusted loss = 0.545  adv prob = 0.000933   acc = 0.810
Average incurred loss: 0.484  
Average sample loss: 0.506  
Average acc: 0.818  
  gold_label_random = 0, sentence2_has_negation = 0  [n = 293]:	loss = 0.507  exp loss = 0.456  adjusted loss = 0.456  adv prob = 0.321841   acc = 0.816
  gold_label_random = 0, sentence2_has_negation = 1  [n = 243]:	loss = 0.301  exp loss = 0.352  adjusted loss = 0.352  adv prob = 0.000039   acc = 0.877
  gold_label_random = 1, sentence2_has_negation = 0  [n = 260]:	loss = 0.555  exp loss = 0.417  adjusted loss = 0.417  adv prob = 0.277209   acc = 0.800
  gold_label_random = 1, sentence2_has_negation = 1  [n = 262]:	loss = 0.493  exp loss = 0.366  adjusted loss = 0.366  adv prob = 0.000687   acc = 0.840
  gold_label_random = 2, sentence2_has_negation = 0  [n = 279]:	loss = 0.520  exp loss = 0.376  adjusted loss = 0.376  adv prob = 0.399286   acc = 0.789
  gold_label_random = 2, sentence2_has_negation = 1  [n = 263]:	loss = 0.508  exp loss = 0.515  adjusted loss = 0.515  adv prob = 0.000937   acc = 0.791
Average incurred loss: 0.484  
Average sample loss: 0.412  
Average acc: 0.821  
  gold_label_random = 0, sentence2_has_negation = 0  [n = 270]:	loss = 0.392  exp loss = 0.338  adjusted loss = 0.338  adv prob = 0.314571   acc = 0.848
  gold_label_random = 0, sentence2_has_negation = 1  [n = 286]:	loss = 0.510  exp loss = 0.536  adjusted loss = 0.536  adv prob = 0.000041   acc = 0.769
  gold_label_random = 1, sentence2_has_negation = 0  [n = 279]:	loss = 0.498  exp loss = 0.402  adjusted loss = 0.402  adv prob = 0.284370   acc = 0.846
  gold_label_random = 1, sentence2_has_negation = 1  [n = 266]:	loss = 0.560  exp loss = 0.565  adjusted loss = 0.565  adv prob = 0.000731   acc = 0.835
  gold_label_random = 2, sentence2_has_negation = 0  [n = 241]:	loss = 0.445  exp loss = 0.347  adjusted loss = 0.347  adv prob = 0.399303   acc = 0.822
  gold_label_random = 2, sentence2_has_negation = 1  [n = 258]:	loss = 0.495  exp loss = 0.536  adjusted loss = 0.536  adv prob = 0.000985   acc = 0.810
Average incurred loss: 0.480  
Average sample loss: 0.509  
Average acc: 0.825  
  gold_label_random = 0, sentence2_has_negation = 0  [n = 237]:	loss = 0.680  exp loss = 0.567  adjusted loss = 0.567  adv prob = 0.333784   acc = 0.743
  gold_label_random = 0, sentence2_has_negation = 1  [n = 283]:	loss = 0.363  exp loss = 0.443  adjusted loss = 0.443  adv prob = 0.000039   acc = 0.859
  gold_label_random = 1, sentence2_has_negation = 0  [n = 264]:	loss = 0.432  exp loss = 0.470  adjusted loss = 0.470  adv prob = 0.279584   acc = 0.848
  gold_label_random = 1, sentence2_has_negation = 1  [n = 266]:	loss = 0.498  exp loss = 0.686  adjusted loss = 0.686  adv prob = 0.000732   acc = 0.861
  gold_label_random = 2, sentence2_has_negation = 0  [n = 278]:	loss = 0.446  exp loss = 0.464  adjusted loss = 0.464  adv prob = 0.384882   acc = 0.817
  gold_label_random = 2, sentence2_has_negation = 1  [n = 272]:	loss = 0.489  exp loss = 0.325  adjusted loss = 0.325  adv prob = 0.000979   acc = 0.813
Average incurred loss: 0.460  
Average sample loss: 0.474  
Average acc: 0.826  
  gold_label_random = 0, sentence2_has_negation = 0  [n = 235]:	loss = 0.519  exp loss = 0.398  adjusted loss = 0.398  adv prob = 0.336721   acc = 0.796
  gold_label_random = 0, sentence2_has_negation = 1  [n = 288]:	loss = 0.440  exp loss = 0.458  adjusted loss = 0.458  adv prob = 0.000037   acc = 0.819
  gold_label_random = 1, sentence2_has_negation = 0  [n = 274]:	loss = 0.491  exp loss = 0.566  adjusted loss = 0.566  adv prob = 0.281890   acc = 0.825
  gold_label_random = 1, sentence2_has_negation = 1  [n = 244]:	loss = 0.506  exp loss = 0.861  adjusted loss = 0.861  adv prob = 0.000779   acc = 0.828
  gold_label_random = 2, sentence2_has_negation = 0  [n = 271]:	loss = 0.463  exp loss = 0.578  adjusted loss = 0.578  adv prob = 0.379652   acc = 0.804
  gold_label_random = 2, sentence2_has_negation = 1  [n = 288]:	loss = 0.360  exp loss = 0.358  adjusted loss = 0.358  adv prob = 0.000920   acc = 0.875
Average incurred loss: 0.457  
Average sample loss: 0.481  
Average acc: 0.826  
  gold_label_random = 0, sentence2_has_negation = 0  [n = 271]:	loss = 0.497  exp loss = 0.489  adjusted loss = 0.489  adv prob = 0.339938   acc = 0.797
  gold_label_random = 0, sentence2_has_negation = 1  [n = 266]:	loss = 0.365  exp loss = 0.440  adjusted loss = 0.440  adv prob = 0.000035   acc = 0.842
  gold_label_random = 1, sentence2_has_negation = 0  [n = 275]:	loss = 0.445  exp loss = 0.384  adjusted loss = 0.384  adv prob = 0.272738   acc = 0.840
  gold_label_random = 1, sentence2_has_negation = 1  [n = 257]:	loss = 0.496  exp loss = 0.465  adjusted loss = 0.465  adv prob = 0.000794   acc = 0.848
  gold_label_random = 2, sentence2_has_negation = 0  [n = 270]:	loss = 0.527  exp loss = 0.502  adjusted loss = 0.502  adv prob = 0.385607   acc = 0.781
  gold_label_random = 2, sentence2_has_negation = 1  [n = 261]:	loss = 0.413  exp loss = 0.430  adjusted loss = 0.430  adv prob = 0.000888   acc = 0.847
Average incurred loss: 0.447  
Average sample loss: 0.478  
Average acc: 0.835  
  gold_label_random = 0, sentence2_has_negation = 0  [n = 275]:	loss = 0.508  exp loss = 0.577  adjusted loss = 0.577  adv prob = 0.336971   acc = 0.804
  gold_label_random = 0, sentence2_has_negation = 1  [n = 263]:	loss = 0.245  exp loss = 0.213  adjusted loss = 0.213  adv prob = 0.000031   acc = 0.905
  gold_label_random = 1, sentence2_has_negation = 0  [n = 270]:	loss = 0.525  exp loss = 0.552  adjusted loss = 0.552  adv prob = 0.280801   acc = 0.826
  gold_label_random = 1, sentence2_has_negation = 1  [n = 262]:	loss = 0.465  exp loss = 0.437  adjusted loss = 0.437  adv prob = 0.000781   acc = 0.844
  gold_label_random = 2, sentence2_has_negation = 0  [n = 242]:	loss = 0.458  exp loss = 0.395  adjusted loss = 0.395  adv prob = 0.380525   acc = 0.802
  gold_label_random = 2, sentence2_has_negation = 1  [n = 288]:	loss = 0.476  exp loss = 0.482  adjusted loss = 0.482  adv prob = 0.000891   acc = 0.830
Average incurred loss: 0.482  
Average sample loss: 0.498  
Average acc: 0.816  
  gold_label_random = 0, sentence2_has_negation = 0  [n = 280]:	loss = 0.520  exp loss = 0.504  adjusted loss = 0.504  adv prob = 0.338903   acc = 0.779
  gold_label_random = 0, sentence2_has_negation = 1  [n = 252]:	loss = 0.367  exp loss = 0.443  adjusted loss = 0.443  adv prob = 0.000029   acc = 0.849
  gold_label_random = 1, sentence2_has_negation = 0  [n = 261]:	loss = 0.470  exp loss = 0.498  adjusted loss = 0.498  adv prob = 0.272028   acc = 0.847
  gold_label_random = 1, sentence2_has_negation = 1  [n = 300]:	loss = 0.477  exp loss = 0.538  adjusted loss = 0.538  adv prob = 0.000771   acc = 0.823
  gold_label_random = 2, sentence2_has_negation = 0  [n = 258]:	loss = 0.518  exp loss = 0.370  adjusted loss = 0.370  adv prob = 0.387359   acc = 0.787
  gold_label_random = 2, sentence2_has_negation = 1  [n = 249]:	loss = 0.535  exp loss = 0.477  adjusted loss = 0.477  adv prob = 0.000910   acc = 0.815
Average incurred loss: 0.467  
Average sample loss: 0.469  
Average acc: 0.827  
  gold_label_random = 0, sentence2_has_negation = 0  [n = 270]:	loss = 0.367  exp loss = 0.325  adjusted loss = 0.325  adv prob = 0.326454   acc = 0.856
  gold_label_random = 0, sentence2_has_negation = 1  [n = 257]:	loss = 0.293  exp loss = 0.183  adjusted loss = 0.183  adv prob = 0.000026   acc = 0.872
  gold_label_random = 1, sentence2_has_negation = 0  [n = 269]:	loss = 0.532  exp loss = 0.623  adjusted loss = 0.623  adv prob = 0.276077   acc = 0.814
  gold_label_random = 1, sentence2_has_negation = 1  [n = 266]:	loss = 0.587  exp loss = 0.672  adjusted loss = 0.672  adv prob = 0.000845   acc = 0.827
  gold_label_random = 2, sentence2_has_negation = 0  [n = 271]:	loss = 0.525  exp loss = 0.526  adjusted loss = 0.526  adv prob = 0.395689   acc = 0.771
  gold_label_random = 2, sentence2_has_negation = 1  [n = 267]:	loss = 0.491  exp loss = 0.474  adjusted loss = 0.474  adv prob = 0.000909   acc = 0.824
Average incurred loss: 0.498  
Average sample loss: 0.488  
Average acc: 0.816  
  gold_label_random = 0, sentence2_has_negation = 0  [n = 270]:	loss = 0.547  exp loss = 0.556  adjusted loss = 0.556  adv prob = 0.335788   acc = 0.800
  gold_label_random = 0, sentence2_has_negation = 1  [n = 258]:	loss = 0.423  exp loss = 0.493  adjusted loss = 0.493  adv prob = 0.000025   acc = 0.841
  gold_label_random = 1, sentence2_has_negation = 0  [n = 276]:	loss = 0.507  exp loss = 0.465  adjusted loss = 0.465  adv prob = 0.279362   acc = 0.804
  gold_label_random = 1, sentence2_has_negation = 1  [n = 257]:	loss = 0.534  exp loss = 0.355  adjusted loss = 0.355  adv prob = 0.000850   acc = 0.809
  gold_label_random = 2, sentence2_has_negation = 0  [n = 275]:	loss = 0.422  exp loss = 0.323  adjusted loss = 0.323  adv prob = 0.383042   acc = 0.836
  gold_label_random = 2, sentence2_has_negation = 1  [n = 264]:	loss = 0.559  exp loss = 0.608  adjusted loss = 0.608  adv prob = 0.000932   acc = 0.807
Average incurred loss: 0.463  
Average sample loss: 0.490  
Average acc: 0.831  
  gold_label_random = 0, sentence2_has_negation = 0  [n = 255]:	loss = 0.501  exp loss = 0.463  adjusted loss = 0.463  adv prob = 0.337766   acc = 0.788
  gold_label_random = 0, sentence2_has_negation = 1  [n = 260]:	loss = 0.285  exp loss = 0.272  adjusted loss = 0.272  adv prob = 0.000023   acc = 0.885
  gold_label_random = 1, sentence2_has_negation = 0  [n = 257]:	loss = 0.538  exp loss = 0.431  adjusted loss = 0.431  adv prob = 0.280232   acc = 0.833
  gold_label_random = 1, sentence2_has_negation = 1  [n = 277]:	loss = 0.441  exp loss = 0.399  adjusted loss = 0.399  adv prob = 0.000826   acc = 0.870
  gold_label_random = 2, sentence2_has_negation = 0  [n = 291]:	loss = 0.475  exp loss = 0.464  adjusted loss = 0.464  adv prob = 0.380205   acc = 0.811
  gold_label_random = 2, sentence2_has_negation = 1  [n = 260]:	loss = 0.543  exp loss = 0.592  adjusted loss = 0.592  adv prob = 0.000948   acc = 0.796
Average incurred loss: 0.460  
Average sample loss: 0.491  
Average acc: 0.822  
  gold_label_random = 0, sentence2_has_negation = 0  [n = 280]:	loss = 0.488  exp loss = 0.523  adjusted loss = 0.523  adv prob = 0.341618   acc = 0.793
  gold_label_random = 0, sentence2_has_negation = 1  [n = 290]:	loss = 0.303  exp loss = 0.254  adjusted loss = 0.254  adv prob = 0.000021   acc = 0.869
  gold_label_random = 1, sentence2_has_negation = 0  [n = 297]:	loss = 0.461  exp loss = 0.331  adjusted loss = 0.331  adv prob = 0.270582   acc = 0.828
  gold_label_random = 1, sentence2_has_negation = 1  [n = 244]:	loss = 0.455  exp loss = 0.439  adjusted loss = 0.439  adv prob = 0.000804   acc = 0.852
  gold_label_random = 2, sentence2_has_negation = 0  [n = 240]:	loss = 0.536  exp loss = 0.498  adjusted loss = 0.498  adv prob = 0.386016   acc = 0.804
  gold_label_random = 2, sentence2_has_negation = 1  [n = 249]:	loss = 0.540  exp loss = 0.421  adjusted loss = 0.421  adv prob = 0.000959   acc = 0.783
Average incurred loss: 0.472  
Average sample loss: 0.473  
Average acc: 0.824  
  gold_label_random = 0, sentence2_has_negation = 0  [n = 294]:	loss = 0.395  exp loss = 0.384  adjusted loss = 0.384  adv prob = 0.326580   acc = 0.823
  gold_label_random = 0, sentence2_has_negation = 1  [n = 271]:	loss = 0.383  exp loss = 0.341  adjusted loss = 0.341  adv prob = 0.000020   acc = 0.856
  gold_label_random = 1, sentence2_has_negation = 0  [n = 261]:	loss = 0.570  exp loss = 0.514  adjusted loss = 0.514  adv prob = 0.282054   acc = 0.820
  gold_label_random = 1, sentence2_has_negation = 1  [n = 264]:	loss = 0.463  exp loss = 0.389  adjusted loss = 0.389  adv prob = 0.000797   acc = 0.845
  gold_label_random = 2, sentence2_has_negation = 0  [n = 230]:	loss = 0.520  exp loss = 0.485  adjusted loss = 0.485  adv prob = 0.389572   acc = 0.809
  gold_label_random = 2, sentence2_has_negation = 1  [n = 280]:	loss = 0.520  exp loss = 0.502  adjusted loss = 0.502  adv prob = 0.000978   acc = 0.793
Average incurred loss: 0.417  
Average sample loss: 0.476  
Average acc: 0.837  
  gold_label_random = 0, sentence2_has_negation = 0  [n = 269]:	loss = 0.440  exp loss = 0.459  adjusted loss = 0.459  adv prob = 0.324303   acc = 0.829
  gold_label_random = 0, sentence2_has_negation = 1  [n = 294]:	loss = 0.359  exp loss = 0.520  adjusted loss = 0.520  adv prob = 0.000018   acc = 0.857
  gold_label_random = 1, sentence2_has_negation = 0  [n = 251]:	loss = 0.408  exp loss = 0.351  adjusted loss = 0.351  adv prob = 0.274547   acc = 0.853
  gold_label_random = 1, sentence2_has_negation = 1  [n = 273]:	loss = 0.342  exp loss = 0.370  adjusted loss = 0.370  adv prob = 0.000754   acc = 0.890
  gold_label_random = 2, sentence2_has_negation = 0  [n = 277]:	loss = 0.530  exp loss = 0.562  adjusted loss = 0.562  adv prob = 0.399422   acc = 0.776
  gold_label_random = 2, sentence2_has_negation = 1  [n = 236]:	loss = 0.427  exp loss = 0.300  adjusted loss = 0.300  adv prob = 0.000955   acc = 0.818
Average incurred loss: 0.459  
Average sample loss: 0.471  
Average acc: 0.819  
  gold_label_random = 0, sentence2_has_negation = 0  [n = 281]:	loss = 0.468  exp loss = 0.349  adjusted loss = 0.349  adv prob = 0.325241   acc = 0.794
  gold_label_random = 0, sentence2_has_negation = 1  [n = 231]:	loss = 0.498  exp loss = 0.371  adjusted loss = 0.371  adv prob = 0.000019   acc = 0.788
  gold_label_random = 1, sentence2_has_negation = 0  [n = 279]:	loss = 0.482  exp loss = 0.540  adjusted loss = 0.540  adv prob = 0.276602   acc = 0.806
  gold_label_random = 1, sentence2_has_negation = 1  [n = 267]:	loss = 0.454  exp loss = 0.572  adjusted loss = 0.572  adv prob = 0.000755   acc = 0.861
  gold_label_random = 2, sentence2_has_negation = 0  [n = 256]:	loss = 0.474  exp loss = 0.362  adjusted loss = 0.362  adv prob = 0.396462   acc = 0.805
  gold_label_random = 2, sentence2_has_negation = 1  [n = 286]:	loss = 0.386  exp loss = 0.429  adjusted loss = 0.429  adv prob = 0.000922   acc = 0.853
Average incurred loss: 0.455  
Average sample loss: 0.466  
Average acc: 0.829  
  gold_label_random = 0, sentence2_has_negation = 0  [n = 284]:	loss = 0.466  exp loss = 0.412  adjusted loss = 0.412  adv prob = 0.323981   acc = 0.824
  gold_label_random = 0, sentence2_has_negation = 1  [n = 285]:	loss = 0.369  exp loss = 0.474  adjusted loss = 0.474  adv prob = 0.000018   acc = 0.835
  gold_label_random = 1, sentence2_has_negation = 0  [n = 253]:	loss = 0.494  exp loss = 0.494  adjusted loss = 0.494  adv prob = 0.279710   acc = 0.834
  gold_label_random = 1, sentence2_has_negation = 1  [n = 260]:	loss = 0.515  exp loss = 0.499  adjusted loss = 0.499  adv prob = 0.000767   acc = 0.819
  gold_label_random = 2, sentence2_has_negation = 0  [n = 286]:	loss = 0.468  exp loss = 0.356  adjusted loss = 0.356  adv prob = 0.394627   acc = 0.815
  gold_label_random = 2, sentence2_has_negation = 1  [n = 232]:	loss = 0.417  exp loss = 0.328  adjusted loss = 0.328  adv prob = 0.000898   acc = 0.853
Average incurred loss: 0.482  
Average sample loss: 0.496  
Average acc: 0.819  
  gold_label_random = 0, sentence2_has_negation = 0  [n = 246]:	loss = 0.516  exp loss = 0.454  adjusted loss = 0.454  adv prob = 0.320349   acc = 0.821
  gold_label_random = 0, sentence2_has_negation = 1  [n = 277]:	loss = 0.569  exp loss = 0.478  adjusted loss = 0.478  adv prob = 0.000018   acc = 0.765
  gold_label_random = 1, sentence2_has_negation = 0  [n = 274]:	loss = 0.450  exp loss = 0.533  adjusted loss = 0.533  adv prob = 0.276370   acc = 0.836
  gold_label_random = 1, sentence2_has_negation = 1  [n = 276]:	loss = 0.388  exp loss = 0.382  adjusted loss = 0.382  adv prob = 0.000727   acc = 0.888
  gold_label_random = 2, sentence2_has_negation = 0  [n = 261]:	loss = 0.577  exp loss = 0.533  adjusted loss = 0.533  adv prob = 0.401682   acc = 0.747
  gold_label_random = 2, sentence2_has_negation = 1  [n = 266]:	loss = 0.398  exp loss = 0.340  adjusted loss = 0.340  adv prob = 0.000854   acc = 0.853
Average incurred loss: 0.454  
Average sample loss: 0.476  
Average acc: 0.829  
  gold_label_random = 0, sentence2_has_negation = 0  [n = 273]:	loss = 0.424  exp loss = 0.364  adjusted loss = 0.364  adv prob = 0.309956   acc = 0.846
  gold_label_random = 0, sentence2_has_negation = 1  [n = 293]:	loss = 0.380  exp loss = 0.445  adjusted loss = 0.445  adv prob = 0.000018   acc = 0.850
  gold_label_random = 1, sentence2_has_negation = 0  [n = 268]:	loss = 0.549  exp loss = 0.454  adjusted loss = 0.454  adv prob = 0.293691   acc = 0.802
  gold_label_random = 1, sentence2_has_negation = 1  [n = 266]:	loss = 0.387  exp loss = 0.315  adjusted loss = 0.315  adv prob = 0.000687   acc = 0.872
  gold_label_random = 2, sentence2_has_negation = 0  [n = 265]:	loss = 0.450  exp loss = 0.378  adjusted loss = 0.378  adv prob = 0.394760   acc = 0.826
  gold_label_random = 2, sentence2_has_negation = 1  [n = 235]:	loss = 0.553  exp loss = 0.427  adjusted loss = 0.427  adv prob = 0.000888   acc = 0.766
Average incurred loss: 0.487  
Average sample loss: 0.526  
Average acc: 0.812  
  gold_label_random = 0, sentence2_has_negation = 0  [n = 281]:	loss = 0.545  exp loss = 0.522  adjusted loss = 0.522  adv prob = 0.307575   acc = 0.794
  gold_label_random = 0, sentence2_has_negation = 1  [n = 257]:	loss = 0.470  exp loss = 0.580  adjusted loss = 0.580  adv prob = 0.000017   acc = 0.809
  gold_label_random = 1, sentence2_has_negation = 0  [n = 257]:	loss = 0.547  exp loss = 0.580  adjusted loss = 0.580  adv prob = 0.299212   acc = 0.798
  gold_label_random = 1, sentence2_has_negation = 1  [n = 272]:	loss = 0.422  exp loss = 0.315  adjusted loss = 0.315  adv prob = 0.000649   acc = 0.846
  gold_label_random = 2, sentence2_has_negation = 0  [n = 275]:	loss = 0.474  exp loss = 0.439  adjusted loss = 0.439  adv prob = 0.391690   acc = 0.807
  gold_label_random = 2, sentence2_has_negation = 1  [n = 258]:	loss = 0.464  exp loss = 0.567  adjusted loss = 0.567  adv prob = 0.000856   acc = 0.822
Average incurred loss: 0.441  
Average sample loss: 0.467  
Average acc: 0.839  
  gold_label_random = 0, sentence2_has_negation = 0  [n = 265]:	loss = 0.438  exp loss = 0.429  adjusted loss = 0.429  adv prob = 0.307539   acc = 0.845
  gold_label_random = 0, sentence2_has_negation = 1  [n = 292]:	loss = 0.492  exp loss = 0.400  adjusted loss = 0.400  adv prob = 0.000017   acc = 0.818
  gold_label_random = 1, sentence2_has_negation = 0  [n = 273]:	loss = 0.460  exp loss = 0.522  adjusted loss = 0.522  adv prob = 0.301144   acc = 0.839
  gold_label_random = 1, sentence2_has_negation = 1  [n = 247]:	loss = 0.321  exp loss = 0.415  adjusted loss = 0.415  adv prob = 0.000609   acc = 0.899
  gold_label_random = 2, sentence2_has_negation = 0  [n = 262]:	loss = 0.472  exp loss = 0.386  adjusted loss = 0.386  adv prob = 0.389840   acc = 0.813
  gold_label_random = 2, sentence2_has_negation = 1  [n = 261]:	loss = 0.451  exp loss = 0.432  adjusted loss = 0.432  adv prob = 0.000851   acc = 0.828
Average incurred loss: 0.445  
Average sample loss: 0.500  
Average acc: 0.829  
  gold_label_random = 0, sentence2_has_negation = 0  [n = 260]:	loss = 0.476  exp loss = 0.441  adjusted loss = 0.441  adv prob = 0.307432   acc = 0.815
  gold_label_random = 0, sentence2_has_negation = 1  [n = 278]:	loss = 0.331  exp loss = 0.205  adjusted loss = 0.205  adv prob = 0.000015   acc = 0.878
  gold_label_random = 1, sentence2_has_negation = 0  [n = 279]:	loss = 0.462  exp loss = 0.403  adjusted loss = 0.403  adv prob = 0.299644   acc = 0.821
  gold_label_random = 1, sentence2_has_negation = 1  [n = 274]:	loss = 0.374  exp loss = 0.264  adjusted loss = 0.264  adv prob = 0.000574   acc = 0.887
  gold_label_random = 2, sentence2_has_negation = 0  [n = 263]:	loss = 0.505  exp loss = 0.537  adjusted loss = 0.537  adv prob = 0.391489   acc = 0.787
  gold_label_random = 2, sentence2_has_negation = 1  [n = 246]:	loss = 0.537  exp loss = 0.464  adjusted loss = 0.464  adv prob = 0.000845   acc = 0.780
Average incurred loss: 0.466  
Average sample loss: 0.514  
Average acc: 0.826  
  gold_label_random = 0, sentence2_has_negation = 0  [n = 274]:	loss = 0.549  exp loss = 0.507  adjusted loss = 0.507  adv prob = 0.314852   acc = 0.799
  gold_label_random = 0, sentence2_has_negation = 1  [n = 239]:	loss = 0.341  exp loss = 0.284  adjusted loss = 0.284  adv prob = 0.000014   acc = 0.879
  gold_label_random = 1, sentence2_has_negation = 0  [n = 267]:	loss = 0.497  exp loss = 0.522  adjusted loss = 0.522  adv prob = 0.301063   acc = 0.809
  gold_label_random = 1, sentence2_has_negation = 1  [n = 249]:	loss = 0.391  exp loss = 0.471  adjusted loss = 0.471  adv prob = 0.000535   acc = 0.851
  gold_label_random = 2, sentence2_has_negation = 0  [n = 289]:	loss = 0.474  exp loss = 0.490  adjusted loss = 0.490  adv prob = 0.382676   acc = 0.834
  gold_label_random = 2, sentence2_has_negation = 1  [n = 282]:	loss = 0.522  exp loss = 0.579  adjusted loss = 0.579  adv prob = 0.000860   acc = 0.794
Average incurred loss: 0.469  
Average sample loss: 0.516  
Average acc: 0.822  
  gold_label_random = 0, sentence2_has_negation = 0  [n = 269]:	loss = 0.496  exp loss = 0.515  adjusted loss = 0.515  adv prob = 0.310867   acc = 0.799
  gold_label_random = 0, sentence2_has_negation = 1  [n = 249]:	loss = 0.305  exp loss = 0.356  adjusted loss = 0.356  adv prob = 0.000013   acc = 0.867
  gold_label_random = 1, sentence2_has_negation = 0  [n = 267]:	loss = 0.532  exp loss = 0.550  adjusted loss = 0.550  adv prob = 0.301598   acc = 0.828
  gold_label_random = 1, sentence2_has_negation = 1  [n = 270]:	loss = 0.416  exp loss = 0.378  adjusted loss = 0.378  adv prob = 0.000513   acc = 0.848
  gold_label_random = 2, sentence2_has_negation = 0  [n = 276]:	loss = 0.516  exp loss = 0.492  adjusted loss = 0.492  adv prob = 0.386132   acc = 0.812
  gold_label_random = 2, sentence2_has_negation = 1  [n = 269]:	loss = 0.535  exp loss = 0.748  adjusted loss = 0.748  adv prob = 0.000878   acc = 0.781
Average incurred loss: 0.478  
Average sample loss: 0.508  
Average acc: 0.814  
  gold_label_random = 0, sentence2_has_negation = 0  [n = 252]:	loss = 0.505  exp loss = 0.602  adjusted loss = 0.602  adv prob = 0.309385   acc = 0.790
  gold_label_random = 0, sentence2_has_negation = 1  [n = 277]:	loss = 0.493  exp loss = 0.628  adjusted loss = 0.628  adv prob = 0.000013   acc = 0.791
  gold_label_random = 1, sentence2_has_negation = 0  [n = 270]:	loss = 0.516  exp loss = 0.458  adjusted loss = 0.458  adv prob = 0.305482   acc = 0.804
  gold_label_random = 1, sentence2_has_negation = 1  [n = 262]:	loss = 0.400  exp loss = 0.359  adjusted loss = 0.359  adv prob = 0.000489   acc = 0.866
  gold_label_random = 2, sentence2_has_negation = 0  [n = 281]:	loss = 0.512  exp loss = 0.464  adjusted loss = 0.464  adv prob = 0.383784   acc = 0.815
  gold_label_random = 2, sentence2_has_negation = 1  [n = 258]:	loss = 0.438  exp loss = 0.418  adjusted loss = 0.418  adv prob = 0.000847   acc = 0.822
Average incurred loss: 0.471  
Average sample loss: 0.517  
Average acc: 0.817  
  gold_label_random = 0, sentence2_has_negation = 0  [n = 226]:	loss = 0.457  exp loss = 0.504  adjusted loss = 0.504  adv prob = 0.302919   acc = 0.819
  gold_label_random = 0, sentence2_has_negation = 1  [n = 213]:	loss = 0.391  exp loss = 0.352  adjusted loss = 0.352  adv prob = 0.000012   acc = 0.840
  gold_label_random = 1, sentence2_has_negation = 0  [n = 240]:	loss = 0.537  exp loss = 0.599  adjusted loss = 0.599  adv prob = 0.314595   acc = 0.800
  gold_label_random = 1, sentence2_has_negation = 1  [n = 241]:	loss = 0.396  exp loss = 0.485  adjusted loss = 0.485  adv prob = 0.000471   acc = 0.871
  gold_label_random = 2, sentence2_has_negation = 0  [n = 218]:	loss = 0.527  exp loss = 0.377  adjusted loss = 0.377  adv prob = 0.381141   acc = 0.771
  gold_label_random = 2, sentence2_has_negation = 1  [n = 237]:	loss = 0.513  exp loss = 0.514  adjusted loss = 0.514  adv prob = 0.000862   acc = 0.802

Validation:
Average incurred loss: 0.545  
Average sample loss: 0.633  
Average acc: 0.793  
  gold_label_random = 0, sentence2_has_negation = 0  [n = 22814]:	loss = 0.703  exp loss = 0.835  adjusted loss = 0.835  adv prob = 0.986964   acc = 0.744
  gold_label_random = 0, sentence2_has_negation = 1  [n = 4634]:	loss = 0.414  exp loss = 0.398  adjusted loss = 0.398  adv prob = 0.000096   acc = 0.847
  gold_label_random = 1, sentence2_has_negation = 0  [n = 26949]:	loss = 0.529  exp loss = 0.630  adjusted loss = 0.630  adv prob = 0.011560   acc = 0.805
  gold_label_random = 1, sentence2_has_negation = 1  [n = 613]:	loss = 0.662  exp loss = 0.480  adjusted loss = 0.480  adv prob = 0.000000   acc = 0.744
  gold_label_random = 2, sentence2_has_negation = 0  [n = 26655]:	loss = 0.448  exp loss = 0.523  adjusted loss = 0.523  adv prob = 0.001379   acc = 0.815
  gold_label_random = 2, sentence2_has_negation = 1  [n = 797]:	loss = 0.510  exp loss = 0.632  adjusted loss = 0.632  adv prob = 0.000000   acc = 0.793
Current lr: 0.000016
Current lr: 0.000016
Current validation accuracy: 0.743882954120636
Best model saved at epoch 0


Epoch [1]:
Training:
Average incurred loss: 0.468  
Average sample loss: 0.479  
Average acc: 0.829  
  gold_label_random = 0, sentence2_has_negation = 0  [n = 248]:	loss = 0.542  exp loss = 0.606  adjusted loss = 0.606  adv prob = 0.313563   acc = 0.798
  gold_label_random = 0, sentence2_has_negation = 1  [n = 278]:	loss = 0.358  exp loss = 0.499  adjusted loss = 0.499  adv prob = 0.000011   acc = 0.881
  gold_label_random = 1, sentence2_has_negation = 0  [n = 253]:	loss = 0.450  exp loss = 0.480  adjusted loss = 0.480  adv prob = 0.309835   acc = 0.850
  gold_label_random = 1, sentence2_has_negation = 1  [n = 270]:	loss = 0.450  exp loss = 0.401  adjusted loss = 0.401  adv prob = 0.000472   acc = 0.844
  gold_label_random = 2, sentence2_has_negation = 0  [n = 283]:	loss = 0.480  exp loss = 0.480  adjusted loss = 0.480  adv prob = 0.375232   acc = 0.809
  gold_label_random = 2, sentence2_has_negation = 1  [n = 268]:	loss = 0.533  exp loss = 0.523  adjusted loss = 0.523  adv prob = 0.000886   acc = 0.787
Average incurred loss: 0.465  
Average sample loss: 0.489  
Average acc: 0.827  
  gold_label_random = 0, sentence2_has_negation = 0  [n = 276]:	loss = 0.514  exp loss = 0.470  adjusted loss = 0.470  adv prob = 0.318800   acc = 0.808
  gold_label_random = 0, sentence2_has_negation = 1  [n = 245]:	loss = 0.407  exp loss = 0.235  adjusted loss = 0.235  adv prob = 0.000011   acc = 0.849
  gold_label_random = 1, sentence2_has_negation = 0  [n = 259]:	loss = 0.459  exp loss = 0.441  adjusted loss = 0.441  adv prob = 0.303093   acc = 0.846
  gold_label_random = 1, sentence2_has_negation = 1  [n = 254]:	loss = 0.470  exp loss = 0.433  adjusted loss = 0.433  adv prob = 0.000459   acc = 0.827
  gold_label_random = 2, sentence2_has_negation = 0  [n = 282]:	loss = 0.473  exp loss = 0.467  adjusted loss = 0.467  adv prob = 0.376766   acc = 0.805
  gold_label_random = 2, sentence2_has_negation = 1  [n = 284]:	loss = 0.459  exp loss = 0.354  adjusted loss = 0.354  adv prob = 0.000870   acc = 0.835
Average incurred loss: 0.455  
Average sample loss: 0.480  
Average acc: 0.830  
  gold_label_random = 0, sentence2_has_negation = 0  [n = 276]:	loss = 0.481  exp loss = 0.339  adjusted loss = 0.339  adv prob = 0.319599   acc = 0.808
  gold_label_random = 0, sentence2_has_negation = 1  [n = 263]:	loss = 0.278  exp loss = 0.230  adjusted loss = 0.230  adv prob = 0.000010   acc = 0.894
  gold_label_random = 1, sentence2_has_negation = 0  [n = 266]:	loss = 0.524  exp loss = 0.461  adjusted loss = 0.461  adv prob = 0.303000   acc = 0.812
  gold_label_random = 1, sentence2_has_negation = 1  [n = 251]:	loss = 0.542  exp loss = 0.650  adjusted loss = 0.650  adv prob = 0.000477   acc = 0.801
  gold_label_random = 2, sentence2_has_negation = 0  [n = 293]:	loss = 0.465  exp loss = 0.494  adjusted loss = 0.494  adv prob = 0.376053   acc = 0.823
  gold_label_random = 2, sentence2_has_negation = 1  [n = 251]:	loss = 0.441  exp loss = 0.393  adjusted loss = 0.393  adv prob = 0.000861   acc = 0.845
Average incurred loss: 0.439  
Average sample loss: 0.473  
Average acc: 0.834  
  gold_label_random = 0, sentence2_has_negation = 0  [n = 266]:	loss = 0.468  exp loss = 0.496  adjusted loss = 0.496  adv prob = 0.322710   acc = 0.823
  gold_label_random = 0, sentence2_has_negation = 1  [n = 228]:	loss = 0.340  exp loss = 0.294  adjusted loss = 0.294  adv prob = 0.000009   acc = 0.855
  gold_label_random = 1, sentence2_has_negation = 0  [n = 267]:	loss = 0.373  exp loss = 0.321  adjusted loss = 0.321  adv prob = 0.286771   acc = 0.854
  gold_label_random = 1, sentence2_has_negation = 1  [n = 281]:	loss = 0.434  exp loss = 0.448  adjusted loss = 0.448  adv prob = 0.000471   acc = 0.854
  gold_label_random = 2, sentence2_has_negation = 0  [n = 260]:	loss = 0.533  exp loss = 0.798  adjusted loss = 0.798  adv prob = 0.389184   acc = 0.788
  gold_label_random = 2, sentence2_has_negation = 1  [n = 298]:	loss = 0.472  exp loss = 0.588  adjusted loss = 0.588  adv prob = 0.000855   acc = 0.832
Average incurred loss: 0.461  
Average sample loss: 0.480  
Average acc: 0.829  
  gold_label_random = 0, sentence2_has_negation = 0  [n = 298]:	loss = 0.472  exp loss = 0.489  adjusted loss = 0.489  adv prob = 0.322215   acc = 0.826
  gold_label_random = 0, sentence2_has_negation = 1  [n = 245]:	loss = 0.366  exp loss = 0.280  adjusted loss = 0.280  adv prob = 0.000009   acc = 0.873
  gold_label_random = 1, sentence2_has_negation = 0  [n = 265]:	loss = 0.445  exp loss = 0.434  adjusted loss = 0.434  adv prob = 0.280544   acc = 0.845
  gold_label_random = 1, sentence2_has_negation = 1  [n = 267]:	loss = 0.421  exp loss = 0.362  adjusted loss = 0.362  adv prob = 0.000455   acc = 0.876
  gold_label_random = 2, sentence2_has_negation = 0  [n = 262]:	loss = 0.506  exp loss = 0.564  adjusted loss = 0.564  adv prob = 0.395883   acc = 0.805
  gold_label_random = 2, sentence2_has_negation = 1  [n = 263]:	loss = 0.552  exp loss = 0.510  adjusted loss = 0.510  adv prob = 0.000894   acc = 0.749
Average incurred loss: 0.486  
Average sample loss: 0.497  
Average acc: 0.806  
  gold_label_random = 0, sentence2_has_negation = 0  [n = 271]:	loss = 0.555  exp loss = 0.574  adjusted loss = 0.574  adv prob = 0.334717   acc = 0.768
  gold_label_random = 0, sentence2_has_negation = 1  [n = 250]:	loss = 0.289  exp loss = 0.310  adjusted loss = 0.310  adv prob = 0.000008   acc = 0.880
  gold_label_random = 1, sentence2_has_negation = 0  [n = 260]:	loss = 0.453  exp loss = 0.431  adjusted loss = 0.431  adv prob = 0.271824   acc = 0.842
  gold_label_random = 1, sentence2_has_negation = 1  [n = 281]:	loss = 0.635  exp loss = 0.620  adjusted loss = 0.620  adv prob = 0.000482   acc = 0.783
  gold_label_random = 2, sentence2_has_negation = 0  [n = 265]:	loss = 0.506  exp loss = 0.503  adjusted loss = 0.503  adv prob = 0.392087   acc = 0.777
  gold_label_random = 2, sentence2_has_negation = 1  [n = 273]:	loss = 0.455  exp loss = 0.432  adjusted loss = 0.432  adv prob = 0.000882   acc = 0.795
Average incurred loss: 0.463  
Average sample loss: 0.491  
Average acc: 0.824  
  gold_label_random = 0, sentence2_has_negation = 0  [n = 264]:	loss = 0.512  exp loss = 0.446  adjusted loss = 0.446  adv prob = 0.339740   acc = 0.792
  gold_label_random = 0, sentence2_has_negation = 1  [n = 248]:	loss = 0.322  exp loss = 0.343  adjusted loss = 0.343  adv prob = 0.000007   acc = 0.883
  gold_label_random = 1, sentence2_has_negation = 0  [n = 260]:	loss = 0.564  exp loss = 0.427  adjusted loss = 0.427  adv prob = 0.275163   acc = 0.788
  gold_label_random = 1, sentence2_has_negation = 1  [n = 265]:	loss = 0.502  exp loss = 0.663  adjusted loss = 0.663  adv prob = 0.000484   acc = 0.830
  gold_label_random = 2, sentence2_has_negation = 0  [n = 282]:	loss = 0.434  exp loss = 0.411  adjusted loss = 0.411  adv prob = 0.383752   acc = 0.840
  gold_label_random = 2, sentence2_has_negation = 1  [n = 281]:	loss = 0.439  exp loss = 0.459  adjusted loss = 0.459  adv prob = 0.000853   acc = 0.815
Average incurred loss: 0.500  
Average sample loss: 0.511  
Average acc: 0.819  
  gold_label_random = 0, sentence2_has_negation = 0  [n = 275]:	loss = 0.469  exp loss = 0.666  adjusted loss = 0.666  adv prob = 0.335124   acc = 0.811
  gold_label_random = 0, sentence2_has_negation = 1  [n = 290]:	loss = 0.341  exp loss = 0.364  adjusted loss = 0.364  adv prob = 0.000007   acc = 0.879
  gold_label_random = 1, sentence2_has_negation = 0  [n = 280]:	loss = 0.549  exp loss = 0.485  adjusted loss = 0.485  adv prob = 0.284580   acc = 0.821
  gold_label_random = 1, sentence2_has_negation = 1  [n = 251]:	loss = 0.709  exp loss = 0.688  adjusted loss = 0.688  adv prob = 0.000535   acc = 0.761
  gold_label_random = 2, sentence2_has_negation = 0  [n = 266]:	loss = 0.464  exp loss = 0.463  adjusted loss = 0.463  adv prob = 0.378932   acc = 0.820
  gold_label_random = 2, sentence2_has_negation = 1  [n = 238]:	loss = 0.490  exp loss = 0.420  adjusted loss = 0.420  adv prob = 0.000823   acc = 0.811
Average incurred loss: 0.499  
Average sample loss: 0.487  
Average acc: 0.818  
  gold_label_random = 0, sentence2_has_negation = 0  [n = 285]:	loss = 0.451  exp loss = 0.543  adjusted loss = 0.543  adv prob = 0.327742   acc = 0.825
  gold_label_random = 0, sentence2_has_negation = 1  [n = 269]:	loss = 0.344  exp loss = 0.315  adjusted loss = 0.315  adv prob = 0.000006   acc = 0.848
  gold_label_random = 1, sentence2_has_negation = 0  [n = 259]:	loss = 0.507  exp loss = 0.623  adjusted loss = 0.623  adv prob = 0.287272   acc = 0.849
  gold_label_random = 1, sentence2_has_negation = 1  [n = 262]:	loss = 0.587  exp loss = 0.606  adjusted loss = 0.606  adv prob = 0.000564   acc = 0.802
  gold_label_random = 2, sentence2_has_negation = 0  [n = 272]:	loss = 0.550  exp loss = 0.378  adjusted loss = 0.378  adv prob = 0.383570   acc = 0.816
  gold_label_random = 2, sentence2_has_negation = 1  [n = 253]:	loss = 0.563  exp loss = 0.491  adjusted loss = 0.491  adv prob = 0.000845   acc = 0.767
Average incurred loss: 0.461  
Average sample loss: 0.477  
Average acc: 0.830  
  gold_label_random = 0, sentence2_has_negation = 0  [n = 282]:	loss = 0.462  exp loss = 0.521  adjusted loss = 0.521  adv prob = 0.323196   acc = 0.830
  gold_label_random = 0, sentence2_has_negation = 1  [n = 264]:	loss = 0.410  exp loss = 0.364  adjusted loss = 0.364  adv prob = 0.000006   acc = 0.845
  gold_label_random = 1, sentence2_has_negation = 0  [n = 249]:	loss = 0.497  exp loss = 0.417  adjusted loss = 0.417  adv prob = 0.287520   acc = 0.823
  gold_label_random = 1, sentence2_has_negation = 1  [n = 270]:	loss = 0.544  exp loss = 0.814  adjusted loss = 0.814  adv prob = 0.000584   acc = 0.826
  gold_label_random = 2, sentence2_has_negation = 0  [n = 274]:	loss = 0.456  exp loss = 0.481  adjusted loss = 0.481  adv prob = 0.387882   acc = 0.821
  gold_label_random = 2, sentence2_has_negation = 1  [n = 261]:	loss = 0.399  exp loss = 0.326  adjusted loss = 0.326  adv prob = 0.000812   acc = 0.835
Average incurred loss: 0.485  
Average sample loss: 0.502  
Average acc: 0.816  
  gold_label_random = 0, sentence2_has_negation = 0  [n = 303]:	loss = 0.555  exp loss = 0.519  adjusted loss = 0.519  adv prob = 0.329815   acc = 0.789
  gold_label_random = 0, sentence2_has_negation = 1  [n = 263]:	loss = 0.371  exp loss = 0.280  adjusted loss = 0.280  adv prob = 0.000006   acc = 0.859
  gold_label_random = 1, sentence2_has_negation = 0  [n = 260]:	loss = 0.473  exp loss = 0.487  adjusted loss = 0.487  adv prob = 0.280112   acc = 0.827
  gold_label_random = 1, sentence2_has_negation = 1  [n = 278]:	loss = 0.528  exp loss = 0.674  adjusted loss = 0.674  adv prob = 0.000593   acc = 0.806
  gold_label_random = 2, sentence2_has_negation = 0  [n = 240]:	loss = 0.521  exp loss = 0.720  adjusted loss = 0.720  adv prob = 0.388680   acc = 0.796
  gold_label_random = 2, sentence2_has_negation = 1  [n = 256]:	loss = 0.451  exp loss = 0.482  adjusted loss = 0.482  adv prob = 0.000794   acc = 0.820
Average incurred loss: 0.433  
Average sample loss: 0.426  
Average acc: 0.830  
  gold_label_random = 0, sentence2_has_negation = 0  [n = 256]:	loss = 0.410  exp loss = 0.475  adjusted loss = 0.475  adv prob = 0.328395   acc = 0.812
  gold_label_random = 0, sentence2_has_negation = 1  [n = 272]:	loss = 0.414  exp loss = 0.391  adjusted loss = 0.391  adv prob = 0.000005   acc = 0.835
  gold_label_random = 1, sentence2_has_negation = 0  [n = 260]:	loss = 0.460  exp loss = 0.392  adjusted loss = 0.392  adv prob = 0.282017   acc = 0.827
  gold_label_random = 1, sentence2_has_negation = 1  [n = 282]:	loss = 0.472  exp loss = 0.432  adjusted loss = 0.432  adv prob = 0.000608   acc = 0.840
  gold_label_random = 2, sentence2_has_negation = 0  [n = 253]:	loss = 0.429  exp loss = 0.424  adjusted loss = 0.424  adv prob = 0.388180   acc = 0.834
  gold_label_random = 2, sentence2_has_negation = 1  [n = 277]:	loss = 0.414  exp loss = 0.447  adjusted loss = 0.447  adv prob = 0.000795   acc = 0.830
Average incurred loss: 0.404  
Average sample loss: 0.419  
Average acc: 0.856  
  gold_label_random = 0, sentence2_has_negation = 0  [n = 272]:	loss = 0.378  exp loss = 0.456  adjusted loss = 0.456  adv prob = 0.321012   acc = 0.879
  gold_label_random = 0, sentence2_has_negation = 1  [n = 286]:	loss = 0.350  exp loss = 0.373  adjusted loss = 0.373  adv prob = 0.000005   acc = 0.881
  gold_label_random = 1, sentence2_has_negation = 0  [n = 254]:	loss = 0.453  exp loss = 0.536  adjusted loss = 0.536  adv prob = 0.287320   acc = 0.854
  gold_label_random = 1, sentence2_has_negation = 1  [n = 277]:	loss = 0.402  exp loss = 0.461  adjusted loss = 0.461  adv prob = 0.000605   acc = 0.859
  gold_label_random = 2, sentence2_has_negation = 0  [n = 252]:	loss = 0.429  exp loss = 0.375  adjusted loss = 0.375  adv prob = 0.390266   acc = 0.833
  gold_label_random = 2, sentence2_has_negation = 1  [n = 259]:	loss = 0.423  exp loss = 0.452  adjusted loss = 0.452  adv prob = 0.000792   acc = 0.822
Average incurred loss: 0.474  
Average sample loss: 0.543  
Average acc: 0.825  
  gold_label_random = 0, sentence2_has_negation = 0  [n = 275]:	loss = 0.494  exp loss = 0.453  adjusted loss = 0.453  adv prob = 0.310863   acc = 0.807
  gold_label_random = 0, sentence2_has_negation = 1  [n = 277]:	loss = 0.241  exp loss = 0.356  adjusted loss = 0.356  adv prob = 0.000005   acc = 0.910
  gold_label_random = 1, sentence2_has_negation = 0  [n = 277]:	loss = 0.550  exp loss = 0.499  adjusted loss = 0.499  adv prob = 0.290874   acc = 0.827
  gold_label_random = 1, sentence2_has_negation = 1  [n = 238]:	loss = 0.452  exp loss = 0.392  adjusted loss = 0.392  adv prob = 0.000581   acc = 0.824
  gold_label_random = 2, sentence2_has_negation = 0  [n = 274]:	loss = 0.527  exp loss = 0.575  adjusted loss = 0.575  adv prob = 0.396890   acc = 0.796
  gold_label_random = 2, sentence2_has_negation = 1  [n = 259]:	loss = 0.582  exp loss = 0.501  adjusted loss = 0.501  adv prob = 0.000786   acc = 0.784
Average incurred loss: 0.453  
Average sample loss: 0.446  
Average acc: 0.832  
  gold_label_random = 0, sentence2_has_negation = 0  [n = 270]:	loss = 0.441  exp loss = 0.521  adjusted loss = 0.521  adv prob = 0.311177   acc = 0.822
  gold_label_random = 0, sentence2_has_negation = 1  [n = 239]:	loss = 0.508  exp loss = 0.584  adjusted loss = 0.584  adv prob = 0.000005   acc = 0.812
  gold_label_random = 1, sentence2_has_negation = 0  [n = 300]:	loss = 0.430  exp loss = 0.464  adjusted loss = 0.464  adv prob = 0.285945   acc = 0.840
  gold_label_random = 1, sentence2_has_negation = 1  [n = 271]:	loss = 0.478  exp loss = 0.634  adjusted loss = 0.634  adv prob = 0.000599   acc = 0.856
  gold_label_random = 2, sentence2_has_negation = 0  [n = 259]:	loss = 0.435  exp loss = 0.466  adjusted loss = 0.466  adv prob = 0.401498   acc = 0.819
  gold_label_random = 2, sentence2_has_negation = 1  [n = 261]:	loss = 0.437  exp loss = 0.421  adjusted loss = 0.421  adv prob = 0.000777   acc = 0.843
Average incurred loss: 0.481  
Average sample loss: 0.508  
Average acc: 0.819  
  gold_label_random = 0, sentence2_has_negation = 0  [n = 283]:	loss = 0.485  exp loss = 0.586  adjusted loss = 0.586  adv prob = 0.306753   acc = 0.806
  gold_label_random = 0, sentence2_has_negation = 1  [n = 288]:	loss = 0.437  exp loss = 0.367  adjusted loss = 0.367  adv prob = 0.000005   acc = 0.837
  gold_label_random = 1, sentence2_has_negation = 0  [n = 241]:	loss = 0.566  exp loss = 0.685  adjusted loss = 0.685  adv prob = 0.300160   acc = 0.788
  gold_label_random = 1, sentence2_has_negation = 1  [n = 289]:	loss = 0.544  exp loss = 0.383  adjusted loss = 0.383  adv prob = 0.000607   acc = 0.810
  gold_label_random = 2, sentence2_has_negation = 0  [n = 265]:	loss = 0.467  exp loss = 0.433  adjusted loss = 0.433  adv prob = 0.391745   acc = 0.815
  gold_label_random = 2, sentence2_has_negation = 1  [n = 234]:	loss = 0.380  exp loss = 0.560  adjusted loss = 0.560  adv prob = 0.000730   acc = 0.863
Average incurred loss: 0.473  
Average sample loss: 0.464  
Average acc: 0.819  
  gold_label_random = 0, sentence2_has_negation = 0  [n = 281]:	loss = 0.470  exp loss = 0.509  adjusted loss = 0.509  adv prob = 0.307261   acc = 0.797
  gold_label_random = 0, sentence2_has_negation = 1  [n = 270]:	loss = 0.383  exp loss = 0.375  adjusted loss = 0.375  adv prob = 0.000004   acc = 0.852
  gold_label_random = 1, sentence2_has_negation = 0  [n = 275]:	loss = 0.455  exp loss = 0.593  adjusted loss = 0.593  adv prob = 0.299518   acc = 0.844
  gold_label_random = 1, sentence2_has_negation = 1  [n = 292]:	loss = 0.530  exp loss = 0.512  adjusted loss = 0.512  adv prob = 0.000621   acc = 0.805
  gold_label_random = 2, sentence2_has_negation = 0  [n = 257]:	loss = 0.489  exp loss = 0.458  adjusted loss = 0.458  adv prob = 0.391836   acc = 0.829
  gold_label_random = 2, sentence2_has_negation = 1  [n = 225]:	loss = 0.517  exp loss = 0.528  adjusted loss = 0.528  adv prob = 0.000759   acc = 0.787
Average incurred loss: 0.458  
Average sample loss: 0.491  
Average acc: 0.817  
  gold_label_random = 0, sentence2_has_negation = 0  [n = 234]:	loss = 0.515  exp loss = 0.400  adjusted loss = 0.400  adv prob = 0.306231   acc = 0.778
  gold_label_random = 0, sentence2_has_negation = 1  [n = 264]:	loss = 0.440  exp loss = 0.418  adjusted loss = 0.418  adv prob = 0.000004   acc = 0.784
  gold_label_random = 1, sentence2_has_negation = 0  [n = 272]:	loss = 0.516  exp loss = 0.463  adjusted loss = 0.463  adv prob = 0.300483   acc = 0.798
  gold_label_random = 1, sentence2_has_negation = 1  [n = 255]:	loss = 0.383  exp loss = 0.337  adjusted loss = 0.337  adv prob = 0.000586   acc = 0.871
  gold_label_random = 2, sentence2_has_negation = 0  [n = 301]:	loss = 0.495  exp loss = 0.565  adjusted loss = 0.565  adv prob = 0.391976   acc = 0.821
  gold_label_random = 2, sentence2_has_negation = 1  [n = 274]:	loss = 0.401  exp loss = 0.322  adjusted loss = 0.322  adv prob = 0.000720   acc = 0.847
Average incurred loss: 0.426  
Average sample loss: 0.437  
Average acc: 0.846  
  gold_label_random = 0, sentence2_has_negation = 0  [n = 284]:	loss = 0.533  exp loss = 0.539  adjusted loss = 0.539  adv prob = 0.317963   acc = 0.820
  gold_label_random = 0, sentence2_has_negation = 1  [n = 236]:	loss = 0.432  exp loss = 0.312  adjusted loss = 0.312  adv prob = 0.000004   acc = 0.822
  gold_label_random = 1, sentence2_has_negation = 0  [n = 281]:	loss = 0.407  exp loss = 0.316  adjusted loss = 0.316  adv prob = 0.293467   acc = 0.865
  gold_label_random = 1, sentence2_has_negation = 1  [n = 275]:	loss = 0.411  exp loss = 0.354  adjusted loss = 0.354  adv prob = 0.000587   acc = 0.844
  gold_label_random = 2, sentence2_has_negation = 0  [n = 276]:	loss = 0.444  exp loss = 0.392  adjusted loss = 0.392  adv prob = 0.387303   acc = 0.837
  gold_label_random = 2, sentence2_has_negation = 1  [n = 248]:	loss = 0.319  exp loss = 0.299  adjusted loss = 0.299  adv prob = 0.000675   acc = 0.887
Average incurred loss: 0.434  
Average sample loss: 0.440  
Average acc: 0.834  
  gold_label_random = 0, sentence2_has_negation = 0  [n = 281]:	loss = 0.452  exp loss = 0.458  adjusted loss = 0.458  adv prob = 0.321025   acc = 0.843
  gold_label_random = 0, sentence2_has_negation = 1  [n = 229]:	loss = 0.380  exp loss = 0.370  adjusted loss = 0.370  adv prob = 0.000004   acc = 0.834
  gold_label_random = 1, sentence2_has_negation = 0  [n = 288]:	loss = 0.443  exp loss = 0.329  adjusted loss = 0.329  adv prob = 0.291477   acc = 0.833
  gold_label_random = 1, sentence2_has_negation = 1  [n = 257]:	loss = 0.534  exp loss = 0.512  adjusted loss = 0.512  adv prob = 0.000615   acc = 0.813
  gold_label_random = 2, sentence2_has_negation = 0  [n = 268]:	loss = 0.437  exp loss = 0.423  adjusted loss = 0.423  adv prob = 0.386235   acc = 0.825
  gold_label_random = 2, sentence2_has_negation = 1  [n = 277]:	loss = 0.358  exp loss = 0.318  adjusted loss = 0.318  adv prob = 0.000643   acc = 0.856
Average incurred loss: 0.460  
Average sample loss: 0.498  
Average acc: 0.834  
  gold_label_random = 0, sentence2_has_negation = 0  [n = 246]:	loss = 0.504  exp loss = 0.456  adjusted loss = 0.456  adv prob = 0.318727   acc = 0.825
  gold_label_random = 0, sentence2_has_negation = 1  [n = 247]:	loss = 0.488  exp loss = 0.533  adjusted loss = 0.533  adv prob = 0.000004   acc = 0.822
  gold_label_random = 1, sentence2_has_negation = 0  [n = 270]:	loss = 0.449  exp loss = 0.397  adjusted loss = 0.397  adv prob = 0.286878   acc = 0.848
  gold_label_random = 1, sentence2_has_negation = 1  [n = 297]:	loss = 0.362  exp loss = 0.421  adjusted loss = 0.421  adv prob = 0.000577   acc = 0.875
  gold_label_random = 2, sentence2_has_negation = 0  [n = 267]:	loss = 0.484  exp loss = 0.688  adjusted loss = 0.688  adv prob = 0.393177   acc = 0.801
  gold_label_random = 2, sentence2_has_negation = 1  [n = 273]:	loss = 0.490  exp loss = 0.383  adjusted loss = 0.383  adv prob = 0.000637   acc = 0.824
Average incurred loss: 0.449  
Average sample loss: 0.441  
Average acc: 0.831  
  gold_label_random = 0, sentence2_has_negation = 0  [n = 285]:	loss = 0.475  exp loss = 0.414  adjusted loss = 0.414  adv prob = 0.320271   acc = 0.818
  gold_label_random = 0, sentence2_has_negation = 1  [n = 282]:	loss = 0.350  exp loss = 0.368  adjusted loss = 0.368  adv prob = 0.000004   acc = 0.858
  gold_label_random = 1, sentence2_has_negation = 0  [n = 237]:	loss = 0.442  exp loss = 0.351  adjusted loss = 0.351  adv prob = 0.284947   acc = 0.852
  gold_label_random = 1, sentence2_has_negation = 1  [n = 269]:	loss = 0.612  exp loss = 0.685  adjusted loss = 0.685  adv prob = 0.000630   acc = 0.781
  gold_label_random = 2, sentence2_has_negation = 0  [n = 252]:	loss = 0.433  exp loss = 0.441  adjusted loss = 0.441  adv prob = 0.393524   acc = 0.833
  gold_label_random = 2, sentence2_has_negation = 1  [n = 275]:	loss = 0.381  exp loss = 0.380  adjusted loss = 0.380  adv prob = 0.000624   acc = 0.844
Average incurred loss: 0.484  
Average sample loss: 0.508  
Average acc: 0.822  
  gold_label_random = 0, sentence2_has_negation = 0  [n = 287]:	loss = 0.440  exp loss = 0.341  adjusted loss = 0.341  adv prob = 0.311772   acc = 0.826
  gold_label_random = 0, sentence2_has_negation = 1  [n = 251]:	loss = 0.395  exp loss = 0.430  adjusted loss = 0.430  adv prob = 0.000004   acc = 0.833
  gold_label_random = 1, sentence2_has_negation = 0  [n = 254]:	loss = 0.574  exp loss = 0.520  adjusted loss = 0.520  adv prob = 0.290696   acc = 0.815
  gold_label_random = 1, sentence2_has_negation = 1  [n = 275]:	loss = 0.533  exp loss = 0.544  adjusted loss = 0.544  adv prob = 0.000632   acc = 0.818
  gold_label_random = 2, sentence2_has_negation = 0  [n = 259]:	loss = 0.506  exp loss = 0.699  adjusted loss = 0.699  adv prob = 0.396290   acc = 0.799
  gold_label_random = 2, sentence2_has_negation = 1  [n = 274]:	loss = 0.460  exp loss = 0.487  adjusted loss = 0.487  adv prob = 0.000605   acc = 0.839
Average incurred loss: 0.446  
Average sample loss: 0.467  
Average acc: 0.829  
  gold_label_random = 0, sentence2_has_negation = 0  [n = 277]:	loss = 0.478  exp loss = 0.383  adjusted loss = 0.383  adv prob = 0.312634   acc = 0.816
  gold_label_random = 0, sentence2_has_negation = 1  [n = 274]:	loss = 0.487  exp loss = 0.482  adjusted loss = 0.482  adv prob = 0.000004   acc = 0.785
  gold_label_random = 1, sentence2_has_negation = 0  [n = 260]:	loss = 0.472  exp loss = 0.500  adjusted loss = 0.500  adv prob = 0.291494   acc = 0.846
  gold_label_random = 1, sentence2_has_negation = 1  [n = 250]:	loss = 0.390  exp loss = 0.436  adjusted loss = 0.436  adv prob = 0.000606   acc = 0.868
  gold_label_random = 2, sentence2_has_negation = 0  [n = 266]:	loss = 0.448  exp loss = 0.483  adjusted loss = 0.483  adv prob = 0.394678   acc = 0.823
  gold_label_random = 2, sentence2_has_negation = 1  [n = 273]:	loss = 0.400  exp loss = 0.380  adjusted loss = 0.380  adv prob = 0.000584   acc = 0.839
Average incurred loss: 0.476  
Average sample loss: 0.493  
Average acc: 0.823  
  gold_label_random = 0, sentence2_has_negation = 0  [n = 295]:	loss = 0.448  exp loss = 0.385  adjusted loss = 0.385  adv prob = 0.307902   acc = 0.837
  gold_label_random = 0, sentence2_has_negation = 1  [n = 262]:	loss = 0.384  exp loss = 0.319  adjusted loss = 0.319  adv prob = 0.000004   acc = 0.844
  gold_label_random = 1, sentence2_has_negation = 0  [n = 261]:	loss = 0.447  exp loss = 0.344  adjusted loss = 0.344  adv prob = 0.283271   acc = 0.831
  gold_label_random = 1, sentence2_has_negation = 1  [n = 248]:	loss = 0.653  exp loss = 0.452  adjusted loss = 0.452  adv prob = 0.000659   acc = 0.770
  gold_label_random = 2, sentence2_has_negation = 0  [n = 267]:	loss = 0.503  exp loss = 0.538  adjusted loss = 0.538  adv prob = 0.407600   acc = 0.820
  gold_label_random = 2, sentence2_has_negation = 1  [n = 267]:	loss = 0.435  exp loss = 0.499  adjusted loss = 0.499  adv prob = 0.000564   acc = 0.831
Average incurred loss: 0.441  
Average sample loss: 0.430  
Average acc: 0.842  
  gold_label_random = 0, sentence2_has_negation = 0  [n = 269]:	loss = 0.423  exp loss = 0.415  adjusted loss = 0.415  adv prob = 0.304273   acc = 0.833
  gold_label_random = 0, sentence2_has_negation = 1  [n = 266]:	loss = 0.225  exp loss = 0.273  adjusted loss = 0.273  adv prob = 0.000003   acc = 0.925
  gold_label_random = 1, sentence2_has_negation = 0  [n = 267]:	loss = 0.415  exp loss = 0.651  adjusted loss = 0.651  adv prob = 0.287061   acc = 0.865
  gold_label_random = 1, sentence2_has_negation = 1  [n = 272]:	loss = 0.686  exp loss = 0.591  adjusted loss = 0.591  adv prob = 0.000745   acc = 0.768
  gold_label_random = 2, sentence2_has_negation = 0  [n = 293]:	loss = 0.443  exp loss = 0.425  adjusted loss = 0.425  adv prob = 0.407349   acc = 0.826
  gold_label_random = 2, sentence2_has_negation = 1  [n = 233]:	loss = 0.451  exp loss = 0.393  adjusted loss = 0.393  adv prob = 0.000569   acc = 0.837
Average incurred loss: 0.477  
Average sample loss: 0.471  
Average acc: 0.830  
  gold_label_random = 0, sentence2_has_negation = 0  [n = 269]:	loss = 0.539  exp loss = 0.479  adjusted loss = 0.479  adv prob = 0.314836   acc = 0.818
  gold_label_random = 0, sentence2_has_negation = 1  [n = 279]:	loss = 0.374  exp loss = 0.310  adjusted loss = 0.310  adv prob = 0.000003   acc = 0.849
  gold_label_random = 1, sentence2_has_negation = 0  [n = 244]:	loss = 0.538  exp loss = 0.570  adjusted loss = 0.570  adv prob = 0.293257   acc = 0.816
  gold_label_random = 1, sentence2_has_negation = 1  [n = 252]:	loss = 0.704  exp loss = 0.563  adjusted loss = 0.563  adv prob = 0.000823   acc = 0.758
  gold_label_random = 2, sentence2_has_negation = 0  [n = 280]:	loss = 0.398  exp loss = 0.332  adjusted loss = 0.332  adv prob = 0.390542   acc = 0.846
  gold_label_random = 2, sentence2_has_negation = 1  [n = 276]:	loss = 0.337  exp loss = 0.588  adjusted loss = 0.588  adv prob = 0.000539   acc = 0.884
Average incurred loss: 0.447  
Average sample loss: 0.427  
Average acc: 0.825  
  gold_label_random = 0, sentence2_has_negation = 0  [n = 274]:	loss = 0.489  exp loss = 0.547  adjusted loss = 0.547  adv prob = 0.315907   acc = 0.825
  gold_label_random = 0, sentence2_has_negation = 1  [n = 258]:	loss = 0.449  exp loss = 0.485  adjusted loss = 0.485  adv prob = 0.000003   acc = 0.810
  gold_label_random = 1, sentence2_has_negation = 0  [n = 263]:	loss = 0.431  exp loss = 0.466  adjusted loss = 0.466  adv prob = 0.290738   acc = 0.848
  gold_label_random = 1, sentence2_has_negation = 1  [n = 254]:	loss = 0.512  exp loss = 0.688  adjusted loss = 0.688  adv prob = 0.000861   acc = 0.803
  gold_label_random = 2, sentence2_has_negation = 0  [n = 276]:	loss = 0.423  exp loss = 0.500  adjusted loss = 0.500  adv prob = 0.391963   acc = 0.812
  gold_label_random = 2, sentence2_has_negation = 1  [n = 275]:	loss = 0.384  exp loss = 0.255  adjusted loss = 0.255  adv prob = 0.000528   acc = 0.851
Average incurred loss: 0.435  
Average sample loss: 0.432  
Average acc: 0.840  
  gold_label_random = 0, sentence2_has_negation = 0  [n = 282]:	loss = 0.381  exp loss = 0.418  adjusted loss = 0.418  adv prob = 0.307017   acc = 0.855
  gold_label_random = 0, sentence2_has_negation = 1  [n = 253]:	loss = 0.325  exp loss = 0.398  adjusted loss = 0.398  adv prob = 0.000003   acc = 0.897
  gold_label_random = 1, sentence2_has_negation = 0  [n = 276]:	loss = 0.448  exp loss = 0.389  adjusted loss = 0.389  adv prob = 0.289765   acc = 0.841
  gold_label_random = 1, sentence2_has_negation = 1  [n = 269]:	loss = 0.531  exp loss = 0.512  adjusted loss = 0.512  adv prob = 0.000888   acc = 0.807
  gold_label_random = 2, sentence2_has_negation = 0  [n = 292]:	loss = 0.488  exp loss = 0.481  adjusted loss = 0.481  adv prob = 0.401808   acc = 0.805
  gold_label_random = 2, sentence2_has_negation = 1  [n = 228]:	loss = 0.426  exp loss = 0.397  adjusted loss = 0.397  adv prob = 0.000519   acc = 0.842
Average incurred loss: 0.411  
Average sample loss: 0.410  
Average acc: 0.834  
  gold_label_random = 0, sentence2_has_negation = 0  [n = 248]:	loss = 0.425  exp loss = 0.275  adjusted loss = 0.275  adv prob = 0.306800   acc = 0.843
  gold_label_random = 0, sentence2_has_negation = 1  [n = 238]:	loss = 0.297  exp loss = 0.247  adjusted loss = 0.247  adv prob = 0.000003   acc = 0.891
  gold_label_random = 1, sentence2_has_negation = 0  [n = 295]:	loss = 0.387  exp loss = 0.338  adjusted loss = 0.338  adv prob = 0.283735   acc = 0.831
  gold_label_random = 1, sentence2_has_negation = 1  [n = 288]:	loss = 0.415  exp loss = 0.409  adjusted loss = 0.409  adv prob = 0.000880   acc = 0.861
  gold_label_random = 2, sentence2_has_negation = 0  [n = 269]:	loss = 0.465  exp loss = 0.474  adjusted loss = 0.474  adv prob = 0.408042   acc = 0.796
  gold_label_random = 2, sentence2_has_negation = 1  [n = 262]:	loss = 0.468  exp loss = 0.573  adjusted loss = 0.573  adv prob = 0.000540   acc = 0.786
Average incurred loss: 0.438  
Average sample loss: 0.450  
Average acc: 0.832  
  gold_label_random = 0, sentence2_has_negation = 0  [n = 265]:	loss = 0.466  exp loss = 0.459  adjusted loss = 0.459  adv prob = 0.314397   acc = 0.830
  gold_label_random = 0, sentence2_has_negation = 1  [n = 273]:	loss = 0.313  exp loss = 0.285  adjusted loss = 0.285  adv prob = 0.000003   acc = 0.853
  gold_label_random = 1, sentence2_has_negation = 0  [n = 238]:	loss = 0.571  exp loss = 0.447  adjusted loss = 0.447  adv prob = 0.288569   acc = 0.790
  gold_label_random = 1, sentence2_has_negation = 1  [n = 281]:	loss = 0.499  exp loss = 0.418  adjusted loss = 0.418  adv prob = 0.000907   acc = 0.829
  gold_label_random = 2, sentence2_has_negation = 0  [n = 284]:	loss = 0.398  exp loss = 0.381  adjusted loss = 0.381  adv prob = 0.395594   acc = 0.849
  gold_label_random = 2, sentence2_has_negation = 1  [n = 259]:	loss = 0.394  exp loss = 0.463  adjusted loss = 0.463  adv prob = 0.000531   acc = 0.834
Average incurred loss: 0.454  
Average sample loss: 0.496  
Average acc: 0.836  
  gold_label_random = 0, sentence2_has_negation = 0  [n = 286]:	loss = 0.456  exp loss = 0.436  adjusted loss = 0.436  adv prob = 0.306176   acc = 0.843
  gold_label_random = 0, sentence2_has_negation = 1  [n = 288]:	loss = 0.436  exp loss = 0.482  adjusted loss = 0.482  adv prob = 0.000003   acc = 0.826
  gold_label_random = 1, sentence2_has_negation = 0  [n = 270]:	loss = 0.509  exp loss = 0.517  adjusted loss = 0.517  adv prob = 0.292268   acc = 0.815
  gold_label_random = 1, sentence2_has_negation = 1  [n = 267]:	loss = 0.361  exp loss = 0.303  adjusted loss = 0.303  adv prob = 0.000843   acc = 0.873
  gold_label_random = 2, sentence2_has_negation = 0  [n = 238]:	loss = 0.475  exp loss = 0.568  adjusted loss = 0.568  adv prob = 0.400179   acc = 0.845
  gold_label_random = 2, sentence2_has_negation = 1  [n = 251]:	loss = 0.490  exp loss = 0.509  adjusted loss = 0.509  adv prob = 0.000531   acc = 0.813
Average incurred loss: 0.445  
Average sample loss: 0.492  
Average acc: 0.841  
  gold_label_random = 0, sentence2_has_negation = 0  [n = 264]:	loss = 0.489  exp loss = 0.590  adjusted loss = 0.590  adv prob = 0.302342   acc = 0.830
  gold_label_random = 0, sentence2_has_negation = 1  [n = 253]:	loss = 0.264  exp loss = 0.217  adjusted loss = 0.217  adv prob = 0.000002   acc = 0.913
  gold_label_random = 1, sentence2_has_negation = 0  [n = 262]:	loss = 0.495  exp loss = 0.516  adjusted loss = 0.516  adv prob = 0.293321   acc = 0.828
  gold_label_random = 1, sentence2_has_negation = 1  [n = 284]:	loss = 0.491  exp loss = 0.427  adjusted loss = 0.427  adv prob = 0.000847   acc = 0.831
  gold_label_random = 2, sentence2_has_negation = 0  [n = 266]:	loss = 0.478  exp loss = 0.436  adjusted loss = 0.436  adv prob = 0.402972   acc = 0.797
  gold_label_random = 2, sentence2_has_negation = 1  [n = 271]:	loss = 0.441  exp loss = 0.351  adjusted loss = 0.351  adv prob = 0.000515   acc = 0.852
Average incurred loss: 0.429  
Average sample loss: 0.456  
Average acc: 0.845  
  gold_label_random = 0, sentence2_has_negation = 0  [n = 308]:	loss = 0.375  exp loss = 0.266  adjusted loss = 0.266  adv prob = 0.295253   acc = 0.847
  gold_label_random = 0, sentence2_has_negation = 1  [n = 278]:	loss = 0.267  exp loss = 0.282  adjusted loss = 0.282  adv prob = 0.000002   acc = 0.906
  gold_label_random = 1, sentence2_has_negation = 0  [n = 247]:	loss = 0.484  exp loss = 0.529  adjusted loss = 0.529  adv prob = 0.291917   acc = 0.858
  gold_label_random = 1, sentence2_has_negation = 1  [n = 265]:	loss = 0.549  exp loss = 0.466  adjusted loss = 0.466  adv prob = 0.000881   acc = 0.819
  gold_label_random = 2, sentence2_has_negation = 0  [n = 245]:	loss = 0.453  exp loss = 0.413  adjusted loss = 0.413  adv prob = 0.411434   acc = 0.829
  gold_label_random = 2, sentence2_has_negation = 1  [n = 257]:	loss = 0.469  exp loss = 0.482  adjusted loss = 0.482  adv prob = 0.000514   acc = 0.805
Average incurred loss: 0.416  
Average sample loss: 0.451  
Average acc: 0.845  
  gold_label_random = 0, sentence2_has_negation = 0  [n = 245]:	loss = 0.490  exp loss = 0.444  adjusted loss = 0.444  adv prob = 0.306901   acc = 0.824
  gold_label_random = 0, sentence2_has_negation = 1  [n = 255]:	loss = 0.284  exp loss = 0.212  adjusted loss = 0.212  adv prob = 0.000002   acc = 0.890
  gold_label_random = 1, sentence2_has_negation = 0  [n = 290]:	loss = 0.395  exp loss = 0.362  adjusted loss = 0.362  adv prob = 0.284673   acc = 0.845
  gold_label_random = 1, sentence2_has_negation = 1  [n = 273]:	loss = 0.476  exp loss = 0.370  adjusted loss = 0.370  adv prob = 0.000902   acc = 0.850
  gold_label_random = 2, sentence2_has_negation = 0  [n = 284]:	loss = 0.428  exp loss = 0.461  adjusted loss = 0.461  adv prob = 0.407011   acc = 0.831
  gold_label_random = 2, sentence2_has_negation = 1  [n = 253]:	loss = 0.424  exp loss = 0.465  adjusted loss = 0.465  adv prob = 0.000512   acc = 0.830
Average incurred loss: 0.416  
Average sample loss: 0.441  
Average acc: 0.845  
  gold_label_random = 0, sentence2_has_negation = 0  [n = 284]:	loss = 0.451  exp loss = 0.436  adjusted loss = 0.436  adv prob = 0.312974   acc = 0.835
  gold_label_random = 0, sentence2_has_negation = 1  [n = 282]:	loss = 0.448  exp loss = 0.470  adjusted loss = 0.470  adv prob = 0.000002   acc = 0.809
  gold_label_random = 1, sentence2_has_negation = 0  [n = 244]:	loss = 0.388  exp loss = 0.348  adjusted loss = 0.348  adv prob = 0.279122   acc = 0.873
  gold_label_random = 1, sentence2_has_negation = 1  [n = 255]:	loss = 0.433  exp loss = 0.537  adjusted loss = 0.537  adv prob = 0.000908   acc = 0.855
  gold_label_random = 2, sentence2_has_negation = 0  [n = 273]:	loss = 0.408  exp loss = 0.384  adjusted loss = 0.384  adv prob = 0.406505   acc = 0.842
  gold_label_random = 2, sentence2_has_negation = 1  [n = 262]:	loss = 0.360  exp loss = 0.304  adjusted loss = 0.304  adv prob = 0.000488   acc = 0.863
Average incurred loss: 0.425  
Average sample loss: 0.410  
Average acc: 0.836  
  gold_label_random = 0, sentence2_has_negation = 0  [n = 297]:	loss = 0.434  exp loss = 0.396  adjusted loss = 0.396  adv prob = 0.315919   acc = 0.828
  gold_label_random = 0, sentence2_has_negation = 1  [n = 268]:	loss = 0.385  exp loss = 0.361  adjusted loss = 0.361  adv prob = 0.000002   acc = 0.821
  gold_label_random = 1, sentence2_has_negation = 0  [n = 276]:	loss = 0.438  exp loss = 0.456  adjusted loss = 0.456  adv prob = 0.279485   acc = 0.848
  gold_label_random = 1, sentence2_has_negation = 1  [n = 259]:	loss = 0.519  exp loss = 0.429  adjusted loss = 0.429  adv prob = 0.000955   acc = 0.822
  gold_label_random = 2, sentence2_has_negation = 0  [n = 237]:	loss = 0.434  exp loss = 0.304  adjusted loss = 0.304  adv prob = 0.403168   acc = 0.823
  gold_label_random = 2, sentence2_has_negation = 1  [n = 263]:	loss = 0.340  exp loss = 0.261  adjusted loss = 0.261  adv prob = 0.000470   acc = 0.871
Average incurred loss: 0.459  
Average sample loss: 0.476  
Average acc: 0.836  
  gold_label_random = 0, sentence2_has_negation = 0  [n = 276]:	loss = 0.472  exp loss = 0.476  adjusted loss = 0.476  adv prob = 0.312979   acc = 0.844
  gold_label_random = 0, sentence2_has_negation = 1  [n = 261]:	loss = 0.386  exp loss = 0.397  adjusted loss = 0.397  adv prob = 0.000002   acc = 0.854
  gold_label_random = 1, sentence2_has_negation = 0  [n = 277]:	loss = 0.455  exp loss = 0.419  adjusted loss = 0.419  adv prob = 0.277428   acc = 0.848
  gold_label_random = 1, sentence2_has_negation = 1  [n = 261]:	loss = 0.379  exp loss = 0.362  adjusted loss = 0.362  adv prob = 0.000908   acc = 0.866
  gold_label_random = 2, sentence2_has_negation = 0  [n = 260]:	loss = 0.537  exp loss = 0.492  adjusted loss = 0.492  adv prob = 0.408205   acc = 0.812
  gold_label_random = 2, sentence2_has_negation = 1  [n = 265]:	loss = 0.522  exp loss = 0.436  adjusted loss = 0.436  adv prob = 0.000478   acc = 0.792
Average incurred loss: 0.464  
Average sample loss: 0.481  
Average acc: 0.824  
  gold_label_random = 0, sentence2_has_negation = 0  [n = 245]:	loss = 0.483  exp loss = 0.499  adjusted loss = 0.499  adv prob = 0.311448   acc = 0.804
  gold_label_random = 0, sentence2_has_negation = 1  [n = 271]:	loss = 0.527  exp loss = 0.532  adjusted loss = 0.532  adv prob = 0.000002   acc = 0.782
  gold_label_random = 1, sentence2_has_negation = 0  [n = 255]:	loss = 0.578  exp loss = 0.543  adjusted loss = 0.543  adv prob = 0.288974   acc = 0.824
  gold_label_random = 1, sentence2_has_negation = 1  [n = 254]:	loss = 0.426  exp loss = 0.376  adjusted loss = 0.376  adv prob = 0.000887   acc = 0.862
  gold_label_random = 2, sentence2_has_negation = 0  [n = 295]:	loss = 0.457  exp loss = 0.417  adjusted loss = 0.417  adv prob = 0.398251   acc = 0.810
  gold_label_random = 2, sentence2_has_negation = 1  [n = 280]:	loss = 0.324  exp loss = 0.353  adjusted loss = 0.353  adv prob = 0.000438   acc = 0.864
Average incurred loss: 0.436  
Average sample loss: 0.489  
Average acc: 0.833  
  gold_label_random = 0, sentence2_has_negation = 0  [n = 257]:	loss = 0.434  exp loss = 0.359  adjusted loss = 0.359  adv prob = 0.299876   acc = 0.829
  gold_label_random = 0, sentence2_has_negation = 1  [n = 248]:	loss = 0.273  exp loss = 0.289  adjusted loss = 0.289  adv prob = 0.000002   acc = 0.891
  gold_label_random = 1, sentence2_has_negation = 0  [n = 262]:	loss = 0.544  exp loss = 0.485  adjusted loss = 0.485  adv prob = 0.295243   acc = 0.828
  gold_label_random = 1, sentence2_has_negation = 1  [n = 265]:	loss = 0.433  exp loss = 0.379  adjusted loss = 0.379  adv prob = 0.000855   acc = 0.834
  gold_label_random = 2, sentence2_has_negation = 0  [n = 268]:	loss = 0.521  exp loss = 0.572  adjusted loss = 0.572  adv prob = 0.403597   acc = 0.784
  gold_label_random = 2, sentence2_has_negation = 1  [n = 300]:	loss = 0.403  exp loss = 0.428  adjusted loss = 0.428  adv prob = 0.000427   acc = 0.837
Average incurred loss: 0.462  
Average sample loss: 0.472  
Average acc: 0.829  
  gold_label_random = 0, sentence2_has_negation = 0  [n = 297]:	loss = 0.525  exp loss = 0.539  adjusted loss = 0.539  adv prob = 0.307121   acc = 0.818
  gold_label_random = 0, sentence2_has_negation = 1  [n = 268]:	loss = 0.469  exp loss = 0.442  adjusted loss = 0.442  adv prob = 0.000002   acc = 0.832
  gold_label_random = 1, sentence2_has_negation = 0  [n = 263]:	loss = 0.475  exp loss = 0.591  adjusted loss = 0.591  adv prob = 0.296152   acc = 0.848
  gold_label_random = 1, sentence2_has_negation = 1  [n = 268]:	loss = 0.382  exp loss = 0.466  adjusted loss = 0.466  adv prob = 0.000824   acc = 0.866
  gold_label_random = 2, sentence2_has_negation = 0  [n = 264]:	loss = 0.446  exp loss = 0.464  adjusted loss = 0.464  adv prob = 0.395476   acc = 0.811
  gold_label_random = 2, sentence2_has_negation = 1  [n = 240]:	loss = 0.472  exp loss = 0.363  adjusted loss = 0.363  adv prob = 0.000425   acc = 0.796
Average incurred loss: 0.461  
Average sample loss: 0.469  
Average acc: 0.826  
  gold_label_random = 0, sentence2_has_negation = 0  [n = 251]:	loss = 0.430  exp loss = 0.518  adjusted loss = 0.518  adv prob = 0.300086   acc = 0.845
  gold_label_random = 0, sentence2_has_negation = 1  [n = 254]:	loss = 0.401  exp loss = 0.401  adjusted loss = 0.401  adv prob = 0.000002   acc = 0.839
  gold_label_random = 1, sentence2_has_negation = 0  [n = 225]:	loss = 0.516  exp loss = 0.399  adjusted loss = 0.399  adv prob = 0.299254   acc = 0.809
  gold_label_random = 1, sentence2_has_negation = 1  [n = 297]:	loss = 0.484  exp loss = 0.500  adjusted loss = 0.500  adv prob = 0.000830   acc = 0.838
  gold_label_random = 2, sentence2_has_negation = 0  [n = 303]:	loss = 0.474  exp loss = 0.449  adjusted loss = 0.449  adv prob = 0.399399   acc = 0.805
  gold_label_random = 2, sentence2_has_negation = 1  [n = 270]:	loss = 0.463  exp loss = 0.567  adjusted loss = 0.567  adv prob = 0.000429   acc = 0.822
Average incurred loss: 0.484  
Average sample loss: 0.508  
Average acc: 0.819  
  gold_label_random = 0, sentence2_has_negation = 0  [n = 284]:	loss = 0.486  exp loss = 0.532  adjusted loss = 0.532  adv prob = 0.297604   acc = 0.831
  gold_label_random = 0, sentence2_has_negation = 1  [n = 258]:	loss = 0.509  exp loss = 0.499  adjusted loss = 0.499  adv prob = 0.000002   acc = 0.810
  gold_label_random = 1, sentence2_has_negation = 0  [n = 277]:	loss = 0.524  exp loss = 0.578  adjusted loss = 0.578  adv prob = 0.302713   acc = 0.823
  gold_label_random = 1, sentence2_has_negation = 1  [n = 242]:	loss = 0.421  exp loss = 0.334  adjusted loss = 0.334  adv prob = 0.000792   acc = 0.860
  gold_label_random = 2, sentence2_has_negation = 0  [n = 261]:	loss = 0.510  exp loss = 0.473  adjusted loss = 0.473  adv prob = 0.398469   acc = 0.789
  gold_label_random = 2, sentence2_has_negation = 1  [n = 278]:	loss = 0.448  exp loss = 0.507  adjusted loss = 0.507  adv prob = 0.000420   acc = 0.806
Average incurred loss: 0.420  
Average sample loss: 0.421  
Average acc: 0.847  
  gold_label_random = 0, sentence2_has_negation = 0  [n = 283]:	loss = 0.398  exp loss = 0.461  adjusted loss = 0.461  adv prob = 0.295963   acc = 0.841
  gold_label_random = 0, sentence2_has_negation = 1  [n = 225]:	loss = 0.419  exp loss = 0.410  adjusted loss = 0.410  adv prob = 0.000002   acc = 0.862
  gold_label_random = 1, sentence2_has_negation = 0  [n = 279]:	loss = 0.409  exp loss = 0.619  adjusted loss = 0.619  adv prob = 0.304652   acc = 0.853
  gold_label_random = 1, sentence2_has_negation = 1  [n = 263]:	loss = 0.389  exp loss = 0.316  adjusted loss = 0.316  adv prob = 0.000775   acc = 0.886
  gold_label_random = 2, sentence2_has_negation = 0  [n = 282]:	loss = 0.417  exp loss = 0.552  adjusted loss = 0.552  adv prob = 0.398173   acc = 0.840
  gold_label_random = 2, sentence2_has_negation = 1  [n = 268]:	loss = 0.491  exp loss = 0.385  adjusted loss = 0.385  adv prob = 0.000437   acc = 0.802
Average incurred loss: 0.453  
Average sample loss: 0.429  
Average acc: 0.831  
  gold_label_random = 0, sentence2_has_negation = 0  [n = 278]:	loss = 0.493  exp loss = 0.512  adjusted loss = 0.512  adv prob = 0.299023   acc = 0.838
  gold_label_random = 0, sentence2_has_negation = 1  [n = 268]:	loss = 0.372  exp loss = 0.427  adjusted loss = 0.427  adv prob = 0.000002   acc = 0.862
  gold_label_random = 1, sentence2_has_negation = 0  [n = 285]:	loss = 0.435  exp loss = 0.414  adjusted loss = 0.414  adv prob = 0.308447   acc = 0.849
  gold_label_random = 1, sentence2_has_negation = 1  [n = 250]:	loss = 0.570  exp loss = 0.738  adjusted loss = 0.738  adv prob = 0.000837   acc = 0.800
  gold_label_random = 2, sentence2_has_negation = 0  [n = 279]:	loss = 0.398  exp loss = 0.328  adjusted loss = 0.328  adv prob = 0.391242   acc = 0.828
  gold_label_random = 2, sentence2_has_negation = 1  [n = 240]:	loss = 0.459  exp loss = 0.404  adjusted loss = 0.404  adv prob = 0.000450   acc = 0.800
Average incurred loss: 0.443  
Average sample loss: 0.455  
Average acc: 0.826  
  gold_label_random = 0, sentence2_has_negation = 0  [n = 271]:	loss = 0.417  exp loss = 0.424  adjusted loss = 0.424  adv prob = 0.297679   acc = 0.830
  gold_label_random = 0, sentence2_has_negation = 1  [n = 264]:	loss = 0.385  exp loss = 0.400  adjusted loss = 0.400  adv prob = 0.000002   acc = 0.848
  gold_label_random = 1, sentence2_has_negation = 0  [n = 239]:	loss = 0.481  exp loss = 0.464  adjusted loss = 0.464  adv prob = 0.313072   acc = 0.828
  gold_label_random = 1, sentence2_has_negation = 1  [n = 265]:	loss = 0.416  exp loss = 0.404  adjusted loss = 0.404  adv prob = 0.000806   acc = 0.842
  gold_label_random = 2, sentence2_has_negation = 0  [n = 286]:	loss = 0.411  exp loss = 0.418  adjusted loss = 0.418  adv prob = 0.387970   acc = 0.843
  gold_label_random = 2, sentence2_has_negation = 1  [n = 275]:	loss = 0.551  exp loss = 0.464  adjusted loss = 0.464  adv prob = 0.000473   acc = 0.767
Average incurred loss: 0.466  
Average sample loss: 0.498  
Average acc: 0.831  
  gold_label_random = 0, sentence2_has_negation = 0  [n = 250]:	loss = 0.543  exp loss = 0.544  adjusted loss = 0.544  adv prob = 0.300699   acc = 0.796
  gold_label_random = 0, sentence2_has_negation = 1  [n = 250]:	loss = 0.362  exp loss = 0.374  adjusted loss = 0.374  adv prob = 0.000001   acc = 0.852
  gold_label_random = 1, sentence2_has_negation = 0  [n = 269]:	loss = 0.476  exp loss = 0.501  adjusted loss = 0.501  adv prob = 0.305163   acc = 0.855
  gold_label_random = 1, sentence2_has_negation = 1  [n = 273]:	loss = 0.381  exp loss = 0.276  adjusted loss = 0.276  adv prob = 0.000763   acc = 0.861
  gold_label_random = 2, sentence2_has_negation = 0  [n = 277]:	loss = 0.524  exp loss = 0.570  adjusted loss = 0.570  adv prob = 0.392906   acc = 0.823
  gold_label_random = 2, sentence2_has_negation = 1  [n = 281]:	loss = 0.504  exp loss = 0.556  adjusted loss = 0.556  adv prob = 0.000467   acc = 0.801
Average incurred loss: 0.409  
Average sample loss: 0.407  
Average acc: 0.841  
  gold_label_random = 0, sentence2_has_negation = 0  [n = 288]:	loss = 0.401  exp loss = 0.451  adjusted loss = 0.451  adv prob = 0.303809   acc = 0.854
  gold_label_random = 0, sentence2_has_negation = 1  [n = 272]:	loss = 0.389  exp loss = 0.414  adjusted loss = 0.414  adv prob = 0.000001   acc = 0.857
  gold_label_random = 1, sentence2_has_negation = 0  [n = 235]:	loss = 0.466  exp loss = 0.485  adjusted loss = 0.485  adv prob = 0.316216   acc = 0.826
  gold_label_random = 1, sentence2_has_negation = 1  [n = 248]:	loss = 0.414  exp loss = 0.323  adjusted loss = 0.323  adv prob = 0.000766   acc = 0.863
  gold_label_random = 2, sentence2_has_negation = 0  [n = 280]:	loss = 0.338  exp loss = 0.294  adjusted loss = 0.294  adv prob = 0.378723   acc = 0.843
  gold_label_random = 2, sentence2_has_negation = 1  [n = 277]:	loss = 0.457  exp loss = 0.629  adjusted loss = 0.629  adv prob = 0.000484   acc = 0.801
Average incurred loss: 0.448  
Average sample loss: 0.469  
Average acc: 0.830  
  gold_label_random = 0, sentence2_has_negation = 0  [n = 285]:	loss = 0.504  exp loss = 0.527  adjusted loss = 0.527  adv prob = 0.310540   acc = 0.807
  gold_label_random = 0, sentence2_has_negation = 1  [n = 271]:	loss = 0.379  exp loss = 0.405  adjusted loss = 0.405  adv prob = 0.000001   acc = 0.845
  gold_label_random = 1, sentence2_has_negation = 0  [n = 277]:	loss = 0.407  exp loss = 0.435  adjusted loss = 0.435  adv prob = 0.304425   acc = 0.838
  gold_label_random = 1, sentence2_has_negation = 1  [n = 266]:	loss = 0.453  exp loss = 0.397  adjusted loss = 0.397  adv prob = 0.000762   acc = 0.865
  gold_label_random = 2, sentence2_has_negation = 0  [n = 262]:	loss = 0.519  exp loss = 0.366  adjusted loss = 0.366  adv prob = 0.383795   acc = 0.798
  gold_label_random = 2, sentence2_has_negation = 1  [n = 239]:	loss = 0.424  exp loss = 0.339  adjusted loss = 0.339  adv prob = 0.000476   acc = 0.828
Average incurred loss: 0.437  
Average sample loss: 0.456  
Average acc: 0.843  
  gold_label_random = 0, sentence2_has_negation = 0  [n = 235]:	loss = 0.523  exp loss = 0.489  adjusted loss = 0.489  adv prob = 0.311872   acc = 0.796
  gold_label_random = 0, sentence2_has_negation = 1  [n = 262]:	loss = 0.358  exp loss = 0.270  adjusted loss = 0.270  adv prob = 0.000001   acc = 0.863
  gold_label_random = 1, sentence2_has_negation = 0  [n = 275]:	loss = 0.452  exp loss = 0.450  adjusted loss = 0.450  adv prob = 0.299697   acc = 0.851
  gold_label_random = 1, sentence2_has_negation = 1  [n = 269]:	loss = 0.339  exp loss = 0.384  adjusted loss = 0.384  adv prob = 0.000725   acc = 0.907
  gold_label_random = 2, sentence2_has_negation = 0  [n = 296]:	loss = 0.471  exp loss = 0.470  adjusted loss = 0.470  adv prob = 0.387230   acc = 0.814
  gold_label_random = 2, sentence2_has_negation = 1  [n = 263]:	loss = 0.484  exp loss = 0.482  adjusted loss = 0.482  adv prob = 0.000475   acc = 0.825
Average incurred loss: 0.393  
Average sample loss: 0.407  
Average acc: 0.852  
  gold_label_random = 0, sentence2_has_negation = 0  [n = 291]:	loss = 0.434  exp loss = 0.402  adjusted loss = 0.402  adv prob = 0.308669   acc = 0.821
  gold_label_random = 0, sentence2_has_negation = 1  [n = 248]:	loss = 0.345  exp loss = 0.325  adjusted loss = 0.325  adv prob = 0.000001   acc = 0.859
  gold_label_random = 1, sentence2_has_negation = 0  [n = 259]:	loss = 0.414  exp loss = 0.431  adjusted loss = 0.431  adv prob = 0.300907   acc = 0.861
  gold_label_random = 1, sentence2_has_negation = 1  [n = 267]:	loss = 0.377  exp loss = 0.361  adjusted loss = 0.361  adv prob = 0.000714   acc = 0.873
  gold_label_random = 2, sentence2_has_negation = 0  [n = 251]:	loss = 0.414  exp loss = 0.404  adjusted loss = 0.404  adv prob = 0.389244   acc = 0.833
  gold_label_random = 2, sentence2_has_negation = 1  [n = 284]:	loss = 0.372  exp loss = 0.451  adjusted loss = 0.451  adv prob = 0.000465   acc = 0.870
Average incurred loss: 0.429  
Average sample loss: 0.413  
Average acc: 0.834  
  gold_label_random = 0, sentence2_has_negation = 0  [n = 261]:	loss = 0.393  exp loss = 0.291  adjusted loss = 0.291  adv prob = 0.303084   acc = 0.858
  gold_label_random = 0, sentence2_has_negation = 1  [n = 264]:	loss = 0.334  exp loss = 0.327  adjusted loss = 0.327  adv prob = 0.000001   acc = 0.879
  gold_label_random = 1, sentence2_has_negation = 0  [n = 288]:	loss = 0.406  exp loss = 0.477  adjusted loss = 0.477  adv prob = 0.300400   acc = 0.840
  gold_label_random = 1, sentence2_has_negation = 1  [n = 271]:	loss = 0.477  exp loss = 0.518  adjusted loss = 0.518  adv prob = 0.000742   acc = 0.823
  gold_label_random = 2, sentence2_has_negation = 0  [n = 251]:	loss = 0.462  exp loss = 0.449  adjusted loss = 0.449  adv prob = 0.395284   acc = 0.817
  gold_label_random = 2, sentence2_has_negation = 1  [n = 265]:	loss = 0.505  exp loss = 0.619  adjusted loss = 0.619  adv prob = 0.000488   acc = 0.789
Average incurred loss: 0.498  
Average sample loss: 0.524  
Average acc: 0.814  
  gold_label_random = 0, sentence2_has_negation = 0  [n = 261]:	loss = 0.579  exp loss = 0.430  adjusted loss = 0.430  adv prob = 0.320602   acc = 0.801
  gold_label_random = 0, sentence2_has_negation = 1  [n = 258]:	loss = 0.326  exp loss = 0.366  adjusted loss = 0.366  adv prob = 0.000001   acc = 0.872
  gold_label_random = 1, sentence2_has_negation = 0  [n = 287]:	loss = 0.435  exp loss = 0.403  adjusted loss = 0.403  adv prob = 0.286129   acc = 0.829
  gold_label_random = 1, sentence2_has_negation = 1  [n = 256]:	loss = 0.637  exp loss = 0.615  adjusted loss = 0.615  adv prob = 0.000770   acc = 0.777
  gold_label_random = 2, sentence2_has_negation = 0  [n = 264]:	loss = 0.505  exp loss = 0.509  adjusted loss = 0.509  adv prob = 0.392001   acc = 0.803
  gold_label_random = 2, sentence2_has_negation = 1  [n = 274]:	loss = 0.515  exp loss = 0.761  adjusted loss = 0.761  adv prob = 0.000497   acc = 0.799
Average incurred loss: 0.425  
Average sample loss: 0.433  
Average acc: 0.843  
  gold_label_random = 0, sentence2_has_negation = 0  [n = 271]:	loss = 0.463  exp loss = 0.410  adjusted loss = 0.410  adv prob = 0.324308   acc = 0.830
  gold_label_random = 0, sentence2_has_negation = 1  [n = 257]:	loss = 0.268  exp loss = 0.247  adjusted loss = 0.247  adv prob = 0.000001   acc = 0.895
  gold_label_random = 1, sentence2_has_negation = 0  [n = 262]:	loss = 0.452  exp loss = 0.438  adjusted loss = 0.438  adv prob = 0.285384   acc = 0.836
  gold_label_random = 1, sentence2_has_negation = 1  [n = 276]:	loss = 0.413  exp loss = 0.223  adjusted loss = 0.223  adv prob = 0.000755   acc = 0.841
  gold_label_random = 2, sentence2_has_negation = 0  [n = 252]:	loss = 0.433  exp loss = 0.485  adjusted loss = 0.485  adv prob = 0.389036   acc = 0.853
  gold_label_random = 2, sentence2_has_negation = 1  [n = 282]:	loss = 0.515  exp loss = 0.498  adjusted loss = 0.498  adv prob = 0.000516   acc = 0.805
Average incurred loss: 0.413  
Average sample loss: 0.426  
Average acc: 0.852  
  gold_label_random = 0, sentence2_has_negation = 0  [n = 260]:	loss = 0.452  exp loss = 0.511  adjusted loss = 0.511  adv prob = 0.325028   acc = 0.819
  gold_label_random = 0, sentence2_has_negation = 1  [n = 288]:	loss = 0.395  exp loss = 0.320  adjusted loss = 0.320  adv prob = 0.000001   acc = 0.861
  gold_label_random = 1, sentence2_has_negation = 0  [n = 248]:	loss = 0.419  exp loss = 0.563  adjusted loss = 0.563  adv prob = 0.283688   acc = 0.847
  gold_label_random = 1, sentence2_has_negation = 1  [n = 256]:	loss = 0.442  exp loss = 0.312  adjusted loss = 0.312  adv prob = 0.000764   acc = 0.852
  gold_label_random = 2, sentence2_has_negation = 0  [n = 283]:	loss = 0.419  exp loss = 0.424  adjusted loss = 0.424  adv prob = 0.390024   acc = 0.830
  gold_label_random = 2, sentence2_has_negation = 1  [n = 265]:	loss = 0.354  exp loss = 0.372  adjusted loss = 0.372  adv prob = 0.000495   acc = 0.902
Average incurred loss: 0.440  
Average sample loss: 0.483  
Average acc: 0.837  
  gold_label_random = 0, sentence2_has_negation = 0  [n = 256]:	loss = 0.492  exp loss = 0.532  adjusted loss = 0.532  adv prob = 0.322477   acc = 0.816
  gold_label_random = 0, sentence2_has_negation = 1  [n = 239]:	loss = 0.254  exp loss = 0.267  adjusted loss = 0.267  adv prob = 0.000001   acc = 0.908
  gold_label_random = 1, sentence2_has_negation = 0  [n = 290]:	loss = 0.465  exp loss = 0.572  adjusted loss = 0.572  adv prob = 0.281150   acc = 0.834
  gold_label_random = 1, sentence2_has_negation = 1  [n = 255]:	loss = 0.318  exp loss = 0.351  adjusted loss = 0.351  adv prob = 0.000694   acc = 0.902
  gold_label_random = 2, sentence2_has_negation = 0  [n = 279]:	loss = 0.541  exp loss = 0.533  adjusted loss = 0.533  adv prob = 0.395150   acc = 0.799
  gold_label_random = 2, sentence2_has_negation = 1  [n = 281]:	loss = 0.536  exp loss = 0.495  adjusted loss = 0.495  adv prob = 0.000529   acc = 0.779
Average incurred loss: 0.466  
Average sample loss: 0.510  
Average acc: 0.824  
  gold_label_random = 0, sentence2_has_negation = 0  [n = 278]:	loss = 0.454  exp loss = 0.400  adjusted loss = 0.400  adv prob = 0.313916   acc = 0.820
  gold_label_random = 0, sentence2_has_negation = 1  [n = 265]:	loss = 0.249  exp loss = 0.262  adjusted loss = 0.262  adv prob = 0.000001   acc = 0.921
  gold_label_random = 1, sentence2_has_negation = 0  [n = 230]:	loss = 0.545  exp loss = 0.548  adjusted loss = 0.548  adv prob = 0.282904   acc = 0.817
  gold_label_random = 1, sentence2_has_negation = 1  [n = 283]:	loss = 0.469  exp loss = 0.392  adjusted loss = 0.392  adv prob = 0.000685   acc = 0.823
  gold_label_random = 2, sentence2_has_negation = 0  [n = 255]:	loss = 0.521  exp loss = 0.493  adjusted loss = 0.493  adv prob = 0.401962   acc = 0.792
  gold_label_random = 2, sentence2_has_negation = 1  [n = 289]:	loss = 0.565  exp loss = 0.417  adjusted loss = 0.417  adv prob = 0.000532   acc = 0.775
Average incurred loss: 0.451  
Average sample loss: 0.470  
Average acc: 0.831  
  gold_label_random = 0, sentence2_has_negation = 0  [n = 250]:	loss = 0.467  exp loss = 0.488  adjusted loss = 0.488  adv prob = 0.310692   acc = 0.836
  gold_label_random = 0, sentence2_has_negation = 1  [n = 254]:	loss = 0.308  exp loss = 0.324  adjusted loss = 0.324  adv prob = 0.000001   acc = 0.854
  gold_label_random = 1, sentence2_has_negation = 0  [n = 266]:	loss = 0.498  exp loss = 0.553  adjusted loss = 0.553  adv prob = 0.282898   acc = 0.835
  gold_label_random = 1, sentence2_has_negation = 1  [n = 269]:	loss = 0.497  exp loss = 0.647  adjusted loss = 0.647  adv prob = 0.000697   acc = 0.818
  gold_label_random = 2, sentence2_has_negation = 0  [n = 279]:	loss = 0.433  exp loss = 0.366  adjusted loss = 0.366  adv prob = 0.405186   acc = 0.832
  gold_label_random = 2, sentence2_has_negation = 1  [n = 282]:	loss = 0.494  exp loss = 0.317  adjusted loss = 0.317  adv prob = 0.000525   acc = 0.812
Average incurred loss: 0.435  
Average sample loss: 0.494  
Average acc: 0.835  
  gold_label_random = 0, sentence2_has_negation = 0  [n = 290]:	loss = 0.472  exp loss = 0.388  adjusted loss = 0.388  adv prob = 0.321278   acc = 0.831
  gold_label_random = 0, sentence2_has_negation = 1  [n = 238]:	loss = 0.225  exp loss = 0.188  adjusted loss = 0.188  adv prob = 0.000001   acc = 0.916
  gold_label_random = 1, sentence2_has_negation = 0  [n = 276]:	loss = 0.430  exp loss = 0.535  adjusted loss = 0.535  adv prob = 0.276253   acc = 0.841
  gold_label_random = 1, sentence2_has_negation = 1  [n = 251]:	loss = 0.522  exp loss = 0.493  adjusted loss = 0.493  adv prob = 0.000708   acc = 0.817
  gold_label_random = 2, sentence2_has_negation = 0  [n = 254]:	loss = 0.439  exp loss = 0.637  adjusted loss = 0.637  adv prob = 0.401233   acc = 0.831
  gold_label_random = 2, sentence2_has_negation = 1  [n = 291]:	loss = 0.497  exp loss = 0.607  adjusted loss = 0.607  adv prob = 0.000527   acc = 0.787
Average incurred loss: 0.472  
Average sample loss: 0.485  
Average acc: 0.818  
  gold_label_random = 0, sentence2_has_negation = 0  [n = 267]:	loss = 0.541  exp loss = 0.556  adjusted loss = 0.556  adv prob = 0.328245   acc = 0.787
  gold_label_random = 0, sentence2_has_negation = 1  [n = 268]:	loss = 0.320  exp loss = 0.236  adjusted loss = 0.236  adv prob = 0.000001   acc = 0.873
  gold_label_random = 1, sentence2_has_negation = 0  [n = 269]:	loss = 0.504  exp loss = 0.507  adjusted loss = 0.507  adv prob = 0.279043   acc = 0.829
  gold_label_random = 1, sentence2_has_negation = 1  [n = 266]:	loss = 0.345  exp loss = 0.243  adjusted loss = 0.243  adv prob = 0.000645   acc = 0.880
  gold_label_random = 2, sentence2_has_negation = 0  [n = 267]:	loss = 0.448  exp loss = 0.341  adjusted loss = 0.341  adv prob = 0.391478   acc = 0.828
  gold_label_random = 2, sentence2_has_negation = 1  [n = 263]:	loss = 0.677  exp loss = 0.754  adjusted loss = 0.754  adv prob = 0.000588   acc = 0.711
Average incurred loss: 0.458  
Average sample loss: 0.470  
Average acc: 0.832  
  gold_label_random = 0, sentence2_has_negation = 0  [n = 242]:	loss = 0.450  exp loss = 0.498  adjusted loss = 0.498  adv prob = 0.328864   acc = 0.814
  gold_label_random = 0, sentence2_has_negation = 1  [n = 263]:	loss = 0.283  exp loss = 0.323  adjusted loss = 0.323  adv prob = 0.000001   acc = 0.897
  gold_label_random = 1, sentence2_has_negation = 0  [n = 288]:	loss = 0.453  exp loss = 0.350  adjusted loss = 0.350  adv prob = 0.272206   acc = 0.854
  gold_label_random = 1, sentence2_has_negation = 1  [n = 257]:	loss = 0.513  exp loss = 0.596  adjusted loss = 0.596  adv prob = 0.000666   acc = 0.840
  gold_label_random = 2, sentence2_has_negation = 0  [n = 271]:	loss = 0.483  exp loss = 0.533  adjusted loss = 0.533  adv prob = 0.397648   acc = 0.808
  gold_label_random = 2, sentence2_has_negation = 1  [n = 279]:	loss = 0.559  exp loss = 0.523  adjusted loss = 0.523  adv prob = 0.000616   acc = 0.778
Average incurred loss: 0.418  
Average sample loss: 0.436  
Average acc: 0.839  
  gold_label_random = 0, sentence2_has_negation = 0  [n = 280]:	loss = 0.412  exp loss = 0.372  adjusted loss = 0.372  adv prob = 0.323653   acc = 0.836
  gold_label_random = 0, sentence2_has_negation = 1  [n = 257]:	loss = 0.320  exp loss = 0.448  adjusted loss = 0.448  adv prob = 0.000001   acc = 0.868
  gold_label_random = 1, sentence2_has_negation = 0  [n = 257]:	loss = 0.502  exp loss = 0.519  adjusted loss = 0.519  adv prob = 0.279848   acc = 0.809
  gold_label_random = 1, sentence2_has_negation = 1  [n = 249]:	loss = 0.436  exp loss = 0.418  adjusted loss = 0.418  adv prob = 0.000664   acc = 0.851
  gold_label_random = 2, sentence2_has_negation = 0  [n = 271]:	loss = 0.425  exp loss = 0.353  adjusted loss = 0.353  adv prob = 0.395223   acc = 0.827
  gold_label_random = 2, sentence2_has_negation = 1  [n = 286]:	loss = 0.412  exp loss = 0.424  adjusted loss = 0.424  adv prob = 0.000612   acc = 0.843
Average incurred loss: 0.454  
Average sample loss: 0.459  
Average acc: 0.825  
  gold_label_random = 0, sentence2_has_negation = 0  [n = 264]:	loss = 0.430  exp loss = 0.494  adjusted loss = 0.494  adv prob = 0.321209   acc = 0.848
  gold_label_random = 0, sentence2_has_negation = 1  [n = 279]:	loss = 0.289  exp loss = 0.331  adjusted loss = 0.331  adv prob = 0.000000   acc = 0.892
  gold_label_random = 1, sentence2_has_negation = 0  [n = 266]:	loss = 0.494  exp loss = 0.350  adjusted loss = 0.350  adv prob = 0.281494   acc = 0.805
  gold_label_random = 1, sentence2_has_negation = 1  [n = 260]:	loss = 0.410  exp loss = 0.420  adjusted loss = 0.420  adv prob = 0.000647   acc = 0.858
  gold_label_random = 2, sentence2_has_negation = 0  [n = 274]:	loss = 0.493  exp loss = 0.450  adjusted loss = 0.450  adv prob = 0.396000   acc = 0.796
  gold_label_random = 2, sentence2_has_negation = 1  [n = 257]:	loss = 0.621  exp loss = 0.456  adjusted loss = 0.456  adv prob = 0.000650   acc = 0.747
Average incurred loss: 0.436  
Average sample loss: 0.399  
Average acc: 0.844  
  gold_label_random = 0, sentence2_has_negation = 0  [n = 244]:	loss = 0.375  exp loss = 0.269  adjusted loss = 0.269  adv prob = 0.312699   acc = 0.869
  gold_label_random = 0, sentence2_has_negation = 1  [n = 270]:	loss = 0.246  exp loss = 0.265  adjusted loss = 0.265  adv prob = 0.000000   acc = 0.919
  gold_label_random = 1, sentence2_has_negation = 0  [n = 263]:	loss = 0.471  exp loss = 0.402  adjusted loss = 0.402  adv prob = 0.291820   acc = 0.837
  gold_label_random = 1, sentence2_has_negation = 1  [n = 284]:	loss = 0.412  exp loss = 0.435  adjusted loss = 0.435  adv prob = 0.000647   acc = 0.866
  gold_label_random = 2, sentence2_has_negation = 0  [n = 265]:	loss = 0.431  exp loss = 0.399  adjusted loss = 0.399  adv prob = 0.394084   acc = 0.823
  gold_label_random = 2, sentence2_has_negation = 1  [n = 274]:	loss = 0.672  exp loss = 0.535  adjusted loss = 0.535  adv prob = 0.000750   acc = 0.752
Average incurred loss: 0.407  
Average sample loss: 0.437  
Average acc: 0.853  
  gold_label_random = 0, sentence2_has_negation = 0  [n = 266]:	loss = 0.513  exp loss = 0.612  adjusted loss = 0.612  adv prob = 0.326031   acc = 0.831
  gold_label_random = 0, sentence2_has_negation = 1  [n = 253]:	loss = 0.397  exp loss = 0.430  adjusted loss = 0.430  adv prob = 0.000000   acc = 0.850
  gold_label_random = 1, sentence2_has_negation = 0  [n = 270]:	loss = 0.367  exp loss = 0.333  adjusted loss = 0.333  adv prob = 0.281050   acc = 0.852
  gold_label_random = 1, sentence2_has_negation = 1  [n = 278]:	loss = 0.293  exp loss = 0.183  adjusted loss = 0.183  adv prob = 0.000600   acc = 0.928
  gold_label_random = 2, sentence2_has_negation = 0  [n = 279]:	loss = 0.437  exp loss = 0.457  adjusted loss = 0.457  adv prob = 0.391581   acc = 0.828
  gold_label_random = 2, sentence2_has_negation = 1  [n = 254]:	loss = 0.441  exp loss = 0.360  adjusted loss = 0.360  adv prob = 0.000738   acc = 0.827
Average incurred loss: 0.412  
Average sample loss: 0.388  
Average acc: 0.854  
  gold_label_random = 0, sentence2_has_negation = 0  [n = 238]:	loss = 0.413  exp loss = 0.341  adjusted loss = 0.341  adv prob = 0.329108   acc = 0.866
  gold_label_random = 0, sentence2_has_negation = 1  [n = 261]:	loss = 0.532  exp loss = 0.547  adjusted loss = 0.547  adv prob = 0.000000   acc = 0.808
  gold_label_random = 1, sentence2_has_negation = 0  [n = 271]:	loss = 0.370  exp loss = 0.318  adjusted loss = 0.318  adv prob = 0.278265   acc = 0.878
  gold_label_random = 1, sentence2_has_negation = 1  [n = 277]:	loss = 0.404  exp loss = 0.487  adjusted loss = 0.487  adv prob = 0.000604   acc = 0.845
  gold_label_random = 2, sentence2_has_negation = 0  [n = 278]:	loss = 0.391  exp loss = 0.431  adjusted loss = 0.431  adv prob = 0.391277   acc = 0.863
  gold_label_random = 2, sentence2_has_negation = 1  [n = 275]:	loss = 0.367  exp loss = 0.346  adjusted loss = 0.346  adv prob = 0.000746   acc = 0.865
Average incurred loss: 0.439  
Average sample loss: 0.427  
Average acc: 0.828  
  gold_label_random = 0, sentence2_has_negation = 0  [n = 262]:	loss = 0.398  exp loss = 0.356  adjusted loss = 0.356  adv prob = 0.325256   acc = 0.836
  gold_label_random = 0, sentence2_has_negation = 1  [n = 275]:	loss = 0.380  exp loss = 0.343  adjusted loss = 0.343  adv prob = 0.000000   acc = 0.844
  gold_label_random = 1, sentence2_has_negation = 0  [n = 268]:	loss = 0.440  exp loss = 0.377  adjusted loss = 0.377  adv prob = 0.277377   acc = 0.854
  gold_label_random = 1, sentence2_has_negation = 1  [n = 245]:	loss = 0.442  exp loss = 0.403  adjusted loss = 0.403  adv prob = 0.000608   acc = 0.849
  gold_label_random = 2, sentence2_has_negation = 0  [n = 272]:	loss = 0.444  exp loss = 0.530  adjusted loss = 0.530  adv prob = 0.395977   acc = 0.801
  gold_label_random = 2, sentence2_has_negation = 1  [n = 278]:	loss = 0.530  exp loss = 0.453  adjusted loss = 0.453  adv prob = 0.000782   acc = 0.788
Average incurred loss: 0.414  
Average sample loss: 0.387  
Average acc: 0.846  
  gold_label_random = 0, sentence2_has_negation = 0  [n = 276]:	loss = 0.403  exp loss = 0.375  adjusted loss = 0.375  adv prob = 0.325332   acc = 0.826
  gold_label_random = 0, sentence2_has_negation = 1  [n = 253]:	loss = 0.366  exp loss = 0.355  adjusted loss = 0.355  adv prob = 0.000000   acc = 0.842
  gold_label_random = 1, sentence2_has_negation = 0  [n = 260]:	loss = 0.381  exp loss = 0.361  adjusted loss = 0.361  adv prob = 0.276355   acc = 0.846
  gold_label_random = 1, sentence2_has_negation = 1  [n = 263]:	loss = 0.516  exp loss = 0.402  adjusted loss = 0.402  adv prob = 0.000640   acc = 0.833
  gold_label_random = 2, sentence2_has_negation = 0  [n = 278]:	loss = 0.391  exp loss = 0.347  adjusted loss = 0.347  adv prob = 0.396857   acc = 0.871
  gold_label_random = 2, sentence2_has_negation = 1  [n = 270]:	loss = 0.425  exp loss = 0.521  adjusted loss = 0.521  adv prob = 0.000815   acc = 0.859
Average incurred loss: 0.447  
Average sample loss: 0.436  
Average acc: 0.824  
  gold_label_random = 0, sentence2_has_negation = 0  [n = 268]:	loss = 0.396  exp loss = 0.540  adjusted loss = 0.540  adv prob = 0.312620   acc = 0.847
  gold_label_random = 0, sentence2_has_negation = 1  [n = 264]:	loss = 0.409  exp loss = 0.505  adjusted loss = 0.505  adv prob = 0.000000   acc = 0.848
  gold_label_random = 1, sentence2_has_negation = 0  [n = 271]:	loss = 0.464  exp loss = 0.438  adjusted loss = 0.438  adv prob = 0.282050   acc = 0.815
  gold_label_random = 1, sentence2_has_negation = 1  [n = 272]:	loss = 0.459  exp loss = 0.445  adjusted loss = 0.445  adv prob = 0.000652   acc = 0.838
  gold_label_random = 2, sentence2_has_negation = 0  [n = 244]:	loss = 0.487  exp loss = 0.419  adjusted loss = 0.419  adv prob = 0.403831   acc = 0.799
  gold_label_random = 2, sentence2_has_negation = 1  [n = 281]:	loss = 0.471  exp loss = 0.459  adjusted loss = 0.459  adv prob = 0.000847   acc = 0.797
Average incurred loss: 0.434  
Average sample loss: 0.421  
Average acc: 0.834  
  gold_label_random = 0, sentence2_has_negation = 0  [n = 301]:	loss = 0.447  exp loss = 0.453  adjusted loss = 0.453  adv prob = 0.316568   acc = 0.824
  gold_label_random = 0, sentence2_has_negation = 1  [n = 252]:	loss = 0.346  exp loss = 0.415  adjusted loss = 0.415  adv prob = 0.000000   acc = 0.869
  gold_label_random = 1, sentence2_has_negation = 0  [n = 261]:	loss = 0.472  exp loss = 0.464  adjusted loss = 0.464  adv prob = 0.283498   acc = 0.839
  gold_label_random = 1, sentence2_has_negation = 1  [n = 258]:	loss = 0.442  exp loss = 0.451  adjusted loss = 0.451  adv prob = 0.000666   acc = 0.837
  gold_label_random = 2, sentence2_has_negation = 0  [n = 281]:	loss = 0.393  exp loss = 0.415  adjusted loss = 0.415  adv prob = 0.398403   acc = 0.833
  gold_label_random = 2, sentence2_has_negation = 1  [n = 247]:	loss = 0.505  exp loss = 0.555  adjusted loss = 0.555  adv prob = 0.000865   acc = 0.806
Average incurred loss: 0.415  
Average sample loss: 0.427  
Average acc: 0.849  
  gold_label_random = 0, sentence2_has_negation = 0  [n = 272]:	loss = 0.402  exp loss = 0.409  adjusted loss = 0.409  adv prob = 0.309995   acc = 0.846
  gold_label_random = 0, sentence2_has_negation = 1  [n = 277]:	loss = 0.385  exp loss = 0.219  adjusted loss = 0.219  adv prob = 0.000000   acc = 0.859
  gold_label_random = 1, sentence2_has_negation = 0  [n = 250]:	loss = 0.418  exp loss = 0.427  adjusted loss = 0.427  adv prob = 0.287832   acc = 0.844
  gold_label_random = 1, sentence2_has_negation = 1  [n = 269]:	loss = 0.444  exp loss = 0.594  adjusted loss = 0.594  adv prob = 0.000687   acc = 0.866
  gold_label_random = 2, sentence2_has_negation = 0  [n = 262]:	loss = 0.429  exp loss = 0.425  adjusted loss = 0.425  adv prob = 0.400622   acc = 0.851
  gold_label_random = 2, sentence2_has_negation = 1  [n = 270]:	loss = 0.416  exp loss = 0.379  adjusted loss = 0.379  adv prob = 0.000864   acc = 0.826
Average incurred loss: 0.469  
Average sample loss: 0.449  
Average acc: 0.819  
  gold_label_random = 0, sentence2_has_negation = 0  [n = 248]:	loss = 0.488  exp loss = 0.604  adjusted loss = 0.604  adv prob = 0.320984   acc = 0.827
  gold_label_random = 0, sentence2_has_negation = 1  [n = 260]:	loss = 0.312  exp loss = 0.305  adjusted loss = 0.305  adv prob = 0.000000   acc = 0.873
  gold_label_random = 1, sentence2_has_negation = 0  [n = 273]:	loss = 0.440  exp loss = 0.414  adjusted loss = 0.414  adv prob = 0.287750   acc = 0.853
  gold_label_random = 1, sentence2_has_negation = 1  [n = 273]:	loss = 0.554  exp loss = 0.565  adjusted loss = 0.565  adv prob = 0.000713   acc = 0.806
  gold_label_random = 2, sentence2_has_negation = 0  [n = 279]:	loss = 0.391  exp loss = 0.355  adjusted loss = 0.355  adv prob = 0.389611   acc = 0.835
  gold_label_random = 2, sentence2_has_negation = 1  [n = 267]:	loss = 0.629  exp loss = 0.638  adjusted loss = 0.638  adv prob = 0.000941   acc = 0.723
Average incurred loss: 0.424  
Average sample loss: 0.449  
Average acc: 0.844  
  gold_label_random = 0, sentence2_has_negation = 0  [n = 257]:	loss = 0.470  exp loss = 0.663  adjusted loss = 0.663  adv prob = 0.324227   acc = 0.817
  gold_label_random = 0, sentence2_has_negation = 1  [n = 259]:	loss = 0.311  exp loss = 0.363  adjusted loss = 0.363  adv prob = 0.000000   acc = 0.876
  gold_label_random = 1, sentence2_has_negation = 0  [n = 283]:	loss = 0.381  exp loss = 0.412  adjusted loss = 0.412  adv prob = 0.280756   acc = 0.869
  gold_label_random = 1, sentence2_has_negation = 1  [n = 281]:	loss = 0.375  exp loss = 0.371  adjusted loss = 0.371  adv prob = 0.000692   acc = 0.897
  gold_label_random = 2, sentence2_has_negation = 0  [n = 241]:	loss = 0.490  exp loss = 0.334  adjusted loss = 0.334  adv prob = 0.393344   acc = 0.813
  gold_label_random = 2, sentence2_has_negation = 1  [n = 279]:	loss = 0.522  exp loss = 0.401  adjusted loss = 0.401  adv prob = 0.000980   acc = 0.789
Average incurred loss: 0.447  
Average sample loss: 0.440  
Average acc: 0.829  
  gold_label_random = 0, sentence2_has_negation = 0  [n = 282]:	loss = 0.391  exp loss = 0.334  adjusted loss = 0.334  adv prob = 0.314086   acc = 0.844
  gold_label_random = 0, sentence2_has_negation = 1  [n = 265]:	loss = 0.323  exp loss = 0.322  adjusted loss = 0.322  adv prob = 0.000000   acc = 0.857
  gold_label_random = 1, sentence2_has_negation = 0  [n = 252]:	loss = 0.581  exp loss = 0.459  adjusted loss = 0.459  adv prob = 0.293386   acc = 0.810
  gold_label_random = 1, sentence2_has_negation = 1  [n = 293]:	loss = 0.425  exp loss = 0.474  adjusted loss = 0.474  adv prob = 0.000692   acc = 0.860
  gold_label_random = 2, sentence2_has_negation = 0  [n = 262]:	loss = 0.483  exp loss = 0.503  adjusted loss = 0.503  adv prob = 0.390801   acc = 0.786
  gold_label_random = 2, sentence2_has_negation = 1  [n = 246]:	loss = 0.497  exp loss = 0.593  adjusted loss = 0.593  adv prob = 0.001036   acc = 0.809
Average incurred loss: 0.428  
Average sample loss: 0.370  
Average acc: 0.837  
  gold_label_random = 0, sentence2_has_negation = 0  [n = 268]:	loss = 0.352  exp loss = 0.280  adjusted loss = 0.280  adv prob = 0.304431   acc = 0.877
  gold_label_random = 0, sentence2_has_negation = 1  [n = 256]:	loss = 0.343  exp loss = 0.373  adjusted loss = 0.373  adv prob = 0.000000   acc = 0.855
  gold_label_random = 1, sentence2_has_negation = 0  [n = 277]:	loss = 0.336  exp loss = 0.291  adjusted loss = 0.291  adv prob = 0.289165   acc = 0.874
  gold_label_random = 1, sentence2_has_negation = 1  [n = 274]:	loss = 0.528  exp loss = 0.465  adjusted loss = 0.465  adv prob = 0.000729   acc = 0.832
  gold_label_random = 2, sentence2_has_negation = 0  [n = 265]:	loss = 0.464  exp loss = 0.522  adjusted loss = 0.522  adv prob = 0.404550   acc = 0.796
  gold_label_random = 2, sentence2_has_negation = 1  [n = 260]:	loss = 0.547  exp loss = 0.580  adjusted loss = 0.580  adv prob = 0.001125   acc = 0.785
Average incurred loss: 0.387  
Average sample loss: 0.381  
Average acc: 0.859  
  gold_label_random = 0, sentence2_has_negation = 0  [n = 287]:	loss = 0.446  exp loss = 0.497  adjusted loss = 0.497  adv prob = 0.310551   acc = 0.836
  gold_label_random = 0, sentence2_has_negation = 1  [n = 279]:	loss = 0.351  exp loss = 0.320  adjusted loss = 0.320  adv prob = 0.000000   acc = 0.871
  gold_label_random = 1, sentence2_has_negation = 0  [n = 260]:	loss = 0.286  exp loss = 0.312  adjusted loss = 0.312  adv prob = 0.280908   acc = 0.923
  gold_label_random = 1, sentence2_has_negation = 1  [n = 266]:	loss = 0.446  exp loss = 0.427  adjusted loss = 0.427  adv prob = 0.000748   acc = 0.812
  gold_label_random = 2, sentence2_has_negation = 0  [n = 245]:	loss = 0.399  exp loss = 0.407  adjusted loss = 0.407  adv prob = 0.406644   acc = 0.865
  gold_label_random = 2, sentence2_has_negation = 1  [n = 263]:	loss = 0.388  exp loss = 0.432  adjusted loss = 0.432  adv prob = 0.001147   acc = 0.852
Average incurred loss: 0.429  
Average sample loss: 0.436  
Average acc: 0.851  
  gold_label_random = 0, sentence2_has_negation = 0  [n = 265]:	loss = 0.442  exp loss = 0.558  adjusted loss = 0.558  adv prob = 0.313143   acc = 0.860
  gold_label_random = 0, sentence2_has_negation = 1  [n = 258]:	loss = 0.387  exp loss = 0.412  adjusted loss = 0.412  adv prob = 0.000000   acc = 0.880
  gold_label_random = 1, sentence2_has_negation = 0  [n = 268]:	loss = 0.422  exp loss = 0.584  adjusted loss = 0.584  adv prob = 0.285505   acc = 0.858
  gold_label_random = 1, sentence2_has_negation = 1  [n = 272]:	loss = 0.396  exp loss = 0.357  adjusted loss = 0.357  adv prob = 0.000735   acc = 0.846
  gold_label_random = 2, sentence2_has_negation = 0  [n = 265]:	loss = 0.449  exp loss = 0.324  adjusted loss = 0.324  adv prob = 0.399449   acc = 0.834
  gold_label_random = 2, sentence2_has_negation = 1  [n = 272]:	loss = 0.479  exp loss = 0.348  adjusted loss = 0.348  adv prob = 0.001167   acc = 0.831
Average incurred loss: 0.471  
Average sample loss: 0.495  
Average acc: 0.827  
  gold_label_random = 0, sentence2_has_negation = 0  [n = 310]:	loss = 0.504  exp loss = 0.557  adjusted loss = 0.557  adv prob = 0.312428   acc = 0.813
  gold_label_random = 0, sentence2_has_negation = 1  [n = 269]:	loss = 0.396  exp loss = 0.421  adjusted loss = 0.421  adv prob = 0.000000   acc = 0.851
  gold_label_random = 1, sentence2_has_negation = 0  [n = 250]:	loss = 0.469  exp loss = 0.456  adjusted loss = 0.456  adv prob = 0.277959   acc = 0.840
  gold_label_random = 1, sentence2_has_negation = 1  [n = 242]:	loss = 0.471  exp loss = 0.317  adjusted loss = 0.317  adv prob = 0.000736   acc = 0.855
  gold_label_random = 2, sentence2_has_negation = 0  [n = 254]:	loss = 0.517  exp loss = 0.527  adjusted loss = 0.527  adv prob = 0.407732   acc = 0.795
  gold_label_random = 2, sentence2_has_negation = 1  [n = 275]:	loss = 0.469  exp loss = 0.405  adjusted loss = 0.405  adv prob = 0.001145   acc = 0.811
Average incurred loss: 0.464  
Average sample loss: 0.455  
Average acc: 0.833  
  gold_label_random = 0, sentence2_has_negation = 0  [n = 266]:	loss = 0.533  exp loss = 0.532  adjusted loss = 0.532  adv prob = 0.322812   acc = 0.805
  gold_label_random = 0, sentence2_has_negation = 1  [n = 253]:	loss = 0.400  exp loss = 0.501  adjusted loss = 0.501  adv prob = 0.000000   acc = 0.838
  gold_label_random = 1, sentence2_has_negation = 0  [n = 264]:	loss = 0.403  exp loss = 0.396  adjusted loss = 0.396  adv prob = 0.273102   acc = 0.864
  gold_label_random = 1, sentence2_has_negation = 1  [n = 308]:	loss = 0.527  exp loss = 0.468  adjusted loss = 0.468  adv prob = 0.000764   acc = 0.857
  gold_label_random = 2, sentence2_has_negation = 0  [n = 256]:	loss = 0.466  exp loss = 0.491  adjusted loss = 0.491  adv prob = 0.402182   acc = 0.805
  gold_label_random = 2, sentence2_has_negation = 1  [n = 253]:	loss = 0.443  exp loss = 0.432  adjusted loss = 0.432  adv prob = 0.001140   acc = 0.826
Average incurred loss: 0.427  
Average sample loss: 0.453  
Average acc: 0.851  
  gold_label_random = 0, sentence2_has_negation = 0  [n = 261]:	loss = 0.446  exp loss = 0.618  adjusted loss = 0.618  adv prob = 0.326428   acc = 0.831
  gold_label_random = 0, sentence2_has_negation = 1  [n = 281]:	loss = 0.298  exp loss = 0.266  adjusted loss = 0.266  adv prob = 0.000000   acc = 0.890
  gold_label_random = 1, sentence2_has_negation = 0  [n = 265]:	loss = 0.528  exp loss = 0.638  adjusted loss = 0.638  adv prob = 0.281100   acc = 0.845
  gold_label_random = 1, sentence2_has_negation = 1  [n = 261]:	loss = 0.411  exp loss = 0.411  adjusted loss = 0.411  adv prob = 0.000740   acc = 0.866
  gold_label_random = 2, sentence2_has_negation = 0  [n = 265]:	loss = 0.380  exp loss = 0.357  adjusted loss = 0.357  adv prob = 0.390566   acc = 0.857
  gold_label_random = 2, sentence2_has_negation = 1  [n = 267]:	loss = 0.507  exp loss = 0.595  adjusted loss = 0.595  adv prob = 0.001165   acc = 0.813
Average incurred loss: 0.436  
Average sample loss: 0.439  
Average acc: 0.836  
  gold_label_random = 0, sentence2_has_negation = 0  [n = 300]:	loss = 0.354  exp loss = 0.399  adjusted loss = 0.399  adv prob = 0.315701   acc = 0.870
  gold_label_random = 0, sentence2_has_negation = 1  [n = 254]:	loss = 0.366  exp loss = 0.529  adjusted loss = 0.529  adv prob = 0.000000   acc = 0.843
  gold_label_random = 1, sentence2_has_negation = 0  [n = 249]:	loss = 0.442  exp loss = 0.442  adjusted loss = 0.442  adv prob = 0.277784   acc = 0.847
  gold_label_random = 1, sentence2_has_negation = 1  [n = 255]:	loss = 0.354  exp loss = 0.429  adjusted loss = 0.429  adv prob = 0.000705   acc = 0.894
  gold_label_random = 2, sentence2_has_negation = 0  [n = 267]:	loss = 0.523  exp loss = 0.530  adjusted loss = 0.530  adv prob = 0.404556   acc = 0.801
  gold_label_random = 2, sentence2_has_negation = 1  [n = 275]:	loss = 0.577  exp loss = 0.425  adjusted loss = 0.425  adv prob = 0.001255   acc = 0.760
Average incurred loss: 0.436  
Average sample loss: 0.430  
Average acc: 0.839  
  gold_label_random = 0, sentence2_has_negation = 0  [n = 262]:	loss = 0.413  exp loss = 0.445  adjusted loss = 0.445  adv prob = 0.316315   acc = 0.863
  gold_label_random = 0, sentence2_has_negation = 1  [n = 253]:	loss = 0.373  exp loss = 0.322  adjusted loss = 0.322  adv prob = 0.000000   acc = 0.842
  gold_label_random = 1, sentence2_has_negation = 0  [n = 258]:	loss = 0.525  exp loss = 0.386  adjusted loss = 0.386  adv prob = 0.291287   acc = 0.818
  gold_label_random = 1, sentence2_has_negation = 1  [n = 251]:	loss = 0.379  exp loss = 0.392  adjusted loss = 0.392  adv prob = 0.000695   acc = 0.861
  gold_label_random = 2, sentence2_has_negation = 0  [n = 287]:	loss = 0.412  exp loss = 0.368  adjusted loss = 0.368  adv prob = 0.390414   acc = 0.854
  gold_label_random = 2, sentence2_has_negation = 1  [n = 289]:	loss = 0.506  exp loss = 0.436  adjusted loss = 0.436  adv prob = 0.001289   acc = 0.799
Average incurred loss: 0.434  
Average sample loss: 0.414  
Average acc: 0.843  
  gold_label_random = 0, sentence2_has_negation = 0  [n = 277]:	loss = 0.393  exp loss = 0.262  adjusted loss = 0.262  adv prob = 0.312481   acc = 0.863
  gold_label_random = 0, sentence2_has_negation = 1  [n = 255]:	loss = 0.385  exp loss = 0.319  adjusted loss = 0.319  adv prob = 0.000000   acc = 0.863
  gold_label_random = 1, sentence2_has_negation = 0  [n = 285]:	loss = 0.400  exp loss = 0.436  adjusted loss = 0.436  adv prob = 0.293278   acc = 0.891
  gold_label_random = 1, sentence2_has_negation = 1  [n = 265]:	loss = 0.425  exp loss = 0.470  adjusted loss = 0.470  adv prob = 0.000700   acc = 0.872
  gold_label_random = 2, sentence2_has_negation = 0  [n = 244]:	loss = 0.417  exp loss = 0.372  adjusted loss = 0.372  adv prob = 0.392126   acc = 0.828
  gold_label_random = 2, sentence2_has_negation = 1  [n = 274]:	loss = 0.579  exp loss = 0.542  adjusted loss = 0.542  adv prob = 0.001416   acc = 0.741
Average incurred loss: 0.423  
Average sample loss: 0.450  
Average acc: 0.841  
  gold_label_random = 0, sentence2_has_negation = 0  [n = 270]:	loss = 0.481  exp loss = 0.562  adjusted loss = 0.562  adv prob = 0.322933   acc = 0.830
  gold_label_random = 0, sentence2_has_negation = 1  [n = 293]:	loss = 0.430  exp loss = 0.478  adjusted loss = 0.478  adv prob = 0.000000   acc = 0.829
  gold_label_random = 1, sentence2_has_negation = 0  [n = 270]:	loss = 0.406  exp loss = 0.458  adjusted loss = 0.458  adv prob = 0.281971   acc = 0.863
  gold_label_random = 1, sentence2_has_negation = 1  [n = 267]:	loss = 0.387  exp loss = 0.426  adjusted loss = 0.426  adv prob = 0.000668   acc = 0.869
  gold_label_random = 2, sentence2_has_negation = 0  [n = 249]:	loss = 0.426  exp loss = 0.355  adjusted loss = 0.355  adv prob = 0.393051   acc = 0.831
  gold_label_random = 2, sentence2_has_negation = 1  [n = 251]:	loss = 0.405  exp loss = 0.315  adjusted loss = 0.315  adv prob = 0.001377   acc = 0.825
Average incurred loss: 0.421  
Average sample loss: 0.444  
Average acc: 0.836  
  gold_label_random = 0, sentence2_has_negation = 0  [n = 277]:	loss = 0.449  exp loss = 0.362  adjusted loss = 0.362  adv prob = 0.320501   acc = 0.830
  gold_label_random = 0, sentence2_has_negation = 1  [n = 250]:	loss = 0.429  exp loss = 0.333  adjusted loss = 0.333  adv prob = 0.000000   acc = 0.808
  gold_label_random = 1, sentence2_has_negation = 0  [n = 284]:	loss = 0.412  exp loss = 0.373  adjusted loss = 0.373  adv prob = 0.279581   acc = 0.873
  gold_label_random = 1, sentence2_has_negation = 1  [n = 258]:	loss = 0.342  exp loss = 0.350  adjusted loss = 0.350  adv prob = 0.000621   acc = 0.872
  gold_label_random = 2, sentence2_has_negation = 0  [n = 256]:	loss = 0.475  exp loss = 0.457  adjusted loss = 0.457  adv prob = 0.397945   acc = 0.793
  gold_label_random = 2, sentence2_has_negation = 1  [n = 275]:	loss = 0.418  exp loss = 0.516  adjusted loss = 0.516  adv prob = 0.001351   acc = 0.833
Average incurred loss: 0.407  
Average sample loss: 0.417  
Average acc: 0.853  
  gold_label_random = 0, sentence2_has_negation = 0  [n = 260]:	loss = 0.427  exp loss = 0.519  adjusted loss = 0.519  adv prob = 0.326657   acc = 0.835
  gold_label_random = 0, sentence2_has_negation = 1  [n = 292]:	loss = 0.388  exp loss = 0.322  adjusted loss = 0.322  adv prob = 0.000000   acc = 0.853
  gold_label_random = 1, sentence2_has_negation = 0  [n = 252]:	loss = 0.420  exp loss = 0.271  adjusted loss = 0.271  adv prob = 0.277361   acc = 0.857
  gold_label_random = 1, sentence2_has_negation = 1  [n = 276]:	loss = 0.386  exp loss = 0.410  adjusted loss = 0.410  adv prob = 0.000614   acc = 0.884
  gold_label_random = 2, sentence2_has_negation = 0  [n = 236]:	loss = 0.412  exp loss = 0.387  adjusted loss = 0.387  adv prob = 0.394020   acc = 0.843
  gold_label_random = 2, sentence2_has_negation = 1  [n = 284]:	loss = 0.412  exp loss = 0.391  adjusted loss = 0.391  adv prob = 0.001348   acc = 0.842
Average incurred loss: 0.400  
Average sample loss: 0.415  
Average acc: 0.854  
  gold_label_random = 0, sentence2_has_negation = 0  [n = 269]:	loss = 0.415  exp loss = 0.391  adjusted loss = 0.391  adv prob = 0.330319   acc = 0.844
  gold_label_random = 0, sentence2_has_negation = 1  [n = 254]:	loss = 0.272  exp loss = 0.212  adjusted loss = 0.212  adv prob = 0.000000   acc = 0.898
  gold_label_random = 1, sentence2_has_negation = 0  [n = 272]:	loss = 0.380  exp loss = 0.432  adjusted loss = 0.432  adv prob = 0.277442   acc = 0.864
  gold_label_random = 1, sentence2_has_negation = 1  [n = 272]:	loss = 0.464  exp loss = 0.461  adjusted loss = 0.461  adv prob = 0.000642   acc = 0.846
  gold_label_random = 2, sentence2_has_negation = 0  [n = 267]:	loss = 0.408  exp loss = 0.403  adjusted loss = 0.403  adv prob = 0.390228   acc = 0.846
  gold_label_random = 2, sentence2_has_negation = 1  [n = 266]:	loss = 0.454  exp loss = 0.499  adjusted loss = 0.499  adv prob = 0.001369   acc = 0.827
Average incurred loss: 0.440  
Average sample loss: 0.448  
Average acc: 0.824  
  gold_label_random = 0, sentence2_has_negation = 0  [n = 270]:	loss = 0.365  exp loss = 0.486  adjusted loss = 0.486  adv prob = 0.320224   acc = 0.848
  gold_label_random = 0, sentence2_has_negation = 1  [n = 278]:	loss = 0.358  exp loss = 0.344  adjusted loss = 0.344  adv prob = 0.000000   acc = 0.849
  gold_label_random = 1, sentence2_has_negation = 0  [n = 266]:	loss = 0.448  exp loss = 0.389  adjusted loss = 0.389  adv prob = 0.275615   acc = 0.831
  gold_label_random = 1, sentence2_has_negation = 1  [n = 254]:	loss = 0.541  exp loss = 0.453  adjusted loss = 0.453  adv prob = 0.000663   acc = 0.780
  gold_label_random = 2, sentence2_has_negation = 0  [n = 271]:	loss = 0.487  exp loss = 0.414  adjusted loss = 0.414  adv prob = 0.402135   acc = 0.815
  gold_label_random = 2, sentence2_has_negation = 1  [n = 261]:	loss = 0.449  exp loss = 0.456  adjusted loss = 0.456  adv prob = 0.001363   acc = 0.816
Average incurred loss: 0.423  
Average sample loss: 0.415  
Average acc: 0.842  
  gold_label_random = 0, sentence2_has_negation = 0  [n = 279]:	loss = 0.324  exp loss = 0.297  adjusted loss = 0.297  adv prob = 0.310497   acc = 0.864
  gold_label_random = 0, sentence2_has_negation = 1  [n = 260]:	loss = 0.430  exp loss = 0.471  adjusted loss = 0.471  adv prob = 0.000000   acc = 0.835
  gold_label_random = 1, sentence2_has_negation = 0  [n = 259]:	loss = 0.389  exp loss = 0.482  adjusted loss = 0.482  adv prob = 0.273551   acc = 0.873
  gold_label_random = 1, sentence2_has_negation = 1  [n = 291]:	loss = 0.412  exp loss = 0.438  adjusted loss = 0.438  adv prob = 0.000662   acc = 0.856
  gold_label_random = 2, sentence2_has_negation = 0  [n = 246]:	loss = 0.492  exp loss = 0.512  adjusted loss = 0.512  adv prob = 0.413894   acc = 0.813
  gold_label_random = 2, sentence2_has_negation = 1  [n = 265]:	loss = 0.501  exp loss = 0.370  adjusted loss = 0.370  adv prob = 0.001395   acc = 0.808
Average incurred loss: 0.451  
Average sample loss: 0.439  
Average acc: 0.845  
  gold_label_random = 0, sentence2_has_negation = 0  [n = 247]:	loss = 0.521  exp loss = 0.463  adjusted loss = 0.463  adv prob = 0.315404   acc = 0.818
  gold_label_random = 0, sentence2_has_negation = 1  [n = 255]:	loss = 0.711  exp loss = 0.718  adjusted loss = 0.718  adv prob = 0.000000   acc = 0.722
  gold_label_random = 1, sentence2_has_negation = 0  [n = 277]:	loss = 0.465  exp loss = 0.571  adjusted loss = 0.571  adv prob = 0.279100   acc = 0.852
  gold_label_random = 1, sentence2_has_negation = 1  [n = 273]:	loss = 0.320  exp loss = 0.314  adjusted loss = 0.314  adv prob = 0.000621   acc = 0.905
  gold_label_random = 2, sentence2_has_negation = 0  [n = 251]:	loss = 0.366  exp loss = 0.434  adjusted loss = 0.434  adv prob = 0.403533   acc = 0.876
  gold_label_random = 2, sentence2_has_negation = 1  [n = 297]:	loss = 0.347  exp loss = 0.361  adjusted loss = 0.361  adv prob = 0.001342   acc = 0.886
Average incurred loss: 0.393  
Average sample loss: 0.414  
Average acc: 0.852  
  gold_label_random = 0, sentence2_has_negation = 0  [n = 277]:	loss = 0.433  exp loss = 0.476  adjusted loss = 0.476  adv prob = 0.319226   acc = 0.852
  gold_label_random = 0, sentence2_has_negation = 1  [n = 306]:	loss = 0.380  exp loss = 0.341  adjusted loss = 0.341  adv prob = 0.000000   acc = 0.837
  gold_label_random = 1, sentence2_has_negation = 0  [n = 282]:	loss = 0.361  exp loss = 0.469  adjusted loss = 0.469  adv prob = 0.275845   acc = 0.894
  gold_label_random = 1, sentence2_has_negation = 1  [n = 245]:	loss = 0.387  exp loss = 0.433  adjusted loss = 0.433  adv prob = 0.000616   acc = 0.869
  gold_label_random = 2, sentence2_has_negation = 0  [n = 250]:	loss = 0.394  exp loss = 0.535  adjusted loss = 0.535  adv prob = 0.402971   acc = 0.812
  gold_label_random = 2, sentence2_has_negation = 1  [n = 240]:	loss = 0.409  exp loss = 0.448  adjusted loss = 0.448  adv prob = 0.001343   acc = 0.850
Average incurred loss: 0.442  
Average sample loss: 0.422  
Average acc: 0.834  
  gold_label_random = 0, sentence2_has_negation = 0  [n = 247]:	loss = 0.478  exp loss = 0.408  adjusted loss = 0.408  adv prob = 0.323157   acc = 0.830
  gold_label_random = 0, sentence2_has_negation = 1  [n = 258]:	loss = 0.459  exp loss = 0.350  adjusted loss = 0.350  adv prob = 0.000000   acc = 0.798
  gold_label_random = 1, sentence2_has_negation = 0  [n = 276]:	loss = 0.351  exp loss = 0.389  adjusted loss = 0.389  adv prob = 0.269515   acc = 0.880
  gold_label_random = 1, sentence2_has_negation = 1  [n = 263]:	loss = 0.456  exp loss = 0.343  adjusted loss = 0.343  adv prob = 0.000627   acc = 0.848
  gold_label_random = 2, sentence2_has_negation = 0  [n = 299]:	loss = 0.447  exp loss = 0.429  adjusted loss = 0.429  adv prob = 0.405365   acc = 0.826
  gold_label_random = 2, sentence2_has_negation = 1  [n = 257]:	loss = 0.465  exp loss = 0.580  adjusted loss = 0.580  adv prob = 0.001336   acc = 0.821
Average incurred loss: 0.443  
Average sample loss: 0.469  
Average acc: 0.843  
  gold_label_random = 0, sentence2_has_negation = 0  [n = 291]:	loss = 0.463  exp loss = 0.554  adjusted loss = 0.554  adv prob = 0.326518   acc = 0.842
  gold_label_random = 0, sentence2_has_negation = 1  [n = 264]:	loss = 0.342  exp loss = 0.294  adjusted loss = 0.294  adv prob = 0.000000   acc = 0.864
  gold_label_random = 1, sentence2_has_negation = 0  [n = 257]:	loss = 0.439  exp loss = 0.468  adjusted loss = 0.468  adv prob = 0.268744   acc = 0.860
  gold_label_random = 1, sentence2_has_negation = 1  [n = 278]:	loss = 0.501  exp loss = 0.484  adjusted loss = 0.484  adv prob = 0.000641   acc = 0.838
  gold_label_random = 2, sentence2_has_negation = 0  [n = 272]:	loss = 0.428  exp loss = 0.411  adjusted loss = 0.411  adv prob = 0.402751   acc = 0.853
  gold_label_random = 2, sentence2_has_negation = 1  [n = 238]:	loss = 0.485  exp loss = 0.568  adjusted loss = 0.568  adv prob = 0.001346   acc = 0.798
Average incurred loss: 0.393  
Average sample loss: 0.335  
Average acc: 0.861  
  gold_label_random = 0, sentence2_has_negation = 0  [n = 255]:	loss = 0.390  exp loss = 0.462  adjusted loss = 0.462  adv prob = 0.329169   acc = 0.863
  gold_label_random = 0, sentence2_has_negation = 1  [n = 270]:	loss = 0.455  exp loss = 0.477  adjusted loss = 0.477  adv prob = 0.000000   acc = 0.822
  gold_label_random = 1, sentence2_has_negation = 0  [n = 262]:	loss = 0.317  exp loss = 0.311  adjusted loss = 0.311  adv prob = 0.263910   acc = 0.920
  gold_label_random = 1, sentence2_has_negation = 1  [n = 298]:	loss = 0.343  exp loss = 0.309  adjusted loss = 0.309  adv prob = 0.000649   acc = 0.893
  gold_label_random = 2, sentence2_has_negation = 0  [n = 257]:	loss = 0.371  exp loss = 0.413  adjusted loss = 0.413  adv prob = 0.404835   acc = 0.868
  gold_label_random = 2, sentence2_has_negation = 1  [n = 258]:	loss = 0.486  exp loss = 0.489  adjusted loss = 0.489  adv prob = 0.001436   acc = 0.795
Average incurred loss: 0.392  
Average sample loss: 0.408  
Average acc: 0.854  
  gold_label_random = 0, sentence2_has_negation = 0  [n = 252]:	loss = 0.429  exp loss = 0.353  adjusted loss = 0.353  adv prob = 0.333071   acc = 0.833
  gold_label_random = 0, sentence2_has_negation = 1  [n = 251]:	loss = 0.299  exp loss = 0.258  adjusted loss = 0.258  adv prob = 0.000000   acc = 0.869
  gold_label_random = 1, sentence2_has_negation = 0  [n = 279]:	loss = 0.456  exp loss = 0.471  adjusted loss = 0.471  adv prob = 0.273362   acc = 0.849
  gold_label_random = 1, sentence2_has_negation = 1  [n = 270]:	loss = 0.331  exp loss = 0.240  adjusted loss = 0.240  adv prob = 0.000624   acc = 0.889
  gold_label_random = 2, sentence2_has_negation = 0  [n = 278]:	loss = 0.371  exp loss = 0.255  adjusted loss = 0.255  adv prob = 0.391440   acc = 0.867
  gold_label_random = 2, sentence2_has_negation = 1  [n = 270]:	loss = 0.460  exp loss = 0.534  adjusted loss = 0.534  adv prob = 0.001503   acc = 0.819
Average incurred loss: 0.416  
Average sample loss: 0.411  
Average acc: 0.847  
  gold_label_random = 0, sentence2_has_negation = 0  [n = 285]:	loss = 0.343  exp loss = 0.248  adjusted loss = 0.248  adv prob = 0.319287   acc = 0.870
  gold_label_random = 0, sentence2_has_negation = 1  [n = 265]:	loss = 0.317  exp loss = 0.269  adjusted loss = 0.269  adv prob = 0.000000   acc = 0.891
  gold_label_random = 1, sentence2_has_negation = 0  [n = 283]:	loss = 0.440  exp loss = 0.526  adjusted loss = 0.526  adv prob = 0.276143   acc = 0.852
  gold_label_random = 1, sentence2_has_negation = 1  [n = 252]:	loss = 0.468  exp loss = 0.570  adjusted loss = 0.570  adv prob = 0.000633   acc = 0.841
  gold_label_random = 2, sentence2_has_negation = 0  [n = 254]:	loss = 0.450  exp loss = 0.421  adjusted loss = 0.421  adv prob = 0.402331   acc = 0.827
  gold_label_random = 2, sentence2_has_negation = 1  [n = 261]:	loss = 0.489  exp loss = 0.568  adjusted loss = 0.568  adv prob = 0.001605   acc = 0.801
Average incurred loss: 0.459  
Average sample loss: 0.463  
Average acc: 0.824  
  gold_label_random = 0, sentence2_has_negation = 0  [n = 254]:	loss = 0.444  exp loss = 0.494  adjusted loss = 0.494  adv prob = 0.314842   acc = 0.843
  gold_label_random = 0, sentence2_has_negation = 1  [n = 275]:	loss = 0.261  exp loss = 0.299  adjusted loss = 0.299  adv prob = 0.000000   acc = 0.913
  gold_label_random = 1, sentence2_has_negation = 0  [n = 303]:	loss = 0.416  exp loss = 0.321  adjusted loss = 0.321  adv prob = 0.270473   acc = 0.812
  gold_label_random = 1, sentence2_has_negation = 1  [n = 270]:	loss = 0.522  exp loss = 0.465  adjusted loss = 0.465  adv prob = 0.000654   acc = 0.822
  gold_label_random = 2, sentence2_has_negation = 0  [n = 261]:	loss = 0.552  exp loss = 0.542  adjusted loss = 0.542  adv prob = 0.412349   acc = 0.797
  gold_label_random = 2, sentence2_has_negation = 1  [n = 237]:	loss = 0.588  exp loss = 0.606  adjusted loss = 0.606  adv prob = 0.001682   acc = 0.747
Average incurred loss: 0.393  
Average sample loss: 0.416  
Average acc: 0.854  
  gold_label_random = 0, sentence2_has_negation = 0  [n = 277]:	loss = 0.399  exp loss = 0.303  adjusted loss = 0.303  adv prob = 0.310976   acc = 0.863
  gold_label_random = 0, sentence2_has_negation = 1  [n = 272]:	loss = 0.276  exp loss = 0.247  adjusted loss = 0.247  adv prob = 0.000000   acc = 0.893
  gold_label_random = 1, sentence2_has_negation = 0  [n = 271]:	loss = 0.427  exp loss = 0.330  adjusted loss = 0.330  adv prob = 0.274119   acc = 0.878
  gold_label_random = 1, sentence2_has_negation = 1  [n = 261]:	loss = 0.422  exp loss = 0.624  adjusted loss = 0.624  adv prob = 0.000669   acc = 0.847
  gold_label_random = 2, sentence2_has_negation = 0  [n = 258]:	loss = 0.372  exp loss = 0.457  adjusted loss = 0.457  adv prob = 0.412511   acc = 0.845
  gold_label_random = 2, sentence2_has_negation = 1  [n = 261]:	loss = 0.466  exp loss = 0.485  adjusted loss = 0.485  adv prob = 0.001724   acc = 0.797
Average incurred loss: 0.464  
Average sample loss: 0.439  
Average acc: 0.828  
  gold_label_random = 0, sentence2_has_negation = 0  [n = 285]:	loss = 0.454  exp loss = 0.454  adjusted loss = 0.454  adv prob = 0.316347   acc = 0.842
  gold_label_random = 0, sentence2_has_negation = 1  [n = 263]:	loss = 0.385  exp loss = 0.500  adjusted loss = 0.500  adv prob = 0.000000   acc = 0.844
  gold_label_random = 1, sentence2_has_negation = 0  [n = 252]:	loss = 0.443  exp loss = 0.337  adjusted loss = 0.337  adv prob = 0.268964   acc = 0.849
  gold_label_random = 1, sentence2_has_negation = 1  [n = 258]:	loss = 0.514  exp loss = 0.518  adjusted loss = 0.518  adv prob = 0.000686   acc = 0.829
  gold_label_random = 2, sentence2_has_negation = 0  [n = 280]:	loss = 0.467  exp loss = 0.417  adjusted loss = 0.417  adv prob = 0.412210   acc = 0.821
  gold_label_random = 2, sentence2_has_negation = 1  [n = 262]:	loss = 0.525  exp loss = 0.567  adjusted loss = 0.567  adv prob = 0.001793   acc = 0.779
Average incurred loss: 0.433  
Average sample loss: 0.475  
Average acc: 0.840  
  gold_label_random = 0, sentence2_has_negation = 0  [n = 258]:	loss = 0.415  exp loss = 0.622  adjusted loss = 0.622  adv prob = 0.323307   acc = 0.849
  gold_label_random = 0, sentence2_has_negation = 1  [n = 267]:	loss = 0.325  exp loss = 0.471  adjusted loss = 0.471  adv prob = 0.000000   acc = 0.884
  gold_label_random = 1, sentence2_has_negation = 0  [n = 273]:	loss = 0.494  exp loss = 0.517  adjusted loss = 0.517  adv prob = 0.280989   acc = 0.850
  gold_label_random = 1, sentence2_has_negation = 1  [n = 282]:	loss = 0.333  exp loss = 0.432  adjusted loss = 0.432  adv prob = 0.000638   acc = 0.887
  gold_label_random = 2, sentence2_has_negation = 0  [n = 259]:	loss = 0.416  exp loss = 0.359  adjusted loss = 0.359  adv prob = 0.393102   acc = 0.819
  gold_label_random = 2, sentence2_has_negation = 1  [n = 261]:	loss = 0.625  exp loss = 0.621  adjusted loss = 0.621  adv prob = 0.001964   acc = 0.747
Average incurred loss: 0.442  
Average sample loss: 0.396  
Average acc: 0.846  
  gold_label_random = 0, sentence2_has_negation = 0  [n = 258]:	loss = 0.402  exp loss = 0.340  adjusted loss = 0.340  adv prob = 0.320549   acc = 0.841
  gold_label_random = 0, sentence2_has_negation = 1  [n = 246]:	loss = 0.440  exp loss = 0.467  adjusted loss = 0.467  adv prob = 0.000000   acc = 0.854
  gold_label_random = 1, sentence2_has_negation = 0  [n = 261]:	loss = 0.335  exp loss = 0.355  adjusted loss = 0.355  adv prob = 0.272892   acc = 0.893
  gold_label_random = 1, sentence2_has_negation = 1  [n = 269]:	loss = 0.588  exp loss = 0.513  adjusted loss = 0.513  adv prob = 0.000693   acc = 0.796
  gold_label_random = 2, sentence2_has_negation = 0  [n = 290]:	loss = 0.457  exp loss = 0.555  adjusted loss = 0.555  adv prob = 0.403867   acc = 0.838
  gold_label_random = 2, sentence2_has_negation = 1  [n = 276]:	loss = 0.423  exp loss = 0.353  adjusted loss = 0.353  adv prob = 0.001999   acc = 0.859
Average incurred loss: 0.406  
Average sample loss: 0.409  
Average acc: 0.847  
  gold_label_random = 0, sentence2_has_negation = 0  [n = 268]:	loss = 0.335  exp loss = 0.184  adjusted loss = 0.184  adv prob = 0.315448   acc = 0.869
  gold_label_random = 0, sentence2_has_negation = 1  [n = 266]:	loss = 0.307  exp loss = 0.285  adjusted loss = 0.285  adv prob = 0.000000   acc = 0.887
  gold_label_random = 1, sentence2_has_negation = 0  [n = 254]:	loss = 0.486  exp loss = 0.505  adjusted loss = 0.505  adv prob = 0.282511   acc = 0.831
  gold_label_random = 1, sentence2_has_negation = 1  [n = 257]:	loss = 0.402  exp loss = 0.522  adjusted loss = 0.522  adv prob = 0.000687   acc = 0.864
  gold_label_random = 2, sentence2_has_negation = 0  [n = 257]:	loss = 0.419  exp loss = 0.387  adjusted loss = 0.387  adv prob = 0.399287   acc = 0.817
  gold_label_random = 2, sentence2_has_negation = 1  [n = 298]:	loss = 0.484  exp loss = 0.596  adjusted loss = 0.596  adv prob = 0.002068   acc = 0.815
Average incurred loss: 0.403  
Average sample loss: 0.389  
Average acc: 0.851  
  gold_label_random = 0, sentence2_has_negation = 0  [n = 251]:	loss = 0.426  exp loss = 0.408  adjusted loss = 0.408  adv prob = 0.318355   acc = 0.869
  gold_label_random = 0, sentence2_has_negation = 1  [n = 266]:	loss = 0.358  exp loss = 0.281  adjusted loss = 0.281  adv prob = 0.000000   acc = 0.876
  gold_label_random = 1, sentence2_has_negation = 0  [n = 250]:	loss = 0.385  exp loss = 0.449  adjusted loss = 0.449  adv prob = 0.281540   acc = 0.852
  gold_label_random = 1, sentence2_has_negation = 1  [n = 261]:	loss = 0.442  exp loss = 0.528  adjusted loss = 0.528  adv prob = 0.000710   acc = 0.831
  gold_label_random = 2, sentence2_has_negation = 0  [n = 286]:	loss = 0.374  exp loss = 0.485  adjusted loss = 0.485  adv prob = 0.397241   acc = 0.850
  gold_label_random = 2, sentence2_has_negation = 1  [n = 286]:	loss = 0.434  exp loss = 0.355  adjusted loss = 0.355  adv prob = 0.002154   acc = 0.829
Average incurred loss: 0.396  
Average sample loss: 0.372  
Average acc: 0.851  
  gold_label_random = 0, sentence2_has_negation = 0  [n = 274]:	loss = 0.380  exp loss = 0.322  adjusted loss = 0.322  adv prob = 0.317133   acc = 0.865
  gold_label_random = 0, sentence2_has_negation = 1  [n = 283]:	loss = 0.245  exp loss = 0.123  adjusted loss = 0.123  adv prob = 0.000000   acc = 0.894
  gold_label_random = 1, sentence2_has_negation = 0  [n = 251]:	loss = 0.375  exp loss = 0.306  adjusted loss = 0.306  adv prob = 0.282753   acc = 0.861
  gold_label_random = 1, sentence2_has_negation = 1  [n = 268]:	loss = 0.504  exp loss = 0.471  adjusted loss = 0.471  adv prob = 0.000750   acc = 0.825
  gold_label_random = 2, sentence2_has_negation = 0  [n = 260]:	loss = 0.372  exp loss = 0.414  adjusted loss = 0.414  adv prob = 0.397079   acc = 0.869
  gold_label_random = 2, sentence2_has_negation = 1  [n = 264]:	loss = 0.508  exp loss = 0.603  adjusted loss = 0.603  adv prob = 0.002285   acc = 0.792
Average incurred loss: 0.434  
Average sample loss: 0.431  
Average acc: 0.848  
  gold_label_random = 0, sentence2_has_negation = 0  [n = 263]:	loss = 0.425  exp loss = 0.395  adjusted loss = 0.395  adv prob = 0.310731   acc = 0.859
  gold_label_random = 0, sentence2_has_negation = 1  [n = 299]:	loss = 0.311  exp loss = 0.295  adjusted loss = 0.295  adv prob = 0.000000   acc = 0.883
  gold_label_random = 1, sentence2_has_negation = 0  [n = 272]:	loss = 0.454  exp loss = 0.388  adjusted loss = 0.388  adv prob = 0.289838   acc = 0.857
  gold_label_random = 1, sentence2_has_negation = 1  [n = 255]:	loss = 0.479  exp loss = 0.416  adjusted loss = 0.416  adv prob = 0.000771   acc = 0.835
  gold_label_random = 2, sentence2_has_negation = 0  [n = 251]:	loss = 0.448  exp loss = 0.349  adjusted loss = 0.349  adv prob = 0.396340   acc = 0.833
  gold_label_random = 2, sentence2_has_negation = 1  [n = 260]:	loss = 0.509  exp loss = 0.519  adjusted loss = 0.519  adv prob = 0.002320   acc = 0.815
Average incurred loss: 0.387  
Average sample loss: 0.371  
Average acc: 0.855  
  gold_label_random = 0, sentence2_has_negation = 0  [n = 277]:	loss = 0.357  exp loss = 0.283  adjusted loss = 0.283  adv prob = 0.306964   acc = 0.859
  gold_label_random = 0, sentence2_has_negation = 1  [n = 241]:	loss = 0.326  exp loss = 0.435  adjusted loss = 0.435  adv prob = 0.000000   acc = 0.871
  gold_label_random = 1, sentence2_has_negation = 0  [n = 287]:	loss = 0.360  exp loss = 0.268  adjusted loss = 0.268  adv prob = 0.288567   acc = 0.854
  gold_label_random = 1, sentence2_has_negation = 1  [n = 284]:	loss = 0.433  exp loss = 0.437  adjusted loss = 0.437  adv prob = 0.000796   acc = 0.856
  gold_label_random = 2, sentence2_has_negation = 0  [n = 271]:	loss = 0.453  exp loss = 0.394  adjusted loss = 0.394  adv prob = 0.401351   acc = 0.823
  gold_label_random = 2, sentence2_has_negation = 1  [n = 240]:	loss = 0.388  exp loss = 0.517  adjusted loss = 0.517  adv prob = 0.002321   acc = 0.871
Average incurred loss: 0.413  
Average sample loss: 0.424  
Average acc: 0.849  
  gold_label_random = 0, sentence2_has_negation = 0  [n = 278]:	loss = 0.409  exp loss = 0.376  adjusted loss = 0.376  adv prob = 0.302642   acc = 0.849
  gold_label_random = 0, sentence2_has_negation = 1  [n = 267]:	loss = 0.389  exp loss = 0.522  adjusted loss = 0.522  adv prob = 0.000000   acc = 0.876
  gold_label_random = 1, sentence2_has_negation = 0  [n = 252]:	loss = 0.393  exp loss = 0.335  adjusted loss = 0.335  adv prob = 0.283533   acc = 0.861
  gold_label_random = 1, sentence2_has_negation = 1  [n = 275]:	loss = 0.363  exp loss = 0.416  adjusted loss = 0.416  adv prob = 0.000777   acc = 0.873
  gold_label_random = 2, sentence2_has_negation = 0  [n = 272]:	loss = 0.473  exp loss = 0.596  adjusted loss = 0.596  adv prob = 0.410689   acc = 0.824
  gold_label_random = 2, sentence2_has_negation = 1  [n = 256]:	loss = 0.453  exp loss = 0.523  adjusted loss = 0.523  adv prob = 0.002360   acc = 0.813
Average incurred loss: 0.389  
Average sample loss: 0.401  
Average acc: 0.859  
  gold_label_random = 0, sentence2_has_negation = 0  [n = 269]:	loss = 0.369  exp loss = 0.281  adjusted loss = 0.281  adv prob = 0.299210   acc = 0.877
  gold_label_random = 0, sentence2_has_negation = 1  [n = 293]:	loss = 0.369  exp loss = 0.379  adjusted loss = 0.379  adv prob = 0.000000   acc = 0.877
  gold_label_random = 1, sentence2_has_negation = 0  [n = 245]:	loss = 0.408  exp loss = 0.447  adjusted loss = 0.447  adv prob = 0.290855   acc = 0.853
  gold_label_random = 1, sentence2_has_negation = 1  [n = 280]:	loss = 0.374  exp loss = 0.296  adjusted loss = 0.296  adv prob = 0.000770   acc = 0.864
  gold_label_random = 2, sentence2_has_negation = 0  [n = 251]:	loss = 0.391  exp loss = 0.345  adjusted loss = 0.345  adv prob = 0.406795   acc = 0.849
  gold_label_random = 2, sentence2_has_negation = 1  [n = 262]:	loss = 0.431  exp loss = 0.346  adjusted loss = 0.346  adv prob = 0.002371   acc = 0.832
Average incurred loss: 0.381  
Average sample loss: 0.353  
Average acc: 0.860  
  gold_label_random = 0, sentence2_has_negation = 0  [n = 290]:	loss = 0.407  exp loss = 0.375  adjusted loss = 0.375  adv prob = 0.304100   acc = 0.859
  gold_label_random = 0, sentence2_has_negation = 1  [n = 280]:	loss = 0.420  exp loss = 0.512  adjusted loss = 0.512  adv prob = 0.000000   acc = 0.843
  gold_label_random = 1, sentence2_has_negation = 0  [n = 276]:	loss = 0.295  exp loss = 0.199  adjusted loss = 0.199  adv prob = 0.281554   acc = 0.888
  gold_label_random = 1, sentence2_has_negation = 1  [n = 267]:	loss = 0.423  exp loss = 0.354  adjusted loss = 0.354  adv prob = 0.000781   acc = 0.858
  gold_label_random = 2, sentence2_has_negation = 0  [n = 250]:	loss = 0.375  exp loss = 0.291  adjusted loss = 0.291  adv prob = 0.411192   acc = 0.872
  gold_label_random = 2, sentence2_has_negation = 1  [n = 237]:	loss = 0.362  exp loss = 0.279  adjusted loss = 0.279  adv prob = 0.002372   acc = 0.840
Average incurred loss: 0.453  
Average sample loss: 0.400  
Average acc: 0.836  
  gold_label_random = 0, sentence2_has_negation = 0  [n = 235]:	loss = 0.389  exp loss = 0.341  adjusted loss = 0.341  adv prob = 0.301459   acc = 0.860
  gold_label_random = 0, sentence2_has_negation = 1  [n = 283]:	loss = 0.495  exp loss = 0.318  adjusted loss = 0.318  adv prob = 0.000000   acc = 0.834
  gold_label_random = 1, sentence2_has_negation = 0  [n = 277]:	loss = 0.434  exp loss = 0.367  adjusted loss = 0.367  adv prob = 0.284646   acc = 0.863
  gold_label_random = 1, sentence2_has_negation = 1  [n = 273]:	loss = 0.363  exp loss = 0.413  adjusted loss = 0.413  adv prob = 0.000770   acc = 0.864
  gold_label_random = 2, sentence2_has_negation = 0  [n = 256]:	loss = 0.446  exp loss = 0.427  adjusted loss = 0.427  adv prob = 0.410550   acc = 0.824
  gold_label_random = 2, sentence2_has_negation = 1  [n = 276]:	loss = 0.581  exp loss = 0.580  adjusted loss = 0.580  adv prob = 0.002575   acc = 0.775
Average incurred loss: 0.439  
Average sample loss: 0.390  
Average acc: 0.835  
  gold_label_random = 0, sentence2_has_negation = 0  [n = 256]:	loss = 0.375  exp loss = 0.347  adjusted loss = 0.347  adv prob = 0.296701   acc = 0.879
  gold_label_random = 0, sentence2_has_negation = 1  [n = 257]:	loss = 0.476  exp loss = 0.528  adjusted loss = 0.528  adv prob = 0.000000   acc = 0.821
  gold_label_random = 1, sentence2_has_negation = 0  [n = 277]:	loss = 0.411  exp loss = 0.249  adjusted loss = 0.249  adv prob = 0.283358   acc = 0.841
  gold_label_random = 1, sentence2_has_negation = 1  [n = 261]:	loss = 0.543  exp loss = 0.419  adjusted loss = 0.419  adv prob = 0.000798   acc = 0.785
  gold_label_random = 2, sentence2_has_negation = 0  [n = 278]:	loss = 0.404  exp loss = 0.444  adjusted loss = 0.444  adv prob = 0.416488   acc = 0.842
  gold_label_random = 2, sentence2_has_negation = 1  [n = 271]:	loss = 0.427  exp loss = 0.466  adjusted loss = 0.466  adv prob = 0.002654   acc = 0.841
Average incurred loss: 0.392  
Average sample loss: 0.417  
Average acc: 0.849  
  gold_label_random = 0, sentence2_has_negation = 0  [n = 252]:	loss = 0.390  exp loss = 0.375  adjusted loss = 0.375  adv prob = 0.296298   acc = 0.861
  gold_label_random = 0, sentence2_has_negation = 1  [n = 246]:	loss = 0.278  exp loss = 0.211  adjusted loss = 0.211  adv prob = 0.000000   acc = 0.890
  gold_label_random = 1, sentence2_has_negation = 0  [n = 276]:	loss = 0.424  exp loss = 0.376  adjusted loss = 0.376  adv prob = 0.285972   acc = 0.851
  gold_label_random = 1, sentence2_has_negation = 1  [n = 274]:	loss = 0.408  exp loss = 0.551  adjusted loss = 0.551  adv prob = 0.000794   acc = 0.858
  gold_label_random = 2, sentence2_has_negation = 0  [n = 272]:	loss = 0.413  exp loss = 0.398  adjusted loss = 0.398  adv prob = 0.414254   acc = 0.835
  gold_label_random = 2, sentence2_has_negation = 1  [n = 280]:	loss = 0.429  exp loss = 0.337  adjusted loss = 0.337  adv prob = 0.002681   acc = 0.807
Average incurred loss: 0.387  
Average sample loss: 0.382  
Average acc: 0.854  
  gold_label_random = 0, sentence2_has_negation = 0  [n = 227]:	loss = 0.398  exp loss = 0.411  adjusted loss = 0.411  adv prob = 0.295169   acc = 0.859
  gold_label_random = 0, sentence2_has_negation = 1  [n = 281]:	loss = 0.299  exp loss = 0.374  adjusted loss = 0.374  adv prob = 0.000000   acc = 0.890
  gold_label_random = 1, sentence2_has_negation = 0  [n = 301]:	loss = 0.384  exp loss = 0.415  adjusted loss = 0.415  adv prob = 0.285653   acc = 0.877
  gold_label_random = 1, sentence2_has_negation = 1  [n = 253]:	loss = 0.376  exp loss = 0.291  adjusted loss = 0.291  adv prob = 0.000787   acc = 0.866
  gold_label_random = 2, sentence2_has_negation = 0  [n = 257]:	loss = 0.389  exp loss = 0.506  adjusted loss = 0.506  adv prob = 0.415576   acc = 0.856
  gold_label_random = 2, sentence2_has_negation = 1  [n = 281]:	loss = 0.474  exp loss = 0.522  adjusted loss = 0.522  adv prob = 0.002815   acc = 0.779
Average incurred loss: 0.407  
Average sample loss: 0.404  
Average acc: 0.852  
  gold_label_random = 0, sentence2_has_negation = 0  [n = 271]:	loss = 0.423  exp loss = 0.496  adjusted loss = 0.496  adv prob = 0.297989   acc = 0.860
  gold_label_random = 0, sentence2_has_negation = 1  [n = 272]:	loss = 0.285  exp loss = 0.216  adjusted loss = 0.216  adv prob = 0.000000   acc = 0.890
  gold_label_random = 1, sentence2_has_negation = 0  [n = 270]:	loss = 0.447  exp loss = 0.520  adjusted loss = 0.520  adv prob = 0.286065   acc = 0.848
  gold_label_random = 1, sentence2_has_negation = 1  [n = 261]:	loss = 0.460  exp loss = 0.539  adjusted loss = 0.539  adv prob = 0.000814   acc = 0.824
  gold_label_random = 2, sentence2_has_negation = 0  [n = 277]:	loss = 0.398  exp loss = 0.482  adjusted loss = 0.482  adv prob = 0.412293   acc = 0.856
  gold_label_random = 2, sentence2_has_negation = 1  [n = 249]:	loss = 0.436  exp loss = 0.348  adjusted loss = 0.348  adv prob = 0.002838   acc = 0.835
Average incurred loss: 0.456  
Average sample loss: 0.426  
Average acc: 0.833  
  gold_label_random = 0, sentence2_has_negation = 0  [n = 277]:	loss = 0.531  exp loss = 0.430  adjusted loss = 0.430  adv prob = 0.313424   acc = 0.816
  gold_label_random = 0, sentence2_has_negation = 1  [n = 235]:	loss = 0.346  exp loss = 0.492  adjusted loss = 0.492  adv prob = 0.000000   acc = 0.855
  gold_label_random = 1, sentence2_has_negation = 0  [n = 259]:	loss = 0.435  exp loss = 0.444  adjusted loss = 0.444  adv prob = 0.282384   acc = 0.853
  gold_label_random = 1, sentence2_has_negation = 1  [n = 284]:	loss = 0.661  exp loss = 0.494  adjusted loss = 0.494  adv prob = 0.000931   acc = 0.775
  gold_label_random = 2, sentence2_has_negation = 0  [n = 280]:	loss = 0.371  exp loss = 0.311  adjusted loss = 0.311  adv prob = 0.400480   acc = 0.854
  gold_label_random = 2, sentence2_has_negation = 1  [n = 265]:	loss = 0.366  exp loss = 0.211  adjusted loss = 0.211  adv prob = 0.002781   acc = 0.853
Average incurred loss: 0.393  
Average sample loss: 0.379  
Average acc: 0.860  
  gold_label_random = 0, sentence2_has_negation = 0  [n = 269]:	loss = 0.431  exp loss = 0.544  adjusted loss = 0.544  adv prob = 0.325352   acc = 0.855
  gold_label_random = 0, sentence2_has_negation = 1  [n = 269]:	loss = 0.420  exp loss = 0.400  adjusted loss = 0.400  adv prob = 0.000000   acc = 0.848
  gold_label_random = 1, sentence2_has_negation = 0  [n = 275]:	loss = 0.350  exp loss = 0.295  adjusted loss = 0.295  adv prob = 0.280791   acc = 0.880
  gold_label_random = 1, sentence2_has_negation = 1  [n = 263]:	loss = 0.429  exp loss = 0.350  adjusted loss = 0.350  adv prob = 0.000935   acc = 0.859
  gold_label_random = 2, sentence2_has_negation = 0  [n = 273]:	loss = 0.322  exp loss = 0.266  adjusted loss = 0.266  adv prob = 0.390129   acc = 0.872
  gold_label_random = 2, sentence2_has_negation = 1  [n = 251]:	loss = 0.409  exp loss = 0.309  adjusted loss = 0.309  adv prob = 0.002793   acc = 0.845
Average incurred loss: 0.431  
Average sample loss: 0.411  
Average acc: 0.844  
  gold_label_random = 0, sentence2_has_negation = 0  [n = 261]:	loss = 0.351  exp loss = 0.324  adjusted loss = 0.324  adv prob = 0.317524   acc = 0.893
  gold_label_random = 0, sentence2_has_negation = 1  [n = 265]:	loss = 0.415  exp loss = 0.349  adjusted loss = 0.349  adv prob = 0.000000   acc = 0.849
  gold_label_random = 1, sentence2_has_negation = 0  [n = 284]:	loss = 0.439  exp loss = 0.404  adjusted loss = 0.404  adv prob = 0.280657   acc = 0.863
  gold_label_random = 1, sentence2_has_negation = 1  [n = 262]:	loss = 0.522  exp loss = 0.517  adjusted loss = 0.517  adv prob = 0.000986   acc = 0.817
  gold_label_random = 2, sentence2_has_negation = 0  [n = 264]:	loss = 0.473  exp loss = 0.443  adjusted loss = 0.443  adv prob = 0.398066   acc = 0.792
  gold_label_random = 2, sentence2_has_negation = 1  [n = 264]:	loss = 0.383  exp loss = 0.316  adjusted loss = 0.316  adv prob = 0.002767   acc = 0.848
Average incurred loss: 0.401  
Average sample loss: 0.385  
Average acc: 0.855  
  gold_label_random = 0, sentence2_has_negation = 0  [n = 228]:	loss = 0.365  exp loss = 0.310  adjusted loss = 0.310  adv prob = 0.316519   acc = 0.864
  gold_label_random = 0, sentence2_has_negation = 1  [n = 265]:	loss = 0.261  exp loss = 0.203  adjusted loss = 0.203  adv prob = 0.000000   acc = 0.894
  gold_label_random = 1, sentence2_has_negation = 0  [n = 285]:	loss = 0.388  exp loss = 0.263  adjusted loss = 0.263  adv prob = 0.277451   acc = 0.860
  gold_label_random = 1, sentence2_has_negation = 1  [n = 289]:	loss = 0.480  exp loss = 0.444  adjusted loss = 0.444  adv prob = 0.001031   acc = 0.848
  gold_label_random = 2, sentence2_has_negation = 0  [n = 262]:	loss = 0.371  exp loss = 0.552  adjusted loss = 0.552  adv prob = 0.402071   acc = 0.855
  gold_label_random = 2, sentence2_has_negation = 1  [n = 271]:	loss = 0.528  exp loss = 0.597  adjusted loss = 0.597  adv prob = 0.002928   acc = 0.812
Average incurred loss: 0.407  
Average sample loss: 0.389  
Average acc: 0.849  
  gold_label_random = 0, sentence2_has_negation = 0  [n = 265]:	loss = 0.377  exp loss = 0.474  adjusted loss = 0.474  adv prob = 0.316407   acc = 0.853
  gold_label_random = 0, sentence2_has_negation = 1  [n = 274]:	loss = 0.465  exp loss = 0.398  adjusted loss = 0.398  adv prob = 0.000000   acc = 0.803
  gold_label_random = 1, sentence2_has_negation = 0  [n = 276]:	loss = 0.420  exp loss = 0.299  adjusted loss = 0.299  adv prob = 0.280871   acc = 0.855
  gold_label_random = 1, sentence2_has_negation = 1  [n = 257]:	loss = 0.422  exp loss = 0.393  adjusted loss = 0.393  adv prob = 0.001041   acc = 0.860
  gold_label_random = 2, sentence2_has_negation = 0  [n = 274]:	loss = 0.382  exp loss = 0.436  adjusted loss = 0.436  adv prob = 0.398816   acc = 0.858
  gold_label_random = 2, sentence2_has_negation = 1  [n = 254]:	loss = 0.372  exp loss = 0.435  adjusted loss = 0.435  adv prob = 0.002865   acc = 0.866
Average incurred loss: 0.409  
Average sample loss: 0.435  
Average acc: 0.858  
  gold_label_random = 0, sentence2_has_negation = 0  [n = 272]:	loss = 0.432  exp loss = 0.379  adjusted loss = 0.379  adv prob = 0.311224   acc = 0.849
  gold_label_random = 0, sentence2_has_negation = 1  [n = 283]:	loss = 0.359  exp loss = 0.494  adjusted loss = 0.494  adv prob = 0.000000   acc = 0.862
  gold_label_random = 1, sentence2_has_negation = 0  [n = 259]:	loss = 0.494  exp loss = 0.540  adjusted loss = 0.540  adv prob = 0.288386   acc = 0.849
  gold_label_random = 1, sentence2_has_negation = 1  [n = 268]:	loss = 0.382  exp loss = 0.486  adjusted loss = 0.486  adv prob = 0.001023   acc = 0.877
  gold_label_random = 2, sentence2_has_negation = 0  [n = 278]:	loss = 0.448  exp loss = 0.367  adjusted loss = 0.367  adv prob = 0.396614   acc = 0.820
  gold_label_random = 2, sentence2_has_negation = 1  [n = 240]:	loss = 0.335  exp loss = 0.359  adjusted loss = 0.359  adv prob = 0.002752   acc = 0.896
Average incurred loss: 0.427  
Average sample loss: 0.391  
Average acc: 0.856  
  gold_label_random = 0, sentence2_has_negation = 0  [n = 251]:	loss = 0.423  exp loss = 0.303  adjusted loss = 0.303  adv prob = 0.313057   acc = 0.876
  gold_label_random = 0, sentence2_has_negation = 1  [n = 269]:	loss = 0.605  exp loss = 0.537  adjusted loss = 0.537  adv prob = 0.000000   acc = 0.762
  gold_label_random = 1, sentence2_has_negation = 0  [n = 262]:	loss = 0.415  exp loss = 0.443  adjusted loss = 0.443  adv prob = 0.293822   acc = 0.882
  gold_label_random = 1, sentence2_has_negation = 1  [n = 282]:	loss = 0.459  exp loss = 0.468  adjusted loss = 0.468  adv prob = 0.001047   acc = 0.862
  gold_label_random = 2, sentence2_has_negation = 0  [n = 279]:	loss = 0.335  exp loss = 0.523  adjusted loss = 0.523  adv prob = 0.389410   acc = 0.882
  gold_label_random = 2, sentence2_has_negation = 1  [n = 257]:	loss = 0.323  exp loss = 0.288  adjusted loss = 0.288  adv prob = 0.002663   acc = 0.872
Average incurred loss: 0.427  
Average sample loss: 0.376  
Average acc: 0.841  
  gold_label_random = 0, sentence2_has_negation = 0  [n = 234]:	loss = 0.396  exp loss = 0.313  adjusted loss = 0.313  adv prob = 0.314142   acc = 0.868
  gold_label_random = 0, sentence2_has_negation = 1  [n = 282]:	loss = 0.595  exp loss = 0.546  adjusted loss = 0.546  adv prob = 0.000000   acc = 0.745
  gold_label_random = 1, sentence2_has_negation = 0  [n = 271]:	loss = 0.340  exp loss = 0.306  adjusted loss = 0.306  adv prob = 0.285400   acc = 0.889
  gold_label_random = 1, sentence2_has_negation = 1  [n = 288]:	loss = 0.468  exp loss = 0.419  adjusted loss = 0.419  adv prob = 0.001108   acc = 0.851
  gold_label_random = 2, sentence2_has_negation = 0  [n = 273]:	loss = 0.406  exp loss = 0.458  adjusted loss = 0.458  adv prob = 0.396754   acc = 0.835
  gold_label_random = 2, sentence2_has_negation = 1  [n = 252]:	loss = 0.337  exp loss = 0.326  adjusted loss = 0.326  adv prob = 0.002596   acc = 0.869
Average incurred loss: 0.449  
Average sample loss: 0.418  
Average acc: 0.839  
  gold_label_random = 0, sentence2_has_negation = 0  [n = 256]:	loss = 0.319  exp loss = 0.286  adjusted loss = 0.286  adv prob = 0.297106   acc = 0.883
  gold_label_random = 0, sentence2_has_negation = 1  [n = 239]:	loss = 0.614  exp loss = 0.656  adjusted loss = 0.656  adv prob = 0.000000   acc = 0.774
  gold_label_random = 1, sentence2_has_negation = 0  [n = 263]:	loss = 0.461  exp loss = 0.803  adjusted loss = 0.803  adv prob = 0.298730   acc = 0.856
  gold_label_random = 1, sentence2_has_negation = 1  [n = 290]:	loss = 0.570  exp loss = 0.504  adjusted loss = 0.504  adv prob = 0.001201   acc = 0.786
  gold_label_random = 2, sentence2_has_negation = 0  [n = 288]:	loss = 0.423  exp loss = 0.520  adjusted loss = 0.520  adv prob = 0.400530   acc = 0.851
  gold_label_random = 2, sentence2_has_negation = 1  [n = 264]:	loss = 0.310  exp loss = 0.363  adjusted loss = 0.363  adv prob = 0.002433   acc = 0.883
Average incurred loss: 0.399  
Average sample loss: 0.326  
Average acc: 0.849  
  gold_label_random = 0, sentence2_has_negation = 0  [n = 259]:	loss = 0.339  exp loss = 0.267  adjusted loss = 0.267  adv prob = 0.298030   acc = 0.865
  gold_label_random = 0, sentence2_has_negation = 1  [n = 243]:	loss = 0.549  exp loss = 0.566  adjusted loss = 0.566  adv prob = 0.000000   acc = 0.774
  gold_label_random = 1, sentence2_has_negation = 0  [n = 283]:	loss = 0.276  exp loss = 0.276  adjusted loss = 0.276  adv prob = 0.291629   acc = 0.901
  gold_label_random = 1, sentence2_has_negation = 1  [n = 272]:	loss = 0.508  exp loss = 0.787  adjusted loss = 0.787  adv prob = 0.001320   acc = 0.812
  gold_label_random = 2, sentence2_has_negation = 0  [n = 285]:	loss = 0.370  exp loss = 0.322  adjusted loss = 0.322  adv prob = 0.406560   acc = 0.867
  gold_label_random = 2, sentence2_has_negation = 1  [n = 258]:	loss = 0.370  exp loss = 0.358  adjusted loss = 0.358  adv prob = 0.002460   acc = 0.864
Average incurred loss: 0.440  
Average sample loss: 0.409  
Average acc: 0.839  
  gold_label_random = 0, sentence2_has_negation = 0  [n = 240]:	loss = 0.440  exp loss = 0.497  adjusted loss = 0.497  adv prob = 0.303265   acc = 0.833
  gold_label_random = 0, sentence2_has_negation = 1  [n = 252]:	loss = 0.500  exp loss = 0.400  adjusted loss = 0.400  adv prob = 0.000000   acc = 0.817
  gold_label_random = 1, sentence2_has_negation = 0  [n = 271]:	loss = 0.437  exp loss = 0.388  adjusted loss = 0.388  adv prob = 0.293697   acc = 0.838
  gold_label_random = 1, sentence2_has_negation = 1  [n = 279]:	loss = 0.490  exp loss = 0.456  adjusted loss = 0.456  adv prob = 0.001353   acc = 0.849
  gold_label_random = 2, sentence2_has_negation = 0  [n = 279]:	loss = 0.362  exp loss = 0.345  adjusted loss = 0.345  adv prob = 0.399223   acc = 0.864
  gold_label_random = 2, sentence2_has_negation = 1  [n = 279]:	loss = 0.417  exp loss = 0.407  adjusted loss = 0.407  adv prob = 0.002461   acc = 0.828
Average incurred loss: 0.436  
Average sample loss: 0.382  
Average acc: 0.839  
  gold_label_random = 0, sentence2_has_negation = 0  [n = 214]:	loss = 0.417  exp loss = 0.441  adjusted loss = 0.441  adv prob = 0.309805   acc = 0.874
  gold_label_random = 0, sentence2_has_negation = 1  [n = 282]:	loss = 0.593  exp loss = 0.825  adjusted loss = 0.825  adv prob = 0.000000   acc = 0.773
  gold_label_random = 1, sentence2_has_negation = 0  [n = 290]:	loss = 0.363  exp loss = 0.270  adjusted loss = 0.270  adv prob = 0.289066   acc = 0.879
  gold_label_random = 1, sentence2_has_negation = 1  [n = 274]:	loss = 0.486  exp loss = 0.440  adjusted loss = 0.440  adv prob = 0.001440   acc = 0.810
  gold_label_random = 2, sentence2_has_negation = 0  [n = 286]:	loss = 0.386  exp loss = 0.242  adjusted loss = 0.242  adv prob = 0.397248   acc = 0.850
  gold_label_random = 2, sentence2_has_negation = 1  [n = 254]:	loss = 0.363  exp loss = 0.281  adjusted loss = 0.281  adv prob = 0.002440   acc = 0.858
Average incurred loss: 0.487  
Average sample loss: 0.445  
Average acc: 0.824  
  gold_label_random = 0, sentence2_has_negation = 0  [n = 250]:	loss = 0.433  exp loss = 0.473  adjusted loss = 0.473  adv prob = 0.309524   acc = 0.864
  gold_label_random = 0, sentence2_has_negation = 1  [n = 289]:	loss = 0.788  exp loss = 0.735  adjusted loss = 0.735  adv prob = 0.000000   acc = 0.702
  gold_label_random = 1, sentence2_has_negation = 0  [n = 241]:	loss = 0.461  exp loss = 0.610  adjusted loss = 0.610  adv prob = 0.292798   acc = 0.846
  gold_label_random = 1, sentence2_has_negation = 1  [n = 277]:	loss = 0.323  exp loss = 0.269  adjusted loss = 0.269  adv prob = 0.001351   acc = 0.881
  gold_label_random = 2, sentence2_has_negation = 0  [n = 281]:	loss = 0.440  exp loss = 0.419  adjusted loss = 0.419  adv prob = 0.393888   acc = 0.847
  gold_label_random = 2, sentence2_has_negation = 1  [n = 262]:	loss = 0.456  exp loss = 0.359  adjusted loss = 0.359  adv prob = 0.002438   acc = 0.817
Average incurred loss: 0.432  
Average sample loss: 0.396  
Average acc: 0.844  
  gold_label_random = 0, sentence2_has_negation = 0  [n = 301]:	loss = 0.381  exp loss = 0.286  adjusted loss = 0.286  adv prob = 0.306171   acc = 0.857
  gold_label_random = 0, sentence2_has_negation = 1  [n = 292]:	loss = 0.468  exp loss = 0.470  adjusted loss = 0.470  adv prob = 0.000000   acc = 0.808
  gold_label_random = 1, sentence2_has_negation = 0  [n = 265]:	loss = 0.450  exp loss = 0.541  adjusted loss = 0.541  adv prob = 0.302477   acc = 0.838
  gold_label_random = 1, sentence2_has_negation = 1  [n = 272]:	loss = 0.374  exp loss = 0.241  adjusted loss = 0.241  adv prob = 0.001329   acc = 0.879
  gold_label_random = 2, sentence2_has_negation = 0  [n = 222]:	loss = 0.391  exp loss = 0.488  adjusted loss = 0.488  adv prob = 0.387391   acc = 0.878
  gold_label_random = 2, sentence2_has_negation = 1  [n = 248]:	loss = 0.533  exp loss = 0.526  adjusted loss = 0.526  adv prob = 0.002632   acc = 0.810
Average incurred loss: 0.450  
Average sample loss: 0.441  
Average acc: 0.836  
  gold_label_random = 0, sentence2_has_negation = 0  [n = 198]:	loss = 0.424  exp loss = 0.502  adjusted loss = 0.502  adv prob = 0.302461   acc = 0.848
  gold_label_random = 0, sentence2_has_negation = 1  [n = 234]:	loss = 0.596  exp loss = 0.628  adjusted loss = 0.628  adv prob = 0.000000   acc = 0.735
  gold_label_random = 1, sentence2_has_negation = 0  [n = 225]:	loss = 0.390  exp loss = 0.456  adjusted loss = 0.456  adv prob = 0.299026   acc = 0.889
  gold_label_random = 1, sentence2_has_negation = 1  [n = 228]:	loss = 0.360  exp loss = 0.357  adjusted loss = 0.357  adv prob = 0.001290   acc = 0.886
  gold_label_random = 2, sentence2_has_negation = 0  [n = 262]:	loss = 0.466  exp loss = 0.539  adjusted loss = 0.539  adv prob = 0.394586   acc = 0.840
  gold_label_random = 2, sentence2_has_negation = 1  [n = 228]:	loss = 0.454  exp loss = 0.426  adjusted loss = 0.426  adv prob = 0.002637   acc = 0.820

Validation:
Average incurred loss: 0.540  
Average sample loss: 0.564  
Average acc: 0.807  
  gold_label_random = 0, sentence2_has_negation = 0  [n = 22814]:	loss = 0.617  exp loss = 0.702  adjusted loss = 0.702  adv prob = 0.674203   acc = 0.790
  gold_label_random = 0, sentence2_has_negation = 1  [n = 4634]:	loss = 0.494  exp loss = 0.477  adjusted loss = 0.477  adv prob = 0.002655   acc = 0.810
  gold_label_random = 1, sentence2_has_negation = 0  [n = 26949]:	loss = 0.435  exp loss = 0.485  adjusted loss = 0.485  adv prob = 0.006410   acc = 0.853
  gold_label_random = 1, sentence2_has_negation = 1  [n = 613]:	loss = 0.513  exp loss = 0.385  adjusted loss = 0.385  adv prob = 0.000001   acc = 0.824
  gold_label_random = 2, sentence2_has_negation = 0  [n = 26655]:	loss = 0.589  exp loss = 0.668  adjusted loss = 0.668  adv prob = 0.316727   acc = 0.774
  gold_label_random = 2, sentence2_has_negation = 1  [n = 797]:	loss = 0.568  exp loss = 0.749  adjusted loss = 0.749  adv prob = 0.000004   acc = 0.762
Current lr: 0.000012
Current lr: 0.000012
Current validation accuracy: 0.7616058588027954
Best model saved at epoch 1


Epoch [2]:
Training:
Average incurred loss: 0.378  
Average sample loss: 0.328  
Average acc: 0.851  
  gold_label_random = 0, sentence2_has_negation = 0  [n = 273]:	loss = 0.273  exp loss = 0.294  adjusted loss = 0.294  adv prob = 0.296157   acc = 0.883
  gold_label_random = 0, sentence2_has_negation = 1  [n = 259]:	loss = 0.555  exp loss = 0.640  adjusted loss = 0.640  adv prob = 0.000000   acc = 0.764
  gold_label_random = 1, sentence2_has_negation = 0  [n = 261]:	loss = 0.353  exp loss = 0.316  adjusted loss = 0.316  adv prob = 0.302283   acc = 0.877
  gold_label_random = 1, sentence2_has_negation = 1  [n = 263]:	loss = 0.347  exp loss = 0.341  adjusted loss = 0.341  adv prob = 0.001306   acc = 0.875
  gold_label_random = 2, sentence2_has_negation = 0  [n = 272]:	loss = 0.315  exp loss = 0.354  adjusted loss = 0.354  adv prob = 0.397442   acc = 0.882
  gold_label_random = 2, sentence2_has_negation = 1  [n = 272]:	loss = 0.432  exp loss = 0.464  adjusted loss = 0.464  adv prob = 0.002811   acc = 0.824
Average incurred loss: 0.404  
Average sample loss: 0.379  
Average acc: 0.857  
  gold_label_random = 0, sentence2_has_negation = 0  [n = 258]:	loss = 0.400  exp loss = 0.490  adjusted loss = 0.490  adv prob = 0.296871   acc = 0.864
  gold_label_random = 0, sentence2_has_negation = 1  [n = 270]:	loss = 0.541  exp loss = 0.543  adjusted loss = 0.543  adv prob = 0.000000   acc = 0.800
  gold_label_random = 1, sentence2_has_negation = 0  [n = 293]:	loss = 0.391  exp loss = 0.413  adjusted loss = 0.413  adv prob = 0.302957   acc = 0.863
  gold_label_random = 1, sentence2_has_negation = 1  [n = 260]:	loss = 0.315  exp loss = 0.228  adjusted loss = 0.228  adv prob = 0.001283   acc = 0.912
  gold_label_random = 2, sentence2_has_negation = 0  [n = 279]:	loss = 0.398  exp loss = 0.348  adjusted loss = 0.348  adv prob = 0.396052   acc = 0.846
  gold_label_random = 2, sentence2_has_negation = 1  [n = 240]:	loss = 0.374  exp loss = 0.505  adjusted loss = 0.505  adv prob = 0.002836   acc = 0.863
Average incurred loss: 0.392  
Average sample loss: 0.406  
Average acc: 0.856  
  gold_label_random = 0, sentence2_has_negation = 0  [n = 243]:	loss = 0.476  exp loss = 0.359  adjusted loss = 0.359  adv prob = 0.300466   acc = 0.819
  gold_label_random = 0, sentence2_has_negation = 1  [n = 273]:	loss = 0.394  exp loss = 0.247  adjusted loss = 0.247  adv prob = 0.000000   acc = 0.835
  gold_label_random = 1, sentence2_has_negation = 0  [n = 263]:	loss = 0.341  exp loss = 0.252  adjusted loss = 0.252  adv prob = 0.292218   acc = 0.905
  gold_label_random = 1, sentence2_has_negation = 1  [n = 262]:	loss = 0.294  exp loss = 0.347  adjusted loss = 0.347  adv prob = 0.001231   acc = 0.901
  gold_label_random = 2, sentence2_has_negation = 0  [n = 269]:	loss = 0.420  exp loss = 0.495  adjusted loss = 0.495  adv prob = 0.403235   acc = 0.836
  gold_label_random = 2, sentence2_has_negation = 1  [n = 290]:	loss = 0.428  exp loss = 0.401  adjusted loss = 0.401  adv prob = 0.002849   acc = 0.841
Average incurred loss: 0.381  
Average sample loss: 0.367  
Average acc: 0.854  
  gold_label_random = 0, sentence2_has_negation = 0  [n = 309]:	loss = 0.373  exp loss = 0.422  adjusted loss = 0.422  adv prob = 0.301959   acc = 0.854
  gold_label_random = 0, sentence2_has_negation = 1  [n = 276]:	loss = 0.428  exp loss = 0.393  adjusted loss = 0.393  adv prob = 0.000000   acc = 0.830
  gold_label_random = 1, sentence2_has_negation = 0  [n = 258]:	loss = 0.349  exp loss = 0.249  adjusted loss = 0.249  adv prob = 0.286624   acc = 0.880
  gold_label_random = 1, sentence2_has_negation = 1  [n = 251]:	loss = 0.368  exp loss = 0.397  adjusted loss = 0.397  adv prob = 0.001216   acc = 0.853
  gold_label_random = 2, sentence2_has_negation = 0  [n = 270]:	loss = 0.375  exp loss = 0.401  adjusted loss = 0.401  adv prob = 0.407253   acc = 0.859
  gold_label_random = 2, sentence2_has_negation = 1  [n = 236]:	loss = 0.395  exp loss = 0.587  adjusted loss = 0.587  adv prob = 0.002948   acc = 0.852
Average incurred loss: 0.390  
Average sample loss: 0.374  
Average acc: 0.857  
  gold_label_random = 0, sentence2_has_negation = 0  [n = 273]:	loss = 0.324  exp loss = 0.400  adjusted loss = 0.400  adv prob = 0.310390   acc = 0.890
  gold_label_random = 0, sentence2_has_negation = 1  [n = 283]:	loss = 0.419  exp loss = 0.378  adjusted loss = 0.378  adv prob = 0.000000   acc = 0.816
  gold_label_random = 1, sentence2_has_negation = 0  [n = 266]:	loss = 0.407  exp loss = 0.421  adjusted loss = 0.421  adv prob = 0.288367   acc = 0.868
  gold_label_random = 1, sentence2_has_negation = 1  [n = 246]:	loss = 0.442  exp loss = 0.414  adjusted loss = 0.414  adv prob = 0.001261   acc = 0.854
  gold_label_random = 2, sentence2_has_negation = 0  [n = 268]:	loss = 0.343  exp loss = 0.295  adjusted loss = 0.295  adv prob = 0.397010   acc = 0.873
  gold_label_random = 2, sentence2_has_negation = 1  [n = 264]:	loss = 0.410  exp loss = 0.406  adjusted loss = 0.406  adv prob = 0.002972   acc = 0.841
Average incurred loss: 0.431  
Average sample loss: 0.441  
Average acc: 0.844  
  gold_label_random = 0, sentence2_has_negation = 0  [n = 267]:	loss = 0.469  exp loss = 0.584  adjusted loss = 0.584  adv prob = 0.317298   acc = 0.828
  gold_label_random = 0, sentence2_has_negation = 1  [n = 260]:	loss = 0.532  exp loss = 0.525  adjusted loss = 0.525  adv prob = 0.000000   acc = 0.812
  gold_label_random = 1, sentence2_has_negation = 0  [n = 266]:	loss = 0.431  exp loss = 0.548  adjusted loss = 0.548  adv prob = 0.283625   acc = 0.842
  gold_label_random = 1, sentence2_has_negation = 1  [n = 273]:	loss = 0.405  exp loss = 0.288  adjusted loss = 0.288  adv prob = 0.001245   acc = 0.853
  gold_label_random = 2, sentence2_has_negation = 0  [n = 282]:	loss = 0.432  exp loss = 0.402  adjusted loss = 0.402  adv prob = 0.395037   acc = 0.844
  gold_label_random = 2, sentence2_has_negation = 1  [n = 252]:	loss = 0.315  exp loss = 0.339  adjusted loss = 0.339  adv prob = 0.002795   acc = 0.889
Average incurred loss: 0.410  
Average sample loss: 0.409  
Average acc: 0.854  
  gold_label_random = 0, sentence2_has_negation = 0  [n = 269]:	loss = 0.387  exp loss = 0.467  adjusted loss = 0.467  adv prob = 0.318094   acc = 0.881
  gold_label_random = 0, sentence2_has_negation = 1  [n = 273]:	loss = 0.420  exp loss = 0.450  adjusted loss = 0.450  adv prob = 0.000000   acc = 0.832
  gold_label_random = 1, sentence2_has_negation = 0  [n = 254]:	loss = 0.341  exp loss = 0.300  adjusted loss = 0.300  adv prob = 0.275374   acc = 0.874
  gold_label_random = 1, sentence2_has_negation = 1  [n = 278]:	loss = 0.435  exp loss = 0.403  adjusted loss = 0.403  adv prob = 0.001260   acc = 0.849
  gold_label_random = 2, sentence2_has_negation = 0  [n = 274]:	loss = 0.426  exp loss = 0.268  adjusted loss = 0.268  adv prob = 0.402463   acc = 0.850
  gold_label_random = 2, sentence2_has_negation = 1  [n = 252]:	loss = 0.447  exp loss = 0.348  adjusted loss = 0.348  adv prob = 0.002809   acc = 0.837
Average incurred loss: 0.420  
Average sample loss: 0.391  
Average acc: 0.844  
  gold_label_random = 0, sentence2_has_negation = 0  [n = 251]:	loss = 0.373  exp loss = 0.271  adjusted loss = 0.271  adv prob = 0.311353   acc = 0.876
  gold_label_random = 0, sentence2_has_negation = 1  [n = 270]:	loss = 0.410  exp loss = 0.316  adjusted loss = 0.316  adv prob = 0.000000   acc = 0.856
  gold_label_random = 1, sentence2_has_negation = 0  [n = 267]:	loss = 0.488  exp loss = 0.542  adjusted loss = 0.542  adv prob = 0.289966   acc = 0.828
  gold_label_random = 1, sentence2_has_negation = 1  [n = 276]:	loss = 0.378  exp loss = 0.546  adjusted loss = 0.546  adv prob = 0.001254   acc = 0.877
  gold_label_random = 2, sentence2_has_negation = 0  [n = 277]:	loss = 0.343  exp loss = 0.369  adjusted loss = 0.369  adv prob = 0.394380   acc = 0.856
  gold_label_random = 2, sentence2_has_negation = 1  [n = 259]:	loss = 0.537  exp loss = 0.540  adjusted loss = 0.540  adv prob = 0.003047   acc = 0.772
Average incurred loss: 0.415  
Average sample loss: 0.403  
Average acc: 0.844  
  gold_label_random = 0, sentence2_has_negation = 0  [n = 283]:	loss = 0.328  exp loss = 0.242  adjusted loss = 0.242  adv prob = 0.299544   acc = 0.887
  gold_label_random = 0, sentence2_has_negation = 1  [n = 278]:	loss = 0.391  exp loss = 0.511  adjusted loss = 0.511  adv prob = 0.000000   acc = 0.845
  gold_label_random = 1, sentence2_has_negation = 0  [n = 268]:	loss = 0.432  exp loss = 0.525  adjusted loss = 0.525  adv prob = 0.296686   acc = 0.854
  gold_label_random = 1, sentence2_has_negation = 1  [n = 275]:	loss = 0.404  exp loss = 0.437  adjusted loss = 0.437  adv prob = 0.001276   acc = 0.851
  gold_label_random = 2, sentence2_has_negation = 0  [n = 242]:	loss = 0.449  exp loss = 0.355  adjusted loss = 0.355  adv prob = 0.399369   acc = 0.814
  gold_label_random = 2, sentence2_has_negation = 1  [n = 254]:	loss = 0.503  exp loss = 0.455  adjusted loss = 0.455  adv prob = 0.003126   acc = 0.803
Average incurred loss: 0.448  
Average sample loss: 0.419  
Average acc: 0.840  
  gold_label_random = 0, sentence2_has_negation = 0  [n = 265]:	loss = 0.469  exp loss = 0.557  adjusted loss = 0.557  adv prob = 0.311657   acc = 0.830
  gold_label_random = 0, sentence2_has_negation = 1  [n = 276]:	loss = 0.644  exp loss = 0.909  adjusted loss = 0.909  adv prob = 0.000000   acc = 0.772
  gold_label_random = 1, sentence2_has_negation = 0  [n = 278]:	loss = 0.369  exp loss = 0.449  adjusted loss = 0.449  adv prob = 0.290173   acc = 0.871
  gold_label_random = 1, sentence2_has_negation = 1  [n = 268]:	loss = 0.379  exp loss = 0.485  adjusted loss = 0.485  adv prob = 0.001228   acc = 0.851
  gold_label_random = 2, sentence2_has_negation = 0  [n = 244]:	loss = 0.403  exp loss = 0.316  adjusted loss = 0.316  adv prob = 0.393773   acc = 0.869
  gold_label_random = 2, sentence2_has_negation = 1  [n = 269]:	loss = 0.419  exp loss = 0.238  adjusted loss = 0.238  adv prob = 0.003169   acc = 0.851
Average incurred loss: 0.423  
Average sample loss: 0.416  
Average acc: 0.840  
  gold_label_random = 0, sentence2_has_negation = 0  [n = 263]:	loss = 0.413  exp loss = 0.364  adjusted loss = 0.364  adv prob = 0.313756   acc = 0.863
  gold_label_random = 0, sentence2_has_negation = 1  [n = 281]:	loss = 0.532  exp loss = 0.533  adjusted loss = 0.533  adv prob = 0.000000   acc = 0.769
  gold_label_random = 1, sentence2_has_negation = 0  [n = 251]:	loss = 0.363  exp loss = 0.390  adjusted loss = 0.390  adv prob = 0.283177   acc = 0.880
  gold_label_random = 1, sentence2_has_negation = 1  [n = 246]:	loss = 0.296  exp loss = 0.441  adjusted loss = 0.441  adv prob = 0.001155   acc = 0.898
  gold_label_random = 2, sentence2_has_negation = 0  [n = 265]:	loss = 0.485  exp loss = 0.377  adjusted loss = 0.377  adv prob = 0.398727   acc = 0.796
  gold_label_random = 2, sentence2_has_negation = 1  [n = 294]:	loss = 0.428  exp loss = 0.390  adjusted loss = 0.390  adv prob = 0.003185   acc = 0.844
Average incurred loss: 0.441  
Average sample loss: 0.375  
Average acc: 0.847  
  gold_label_random = 0, sentence2_has_negation = 0  [n = 257]:	loss = 0.367  exp loss = 0.429  adjusted loss = 0.429  adv prob = 0.310674   acc = 0.891
  gold_label_random = 0, sentence2_has_negation = 1  [n = 279]:	loss = 0.867  exp loss = 0.725  adjusted loss = 0.725  adv prob = 0.000001   acc = 0.688
  gold_label_random = 1, sentence2_has_negation = 0  [n = 269]:	loss = 0.430  exp loss = 0.443  adjusted loss = 0.443  adv prob = 0.290233   acc = 0.862
  gold_label_random = 1, sentence2_has_negation = 1  [n = 268]:	loss = 0.342  exp loss = 0.227  adjusted loss = 0.227  adv prob = 0.001119   acc = 0.899
  gold_label_random = 2, sentence2_has_negation = 0  [n = 245]:	loss = 0.353  exp loss = 0.327  adjusted loss = 0.327  adv prob = 0.394930   acc = 0.845
  gold_label_random = 2, sentence2_has_negation = 1  [n = 282]:	loss = 0.271  exp loss = 0.236  adjusted loss = 0.236  adv prob = 0.003044   acc = 0.901
Average incurred loss: 0.419  
Average sample loss: 0.384  
Average acc: 0.849  
  gold_label_random = 0, sentence2_has_negation = 0  [n = 279]:	loss = 0.338  exp loss = 0.279  adjusted loss = 0.279  adv prob = 0.306385   acc = 0.864
  gold_label_random = 0, sentence2_has_negation = 1  [n = 264]:	loss = 0.467  exp loss = 0.466  adjusted loss = 0.466  adv prob = 0.000001   acc = 0.826
  gold_label_random = 1, sentence2_has_negation = 0  [n = 247]:	loss = 0.443  exp loss = 0.408  adjusted loss = 0.408  adv prob = 0.294379   acc = 0.858
  gold_label_random = 1, sentence2_has_negation = 1  [n = 280]:	loss = 0.472  exp loss = 0.564  adjusted loss = 0.564  adv prob = 0.001175   acc = 0.839
  gold_label_random = 2, sentence2_has_negation = 0  [n = 244]:	loss = 0.379  exp loss = 0.341  adjusted loss = 0.341  adv prob = 0.394970   acc = 0.848
  gold_label_random = 2, sentence2_has_negation = 1  [n = 286]:	loss = 0.412  exp loss = 0.383  adjusted loss = 0.383  adv prob = 0.003090   acc = 0.857
Average incurred loss: 0.434  
Average sample loss: 0.405  
Average acc: 0.842  
  gold_label_random = 0, sentence2_has_negation = 0  [n = 276]:	loss = 0.374  exp loss = 0.396  adjusted loss = 0.396  adv prob = 0.310317   acc = 0.862
  gold_label_random = 0, sentence2_has_negation = 1  [n = 271]:	loss = 0.591  exp loss = 0.518  adjusted loss = 0.518  adv prob = 0.000001   acc = 0.786
  gold_label_random = 1, sentence2_has_negation = 0  [n = 257]:	loss = 0.369  exp loss = 0.349  adjusted loss = 0.349  adv prob = 0.291153   acc = 0.872
  gold_label_random = 1, sentence2_has_negation = 1  [n = 249]:	loss = 0.389  exp loss = 0.358  adjusted loss = 0.358  adv prob = 0.001136   acc = 0.871
  gold_label_random = 2, sentence2_has_negation = 0  [n = 267]:	loss = 0.427  exp loss = 0.398  adjusted loss = 0.398  adv prob = 0.394241   acc = 0.839
  gold_label_random = 2, sentence2_has_negation = 1  [n = 280]:	loss = 0.446  exp loss = 0.470  adjusted loss = 0.470  adv prob = 0.003152   acc = 0.825
Average incurred loss: 0.380  
Average sample loss: 0.342  
Average acc: 0.857  
  gold_label_random = 0, sentence2_has_negation = 0  [n = 256]:	loss = 0.383  exp loss = 0.416  adjusted loss = 0.416  adv prob = 0.315629   acc = 0.855
  gold_label_random = 0, sentence2_has_negation = 1  [n = 273]:	loss = 0.528  exp loss = 0.611  adjusted loss = 0.611  adv prob = 0.000001   acc = 0.810
  gold_label_random = 1, sentence2_has_negation = 0  [n = 258]:	loss = 0.260  exp loss = 0.130  adjusted loss = 0.130  adv prob = 0.277500   acc = 0.907
  gold_label_random = 1, sentence2_has_negation = 1  [n = 266]:	loss = 0.344  exp loss = 0.504  adjusted loss = 0.504  adv prob = 0.001160   acc = 0.861
  gold_label_random = 2, sentence2_has_negation = 0  [n = 288]:	loss = 0.357  exp loss = 0.376  adjusted loss = 0.376  adv prob = 0.402498   acc = 0.868
  gold_label_random = 2, sentence2_has_negation = 1  [n = 259]:	loss = 0.402  exp loss = 0.493  adjusted loss = 0.493  adv prob = 0.003212   acc = 0.842
Average incurred loss: 0.374  
Average sample loss: 0.348  
Average acc: 0.864  
  gold_label_random = 0, sentence2_has_negation = 0  [n = 270]:	loss = 0.360  exp loss = 0.350  adjusted loss = 0.350  adv prob = 0.312879   acc = 0.867
  gold_label_random = 0, sentence2_has_negation = 1  [n = 269]:	loss = 0.339  exp loss = 0.410  adjusted loss = 0.410  adv prob = 0.000001   acc = 0.859
  gold_label_random = 1, sentence2_has_negation = 0  [n = 246]:	loss = 0.431  exp loss = 0.364  adjusted loss = 0.364  adv prob = 0.285964   acc = 0.862
  gold_label_random = 1, sentence2_has_negation = 1  [n = 253]:	loss = 0.487  exp loss = 0.362  adjusted loss = 0.362  adv prob = 0.001252   acc = 0.846
  gold_label_random = 2, sentence2_has_negation = 0  [n = 285]:	loss = 0.316  exp loss = 0.338  adjusted loss = 0.338  adv prob = 0.396654   acc = 0.867
  gold_label_random = 2, sentence2_has_negation = 1  [n = 277]:	loss = 0.327  exp loss = 0.304  adjusted loss = 0.304  adv prob = 0.003250   acc = 0.881
Average incurred loss: 0.403  
Average sample loss: 0.420  
Average acc: 0.842  
  gold_label_random = 0, sentence2_has_negation = 0  [n = 265]:	loss = 0.390  exp loss = 0.388  adjusted loss = 0.388  adv prob = 0.303627   acc = 0.860
  gold_label_random = 0, sentence2_has_negation = 1  [n = 266]:	loss = 0.492  exp loss = 0.539  adjusted loss = 0.539  adv prob = 0.000001   acc = 0.767
  gold_label_random = 1, sentence2_has_negation = 0  [n = 307]:	loss = 0.413  exp loss = 0.440  adjusted loss = 0.440  adv prob = 0.283504   acc = 0.866
  gold_label_random = 1, sentence2_has_negation = 1  [n = 258]:	loss = 0.344  exp loss = 0.296  adjusted loss = 0.296  adv prob = 0.001206   acc = 0.841
  gold_label_random = 2, sentence2_has_negation = 0  [n = 254]:	loss = 0.446  exp loss = 0.460  adjusted loss = 0.460  adv prob = 0.408548   acc = 0.835
  gold_label_random = 2, sentence2_has_negation = 1  [n = 250]:	loss = 0.329  exp loss = 0.239  adjusted loss = 0.239  adv prob = 0.003114   acc = 0.880
Average incurred loss: 0.410  
Average sample loss: 0.401  
Average acc: 0.839  
  gold_label_random = 0, sentence2_has_negation = 0  [n = 265]:	loss = 0.387  exp loss = 0.554  adjusted loss = 0.554  adv prob = 0.299373   acc = 0.834
  gold_label_random = 0, sentence2_has_negation = 1  [n = 235]:	loss = 0.489  exp loss = 0.434  adjusted loss = 0.434  adv prob = 0.000001   acc = 0.800
  gold_label_random = 1, sentence2_has_negation = 0  [n = 277]:	loss = 0.450  exp loss = 0.448  adjusted loss = 0.448  adv prob = 0.286238   acc = 0.834
  gold_label_random = 1, sentence2_has_negation = 1  [n = 270]:	loss = 0.436  exp loss = 0.536  adjusted loss = 0.536  adv prob = 0.001226   acc = 0.848
  gold_label_random = 2, sentence2_has_negation = 0  [n = 259]:	loss = 0.365  exp loss = 0.308  adjusted loss = 0.308  adv prob = 0.410133   acc = 0.869
  gold_label_random = 2, sentence2_has_negation = 1  [n = 294]:	loss = 0.349  exp loss = 0.292  adjusted loss = 0.292  adv prob = 0.003029   acc = 0.847
Average incurred loss: 0.450  
Average sample loss: 0.425  
Average acc: 0.840  
  gold_label_random = 0, sentence2_has_negation = 0  [n = 260]:	loss = 0.391  exp loss = 0.397  adjusted loss = 0.397  adv prob = 0.291392   acc = 0.877
  gold_label_random = 0, sentence2_has_negation = 1  [n = 251]:	loss = 0.582  exp loss = 0.581  adjusted loss = 0.581  adv prob = 0.000001   acc = 0.777
  gold_label_random = 1, sentence2_has_negation = 0  [n = 253]:	loss = 0.407  exp loss = 0.317  adjusted loss = 0.317  adv prob = 0.286127   acc = 0.850
  gold_label_random = 1, sentence2_has_negation = 1  [n = 271]:	loss = 0.496  exp loss = 0.348  adjusted loss = 0.348  adv prob = 0.001237   acc = 0.834
  gold_label_random = 2, sentence2_has_negation = 0  [n = 284]:	loss = 0.468  exp loss = 0.421  adjusted loss = 0.421  adv prob = 0.418291   acc = 0.827
  gold_label_random = 2, sentence2_has_negation = 1  [n = 281]:	loss = 0.364  exp loss = 0.462  adjusted loss = 0.462  adv prob = 0.002952   acc = 0.872
Average incurred loss: 0.405  
Average sample loss: 0.405  
Average acc: 0.857  
  gold_label_random = 0, sentence2_has_negation = 0  [n = 276]:	loss = 0.401  exp loss = 0.406  adjusted loss = 0.406  adv prob = 0.291238   acc = 0.862
  gold_label_random = 0, sentence2_has_negation = 1  [n = 269]:	loss = 0.410  exp loss = 0.338  adjusted loss = 0.338  adv prob = 0.000001   acc = 0.848
  gold_label_random = 1, sentence2_has_negation = 0  [n = 251]:	loss = 0.416  exp loss = 0.512  adjusted loss = 0.512  adv prob = 0.289197   acc = 0.876
  gold_label_random = 1, sentence2_has_negation = 1  [n = 278]:	loss = 0.454  exp loss = 0.449  adjusted loss = 0.449  adv prob = 0.001278   acc = 0.849
  gold_label_random = 2, sentence2_has_negation = 0  [n = 263]:	loss = 0.398  exp loss = 0.437  adjusted loss = 0.437  adv prob = 0.415470   acc = 0.852
  gold_label_random = 2, sentence2_has_negation = 1  [n = 263]:	loss = 0.346  exp loss = 0.324  adjusted loss = 0.324  adv prob = 0.002816   acc = 0.859
Average incurred loss: 0.384  
Average sample loss: 0.358  
Average acc: 0.855  
  gold_label_random = 0, sentence2_has_negation = 0  [n = 270]:	loss = 0.320  exp loss = 0.252  adjusted loss = 0.252  adv prob = 0.283947   acc = 0.881
  gold_label_random = 0, sentence2_has_negation = 1  [n = 284]:	loss = 0.380  exp loss = 0.402  adjusted loss = 0.402  adv prob = 0.000001   acc = 0.856
  gold_label_random = 1, sentence2_has_negation = 0  [n = 288]:	loss = 0.418  exp loss = 0.352  adjusted loss = 0.352  adv prob = 0.294481   acc = 0.830
  gold_label_random = 1, sentence2_has_negation = 1  [n = 242]:	loss = 0.394  exp loss = 0.379  adjusted loss = 0.379  adv prob = 0.001289   acc = 0.864
  gold_label_random = 2, sentence2_has_negation = 0  [n = 249]:	loss = 0.368  exp loss = 0.383  adjusted loss = 0.383  adv prob = 0.417306   acc = 0.888
  gold_label_random = 2, sentence2_has_negation = 1  [n = 267]:	loss = 0.424  exp loss = 0.371  adjusted loss = 0.371  adv prob = 0.002976   acc = 0.816
Average incurred loss: 0.405  
Average sample loss: 0.385  
Average acc: 0.848  
  gold_label_random = 0, sentence2_has_negation = 0  [n = 278]:	loss = 0.425  exp loss = 0.344  adjusted loss = 0.344  adv prob = 0.287551   acc = 0.838
  gold_label_random = 0, sentence2_has_negation = 1  [n = 255]:	loss = 0.458  exp loss = 0.418  adjusted loss = 0.418  adv prob = 0.000001   acc = 0.804
  gold_label_random = 1, sentence2_has_negation = 0  [n = 302]:	loss = 0.359  exp loss = 0.285  adjusted loss = 0.285  adv prob = 0.287880   acc = 0.861
  gold_label_random = 1, sentence2_has_negation = 1  [n = 273]:	loss = 0.344  exp loss = 0.285  adjusted loss = 0.285  adv prob = 0.001266   acc = 0.890
  gold_label_random = 2, sentence2_has_negation = 0  [n = 248]:	loss = 0.441  exp loss = 0.512  adjusted loss = 0.512  adv prob = 0.420299   acc = 0.843
  gold_label_random = 2, sentence2_has_negation = 1  [n = 244]:	loss = 0.416  exp loss = 0.483  adjusted loss = 0.483  adv prob = 0.003003   acc = 0.848
Average incurred loss: 0.434  
Average sample loss: 0.408  
Average acc: 0.841  
  gold_label_random = 0, sentence2_has_negation = 0  [n = 268]:	loss = 0.409  exp loss = 0.320  adjusted loss = 0.320  adv prob = 0.285534   acc = 0.851
  gold_label_random = 0, sentence2_has_negation = 1  [n = 268]:	loss = 0.511  exp loss = 0.512  adjusted loss = 0.512  adv prob = 0.000001   acc = 0.810
  gold_label_random = 1, sentence2_has_negation = 0  [n = 258]:	loss = 0.412  exp loss = 0.395  adjusted loss = 0.395  adv prob = 0.290171   acc = 0.845
  gold_label_random = 1, sentence2_has_negation = 1  [n = 273]:	loss = 0.508  exp loss = 0.566  adjusted loss = 0.566  adv prob = 0.001333   acc = 0.817
  gold_label_random = 2, sentence2_has_negation = 0  [n = 242]:	loss = 0.439  exp loss = 0.356  adjusted loss = 0.356  adv prob = 0.420074   acc = 0.864
  gold_label_random = 2, sentence2_has_negation = 1  [n = 291]:	loss = 0.332  exp loss = 0.400  adjusted loss = 0.400  adv prob = 0.002887   acc = 0.863
Average incurred loss: 0.396  
Average sample loss: 0.375  
Average acc: 0.852  
  gold_label_random = 0, sentence2_has_negation = 0  [n = 253]:	loss = 0.364  exp loss = 0.262  adjusted loss = 0.262  adv prob = 0.280812   acc = 0.858
  gold_label_random = 0, sentence2_has_negation = 1  [n = 256]:	loss = 0.417  exp loss = 0.409  adjusted loss = 0.409  adv prob = 0.000001   acc = 0.848
  gold_label_random = 1, sentence2_has_negation = 0  [n = 275]:	loss = 0.356  exp loss = 0.606  adjusted loss = 0.606  adv prob = 0.298833   acc = 0.880
  gold_label_random = 1, sentence2_has_negation = 1  [n = 273]:	loss = 0.419  exp loss = 0.469  adjusted loss = 0.469  adv prob = 0.001406   acc = 0.842
  gold_label_random = 2, sentence2_has_negation = 0  [n = 292]:	loss = 0.358  exp loss = 0.323  adjusted loss = 0.323  adv prob = 0.415927   acc = 0.863
  gold_label_random = 2, sentence2_has_negation = 1  [n = 251]:	loss = 0.467  exp loss = 0.555  adjusted loss = 0.555  adv prob = 0.003020   acc = 0.821
Average incurred loss: 0.404  
Average sample loss: 0.407  
Average acc: 0.851  
  gold_label_random = 0, sentence2_has_negation = 0  [n = 247]:	loss = 0.445  exp loss = 0.436  adjusted loss = 0.436  adv prob = 0.282150   acc = 0.846
  gold_label_random = 0, sentence2_has_negation = 1  [n = 281]:	loss = 0.459  exp loss = 0.544  adjusted loss = 0.544  adv prob = 0.000001   acc = 0.819
  gold_label_random = 1, sentence2_has_negation = 0  [n = 288]:	loss = 0.347  exp loss = 0.337  adjusted loss = 0.337  adv prob = 0.297344   acc = 0.878
  gold_label_random = 1, sentence2_has_negation = 1  [n = 258]:	loss = 0.438  exp loss = 0.357  adjusted loss = 0.357  adv prob = 0.001414   acc = 0.841
  gold_label_random = 2, sentence2_has_negation = 0  [n = 258]:	loss = 0.409  exp loss = 0.516  adjusted loss = 0.516  adv prob = 0.416228   acc = 0.849
  gold_label_random = 2, sentence2_has_negation = 1  [n = 268]:	loss = 0.333  exp loss = 0.326  adjusted loss = 0.326  adv prob = 0.002863   acc = 0.873
Average incurred loss: 0.369  
Average sample loss: 0.333  
Average acc: 0.863  
  gold_label_random = 0, sentence2_has_negation = 0  [n = 259]:	loss = 0.285  exp loss = 0.245  adjusted loss = 0.245  adv prob = 0.271133   acc = 0.911
  gold_label_random = 0, sentence2_has_negation = 1  [n = 253]:	loss = 0.472  exp loss = 0.421  adjusted loss = 0.421  adv prob = 0.000001   acc = 0.814
  gold_label_random = 1, sentence2_has_negation = 0  [n = 282]:	loss = 0.355  exp loss = 0.476  adjusted loss = 0.476  adv prob = 0.300236   acc = 0.869
  gold_label_random = 1, sentence2_has_negation = 1  [n = 283]:	loss = 0.353  exp loss = 0.383  adjusted loss = 0.383  adv prob = 0.001413   acc = 0.873
  gold_label_random = 2, sentence2_has_negation = 0  [n = 266]:	loss = 0.413  exp loss = 0.299  adjusted loss = 0.299  adv prob = 0.424369   acc = 0.835
  gold_label_random = 2, sentence2_has_negation = 1  [n = 257]:	loss = 0.342  exp loss = 0.312  adjusted loss = 0.312  adv prob = 0.002847   acc = 0.872
Average incurred loss: 0.439  
Average sample loss: 0.426  
Average acc: 0.844  
  gold_label_random = 0, sentence2_has_negation = 0  [n = 298]:	loss = 0.434  exp loss = 0.570  adjusted loss = 0.570  adv prob = 0.272569   acc = 0.866
  gold_label_random = 0, sentence2_has_negation = 1  [n = 244]:	loss = 0.554  exp loss = 0.741  adjusted loss = 0.741  adv prob = 0.000001   acc = 0.799
  gold_label_random = 1, sentence2_has_negation = 0  [n = 264]:	loss = 0.365  exp loss = 0.348  adjusted loss = 0.348  adv prob = 0.291476   acc = 0.871
  gold_label_random = 1, sentence2_has_negation = 1  [n = 253]:	loss = 0.558  exp loss = 0.475  adjusted loss = 0.475  adv prob = 0.001481   acc = 0.806
  gold_label_random = 2, sentence2_has_negation = 0  [n = 269]:	loss = 0.423  exp loss = 0.690  adjusted loss = 0.690  adv prob = 0.431775   acc = 0.833
  gold_label_random = 2, sentence2_has_negation = 1  [n = 272]:	loss = 0.319  exp loss = 0.217  adjusted loss = 0.217  adv prob = 0.002697   acc = 0.879
Average incurred loss: 0.403  
Average sample loss: 0.333  
Average acc: 0.854  
  gold_label_random = 0, sentence2_has_negation = 0  [n = 278]:	loss = 0.356  exp loss = 0.308  adjusted loss = 0.308  adv prob = 0.275730   acc = 0.871
  gold_label_random = 0, sentence2_has_negation = 1  [n = 261]:	loss = 0.571  exp loss = 0.558  adjusted loss = 0.558  adv prob = 0.000001   acc = 0.801
  gold_label_random = 1, sentence2_has_negation = 0  [n = 266]:	loss = 0.360  exp loss = 0.239  adjusted loss = 0.239  adv prob = 0.290839   acc = 0.872
  gold_label_random = 1, sentence2_has_negation = 1  [n = 259]:	loss = 0.391  exp loss = 0.331  adjusted loss = 0.331  adv prob = 0.001545   acc = 0.853
  gold_label_random = 2, sentence2_has_negation = 0  [n = 265]:	loss = 0.358  exp loss = 0.358  adjusted loss = 0.358  adv prob = 0.429107   acc = 0.868
  gold_label_random = 2, sentence2_has_negation = 1  [n = 271]:	loss = 0.388  exp loss = 0.423  adjusted loss = 0.423  adv prob = 0.002778   acc = 0.856
Average incurred loss: 0.432  
Average sample loss: 0.387  
Average acc: 0.838  
  gold_label_random = 0, sentence2_has_negation = 0  [n = 279]:	loss = 0.439  exp loss = 0.468  adjusted loss = 0.468  adv prob = 0.285296   acc = 0.835
  gold_label_random = 0, sentence2_has_negation = 1  [n = 291]:	loss = 0.666  exp loss = 0.360  adjusted loss = 0.360  adv prob = 0.000001   acc = 0.746
  gold_label_random = 1, sentence2_has_negation = 0  [n = 259]:	loss = 0.331  exp loss = 0.331  adjusted loss = 0.331  adv prob = 0.282029   acc = 0.903
  gold_label_random = 1, sentence2_has_negation = 1  [n = 256]:	loss = 0.440  exp loss = 0.273  adjusted loss = 0.273  adv prob = 0.001555   acc = 0.828
  gold_label_random = 2, sentence2_has_negation = 0  [n = 259]:	loss = 0.372  exp loss = 0.364  adjusted loss = 0.364  adv prob = 0.428443   acc = 0.853
  gold_label_random = 2, sentence2_has_negation = 1  [n = 256]:	loss = 0.309  exp loss = 0.319  adjusted loss = 0.319  adv prob = 0.002676   acc = 0.871
Average incurred loss: 0.417  
Average sample loss: 0.359  
Average acc: 0.851  
  gold_label_random = 0, sentence2_has_negation = 0  [n = 258]:	loss = 0.453  exp loss = 0.387  adjusted loss = 0.387  adv prob = 0.293788   acc = 0.860
  gold_label_random = 0, sentence2_has_negation = 1  [n = 257]:	loss = 0.607  exp loss = 0.594  adjusted loss = 0.594  adv prob = 0.000001   acc = 0.767
  gold_label_random = 1, sentence2_has_negation = 0  [n = 267]:	loss = 0.370  exp loss = 0.359  adjusted loss = 0.359  adv prob = 0.283458   acc = 0.869
  gold_label_random = 1, sentence2_has_negation = 1  [n = 275]:	loss = 0.457  exp loss = 0.370  adjusted loss = 0.370  adv prob = 0.001592   acc = 0.818
  gold_label_random = 2, sentence2_has_negation = 0  [n = 268]:	loss = 0.331  exp loss = 0.315  adjusted loss = 0.315  adv prob = 0.418533   acc = 0.899
  gold_label_random = 2, sentence2_has_negation = 1  [n = 275]:	loss = 0.293  exp loss = 0.396  adjusted loss = 0.396  adv prob = 0.002627   acc = 0.891
Average incurred loss: 0.390  
Average sample loss: 0.432  
Average acc: 0.853  
  gold_label_random = 0, sentence2_has_negation = 0  [n = 269]:	loss = 0.423  exp loss = 0.422  adjusted loss = 0.422  adv prob = 0.301012   acc = 0.822
  gold_label_random = 0, sentence2_has_negation = 1  [n = 292]:	loss = 0.433  exp loss = 0.531  adjusted loss = 0.531  adv prob = 0.000001   acc = 0.822
  gold_label_random = 1, sentence2_has_negation = 0  [n = 245]:	loss = 0.429  exp loss = 0.549  adjusted loss = 0.549  adv prob = 0.284323   acc = 0.861
  gold_label_random = 1, sentence2_has_negation = 1  [n = 275]:	loss = 0.307  exp loss = 0.211  adjusted loss = 0.211  adv prob = 0.001531   acc = 0.909
  gold_label_random = 2, sentence2_has_negation = 0  [n = 255]:	loss = 0.356  exp loss = 0.397  adjusted loss = 0.397  adv prob = 0.410589   acc = 0.855
  gold_label_random = 2, sentence2_has_negation = 1  [n = 264]:	loss = 0.394  exp loss = 0.314  adjusted loss = 0.314  adv prob = 0.002543   acc = 0.852
Average incurred loss: 0.417  
Average sample loss: 0.354  
Average acc: 0.843  
  gold_label_random = 0, sentence2_has_negation = 0  [n = 254]:	loss = 0.374  exp loss = 0.407  adjusted loss = 0.407  adv prob = 0.304852   acc = 0.870
  gold_label_random = 0, sentence2_has_negation = 1  [n = 272]:	loss = 0.562  exp loss = 0.661  adjusted loss = 0.661  adv prob = 0.000002   acc = 0.754
  gold_label_random = 1, sentence2_has_negation = 0  [n = 268]:	loss = 0.352  exp loss = 0.346  adjusted loss = 0.346  adv prob = 0.280578   acc = 0.888
  gold_label_random = 1, sentence2_has_negation = 1  [n = 258]:	loss = 0.524  exp loss = 0.820  adjusted loss = 0.820  adv prob = 0.001689   acc = 0.822
  gold_label_random = 2, sentence2_has_negation = 0  [n = 289]:	loss = 0.382  exp loss = 0.330  adjusted loss = 0.330  adv prob = 0.410363   acc = 0.848
  gold_label_random = 2, sentence2_has_negation = 1  [n = 259]:	loss = 0.309  exp loss = 0.388  adjusted loss = 0.388  adv prob = 0.002517   acc = 0.876
Average incurred loss: 0.403  
Average sample loss: 0.384  
Average acc: 0.856  
  gold_label_random = 0, sentence2_has_negation = 0  [n = 293]:	loss = 0.381  exp loss = 0.512  adjusted loss = 0.512  adv prob = 0.316391   acc = 0.863
  gold_label_random = 0, sentence2_has_negation = 1  [n = 264]:	loss = 0.483  exp loss = 0.541  adjusted loss = 0.541  adv prob = 0.000002   acc = 0.830
  gold_label_random = 1, sentence2_has_negation = 0  [n = 253]:	loss = 0.301  exp loss = 0.309  adjusted loss = 0.309  adv prob = 0.269177   acc = 0.893
  gold_label_random = 1, sentence2_has_negation = 1  [n = 251]:	loss = 0.479  exp loss = 0.458  adjusted loss = 0.458  adv prob = 0.001727   acc = 0.845
  gold_label_random = 2, sentence2_has_negation = 0  [n = 271]:	loss = 0.375  exp loss = 0.386  adjusted loss = 0.386  adv prob = 0.410105   acc = 0.856
  gold_label_random = 2, sentence2_has_negation = 1  [n = 268]:	loss = 0.405  exp loss = 0.331  adjusted loss = 0.331  adv prob = 0.002598   acc = 0.851
Average incurred loss: 0.411  
Average sample loss: 0.353  
Average acc: 0.846  
  gold_label_random = 0, sentence2_has_negation = 0  [n = 273]:	loss = 0.344  exp loss = 0.309  adjusted loss = 0.309  adv prob = 0.311826   acc = 0.861
  gold_label_random = 0, sentence2_has_negation = 1  [n = 258]:	loss = 0.504  exp loss = 0.632  adjusted loss = 0.632  adv prob = 0.000002   acc = 0.783
  gold_label_random = 1, sentence2_has_negation = 0  [n = 280]:	loss = 0.357  exp loss = 0.447  adjusted loss = 0.447  adv prob = 0.269936   acc = 0.889
  gold_label_random = 1, sentence2_has_negation = 1  [n = 262]:	loss = 0.500  exp loss = 0.597  adjusted loss = 0.597  adv prob = 0.001848   acc = 0.821
  gold_label_random = 2, sentence2_has_negation = 0  [n = 268]:	loss = 0.380  exp loss = 0.454  adjusted loss = 0.454  adv prob = 0.413723   acc = 0.862
  gold_label_random = 2, sentence2_has_negation = 1  [n = 259]:	loss = 0.388  exp loss = 0.258  adjusted loss = 0.258  adv prob = 0.002665   acc = 0.853
Average incurred loss: 0.423  
Average sample loss: 0.403  
Average acc: 0.844  
  gold_label_random = 0, sentence2_has_negation = 0  [n = 287]:	loss = 0.398  exp loss = 0.441  adjusted loss = 0.441  adv prob = 0.313003   acc = 0.857
  gold_label_random = 0, sentence2_has_negation = 1  [n = 248]:	loss = 0.512  exp loss = 0.420  adjusted loss = 0.420  adv prob = 0.000002   acc = 0.810
  gold_label_random = 1, sentence2_has_negation = 0  [n = 262]:	loss = 0.396  exp loss = 0.339  adjusted loss = 0.339  adv prob = 0.273739   acc = 0.866
  gold_label_random = 1, sentence2_has_negation = 1  [n = 245]:	loss = 0.437  exp loss = 0.465  adjusted loss = 0.465  adv prob = 0.001880   acc = 0.841
  gold_label_random = 2, sentence2_has_negation = 0  [n = 279]:	loss = 0.369  exp loss = 0.334  adjusted loss = 0.334  adv prob = 0.408615   acc = 0.871
  gold_label_random = 2, sentence2_has_negation = 1  [n = 279]:	loss = 0.437  exp loss = 0.742  adjusted loss = 0.742  adv prob = 0.002761   acc = 0.814
Average incurred loss: 0.373  
Average sample loss: 0.374  
Average acc: 0.859  
  gold_label_random = 0, sentence2_has_negation = 0  [n = 263]:	loss = 0.342  exp loss = 0.212  adjusted loss = 0.212  adv prob = 0.310162   acc = 0.882
  gold_label_random = 0, sentence2_has_negation = 1  [n = 246]:	loss = 0.453  exp loss = 0.386  adjusted loss = 0.386  adv prob = 0.000002   acc = 0.825
  gold_label_random = 1, sentence2_has_negation = 0  [n = 279]:	loss = 0.338  exp loss = 0.330  adjusted loss = 0.330  adv prob = 0.270061   acc = 0.878
  gold_label_random = 1, sentence2_has_negation = 1  [n = 279]:	loss = 0.293  exp loss = 0.247  adjusted loss = 0.247  adv prob = 0.001796   acc = 0.889
  gold_label_random = 2, sentence2_has_negation = 0  [n = 259]:	loss = 0.426  exp loss = 0.544  adjusted loss = 0.544  adv prob = 0.415207   acc = 0.830
  gold_label_random = 2, sentence2_has_negation = 1  [n = 274]:	loss = 0.397  exp loss = 0.502  adjusted loss = 0.502  adv prob = 0.002772   acc = 0.847
Average incurred loss: 0.396  
Average sample loss: 0.381  
Average acc: 0.849  
  gold_label_random = 0, sentence2_has_negation = 0  [n = 281]:	loss = 0.333  exp loss = 0.252  adjusted loss = 0.252  adv prob = 0.302615   acc = 0.890
  gold_label_random = 0, sentence2_has_negation = 1  [n = 250]:	loss = 0.521  exp loss = 0.522  adjusted loss = 0.522  adv prob = 0.000002   acc = 0.788
  gold_label_random = 1, sentence2_has_negation = 0  [n = 273]:	loss = 0.410  exp loss = 0.369  adjusted loss = 0.369  adv prob = 0.273492   acc = 0.846
  gold_label_random = 1, sentence2_has_negation = 1  [n = 302]:	loss = 0.377  exp loss = 0.414  adjusted loss = 0.414  adv prob = 0.001780   acc = 0.864
  gold_label_random = 2, sentence2_has_negation = 0  [n = 250]:	loss = 0.398  exp loss = 0.440  adjusted loss = 0.440  adv prob = 0.419385   acc = 0.832
  gold_label_random = 2, sentence2_has_negation = 1  [n = 244]:	loss = 0.346  exp loss = 0.221  adjusted loss = 0.221  adv prob = 0.002727   acc = 0.865
Average incurred loss: 0.422  
Average sample loss: 0.394  
Average acc: 0.839  
  gold_label_random = 0, sentence2_has_negation = 0  [n = 274]:	loss = 0.402  exp loss = 0.360  adjusted loss = 0.360  adv prob = 0.305003   acc = 0.843
  gold_label_random = 0, sentence2_has_negation = 1  [n = 249]:	loss = 0.542  exp loss = 0.766  adjusted loss = 0.766  adv prob = 0.000002   acc = 0.779
  gold_label_random = 1, sentence2_has_negation = 0  [n = 281]:	loss = 0.377  exp loss = 0.339  adjusted loss = 0.339  adv prob = 0.274904   acc = 0.879
  gold_label_random = 1, sentence2_has_negation = 1  [n = 272]:	loss = 0.369  exp loss = 0.301  adjusted loss = 0.301  adv prob = 0.001759   acc = 0.893
  gold_label_random = 2, sentence2_has_negation = 0  [n = 260]:	loss = 0.367  exp loss = 0.338  adjusted loss = 0.338  adv prob = 0.415563   acc = 0.854
  gold_label_random = 2, sentence2_has_negation = 1  [n = 264]:	loss = 0.485  exp loss = 0.594  adjusted loss = 0.594  adv prob = 0.002769   acc = 0.777
Average incurred loss: 0.398  
Average sample loss: 0.357  
Average acc: 0.854  
  gold_label_random = 0, sentence2_has_negation = 0  [n = 295]:	loss = 0.342  exp loss = 0.416  adjusted loss = 0.416  adv prob = 0.301264   acc = 0.875
  gold_label_random = 0, sentence2_has_negation = 1  [n = 277]:	loss = 0.581  exp loss = 0.661  adjusted loss = 0.661  adv prob = 0.000003   acc = 0.783
  gold_label_random = 1, sentence2_has_negation = 0  [n = 273]:	loss = 0.366  exp loss = 0.391  adjusted loss = 0.391  adv prob = 0.275268   acc = 0.875
  gold_label_random = 1, sentence2_has_negation = 1  [n = 265]:	loss = 0.350  exp loss = 0.404  adjusted loss = 0.404  adv prob = 0.001750   acc = 0.879
  gold_label_random = 2, sentence2_has_negation = 0  [n = 244]:	loss = 0.380  exp loss = 0.545  adjusted loss = 0.545  adv prob = 0.418936   acc = 0.857
  gold_label_random = 2, sentence2_has_negation = 1  [n = 246]:	loss = 0.361  exp loss = 0.386  adjusted loss = 0.386  adv prob = 0.002779   acc = 0.854
Average incurred loss: 0.392  
Average sample loss: 0.353  
Average acc: 0.851  
  gold_label_random = 0, sentence2_has_negation = 0  [n = 248]:	loss = 0.444  exp loss = 0.381  adjusted loss = 0.381  adv prob = 0.307203   acc = 0.847
  gold_label_random = 0, sentence2_has_negation = 1  [n = 275]:	loss = 0.553  exp loss = 0.435  adjusted loss = 0.435  adv prob = 0.000003   acc = 0.778
  gold_label_random = 1, sentence2_has_negation = 0  [n = 286]:	loss = 0.336  exp loss = 0.357  adjusted loss = 0.357  adv prob = 0.275178   acc = 0.874
  gold_label_random = 1, sentence2_has_negation = 1  [n = 266]:	loss = 0.430  exp loss = 0.285  adjusted loss = 0.285  adv prob = 0.001794   acc = 0.831
  gold_label_random = 2, sentence2_has_negation = 0  [n = 262]:	loss = 0.332  exp loss = 0.337  adjusted loss = 0.337  adv prob = 0.413087   acc = 0.866
  gold_label_random = 2, sentence2_has_negation = 1  [n = 263]:	loss = 0.254  exp loss = 0.231  adjusted loss = 0.231  adv prob = 0.002735   acc = 0.909
Average incurred loss: 0.414  
Average sample loss: 0.332  
Average acc: 0.849  
  gold_label_random = 0, sentence2_has_negation = 0  [n = 259]:	loss = 0.384  exp loss = 0.345  adjusted loss = 0.345  adv prob = 0.309130   acc = 0.869
  gold_label_random = 0, sentence2_has_negation = 1  [n = 266]:	loss = 0.622  exp loss = 0.702  adjusted loss = 0.702  adv prob = 0.000003   acc = 0.786
  gold_label_random = 1, sentence2_has_negation = 0  [n = 280]:	loss = 0.325  exp loss = 0.426  adjusted loss = 0.426  adv prob = 0.272831   acc = 0.900
  gold_label_random = 1, sentence2_has_negation = 1  [n = 263]:	loss = 0.463  exp loss = 0.607  adjusted loss = 0.607  adv prob = 0.001914   acc = 0.814
  gold_label_random = 2, sentence2_has_negation = 0  [n = 260]:	loss = 0.361  exp loss = 0.361  adjusted loss = 0.361  adv prob = 0.413398   acc = 0.858
  gold_label_random = 2, sentence2_has_negation = 1  [n = 272]:	loss = 0.334  exp loss = 0.219  adjusted loss = 0.219  adv prob = 0.002724   acc = 0.868
Average incurred loss: 0.483  
Average sample loss: 0.486  
Average acc: 0.825  
  gold_label_random = 0, sentence2_has_negation = 0  [n = 276]:	loss = 0.441  exp loss = 0.348  adjusted loss = 0.348  adv prob = 0.302112   acc = 0.826
  gold_label_random = 0, sentence2_has_negation = 1  [n = 272]:	loss = 0.564  exp loss = 0.604  adjusted loss = 0.604  adv prob = 0.000003   acc = 0.772
  gold_label_random = 1, sentence2_has_negation = 0  [n = 243]:	loss = 0.516  exp loss = 0.401  adjusted loss = 0.401  adv prob = 0.276800   acc = 0.827
  gold_label_random = 1, sentence2_has_negation = 1  [n = 281]:	loss = 0.630  exp loss = 0.518  adjusted loss = 0.518  adv prob = 0.002173   acc = 0.790
  gold_label_random = 2, sentence2_has_negation = 0  [n = 269]:	loss = 0.445  exp loss = 0.452  adjusted loss = 0.452  adv prob = 0.416421   acc = 0.840
  gold_label_random = 2, sentence2_has_negation = 1  [n = 259]:	loss = 0.291  exp loss = 0.335  adjusted loss = 0.335  adv prob = 0.002491   acc = 0.900
Average incurred loss: 0.403  
Average sample loss: 0.353  
Average acc: 0.854  
  gold_label_random = 0, sentence2_has_negation = 0  [n = 261]:	loss = 0.438  exp loss = 0.513  adjusted loss = 0.513  adv prob = 0.317181   acc = 0.858
  gold_label_random = 0, sentence2_has_negation = 1  [n = 273]:	loss = 0.552  exp loss = 0.363  adjusted loss = 0.363  adv prob = 0.000004   acc = 0.773
  gold_label_random = 1, sentence2_has_negation = 0  [n = 261]:	loss = 0.337  exp loss = 0.315  adjusted loss = 0.315  adv prob = 0.270953   acc = 0.881
  gold_label_random = 1, sentence2_has_negation = 1  [n = 264]:	loss = 0.355  exp loss = 0.267  adjusted loss = 0.267  adv prob = 0.002177   acc = 0.883
  gold_label_random = 2, sentence2_has_negation = 0  [n = 278]:	loss = 0.322  exp loss = 0.306  adjusted loss = 0.306  adv prob = 0.407140   acc = 0.888
  gold_label_random = 2, sentence2_has_negation = 1  [n = 263]:	loss = 0.413  exp loss = 0.482  adjusted loss = 0.482  adv prob = 0.002546   acc = 0.840
Average incurred loss: 0.370  
Average sample loss: 0.365  
Average acc: 0.867  
  gold_label_random = 0, sentence2_has_negation = 0  [n = 264]:	loss = 0.329  exp loss = 0.349  adjusted loss = 0.349  adv prob = 0.310667   acc = 0.871
  gold_label_random = 0, sentence2_has_negation = 1  [n = 251]:	loss = 0.552  exp loss = 0.460  adjusted loss = 0.460  adv prob = 0.000004   acc = 0.797
  gold_label_random = 1, sentence2_has_negation = 0  [n = 254]:	loss = 0.333  exp loss = 0.364  adjusted loss = 0.364  adv prob = 0.267932   acc = 0.882
  gold_label_random = 1, sentence2_has_negation = 1  [n = 281]:	loss = 0.330  exp loss = 0.278  adjusted loss = 0.278  adv prob = 0.002138   acc = 0.897
  gold_label_random = 2, sentence2_has_negation = 0  [n = 265]:	loss = 0.373  exp loss = 0.522  adjusted loss = 0.522  adv prob = 0.416781   acc = 0.860
  gold_label_random = 2, sentence2_has_negation = 1  [n = 285]:	loss = 0.315  exp loss = 0.401  adjusted loss = 0.401  adv prob = 0.002478   acc = 0.888
Average incurred loss: 0.407  
Average sample loss: 0.380  
Average acc: 0.854  
  gold_label_random = 0, sentence2_has_negation = 0  [n = 283]:	loss = 0.333  exp loss = 0.305  adjusted loss = 0.305  adv prob = 0.306084   acc = 0.887
  gold_label_random = 0, sentence2_has_negation = 1  [n = 260]:	loss = 0.629  exp loss = 0.727  adjusted loss = 0.727  adv prob = 0.000004   acc = 0.773
  gold_label_random = 1, sentence2_has_negation = 0  [n = 258]:	loss = 0.377  exp loss = 0.417  adjusted loss = 0.417  adv prob = 0.269936   acc = 0.860
  gold_label_random = 1, sentence2_has_negation = 1  [n = 240]:	loss = 0.455  exp loss = 0.393  adjusted loss = 0.393  adv prob = 0.002193   acc = 0.850
  gold_label_random = 2, sentence2_has_negation = 0  [n = 274]:	loss = 0.356  exp loss = 0.245  adjusted loss = 0.245  adv prob = 0.419401   acc = 0.865
  gold_label_random = 2, sentence2_has_negation = 1  [n = 285]:	loss = 0.316  exp loss = 0.314  adjusted loss = 0.314  adv prob = 0.002382   acc = 0.881
Average incurred loss: 0.458  
Average sample loss: 0.349  
Average acc: 0.837  
  gold_label_random = 0, sentence2_has_negation = 0  [n = 271]:	loss = 0.304  exp loss = 0.236  adjusted loss = 0.236  adv prob = 0.299889   acc = 0.897
  gold_label_random = 0, sentence2_has_negation = 1  [n = 274]:	loss = 0.839  exp loss = 0.770  adjusted loss = 0.770  adv prob = 0.000005   acc = 0.682
  gold_label_random = 1, sentence2_has_negation = 0  [n = 264]:	loss = 0.377  exp loss = 0.387  adjusted loss = 0.387  adv prob = 0.269602   acc = 0.871
  gold_label_random = 1, sentence2_has_negation = 1  [n = 261]:	loss = 0.585  exp loss = 0.687  adjusted loss = 0.687  adv prob = 0.002370   acc = 0.820
  gold_label_random = 2, sentence2_has_negation = 0  [n = 263]:	loss = 0.384  exp loss = 0.369  adjusted loss = 0.369  adv prob = 0.425900   acc = 0.840
  gold_label_random = 2, sentence2_has_negation = 1  [n = 267]:	loss = 0.251  exp loss = 0.191  adjusted loss = 0.191  adv prob = 0.002234   acc = 0.914
Average incurred loss: 0.431  
Average sample loss: 0.368  
Average acc: 0.843  
  gold_label_random = 0, sentence2_has_negation = 0  [n = 265]:	loss = 0.377  exp loss = 0.439  adjusted loss = 0.439  adv prob = 0.299657   acc = 0.864
  gold_label_random = 0, sentence2_has_negation = 1  [n = 246]:	loss = 0.747  exp loss = 0.742  adjusted loss = 0.742  adv prob = 0.000007   acc = 0.707
  gold_label_random = 1, sentence2_has_negation = 0  [n = 282]:	loss = 0.331  exp loss = 0.332  adjusted loss = 0.332  adv prob = 0.269478   acc = 0.872
  gold_label_random = 1, sentence2_has_negation = 1  [n = 261]:	loss = 0.560  exp loss = 0.479  adjusted loss = 0.479  adv prob = 0.002683   acc = 0.816
  gold_label_random = 2, sentence2_has_negation = 0  [n = 252]:	loss = 0.359  exp loss = 0.306  adjusted loss = 0.306  adv prob = 0.426062   acc = 0.865
  gold_label_random = 2, sentence2_has_negation = 1  [n = 294]:	loss = 0.259  exp loss = 0.245  adjusted loss = 0.245  adv prob = 0.002113   acc = 0.915
Average incurred loss: 0.405  
Average sample loss: 0.341  
Average acc: 0.852  
  gold_label_random = 0, sentence2_has_negation = 0  [n = 249]:	loss = 0.367  exp loss = 0.427  adjusted loss = 0.427  adv prob = 0.301358   acc = 0.876
  gold_label_random = 0, sentence2_has_negation = 1  [n = 266]:	loss = 0.498  exp loss = 0.370  adjusted loss = 0.370  adv prob = 0.000007   acc = 0.808
  gold_label_random = 1, sentence2_has_negation = 0  [n = 263]:	loss = 0.350  exp loss = 0.289  adjusted loss = 0.289  adv prob = 0.276303   acc = 0.886
  gold_label_random = 1, sentence2_has_negation = 1  [n = 275]:	loss = 0.551  exp loss = 0.550  adjusted loss = 0.550  adv prob = 0.003017   acc = 0.789
  gold_label_random = 2, sentence2_has_negation = 0  [n = 265]:	loss = 0.318  exp loss = 0.251  adjusted loss = 0.251  adv prob = 0.417169   acc = 0.894
  gold_label_random = 2, sentence2_has_negation = 1  [n = 282]:	loss = 0.342  exp loss = 0.330  adjusted loss = 0.330  adv prob = 0.002146   acc = 0.862
Average incurred loss: 0.418  
Average sample loss: 0.321  
Average acc: 0.859  
  gold_label_random = 0, sentence2_has_negation = 0  [n = 263]:	loss = 0.395  exp loss = 0.380  adjusted loss = 0.380  adv prob = 0.309057   acc = 0.863
  gold_label_random = 0, sentence2_has_negation = 1  [n = 257]:	loss = 0.585  exp loss = 0.615  adjusted loss = 0.615  adv prob = 0.000008   acc = 0.817
  gold_label_random = 1, sentence2_has_negation = 0  [n = 265]:	loss = 0.323  exp loss = 0.217  adjusted loss = 0.217  adv prob = 0.272463   acc = 0.894
  gold_label_random = 1, sentence2_has_negation = 1  [n = 290]:	loss = 0.439  exp loss = 0.376  adjusted loss = 0.376  adv prob = 0.003200   acc = 0.845
  gold_label_random = 2, sentence2_has_negation = 0  [n = 286]:	loss = 0.349  exp loss = 0.355  adjusted loss = 0.355  adv prob = 0.413043   acc = 0.885
  gold_label_random = 2, sentence2_has_negation = 1  [n = 239]:	loss = 0.427  exp loss = 0.694  adjusted loss = 0.694  adv prob = 0.002229   acc = 0.849
Average incurred loss: 0.413  
Average sample loss: 0.372  
Average acc: 0.852  
  gold_label_random = 0, sentence2_has_negation = 0  [n = 266]:	loss = 0.322  exp loss = 0.318  adjusted loss = 0.318  adv prob = 0.304923   acc = 0.887
  gold_label_random = 0, sentence2_has_negation = 1  [n = 252]:	loss = 0.477  exp loss = 0.486  adjusted loss = 0.486  adv prob = 0.000008   acc = 0.829
  gold_label_random = 1, sentence2_has_negation = 0  [n = 277]:	loss = 0.433  exp loss = 0.376  adjusted loss = 0.376  adv prob = 0.279189   acc = 0.863
  gold_label_random = 1, sentence2_has_negation = 1  [n = 259]:	loss = 0.480  exp loss = 0.449  adjusted loss = 0.449  adv prob = 0.003422   acc = 0.846
  gold_label_random = 2, sentence2_has_negation = 0  [n = 261]:	loss = 0.366  exp loss = 0.261  adjusted loss = 0.261  adv prob = 0.410176   acc = 0.858
  gold_label_random = 2, sentence2_has_negation = 1  [n = 285]:	loss = 0.403  exp loss = 0.397  adjusted loss = 0.397  adv prob = 0.002281   acc = 0.832
Average incurred loss: 0.397  
Average sample loss: 0.347  
Average acc: 0.858  
  gold_label_random = 0, sentence2_has_negation = 0  [n = 274]:	loss = 0.376  exp loss = 0.233  adjusted loss = 0.233  adv prob = 0.306758   acc = 0.880
  gold_label_random = 0, sentence2_has_negation = 1  [n = 283]:	loss = 0.549  exp loss = 0.590  adjusted loss = 0.590  adv prob = 0.000009   acc = 0.792
  gold_label_random = 1, sentence2_has_negation = 0  [n = 271]:	loss = 0.240  exp loss = 0.276  adjusted loss = 0.276  adv prob = 0.269280   acc = 0.919
  gold_label_random = 1, sentence2_has_negation = 1  [n = 250]:	loss = 0.404  exp loss = 0.454  adjusted loss = 0.454  adv prob = 0.003498   acc = 0.872
  gold_label_random = 2, sentence2_has_negation = 0  [n = 259]:	loss = 0.401  exp loss = 0.363  adjusted loss = 0.363  adv prob = 0.418159   acc = 0.857
  gold_label_random = 2, sentence2_has_negation = 1  [n = 263]:	loss = 0.403  exp loss = 0.300  adjusted loss = 0.300  adv prob = 0.002295   acc = 0.833
Average incurred loss: 0.437  
Average sample loss: 0.373  
Average acc: 0.848  
  gold_label_random = 0, sentence2_has_negation = 0  [n = 242]:	loss = 0.398  exp loss = 0.388  adjusted loss = 0.388  adv prob = 0.309621   acc = 0.868
  gold_label_random = 0, sentence2_has_negation = 1  [n = 271]:	loss = 0.715  exp loss = 0.677  adjusted loss = 0.677  adv prob = 0.000011   acc = 0.727
  gold_label_random = 1, sentence2_has_negation = 0  [n = 261]:	loss = 0.315  exp loss = 0.269  adjusted loss = 0.269  adv prob = 0.266426   acc = 0.904
  gold_label_random = 1, sentence2_has_negation = 1  [n = 285]:	loss = 0.384  exp loss = 0.422  adjusted loss = 0.422  adv prob = 0.003481   acc = 0.888
  gold_label_random = 2, sentence2_has_negation = 0  [n = 264]:	loss = 0.397  exp loss = 0.380  adjusted loss = 0.380  adv prob = 0.418174   acc = 0.867
  gold_label_random = 2, sentence2_has_negation = 1  [n = 277]:	loss = 0.405  exp loss = 0.314  adjusted loss = 0.314  adv prob = 0.002288   acc = 0.838
Average incurred loss: 0.372  
Average sample loss: 0.349  
Average acc: 0.868  
  gold_label_random = 0, sentence2_has_negation = 0  [n = 272]:	loss = 0.422  exp loss = 0.474  adjusted loss = 0.474  adv prob = 0.315869   acc = 0.860
  gold_label_random = 0, sentence2_has_negation = 1  [n = 275]:	loss = 0.523  exp loss = 0.621  adjusted loss = 0.621  adv prob = 0.000012   acc = 0.829
  gold_label_random = 1, sentence2_has_negation = 0  [n = 252]:	loss = 0.335  exp loss = 0.256  adjusted loss = 0.256  adv prob = 0.264802   acc = 0.893
  gold_label_random = 1, sentence2_has_negation = 1  [n = 259]:	loss = 0.325  exp loss = 0.376  adjusted loss = 0.376  adv prob = 0.003457   acc = 0.876
  gold_label_random = 2, sentence2_has_negation = 0  [n = 259]:	loss = 0.344  exp loss = 0.356  adjusted loss = 0.356  adv prob = 0.413658   acc = 0.853
  gold_label_random = 2, sentence2_has_negation = 1  [n = 283]:	loss = 0.277  exp loss = 0.292  adjusted loss = 0.292  adv prob = 0.002202   acc = 0.898
Average incurred loss: 0.409  
Average sample loss: 0.370  
Average acc: 0.848  
  gold_label_random = 0, sentence2_has_negation = 0  [n = 270]:	loss = 0.310  exp loss = 0.325  adjusted loss = 0.325  adv prob = 0.307011   acc = 0.878
  gold_label_random = 0, sentence2_has_negation = 1  [n = 294]:	loss = 0.542  exp loss = 0.692  adjusted loss = 0.692  adv prob = 0.000013   acc = 0.779
  gold_label_random = 1, sentence2_has_negation = 0  [n = 256]:	loss = 0.421  exp loss = 0.395  adjusted loss = 0.395  adv prob = 0.272595   acc = 0.879
  gold_label_random = 1, sentence2_has_negation = 1  [n = 237]:	loss = 0.411  exp loss = 0.481  adjusted loss = 0.481  adv prob = 0.003504   acc = 0.857
  gold_label_random = 2, sentence2_has_negation = 0  [n = 264]:	loss = 0.395  exp loss = 0.412  adjusted loss = 0.412  adv prob = 0.414675   acc = 0.837
  gold_label_random = 2, sentence2_has_negation = 1  [n = 279]:	loss = 0.364  exp loss = 0.252  adjusted loss = 0.252  adv prob = 0.002201   acc = 0.867
Average incurred loss: 0.412  
Average sample loss: 0.382  
Average acc: 0.856  
  gold_label_random = 0, sentence2_has_negation = 0  [n = 288]:	loss = 0.368  exp loss = 0.306  adjusted loss = 0.306  adv prob = 0.298947   acc = 0.868
  gold_label_random = 0, sentence2_has_negation = 1  [n = 264]:	loss = 0.548  exp loss = 0.690  adjusted loss = 0.690  adv prob = 0.000014   acc = 0.788
  gold_label_random = 1, sentence2_has_negation = 0  [n = 264]:	loss = 0.366  exp loss = 0.477  adjusted loss = 0.477  adv prob = 0.267512   acc = 0.890
  gold_label_random = 1, sentence2_has_negation = 1  [n = 266]:	loss = 0.471  exp loss = 0.365  adjusted loss = 0.365  adv prob = 0.003665   acc = 0.872
  gold_label_random = 2, sentence2_has_negation = 0  [n = 239]:	loss = 0.404  exp loss = 0.639  adjusted loss = 0.639  adv prob = 0.427717   acc = 0.849
  gold_label_random = 2, sentence2_has_negation = 1  [n = 279]:	loss = 0.322  exp loss = 0.372  adjusted loss = 0.372  adv prob = 0.002145   acc = 0.867
Average incurred loss: 0.384  
Average sample loss: 0.386  
Average acc: 0.859  
  gold_label_random = 0, sentence2_has_negation = 0  [n = 266]:	loss = 0.378  exp loss = 0.359  adjusted loss = 0.359  adv prob = 0.300088   acc = 0.872
  gold_label_random = 0, sentence2_has_negation = 1  [n = 262]:	loss = 0.576  exp loss = 0.478  adjusted loss = 0.478  adv prob = 0.000015   acc = 0.767
  gold_label_random = 1, sentence2_has_negation = 0  [n = 256]:	loss = 0.373  exp loss = 0.332  adjusted loss = 0.332  adv prob = 0.268520   acc = 0.887
  gold_label_random = 1, sentence2_has_negation = 1  [n = 241]:	loss = 0.359  exp loss = 0.369  adjusted loss = 0.369  adv prob = 0.003557   acc = 0.884
  gold_label_random = 2, sentence2_has_negation = 0  [n = 286]:	loss = 0.352  exp loss = 0.418  adjusted loss = 0.418  adv prob = 0.425788   acc = 0.857
  gold_label_random = 2, sentence2_has_negation = 1  [n = 289]:	loss = 0.278  exp loss = 0.312  adjusted loss = 0.312  adv prob = 0.002031   acc = 0.889
Average incurred loss: 0.376  
Average sample loss: 0.310  
Average acc: 0.862  
  gold_label_random = 0, sentence2_has_negation = 0  [n = 276]:	loss = 0.308  exp loss = 0.315  adjusted loss = 0.315  adv prob = 0.298803   acc = 0.902
  gold_label_random = 0, sentence2_has_negation = 1  [n = 266]:	loss = 0.583  exp loss = 0.624  adjusted loss = 0.624  adv prob = 0.000017   acc = 0.786
  gold_label_random = 1, sentence2_has_negation = 0  [n = 268]:	loss = 0.360  exp loss = 0.267  adjusted loss = 0.267  adv prob = 0.273032   acc = 0.873
  gold_label_random = 1, sentence2_has_negation = 1  [n = 285]:	loss = 0.386  exp loss = 0.309  adjusted loss = 0.309  adv prob = 0.003697   acc = 0.860
  gold_label_random = 2, sentence2_has_negation = 0  [n = 257]:	loss = 0.291  exp loss = 0.342  adjusted loss = 0.342  adv prob = 0.422414   acc = 0.875
  gold_label_random = 2, sentence2_has_negation = 1  [n = 248]:	loss = 0.322  exp loss = 0.371  adjusted loss = 0.371  adv prob = 0.002036   acc = 0.875
Average incurred loss: 0.422  
Average sample loss: 0.376  
Average acc: 0.847  
  gold_label_random = 0, sentence2_has_negation = 0  [n = 278]:	loss = 0.391  exp loss = 0.409  adjusted loss = 0.409  adv prob = 0.298701   acc = 0.867
  gold_label_random = 0, sentence2_has_negation = 1  [n = 285]:	loss = 0.583  exp loss = 0.542  adjusted loss = 0.542  adv prob = 0.000019   acc = 0.758
  gold_label_random = 1, sentence2_has_negation = 0  [n = 248]:	loss = 0.349  exp loss = 0.299  adjusted loss = 0.299  adv prob = 0.269709   acc = 0.871
  gold_label_random = 1, sentence2_has_negation = 1  [n = 279]:	loss = 0.526  exp loss = 0.449  adjusted loss = 0.449  adv prob = 0.004012   acc = 0.835
  gold_label_random = 2, sentence2_has_negation = 0  [n = 263]:	loss = 0.353  exp loss = 0.365  adjusted loss = 0.365  adv prob = 0.425611   acc = 0.863
  gold_label_random = 2, sentence2_has_negation = 1  [n = 247]:	loss = 0.298  exp loss = 0.250  adjusted loss = 0.250  adv prob = 0.001949   acc = 0.899
Average incurred loss: 0.384  
Average sample loss: 0.321  
Average acc: 0.863  
  gold_label_random = 0, sentence2_has_negation = 0  [n = 272]:	loss = 0.399  exp loss = 0.333  adjusted loss = 0.333  adv prob = 0.304108   acc = 0.857
  gold_label_random = 0, sentence2_has_negation = 1  [n = 261]:	loss = 0.462  exp loss = 0.357  adjusted loss = 0.357  adv prob = 0.000020   acc = 0.824
  gold_label_random = 1, sentence2_has_negation = 0  [n = 278]:	loss = 0.384  exp loss = 0.393  adjusted loss = 0.393  adv prob = 0.271955   acc = 0.881
  gold_label_random = 1, sentence2_has_negation = 1  [n = 269]:	loss = 0.423  exp loss = 0.427  adjusted loss = 0.427  adv prob = 0.004228   acc = 0.855
  gold_label_random = 2, sentence2_has_negation = 0  [n = 245]:	loss = 0.295  exp loss = 0.243  adjusted loss = 0.243  adv prob = 0.417727   acc = 0.902
  gold_label_random = 2, sentence2_has_negation = 1  [n = 275]:	loss = 0.339  exp loss = 0.348  adjusted loss = 0.348  adv prob = 0.001962   acc = 0.858
Average incurred loss: 0.385  
Average sample loss: 0.398  
Average acc: 0.860  
  gold_label_random = 0, sentence2_has_negation = 0  [n = 259]:	loss = 0.427  exp loss = 0.411  adjusted loss = 0.411  adv prob = 0.306694   acc = 0.849
  gold_label_random = 0, sentence2_has_negation = 1  [n = 286]:	loss = 0.367  exp loss = 0.240  adjusted loss = 0.240  adv prob = 0.000019   acc = 0.857
  gold_label_random = 1, sentence2_has_negation = 0  [n = 263]:	loss = 0.404  exp loss = 0.462  adjusted loss = 0.462  adv prob = 0.271570   acc = 0.863
  gold_label_random = 1, sentence2_has_negation = 1  [n = 273]:	loss = 0.332  exp loss = 0.214  adjusted loss = 0.214  adv prob = 0.004096   acc = 0.886
  gold_label_random = 2, sentence2_has_negation = 0  [n = 283]:	loss = 0.395  exp loss = 0.397  adjusted loss = 0.397  adv prob = 0.415684   acc = 0.855
  gold_label_random = 2, sentence2_has_negation = 1  [n = 236]:	loss = 0.391  exp loss = 0.340  adjusted loss = 0.340  adv prob = 0.001936   acc = 0.847
Average incurred loss: 0.392  
Average sample loss: 0.347  
Average acc: 0.858  
  gold_label_random = 0, sentence2_has_negation = 0  [n = 260]:	loss = 0.293  exp loss = 0.251  adjusted loss = 0.251  adv prob = 0.297095   acc = 0.892
  gold_label_random = 0, sentence2_has_negation = 1  [n = 274]:	loss = 0.426  exp loss = 0.277  adjusted loss = 0.277  adv prob = 0.000020   acc = 0.836
  gold_label_random = 1, sentence2_has_negation = 0  [n = 260]:	loss = 0.423  exp loss = 0.279  adjusted loss = 0.279  adv prob = 0.276602   acc = 0.881
  gold_label_random = 1, sentence2_has_negation = 1  [n = 253]:	loss = 0.365  exp loss = 0.313  adjusted loss = 0.313  adv prob = 0.004091   acc = 0.877
  gold_label_random = 2, sentence2_has_negation = 0  [n = 264]:	loss = 0.404  exp loss = 0.328  adjusted loss = 0.328  adv prob = 0.420142   acc = 0.841
  gold_label_random = 2, sentence2_has_negation = 1  [n = 289]:	loss = 0.434  exp loss = 0.473  adjusted loss = 0.473  adv prob = 0.002051   acc = 0.827
Average incurred loss: 0.366  
Average sample loss: 0.342  
Average acc: 0.864  
  gold_label_random = 0, sentence2_has_negation = 0  [n = 264]:	loss = 0.371  exp loss = 0.577  adjusted loss = 0.577  adv prob = 0.303980   acc = 0.883
  gold_label_random = 0, sentence2_has_negation = 1  [n = 256]:	loss = 0.469  exp loss = 0.524  adjusted loss = 0.524  adv prob = 0.000021   acc = 0.816
  gold_label_random = 1, sentence2_has_negation = 0  [n = 266]:	loss = 0.304  exp loss = 0.256  adjusted loss = 0.256  adv prob = 0.267188   acc = 0.898
  gold_label_random = 1, sentence2_has_negation = 1  [n = 274]:	loss = 0.263  exp loss = 0.265  adjusted loss = 0.265  adv prob = 0.003920   acc = 0.909
  gold_label_random = 2, sentence2_has_negation = 0  [n = 269]:	loss = 0.372  exp loss = 0.344  adjusted loss = 0.344  adv prob = 0.422700   acc = 0.855
  gold_label_random = 2, sentence2_has_negation = 1  [n = 271]:	loss = 0.423  exp loss = 0.469  adjusted loss = 0.469  adv prob = 0.002192   acc = 0.819
Average incurred loss: 0.433  
Average sample loss: 0.379  
Average acc: 0.850  
  gold_label_random = 0, sentence2_has_negation = 0  [n = 271]:	loss = 0.364  exp loss = 0.268  adjusted loss = 0.268  adv prob = 0.294932   acc = 0.878
  gold_label_random = 0, sentence2_has_negation = 1  [n = 278]:	loss = 0.632  exp loss = 0.588  adjusted loss = 0.588  adv prob = 0.000023   acc = 0.784
  gold_label_random = 1, sentence2_has_negation = 0  [n = 251]:	loss = 0.436  exp loss = 0.683  adjusted loss = 0.683  adv prob = 0.277701   acc = 0.861
  gold_label_random = 1, sentence2_has_negation = 1  [n = 249]:	loss = 0.393  exp loss = 0.473  adjusted loss = 0.473  adv prob = 0.003893   acc = 0.871
  gold_label_random = 2, sentence2_has_negation = 0  [n = 309]:	loss = 0.358  exp loss = 0.367  adjusted loss = 0.367  adv prob = 0.421184   acc = 0.864
  gold_label_random = 2, sentence2_has_negation = 1  [n = 242]:	loss = 0.418  exp loss = 0.316  adjusted loss = 0.316  adv prob = 0.002267   acc = 0.843
Average incurred loss: 0.367  
Average sample loss: 0.403  
Average acc: 0.861  
  gold_label_random = 0, sentence2_has_negation = 0  [n = 279]:	loss = 0.359  exp loss = 0.326  adjusted loss = 0.326  adv prob = 0.293016   acc = 0.864
  gold_label_random = 0, sentence2_has_negation = 1  [n = 266]:	loss = 0.304  exp loss = 0.373  adjusted loss = 0.373  adv prob = 0.000022   acc = 0.891
  gold_label_random = 1, sentence2_has_negation = 0  [n = 255]:	loss = 0.360  exp loss = 0.275  adjusted loss = 0.275  adv prob = 0.271452   acc = 0.882
  gold_label_random = 1, sentence2_has_negation = 1  [n = 264]:	loss = 0.294  exp loss = 0.271  adjusted loss = 0.271  adv prob = 0.003701   acc = 0.905
  gold_label_random = 2, sentence2_has_negation = 0  [n = 286]:	loss = 0.437  exp loss = 0.492  adjusted loss = 0.492  adv prob = 0.429497   acc = 0.815
  gold_label_random = 2, sentence2_has_negation = 1  [n = 250]:	loss = 0.448  exp loss = 0.355  adjusted loss = 0.355  adv prob = 0.002312   acc = 0.808
Average incurred loss: 0.352  
Average sample loss: 0.316  
Average acc: 0.867  
  gold_label_random = 0, sentence2_has_negation = 0  [n = 240]:	loss = 0.357  exp loss = 0.478  adjusted loss = 0.478  adv prob = 0.296620   acc = 0.862
  gold_label_random = 0, sentence2_has_negation = 1  [n = 264]:	loss = 0.474  exp loss = 0.602  adjusted loss = 0.602  adv prob = 0.000024   acc = 0.833
  gold_label_random = 1, sentence2_has_negation = 0  [n = 244]:	loss = 0.332  exp loss = 0.281  adjusted loss = 0.281  adv prob = 0.272563   acc = 0.885
  gold_label_random = 1, sentence2_has_negation = 1  [n = 285]:	loss = 0.429  exp loss = 0.413  adjusted loss = 0.413  adv prob = 0.003931   acc = 0.842
  gold_label_random = 2, sentence2_has_negation = 0  [n = 287]:	loss = 0.272  exp loss = 0.312  adjusted loss = 0.312  adv prob = 0.424631   acc = 0.889
  gold_label_random = 2, sentence2_has_negation = 1  [n = 280]:	loss = 0.256  exp loss = 0.178  adjusted loss = 0.178  adv prob = 0.002232   acc = 0.889
Average incurred loss: 0.418  
Average sample loss: 0.366  
Average acc: 0.849  
  gold_label_random = 0, sentence2_has_negation = 0  [n = 274]:	loss = 0.389  exp loss = 0.342  adjusted loss = 0.342  adv prob = 0.299925   acc = 0.872
  gold_label_random = 0, sentence2_has_negation = 1  [n = 289]:	loss = 0.513  exp loss = 0.495  adjusted loss = 0.495  adv prob = 0.000025   acc = 0.796
  gold_label_random = 1, sentence2_has_negation = 0  [n = 247]:	loss = 0.283  exp loss = 0.305  adjusted loss = 0.305  adv prob = 0.266259   acc = 0.911
  gold_label_random = 1, sentence2_has_negation = 1  [n = 267]:	loss = 0.448  exp loss = 0.319  adjusted loss = 0.319  adv prob = 0.004051   acc = 0.839
  gold_label_random = 2, sentence2_has_negation = 0  [n = 250]:	loss = 0.351  exp loss = 0.334  adjusted loss = 0.334  adv prob = 0.427365   acc = 0.876
  gold_label_random = 2, sentence2_has_negation = 1  [n = 273]:	loss = 0.502  exp loss = 0.393  adjusted loss = 0.393  adv prob = 0.002374   acc = 0.810
Average incurred loss: 0.402  
Average sample loss: 0.380  
Average acc: 0.862  
  gold_label_random = 0, sentence2_has_negation = 0  [n = 258]:	loss = 0.338  exp loss = 0.267  adjusted loss = 0.267  adv prob = 0.294472   acc = 0.880
  gold_label_random = 0, sentence2_has_negation = 1  [n = 266]:	loss = 0.591  exp loss = 0.560  adjusted loss = 0.560  adv prob = 0.000027   acc = 0.778
  gold_label_random = 1, sentence2_has_negation = 0  [n = 264]:	loss = 0.476  exp loss = 0.747  adjusted loss = 0.747  adv prob = 0.286296   acc = 0.867
  gold_label_random = 1, sentence2_has_negation = 1  [n = 258]:	loss = 0.367  exp loss = 0.261  adjusted loss = 0.261  adv prob = 0.004025   acc = 0.895
  gold_label_random = 2, sentence2_has_negation = 0  [n = 283]:	loss = 0.318  exp loss = 0.267  adjusted loss = 0.267  adv prob = 0.412906   acc = 0.869
  gold_label_random = 2, sentence2_has_negation = 1  [n = 271]:	loss = 0.326  exp loss = 0.292  adjusted loss = 0.292  adv prob = 0.002274   acc = 0.886
Average incurred loss: 0.397  
Average sample loss: 0.368  
Average acc: 0.858  
  gold_label_random = 0, sentence2_has_negation = 0  [n = 277]:	loss = 0.414  exp loss = 0.386  adjusted loss = 0.386  adv prob = 0.296845   acc = 0.841
  gold_label_random = 0, sentence2_has_negation = 1  [n = 283]:	loss = 0.600  exp loss = 0.475  adjusted loss = 0.475  adv prob = 0.000031   acc = 0.784
  gold_label_random = 1, sentence2_has_negation = 0  [n = 264]:	loss = 0.320  exp loss = 0.354  adjusted loss = 0.354  adv prob = 0.279714   acc = 0.890
  gold_label_random = 1, sentence2_has_negation = 1  [n = 269]:	loss = 0.254  exp loss = 0.245  adjusted loss = 0.245  adv prob = 0.003817   acc = 0.929
  gold_label_random = 2, sentence2_has_negation = 0  [n = 265]:	loss = 0.370  exp loss = 0.379  adjusted loss = 0.379  adv prob = 0.417275   acc = 0.849
  gold_label_random = 2, sentence2_has_negation = 1  [n = 242]:	loss = 0.410  exp loss = 0.371  adjusted loss = 0.371  adv prob = 0.002319   acc = 0.855
Average incurred loss: 0.402  
Average sample loss: 0.337  
Average acc: 0.858  
  gold_label_random = 0, sentence2_has_negation = 0  [n = 250]:	loss = 0.316  exp loss = 0.315  adjusted loss = 0.315  adv prob = 0.297192   acc = 0.884
  gold_label_random = 0, sentence2_has_negation = 1  [n = 294]:	loss = 0.687  exp loss = 0.646  adjusted loss = 0.646  adv prob = 0.000036   acc = 0.748
  gold_label_random = 1, sentence2_has_negation = 0  [n = 284]:	loss = 0.364  exp loss = 0.507  adjusted loss = 0.507  adv prob = 0.284548   acc = 0.894
  gold_label_random = 1, sentence2_has_negation = 1  [n = 238]:	loss = 0.279  exp loss = 0.416  adjusted loss = 0.416  adv prob = 0.003666   acc = 0.908
  gold_label_random = 2, sentence2_has_negation = 0  [n = 272]:	loss = 0.319  exp loss = 0.314  adjusted loss = 0.314  adv prob = 0.412159   acc = 0.886
  gold_label_random = 2, sentence2_has_negation = 1  [n = 262]:	loss = 0.402  exp loss = 0.427  adjusted loss = 0.427  adv prob = 0.002400   acc = 0.840
Average incurred loss: 0.424  
Average sample loss: 0.371  
Average acc: 0.851  
  gold_label_random = 0, sentence2_has_negation = 0  [n = 277]:	loss = 0.352  exp loss = 0.384  adjusted loss = 0.384  adv prob = 0.293469   acc = 0.892
  gold_label_random = 0, sentence2_has_negation = 1  [n = 258]:	loss = 0.483  exp loss = 0.577  adjusted loss = 0.577  adv prob = 0.000038   acc = 0.829
  gold_label_random = 1, sentence2_has_negation = 0  [n = 255]:	loss = 0.434  exp loss = 0.533  adjusted loss = 0.533  adv prob = 0.290588   acc = 0.867
  gold_label_random = 1, sentence2_has_negation = 1  [n = 278]:	loss = 0.500  exp loss = 0.526  adjusted loss = 0.526  adv prob = 0.003873   acc = 0.835
  gold_label_random = 2, sentence2_has_negation = 0  [n = 262]:	loss = 0.380  exp loss = 0.378  adjusted loss = 0.378  adv prob = 0.409626   acc = 0.851
  gold_label_random = 2, sentence2_has_negation = 1  [n = 270]:	loss = 0.398  exp loss = 0.292  adjusted loss = 0.292  adv prob = 0.002406   acc = 0.833
Average incurred loss: 0.382  
Average sample loss: 0.302  
Average acc: 0.860  
  gold_label_random = 0, sentence2_has_negation = 0  [n = 248]:	loss = 0.334  exp loss = 0.275  adjusted loss = 0.275  adv prob = 0.295116   acc = 0.883
  gold_label_random = 0, sentence2_has_negation = 1  [n = 283]:	loss = 0.587  exp loss = 0.469  adjusted loss = 0.469  adv prob = 0.000045   acc = 0.784
  gold_label_random = 1, sentence2_has_negation = 0  [n = 269]:	loss = 0.322  exp loss = 0.428  adjusted loss = 0.428  adv prob = 0.295293   acc = 0.870
  gold_label_random = 1, sentence2_has_negation = 1  [n = 252]:	loss = 0.223  exp loss = 0.235  adjusted loss = 0.235  adv prob = 0.003691   acc = 0.921
  gold_label_random = 2, sentence2_has_negation = 0  [n = 265]:	loss = 0.300  exp loss = 0.364  adjusted loss = 0.364  adv prob = 0.403185   acc = 0.887
  gold_label_random = 2, sentence2_has_negation = 1  [n = 283]:	loss = 0.495  exp loss = 0.449  adjusted loss = 0.449  adv prob = 0.002669   acc = 0.827
Average incurred loss: 0.396  
Average sample loss: 0.333  
Average acc: 0.863  
  gold_label_random = 0, sentence2_has_negation = 0  [n = 258]:	loss = 0.257  exp loss = 0.191  adjusted loss = 0.191  adv prob = 0.284241   acc = 0.922
  gold_label_random = 0, sentence2_has_negation = 1  [n = 277]:	loss = 0.685  exp loss = 0.628  adjusted loss = 0.628  adv prob = 0.000053   acc = 0.769
  gold_label_random = 1, sentence2_has_negation = 0  [n = 270]:	loss = 0.343  exp loss = 0.291  adjusted loss = 0.291  adv prob = 0.296205   acc = 0.896
  gold_label_random = 1, sentence2_has_negation = 1  [n = 243]:	loss = 0.380  exp loss = 0.340  adjusted loss = 0.340  adv prob = 0.003743   acc = 0.868
  gold_label_random = 2, sentence2_has_negation = 0  [n = 281]:	loss = 0.357  exp loss = 0.328  adjusted loss = 0.328  adv prob = 0.413120   acc = 0.851
  gold_label_random = 2, sentence2_has_negation = 1  [n = 271]:	loss = 0.340  exp loss = 0.291  adjusted loss = 0.291  adv prob = 0.002638   acc = 0.875
Average incurred loss: 0.364  
Average sample loss: 0.351  
Average acc: 0.869  
  gold_label_random = 0, sentence2_has_negation = 0  [n = 263]:	loss = 0.344  exp loss = 0.280  adjusted loss = 0.280  adv prob = 0.290616   acc = 0.897
  gold_label_random = 0, sentence2_has_negation = 1  [n = 266]:	loss = 0.503  exp loss = 0.438  adjusted loss = 0.438  adv prob = 0.000058   acc = 0.793
  gold_label_random = 1, sentence2_has_negation = 0  [n = 253]:	loss = 0.303  exp loss = 0.192  adjusted loss = 0.192  adv prob = 0.286562   acc = 0.885
  gold_label_random = 1, sentence2_has_negation = 1  [n = 289]:	loss = 0.285  exp loss = 0.200  adjusted loss = 0.200  adv prob = 0.003615   acc = 0.917
  gold_label_random = 2, sentence2_has_negation = 0  [n = 275]:	loss = 0.350  exp loss = 0.362  adjusted loss = 0.362  adv prob = 0.416405   acc = 0.873
  gold_label_random = 2, sentence2_has_negation = 1  [n = 254]:	loss = 0.404  exp loss = 0.497  adjusted loss = 0.497  adv prob = 0.002744   acc = 0.846
Average incurred loss: 0.350  
Average sample loss: 0.278  
Average acc: 0.881  
  gold_label_random = 0, sentence2_has_negation = 0  [n = 295]:	loss = 0.298  exp loss = 0.223  adjusted loss = 0.223  adv prob = 0.290350   acc = 0.908
  gold_label_random = 0, sentence2_has_negation = 1  [n = 252]:	loss = 0.708  exp loss = 0.783  adjusted loss = 0.783  adv prob = 0.000071   acc = 0.758
  gold_label_random = 1, sentence2_has_negation = 0  [n = 260]:	loss = 0.283  exp loss = 0.309  adjusted loss = 0.309  adv prob = 0.289827   acc = 0.908
  gold_label_random = 1, sentence2_has_negation = 1  [n = 232]:	loss = 0.278  exp loss = 0.185  adjusted loss = 0.185  adv prob = 0.003593   acc = 0.905
  gold_label_random = 2, sentence2_has_negation = 0  [n = 285]:	loss = 0.270  exp loss = 0.344  adjusted loss = 0.344  adv prob = 0.413403   acc = 0.895
  gold_label_random = 2, sentence2_has_negation = 1  [n = 276]:	loss = 0.285  exp loss = 0.307  adjusted loss = 0.307  adv prob = 0.002756   acc = 0.906
Average incurred loss: 0.439  
Average sample loss: 0.452  
Average acc: 0.845  
  gold_label_random = 0, sentence2_has_negation = 0  [n = 252]:	loss = 0.402  exp loss = 0.665  adjusted loss = 0.665  adv prob = 0.295074   acc = 0.857
  gold_label_random = 0, sentence2_has_negation = 1  [n = 264]:	loss = 0.705  exp loss = 0.759  adjusted loss = 0.759  adv prob = 0.000081   acc = 0.761
  gold_label_random = 1, sentence2_has_negation = 0  [n = 270]:	loss = 0.340  exp loss = 0.590  adjusted loss = 0.590  adv prob = 0.282770   acc = 0.889
  gold_label_random = 1, sentence2_has_negation = 1  [n = 256]:	loss = 0.374  exp loss = 0.395  adjusted loss = 0.395  adv prob = 0.003478   acc = 0.859
  gold_label_random = 2, sentence2_has_negation = 0  [n = 288]:	loss = 0.444  exp loss = 0.538  adjusted loss = 0.538  adv prob = 0.415933   acc = 0.826
  gold_label_random = 2, sentence2_has_negation = 1  [n = 270]:	loss = 0.367  exp loss = 0.350  adjusted loss = 0.350  adv prob = 0.002665   acc = 0.878
Average incurred loss: 0.398  
Average sample loss: 0.371  
Average acc: 0.858  
  gold_label_random = 0, sentence2_has_negation = 0  [n = 266]:	loss = 0.333  exp loss = 0.273  adjusted loss = 0.273  adv prob = 0.286311   acc = 0.868
  gold_label_random = 0, sentence2_has_negation = 1  [n = 265]:	loss = 0.521  exp loss = 0.498  adjusted loss = 0.498  adv prob = 0.000087   acc = 0.789
  gold_label_random = 1, sentence2_has_negation = 0  [n = 259]:	loss = 0.478  exp loss = 0.362  adjusted loss = 0.362  adv prob = 0.295215   acc = 0.869
  gold_label_random = 1, sentence2_has_negation = 1  [n = 261]:	loss = 0.408  exp loss = 0.394  adjusted loss = 0.394  adv prob = 0.003565   acc = 0.893
  gold_label_random = 2, sentence2_has_negation = 0  [n = 264]:	loss = 0.368  exp loss = 0.339  adjusted loss = 0.339  adv prob = 0.412272   acc = 0.845
  gold_label_random = 2, sentence2_has_negation = 1  [n = 285]:	loss = 0.289  exp loss = 0.300  adjusted loss = 0.300  adv prob = 0.002550   acc = 0.881
Average incurred loss: 0.365  
Average sample loss: 0.300  
Average acc: 0.877  
  gold_label_random = 0, sentence2_has_negation = 0  [n = 265]:	loss = 0.302  exp loss = 0.231  adjusted loss = 0.231  adv prob = 0.285225   acc = 0.902
  gold_label_random = 0, sentence2_has_negation = 1  [n = 278]:	loss = 0.597  exp loss = 0.588  adjusted loss = 0.588  adv prob = 0.000100   acc = 0.788
  gold_label_random = 1, sentence2_has_negation = 0  [n = 271]:	loss = 0.306  exp loss = 0.311  adjusted loss = 0.311  adv prob = 0.294497   acc = 0.915
  gold_label_random = 1, sentence2_has_negation = 1  [n = 271]:	loss = 0.352  exp loss = 0.416  adjusted loss = 0.416  adv prob = 0.003687   acc = 0.893
  gold_label_random = 2, sentence2_has_negation = 0  [n = 259]:	loss = 0.312  exp loss = 0.233  adjusted loss = 0.233  adv prob = 0.413895   acc = 0.880
  gold_label_random = 2, sentence2_has_negation = 1  [n = 256]:	loss = 0.311  exp loss = 0.377  adjusted loss = 0.377  adv prob = 0.002596   acc = 0.887
Average incurred loss: 0.380  
Average sample loss: 0.330  
Average acc: 0.864  
  gold_label_random = 0, sentence2_has_negation = 0  [n = 283]:	loss = 0.368  exp loss = 0.502  adjusted loss = 0.502  adv prob = 0.288740   acc = 0.876
  gold_label_random = 0, sentence2_has_negation = 1  [n = 274]:	loss = 0.693  exp loss = 0.913  adjusted loss = 0.913  adv prob = 0.000122   acc = 0.748
  gold_label_random = 1, sentence2_has_negation = 0  [n = 259]:	loss = 0.312  exp loss = 0.296  adjusted loss = 0.296  adv prob = 0.288318   acc = 0.903
  gold_label_random = 1, sentence2_has_negation = 1  [n = 257]:	loss = 0.300  exp loss = 0.535  adjusted loss = 0.535  adv prob = 0.003576   acc = 0.903
  gold_label_random = 2, sentence2_has_negation = 0  [n = 254]:	loss = 0.319  exp loss = 0.315  adjusted loss = 0.315  adv prob = 0.416741   acc = 0.854
  gold_label_random = 2, sentence2_has_negation = 1  [n = 273]:	loss = 0.275  exp loss = 0.181  adjusted loss = 0.181  adv prob = 0.002504   acc = 0.905
Average incurred loss: 0.401  
Average sample loss: 0.284  
Average acc: 0.856  
  gold_label_random = 0, sentence2_has_negation = 0  [n = 267]:	loss = 0.281  exp loss = 0.300  adjusted loss = 0.300  adv prob = 0.286323   acc = 0.906
  gold_label_random = 0, sentence2_has_negation = 1  [n = 267]:	loss = 0.732  exp loss = 0.652  adjusted loss = 0.652  adv prob = 0.000150   acc = 0.704
  gold_label_random = 1, sentence2_has_negation = 0  [n = 234]:	loss = 0.294  exp loss = 0.417  adjusted loss = 0.417  adv prob = 0.288266   acc = 0.897
  gold_label_random = 1, sentence2_has_negation = 1  [n = 258]:	loss = 0.491  exp loss = 0.393  adjusted loss = 0.393  adv prob = 0.003944   acc = 0.833
  gold_label_random = 2, sentence2_has_negation = 0  [n = 301]:	loss = 0.305  exp loss = 0.373  adjusted loss = 0.373  adv prob = 0.418821   acc = 0.887
  gold_label_random = 2, sentence2_has_negation = 1  [n = 273]:	loss = 0.305  exp loss = 0.314  adjusted loss = 0.314  adv prob = 0.002495   acc = 0.905
Average incurred loss: 0.390  
Average sample loss: 0.400  
Average acc: 0.866  
  gold_label_random = 0, sentence2_has_negation = 0  [n = 253]:	loss = 0.377  exp loss = 0.221  adjusted loss = 0.221  adv prob = 0.284510   acc = 0.885
  gold_label_random = 0, sentence2_has_negation = 1  [n = 259]:	loss = 0.610  exp loss = 0.661  adjusted loss = 0.661  adv prob = 0.000166   acc = 0.792
  gold_label_random = 1, sentence2_has_negation = 0  [n = 264]:	loss = 0.403  exp loss = 0.617  adjusted loss = 0.617  adv prob = 0.296865   acc = 0.871
  gold_label_random = 1, sentence2_has_negation = 1  [n = 262]:	loss = 0.382  exp loss = 0.408  adjusted loss = 0.408  adv prob = 0.003943   acc = 0.851
  gold_label_random = 2, sentence2_has_negation = 0  [n = 261]:	loss = 0.356  exp loss = 0.418  adjusted loss = 0.418  adv prob = 0.412218   acc = 0.862
  gold_label_random = 2, sentence2_has_negation = 1  [n = 301]:	loss = 0.236  exp loss = 0.245  adjusted loss = 0.245  adv prob = 0.002299   acc = 0.924
Average incurred loss: 0.393  
Average sample loss: 0.352  
Average acc: 0.855  
  gold_label_random = 0, sentence2_has_negation = 0  [n = 291]:	loss = 0.390  exp loss = 0.319  adjusted loss = 0.319  adv prob = 0.283537   acc = 0.856
  gold_label_random = 0, sentence2_has_negation = 1  [n = 250]:	loss = 0.565  exp loss = 0.512  adjusted loss = 0.512  adv prob = 0.000180   acc = 0.788
  gold_label_random = 1, sentence2_has_negation = 0  [n = 265]:	loss = 0.320  exp loss = 0.302  adjusted loss = 0.302  adv prob = 0.288562   acc = 0.898
  gold_label_random = 1, sentence2_has_negation = 1  [n = 248]:	loss = 0.373  exp loss = 0.422  adjusted loss = 0.422  adv prob = 0.003968   acc = 0.863
  gold_label_random = 2, sentence2_has_negation = 0  [n = 295]:	loss = 0.381  exp loss = 0.403  adjusted loss = 0.403  adv prob = 0.421492   acc = 0.847
  gold_label_random = 2, sentence2_has_negation = 1  [n = 251]:	loss = 0.338  exp loss = 0.391  adjusted loss = 0.391  adv prob = 0.002261   acc = 0.876
Average incurred loss: 0.411  
Average sample loss: 0.430  
Average acc: 0.845  
  gold_label_random = 0, sentence2_has_negation = 0  [n = 262]:	loss = 0.401  exp loss = 0.301  adjusted loss = 0.301  adv prob = 0.276972   acc = 0.859
  gold_label_random = 0, sentence2_has_negation = 1  [n = 248]:	loss = 0.489  exp loss = 0.371  adjusted loss = 0.371  adv prob = 0.000185   acc = 0.794
  gold_label_random = 1, sentence2_has_negation = 0  [n = 269]:	loss = 0.435  exp loss = 0.435  adjusted loss = 0.435  adv prob = 0.290407   acc = 0.848
  gold_label_random = 1, sentence2_has_negation = 1  [n = 262]:	loss = 0.391  exp loss = 0.450  adjusted loss = 0.450  adv prob = 0.003857   acc = 0.851
  gold_label_random = 2, sentence2_has_negation = 0  [n = 292]:	loss = 0.402  exp loss = 0.421  adjusted loss = 0.421  adv prob = 0.426398   acc = 0.849
  gold_label_random = 2, sentence2_has_negation = 1  [n = 267]:	loss = 0.355  exp loss = 0.355  adjusted loss = 0.355  adv prob = 0.002181   acc = 0.865
Average incurred loss: 0.402  
Average sample loss: 0.362  
Average acc: 0.856  
  gold_label_random = 0, sentence2_has_negation = 0  [n = 243]:	loss = 0.335  exp loss = 0.545  adjusted loss = 0.545  adv prob = 0.277915   acc = 0.885
  gold_label_random = 0, sentence2_has_negation = 1  [n = 251]:	loss = 0.557  exp loss = 0.513  adjusted loss = 0.513  adv prob = 0.000202   acc = 0.773
  gold_label_random = 1, sentence2_has_negation = 0  [n = 291]:	loss = 0.336  exp loss = 0.260  adjusted loss = 0.260  adv prob = 0.295236   acc = 0.883
  gold_label_random = 1, sentence2_has_negation = 1  [n = 262]:	loss = 0.398  exp loss = 0.461  adjusted loss = 0.461  adv prob = 0.003913   acc = 0.870
  gold_label_random = 2, sentence2_has_negation = 0  [n = 284]:	loss = 0.343  exp loss = 0.477  adjusted loss = 0.477  adv prob = 0.420369   acc = 0.880
  gold_label_random = 2, sentence2_has_negation = 1  [n = 269]:	loss = 0.455  exp loss = 0.539  adjusted loss = 0.539  adv prob = 0.002364   acc = 0.836
Average incurred loss: 0.387  
Average sample loss: 0.320  
Average acc: 0.856  
  gold_label_random = 0, sentence2_has_negation = 0  [n = 275]:	loss = 0.388  exp loss = 0.419  adjusted loss = 0.419  adv prob = 0.285138   acc = 0.851
  gold_label_random = 0, sentence2_has_negation = 1  [n = 272]:	loss = 0.628  exp loss = 0.686  adjusted loss = 0.686  adv prob = 0.000242   acc = 0.754
  gold_label_random = 1, sentence2_has_negation = 0  [n = 288]:	loss = 0.314  exp loss = 0.254  adjusted loss = 0.254  adv prob = 0.291120   acc = 0.882
  gold_label_random = 1, sentence2_has_negation = 1  [n = 253]:	loss = 0.348  exp loss = 0.440  adjusted loss = 0.440  adv prob = 0.004014   acc = 0.881
  gold_label_random = 2, sentence2_has_negation = 0  [n = 254]:	loss = 0.306  exp loss = 0.272  adjusted loss = 0.272  adv prob = 0.417091   acc = 0.878
  gold_label_random = 2, sentence2_has_negation = 1  [n = 258]:	loss = 0.331  exp loss = 0.432  adjusted loss = 0.432  adv prob = 0.002396   acc = 0.891
Average incurred loss: 0.390  
Average sample loss: 0.340  
Average acc: 0.854  
  gold_label_random = 0, sentence2_has_negation = 0  [n = 280]:	loss = 0.310  exp loss = 0.401  adjusted loss = 0.401  adv prob = 0.288473   acc = 0.907
  gold_label_random = 0, sentence2_has_negation = 1  [n = 271]:	loss = 0.555  exp loss = 0.473  adjusted loss = 0.473  adv prob = 0.000263   acc = 0.760
  gold_label_random = 1, sentence2_has_negation = 0  [n = 257]:	loss = 0.334  exp loss = 0.241  adjusted loss = 0.241  adv prob = 0.290582   acc = 0.872
  gold_label_random = 1, sentence2_has_negation = 1  [n = 247]:	loss = 0.443  exp loss = 0.497  adjusted loss = 0.497  adv prob = 0.004241   acc = 0.830
  gold_label_random = 2, sentence2_has_negation = 0  [n = 282]:	loss = 0.349  exp loss = 0.323  adjusted loss = 0.323  adv prob = 0.414019   acc = 0.883
  gold_label_random = 2, sentence2_has_negation = 1  [n = 263]:	loss = 0.353  exp loss = 0.397  adjusted loss = 0.397  adv prob = 0.002423   acc = 0.871
Average incurred loss: 0.399  
Average sample loss: 0.333  
Average acc: 0.853  
  gold_label_random = 0, sentence2_has_negation = 0  [n = 270]:	loss = 0.433  exp loss = 0.449  adjusted loss = 0.449  adv prob = 0.300167   acc = 0.844
  gold_label_random = 0, sentence2_has_negation = 1  [n = 290]:	loss = 0.547  exp loss = 0.475  adjusted loss = 0.475  adv prob = 0.000289   acc = 0.790
  gold_label_random = 1, sentence2_has_negation = 0  [n = 262]:	loss = 0.305  exp loss = 0.270  adjusted loss = 0.270  adv prob = 0.282204   acc = 0.897
  gold_label_random = 1, sentence2_has_negation = 1  [n = 255]:	loss = 0.425  exp loss = 0.564  adjusted loss = 0.564  adv prob = 0.004493   acc = 0.847
  gold_label_random = 2, sentence2_has_negation = 0  [n = 264]:	loss = 0.336  exp loss = 0.292  adjusted loss = 0.292  adv prob = 0.410465   acc = 0.879
  gold_label_random = 2, sentence2_has_negation = 1  [n = 259]:	loss = 0.331  exp loss = 0.350  adjusted loss = 0.350  adv prob = 0.002381   acc = 0.869
Average incurred loss: 0.402  
Average sample loss: 0.368  
Average acc: 0.853  
  gold_label_random = 0, sentence2_has_negation = 0  [n = 278]:	loss = 0.373  exp loss = 0.374  adjusted loss = 0.374  adv prob = 0.309073   acc = 0.867
  gold_label_random = 0, sentence2_has_negation = 1  [n = 272]:	loss = 0.536  exp loss = 0.500  adjusted loss = 0.500  adv prob = 0.000315   acc = 0.801
  gold_label_random = 1, sentence2_has_negation = 0  [n = 263]:	loss = 0.289  exp loss = 0.246  adjusted loss = 0.246  adv prob = 0.267561   acc = 0.905
  gold_label_random = 1, sentence2_has_negation = 1  [n = 271]:	loss = 0.346  exp loss = 0.382  adjusted loss = 0.382  adv prob = 0.004390   acc = 0.871
  gold_label_random = 2, sentence2_has_negation = 0  [n = 258]:	loss = 0.425  exp loss = 0.331  adjusted loss = 0.331  adv prob = 0.416200   acc = 0.853
  gold_label_random = 2, sentence2_has_negation = 1  [n = 258]:	loss = 0.442  exp loss = 0.314  adjusted loss = 0.314  adv prob = 0.002461   acc = 0.822
Average incurred loss: 0.395  
Average sample loss: 0.346  
Average acc: 0.863  
  gold_label_random = 0, sentence2_has_negation = 0  [n = 284]:	loss = 0.369  exp loss = 0.365  adjusted loss = 0.365  adv prob = 0.313326   acc = 0.887
  gold_label_random = 0, sentence2_has_negation = 1  [n = 282]:	loss = 0.526  exp loss = 0.627  adjusted loss = 0.627  adv prob = 0.000346   acc = 0.826
  gold_label_random = 1, sentence2_has_negation = 0  [n = 278]:	loss = 0.282  exp loss = 0.254  adjusted loss = 0.254  adv prob = 0.260954   acc = 0.881
  gold_label_random = 1, sentence2_has_negation = 1  [n = 265]:	loss = 0.378  exp loss = 0.344  adjusted loss = 0.344  adv prob = 0.004407   acc = 0.875
  gold_label_random = 2, sentence2_has_negation = 0  [n = 258]:	loss = 0.368  exp loss = 0.350  adjusted loss = 0.350  adv prob = 0.418351   acc = 0.864
  gold_label_random = 2, sentence2_has_negation = 1  [n = 233]:	loss = 0.455  exp loss = 0.512  adjusted loss = 0.512  adv prob = 0.002616   acc = 0.837
Average incurred loss: 0.366  
Average sample loss: 0.339  
Average acc: 0.877  
  gold_label_random = 0, sentence2_has_negation = 0  [n = 254]:	loss = 0.280  exp loss = 0.304  adjusted loss = 0.304  adv prob = 0.303579   acc = 0.898
  gold_label_random = 0, sentence2_has_negation = 1  [n = 280]:	loss = 0.488  exp loss = 0.442  adjusted loss = 0.442  adv prob = 0.000367   acc = 0.832
  gold_label_random = 1, sentence2_has_negation = 0  [n = 261]:	loss = 0.314  exp loss = 0.474  adjusted loss = 0.474  adv prob = 0.264955   acc = 0.897
  gold_label_random = 1, sentence2_has_negation = 1  [n = 279]:	loss = 0.404  exp loss = 0.450  adjusted loss = 0.450  adv prob = 0.004627   acc = 0.864
  gold_label_random = 2, sentence2_has_negation = 0  [n = 279]:	loss = 0.373  exp loss = 0.410  adjusted loss = 0.410  adv prob = 0.423879   acc = 0.882
  gold_label_random = 2, sentence2_has_negation = 1  [n = 247]:	loss = 0.318  exp loss = 0.269  adjusted loss = 0.269  adv prob = 0.002592   acc = 0.895
Average incurred loss: 0.372  
Average sample loss: 0.311  
Average acc: 0.869  
  gold_label_random = 0, sentence2_has_negation = 0  [n = 299]:	loss = 0.347  exp loss = 0.337  adjusted loss = 0.337  adv prob = 0.305288   acc = 0.896
  gold_label_random = 0, sentence2_has_negation = 1  [n = 267]:	loss = 0.637  exp loss = 0.662  adjusted loss = 0.662  adv prob = 0.000437   acc = 0.760
  gold_label_random = 1, sentence2_has_negation = 0  [n = 256]:	loss = 0.316  exp loss = 0.313  adjusted loss = 0.313  adv prob = 0.262756   acc = 0.879
  gold_label_random = 1, sentence2_has_negation = 1  [n = 259]:	loss = 0.317  exp loss = 0.404  adjusted loss = 0.404  adv prob = 0.004637   acc = 0.907
  gold_label_random = 2, sentence2_has_negation = 0  [n = 266]:	loss = 0.353  exp loss = 0.235  adjusted loss = 0.235  adv prob = 0.424360   acc = 0.872
  gold_label_random = 2, sentence2_has_negation = 1  [n = 253]:	loss = 0.257  exp loss = 0.189  adjusted loss = 0.189  adv prob = 0.002522   acc = 0.897
Average incurred loss: 0.399  
Average sample loss: 0.403  
Average acc: 0.855  
  gold_label_random = 0, sentence2_has_negation = 0  [n = 258]:	loss = 0.335  exp loss = 0.324  adjusted loss = 0.324  adv prob = 0.300397   acc = 0.868
  gold_label_random = 0, sentence2_has_negation = 1  [n = 273]:	loss = 0.526  exp loss = 0.402  adjusted loss = 0.402  adv prob = 0.000454   acc = 0.788
  gold_label_random = 1, sentence2_has_negation = 0  [n = 257]:	loss = 0.446  exp loss = 0.360  adjusted loss = 0.360  adv prob = 0.266316   acc = 0.875
  gold_label_random = 1, sentence2_has_negation = 1  [n = 289]:	loss = 0.277  exp loss = 0.248  adjusted loss = 0.248  adv prob = 0.004323   acc = 0.920
  gold_label_random = 2, sentence2_has_negation = 0  [n = 255]:	loss = 0.378  exp loss = 0.347  adjusted loss = 0.347  adv prob = 0.425909   acc = 0.843
  gold_label_random = 2, sentence2_has_negation = 1  [n = 268]:	loss = 0.436  exp loss = 0.473  adjusted loss = 0.473  adv prob = 0.002602   acc = 0.832
Average incurred loss: 0.391  
Average sample loss: 0.352  
Average acc: 0.853  
  gold_label_random = 0, sentence2_has_negation = 0  [n = 264]:	loss = 0.294  exp loss = 0.221  adjusted loss = 0.221  adv prob = 0.290439   acc = 0.894
  gold_label_random = 0, sentence2_has_negation = 1  [n = 281]:	loss = 0.530  exp loss = 0.496  adjusted loss = 0.496  adv prob = 0.000499   acc = 0.786
  gold_label_random = 1, sentence2_has_negation = 0  [n = 238]:	loss = 0.435  exp loss = 0.417  adjusted loss = 0.417  adv prob = 0.282603   acc = 0.845
  gold_label_random = 1, sentence2_has_negation = 1  [n = 262]:	loss = 0.439  exp loss = 0.288  adjusted loss = 0.288  adv prob = 0.004395   acc = 0.847
  gold_label_random = 2, sentence2_has_negation = 0  [n = 268]:	loss = 0.328  exp loss = 0.415  adjusted loss = 0.415  adv prob = 0.419517   acc = 0.873
  gold_label_random = 2, sentence2_has_negation = 1  [n = 287]:	loss = 0.323  exp loss = 0.306  adjusted loss = 0.306  adv prob = 0.002548   acc = 0.875
Average incurred loss: 0.424  
Average sample loss: 0.379  
Average acc: 0.852  
  gold_label_random = 0, sentence2_has_negation = 0  [n = 284]:	loss = 0.434  exp loss = 0.398  adjusted loss = 0.398  adv prob = 0.296600   acc = 0.856
  gold_label_random = 0, sentence2_has_negation = 1  [n = 275]:	loss = 0.728  exp loss = 0.449  adjusted loss = 0.449  adv prob = 0.000587   acc = 0.731
  gold_label_random = 1, sentence2_has_negation = 0  [n = 248]:	loss = 0.423  exp loss = 0.547  adjusted loss = 0.547  adv prob = 0.290599   acc = 0.879
  gold_label_random = 1, sentence2_has_negation = 1  [n = 265]:	loss = 0.343  exp loss = 0.288  adjusted loss = 0.288  adv prob = 0.004348   acc = 0.887
  gold_label_random = 2, sentence2_has_negation = 0  [n = 279]:	loss = 0.325  exp loss = 0.274  adjusted loss = 0.274  adv prob = 0.405485   acc = 0.860
  gold_label_random = 2, sentence2_has_negation = 1  [n = 249]:	loss = 0.274  exp loss = 0.279  adjusted loss = 0.279  adv prob = 0.002381   acc = 0.908
Average incurred loss: 0.393  
Average sample loss: 0.394  
Average acc: 0.861  
  gold_label_random = 0, sentence2_has_negation = 0  [n = 258]:	loss = 0.329  exp loss = 0.431  adjusted loss = 0.431  adv prob = 0.290300   acc = 0.895
  gold_label_random = 0, sentence2_has_negation = 1  [n = 270]:	loss = 0.576  exp loss = 0.571  adjusted loss = 0.571  adv prob = 0.000648   acc = 0.789
  gold_label_random = 1, sentence2_has_negation = 0  [n = 274]:	loss = 0.440  exp loss = 0.444  adjusted loss = 0.444  adv prob = 0.298947   acc = 0.843
  gold_label_random = 1, sentence2_has_negation = 1  [n = 256]:	loss = 0.377  exp loss = 0.300  adjusted loss = 0.300  adv prob = 0.004322   acc = 0.852
  gold_label_random = 2, sentence2_has_negation = 0  [n = 269]:	loss = 0.357  exp loss = 0.395  adjusted loss = 0.395  adv prob = 0.403535   acc = 0.888
  gold_label_random = 2, sentence2_has_negation = 1  [n = 273]:	loss = 0.276  exp loss = 0.281  adjusted loss = 0.281  adv prob = 0.002247   acc = 0.897
Average incurred loss: 0.353  
Average sample loss: 0.305  
Average acc: 0.871  
  gold_label_random = 0, sentence2_has_negation = 0  [n = 269]:	loss = 0.276  exp loss = 0.261  adjusted loss = 0.261  adv prob = 0.286650   acc = 0.911
  gold_label_random = 0, sentence2_has_negation = 1  [n = 242]:	loss = 0.469  exp loss = 0.338  adjusted loss = 0.338  adv prob = 0.000684   acc = 0.814
  gold_label_random = 1, sentence2_has_negation = 0  [n = 285]:	loss = 0.289  exp loss = 0.272  adjusted loss = 0.272  adv prob = 0.297888   acc = 0.898
  gold_label_random = 1, sentence2_has_negation = 1  [n = 262]:	loss = 0.400  exp loss = 0.264  adjusted loss = 0.264  adv prob = 0.004465   acc = 0.866
  gold_label_random = 2, sentence2_has_negation = 0  [n = 242]:	loss = 0.334  exp loss = 0.395  adjusted loss = 0.395  adv prob = 0.407980   acc = 0.880
  gold_label_random = 2, sentence2_has_negation = 1  [n = 300]:	loss = 0.365  exp loss = 0.446  adjusted loss = 0.446  adv prob = 0.002332   acc = 0.853
Average incurred loss: 0.358  
Average sample loss: 0.298  
Average acc: 0.874  
  gold_label_random = 0, sentence2_has_negation = 0  [n = 284]:	loss = 0.292  exp loss = 0.279  adjusted loss = 0.279  adv prob = 0.285278   acc = 0.901
  gold_label_random = 0, sentence2_has_negation = 1  [n = 269]:	loss = 0.589  exp loss = 0.614  adjusted loss = 0.614  adv prob = 0.000796   acc = 0.792
  gold_label_random = 1, sentence2_has_negation = 0  [n = 263]:	loss = 0.279  exp loss = 0.258  adjusted loss = 0.258  adv prob = 0.295050   acc = 0.890
  gold_label_random = 1, sentence2_has_negation = 1  [n = 268]:	loss = 0.391  exp loss = 0.304  adjusted loss = 0.304  adv prob = 0.004578   acc = 0.866
  gold_label_random = 2, sentence2_has_negation = 0  [n = 256]:	loss = 0.275  exp loss = 0.241  adjusted loss = 0.241  adv prob = 0.411974   acc = 0.898
  gold_label_random = 2, sentence2_has_negation = 1  [n = 260]:	loss = 0.321  exp loss = 0.283  adjusted loss = 0.283  adv prob = 0.002324   acc = 0.900
Average incurred loss: 0.412  
Average sample loss: 0.352  
Average acc: 0.857  
  gold_label_random = 0, sentence2_has_negation = 0  [n = 287]:	loss = 0.352  exp loss = 0.432  adjusted loss = 0.432  adv prob = 0.282631   acc = 0.885
  gold_label_random = 0, sentence2_has_negation = 1  [n = 294]:	loss = 0.598  exp loss = 0.512  adjusted loss = 0.512  adv prob = 0.000892   acc = 0.806
  gold_label_random = 1, sentence2_has_negation = 0  [n = 262]:	loss = 0.372  exp loss = 0.355  adjusted loss = 0.355  adv prob = 0.294951   acc = 0.870
  gold_label_random = 1, sentence2_has_negation = 1  [n = 249]:	loss = 0.415  exp loss = 0.493  adjusted loss = 0.493  adv prob = 0.004707   acc = 0.859
  gold_label_random = 2, sentence2_has_negation = 0  [n = 233]:	loss = 0.363  exp loss = 0.453  adjusted loss = 0.453  adv prob = 0.414515   acc = 0.858
  gold_label_random = 2, sentence2_has_negation = 1  [n = 275]:	loss = 0.350  exp loss = 0.318  adjusted loss = 0.318  adv prob = 0.002304   acc = 0.865
Average incurred loss: 0.372  
Average sample loss: 0.298  
Average acc: 0.877  
  gold_label_random = 0, sentence2_has_negation = 0  [n = 302]:	loss = 0.328  exp loss = 0.312  adjusted loss = 0.312  adv prob = 0.284626   acc = 0.887
  gold_label_random = 0, sentence2_has_negation = 1  [n = 241]:	loss = 0.535  exp loss = 0.619  adjusted loss = 0.619  adv prob = 0.001004   acc = 0.822
  gold_label_random = 1, sentence2_has_negation = 0  [n = 268]:	loss = 0.340  exp loss = 0.415  adjusted loss = 0.415  adv prob = 0.302286   acc = 0.899
  gold_label_random = 1, sentence2_has_negation = 1  [n = 259]:	loss = 0.444  exp loss = 0.396  adjusted loss = 0.396  adv prob = 0.005089   acc = 0.869
  gold_label_random = 2, sentence2_has_negation = 0  [n = 273]:	loss = 0.244  exp loss = 0.251  adjusted loss = 0.251  adv prob = 0.404576   acc = 0.916
  gold_label_random = 2, sentence2_has_negation = 1  [n = 257]:	loss = 0.370  exp loss = 0.282  adjusted loss = 0.282  adv prob = 0.002419   acc = 0.860
Average incurred loss: 0.414  
Average sample loss: 0.393  
Average acc: 0.853  
  gold_label_random = 0, sentence2_has_negation = 0  [n = 272]:	loss = 0.364  exp loss = 0.422  adjusted loss = 0.422  adv prob = 0.283205   acc = 0.886
  gold_label_random = 0, sentence2_has_negation = 1  [n = 269]:	loss = 0.632  exp loss = 0.559  adjusted loss = 0.559  adv prob = 0.001119   acc = 0.773
  gold_label_random = 1, sentence2_has_negation = 0  [n = 235]:	loss = 0.367  exp loss = 0.437  adjusted loss = 0.437  adv prob = 0.297516   acc = 0.881
  gold_label_random = 1, sentence2_has_negation = 1  [n = 297]:	loss = 0.355  exp loss = 0.416  adjusted loss = 0.416  adv prob = 0.005031   acc = 0.862
  gold_label_random = 2, sentence2_has_negation = 0  [n = 251]:	loss = 0.412  exp loss = 0.353  adjusted loss = 0.353  adv prob = 0.410773   acc = 0.853
  gold_label_random = 2, sentence2_has_negation = 1  [n = 276]:	loss = 0.356  exp loss = 0.265  adjusted loss = 0.265  adv prob = 0.002356   acc = 0.866
Average incurred loss: 0.365  
Average sample loss: 0.276  
Average acc: 0.862  
  gold_label_random = 0, sentence2_has_negation = 0  [n = 275]:	loss = 0.290  exp loss = 0.245  adjusted loss = 0.245  adv prob = 0.280948   acc = 0.895
  gold_label_random = 0, sentence2_has_negation = 1  [n = 268]:	loss = 0.584  exp loss = 0.651  adjusted loss = 0.651  adv prob = 0.001332   acc = 0.765
  gold_label_random = 1, sentence2_has_negation = 0  [n = 290]:	loss = 0.302  exp loss = 0.188  adjusted loss = 0.188  adv prob = 0.298385   acc = 0.900
  gold_label_random = 1, sentence2_has_negation = 1  [n = 239]:	loss = 0.329  exp loss = 0.281  adjusted loss = 0.281  adv prob = 0.005144   acc = 0.870
  gold_label_random = 2, sentence2_has_negation = 0  [n = 254]:	loss = 0.308  exp loss = 0.263  adjusted loss = 0.263  adv prob = 0.411684   acc = 0.890
  gold_label_random = 2, sentence2_has_negation = 1  [n = 274]:	loss = 0.378  exp loss = 0.482  adjusted loss = 0.482  adv prob = 0.002507   acc = 0.850
Average incurred loss: 0.396  
Average sample loss: 0.345  
Average acc: 0.851  
  gold_label_random = 0, sentence2_has_negation = 0  [n = 269]:	loss = 0.305  exp loss = 0.226  adjusted loss = 0.226  adv prob = 0.274442   acc = 0.903
  gold_label_random = 0, sentence2_has_negation = 1  [n = 269]:	loss = 0.513  exp loss = 0.452  adjusted loss = 0.452  adv prob = 0.001457   acc = 0.807
  gold_label_random = 1, sentence2_has_negation = 0  [n = 278]:	loss = 0.386  exp loss = 0.396  adjusted loss = 0.396  adv prob = 0.305206   acc = 0.871
  gold_label_random = 1, sentence2_has_negation = 1  [n = 238]:	loss = 0.310  exp loss = 0.303  adjusted loss = 0.303  adv prob = 0.004985   acc = 0.882
  gold_label_random = 2, sentence2_has_negation = 0  [n = 270]:	loss = 0.354  exp loss = 0.398  adjusted loss = 0.398  adv prob = 0.411221   acc = 0.859
  gold_label_random = 2, sentence2_has_negation = 1  [n = 276]:	loss = 0.498  exp loss = 0.638  adjusted loss = 0.638  adv prob = 0.002690   acc = 0.790
Average incurred loss: 0.365  
Average sample loss: 0.301  
Average acc: 0.873  
  gold_label_random = 0, sentence2_has_negation = 0  [n = 257]:	loss = 0.322  exp loss = 0.279  adjusted loss = 0.279  adv prob = 0.271016   acc = 0.887
  gold_label_random = 0, sentence2_has_negation = 1  [n = 294]:	loss = 0.564  exp loss = 0.500  adjusted loss = 0.500  adv prob = 0.001671   acc = 0.796
  gold_label_random = 1, sentence2_has_negation = 0  [n = 263]:	loss = 0.326  exp loss = 0.264  adjusted loss = 0.264  adv prob = 0.308563   acc = 0.894
  gold_label_random = 1, sentence2_has_negation = 1  [n = 280]:	loss = 0.251  exp loss = 0.222  adjusted loss = 0.222  adv prob = 0.004927   acc = 0.911
  gold_label_random = 2, sentence2_has_negation = 0  [n = 252]:	loss = 0.278  exp loss = 0.350  adjusted loss = 0.350  adv prob = 0.410917   acc = 0.913
  gold_label_random = 2, sentence2_has_negation = 1  [n = 254]:	loss = 0.430  exp loss = 0.491  adjusted loss = 0.491  adv prob = 0.002905   acc = 0.843
Average incurred loss: 0.375  
Average sample loss: 0.331  
Average acc: 0.862  
  gold_label_random = 0, sentence2_has_negation = 0  [n = 266]:	loss = 0.346  exp loss = 0.298  adjusted loss = 0.298  adv prob = 0.274532   acc = 0.876
  gold_label_random = 0, sentence2_has_negation = 1  [n = 247]:	loss = 0.575  exp loss = 0.636  adjusted loss = 0.636  adv prob = 0.001919   acc = 0.777
  gold_label_random = 1, sentence2_has_negation = 0  [n = 288]:	loss = 0.253  exp loss = 0.248  adjusted loss = 0.248  adv prob = 0.298885   acc = 0.910
  gold_label_random = 1, sentence2_has_negation = 1  [n = 249]:	loss = 0.317  exp loss = 0.225  adjusted loss = 0.225  adv prob = 0.004865   acc = 0.888
  gold_label_random = 2, sentence2_has_negation = 0  [n = 282]:	loss = 0.334  exp loss = 0.266  adjusted loss = 0.266  adv prob = 0.416701   acc = 0.879
  gold_label_random = 2, sentence2_has_negation = 1  [n = 268]:	loss = 0.449  exp loss = 0.314  adjusted loss = 0.314  adv prob = 0.003098   acc = 0.836
Average incurred loss: 0.385  
Average sample loss: 0.375  
Average acc: 0.862  
  gold_label_random = 0, sentence2_has_negation = 0  [n = 277]:	loss = 0.301  exp loss = 0.293  adjusted loss = 0.293  adv prob = 0.264697   acc = 0.895
  gold_label_random = 0, sentence2_has_negation = 1  [n = 262]:	loss = 0.515  exp loss = 0.507  adjusted loss = 0.507  adv prob = 0.002073   acc = 0.832
  gold_label_random = 1, sentence2_has_negation = 0  [n = 234]:	loss = 0.366  exp loss = 0.381  adjusted loss = 0.381  adv prob = 0.302060   acc = 0.880
  gold_label_random = 1, sentence2_has_negation = 1  [n = 264]:	loss = 0.313  exp loss = 0.266  adjusted loss = 0.266  adv prob = 0.004660   acc = 0.867
  gold_label_random = 2, sentence2_has_negation = 0  [n = 279]:	loss = 0.408  exp loss = 0.399  adjusted loss = 0.399  adv prob = 0.423310   acc = 0.857
  gold_label_random = 2, sentence2_has_negation = 1  [n = 284]:	loss = 0.405  exp loss = 0.550  adjusted loss = 0.550  adv prob = 0.003200   acc = 0.845
Average incurred loss: 0.381  
Average sample loss: 0.340  
Average acc: 0.859  
  gold_label_random = 0, sentence2_has_negation = 0  [n = 278]:	loss = 0.416  exp loss = 0.541  adjusted loss = 0.541  adv prob = 0.274861   acc = 0.881
  gold_label_random = 0, sentence2_has_negation = 1  [n = 238]:	loss = 0.599  exp loss = 0.371  adjusted loss = 0.371  adv prob = 0.002292   acc = 0.761
  gold_label_random = 1, sentence2_has_negation = 0  [n = 272]:	loss = 0.296  exp loss = 0.419  adjusted loss = 0.419  adv prob = 0.299134   acc = 0.886
  gold_label_random = 1, sentence2_has_negation = 1  [n = 252]:	loss = 0.290  exp loss = 0.329  adjusted loss = 0.329  adv prob = 0.004444   acc = 0.901
  gold_label_random = 2, sentence2_has_negation = 0  [n = 267]:	loss = 0.325  exp loss = 0.254  adjusted loss = 0.254  adv prob = 0.416031   acc = 0.861
  gold_label_random = 2, sentence2_has_negation = 1  [n = 293]:	loss = 0.377  exp loss = 0.193  adjusted loss = 0.193  adv prob = 0.003239   acc = 0.853
Average incurred loss: 0.386  
Average sample loss: 0.377  
Average acc: 0.869  
  gold_label_random = 0, sentence2_has_negation = 0  [n = 276]:	loss = 0.350  exp loss = 0.465  adjusted loss = 0.465  adv prob = 0.279474   acc = 0.895
  gold_label_random = 0, sentence2_has_negation = 1  [n = 259]:	loss = 0.505  exp loss = 0.621  adjusted loss = 0.621  adv prob = 0.002335   acc = 0.815
  gold_label_random = 1, sentence2_has_negation = 0  [n = 282]:	loss = 0.373  exp loss = 0.313  adjusted loss = 0.313  adv prob = 0.294495   acc = 0.879
  gold_label_random = 1, sentence2_has_negation = 1  [n = 258]:	loss = 0.372  exp loss = 0.574  adjusted loss = 0.574  adv prob = 0.004443   acc = 0.884
  gold_label_random = 2, sentence2_has_negation = 0  [n = 269]:	loss = 0.383  exp loss = 0.405  adjusted loss = 0.405  adv prob = 0.416047   acc = 0.855
  gold_label_random = 2, sentence2_has_negation = 1  [n = 256]:	loss = 0.337  exp loss = 0.406  adjusted loss = 0.406  adv prob = 0.003206   acc = 0.887
Average incurred loss: 0.399  
Average sample loss: 0.363  
Average acc: 0.861  
  gold_label_random = 0, sentence2_has_negation = 0  [n = 264]:	loss = 0.397  exp loss = 0.602  adjusted loss = 0.602  adv prob = 0.282578   acc = 0.886
  gold_label_random = 0, sentence2_has_negation = 1  [n = 255]:	loss = 0.636  exp loss = 0.833  adjusted loss = 0.833  adv prob = 0.002755   acc = 0.749
  gold_label_random = 1, sentence2_has_negation = 0  [n = 284]:	loss = 0.310  exp loss = 0.285  adjusted loss = 0.285  adv prob = 0.290316   acc = 0.891
  gold_label_random = 1, sentence2_has_negation = 1  [n = 278]:	loss = 0.274  exp loss = 0.225  adjusted loss = 0.225  adv prob = 0.004198   acc = 0.906
  gold_label_random = 2, sentence2_has_negation = 0  [n = 258]:	loss = 0.386  exp loss = 0.424  adjusted loss = 0.424  adv prob = 0.416894   acc = 0.872
  gold_label_random = 2, sentence2_has_negation = 1  [n = 261]:	loss = 0.410  exp loss = 0.372  adjusted loss = 0.372  adv prob = 0.003258   acc = 0.854
Average incurred loss: 0.386  
Average sample loss: 0.347  
Average acc: 0.868  
  gold_label_random = 0, sentence2_has_negation = 0  [n = 288]:	loss = 0.340  exp loss = 0.297  adjusted loss = 0.297  adv prob = 0.280650   acc = 0.889
  gold_label_random = 0, sentence2_has_negation = 1  [n = 262]:	loss = 0.528  exp loss = 0.631  adjusted loss = 0.631  adv prob = 0.002994   acc = 0.805
  gold_label_random = 1, sentence2_has_negation = 0  [n = 282]:	loss = 0.365  exp loss = 0.335  adjusted loss = 0.335  adv prob = 0.293171   acc = 0.883
  gold_label_random = 1, sentence2_has_negation = 1  [n = 256]:	loss = 0.326  exp loss = 0.286  adjusted loss = 0.286  adv prob = 0.004169   acc = 0.902
  gold_label_random = 2, sentence2_has_negation = 0  [n = 257]:	loss = 0.352  exp loss = 0.366  adjusted loss = 0.366  adv prob = 0.415673   acc = 0.872
  gold_label_random = 2, sentence2_has_negation = 1  [n = 255]:	loss = 0.406  exp loss = 0.294  adjusted loss = 0.294  adv prob = 0.003342   acc = 0.855
Average incurred loss: 0.369  
Average sample loss: 0.335  
Average acc: 0.871  
  gold_label_random = 0, sentence2_has_negation = 0  [n = 242]:	loss = 0.342  exp loss = 0.337  adjusted loss = 0.337  adv prob = 0.281155   acc = 0.868
  gold_label_random = 0, sentence2_has_negation = 1  [n = 243]:	loss = 0.568  exp loss = 0.446  adjusted loss = 0.446  adv prob = 0.003474   acc = 0.794
  gold_label_random = 1, sentence2_has_negation = 0  [n = 268]:	loss = 0.302  exp loss = 0.225  adjusted loss = 0.225  adv prob = 0.288166   acc = 0.899
  gold_label_random = 1, sentence2_has_negation = 1  [n = 280]:	loss = 0.333  exp loss = 0.320  adjusted loss = 0.320  adv prob = 0.004155   acc = 0.889
  gold_label_random = 2, sentence2_has_negation = 0  [n = 280]:	loss = 0.353  exp loss = 0.388  adjusted loss = 0.388  adv prob = 0.419731   acc = 0.896
  gold_label_random = 2, sentence2_has_negation = 1  [n = 287]:	loss = 0.339  exp loss = 0.239  adjusted loss = 0.239  adv prob = 0.003319   acc = 0.871
Average incurred loss: 0.354  
Average sample loss: 0.326  
Average acc: 0.873  
  gold_label_random = 0, sentence2_has_negation = 0  [n = 277]:	loss = 0.384  exp loss = 0.283  adjusted loss = 0.283  adv prob = 0.284264   acc = 0.866
  gold_label_random = 0, sentence2_has_negation = 1  [n = 275]:	loss = 0.451  exp loss = 0.448  adjusted loss = 0.448  adv prob = 0.003696   acc = 0.825
  gold_label_random = 1, sentence2_has_negation = 0  [n = 265]:	loss = 0.262  exp loss = 0.354  adjusted loss = 0.354  adv prob = 0.282401   acc = 0.913
  gold_label_random = 1, sentence2_has_negation = 1  [n = 252]:	loss = 0.237  exp loss = 0.186  adjusted loss = 0.186  adv prob = 0.003937   acc = 0.921
  gold_label_random = 2, sentence2_has_negation = 0  [n = 268]:	loss = 0.339  exp loss = 0.420  adjusted loss = 0.420  adv prob = 0.422123   acc = 0.873
  gold_label_random = 2, sentence2_has_negation = 1  [n = 263]:	loss = 0.440  exp loss = 0.501  adjusted loss = 0.501  adv prob = 0.003579   acc = 0.840
Average incurred loss: 0.393  
Average sample loss: 0.351  
Average acc: 0.856  
  gold_label_random = 0, sentence2_has_negation = 0  [n = 248]:	loss = 0.407  exp loss = 0.344  adjusted loss = 0.344  adv prob = 0.290035   acc = 0.863
  gold_label_random = 0, sentence2_has_negation = 1  [n = 257]:	loss = 0.601  exp loss = 0.664  adjusted loss = 0.664  adv prob = 0.004167   acc = 0.767
  gold_label_random = 1, sentence2_has_negation = 0  [n = 252]:	loss = 0.324  exp loss = 0.299  adjusted loss = 0.299  adv prob = 0.273797   acc = 0.877
  gold_label_random = 1, sentence2_has_negation = 1  [n = 288]:	loss = 0.233  exp loss = 0.316  adjusted loss = 0.316  adv prob = 0.003721   acc = 0.924
  gold_label_random = 2, sentence2_has_negation = 0  [n = 277]:	loss = 0.347  exp loss = 0.278  adjusted loss = 0.278  adv prob = 0.424508   acc = 0.866
  gold_label_random = 2, sentence2_has_negation = 1  [n = 278]:	loss = 0.465  exp loss = 0.515  adjusted loss = 0.515  adv prob = 0.003771   acc = 0.831
Average incurred loss: 0.404  
Average sample loss: 0.389  
Average acc: 0.857  
  gold_label_random = 0, sentence2_has_negation = 0  [n = 256]:	loss = 0.420  exp loss = 0.381  adjusted loss = 0.381  adv prob = 0.292316   acc = 0.832
  gold_label_random = 0, sentence2_has_negation = 1  [n = 269]:	loss = 0.498  exp loss = 0.517  adjusted loss = 0.517  adv prob = 0.004356   acc = 0.814
  gold_label_random = 1, sentence2_has_negation = 0  [n = 253]:	loss = 0.408  exp loss = 0.412  adjusted loss = 0.412  adv prob = 0.273868   acc = 0.877
  gold_label_random = 1, sentence2_has_negation = 1  [n = 264]:	loss = 0.241  exp loss = 0.288  adjusted loss = 0.288  adv prob = 0.003459   acc = 0.913
  gold_label_random = 2, sentence2_has_negation = 0  [n = 266]:	loss = 0.380  exp loss = 0.360  adjusted loss = 0.360  adv prob = 0.422108   acc = 0.876
  gold_label_random = 2, sentence2_has_negation = 1  [n = 292]:	loss = 0.470  exp loss = 0.435  adjusted loss = 0.435  adv prob = 0.003893   acc = 0.832
Average incurred loss: 0.364  
Average sample loss: 0.323  
Average acc: 0.877  
  gold_label_random = 0, sentence2_has_negation = 0  [n = 227]:	loss = 0.277  exp loss = 0.225  adjusted loss = 0.225  adv prob = 0.283212   acc = 0.890
  gold_label_random = 0, sentence2_has_negation = 1  [n = 278]:	loss = 0.448  exp loss = 0.397  adjusted loss = 0.397  adv prob = 0.004632   acc = 0.853
  gold_label_random = 1, sentence2_has_negation = 0  [n = 253]:	loss = 0.440  exp loss = 0.348  adjusted loss = 0.348  adv prob = 0.284061   acc = 0.862
  gold_label_random = 1, sentence2_has_negation = 1  [n = 283]:	loss = 0.274  exp loss = 0.339  adjusted loss = 0.339  adv prob = 0.003376   acc = 0.919
  gold_label_random = 2, sentence2_has_negation = 0  [n = 282]:	loss = 0.300  exp loss = 0.308  adjusted loss = 0.308  adv prob = 0.420615   acc = 0.894
  gold_label_random = 2, sentence2_has_negation = 1  [n = 277]:	loss = 0.439  exp loss = 0.508  adjusted loss = 0.508  adv prob = 0.004104   acc = 0.845
Average incurred loss: 0.370  
Average sample loss: 0.272  
Average acc: 0.867  
  gold_label_random = 0, sentence2_has_negation = 0  [n = 277]:	loss = 0.362  exp loss = 0.309  adjusted loss = 0.309  adv prob = 0.292786   acc = 0.863
  gold_label_random = 0, sentence2_has_negation = 1  [n = 295]:	loss = 0.617  exp loss = 0.661  adjusted loss = 0.661  adv prob = 0.005506   acc = 0.790
  gold_label_random = 1, sentence2_has_negation = 0  [n = 249]:	loss = 0.230  exp loss = 0.251  adjusted loss = 0.251  adv prob = 0.276162   acc = 0.928
  gold_label_random = 1, sentence2_has_negation = 1  [n = 264]:	loss = 0.340  exp loss = 0.434  adjusted loss = 0.434  adv prob = 0.003461   acc = 0.890
  gold_label_random = 2, sentence2_has_negation = 0  [n = 251]:	loss = 0.269  exp loss = 0.209  adjusted loss = 0.209  adv prob = 0.417817   acc = 0.884
  gold_label_random = 2, sentence2_has_negation = 1  [n = 264]:	loss = 0.357  exp loss = 0.327  adjusted loss = 0.327  adv prob = 0.004268   acc = 0.860
Average incurred loss: 0.397  
Average sample loss: 0.340  
Average acc: 0.859  
  gold_label_random = 0, sentence2_has_negation = 0  [n = 273]:	loss = 0.344  exp loss = 0.334  adjusted loss = 0.334  adv prob = 0.288568   acc = 0.883
  gold_label_random = 0, sentence2_has_negation = 1  [n = 296]:	loss = 0.430  exp loss = 0.404  adjusted loss = 0.404  adv prob = 0.005783   acc = 0.838
  gold_label_random = 1, sentence2_has_negation = 0  [n = 256]:	loss = 0.345  exp loss = 0.422  adjusted loss = 0.422  adv prob = 0.272661   acc = 0.879
  gold_label_random = 1, sentence2_has_negation = 1  [n = 241]:	loss = 0.431  exp loss = 0.468  adjusted loss = 0.468  adv prob = 0.003569   acc = 0.859
  gold_label_random = 2, sentence2_has_negation = 0  [n = 295]:	loss = 0.392  exp loss = 0.379  adjusted loss = 0.379  adv prob = 0.424927   acc = 0.854
  gold_label_random = 2, sentence2_has_negation = 1  [n = 239]:	loss = 0.441  exp loss = 0.294  adjusted loss = 0.294  adv prob = 0.004491   acc = 0.841
Average incurred loss: 0.382  
Average sample loss: 0.337  
Average acc: 0.870  
  gold_label_random = 0, sentence2_has_negation = 0  [n = 260]:	loss = 0.372  exp loss = 0.327  adjusted loss = 0.327  adv prob = 0.293152   acc = 0.877
  gold_label_random = 0, sentence2_has_negation = 1  [n = 291]:	loss = 0.411  exp loss = 0.439  adjusted loss = 0.439  adv prob = 0.005918   acc = 0.866
  gold_label_random = 1, sentence2_has_negation = 0  [n = 254]:	loss = 0.377  exp loss = 0.430  adjusted loss = 0.430  adv prob = 0.281186   acc = 0.862
  gold_label_random = 1, sentence2_has_negation = 1  [n = 251]:	loss = 0.418  exp loss = 0.365  adjusted loss = 0.365  adv prob = 0.003698   acc = 0.861
  gold_label_random = 2, sentence2_has_negation = 0  [n = 269]:	loss = 0.265  exp loss = 0.198  adjusted loss = 0.198  adv prob = 0.411152   acc = 0.907
  gold_label_random = 2, sentence2_has_negation = 1  [n = 275]:	loss = 0.448  exp loss = 0.676  adjusted loss = 0.676  adv prob = 0.004894   acc = 0.847
Average incurred loss: 0.329  
Average sample loss: 0.322  
Average acc: 0.881  
  gold_label_random = 0, sentence2_has_negation = 0  [n = 281]:	loss = 0.288  exp loss = 0.267  adjusted loss = 0.267  adv prob = 0.288537   acc = 0.911
  gold_label_random = 0, sentence2_has_negation = 1  [n = 259]:	loss = 0.409  exp loss = 0.438  adjusted loss = 0.438  adv prob = 0.006014   acc = 0.826
  gold_label_random = 1, sentence2_has_negation = 0  [n = 283]:	loss = 0.380  exp loss = 0.502  adjusted loss = 0.502  adv prob = 0.291664   acc = 0.887
  gold_label_random = 1, sentence2_has_negation = 1  [n = 256]:	loss = 0.251  exp loss = 0.425  adjusted loss = 0.425  adv prob = 0.003614   acc = 0.922
  gold_label_random = 2, sentence2_has_negation = 0  [n = 289]:	loss = 0.289  exp loss = 0.235  adjusted loss = 0.235  adv prob = 0.405165   acc = 0.875
  gold_label_random = 2, sentence2_has_negation = 1  [n = 232]:	loss = 0.365  exp loss = 0.289  adjusted loss = 0.289  adv prob = 0.005006   acc = 0.862
Average incurred loss: 0.380  
Average sample loss: 0.385  
Average acc: 0.866  
  gold_label_random = 0, sentence2_has_negation = 0  [n = 243]:	loss = 0.409  exp loss = 0.465  adjusted loss = 0.465  adv prob = 0.293929   acc = 0.877
  gold_label_random = 0, sentence2_has_negation = 1  [n = 251]:	loss = 0.418  exp loss = 0.397  adjusted loss = 0.397  adv prob = 0.006363   acc = 0.853
  gold_label_random = 1, sentence2_has_negation = 0  [n = 299]:	loss = 0.333  exp loss = 0.442  adjusted loss = 0.442  adv prob = 0.281471   acc = 0.883
  gold_label_random = 1, sentence2_has_negation = 1  [n = 297]:	loss = 0.405  exp loss = 0.456  adjusted loss = 0.456  adv prob = 0.003632   acc = 0.859
  gold_label_random = 2, sentence2_has_negation = 0  [n = 285]:	loss = 0.409  exp loss = 0.339  adjusted loss = 0.339  adv prob = 0.409823   acc = 0.842
  gold_label_random = 2, sentence2_has_negation = 1  [n = 225]:	loss = 0.301  exp loss = 0.300  adjusted loss = 0.300  adv prob = 0.004783   acc = 0.889
Average incurred loss: 0.338  
Average sample loss: 0.344  
Average acc: 0.875  
  gold_label_random = 0, sentence2_has_negation = 0  [n = 258]:	loss = 0.291  exp loss = 0.223  adjusted loss = 0.223  adv prob = 0.285683   acc = 0.899
  gold_label_random = 0, sentence2_has_negation = 1  [n = 258]:	loss = 0.274  exp loss = 0.237  adjusted loss = 0.237  adv prob = 0.006134   acc = 0.888
  gold_label_random = 1, sentence2_has_negation = 0  [n = 286]:	loss = 0.304  exp loss = 0.430  adjusted loss = 0.430  adv prob = 0.277183   acc = 0.885
  gold_label_random = 1, sentence2_has_negation = 1  [n = 290]:	loss = 0.286  exp loss = 0.134  adjusted loss = 0.134  adv prob = 0.003434   acc = 0.914
  gold_label_random = 2, sentence2_has_negation = 0  [n = 242]:	loss = 0.386  exp loss = 0.322  adjusted loss = 0.322  adv prob = 0.422411   acc = 0.843
  gold_label_random = 2, sentence2_has_negation = 1  [n = 266]:	loss = 0.497  exp loss = 0.453  adjusted loss = 0.453  adv prob = 0.005155   acc = 0.816
Average incurred loss: 0.361  
Average sample loss: 0.370  
Average acc: 0.875  
  gold_label_random = 0, sentence2_has_negation = 0  [n = 264]:	loss = 0.398  exp loss = 0.320  adjusted loss = 0.320  adv prob = 0.295259   acc = 0.879
  gold_label_random = 0, sentence2_has_negation = 1  [n = 278]:	loss = 0.412  exp loss = 0.618  adjusted loss = 0.618  adv prob = 0.006277   acc = 0.831
  gold_label_random = 1, sentence2_has_negation = 0  [n = 261]:	loss = 0.364  exp loss = 0.300  adjusted loss = 0.300  adv prob = 0.276480   acc = 0.881
  gold_label_random = 1, sentence2_has_negation = 1  [n = 265]:	loss = 0.315  exp loss = 0.346  adjusted loss = 0.346  adv prob = 0.003317   acc = 0.902
  gold_label_random = 2, sentence2_has_negation = 0  [n = 268]:	loss = 0.327  exp loss = 0.300  adjusted loss = 0.300  adv prob = 0.413626   acc = 0.877
  gold_label_random = 2, sentence2_has_negation = 1  [n = 264]:	loss = 0.350  exp loss = 0.318  adjusted loss = 0.318  adv prob = 0.005041   acc = 0.883
Average incurred loss: 0.350  
Average sample loss: 0.323  
Average acc: 0.879  
  gold_label_random = 0, sentence2_has_negation = 0  [n = 278]:	loss = 0.266  exp loss = 0.257  adjusted loss = 0.257  adv prob = 0.288307   acc = 0.903
  gold_label_random = 0, sentence2_has_negation = 1  [n = 286]:	loss = 0.401  exp loss = 0.347  adjusted loss = 0.347  adv prob = 0.006629   acc = 0.857
  gold_label_random = 1, sentence2_has_negation = 0  [n = 253]:	loss = 0.459  exp loss = 0.383  adjusted loss = 0.383  adv prob = 0.290949   acc = 0.862
  gold_label_random = 1, sentence2_has_negation = 1  [n = 248]:	loss = 0.300  exp loss = 0.187  adjusted loss = 0.187  adv prob = 0.003212   acc = 0.899
  gold_label_random = 2, sentence2_has_negation = 0  [n = 269]:	loss = 0.294  exp loss = 0.248  adjusted loss = 0.248  adv prob = 0.405741   acc = 0.903
  gold_label_random = 2, sentence2_has_negation = 1  [n = 266]:	loss = 0.385  exp loss = 0.294  adjusted loss = 0.294  adv prob = 0.005161   acc = 0.853
Average incurred loss: 0.377  
Average sample loss: 0.390  
Average acc: 0.865  
  gold_label_random = 0, sentence2_has_negation = 0  [n = 281]:	loss = 0.323  exp loss = 0.315  adjusted loss = 0.315  adv prob = 0.278218   acc = 0.883
  gold_label_random = 0, sentence2_has_negation = 1  [n = 259]:	loss = 0.490  exp loss = 0.449  adjusted loss = 0.449  adv prob = 0.006977   acc = 0.784
  gold_label_random = 1, sentence2_has_negation = 0  [n = 287]:	loss = 0.327  exp loss = 0.352  adjusted loss = 0.352  adv prob = 0.291226   acc = 0.902
  gold_label_random = 1, sentence2_has_negation = 1  [n = 244]:	loss = 0.377  exp loss = 0.442  adjusted loss = 0.442  adv prob = 0.003195   acc = 0.885
  gold_label_random = 2, sentence2_has_negation = 0  [n = 229]:	loss = 0.389  exp loss = 0.316  adjusted loss = 0.316  adv prob = 0.415305   acc = 0.856
  gold_label_random = 2, sentence2_has_negation = 1  [n = 300]:	loss = 0.370  exp loss = 0.373  adjusted loss = 0.373  adv prob = 0.005080   acc = 0.873
Average incurred loss: 0.345  
Average sample loss: 0.315  
Average acc: 0.879  
  gold_label_random = 0, sentence2_has_negation = 0  [n = 234]:	loss = 0.364  exp loss = 0.369  adjusted loss = 0.369  adv prob = 0.287629   acc = 0.880
  gold_label_random = 0, sentence2_has_negation = 1  [n = 260]:	loss = 0.360  exp loss = 0.446  adjusted loss = 0.446  adv prob = 0.007324   acc = 0.885
  gold_label_random = 1, sentence2_has_negation = 0  [n = 278]:	loss = 0.280  exp loss = 0.305  adjusted loss = 0.305  adv prob = 0.288591   acc = 0.924
  gold_label_random = 1, sentence2_has_negation = 1  [n = 273]:	loss = 0.342  exp loss = 0.335  adjusted loss = 0.335  adv prob = 0.003209   acc = 0.875
  gold_label_random = 2, sentence2_has_negation = 0  [n = 277]:	loss = 0.293  exp loss = 0.238  adjusted loss = 0.238  adv prob = 0.407856   acc = 0.881
  gold_label_random = 2, sentence2_has_negation = 1  [n = 278]:	loss = 0.435  exp loss = 0.494  adjusted loss = 0.494  adv prob = 0.005392   acc = 0.831
Average incurred loss: 0.355  
Average sample loss: 0.335  
Average acc: 0.869  
  gold_label_random = 0, sentence2_has_negation = 0  [n = 294]:	loss = 0.281  exp loss = 0.212  adjusted loss = 0.212  adv prob = 0.281796   acc = 0.912
  gold_label_random = 0, sentence2_has_negation = 1  [n = 260]:	loss = 0.421  exp loss = 0.352  adjusted loss = 0.352  adv prob = 0.007567   acc = 0.835
  gold_label_random = 1, sentence2_has_negation = 0  [n = 248]:	loss = 0.307  exp loss = 0.311  adjusted loss = 0.311  adv prob = 0.287237   acc = 0.879
  gold_label_random = 1, sentence2_has_negation = 1  [n = 263]:	loss = 0.295  exp loss = 0.343  adjusted loss = 0.343  adv prob = 0.003147   acc = 0.905
  gold_label_random = 2, sentence2_has_negation = 0  [n = 268]:	loss = 0.357  exp loss = 0.470  adjusted loss = 0.470  adv prob = 0.414410   acc = 0.877
  gold_label_random = 2, sentence2_has_negation = 1  [n = 267]:	loss = 0.476  exp loss = 0.531  adjusted loss = 0.531  adv prob = 0.005843   acc = 0.801
Average incurred loss: 0.346  
Average sample loss: 0.357  
Average acc: 0.888  
  gold_label_random = 0, sentence2_has_negation = 0  [n = 288]:	loss = 0.331  exp loss = 0.324  adjusted loss = 0.324  adv prob = 0.279577   acc = 0.885
  gold_label_random = 0, sentence2_has_negation = 1  [n = 255]:	loss = 0.320  exp loss = 0.319  adjusted loss = 0.319  adv prob = 0.007500   acc = 0.894
  gold_label_random = 1, sentence2_has_negation = 0  [n = 267]:	loss = 0.317  exp loss = 0.367  adjusted loss = 0.367  adv prob = 0.286643   acc = 0.918
  gold_label_random = 1, sentence2_has_negation = 1  [n = 291]:	loss = 0.306  exp loss = 0.355  adjusted loss = 0.355  adv prob = 0.003087   acc = 0.907
  gold_label_random = 2, sentence2_has_negation = 0  [n = 236]:	loss = 0.365  exp loss = 0.251  adjusted loss = 0.251  adv prob = 0.417023   acc = 0.881
  gold_label_random = 2, sentence2_has_negation = 1  [n = 263]:	loss = 0.448  exp loss = 0.411  adjusted loss = 0.411  adv prob = 0.006170   acc = 0.840
Average incurred loss: 0.286  
Average sample loss: 0.275  
Average acc: 0.899  
  gold_label_random = 0, sentence2_has_negation = 0  [n = 270]:	loss = 0.214  exp loss = 0.213  adjusted loss = 0.213  adv prob = 0.271323   acc = 0.911
  gold_label_random = 0, sentence2_has_negation = 1  [n = 252]:	loss = 0.257  exp loss = 0.306  adjusted loss = 0.306  adv prob = 0.007430   acc = 0.901
  gold_label_random = 1, sentence2_has_negation = 0  [n = 266]:	loss = 0.299  exp loss = 0.172  adjusted loss = 0.172  adv prob = 0.284450   acc = 0.914
  gold_label_random = 1, sentence2_has_negation = 1  [n = 291]:	loss = 0.322  exp loss = 0.277  adjusted loss = 0.277  adv prob = 0.003128   acc = 0.897
  gold_label_random = 2, sentence2_has_negation = 0  [n = 272]:	loss = 0.314  exp loss = 0.229  adjusted loss = 0.229  adv prob = 0.427383   acc = 0.879
  gold_label_random = 2, sentence2_has_negation = 1  [n = 249]:	loss = 0.308  exp loss = 0.392  adjusted loss = 0.392  adv prob = 0.006286   acc = 0.896
Average incurred loss: 0.347  
Average sample loss: 0.299  
Average acc: 0.878  
  gold_label_random = 0, sentence2_has_negation = 0  [n = 238]:	loss = 0.313  exp loss = 0.437  adjusted loss = 0.437  adv prob = 0.271723   acc = 0.882
  gold_label_random = 0, sentence2_has_negation = 1  [n = 269]:	loss = 0.348  exp loss = 0.488  adjusted loss = 0.488  adv prob = 0.007705   acc = 0.874
  gold_label_random = 1, sentence2_has_negation = 0  [n = 272]:	loss = 0.368  exp loss = 0.314  adjusted loss = 0.314  adv prob = 0.291080   acc = 0.890
  gold_label_random = 1, sentence2_has_negation = 1  [n = 273]:	loss = 0.336  exp loss = 0.373  adjusted loss = 0.373  adv prob = 0.003168   acc = 0.897
  gold_label_random = 2, sentence2_has_negation = 0  [n = 262]:	loss = 0.320  exp loss = 0.328  adjusted loss = 0.328  adv prob = 0.419783   acc = 0.889
  gold_label_random = 2, sentence2_has_negation = 1  [n = 286]:	loss = 0.389  exp loss = 0.447  adjusted loss = 0.447  adv prob = 0.006541   acc = 0.839
Average incurred loss: 0.351  
Average sample loss: 0.347  
Average acc: 0.882  
  gold_label_random = 0, sentence2_has_negation = 0  [n = 256]:	loss = 0.355  exp loss = 0.372  adjusted loss = 0.372  adv prob = 0.280373   acc = 0.887
  gold_label_random = 0, sentence2_has_negation = 1  [n = 294]:	loss = 0.341  exp loss = 0.326  adjusted loss = 0.326  adv prob = 0.007700   acc = 0.891
  gold_label_random = 1, sentence2_has_negation = 0  [n = 228]:	loss = 0.372  exp loss = 0.405  adjusted loss = 0.405  adv prob = 0.290828   acc = 0.868
  gold_label_random = 1, sentence2_has_negation = 1  [n = 253]:	loss = 0.330  exp loss = 0.292  adjusted loss = 0.292  adv prob = 0.003048   acc = 0.905
  gold_label_random = 2, sentence2_has_negation = 0  [n = 290]:	loss = 0.293  exp loss = 0.322  adjusted loss = 0.322  adv prob = 0.411297   acc = 0.893
  gold_label_random = 2, sentence2_has_negation = 1  [n = 279]:	loss = 0.420  exp loss = 0.334  adjusted loss = 0.334  adv prob = 0.006754   acc = 0.846
Average incurred loss: 0.388  
Average sample loss: 0.344  
Average acc: 0.870  
  gold_label_random = 0, sentence2_has_negation = 0  [n = 220]:	loss = 0.295  exp loss = 0.278  adjusted loss = 0.278  adv prob = 0.270344   acc = 0.895
  gold_label_random = 0, sentence2_has_negation = 1  [n = 224]:	loss = 0.436  exp loss = 0.502  adjusted loss = 0.502  adv prob = 0.007912   acc = 0.862
  gold_label_random = 1, sentence2_has_negation = 0  [n = 242]:	loss = 0.404  exp loss = 0.397  adjusted loss = 0.397  adv prob = 0.294948   acc = 0.880
  gold_label_random = 1, sentence2_has_negation = 1  [n = 212]:	loss = 0.430  exp loss = 0.315  adjusted loss = 0.315  adv prob = 0.003161   acc = 0.854
  gold_label_random = 2, sentence2_has_negation = 0  [n = 227]:	loss = 0.394  exp loss = 0.335  adjusted loss = 0.335  adv prob = 0.416705   acc = 0.859
  gold_label_random = 2, sentence2_has_negation = 1  [n = 250]:	loss = 0.372  exp loss = 0.585  adjusted loss = 0.585  adv prob = 0.006930   acc = 0.868

Validation:
Average incurred loss: 0.567  
Average sample loss: 0.656  
Average acc: 0.814  
  gold_label_random = 0, sentence2_has_negation = 0  [n = 22814]:	loss = 0.726  exp loss = 0.832  adjusted loss = 0.832  adv prob = 0.990227   acc = 0.781
  gold_label_random = 0, sentence2_has_negation = 1  [n = 4634]:	loss = 0.377  exp loss = 0.299  adjusted loss = 0.299  adv prob = 0.000020   acc = 0.876
  gold_label_random = 1, sentence2_has_negation = 0  [n = 26949]:	loss = 0.495  exp loss = 0.553  adjusted loss = 0.553  adv prob = 0.002849   acc = 0.838
  gold_label_random = 1, sentence2_has_negation = 1  [n = 613]:	loss = 0.620  exp loss = 0.350  adjusted loss = 0.350  adv prob = 0.000000   acc = 0.793
  gold_label_random = 2, sentence2_has_negation = 0  [n = 26655]:	loss = 0.532  exp loss = 0.591  adjusted loss = 0.591  adv prob = 0.006903   acc = 0.809
  gold_label_random = 2, sentence2_has_negation = 1  [n = 797]:	loss = 0.631  exp loss = 1.087  adjusted loss = 1.087  adv prob = 0.000001   acc = 0.767
Current lr: 0.000008
Current lr: 0.000008
Current validation accuracy: 0.7666250467300415
Best model saved at epoch 2


Epoch [3]:
Training:
Average incurred loss: 0.342  
Average sample loss: 0.345  
Average acc: 0.876  
  gold_label_random = 0, sentence2_has_negation = 0  [n = 270]:	loss = 0.360  exp loss = 0.275  adjusted loss = 0.275  adv prob = 0.280008   acc = 0.889
  gold_label_random = 0, sentence2_has_negation = 1  [n = 245]:	loss = 0.276  exp loss = 0.231  adjusted loss = 0.231  adv prob = 0.007524   acc = 0.910
  gold_label_random = 1, sentence2_has_negation = 0  [n = 275]:	loss = 0.306  exp loss = 0.412  adjusted loss = 0.412  adv prob = 0.289908   acc = 0.902
  gold_label_random = 1, sentence2_has_negation = 1  [n = 274]:	loss = 0.445  exp loss = 0.490  adjusted loss = 0.490  adv prob = 0.003289   acc = 0.839
  gold_label_random = 2, sentence2_has_negation = 0  [n = 279]:	loss = 0.329  exp loss = 0.300  adjusted loss = 0.300  adv prob = 0.412361   acc = 0.857
  gold_label_random = 2, sentence2_has_negation = 1  [n = 257]:	loss = 0.328  exp loss = 0.395  adjusted loss = 0.395  adv prob = 0.006910   acc = 0.864
Average incurred loss: 0.355  
Average sample loss: 0.346  
Average acc: 0.876  
  gold_label_random = 0, sentence2_has_negation = 0  [n = 275]:	loss = 0.283  exp loss = 0.226  adjusted loss = 0.226  adv prob = 0.267640   acc = 0.898
  gold_label_random = 0, sentence2_has_negation = 1  [n = 267]:	loss = 0.309  exp loss = 0.390  adjusted loss = 0.390  adv prob = 0.007458   acc = 0.869
  gold_label_random = 1, sentence2_has_negation = 0  [n = 254]:	loss = 0.399  exp loss = 0.558  adjusted loss = 0.558  adv prob = 0.298846   acc = 0.870
  gold_label_random = 1, sentence2_has_negation = 1  [n = 255]:	loss = 0.395  exp loss = 0.613  adjusted loss = 0.613  adv prob = 0.003562   acc = 0.875
  gold_label_random = 2, sentence2_has_negation = 0  [n = 297]:	loss = 0.347  exp loss = 0.290  adjusted loss = 0.290  adv prob = 0.415344   acc = 0.882
  gold_label_random = 2, sentence2_has_negation = 1  [n = 252]:	loss = 0.406  exp loss = 0.294  adjusted loss = 0.294  adv prob = 0.007151   acc = 0.857
Average incurred loss: 0.358  
Average sample loss: 0.354  
Average acc: 0.879  
  gold_label_random = 0, sentence2_has_negation = 0  [n = 259]:	loss = 0.314  exp loss = 0.271  adjusted loss = 0.271  adv prob = 0.258968   acc = 0.892
  gold_label_random = 0, sentence2_has_negation = 1  [n = 277]:	loss = 0.275  exp loss = 0.335  adjusted loss = 0.335  adv prob = 0.007066   acc = 0.917
  gold_label_random = 1, sentence2_has_negation = 0  [n = 249]:	loss = 0.360  exp loss = 0.467  adjusted loss = 0.467  adv prob = 0.301453   acc = 0.888
  gold_label_random = 1, sentence2_has_negation = 1  [n = 255]:	loss = 0.398  exp loss = 0.300  adjusted loss = 0.300  adv prob = 0.003605   acc = 0.855
  gold_label_random = 2, sentence2_has_negation = 0  [n = 275]:	loss = 0.362  exp loss = 0.443  adjusted loss = 0.443  adv prob = 0.421503   acc = 0.876
  gold_label_random = 2, sentence2_has_negation = 1  [n = 285]:	loss = 0.437  exp loss = 0.387  adjusted loss = 0.387  adv prob = 0.007406   acc = 0.849
Average incurred loss: 0.356  
Average sample loss: 0.317  
Average acc: 0.877  
  gold_label_random = 0, sentence2_has_negation = 0  [n = 285]:	loss = 0.279  exp loss = 0.203  adjusted loss = 0.203  adv prob = 0.254410   acc = 0.898
  gold_label_random = 0, sentence2_has_negation = 1  [n = 285]:	loss = 0.391  exp loss = 0.347  adjusted loss = 0.347  adv prob = 0.007354   acc = 0.867
  gold_label_random = 1, sentence2_has_negation = 0  [n = 234]:	loss = 0.311  exp loss = 0.342  adjusted loss = 0.342  adv prob = 0.299583   acc = 0.902
  gold_label_random = 1, sentence2_has_negation = 1  [n = 272]:	loss = 0.382  exp loss = 0.343  adjusted loss = 0.343  adv prob = 0.003714   acc = 0.897
  gold_label_random = 2, sentence2_has_negation = 0  [n = 263]:	loss = 0.323  exp loss = 0.464  adjusted loss = 0.464  adv prob = 0.426880   acc = 0.886
  gold_label_random = 2, sentence2_has_negation = 1  [n = 261]:	loss = 0.449  exp loss = 0.513  adjusted loss = 0.513  adv prob = 0.008060   acc = 0.816
Average incurred loss: 0.325  
Average sample loss: 0.271  
Average acc: 0.886  
  gold_label_random = 0, sentence2_has_negation = 0  [n = 284]:	loss = 0.317  exp loss = 0.256  adjusted loss = 0.256  adv prob = 0.259177   acc = 0.908
  gold_label_random = 0, sentence2_has_negation = 1  [n = 295]:	loss = 0.402  exp loss = 0.408  adjusted loss = 0.408  adv prob = 0.007857   acc = 0.854
  gold_label_random = 1, sentence2_has_negation = 0  [n = 274]:	loss = 0.244  exp loss = 0.212  adjusted loss = 0.212  adv prob = 0.294895   acc = 0.920
  gold_label_random = 1, sentence2_has_negation = 1  [n = 253]:	loss = 0.311  exp loss = 0.301  adjusted loss = 0.301  adv prob = 0.003805   acc = 0.885
  gold_label_random = 2, sentence2_has_negation = 0  [n = 228]:	loss = 0.235  exp loss = 0.188  adjusted loss = 0.188  adv prob = 0.425646   acc = 0.921
  gold_label_random = 2, sentence2_has_negation = 1  [n = 266]:	loss = 0.425  exp loss = 0.437  adjusted loss = 0.437  adv prob = 0.008620   acc = 0.835
Average incurred loss: 0.351  
Average sample loss: 0.335  
Average acc: 0.879  
  gold_label_random = 0, sentence2_has_negation = 0  [n = 280]:	loss = 0.435  exp loss = 0.372  adjusted loss = 0.372  adv prob = 0.267823   acc = 0.850
  gold_label_random = 0, sentence2_has_negation = 1  [n = 275]:	loss = 0.383  exp loss = 0.394  adjusted loss = 0.394  adv prob = 0.008119   acc = 0.865
  gold_label_random = 1, sentence2_has_negation = 0  [n = 241]:	loss = 0.259  exp loss = 0.236  adjusted loss = 0.236  adv prob = 0.287493   acc = 0.917
  gold_label_random = 1, sentence2_has_negation = 1  [n = 278]:	loss = 0.364  exp loss = 0.273  adjusted loss = 0.273  adv prob = 0.003850   acc = 0.885
  gold_label_random = 2, sentence2_has_negation = 0  [n = 248]:	loss = 0.314  exp loss = 0.300  adjusted loss = 0.300  adv prob = 0.424000   acc = 0.883
  gold_label_random = 2, sentence2_has_negation = 1  [n = 278]:	loss = 0.333  exp loss = 0.276  adjusted loss = 0.276  adv prob = 0.008715   acc = 0.878
Average incurred loss: 0.339  
Average sample loss: 0.315  
Average acc: 0.882  
  gold_label_random = 0, sentence2_has_negation = 0  [n = 250]:	loss = 0.290  exp loss = 0.262  adjusted loss = 0.262  adv prob = 0.270889   acc = 0.928
  gold_label_random = 0, sentence2_has_negation = 1  [n = 260]:	loss = 0.399  exp loss = 0.336  adjusted loss = 0.336  adv prob = 0.008492   acc = 0.835
  gold_label_random = 1, sentence2_has_negation = 0  [n = 267]:	loss = 0.360  exp loss = 0.322  adjusted loss = 0.322  adv prob = 0.291398   acc = 0.880
  gold_label_random = 1, sentence2_has_negation = 1  [n = 271]:	loss = 0.344  exp loss = 0.335  adjusted loss = 0.335  adv prob = 0.003907   acc = 0.886
  gold_label_random = 2, sentence2_has_negation = 0  [n = 278]:	loss = 0.264  exp loss = 0.218  adjusted loss = 0.218  adv prob = 0.416394   acc = 0.914
  gold_label_random = 2, sentence2_has_negation = 1  [n = 274]:	loss = 0.378  exp loss = 0.364  adjusted loss = 0.364  adv prob = 0.008921   acc = 0.850
Average incurred loss: 0.323  
Average sample loss: 0.283  
Average acc: 0.889  
  gold_label_random = 0, sentence2_has_negation = 0  [n = 255]:	loss = 0.289  exp loss = 0.264  adjusted loss = 0.264  adv prob = 0.271771   acc = 0.898
  gold_label_random = 0, sentence2_has_negation = 1  [n = 277]:	loss = 0.318  exp loss = 0.358  adjusted loss = 0.358  adv prob = 0.008585   acc = 0.892
  gold_label_random = 1, sentence2_has_negation = 0  [n = 273]:	loss = 0.277  exp loss = 0.237  adjusted loss = 0.237  adv prob = 0.287210   acc = 0.927
  gold_label_random = 1, sentence2_has_negation = 1  [n = 270]:	loss = 0.360  exp loss = 0.325  adjusted loss = 0.325  adv prob = 0.004044   acc = 0.893
  gold_label_random = 2, sentence2_has_negation = 0  [n = 249]:	loss = 0.335  exp loss = 0.309  adjusted loss = 0.309  adv prob = 0.419219   acc = 0.867
  gold_label_random = 2, sentence2_has_negation = 1  [n = 276]:	loss = 0.356  exp loss = 0.362  adjusted loss = 0.362  adv prob = 0.009172   acc = 0.855
Average incurred loss: 0.362  
Average sample loss: 0.358  
Average acc: 0.876  
  gold_label_random = 0, sentence2_has_negation = 0  [n = 251]:	loss = 0.388  exp loss = 0.553  adjusted loss = 0.553  adv prob = 0.275628   acc = 0.896
  gold_label_random = 0, sentence2_has_negation = 1  [n = 261]:	loss = 0.442  exp loss = 0.353  adjusted loss = 0.353  adv prob = 0.009122   acc = 0.835
  gold_label_random = 1, sentence2_has_negation = 0  [n = 278]:	loss = 0.340  exp loss = 0.394  adjusted loss = 0.394  adv prob = 0.292073   acc = 0.896
  gold_label_random = 1, sentence2_has_negation = 1  [n = 273]:	loss = 0.311  exp loss = 0.230  adjusted loss = 0.230  adv prob = 0.003944   acc = 0.894
  gold_label_random = 2, sentence2_has_negation = 0  [n = 275]:	loss = 0.305  exp loss = 0.293  adjusted loss = 0.293  adv prob = 0.409655   acc = 0.902
  gold_label_random = 2, sentence2_has_negation = 1  [n = 262]:	loss = 0.397  exp loss = 0.556  adjusted loss = 0.556  adv prob = 0.009579   acc = 0.832
Average incurred loss: 0.329  
Average sample loss: 0.297  
Average acc: 0.891  
  gold_label_random = 0, sentence2_has_negation = 0  [n = 273]:	loss = 0.247  exp loss = 0.204  adjusted loss = 0.204  adv prob = 0.270921   acc = 0.916
  gold_label_random = 0, sentence2_has_negation = 1  [n = 264]:	loss = 0.426  exp loss = 0.485  adjusted loss = 0.485  adv prob = 0.009778   acc = 0.856
  gold_label_random = 1, sentence2_has_negation = 0  [n = 269]:	loss = 0.297  exp loss = 0.455  adjusted loss = 0.455  adv prob = 0.298066   acc = 0.914
  gold_label_random = 1, sentence2_has_negation = 1  [n = 263]:	loss = 0.362  exp loss = 0.210  adjusted loss = 0.210  adv prob = 0.004005   acc = 0.886
  gold_label_random = 2, sentence2_has_negation = 0  [n = 249]:	loss = 0.291  exp loss = 0.302  adjusted loss = 0.302  adv prob = 0.407585   acc = 0.908
  gold_label_random = 2, sentence2_has_negation = 1  [n = 282]:	loss = 0.351  exp loss = 0.314  adjusted loss = 0.314  adv prob = 0.009645   acc = 0.865
Average incurred loss: 0.371  
Average sample loss: 0.338  
Average acc: 0.872  
  gold_label_random = 0, sentence2_has_negation = 0  [n = 287]:	loss = 0.354  exp loss = 0.241  adjusted loss = 0.241  adv prob = 0.271443   acc = 0.878
  gold_label_random = 0, sentence2_has_negation = 1  [n = 297]:	loss = 0.420  exp loss = 0.465  adjusted loss = 0.465  adv prob = 0.010067   acc = 0.879
  gold_label_random = 1, sentence2_has_negation = 0  [n = 260]:	loss = 0.325  exp loss = 0.277  adjusted loss = 0.277  adv prob = 0.296018   acc = 0.896
  gold_label_random = 1, sentence2_has_negation = 1  [n = 261]:	loss = 0.268  exp loss = 0.195  adjusted loss = 0.195  adv prob = 0.003879   acc = 0.893
  gold_label_random = 2, sentence2_has_negation = 0  [n = 232]:	loss = 0.324  exp loss = 0.544  adjusted loss = 0.544  adv prob = 0.407856   acc = 0.884
  gold_label_random = 2, sentence2_has_negation = 1  [n = 263]:	loss = 0.526  exp loss = 0.508  adjusted loss = 0.508  adv prob = 0.010737   acc = 0.806
Average incurred loss: 0.339  
Average sample loss: 0.337  
Average acc: 0.884  
  gold_label_random = 0, sentence2_has_negation = 0  [n = 269]:	loss = 0.259  exp loss = 0.303  adjusted loss = 0.303  adv prob = 0.260302   acc = 0.914
  gold_label_random = 0, sentence2_has_negation = 1  [n = 285]:	loss = 0.414  exp loss = 0.391  adjusted loss = 0.391  adv prob = 0.010498   acc = 0.870
  gold_label_random = 1, sentence2_has_negation = 0  [n = 274]:	loss = 0.356  exp loss = 0.278  adjusted loss = 0.278  adv prob = 0.298075   acc = 0.869
  gold_label_random = 1, sentence2_has_negation = 1  [n = 241]:	loss = 0.266  exp loss = 0.474  adjusted loss = 0.474  adv prob = 0.003779   acc = 0.913
  gold_label_random = 2, sentence2_has_negation = 0  [n = 252]:	loss = 0.373  exp loss = 0.320  adjusted loss = 0.320  adv prob = 0.416588   acc = 0.885
  gold_label_random = 2, sentence2_has_negation = 1  [n = 279]:	loss = 0.355  exp loss = 0.297  adjusted loss = 0.297  adv prob = 0.010758   acc = 0.857
Average incurred loss: 0.360  
Average sample loss: 0.335  
Average acc: 0.874  
  gold_label_random = 0, sentence2_has_negation = 0  [n = 263]:	loss = 0.293  exp loss = 0.389  adjusted loss = 0.389  adv prob = 0.254863   acc = 0.905
  gold_label_random = 0, sentence2_has_negation = 1  [n = 263]:	loss = 0.459  exp loss = 0.592  adjusted loss = 0.592  adv prob = 0.011286   acc = 0.863
  gold_label_random = 1, sentence2_has_negation = 0  [n = 282]:	loss = 0.302  exp loss = 0.295  adjusted loss = 0.295  adv prob = 0.291655   acc = 0.890
  gold_label_random = 1, sentence2_has_negation = 1  [n = 273]:	loss = 0.430  exp loss = 0.317  adjusted loss = 0.317  adv prob = 0.003856   acc = 0.857
  gold_label_random = 2, sentence2_has_negation = 0  [n = 249]:	loss = 0.356  exp loss = 0.303  adjusted loss = 0.303  adv prob = 0.427679   acc = 0.871
  gold_label_random = 2, sentence2_has_negation = 1  [n = 270]:	loss = 0.325  exp loss = 0.254  adjusted loss = 0.254  adv prob = 0.010660   acc = 0.859
Average incurred loss: 0.389  
Average sample loss: 0.427  
Average acc: 0.859  
  gold_label_random = 0, sentence2_has_negation = 0  [n = 272]:	loss = 0.444  exp loss = 0.491  adjusted loss = 0.491  adv prob = 0.253765   acc = 0.846
  gold_label_random = 0, sentence2_has_negation = 1  [n = 250]:	loss = 0.344  exp loss = 0.185  adjusted loss = 0.185  adv prob = 0.010566   acc = 0.876
  gold_label_random = 1, sentence2_has_negation = 0  [n = 252]:	loss = 0.421  exp loss = 0.298  adjusted loss = 0.298  adv prob = 0.287344   acc = 0.857
  gold_label_random = 1, sentence2_has_negation = 1  [n = 274]:	loss = 0.308  exp loss = 0.355  adjusted loss = 0.355  adv prob = 0.003659   acc = 0.887
  gold_label_random = 2, sentence2_has_negation = 0  [n = 273]:	loss = 0.432  exp loss = 0.658  adjusted loss = 0.658  adv prob = 0.434401   acc = 0.868
  gold_label_random = 2, sentence2_has_negation = 1  [n = 279]:	loss = 0.386  exp loss = 0.434  adjusted loss = 0.434  adv prob = 0.010266   acc = 0.821
Average incurred loss: 0.322  
Average sample loss: 0.326  
Average acc: 0.883  
  gold_label_random = 0, sentence2_has_negation = 0  [n = 278]:	loss = 0.303  exp loss = 0.283  adjusted loss = 0.283  adv prob = 0.248762   acc = 0.892
  gold_label_random = 0, sentence2_has_negation = 1  [n = 257]:	loss = 0.275  exp loss = 0.277  adjusted loss = 0.277  adv prob = 0.010300   acc = 0.883
  gold_label_random = 1, sentence2_has_negation = 0  [n = 264]:	loss = 0.337  exp loss = 0.277  adjusted loss = 0.277  adv prob = 0.289467   acc = 0.883
  gold_label_random = 1, sentence2_has_negation = 1  [n = 240]:	loss = 0.346  exp loss = 0.229  adjusted loss = 0.229  adv prob = 0.003680   acc = 0.888
  gold_label_random = 2, sentence2_has_negation = 0  [n = 285]:	loss = 0.348  exp loss = 0.334  adjusted loss = 0.334  adv prob = 0.437516   acc = 0.867
  gold_label_random = 2, sentence2_has_negation = 1  [n = 276]:	loss = 0.319  exp loss = 0.209  adjusted loss = 0.209  adv prob = 0.010276   acc = 0.884
Average incurred loss: 0.342  
Average sample loss: 0.330  
Average acc: 0.871  
  gold_label_random = 0, sentence2_has_negation = 0  [n = 266]:	loss = 0.325  exp loss = 0.355  adjusted loss = 0.355  adv prob = 0.248925   acc = 0.880
  gold_label_random = 0, sentence2_has_negation = 1  [n = 275]:	loss = 0.350  exp loss = 0.335  adjusted loss = 0.335  adv prob = 0.010392   acc = 0.865
  gold_label_random = 1, sentence2_has_negation = 0  [n = 272]:	loss = 0.349  exp loss = 0.402  adjusted loss = 0.402  adv prob = 0.289483   acc = 0.864
  gold_label_random = 1, sentence2_has_negation = 1  [n = 256]:	loss = 0.364  exp loss = 0.391  adjusted loss = 0.391  adv prob = 0.003731   acc = 0.848
  gold_label_random = 2, sentence2_has_negation = 0  [n = 258]:	loss = 0.297  exp loss = 0.439  adjusted loss = 0.439  adv prob = 0.437107   acc = 0.895
  gold_label_random = 2, sentence2_has_negation = 1  [n = 273]:	loss = 0.363  exp loss = 0.403  adjusted loss = 0.403  adv prob = 0.010363   acc = 0.875
Average incurred loss: 0.368  
Average sample loss: 0.356  
Average acc: 0.874  
  gold_label_random = 0, sentence2_has_negation = 0  [n = 293]:	loss = 0.367  exp loss = 0.627  adjusted loss = 0.627  adv prob = 0.257173   acc = 0.891
  gold_label_random = 0, sentence2_has_negation = 1  [n = 283]:	loss = 0.304  exp loss = 0.313  adjusted loss = 0.313  adv prob = 0.010118   acc = 0.890
  gold_label_random = 1, sentence2_has_negation = 0  [n = 235]:	loss = 0.352  exp loss = 0.221  adjusted loss = 0.221  adv prob = 0.284479   acc = 0.894
  gold_label_random = 1, sentence2_has_negation = 1  [n = 272]:	loss = 0.475  exp loss = 0.569  adjusted loss = 0.569  adv prob = 0.003943   acc = 0.846
  gold_label_random = 2, sentence2_has_negation = 0  [n = 281]:	loss = 0.305  exp loss = 0.271  adjusted loss = 0.271  adv prob = 0.433395   acc = 0.893
  gold_label_random = 2, sentence2_has_negation = 1  [n = 236]:	loss = 0.414  exp loss = 0.598  adjusted loss = 0.598  adv prob = 0.010892   acc = 0.826
Average incurred loss: 0.336  
Average sample loss: 0.299  
Average acc: 0.883  
  gold_label_random = 0, sentence2_has_negation = 0  [n = 265]:	loss = 0.350  exp loss = 0.374  adjusted loss = 0.374  adv prob = 0.263158   acc = 0.879
  gold_label_random = 0, sentence2_has_negation = 1  [n = 255]:	loss = 0.400  exp loss = 0.294  adjusted loss = 0.294  adv prob = 0.010472   acc = 0.867
  gold_label_random = 1, sentence2_has_negation = 0  [n = 300]:	loss = 0.265  exp loss = 0.264  adjusted loss = 0.264  adv prob = 0.280662   acc = 0.917
  gold_label_random = 1, sentence2_has_negation = 1  [n = 266]:	loss = 0.383  exp loss = 0.510  adjusted loss = 0.510  adv prob = 0.004157   acc = 0.872
  gold_label_random = 2, sentence2_has_negation = 0  [n = 254]:	loss = 0.289  exp loss = 0.191  adjusted loss = 0.191  adv prob = 0.430506   acc = 0.890
  gold_label_random = 2, sentence2_has_negation = 1  [n = 260]:	loss = 0.340  exp loss = 0.403  adjusted loss = 0.403  adv prob = 0.011045   acc = 0.869
Average incurred loss: 0.273  
Average sample loss: 0.283  
Average acc: 0.903  
  gold_label_random = 0, sentence2_has_negation = 0  [n = 230]:	loss = 0.294  exp loss = 0.288  adjusted loss = 0.288  adv prob = 0.265656   acc = 0.909
  gold_label_random = 0, sentence2_has_negation = 1  [n = 284]:	loss = 0.262  exp loss = 0.262  adjusted loss = 0.262  adv prob = 0.010412   acc = 0.894
  gold_label_random = 1, sentence2_has_negation = 0  [n = 273]:	loss = 0.240  exp loss = 0.329  adjusted loss = 0.329  adv prob = 0.273545   acc = 0.919
  gold_label_random = 1, sentence2_has_negation = 1  [n = 262]:	loss = 0.208  exp loss = 0.141  adjusted loss = 0.141  adv prob = 0.003983   acc = 0.920
  gold_label_random = 2, sentence2_has_negation = 0  [n = 279]:	loss = 0.299  exp loss = 0.294  adjusted loss = 0.294  adv prob = 0.435040   acc = 0.889
  gold_label_random = 2, sentence2_has_negation = 1  [n = 272]:	loss = 0.334  exp loss = 0.282  adjusted loss = 0.282  adv prob = 0.011362   acc = 0.886
Average incurred loss: 0.392  
Average sample loss: 0.389  
Average acc: 0.871  
  gold_label_random = 0, sentence2_has_negation = 0  [n = 249]:	loss = 0.473  exp loss = 0.364  adjusted loss = 0.364  adv prob = 0.285039   acc = 0.855
  gold_label_random = 0, sentence2_has_negation = 1  [n = 264]:	loss = 0.357  exp loss = 0.305  adjusted loss = 0.305  adv prob = 0.010346   acc = 0.886
  gold_label_random = 1, sentence2_has_negation = 0  [n = 251]:	loss = 0.439  exp loss = 0.462  adjusted loss = 0.462  adv prob = 0.279479   acc = 0.849
  gold_label_random = 1, sentence2_has_negation = 1  [n = 260]:	loss = 0.556  exp loss = 0.468  adjusted loss = 0.468  adv prob = 0.004283   acc = 0.819
  gold_label_random = 2, sentence2_has_negation = 0  [n = 278]:	loss = 0.278  exp loss = 0.222  adjusted loss = 0.222  adv prob = 0.410145   acc = 0.896
  gold_label_random = 2, sentence2_has_negation = 1  [n = 298]:	loss = 0.281  exp loss = 0.304  adjusted loss = 0.304  adv prob = 0.010708   acc = 0.913
Average incurred loss: 0.336  
Average sample loss: 0.313  
Average acc: 0.874  
  gold_label_random = 0, sentence2_has_negation = 0  [n = 249]:	loss = 0.278  exp loss = 0.284  adjusted loss = 0.284  adv prob = 0.283213   acc = 0.892
  gold_label_random = 0, sentence2_has_negation = 1  [n = 269]:	loss = 0.328  exp loss = 0.335  adjusted loss = 0.335  adv prob = 0.010359   acc = 0.866
  gold_label_random = 1, sentence2_has_negation = 0  [n = 261]:	loss = 0.268  exp loss = 0.249  adjusted loss = 0.249  adv prob = 0.269701   acc = 0.908
  gold_label_random = 1, sentence2_has_negation = 1  [n = 282]:	loss = 0.405  exp loss = 0.313  adjusted loss = 0.313  adv prob = 0.004379   acc = 0.879
  gold_label_random = 2, sentence2_has_negation = 0  [n = 274]:	loss = 0.347  exp loss = 0.413  adjusted loss = 0.413  adv prob = 0.421470   acc = 0.869
  gold_label_random = 2, sentence2_has_negation = 1  [n = 265]:	loss = 0.379  exp loss = 0.265  adjusted loss = 0.265  adv prob = 0.010877   acc = 0.830
Average incurred loss: 0.317  
Average sample loss: 0.313  
Average acc: 0.886  
  gold_label_random = 0, sentence2_has_negation = 0  [n = 251]:	loss = 0.357  exp loss = 0.448  adjusted loss = 0.448  adv prob = 0.283602   acc = 0.873
  gold_label_random = 0, sentence2_has_negation = 1  [n = 263]:	loss = 0.313  exp loss = 0.305  adjusted loss = 0.305  adv prob = 0.010376   acc = 0.882
  gold_label_random = 1, sentence2_has_negation = 0  [n = 294]:	loss = 0.265  exp loss = 0.177  adjusted loss = 0.177  adv prob = 0.262278   acc = 0.915
  gold_label_random = 1, sentence2_has_negation = 1  [n = 262]:	loss = 0.341  exp loss = 0.429  adjusted loss = 0.429  adv prob = 0.004421   acc = 0.878
  gold_label_random = 2, sentence2_has_negation = 0  [n = 267]:	loss = 0.341  exp loss = 0.260  adjusted loss = 0.260  adv prob = 0.428533   acc = 0.869
  gold_label_random = 2, sentence2_has_negation = 1  [n = 263]:	loss = 0.294  exp loss = 0.191  adjusted loss = 0.191  adv prob = 0.010789   acc = 0.894
Average incurred loss: 0.337  
Average sample loss: 0.324  
Average acc: 0.888  
  gold_label_random = 0, sentence2_has_negation = 0  [n = 254]:	loss = 0.366  exp loss = 0.261  adjusted loss = 0.261  adv prob = 0.294069   acc = 0.890
  gold_label_random = 0, sentence2_has_negation = 1  [n = 241]:	loss = 0.262  exp loss = 0.194  adjusted loss = 0.194  adv prob = 0.010331   acc = 0.917
  gold_label_random = 1, sentence2_has_negation = 0  [n = 286]:	loss = 0.272  exp loss = 0.238  adjusted loss = 0.238  adv prob = 0.254270   acc = 0.920
  gold_label_random = 1, sentence2_has_negation = 1  [n = 272]:	loss = 0.380  exp loss = 0.344  adjusted loss = 0.344  adv prob = 0.004573   acc = 0.893
  gold_label_random = 2, sentence2_has_negation = 0  [n = 279]:	loss = 0.309  exp loss = 0.356  adjusted loss = 0.356  adv prob = 0.425445   acc = 0.889
  gold_label_random = 2, sentence2_has_negation = 1  [n = 268]:	loss = 0.435  exp loss = 0.485  adjusted loss = 0.485  adv prob = 0.011312   acc = 0.821
Average incurred loss: 0.316  
Average sample loss: 0.275  
Average acc: 0.885  
  gold_label_random = 0, sentence2_has_negation = 0  [n = 290]:	loss = 0.213  exp loss = 0.191  adjusted loss = 0.191  adv prob = 0.283522   acc = 0.924
  gold_label_random = 0, sentence2_has_negation = 1  [n = 290]:	loss = 0.158  exp loss = 0.146  adjusted loss = 0.146  adv prob = 0.009773   acc = 0.931
  gold_label_random = 1, sentence2_has_negation = 0  [n = 278]:	loss = 0.365  exp loss = 0.495  adjusted loss = 0.495  adv prob = 0.266032   acc = 0.874
  gold_label_random = 1, sentence2_has_negation = 1  [n = 243]:	loss = 0.523  exp loss = 0.407  adjusted loss = 0.407  adv prob = 0.005201   acc = 0.811
  gold_label_random = 2, sentence2_has_negation = 0  [n = 246]:	loss = 0.266  exp loss = 0.333  adjusted loss = 0.333  adv prob = 0.423289   acc = 0.907
  gold_label_random = 2, sentence2_has_negation = 1  [n = 253]:	loss = 0.413  exp loss = 0.276  adjusted loss = 0.276  adv prob = 0.012183   acc = 0.850
Average incurred loss: 0.340  
Average sample loss: 0.314  
Average acc: 0.886  
  gold_label_random = 0, sentence2_has_negation = 0  [n = 285]:	loss = 0.336  exp loss = 0.268  adjusted loss = 0.268  adv prob = 0.285233   acc = 0.898
  gold_label_random = 0, sentence2_has_negation = 1  [n = 251]:	loss = 0.279  exp loss = 0.186  adjusted loss = 0.186  adv prob = 0.009649   acc = 0.904
  gold_label_random = 1, sentence2_has_negation = 0  [n = 288]:	loss = 0.295  exp loss = 0.268  adjusted loss = 0.268  adv prob = 0.258817   acc = 0.899
  gold_label_random = 1, sentence2_has_negation = 1  [n = 268]:	loss = 0.470  exp loss = 0.451  adjusted loss = 0.451  adv prob = 0.005802   acc = 0.858
  gold_label_random = 2, sentence2_has_negation = 0  [n = 267]:	loss = 0.295  exp loss = 0.337  adjusted loss = 0.337  adv prob = 0.428196   acc = 0.884
  gold_label_random = 2, sentence2_has_negation = 1  [n = 241]:	loss = 0.365  exp loss = 0.391  adjusted loss = 0.391  adv prob = 0.012302   acc = 0.871
Average incurred loss: 0.312  
Average sample loss: 0.282  
Average acc: 0.889  
  gold_label_random = 0, sentence2_has_negation = 0  [n = 284]:	loss = 0.264  exp loss = 0.233  adjusted loss = 0.233  adv prob = 0.279948   acc = 0.908
  gold_label_random = 0, sentence2_has_negation = 1  [n = 240]:	loss = 0.283  exp loss = 0.292  adjusted loss = 0.292  adv prob = 0.009869   acc = 0.896
  gold_label_random = 1, sentence2_has_negation = 0  [n = 265]:	loss = 0.361  exp loss = 0.314  adjusted loss = 0.314  adv prob = 0.267794   acc = 0.902
  gold_label_random = 1, sentence2_has_negation = 1  [n = 267]:	loss = 0.461  exp loss = 0.697  adjusted loss = 0.697  adv prob = 0.006529   acc = 0.805
  gold_label_random = 2, sentence2_has_negation = 0  [n = 281]:	loss = 0.269  exp loss = 0.207  adjusted loss = 0.207  adv prob = 0.423837   acc = 0.904
  gold_label_random = 2, sentence2_has_negation = 1  [n = 263]:	loss = 0.235  exp loss = 0.292  adjusted loss = 0.292  adv prob = 0.012022   acc = 0.916
Average incurred loss: 0.336  
Average sample loss: 0.330  
Average acc: 0.889  
  gold_label_random = 0, sentence2_has_negation = 0  [n = 256]:	loss = 0.309  exp loss = 0.410  adjusted loss = 0.410  adv prob = 0.274327   acc = 0.902
  gold_label_random = 0, sentence2_has_negation = 1  [n = 276]:	loss = 0.326  exp loss = 0.416  adjusted loss = 0.416  adv prob = 0.009933   acc = 0.895
  gold_label_random = 1, sentence2_has_negation = 0  [n = 274]:	loss = 0.371  exp loss = 0.776  adjusted loss = 0.776  adv prob = 0.282864   acc = 0.894
  gold_label_random = 1, sentence2_has_negation = 1  [n = 279]:	loss = 0.417  exp loss = 0.317  adjusted loss = 0.317  adv prob = 0.006744   acc = 0.871
  gold_label_random = 2, sentence2_has_negation = 0  [n = 265]:	loss = 0.256  exp loss = 0.189  adjusted loss = 0.189  adv prob = 0.414283   acc = 0.902
  gold_label_random = 2, sentence2_has_negation = 1  [n = 250]:	loss = 0.330  exp loss = 0.240  adjusted loss = 0.240  adv prob = 0.011849   acc = 0.872
Average incurred loss: 0.326  
Average sample loss: 0.325  
Average acc: 0.886  
  gold_label_random = 0, sentence2_has_negation = 0  [n = 273]:	loss = 0.346  exp loss = 0.343  adjusted loss = 0.343  adv prob = 0.284097   acc = 0.897
  gold_label_random = 0, sentence2_has_negation = 1  [n = 248]:	loss = 0.290  exp loss = 0.342  adjusted loss = 0.342  adv prob = 0.009742   acc = 0.887
  gold_label_random = 1, sentence2_has_negation = 0  [n = 260]:	loss = 0.323  exp loss = 0.481  adjusted loss = 0.481  adv prob = 0.281050   acc = 0.892
  gold_label_random = 1, sentence2_has_negation = 1  [n = 314]:	loss = 0.313  exp loss = 0.362  adjusted loss = 0.362  adv prob = 0.006723   acc = 0.889
  gold_label_random = 2, sentence2_has_negation = 0  [n = 258]:	loss = 0.276  exp loss = 0.268  adjusted loss = 0.268  adv prob = 0.406183   acc = 0.903
  gold_label_random = 2, sentence2_has_negation = 1  [n = 247]:	loss = 0.414  exp loss = 0.410  adjusted loss = 0.410  adv prob = 0.012205   acc = 0.842
Average incurred loss: 0.320  
Average sample loss: 0.339  
Average acc: 0.890  
  gold_label_random = 0, sentence2_has_negation = 0  [n = 284]:	loss = 0.283  exp loss = 0.175  adjusted loss = 0.175  adv prob = 0.276370   acc = 0.901
  gold_label_random = 0, sentence2_has_negation = 1  [n = 275]:	loss = 0.243  exp loss = 0.140  adjusted loss = 0.140  adv prob = 0.009180   acc = 0.913
  gold_label_random = 1, sentence2_has_negation = 0  [n = 268]:	loss = 0.371  exp loss = 0.449  adjusted loss = 0.449  adv prob = 0.287374   acc = 0.892
  gold_label_random = 1, sentence2_has_negation = 1  [n = 251]:	loss = 0.312  exp loss = 0.382  adjusted loss = 0.382  adv prob = 0.006857   acc = 0.884
  gold_label_random = 2, sentence2_has_negation = 0  [n = 258]:	loss = 0.315  exp loss = 0.272  adjusted loss = 0.272  adv prob = 0.407581   acc = 0.884
  gold_label_random = 2, sentence2_has_negation = 1  [n = 264]:	loss = 0.399  exp loss = 0.478  adjusted loss = 0.478  adv prob = 0.012637   acc = 0.864
Average incurred loss: 0.277  
Average sample loss: 0.230  
Average acc: 0.902  
  gold_label_random = 0, sentence2_has_negation = 0  [n = 262]:	loss = 0.234  exp loss = 0.141  adjusted loss = 0.141  adv prob = 0.273534   acc = 0.931
  gold_label_random = 0, sentence2_has_negation = 1  [n = 275]:	loss = 0.256  exp loss = 0.404  adjusted loss = 0.404  adv prob = 0.009185   acc = 0.898
  gold_label_random = 1, sentence2_has_negation = 0  [n = 278]:	loss = 0.291  exp loss = 0.363  adjusted loss = 0.363  adv prob = 0.293773   acc = 0.906
  gold_label_random = 1, sentence2_has_negation = 1  [n = 248]:	loss = 0.305  exp loss = 0.250  adjusted loss = 0.250  adv prob = 0.007114   acc = 0.887
  gold_label_random = 2, sentence2_has_negation = 0  [n = 273]:	loss = 0.220  exp loss = 0.183  adjusted loss = 0.183  adv prob = 0.403041   acc = 0.919
  gold_label_random = 2, sentence2_has_negation = 1  [n = 264]:	loss = 0.361  exp loss = 0.272  adjusted loss = 0.272  adv prob = 0.013353   acc = 0.871
Average incurred loss: 0.312  
Average sample loss: 0.306  
Average acc: 0.901  
  gold_label_random = 0, sentence2_has_negation = 0  [n = 277]:	loss = 0.371  exp loss = 0.523  adjusted loss = 0.523  adv prob = 0.283678   acc = 0.903
  gold_label_random = 0, sentence2_has_negation = 1  [n = 253]:	loss = 0.301  exp loss = 0.301  adjusted loss = 0.301  adv prob = 0.009066   acc = 0.893
  gold_label_random = 1, sentence2_has_negation = 0  [n = 294]:	loss = 0.221  exp loss = 0.237  adjusted loss = 0.237  adv prob = 0.285261   acc = 0.939
  gold_label_random = 1, sentence2_has_negation = 1  [n = 258]:	loss = 0.317  exp loss = 0.488  adjusted loss = 0.488  adv prob = 0.007276   acc = 0.907
  gold_label_random = 2, sentence2_has_negation = 0  [n = 241]:	loss = 0.297  exp loss = 0.436  adjusted loss = 0.436  adv prob = 0.401020   acc = 0.888
  gold_label_random = 2, sentence2_has_negation = 1  [n = 277]:	loss = 0.368  exp loss = 0.390  adjusted loss = 0.390  adv prob = 0.013700   acc = 0.874
Average incurred loss: 0.361  
Average sample loss: 0.362  
Average acc: 0.889  
  gold_label_random = 0, sentence2_has_negation = 0  [n = 242]:	loss = 0.371  exp loss = 0.357  adjusted loss = 0.357  adv prob = 0.282529   acc = 0.901
  gold_label_random = 0, sentence2_has_negation = 1  [n = 263]:	loss = 0.357  exp loss = 0.378  adjusted loss = 0.378  adv prob = 0.009071   acc = 0.890
  gold_label_random = 1, sentence2_has_negation = 0  [n = 290]:	loss = 0.331  exp loss = 0.242  adjusted loss = 0.242  adv prob = 0.280516   acc = 0.897
  gold_label_random = 1, sentence2_has_negation = 1  [n = 269]:	loss = 0.385  exp loss = 0.327  adjusted loss = 0.327  adv prob = 0.007360   acc = 0.888
  gold_label_random = 2, sentence2_has_negation = 0  [n = 270]:	loss = 0.356  exp loss = 0.432  adjusted loss = 0.432  adv prob = 0.406816   acc = 0.889
  gold_label_random = 2, sentence2_has_negation = 1  [n = 266]:	loss = 0.369  exp loss = 0.293  adjusted loss = 0.293  adv prob = 0.013709   acc = 0.872
Average incurred loss: 0.322  
Average sample loss: 0.311  
Average acc: 0.886  
  gold_label_random = 0, sentence2_has_negation = 0  [n = 271]:	loss = 0.314  exp loss = 0.211  adjusted loss = 0.211  adv prob = 0.278691   acc = 0.882
  gold_label_random = 0, sentence2_has_negation = 1  [n = 261]:	loss = 0.342  exp loss = 0.615  adjusted loss = 0.615  adv prob = 0.009706   acc = 0.870
  gold_label_random = 1, sentence2_has_negation = 0  [n = 292]:	loss = 0.283  exp loss = 0.325  adjusted loss = 0.325  adv prob = 0.279491   acc = 0.928
  gold_label_random = 1, sentence2_has_negation = 1  [n = 253]:	loss = 0.327  exp loss = 0.272  adjusted loss = 0.272  adv prob = 0.007385   acc = 0.870
  gold_label_random = 2, sentence2_has_negation = 0  [n = 268]:	loss = 0.359  exp loss = 0.261  adjusted loss = 0.261  adv prob = 0.411174   acc = 0.881
  gold_label_random = 2, sentence2_has_negation = 1  [n = 255]:	loss = 0.313  exp loss = 0.348  adjusted loss = 0.348  adv prob = 0.013553   acc = 0.882
Average incurred loss: 0.343  
Average sample loss: 0.311  
Average acc: 0.882  
  gold_label_random = 0, sentence2_has_negation = 0  [n = 254]:	loss = 0.247  exp loss = 0.245  adjusted loss = 0.245  adv prob = 0.272648   acc = 0.913
  gold_label_random = 0, sentence2_has_negation = 1  [n = 223]:	loss = 0.262  exp loss = 0.192  adjusted loss = 0.192  adv prob = 0.009748   acc = 0.897
  gold_label_random = 1, sentence2_has_negation = 0  [n = 254]:	loss = 0.392  exp loss = 0.478  adjusted loss = 0.478  adv prob = 0.286384   acc = 0.894
  gold_label_random = 1, sentence2_has_negation = 1  [n = 296]:	loss = 0.465  exp loss = 0.456  adjusted loss = 0.456  adv prob = 0.007955   acc = 0.841
  gold_label_random = 2, sentence2_has_negation = 0  [n = 297]:	loss = 0.318  exp loss = 0.392  adjusted loss = 0.392  adv prob = 0.409635   acc = 0.879
  gold_label_random = 2, sentence2_has_negation = 1  [n = 276]:	loss = 0.350  exp loss = 0.361  adjusted loss = 0.361  adv prob = 0.013630   acc = 0.880
Average incurred loss: 0.315  
Average sample loss: 0.277  
Average acc: 0.886  
  gold_label_random = 0, sentence2_has_negation = 0  [n = 278]:	loss = 0.292  exp loss = 0.305  adjusted loss = 0.305  adv prob = 0.272414   acc = 0.892
  gold_label_random = 0, sentence2_has_negation = 1  [n = 265]:	loss = 0.400  exp loss = 0.318  adjusted loss = 0.318  adv prob = 0.010448   acc = 0.853
  gold_label_random = 1, sentence2_has_negation = 0  [n = 280]:	loss = 0.298  exp loss = 0.288  adjusted loss = 0.288  adv prob = 0.291243   acc = 0.907
  gold_label_random = 1, sentence2_has_negation = 1  [n = 261]:	loss = 0.353  exp loss = 0.304  adjusted loss = 0.304  adv prob = 0.008267   acc = 0.885
  gold_label_random = 2, sentence2_has_negation = 0  [n = 267]:	loss = 0.267  exp loss = 0.334  adjusted loss = 0.334  adv prob = 0.403500   acc = 0.884
  gold_label_random = 2, sentence2_has_negation = 1  [n = 249]:	loss = 0.279  exp loss = 0.321  adjusted loss = 0.321  adv prob = 0.014128   acc = 0.892
Average incurred loss: 0.294  
Average sample loss: 0.267  
Average acc: 0.899  
  gold_label_random = 0, sentence2_has_negation = 0  [n = 274]:	loss = 0.218  exp loss = 0.288  adjusted loss = 0.288  adv prob = 0.264706   acc = 0.927
  gold_label_random = 0, sentence2_has_negation = 1  [n = 276]:	loss = 0.340  exp loss = 0.477  adjusted loss = 0.477  adv prob = 0.010867   acc = 0.859
  gold_label_random = 1, sentence2_has_negation = 0  [n = 262]:	loss = 0.268  exp loss = 0.317  adjusted loss = 0.317  adv prob = 0.295366   acc = 0.916
  gold_label_random = 1, sentence2_has_negation = 1  [n = 273]:	loss = 0.336  exp loss = 0.251  adjusted loss = 0.251  adv prob = 0.008536   acc = 0.879
  gold_label_random = 2, sentence2_has_negation = 0  [n = 261]:	loss = 0.287  exp loss = 0.245  adjusted loss = 0.245  adv prob = 0.406149   acc = 0.904
  gold_label_random = 2, sentence2_has_negation = 1  [n = 254]:	loss = 0.314  exp loss = 0.451  adjusted loss = 0.451  adv prob = 0.014375   acc = 0.909
Average incurred loss: 0.304  
Average sample loss: 0.283  
Average acc: 0.888  
  gold_label_random = 0, sentence2_has_negation = 0  [n = 244]:	loss = 0.311  exp loss = 0.164  adjusted loss = 0.164  adv prob = 0.263901   acc = 0.902
  gold_label_random = 0, sentence2_has_negation = 1  [n = 252]:	loss = 0.378  exp loss = 0.438  adjusted loss = 0.438  adv prob = 0.011568   acc = 0.869
  gold_label_random = 1, sentence2_has_negation = 0  [n = 280]:	loss = 0.278  exp loss = 0.294  adjusted loss = 0.294  adv prob = 0.293931   acc = 0.893
  gold_label_random = 1, sentence2_has_negation = 1  [n = 269]:	loss = 0.218  exp loss = 0.263  adjusted loss = 0.263  adv prob = 0.008256   acc = 0.933
  gold_label_random = 2, sentence2_has_negation = 0  [n = 264]:	loss = 0.310  exp loss = 0.266  adjusted loss = 0.266  adv prob = 0.407533   acc = 0.883
  gold_label_random = 2, sentence2_has_negation = 1  [n = 291]:	loss = 0.331  exp loss = 0.336  adjusted loss = 0.336  adv prob = 0.014811   acc = 0.849
Average incurred loss: 0.308  
Average sample loss: 0.293  
Average acc: 0.891  
  gold_label_random = 0, sentence2_has_negation = 0  [n = 242]:	loss = 0.400  exp loss = 0.387  adjusted loss = 0.387  adv prob = 0.278691   acc = 0.880
  gold_label_random = 0, sentence2_has_negation = 1  [n = 254]:	loss = 0.354  exp loss = 0.215  adjusted loss = 0.215  adv prob = 0.011696   acc = 0.866
  gold_label_random = 1, sentence2_has_negation = 0  [n = 297]:	loss = 0.254  exp loss = 0.251  adjusted loss = 0.251  adv prob = 0.294653   acc = 0.923
  gold_label_random = 1, sentence2_has_negation = 1  [n = 255]:	loss = 0.343  exp loss = 0.372  adjusted loss = 0.372  adv prob = 0.008533   acc = 0.886
  gold_label_random = 2, sentence2_has_negation = 0  [n = 285]:	loss = 0.223  exp loss = 0.251  adjusted loss = 0.251  adv prob = 0.391721   acc = 0.909
  gold_label_random = 2, sentence2_has_negation = 1  [n = 267]:	loss = 0.298  exp loss = 0.308  adjusted loss = 0.308  adv prob = 0.014706   acc = 0.876
Average incurred loss: 0.328  
Average sample loss: 0.347  
Average acc: 0.886  
  gold_label_random = 0, sentence2_has_negation = 0  [n = 268]:	loss = 0.372  exp loss = 0.370  adjusted loss = 0.370  adv prob = 0.281364   acc = 0.884
  gold_label_random = 0, sentence2_has_negation = 1  [n = 274]:	loss = 0.318  exp loss = 0.274  adjusted loss = 0.274  adv prob = 0.011556   acc = 0.883
  gold_label_random = 1, sentence2_has_negation = 0  [n = 263]:	loss = 0.314  exp loss = 0.340  adjusted loss = 0.340  adv prob = 0.293424   acc = 0.897
  gold_label_random = 1, sentence2_has_negation = 1  [n = 268]:	loss = 0.274  exp loss = 0.255  adjusted loss = 0.255  adv prob = 0.008228   acc = 0.922
  gold_label_random = 2, sentence2_has_negation = 0  [n = 285]:	loss = 0.346  exp loss = 0.268  adjusted loss = 0.268  adv prob = 0.390844   acc = 0.860
  gold_label_random = 2, sentence2_has_negation = 1  [n = 242]:	loss = 0.345  exp loss = 0.346  adjusted loss = 0.346  adv prob = 0.014583   acc = 0.868
Average incurred loss: 0.335  
Average sample loss: 0.358  
Average acc: 0.885  
  gold_label_random = 0, sentence2_has_negation = 0  [n = 267]:	loss = 0.345  exp loss = 0.312  adjusted loss = 0.312  adv prob = 0.276353   acc = 0.888
  gold_label_random = 0, sentence2_has_negation = 1  [n = 257]:	loss = 0.305  exp loss = 0.413  adjusted loss = 0.413  adv prob = 0.011223   acc = 0.891
  gold_label_random = 1, sentence2_has_negation = 0  [n = 242]:	loss = 0.324  exp loss = 0.472  adjusted loss = 0.472  adv prob = 0.296201   acc = 0.880
  gold_label_random = 1, sentence2_has_negation = 1  [n = 269]:	loss = 0.278  exp loss = 0.252  adjusted loss = 0.252  adv prob = 0.007947   acc = 0.900
  gold_label_random = 2, sentence2_has_negation = 0  [n = 278]:	loss = 0.386  exp loss = 0.362  adjusted loss = 0.362  adv prob = 0.393535   acc = 0.878
  gold_label_random = 2, sentence2_has_negation = 1  [n = 287]:	loss = 0.367  exp loss = 0.394  adjusted loss = 0.394  adv prob = 0.014740   acc = 0.875
Average incurred loss: 0.320  
Average sample loss: 0.300  
Average acc: 0.888  
  gold_label_random = 0, sentence2_has_negation = 0  [n = 269]:	loss = 0.312  exp loss = 0.231  adjusted loss = 0.231  adv prob = 0.274953   acc = 0.881
  gold_label_random = 0, sentence2_has_negation = 1  [n = 262]:	loss = 0.379  exp loss = 0.397  adjusted loss = 0.397  adv prob = 0.011599   acc = 0.859
  gold_label_random = 1, sentence2_has_negation = 0  [n = 270]:	loss = 0.256  exp loss = 0.363  adjusted loss = 0.363  adv prob = 0.289084   acc = 0.919
  gold_label_random = 1, sentence2_has_negation = 1  [n = 277]:	loss = 0.309  exp loss = 0.292  adjusted loss = 0.292  adv prob = 0.007920   acc = 0.899
  gold_label_random = 2, sentence2_has_negation = 0  [n = 283]:	loss = 0.322  exp loss = 0.403  adjusted loss = 0.403  adv prob = 0.401377   acc = 0.883
  gold_label_random = 2, sentence2_has_negation = 1  [n = 239]:	loss = 0.345  exp loss = 0.297  adjusted loss = 0.297  adv prob = 0.015068   acc = 0.887
Average incurred loss: 0.318  
Average sample loss: 0.314  
Average acc: 0.882  
  gold_label_random = 0, sentence2_has_negation = 0  [n = 266]:	loss = 0.376  exp loss = 0.326  adjusted loss = 0.326  adv prob = 0.278449   acc = 0.883
  gold_label_random = 0, sentence2_has_negation = 1  [n = 273]:	loss = 0.332  exp loss = 0.347  adjusted loss = 0.347  adv prob = 0.011675   acc = 0.883
  gold_label_random = 1, sentence2_has_negation = 0  [n = 244]:	loss = 0.325  exp loss = 0.365  adjusted loss = 0.365  adv prob = 0.294840   acc = 0.877
  gold_label_random = 1, sentence2_has_negation = 1  [n = 256]:	loss = 0.301  exp loss = 0.318  adjusted loss = 0.318  adv prob = 0.007886   acc = 0.895
  gold_label_random = 2, sentence2_has_negation = 0  [n = 260]:	loss = 0.255  exp loss = 0.212  adjusted loss = 0.212  adv prob = 0.392253   acc = 0.888
  gold_label_random = 2, sentence2_has_negation = 1  [n = 301]:	loss = 0.316  exp loss = 0.256  adjusted loss = 0.256  adv prob = 0.014898   acc = 0.867
Average incurred loss: 0.338  
Average sample loss: 0.381  
Average acc: 0.875  
  gold_label_random = 0, sentence2_has_negation = 0  [n = 273]:	loss = 0.315  exp loss = 0.256  adjusted loss = 0.256  adv prob = 0.270400   acc = 0.886
  gold_label_random = 0, sentence2_has_negation = 1  [n = 267]:	loss = 0.287  exp loss = 0.276  adjusted loss = 0.276  adv prob = 0.011119   acc = 0.888
  gold_label_random = 1, sentence2_has_negation = 0  [n = 265]:	loss = 0.327  exp loss = 0.354  adjusted loss = 0.354  adv prob = 0.290088   acc = 0.875
  gold_label_random = 1, sentence2_has_negation = 1  [n = 282]:	loss = 0.295  exp loss = 0.346  adjusted loss = 0.346  adv prob = 0.007627   acc = 0.904
  gold_label_random = 2, sentence2_has_negation = 0  [n = 262]:	loss = 0.427  exp loss = 0.406  adjusted loss = 0.406  adv prob = 0.405933   acc = 0.840
  gold_label_random = 2, sentence2_has_negation = 1  [n = 251]:	loss = 0.382  exp loss = 0.239  adjusted loss = 0.239  adv prob = 0.014833   acc = 0.853
Average incurred loss: 0.326  
Average sample loss: 0.331  
Average acc: 0.887  
  gold_label_random = 0, sentence2_has_negation = 0  [n = 261]:	loss = 0.321  exp loss = 0.328  adjusted loss = 0.328  adv prob = 0.279236   acc = 0.889
  gold_label_random = 0, sentence2_has_negation = 1  [n = 293]:	loss = 0.460  exp loss = 0.385  adjusted loss = 0.385  adv prob = 0.011691   acc = 0.836
  gold_label_random = 1, sentence2_has_negation = 0  [n = 264]:	loss = 0.241  exp loss = 0.194  adjusted loss = 0.194  adv prob = 0.275325   acc = 0.932
  gold_label_random = 1, sentence2_has_negation = 1  [n = 253]:	loss = 0.287  exp loss = 0.283  adjusted loss = 0.283  adv prob = 0.007448   acc = 0.901
  gold_label_random = 2, sentence2_has_negation = 0  [n = 265]:	loss = 0.365  exp loss = 0.425  adjusted loss = 0.425  adv prob = 0.411935   acc = 0.875
  gold_label_random = 2, sentence2_has_negation = 1  [n = 264]:	loss = 0.266  exp loss = 0.231  adjusted loss = 0.231  adv prob = 0.014363   acc = 0.894
Average incurred loss: 0.285  
Average sample loss: 0.301  
Average acc: 0.898  
  gold_label_random = 0, sentence2_has_negation = 0  [n = 276]:	loss = 0.302  exp loss = 0.327  adjusted loss = 0.327  adv prob = 0.282355   acc = 0.902
  gold_label_random = 0, sentence2_has_negation = 1  [n = 267]:	loss = 0.286  exp loss = 0.198  adjusted loss = 0.198  adv prob = 0.011488   acc = 0.888
  gold_label_random = 1, sentence2_has_negation = 0  [n = 275]:	loss = 0.256  exp loss = 0.236  adjusted loss = 0.236  adv prob = 0.270220   acc = 0.916
  gold_label_random = 1, sentence2_has_negation = 1  [n = 248]:	loss = 0.324  exp loss = 0.301  adjusted loss = 0.301  adv prob = 0.007479   acc = 0.887
  gold_label_random = 2, sentence2_has_negation = 0  [n = 266]:	loss = 0.279  exp loss = 0.279  adjusted loss = 0.279  adv prob = 0.414387   acc = 0.887
  gold_label_random = 2, sentence2_has_negation = 1  [n = 268]:	loss = 0.268  exp loss = 0.295  adjusted loss = 0.295  adv prob = 0.014072   acc = 0.907
Average incurred loss: 0.330  
Average sample loss: 0.344  
Average acc: 0.884  
  gold_label_random = 0, sentence2_has_negation = 0  [n = 280]:	loss = 0.272  exp loss = 0.238  adjusted loss = 0.238  adv prob = 0.269389   acc = 0.914
  gold_label_random = 0, sentence2_has_negation = 1  [n = 264]:	loss = 0.326  exp loss = 0.349  adjusted loss = 0.349  adv prob = 0.011457   acc = 0.879
  gold_label_random = 1, sentence2_has_negation = 0  [n = 250]:	loss = 0.348  exp loss = 0.271  adjusted loss = 0.271  adv prob = 0.275970   acc = 0.888
  gold_label_random = 1, sentence2_has_negation = 1  [n = 252]:	loss = 0.305  exp loss = 0.303  adjusted loss = 0.303  adv prob = 0.007448   acc = 0.893
  gold_label_random = 2, sentence2_has_negation = 0  [n = 278]:	loss = 0.363  exp loss = 0.404  adjusted loss = 0.404  adv prob = 0.421079   acc = 0.867
  gold_label_random = 2, sentence2_has_negation = 1  [n = 276]:	loss = 0.366  exp loss = 0.343  adjusted loss = 0.343  adv prob = 0.014657   acc = 0.866
Average incurred loss: 0.316  
Average sample loss: 0.298  
Average acc: 0.883  
  gold_label_random = 0, sentence2_has_negation = 0  [n = 266]:	loss = 0.340  exp loss = 0.467  adjusted loss = 0.467  adv prob = 0.277854   acc = 0.880
  gold_label_random = 0, sentence2_has_negation = 1  [n = 287]:	loss = 0.392  exp loss = 0.510  adjusted loss = 0.510  adv prob = 0.012061   acc = 0.857
  gold_label_random = 1, sentence2_has_negation = 0  [n = 259]:	loss = 0.264  exp loss = 0.343  adjusted loss = 0.343  adv prob = 0.276028   acc = 0.923
  gold_label_random = 1, sentence2_has_negation = 1  [n = 256]:	loss = 0.338  exp loss = 0.307  adjusted loss = 0.307  adv prob = 0.007536   acc = 0.875
  gold_label_random = 2, sentence2_has_negation = 0  [n = 272]:	loss = 0.271  exp loss = 0.331  adjusted loss = 0.331  adv prob = 0.411990   acc = 0.893
  gold_label_random = 2, sentence2_has_negation = 1  [n = 260]:	loss = 0.286  exp loss = 0.348  adjusted loss = 0.348  adv prob = 0.014532   acc = 0.873
Average incurred loss: 0.313  
Average sample loss: 0.256  
Average acc: 0.896  
  gold_label_random = 0, sentence2_has_negation = 0  [n = 270]:	loss = 0.270  exp loss = 0.415  adjusted loss = 0.415  adv prob = 0.281333   acc = 0.915
  gold_label_random = 0, sentence2_has_negation = 1  [n = 259]:	loss = 0.442  exp loss = 0.416  adjusted loss = 0.416  adv prob = 0.013164   acc = 0.849
  gold_label_random = 1, sentence2_has_negation = 0  [n = 267]:	loss = 0.261  exp loss = 0.275  adjusted loss = 0.275  adv prob = 0.276833   acc = 0.925
  gold_label_random = 1, sentence2_has_negation = 1  [n = 248]:	loss = 0.377  exp loss = 0.404  adjusted loss = 0.404  adv prob = 0.007932   acc = 0.891
  gold_label_random = 2, sentence2_has_negation = 0  [n = 277]:	loss = 0.219  exp loss = 0.205  adjusted loss = 0.205  adv prob = 0.405732   acc = 0.931
  gold_label_random = 2, sentence2_has_negation = 1  [n = 279]:	loss = 0.321  exp loss = 0.324  adjusted loss = 0.324  adv prob = 0.015006   acc = 0.864
Average incurred loss: 0.356  
Average sample loss: 0.374  
Average acc: 0.889  
  gold_label_random = 0, sentence2_has_negation = 0  [n = 272]:	loss = 0.450  exp loss = 0.641  adjusted loss = 0.641  adv prob = 0.291190   acc = 0.868
  gold_label_random = 0, sentence2_has_negation = 1  [n = 255]:	loss = 0.289  exp loss = 0.197  adjusted loss = 0.197  adv prob = 0.012768   acc = 0.910
  gold_label_random = 1, sentence2_has_negation = 0  [n = 255]:	loss = 0.394  exp loss = 0.382  adjusted loss = 0.382  adv prob = 0.282179   acc = 0.882
  gold_label_random = 1, sentence2_has_negation = 1  [n = 256]:	loss = 0.336  exp loss = 0.363  adjusted loss = 0.363  adv prob = 0.007811   acc = 0.914
  gold_label_random = 2, sentence2_has_negation = 0  [n = 319]:	loss = 0.305  exp loss = 0.248  adjusted loss = 0.248  adv prob = 0.390855   acc = 0.897
  gold_label_random = 2, sentence2_has_negation = 1  [n = 243]:	loss = 0.371  exp loss = 0.349  adjusted loss = 0.349  adv prob = 0.015197   acc = 0.860
Average incurred loss: 0.312  
Average sample loss: 0.286  
Average acc: 0.896  
  gold_label_random = 0, sentence2_has_negation = 0  [n = 256]:	loss = 0.302  exp loss = 0.452  adjusted loss = 0.452  adv prob = 0.298121   acc = 0.910
  gold_label_random = 0, sentence2_has_negation = 1  [n = 239]:	loss = 0.461  exp loss = 0.618  adjusted loss = 0.618  adv prob = 0.013943   acc = 0.845
  gold_label_random = 1, sentence2_has_negation = 0  [n = 294]:	loss = 0.197  exp loss = 0.309  adjusted loss = 0.309  adv prob = 0.270702   acc = 0.942
  gold_label_random = 1, sentence2_has_negation = 1  [n = 301]:	loss = 0.262  exp loss = 0.240  adjusted loss = 0.240  adv prob = 0.007656   acc = 0.907
  gold_label_random = 2, sentence2_has_negation = 0  [n = 260]:	loss = 0.295  exp loss = 0.263  adjusted loss = 0.263  adv prob = 0.393735   acc = 0.904
  gold_label_random = 2, sentence2_has_negation = 1  [n = 250]:	loss = 0.395  exp loss = 0.277  adjusted loss = 0.277  adv prob = 0.015842   acc = 0.856
Average incurred loss: 0.310  
Average sample loss: 0.302  
Average acc: 0.891  
  gold_label_random = 0, sentence2_has_negation = 0  [n = 269]:	loss = 0.302  exp loss = 0.228  adjusted loss = 0.228  adv prob = 0.293600   acc = 0.888
  gold_label_random = 0, sentence2_has_negation = 1  [n = 259]:	loss = 0.392  exp loss = 0.297  adjusted loss = 0.297  adv prob = 0.014802   acc = 0.846
  gold_label_random = 1, sentence2_has_negation = 0  [n = 246]:	loss = 0.276  exp loss = 0.272  adjusted loss = 0.272  adv prob = 0.268150   acc = 0.915
  gold_label_random = 1, sentence2_has_negation = 1  [n = 281]:	loss = 0.304  exp loss = 0.327  adjusted loss = 0.327  adv prob = 0.007696   acc = 0.907
  gold_label_random = 2, sentence2_has_negation = 0  [n = 285]:	loss = 0.332  exp loss = 0.320  adjusted loss = 0.320  adv prob = 0.400308   acc = 0.881
  gold_label_random = 2, sentence2_has_negation = 1  [n = 260]:	loss = 0.251  exp loss = 0.290  adjusted loss = 0.290  adv prob = 0.015445   acc = 0.908
Average incurred loss: 0.333  
Average sample loss: 0.316  
Average acc: 0.881  
  gold_label_random = 0, sentence2_has_negation = 0  [n = 259]:	loss = 0.379  exp loss = 0.389  adjusted loss = 0.389  adv prob = 0.304071   acc = 0.861
  gold_label_random = 0, sentence2_has_negation = 1  [n = 278]:	loss = 0.349  exp loss = 0.342  adjusted loss = 0.342  adv prob = 0.015199   acc = 0.881
  gold_label_random = 1, sentence2_has_negation = 0  [n = 260]:	loss = 0.315  exp loss = 0.282  adjusted loss = 0.282  adv prob = 0.263339   acc = 0.908
  gold_label_random = 1, sentence2_has_negation = 1  [n = 248]:	loss = 0.383  exp loss = 0.326  adjusted loss = 0.326  adv prob = 0.007855   acc = 0.863
  gold_label_random = 2, sentence2_has_negation = 0  [n = 275]:	loss = 0.301  exp loss = 0.245  adjusted loss = 0.245  adv prob = 0.394632   acc = 0.880
  gold_label_random = 2, sentence2_has_negation = 1  [n = 280]:	loss = 0.275  exp loss = 0.198  adjusted loss = 0.198  adv prob = 0.014905   acc = 0.893
Average incurred loss: 0.328  
Average sample loss: 0.321  
Average acc: 0.885  
  gold_label_random = 0, sentence2_has_negation = 0  [n = 274]:	loss = 0.301  exp loss = 0.228  adjusted loss = 0.228  adv prob = 0.296352   acc = 0.909
  gold_label_random = 0, sentence2_has_negation = 1  [n = 262]:	loss = 0.285  exp loss = 0.308  adjusted loss = 0.308  adv prob = 0.015293   acc = 0.912
  gold_label_random = 1, sentence2_has_negation = 0  [n = 259]:	loss = 0.450  exp loss = 0.554  adjusted loss = 0.554  adv prob = 0.277092   acc = 0.849
  gold_label_random = 1, sentence2_has_negation = 1  [n = 299]:	loss = 0.368  exp loss = 0.255  adjusted loss = 0.255  adv prob = 0.007910   acc = 0.866
  gold_label_random = 2, sentence2_has_negation = 0  [n = 248]:	loss = 0.302  exp loss = 0.300  adjusted loss = 0.300  adv prob = 0.389138   acc = 0.879
  gold_label_random = 2, sentence2_has_negation = 1  [n = 258]:	loss = 0.259  exp loss = 0.209  adjusted loss = 0.209  adv prob = 0.014216   acc = 0.895
Average incurred loss: 0.311  
Average sample loss: 0.329  
Average acc: 0.897  
  gold_label_random = 0, sentence2_has_negation = 0  [n = 234]:	loss = 0.335  exp loss = 0.368  adjusted loss = 0.368  adv prob = 0.299770   acc = 0.906
  gold_label_random = 0, sentence2_has_negation = 1  [n = 292]:	loss = 0.226  exp loss = 0.230  adjusted loss = 0.230  adv prob = 0.014408   acc = 0.914
  gold_label_random = 1, sentence2_has_negation = 0  [n = 255]:	loss = 0.302  exp loss = 0.342  adjusted loss = 0.342  adv prob = 0.271756   acc = 0.918
  gold_label_random = 1, sentence2_has_negation = 1  [n = 280]:	loss = 0.338  exp loss = 0.333  adjusted loss = 0.333  adv prob = 0.007862   acc = 0.889
  gold_label_random = 2, sentence2_has_negation = 0  [n = 268]:	loss = 0.355  exp loss = 0.351  adjusted loss = 0.351  adv prob = 0.391996   acc = 0.873
  gold_label_random = 2, sentence2_has_negation = 1  [n = 271]:	loss = 0.318  exp loss = 0.333  adjusted loss = 0.333  adv prob = 0.014208   acc = 0.886
Average incurred loss: 0.329  
Average sample loss: 0.324  
Average acc: 0.889  
  gold_label_random = 0, sentence2_has_negation = 0  [n = 276]:	loss = 0.323  exp loss = 0.593  adjusted loss = 0.593  adv prob = 0.305037   acc = 0.880
  gold_label_random = 0, sentence2_has_negation = 1  [n = 274]:	loss = 0.221  exp loss = 0.291  adjusted loss = 0.291  adv prob = 0.013594   acc = 0.916
  gold_label_random = 1, sentence2_has_negation = 0  [n = 279]:	loss = 0.320  exp loss = 0.357  adjusted loss = 0.357  adv prob = 0.268303   acc = 0.914
  gold_label_random = 1, sentence2_has_negation = 1  [n = 245]:	loss = 0.395  exp loss = 0.339  adjusted loss = 0.339  adv prob = 0.008136   acc = 0.869
  gold_label_random = 2, sentence2_has_negation = 0  [n = 250]:	loss = 0.323  exp loss = 0.349  adjusted loss = 0.349  adv prob = 0.390004   acc = 0.896
  gold_label_random = 2, sentence2_has_negation = 1  [n = 276]:	loss = 0.398  exp loss = 0.407  adjusted loss = 0.407  adv prob = 0.014926   acc = 0.859
Average incurred loss: 0.298  
Average sample loss: 0.265  
Average acc: 0.888  
  gold_label_random = 0, sentence2_has_negation = 0  [n = 269]:	loss = 0.233  exp loss = 0.239  adjusted loss = 0.239  adv prob = 0.299663   acc = 0.914
  gold_label_random = 0, sentence2_has_negation = 1  [n = 268]:	loss = 0.294  exp loss = 0.366  adjusted loss = 0.366  adv prob = 0.013819   acc = 0.888
  gold_label_random = 1, sentence2_has_negation = 0  [n = 245]:	loss = 0.242  exp loss = 0.236  adjusted loss = 0.236  adv prob = 0.262894   acc = 0.914
  gold_label_random = 1, sentence2_has_negation = 1  [n = 263]:	loss = 0.321  exp loss = 0.257  adjusted loss = 0.257  adv prob = 0.008184   acc = 0.875
  gold_label_random = 2, sentence2_has_negation = 0  [n = 311]:	loss = 0.316  exp loss = 0.311  adjusted loss = 0.311  adv prob = 0.399583   acc = 0.878
  gold_label_random = 2, sentence2_has_negation = 1  [n = 244]:	loss = 0.385  exp loss = 0.242  adjusted loss = 0.242  adv prob = 0.015857   acc = 0.861
Average incurred loss: 0.297  
Average sample loss: 0.282  
Average acc: 0.893  
  gold_label_random = 0, sentence2_has_negation = 0  [n = 277]:	loss = 0.277  exp loss = 0.210  adjusted loss = 0.210  adv prob = 0.295522   acc = 0.903
  gold_label_random = 0, sentence2_has_negation = 1  [n = 254]:	loss = 0.294  exp loss = 0.236  adjusted loss = 0.236  adv prob = 0.013829   acc = 0.898
  gold_label_random = 1, sentence2_has_negation = 0  [n = 272]:	loss = 0.293  exp loss = 0.332  adjusted loss = 0.332  adv prob = 0.261473   acc = 0.897
  gold_label_random = 1, sentence2_has_negation = 1  [n = 260]:	loss = 0.313  exp loss = 0.441  adjusted loss = 0.441  adv prob = 0.008242   acc = 0.900
  gold_label_random = 2, sentence2_has_negation = 0  [n = 237]:	loss = 0.292  exp loss = 0.369  adjusted loss = 0.369  adv prob = 0.404808   acc = 0.873
  gold_label_random = 2, sentence2_has_negation = 1  [n = 300]:	loss = 0.312  exp loss = 0.208  adjusted loss = 0.208  adv prob = 0.016127   acc = 0.883
Average incurred loss: 0.314  
Average sample loss: 0.290  
Average acc: 0.895  
  gold_label_random = 0, sentence2_has_negation = 0  [n = 227]:	loss = 0.203  exp loss = 0.188  adjusted loss = 0.188  adv prob = 0.280581   acc = 0.934
  gold_label_random = 0, sentence2_has_negation = 1  [n = 276]:	loss = 0.406  exp loss = 0.373  adjusted loss = 0.373  adv prob = 0.014706   acc = 0.877
  gold_label_random = 1, sentence2_has_negation = 0  [n = 276]:	loss = 0.375  exp loss = 0.442  adjusted loss = 0.442  adv prob = 0.273046   acc = 0.877
  gold_label_random = 1, sentence2_has_negation = 1  [n = 260]:	loss = 0.365  exp loss = 0.301  adjusted loss = 0.301  adv prob = 0.008520   acc = 0.873
  gold_label_random = 2, sentence2_has_negation = 0  [n = 302]:	loss = 0.253  exp loss = 0.242  adjusted loss = 0.242  adv prob = 0.407034   acc = 0.904
  gold_label_random = 2, sentence2_has_negation = 1  [n = 259]:	loss = 0.271  exp loss = 0.265  adjusted loss = 0.265  adv prob = 0.016113   acc = 0.911
Average incurred loss: 0.362  
Average sample loss: 0.341  
Average acc: 0.871  
  gold_label_random = 0, sentence2_has_negation = 0  [n = 251]:	loss = 0.356  exp loss = 0.287  adjusted loss = 0.287  adv prob = 0.278390   acc = 0.873
  gold_label_random = 0, sentence2_has_negation = 1  [n = 260]:	loss = 0.482  exp loss = 0.376  adjusted loss = 0.376  adv prob = 0.015616   acc = 0.831
  gold_label_random = 1, sentence2_has_negation = 0  [n = 276]:	loss = 0.317  exp loss = 0.288  adjusted loss = 0.288  adv prob = 0.268961   acc = 0.891
  gold_label_random = 1, sentence2_has_negation = 1  [n = 264]:	loss = 0.362  exp loss = 0.311  adjusted loss = 0.311  adv prob = 0.008595   acc = 0.875
  gold_label_random = 2, sentence2_has_negation = 0  [n = 284]:	loss = 0.382  exp loss = 0.385  adjusted loss = 0.385  adv prob = 0.412854   acc = 0.856
  gold_label_random = 2, sentence2_has_negation = 1  [n = 265]:	loss = 0.277  exp loss = 0.275  adjusted loss = 0.275  adv prob = 0.015585   acc = 0.902
Average incurred loss: 0.294  
Average sample loss: 0.243  
Average acc: 0.898  
  gold_label_random = 0, sentence2_has_negation = 0  [n = 244]:	loss = 0.301  exp loss = 0.125  adjusted loss = 0.125  adv prob = 0.284065   acc = 0.893
  gold_label_random = 0, sentence2_has_negation = 1  [n = 273]:	loss = 0.358  exp loss = 0.434  adjusted loss = 0.434  adv prob = 0.016782   acc = 0.868
  gold_label_random = 1, sentence2_has_negation = 0  [n = 292]:	loss = 0.262  exp loss = 0.300  adjusted loss = 0.300  adv prob = 0.270716   acc = 0.904
  gold_label_random = 1, sentence2_has_negation = 1  [n = 235]:	loss = 0.342  exp loss = 0.654  adjusted loss = 0.654  adv prob = 0.008984   acc = 0.894
  gold_label_random = 2, sentence2_has_negation = 0  [n = 284]:	loss = 0.201  exp loss = 0.109  adjusted loss = 0.109  adv prob = 0.403352   acc = 0.937
  gold_label_random = 2, sentence2_has_negation = 1  [n = 272]:	loss = 0.314  exp loss = 0.422  adjusted loss = 0.422  adv prob = 0.016100   acc = 0.890
Average incurred loss: 0.329  
Average sample loss: 0.334  
Average acc: 0.880  
  gold_label_random = 0, sentence2_has_negation = 0  [n = 260]:	loss = 0.291  exp loss = 0.206  adjusted loss = 0.206  adv prob = 0.280788   acc = 0.873
  gold_label_random = 0, sentence2_has_negation = 1  [n = 260]:	loss = 0.401  exp loss = 0.377  adjusted loss = 0.377  adv prob = 0.017153   acc = 0.858
  gold_label_random = 1, sentence2_has_negation = 0  [n = 252]:	loss = 0.295  exp loss = 0.312  adjusted loss = 0.312  adv prob = 0.263522   acc = 0.913
  gold_label_random = 1, sentence2_has_negation = 1  [n = 283]:	loss = 0.281  exp loss = 0.471  adjusted loss = 0.471  adv prob = 0.008734   acc = 0.912
  gold_label_random = 2, sentence2_has_negation = 0  [n = 294]:	loss = 0.365  exp loss = 0.347  adjusted loss = 0.347  adv prob = 0.413551   acc = 0.874
  gold_label_random = 2, sentence2_has_negation = 1  [n = 251]:	loss = 0.339  exp loss = 0.420  adjusted loss = 0.420  adv prob = 0.016252   acc = 0.849
Average incurred loss: 0.268  
Average sample loss: 0.291  
Average acc: 0.906  
  gold_label_random = 0, sentence2_has_negation = 0  [n = 266]:	loss = 0.300  exp loss = 0.293  adjusted loss = 0.293  adv prob = 0.282146   acc = 0.910
  gold_label_random = 0, sentence2_has_negation = 1  [n = 264]:	loss = 0.240  exp loss = 0.197  adjusted loss = 0.197  adv prob = 0.016930   acc = 0.917
  gold_label_random = 1, sentence2_has_negation = 0  [n = 271]:	loss = 0.306  exp loss = 0.214  adjusted loss = 0.214  adv prob = 0.261071   acc = 0.908
  gold_label_random = 1, sentence2_has_negation = 1  [n = 261]:	loss = 0.212  exp loss = 0.245  adjusted loss = 0.245  adv prob = 0.008455   acc = 0.931
  gold_label_random = 2, sentence2_has_negation = 0  [n = 280]:	loss = 0.279  exp loss = 0.291  adjusted loss = 0.291  adv prob = 0.415254   acc = 0.875
  gold_label_random = 2, sentence2_has_negation = 1  [n = 258]:	loss = 0.266  exp loss = 0.205  adjusted loss = 0.205  adv prob = 0.016145   acc = 0.899
Average incurred loss: 0.317  
Average sample loss: 0.306  
Average acc: 0.895  
  gold_label_random = 0, sentence2_has_negation = 0  [n = 229]:	loss = 0.251  exp loss = 0.307  adjusted loss = 0.307  adv prob = 0.273007   acc = 0.908
  gold_label_random = 0, sentence2_has_negation = 1  [n = 282]:	loss = 0.412  exp loss = 0.534  adjusted loss = 0.534  adv prob = 0.017914   acc = 0.865
  gold_label_random = 1, sentence2_has_negation = 0  [n = 264]:	loss = 0.283  exp loss = 0.232  adjusted loss = 0.232  adv prob = 0.264623   acc = 0.913
  gold_label_random = 1, sentence2_has_negation = 1  [n = 289]:	loss = 0.285  exp loss = 0.302  adjusted loss = 0.302  adv prob = 0.008224   acc = 0.913
  gold_label_random = 2, sentence2_has_negation = 0  [n = 275]:	loss = 0.333  exp loss = 0.320  adjusted loss = 0.320  adv prob = 0.420324   acc = 0.887
  gold_label_random = 2, sentence2_has_negation = 1  [n = 261]:	loss = 0.326  exp loss = 0.218  adjusted loss = 0.218  adv prob = 0.015908   acc = 0.885
Average incurred loss: 0.320  
Average sample loss: 0.306  
Average acc: 0.892  
  gold_label_random = 0, sentence2_has_negation = 0  [n = 274]:	loss = 0.238  exp loss = 0.260  adjusted loss = 0.260  adv prob = 0.264071   acc = 0.912
  gold_label_random = 0, sentence2_has_negation = 1  [n = 270]:	loss = 0.383  exp loss = 0.461  adjusted loss = 0.461  adv prob = 0.019019   acc = 0.870
  gold_label_random = 1, sentence2_has_negation = 0  [n = 258]:	loss = 0.426  exp loss = 0.347  adjusted loss = 0.347  adv prob = 0.273675   acc = 0.872
  gold_label_random = 1, sentence2_has_negation = 1  [n = 297]:	loss = 0.297  exp loss = 0.305  adjusted loss = 0.305  adv prob = 0.008175   acc = 0.906
  gold_label_random = 2, sentence2_has_negation = 0  [n = 233]:	loss = 0.267  exp loss = 0.395  adjusted loss = 0.395  adv prob = 0.419089   acc = 0.910
  gold_label_random = 2, sentence2_has_negation = 1  [n = 268]:	loss = 0.311  exp loss = 0.401  adjusted loss = 0.401  adv prob = 0.015970   acc = 0.881
Average incurred loss: 0.336  
Average sample loss: 0.304  
Average acc: 0.884  
  gold_label_random = 0, sentence2_has_negation = 0  [n = 277]:	loss = 0.293  exp loss = 0.340  adjusted loss = 0.340  adv prob = 0.267326   acc = 0.903
  gold_label_random = 0, sentence2_has_negation = 1  [n = 267]:	loss = 0.271  exp loss = 0.277  adjusted loss = 0.277  adv prob = 0.018644   acc = 0.903
  gold_label_random = 1, sentence2_has_negation = 0  [n = 274]:	loss = 0.299  exp loss = 0.213  adjusted loss = 0.213  adv prob = 0.276093   acc = 0.905
  gold_label_random = 1, sentence2_has_negation = 1  [n = 243]:	loss = 0.524  exp loss = 0.340  adjusted loss = 0.340  adv prob = 0.008792   acc = 0.844
  gold_label_random = 2, sentence2_has_negation = 0  [n = 271]:	loss = 0.305  exp loss = 0.188  adjusted loss = 0.188  adv prob = 0.412903   acc = 0.889
  gold_label_random = 2, sentence2_has_negation = 1  [n = 268]:	loss = 0.347  exp loss = 0.499  adjusted loss = 0.499  adv prob = 0.016242   acc = 0.858
Average incurred loss: 0.290  
Average sample loss: 0.301  
Average acc: 0.905  
  gold_label_random = 0, sentence2_has_negation = 0  [n = 282]:	loss = 0.301  exp loss = 0.429  adjusted loss = 0.429  adv prob = 0.265509   acc = 0.911
  gold_label_random = 0, sentence2_has_negation = 1  [n = 263]:	loss = 0.235  exp loss = 0.140  adjusted loss = 0.140  adv prob = 0.017895   acc = 0.928
  gold_label_random = 1, sentence2_has_negation = 0  [n = 286]:	loss = 0.244  exp loss = 0.286  adjusted loss = 0.286  adv prob = 0.266478   acc = 0.916
  gold_label_random = 1, sentence2_has_negation = 1  [n = 244]:	loss = 0.247  exp loss = 0.243  adjusted loss = 0.243  adv prob = 0.008813   acc = 0.934
  gold_label_random = 2, sentence2_has_negation = 0  [n = 249]:	loss = 0.357  exp loss = 0.373  adjusted loss = 0.373  adv prob = 0.424427   acc = 0.876
  gold_label_random = 2, sentence2_has_negation = 1  [n = 276]:	loss = 0.358  exp loss = 0.347  adjusted loss = 0.347  adv prob = 0.016877   acc = 0.866
Average incurred loss: 0.310  
Average sample loss: 0.370  
Average acc: 0.890  
  gold_label_random = 0, sentence2_has_negation = 0  [n = 265]:	loss = 0.269  exp loss = 0.406  adjusted loss = 0.406  adv prob = 0.255921   acc = 0.906
  gold_label_random = 0, sentence2_has_negation = 1  [n = 297]:	loss = 0.293  exp loss = 0.270  adjusted loss = 0.270  adv prob = 0.017194   acc = 0.886
  gold_label_random = 1, sentence2_has_negation = 0  [n = 246]:	loss = 0.296  exp loss = 0.372  adjusted loss = 0.372  adv prob = 0.257227   acc = 0.907
  gold_label_random = 1, sentence2_has_negation = 1  [n = 254]:	loss = 0.186  exp loss = 0.191  adjusted loss = 0.191  adv prob = 0.008045   acc = 0.941
  gold_label_random = 2, sentence2_has_negation = 0  [n = 260]:	loss = 0.488  exp loss = 0.282  adjusted loss = 0.282  adv prob = 0.444948   acc = 0.812
  gold_label_random = 2, sentence2_has_negation = 1  [n = 278]:	loss = 0.326  exp loss = 0.228  adjusted loss = 0.228  adv prob = 0.016665   acc = 0.892
Average incurred loss: 0.321  
Average sample loss: 0.317  
Average acc: 0.887  
  gold_label_random = 0, sentence2_has_negation = 0  [n = 277]:	loss = 0.301  exp loss = 0.399  adjusted loss = 0.399  adv prob = 0.251583   acc = 0.906
  gold_label_random = 0, sentence2_has_negation = 1  [n = 243]:	loss = 0.296  exp loss = 0.539  adjusted loss = 0.539  adv prob = 0.016937   acc = 0.897
  gold_label_random = 1, sentence2_has_negation = 0  [n = 287]:	loss = 0.354  exp loss = 0.371  adjusted loss = 0.371  adv prob = 0.263845   acc = 0.882
  gold_label_random = 1, sentence2_has_negation = 1  [n = 257]:	loss = 0.370  exp loss = 0.348  adjusted loss = 0.348  adv prob = 0.008261   acc = 0.864
  gold_label_random = 2, sentence2_has_negation = 0  [n = 245]:	loss = 0.339  exp loss = 0.238  adjusted loss = 0.238  adv prob = 0.443237   acc = 0.869
  gold_label_random = 2, sentence2_has_negation = 1  [n = 291]:	loss = 0.267  exp loss = 0.252  adjusted loss = 0.252  adv prob = 0.016136   acc = 0.900
Average incurred loss: 0.336  
Average sample loss: 0.327  
Average acc: 0.889  
  gold_label_random = 0, sentence2_has_negation = 0  [n = 258]:	loss = 0.277  exp loss = 0.271  adjusted loss = 0.271  adv prob = 0.248867   acc = 0.903
  gold_label_random = 0, sentence2_has_negation = 1  [n = 258]:	loss = 0.356  exp loss = 0.315  adjusted loss = 0.315  adv prob = 0.016906   acc = 0.880
  gold_label_random = 1, sentence2_has_negation = 0  [n = 278]:	loss = 0.365  exp loss = 0.413  adjusted loss = 0.413  adv prob = 0.264509   acc = 0.888
  gold_label_random = 1, sentence2_has_negation = 1  [n = 276]:	loss = 0.338  exp loss = 0.544  adjusted loss = 0.544  adv prob = 0.008478   acc = 0.891
  gold_label_random = 2, sentence2_has_negation = 0  [n = 259]:	loss = 0.342  exp loss = 0.326  adjusted loss = 0.326  adv prob = 0.445172   acc = 0.880
  gold_label_random = 2, sentence2_has_negation = 1  [n = 271]:	loss = 0.335  exp loss = 0.208  adjusted loss = 0.208  adv prob = 0.016068   acc = 0.893
Average incurred loss: 0.305  
Average sample loss: 0.327  
Average acc: 0.893  
  gold_label_random = 0, sentence2_has_negation = 0  [n = 257]:	loss = 0.268  exp loss = 0.223  adjusted loss = 0.223  adv prob = 0.240163   acc = 0.907
  gold_label_random = 0, sentence2_has_negation = 1  [n = 274]:	loss = 0.335  exp loss = 0.323  adjusted loss = 0.323  adv prob = 0.016910   acc = 0.880
  gold_label_random = 1, sentence2_has_negation = 0  [n = 285]:	loss = 0.348  exp loss = 0.361  adjusted loss = 0.361  adv prob = 0.268420   acc = 0.881
  gold_label_random = 1, sentence2_has_negation = 1  [n = 262]:	loss = 0.261  exp loss = 0.249  adjusted loss = 0.249  adv prob = 0.008137   acc = 0.908
  gold_label_random = 2, sentence2_has_negation = 0  [n = 245]:	loss = 0.348  exp loss = 0.227  adjusted loss = 0.227  adv prob = 0.450706   acc = 0.882
  gold_label_random = 2, sentence2_has_negation = 1  [n = 277]:	loss = 0.270  exp loss = 0.375  adjusted loss = 0.375  adv prob = 0.015664   acc = 0.899
Average incurred loss: 0.324  
Average sample loss: 0.338  
Average acc: 0.890  
  gold_label_random = 0, sentence2_has_negation = 0  [n = 284]:	loss = 0.275  exp loss = 0.280  adjusted loss = 0.280  adv prob = 0.232882   acc = 0.923
  gold_label_random = 0, sentence2_has_negation = 1  [n = 255]:	loss = 0.297  exp loss = 0.272  adjusted loss = 0.272  adv prob = 0.016597   acc = 0.878
  gold_label_random = 1, sentence2_has_negation = 0  [n = 272]:	loss = 0.295  exp loss = 0.423  adjusted loss = 0.423  adv prob = 0.265770   acc = 0.908
  gold_label_random = 1, sentence2_has_negation = 1  [n = 281]:	loss = 0.328  exp loss = 0.371  adjusted loss = 0.371  adv prob = 0.007927   acc = 0.907
  gold_label_random = 2, sentence2_has_negation = 0  [n = 241]:	loss = 0.366  exp loss = 0.451  adjusted loss = 0.451  adv prob = 0.460972   acc = 0.871
  gold_label_random = 2, sentence2_has_negation = 1  [n = 267]:	loss = 0.389  exp loss = 0.381  adjusted loss = 0.381  adv prob = 0.015852   acc = 0.846
Average incurred loss: 0.254  
Average sample loss: 0.257  
Average acc: 0.913  
  gold_label_random = 0, sentence2_has_negation = 0  [n = 255]:	loss = 0.272  exp loss = 0.275  adjusted loss = 0.275  adv prob = 0.229550   acc = 0.918
  gold_label_random = 0, sentence2_has_negation = 1  [n = 259]:	loss = 0.213  exp loss = 0.280  adjusted loss = 0.280  adv prob = 0.016208   acc = 0.934
  gold_label_random = 1, sentence2_has_negation = 0  [n = 269]:	loss = 0.309  exp loss = 0.320  adjusted loss = 0.320  adv prob = 0.271253   acc = 0.888
  gold_label_random = 1, sentence2_has_negation = 1  [n = 270]:	loss = 0.312  exp loss = 0.314  adjusted loss = 0.314  adv prob = 0.008115   acc = 0.904
  gold_label_random = 2, sentence2_has_negation = 0  [n = 294]:	loss = 0.232  exp loss = 0.295  adjusted loss = 0.295  adv prob = 0.459465   acc = 0.905
  gold_label_random = 2, sentence2_has_negation = 1  [n = 253]:	loss = 0.185  exp loss = 0.166  adjusted loss = 0.166  adv prob = 0.015409   acc = 0.929
Average incurred loss: 0.301  
Average sample loss: 0.302  
Average acc: 0.893  
  gold_label_random = 0, sentence2_has_negation = 0  [n = 280]:	loss = 0.356  exp loss = 0.411  adjusted loss = 0.411  adv prob = 0.242457   acc = 0.886
  gold_label_random = 0, sentence2_has_negation = 1  [n = 260]:	loss = 0.309  exp loss = 0.314  adjusted loss = 0.314  adv prob = 0.015983   acc = 0.888
  gold_label_random = 1, sentence2_has_negation = 0  [n = 252]:	loss = 0.329  exp loss = 0.399  adjusted loss = 0.399  adv prob = 0.275892   acc = 0.885
  gold_label_random = 1, sentence2_has_negation = 1  [n = 272]:	loss = 0.282  exp loss = 0.197  adjusted loss = 0.197  adv prob = 0.007950   acc = 0.904
  gold_label_random = 2, sentence2_has_negation = 0  [n = 269]:	loss = 0.256  exp loss = 0.178  adjusted loss = 0.178  adv prob = 0.442541   acc = 0.903
  gold_label_random = 2, sentence2_has_negation = 1  [n = 267]:	loss = 0.277  exp loss = 0.290  adjusted loss = 0.290  adv prob = 0.015178   acc = 0.888
Average incurred loss: 0.301  
Average sample loss: 0.289  
Average acc: 0.894  
  gold_label_random = 0, sentence2_has_negation = 0  [n = 241]:	loss = 0.268  exp loss = 0.291  adjusted loss = 0.291  adv prob = 0.238334   acc = 0.896
  gold_label_random = 0, sentence2_has_negation = 1  [n = 251]:	loss = 0.351  exp loss = 0.387  adjusted loss = 0.387  adv prob = 0.016425   acc = 0.873
  gold_label_random = 1, sentence2_has_negation = 0  [n = 281]:	loss = 0.249  exp loss = 0.240  adjusted loss = 0.240  adv prob = 0.272333   acc = 0.932
  gold_label_random = 1, sentence2_has_negation = 1  [n = 268]:	loss = 0.277  exp loss = 0.285  adjusted loss = 0.285  adv prob = 0.007932   acc = 0.914
  gold_label_random = 2, sentence2_has_negation = 0  [n = 283]:	loss = 0.332  exp loss = 0.388  adjusted loss = 0.388  adv prob = 0.449587   acc = 0.876
  gold_label_random = 2, sentence2_has_negation = 1  [n = 276]:	loss = 0.331  exp loss = 0.356  adjusted loss = 0.356  adv prob = 0.015390   acc = 0.873
Average incurred loss: 0.322  
Average sample loss: 0.354  
Average acc: 0.887  
  gold_label_random = 0, sentence2_has_negation = 0  [n = 269]:	loss = 0.325  exp loss = 0.352  adjusted loss = 0.352  adv prob = 0.234401   acc = 0.907
  gold_label_random = 0, sentence2_has_negation = 1  [n = 282]:	loss = 0.425  exp loss = 0.360  adjusted loss = 0.360  adv prob = 0.017030   acc = 0.848
  gold_label_random = 1, sentence2_has_negation = 0  [n = 257]:	loss = 0.243  exp loss = 0.228  adjusted loss = 0.228  adv prob = 0.258606   acc = 0.907
  gold_label_random = 1, sentence2_has_negation = 1  [n = 249]:	loss = 0.290  exp loss = 0.276  adjusted loss = 0.276  adv prob = 0.007673   acc = 0.908
  gold_label_random = 2, sentence2_has_negation = 0  [n = 256]:	loss = 0.352  exp loss = 0.425  adjusted loss = 0.425  adv prob = 0.467435   acc = 0.867
  gold_label_random = 2, sentence2_has_negation = 1  [n = 287]:	loss = 0.287  exp loss = 0.285  adjusted loss = 0.285  adv prob = 0.014855   acc = 0.889
Average incurred loss: 0.322  
Average sample loss: 0.333  
Average acc: 0.896  
  gold_label_random = 0, sentence2_has_negation = 0  [n = 243]:	loss = 0.365  exp loss = 0.296  adjusted loss = 0.296  adv prob = 0.236452   acc = 0.877
  gold_label_random = 0, sentence2_has_negation = 1  [n = 267]:	loss = 0.262  exp loss = 0.165  adjusted loss = 0.165  adv prob = 0.016276   acc = 0.918
  gold_label_random = 1, sentence2_has_negation = 0  [n = 256]:	loss = 0.427  exp loss = 0.260  adjusted loss = 0.260  adv prob = 0.272329   acc = 0.887
  gold_label_random = 1, sentence2_has_negation = 1  [n = 277]:	loss = 0.316  exp loss = 0.309  adjusted loss = 0.309  adv prob = 0.007537   acc = 0.895
  gold_label_random = 2, sentence2_has_negation = 0  [n = 278]:	loss = 0.260  exp loss = 0.230  adjusted loss = 0.230  adv prob = 0.452625   acc = 0.910
  gold_label_random = 2, sentence2_has_negation = 1  [n = 279]:	loss = 0.311  exp loss = 0.390  adjusted loss = 0.390  adv prob = 0.014781   acc = 0.889
Average incurred loss: 0.294  
Average sample loss: 0.270  
Average acc: 0.892  
  gold_label_random = 0, sentence2_has_negation = 0  [n = 285]:	loss = 0.272  exp loss = 0.203  adjusted loss = 0.203  adv prob = 0.234160   acc = 0.891
  gold_label_random = 0, sentence2_has_negation = 1  [n = 246]:	loss = 0.167  exp loss = 0.220  adjusted loss = 0.220  adv prob = 0.015493   acc = 0.931
  gold_label_random = 1, sentence2_has_negation = 0  [n = 248]:	loss = 0.338  exp loss = 0.348  adjusted loss = 0.348  adv prob = 0.277037   acc = 0.899
  gold_label_random = 1, sentence2_has_negation = 1  [n = 263]:	loss = 0.344  exp loss = 0.317  adjusted loss = 0.317  adv prob = 0.007784   acc = 0.894
  gold_label_random = 2, sentence2_has_negation = 0  [n = 285]:	loss = 0.292  exp loss = 0.214  adjusted loss = 0.214  adv prob = 0.450186   acc = 0.898
  gold_label_random = 2, sentence2_has_negation = 1  [n = 273]:	loss = 0.348  exp loss = 0.322  adjusted loss = 0.322  adv prob = 0.015340   acc = 0.846
Average incurred loss: 0.307  
Average sample loss: 0.287  
Average acc: 0.896  
  gold_label_random = 0, sentence2_has_negation = 0  [n = 281]:	loss = 0.298  exp loss = 0.242  adjusted loss = 0.242  adv prob = 0.236636   acc = 0.911
  gold_label_random = 0, sentence2_has_negation = 1  [n = 279]:	loss = 0.348  exp loss = 0.202  adjusted loss = 0.202  adv prob = 0.015967   acc = 0.885
  gold_label_random = 1, sentence2_has_negation = 0  [n = 252]:	loss = 0.247  exp loss = 0.321  adjusted loss = 0.321  adv prob = 0.274920   acc = 0.909
  gold_label_random = 1, sentence2_has_negation = 1  [n = 267]:	loss = 0.349  exp loss = 0.408  adjusted loss = 0.408  adv prob = 0.008027   acc = 0.884
  gold_label_random = 2, sentence2_has_negation = 0  [n = 265]:	loss = 0.308  exp loss = 0.373  adjusted loss = 0.373  adv prob = 0.449208   acc = 0.891
  gold_label_random = 2, sentence2_has_negation = 1  [n = 256]:	loss = 0.285  exp loss = 0.308  adjusted loss = 0.308  adv prob = 0.015242   acc = 0.895
Average incurred loss: 0.263  
Average sample loss: 0.268  
Average acc: 0.911  
  gold_label_random = 0, sentence2_has_negation = 0  [n = 232]:	loss = 0.203  exp loss = 0.197  adjusted loss = 0.197  adv prob = 0.227096   acc = 0.935
  gold_label_random = 0, sentence2_has_negation = 1  [n = 291]:	loss = 0.282  exp loss = 0.218  adjusted loss = 0.218  adv prob = 0.016328   acc = 0.907
  gold_label_random = 1, sentence2_has_negation = 0  [n = 257]:	loss = 0.337  exp loss = 0.366  adjusted loss = 0.366  adv prob = 0.290226   acc = 0.899
  gold_label_random = 1, sentence2_has_negation = 1  [n = 270]:	loss = 0.265  exp loss = 0.207  adjusted loss = 0.207  adv prob = 0.008025   acc = 0.911
  gold_label_random = 2, sentence2_has_negation = 0  [n = 281]:	loss = 0.253  exp loss = 0.229  adjusted loss = 0.229  adv prob = 0.443420   acc = 0.907
  gold_label_random = 2, sentence2_has_negation = 1  [n = 269]:	loss = 0.230  exp loss = 0.199  adjusted loss = 0.199  adv prob = 0.014905   acc = 0.907
Average incurred loss: 0.277  
Average sample loss: 0.282  
Average acc: 0.904  
  gold_label_random = 0, sentence2_has_negation = 0  [n = 287]:	loss = 0.281  exp loss = 0.357  adjusted loss = 0.357  adv prob = 0.226719   acc = 0.902
  gold_label_random = 0, sentence2_has_negation = 1  [n = 253]:	loss = 0.363  exp loss = 0.313  adjusted loss = 0.313  adv prob = 0.016932   acc = 0.881
  gold_label_random = 1, sentence2_has_negation = 0  [n = 236]:	loss = 0.192  exp loss = 0.250  adjusted loss = 0.250  adv prob = 0.286509   acc = 0.936
  gold_label_random = 1, sentence2_has_negation = 1  [n = 267]:	loss = 0.252  exp loss = 0.205  adjusted loss = 0.205  adv prob = 0.007857   acc = 0.933
  gold_label_random = 2, sentence2_has_negation = 0  [n = 262]:	loss = 0.320  exp loss = 0.332  adjusted loss = 0.332  adv prob = 0.447150   acc = 0.870
  gold_label_random = 2, sentence2_has_negation = 1  [n = 295]:	loss = 0.251  exp loss = 0.289  adjusted loss = 0.289  adv prob = 0.014832   acc = 0.905
Average incurred loss: 0.339  
Average sample loss: 0.304  
Average acc: 0.882  
  gold_label_random = 0, sentence2_has_negation = 0  [n = 264]:	loss = 0.322  exp loss = 0.360  adjusted loss = 0.360  adv prob = 0.228229   acc = 0.905
  gold_label_random = 0, sentence2_has_negation = 1  [n = 251]:	loss = 0.346  exp loss = 0.266  adjusted loss = 0.266  adv prob = 0.017284   acc = 0.876
  gold_label_random = 1, sentence2_has_negation = 0  [n = 269]:	loss = 0.362  exp loss = 0.271  adjusted loss = 0.271  adv prob = 0.291090   acc = 0.877
  gold_label_random = 1, sentence2_has_negation = 1  [n = 275]:	loss = 0.425  exp loss = 0.421  adjusted loss = 0.421  adv prob = 0.008248   acc = 0.851
  gold_label_random = 2, sentence2_has_negation = 0  [n = 269]:	loss = 0.315  exp loss = 0.249  adjusted loss = 0.249  adv prob = 0.440538   acc = 0.892
  gold_label_random = 2, sentence2_has_negation = 1  [n = 272]:	loss = 0.264  exp loss = 0.193  adjusted loss = 0.193  adv prob = 0.014611   acc = 0.893
Average incurred loss: 0.306  
Average sample loss: 0.321  
Average acc: 0.900  
  gold_label_random = 0, sentence2_has_negation = 0  [n = 256]:	loss = 0.265  exp loss = 0.262  adjusted loss = 0.262  adv prob = 0.223794   acc = 0.926
  gold_label_random = 0, sentence2_has_negation = 1  [n = 286]:	loss = 0.311  exp loss = 0.330  adjusted loss = 0.330  adv prob = 0.017131   acc = 0.902
  gold_label_random = 1, sentence2_has_negation = 0  [n = 287]:	loss = 0.344  exp loss = 0.312  adjusted loss = 0.312  adv prob = 0.292351   acc = 0.889
  gold_label_random = 1, sentence2_has_negation = 1  [n = 239]:	loss = 0.307  exp loss = 0.274  adjusted loss = 0.274  adv prob = 0.008134   acc = 0.904
  gold_label_random = 2, sentence2_has_negation = 0  [n = 269]:	loss = 0.355  exp loss = 0.337  adjusted loss = 0.337  adv prob = 0.444540   acc = 0.881
  gold_label_random = 2, sentence2_has_negation = 1  [n = 263]:	loss = 0.248  exp loss = 0.248  adjusted loss = 0.248  adv prob = 0.014049   acc = 0.901
Average incurred loss: 0.289  
Average sample loss: 0.328  
Average acc: 0.896  
  gold_label_random = 0, sentence2_has_negation = 0  [n = 263]:	loss = 0.365  exp loss = 0.195  adjusted loss = 0.195  adv prob = 0.228062   acc = 0.882
  gold_label_random = 0, sentence2_has_negation = 1  [n = 288]:	loss = 0.262  exp loss = 0.215  adjusted loss = 0.215  adv prob = 0.016691   acc = 0.889
  gold_label_random = 1, sentence2_has_negation = 0  [n = 283]:	loss = 0.250  exp loss = 0.231  adjusted loss = 0.231  adv prob = 0.283009   acc = 0.922
  gold_label_random = 1, sentence2_has_negation = 1  [n = 278]:	loss = 0.308  exp loss = 0.345  adjusted loss = 0.345  adv prob = 0.008080   acc = 0.910
  gold_label_random = 2, sentence2_has_negation = 0  [n = 257]:	loss = 0.312  exp loss = 0.281  adjusted loss = 0.281  adv prob = 0.450632   acc = 0.868
  gold_label_random = 2, sentence2_has_negation = 1  [n = 231]:	loss = 0.237  exp loss = 0.176  adjusted loss = 0.176  adv prob = 0.013525   acc = 0.905
Average incurred loss: 0.272  
Average sample loss: 0.260  
Average acc: 0.908  
  gold_label_random = 0, sentence2_has_negation = 0  [n = 272]:	loss = 0.281  exp loss = 0.392  adjusted loss = 0.392  adv prob = 0.226146   acc = 0.908
  gold_label_random = 0, sentence2_has_negation = 1  [n = 261]:	loss = 0.302  exp loss = 0.347  adjusted loss = 0.347  adv prob = 0.016864   acc = 0.908
  gold_label_random = 1, sentence2_has_negation = 0  [n = 286]:	loss = 0.268  exp loss = 0.331  adjusted loss = 0.331  adv prob = 0.281817   acc = 0.899
  gold_label_random = 1, sentence2_has_negation = 1  [n = 240]:	loss = 0.333  exp loss = 0.379  adjusted loss = 0.379  adv prob = 0.008646   acc = 0.900
  gold_label_random = 2, sentence2_has_negation = 0  [n = 267]:	loss = 0.222  exp loss = 0.405  adjusted loss = 0.405  adv prob = 0.453228   acc = 0.918
  gold_label_random = 2, sentence2_has_negation = 1  [n = 274]:	loss = 0.231  exp loss = 0.216  adjusted loss = 0.216  adv prob = 0.013299   acc = 0.916
Average incurred loss: 0.286  
Average sample loss: 0.292  
Average acc: 0.901  
  gold_label_random = 0, sentence2_has_negation = 0  [n = 246]:	loss = 0.220  exp loss = 0.256  adjusted loss = 0.256  adv prob = 0.215368   acc = 0.935
  gold_label_random = 0, sentence2_has_negation = 1  [n = 260]:	loss = 0.205  exp loss = 0.269  adjusted loss = 0.269  adv prob = 0.015945   acc = 0.923
  gold_label_random = 1, sentence2_has_negation = 0  [n = 283]:	loss = 0.288  exp loss = 0.234  adjusted loss = 0.234  adv prob = 0.281471   acc = 0.915
  gold_label_random = 1, sentence2_has_negation = 1  [n = 265]:	loss = 0.376  exp loss = 0.383  adjusted loss = 0.383  adv prob = 0.009003   acc = 0.875
  gold_label_random = 2, sentence2_has_negation = 0  [n = 276]:	loss = 0.356  exp loss = 0.377  adjusted loss = 0.377  adv prob = 0.465119   acc = 0.870
  gold_label_random = 2, sentence2_has_negation = 1  [n = 270]:	loss = 0.263  exp loss = 0.228  adjusted loss = 0.228  adv prob = 0.013096   acc = 0.889
Average incurred loss: 0.307  
Average sample loss: 0.303  
Average acc: 0.896  
  gold_label_random = 0, sentence2_has_negation = 0  [n = 294]:	loss = 0.328  exp loss = 0.332  adjusted loss = 0.332  adv prob = 0.215376   acc = 0.901
  gold_label_random = 0, sentence2_has_negation = 1  [n = 257]:	loss = 0.398  exp loss = 0.303  adjusted loss = 0.303  adv prob = 0.016575   acc = 0.887
  gold_label_random = 1, sentence2_has_negation = 0  [n = 272]:	loss = 0.281  exp loss = 0.199  adjusted loss = 0.199  adv prob = 0.278315   acc = 0.904
  gold_label_random = 1, sentence2_has_negation = 1  [n = 262]:	loss = 0.273  exp loss = 0.313  adjusted loss = 0.313  adv prob = 0.008915   acc = 0.924
  gold_label_random = 2, sentence2_has_negation = 0  [n = 255]:	loss = 0.293  exp loss = 0.450  adjusted loss = 0.450  adv prob = 0.467872   acc = 0.878
  gold_label_random = 2, sentence2_has_negation = 1  [n = 260]:	loss = 0.270  exp loss = 0.224  adjusted loss = 0.224  adv prob = 0.012947   acc = 0.881
Average incurred loss: 0.327  
Average sample loss: 0.321  
Average acc: 0.887  
  gold_label_random = 0, sentence2_has_negation = 0  [n = 274]:	loss = 0.469  exp loss = 0.405  adjusted loss = 0.405  adv prob = 0.227909   acc = 0.843
  gold_label_random = 0, sentence2_has_negation = 1  [n = 290]:	loss = 0.293  exp loss = 0.305  adjusted loss = 0.305  adv prob = 0.016304   acc = 0.914
  gold_label_random = 1, sentence2_has_negation = 0  [n = 266]:	loss = 0.334  exp loss = 0.323  adjusted loss = 0.323  adv prob = 0.278212   acc = 0.883
  gold_label_random = 1, sentence2_has_negation = 1  [n = 238]:	loss = 0.292  exp loss = 0.171  adjusted loss = 0.171  adv prob = 0.008837   acc = 0.899
  gold_label_random = 2, sentence2_has_negation = 0  [n = 258]:	loss = 0.269  exp loss = 0.326  adjusted loss = 0.326  adv prob = 0.455884   acc = 0.884
  gold_label_random = 2, sentence2_has_negation = 1  [n = 274]:	loss = 0.301  exp loss = 0.393  adjusted loss = 0.393  adv prob = 0.012854   acc = 0.898
Average incurred loss: 0.339  
Average sample loss: 0.358  
Average acc: 0.891  
  gold_label_random = 0, sentence2_has_negation = 0  [n = 266]:	loss = 0.376  exp loss = 0.333  adjusted loss = 0.333  adv prob = 0.228341   acc = 0.891
  gold_label_random = 0, sentence2_has_negation = 1  [n = 281]:	loss = 0.274  exp loss = 0.287  adjusted loss = 0.287  adv prob = 0.015606   acc = 0.900
  gold_label_random = 1, sentence2_has_negation = 0  [n = 226]:	loss = 0.264  exp loss = 0.245  adjusted loss = 0.245  adv prob = 0.265606   acc = 0.925
  gold_label_random = 1, sentence2_has_negation = 1  [n = 275]:	loss = 0.376  exp loss = 0.475  adjusted loss = 0.475  adv prob = 0.008965   acc = 0.884
  gold_label_random = 2, sentence2_has_negation = 0  [n = 276]:	loss = 0.383  exp loss = 0.283  adjusted loss = 0.283  adv prob = 0.468665   acc = 0.880
  gold_label_random = 2, sentence2_has_negation = 1  [n = 276]:	loss = 0.351  exp loss = 0.238  adjusted loss = 0.238  adv prob = 0.012817   acc = 0.873
Average incurred loss: 0.286  
Average sample loss: 0.301  
Average acc: 0.896  
  gold_label_random = 0, sentence2_has_negation = 0  [n = 251]:	loss = 0.278  exp loss = 0.148  adjusted loss = 0.148  adv prob = 0.229202   acc = 0.900
  gold_label_random = 0, sentence2_has_negation = 1  [n = 280]:	loss = 0.231  exp loss = 0.238  adjusted loss = 0.238  adv prob = 0.015098   acc = 0.911
  gold_label_random = 1, sentence2_has_negation = 0  [n = 292]:	loss = 0.305  exp loss = 0.331  adjusted loss = 0.331  adv prob = 0.269490   acc = 0.904
  gold_label_random = 1, sentence2_has_negation = 1  [n = 287]:	loss = 0.359  exp loss = 0.336  adjusted loss = 0.336  adv prob = 0.009444   acc = 0.892
  gold_label_random = 2, sentence2_has_negation = 0  [n = 246]:	loss = 0.282  exp loss = 0.315  adjusted loss = 0.315  adv prob = 0.464272   acc = 0.890
  gold_label_random = 2, sentence2_has_negation = 1  [n = 244]:	loss = 0.251  exp loss = 0.265  adjusted loss = 0.265  adv prob = 0.012494   acc = 0.877
Average incurred loss: 0.248  
Average sample loss: 0.301  
Average acc: 0.921  
  gold_label_random = 0, sentence2_has_negation = 0  [n = 290]:	loss = 0.316  exp loss = 0.384  adjusted loss = 0.384  adv prob = 0.228417   acc = 0.903
  gold_label_random = 0, sentence2_has_negation = 1  [n = 263]:	loss = 0.162  exp loss = 0.139  adjusted loss = 0.139  adv prob = 0.013985   acc = 0.951
  gold_label_random = 1, sentence2_has_negation = 0  [n = 259]:	loss = 0.308  exp loss = 0.174  adjusted loss = 0.174  adv prob = 0.272954   acc = 0.915
  gold_label_random = 1, sentence2_has_negation = 1  [n = 281]:	loss = 0.189  exp loss = 0.131  adjusted loss = 0.131  adv prob = 0.008921   acc = 0.929
  gold_label_random = 2, sentence2_has_negation = 0  [n = 254]:	loss = 0.289  exp loss = 0.494  adjusted loss = 0.494  adv prob = 0.463675   acc = 0.886
  gold_label_random = 2, sentence2_has_negation = 1  [n = 253]:	loss = 0.222  exp loss = 0.182  adjusted loss = 0.182  adv prob = 0.012048   acc = 0.941
Average incurred loss: 0.302  
Average sample loss: 0.268  
Average acc: 0.892  
  gold_label_random = 0, sentence2_has_negation = 0  [n = 263]:	loss = 0.294  exp loss = 0.149  adjusted loss = 0.149  adv prob = 0.226947   acc = 0.909
  gold_label_random = 0, sentence2_has_negation = 1  [n = 282]:	loss = 0.376  exp loss = 0.342  adjusted loss = 0.342  adv prob = 0.014719   acc = 0.862
  gold_label_random = 1, sentence2_has_negation = 0  [n = 257]:	loss = 0.277  exp loss = 0.241  adjusted loss = 0.241  adv prob = 0.269627   acc = 0.907
  gold_label_random = 1, sentence2_has_negation = 1  [n = 269]:	loss = 0.286  exp loss = 0.287  adjusted loss = 0.287  adv prob = 0.009056   acc = 0.903
  gold_label_random = 2, sentence2_has_negation = 0  [n = 263]:	loss = 0.286  exp loss = 0.254  adjusted loss = 0.254  adv prob = 0.467669   acc = 0.897
  gold_label_random = 2, sentence2_has_negation = 1  [n = 266]:	loss = 0.287  exp loss = 0.242  adjusted loss = 0.242  adv prob = 0.011982   acc = 0.880
Average incurred loss: 0.282  
Average sample loss: 0.253  
Average acc: 0.904  
  gold_label_random = 0, sentence2_has_negation = 0  [n = 272]:	loss = 0.302  exp loss = 0.266  adjusted loss = 0.266  adv prob = 0.232929   acc = 0.912
  gold_label_random = 0, sentence2_has_negation = 1  [n = 274]:	loss = 0.305  exp loss = 0.286  adjusted loss = 0.286  adv prob = 0.015071   acc = 0.887
  gold_label_random = 1, sentence2_has_negation = 0  [n = 255]:	loss = 0.267  exp loss = 0.231  adjusted loss = 0.231  adv prob = 0.268895   acc = 0.918
  gold_label_random = 1, sentence2_has_negation = 1  [n = 283]:	loss = 0.281  exp loss = 0.375  adjusted loss = 0.375  adv prob = 0.009346   acc = 0.912
  gold_label_random = 2, sentence2_has_negation = 0  [n = 266]:	loss = 0.245  exp loss = 0.309  adjusted loss = 0.309  adv prob = 0.461676   acc = 0.906
  gold_label_random = 2, sentence2_has_negation = 1  [n = 250]:	loss = 0.289  exp loss = 0.261  adjusted loss = 0.261  adv prob = 0.012083   acc = 0.888
Average incurred loss: 0.246  
Average sample loss: 0.239  
Average acc: 0.914  
  gold_label_random = 0, sentence2_has_negation = 0  [n = 268]:	loss = 0.290  exp loss = 0.444  adjusted loss = 0.444  adv prob = 0.239615   acc = 0.896
  gold_label_random = 0, sentence2_has_negation = 1  [n = 281]:	loss = 0.203  exp loss = 0.153  adjusted loss = 0.153  adv prob = 0.014923   acc = 0.929
  gold_label_random = 1, sentence2_has_negation = 0  [n = 280]:	loss = 0.229  exp loss = 0.276  adjusted loss = 0.276  adv prob = 0.267427   acc = 0.932
  gold_label_random = 1, sentence2_has_negation = 1  [n = 260]:	loss = 0.270  exp loss = 0.245  adjusted loss = 0.245  adv prob = 0.009441   acc = 0.919
  gold_label_random = 2, sentence2_has_negation = 0  [n = 251]:	loss = 0.238  exp loss = 0.172  adjusted loss = 0.172  adv prob = 0.456531   acc = 0.916
  gold_label_random = 2, sentence2_has_negation = 1  [n = 260]:	loss = 0.252  exp loss = 0.230  adjusted loss = 0.230  adv prob = 0.012063   acc = 0.892
Average incurred loss: 0.295  
Average sample loss: 0.282  
Average acc: 0.896  
  gold_label_random = 0, sentence2_has_negation = 0  [n = 270]:	loss = 0.356  exp loss = 0.312  adjusted loss = 0.312  adv prob = 0.246617   acc = 0.878
  gold_label_random = 0, sentence2_has_negation = 1  [n = 236]:	loss = 0.209  exp loss = 0.257  adjusted loss = 0.257  adv prob = 0.014134   acc = 0.911
  gold_label_random = 1, sentence2_has_negation = 0  [n = 286]:	loss = 0.284  exp loss = 0.160  adjusted loss = 0.160  adv prob = 0.264975   acc = 0.923
  gold_label_random = 1, sentence2_has_negation = 1  [n = 260]:	loss = 0.353  exp loss = 0.360  adjusted loss = 0.360  adv prob = 0.009726   acc = 0.881
  gold_label_random = 2, sentence2_has_negation = 0  [n = 273]:	loss = 0.244  exp loss = 0.225  adjusted loss = 0.225  adv prob = 0.452300   acc = 0.901
  gold_label_random = 2, sentence2_has_negation = 1  [n = 275]:	loss = 0.315  exp loss = 0.334  adjusted loss = 0.334  adv prob = 0.012248   acc = 0.880
Average incurred loss: 0.304  
Average sample loss: 0.309  
Average acc: 0.905  
  gold_label_random = 0, sentence2_has_negation = 0  [n = 257]:	loss = 0.428  exp loss = 0.351  adjusted loss = 0.351  adv prob = 0.256993   acc = 0.875
  gold_label_random = 0, sentence2_has_negation = 1  [n = 274]:	loss = 0.380  exp loss = 0.439  adjusted loss = 0.439  adv prob = 0.014583   acc = 0.865
  gold_label_random = 1, sentence2_has_negation = 0  [n = 247]:	loss = 0.308  exp loss = 0.292  adjusted loss = 0.292  adv prob = 0.266754   acc = 0.903
  gold_label_random = 1, sentence2_has_negation = 1  [n = 290]:	loss = 0.280  exp loss = 0.313  adjusted loss = 0.313  adv prob = 0.009617   acc = 0.934
  gold_label_random = 2, sentence2_has_negation = 0  [n = 284]:	loss = 0.246  exp loss = 0.262  adjusted loss = 0.262  adv prob = 0.440610   acc = 0.908
  gold_label_random = 2, sentence2_has_negation = 1  [n = 248]:	loss = 0.184  exp loss = 0.168  adjusted loss = 0.168  adv prob = 0.011443   acc = 0.944
Average incurred loss: 0.252  
Average sample loss: 0.253  
Average acc: 0.911  
  gold_label_random = 0, sentence2_has_negation = 0  [n = 241]:	loss = 0.236  exp loss = 0.419  adjusted loss = 0.419  adv prob = 0.255508   acc = 0.921
  gold_label_random = 0, sentence2_has_negation = 1  [n = 243]:	loss = 0.216  exp loss = 0.358  adjusted loss = 0.358  adv prob = 0.014574   acc = 0.918
  gold_label_random = 1, sentence2_has_negation = 0  [n = 315]:	loss = 0.267  exp loss = 0.217  adjusted loss = 0.217  adv prob = 0.268115   acc = 0.924
  gold_label_random = 1, sentence2_has_negation = 1  [n = 275]:	loss = 0.206  exp loss = 0.192  adjusted loss = 0.192  adv prob = 0.009346   acc = 0.924
  gold_label_random = 2, sentence2_has_negation = 0  [n = 251]:	loss = 0.257  exp loss = 0.233  adjusted loss = 0.233  adv prob = 0.440252   acc = 0.900
  gold_label_random = 2, sentence2_has_negation = 1  [n = 275]:	loss = 0.323  exp loss = 0.429  adjusted loss = 0.429  adv prob = 0.012205   acc = 0.880
Average incurred loss: 0.297  
Average sample loss: 0.299  
Average acc: 0.905  
  gold_label_random = 0, sentence2_has_negation = 0  [n = 294]:	loss = 0.256  exp loss = 0.189  adjusted loss = 0.189  adv prob = 0.250405   acc = 0.929
  gold_label_random = 0, sentence2_has_negation = 1  [n = 263]:	loss = 0.327  exp loss = 0.417  adjusted loss = 0.417  adv prob = 0.014914   acc = 0.886
  gold_label_random = 1, sentence2_has_negation = 0  [n = 256]:	loss = 0.306  exp loss = 0.294  adjusted loss = 0.294  adv prob = 0.268095   acc = 0.910
  gold_label_random = 1, sentence2_has_negation = 1  [n = 282]:	loss = 0.322  exp loss = 0.434  adjusted loss = 0.434  adv prob = 0.009589   acc = 0.911
  gold_label_random = 2, sentence2_has_negation = 0  [n = 243]:	loss = 0.324  exp loss = 0.468  adjusted loss = 0.468  adv prob = 0.445153   acc = 0.877
  gold_label_random = 2, sentence2_has_negation = 1  [n = 262]:	loss = 0.249  exp loss = 0.154  adjusted loss = 0.154  adv prob = 0.011845   acc = 0.912
Average incurred loss: 0.329  
Average sample loss: 0.349  
Average acc: 0.892  
  gold_label_random = 0, sentence2_has_negation = 0  [n = 276]:	loss = 0.331  exp loss = 0.327  adjusted loss = 0.327  adv prob = 0.248818   acc = 0.891
  gold_label_random = 0, sentence2_has_negation = 1  [n = 259]:	loss = 0.352  exp loss = 0.559  adjusted loss = 0.559  adv prob = 0.015302   acc = 0.888
  gold_label_random = 1, sentence2_has_negation = 0  [n = 254]:	loss = 0.335  exp loss = 0.280  adjusted loss = 0.280  adv prob = 0.264253   acc = 0.890
  gold_label_random = 1, sentence2_has_negation = 1  [n = 283]:	loss = 0.293  exp loss = 0.296  adjusted loss = 0.296  adv prob = 0.009252   acc = 0.926
  gold_label_random = 2, sentence2_has_negation = 0  [n = 267]:	loss = 0.375  exp loss = 0.430  adjusted loss = 0.430  adv prob = 0.450899   acc = 0.861
  gold_label_random = 2, sentence2_has_negation = 1  [n = 261]:	loss = 0.289  exp loss = 0.368  adjusted loss = 0.368  adv prob = 0.011477   acc = 0.893
Average incurred loss: 0.261  
Average sample loss: 0.276  
Average acc: 0.913  
  gold_label_random = 0, sentence2_has_negation = 0  [n = 281]:	loss = 0.225  exp loss = 0.186  adjusted loss = 0.186  adv prob = 0.249686   acc = 0.915
  gold_label_random = 0, sentence2_has_negation = 1  [n = 250]:	loss = 0.140  exp loss = 0.163  adjusted loss = 0.163  adv prob = 0.014406   acc = 0.960
  gold_label_random = 1, sentence2_has_negation = 0  [n = 270]:	loss = 0.319  exp loss = 0.340  adjusted loss = 0.340  adv prob = 0.272310   acc = 0.904
  gold_label_random = 1, sentence2_has_negation = 1  [n = 288]:	loss = 0.295  exp loss = 0.342  adjusted loss = 0.342  adv prob = 0.009368   acc = 0.903
  gold_label_random = 2, sentence2_has_negation = 0  [n = 260]:	loss = 0.241  exp loss = 0.171  adjusted loss = 0.171  adv prob = 0.442471   acc = 0.919
  gold_label_random = 2, sentence2_has_negation = 1  [n = 251]:	loss = 0.343  exp loss = 0.262  adjusted loss = 0.262  adv prob = 0.011758   acc = 0.880
Average incurred loss: 0.326  
Average sample loss: 0.350  
Average acc: 0.891  
  gold_label_random = 0, sentence2_has_negation = 0  [n = 276]:	loss = 0.320  exp loss = 0.306  adjusted loss = 0.306  adv prob = 0.242765   acc = 0.895
  gold_label_random = 0, sentence2_has_negation = 1  [n = 288]:	loss = 0.278  exp loss = 0.259  adjusted loss = 0.259  adv prob = 0.013804   acc = 0.910
  gold_label_random = 1, sentence2_has_negation = 0  [n = 261]:	loss = 0.413  exp loss = 0.436  adjusted loss = 0.436  adv prob = 0.279802   acc = 0.877
  gold_label_random = 1, sentence2_has_negation = 1  [n = 234]:	loss = 0.264  exp loss = 0.562  adjusted loss = 0.562  adv prob = 0.009123   acc = 0.919
  gold_label_random = 2, sentence2_has_negation = 0  [n = 270]:	loss = 0.375  exp loss = 0.342  adjusted loss = 0.342  adv prob = 0.442932   acc = 0.863
  gold_label_random = 2, sentence2_has_negation = 1  [n = 271]:	loss = 0.302  exp loss = 0.308  adjusted loss = 0.308  adv prob = 0.011573   acc = 0.882
Average incurred loss: 0.290  
Average sample loss: 0.297  
Average acc: 0.903  
  gold_label_random = 0, sentence2_has_negation = 0  [n = 301]:	loss = 0.286  exp loss = 0.232  adjusted loss = 0.232  adv prob = 0.240315   acc = 0.897
  gold_label_random = 0, sentence2_has_negation = 1  [n = 264]:	loss = 0.202  exp loss = 0.128  adjusted loss = 0.128  adv prob = 0.013099   acc = 0.917
  gold_label_random = 1, sentence2_has_negation = 0  [n = 248]:	loss = 0.323  exp loss = 0.221  adjusted loss = 0.221  adv prob = 0.284502   acc = 0.887
  gold_label_random = 1, sentence2_has_negation = 1  [n = 255]:	loss = 0.300  exp loss = 0.266  adjusted loss = 0.266  adv prob = 0.008997   acc = 0.922
  gold_label_random = 2, sentence2_has_negation = 0  [n = 267]:	loss = 0.284  exp loss = 0.334  adjusted loss = 0.334  adv prob = 0.441119   acc = 0.918
  gold_label_random = 2, sentence2_has_negation = 1  [n = 265]:	loss = 0.350  exp loss = 0.429  adjusted loss = 0.429  adv prob = 0.011967   acc = 0.879
Average incurred loss: 0.276  
Average sample loss: 0.276  
Average acc: 0.907  
  gold_label_random = 0, sentence2_has_negation = 0  [n = 263]:	loss = 0.341  exp loss = 0.360  adjusted loss = 0.360  adv prob = 0.252321   acc = 0.882
  gold_label_random = 0, sentence2_has_negation = 1  [n = 269]:	loss = 0.316  exp loss = 0.426  adjusted loss = 0.426  adv prob = 0.013489   acc = 0.892
  gold_label_random = 1, sentence2_has_negation = 0  [n = 281]:	loss = 0.220  exp loss = 0.245  adjusted loss = 0.245  adv prob = 0.274979   acc = 0.915
  gold_label_random = 1, sentence2_has_negation = 1  [n = 251]:	loss = 0.235  exp loss = 0.203  adjusted loss = 0.203  adv prob = 0.008792   acc = 0.928
  gold_label_random = 2, sentence2_has_negation = 0  [n = 262]:	loss = 0.276  exp loss = 0.244  adjusted loss = 0.244  adv prob = 0.438414   acc = 0.912
  gold_label_random = 2, sentence2_has_negation = 1  [n = 274]:	loss = 0.269  exp loss = 0.158  adjusted loss = 0.158  adv prob = 0.012006   acc = 0.916
Average incurred loss: 0.325  
Average sample loss: 0.315  
Average acc: 0.891  
  gold_label_random = 0, sentence2_has_negation = 0  [n = 278]:	loss = 0.365  exp loss = 0.429  adjusted loss = 0.429  adv prob = 0.260003   acc = 0.878
  gold_label_random = 0, sentence2_has_negation = 1  [n = 232]:	loss = 0.463  exp loss = 0.371  adjusted loss = 0.371  adv prob = 0.014454   acc = 0.853
  gold_label_random = 1, sentence2_has_negation = 0  [n = 265]:	loss = 0.251  exp loss = 0.153  adjusted loss = 0.153  adv prob = 0.265654   acc = 0.917
  gold_label_random = 1, sentence2_has_negation = 1  [n = 288]:	loss = 0.282  exp loss = 0.307  adjusted loss = 0.307  adv prob = 0.008690   acc = 0.924
  gold_label_random = 2, sentence2_has_negation = 0  [n = 268]:	loss = 0.319  exp loss = 0.235  adjusted loss = 0.235  adv prob = 0.439503   acc = 0.877
  gold_label_random = 2, sentence2_has_negation = 1  [n = 269]:	loss = 0.291  exp loss = 0.204  adjusted loss = 0.204  adv prob = 0.011696   acc = 0.888
Average incurred loss: 0.301  
Average sample loss: 0.293  
Average acc: 0.897  
  gold_label_random = 0, sentence2_has_negation = 0  [n = 278]:	loss = 0.349  exp loss = 0.313  adjusted loss = 0.313  adv prob = 0.269723   acc = 0.892
  gold_label_random = 0, sentence2_has_negation = 1  [n = 257]:	loss = 0.323  exp loss = 0.645  adjusted loss = 0.645  adv prob = 0.015074   acc = 0.891
  gold_label_random = 1, sentence2_has_negation = 0  [n = 267]:	loss = 0.300  exp loss = 0.216  adjusted loss = 0.216  adv prob = 0.262811   acc = 0.895
  gold_label_random = 1, sentence2_has_negation = 1  [n = 256]:	loss = 0.281  exp loss = 0.293  adjusted loss = 0.293  adv prob = 0.008729   acc = 0.918
  gold_label_random = 2, sentence2_has_negation = 0  [n = 282]:	loss = 0.262  exp loss = 0.174  adjusted loss = 0.174  adv prob = 0.432047   acc = 0.897
  gold_label_random = 2, sentence2_has_negation = 1  [n = 260]:	loss = 0.292  exp loss = 0.246  adjusted loss = 0.246  adv prob = 0.011617   acc = 0.892
Average incurred loss: 0.271  
Average sample loss: 0.267  
Average acc: 0.904  
  gold_label_random = 0, sentence2_has_negation = 0  [n = 249]:	loss = 0.292  exp loss = 0.396  adjusted loss = 0.396  adv prob = 0.270638   acc = 0.908
  gold_label_random = 0, sentence2_has_negation = 1  [n = 281]:	loss = 0.247  exp loss = 0.241  adjusted loss = 0.241  adv prob = 0.014789   acc = 0.922
  gold_label_random = 1, sentence2_has_negation = 0  [n = 277]:	loss = 0.240  exp loss = 0.291  adjusted loss = 0.291  adv prob = 0.263686   acc = 0.910
  gold_label_random = 1, sentence2_has_negation = 1  [n = 272]:	loss = 0.227  exp loss = 0.107  adjusted loss = 0.107  adv prob = 0.008583   acc = 0.926
  gold_label_random = 2, sentence2_has_negation = 0  [n = 245]:	loss = 0.284  exp loss = 0.235  adjusted loss = 0.235  adv prob = 0.430365   acc = 0.886
  gold_label_random = 2, sentence2_has_negation = 1  [n = 276]:	loss = 0.339  exp loss = 0.312  adjusted loss = 0.312  adv prob = 0.011939   acc = 0.873
Average incurred loss: 0.280  
Average sample loss: 0.294  
Average acc: 0.901  
  gold_label_random = 0, sentence2_has_negation = 0  [n = 251]:	loss = 0.268  exp loss = 0.224  adjusted loss = 0.224  adv prob = 0.263504   acc = 0.892
  gold_label_random = 0, sentence2_has_negation = 1  [n = 250]:	loss = 0.246  exp loss = 0.225  adjusted loss = 0.225  adv prob = 0.014308   acc = 0.916
  gold_label_random = 1, sentence2_has_negation = 0  [n = 274]:	loss = 0.314  exp loss = 0.500  adjusted loss = 0.500  adv prob = 0.269784   acc = 0.894
  gold_label_random = 1, sentence2_has_negation = 1  [n = 259]:	loss = 0.230  exp loss = 0.197  adjusted loss = 0.197  adv prob = 0.008341   acc = 0.927
  gold_label_random = 2, sentence2_has_negation = 0  [n = 287]:	loss = 0.313  exp loss = 0.354  adjusted loss = 0.354  adv prob = 0.432038   acc = 0.889
  gold_label_random = 2, sentence2_has_negation = 1  [n = 279]:	loss = 0.300  exp loss = 0.319  adjusted loss = 0.319  adv prob = 0.012026   acc = 0.889
Average incurred loss: 0.291  
Average sample loss: 0.266  
Average acc: 0.904  
  gold_label_random = 0, sentence2_has_negation = 0  [n = 283]:	loss = 0.301  exp loss = 0.316  adjusted loss = 0.316  adv prob = 0.266543   acc = 0.894
  gold_label_random = 0, sentence2_has_negation = 1  [n = 263]:	loss = 0.311  exp loss = 0.278  adjusted loss = 0.278  adv prob = 0.014860   acc = 0.894
  gold_label_random = 1, sentence2_has_negation = 0  [n = 263]:	loss = 0.211  exp loss = 0.253  adjusted loss = 0.253  adv prob = 0.260233   acc = 0.932
  gold_label_random = 1, sentence2_has_negation = 1  [n = 251]:	loss = 0.345  exp loss = 0.591  adjusted loss = 0.591  adv prob = 0.008661   acc = 0.916
  gold_label_random = 2, sentence2_has_negation = 0  [n = 271]:	loss = 0.268  exp loss = 0.297  adjusted loss = 0.297  adv prob = 0.437477   acc = 0.900
  gold_label_random = 2, sentence2_has_negation = 1  [n = 269]:	loss = 0.310  exp loss = 0.295  adjusted loss = 0.295  adv prob = 0.012226   acc = 0.888
Average incurred loss: 0.287  
Average sample loss: 0.316  
Average acc: 0.905  
  gold_label_random = 0, sentence2_has_negation = 0  [n = 285]:	loss = 0.243  exp loss = 0.182  adjusted loss = 0.182  adv prob = 0.254756   acc = 0.912
  gold_label_random = 0, sentence2_has_negation = 1  [n = 282]:	loss = 0.217  exp loss = 0.283  adjusted loss = 0.283  adv prob = 0.014101   acc = 0.936
  gold_label_random = 1, sentence2_has_negation = 0  [n = 269]:	loss = 0.329  exp loss = 0.367  adjusted loss = 0.367  adv prob = 0.262612   acc = 0.888
  gold_label_random = 1, sentence2_has_negation = 1  [n = 248]:	loss = 0.316  exp loss = 0.274  adjusted loss = 0.274  adv prob = 0.008543   acc = 0.927
  gold_label_random = 2, sentence2_has_negation = 0  [n = 276]:	loss = 0.358  exp loss = 0.312  adjusted loss = 0.312  adv prob = 0.448208   acc = 0.873
  gold_label_random = 2, sentence2_has_negation = 1  [n = 240]:	loss = 0.267  exp loss = 0.249  adjusted loss = 0.249  adv prob = 0.011779   acc = 0.892
Average incurred loss: 0.291  
Average sample loss: 0.314  
Average acc: 0.904  
  gold_label_random = 0, sentence2_has_negation = 0  [n = 271]:	loss = 0.354  exp loss = 0.249  adjusted loss = 0.249  adv prob = 0.258820   acc = 0.897
  gold_label_random = 0, sentence2_has_negation = 1  [n = 271]:	loss = 0.213  exp loss = 0.360  adjusted loss = 0.360  adv prob = 0.013616   acc = 0.919
  gold_label_random = 1, sentence2_has_negation = 0  [n = 271]:	loss = 0.313  exp loss = 0.324  adjusted loss = 0.324  adv prob = 0.260537   acc = 0.900
  gold_label_random = 1, sentence2_has_negation = 1  [n = 270]:	loss = 0.218  exp loss = 0.370  adjusted loss = 0.370  adv prob = 0.008301   acc = 0.944
  gold_label_random = 2, sentence2_has_negation = 0  [n = 266]:	loss = 0.308  exp loss = 0.303  adjusted loss = 0.303  adv prob = 0.446636   acc = 0.895
  gold_label_random = 2, sentence2_has_negation = 1  [n = 251]:	loss = 0.344  exp loss = 0.357  adjusted loss = 0.357  adv prob = 0.012090   acc = 0.865
Average incurred loss: 0.278  
Average sample loss: 0.266  
Average acc: 0.908  
  gold_label_random = 0, sentence2_has_negation = 0  [n = 249]:	loss = 0.233  exp loss = 0.177  adjusted loss = 0.177  adv prob = 0.256296   acc = 0.928
  gold_label_random = 0, sentence2_has_negation = 1  [n = 280]:	loss = 0.303  exp loss = 0.258  adjusted loss = 0.258  adv prob = 0.013861   acc = 0.900
  gold_label_random = 1, sentence2_has_negation = 0  [n = 272]:	loss = 0.316  exp loss = 0.261  adjusted loss = 0.261  adv prob = 0.267314   acc = 0.912
  gold_label_random = 1, sentence2_has_negation = 1  [n = 270]:	loss = 0.299  exp loss = 0.157  adjusted loss = 0.157  adv prob = 0.008348   acc = 0.907
  gold_label_random = 2, sentence2_has_negation = 0  [n = 270]:	loss = 0.241  exp loss = 0.246  adjusted loss = 0.246  adv prob = 0.442124   acc = 0.904
  gold_label_random = 2, sentence2_has_negation = 1  [n = 259]:	loss = 0.272  exp loss = 0.240  adjusted loss = 0.240  adv prob = 0.012056   acc = 0.896
Average incurred loss: 0.295  
Average sample loss: 0.285  
Average acc: 0.895  
  gold_label_random = 0, sentence2_has_negation = 0  [n = 276]:	loss = 0.232  exp loss = 0.198  adjusted loss = 0.198  adv prob = 0.259174   acc = 0.928
  gold_label_random = 0, sentence2_has_negation = 1  [n = 297]:	loss = 0.294  exp loss = 0.400  adjusted loss = 0.400  adv prob = 0.013946   acc = 0.896
  gold_label_random = 1, sentence2_has_negation = 0  [n = 266]:	loss = 0.280  exp loss = 0.270  adjusted loss = 0.270  adv prob = 0.262950   acc = 0.902
  gold_label_random = 1, sentence2_has_negation = 1  [n = 276]:	loss = 0.302  exp loss = 0.316  adjusted loss = 0.316  adv prob = 0.008481   acc = 0.891
  gold_label_random = 2, sentence2_has_negation = 0  [n = 261]:	loss = 0.285  exp loss = 0.275  adjusted loss = 0.275  adv prob = 0.442939   acc = 0.900
  gold_label_random = 2, sentence2_has_negation = 1  [n = 224]:	loss = 0.395  exp loss = 0.278  adjusted loss = 0.278  adv prob = 0.012510   acc = 0.844
Average incurred loss: 0.288  
Average sample loss: 0.255  
Average acc: 0.896  
  gold_label_random = 0, sentence2_has_negation = 0  [n = 246]:	loss = 0.265  exp loss = 0.298  adjusted loss = 0.298  adv prob = 0.261590   acc = 0.915
  gold_label_random = 0, sentence2_has_negation = 1  [n = 264]:	loss = 0.271  exp loss = 0.174  adjusted loss = 0.174  adv prob = 0.013830   acc = 0.898
  gold_label_random = 1, sentence2_has_negation = 0  [n = 278]:	loss = 0.230  exp loss = 0.163  adjusted loss = 0.163  adv prob = 0.259035   acc = 0.924
  gold_label_random = 1, sentence2_has_negation = 1  [n = 268]:	loss = 0.289  exp loss = 0.240  adjusted loss = 0.240  adv prob = 0.008802   acc = 0.903
  gold_label_random = 2, sentence2_has_negation = 0  [n = 265]:	loss = 0.266  exp loss = 0.218  adjusted loss = 0.218  adv prob = 0.443354   acc = 0.894
  gold_label_random = 2, sentence2_has_negation = 1  [n = 279]:	loss = 0.402  exp loss = 0.257  adjusted loss = 0.257  adv prob = 0.013389   acc = 0.842
Average incurred loss: 0.253  
Average sample loss: 0.270  
Average acc: 0.913  
  gold_label_random = 0, sentence2_has_negation = 0  [n = 250]:	loss = 0.302  exp loss = 0.119  adjusted loss = 0.119  adv prob = 0.261850   acc = 0.908
  gold_label_random = 0, sentence2_has_negation = 1  [n = 280]:	loss = 0.282  exp loss = 0.273  adjusted loss = 0.273  adv prob = 0.013966   acc = 0.893
  gold_label_random = 1, sentence2_has_negation = 0  [n = 260]:	loss = 0.276  exp loss = 0.292  adjusted loss = 0.292  adv prob = 0.262048   acc = 0.892
  gold_label_random = 1, sentence2_has_negation = 1  [n = 280]:	loss = 0.202  exp loss = 0.191  adjusted loss = 0.191  adv prob = 0.008607   acc = 0.936
  gold_label_random = 2, sentence2_has_negation = 0  [n = 247]:	loss = 0.273  exp loss = 0.238  adjusted loss = 0.238  adv prob = 0.440702   acc = 0.907
  gold_label_random = 2, sentence2_has_negation = 1  [n = 283]:	loss = 0.193  exp loss = 0.163  adjusted loss = 0.163  adv prob = 0.012827   acc = 0.940
Average incurred loss: 0.287  
Average sample loss: 0.250  
Average acc: 0.902  
  gold_label_random = 0, sentence2_has_negation = 0  [n = 255]:	loss = 0.292  exp loss = 0.248  adjusted loss = 0.248  adv prob = 0.262414   acc = 0.902
  gold_label_random = 0, sentence2_has_negation = 1  [n = 272]:	loss = 0.289  exp loss = 0.301  adjusted loss = 0.301  adv prob = 0.014495   acc = 0.912
  gold_label_random = 1, sentence2_has_negation = 0  [n = 288]:	loss = 0.297  exp loss = 0.283  adjusted loss = 0.283  adv prob = 0.268923   acc = 0.896
  gold_label_random = 1, sentence2_has_negation = 1  [n = 264]:	loss = 0.302  exp loss = 0.276  adjusted loss = 0.276  adv prob = 0.008841   acc = 0.913
  gold_label_random = 2, sentence2_has_negation = 0  [n = 245]:	loss = 0.234  exp loss = 0.169  adjusted loss = 0.169  adv prob = 0.432033   acc = 0.902
  gold_label_random = 2, sentence2_has_negation = 1  [n = 276]:	loss = 0.300  exp loss = 0.309  adjusted loss = 0.309  adv prob = 0.013295   acc = 0.888
Average incurred loss: 0.265  
Average sample loss: 0.290  
Average acc: 0.907  
  gold_label_random = 0, sentence2_has_negation = 0  [n = 241]:	loss = 0.386  exp loss = 0.181  adjusted loss = 0.181  adv prob = 0.274951   acc = 0.876
  gold_label_random = 0, sentence2_has_negation = 1  [n = 253]:	loss = 0.234  exp loss = 0.313  adjusted loss = 0.313  adv prob = 0.014079   acc = 0.921
  gold_label_random = 1, sentence2_has_negation = 0  [n = 307]:	loss = 0.228  exp loss = 0.200  adjusted loss = 0.200  adv prob = 0.258617   acc = 0.928
  gold_label_random = 1, sentence2_has_negation = 1  [n = 258]:	loss = 0.184  exp loss = 0.163  adjusted loss = 0.163  adv prob = 0.008334   acc = 0.938
  gold_label_random = 2, sentence2_has_negation = 0  [n = 271]:	loss = 0.307  exp loss = 0.257  adjusted loss = 0.257  adv prob = 0.431010   acc = 0.882
  gold_label_random = 2, sentence2_has_negation = 1  [n = 270]:	loss = 0.262  exp loss = 0.213  adjusted loss = 0.213  adv prob = 0.013010   acc = 0.893
Average incurred loss: 0.334  
Average sample loss: 0.292  
Average acc: 0.883  
  gold_label_random = 0, sentence2_has_negation = 0  [n = 297]:	loss = 0.315  exp loss = 0.319  adjusted loss = 0.319  adv prob = 0.274776   acc = 0.906
  gold_label_random = 0, sentence2_has_negation = 1  [n = 260]:	loss = 0.402  exp loss = 0.402  adjusted loss = 0.402  adv prob = 0.015041   acc = 0.858
  gold_label_random = 1, sentence2_has_negation = 0  [n = 256]:	loss = 0.360  exp loss = 0.250  adjusted loss = 0.250  adv prob = 0.266313   acc = 0.883
  gold_label_random = 1, sentence2_has_negation = 1  [n = 287]:	loss = 0.326  exp loss = 0.224  adjusted loss = 0.224  adv prob = 0.008453   acc = 0.882
  gold_label_random = 2, sentence2_has_negation = 0  [n = 262]:	loss = 0.271  exp loss = 0.183  adjusted loss = 0.183  adv prob = 0.422427   acc = 0.912
  gold_label_random = 2, sentence2_has_negation = 1  [n = 238]:	loss = 0.332  exp loss = 0.354  adjusted loss = 0.354  adv prob = 0.012991   acc = 0.853
Average incurred loss: 0.296  
Average sample loss: 0.336  
Average acc: 0.904  
  gold_label_random = 0, sentence2_has_negation = 0  [n = 282]:	loss = 0.290  exp loss = 0.242  adjusted loss = 0.242  adv prob = 0.264848   acc = 0.904
  gold_label_random = 0, sentence2_has_negation = 1  [n = 266]:	loss = 0.221  exp loss = 0.180  adjusted loss = 0.180  adv prob = 0.014195   acc = 0.940
  gold_label_random = 1, sentence2_has_negation = 0  [n = 276]:	loss = 0.261  exp loss = 0.207  adjusted loss = 0.207  adv prob = 0.256808   acc = 0.920
  gold_label_random = 1, sentence2_has_negation = 1  [n = 255]:	loss = 0.233  exp loss = 0.252  adjusted loss = 0.252  adv prob = 0.008031   acc = 0.941
  gold_label_random = 2, sentence2_has_negation = 0  [n = 257]:	loss = 0.473  exp loss = 0.334  adjusted loss = 0.334  adv prob = 0.443141   acc = 0.833
  gold_label_random = 2, sentence2_has_negation = 1  [n = 264]:	loss = 0.304  exp loss = 0.494  adjusted loss = 0.494  adv prob = 0.012978   acc = 0.883
Average incurred loss: 0.256  
Average sample loss: 0.290  
Average acc: 0.909  
  gold_label_random = 0, sentence2_has_negation = 0  [n = 267]:	loss = 0.271  exp loss = 0.246  adjusted loss = 0.246  adv prob = 0.265352   acc = 0.891
  gold_label_random = 0, sentence2_has_negation = 1  [n = 241]:	loss = 0.245  exp loss = 0.210  adjusted loss = 0.210  adv prob = 0.013913   acc = 0.909
  gold_label_random = 1, sentence2_has_negation = 0  [n = 287]:	loss = 0.267  exp loss = 0.242  adjusted loss = 0.242  adv prob = 0.256854   acc = 0.909
  gold_label_random = 1, sentence2_has_negation = 1  [n = 276]:	loss = 0.206  exp loss = 0.138  adjusted loss = 0.138  adv prob = 0.007614   acc = 0.928
  gold_label_random = 2, sentence2_has_negation = 0  [n = 272]:	loss = 0.254  exp loss = 0.198  adjusted loss = 0.198  adv prob = 0.442972   acc = 0.915
  gold_label_random = 2, sentence2_has_negation = 1  [n = 257]:	loss = 0.297  exp loss = 0.296  adjusted loss = 0.296  adv prob = 0.013294   acc = 0.899
Average incurred loss: 0.299  
Average sample loss: 0.303  
Average acc: 0.895  
  gold_label_random = 0, sentence2_has_negation = 0  [n = 265]:	loss = 0.254  exp loss = 0.141  adjusted loss = 0.141  adv prob = 0.256212   acc = 0.909
  gold_label_random = 0, sentence2_has_negation = 1  [n = 271]:	loss = 0.198  exp loss = 0.144  adjusted loss = 0.144  adv prob = 0.013164   acc = 0.908
  gold_label_random = 1, sentence2_has_negation = 0  [n = 234]:	loss = 0.346  exp loss = 0.305  adjusted loss = 0.305  adv prob = 0.261170   acc = 0.897
  gold_label_random = 1, sentence2_has_negation = 1  [n = 248]:	loss = 0.325  exp loss = 0.493  adjusted loss = 0.493  adv prob = 0.007837   acc = 0.891
  gold_label_random = 2, sentence2_has_negation = 0  [n = 268]:	loss = 0.331  exp loss = 0.217  adjusted loss = 0.217  adv prob = 0.448290   acc = 0.892
  gold_label_random = 2, sentence2_has_negation = 1  [n = 314]:	loss = 0.340  exp loss = 0.223  adjusted loss = 0.223  adv prob = 0.013328   acc = 0.876
Average incurred loss: 0.290  
Average sample loss: 0.312  
Average acc: 0.904  
  gold_label_random = 0, sentence2_has_negation = 0  [n = 289]:	loss = 0.303  exp loss = 0.416  adjusted loss = 0.416  adv prob = 0.254725   acc = 0.893
  gold_label_random = 0, sentence2_has_negation = 1  [n = 275]:	loss = 0.285  exp loss = 0.216  adjusted loss = 0.216  adv prob = 0.013318   acc = 0.913
  gold_label_random = 1, sentence2_has_negation = 0  [n = 238]:	loss = 0.374  exp loss = 0.329  adjusted loss = 0.329  adv prob = 0.266349   acc = 0.882
  gold_label_random = 1, sentence2_has_negation = 1  [n = 278]:	loss = 0.290  exp loss = 0.249  adjusted loss = 0.249  adv prob = 0.007796   acc = 0.903
  gold_label_random = 2, sentence2_has_negation = 0  [n = 268]:	loss = 0.290  exp loss = 0.358  adjusted loss = 0.358  adv prob = 0.445235   acc = 0.899
  gold_label_random = 2, sentence2_has_negation = 1  [n = 252]:	loss = 0.199  exp loss = 0.196  adjusted loss = 0.196  adv prob = 0.012577   acc = 0.933
Average incurred loss: 0.270  
Average sample loss: 0.254  
Average acc: 0.910  
  gold_label_random = 0, sentence2_has_negation = 0  [n = 241]:	loss = 0.243  exp loss = 0.242  adjusted loss = 0.242  adv prob = 0.251462   acc = 0.917
  gold_label_random = 0, sentence2_has_negation = 1  [n = 277]:	loss = 0.248  exp loss = 0.211  adjusted loss = 0.211  adv prob = 0.013452   acc = 0.917
  gold_label_random = 1, sentence2_has_negation = 0  [n = 269]:	loss = 0.294  exp loss = 0.303  adjusted loss = 0.303  adv prob = 0.269914   acc = 0.900
  gold_label_random = 1, sentence2_has_negation = 1  [n = 261]:	loss = 0.260  exp loss = 0.210  adjusted loss = 0.210  adv prob = 0.007753   acc = 0.920
  gold_label_random = 2, sentence2_has_negation = 0  [n = 284]:	loss = 0.262  exp loss = 0.259  adjusted loss = 0.259  adv prob = 0.444276   acc = 0.901
  gold_label_random = 2, sentence2_has_negation = 1  [n = 268]:	loss = 0.313  exp loss = 0.306  adjusted loss = 0.306  adv prob = 0.013144   acc = 0.907
Average incurred loss: 0.268  
Average sample loss: 0.292  
Average acc: 0.911  
  gold_label_random = 0, sentence2_has_negation = 0  [n = 253]:	loss = 0.264  exp loss = 0.366  adjusted loss = 0.366  adv prob = 0.250488   acc = 0.909
  gold_label_random = 0, sentence2_has_negation = 1  [n = 285]:	loss = 0.221  exp loss = 0.326  adjusted loss = 0.326  adv prob = 0.013103   acc = 0.926
  gold_label_random = 1, sentence2_has_negation = 0  [n = 257]:	loss = 0.281  exp loss = 0.185  adjusted loss = 0.185  adv prob = 0.266273   acc = 0.914
  gold_label_random = 1, sentence2_has_negation = 1  [n = 288]:	loss = 0.272  exp loss = 0.313  adjusted loss = 0.313  adv prob = 0.007683   acc = 0.910
  gold_label_random = 2, sentence2_has_negation = 0  [n = 250]:	loss = 0.354  exp loss = 0.218  adjusted loss = 0.218  adv prob = 0.449771   acc = 0.884
  gold_label_random = 2, sentence2_has_negation = 1  [n = 267]:	loss = 0.223  exp loss = 0.271  adjusted loss = 0.271  adv prob = 0.012682   acc = 0.918
Average incurred loss: 0.286  
Average sample loss: 0.326  
Average acc: 0.900  
  gold_label_random = 0, sentence2_has_negation = 0  [n = 267]:	loss = 0.283  exp loss = 0.349  adjusted loss = 0.349  adv prob = 0.243470   acc = 0.910
  gold_label_random = 0, sentence2_has_negation = 1  [n = 270]:	loss = 0.333  exp loss = 0.358  adjusted loss = 0.358  adv prob = 0.013170   acc = 0.874
  gold_label_random = 1, sentence2_has_negation = 0  [n = 267]:	loss = 0.309  exp loss = 0.341  adjusted loss = 0.341  adv prob = 0.263993   acc = 0.910
  gold_label_random = 1, sentence2_has_negation = 1  [n = 254]:	loss = 0.233  exp loss = 0.223  adjusted loss = 0.223  adv prob = 0.007356   acc = 0.917
  gold_label_random = 2, sentence2_has_negation = 0  [n = 254]:	loss = 0.293  exp loss = 0.378  adjusted loss = 0.378  adv prob = 0.459669   acc = 0.894
  gold_label_random = 2, sentence2_has_negation = 1  [n = 288]:	loss = 0.264  exp loss = 0.217  adjusted loss = 0.217  adv prob = 0.012342   acc = 0.896
Average incurred loss: 0.317  
Average sample loss: 0.385  
Average acc: 0.900  
  gold_label_random = 0, sentence2_has_negation = 0  [n = 283]:	loss = 0.341  exp loss = 0.297  adjusted loss = 0.297  adv prob = 0.238556   acc = 0.887
  gold_label_random = 0, sentence2_has_negation = 1  [n = 265]:	loss = 0.323  exp loss = 0.235  adjusted loss = 0.235  adv prob = 0.012657   acc = 0.898
  gold_label_random = 1, sentence2_has_negation = 0  [n = 249]:	loss = 0.307  exp loss = 0.252  adjusted loss = 0.252  adv prob = 0.256653   acc = 0.888
  gold_label_random = 1, sentence2_has_negation = 1  [n = 278]:	loss = 0.281  exp loss = 0.211  adjusted loss = 0.211  adv prob = 0.006911   acc = 0.932
  gold_label_random = 2, sentence2_has_negation = 0  [n = 252]:	loss = 0.428  exp loss = 0.521  adjusted loss = 0.521  adv prob = 0.473877   acc = 0.869
  gold_label_random = 2, sentence2_has_negation = 1  [n = 273]:	loss = 0.230  exp loss = 0.215  adjusted loss = 0.215  adv prob = 0.011346   acc = 0.923
Average incurred loss: 0.261  
Average sample loss: 0.264  
Average acc: 0.913  
  gold_label_random = 0, sentence2_has_negation = 0  [n = 271]:	loss = 0.253  exp loss = 0.120  adjusted loss = 0.120  adv prob = 0.235783   acc = 0.908
  gold_label_random = 0, sentence2_has_negation = 1  [n = 253]:	loss = 0.317  exp loss = 0.323  adjusted loss = 0.323  adv prob = 0.013071   acc = 0.897
  gold_label_random = 1, sentence2_has_negation = 0  [n = 265]:	loss = 0.289  exp loss = 0.492  adjusted loss = 0.492  adv prob = 0.264319   acc = 0.913
  gold_label_random = 1, sentence2_has_negation = 1  [n = 288]:	loss = 0.207  exp loss = 0.290  adjusted loss = 0.290  adv prob = 0.006743   acc = 0.941
  gold_label_random = 2, sentence2_has_negation = 0  [n = 251]:	loss = 0.222  exp loss = 0.156  adjusted loss = 0.156  adv prob = 0.468726   acc = 0.928
  gold_label_random = 2, sentence2_has_negation = 1  [n = 272]:	loss = 0.283  exp loss = 0.233  adjusted loss = 0.233  adv prob = 0.011358   acc = 0.886
Average incurred loss: 0.272  
Average sample loss: 0.288  
Average acc: 0.911  
  gold_label_random = 0, sentence2_has_negation = 0  [n = 274]:	loss = 0.317  exp loss = 0.409  adjusted loss = 0.409  adv prob = 0.236361   acc = 0.905
  gold_label_random = 0, sentence2_has_negation = 1  [n = 261]:	loss = 0.251  exp loss = 0.220  adjusted loss = 0.220  adv prob = 0.012832   acc = 0.920
  gold_label_random = 1, sentence2_has_negation = 0  [n = 245]:	loss = 0.278  exp loss = 0.348  adjusted loss = 0.348  adv prob = 0.264715   acc = 0.914
  gold_label_random = 1, sentence2_has_negation = 1  [n = 295]:	loss = 0.268  exp loss = 0.270  adjusted loss = 0.270  adv prob = 0.006680   acc = 0.922
  gold_label_random = 2, sentence2_has_negation = 0  [n = 267]:	loss = 0.284  exp loss = 0.204  adjusted loss = 0.204  adv prob = 0.468219   acc = 0.895
  gold_label_random = 2, sentence2_has_negation = 1  [n = 258]:	loss = 0.230  exp loss = 0.200  adjusted loss = 0.200  adv prob = 0.011193   acc = 0.911
Average incurred loss: 0.276  
Average sample loss: 0.294  
Average acc: 0.909  
  gold_label_random = 0, sentence2_has_negation = 0  [n = 244]:	loss = 0.299  exp loss = 0.201  adjusted loss = 0.201  adv prob = 0.235618   acc = 0.902
  gold_label_random = 0, sentence2_has_negation = 1  [n = 267]:	loss = 0.285  exp loss = 0.373  adjusted loss = 0.373  adv prob = 0.012913   acc = 0.906
  gold_label_random = 1, sentence2_has_negation = 0  [n = 261]:	loss = 0.292  exp loss = 0.435  adjusted loss = 0.435  adv prob = 0.270936   acc = 0.923
  gold_label_random = 1, sentence2_has_negation = 1  [n = 272]:	loss = 0.253  exp loss = 0.230  adjusted loss = 0.230  adv prob = 0.006550   acc = 0.923
  gold_label_random = 2, sentence2_has_negation = 0  [n = 276]:	loss = 0.270  exp loss = 0.389  adjusted loss = 0.389  adv prob = 0.462931   acc = 0.880
  gold_label_random = 2, sentence2_has_negation = 1  [n = 280]:	loss = 0.261  exp loss = 0.232  adjusted loss = 0.232  adv prob = 0.011050   acc = 0.918
Average incurred loss: 0.259  
Average sample loss: 0.288  
Average acc: 0.918  
  gold_label_random = 0, sentence2_has_negation = 0  [n = 260]:	loss = 0.284  exp loss = 0.294  adjusted loss = 0.294  adv prob = 0.232222   acc = 0.919
  gold_label_random = 0, sentence2_has_negation = 1  [n = 266]:	loss = 0.203  exp loss = 0.123  adjusted loss = 0.123  adv prob = 0.012553   acc = 0.932
  gold_label_random = 1, sentence2_has_negation = 0  [n = 287]:	loss = 0.291  exp loss = 0.297  adjusted loss = 0.297  adv prob = 0.272758   acc = 0.913
  gold_label_random = 1, sentence2_has_negation = 1  [n = 243]:	loss = 0.202  exp loss = 0.198  adjusted loss = 0.198  adv prob = 0.006302   acc = 0.938
  gold_label_random = 2, sentence2_has_negation = 0  [n = 278]:	loss = 0.266  exp loss = 0.268  adjusted loss = 0.268  adv prob = 0.465094   acc = 0.899
  gold_label_random = 2, sentence2_has_negation = 1  [n = 266]:	loss = 0.301  exp loss = 0.239  adjusted loss = 0.239  adv prob = 0.011071   acc = 0.910
Average incurred loss: 0.259  
Average sample loss: 0.218  
Average acc: 0.913  
  gold_label_random = 0, sentence2_has_negation = 0  [n = 231]:	loss = 0.304  exp loss = 0.302  adjusted loss = 0.302  adv prob = 0.241772   acc = 0.913
  gold_label_random = 0, sentence2_has_negation = 1  [n = 236]:	loss = 0.266  exp loss = 0.300  adjusted loss = 0.300  adv prob = 0.012727   acc = 0.911
  gold_label_random = 1, sentence2_has_negation = 0  [n = 210]:	loss = 0.228  exp loss = 0.194  adjusted loss = 0.194  adv prob = 0.273091   acc = 0.929
  gold_label_random = 1, sentence2_has_negation = 1  [n = 237]:	loss = 0.280  exp loss = 0.308  adjusted loss = 0.308  adv prob = 0.006452   acc = 0.920
  gold_label_random = 2, sentence2_has_negation = 0  [n = 226]:	loss = 0.194  exp loss = 0.182  adjusted loss = 0.182  adv prob = 0.454524   acc = 0.934
  gold_label_random = 2, sentence2_has_negation = 1  [n = 235]:	loss = 0.279  exp loss = 0.324  adjusted loss = 0.324  adv prob = 0.011433   acc = 0.877

Validation:
Average incurred loss: 0.575  
Average sample loss: 0.592  
Average acc: 0.820  
  gold_label_random = 0, sentence2_has_negation = 0  [n = 22814]:	loss = 0.653  exp loss = 0.780  adjusted loss = 0.780  adv prob = 0.796042   acc = 0.811
  gold_label_random = 0, sentence2_has_negation = 1  [n = 4634]:	loss = 0.274  exp loss = 0.224  adjusted loss = 0.224  adv prob = 0.000012   acc = 0.909
  gold_label_random = 1, sentence2_has_negation = 0  [n = 26949]:	loss = 0.540  exp loss = 0.586  adjusted loss = 0.586  adv prob = 0.049291   acc = 0.840
  gold_label_random = 1, sentence2_has_negation = 1  [n = 613]:	loss = 0.698  exp loss = 0.399  adjusted loss = 0.399  adv prob = 0.000002   acc = 0.790
  gold_label_random = 2, sentence2_has_negation = 0  [n = 26655]:	loss = 0.588  exp loss = 0.719  adjusted loss = 0.719  adv prob = 0.154648   acc = 0.794
  gold_label_random = 2, sentence2_has_negation = 1  [n = 797]:	loss = 0.730  exp loss = 0.988  adjusted loss = 0.988  adv prob = 0.000005   acc = 0.738
Current lr: 0.000004
Current lr: 0.000004
Current validation accuracy: 0.7377668023109436


Epoch [4]:
Training:
Average incurred loss: 0.289  
Average sample loss: 0.308  
Average acc: 0.905  
  gold_label_random = 0, sentence2_has_negation = 0  [n = 254]:	loss = 0.418  exp loss = 0.355  adjusted loss = 0.355  adv prob = 0.250415   acc = 0.878
  gold_label_random = 0, sentence2_has_negation = 1  [n = 262]:	loss = 0.293  exp loss = 0.384  adjusted loss = 0.384  adv prob = 0.012708   acc = 0.908
  gold_label_random = 1, sentence2_has_negation = 0  [n = 283]:	loss = 0.261  exp loss = 0.221  adjusted loss = 0.221  adv prob = 0.264106   acc = 0.922
  gold_label_random = 1, sentence2_has_negation = 1  [n = 274]:	loss = 0.169  exp loss = 0.183  adjusted loss = 0.183  adv prob = 0.006054   acc = 0.945
  gold_label_random = 2, sentence2_has_negation = 0  [n = 247]:	loss = 0.319  exp loss = 0.275  adjusted loss = 0.275  adv prob = 0.455514   acc = 0.883
  gold_label_random = 2, sentence2_has_negation = 1  [n = 280]:	loss = 0.288  exp loss = 0.182  adjusted loss = 0.182  adv prob = 0.011205   acc = 0.889
Average incurred loss: 0.289  
Average sample loss: 0.303  
Average acc: 0.902  
  gold_label_random = 0, sentence2_has_negation = 0  [n = 286]:	loss = 0.332  exp loss = 0.552  adjusted loss = 0.552  adv prob = 0.260246   acc = 0.913
  gold_label_random = 0, sentence2_has_negation = 1  [n = 271]:	loss = 0.299  exp loss = 0.234  adjusted loss = 0.234  adv prob = 0.012616   acc = 0.897
  gold_label_random = 1, sentence2_has_negation = 0  [n = 271]:	loss = 0.293  exp loss = 0.277  adjusted loss = 0.277  adv prob = 0.262526   acc = 0.893
  gold_label_random = 1, sentence2_has_negation = 1  [n = 261]:	loss = 0.345  exp loss = 0.320  adjusted loss = 0.320  adv prob = 0.006232   acc = 0.877
  gold_label_random = 2, sentence2_has_negation = 0  [n = 246]:	loss = 0.258  exp loss = 0.351  adjusted loss = 0.351  adv prob = 0.447694   acc = 0.911
  gold_label_random = 2, sentence2_has_negation = 1  [n = 265]:	loss = 0.206  exp loss = 0.221  adjusted loss = 0.221  adv prob = 0.010685   acc = 0.925
Average incurred loss: 0.273  
Average sample loss: 0.252  
Average acc: 0.896  
  gold_label_random = 0, sentence2_has_negation = 0  [n = 263]:	loss = 0.265  exp loss = 0.173  adjusted loss = 0.173  adv prob = 0.257658   acc = 0.909
  gold_label_random = 0, sentence2_has_negation = 1  [n = 268]:	loss = 0.240  exp loss = 0.209  adjusted loss = 0.209  adv prob = 0.012515   acc = 0.903
  gold_label_random = 1, sentence2_has_negation = 0  [n = 239]:	loss = 0.359  exp loss = 0.241  adjusted loss = 0.241  adv prob = 0.276430   acc = 0.895
  gold_label_random = 1, sentence2_has_negation = 1  [n = 274]:	loss = 0.234  exp loss = 0.170  adjusted loss = 0.170  adv prob = 0.006165   acc = 0.905
  gold_label_random = 2, sentence2_has_negation = 0  [n = 260]:	loss = 0.221  exp loss = 0.203  adjusted loss = 0.203  adv prob = 0.436127   acc = 0.912
  gold_label_random = 2, sentence2_has_negation = 1  [n = 296]:	loss = 0.323  exp loss = 0.377  adjusted loss = 0.377  adv prob = 0.011106   acc = 0.855
Average incurred loss: 0.285  
Average sample loss: 0.319  
Average acc: 0.901  
  gold_label_random = 0, sentence2_has_negation = 0  [n = 235]:	loss = 0.237  exp loss = 0.251  adjusted loss = 0.251  adv prob = 0.244309   acc = 0.919
  gold_label_random = 0, sentence2_has_negation = 1  [n = 272]:	loss = 0.240  exp loss = 0.340  adjusted loss = 0.340  adv prob = 0.012148   acc = 0.908
  gold_label_random = 1, sentence2_has_negation = 0  [n = 270]:	loss = 0.319  exp loss = 0.452  adjusted loss = 0.452  adv prob = 0.277461   acc = 0.900
  gold_label_random = 1, sentence2_has_negation = 1  [n = 291]:	loss = 0.227  exp loss = 0.211  adjusted loss = 0.211  adv prob = 0.005948   acc = 0.921
  gold_label_random = 2, sentence2_has_negation = 0  [n = 254]:	loss = 0.349  exp loss = 0.238  adjusted loss = 0.238  adv prob = 0.449015   acc = 0.874
  gold_label_random = 2, sentence2_has_negation = 1  [n = 278]:	loss = 0.338  exp loss = 0.344  adjusted loss = 0.344  adv prob = 0.011119   acc = 0.881
Average incurred loss: 0.264  
Average sample loss: 0.268  
Average acc: 0.910  
  gold_label_random = 0, sentence2_has_negation = 0  [n = 267]:	loss = 0.257  exp loss = 0.341  adjusted loss = 0.341  adv prob = 0.243382   acc = 0.918
  gold_label_random = 0, sentence2_has_negation = 1  [n = 263]:	loss = 0.244  exp loss = 0.508  adjusted loss = 0.508  adv prob = 0.012179   acc = 0.909
  gold_label_random = 1, sentence2_has_negation = 0  [n = 260]:	loss = 0.256  exp loss = 0.252  adjusted loss = 0.252  adv prob = 0.276212   acc = 0.923
  gold_label_random = 1, sentence2_has_negation = 1  [n = 259]:	loss = 0.197  exp loss = 0.159  adjusted loss = 0.159  adv prob = 0.005733   acc = 0.954
  gold_label_random = 2, sentence2_has_negation = 0  [n = 279]:	loss = 0.305  exp loss = 0.379  adjusted loss = 0.379  adv prob = 0.451007   acc = 0.882
  gold_label_random = 2, sentence2_has_negation = 1  [n = 272]:	loss = 0.320  exp loss = 0.350  adjusted loss = 0.350  adv prob = 0.011487   acc = 0.879
Average incurred loss: 0.294  
Average sample loss: 0.304  
Average acc: 0.901  
  gold_label_random = 0, sentence2_has_negation = 0  [n = 257]:	loss = 0.384  exp loss = 0.433  adjusted loss = 0.433  adv prob = 0.254050   acc = 0.883
  gold_label_random = 0, sentence2_has_negation = 1  [n = 259]:	loss = 0.218  exp loss = 0.114  adjusted loss = 0.114  adv prob = 0.011638   acc = 0.911
  gold_label_random = 1, sentence2_has_negation = 0  [n = 247]:	loss = 0.362  exp loss = 0.442  adjusted loss = 0.442  adv prob = 0.284223   acc = 0.899
  gold_label_random = 1, sentence2_has_negation = 1  [n = 305]:	loss = 0.262  exp loss = 0.250  adjusted loss = 0.250  adv prob = 0.005641   acc = 0.915
  gold_label_random = 2, sentence2_has_negation = 0  [n = 288]:	loss = 0.238  exp loss = 0.137  adjusted loss = 0.137  adv prob = 0.432975   acc = 0.910
  gold_label_random = 2, sentence2_has_negation = 1  [n = 244]:	loss = 0.315  exp loss = 0.323  adjusted loss = 0.323  adv prob = 0.011473   acc = 0.885
Average incurred loss: 0.283  
Average sample loss: 0.281  
Average acc: 0.906  
  gold_label_random = 0, sentence2_has_negation = 0  [n = 278]:	loss = 0.311  exp loss = 0.424  adjusted loss = 0.424  adv prob = 0.258269   acc = 0.906
  gold_label_random = 0, sentence2_has_negation = 1  [n = 277]:	loss = 0.256  exp loss = 0.254  adjusted loss = 0.254  adv prob = 0.011346   acc = 0.921
  gold_label_random = 1, sentence2_has_negation = 0  [n = 256]:	loss = 0.269  exp loss = 0.210  adjusted loss = 0.210  adv prob = 0.285752   acc = 0.922
  gold_label_random = 1, sentence2_has_negation = 1  [n = 267]:	loss = 0.335  exp loss = 0.342  adjusted loss = 0.342  adv prob = 0.005916   acc = 0.884
  gold_label_random = 2, sentence2_has_negation = 0  [n = 257]:	loss = 0.265  exp loss = 0.200  adjusted loss = 0.200  adv prob = 0.427251   acc = 0.899
  gold_label_random = 2, sentence2_has_negation = 1  [n = 265]:	loss = 0.261  exp loss = 0.246  adjusted loss = 0.246  adv prob = 0.011466   acc = 0.902
Average incurred loss: 0.263  
Average sample loss: 0.241  
Average acc: 0.914  
  gold_label_random = 0, sentence2_has_negation = 0  [n = 273]:	loss = 0.216  exp loss = 0.180  adjusted loss = 0.180  adv prob = 0.255206   acc = 0.916
  gold_label_random = 0, sentence2_has_negation = 1  [n = 281]:	loss = 0.169  exp loss = 0.187  adjusted loss = 0.187  adv prob = 0.010864   acc = 0.940
  gold_label_random = 1, sentence2_has_negation = 0  [n = 259]:	loss = 0.263  exp loss = 0.203  adjusted loss = 0.203  adv prob = 0.291794   acc = 0.938
  gold_label_random = 1, sentence2_has_negation = 1  [n = 263]:	loss = 0.319  exp loss = 0.392  adjusted loss = 0.392  adv prob = 0.006162   acc = 0.905
  gold_label_random = 2, sentence2_has_negation = 0  [n = 245]:	loss = 0.281  exp loss = 0.244  adjusted loss = 0.244  adv prob = 0.423958   acc = 0.902
  gold_label_random = 2, sentence2_has_negation = 1  [n = 279]:	loss = 0.332  exp loss = 0.351  adjusted loss = 0.351  adv prob = 0.012016   acc = 0.882
Average incurred loss: 0.238  
Average sample loss: 0.257  
Average acc: 0.920  
  gold_label_random = 0, sentence2_has_negation = 0  [n = 256]:	loss = 0.183  exp loss = 0.121  adjusted loss = 0.121  adv prob = 0.246086   acc = 0.953
  gold_label_random = 0, sentence2_has_negation = 1  [n = 292]:	loss = 0.259  exp loss = 0.328  adjusted loss = 0.328  adv prob = 0.010784   acc = 0.911
  gold_label_random = 1, sentence2_has_negation = 0  [n = 258]:	loss = 0.241  exp loss = 0.201  adjusted loss = 0.201  adv prob = 0.290093   acc = 0.930
  gold_label_random = 1, sentence2_has_negation = 1  [n = 277]:	loss = 0.215  exp loss = 0.220  adjusted loss = 0.220  adv prob = 0.005963   acc = 0.928
  gold_label_random = 2, sentence2_has_negation = 0  [n = 255]:	loss = 0.283  exp loss = 0.234  adjusted loss = 0.234  adv prob = 0.434906   acc = 0.898
  gold_label_random = 2, sentence2_has_negation = 1  [n = 262]:	loss = 0.247  exp loss = 0.234  adjusted loss = 0.234  adv prob = 0.012168   acc = 0.901
Average incurred loss: 0.295  
Average sample loss: 0.283  
Average acc: 0.899  
  gold_label_random = 0, sentence2_has_negation = 0  [n = 260]:	loss = 0.301  exp loss = 0.266  adjusted loss = 0.266  adv prob = 0.246293   acc = 0.912
  gold_label_random = 0, sentence2_has_negation = 1  [n = 282]:	loss = 0.289  exp loss = 0.352  adjusted loss = 0.352  adv prob = 0.010800   acc = 0.911
  gold_label_random = 1, sentence2_has_negation = 0  [n = 244]:	loss = 0.329  exp loss = 0.258  adjusted loss = 0.258  adv prob = 0.290718   acc = 0.889
  gold_label_random = 1, sentence2_has_negation = 1  [n = 265]:	loss = 0.217  exp loss = 0.220  adjusted loss = 0.220  adv prob = 0.005886   acc = 0.928
  gold_label_random = 2, sentence2_has_negation = 0  [n = 274]:	loss = 0.293  exp loss = 0.235  adjusted loss = 0.235  adv prob = 0.433743   acc = 0.891
  gold_label_random = 2, sentence2_has_negation = 1  [n = 275]:	loss = 0.344  exp loss = 0.360  adjusted loss = 0.360  adv prob = 0.012559   acc = 0.865
Average incurred loss: 0.266  
Average sample loss: 0.239  
Average acc: 0.908  
  gold_label_random = 0, sentence2_has_negation = 0  [n = 277]:	loss = 0.278  exp loss = 0.305  adjusted loss = 0.305  adv prob = 0.248096   acc = 0.924
  gold_label_random = 0, sentence2_has_negation = 1  [n = 247]:	loss = 0.282  exp loss = 0.290  adjusted loss = 0.290  adv prob = 0.010941   acc = 0.891
  gold_label_random = 1, sentence2_has_negation = 0  [n = 281]:	loss = 0.239  exp loss = 0.336  adjusted loss = 0.336  adv prob = 0.293125   acc = 0.915
  gold_label_random = 1, sentence2_has_negation = 1  [n = 270]:	loss = 0.229  exp loss = 0.123  adjusted loss = 0.123  adv prob = 0.005822   acc = 0.930
  gold_label_random = 2, sentence2_has_negation = 0  [n = 239]:	loss = 0.253  exp loss = 0.207  adjusted loss = 0.207  adv prob = 0.428911   acc = 0.908
  gold_label_random = 2, sentence2_has_negation = 1  [n = 286]:	loss = 0.312  exp loss = 0.352  adjusted loss = 0.352  adv prob = 0.013106   acc = 0.881
Average incurred loss: 0.270  
Average sample loss: 0.325  
Average acc: 0.912  
  gold_label_random = 0, sentence2_has_negation = 0  [n = 268]:	loss = 0.222  exp loss = 0.160  adjusted loss = 0.160  adv prob = 0.236196   acc = 0.929
  gold_label_random = 0, sentence2_has_negation = 1  [n = 270]:	loss = 0.213  exp loss = 0.175  adjusted loss = 0.175  adv prob = 0.010276   acc = 0.919
  gold_label_random = 1, sentence2_has_negation = 0  [n = 292]:	loss = 0.288  exp loss = 0.274  adjusted loss = 0.274  adv prob = 0.288718   acc = 0.911
  gold_label_random = 1, sentence2_has_negation = 1  [n = 249]:	loss = 0.271  exp loss = 0.282  adjusted loss = 0.282  adv prob = 0.005611   acc = 0.916
  gold_label_random = 2, sentence2_has_negation = 0  [n = 259]:	loss = 0.376  exp loss = 0.226  adjusted loss = 0.226  adv prob = 0.446559   acc = 0.884
  gold_label_random = 2, sentence2_has_negation = 1  [n = 262]:	loss = 0.251  exp loss = 0.247  adjusted loss = 0.247  adv prob = 0.012639   acc = 0.916
Average incurred loss: 0.284  
Average sample loss: 0.293  
Average acc: 0.909  
  gold_label_random = 0, sentence2_has_negation = 0  [n = 265]:	loss = 0.273  exp loss = 0.254  adjusted loss = 0.254  adv prob = 0.232781   acc = 0.925
  gold_label_random = 0, sentence2_has_negation = 1  [n = 262]:	loss = 0.352  exp loss = 0.367  adjusted loss = 0.367  adv prob = 0.010431   acc = 0.878
  gold_label_random = 1, sentence2_has_negation = 0  [n = 254]:	loss = 0.369  exp loss = 0.280  adjusted loss = 0.280  adv prob = 0.298002   acc = 0.890
  gold_label_random = 1, sentence2_has_negation = 1  [n = 258]:	loss = 0.194  exp loss = 0.220  adjusted loss = 0.220  adv prob = 0.005320   acc = 0.942
  gold_label_random = 2, sentence2_has_negation = 0  [n = 301]:	loss = 0.266  exp loss = 0.238  adjusted loss = 0.238  adv prob = 0.441116   acc = 0.914
  gold_label_random = 2, sentence2_has_negation = 1  [n = 260]:	loss = 0.255  exp loss = 0.296  adjusted loss = 0.296  adv prob = 0.012350   acc = 0.908
Average incurred loss: 0.268  
Average sample loss: 0.297  
Average acc: 0.916  
  gold_label_random = 0, sentence2_has_negation = 0  [n = 283]:	loss = 0.328  exp loss = 0.333  adjusted loss = 0.333  adv prob = 0.235916   acc = 0.901
  gold_label_random = 0, sentence2_has_negation = 1  [n = 280]:	loss = 0.249  exp loss = 0.394  adjusted loss = 0.394  adv prob = 0.010258   acc = 0.936
  gold_label_random = 1, sentence2_has_negation = 0  [n = 269]:	loss = 0.205  exp loss = 0.228  adjusted loss = 0.228  adv prob = 0.287686   acc = 0.937
  gold_label_random = 1, sentence2_has_negation = 1  [n = 263]:	loss = 0.258  exp loss = 0.191  adjusted loss = 0.191  adv prob = 0.005251   acc = 0.916
  gold_label_random = 2, sentence2_has_negation = 0  [n = 255]:	loss = 0.322  exp loss = 0.410  adjusted loss = 0.410  adv prob = 0.448896   acc = 0.906
  gold_label_random = 2, sentence2_has_negation = 1  [n = 250]:	loss = 0.246  exp loss = 0.260  adjusted loss = 0.260  adv prob = 0.011994   acc = 0.896
Average incurred loss: 0.272  
Average sample loss: 0.257  
Average acc: 0.918  
  gold_label_random = 0, sentence2_has_negation = 0  [n = 279]:	loss = 0.295  exp loss = 0.289  adjusted loss = 0.289  adv prob = 0.240029   acc = 0.910
  gold_label_random = 0, sentence2_has_negation = 1  [n = 248]:	loss = 0.191  exp loss = 0.139  adjusted loss = 0.139  adv prob = 0.009978   acc = 0.956
  gold_label_random = 1, sentence2_has_negation = 0  [n = 272]:	loss = 0.284  exp loss = 0.153  adjusted loss = 0.153  adv prob = 0.286749   acc = 0.919
  gold_label_random = 1, sentence2_has_negation = 1  [n = 276]:	loss = 0.248  exp loss = 0.242  adjusted loss = 0.242  adv prob = 0.005169   acc = 0.938
  gold_label_random = 2, sentence2_has_negation = 0  [n = 259]:	loss = 0.258  exp loss = 0.243  adjusted loss = 0.243  adv prob = 0.445301   acc = 0.907
  gold_label_random = 2, sentence2_has_negation = 1  [n = 266]:	loss = 0.350  exp loss = 0.444  adjusted loss = 0.444  adv prob = 0.012774   acc = 0.876
Average incurred loss: 0.265  
Average sample loss: 0.296  
Average acc: 0.914  
  gold_label_random = 0, sentence2_has_negation = 0  [n = 299]:	loss = 0.235  exp loss = 0.207  adjusted loss = 0.207  adv prob = 0.233557   acc = 0.930
  gold_label_random = 0, sentence2_has_negation = 1  [n = 271]:	loss = 0.269  exp loss = 0.246  adjusted loss = 0.246  adv prob = 0.009728   acc = 0.915
  gold_label_random = 1, sentence2_has_negation = 0  [n = 266]:	loss = 0.271  exp loss = 0.320  adjusted loss = 0.320  adv prob = 0.285741   acc = 0.906
  gold_label_random = 1, sentence2_has_negation = 1  [n = 260]:	loss = 0.240  exp loss = 0.174  adjusted loss = 0.174  adv prob = 0.004978   acc = 0.927
  gold_label_random = 2, sentence2_has_negation = 0  [n = 262]:	loss = 0.338  exp loss = 0.260  adjusted loss = 0.260  adv prob = 0.453539   acc = 0.882
  gold_label_random = 2, sentence2_has_negation = 1  [n = 242]:	loss = 0.239  exp loss = 0.167  adjusted loss = 0.167  adv prob = 0.012456   acc = 0.926
Average incurred loss: 0.255  
Average sample loss: 0.229  
Average acc: 0.917  
  gold_label_random = 0, sentence2_has_negation = 0  [n = 252]:	loss = 0.312  exp loss = 0.209  adjusted loss = 0.209  adv prob = 0.242054   acc = 0.901
  gold_label_random = 0, sentence2_has_negation = 1  [n = 257]:	loss = 0.243  exp loss = 0.250  adjusted loss = 0.250  adv prob = 0.010112   acc = 0.911
  gold_label_random = 1, sentence2_has_negation = 0  [n = 258]:	loss = 0.229  exp loss = 0.348  adjusted loss = 0.348  adv prob = 0.286475   acc = 0.919
  gold_label_random = 1, sentence2_has_negation = 1  [n = 264]:	loss = 0.278  exp loss = 0.341  adjusted loss = 0.341  adv prob = 0.005059   acc = 0.932
  gold_label_random = 2, sentence2_has_negation = 0  [n = 299]:	loss = 0.201  exp loss = 0.138  adjusted loss = 0.138  adv prob = 0.443605   acc = 0.930
  gold_label_random = 2, sentence2_has_negation = 1  [n = 270]:	loss = 0.273  exp loss = 0.158  adjusted loss = 0.158  adv prob = 0.012694   acc = 0.907
Average incurred loss: 0.261  
Average sample loss: 0.264  
Average acc: 0.920  
  gold_label_random = 0, sentence2_has_negation = 0  [n = 265]:	loss = 0.237  exp loss = 0.282  adjusted loss = 0.282  adv prob = 0.236951   acc = 0.932
  gold_label_random = 0, sentence2_has_negation = 1  [n = 235]:	loss = 0.131  exp loss = 0.105  adjusted loss = 0.105  adv prob = 0.009520   acc = 0.962
  gold_label_random = 1, sentence2_has_negation = 0  [n = 256]:	loss = 0.258  exp loss = 0.218  adjusted loss = 0.218  adv prob = 0.288613   acc = 0.934
  gold_label_random = 1, sentence2_has_negation = 1  [n = 279]:	loss = 0.305  exp loss = 0.273  adjusted loss = 0.273  adv prob = 0.005126   acc = 0.914
  gold_label_random = 2, sentence2_has_negation = 0  [n = 271]:	loss = 0.295  exp loss = 0.233  adjusted loss = 0.233  adv prob = 0.446898   acc = 0.893
  gold_label_random = 2, sentence2_has_negation = 1  [n = 294]:	loss = 0.318  exp loss = 0.252  adjusted loss = 0.252  adv prob = 0.012890   acc = 0.895
Average incurred loss: 0.256  
Average sample loss: 0.232  
Average acc: 0.914  
  gold_label_random = 0, sentence2_has_negation = 0  [n = 274]:	loss = 0.240  exp loss = 0.163  adjusted loss = 0.163  adv prob = 0.236995   acc = 0.923
  gold_label_random = 0, sentence2_has_negation = 1  [n = 240]:	loss = 0.344  exp loss = 0.234  adjusted loss = 0.234  adv prob = 0.010085   acc = 0.875
  gold_label_random = 1, sentence2_has_negation = 0  [n = 280]:	loss = 0.292  exp loss = 0.239  adjusted loss = 0.239  adv prob = 0.295845   acc = 0.900
  gold_label_random = 1, sentence2_has_negation = 1  [n = 273]:	loss = 0.195  exp loss = 0.295  adjusted loss = 0.295  adv prob = 0.005058   acc = 0.945
  gold_label_random = 2, sentence2_has_negation = 0  [n = 274]:	loss = 0.205  exp loss = 0.229  adjusted loss = 0.229  adv prob = 0.438847   acc = 0.938
  gold_label_random = 2, sentence2_has_negation = 1  [n = 259]:	loss = 0.271  exp loss = 0.309  adjusted loss = 0.309  adv prob = 0.013170   acc = 0.896
Average incurred loss: 0.306  
Average sample loss: 0.336  
Average acc: 0.893  
  gold_label_random = 0, sentence2_has_negation = 0  [n = 271]:	loss = 0.422  exp loss = 0.316  adjusted loss = 0.316  adv prob = 0.250994   acc = 0.882
  gold_label_random = 0, sentence2_has_negation = 1  [n = 304]:	loss = 0.244  exp loss = 0.416  adjusted loss = 0.416  adv prob = 0.009758   acc = 0.911
  gold_label_random = 1, sentence2_has_negation = 0  [n = 269]:	loss = 0.273  exp loss = 0.187  adjusted loss = 0.187  adv prob = 0.288653   acc = 0.903
  gold_label_random = 1, sentence2_has_negation = 1  [n = 254]:	loss = 0.229  exp loss = 0.165  adjusted loss = 0.165  adv prob = 0.004784   acc = 0.933
  gold_label_random = 2, sentence2_has_negation = 0  [n = 252]:	loss = 0.329  exp loss = 0.200  adjusted loss = 0.200  adv prob = 0.432697   acc = 0.889
  gold_label_random = 2, sentence2_has_negation = 1  [n = 250]:	loss = 0.348  exp loss = 0.260  adjusted loss = 0.260  adv prob = 0.013114   acc = 0.836
Average incurred loss: 0.226  
Average sample loss: 0.209  
Average acc: 0.925  
  gold_label_random = 0, sentence2_has_negation = 0  [n = 260]:	loss = 0.186  exp loss = 0.201  adjusted loss = 0.201  adv prob = 0.252061   acc = 0.938
  gold_label_random = 0, sentence2_has_negation = 1  [n = 268]:	loss = 0.323  exp loss = 0.287  adjusted loss = 0.287  adv prob = 0.010522   acc = 0.907
  gold_label_random = 1, sentence2_has_negation = 0  [n = 241]:	loss = 0.170  exp loss = 0.079  adjusted loss = 0.079  adv prob = 0.281096   acc = 0.942
  gold_label_random = 1, sentence2_has_negation = 1  [n = 299]:	loss = 0.190  exp loss = 0.190  adjusted loss = 0.190  adv prob = 0.004695   acc = 0.946
  gold_label_random = 2, sentence2_has_negation = 0  [n = 278]:	loss = 0.265  exp loss = 0.253  adjusted loss = 0.253  adv prob = 0.438536   acc = 0.888
  gold_label_random = 2, sentence2_has_negation = 1  [n = 254]:	loss = 0.218  exp loss = 0.149  adjusted loss = 0.149  adv prob = 0.013089   acc = 0.929
Average incurred loss: 0.270  
Average sample loss: 0.262  
Average acc: 0.910  
  gold_label_random = 0, sentence2_has_negation = 0  [n = 301]:	loss = 0.315  exp loss = 0.305  adjusted loss = 0.305  adv prob = 0.259390   acc = 0.910
  gold_label_random = 0, sentence2_has_negation = 1  [n = 299]:	loss = 0.301  exp loss = 0.263  adjusted loss = 0.263  adv prob = 0.010717   acc = 0.886
  gold_label_random = 1, sentence2_has_negation = 0  [n = 260]:	loss = 0.210  exp loss = 0.154  adjusted loss = 0.154  adv prob = 0.274157   acc = 0.935
  gold_label_random = 1, sentence2_has_negation = 1  [n = 263]:	loss = 0.234  exp loss = 0.161  adjusted loss = 0.161  adv prob = 0.004599   acc = 0.928
  gold_label_random = 2, sentence2_has_negation = 0  [n = 230]:	loss = 0.275  exp loss = 0.294  adjusted loss = 0.294  adv prob = 0.438141   acc = 0.896
  gold_label_random = 2, sentence2_has_negation = 1  [n = 247]:	loss = 0.275  exp loss = 0.244  adjusted loss = 0.244  adv prob = 0.012996   acc = 0.907
Average incurred loss: 0.246  
Average sample loss: 0.280  
Average acc: 0.921  
  gold_label_random = 0, sentence2_has_negation = 0  [n = 275]:	loss = 0.270  exp loss = 0.214  adjusted loss = 0.214  adv prob = 0.255217   acc = 0.916
  gold_label_random = 0, sentence2_has_negation = 1  [n = 273]:	loss = 0.264  exp loss = 0.334  adjusted loss = 0.334  adv prob = 0.010644   acc = 0.912
  gold_label_random = 1, sentence2_has_negation = 0  [n = 288]:	loss = 0.253  exp loss = 0.337  adjusted loss = 0.337  adv prob = 0.275335   acc = 0.920
  gold_label_random = 1, sentence2_has_negation = 1  [n = 213]:	loss = 0.180  exp loss = 0.186  adjusted loss = 0.186  adv prob = 0.004436   acc = 0.953
  gold_label_random = 2, sentence2_has_negation = 0  [n = 266]:	loss = 0.282  exp loss = 0.292  adjusted loss = 0.292  adv prob = 0.441755   acc = 0.914
  gold_label_random = 2, sentence2_has_negation = 1  [n = 285]:	loss = 0.213  exp loss = 0.281  adjusted loss = 0.281  adv prob = 0.012614   acc = 0.919
Average incurred loss: 0.284  
Average sample loss: 0.298  
Average acc: 0.902  
  gold_label_random = 0, sentence2_has_negation = 0  [n = 273]:	loss = 0.263  exp loss = 0.238  adjusted loss = 0.238  adv prob = 0.244055   acc = 0.923
  gold_label_random = 0, sentence2_has_negation = 1  [n = 264]:	loss = 0.262  exp loss = 0.208  adjusted loss = 0.208  adv prob = 0.010566   acc = 0.913
  gold_label_random = 1, sentence2_has_negation = 0  [n = 258]:	loss = 0.341  exp loss = 0.373  adjusted loss = 0.373  adv prob = 0.286479   acc = 0.884
  gold_label_random = 1, sentence2_has_negation = 1  [n = 265]:	loss = 0.248  exp loss = 0.235  adjusted loss = 0.235  adv prob = 0.004250   acc = 0.906
  gold_label_random = 2, sentence2_has_negation = 0  [n = 262]:	loss = 0.345  exp loss = 0.441  adjusted loss = 0.441  adv prob = 0.442467   acc = 0.859
  gold_label_random = 2, sentence2_has_negation = 1  [n = 278]:	loss = 0.250  exp loss = 0.206  adjusted loss = 0.206  adv prob = 0.012182   acc = 0.924
Average incurred loss: 0.259  
Average sample loss: 0.269  
Average acc: 0.911  
  gold_label_random = 0, sentence2_has_negation = 0  [n = 292]:	loss = 0.248  exp loss = 0.195  adjusted loss = 0.195  adv prob = 0.243533   acc = 0.928
  gold_label_random = 0, sentence2_has_negation = 1  [n = 282]:	loss = 0.243  exp loss = 0.223  adjusted loss = 0.223  adv prob = 0.010463   acc = 0.911
  gold_label_random = 1, sentence2_has_negation = 0  [n = 246]:	loss = 0.311  exp loss = 0.362  adjusted loss = 0.362  adv prob = 0.294700   acc = 0.898
  gold_label_random = 1, sentence2_has_negation = 1  [n = 261]:	loss = 0.286  exp loss = 0.242  adjusted loss = 0.242  adv prob = 0.004313   acc = 0.908
  gold_label_random = 2, sentence2_has_negation = 0  [n = 246]:	loss = 0.238  exp loss = 0.349  adjusted loss = 0.349  adv prob = 0.435196   acc = 0.894
  gold_label_random = 2, sentence2_has_negation = 1  [n = 273]:	loss = 0.233  exp loss = 0.201  adjusted loss = 0.201  adv prob = 0.011794   acc = 0.923
Average incurred loss: 0.260  
Average sample loss: 0.273  
Average acc: 0.914  
  gold_label_random = 0, sentence2_has_negation = 0  [n = 279]:	loss = 0.219  exp loss = 0.302  adjusted loss = 0.302  adv prob = 0.238763   acc = 0.935
  gold_label_random = 0, sentence2_has_negation = 1  [n = 259]:	loss = 0.232  exp loss = 0.143  adjusted loss = 0.143  adv prob = 0.010363   acc = 0.931
  gold_label_random = 1, sentence2_has_negation = 0  [n = 276]:	loss = 0.304  exp loss = 0.419  adjusted loss = 0.419  adv prob = 0.302370   acc = 0.902
  gold_label_random = 1, sentence2_has_negation = 1  [n = 268]:	loss = 0.252  exp loss = 0.374  adjusted loss = 0.374  adv prob = 0.004326   acc = 0.903
  gold_label_random = 2, sentence2_has_negation = 0  [n = 257]:	loss = 0.256  exp loss = 0.278  adjusted loss = 0.278  adv prob = 0.432297   acc = 0.914
  gold_label_random = 2, sentence2_has_negation = 1  [n = 261]:	loss = 0.297  exp loss = 0.272  adjusted loss = 0.272  adv prob = 0.011882   acc = 0.897
Average incurred loss: 0.260  
Average sample loss: 0.283  
Average acc: 0.912  
  gold_label_random = 0, sentence2_has_negation = 0  [n = 251]:	loss = 0.278  exp loss = 0.243  adjusted loss = 0.243  adv prob = 0.243515   acc = 0.896
  gold_label_random = 0, sentence2_has_negation = 1  [n = 255]:	loss = 0.200  exp loss = 0.248  adjusted loss = 0.248  adv prob = 0.009965   acc = 0.937
  gold_label_random = 1, sentence2_has_negation = 0  [n = 294]:	loss = 0.302  exp loss = 0.287  adjusted loss = 0.287  adv prob = 0.307750   acc = 0.908
  gold_label_random = 1, sentence2_has_negation = 1  [n = 273]:	loss = 0.205  exp loss = 0.223  adjusted loss = 0.223  adv prob = 0.004115   acc = 0.941
  gold_label_random = 2, sentence2_has_negation = 0  [n = 263]:	loss = 0.264  exp loss = 0.288  adjusted loss = 0.288  adv prob = 0.422671   acc = 0.901
  gold_label_random = 2, sentence2_has_negation = 1  [n = 264]:	loss = 0.308  exp loss = 0.277  adjusted loss = 0.277  adv prob = 0.011983   acc = 0.890
Average incurred loss: 0.259  
Average sample loss: 0.282  
Average acc: 0.912  
  gold_label_random = 0, sentence2_has_negation = 0  [n = 265]:	loss = 0.260  exp loss = 0.214  adjusted loss = 0.214  adv prob = 0.235033   acc = 0.932
  gold_label_random = 0, sentence2_has_negation = 1  [n = 271]:	loss = 0.225  exp loss = 0.233  adjusted loss = 0.233  adv prob = 0.009583   acc = 0.919
  gold_label_random = 1, sentence2_has_negation = 0  [n = 260]:	loss = 0.296  exp loss = 0.321  adjusted loss = 0.321  adv prob = 0.313130   acc = 0.904
  gold_label_random = 1, sentence2_has_negation = 1  [n = 257]:	loss = 0.189  exp loss = 0.111  adjusted loss = 0.111  adv prob = 0.003970   acc = 0.934
  gold_label_random = 2, sentence2_has_negation = 0  [n = 254]:	loss = 0.322  exp loss = 0.333  adjusted loss = 0.333  adv prob = 0.426457   acc = 0.886
  gold_label_random = 2, sentence2_has_negation = 1  [n = 293]:	loss = 0.265  exp loss = 0.353  adjusted loss = 0.353  adv prob = 0.011826   acc = 0.898
Average incurred loss: 0.293  
Average sample loss: 0.316  
Average acc: 0.901  
  gold_label_random = 0, sentence2_has_negation = 0  [n = 278]:	loss = 0.330  exp loss = 0.145  adjusted loss = 0.145  adv prob = 0.231606   acc = 0.903
  gold_label_random = 0, sentence2_has_negation = 1  [n = 258]:	loss = 0.271  exp loss = 0.266  adjusted loss = 0.266  adv prob = 0.009307   acc = 0.899
  gold_label_random = 1, sentence2_has_negation = 0  [n = 285]:	loss = 0.322  exp loss = 0.273  adjusted loss = 0.273  adv prob = 0.312700   acc = 0.902
  gold_label_random = 1, sentence2_has_negation = 1  [n = 284]:	loss = 0.245  exp loss = 0.317  adjusted loss = 0.317  adv prob = 0.003874   acc = 0.915
  gold_label_random = 2, sentence2_has_negation = 0  [n = 247]:	loss = 0.348  exp loss = 0.307  adjusted loss = 0.307  adv prob = 0.430827   acc = 0.866
  gold_label_random = 2, sentence2_has_negation = 1  [n = 248]:	loss = 0.241  exp loss = 0.234  adjusted loss = 0.234  adv prob = 0.011685   acc = 0.915
Average incurred loss: 0.289  
Average sample loss: 0.269  
Average acc: 0.908  
  gold_label_random = 0, sentence2_has_negation = 0  [n = 242]:	loss = 0.283  exp loss = 0.291  adjusted loss = 0.291  adv prob = 0.237812   acc = 0.913
  gold_label_random = 0, sentence2_has_negation = 1  [n = 267]:	loss = 0.258  exp loss = 0.330  adjusted loss = 0.330  adv prob = 0.009233   acc = 0.925
  gold_label_random = 1, sentence2_has_negation = 0  [n = 271]:	loss = 0.325  exp loss = 0.352  adjusted loss = 0.352  adv prob = 0.317243   acc = 0.904
  gold_label_random = 1, sentence2_has_negation = 1  [n = 279]:	loss = 0.415  exp loss = 0.455  adjusted loss = 0.455  adv prob = 0.004160   acc = 0.867
  gold_label_random = 2, sentence2_has_negation = 0  [n = 259]:	loss = 0.214  exp loss = 0.266  adjusted loss = 0.266  adv prob = 0.419863   acc = 0.923
  gold_label_random = 2, sentence2_has_negation = 1  [n = 282]:	loss = 0.231  exp loss = 0.288  adjusted loss = 0.288  adv prob = 0.011688   acc = 0.918
Average incurred loss: 0.259  
Average sample loss: 0.269  
Average acc: 0.911  
  gold_label_random = 0, sentence2_has_negation = 0  [n = 281]:	loss = 0.298  exp loss = 0.397  adjusted loss = 0.397  adv prob = 0.239550   acc = 0.922
  gold_label_random = 0, sentence2_has_negation = 1  [n = 282]:	loss = 0.231  exp loss = 0.261  adjusted loss = 0.261  adv prob = 0.008958   acc = 0.918
  gold_label_random = 1, sentence2_has_negation = 0  [n = 273]:	loss = 0.208  exp loss = 0.260  adjusted loss = 0.260  adv prob = 0.309233   acc = 0.919
  gold_label_random = 1, sentence2_has_negation = 1  [n = 265]:	loss = 0.268  exp loss = 0.335  adjusted loss = 0.335  adv prob = 0.004228   acc = 0.913
  gold_label_random = 2, sentence2_has_negation = 0  [n = 251]:	loss = 0.298  exp loss = 0.276  adjusted loss = 0.276  adv prob = 0.426463   acc = 0.876
  gold_label_random = 2, sentence2_has_negation = 1  [n = 248]:	loss = 0.252  exp loss = 0.160  adjusted loss = 0.160  adv prob = 0.011569   acc = 0.915
Average incurred loss: 0.277  
Average sample loss: 0.279  
Average acc: 0.899  
  gold_label_random = 0, sentence2_has_negation = 0  [n = 269]:	loss = 0.227  exp loss = 0.249  adjusted loss = 0.249  adv prob = 0.234129   acc = 0.933
  gold_label_random = 0, sentence2_has_negation = 1  [n = 281]:	loss = 0.355  exp loss = 0.338  adjusted loss = 0.338  adv prob = 0.009247   acc = 0.886
  gold_label_random = 1, sentence2_has_negation = 0  [n = 274]:	loss = 0.278  exp loss = 0.254  adjusted loss = 0.254  adv prob = 0.312341   acc = 0.891
  gold_label_random = 1, sentence2_has_negation = 1  [n = 258]:	loss = 0.265  exp loss = 0.330  adjusted loss = 0.330  adv prob = 0.004149   acc = 0.903
  gold_label_random = 2, sentence2_has_negation = 0  [n = 247]:	loss = 0.315  exp loss = 0.296  adjusted loss = 0.296  adv prob = 0.428873   acc = 0.854
  gold_label_random = 2, sentence2_has_negation = 1  [n = 271]:	loss = 0.220  exp loss = 0.271  adjusted loss = 0.271  adv prob = 0.011260   acc = 0.923
Average incurred loss: 0.265  
Average sample loss: 0.272  
Average acc: 0.914  
  gold_label_random = 0, sentence2_has_negation = 0  [n = 257]:	loss = 0.266  exp loss = 0.280  adjusted loss = 0.280  adv prob = 0.233850   acc = 0.922
  gold_label_random = 0, sentence2_has_negation = 1  [n = 249]:	loss = 0.246  exp loss = 0.219  adjusted loss = 0.219  adv prob = 0.008965   acc = 0.916
  gold_label_random = 1, sentence2_has_negation = 0  [n = 262]:	loss = 0.246  exp loss = 0.264  adjusted loss = 0.264  adv prob = 0.308898   acc = 0.924
  gold_label_random = 1, sentence2_has_negation = 1  [n = 268]:	loss = 0.239  exp loss = 0.300  adjusted loss = 0.300  adv prob = 0.004063   acc = 0.933
  gold_label_random = 2, sentence2_has_negation = 0  [n = 278]:	loss = 0.309  exp loss = 0.310  adjusted loss = 0.310  adv prob = 0.432946   acc = 0.885
  gold_label_random = 2, sentence2_has_negation = 1  [n = 286]:	loss = 0.279  exp loss = 0.268  adjusted loss = 0.268  adv prob = 0.011279   acc = 0.906
Average incurred loss: 0.288  
Average sample loss: 0.318  
Average acc: 0.901  
  gold_label_random = 0, sentence2_has_negation = 0  [n = 291]:	loss = 0.290  exp loss = 0.228  adjusted loss = 0.228  adv prob = 0.230090   acc = 0.904
  gold_label_random = 0, sentence2_has_negation = 1  [n = 247]:	loss = 0.294  exp loss = 0.251  adjusted loss = 0.251  adv prob = 0.008788   acc = 0.887
  gold_label_random = 1, sentence2_has_negation = 0  [n = 285]:	loss = 0.251  exp loss = 0.175  adjusted loss = 0.175  adv prob = 0.295329   acc = 0.919
  gold_label_random = 1, sentence2_has_negation = 1  [n = 261]:	loss = 0.256  exp loss = 0.323  adjusted loss = 0.323  adv prob = 0.003911   acc = 0.916
  gold_label_random = 2, sentence2_has_negation = 0  [n = 271]:	loss = 0.411  exp loss = 0.384  adjusted loss = 0.384  adv prob = 0.451028   acc = 0.860
  gold_label_random = 2, sentence2_has_negation = 1  [n = 245]:	loss = 0.221  exp loss = 0.150  adjusted loss = 0.150  adv prob = 0.010855   acc = 0.922
Average incurred loss: 0.265  
Average sample loss: 0.255  
Average acc: 0.909  
  gold_label_random = 0, sentence2_has_negation = 0  [n = 248]:	loss = 0.264  exp loss = 0.262  adjusted loss = 0.262  adv prob = 0.230036   acc = 0.923
  gold_label_random = 0, sentence2_has_negation = 1  [n = 261]:	loss = 0.420  exp loss = 0.518  adjusted loss = 0.518  adv prob = 0.009559   acc = 0.851
  gold_label_random = 1, sentence2_has_negation = 0  [n = 283]:	loss = 0.206  exp loss = 0.138  adjusted loss = 0.138  adv prob = 0.288796   acc = 0.936
  gold_label_random = 1, sentence2_has_negation = 1  [n = 282]:	loss = 0.195  exp loss = 0.227  adjusted loss = 0.227  adv prob = 0.003842   acc = 0.933
  gold_label_random = 2, sentence2_has_negation = 0  [n = 280]:	loss = 0.290  exp loss = 0.246  adjusted loss = 0.246  adv prob = 0.457103   acc = 0.900
  gold_label_random = 2, sentence2_has_negation = 1  [n = 246]:	loss = 0.224  exp loss = 0.265  adjusted loss = 0.265  adv prob = 0.010664   acc = 0.911
Average incurred loss: 0.296  
Average sample loss: 0.310  
Average acc: 0.897  
  gold_label_random = 0, sentence2_has_negation = 0  [n = 253]:	loss = 0.366  exp loss = 0.305  adjusted loss = 0.305  adv prob = 0.234934   acc = 0.885
  gold_label_random = 0, sentence2_has_negation = 1  [n = 273]:	loss = 0.369  exp loss = 0.497  adjusted loss = 0.497  adv prob = 0.009687   acc = 0.875
  gold_label_random = 1, sentence2_has_negation = 0  [n = 278]:	loss = 0.297  exp loss = 0.255  adjusted loss = 0.255  adv prob = 0.289166   acc = 0.903
  gold_label_random = 1, sentence2_has_negation = 1  [n = 273]:	loss = 0.222  exp loss = 0.256  adjusted loss = 0.256  adv prob = 0.003671   acc = 0.923
  gold_label_random = 2, sentence2_has_negation = 0  [n = 256]:	loss = 0.298  exp loss = 0.240  adjusted loss = 0.240  adv prob = 0.452340   acc = 0.883
  gold_label_random = 2, sentence2_has_negation = 1  [n = 267]:	loss = 0.231  exp loss = 0.227  adjusted loss = 0.227  adv prob = 0.010203   acc = 0.910
Average incurred loss: 0.245  
Average sample loss: 0.252  
Average acc: 0.920  
  gold_label_random = 0, sentence2_has_negation = 0  [n = 242]:	loss = 0.335  exp loss = 0.265  adjusted loss = 0.265  adv prob = 0.246014   acc = 0.905
  gold_label_random = 0, sentence2_has_negation = 1  [n = 292]:	loss = 0.265  exp loss = 0.266  adjusted loss = 0.266  adv prob = 0.009894   acc = 0.897
  gold_label_random = 1, sentence2_has_negation = 0  [n = 251]:	loss = 0.209  exp loss = 0.327  adjusted loss = 0.327  adv prob = 0.280598   acc = 0.936
  gold_label_random = 1, sentence2_has_negation = 1  [n = 257]:	loss = 0.198  exp loss = 0.215  adjusted loss = 0.215  adv prob = 0.003578   acc = 0.938
  gold_label_random = 2, sentence2_has_negation = 0  [n = 282]:	loss = 0.235  exp loss = 0.189  adjusted loss = 0.189  adv prob = 0.449779   acc = 0.918
  gold_label_random = 2, sentence2_has_negation = 1  [n = 276]:	loss = 0.232  exp loss = 0.212  adjusted loss = 0.212  adv prob = 0.010138   acc = 0.928
Average incurred loss: 0.250  
Average sample loss: 0.252  
Average acc: 0.921  
  gold_label_random = 0, sentence2_has_negation = 0  [n = 270]:	loss = 0.363  exp loss = 0.366  adjusted loss = 0.366  adv prob = 0.262025   acc = 0.889
  gold_label_random = 0, sentence2_has_negation = 1  [n = 247]:	loss = 0.275  exp loss = 0.131  adjusted loss = 0.131  adv prob = 0.009956   acc = 0.931
  gold_label_random = 1, sentence2_has_negation = 0  [n = 274]:	loss = 0.232  exp loss = 0.231  adjusted loss = 0.231  adv prob = 0.275987   acc = 0.927
  gold_label_random = 1, sentence2_has_negation = 1  [n = 272]:	loss = 0.211  exp loss = 0.273  adjusted loss = 0.273  adv prob = 0.003498   acc = 0.923
  gold_label_random = 2, sentence2_has_negation = 0  [n = 265]:	loss = 0.219  exp loss = 0.264  adjusted loss = 0.264  adv prob = 0.438458   acc = 0.928
  gold_label_random = 2, sentence2_has_negation = 1  [n = 272]:	loss = 0.204  exp loss = 0.380  adjusted loss = 0.380  adv prob = 0.010076   acc = 0.926
Average incurred loss: 0.245  
Average sample loss: 0.228  
Average acc: 0.921  
  gold_label_random = 0, sentence2_has_negation = 0  [n = 293]:	loss = 0.222  exp loss = 0.252  adjusted loss = 0.252  adv prob = 0.257303   acc = 0.935
  gold_label_random = 0, sentence2_has_negation = 1  [n = 300]:	loss = 0.242  exp loss = 0.205  adjusted loss = 0.205  adv prob = 0.009972   acc = 0.917
  gold_label_random = 1, sentence2_has_negation = 0  [n = 239]:	loss = 0.214  exp loss = 0.355  adjusted loss = 0.355  adv prob = 0.278427   acc = 0.946
  gold_label_random = 1, sentence2_has_negation = 1  [n = 278]:	loss = 0.214  exp loss = 0.197  adjusted loss = 0.197  adv prob = 0.003461   acc = 0.924
  gold_label_random = 2, sentence2_has_negation = 0  [n = 249]:	loss = 0.261  exp loss = 0.231  adjusted loss = 0.231  adv prob = 0.440303   acc = 0.912
  gold_label_random = 2, sentence2_has_negation = 1  [n = 241]:	loss = 0.324  exp loss = 0.378  adjusted loss = 0.378  adv prob = 0.010533   acc = 0.888
Average incurred loss: 0.253  
Average sample loss: 0.276  
Average acc: 0.914  
  gold_label_random = 0, sentence2_has_negation = 0  [n = 257]:	loss = 0.274  exp loss = 0.222  adjusted loss = 0.222  adv prob = 0.252766   acc = 0.907
  gold_label_random = 0, sentence2_has_negation = 1  [n = 260]:	loss = 0.189  exp loss = 0.258  adjusted loss = 0.258  adv prob = 0.009493   acc = 0.938
  gold_label_random = 1, sentence2_has_negation = 0  [n = 283]:	loss = 0.280  exp loss = 0.336  adjusted loss = 0.336  adv prob = 0.283742   acc = 0.922
  gold_label_random = 1, sentence2_has_negation = 1  [n = 271]:	loss = 0.252  exp loss = 0.218  adjusted loss = 0.218  adv prob = 0.003406   acc = 0.919
  gold_label_random = 2, sentence2_has_negation = 0  [n = 255]:	loss = 0.252  exp loss = 0.448  adjusted loss = 0.448  adv prob = 0.440105   acc = 0.910
  gold_label_random = 2, sentence2_has_negation = 1  [n = 274]:	loss = 0.266  exp loss = 0.308  adjusted loss = 0.308  adv prob = 0.010488   acc = 0.891
Average incurred loss: 0.252  
Average sample loss: 0.243  
Average acc: 0.914  
  gold_label_random = 0, sentence2_has_negation = 0  [n = 242]:	loss = 0.159  exp loss = 0.165  adjusted loss = 0.165  adv prob = 0.242053   acc = 0.963
  gold_label_random = 0, sentence2_has_negation = 1  [n = 277]:	loss = 0.245  exp loss = 0.330  adjusted loss = 0.330  adv prob = 0.009491   acc = 0.903
  gold_label_random = 1, sentence2_has_negation = 0  [n = 284]:	loss = 0.309  exp loss = 0.290  adjusted loss = 0.290  adv prob = 0.293034   acc = 0.908
  gold_label_random = 1, sentence2_has_negation = 1  [n = 269]:	loss = 0.212  exp loss = 0.147  adjusted loss = 0.147  adv prob = 0.003334   acc = 0.926
  gold_label_random = 2, sentence2_has_negation = 0  [n = 270]:	loss = 0.295  exp loss = 0.320  adjusted loss = 0.320  adv prob = 0.441496   acc = 0.893
  gold_label_random = 2, sentence2_has_negation = 1  [n = 258]:	loss = 0.279  exp loss = 0.301  adjusted loss = 0.301  adv prob = 0.010591   acc = 0.899
Average incurred loss: 0.269  
Average sample loss: 0.293  
Average acc: 0.913  
  gold_label_random = 0, sentence2_has_negation = 0  [n = 259]:	loss = 0.254  exp loss = 0.232  adjusted loss = 0.232  adv prob = 0.234026   acc = 0.911
  gold_label_random = 0, sentence2_has_negation = 1  [n = 277]:	loss = 0.187  exp loss = 0.292  adjusted loss = 0.292  adv prob = 0.009010   acc = 0.931
  gold_label_random = 1, sentence2_has_negation = 0  [n = 250]:	loss = 0.232  exp loss = 0.194  adjusted loss = 0.194  adv prob = 0.283922   acc = 0.932
  gold_label_random = 1, sentence2_has_negation = 1  [n = 268]:	loss = 0.319  exp loss = 0.352  adjusted loss = 0.352  adv prob = 0.003389   acc = 0.903
  gold_label_random = 2, sentence2_has_negation = 0  [n = 282]:	loss = 0.361  exp loss = 0.493  adjusted loss = 0.493  adv prob = 0.459136   acc = 0.887
  gold_label_random = 2, sentence2_has_negation = 1  [n = 264]:	loss = 0.258  exp loss = 0.289  adjusted loss = 0.289  adv prob = 0.010517   acc = 0.913
Average incurred loss: 0.276  
Average sample loss: 0.301  
Average acc: 0.911  
  gold_label_random = 0, sentence2_has_negation = 0  [n = 275]:	loss = 0.288  exp loss = 0.362  adjusted loss = 0.362  adv prob = 0.239548   acc = 0.920
  gold_label_random = 0, sentence2_has_negation = 1  [n = 246]:	loss = 0.320  exp loss = 0.257  adjusted loss = 0.257  adv prob = 0.008959   acc = 0.890
  gold_label_random = 1, sentence2_has_negation = 0  [n = 242]:	loss = 0.211  exp loss = 0.165  adjusted loss = 0.165  adv prob = 0.269212   acc = 0.926
  gold_label_random = 1, sentence2_has_negation = 1  [n = 267]:	loss = 0.298  exp loss = 0.213  adjusted loss = 0.213  adv prob = 0.003433   acc = 0.884
  gold_label_random = 2, sentence2_has_negation = 0  [n = 277]:	loss = 0.349  exp loss = 0.318  adjusted loss = 0.318  adv prob = 0.468834   acc = 0.903
  gold_label_random = 2, sentence2_has_negation = 1  [n = 293]:	loss = 0.195  exp loss = 0.195  adjusted loss = 0.195  adv prob = 0.010014   acc = 0.942
Average incurred loss: 0.291  
Average sample loss: 0.299  
Average acc: 0.903  
  gold_label_random = 0, sentence2_has_negation = 0  [n = 268]:	loss = 0.400  exp loss = 0.419  adjusted loss = 0.419  adv prob = 0.251043   acc = 0.869
  gold_label_random = 0, sentence2_has_negation = 1  [n = 256]:	loss = 0.267  exp loss = 0.328  adjusted loss = 0.328  adv prob = 0.008757   acc = 0.895
  gold_label_random = 1, sentence2_has_negation = 0  [n = 249]:	loss = 0.344  exp loss = 0.424  adjusted loss = 0.424  adv prob = 0.277569   acc = 0.900
  gold_label_random = 1, sentence2_has_negation = 1  [n = 258]:	loss = 0.358  exp loss = 0.404  adjusted loss = 0.404  adv prob = 0.003602   acc = 0.884
  gold_label_random = 2, sentence2_has_negation = 0  [n = 292]:	loss = 0.221  exp loss = 0.226  adjusted loss = 0.226  adv prob = 0.449530   acc = 0.925
  gold_label_random = 2, sentence2_has_negation = 1  [n = 277]:	loss = 0.173  exp loss = 0.117  adjusted loss = 0.117  adv prob = 0.009499   acc = 0.942
Average incurred loss: 0.250  
Average sample loss: 0.261  
Average acc: 0.916  
  gold_label_random = 0, sentence2_has_negation = 0  [n = 267]:	loss = 0.254  exp loss = 0.180  adjusted loss = 0.180  adv prob = 0.251519   acc = 0.918
  gold_label_random = 0, sentence2_has_negation = 1  [n = 275]:	loss = 0.261  exp loss = 0.225  adjusted loss = 0.225  adv prob = 0.008671   acc = 0.920
  gold_label_random = 1, sentence2_has_negation = 0  [n = 280]:	loss = 0.295  exp loss = 0.298  adjusted loss = 0.298  adv prob = 0.284741   acc = 0.904
  gold_label_random = 1, sentence2_has_negation = 1  [n = 236]:	loss = 0.264  exp loss = 0.285  adjusted loss = 0.285  adv prob = 0.003580   acc = 0.907
  gold_label_random = 2, sentence2_has_negation = 0  [n = 284]:	loss = 0.232  exp loss = 0.238  adjusted loss = 0.238  adv prob = 0.442358   acc = 0.923
  gold_label_random = 2, sentence2_has_negation = 1  [n = 258]:	loss = 0.193  exp loss = 0.230  adjusted loss = 0.230  adv prob = 0.009130   acc = 0.926
Average incurred loss: 0.271  
Average sample loss: 0.335  
Average acc: 0.910  
  gold_label_random = 0, sentence2_has_negation = 0  [n = 263]:	loss = 0.257  exp loss = 0.180  adjusted loss = 0.180  adv prob = 0.245734   acc = 0.924
  gold_label_random = 0, sentence2_has_negation = 1  [n = 280]:	loss = 0.242  exp loss = 0.319  adjusted loss = 0.319  adv prob = 0.008271   acc = 0.918
  gold_label_random = 1, sentence2_has_negation = 0  [n = 235]:	loss = 0.282  exp loss = 0.413  adjusted loss = 0.413  adv prob = 0.285796   acc = 0.915
  gold_label_random = 1, sentence2_has_negation = 1  [n = 274]:	loss = 0.263  exp loss = 0.257  adjusted loss = 0.257  adv prob = 0.003514   acc = 0.912
  gold_label_random = 2, sentence2_has_negation = 0  [n = 280]:	loss = 0.310  exp loss = 0.318  adjusted loss = 0.318  adv prob = 0.447829   acc = 0.896
  gold_label_random = 2, sentence2_has_negation = 1  [n = 268]:	loss = 0.271  exp loss = 0.264  adjusted loss = 0.264  adv prob = 0.008855   acc = 0.896
Average incurred loss: 0.282  
Average sample loss: 0.280  
Average acc: 0.909  
  gold_label_random = 0, sentence2_has_negation = 0  [n = 280]:	loss = 0.335  exp loss = 0.429  adjusted loss = 0.429  adv prob = 0.252113   acc = 0.900
  gold_label_random = 0, sentence2_has_negation = 1  [n = 277]:	loss = 0.256  exp loss = 0.162  adjusted loss = 0.162  adv prob = 0.008054   acc = 0.910
  gold_label_random = 1, sentence2_has_negation = 0  [n = 258]:	loss = 0.327  exp loss = 0.215  adjusted loss = 0.215  adv prob = 0.291714   acc = 0.915
  gold_label_random = 1, sentence2_has_negation = 1  [n = 243]:	loss = 0.310  exp loss = 0.292  adjusted loss = 0.292  adv prob = 0.003542   acc = 0.909
  gold_label_random = 2, sentence2_has_negation = 0  [n = 257]:	loss = 0.243  exp loss = 0.145  adjusted loss = 0.145  adv prob = 0.435950   acc = 0.911
  gold_label_random = 2, sentence2_has_negation = 1  [n = 285]:	loss = 0.226  exp loss = 0.172  adjusted loss = 0.172  adv prob = 0.008628   acc = 0.912
Average incurred loss: 0.253  
Average sample loss: 0.271  
Average acc: 0.917  
  gold_label_random = 0, sentence2_has_negation = 0  [n = 296]:	loss = 0.329  exp loss = 0.422  adjusted loss = 0.422  adv prob = 0.256249   acc = 0.909
  gold_label_random = 0, sentence2_has_negation = 1  [n = 286]:	loss = 0.239  exp loss = 0.140  adjusted loss = 0.140  adv prob = 0.007867   acc = 0.934
  gold_label_random = 1, sentence2_has_negation = 0  [n = 234]:	loss = 0.216  exp loss = 0.125  adjusted loss = 0.125  adv prob = 0.287989   acc = 0.927
  gold_label_random = 1, sentence2_has_negation = 1  [n = 275]:	loss = 0.203  exp loss = 0.207  adjusted loss = 0.207  adv prob = 0.003419   acc = 0.920
  gold_label_random = 2, sentence2_has_negation = 0  [n = 274]:	loss = 0.273  exp loss = 0.271  adjusted loss = 0.271  adv prob = 0.435982   acc = 0.916
  gold_label_random = 2, sentence2_has_negation = 1  [n = 235]:	loss = 0.247  exp loss = 0.139  adjusted loss = 0.139  adv prob = 0.008493   acc = 0.894
Average incurred loss: 0.229  
Average sample loss: 0.264  
Average acc: 0.931  
  gold_label_random = 0, sentence2_has_negation = 0  [n = 259]:	loss = 0.201  exp loss = 0.146  adjusted loss = 0.146  adv prob = 0.245936   acc = 0.946
  gold_label_random = 0, sentence2_has_negation = 1  [n = 256]:	loss = 0.237  exp loss = 0.172  adjusted loss = 0.172  adv prob = 0.007795   acc = 0.934
  gold_label_random = 1, sentence2_has_negation = 0  [n = 268]:	loss = 0.281  exp loss = 0.177  adjusted loss = 0.177  adv prob = 0.289459   acc = 0.910
  gold_label_random = 1, sentence2_has_negation = 1  [n = 274]:	loss = 0.198  exp loss = 0.179  adjusted loss = 0.179  adv prob = 0.003284   acc = 0.945
  gold_label_random = 2, sentence2_has_negation = 0  [n = 284]:	loss = 0.264  exp loss = 0.238  adjusted loss = 0.238  adv prob = 0.445354   acc = 0.923
  gold_label_random = 2, sentence2_has_negation = 1  [n = 259]:	loss = 0.189  exp loss = 0.105  adjusted loss = 0.105  adv prob = 0.008172   acc = 0.927
Average incurred loss: 0.263  
Average sample loss: 0.225  
Average acc: 0.912  
  gold_label_random = 0, sentence2_has_negation = 0  [n = 254]:	loss = 0.367  exp loss = 0.306  adjusted loss = 0.306  adv prob = 0.255966   acc = 0.906
  gold_label_random = 0, sentence2_has_negation = 1  [n = 265]:	loss = 0.214  exp loss = 0.167  adjusted loss = 0.167  adv prob = 0.007774   acc = 0.928
  gold_label_random = 1, sentence2_has_negation = 0  [n = 258]:	loss = 0.167  exp loss = 0.145  adjusted loss = 0.145  adv prob = 0.279188   acc = 0.953
  gold_label_random = 1, sentence2_has_negation = 1  [n = 257]:	loss = 0.345  exp loss = 0.321  adjusted loss = 0.321  adv prob = 0.003488   acc = 0.895
  gold_label_random = 2, sentence2_has_negation = 0  [n = 278]:	loss = 0.238  exp loss = 0.264  adjusted loss = 0.264  adv prob = 0.445338   acc = 0.903
  gold_label_random = 2, sentence2_has_negation = 1  [n = 288]:	loss = 0.255  exp loss = 0.194  adjusted loss = 0.194  adv prob = 0.008246   acc = 0.889
Average incurred loss: 0.279  
Average sample loss: 0.349  
Average acc: 0.908  
  gold_label_random = 0, sentence2_has_negation = 0  [n = 264]:	loss = 0.283  exp loss = 0.246  adjusted loss = 0.246  adv prob = 0.244819   acc = 0.905
  gold_label_random = 0, sentence2_has_negation = 1  [n = 288]:	loss = 0.175  exp loss = 0.187  adjusted loss = 0.187  adv prob = 0.007089   acc = 0.941
  gold_label_random = 1, sentence2_has_negation = 0  [n = 258]:	loss = 0.345  exp loss = 0.272  adjusted loss = 0.272  adv prob = 0.279891   acc = 0.899
  gold_label_random = 1, sentence2_has_negation = 1  [n = 273]:	loss = 0.270  exp loss = 0.202  adjusted loss = 0.202  adv prob = 0.003294   acc = 0.930
  gold_label_random = 2, sentence2_has_negation = 0  [n = 249]:	loss = 0.382  exp loss = 0.600  adjusted loss = 0.600  adv prob = 0.457144   acc = 0.867
  gold_label_random = 2, sentence2_has_negation = 1  [n = 268]:	loss = 0.239  exp loss = 0.214  adjusted loss = 0.214  adv prob = 0.007764   acc = 0.899
Average incurred loss: 0.236  
Average sample loss: 0.270  
Average acc: 0.917  
  gold_label_random = 0, sentence2_has_negation = 0  [n = 264]:	loss = 0.276  exp loss = 0.210  adjusted loss = 0.210  adv prob = 0.243397   acc = 0.902
  gold_label_random = 0, sentence2_has_negation = 1  [n = 274]:	loss = 0.236  exp loss = 0.189  adjusted loss = 0.189  adv prob = 0.006963   acc = 0.898
  gold_label_random = 1, sentence2_has_negation = 0  [n = 271]:	loss = 0.239  exp loss = 0.240  adjusted loss = 0.240  adv prob = 0.273098   acc = 0.923
  gold_label_random = 1, sentence2_has_negation = 1  [n = 270]:	loss = 0.223  exp loss = 0.346  adjusted loss = 0.346  adv prob = 0.003266   acc = 0.930
  gold_label_random = 2, sentence2_has_negation = 0  [n = 273]:	loss = 0.287  exp loss = 0.416  adjusted loss = 0.416  adv prob = 0.465937   acc = 0.894
  gold_label_random = 2, sentence2_has_negation = 1  [n = 248]:	loss = 0.149  exp loss = 0.090  adjusted loss = 0.090  adv prob = 0.007340   acc = 0.960
Average incurred loss: 0.236  
Average sample loss: 0.243  
Average acc: 0.917  
  gold_label_random = 0, sentence2_has_negation = 0  [n = 258]:	loss = 0.201  exp loss = 0.128  adjusted loss = 0.128  adv prob = 0.239088   acc = 0.934
  gold_label_random = 0, sentence2_has_negation = 1  [n = 262]:	loss = 0.230  exp loss = 0.263  adjusted loss = 0.263  adv prob = 0.006915   acc = 0.908
  gold_label_random = 1, sentence2_has_negation = 0  [n = 268]:	loss = 0.282  exp loss = 0.322  adjusted loss = 0.322  adv prob = 0.275925   acc = 0.918
  gold_label_random = 1, sentence2_has_negation = 1  [n = 272]:	loss = 0.207  exp loss = 0.142  adjusted loss = 0.142  adv prob = 0.003174   acc = 0.938
  gold_label_random = 2, sentence2_has_negation = 0  [n = 269]:	loss = 0.260  exp loss = 0.300  adjusted loss = 0.300  adv prob = 0.467550   acc = 0.888
  gold_label_random = 2, sentence2_has_negation = 1  [n = 271]:	loss = 0.234  exp loss = 0.329  adjusted loss = 0.329  adv prob = 0.007348   acc = 0.915
Average incurred loss: 0.239  
Average sample loss: 0.215  
Average acc: 0.921  
  gold_label_random = 0, sentence2_has_negation = 0  [n = 259]:	loss = 0.224  exp loss = 0.133  adjusted loss = 0.133  adv prob = 0.237104   acc = 0.927
  gold_label_random = 0, sentence2_has_negation = 1  [n = 276]:	loss = 0.256  exp loss = 0.188  adjusted loss = 0.188  adv prob = 0.007151   acc = 0.913
  gold_label_random = 1, sentence2_has_negation = 0  [n = 276]:	loss = 0.304  exp loss = 0.287  adjusted loss = 0.287  adv prob = 0.286124   acc = 0.913
  gold_label_random = 1, sentence2_has_negation = 1  [n = 254]:	loss = 0.257  exp loss = 0.206  adjusted loss = 0.206  adv prob = 0.003227   acc = 0.913
  gold_label_random = 2, sentence2_has_negation = 0  [n = 277]:	loss = 0.192  exp loss = 0.177  adjusted loss = 0.177  adv prob = 0.459078   acc = 0.931
  gold_label_random = 2, sentence2_has_negation = 1  [n = 258]:	loss = 0.202  exp loss = 0.197  adjusted loss = 0.197  adv prob = 0.007317   acc = 0.930
Average incurred loss: 0.274  
Average sample loss: 0.291  
Average acc: 0.909  
  gold_label_random = 0, sentence2_has_negation = 0  [n = 248]:	loss = 0.251  exp loss = 0.141  adjusted loss = 0.141  adv prob = 0.231041   acc = 0.923
  gold_label_random = 0, sentence2_has_negation = 1  [n = 276]:	loss = 0.285  exp loss = 0.337  adjusted loss = 0.337  adv prob = 0.007136   acc = 0.895
  gold_label_random = 1, sentence2_has_negation = 0  [n = 272]:	loss = 0.283  exp loss = 0.285  adjusted loss = 0.285  adv prob = 0.288112   acc = 0.915
  gold_label_random = 1, sentence2_has_negation = 1  [n = 244]:	loss = 0.263  exp loss = 0.205  adjusted loss = 0.205  adv prob = 0.003143   acc = 0.922
  gold_label_random = 2, sentence2_has_negation = 0  [n = 295]:	loss = 0.289  exp loss = 0.409  adjusted loss = 0.409  adv prob = 0.463372   acc = 0.905
  gold_label_random = 2, sentence2_has_negation = 1  [n = 265]:	loss = 0.268  exp loss = 0.296  adjusted loss = 0.296  adv prob = 0.007196   acc = 0.894
Average incurred loss: 0.286  
Average sample loss: 0.303  
Average acc: 0.907  
  gold_label_random = 0, sentence2_has_negation = 0  [n = 270]:	loss = 0.299  exp loss = 0.359  adjusted loss = 0.359  adv prob = 0.228716   acc = 0.907
  gold_label_random = 0, sentence2_has_negation = 1  [n = 241]:	loss = 0.277  exp loss = 0.241  adjusted loss = 0.241  adv prob = 0.006915   acc = 0.913
  gold_label_random = 1, sentence2_has_negation = 0  [n = 265]:	loss = 0.271  exp loss = 0.338  adjusted loss = 0.338  adv prob = 0.284659   acc = 0.917
  gold_label_random = 1, sentence2_has_negation = 1  [n = 274]:	loss = 0.221  exp loss = 0.197  adjusted loss = 0.197  adv prob = 0.003048   acc = 0.942
  gold_label_random = 2, sentence2_has_negation = 0  [n = 292]:	loss = 0.334  exp loss = 0.196  adjusted loss = 0.196  adv prob = 0.469380   acc = 0.873
  gold_label_random = 2, sentence2_has_negation = 1  [n = 258]:	loss = 0.309  exp loss = 0.179  adjusted loss = 0.179  adv prob = 0.007282   acc = 0.895
Average incurred loss: 0.278  
Average sample loss: 0.296  
Average acc: 0.904  
  gold_label_random = 0, sentence2_has_negation = 0  [n = 256]:	loss = 0.337  exp loss = 0.354  adjusted loss = 0.354  adv prob = 0.231323   acc = 0.887
  gold_label_random = 0, sentence2_has_negation = 1  [n = 269]:	loss = 0.277  exp loss = 0.227  adjusted loss = 0.227  adv prob = 0.006947   acc = 0.907
  gold_label_random = 1, sentence2_has_negation = 0  [n = 301]:	loss = 0.309  exp loss = 0.267  adjusted loss = 0.267  adv prob = 0.288315   acc = 0.880
  gold_label_random = 1, sentence2_has_negation = 1  [n = 253]:	loss = 0.280  exp loss = 0.216  adjusted loss = 0.216  adv prob = 0.002961   acc = 0.917
  gold_label_random = 2, sentence2_has_negation = 0  [n = 257]:	loss = 0.288  exp loss = 0.250  adjusted loss = 0.250  adv prob = 0.463564   acc = 0.903
  gold_label_random = 2, sentence2_has_negation = 1  [n = 264]:	loss = 0.174  exp loss = 0.186  adjusted loss = 0.186  adv prob = 0.006890   acc = 0.932
Average incurred loss: 0.299  
Average sample loss: 0.337  
Average acc: 0.907  
  gold_label_random = 0, sentence2_has_negation = 0  [n = 269]:	loss = 0.364  exp loss = 0.481  adjusted loss = 0.481  adv prob = 0.231415   acc = 0.907
  gold_label_random = 0, sentence2_has_negation = 1  [n = 253]:	loss = 0.295  exp loss = 0.320  adjusted loss = 0.320  adv prob = 0.006779   acc = 0.893
  gold_label_random = 1, sentence2_has_negation = 0  [n = 289]:	loss = 0.319  exp loss = 0.165  adjusted loss = 0.165  adv prob = 0.281021   acc = 0.913
  gold_label_random = 1, sentence2_has_negation = 1  [n = 286]:	loss = 0.247  exp loss = 0.296  adjusted loss = 0.296  adv prob = 0.002907   acc = 0.927
  gold_label_random = 2, sentence2_has_negation = 0  [n = 249]:	loss = 0.380  exp loss = 0.279  adjusted loss = 0.279  adv prob = 0.471466   acc = 0.851
  gold_label_random = 2, sentence2_has_negation = 1  [n = 254]:	loss = 0.191  exp loss = 0.181  adjusted loss = 0.181  adv prob = 0.006413   acc = 0.945
Average incurred loss: 0.294  
Average sample loss: 0.293  
Average acc: 0.903  
  gold_label_random = 0, sentence2_has_negation = 0  [n = 261]:	loss = 0.455  exp loss = 0.365  adjusted loss = 0.365  adv prob = 0.245868   acc = 0.866
  gold_label_random = 0, sentence2_has_negation = 1  [n = 262]:	loss = 0.282  exp loss = 0.308  adjusted loss = 0.308  adv prob = 0.006645   acc = 0.901
  gold_label_random = 1, sentence2_has_negation = 0  [n = 262]:	loss = 0.240  exp loss = 0.264  adjusted loss = 0.264  adv prob = 0.273138   acc = 0.924
  gold_label_random = 1, sentence2_has_negation = 1  [n = 266]:	loss = 0.297  exp loss = 0.254  adjusted loss = 0.254  adv prob = 0.002902   acc = 0.910
  gold_label_random = 2, sentence2_has_negation = 0  [n = 282]:	loss = 0.284  exp loss = 0.233  adjusted loss = 0.233  adv prob = 0.465377   acc = 0.897
  gold_label_random = 2, sentence2_has_negation = 1  [n = 267]:	loss = 0.206  exp loss = 0.201  adjusted loss = 0.201  adv prob = 0.006069   acc = 0.921
Average incurred loss: 0.266  
Average sample loss: 0.304  
Average acc: 0.916  
  gold_label_random = 0, sentence2_has_negation = 0  [n = 260]:	loss = 0.310  exp loss = 0.183  adjusted loss = 0.183  adv prob = 0.243519   acc = 0.912
  gold_label_random = 0, sentence2_has_negation = 1  [n = 268]:	loss = 0.257  exp loss = 0.167  adjusted loss = 0.167  adv prob = 0.006641   acc = 0.914
  gold_label_random = 1, sentence2_has_negation = 0  [n = 271]:	loss = 0.279  exp loss = 0.252  adjusted loss = 0.252  adv prob = 0.274719   acc = 0.937
  gold_label_random = 1, sentence2_has_negation = 1  [n = 230]:	loss = 0.191  exp loss = 0.159  adjusted loss = 0.159  adv prob = 0.002725   acc = 0.935
  gold_label_random = 2, sentence2_has_negation = 0  [n = 294]:	loss = 0.312  exp loss = 0.378  adjusted loss = 0.378  adv prob = 0.466596   acc = 0.884
  gold_label_random = 2, sentence2_has_negation = 1  [n = 277]:	loss = 0.232  exp loss = 0.205  adjusted loss = 0.205  adv prob = 0.005799   acc = 0.917
Average incurred loss: 0.255  
Average sample loss: 0.253  
Average acc: 0.915  
  gold_label_random = 0, sentence2_has_negation = 0  [n = 254]:	loss = 0.229  exp loss = 0.265  adjusted loss = 0.265  adv prob = 0.238558   acc = 0.917
  gold_label_random = 0, sentence2_has_negation = 1  [n = 279]:	loss = 0.272  exp loss = 0.208  adjusted loss = 0.208  adv prob = 0.006722   acc = 0.914
  gold_label_random = 1, sentence2_has_negation = 0  [n = 277]:	loss = 0.219  exp loss = 0.231  adjusted loss = 0.231  adv prob = 0.270894   acc = 0.931
  gold_label_random = 1, sentence2_has_negation = 1  [n = 281]:	loss = 0.223  exp loss = 0.200  adjusted loss = 0.200  adv prob = 0.002653   acc = 0.932
  gold_label_random = 2, sentence2_has_negation = 0  [n = 271]:	loss = 0.282  exp loss = 0.232  adjusted loss = 0.232  adv prob = 0.475132   acc = 0.886
  gold_label_random = 2, sentence2_has_negation = 1  [n = 238]:	loss = 0.313  exp loss = 0.307  adjusted loss = 0.307  adv prob = 0.006041   acc = 0.908
Average incurred loss: 0.241  
Average sample loss: 0.253  
Average acc: 0.924  
  gold_label_random = 0, sentence2_has_negation = 0  [n = 271]:	loss = 0.233  exp loss = 0.202  adjusted loss = 0.202  adv prob = 0.237291   acc = 0.930
  gold_label_random = 0, sentence2_has_negation = 1  [n = 275]:	loss = 0.290  exp loss = 0.346  adjusted loss = 0.346  adv prob = 0.006886   acc = 0.913
  gold_label_random = 1, sentence2_has_negation = 0  [n = 248]:	loss = 0.333  exp loss = 0.260  adjusted loss = 0.260  adv prob = 0.282385   acc = 0.895
  gold_label_random = 1, sentence2_has_negation = 1  [n = 276]:	loss = 0.238  exp loss = 0.195  adjusted loss = 0.195  adv prob = 0.002687   acc = 0.920
  gold_label_random = 2, sentence2_has_negation = 0  [n = 265]:	loss = 0.185  exp loss = 0.160  adjusted loss = 0.160  adv prob = 0.464958   acc = 0.936
  gold_label_random = 2, sentence2_has_negation = 1  [n = 265]:	loss = 0.174  exp loss = 0.215  adjusted loss = 0.215  adv prob = 0.005793   acc = 0.947
Average incurred loss: 0.269  
Average sample loss: 0.285  
Average acc: 0.918  
  gold_label_random = 0, sentence2_has_negation = 0  [n = 263]:	loss = 0.279  exp loss = 0.310  adjusted loss = 0.310  adv prob = 0.240139   acc = 0.928
  gold_label_random = 0, sentence2_has_negation = 1  [n = 238]:	loss = 0.348  exp loss = 0.432  adjusted loss = 0.432  adv prob = 0.007191   acc = 0.874
  gold_label_random = 1, sentence2_has_negation = 0  [n = 283]:	loss = 0.264  exp loss = 0.224  adjusted loss = 0.224  adv prob = 0.283431   acc = 0.919
  gold_label_random = 1, sentence2_has_negation = 1  [n = 270]:	loss = 0.230  exp loss = 0.129  adjusted loss = 0.129  adv prob = 0.002575   acc = 0.948
  gold_label_random = 2, sentence2_has_negation = 0  [n = 254]:	loss = 0.259  exp loss = 0.202  adjusted loss = 0.202  adv prob = 0.461026   acc = 0.913
  gold_label_random = 2, sentence2_has_negation = 1  [n = 292]:	loss = 0.245  exp loss = 0.267  adjusted loss = 0.267  adv prob = 0.005637   acc = 0.921
Average incurred loss: 0.247  
Average sample loss: 0.283  
Average acc: 0.921  
  gold_label_random = 0, sentence2_has_negation = 0  [n = 255]:	loss = 0.368  exp loss = 0.380  adjusted loss = 0.380  adv prob = 0.246741   acc = 0.886
  gold_label_random = 0, sentence2_has_negation = 1  [n = 226]:	loss = 0.180  exp loss = 0.170  adjusted loss = 0.170  adv prob = 0.006771   acc = 0.934
  gold_label_random = 1, sentence2_has_negation = 0  [n = 287]:	loss = 0.212  exp loss = 0.151  adjusted loss = 0.151  adv prob = 0.273101   acc = 0.944
  gold_label_random = 1, sentence2_has_negation = 1  [n = 267]:	loss = 0.249  exp loss = 0.430  adjusted loss = 0.430  adv prob = 0.002572   acc = 0.921
  gold_label_random = 2, sentence2_has_negation = 0  [n = 277]:	loss = 0.295  exp loss = 0.280  adjusted loss = 0.280  adv prob = 0.465434   acc = 0.888
  gold_label_random = 2, sentence2_has_negation = 1  [n = 288]:	loss = 0.178  exp loss = 0.184  adjusted loss = 0.184  adv prob = 0.005382   acc = 0.948
Average incurred loss: 0.223  
Average sample loss: 0.222  
Average acc: 0.919  
  gold_label_random = 0, sentence2_has_negation = 0  [n = 247]:	loss = 0.226  exp loss = 0.175  adjusted loss = 0.175  adv prob = 0.248126   acc = 0.923
  gold_label_random = 0, sentence2_has_negation = 1  [n = 257]:	loss = 0.211  exp loss = 0.201  adjusted loss = 0.201  adv prob = 0.006759   acc = 0.934
  gold_label_random = 1, sentence2_has_negation = 0  [n = 253]:	loss = 0.256  exp loss = 0.319  adjusted loss = 0.319  adv prob = 0.276895   acc = 0.897
  gold_label_random = 1, sentence2_has_negation = 1  [n = 306]:	loss = 0.262  exp loss = 0.189  adjusted loss = 0.189  adv prob = 0.002590   acc = 0.915
  gold_label_random = 2, sentence2_has_negation = 0  [n = 256]:	loss = 0.195  exp loss = 0.177  adjusted loss = 0.177  adv prob = 0.460297   acc = 0.914
  gold_label_random = 2, sentence2_has_negation = 1  [n = 281]:	loss = 0.185  exp loss = 0.300  adjusted loss = 0.300  adv prob = 0.005334   acc = 0.932
Average incurred loss: 0.261  
Average sample loss: 0.259  
Average acc: 0.916  
  gold_label_random = 0, sentence2_has_negation = 0  [n = 256]:	loss = 0.234  exp loss = 0.328  adjusted loss = 0.328  adv prob = 0.248828   acc = 0.926
  gold_label_random = 0, sentence2_has_negation = 1  [n = 258]:	loss = 0.289  exp loss = 0.448  adjusted loss = 0.448  adv prob = 0.007083   acc = 0.895
  gold_label_random = 1, sentence2_has_negation = 0  [n = 274]:	loss = 0.242  exp loss = 0.233  adjusted loss = 0.233  adv prob = 0.271712   acc = 0.931
  gold_label_random = 1, sentence2_has_negation = 1  [n = 258]:	loss = 0.302  exp loss = 0.362  adjusted loss = 0.362  adv prob = 0.002646   acc = 0.907
  gold_label_random = 2, sentence2_has_negation = 0  [n = 272]:	loss = 0.329  exp loss = 0.341  adjusted loss = 0.341  adv prob = 0.464700   acc = 0.890
  gold_label_random = 2, sentence2_has_negation = 1  [n = 282]:	loss = 0.173  exp loss = 0.124  adjusted loss = 0.124  adv prob = 0.005032   acc = 0.947
Average incurred loss: 0.286  
Average sample loss: 0.302  
Average acc: 0.904  
  gold_label_random = 0, sentence2_has_negation = 0  [n = 265]:	loss = 0.318  exp loss = 0.218  adjusted loss = 0.218  adv prob = 0.248801   acc = 0.917
  gold_label_random = 0, sentence2_has_negation = 1  [n = 261]:	loss = 0.217  exp loss = 0.277  adjusted loss = 0.277  adv prob = 0.006843   acc = 0.900
  gold_label_random = 1, sentence2_has_negation = 0  [n = 277]:	loss = 0.397  exp loss = 0.352  adjusted loss = 0.352  adv prob = 0.292170   acc = 0.884
  gold_label_random = 1, sentence2_has_negation = 1  [n = 268]:	loss = 0.305  exp loss = 0.330  adjusted loss = 0.330  adv prob = 0.002663   acc = 0.907
  gold_label_random = 2, sentence2_has_negation = 0  [n = 256]:	loss = 0.228  exp loss = 0.187  adjusted loss = 0.187  adv prob = 0.444612   acc = 0.918
  gold_label_random = 2, sentence2_has_negation = 1  [n = 273]:	loss = 0.245  exp loss = 0.250  adjusted loss = 0.250  adv prob = 0.004911   acc = 0.901
Average incurred loss: 0.231  
Average sample loss: 0.255  
Average acc: 0.923  
  gold_label_random = 0, sentence2_has_negation = 0  [n = 244]:	loss = 0.222  exp loss = 0.238  adjusted loss = 0.238  adv prob = 0.242891   acc = 0.939
  gold_label_random = 0, sentence2_has_negation = 1  [n = 279]:	loss = 0.260  exp loss = 0.350  adjusted loss = 0.350  adv prob = 0.006829   acc = 0.928
  gold_label_random = 1, sentence2_has_negation = 0  [n = 284]:	loss = 0.191  exp loss = 0.190  adjusted loss = 0.190  adv prob = 0.294638   acc = 0.947
  gold_label_random = 1, sentence2_has_negation = 1  [n = 269]:	loss = 0.223  exp loss = 0.222  adjusted loss = 0.222  adv prob = 0.002618   acc = 0.929
  gold_label_random = 2, sentence2_has_negation = 0  [n = 244]:	loss = 0.269  exp loss = 0.410  adjusted loss = 0.410  adv prob = 0.448160   acc = 0.893
  gold_label_random = 2, sentence2_has_negation = 1  [n = 280]:	loss = 0.225  exp loss = 0.247  adjusted loss = 0.247  adv prob = 0.004865   acc = 0.900
Average incurred loss: 0.236  
Average sample loss: 0.261  
Average acc: 0.920  
  gold_label_random = 0, sentence2_has_negation = 0  [n = 271]:	loss = 0.237  exp loss = 0.154  adjusted loss = 0.154  adv prob = 0.237273   acc = 0.923
  gold_label_random = 0, sentence2_has_negation = 1  [n = 296]:	loss = 0.210  exp loss = 0.262  adjusted loss = 0.262  adv prob = 0.006690   acc = 0.936
  gold_label_random = 1, sentence2_has_negation = 0  [n = 258]:	loss = 0.209  exp loss = 0.096  adjusted loss = 0.096  adv prob = 0.286039   acc = 0.930
  gold_label_random = 1, sentence2_has_negation = 1  [n = 261]:	loss = 0.217  exp loss = 0.278  adjusted loss = 0.278  adv prob = 0.002608   acc = 0.923
  gold_label_random = 2, sentence2_has_negation = 0  [n = 246]:	loss = 0.333  exp loss = 0.413  adjusted loss = 0.413  adv prob = 0.462636   acc = 0.886
  gold_label_random = 2, sentence2_has_negation = 1  [n = 268]:	loss = 0.221  exp loss = 0.222  adjusted loss = 0.222  adv prob = 0.004754   acc = 0.918
Average incurred loss: 0.266  
Average sample loss: 0.278  
Average acc: 0.901  
  gold_label_random = 0, sentence2_has_negation = 0  [n = 265]:	loss = 0.220  exp loss = 0.342  adjusted loss = 0.342  adv prob = 0.235535   acc = 0.928
  gold_label_random = 0, sentence2_has_negation = 1  [n = 246]:	loss = 0.272  exp loss = 0.278  adjusted loss = 0.278  adv prob = 0.006570   acc = 0.902
  gold_label_random = 1, sentence2_has_negation = 0  [n = 255]:	loss = 0.338  exp loss = 0.243  adjusted loss = 0.243  adv prob = 0.297844   acc = 0.875
  gold_label_random = 1, sentence2_has_negation = 1  [n = 274]:	loss = 0.251  exp loss = 0.262  adjusted loss = 0.262  adv prob = 0.002566   acc = 0.901
  gold_label_random = 2, sentence2_has_negation = 0  [n = 277]:	loss = 0.261  exp loss = 0.320  adjusted loss = 0.320  adv prob = 0.452766   acc = 0.899
  gold_label_random = 2, sentence2_has_negation = 1  [n = 283]:	loss = 0.261  exp loss = 0.279  adjusted loss = 0.279  adv prob = 0.004720   acc = 0.901
Average incurred loss: 0.253  
Average sample loss: 0.261  
Average acc: 0.917  
  gold_label_random = 0, sentence2_has_negation = 0  [n = 280]:	loss = 0.237  exp loss = 0.314  adjusted loss = 0.314  adv prob = 0.230903   acc = 0.918
  gold_label_random = 0, sentence2_has_negation = 1  [n = 249]:	loss = 0.171  exp loss = 0.190  adjusted loss = 0.190  adv prob = 0.006289   acc = 0.948
  gold_label_random = 1, sentence2_has_negation = 0  [n = 280]:	loss = 0.249  exp loss = 0.249  adjusted loss = 0.249  adv prob = 0.296086   acc = 0.918
  gold_label_random = 1, sentence2_has_negation = 1  [n = 262]:	loss = 0.304  exp loss = 0.333  adjusted loss = 0.333  adv prob = 0.002681   acc = 0.916
  gold_label_random = 2, sentence2_has_negation = 0  [n = 269]:	loss = 0.308  exp loss = 0.265  adjusted loss = 0.265  adv prob = 0.459400   acc = 0.896
  gold_label_random = 2, sentence2_has_negation = 1  [n = 260]:	loss = 0.242  exp loss = 0.285  adjusted loss = 0.285  adv prob = 0.004640   acc = 0.908
Average incurred loss: 0.271  
Average sample loss: 0.266  
Average acc: 0.911  
  gold_label_random = 0, sentence2_has_negation = 0  [n = 267]:	loss = 0.287  exp loss = 0.367  adjusted loss = 0.367  adv prob = 0.237426   acc = 0.899
  gold_label_random = 0, sentence2_has_negation = 1  [n = 261]:	loss = 0.362  exp loss = 0.595  adjusted loss = 0.595  adv prob = 0.006854   acc = 0.908
  gold_label_random = 1, sentence2_has_negation = 0  [n = 282]:	loss = 0.251  exp loss = 0.200  adjusted loss = 0.200  adv prob = 0.294690   acc = 0.911
  gold_label_random = 1, sentence2_has_negation = 1  [n = 265]:	loss = 0.192  exp loss = 0.184  adjusted loss = 0.184  adv prob = 0.002599   acc = 0.936
  gold_label_random = 2, sentence2_has_negation = 0  [n = 253]:	loss = 0.278  exp loss = 0.248  adjusted loss = 0.248  adv prob = 0.453735   acc = 0.905
  gold_label_random = 2, sentence2_has_negation = 1  [n = 272]:	loss = 0.259  exp loss = 0.446  adjusted loss = 0.446  adv prob = 0.004698   acc = 0.908
Average incurred loss: 0.262  
Average sample loss: 0.293  
Average acc: 0.909  
  gold_label_random = 0, sentence2_has_negation = 0  [n = 264]:	loss = 0.222  exp loss = 0.414  adjusted loss = 0.414  adv prob = 0.233634   acc = 0.924
  gold_label_random = 0, sentence2_has_negation = 1  [n = 258]:	loss = 0.204  exp loss = 0.129  adjusted loss = 0.129  adv prob = 0.006613   acc = 0.922
  gold_label_random = 1, sentence2_has_negation = 0  [n = 273]:	loss = 0.287  exp loss = 0.292  adjusted loss = 0.292  adv prob = 0.296893   acc = 0.912
  gold_label_random = 1, sentence2_has_negation = 1  [n = 268]:	loss = 0.231  exp loss = 0.241  adjusted loss = 0.241  adv prob = 0.002522   acc = 0.922
  gold_label_random = 2, sentence2_has_negation = 0  [n = 282]:	loss = 0.320  exp loss = 0.319  adjusted loss = 0.319  adv prob = 0.455620   acc = 0.879
  gold_label_random = 2, sentence2_has_negation = 1  [n = 255]:	loss = 0.305  exp loss = 0.174  adjusted loss = 0.174  adv prob = 0.004718   acc = 0.894
Average incurred loss: 0.266  
Average sample loss: 0.249  
Average acc: 0.914  
  gold_label_random = 0, sentence2_has_negation = 0  [n = 247]:	loss = 0.259  exp loss = 0.386  adjusted loss = 0.386  adv prob = 0.239611   acc = 0.919
  gold_label_random = 0, sentence2_has_negation = 1  [n = 289]:	loss = 0.233  exp loss = 0.286  adjusted loss = 0.286  adv prob = 0.006787   acc = 0.913
  gold_label_random = 1, sentence2_has_negation = 0  [n = 240]:	loss = 0.274  exp loss = 0.231  adjusted loss = 0.231  adv prob = 0.297264   acc = 0.921
  gold_label_random = 1, sentence2_has_negation = 1  [n = 270]:	loss = 0.341  exp loss = 0.301  adjusted loss = 0.301  adv prob = 0.002637   acc = 0.900
  gold_label_random = 2, sentence2_has_negation = 0  [n = 297]:	loss = 0.223  exp loss = 0.266  adjusted loss = 0.266  adv prob = 0.448945   acc = 0.919
  gold_label_random = 2, sentence2_has_negation = 1  [n = 257]:	loss = 0.275  exp loss = 0.305  adjusted loss = 0.305  adv prob = 0.004756   acc = 0.911
Average incurred loss: 0.277  
Average sample loss: 0.238  
Average acc: 0.906  
  gold_label_random = 0, sentence2_has_negation = 0  [n = 279]:	loss = 0.225  exp loss = 0.203  adjusted loss = 0.203  adv prob = 0.234479   acc = 0.921
  gold_label_random = 0, sentence2_has_negation = 1  [n = 263]:	loss = 0.348  exp loss = 0.287  adjusted loss = 0.287  adv prob = 0.007164   acc = 0.897
  gold_label_random = 1, sentence2_has_negation = 0  [n = 255]:	loss = 0.272  exp loss = 0.295  adjusted loss = 0.295  adv prob = 0.302806   acc = 0.902
  gold_label_random = 1, sentence2_has_negation = 1  [n = 273]:	loss = 0.281  exp loss = 0.180  adjusted loss = 0.180  adv prob = 0.002670   acc = 0.905
  gold_label_random = 2, sentence2_has_negation = 0  [n = 265]:	loss = 0.265  exp loss = 0.166  adjusted loss = 0.166  adv prob = 0.448049   acc = 0.921
  gold_label_random = 2, sentence2_has_negation = 1  [n = 265]:	loss = 0.274  exp loss = 0.328  adjusted loss = 0.328  adv prob = 0.004832   acc = 0.891
Average incurred loss: 0.266  
Average sample loss: 0.300  
Average acc: 0.909  
  gold_label_random = 0, sentence2_has_negation = 0  [n = 255]:	loss = 0.287  exp loss = 0.265  adjusted loss = 0.265  adv prob = 0.232845   acc = 0.898
  gold_label_random = 0, sentence2_has_negation = 1  [n = 237]:	loss = 0.355  exp loss = 0.281  adjusted loss = 0.281  adv prob = 0.007328   acc = 0.899
  gold_label_random = 1, sentence2_has_negation = 0  [n = 286]:	loss = 0.325  exp loss = 0.304  adjusted loss = 0.304  adv prob = 0.308505   acc = 0.888
  gold_label_random = 1, sentence2_has_negation = 1  [n = 258]:	loss = 0.208  exp loss = 0.289  adjusted loss = 0.289  adv prob = 0.002555   acc = 0.938
  gold_label_random = 2, sentence2_has_negation = 0  [n = 294]:	loss = 0.251  exp loss = 0.228  adjusted loss = 0.228  adv prob = 0.444209   acc = 0.898
  gold_label_random = 2, sentence2_has_negation = 1  [n = 270]:	loss = 0.177  exp loss = 0.150  adjusted loss = 0.150  adv prob = 0.004558   acc = 0.933
Average incurred loss: 0.243  
Average sample loss: 0.213  
Average acc: 0.916  
  gold_label_random = 0, sentence2_has_negation = 0  [n = 268]:	loss = 0.238  exp loss = 0.236  adjusted loss = 0.236  adv prob = 0.233253   acc = 0.925
  gold_label_random = 0, sentence2_has_negation = 1  [n = 280]:	loss = 0.305  exp loss = 0.160  adjusted loss = 0.160  adv prob = 0.007691   acc = 0.893
  gold_label_random = 1, sentence2_has_negation = 0  [n = 266]:	loss = 0.227  exp loss = 0.274  adjusted loss = 0.274  adv prob = 0.309036   acc = 0.921
  gold_label_random = 1, sentence2_has_negation = 1  [n = 258]:	loss = 0.225  exp loss = 0.163  adjusted loss = 0.163  adv prob = 0.002552   acc = 0.942
  gold_label_random = 2, sentence2_has_negation = 0  [n = 258]:	loss = 0.226  exp loss = 0.163  adjusted loss = 0.163  adv prob = 0.442876   acc = 0.895
  gold_label_random = 2, sentence2_has_negation = 1  [n = 270]:	loss = 0.232  exp loss = 0.273  adjusted loss = 0.273  adv prob = 0.004592   acc = 0.922
Average incurred loss: 0.270  
Average sample loss: 0.282  
Average acc: 0.914  
  gold_label_random = 0, sentence2_has_negation = 0  [n = 254]:	loss = 0.304  exp loss = 0.336  adjusted loss = 0.336  adv prob = 0.235139   acc = 0.906
  gold_label_random = 0, sentence2_has_negation = 1  [n = 238]:	loss = 0.291  exp loss = 0.224  adjusted loss = 0.224  adv prob = 0.007903   acc = 0.903
  gold_label_random = 1, sentence2_has_negation = 0  [n = 272]:	loss = 0.238  exp loss = 0.243  adjusted loss = 0.243  adv prob = 0.304089   acc = 0.934
  gold_label_random = 1, sentence2_has_negation = 1  [n = 289]:	loss = 0.268  exp loss = 0.243  adjusted loss = 0.243  adv prob = 0.002514   acc = 0.920
  gold_label_random = 2, sentence2_has_negation = 0  [n = 259]:	loss = 0.265  exp loss = 0.220  adjusted loss = 0.220  adv prob = 0.445807   acc = 0.915
  gold_label_random = 2, sentence2_has_negation = 1  [n = 288]:	loss = 0.259  exp loss = 0.356  adjusted loss = 0.356  adv prob = 0.004548   acc = 0.906
Average incurred loss: 0.259  
Average sample loss: 0.294  
Average acc: 0.914  
  gold_label_random = 0, sentence2_has_negation = 0  [n = 266]:	loss = 0.289  exp loss = 0.166  adjusted loss = 0.166  adv prob = 0.235967   acc = 0.910
  gold_label_random = 0, sentence2_has_negation = 1  [n = 273]:	loss = 0.184  exp loss = 0.177  adjusted loss = 0.177  adv prob = 0.007425   acc = 0.945
  gold_label_random = 1, sentence2_has_negation = 0  [n = 268]:	loss = 0.266  exp loss = 0.385  adjusted loss = 0.385  adv prob = 0.297401   acc = 0.922
  gold_label_random = 1, sentence2_has_negation = 1  [n = 259]:	loss = 0.212  exp loss = 0.236  adjusted loss = 0.236  adv prob = 0.002389   acc = 0.923
  gold_label_random = 2, sentence2_has_negation = 0  [n = 273]:	loss = 0.325  exp loss = 0.247  adjusted loss = 0.247  adv prob = 0.452352   acc = 0.886
  gold_label_random = 2, sentence2_has_negation = 1  [n = 261]:	loss = 0.275  exp loss = 0.310  adjusted loss = 0.310  adv prob = 0.004467   acc = 0.900
Average incurred loss: 0.248  
Average sample loss: 0.262  
Average acc: 0.914  
  gold_label_random = 0, sentence2_has_negation = 0  [n = 266]:	loss = 0.238  exp loss = 0.300  adjusted loss = 0.300  adv prob = 0.232412   acc = 0.925
  gold_label_random = 0, sentence2_has_negation = 1  [n = 259]:	loss = 0.297  exp loss = 0.407  adjusted loss = 0.407  adv prob = 0.007464   acc = 0.900
  gold_label_random = 1, sentence2_has_negation = 0  [n = 274]:	loss = 0.219  exp loss = 0.336  adjusted loss = 0.336  adv prob = 0.294746   acc = 0.920
  gold_label_random = 1, sentence2_has_negation = 1  [n = 262]:	loss = 0.228  exp loss = 0.200  adjusted loss = 0.200  adv prob = 0.002331   acc = 0.924
  gold_label_random = 2, sentence2_has_negation = 0  [n = 272]:	loss = 0.273  exp loss = 0.204  adjusted loss = 0.204  adv prob = 0.458703   acc = 0.904
  gold_label_random = 2, sentence2_has_negation = 1  [n = 267]:	loss = 0.234  exp loss = 0.201  adjusted loss = 0.201  adv prob = 0.004345   acc = 0.914
Average incurred loss: 0.267  
Average sample loss: 0.302  
Average acc: 0.914  
  gold_label_random = 0, sentence2_has_negation = 0  [n = 271]:	loss = 0.246  exp loss = 0.197  adjusted loss = 0.197  adv prob = 0.226017   acc = 0.926
  gold_label_random = 0, sentence2_has_negation = 1  [n = 266]:	loss = 0.255  exp loss = 0.233  adjusted loss = 0.233  adv prob = 0.007187   acc = 0.910
  gold_label_random = 1, sentence2_has_negation = 0  [n = 241]:	loss = 0.269  exp loss = 0.258  adjusted loss = 0.258  adv prob = 0.292218   acc = 0.929
  gold_label_random = 1, sentence2_has_negation = 1  [n = 259]:	loss = 0.222  exp loss = 0.168  adjusted loss = 0.168  adv prob = 0.002240   acc = 0.938
  gold_label_random = 2, sentence2_has_negation = 0  [n = 277]:	loss = 0.335  exp loss = 0.369  adjusted loss = 0.369  adv prob = 0.468029   acc = 0.881
  gold_label_random = 2, sentence2_has_negation = 1  [n = 286]:	loss = 0.270  exp loss = 0.330  adjusted loss = 0.330  adv prob = 0.004309   acc = 0.906
Average incurred loss: 0.253  
Average sample loss: 0.257  
Average acc: 0.922  
  gold_label_random = 0, sentence2_has_negation = 0  [n = 256]:	loss = 0.273  exp loss = 0.147  adjusted loss = 0.147  adv prob = 0.226921   acc = 0.922
  gold_label_random = 0, sentence2_has_negation = 1  [n = 255]:	loss = 0.215  exp loss = 0.251  adjusted loss = 0.251  adv prob = 0.007168   acc = 0.922
  gold_label_random = 1, sentence2_has_negation = 0  [n = 253]:	loss = 0.225  exp loss = 0.183  adjusted loss = 0.183  adv prob = 0.290668   acc = 0.933
  gold_label_random = 1, sentence2_has_negation = 1  [n = 282]:	loss = 0.307  exp loss = 0.217  adjusted loss = 0.217  adv prob = 0.002246   acc = 0.915
  gold_label_random = 2, sentence2_has_negation = 0  [n = 290]:	loss = 0.255  exp loss = 0.327  adjusted loss = 0.327  adv prob = 0.468735   acc = 0.910
  gold_label_random = 2, sentence2_has_negation = 1  [n = 264]:	loss = 0.240  exp loss = 0.191  adjusted loss = 0.191  adv prob = 0.004263   acc = 0.932
Average incurred loss: 0.294  
Average sample loss: 0.337  
Average acc: 0.909  
  gold_label_random = 0, sentence2_has_negation = 0  [n = 249]:	loss = 0.488  exp loss = 0.483  adjusted loss = 0.483  adv prob = 0.251414   acc = 0.876
  gold_label_random = 0, sentence2_has_negation = 1  [n = 250]:	loss = 0.247  exp loss = 0.278  adjusted loss = 0.278  adv prob = 0.006803   acc = 0.904
  gold_label_random = 1, sentence2_has_negation = 0  [n = 242]:	loss = 0.256  exp loss = 0.206  adjusted loss = 0.206  adv prob = 0.276506   acc = 0.921
  gold_label_random = 1, sentence2_has_negation = 1  [n = 284]:	loss = 0.245  exp loss = 0.182  adjusted loss = 0.182  adv prob = 0.002112   acc = 0.930
  gold_label_random = 2, sentence2_has_negation = 0  [n = 303]:	loss = 0.300  exp loss = 0.135  adjusted loss = 0.135  adv prob = 0.459083   acc = 0.911
  gold_label_random = 2, sentence2_has_negation = 1  [n = 272]:	loss = 0.236  exp loss = 0.289  adjusted loss = 0.289  adv prob = 0.004082   acc = 0.908
Average incurred loss: 0.264  
Average sample loss: 0.254  
Average acc: 0.915  
  gold_label_random = 0, sentence2_has_negation = 0  [n = 274]:	loss = 0.292  exp loss = 0.253  adjusted loss = 0.253  adv prob = 0.256622   acc = 0.905
  gold_label_random = 0, sentence2_has_negation = 1  [n = 265]:	loss = 0.285  exp loss = 0.318  adjusted loss = 0.318  adv prob = 0.006879   acc = 0.921
  gold_label_random = 1, sentence2_has_negation = 0  [n = 261]:	loss = 0.281  exp loss = 0.318  adjusted loss = 0.318  adv prob = 0.279273   acc = 0.927
  gold_label_random = 1, sentence2_has_negation = 1  [n = 258]:	loss = 0.263  exp loss = 0.207  adjusted loss = 0.207  adv prob = 0.002162   acc = 0.919
  gold_label_random = 2, sentence2_has_negation = 0  [n = 292]:	loss = 0.221  exp loss = 0.219  adjusted loss = 0.219  adv prob = 0.450974   acc = 0.925
  gold_label_random = 2, sentence2_has_negation = 1  [n = 250]:	loss = 0.242  exp loss = 0.218  adjusted loss = 0.218  adv prob = 0.004091   acc = 0.892
Average incurred loss: 0.280  
Average sample loss: 0.281  
Average acc: 0.911  
  gold_label_random = 0, sentence2_has_negation = 0  [n = 250]:	loss = 0.285  exp loss = 0.200  adjusted loss = 0.200  adv prob = 0.254265   acc = 0.912
  gold_label_random = 0, sentence2_has_negation = 1  [n = 270]:	loss = 0.275  exp loss = 0.270  adjusted loss = 0.270  adv prob = 0.007053   acc = 0.922
  gold_label_random = 1, sentence2_has_negation = 0  [n = 263]:	loss = 0.289  exp loss = 0.371  adjusted loss = 0.371  adv prob = 0.279085   acc = 0.913
  gold_label_random = 1, sentence2_has_negation = 1  [n = 298]:	loss = 0.208  exp loss = 0.255  adjusted loss = 0.255  adv prob = 0.002065   acc = 0.936
  gold_label_random = 2, sentence2_has_negation = 0  [n = 247]:	loss = 0.318  exp loss = 0.188  adjusted loss = 0.188  adv prob = 0.453316   acc = 0.895
  gold_label_random = 2, sentence2_has_negation = 1  [n = 272]:	loss = 0.314  exp loss = 0.319  adjusted loss = 0.319  adv prob = 0.004216   acc = 0.882
Average incurred loss: 0.251  
Average sample loss: 0.247  
Average acc: 0.916  
  gold_label_random = 0, sentence2_has_negation = 0  [n = 269]:	loss = 0.271  exp loss = 0.350  adjusted loss = 0.350  adv prob = 0.262255   acc = 0.918
  gold_label_random = 0, sentence2_has_negation = 1  [n = 288]:	loss = 0.196  exp loss = 0.344  adjusted loss = 0.344  adv prob = 0.006985   acc = 0.917
  gold_label_random = 1, sentence2_has_negation = 0  [n = 267]:	loss = 0.291  exp loss = 0.203  adjusted loss = 0.203  adv prob = 0.283638   acc = 0.895
  gold_label_random = 1, sentence2_has_negation = 1  [n = 254]:	loss = 0.318  exp loss = 0.388  adjusted loss = 0.388  adv prob = 0.002153   acc = 0.902
  gold_label_random = 2, sentence2_has_negation = 0  [n = 276]:	loss = 0.210  exp loss = 0.144  adjusted loss = 0.144  adv prob = 0.440805   acc = 0.931
  gold_label_random = 2, sentence2_has_negation = 1  [n = 246]:	loss = 0.226  exp loss = 0.239  adjusted loss = 0.239  adv prob = 0.004165   acc = 0.931
Average incurred loss: 0.252  
Average sample loss: 0.258  
Average acc: 0.916  
  gold_label_random = 0, sentence2_has_negation = 0  [n = 263]:	loss = 0.266  exp loss = 0.247  adjusted loss = 0.247  adv prob = 0.265051   acc = 0.916
  gold_label_random = 0, sentence2_has_negation = 1  [n = 278]:	loss = 0.256  exp loss = 0.251  adjusted loss = 0.251  adv prob = 0.006987   acc = 0.910
  gold_label_random = 1, sentence2_has_negation = 0  [n = 259]:	loss = 0.202  exp loss = 0.222  adjusted loss = 0.222  adv prob = 0.276390   acc = 0.934
  gold_label_random = 1, sentence2_has_negation = 1  [n = 265]:	loss = 0.221  exp loss = 0.283  adjusted loss = 0.283  adv prob = 0.002109   acc = 0.928
  gold_label_random = 2, sentence2_has_negation = 0  [n = 271]:	loss = 0.294  exp loss = 0.327  adjusted loss = 0.327  adv prob = 0.445295   acc = 0.897
  gold_label_random = 2, sentence2_has_negation = 1  [n = 264]:	loss = 0.271  exp loss = 0.207  adjusted loss = 0.207  adv prob = 0.004169   acc = 0.913
Average incurred loss: 0.264  
Average sample loss: 0.258  
Average acc: 0.909  
  gold_label_random = 0, sentence2_has_negation = 0  [n = 288]:	loss = 0.232  exp loss = 0.246  adjusted loss = 0.246  adv prob = 0.261602   acc = 0.924
  gold_label_random = 0, sentence2_has_negation = 1  [n = 271]:	loss = 0.286  exp loss = 0.265  adjusted loss = 0.265  adv prob = 0.007129   acc = 0.900
  gold_label_random = 1, sentence2_has_negation = 0  [n = 255]:	loss = 0.303  exp loss = 0.378  adjusted loss = 0.378  adv prob = 0.283557   acc = 0.910
  gold_label_random = 1, sentence2_has_negation = 1  [n = 276]:	loss = 0.266  exp loss = 0.300  adjusted loss = 0.300  adv prob = 0.002096   acc = 0.909
  gold_label_random = 2, sentence2_has_negation = 0  [n = 257]:	loss = 0.262  exp loss = 0.281  adjusted loss = 0.281  adv prob = 0.441359   acc = 0.899
  gold_label_random = 2, sentence2_has_negation = 1  [n = 253]:	loss = 0.240  exp loss = 0.240  adjusted loss = 0.240  adv prob = 0.004257   acc = 0.913
Average incurred loss: 0.248  
Average sample loss: 0.266  
Average acc: 0.920  
  gold_label_random = 0, sentence2_has_negation = 0  [n = 275]:	loss = 0.270  exp loss = 0.204  adjusted loss = 0.204  adv prob = 0.261665   acc = 0.935
  gold_label_random = 0, sentence2_has_negation = 1  [n = 249]:	loss = 0.271  exp loss = 0.342  adjusted loss = 0.342  adv prob = 0.007099   acc = 0.916
  gold_label_random = 1, sentence2_has_negation = 0  [n = 265]:	loss = 0.285  exp loss = 0.242  adjusted loss = 0.242  adv prob = 0.285085   acc = 0.898
  gold_label_random = 1, sentence2_has_negation = 1  [n = 274]:	loss = 0.278  exp loss = 0.224  adjusted loss = 0.224  adv prob = 0.002104   acc = 0.901
  gold_label_random = 2, sentence2_has_negation = 0  [n = 262]:	loss = 0.240  exp loss = 0.224  adjusted loss = 0.224  adv prob = 0.440050   acc = 0.916
  gold_label_random = 2, sentence2_has_negation = 1  [n = 275]:	loss = 0.146  exp loss = 0.112  adjusted loss = 0.112  adv prob = 0.003996   acc = 0.953
Average incurred loss: 0.247  
Average sample loss: 0.249  
Average acc: 0.923  
  gold_label_random = 0, sentence2_has_negation = 0  [n = 274]:	loss = 0.231  exp loss = 0.274  adjusted loss = 0.274  adv prob = 0.258099   acc = 0.931
  gold_label_random = 0, sentence2_has_negation = 1  [n = 255]:	loss = 0.254  exp loss = 0.212  adjusted loss = 0.212  adv prob = 0.007007   acc = 0.925
  gold_label_random = 1, sentence2_has_negation = 0  [n = 276]:	loss = 0.201  exp loss = 0.149  adjusted loss = 0.149  adv prob = 0.277422   acc = 0.935
  gold_label_random = 1, sentence2_has_negation = 1  [n = 257]:	loss = 0.310  exp loss = 0.178  adjusted loss = 0.178  adv prob = 0.002126   acc = 0.895
  gold_label_random = 2, sentence2_has_negation = 0  [n = 267]:	loss = 0.289  exp loss = 0.338  adjusted loss = 0.338  adv prob = 0.451485   acc = 0.918
  gold_label_random = 2, sentence2_has_negation = 1  [n = 271]:	loss = 0.202  exp loss = 0.263  adjusted loss = 0.263  adv prob = 0.003862   acc = 0.934
Average incurred loss: 0.256  
Average sample loss: 0.279  
Average acc: 0.914  
  gold_label_random = 0, sentence2_has_negation = 0  [n = 269]:	loss = 0.345  exp loss = 0.292  adjusted loss = 0.292  adv prob = 0.271992   acc = 0.888
  gold_label_random = 0, sentence2_has_negation = 1  [n = 277]:	loss = 0.166  exp loss = 0.164  adjusted loss = 0.164  adv prob = 0.006607   acc = 0.942
  gold_label_random = 1, sentence2_has_negation = 0  [n = 266]:	loss = 0.231  exp loss = 0.224  adjusted loss = 0.224  adv prob = 0.271653   acc = 0.914
  gold_label_random = 1, sentence2_has_negation = 1  [n = 256]:	loss = 0.241  exp loss = 0.372  adjusted loss = 0.372  adv prob = 0.002079   acc = 0.934
  gold_label_random = 2, sentence2_has_negation = 0  [n = 282]:	loss = 0.244  exp loss = 0.286  adjusted loss = 0.286  adv prob = 0.443775   acc = 0.918
  gold_label_random = 2, sentence2_has_negation = 1  [n = 250]:	loss = 0.316  exp loss = 0.248  adjusted loss = 0.248  adv prob = 0.003894   acc = 0.888
Average incurred loss: 0.266  
Average sample loss: 0.283  
Average acc: 0.917  
  gold_label_random = 0, sentence2_has_negation = 0  [n = 249]:	loss = 0.196  exp loss = 0.299  adjusted loss = 0.299  adv prob = 0.260909   acc = 0.944
  gold_label_random = 0, sentence2_has_negation = 1  [n = 250]:	loss = 0.202  exp loss = 0.137  adjusted loss = 0.137  adv prob = 0.006288   acc = 0.948
  gold_label_random = 1, sentence2_has_negation = 0  [n = 279]:	loss = 0.356  exp loss = 0.249  adjusted loss = 0.249  adv prob = 0.281298   acc = 0.910
  gold_label_random = 1, sentence2_has_negation = 1  [n = 261]:	loss = 0.267  exp loss = 0.283  adjusted loss = 0.283  adv prob = 0.002080   acc = 0.912
  gold_label_random = 2, sentence2_has_negation = 0  [n = 301]:	loss = 0.308  exp loss = 0.333  adjusted loss = 0.333  adv prob = 0.445596   acc = 0.887
  gold_label_random = 2, sentence2_has_negation = 1  [n = 260]:	loss = 0.250  exp loss = 0.271  adjusted loss = 0.271  adv prob = 0.003829   acc = 0.908
Average incurred loss: 0.226  
Average sample loss: 0.249  
Average acc: 0.920  
  gold_label_random = 0, sentence2_has_negation = 0  [n = 243]:	loss = 0.265  exp loss = 0.179  adjusted loss = 0.179  adv prob = 0.260068   acc = 0.922
  gold_label_random = 0, sentence2_has_negation = 1  [n = 240]:	loss = 0.210  exp loss = 0.174  adjusted loss = 0.174  adv prob = 0.006069   acc = 0.933
  gold_label_random = 1, sentence2_has_negation = 0  [n = 281]:	loss = 0.265  exp loss = 0.318  adjusted loss = 0.318  adv prob = 0.288589   acc = 0.922
  gold_label_random = 1, sentence2_has_negation = 1  [n = 295]:	loss = 0.241  exp loss = 0.273  adjusted loss = 0.273  adv prob = 0.002098   acc = 0.902
  gold_label_random = 2, sentence2_has_negation = 0  [n = 257]:	loss = 0.206  exp loss = 0.277  adjusted loss = 0.277  adv prob = 0.439488   acc = 0.922
  gold_label_random = 2, sentence2_has_negation = 1  [n = 284]:	loss = 0.168  exp loss = 0.156  adjusted loss = 0.156  adv prob = 0.003688   acc = 0.923
Average incurred loss: 0.268  
Average sample loss: 0.288  
Average acc: 0.908  
  gold_label_random = 0, sentence2_has_negation = 0  [n = 268]:	loss = 0.286  exp loss = 0.212  adjusted loss = 0.212  adv prob = 0.259682   acc = 0.899
  gold_label_random = 0, sentence2_has_negation = 1  [n = 261]:	loss = 0.311  exp loss = 0.284  adjusted loss = 0.284  adv prob = 0.006182   acc = 0.897
  gold_label_random = 1, sentence2_has_negation = 0  [n = 252]:	loss = 0.218  exp loss = 0.177  adjusted loss = 0.177  adv prob = 0.279197   acc = 0.917
  gold_label_random = 1, sentence2_has_negation = 1  [n = 252]:	loss = 0.266  exp loss = 0.291  adjusted loss = 0.291  adv prob = 0.002054   acc = 0.917
  gold_label_random = 2, sentence2_has_negation = 0  [n = 273]:	loss = 0.304  exp loss = 0.340  adjusted loss = 0.340  adv prob = 0.449321   acc = 0.897
  gold_label_random = 2, sentence2_has_negation = 1  [n = 294]:	loss = 0.222  exp loss = 0.170  adjusted loss = 0.170  adv prob = 0.003565   acc = 0.922
Average incurred loss: 0.249  
Average sample loss: 0.251  
Average acc: 0.918  
  gold_label_random = 0, sentence2_has_negation = 0  [n = 266]:	loss = 0.195  exp loss = 0.156  adjusted loss = 0.156  adv prob = 0.251050   acc = 0.947
  gold_label_random = 0, sentence2_has_negation = 1  [n = 283]:	loss = 0.256  exp loss = 0.191  adjusted loss = 0.191  adv prob = 0.006106   acc = 0.915
  gold_label_random = 1, sentence2_has_negation = 0  [n = 274]:	loss = 0.285  exp loss = 0.371  adjusted loss = 0.371  adv prob = 0.281870   acc = 0.905
  gold_label_random = 1, sentence2_has_negation = 1  [n = 255]:	loss = 0.238  exp loss = 0.195  adjusted loss = 0.195  adv prob = 0.002086   acc = 0.922
  gold_label_random = 2, sentence2_has_negation = 0  [n = 273]:	loss = 0.262  exp loss = 0.171  adjusted loss = 0.171  adv prob = 0.455341   acc = 0.916
  gold_label_random = 2, sentence2_has_negation = 1  [n = 249]:	loss = 0.253  exp loss = 0.283  adjusted loss = 0.283  adv prob = 0.003547   acc = 0.900
Average incurred loss: 0.268  
Average sample loss: 0.271  
Average acc: 0.916  
  gold_label_random = 0, sentence2_has_negation = 0  [n = 266]:	loss = 0.269  exp loss = 0.527  adjusted loss = 0.527  adv prob = 0.259302   acc = 0.925
  gold_label_random = 0, sentence2_has_negation = 1  [n = 249]:	loss = 0.307  exp loss = 0.352  adjusted loss = 0.352  adv prob = 0.006295   acc = 0.920
  gold_label_random = 1, sentence2_has_negation = 0  [n = 275]:	loss = 0.247  exp loss = 0.256  adjusted loss = 0.256  adv prob = 0.276264   acc = 0.927
  gold_label_random = 1, sentence2_has_negation = 1  [n = 252]:	loss = 0.267  exp loss = 0.349  adjusted loss = 0.349  adv prob = 0.002072   acc = 0.937
  gold_label_random = 2, sentence2_has_negation = 0  [n = 270]:	loss = 0.250  exp loss = 0.167  adjusted loss = 0.167  adv prob = 0.452556   acc = 0.889
  gold_label_random = 2, sentence2_has_negation = 1  [n = 288]:	loss = 0.273  exp loss = 0.258  adjusted loss = 0.258  adv prob = 0.003511   acc = 0.903
Average incurred loss: 0.261  
Average sample loss: 0.229  
Average acc: 0.908  
  gold_label_random = 0, sentence2_has_negation = 0  [n = 267]:	loss = 0.210  exp loss = 0.300  adjusted loss = 0.300  adv prob = 0.260587   acc = 0.918
  gold_label_random = 0, sentence2_has_negation = 1  [n = 257]:	loss = 0.346  exp loss = 0.301  adjusted loss = 0.301  adv prob = 0.006849   acc = 0.872
  gold_label_random = 1, sentence2_has_negation = 0  [n = 285]:	loss = 0.278  exp loss = 0.243  adjusted loss = 0.243  adv prob = 0.276873   acc = 0.919
  gold_label_random = 1, sentence2_has_negation = 1  [n = 289]:	loss = 0.275  exp loss = 0.276  adjusted loss = 0.276  adv prob = 0.002121   acc = 0.900
  gold_label_random = 2, sentence2_has_negation = 0  [n = 258]:	loss = 0.241  exp loss = 0.301  adjusted loss = 0.301  adv prob = 0.450094   acc = 0.911
  gold_label_random = 2, sentence2_has_negation = 1  [n = 244]:	loss = 0.212  exp loss = 0.179  adjusted loss = 0.179  adv prob = 0.003476   acc = 0.926
Average incurred loss: 0.278  
Average sample loss: 0.278  
Average acc: 0.912  
  gold_label_random = 0, sentence2_has_negation = 0  [n = 277]:	loss = 0.316  exp loss = 0.225  adjusted loss = 0.225  adv prob = 0.261579   acc = 0.910
  gold_label_random = 0, sentence2_has_negation = 1  [n = 270]:	loss = 0.311  exp loss = 0.288  adjusted loss = 0.288  adv prob = 0.006958   acc = 0.885
  gold_label_random = 1, sentence2_has_negation = 0  [n = 258]:	loss = 0.255  exp loss = 0.284  adjusted loss = 0.284  adv prob = 0.275393   acc = 0.926
  gold_label_random = 1, sentence2_has_negation = 1  [n = 257]:	loss = 0.243  exp loss = 0.240  adjusted loss = 0.240  adv prob = 0.002100   acc = 0.938
  gold_label_random = 2, sentence2_has_negation = 0  [n = 258]:	loss = 0.298  exp loss = 0.326  adjusted loss = 0.326  adv prob = 0.450596   acc = 0.895
  gold_label_random = 2, sentence2_has_negation = 1  [n = 280]:	loss = 0.242  exp loss = 0.216  adjusted loss = 0.216  adv prob = 0.003374   acc = 0.921
Average incurred loss: 0.257  
Average sample loss: 0.272  
Average acc: 0.915  
  gold_label_random = 0, sentence2_has_negation = 0  [n = 255]:	loss = 0.168  exp loss = 0.091  adjusted loss = 0.091  adv prob = 0.248609   acc = 0.953
  gold_label_random = 0, sentence2_has_negation = 1  [n = 283]:	loss = 0.207  exp loss = 0.176  adjusted loss = 0.176  adv prob = 0.006745   acc = 0.940
  gold_label_random = 1, sentence2_has_negation = 0  [n = 258]:	loss = 0.267  exp loss = 0.185  adjusted loss = 0.185  adv prob = 0.271850   acc = 0.911
  gold_label_random = 1, sentence2_has_negation = 1  [n = 260]:	loss = 0.278  exp loss = 0.342  adjusted loss = 0.342  adv prob = 0.002105   acc = 0.923
  gold_label_random = 2, sentence2_has_negation = 0  [n = 263]:	loss = 0.358  exp loss = 0.363  adjusted loss = 0.363  adv prob = 0.467336   acc = 0.882
  gold_label_random = 2, sentence2_has_negation = 1  [n = 281]:	loss = 0.267  exp loss = 0.368  adjusted loss = 0.368  adv prob = 0.003355   acc = 0.883
Average incurred loss: 0.250  
Average sample loss: 0.202  
Average acc: 0.916  
  gold_label_random = 0, sentence2_has_negation = 0  [n = 259]:	loss = 0.171  exp loss = 0.119  adjusted loss = 0.119  adv prob = 0.243161   acc = 0.950
  gold_label_random = 0, sentence2_has_negation = 1  [n = 243]:	loss = 0.235  exp loss = 0.199  adjusted loss = 0.199  adv prob = 0.006809   acc = 0.905
  gold_label_random = 1, sentence2_has_negation = 0  [n = 301]:	loss = 0.212  exp loss = 0.111  adjusted loss = 0.111  adv prob = 0.273173   acc = 0.940
  gold_label_random = 1, sentence2_has_negation = 1  [n = 249]:	loss = 0.258  exp loss = 0.333  adjusted loss = 0.333  adv prob = 0.002155   acc = 0.920
  gold_label_random = 2, sentence2_has_negation = 0  [n = 271]:	loss = 0.250  exp loss = 0.191  adjusted loss = 0.191  adv prob = 0.471085   acc = 0.915
  gold_label_random = 2, sentence2_has_negation = 1  [n = 277]:	loss = 0.370  exp loss = 0.307  adjusted loss = 0.307  adv prob = 0.003618   acc = 0.866
Average incurred loss: 0.257  
Average sample loss: 0.292  
Average acc: 0.912  
  gold_label_random = 0, sentence2_has_negation = 0  [n = 292]:	loss = 0.288  exp loss = 0.472  adjusted loss = 0.472  adv prob = 0.242787   acc = 0.901
  gold_label_random = 0, sentence2_has_negation = 1  [n = 260]:	loss = 0.262  exp loss = 0.331  adjusted loss = 0.331  adv prob = 0.006723   acc = 0.904
  gold_label_random = 1, sentence2_has_negation = 0  [n = 282]:	loss = 0.262  exp loss = 0.327  adjusted loss = 0.327  adv prob = 0.268658   acc = 0.922
  gold_label_random = 1, sentence2_has_negation = 1  [n = 271]:	loss = 0.189  exp loss = 0.200  adjusted loss = 0.200  adv prob = 0.002018   acc = 0.941
  gold_label_random = 2, sentence2_has_negation = 0  [n = 235]:	loss = 0.267  exp loss = 0.271  adjusted loss = 0.271  adv prob = 0.476272   acc = 0.906
  gold_label_random = 2, sentence2_has_negation = 1  [n = 260]:	loss = 0.271  exp loss = 0.259  adjusted loss = 0.259  adv prob = 0.003542   acc = 0.896
Average incurred loss: 0.254  
Average sample loss: 0.279  
Average acc: 0.914  
  gold_label_random = 0, sentence2_has_negation = 0  [n = 279]:	loss = 0.235  exp loss = 0.344  adjusted loss = 0.344  adv prob = 0.240816   acc = 0.914
  gold_label_random = 0, sentence2_has_negation = 1  [n = 258]:	loss = 0.216  exp loss = 0.351  adjusted loss = 0.351  adv prob = 0.006583   acc = 0.930
  gold_label_random = 1, sentence2_has_negation = 0  [n = 278]:	loss = 0.280  exp loss = 0.311  adjusted loss = 0.311  adv prob = 0.268918   acc = 0.921
  gold_label_random = 1, sentence2_has_negation = 1  [n = 265]:	loss = 0.310  exp loss = 0.370  adjusted loss = 0.370  adv prob = 0.002054   acc = 0.894
  gold_label_random = 2, sentence2_has_negation = 0  [n = 264]:	loss = 0.280  exp loss = 0.323  adjusted loss = 0.323  adv prob = 0.478236   acc = 0.883
  gold_label_random = 2, sentence2_has_negation = 1  [n = 256]:	loss = 0.202  exp loss = 0.189  adjusted loss = 0.189  adv prob = 0.003394   acc = 0.941
Average incurred loss: 0.265  
Average sample loss: 0.253  
Average acc: 0.914  
  gold_label_random = 0, sentence2_has_negation = 0  [n = 250]:	loss = 0.394  exp loss = 0.428  adjusted loss = 0.428  adv prob = 0.253726   acc = 0.880
  gold_label_random = 0, sentence2_has_negation = 1  [n = 262]:	loss = 0.343  exp loss = 0.175  adjusted loss = 0.175  adv prob = 0.006950   acc = 0.885
  gold_label_random = 1, sentence2_has_negation = 0  [n = 283]:	loss = 0.215  exp loss = 0.142  adjusted loss = 0.142  adv prob = 0.263320   acc = 0.936
  gold_label_random = 1, sentence2_has_negation = 1  [n = 297]:	loss = 0.226  exp loss = 0.254  adjusted loss = 0.254  adv prob = 0.002046   acc = 0.923
  gold_label_random = 2, sentence2_has_negation = 0  [n = 270]:	loss = 0.215  exp loss = 0.207  adjusted loss = 0.207  adv prob = 0.470609   acc = 0.922
  gold_label_random = 2, sentence2_has_negation = 1  [n = 238]:	loss = 0.211  exp loss = 0.223  adjusted loss = 0.223  adv prob = 0.003349   acc = 0.937
Average incurred loss: 0.258  
Average sample loss: 0.276  
Average acc: 0.912  
  gold_label_random = 0, sentence2_has_negation = 0  [n = 277]:	loss = 0.260  exp loss = 0.238  adjusted loss = 0.238  adv prob = 0.252670   acc = 0.913
  gold_label_random = 0, sentence2_has_negation = 1  [n = 275]:	loss = 0.299  exp loss = 0.319  adjusted loss = 0.319  adv prob = 0.006971   acc = 0.884
  gold_label_random = 1, sentence2_has_negation = 0  [n = 257]:	loss = 0.292  exp loss = 0.286  adjusted loss = 0.286  adv prob = 0.266050   acc = 0.911
  gold_label_random = 1, sentence2_has_negation = 1  [n = 251]:	loss = 0.253  exp loss = 0.300  adjusted loss = 0.300  adv prob = 0.002015   acc = 0.916
  gold_label_random = 2, sentence2_has_negation = 0  [n = 270]:	loss = 0.244  exp loss = 0.188  adjusted loss = 0.188  adv prob = 0.469086   acc = 0.915
  gold_label_random = 2, sentence2_has_negation = 1  [n = 270]:	loss = 0.202  exp loss = 0.182  adjusted loss = 0.182  adv prob = 0.003207   acc = 0.933
Average incurred loss: 0.234  
Average sample loss: 0.263  
Average acc: 0.925  
  gold_label_random = 0, sentence2_has_negation = 0  [n = 281]:	loss = 0.215  exp loss = 0.166  adjusted loss = 0.166  adv prob = 0.249035   acc = 0.940
  gold_label_random = 0, sentence2_has_negation = 1  [n = 277]:	loss = 0.204  exp loss = 0.165  adjusted loss = 0.165  adv prob = 0.006756   acc = 0.942
  gold_label_random = 1, sentence2_has_negation = 0  [n = 279]:	loss = 0.272  exp loss = 0.306  adjusted loss = 0.306  adv prob = 0.272941   acc = 0.903
  gold_label_random = 1, sentence2_has_negation = 1  [n = 240]:	loss = 0.239  exp loss = 0.314  adjusted loss = 0.314  adv prob = 0.002020   acc = 0.942
  gold_label_random = 2, sentence2_has_negation = 0  [n = 259]:	loss = 0.233  exp loss = 0.247  adjusted loss = 0.247  adv prob = 0.466071   acc = 0.915
  gold_label_random = 2, sentence2_has_negation = 1  [n = 264]:	loss = 0.245  exp loss = 0.265  adjusted loss = 0.265  adv prob = 0.003177   acc = 0.909
Average incurred loss: 0.247  
Average sample loss: 0.235  
Average acc: 0.916  
  gold_label_random = 0, sentence2_has_negation = 0  [n = 248]:	loss = 0.278  exp loss = 0.247  adjusted loss = 0.247  adv prob = 0.258497   acc = 0.903
  gold_label_random = 0, sentence2_has_negation = 1  [n = 254]:	loss = 0.282  exp loss = 0.171  adjusted loss = 0.171  adv prob = 0.006792   acc = 0.913
  gold_label_random = 1, sentence2_has_negation = 0  [n = 285]:	loss = 0.242  exp loss = 0.254  adjusted loss = 0.254  adv prob = 0.274294   acc = 0.923
  gold_label_random = 1, sentence2_has_negation = 1  [n = 272]:	loss = 0.305  exp loss = 0.288  adjusted loss = 0.288  adv prob = 0.002103   acc = 0.897
  gold_label_random = 2, sentence2_has_negation = 0  [n = 266]:	loss = 0.186  exp loss = 0.223  adjusted loss = 0.223  adv prob = 0.455189   acc = 0.932
  gold_label_random = 2, sentence2_has_negation = 1  [n = 275]:	loss = 0.191  exp loss = 0.198  adjusted loss = 0.198  adv prob = 0.003124   acc = 0.924
Average incurred loss: 0.264  
Average sample loss: 0.274  
Average acc: 0.913  
  gold_label_random = 0, sentence2_has_negation = 0  [n = 246]:	loss = 0.148  exp loss = 0.106  adjusted loss = 0.106  adv prob = 0.244123   acc = 0.951
  gold_label_random = 0, sentence2_has_negation = 1  [n = 270]:	loss = 0.256  exp loss = 0.184  adjusted loss = 0.184  adv prob = 0.006733   acc = 0.904
  gold_label_random = 1, sentence2_has_negation = 0  [n = 267]:	loss = 0.305  exp loss = 0.352  adjusted loss = 0.352  adv prob = 0.278257   acc = 0.903
  gold_label_random = 1, sentence2_has_negation = 1  [n = 266]:	loss = 0.282  exp loss = 0.214  adjusted loss = 0.214  adv prob = 0.002107   acc = 0.925
  gold_label_random = 2, sentence2_has_negation = 0  [n = 262]:	loss = 0.320  exp loss = 0.522  adjusted loss = 0.522  adv prob = 0.465702   acc = 0.885
  gold_label_random = 2, sentence2_has_negation = 1  [n = 289]:	loss = 0.263  exp loss = 0.179  adjusted loss = 0.179  adv prob = 0.003078   acc = 0.913
Average incurred loss: 0.261  
Average sample loss: 0.296  
Average acc: 0.912  
  gold_label_random = 0, sentence2_has_negation = 0  [n = 265]:	loss = 0.305  exp loss = 0.369  adjusted loss = 0.369  adv prob = 0.241852   acc = 0.913
  gold_label_random = 0, sentence2_has_negation = 1  [n = 254]:	loss = 0.307  exp loss = 0.289  adjusted loss = 0.289  adv prob = 0.006651   acc = 0.890
  gold_label_random = 1, sentence2_has_negation = 0  [n = 238]:	loss = 0.276  exp loss = 0.298  adjusted loss = 0.298  adv prob = 0.277920   acc = 0.912
  gold_label_random = 1, sentence2_has_negation = 1  [n = 263]:	loss = 0.191  exp loss = 0.161  adjusted loss = 0.161  adv prob = 0.001971   acc = 0.928
  gold_label_random = 2, sentence2_has_negation = 0  [n = 278]:	loss = 0.291  exp loss = 0.275  adjusted loss = 0.275  adv prob = 0.468642   acc = 0.903
  gold_label_random = 2, sentence2_has_negation = 1  [n = 302]:	loss = 0.205  exp loss = 0.233  adjusted loss = 0.233  adv prob = 0.002964   acc = 0.924
Average incurred loss: 0.249  
Average sample loss: 0.258  
Average acc: 0.915  
  gold_label_random = 0, sentence2_has_negation = 0  [n = 274]:	loss = 0.294  exp loss = 0.340  adjusted loss = 0.340  adv prob = 0.251640   acc = 0.909
  gold_label_random = 0, sentence2_has_negation = 1  [n = 278]:	loss = 0.266  exp loss = 0.288  adjusted loss = 0.288  adv prob = 0.006621   acc = 0.896
  gold_label_random = 1, sentence2_has_negation = 0  [n = 274]:	loss = 0.207  exp loss = 0.110  adjusted loss = 0.110  adv prob = 0.268317   acc = 0.942
  gold_label_random = 1, sentence2_has_negation = 1  [n = 254]:	loss = 0.209  exp loss = 0.258  adjusted loss = 0.258  adv prob = 0.001901   acc = 0.925
  gold_label_random = 2, sentence2_has_negation = 0  [n = 231]:	loss = 0.298  exp loss = 0.306  adjusted loss = 0.306  adv prob = 0.468608   acc = 0.896
  gold_label_random = 2, sentence2_has_negation = 1  [n = 289]:	loss = 0.229  exp loss = 0.268  adjusted loss = 0.268  adv prob = 0.002914   acc = 0.920
Average incurred loss: 0.281  
Average sample loss: 0.321  
Average acc: 0.908  
  gold_label_random = 0, sentence2_has_negation = 0  [n = 245]:	loss = 0.255  exp loss = 0.257  adjusted loss = 0.257  adv prob = 0.242739   acc = 0.927
  gold_label_random = 0, sentence2_has_negation = 1  [n = 261]:	loss = 0.308  exp loss = 0.192  adjusted loss = 0.192  adv prob = 0.006538   acc = 0.889
  gold_label_random = 1, sentence2_has_negation = 0  [n = 297]:	loss = 0.251  exp loss = 0.275  adjusted loss = 0.275  adv prob = 0.259995   acc = 0.933
  gold_label_random = 1, sentence2_has_negation = 1  [n = 247]:	loss = 0.200  exp loss = 0.198  adjusted loss = 0.198  adv prob = 0.001803   acc = 0.939
  gold_label_random = 2, sentence2_has_negation = 0  [n = 276]:	loss = 0.426  exp loss = 0.573  adjusted loss = 0.573  adv prob = 0.486161   acc = 0.848
  gold_label_random = 2, sentence2_has_negation = 1  [n = 274]:	loss = 0.239  exp loss = 0.308  adjusted loss = 0.308  adv prob = 0.002764   acc = 0.912
Average incurred loss: 0.275  
Average sample loss: 0.311  
Average acc: 0.917  
  gold_label_random = 0, sentence2_has_negation = 0  [n = 254]:	loss = 0.377  exp loss = 0.345  adjusted loss = 0.345  adv prob = 0.251952   acc = 0.894
  gold_label_random = 0, sentence2_has_negation = 1  [n = 302]:	loss = 0.299  exp loss = 0.324  adjusted loss = 0.324  adv prob = 0.006524   acc = 0.894
  gold_label_random = 1, sentence2_has_negation = 0  [n = 274]:	loss = 0.149  exp loss = 0.285  adjusted loss = 0.285  adv prob = 0.241572   acc = 0.964
  gold_label_random = 1, sentence2_has_negation = 1  [n = 263]:	loss = 0.259  exp loss = 0.375  adjusted loss = 0.375  adv prob = 0.001777   acc = 0.932
  gold_label_random = 2, sentence2_has_negation = 0  [n = 263]:	loss = 0.346  exp loss = 0.253  adjusted loss = 0.253  adv prob = 0.495512   acc = 0.897
  gold_label_random = 2, sentence2_has_negation = 1  [n = 244]:	loss = 0.221  exp loss = 0.188  adjusted loss = 0.188  adv prob = 0.002664   acc = 0.926
Average incurred loss: 0.242  
Average sample loss: 0.250  
Average acc: 0.921  
  gold_label_random = 0, sentence2_has_negation = 0  [n = 279]:	loss = 0.285  exp loss = 0.302  adjusted loss = 0.302  adv prob = 0.255528   acc = 0.910
  gold_label_random = 0, sentence2_has_negation = 1  [n = 257]:	loss = 0.218  exp loss = 0.221  adjusted loss = 0.221  adv prob = 0.006508   acc = 0.922
  gold_label_random = 1, sentence2_has_negation = 0  [n = 282]:	loss = 0.193  exp loss = 0.260  adjusted loss = 0.260  adv prob = 0.232465   acc = 0.943
  gold_label_random = 1, sentence2_has_negation = 1  [n = 276]:	loss = 0.217  exp loss = 0.242  adjusted loss = 0.242  adv prob = 0.001749   acc = 0.942
  gold_label_random = 2, sentence2_has_negation = 0  [n = 244]:	loss = 0.263  exp loss = 0.214  adjusted loss = 0.214  adv prob = 0.501044   acc = 0.910
  gold_label_random = 2, sentence2_has_negation = 1  [n = 262]:	loss = 0.275  exp loss = 0.289  adjusted loss = 0.289  adv prob = 0.002705   acc = 0.897
Average incurred loss: 0.271  
Average sample loss: 0.293  
Average acc: 0.908  
  gold_label_random = 0, sentence2_has_negation = 0  [n = 269]:	loss = 0.287  exp loss = 0.229  adjusted loss = 0.229  adv prob = 0.260114   acc = 0.903
  gold_label_random = 0, sentence2_has_negation = 1  [n = 251]:	loss = 0.214  exp loss = 0.126  adjusted loss = 0.126  adv prob = 0.006172   acc = 0.928
  gold_label_random = 1, sentence2_has_negation = 0  [n = 299]:	loss = 0.298  exp loss = 0.362  adjusted loss = 0.362  adv prob = 0.237912   acc = 0.900
  gold_label_random = 1, sentence2_has_negation = 1  [n = 270]:	loss = 0.283  exp loss = 0.361  adjusted loss = 0.361  adv prob = 0.001717   acc = 0.919
  gold_label_random = 2, sentence2_has_negation = 0  [n = 245]:	loss = 0.278  exp loss = 0.324  adjusted loss = 0.324  adv prob = 0.491455   acc = 0.898
  gold_label_random = 2, sentence2_has_negation = 1  [n = 266]:	loss = 0.261  exp loss = 0.189  adjusted loss = 0.189  adv prob = 0.002630   acc = 0.902
Average incurred loss: 0.278  
Average sample loss: 0.257  
Average acc: 0.911  
  gold_label_random = 0, sentence2_has_negation = 0  [n = 268]:	loss = 0.199  exp loss = 0.194  adjusted loss = 0.194  adv prob = 0.252096   acc = 0.929
  gold_label_random = 0, sentence2_has_negation = 1  [n = 280]:	loss = 0.355  exp loss = 0.442  adjusted loss = 0.442  adv prob = 0.006615   acc = 0.879
  gold_label_random = 1, sentence2_has_negation = 0  [n = 258]:	loss = 0.280  exp loss = 0.450  adjusted loss = 0.450  adv prob = 0.239989   acc = 0.922
  gold_label_random = 1, sentence2_has_negation = 1  [n = 265]:	loss = 0.311  exp loss = 0.302  adjusted loss = 0.302  adv prob = 0.001759   acc = 0.917
  gold_label_random = 2, sentence2_has_negation = 0  [n = 278]:	loss = 0.239  exp loss = 0.216  adjusted loss = 0.216  adv prob = 0.496877   acc = 0.910
  gold_label_random = 2, sentence2_has_negation = 1  [n = 251]:	loss = 0.282  exp loss = 0.244  adjusted loss = 0.244  adv prob = 0.002663   acc = 0.908
Average incurred loss: 0.272  
Average sample loss: 0.301  
Average acc: 0.912  
  gold_label_random = 0, sentence2_has_negation = 0  [n = 290]:	loss = 0.244  exp loss = 0.256  adjusted loss = 0.256  adv prob = 0.245060   acc = 0.914
  gold_label_random = 0, sentence2_has_negation = 1  [n = 243]:	loss = 0.267  exp loss = 0.173  adjusted loss = 0.173  adv prob = 0.006442   acc = 0.918
  gold_label_random = 1, sentence2_has_negation = 0  [n = 266]:	loss = 0.351  exp loss = 0.478  adjusted loss = 0.478  adv prob = 0.253407   acc = 0.902
  gold_label_random = 1, sentence2_has_negation = 1  [n = 262]:	loss = 0.236  exp loss = 0.264  adjusted loss = 0.264  adv prob = 0.001691   acc = 0.920
  gold_label_random = 2, sentence2_has_negation = 0  [n = 278]:	loss = 0.255  exp loss = 0.199  adjusted loss = 0.199  adv prob = 0.490789   acc = 0.921
  gold_label_random = 2, sentence2_has_negation = 1  [n = 261]:	loss = 0.284  exp loss = 0.239  adjusted loss = 0.239  adv prob = 0.002611   acc = 0.897
Average incurred loss: 0.243  
Average sample loss: 0.268  
Average acc: 0.918  
  gold_label_random = 0, sentence2_has_negation = 0  [n = 299]:	loss = 0.275  exp loss = 0.178  adjusted loss = 0.178  adv prob = 0.243798   acc = 0.923
  gold_label_random = 0, sentence2_has_negation = 1  [n = 260]:	loss = 0.174  exp loss = 0.196  adjusted loss = 0.196  adv prob = 0.006162   acc = 0.931
  gold_label_random = 1, sentence2_has_negation = 0  [n = 256]:	loss = 0.278  exp loss = 0.323  adjusted loss = 0.323  adv prob = 0.261999   acc = 0.902
  gold_label_random = 1, sentence2_has_negation = 1  [n = 270]:	loss = 0.212  exp loss = 0.254  adjusted loss = 0.254  adv prob = 0.001637   acc = 0.944
  gold_label_random = 2, sentence2_has_negation = 0  [n = 245]:	loss = 0.229  exp loss = 0.202  adjusted loss = 0.202  adv prob = 0.483786   acc = 0.914
  gold_label_random = 2, sentence2_has_negation = 1  [n = 270]:	loss = 0.282  exp loss = 0.238  adjusted loss = 0.238  adv prob = 0.002620   acc = 0.893
Average incurred loss: 0.232  
Average sample loss: 0.219  
Average acc: 0.925  
  gold_label_random = 0, sentence2_has_negation = 0  [n = 267]:	loss = 0.284  exp loss = 0.247  adjusted loss = 0.247  adv prob = 0.253815   acc = 0.918
  gold_label_random = 0, sentence2_has_negation = 1  [n = 259]:	loss = 0.172  exp loss = 0.165  adjusted loss = 0.165  adv prob = 0.006003   acc = 0.942
  gold_label_random = 1, sentence2_has_negation = 0  [n = 264]:	loss = 0.215  exp loss = 0.308  adjusted loss = 0.308  adv prob = 0.261867   acc = 0.924
  gold_label_random = 1, sentence2_has_negation = 1  [n = 271]:	loss = 0.270  exp loss = 0.176  adjusted loss = 0.176  adv prob = 0.001722   acc = 0.919
  gold_label_random = 2, sentence2_has_negation = 0  [n = 266]:	loss = 0.173  exp loss = 0.169  adjusted loss = 0.169  adv prob = 0.473898   acc = 0.944
  gold_label_random = 2, sentence2_has_negation = 1  [n = 273]:	loss = 0.276  exp loss = 0.309  adjusted loss = 0.309  adv prob = 0.002695   acc = 0.905
Average incurred loss: 0.239  
Average sample loss: 0.240  
Average acc: 0.922  
  gold_label_random = 0, sentence2_has_negation = 0  [n = 290]:	loss = 0.215  exp loss = 0.184  adjusted loss = 0.184  adv prob = 0.251080   acc = 0.924
  gold_label_random = 0, sentence2_has_negation = 1  [n = 248]:	loss = 0.195  exp loss = 0.279  adjusted loss = 0.279  adv prob = 0.005855   acc = 0.935
  gold_label_random = 1, sentence2_has_negation = 0  [n = 262]:	loss = 0.286  exp loss = 0.240  adjusted loss = 0.240  adv prob = 0.270294   acc = 0.901
  gold_label_random = 1, sentence2_has_negation = 1  [n = 258]:	loss = 0.257  exp loss = 0.216  adjusted loss = 0.216  adv prob = 0.001747   acc = 0.919
  gold_label_random = 2, sentence2_has_negation = 0  [n = 273]:	loss = 0.223  exp loss = 0.180  adjusted loss = 0.180  adv prob = 0.468338   acc = 0.934
  gold_label_random = 2, sentence2_has_negation = 1  [n = 269]:	loss = 0.258  exp loss = 0.170  adjusted loss = 0.170  adv prob = 0.002687   acc = 0.918
Average incurred loss: 0.243  
Average sample loss: 0.280  
Average acc: 0.921  
  gold_label_random = 0, sentence2_has_negation = 0  [n = 270]:	loss = 0.264  exp loss = 0.261  adjusted loss = 0.261  adv prob = 0.248346   acc = 0.919
  gold_label_random = 0, sentence2_has_negation = 1  [n = 268]:	loss = 0.185  exp loss = 0.129  adjusted loss = 0.129  adv prob = 0.005546   acc = 0.940
  gold_label_random = 1, sentence2_has_negation = 0  [n = 240]:	loss = 0.297  exp loss = 0.327  adjusted loss = 0.327  adv prob = 0.275916   acc = 0.917
  gold_label_random = 1, sentence2_has_negation = 1  [n = 289]:	loss = 0.165  exp loss = 0.117  adjusted loss = 0.117  adv prob = 0.001643   acc = 0.958
  gold_label_random = 2, sentence2_has_negation = 0  [n = 266]:	loss = 0.288  exp loss = 0.238  adjusted loss = 0.238  adv prob = 0.465865   acc = 0.891
  gold_label_random = 2, sentence2_has_negation = 1  [n = 267]:	loss = 0.273  exp loss = 0.316  adjusted loss = 0.316  adv prob = 0.002684   acc = 0.899
Average incurred loss: 0.222  
Average sample loss: 0.206  
Average acc: 0.926  
  gold_label_random = 0, sentence2_has_negation = 0  [n = 286]:	loss = 0.237  exp loss = 0.287  adjusted loss = 0.287  adv prob = 0.248243   acc = 0.927
  gold_label_random = 0, sentence2_has_negation = 1  [n = 276]:	loss = 0.126  exp loss = 0.216  adjusted loss = 0.216  adv prob = 0.005353   acc = 0.953
  gold_label_random = 1, sentence2_has_negation = 0  [n = 253]:	loss = 0.281  exp loss = 0.304  adjusted loss = 0.304  adv prob = 0.282026   acc = 0.901
  gold_label_random = 1, sentence2_has_negation = 1  [n = 260]:	loss = 0.243  exp loss = 0.211  adjusted loss = 0.211  adv prob = 0.001675   acc = 0.923
  gold_label_random = 2, sentence2_has_negation = 0  [n = 241]:	loss = 0.217  exp loss = 0.179  adjusted loss = 0.179  adv prob = 0.459994   acc = 0.938
  gold_label_random = 2, sentence2_has_negation = 1  [n = 284]:	loss = 0.230  exp loss = 0.175  adjusted loss = 0.175  adv prob = 0.002711   acc = 0.912
Average incurred loss: 0.262  
Average sample loss: 0.298  
Average acc: 0.912  
  gold_label_random = 0, sentence2_has_negation = 0  [n = 249]:	loss = 0.304  exp loss = 0.287  adjusted loss = 0.287  adv prob = 0.252288   acc = 0.896
  gold_label_random = 0, sentence2_has_negation = 1  [n = 267]:	loss = 0.273  exp loss = 0.351  adjusted loss = 0.351  adv prob = 0.005210   acc = 0.906
  gold_label_random = 1, sentence2_has_negation = 0  [n = 298]:	loss = 0.295  exp loss = 0.236  adjusted loss = 0.236  adv prob = 0.283836   acc = 0.913
  gold_label_random = 1, sentence2_has_negation = 1  [n = 269]:	loss = 0.170  exp loss = 0.158  adjusted loss = 0.158  adv prob = 0.001573   acc = 0.944
  gold_label_random = 2, sentence2_has_negation = 0  [n = 250]:	loss = 0.308  exp loss = 0.290  adjusted loss = 0.290  adv prob = 0.454500   acc = 0.884
  gold_label_random = 2, sentence2_has_negation = 1  [n = 267]:	loss = 0.226  exp loss = 0.166  adjusted loss = 0.166  adv prob = 0.002594   acc = 0.925
Average incurred loss: 0.258  
Average sample loss: 0.277  
Average acc: 0.913  
  gold_label_random = 0, sentence2_has_negation = 0  [n = 259]:	loss = 0.260  exp loss = 0.205  adjusted loss = 0.205  adv prob = 0.253522   acc = 0.915
  gold_label_random = 0, sentence2_has_negation = 1  [n = 251]:	loss = 0.186  exp loss = 0.244  adjusted loss = 0.244  adv prob = 0.005012   acc = 0.932
  gold_label_random = 1, sentence2_has_negation = 0  [n = 273]:	loss = 0.184  exp loss = 0.209  adjusted loss = 0.209  adv prob = 0.267858   acc = 0.945
  gold_label_random = 1, sentence2_has_negation = 1  [n = 285]:	loss = 0.292  exp loss = 0.281  adjusted loss = 0.281  adv prob = 0.001599   acc = 0.919
  gold_label_random = 2, sentence2_has_negation = 0  [n = 268]:	loss = 0.354  exp loss = 0.352  adjusted loss = 0.352  adv prob = 0.469441   acc = 0.869
  gold_label_random = 2, sentence2_has_negation = 1  [n = 264]:	loss = 0.266  exp loss = 0.296  adjusted loss = 0.296  adv prob = 0.002568   acc = 0.894
Average incurred loss: 0.212  
Average sample loss: 0.234  
Average acc: 0.933  
  gold_label_random = 0, sentence2_has_negation = 0  [n = 276]:	loss = 0.222  exp loss = 0.163  adjusted loss = 0.163  adv prob = 0.254939   acc = 0.935
  gold_label_random = 0, sentence2_has_negation = 1  [n = 263]:	loss = 0.200  exp loss = 0.177  adjusted loss = 0.177  adv prob = 0.004928   acc = 0.947
  gold_label_random = 1, sentence2_has_negation = 0  [n = 267]:	loss = 0.180  exp loss = 0.213  adjusted loss = 0.213  adv prob = 0.262683   acc = 0.936
  gold_label_random = 1, sentence2_has_negation = 1  [n = 266]:	loss = 0.225  exp loss = 0.205  adjusted loss = 0.205  adv prob = 0.001587   acc = 0.936
  gold_label_random = 2, sentence2_has_negation = 0  [n = 258]:	loss = 0.241  exp loss = 0.428  adjusted loss = 0.428  adv prob = 0.473320   acc = 0.911
  gold_label_random = 2, sentence2_has_negation = 1  [n = 270]:	loss = 0.203  exp loss = 0.202  adjusted loss = 0.202  adv prob = 0.002543   acc = 0.933
Average incurred loss: 0.234  
Average sample loss: 0.215  
Average acc: 0.920  
  gold_label_random = 0, sentence2_has_negation = 0  [n = 259]:	loss = 0.218  exp loss = 0.170  adjusted loss = 0.170  adv prob = 0.253587   acc = 0.938
  gold_label_random = 0, sentence2_has_negation = 1  [n = 267]:	loss = 0.231  exp loss = 0.119  adjusted loss = 0.119  adv prob = 0.004950   acc = 0.910
  gold_label_random = 1, sentence2_has_negation = 0  [n = 277]:	loss = 0.212  exp loss = 0.186  adjusted loss = 0.186  adv prob = 0.259508   acc = 0.921
  gold_label_random = 1, sentence2_has_negation = 1  [n = 281]:	loss = 0.266  exp loss = 0.300  adjusted loss = 0.300  adv prob = 0.001614   acc = 0.911
  gold_label_random = 2, sentence2_has_negation = 0  [n = 263]:	loss = 0.236  exp loss = 0.171  adjusted loss = 0.171  adv prob = 0.477778   acc = 0.924
  gold_label_random = 2, sentence2_has_negation = 1  [n = 253]:	loss = 0.240  exp loss = 0.219  adjusted loss = 0.219  adv prob = 0.002564   acc = 0.917
Average incurred loss: 0.260  
Average sample loss: 0.237  
Average acc: 0.916  
  gold_label_random = 0, sentence2_has_negation = 0  [n = 261]:	loss = 0.323  exp loss = 0.255  adjusted loss = 0.255  adv prob = 0.256275   acc = 0.897
  gold_label_random = 0, sentence2_has_negation = 1  [n = 260]:	loss = 0.226  exp loss = 0.225  adjusted loss = 0.225  adv prob = 0.004931   acc = 0.923
  gold_label_random = 1, sentence2_has_negation = 0  [n = 272]:	loss = 0.305  exp loss = 0.370  adjusted loss = 0.370  adv prob = 0.264041   acc = 0.923
  gold_label_random = 1, sentence2_has_negation = 1  [n = 260]:	loss = 0.186  exp loss = 0.212  adjusted loss = 0.212  adv prob = 0.001572   acc = 0.942
  gold_label_random = 2, sentence2_has_negation = 0  [n = 256]:	loss = 0.190  exp loss = 0.195  adjusted loss = 0.195  adv prob = 0.470521   acc = 0.930
  gold_label_random = 2, sentence2_has_negation = 1  [n = 291]:	loss = 0.318  exp loss = 0.337  adjusted loss = 0.337  adv prob = 0.002659   acc = 0.887
Average incurred loss: 0.219  
Average sample loss: 0.208  
Average acc: 0.923  
  gold_label_random = 0, sentence2_has_negation = 0  [n = 250]:	loss = 0.212  exp loss = 0.320  adjusted loss = 0.320  adv prob = 0.256201   acc = 0.932
  gold_label_random = 0, sentence2_has_negation = 1  [n = 279]:	loss = 0.158  exp loss = 0.147  adjusted loss = 0.147  adv prob = 0.004775   acc = 0.928
  gold_label_random = 1, sentence2_has_negation = 0  [n = 253]:	loss = 0.182  exp loss = 0.164  adjusted loss = 0.164  adv prob = 0.261402   acc = 0.949
  gold_label_random = 1, sentence2_has_negation = 1  [n = 280]:	loss = 0.255  exp loss = 0.268  adjusted loss = 0.268  adv prob = 0.001633   acc = 0.907
  gold_label_random = 2, sentence2_has_negation = 0  [n = 279]:	loss = 0.229  exp loss = 0.220  adjusted loss = 0.220  adv prob = 0.473193   acc = 0.921
  gold_label_random = 2, sentence2_has_negation = 1  [n = 259]:	loss = 0.279  exp loss = 0.271  adjusted loss = 0.271  adv prob = 0.002796   acc = 0.903
Average incurred loss: 0.222  
Average sample loss: 0.255  
Average acc: 0.922  
  gold_label_random = 0, sentence2_has_negation = 0  [n = 249]:	loss = 0.184  exp loss = 0.221  adjusted loss = 0.221  adv prob = 0.246261   acc = 0.924
  gold_label_random = 0, sentence2_has_negation = 1  [n = 276]:	loss = 0.169  exp loss = 0.197  adjusted loss = 0.197  adv prob = 0.004562   acc = 0.938
  gold_label_random = 1, sentence2_has_negation = 0  [n = 253]:	loss = 0.240  exp loss = 0.282  adjusted loss = 0.282  adv prob = 0.264046   acc = 0.913
  gold_label_random = 1, sentence2_has_negation = 1  [n = 267]:	loss = 0.186  exp loss = 0.101  adjusted loss = 0.101  adv prob = 0.001564   acc = 0.948
  gold_label_random = 2, sentence2_has_negation = 0  [n = 274]:	loss = 0.287  exp loss = 0.177  adjusted loss = 0.177  adv prob = 0.480767   acc = 0.898
  gold_label_random = 2, sentence2_has_negation = 1  [n = 281]:	loss = 0.260  exp loss = 0.288  adjusted loss = 0.288  adv prob = 0.002801   acc = 0.911
Average incurred loss: 0.286  
Average sample loss: 0.294  
Average acc: 0.907  
  gold_label_random = 0, sentence2_has_negation = 0  [n = 262]:	loss = 0.270  exp loss = 0.111  adjusted loss = 0.111  adv prob = 0.240178   acc = 0.924
  gold_label_random = 0, sentence2_has_negation = 1  [n = 280]:	loss = 0.192  exp loss = 0.217  adjusted loss = 0.217  adv prob = 0.004321   acc = 0.936
  gold_label_random = 1, sentence2_has_negation = 0  [n = 241]:	loss = 0.256  exp loss = 0.220  adjusted loss = 0.220  adv prob = 0.259178   acc = 0.921
  gold_label_random = 1, sentence2_has_negation = 1  [n = 270]:	loss = 0.393  exp loss = 0.317  adjusted loss = 0.317  adv prob = 0.001625   acc = 0.885
  gold_label_random = 2, sentence2_has_negation = 0  [n = 279]:	loss = 0.347  exp loss = 0.334  adjusted loss = 0.334  adv prob = 0.491974   acc = 0.867
  gold_label_random = 2, sentence2_has_negation = 1  [n = 268]:	loss = 0.257  exp loss = 0.216  adjusted loss = 0.216  adv prob = 0.002725   acc = 0.910
Average incurred loss: 0.268  
Average sample loss: 0.287  
Average acc: 0.909  
  gold_label_random = 0, sentence2_has_negation = 0  [n = 253]:	loss = 0.309  exp loss = 0.281  adjusted loss = 0.281  adv prob = 0.242223   acc = 0.905
  gold_label_random = 0, sentence2_has_negation = 1  [n = 253]:	loss = 0.203  exp loss = 0.233  adjusted loss = 0.233  adv prob = 0.004160   acc = 0.941
  gold_label_random = 1, sentence2_has_negation = 0  [n = 234]:	loss = 0.241  exp loss = 0.124  adjusted loss = 0.124  adv prob = 0.252405   acc = 0.910
  gold_label_random = 1, sentence2_has_negation = 1  [n = 187]:	loss = 0.308  exp loss = 0.207  adjusted loss = 0.207  adv prob = 0.001629   acc = 0.904
  gold_label_random = 2, sentence2_has_negation = 0  [n = 231]:	loss = 0.282  exp loss = 0.385  adjusted loss = 0.385  adv prob = 0.496912   acc = 0.883
  gold_label_random = 2, sentence2_has_negation = 1  [n = 217]:	loss = 0.275  exp loss = 0.253  adjusted loss = 0.253  adv prob = 0.002672   acc = 0.908

Validation:
Average incurred loss: 0.595  
Average sample loss: 0.620  
Average acc: 0.820  
  gold_label_random = 0, sentence2_has_negation = 0  [n = 22814]:	loss = 0.684  exp loss = 0.835  adjusted loss = 0.835  adv prob = 0.864044   acc = 0.806
  gold_label_random = 0, sentence2_has_negation = 1  [n = 4634]:	loss = 0.267  exp loss = 0.208  adjusted loss = 0.208  adv prob = 0.000005   acc = 0.914
  gold_label_random = 1, sentence2_has_negation = 0  [n = 26949]:	loss = 0.589  exp loss = 0.607  adjusted loss = 0.607  adv prob = 0.083825   acc = 0.829
  gold_label_random = 1, sentence2_has_negation = 1  [n = 613]:	loss = 0.790  exp loss = 0.465  adjusted loss = 0.465  adv prob = 0.000001   acc = 0.772
  gold_label_random = 2, sentence2_has_negation = 0  [n = 26655]:	loss = 0.574  exp loss = 0.671  adjusted loss = 0.671  adv prob = 0.052121   acc = 0.809
  gold_label_random = 2, sentence2_has_negation = 1  [n = 797]:	loss = 0.722  exp loss = 0.988  adjusted loss = 0.988  adv prob = 0.000003   acc = 0.760
Current lr: 0.000000
Current lr: 0.000000
Current validation accuracy: 0.7603515386581421

Total Experiment Time: 14353.0s
Finished with job 632 (seed=111)
