Dataset: CUB
Shift type: confounder
Wandb: False
Project name: spurious
Target name: waterbird_complete50
Confounder names: ['forest2water2']
Up weight: 0
Resume: False
Finetune: True
Normalize: False
Recalculate groups: False
Unfreeze: 0
Restart layers: 0
Minority fraction: None
Imbalance ratio: None
Fraction: 0.047
Root dir: ../datasets
Reweight groups: True
Augment data: False
Val fraction: 0.1
Loss type: erm
Alpha: 0.2
Generalization adjustment: 0.0
Sv dropout: 0.0
Automatic adjustment: False
Robust step size: 0.01
Joint dro alpha: 1
Use normalized loss: False
Btl: False
Hinge: False
Model: resnet50
Train from scratch: False
Pretrained path: pretrained_models/CUB/erm_875_222.pth
N epochs: 301
Batch size: 64
Lr: 1e-05
Scheduler: False
L1: 0.0
Weight decay: 1.0
Gamma: 0.1
Minimum variational weight: 0
Seed: 222
Accum: 1
Show progress: False
Log dir: results/CUB/erm_dfr_rw_875/model_outputs_222
Log every: 50
Save step: 10
Save best: True
Save last: True
Use bert params: 1
Num folds per sweep: 5
Num sweeps: 4
Q: 0.7
Metadata csv name: metadata.csv
Fold: None
Metadata path: None
Aug col: None

Reading '../datasets/waterbird_complete50_forest2water2/metadata.csv'
Training Data...
    waterbird_complete50 = 0, forest2water2 = 0: n = 85
    waterbird_complete50 = 0, forest2water2 = 1: n = 91
    waterbird_complete50 = 1, forest2water2 = 0: n = 27
    waterbird_complete50 = 1, forest2water2 = 1: n = 22
Validation Data...
    waterbird_complete50 = 0, forest2water2 = 0: n = 465
    waterbird_complete50 = 0, forest2water2 = 1: n = 466
    waterbird_complete50 = 1, forest2water2 = 0: n = 134
    waterbird_complete50 = 1, forest2water2 = 1: n = 134
Test Data...
    waterbird_complete50 = 0, forest2water2 = 0: n = 2255
    waterbird_complete50 = 0, forest2water2 = 1: n = 2255
    waterbird_complete50 = 1, forest2water2 = 0: n = 642
    waterbird_complete50 = 1, forest2water2 = 1: n = 642
Training
Loading pretrained model from: pretrained_models/CUB/erm_875_222.pth
conv1.weight False
bn1.weight False
bn1.bias False
layer1.0.conv1.weight False
layer1.0.bn1.weight False
layer1.0.bn1.bias False
layer1.0.conv2.weight False
layer1.0.bn2.weight False
layer1.0.bn2.bias False
layer1.0.conv3.weight False
layer1.0.bn3.weight False
layer1.0.bn3.bias False
layer1.0.downsample.0.weight False
layer1.0.downsample.1.weight False
layer1.0.downsample.1.bias False
layer1.1.conv1.weight False
layer1.1.bn1.weight False
layer1.1.bn1.bias False
layer1.1.conv2.weight False
layer1.1.bn2.weight False
layer1.1.bn2.bias False
layer1.1.conv3.weight False
layer1.1.bn3.weight False
layer1.1.bn3.bias False
layer1.2.conv1.weight False
layer1.2.bn1.weight False
layer1.2.bn1.bias False
layer1.2.conv2.weight False
layer1.2.bn2.weight False
layer1.2.bn2.bias False
layer1.2.conv3.weight False
layer1.2.bn3.weight False
layer1.2.bn3.bias False
layer2.0.conv1.weight False
layer2.0.bn1.weight False
layer2.0.bn1.bias False
layer2.0.conv2.weight False
layer2.0.bn2.weight False
layer2.0.bn2.bias False
layer2.0.conv3.weight False
layer2.0.bn3.weight False
layer2.0.bn3.bias False
layer2.0.downsample.0.weight False
layer2.0.downsample.1.weight False
layer2.0.downsample.1.bias False
layer2.1.conv1.weight False
layer2.1.bn1.weight False
layer2.1.bn1.bias False
layer2.1.conv2.weight False
layer2.1.bn2.weight False
layer2.1.bn2.bias False
layer2.1.conv3.weight False
layer2.1.bn3.weight False
layer2.1.bn3.bias False
layer2.2.conv1.weight False
layer2.2.bn1.weight False
layer2.2.bn1.bias False
layer2.2.conv2.weight False
layer2.2.bn2.weight False
layer2.2.bn2.bias False
layer2.2.conv3.weight False
layer2.2.bn3.weight False
layer2.2.bn3.bias False
layer2.3.conv1.weight False
layer2.3.bn1.weight False
layer2.3.bn1.bias False
layer2.3.conv2.weight False
layer2.3.bn2.weight False
layer2.3.bn2.bias False
layer2.3.conv3.weight False
layer2.3.bn3.weight False
layer2.3.bn3.bias False
layer3.0.conv1.weight False
layer3.0.bn1.weight False
layer3.0.bn1.bias False
layer3.0.conv2.weight False
layer3.0.bn2.weight False
layer3.0.bn2.bias False
layer3.0.conv3.weight False
layer3.0.bn3.weight False
layer3.0.bn3.bias False
layer3.0.downsample.0.weight False
layer3.0.downsample.1.weight False
layer3.0.downsample.1.bias False
layer3.1.conv1.weight False
layer3.1.bn1.weight False
layer3.1.bn1.bias False
layer3.1.conv2.weight False
layer3.1.bn2.weight False
layer3.1.bn2.bias False
layer3.1.conv3.weight False
layer3.1.bn3.weight False
layer3.1.bn3.bias False
layer3.2.conv1.weight False
layer3.2.bn1.weight False
layer3.2.bn1.bias False
layer3.2.conv2.weight False
layer3.2.bn2.weight False
layer3.2.bn2.bias False
layer3.2.conv3.weight False
layer3.2.bn3.weight False
layer3.2.bn3.bias False
layer3.3.conv1.weight False
layer3.3.bn1.weight False
layer3.3.bn1.bias False
layer3.3.conv2.weight False
layer3.3.bn2.weight False
layer3.3.bn2.bias False
layer3.3.conv3.weight False
layer3.3.bn3.weight False
layer3.3.bn3.bias False
layer3.4.conv1.weight False
layer3.4.bn1.weight False
layer3.4.bn1.bias False
layer3.4.conv2.weight False
layer3.4.bn2.weight False
layer3.4.bn2.bias False
layer3.4.conv3.weight False
layer3.4.bn3.weight False
layer3.4.bn3.bias False
layer3.5.conv1.weight False
layer3.5.bn1.weight False
layer3.5.bn1.bias False
layer3.5.conv2.weight False
layer3.5.bn2.weight False
layer3.5.bn2.bias False
layer3.5.conv3.weight False
layer3.5.bn3.weight False
layer3.5.bn3.bias False
layer4.0.conv1.weight False
layer4.0.bn1.weight False
layer4.0.bn1.bias False
layer4.0.conv2.weight False
layer4.0.bn2.weight False
layer4.0.bn2.bias False
layer4.0.conv3.weight False
layer4.0.bn3.weight False
layer4.0.bn3.bias False
layer4.0.downsample.0.weight False
layer4.0.downsample.1.weight False
layer4.0.downsample.1.bias False
layer4.1.conv1.weight False
layer4.1.bn1.weight False
layer4.1.bn1.bias False
layer4.1.conv2.weight False
layer4.1.bn2.weight False
layer4.1.bn2.bias False
layer4.1.conv3.weight False
layer4.1.bn3.weight False
layer4.1.bn3.bias False
layer4.2.conv1.weight False
layer4.2.bn1.weight False
layer4.2.bn1.bias False
layer4.2.conv2.weight False
layer4.2.bn2.weight False
layer4.2.bn2.bias False
layer4.2.conv3.weight False
layer4.2.bn3.weight False
layer4.2.bn3.bias False
fc.weight True
fc.bias True

Epoch [0]:
Training:
Average incurred loss: 0.841  
Average sample loss: 0.920  
Average acc: 0.809  
  waterbird_complete50 = 0, forest2water2 = 0  [n = 60]:	loss = 0.000  exp loss = 0.000  adjusted loss = 0.000  adv prob = 0.250000   acc = 1.000
  waterbird_complete50 = 0, forest2water2 = 1  [n = 55]:	loss = 0.002  exp loss = 0.001  adjusted loss = 0.001  adv prob = 0.250000   acc = 1.000
  waterbird_complete50 = 1, forest2water2 = 0  [n = 51]:	loss = 1.521  exp loss = 1.532  adjusted loss = 1.532  adv prob = 0.250000   acc = 0.647
  waterbird_complete50 = 1, forest2water2 = 1  [n = 59]:	loss = 1.892  exp loss = 2.595  adjusted loss = 2.595  adv prob = 0.250000   acc = 0.576

Validation:
Average incurred loss: 0.258  
Average sample loss: 0.255  
Average acc: 0.951  
  waterbird_complete50 = 0, forest2water2 = 0  [n = 465]:	loss = 0.001  exp loss = 0.001  adjusted loss = 0.001  adv prob = 0.250000   acc = 1.000
  waterbird_complete50 = 0, forest2water2 = 1  [n = 466]:	loss = 0.131  exp loss = 0.113  adjusted loss = 0.113  adv prob = 0.250000   acc = 0.972
  waterbird_complete50 = 1, forest2water2 = 0  [n = 134]:	loss = 1.650  exp loss = 2.027  adjusted loss = 2.027  adv prob = 0.250000   acc = 0.709
  waterbird_complete50 = 1, forest2water2 = 1  [n = 134]:	loss = 0.203  exp loss = 0.235  adjusted loss = 0.235  adv prob = 0.250000   acc = 0.948
Current lr: 0.000010
Current validation accuracy: 0.7089551687240601
Best model saved at epoch 0


Epoch [1]:
Training:
Average incurred loss: 1.035  
Average sample loss: 1.025  
Average acc: 0.831  
  waterbird_complete50 = 0, forest2water2 = 0  [n = 67]:	loss = 0.000  exp loss = 0.000  adjusted loss = 0.000  adv prob = 0.250000   acc = 1.000
  waterbird_complete50 = 0, forest2water2 = 1  [n = 42]:	loss = 0.000  exp loss = 0.000  adjusted loss = 0.000  adv prob = 0.250000   acc = 1.000
  waterbird_complete50 = 1, forest2water2 = 0  [n = 59]:	loss = 1.713  exp loss = 1.660  adjusted loss = 1.660  adv prob = 0.250000   acc = 0.746
  waterbird_complete50 = 1, forest2water2 = 1  [n = 57]:	loss = 2.312  exp loss = 2.457  adjusted loss = 2.457  adv prob = 0.250000   acc = 0.596

Validation:
Average incurred loss: 0.321  
Average sample loss: 0.317  
Average acc: 0.942  
  waterbird_complete50 = 0, forest2water2 = 0  [n = 465]:	loss = 0.000  exp loss = 0.000  adjusted loss = 0.000  adv prob = 0.250000   acc = 1.000
  waterbird_complete50 = 0, forest2water2 = 1  [n = 466]:	loss = 0.094  exp loss = 0.084  adjusted loss = 0.084  adv prob = 0.250000   acc = 0.983
  waterbird_complete50 = 1, forest2water2 = 0  [n = 134]:	loss = 2.223  exp loss = 2.739  adjusted loss = 2.739  adv prob = 0.250000   acc = 0.627
  waterbird_complete50 = 1, forest2water2 = 1  [n = 134]:	loss = 0.326  exp loss = 0.365  adjusted loss = 0.365  adv prob = 0.250000   acc = 0.910
Current lr: 0.000010
Current validation accuracy: 0.626865565776825


Epoch [2]:
Training:
Average incurred loss: 1.165  
Average sample loss: 1.065  
Average acc: 0.809  
  waterbird_complete50 = 0, forest2water2 = 0  [n = 47]:	loss = 0.000  exp loss = 0.000  adjusted loss = 0.000  adv prob = 0.250000   acc = 1.000
  waterbird_complete50 = 0, forest2water2 = 1  [n = 62]:	loss = 0.004  exp loss = 0.001  adjusted loss = 0.001  adv prob = 0.250000   acc = 1.000
  waterbird_complete50 = 1, forest2water2 = 0  [n = 63]:	loss = 2.741  exp loss = 1.863  adjusted loss = 1.863  adv prob = 0.250000   acc = 0.556
  waterbird_complete50 = 1, forest2water2 = 1  [n = 53]:	loss = 1.684  exp loss = 1.976  adjusted loss = 1.976  adv prob = 0.250000   acc = 0.717

Validation:
Average incurred loss: 0.406  
Average sample loss: 0.401  
Average acc: 0.927  
  waterbird_complete50 = 0, forest2water2 = 0  [n = 465]:	loss = 0.000  exp loss = 0.000  adjusted loss = 0.000  adv prob = 0.250000   acc = 1.000
  waterbird_complete50 = 0, forest2water2 = 1  [n = 466]:	loss = 0.072  exp loss = 0.066  adjusted loss = 0.066  adv prob = 0.250000   acc = 0.989
  waterbird_complete50 = 1, forest2water2 = 0  [n = 134]:	loss = 2.868  exp loss = 3.496  adjusted loss = 3.496  adv prob = 0.250000   acc = 0.530
  waterbird_complete50 = 1, forest2water2 = 1  [n = 134]:	loss = 0.518  exp loss = 0.549  adjusted loss = 0.549  adv prob = 0.250000   acc = 0.851
Current lr: 0.000010
Current validation accuracy: 0.5298507809638977


Epoch [3]:
Training:
Average incurred loss: 1.018  
Average sample loss: 1.029  
Average acc: 0.791  
  waterbird_complete50 = 0, forest2water2 = 0  [n = 48]:	loss = 0.000  exp loss = 0.000  adjusted loss = 0.000  adv prob = 0.250000   acc = 1.000
  waterbird_complete50 = 0, forest2water2 = 1  [n = 63]:	loss = 0.002  exp loss = 0.001  adjusted loss = 0.001  adv prob = 0.250000   acc = 1.000
  waterbird_complete50 = 1, forest2water2 = 0  [n = 59]:	loss = 2.446  exp loss = 2.075  adjusted loss = 2.075  adv prob = 0.250000   acc = 0.542
  waterbird_complete50 = 1, forest2water2 = 1  [n = 55]:	loss = 1.537  exp loss = 1.815  adjusted loss = 1.815  adv prob = 0.250000   acc = 0.636

Validation:
Average incurred loss: 0.451  
Average sample loss: 0.444  
Average acc: 0.925  
  waterbird_complete50 = 0, forest2water2 = 0  [n = 465]:	loss = 0.000  exp loss = 0.000  adjusted loss = 0.000  adv prob = 0.250000   acc = 1.000
  waterbird_complete50 = 0, forest2water2 = 1  [n = 466]:	loss = 0.064  exp loss = 0.060  adjusted loss = 0.060  adv prob = 0.250000   acc = 0.991
  waterbird_complete50 = 1, forest2water2 = 0  [n = 134]:	loss = 3.187  exp loss = 3.855  adjusted loss = 3.855  adv prob = 0.250000   acc = 0.515
  waterbird_complete50 = 1, forest2water2 = 1  [n = 134]:	loss = 0.622  exp loss = 0.641  adjusted loss = 0.641  adv prob = 0.250000   acc = 0.843
Current lr: 0.000010
Current validation accuracy: 0.5149253606796265


Epoch [4]:
Training:
Average incurred loss: 0.896  
Average sample loss: 0.955  
Average acc: 0.844  
  waterbird_complete50 = 0, forest2water2 = 0  [n = 56]:	loss = 0.000  exp loss = 0.000  adjusted loss = 0.000  adv prob = 0.250000   acc = 1.000
  waterbird_complete50 = 0, forest2water2 = 1  [n = 59]:	loss = 0.000  exp loss = 0.001  adjusted loss = 0.001  adv prob = 0.250000   acc = 1.000
  waterbird_complete50 = 1, forest2water2 = 0  [n = 47]:	loss = 2.110  exp loss = 2.125  adjusted loss = 2.125  adv prob = 0.250000   acc = 0.638
  waterbird_complete50 = 1, forest2water2 = 1  [n = 63]:	loss = 1.625  exp loss = 1.775  adjusted loss = 1.775  adv prob = 0.250000   acc = 0.714

Validation:
Average incurred loss: 0.489  
Average sample loss: 0.482  
Average acc: 0.922  
  waterbird_complete50 = 0, forest2water2 = 0  [n = 465]:	loss = 0.000  exp loss = 0.000  adjusted loss = 0.000  adv prob = 0.250000   acc = 1.000
  waterbird_complete50 = 0, forest2water2 = 1  [n = 466]:	loss = 0.057  exp loss = 0.055  adjusted loss = 0.055  adv prob = 0.250000   acc = 0.991
  waterbird_complete50 = 1, forest2water2 = 0  [n = 134]:	loss = 3.443  exp loss = 4.141  adjusted loss = 4.141  adv prob = 0.250000   acc = 0.507
  waterbird_complete50 = 1, forest2water2 = 1  [n = 134]:	loss = 0.731  exp loss = 0.748  adjusted loss = 0.748  adv prob = 0.250000   acc = 0.821
Current lr: 0.000010
Current validation accuracy: 0.5074626803398132


Epoch [5]:
Training:
Average incurred loss: 1.151  
Average sample loss: 1.048  
Average acc: 0.804  
  waterbird_complete50 = 0, forest2water2 = 0  [n = 64]:	loss = 0.000  exp loss = 0.000  adjusted loss = 0.000  adv prob = 0.250000   acc = 1.000
  waterbird_complete50 = 0, forest2water2 = 1  [n = 49]:	loss = 0.001  exp loss = 0.001  adjusted loss = 0.001  adv prob = 0.250000   acc = 1.000
  waterbird_complete50 = 1, forest2water2 = 0  [n = 50]:	loss = 3.063  exp loss = 2.245  adjusted loss = 2.245  adv prob = 0.250000   acc = 0.540
  waterbird_complete50 = 1, forest2water2 = 1  [n = 62]:	loss = 1.704  exp loss = 1.700  adjusted loss = 1.700  adv prob = 0.250000   acc = 0.661

Validation:
Average incurred loss: 0.483  
Average sample loss: 0.476  
Average acc: 0.922  
  waterbird_complete50 = 0, forest2water2 = 0  [n = 465]:	loss = 0.000  exp loss = 0.000  adjusted loss = 0.000  adv prob = 0.250000   acc = 1.000
  waterbird_complete50 = 0, forest2water2 = 1  [n = 466]:	loss = 0.058  exp loss = 0.055  adjusted loss = 0.055  adv prob = 0.250000   acc = 0.991
  waterbird_complete50 = 1, forest2water2 = 0  [n = 134]:	loss = 3.387  exp loss = 4.078  adjusted loss = 4.078  adv prob = 0.250000   acc = 0.507
  waterbird_complete50 = 1, forest2water2 = 1  [n = 134]:	loss = 0.731  exp loss = 0.750  adjusted loss = 0.750  adv prob = 0.250000   acc = 0.821
Current lr: 0.000010
Current validation accuracy: 0.5074626803398132


Epoch [6]:
Training:
Average incurred loss: 0.596  
Average sample loss: 0.635  
Average acc: 0.853  
  waterbird_complete50 = 0, forest2water2 = 0  [n = 65]:	loss = 0.000  exp loss = 0.000  adjusted loss = 0.000  adv prob = 0.250000   acc = 1.000
  waterbird_complete50 = 0, forest2water2 = 1  [n = 59]:	loss = 0.010  exp loss = 0.003  adjusted loss = 0.003  adv prob = 0.250000   acc = 1.000
  waterbird_complete50 = 1, forest2water2 = 0  [n = 43]:	loss = 1.252  exp loss = 2.033  adjusted loss = 2.033  adv prob = 0.250000   acc = 0.744
  waterbird_complete50 = 1, forest2water2 = 1  [n = 58]:	loss = 1.376  exp loss = 1.561  adjusted loss = 1.561  adv prob = 0.250000   acc = 0.621

Validation:
Average incurred loss: 0.453  
Average sample loss: 0.447  
Average acc: 0.922  
  waterbird_complete50 = 0, forest2water2 = 0  [n = 465]:	loss = 0.000  exp loss = 0.000  adjusted loss = 0.000  adv prob = 0.250000   acc = 1.000
  waterbird_complete50 = 0, forest2water2 = 1  [n = 466]:	loss = 0.061  exp loss = 0.058  adjusted loss = 0.058  adv prob = 0.250000   acc = 0.991
  waterbird_complete50 = 1, forest2water2 = 0  [n = 134]:	loss = 3.192  exp loss = 3.863  adjusted loss = 3.863  adv prob = 0.250000   acc = 0.507
  waterbird_complete50 = 1, forest2water2 = 1  [n = 134]:	loss = 0.649  exp loss = 0.670  adjusted loss = 0.670  adv prob = 0.250000   acc = 0.821
Current lr: 0.000010
Current validation accuracy: 0.5074626803398132


Epoch [7]:
Training:
Average incurred loss: 0.849  
Average sample loss: 0.774  
Average acc: 0.840  
  waterbird_complete50 = 0, forest2water2 = 0  [n = 55]:	loss = 0.000  exp loss = 0.000  adjusted loss = 0.000  adv prob = 0.250000   acc = 1.000
  waterbird_complete50 = 0, forest2water2 = 1  [n = 67]:	loss = 0.007  exp loss = 0.005  adjusted loss = 0.005  adv prob = 0.250000   acc = 1.000
  waterbird_complete50 = 1, forest2water2 = 0  [n = 43]:	loss = 2.183  exp loss = 1.821  adjusted loss = 1.821  adv prob = 0.250000   acc = 0.651
  waterbird_complete50 = 1, forest2water2 = 1  [n = 60]:	loss = 1.612  exp loss = 1.476  adjusted loss = 1.476  adv prob = 0.250000   acc = 0.650

Validation:
Average incurred loss: 0.445  
Average sample loss: 0.438  
Average acc: 0.922  
  waterbird_complete50 = 0, forest2water2 = 0  [n = 465]:	loss = 0.000  exp loss = 0.000  adjusted loss = 0.000  adv prob = 0.250000   acc = 1.000
  waterbird_complete50 = 0, forest2water2 = 1  [n = 466]:	loss = 0.062  exp loss = 0.058  adjusted loss = 0.058  adv prob = 0.250000   acc = 0.991
  waterbird_complete50 = 1, forest2water2 = 0  [n = 134]:	loss = 3.144  exp loss = 3.804  adjusted loss = 3.804  adv prob = 0.250000   acc = 0.507
  waterbird_complete50 = 1, forest2water2 = 1  [n = 134]:	loss = 0.620  exp loss = 0.644  adjusted loss = 0.644  adv prob = 0.250000   acc = 0.821
Current lr: 0.000010
Current validation accuracy: 0.5074626803398132


Epoch [8]:
Training:
Average incurred loss: 1.250  
Average sample loss: 1.507  
Average acc: 0.791  
  waterbird_complete50 = 0, forest2water2 = 0  [n = 51]:	loss = 0.000  exp loss = 0.000  adjusted loss = 0.000  adv prob = 0.250000   acc = 1.000
  waterbird_complete50 = 0, forest2water2 = 1  [n = 53]:	loss = 0.000  exp loss = 0.004  adjusted loss = 0.004  adv prob = 0.250000   acc = 1.000
  waterbird_complete50 = 1, forest2water2 = 0  [n = 63]:	loss = 3.306  exp loss = 2.525  adjusted loss = 2.525  adv prob = 0.250000   acc = 0.556
  waterbird_complete50 = 1, forest2water2 = 1  [n = 58]:	loss = 1.259  exp loss = 1.371  adjusted loss = 1.371  adv prob = 0.250000   acc = 0.672

Validation:
Average incurred loss: 0.509  
Average sample loss: 0.502  
Average acc: 0.915  
  waterbird_complete50 = 0, forest2water2 = 0  [n = 465]:	loss = 0.000  exp loss = 0.000  adjusted loss = 0.000  adv prob = 0.250000   acc = 1.000
  waterbird_complete50 = 0, forest2water2 = 1  [n = 466]:	loss = 0.055  exp loss = 0.052  adjusted loss = 0.052  adv prob = 0.250000   acc = 0.991
  waterbird_complete50 = 1, forest2water2 = 0  [n = 134]:	loss = 3.571  exp loss = 4.282  adjusted loss = 4.282  adv prob = 0.250000   acc = 0.470
  waterbird_complete50 = 1, forest2water2 = 1  [n = 134]:	loss = 0.790  exp loss = 0.801  adjusted loss = 0.801  adv prob = 0.250000   acc = 0.799
Current lr: 0.000010
Current validation accuracy: 0.4701492488384247


Epoch [9]:
Training:
Average incurred loss: 1.034  
Average sample loss: 0.954  
Average acc: 0.827  
  waterbird_complete50 = 0, forest2water2 = 0  [n = 49]:	loss = 0.000  exp loss = 0.000  adjusted loss = 0.000  adv prob = 0.250000   acc = 1.000
  waterbird_complete50 = 0, forest2water2 = 1  [n = 63]:	loss = 0.001  exp loss = 0.003  adjusted loss = 0.003  adv prob = 0.250000   acc = 1.000
  waterbird_complete50 = 1, forest2water2 = 0  [n = 58]:	loss = 2.475  exp loss = 2.368  adjusted loss = 2.368  adv prob = 0.250000   acc = 0.586
  waterbird_complete50 = 1, forest2water2 = 1  [n = 55]:	loss = 1.620  exp loss = 1.441  adjusted loss = 1.441  adv prob = 0.250000   acc = 0.727

Validation:
Average incurred loss: 0.516  
Average sample loss: 0.509  
Average acc: 0.913  
  waterbird_complete50 = 0, forest2water2 = 0  [n = 465]:	loss = 0.000  exp loss = 0.000  adjusted loss = 0.000  adv prob = 0.250000   acc = 1.000
  waterbird_complete50 = 0, forest2water2 = 1  [n = 466]:	loss = 0.054  exp loss = 0.052  adjusted loss = 0.052  adv prob = 0.250000   acc = 0.991
  waterbird_complete50 = 1, forest2water2 = 0  [n = 134]:	loss = 3.607  exp loss = 4.307  adjusted loss = 4.307  adv prob = 0.250000   acc = 0.463
  waterbird_complete50 = 1, forest2water2 = 1  [n = 134]:	loss = 0.822  exp loss = 0.832  adjusted loss = 0.832  adv prob = 0.250000   acc = 0.791
Current lr: 0.000010
Current validation accuracy: 0.46268656849861145


Epoch [10]:
Training:
Average incurred loss: 0.752  
Average sample loss: 0.822  
Average acc: 0.853  
  waterbird_complete50 = 0, forest2water2 = 0  [n = 64]:	loss = 0.000  exp loss = 0.000  adjusted loss = 0.000  adv prob = 0.250000   acc = 1.000
  waterbird_complete50 = 0, forest2water2 = 1  [n = 55]:	loss = 0.001  exp loss = 0.002  adjusted loss = 0.002  adv prob = 0.250000   acc = 1.000
  waterbird_complete50 = 1, forest2water2 = 0  [n = 49]:	loss = 2.294  exp loss = 2.393  adjusted loss = 2.393  adv prob = 0.250000   acc = 0.633
  waterbird_complete50 = 1, forest2water2 = 1  [n = 57]:	loss = 0.996  exp loss = 1.235  adjusted loss = 1.235  adv prob = 0.250000   acc = 0.737

Validation:
Average incurred loss: 0.521  
Average sample loss: 0.514  
Average acc: 0.912  
  waterbird_complete50 = 0, forest2water2 = 0  [n = 465]:	loss = 0.000  exp loss = 0.000  adjusted loss = 0.000  adv prob = 0.250000   acc = 1.000
  waterbird_complete50 = 0, forest2water2 = 1  [n = 466]:	loss = 0.052  exp loss = 0.050  adjusted loss = 0.050  adv prob = 0.250000   acc = 0.991
  waterbird_complete50 = 1, forest2water2 = 0  [n = 134]:	loss = 3.632  exp loss = 4.355  adjusted loss = 4.355  adv prob = 0.250000   acc = 0.470
  waterbird_complete50 = 1, forest2water2 = 1  [n = 134]:	loss = 0.851  exp loss = 0.859  adjusted loss = 0.859  adv prob = 0.250000   acc = 0.776
Current lr: 0.000010
Current validation accuracy: 0.4701492488384247


Epoch [11]:
Training:
Average incurred loss: 0.418  
Average sample loss: 0.368  
Average acc: 0.898  
  waterbird_complete50 = 0, forest2water2 = 0  [n = 70]:	loss = 0.000  exp loss = 0.000  adjusted loss = 0.000  adv prob = 0.250000   acc = 1.000
  waterbird_complete50 = 0, forest2water2 = 1  [n = 62]:	loss = 0.006  exp loss = 0.003  adjusted loss = 0.003  adv prob = 0.250000   acc = 1.000
  waterbird_complete50 = 1, forest2water2 = 0  [n = 52]:	loss = 1.217  exp loss = 1.903  adjusted loss = 1.903  adv prob = 0.250000   acc = 0.788
  waterbird_complete50 = 1, forest2water2 = 1  [n = 41]:	loss = 0.742  exp loss = 1.018  adjusted loss = 1.018  adv prob = 0.250000   acc = 0.707

Validation:
Average incurred loss: 0.448  
Average sample loss: 0.441  
Average acc: 0.924  
  waterbird_complete50 = 0, forest2water2 = 0  [n = 465]:	loss = 0.000  exp loss = 0.000  adjusted loss = 0.000  adv prob = 0.250000   acc = 1.000
  waterbird_complete50 = 0, forest2water2 = 1  [n = 466]:	loss = 0.061  exp loss = 0.058  adjusted loss = 0.058  adv prob = 0.250000   acc = 0.991
  waterbird_complete50 = 1, forest2water2 = 0  [n = 134]:	loss = 3.161  exp loss = 3.828  adjusted loss = 3.828  adv prob = 0.250000   acc = 0.507
  waterbird_complete50 = 1, forest2water2 = 1  [n = 134]:	loss = 0.630  exp loss = 0.650  adjusted loss = 0.650  adv prob = 0.250000   acc = 0.843
Current lr: 0.000010
Current validation accuracy: 0.5074626803398132


Epoch [12]:
Training:
Average incurred loss: 0.901  
Average sample loss: 0.946  
Average acc: 0.827  
  waterbird_complete50 = 0, forest2water2 = 0  [n = 61]:	loss = 0.000  exp loss = 0.000  adjusted loss = 0.000  adv prob = 0.250000   acc = 1.000
  waterbird_complete50 = 0, forest2water2 = 1  [n = 51]:	loss = 0.003  exp loss = 0.003  adjusted loss = 0.003  adv prob = 0.250000   acc = 1.000
  waterbird_complete50 = 1, forest2water2 = 0  [n = 55]:	loss = 2.192  exp loss = 1.975  adjusted loss = 1.975  adv prob = 0.250000   acc = 0.600
  waterbird_complete50 = 1, forest2water2 = 1  [n = 58]:	loss = 1.414  exp loss = 1.227  adjusted loss = 1.227  adv prob = 0.250000   acc = 0.707

Validation:
Average incurred loss: 0.468  
Average sample loss: 0.462  
Average acc: 0.921  
  waterbird_complete50 = 0, forest2water2 = 0  [n = 465]:	loss = 0.000  exp loss = 0.000  adjusted loss = 0.000  adv prob = 0.250000   acc = 1.000
  waterbird_complete50 = 0, forest2water2 = 1  [n = 466]:	loss = 0.059  exp loss = 0.056  adjusted loss = 0.056  adv prob = 0.250000   acc = 0.991
  waterbird_complete50 = 1, forest2water2 = 0  [n = 134]:	loss = 3.293  exp loss = 3.975  adjusted loss = 3.975  adv prob = 0.250000   acc = 0.500
  waterbird_complete50 = 1, forest2water2 = 1  [n = 134]:	loss = 0.690  exp loss = 0.711  adjusted loss = 0.711  adv prob = 0.250000   acc = 0.821
Current lr: 0.000010
Current validation accuracy: 0.5000000596046448


Epoch [13]:
Training:
Average incurred loss: 0.980  
Average sample loss: 1.031  
Average acc: 0.787  
  waterbird_complete50 = 0, forest2water2 = 0  [n = 56]:	loss = 0.000  exp loss = 0.000  adjusted loss = 0.000  adv prob = 0.250000   acc = 1.000
  waterbird_complete50 = 0, forest2water2 = 1  [n = 50]:	loss = 0.001  exp loss = 0.002  adjusted loss = 0.002  adv prob = 0.250000   acc = 1.000
  waterbird_complete50 = 1, forest2water2 = 0  [n = 55]:	loss = 1.917  exp loss = 2.029  adjusted loss = 2.029  adv prob = 0.250000   acc = 0.564
  waterbird_complete50 = 1, forest2water2 = 1  [n = 64]:	loss = 1.797  exp loss = 1.416  adjusted loss = 1.416  adv prob = 0.250000   acc = 0.625

Validation:
Average incurred loss: 0.500  
Average sample loss: 0.493  
Average acc: 0.919  
  waterbird_complete50 = 0, forest2water2 = 0  [n = 465]:	loss = 0.000  exp loss = 0.000  adjusted loss = 0.000  adv prob = 0.250000   acc = 1.000
  waterbird_complete50 = 0, forest2water2 = 1  [n = 466]:	loss = 0.055  exp loss = 0.052  adjusted loss = 0.052  adv prob = 0.250000   acc = 0.991
  waterbird_complete50 = 1, forest2water2 = 0  [n = 134]:	loss = 3.499  exp loss = 4.217  adjusted loss = 4.217  adv prob = 0.250000   acc = 0.500
  waterbird_complete50 = 1, forest2water2 = 1  [n = 134]:	loss = 0.784  exp loss = 0.796  adjusted loss = 0.796  adv prob = 0.250000   acc = 0.806
Current lr: 0.000010
Current validation accuracy: 0.5000000596046448


Epoch [14]:
Training:
Average incurred loss: 0.857  
Average sample loss: 0.893  
Average acc: 0.836  
  waterbird_complete50 = 0, forest2water2 = 0  [n = 65]:	loss = 0.000  exp loss = 0.000  adjusted loss = 0.000  adv prob = 0.250000   acc = 1.000
  waterbird_complete50 = 0, forest2water2 = 1  [n = 51]:	loss = 0.000  exp loss = 0.002  adjusted loss = 0.002  adv prob = 0.250000   acc = 1.000
  waterbird_complete50 = 1, forest2water2 = 0  [n = 52]:	loss = 1.771  exp loss = 1.967  adjusted loss = 1.967  adv prob = 0.250000   acc = 0.654
  waterbird_complete50 = 1, forest2water2 = 1  [n = 57]:	loss = 1.767  exp loss = 1.550  adjusted loss = 1.550  adv prob = 0.250000   acc = 0.667

Validation:
Average incurred loss: 0.512  
Average sample loss: 0.505  
Average acc: 0.917  
  waterbird_complete50 = 0, forest2water2 = 0  [n = 465]:	loss = 0.000  exp loss = 0.000  adjusted loss = 0.000  adv prob = 0.250000   acc = 1.000
  waterbird_complete50 = 0, forest2water2 = 1  [n = 466]:	loss = 0.054  exp loss = 0.051  adjusted loss = 0.051  adv prob = 0.250000   acc = 0.991
  waterbird_complete50 = 1, forest2water2 = 0  [n = 134]:	loss = 3.586  exp loss = 4.311  adjusted loss = 4.311  adv prob = 0.250000   acc = 0.485
  waterbird_complete50 = 1, forest2water2 = 1  [n = 134]:	loss = 0.807  exp loss = 0.823  adjusted loss = 0.823  adv prob = 0.250000   acc = 0.799
Current lr: 0.000010
Current validation accuracy: 0.48507463932037354


Epoch [15]:
Training:
Average incurred loss: 0.530  
Average sample loss: 0.499  
Average acc: 0.884  
  waterbird_complete50 = 0, forest2water2 = 0  [n = 53]:	loss = 0.000  exp loss = 0.000  adjusted loss = 0.000  adv prob = 0.250000   acc = 1.000
  waterbird_complete50 = 0, forest2water2 = 1  [n = 71]:	loss = 0.008  exp loss = 0.004  adjusted loss = 0.004  adv prob = 0.250000   acc = 1.000
  waterbird_complete50 = 1, forest2water2 = 0  [n = 53]:	loss = 1.282  exp loss = 1.670  adjusted loss = 1.670  adv prob = 0.250000   acc = 0.736
  waterbird_complete50 = 1, forest2water2 = 1  [n = 48]:	loss = 1.059  exp loss = 1.311  adjusted loss = 1.311  adv prob = 0.250000   acc = 0.750

Validation:
Average incurred loss: 0.468  
Average sample loss: 0.462  
Average acc: 0.921  
  waterbird_complete50 = 0, forest2water2 = 0  [n = 465]:	loss = 0.000  exp loss = 0.000  adjusted loss = 0.000  adv prob = 0.250000   acc = 1.000
  waterbird_complete50 = 0, forest2water2 = 1  [n = 466]:	loss = 0.059  exp loss = 0.056  adjusted loss = 0.056  adv prob = 0.250000   acc = 0.991
  waterbird_complete50 = 1, forest2water2 = 0  [n = 134]:	loss = 3.303  exp loss = 4.000  adjusted loss = 4.000  adv prob = 0.250000   acc = 0.500
  waterbird_complete50 = 1, forest2water2 = 1  [n = 134]:	loss = 0.683  exp loss = 0.700  adjusted loss = 0.700  adv prob = 0.250000   acc = 0.821
Current lr: 0.000010
Current validation accuracy: 0.5000000596046448


Epoch [16]:
Training:
Average incurred loss: 0.983  
Average sample loss: 0.938  
Average acc: 0.804  
  waterbird_complete50 = 0, forest2water2 = 0  [n = 50]:	loss = 0.000  exp loss = 0.000  adjusted loss = 0.000  adv prob = 0.250000   acc = 1.000
  waterbird_complete50 = 0, forest2water2 = 1  [n = 59]:	loss = 0.001  exp loss = 0.003  adjusted loss = 0.003  adv prob = 0.250000   acc = 1.000
  waterbird_complete50 = 1, forest2water2 = 0  [n = 60]:	loss = 2.390  exp loss = 1.886  adjusted loss = 1.886  adv prob = 0.250000   acc = 0.567
  waterbird_complete50 = 1, forest2water2 = 1  [n = 56]:	loss = 1.389  exp loss = 1.283  adjusted loss = 1.283  adv prob = 0.250000   acc = 0.679

Validation:
Average incurred loss: 0.488  
Average sample loss: 0.481  
Average acc: 0.921  
  waterbird_complete50 = 0, forest2water2 = 0  [n = 465]:	loss = 0.000  exp loss = 0.000  adjusted loss = 0.000  adv prob = 0.250000   acc = 1.000
  waterbird_complete50 = 0, forest2water2 = 1  [n = 466]:	loss = 0.058  exp loss = 0.055  adjusted loss = 0.055  adv prob = 0.250000   acc = 0.991
  waterbird_complete50 = 1, forest2water2 = 0  [n = 134]:	loss = 3.422  exp loss = 4.145  adjusted loss = 4.145  adv prob = 0.250000   acc = 0.500
  waterbird_complete50 = 1, forest2water2 = 1  [n = 134]:	loss = 0.743  exp loss = 0.754  adjusted loss = 0.754  adv prob = 0.250000   acc = 0.821
Current lr: 0.000010
Current validation accuracy: 0.5000000596046448


Epoch [17]:
Training:
Average incurred loss: 1.133  
Average sample loss: 1.091  
Average acc: 0.782  
  waterbird_complete50 = 0, forest2water2 = 0  [n = 53]:	loss = 0.000  exp loss = 0.000  adjusted loss = 0.000  adv prob = 0.250000   acc = 1.000
  waterbird_complete50 = 0, forest2water2 = 1  [n = 45]:	loss = 0.000  exp loss = 0.002  adjusted loss = 0.002  adv prob = 0.250000   acc = 1.000
  waterbird_complete50 = 1, forest2water2 = 0  [n = 60]:	loss = 2.649  exp loss = 2.137  adjusted loss = 2.137  adv prob = 0.250000   acc = 0.467
  waterbird_complete50 = 1, forest2water2 = 1  [n = 67]:	loss = 1.433  exp loss = 1.288  adjusted loss = 1.288  adv prob = 0.250000   acc = 0.746

Validation:
Average incurred loss: 0.523  
Average sample loss: 0.515  
Average acc: 0.916  
  waterbird_complete50 = 0, forest2water2 = 0  [n = 465]:	loss = 0.000  exp loss = 0.000  adjusted loss = 0.000  adv prob = 0.250000   acc = 1.000
  waterbird_complete50 = 0, forest2water2 = 1  [n = 466]:	loss = 0.053  exp loss = 0.051  adjusted loss = 0.051  adv prob = 0.250000   acc = 0.991
  waterbird_complete50 = 1, forest2water2 = 0  [n = 134]:	loss = 3.644  exp loss = 4.384  adjusted loss = 4.384  adv prob = 0.250000   acc = 0.485
  waterbird_complete50 = 1, forest2water2 = 1  [n = 134]:	loss = 0.847  exp loss = 0.854  adjusted loss = 0.854  adv prob = 0.250000   acc = 0.791
Current lr: 0.000010
Current validation accuracy: 0.48507463932037354


Epoch [18]:
Training:
Average incurred loss: 0.669  
Average sample loss: 0.632  
Average acc: 0.831  
  waterbird_complete50 = 0, forest2water2 = 0  [n = 61]:	loss = 0.000  exp loss = 0.000  adjusted loss = 0.000  adv prob = 0.250000   acc = 1.000
  waterbird_complete50 = 0, forest2water2 = 1  [n = 53]:	loss = 0.037  exp loss = 0.019  adjusted loss = 0.019  adv prob = 0.250000   acc = 0.981
  waterbird_complete50 = 1, forest2water2 = 0  [n = 58]:	loss = 1.592  exp loss = 1.900  adjusted loss = 1.900  adv prob = 0.250000   acc = 0.603
  waterbird_complete50 = 1, forest2water2 = 1  [n = 53]:	loss = 1.059  exp loss = 1.190  adjusted loss = 1.190  adv prob = 0.250000   acc = 0.736

Validation:
Average incurred loss: 0.477  
Average sample loss: 0.470  
Average acc: 0.921  
  waterbird_complete50 = 0, forest2water2 = 0  [n = 465]:	loss = 0.000  exp loss = 0.000  adjusted loss = 0.000  adv prob = 0.250000   acc = 1.000
  waterbird_complete50 = 0, forest2water2 = 1  [n = 466]:	loss = 0.060  exp loss = 0.057  adjusted loss = 0.057  adv prob = 0.250000   acc = 0.991
  waterbird_complete50 = 1, forest2water2 = 0  [n = 134]:	loss = 3.344  exp loss = 4.048  adjusted loss = 4.048  adv prob = 0.250000   acc = 0.500
  waterbird_complete50 = 1, forest2water2 = 1  [n = 134]:	loss = 0.713  exp loss = 0.731  adjusted loss = 0.731  adv prob = 0.250000   acc = 0.821
Current lr: 0.000010
Current validation accuracy: 0.5000000596046448


Epoch [19]:
Training:
Average incurred loss: 1.368  
Average sample loss: 1.452  
Average acc: 0.773  
  waterbird_complete50 = 0, forest2water2 = 0  [n = 56]:	loss = 0.000  exp loss = 0.000  adjusted loss = 0.000  adv prob = 0.250000   acc = 1.000
  waterbird_complete50 = 0, forest2water2 = 1  [n = 46]:	loss = 0.000  exp loss = 0.012  adjusted loss = 0.012  adv prob = 0.250000   acc = 1.000
  waterbird_complete50 = 1, forest2water2 = 0  [n = 74]:	loss = 2.862  exp loss = 2.362  adjusted loss = 2.362  adv prob = 0.250000   acc = 0.486
  waterbird_complete50 = 1, forest2water2 = 1  [n = 49]:	loss = 1.961  exp loss = 1.377  adjusted loss = 1.377  adv prob = 0.250000   acc = 0.735

Validation:
Average incurred loss: 0.528  
Average sample loss: 0.521  
Average acc: 0.914  
  waterbird_complete50 = 0, forest2water2 = 0  [n = 465]:	loss = 0.000  exp loss = 0.000  adjusted loss = 0.000  adv prob = 0.250000   acc = 1.000
  waterbird_complete50 = 0, forest2water2 = 1  [n = 466]:	loss = 0.053  exp loss = 0.051  adjusted loss = 0.051  adv prob = 0.250000   acc = 0.991
  waterbird_complete50 = 1, forest2water2 = 0  [n = 134]:	loss = 3.680  exp loss = 4.416  adjusted loss = 4.416  adv prob = 0.250000   acc = 0.478
  waterbird_complete50 = 1, forest2water2 = 1  [n = 134]:	loss = 0.862  exp loss = 0.872  adjusted loss = 0.872  adv prob = 0.250000   acc = 0.784
Current lr: 0.000010
Current validation accuracy: 0.4776119291782379


Epoch [20]:
Training:
Average incurred loss: 1.289  
Average sample loss: 1.255  
Average acc: 0.769  
  waterbird_complete50 = 0, forest2water2 = 0  [n = 51]:	loss = 0.000  exp loss = 0.000  adjusted loss = 0.000  adv prob = 0.250000   acc = 1.000
  waterbird_complete50 = 0, forest2water2 = 1  [n = 44]:	loss = 0.000  exp loss = 0.008  adjusted loss = 0.008  adv prob = 0.250000   acc = 1.000
  waterbird_complete50 = 1, forest2water2 = 0  [n = 69]:	loss = 2.826  exp loss = 2.503  adjusted loss = 2.503  adv prob = 0.250000   acc = 0.536
  waterbird_complete50 = 1, forest2water2 = 1  [n = 61]:	loss = 1.558  exp loss = 1.378  adjusted loss = 1.378  adv prob = 0.250000   acc = 0.672

Validation:
Average incurred loss: 0.534  
Average sample loss: 0.527  
Average acc: 0.912  
  waterbird_complete50 = 0, forest2water2 = 0  [n = 465]:	loss = 0.000  exp loss = 0.000  adjusted loss = 0.000  adv prob = 0.250000   acc = 1.000
  waterbird_complete50 = 0, forest2water2 = 1  [n = 466]:	loss = 0.053  exp loss = 0.051  adjusted loss = 0.051  adv prob = 0.250000   acc = 0.991
  waterbird_complete50 = 1, forest2water2 = 0  [n = 134]:	loss = 3.704  exp loss = 4.450  adjusted loss = 4.450  adv prob = 0.250000   acc = 0.470
  waterbird_complete50 = 1, forest2water2 = 1  [n = 134]:	loss = 0.891  exp loss = 0.896  adjusted loss = 0.896  adv prob = 0.250000   acc = 0.776
Current lr: 0.000010
Current validation accuracy: 0.47014927864074707


Epoch [21]:
Training:
Average incurred loss: 0.754  
Average sample loss: 0.694  
Average acc: 0.849  
  waterbird_complete50 = 0, forest2water2 = 0  [n = 62]:	loss = 0.000  exp loss = 0.000  adjusted loss = 0.000  adv prob = 0.250000   acc = 1.000
  waterbird_complete50 = 0, forest2water2 = 1  [n = 50]:	loss = 0.001  exp loss = 0.006  adjusted loss = 0.006  adv prob = 0.250000   acc = 1.000
  waterbird_complete50 = 1, forest2water2 = 0  [n = 54]:	loss = 2.048  exp loss = 2.205  adjusted loss = 2.205  adv prob = 0.250000   acc = 0.648
  waterbird_complete50 = 1, forest2water2 = 1  [n = 59]:	loss = 0.999  exp loss = 1.204  adjusted loss = 1.204  adv prob = 0.250000   acc = 0.746

Validation:
Average incurred loss: 0.503  
Average sample loss: 0.496  
Average acc: 0.917  
  waterbird_complete50 = 0, forest2water2 = 0  [n = 465]:	loss = 0.000  exp loss = 0.000  adjusted loss = 0.000  adv prob = 0.250000   acc = 1.000
  waterbird_complete50 = 0, forest2water2 = 1  [n = 466]:	loss = 0.056  exp loss = 0.053  adjusted loss = 0.053  adv prob = 0.250000   acc = 0.991
  waterbird_complete50 = 1, forest2water2 = 0  [n = 134]:	loss = 3.523  exp loss = 4.227  adjusted loss = 4.227  adv prob = 0.250000   acc = 0.485
  waterbird_complete50 = 1, forest2water2 = 1  [n = 134]:	loss = 0.786  exp loss = 0.807  adjusted loss = 0.807  adv prob = 0.250000   acc = 0.806
Current lr: 0.000010
Current validation accuracy: 0.48507463932037354


Epoch [22]:
Training:
Average incurred loss: 0.782  
Average sample loss: 0.866  
Average acc: 0.853  
  waterbird_complete50 = 0, forest2water2 = 0  [n = 53]:	loss = 0.000  exp loss = 0.000  adjusted loss = 0.000  adv prob = 0.250000   acc = 1.000
  waterbird_complete50 = 0, forest2water2 = 1  [n = 56]:	loss = 0.005  exp loss = 0.005  adjusted loss = 0.005  adv prob = 0.250000   acc = 1.000
  waterbird_complete50 = 1, forest2water2 = 0  [n = 66]:	loss = 1.719  exp loss = 2.230  adjusted loss = 2.230  adv prob = 0.250000   acc = 0.712
  waterbird_complete50 = 1, forest2water2 = 1  [n = 50]:	loss = 1.245  exp loss = 1.218  adjusted loss = 1.218  adv prob = 0.250000   acc = 0.720

Validation:
Average incurred loss: 0.515  
Average sample loss: 0.507  
Average acc: 0.916  
  waterbird_complete50 = 0, forest2water2 = 0  [n = 465]:	loss = 0.000  exp loss = 0.000  adjusted loss = 0.000  adv prob = 0.250000   acc = 1.000
  waterbird_complete50 = 0, forest2water2 = 1  [n = 466]:	loss = 0.052  exp loss = 0.050  adjusted loss = 0.050  adv prob = 0.250000   acc = 0.991
  waterbird_complete50 = 1, forest2water2 = 0  [n = 134]:	loss = 3.604  exp loss = 4.323  adjusted loss = 4.323  adv prob = 0.250000   acc = 0.478
  waterbird_complete50 = 1, forest2water2 = 1  [n = 134]:	loss = 0.820  exp loss = 0.836  adjusted loss = 0.836  adv prob = 0.250000   acc = 0.799
Current lr: 0.000010
Current validation accuracy: 0.4776119589805603


Epoch [23]:
Training:
Average incurred loss: 0.755  
Average sample loss: 0.730  
Average acc: 0.840  
  waterbird_complete50 = 0, forest2water2 = 0  [n = 44]:	loss = 0.000  exp loss = 0.000  adjusted loss = 0.000  adv prob = 0.250000   acc = 1.000
  waterbird_complete50 = 0, forest2water2 = 1  [n = 68]:	loss = 0.001  exp loss = 0.004  adjusted loss = 0.004  adv prob = 0.250000   acc = 1.000
  waterbird_complete50 = 1, forest2water2 = 0  [n = 57]:	loss = 2.161  exp loss = 2.242  adjusted loss = 2.242  adv prob = 0.250000   acc = 0.596
  waterbird_complete50 = 1, forest2water2 = 1  [n = 56]:	loss = 0.831  exp loss = 1.067  adjusted loss = 1.067  adv prob = 0.250000   acc = 0.768

Validation:
Average incurred loss: 0.505  
Average sample loss: 0.498  
Average acc: 0.917  
  waterbird_complete50 = 0, forest2water2 = 0  [n = 465]:	loss = 0.000  exp loss = 0.000  adjusted loss = 0.000  adv prob = 0.250000   acc = 1.000
  waterbird_complete50 = 0, forest2water2 = 1  [n = 466]:	loss = 0.055  exp loss = 0.052  adjusted loss = 0.052  adv prob = 0.250000   acc = 0.991
  waterbird_complete50 = 1, forest2water2 = 0  [n = 134]:	loss = 3.523  exp loss = 4.240  adjusted loss = 4.240  adv prob = 0.250000   acc = 0.485
  waterbird_complete50 = 1, forest2water2 = 1  [n = 134]:	loss = 0.802  exp loss = 0.813  adjusted loss = 0.813  adv prob = 0.250000   acc = 0.799
Current lr: 0.000010
Current validation accuracy: 0.48507463932037354


Epoch [24]:
Training:
Average incurred loss: 0.845  
Average sample loss: 0.821  
Average acc: 0.822  
  waterbird_complete50 = 0, forest2water2 = 0  [n = 60]:	loss = 0.000  exp loss = 0.000  adjusted loss = 0.000  adv prob = 0.250000   acc = 1.000
  waterbird_complete50 = 0, forest2water2 = 1  [n = 46]:	loss = 0.001  exp loss = 0.003  adjusted loss = 0.003  adv prob = 0.250000   acc = 1.000
  waterbird_complete50 = 1, forest2water2 = 0  [n = 72]:	loss = 2.144  exp loss = 2.167  adjusted loss = 2.167  adv prob = 0.250000   acc = 0.597
  waterbird_complete50 = 1, forest2water2 = 1  [n = 47]:	loss = 0.758  exp loss = 0.968  adjusted loss = 0.968  adv prob = 0.250000   acc = 0.766

Validation:
Average incurred loss: 0.493  
Average sample loss: 0.486  
Average acc: 0.918  
  waterbird_complete50 = 0, forest2water2 = 0  [n = 465]:	loss = 0.000  exp loss = 0.000  adjusted loss = 0.000  adv prob = 0.250000   acc = 1.000
  waterbird_complete50 = 0, forest2water2 = 1  [n = 466]:	loss = 0.057  exp loss = 0.054  adjusted loss = 0.054  adv prob = 0.250000   acc = 0.991
  waterbird_complete50 = 1, forest2water2 = 0  [n = 134]:	loss = 3.457  exp loss = 4.154  adjusted loss = 4.154  adv prob = 0.250000   acc = 0.485
  waterbird_complete50 = 1, forest2water2 = 1  [n = 134]:	loss = 0.754  exp loss = 0.768  adjusted loss = 0.768  adv prob = 0.250000   acc = 0.813
Current lr: 0.000010
Current validation accuracy: 0.48507463932037354


Epoch [25]:
Training:
Average incurred loss: 0.971  
Average sample loss: 0.935  
Average acc: 0.818  
  waterbird_complete50 = 0, forest2water2 = 0  [n = 51]:	loss = 0.000  exp loss = 0.000  adjusted loss = 0.000  adv prob = 0.250000   acc = 1.000
  waterbird_complete50 = 0, forest2water2 = 1  [n = 58]:	loss = 0.008  exp loss = 0.004  adjusted loss = 0.004  adv prob = 0.250000   acc = 1.000
  waterbird_complete50 = 1, forest2water2 = 0  [n = 60]:	loss = 2.109  exp loss = 2.137  adjusted loss = 2.137  adv prob = 0.250000   acc = 0.650
  waterbird_complete50 = 1, forest2water2 = 1  [n = 56]:	loss = 1.631  exp loss = 1.050  adjusted loss = 1.050  adv prob = 0.250000   acc = 0.643

Validation:
Average incurred loss: 0.481  
Average sample loss: 0.474  
Average acc: 0.920  
  waterbird_complete50 = 0, forest2water2 = 0  [n = 465]:	loss = 0.000  exp loss = 0.000  adjusted loss = 0.000  adv prob = 0.250000   acc = 1.000
  waterbird_complete50 = 0, forest2water2 = 1  [n = 466]:	loss = 0.058  exp loss = 0.055  adjusted loss = 0.055  adv prob = 0.250000   acc = 0.991
  waterbird_complete50 = 1, forest2water2 = 0  [n = 134]:	loss = 3.367  exp loss = 4.071  adjusted loss = 4.071  adv prob = 0.250000   acc = 0.493
  waterbird_complete50 = 1, forest2water2 = 1  [n = 134]:	loss = 0.734  exp loss = 0.750  adjusted loss = 0.750  adv prob = 0.250000   acc = 0.821
Current lr: 0.000010
Current validation accuracy: 0.49253734946250916


Epoch [26]:
Training:
Average incurred loss: 0.937  
Average sample loss: 0.843  
Average acc: 0.813  
  waterbird_complete50 = 0, forest2water2 = 0  [n = 53]:	loss = 0.000  exp loss = 0.000  adjusted loss = 0.000  adv prob = 0.250000   acc = 1.000
  waterbird_complete50 = 0, forest2water2 = 1  [n = 54]:	loss = 0.002  exp loss = 0.003  adjusted loss = 0.003  adv prob = 0.250000   acc = 1.000
  waterbird_complete50 = 1, forest2water2 = 0  [n = 64]:	loss = 2.203  exp loss = 2.048  adjusted loss = 2.048  adv prob = 0.250000   acc = 0.547
  waterbird_complete50 = 1, forest2water2 = 1  [n = 54]:	loss = 1.292  exp loss = 1.016  adjusted loss = 1.016  adv prob = 0.250000   acc = 0.759

Validation:
Average incurred loss: 0.457  
Average sample loss: 0.450  
Average acc: 0.922  
  waterbird_complete50 = 0, forest2water2 = 0  [n = 465]:	loss = 0.000  exp loss = 0.000  adjusted loss = 0.000  adv prob = 0.250000   acc = 1.000
  waterbird_complete50 = 0, forest2water2 = 1  [n = 466]:	loss = 0.063  exp loss = 0.059  adjusted loss = 0.059  adv prob = 0.250000   acc = 0.991
  waterbird_complete50 = 1, forest2water2 = 0  [n = 134]:	loss = 3.196  exp loss = 3.862  adjusted loss = 3.862  adv prob = 0.250000   acc = 0.507
  waterbird_complete50 = 1, forest2water2 = 1  [n = 134]:	loss = 0.672  exp loss = 0.695  adjusted loss = 0.695  adv prob = 0.250000   acc = 0.821
Current lr: 0.000010
Current validation accuracy: 0.5074626803398132


Epoch [27]:
Training:
Average incurred loss: 0.719  
Average sample loss: 0.671  
Average acc: 0.871  
  waterbird_complete50 = 0, forest2water2 = 0  [n = 55]:	loss = 0.000  exp loss = 0.000  adjusted loss = 0.000  adv prob = 0.250000   acc = 1.000
  waterbird_complete50 = 0, forest2water2 = 1  [n = 61]:	loss = 0.007  exp loss = 0.004  adjusted loss = 0.004  adv prob = 0.250000   acc = 1.000
  waterbird_complete50 = 1, forest2water2 = 0  [n = 49]:	loss = 2.107  exp loss = 2.045  adjusted loss = 2.045  adv prob = 0.250000   acc = 0.694
  waterbird_complete50 = 1, forest2water2 = 1  [n = 60]:	loss = 0.970  exp loss = 0.953  adjusted loss = 0.953  adv prob = 0.250000   acc = 0.767

Validation:
Average incurred loss: 0.449  
Average sample loss: 0.443  
Average acc: 0.922  
  waterbird_complete50 = 0, forest2water2 = 0  [n = 465]:	loss = 0.000  exp loss = 0.000  adjusted loss = 0.000  adv prob = 0.250000   acc = 1.000
  waterbird_complete50 = 0, forest2water2 = 1  [n = 466]:	loss = 0.063  exp loss = 0.059  adjusted loss = 0.059  adv prob = 0.250000   acc = 0.991
  waterbird_complete50 = 1, forest2water2 = 0  [n = 134]:	loss = 3.137  exp loss = 3.805  adjusted loss = 3.805  adv prob = 0.250000   acc = 0.507
  waterbird_complete50 = 1, forest2water2 = 1  [n = 134]:	loss = 0.666  exp loss = 0.686  adjusted loss = 0.686  adv prob = 0.250000   acc = 0.821
Current lr: 0.000010
Current validation accuracy: 0.5074626803398132


Epoch [28]:
Training:
Average incurred loss: 0.522  
Average sample loss: 0.500  
Average acc: 0.876  
  waterbird_complete50 = 0, forest2water2 = 0  [n = 66]:	loss = 0.000  exp loss = 0.000  adjusted loss = 0.000  adv prob = 0.250000   acc = 1.000
  waterbird_complete50 = 0, forest2water2 = 1  [n = 52]:	loss = 0.021  exp loss = 0.012  adjusted loss = 0.012  adv prob = 0.250000   acc = 0.981
  waterbird_complete50 = 1, forest2water2 = 0  [n = 66]:	loss = 1.395  exp loss = 1.740  adjusted loss = 1.740  adv prob = 0.250000   acc = 0.697
  waterbird_complete50 = 1, forest2water2 = 1  [n = 41]:	loss = 0.590  exp loss = 0.845  adjusted loss = 0.845  adv prob = 0.250000   acc = 0.829

Validation:
Average incurred loss: 0.402  
Average sample loss: 0.397  
Average acc: 0.927  
  waterbird_complete50 = 0, forest2water2 = 0  [n = 465]:	loss = 0.000  exp loss = 0.000  adjusted loss = 0.000  adv prob = 0.250000   acc = 1.000
  waterbird_complete50 = 0, forest2water2 = 1  [n = 466]:	loss = 0.071  exp loss = 0.066  adjusted loss = 0.066  adv prob = 0.250000   acc = 0.989
  waterbird_complete50 = 1, forest2water2 = 0  [n = 134]:	loss = 2.810  exp loss = 3.428  adjusted loss = 3.428  adv prob = 0.250000   acc = 0.537
  waterbird_complete50 = 1, forest2water2 = 1  [n = 134]:	loss = 0.540  exp loss = 0.565  adjusted loss = 0.565  adv prob = 0.250000   acc = 0.843
Current lr: 0.000010
Current validation accuracy: 0.5373134016990662


Epoch [29]:
Training:
Average incurred loss: 0.692  
Average sample loss: 0.716  
Average acc: 0.822  
  waterbird_complete50 = 0, forest2water2 = 0  [n = 53]:	loss = 0.000  exp loss = 0.000  adjusted loss = 0.000  adv prob = 0.250000   acc = 1.000
  waterbird_complete50 = 0, forest2water2 = 1  [n = 56]:	loss = 0.001  exp loss = 0.009  adjusted loss = 0.009  adv prob = 0.250000   acc = 1.000
  waterbird_complete50 = 1, forest2water2 = 0  [n = 60]:	loss = 1.638  exp loss = 1.713  adjusted loss = 1.713  adv prob = 0.250000   acc = 0.567
  waterbird_complete50 = 1, forest2water2 = 1  [n = 56]:	loss = 1.026  exp loss = 0.938  adjusted loss = 0.938  adv prob = 0.250000   acc = 0.750

Validation:
Average incurred loss: 0.426  
Average sample loss: 0.420  
Average acc: 0.926  
  waterbird_complete50 = 0, forest2water2 = 0  [n = 465]:	loss = 0.000  exp loss = 0.000  adjusted loss = 0.000  adv prob = 0.250000   acc = 1.000
  waterbird_complete50 = 0, forest2water2 = 1  [n = 466]:	loss = 0.066  exp loss = 0.062  adjusted loss = 0.062  adv prob = 0.250000   acc = 0.991
  waterbird_complete50 = 1, forest2water2 = 0  [n = 134]:	loss = 2.985  exp loss = 3.615  adjusted loss = 3.615  adv prob = 0.250000   acc = 0.522
  waterbird_complete50 = 1, forest2water2 = 1  [n = 134]:	loss = 0.597  exp loss = 0.623  adjusted loss = 0.623  adv prob = 0.250000   acc = 0.843
Current lr: 0.000010
Current validation accuracy: 0.5223880410194397


Epoch [30]:
Training:
Average incurred loss: 0.501  
Average sample loss: 0.458  
Average acc: 0.871  
  waterbird_complete50 = 0, forest2water2 = 0  [n = 62]:	loss = 0.000  exp loss = 0.000  adjusted loss = 0.000  adv prob = 0.250000   acc = 1.000
  waterbird_complete50 = 0, forest2water2 = 1  [n = 56]:	loss = 0.005  exp loss = 0.007  adjusted loss = 0.007  adv prob = 0.250000   acc = 1.000
  waterbird_complete50 = 1, forest2water2 = 0  [n = 47]:	loss = 1.002  exp loss = 1.494  adjusted loss = 1.494  adv prob = 0.250000   acc = 0.745
  waterbird_complete50 = 1, forest2water2 = 1  [n = 60]:	loss = 1.090  exp loss = 0.951  adjusted loss = 0.951  adv prob = 0.250000   acc = 0.717

Validation:
Average incurred loss: 0.408  
Average sample loss: 0.402  
Average acc: 0.927  
  waterbird_complete50 = 0, forest2water2 = 0  [n = 465]:	loss = 0.000  exp loss = 0.000  adjusted loss = 0.000  adv prob = 0.250000   acc = 1.000
  waterbird_complete50 = 0, forest2water2 = 1  [n = 466]:	loss = 0.069  exp loss = 0.064  adjusted loss = 0.064  adv prob = 0.250000   acc = 0.991
  waterbird_complete50 = 1, forest2water2 = 0  [n = 134]:	loss = 2.859  exp loss = 3.480  adjusted loss = 3.480  adv prob = 0.250000   acc = 0.537
  waterbird_complete50 = 1, forest2water2 = 1  [n = 134]:	loss = 0.551  exp loss = 0.574  adjusted loss = 0.574  adv prob = 0.250000   acc = 0.843
Current lr: 0.000010
Current validation accuracy: 0.5373134016990662


Epoch [31]:
Training:
Average incurred loss: 0.667  
Average sample loss: 0.665  
Average acc: 0.844  
  waterbird_complete50 = 0, forest2water2 = 0  [n = 56]:	loss = 0.000  exp loss = 0.000  adjusted loss = 0.000  adv prob = 0.250000   acc = 1.000
  waterbird_complete50 = 0, forest2water2 = 1  [n = 56]:	loss = 0.002  exp loss = 0.005  adjusted loss = 0.005  adv prob = 0.250000   acc = 1.000
  waterbird_complete50 = 1, forest2water2 = 0  [n = 52]:	loss = 1.109  exp loss = 1.324  adjusted loss = 1.324  adv prob = 0.250000   acc = 0.731
  waterbird_complete50 = 1, forest2water2 = 1  [n = 61]:	loss = 1.514  exp loss = 1.172  adjusted loss = 1.172  adv prob = 0.250000   acc = 0.656

Validation:
Average incurred loss: 0.395  
Average sample loss: 0.390  
Average acc: 0.928  
  waterbird_complete50 = 0, forest2water2 = 0  [n = 465]:	loss = 0.000  exp loss = 0.000  adjusted loss = 0.000  adv prob = 0.250000   acc = 1.000
  waterbird_complete50 = 0, forest2water2 = 1  [n = 466]:	loss = 0.072  exp loss = 0.067  adjusted loss = 0.067  adv prob = 0.250000   acc = 0.989
  waterbird_complete50 = 1, forest2water2 = 0  [n = 134]:	loss = 2.772  exp loss = 3.383  adjusted loss = 3.383  adv prob = 0.250000   acc = 0.552
  waterbird_complete50 = 1, forest2water2 = 1  [n = 134]:	loss = 0.513  exp loss = 0.540  adjusted loss = 0.540  adv prob = 0.250000   acc = 0.843
Current lr: 0.000010
Current validation accuracy: 0.5522388219833374


Epoch [32]:
Training:
Average incurred loss: 0.647  
Average sample loss: 0.638  
Average acc: 0.849  
  waterbird_complete50 = 0, forest2water2 = 0  [n = 54]:	loss = 0.000  exp loss = 0.000  adjusted loss = 0.000  adv prob = 0.250000   acc = 1.000
  waterbird_complete50 = 0, forest2water2 = 1  [n = 64]:	loss = 0.011  exp loss = 0.007  adjusted loss = 0.007  adv prob = 0.250000   acc = 1.000
  waterbird_complete50 = 1, forest2water2 = 0  [n = 52]:	loss = 1.725  exp loss = 1.438  adjusted loss = 1.438  adv prob = 0.250000   acc = 0.635
  waterbird_complete50 = 1, forest2water2 = 1  [n = 55]:	loss = 1.001  exp loss = 1.127  adjusted loss = 1.127  adv prob = 0.250000   acc = 0.727

Validation:
Average incurred loss: 0.394  
Average sample loss: 0.388  
Average acc: 0.929  
  waterbird_complete50 = 0, forest2water2 = 0  [n = 465]:	loss = 0.000  exp loss = 0.000  adjusted loss = 0.000  adv prob = 0.250000   acc = 1.000
  waterbird_complete50 = 0, forest2water2 = 1  [n = 466]:	loss = 0.072  exp loss = 0.067  adjusted loss = 0.067  adv prob = 0.250000   acc = 0.991
  waterbird_complete50 = 1, forest2water2 = 0  [n = 134]:	loss = 2.766  exp loss = 3.378  adjusted loss = 3.378  adv prob = 0.250000   acc = 0.552
  waterbird_complete50 = 1, forest2water2 = 1  [n = 134]:	loss = 0.504  exp loss = 0.534  adjusted loss = 0.534  adv prob = 0.250000   acc = 0.843
Current lr: 0.000010
Current validation accuracy: 0.5522388219833374


Epoch [33]:
Training:
Average incurred loss: 0.686  
Average sample loss: 0.630  
Average acc: 0.836  
  waterbird_complete50 = 0, forest2water2 = 0  [n = 61]:	loss = 0.000  exp loss = 0.000  adjusted loss = 0.000  adv prob = 0.250000   acc = 1.000
  waterbird_complete50 = 0, forest2water2 = 1  [n = 46]:	loss = 0.000  exp loss = 0.004  adjusted loss = 0.004  adv prob = 0.250000   acc = 1.000
  waterbird_complete50 = 1, forest2water2 = 0  [n = 59]:	loss = 1.520  exp loss = 1.431  adjusted loss = 1.431  adv prob = 0.250000   acc = 0.644
  waterbird_complete50 = 1, forest2water2 = 1  [n = 59]:	loss = 1.097  exp loss = 1.093  adjusted loss = 1.093  adv prob = 0.250000   acc = 0.729

Validation:
Average incurred loss: 0.427  
Average sample loss: 0.421  
Average acc: 0.924  
  waterbird_complete50 = 0, forest2water2 = 0  [n = 465]:	loss = 0.000  exp loss = 0.000  adjusted loss = 0.000  adv prob = 0.250000   acc = 1.000
  waterbird_complete50 = 0, forest2water2 = 1  [n = 466]:	loss = 0.064  exp loss = 0.060  adjusted loss = 0.060  adv prob = 0.250000   acc = 0.991
  waterbird_complete50 = 1, forest2water2 = 0  [n = 134]:	loss = 3.005  exp loss = 3.643  adjusted loss = 3.643  adv prob = 0.250000   acc = 0.515
  waterbird_complete50 = 1, forest2water2 = 1  [n = 134]:	loss = 0.595  exp loss = 0.622  adjusted loss = 0.622  adv prob = 0.250000   acc = 0.836
Current lr: 0.000010
Current validation accuracy: 0.5149253606796265


Epoch [34]:
Training:
Average incurred loss: 0.490  
Average sample loss: 0.457  
Average acc: 0.893  
  waterbird_complete50 = 0, forest2water2 = 0  [n = 56]:	loss = 0.000  exp loss = 0.000  adjusted loss = 0.000  adv prob = 0.250000   acc = 1.000
  waterbird_complete50 = 0, forest2water2 = 1  [n = 68]:	loss = 0.011  exp loss = 0.006  adjusted loss = 0.006  adv prob = 0.250000   acc = 1.000
  waterbird_complete50 = 1, forest2water2 = 0  [n = 56]:	loss = 1.203  exp loss = 1.292  adjusted loss = 1.292  adv prob = 0.250000   acc = 0.750
  waterbird_complete50 = 1, forest2water2 = 1  [n = 45]:	loss = 0.937  exp loss = 1.011  adjusted loss = 1.011  adv prob = 0.250000   acc = 0.778

Validation:
Average incurred loss: 0.397  
Average sample loss: 0.392  
Average acc: 0.928  
  waterbird_complete50 = 0, forest2water2 = 0  [n = 465]:	loss = 0.000  exp loss = 0.000  adjusted loss = 0.000  adv prob = 0.250000   acc = 1.000
  waterbird_complete50 = 0, forest2water2 = 1  [n = 466]:	loss = 0.071  exp loss = 0.065  adjusted loss = 0.065  adv prob = 0.250000   acc = 0.991
  waterbird_complete50 = 1, forest2water2 = 0  [n = 134]:	loss = 2.788  exp loss = 3.400  adjusted loss = 3.400  adv prob = 0.250000   acc = 0.545
  waterbird_complete50 = 1, forest2water2 = 1  [n = 134]:	loss = 0.522  exp loss = 0.551  adjusted loss = 0.551  adv prob = 0.250000   acc = 0.843
Current lr: 0.000010
Current validation accuracy: 0.5447761416435242


Epoch [35]:
Training:
Average incurred loss: 0.641  
Average sample loss: 0.854  
Average acc: 0.849  
  waterbird_complete50 = 0, forest2water2 = 0  [n = 68]:	loss = 0.000  exp loss = 0.000  adjusted loss = 0.000  adv prob = 0.250000   acc = 1.000
  waterbird_complete50 = 0, forest2water2 = 1  [n = 49]:	loss = 0.002  exp loss = 0.004  adjusted loss = 0.004  adv prob = 0.250000   acc = 1.000
  waterbird_complete50 = 1, forest2water2 = 0  [n = 48]:	loss = 1.322  exp loss = 1.365  adjusted loss = 1.365  adv prob = 0.250000   acc = 0.708
  waterbird_complete50 = 1, forest2water2 = 1  [n = 60]:	loss = 1.346  exp loss = 1.226  adjusted loss = 1.226  adv prob = 0.250000   acc = 0.667

Validation:
Average incurred loss: 0.380  
Average sample loss: 0.375  
Average acc: 0.930  
  waterbird_complete50 = 0, forest2water2 = 0  [n = 465]:	loss = 0.000  exp loss = 0.000  adjusted loss = 0.000  adv prob = 0.250000   acc = 1.000
  waterbird_complete50 = 0, forest2water2 = 1  [n = 466]:	loss = 0.077  exp loss = 0.070  adjusted loss = 0.070  adv prob = 0.250000   acc = 0.987
  waterbird_complete50 = 1, forest2water2 = 0  [n = 134]:	loss = 2.668  exp loss = 3.282  adjusted loss = 3.282  adv prob = 0.250000   acc = 0.567
  waterbird_complete50 = 1, forest2water2 = 1  [n = 134]:	loss = 0.469  exp loss = 0.502  adjusted loss = 0.502  adv prob = 0.250000   acc = 0.851
Current lr: 0.000010
Current validation accuracy: 0.5671641826629639


Epoch [36]:
Training:
Average incurred loss: 0.766  
Average sample loss: 0.935  
Average acc: 0.853  
  waterbird_complete50 = 0, forest2water2 = 0  [n = 60]:	loss = 0.000  exp loss = 0.000  adjusted loss = 0.000  adv prob = 0.250000   acc = 1.000
  waterbird_complete50 = 0, forest2water2 = 1  [n = 56]:	loss = 0.001  exp loss = 0.003  adjusted loss = 0.003  adv prob = 0.250000   acc = 1.000
  waterbird_complete50 = 1, forest2water2 = 0  [n = 58]:	loss = 1.817  exp loss = 1.507  adjusted loss = 1.507  adv prob = 0.250000   acc = 0.655
  waterbird_complete50 = 1, forest2water2 = 1  [n = 51]:	loss = 1.311  exp loss = 1.384  adjusted loss = 1.384  adv prob = 0.250000   acc = 0.745

Validation:
Average incurred loss: 0.387  
Average sample loss: 0.382  
Average acc: 0.928  
  waterbird_complete50 = 0, forest2water2 = 0  [n = 465]:	loss = 0.000  exp loss = 0.000  adjusted loss = 0.000  adv prob = 0.250000   acc = 1.000
  waterbird_complete50 = 0, forest2water2 = 1  [n = 466]:	loss = 0.075  exp loss = 0.068  adjusted loss = 0.068  adv prob = 0.250000   acc = 0.987
  waterbird_complete50 = 1, forest2water2 = 0  [n = 134]:	loss = 2.727  exp loss = 3.349  adjusted loss = 3.349  adv prob = 0.250000   acc = 0.552
  waterbird_complete50 = 1, forest2water2 = 1  [n = 134]:	loss = 0.477  exp loss = 0.508  adjusted loss = 0.508  adv prob = 0.250000   acc = 0.851
Current lr: 0.000010
Current validation accuracy: 0.5522388219833374


Epoch [37]:
Training:
Average incurred loss: 0.847  
Average sample loss: 0.842  
Average acc: 0.840  
  waterbird_complete50 = 0, forest2water2 = 0  [n = 44]:	loss = 0.000  exp loss = 0.000  adjusted loss = 0.000  adv prob = 0.250000   acc = 1.000
  waterbird_complete50 = 0, forest2water2 = 1  [n = 56]:	loss = 0.001  exp loss = 0.003  adjusted loss = 0.003  adv prob = 0.250000   acc = 1.000
  waterbird_complete50 = 1, forest2water2 = 0  [n = 56]:	loss = 1.473  exp loss = 1.531  adjusted loss = 1.531  adv prob = 0.250000   acc = 0.750
  waterbird_complete50 = 1, forest2water2 = 1  [n = 69]:	loss = 1.568  exp loss = 1.384  adjusted loss = 1.384  adv prob = 0.250000   acc = 0.681

Validation:
Average incurred loss: 0.427  
Average sample loss: 0.421  
Average acc: 0.923  
  waterbird_complete50 = 0, forest2water2 = 0  [n = 465]:	loss = 0.000  exp loss = 0.000  adjusted loss = 0.000  adv prob = 0.250000   acc = 1.000
  waterbird_complete50 = 0, forest2water2 = 1  [n = 466]:	loss = 0.066  exp loss = 0.062  adjusted loss = 0.062  adv prob = 0.250000   acc = 0.991
  waterbird_complete50 = 1, forest2water2 = 0  [n = 134]:	loss = 2.997  exp loss = 3.655  adjusted loss = 3.655  adv prob = 0.250000   acc = 0.515
  waterbird_complete50 = 1, forest2water2 = 1  [n = 134]:	loss = 0.595  exp loss = 0.617  adjusted loss = 0.617  adv prob = 0.250000   acc = 0.828
Current lr: 0.000010
Current validation accuracy: 0.5149253606796265


Epoch [38]:
Training:
Average incurred loss: 0.563  
Average sample loss: 0.607  
Average acc: 0.871  
  waterbird_complete50 = 0, forest2water2 = 0  [n = 58]:	loss = 0.000  exp loss = 0.000  adjusted loss = 0.000  adv prob = 0.250000   acc = 1.000
  waterbird_complete50 = 0, forest2water2 = 1  [n = 58]:	loss = 0.011  exp loss = 0.005  adjusted loss = 0.005  adv prob = 0.250000   acc = 1.000
  waterbird_complete50 = 1, forest2water2 = 0  [n = 57]:	loss = 1.045  exp loss = 1.391  adjusted loss = 1.391  adv prob = 0.250000   acc = 0.737
  waterbird_complete50 = 1, forest2water2 = 1  [n = 52]:	loss = 1.277  exp loss = 1.341  adjusted loss = 1.341  adv prob = 0.250000   acc = 0.731

Validation:
Average incurred loss: 0.434  
Average sample loss: 0.428  
Average acc: 0.923  
  waterbird_complete50 = 0, forest2water2 = 0  [n = 465]:	loss = 0.000  exp loss = 0.000  adjusted loss = 0.000  adv prob = 0.250000   acc = 1.000
  waterbird_complete50 = 0, forest2water2 = 1  [n = 466]:	loss = 0.065  exp loss = 0.060  adjusted loss = 0.060  adv prob = 0.250000   acc = 0.991
  waterbird_complete50 = 1, forest2water2 = 0  [n = 134]:	loss = 3.050  exp loss = 3.717  adjusted loss = 3.717  adv prob = 0.250000   acc = 0.507
  waterbird_complete50 = 1, forest2water2 = 1  [n = 134]:	loss = 0.604  exp loss = 0.626  adjusted loss = 0.626  adv prob = 0.250000   acc = 0.836
Current lr: 0.000010
Current validation accuracy: 0.5074626803398132


Epoch [39]:
Training:
Average incurred loss: 0.414  
Average sample loss: 0.440  
Average acc: 0.898  
  waterbird_complete50 = 0, forest2water2 = 0  [n = 63]:	loss = 0.000  exp loss = 0.000  adjusted loss = 0.000  adv prob = 0.250000   acc = 1.000
  waterbird_complete50 = 0, forest2water2 = 1  [n = 61]:	loss = 0.004  exp loss = 0.004  adjusted loss = 0.004  adv prob = 0.250000   acc = 1.000
  waterbird_complete50 = 1, forest2water2 = 0  [n = 61]:	loss = 0.938  exp loss = 1.217  adjusted loss = 1.217  adv prob = 0.250000   acc = 0.803
  waterbird_complete50 = 1, forest2water2 = 1  [n = 40]:	loss = 0.891  exp loss = 1.256  adjusted loss = 1.256  adv prob = 0.250000   acc = 0.725

Validation:
Average incurred loss: 0.400  
Average sample loss: 0.394  
Average acc: 0.927  
  waterbird_complete50 = 0, forest2water2 = 0  [n = 465]:	loss = 0.000  exp loss = 0.000  adjusted loss = 0.000  adv prob = 0.250000   acc = 1.000
  waterbird_complete50 = 0, forest2water2 = 1  [n = 466]:	loss = 0.070  exp loss = 0.065  adjusted loss = 0.065  adv prob = 0.250000   acc = 0.991
  waterbird_complete50 = 1, forest2water2 = 0  [n = 134]:	loss = 2.804  exp loss = 3.421  adjusted loss = 3.421  adv prob = 0.250000   acc = 0.537
  waterbird_complete50 = 1, forest2water2 = 1  [n = 134]:	loss = 0.529  exp loss = 0.553  adjusted loss = 0.553  adv prob = 0.250000   acc = 0.843
Current lr: 0.000010
Current validation accuracy: 0.5373134016990662


Epoch [40]:
Training:
Average incurred loss: 0.692  
Average sample loss: 0.668  
Average acc: 0.844  
  waterbird_complete50 = 0, forest2water2 = 0  [n = 59]:	loss = 0.000  exp loss = 0.000  adjusted loss = 0.000  adv prob = 0.250000   acc = 1.000
  waterbird_complete50 = 0, forest2water2 = 1  [n = 50]:	loss = 0.000  exp loss = 0.003  adjusted loss = 0.003  adv prob = 0.250000   acc = 1.000
  waterbird_complete50 = 1, forest2water2 = 0  [n = 53]:	loss = 1.591  exp loss = 1.280  adjusted loss = 1.280  adv prob = 0.250000   acc = 0.642
  waterbird_complete50 = 1, forest2water2 = 1  [n = 63]:	loss = 1.133  exp loss = 1.199  adjusted loss = 1.199  adv prob = 0.250000   acc = 0.746

Validation:
Average incurred loss: 0.417  
Average sample loss: 0.411  
Average acc: 0.926  
  waterbird_complete50 = 0, forest2water2 = 0  [n = 465]:	loss = 0.000  exp loss = 0.000  adjusted loss = 0.000  adv prob = 0.250000   acc = 1.000
  waterbird_complete50 = 0, forest2water2 = 1  [n = 466]:	loss = 0.066  exp loss = 0.061  adjusted loss = 0.061  adv prob = 0.250000   acc = 0.991
  waterbird_complete50 = 1, forest2water2 = 0  [n = 134]:	loss = 2.926  exp loss = 3.565  adjusted loss = 3.565  adv prob = 0.250000   acc = 0.522
  waterbird_complete50 = 1, forest2water2 = 1  [n = 134]:	loss = 0.578  exp loss = 0.603  adjusted loss = 0.603  adv prob = 0.250000   acc = 0.843
Current lr: 0.000010
Current validation accuracy: 0.5223880410194397


Epoch [41]:
Training:
Average incurred loss: 0.625  
Average sample loss: 0.596  
Average acc: 0.871  
  waterbird_complete50 = 0, forest2water2 = 0  [n = 63]:	loss = 0.000  exp loss = 0.000  adjusted loss = 0.000  adv prob = 0.250000   acc = 1.000
  waterbird_complete50 = 0, forest2water2 = 1  [n = 51]:	loss = 0.012  exp loss = 0.006  adjusted loss = 0.006  adv prob = 0.250000   acc = 1.000
  waterbird_complete50 = 1, forest2water2 = 0  [n = 55]:	loss = 1.543  exp loss = 1.289  adjusted loss = 1.289  adv prob = 0.250000   acc = 0.709
  waterbird_complete50 = 1, forest2water2 = 1  [n = 56]:	loss = 0.982  exp loss = 1.114  adjusted loss = 1.114  adv prob = 0.250000   acc = 0.768

Validation:
Average incurred loss: 0.391  
Average sample loss: 0.386  
Average acc: 0.929  
  waterbird_complete50 = 0, forest2water2 = 0  [n = 465]:	loss = 0.000  exp loss = 0.000  adjusted loss = 0.000  adv prob = 0.250000   acc = 1.000
  waterbird_complete50 = 0, forest2water2 = 1  [n = 466]:	loss = 0.072  exp loss = 0.066  adjusted loss = 0.066  adv prob = 0.250000   acc = 0.991
  waterbird_complete50 = 1, forest2water2 = 0  [n = 134]:	loss = 2.734  exp loss = 3.343  adjusted loss = 3.343  adv prob = 0.250000   acc = 0.552
  waterbird_complete50 = 1, forest2water2 = 1  [n = 134]:	loss = 0.517  exp loss = 0.543  adjusted loss = 0.543  adv prob = 0.250000   acc = 0.843
Current lr: 0.000010
Current validation accuracy: 0.5522388219833374


Epoch [42]:
Training:
Average incurred loss: 1.048  
Average sample loss: 1.179  
Average acc: 0.804  
  waterbird_complete50 = 0, forest2water2 = 0  [n = 57]:	loss = 0.000  exp loss = 0.000  adjusted loss = 0.000  adv prob = 0.250000   acc = 1.000
  waterbird_complete50 = 0, forest2water2 = 1  [n = 41]:	loss = 0.001  exp loss = 0.004  adjusted loss = 0.004  adv prob = 0.250000   acc = 1.000
  waterbird_complete50 = 1, forest2water2 = 0  [n = 62]:	loss = 2.001  exp loss = 1.679  adjusted loss = 1.679  adv prob = 0.250000   acc = 0.629
  waterbird_complete50 = 1, forest2water2 = 1  [n = 65]:	loss = 1.719  exp loss = 1.339  adjusted loss = 1.339  adv prob = 0.250000   acc = 0.677

Validation:
Average incurred loss: 0.426  
Average sample loss: 0.420  
Average acc: 0.924  
  waterbird_complete50 = 0, forest2water2 = 0  [n = 465]:	loss = 0.000  exp loss = 0.000  adjusted loss = 0.000  adv prob = 0.250000   acc = 1.000
  waterbird_complete50 = 0, forest2water2 = 1  [n = 466]:	loss = 0.065  exp loss = 0.060  adjusted loss = 0.060  adv prob = 0.250000   acc = 0.991
  waterbird_complete50 = 1, forest2water2 = 0  [n = 134]:	loss = 2.982  exp loss = 3.630  adjusted loss = 3.630  adv prob = 0.250000   acc = 0.507
  waterbird_complete50 = 1, forest2water2 = 1  [n = 134]:	loss = 0.603  exp loss = 0.628  adjusted loss = 0.628  adv prob = 0.250000   acc = 0.843
Current lr: 0.000010
Current validation accuracy: 0.5074626803398132


Epoch [43]:
Training:
Average incurred loss: 0.610  
Average sample loss: 0.660  
Average acc: 0.876  
  waterbird_complete50 = 0, forest2water2 = 0  [n = 52]:	loss = 0.000  exp loss = 0.000  adjusted loss = 0.000  adv prob = 0.250000   acc = 1.000
  waterbird_complete50 = 0, forest2water2 = 1  [n = 63]:	loss = 0.019  exp loss = 0.007  adjusted loss = 0.007  adv prob = 0.250000   acc = 1.000
  waterbird_complete50 = 1, forest2water2 = 0  [n = 55]:	loss = 1.343  exp loss = 1.659  adjusted loss = 1.659  adv prob = 0.250000   acc = 0.764
  waterbird_complete50 = 1, forest2water2 = 1  [n = 55]:	loss = 1.130  exp loss = 1.244  adjusted loss = 1.244  adv prob = 0.250000   acc = 0.727

Validation:
Average incurred loss: 0.425  
Average sample loss: 0.419  
Average acc: 0.924  
  waterbird_complete50 = 0, forest2water2 = 0  [n = 465]:	loss = 0.000  exp loss = 0.000  adjusted loss = 0.000  adv prob = 0.250000   acc = 1.000
  waterbird_complete50 = 0, forest2water2 = 1  [n = 466]:	loss = 0.065  exp loss = 0.060  adjusted loss = 0.060  adv prob = 0.250000   acc = 0.991
  waterbird_complete50 = 1, forest2water2 = 0  [n = 134]:	loss = 2.972  exp loss = 3.620  adjusted loss = 3.620  adv prob = 0.250000   acc = 0.507
  waterbird_complete50 = 1, forest2water2 = 1  [n = 134]:	loss = 0.604  exp loss = 0.629  adjusted loss = 0.629  adv prob = 0.250000   acc = 0.843
Current lr: 0.000010
Current validation accuracy: 0.5074626803398132


Epoch [44]:
Training:
Average incurred loss: 0.443  
Average sample loss: 0.411  
Average acc: 0.884  
  waterbird_complete50 = 0, forest2water2 = 0  [n = 45]:	loss = 0.000  exp loss = 0.000  adjusted loss = 0.000  adv prob = 0.250000   acc = 1.000
  waterbird_complete50 = 0, forest2water2 = 1  [n = 67]:	loss = 0.002  exp loss = 0.005  adjusted loss = 0.005  adv prob = 0.250000   acc = 1.000
  waterbird_complete50 = 1, forest2water2 = 0  [n = 56]:	loss = 0.976  exp loss = 1.374  adjusted loss = 1.374  adv prob = 0.250000   acc = 0.786
  waterbird_complete50 = 1, forest2water2 = 1  [n = 57]:	loss = 0.786  exp loss = 1.063  adjusted loss = 1.063  adv prob = 0.250000   acc = 0.754

Validation:
Average incurred loss: 0.419  
Average sample loss: 0.413  
Average acc: 0.924  
  waterbird_complete50 = 0, forest2water2 = 0  [n = 465]:	loss = 0.000  exp loss = 0.000  adjusted loss = 0.000  adv prob = 0.250000   acc = 1.000
  waterbird_complete50 = 0, forest2water2 = 1  [n = 466]:	loss = 0.066  exp loss = 0.061  adjusted loss = 0.061  adv prob = 0.250000   acc = 0.989
  waterbird_complete50 = 1, forest2water2 = 0  [n = 134]:	loss = 2.939  exp loss = 3.578  adjusted loss = 3.578  adv prob = 0.250000   acc = 0.515
  waterbird_complete50 = 1, forest2water2 = 1  [n = 134]:	loss = 0.582  exp loss = 0.598  adjusted loss = 0.598  adv prob = 0.250000   acc = 0.843
Current lr: 0.000010
Current validation accuracy: 0.5149253606796265


Epoch [45]:
Training:
Average incurred loss: 0.601  
Average sample loss: 0.629  
Average acc: 0.867  
  waterbird_complete50 = 0, forest2water2 = 0  [n = 62]:	loss = 0.000  exp loss = 0.000  adjusted loss = 0.000  adv prob = 0.250000   acc = 1.000
  waterbird_complete50 = 0, forest2water2 = 1  [n = 48]:	loss = 0.007  exp loss = 0.006  adjusted loss = 0.006  adv prob = 0.250000   acc = 1.000
  waterbird_complete50 = 1, forest2water2 = 0  [n = 63]:	loss = 1.117  exp loss = 1.272  adjusted loss = 1.272  adv prob = 0.250000   acc = 0.746
  waterbird_complete50 = 1, forest2water2 = 1  [n = 52]:	loss = 1.238  exp loss = 1.094  adjusted loss = 1.094  adv prob = 0.250000   acc = 0.731

Validation:
Average incurred loss: 0.432  
Average sample loss: 0.426  
Average acc: 0.923  
  waterbird_complete50 = 0, forest2water2 = 0  [n = 465]:	loss = 0.000  exp loss = 0.000  adjusted loss = 0.000  adv prob = 0.250000   acc = 1.000
  waterbird_complete50 = 0, forest2water2 = 1  [n = 466]:	loss = 0.065  exp loss = 0.060  adjusted loss = 0.060  adv prob = 0.250000   acc = 0.989
  waterbird_complete50 = 1, forest2water2 = 0  [n = 134]:	loss = 3.023  exp loss = 3.643  adjusted loss = 3.643  adv prob = 0.250000   acc = 0.507
  waterbird_complete50 = 1, forest2water2 = 1  [n = 134]:	loss = 0.613  exp loss = 0.633  adjusted loss = 0.633  adv prob = 0.250000   acc = 0.843
Current lr: 0.000010
Current validation accuracy: 0.5074626803398132


Epoch [46]:
Training:
Average incurred loss: 0.830  
Average sample loss: 0.845  
Average acc: 0.840  
  waterbird_complete50 = 0, forest2water2 = 0  [n = 58]:	loss = 0.000  exp loss = 0.000  adjusted loss = 0.000  adv prob = 0.250000   acc = 1.000
  waterbird_complete50 = 0, forest2water2 = 1  [n = 43]:	loss = 0.004  exp loss = 0.005  adjusted loss = 0.005  adv prob = 0.250000   acc = 1.000
  waterbird_complete50 = 1, forest2water2 = 0  [n = 51]:	loss = 1.400  exp loss = 1.450  adjusted loss = 1.450  adv prob = 0.250000   acc = 0.765
  waterbird_complete50 = 1, forest2water2 = 1  [n = 73]:	loss = 1.579  exp loss = 1.189  adjusted loss = 1.189  adv prob = 0.250000   acc = 0.671

Validation:
Average incurred loss: 0.435  
Average sample loss: 0.428  
Average acc: 0.922  
  waterbird_complete50 = 0, forest2water2 = 0  [n = 465]:	loss = 0.000  exp loss = 0.000  adjusted loss = 0.000  adv prob = 0.250000   acc = 1.000
  waterbird_complete50 = 0, forest2water2 = 1  [n = 466]:	loss = 0.063  exp loss = 0.059  adjusted loss = 0.059  adv prob = 0.250000   acc = 0.991
  waterbird_complete50 = 1, forest2water2 = 0  [n = 134]:	loss = 3.035  exp loss = 3.679  adjusted loss = 3.679  adv prob = 0.250000   acc = 0.507
  waterbird_complete50 = 1, forest2water2 = 1  [n = 134]:	loss = 0.633  exp loss = 0.653  adjusted loss = 0.653  adv prob = 0.250000   acc = 0.821
Current lr: 0.000010
Current validation accuracy: 0.5074626803398132


Epoch [47]:
Training:
Average incurred loss: 0.536  
Average sample loss: 0.488  
Average acc: 0.893  
  waterbird_complete50 = 0, forest2water2 = 0  [n = 71]:	loss = 0.001  exp loss = 0.001  adjusted loss = 0.001  adv prob = 0.250000   acc = 1.000
  waterbird_complete50 = 0, forest2water2 = 1  [n = 54]:	loss = 0.010  exp loss = 0.006  adjusted loss = 0.006  adv prob = 0.250000   acc = 1.000
  waterbird_complete50 = 1, forest2water2 = 0  [n = 45]:	loss = 1.714  exp loss = 1.470  adjusted loss = 1.470  adv prob = 0.250000   acc = 0.667
  waterbird_complete50 = 1, forest2water2 = 1  [n = 55]:	loss = 0.778  exp loss = 0.962  adjusted loss = 0.962  adv prob = 0.250000   acc = 0.836

Validation:
Average incurred loss: 0.377  
Average sample loss: 0.371  
Average acc: 0.928  
  waterbird_complete50 = 0, forest2water2 = 0  [n = 465]:	loss = 0.000  exp loss = 0.000  adjusted loss = 0.000  adv prob = 0.250000   acc = 1.000
  waterbird_complete50 = 0, forest2water2 = 1  [n = 466]:	loss = 0.076  exp loss = 0.070  adjusted loss = 0.070  adv prob = 0.250000   acc = 0.987
  waterbird_complete50 = 1, forest2water2 = 0  [n = 134]:	loss = 2.639  exp loss = 3.222  adjusted loss = 3.222  adv prob = 0.250000   acc = 0.552
  waterbird_complete50 = 1, forest2water2 = 1  [n = 134]:	loss = 0.467  exp loss = 0.497  adjusted loss = 0.497  adv prob = 0.250000   acc = 0.851
Current lr: 0.000010
Current validation accuracy: 0.5522388219833374


Epoch [48]:
Training:
Average incurred loss: 0.618  
Average sample loss: 0.585  
Average acc: 0.844  
  waterbird_complete50 = 0, forest2water2 = 0  [n = 46]:	loss = 0.000  exp loss = 0.000  adjusted loss = 0.000  adv prob = 0.250000   acc = 1.000
  waterbird_complete50 = 0, forest2water2 = 1  [n = 64]:	loss = 0.003  exp loss = 0.006  adjusted loss = 0.006  adv prob = 0.250000   acc = 1.000
  waterbird_complete50 = 1, forest2water2 = 0  [n = 56]:	loss = 1.210  exp loss = 1.393  adjusted loss = 1.393  adv prob = 0.250000   acc = 0.714
  waterbird_complete50 = 1, forest2water2 = 1  [n = 59]:	loss = 1.206  exp loss = 1.004  adjusted loss = 1.004  adv prob = 0.250000   acc = 0.678

Validation:
Average incurred loss: 0.378  
Average sample loss: 0.373  
Average acc: 0.927  
  waterbird_complete50 = 0, forest2water2 = 0  [n = 465]:	loss = 0.000  exp loss = 0.000  adjusted loss = 0.000  adv prob = 0.250000   acc = 1.000
  waterbird_complete50 = 0, forest2water2 = 1  [n = 466]:	loss = 0.075  exp loss = 0.068  adjusted loss = 0.068  adv prob = 0.250000   acc = 0.987
  waterbird_complete50 = 1, forest2water2 = 0  [n = 134]:	loss = 2.645  exp loss = 3.240  adjusted loss = 3.240  adv prob = 0.250000   acc = 0.545
  waterbird_complete50 = 1, forest2water2 = 1  [n = 134]:	loss = 0.476  exp loss = 0.507  adjusted loss = 0.507  adv prob = 0.250000   acc = 0.843
Current lr: 0.000010
Current validation accuracy: 0.5447761416435242


Epoch [49]:
Training:
Average incurred loss: 0.441  
Average sample loss: 0.483  
Average acc: 0.876  
  waterbird_complete50 = 0, forest2water2 = 0  [n = 66]:	loss = 0.000  exp loss = 0.000  adjusted loss = 0.000  adv prob = 0.250000   acc = 1.000
  waterbird_complete50 = 0, forest2water2 = 1  [n = 51]:	loss = 0.008  exp loss = 0.006  adjusted loss = 0.006  adv prob = 0.250000   acc = 1.000
  waterbird_complete50 = 1, forest2water2 = 0  [n = 54]:	loss = 1.106  exp loss = 1.299  adjusted loss = 1.299  adv prob = 0.250000   acc = 0.741
  waterbird_complete50 = 1, forest2water2 = 1  [n = 54]:	loss = 0.725  exp loss = 0.873  adjusted loss = 0.873  adv prob = 0.250000   acc = 0.741

Validation:
Average incurred loss: 0.380  
Average sample loss: 0.375  
Average acc: 0.926  
  waterbird_complete50 = 0, forest2water2 = 0  [n = 465]:	loss = 0.000  exp loss = 0.000  adjusted loss = 0.000  adv prob = 0.250000   acc = 1.000
  waterbird_complete50 = 0, forest2water2 = 1  [n = 466]:	loss = 0.077  exp loss = 0.070  adjusted loss = 0.070  adv prob = 0.250000   acc = 0.985
  waterbird_complete50 = 1, forest2water2 = 0  [n = 134]:	loss = 2.665  exp loss = 3.255  adjusted loss = 3.255  adv prob = 0.250000   acc = 0.545
  waterbird_complete50 = 1, forest2water2 = 1  [n = 134]:	loss = 0.468  exp loss = 0.499  adjusted loss = 0.499  adv prob = 0.250000   acc = 0.843
Current lr: 0.000010
Current validation accuracy: 0.5447761416435242


Epoch [50]:
Training:
Average incurred loss: 0.505  
Average sample loss: 0.482  
Average acc: 0.889  
  waterbird_complete50 = 0, forest2water2 = 0  [n = 52]:	loss = 0.000  exp loss = 0.000  adjusted loss = 0.000  adv prob = 0.250000   acc = 1.000
  waterbird_complete50 = 0, forest2water2 = 1  [n = 68]:	loss = 0.001  exp loss = 0.004  adjusted loss = 0.004  adv prob = 0.250000   acc = 1.000
  waterbird_complete50 = 1, forest2water2 = 0  [n = 52]:	loss = 1.218  exp loss = 1.255  adjusted loss = 1.255  adv prob = 0.250000   acc = 0.769
  waterbird_complete50 = 1, forest2water2 = 1  [n = 53]:	loss = 0.946  exp loss = 0.879  adjusted loss = 0.879  adv prob = 0.250000   acc = 0.755

Validation:
Average incurred loss: 0.359  
Average sample loss: 0.354  
Average acc: 0.927  
  waterbird_complete50 = 0, forest2water2 = 0  [n = 465]:	loss = 0.000  exp loss = 0.000  adjusted loss = 0.000  adv prob = 0.250000   acc = 1.000
  waterbird_complete50 = 0, forest2water2 = 1  [n = 466]:	loss = 0.081  exp loss = 0.074  adjusted loss = 0.074  adv prob = 0.250000   acc = 0.985
  waterbird_complete50 = 1, forest2water2 = 0  [n = 134]:	loss = 2.513  exp loss = 3.071  adjusted loss = 3.071  adv prob = 0.250000   acc = 0.552
  waterbird_complete50 = 1, forest2water2 = 1  [n = 134]:	loss = 0.419  exp loss = 0.447  adjusted loss = 0.447  adv prob = 0.250000   acc = 0.851
Current lr: 0.000010
Current validation accuracy: 0.5522388219833374


Epoch [51]:
Training:
Average incurred loss: 0.579  
Average sample loss: 0.618  
Average acc: 0.862  
  waterbird_complete50 = 0, forest2water2 = 0  [n = 56]:	loss = 0.000  exp loss = 0.000  adjusted loss = 0.000  adv prob = 0.250000   acc = 1.000
  waterbird_complete50 = 0, forest2water2 = 1  [n = 54]:	loss = 0.001  exp loss = 0.003  adjusted loss = 0.003  adv prob = 0.250000   acc = 1.000
  waterbird_complete50 = 1, forest2water2 = 0  [n = 56]:	loss = 1.191  exp loss = 1.336  adjusted loss = 1.336  adv prob = 0.250000   acc = 0.696
  waterbird_complete50 = 1, forest2water2 = 1  [n = 59]:	loss = 1.074  exp loss = 0.934  adjusted loss = 0.934  adv prob = 0.250000   acc = 0.763

Validation:
Average incurred loss: 0.387  
Average sample loss: 0.382  
Average acc: 0.927  
  waterbird_complete50 = 0, forest2water2 = 0  [n = 465]:	loss = 0.000  exp loss = 0.000  adjusted loss = 0.000  adv prob = 0.250000   acc = 1.000
  waterbird_complete50 = 0, forest2water2 = 1  [n = 466]:	loss = 0.074  exp loss = 0.068  adjusted loss = 0.068  adv prob = 0.250000   acc = 0.987
  waterbird_complete50 = 1, forest2water2 = 0  [n = 134]:	loss = 2.708  exp loss = 3.278  adjusted loss = 3.278  adv prob = 0.250000   acc = 0.552
  waterbird_complete50 = 1, forest2water2 = 1  [n = 134]:	loss = 0.501  exp loss = 0.526  adjusted loss = 0.526  adv prob = 0.250000   acc = 0.843
Current lr: 0.000010
Current validation accuracy: 0.5522388219833374


Epoch [52]:
Training:
Average incurred loss: 0.562  
Average sample loss: 0.541  
Average acc: 0.867  
  waterbird_complete50 = 0, forest2water2 = 0  [n = 57]:	loss = 0.000  exp loss = 0.000  adjusted loss = 0.000  adv prob = 0.250000   acc = 1.000
  waterbird_complete50 = 0, forest2water2 = 1  [n = 57]:	loss = 0.007  exp loss = 0.005  adjusted loss = 0.005  adv prob = 0.250000   acc = 1.000
  waterbird_complete50 = 1, forest2water2 = 0  [n = 53]:	loss = 1.202  exp loss = 1.298  adjusted loss = 1.298  adv prob = 0.250000   acc = 0.792
  waterbird_complete50 = 1, forest2water2 = 1  [n = 58]:	loss = 1.075  exp loss = 0.957  adjusted loss = 0.957  adv prob = 0.250000   acc = 0.672

Validation:
Average incurred loss: 0.381  
Average sample loss: 0.376  
Average acc: 0.927  
  waterbird_complete50 = 0, forest2water2 = 0  [n = 465]:	loss = 0.000  exp loss = 0.000  adjusted loss = 0.000  adv prob = 0.250000   acc = 1.000
  waterbird_complete50 = 0, forest2water2 = 1  [n = 466]:	loss = 0.076  exp loss = 0.069  adjusted loss = 0.069  adv prob = 0.250000   acc = 0.985
  waterbird_complete50 = 1, forest2water2 = 0  [n = 134]:	loss = 2.669  exp loss = 3.238  adjusted loss = 3.238  adv prob = 0.250000   acc = 0.552
  waterbird_complete50 = 1, forest2water2 = 1  [n = 134]:	loss = 0.476  exp loss = 0.502  adjusted loss = 0.502  adv prob = 0.250000   acc = 0.843
Current lr: 0.000010
Current validation accuracy: 0.5522388219833374


Epoch [53]:
Training:
Average incurred loss: 0.620  
Average sample loss: 0.751  
Average acc: 0.867  
  waterbird_complete50 = 0, forest2water2 = 0  [n = 57]:	loss = 0.000  exp loss = 0.000  adjusted loss = 0.000  adv prob = 0.250000   acc = 1.000
  waterbird_complete50 = 0, forest2water2 = 1  [n = 55]:	loss = 0.013  exp loss = 0.007  adjusted loss = 0.007  adv prob = 0.250000   acc = 1.000
  waterbird_complete50 = 1, forest2water2 = 0  [n = 54]:	loss = 1.474  exp loss = 1.426  adjusted loss = 1.426  adv prob = 0.250000   acc = 0.722
  waterbird_complete50 = 1, forest2water2 = 1  [n = 59]:	loss = 1.001  exp loss = 0.999  adjusted loss = 0.999  adv prob = 0.250000   acc = 0.746

Validation:
Average incurred loss: 0.409  
Average sample loss: 0.403  
Average acc: 0.925  
  waterbird_complete50 = 0, forest2water2 = 0  [n = 465]:	loss = 0.000  exp loss = 0.000  adjusted loss = 0.000  adv prob = 0.250000   acc = 1.000
  waterbird_complete50 = 0, forest2water2 = 1  [n = 466]:	loss = 0.071  exp loss = 0.065  adjusted loss = 0.065  adv prob = 0.250000   acc = 0.989
  waterbird_complete50 = 1, forest2water2 = 0  [n = 134]:	loss = 2.864  exp loss = 3.468  adjusted loss = 3.468  adv prob = 0.250000   acc = 0.522
  waterbird_complete50 = 1, forest2water2 = 1  [n = 134]:	loss = 0.552  exp loss = 0.576  adjusted loss = 0.576  adv prob = 0.250000   acc = 0.843
Current lr: 0.000010
Current validation accuracy: 0.5223880410194397


Epoch [54]:
Training:
Average incurred loss: 0.471  
Average sample loss: 0.440  
Average acc: 0.898  
  waterbird_complete50 = 0, forest2water2 = 0  [n = 53]:	loss = 0.000  exp loss = 0.000  adjusted loss = 0.000  adv prob = 0.250000   acc = 1.000
  waterbird_complete50 = 0, forest2water2 = 1  [n = 62]:	loss = 0.002  exp loss = 0.005  adjusted loss = 0.005  adv prob = 0.250000   acc = 1.000
  waterbird_complete50 = 1, forest2water2 = 0  [n = 59]:	loss = 1.124  exp loss = 1.295  adjusted loss = 1.295  adv prob = 0.250000   acc = 0.763
  waterbird_complete50 = 1, forest2water2 = 1  [n = 51]:	loss = 0.775  exp loss = 0.897  adjusted loss = 0.897  adv prob = 0.250000   acc = 0.824

Validation:
Average incurred loss: 0.393  
Average sample loss: 0.388  
Average acc: 0.926  
  waterbird_complete50 = 0, forest2water2 = 0  [n = 465]:	loss = 0.000  exp loss = 0.000  adjusted loss = 0.000  adv prob = 0.250000   acc = 1.000
  waterbird_complete50 = 0, forest2water2 = 1  [n = 466]:	loss = 0.073  exp loss = 0.067  adjusted loss = 0.067  adv prob = 0.250000   acc = 0.987
  waterbird_complete50 = 1, forest2water2 = 0  [n = 134]:	loss = 2.746  exp loss = 3.351  adjusted loss = 3.351  adv prob = 0.250000   acc = 0.530
  waterbird_complete50 = 1, forest2water2 = 1  [n = 134]:	loss = 0.519  exp loss = 0.542  adjusted loss = 0.542  adv prob = 0.250000   acc = 0.851
Current lr: 0.000010
Current validation accuracy: 0.5298507809638977


Epoch [55]:
Training:
Average incurred loss: 0.837  
Average sample loss: 0.774  
Average acc: 0.836  
  waterbird_complete50 = 0, forest2water2 = 0  [n = 59]:	loss = 0.007  exp loss = 0.003  adjusted loss = 0.003  adv prob = 0.250000   acc = 1.000
  waterbird_complete50 = 0, forest2water2 = 1  [n = 43]:	loss = 0.051  exp loss = 0.033  adjusted loss = 0.033  adv prob = 0.250000   acc = 0.977
  waterbird_complete50 = 1, forest2water2 = 0  [n = 71]:	loss = 1.426  exp loss = 1.213  adjusted loss = 1.213  adv prob = 0.250000   acc = 0.732
  waterbird_complete50 = 1, forest2water2 = 1  [n = 52]:	loss = 1.622  exp loss = 1.057  adjusted loss = 1.057  adv prob = 0.250000   acc = 0.673

Validation:
Average incurred loss: 0.372  
Average sample loss: 0.366  
Average acc: 0.928  
  waterbird_complete50 = 0, forest2water2 = 0  [n = 465]:	loss = 0.000  exp loss = 0.000  adjusted loss = 0.000  adv prob = 0.250000   acc = 1.000
  waterbird_complete50 = 0, forest2water2 = 1  [n = 466]:	loss = 0.077  exp loss = 0.070  adjusted loss = 0.070  adv prob = 0.250000   acc = 0.985
  waterbird_complete50 = 1, forest2water2 = 0  [n = 134]:	loss = 2.588  exp loss = 3.181  adjusted loss = 3.181  adv prob = 0.250000   acc = 0.552
  waterbird_complete50 = 1, forest2water2 = 1  [n = 134]:	loss = 0.468  exp loss = 0.496  adjusted loss = 0.496  adv prob = 0.250000   acc = 0.858
Current lr: 0.000010
Current validation accuracy: 0.5522388219833374


Epoch [56]:
Training:
Average incurred loss: 0.628  
Average sample loss: 0.680  
Average acc: 0.849  
  waterbird_complete50 = 0, forest2water2 = 0  [n = 50]:	loss = 0.000  exp loss = 0.002  adjusted loss = 0.002  adv prob = 0.250000   acc = 1.000
  waterbird_complete50 = 0, forest2water2 = 1  [n = 55]:	loss = 0.002  exp loss = 0.022  adjusted loss = 0.022  adv prob = 0.250000   acc = 1.000
  waterbird_complete50 = 1, forest2water2 = 0  [n = 60]:	loss = 1.530  exp loss = 1.347  adjusted loss = 1.347  adv prob = 0.250000   acc = 0.667
  waterbird_complete50 = 1, forest2water2 = 1  [n = 60]:	loss = 0.822  exp loss = 0.990  adjusted loss = 0.990  adv prob = 0.250000   acc = 0.767

Validation:
Average incurred loss: 0.381  
Average sample loss: 0.376  
Average acc: 0.927  
  waterbird_complete50 = 0, forest2water2 = 0  [n = 465]:	loss = 0.000  exp loss = 0.000  adjusted loss = 0.000  adv prob = 0.250000   acc = 1.000
  waterbird_complete50 = 0, forest2water2 = 1  [n = 466]:	loss = 0.078  exp loss = 0.071  adjusted loss = 0.071  adv prob = 0.250000   acc = 0.985
  waterbird_complete50 = 1, forest2water2 = 0  [n = 134]:	loss = 2.658  exp loss = 3.257  adjusted loss = 3.257  adv prob = 0.250000   acc = 0.545
  waterbird_complete50 = 1, forest2water2 = 1  [n = 134]:	loss = 0.482  exp loss = 0.513  adjusted loss = 0.513  adv prob = 0.250000   acc = 0.851
Current lr: 0.000010
Current validation accuracy: 0.5447761416435242


Epoch [57]:
Training:
Average incurred loss: 0.458  
Average sample loss: 0.433  
Average acc: 0.871  
  waterbird_complete50 = 0, forest2water2 = 0  [n = 58]:	loss = 0.000  exp loss = 0.001  adjusted loss = 0.001  adv prob = 0.250000   acc = 1.000
  waterbird_complete50 = 0, forest2water2 = 1  [n = 60]:	loss = 0.078  exp loss = 0.056  adjusted loss = 0.056  adv prob = 0.250000   acc = 0.967
  waterbird_complete50 = 1, forest2water2 = 0  [n = 53]:	loss = 1.128  exp loss = 1.231  adjusted loss = 1.231  adv prob = 0.250000   acc = 0.774
  waterbird_complete50 = 1, forest2water2 = 1  [n = 54]:	loss = 0.714  exp loss = 0.844  adjusted loss = 0.844  adv prob = 0.250000   acc = 0.722

Validation:
Average incurred loss: 0.339  
Average sample loss: 0.334  
Average acc: 0.932  
  waterbird_complete50 = 0, forest2water2 = 0  [n = 465]:	loss = 0.000  exp loss = 0.000  adjusted loss = 0.000  adv prob = 0.250000   acc = 1.000
  waterbird_complete50 = 0, forest2water2 = 1  [n = 466]:	loss = 0.088  exp loss = 0.079  adjusted loss = 0.079  adv prob = 0.250000   acc = 0.983
  waterbird_complete50 = 1, forest2water2 = 0  [n = 134]:	loss = 2.349  exp loss = 2.896  adjusted loss = 2.896  adv prob = 0.250000   acc = 0.582
  waterbird_complete50 = 1, forest2water2 = 1  [n = 134]:	loss = 0.379  exp loss = 0.411  adjusted loss = 0.411  adv prob = 0.250000   acc = 0.866
Current lr: 0.000010
Current validation accuracy: 0.5820895433425903


Epoch [58]:
Training:
Average incurred loss: 0.590  
Average sample loss: 0.590  
Average acc: 0.871  
  waterbird_complete50 = 0, forest2water2 = 0  [n = 57]:	loss = 0.000  exp loss = 0.001  adjusted loss = 0.001  adv prob = 0.250000   acc = 1.000
  waterbird_complete50 = 0, forest2water2 = 1  [n = 55]:	loss = 0.004  exp loss = 0.038  adjusted loss = 0.038  adv prob = 0.250000   acc = 1.000
  waterbird_complete50 = 1, forest2water2 = 0  [n = 47]:	loss = 1.397  exp loss = 1.277  adjusted loss = 1.277  adv prob = 0.250000   acc = 0.702
  waterbird_complete50 = 1, forest2water2 = 1  [n = 66]:	loss = 1.015  exp loss = 0.914  adjusted loss = 0.914  adv prob = 0.250000   acc = 0.773

Validation:
Average incurred loss: 0.350  
Average sample loss: 0.345  
Average acc: 0.929  
  waterbird_complete50 = 0, forest2water2 = 0  [n = 465]:	loss = 0.000  exp loss = 0.000  adjusted loss = 0.000  adv prob = 0.250000   acc = 1.000
  waterbird_complete50 = 0, forest2water2 = 1  [n = 466]:	loss = 0.082  exp loss = 0.074  adjusted loss = 0.074  adv prob = 0.250000   acc = 0.985
  waterbird_complete50 = 1, forest2water2 = 0  [n = 134]:	loss = 2.428  exp loss = 2.992  adjusted loss = 2.992  adv prob = 0.250000   acc = 0.567
  waterbird_complete50 = 1, forest2water2 = 1  [n = 134]:	loss = 0.415  exp loss = 0.451  adjusted loss = 0.451  adv prob = 0.250000   acc = 0.851
Current lr: 0.000010
Current validation accuracy: 0.5671641826629639


Epoch [59]:
Training:
Average incurred loss: 0.662  
Average sample loss: 0.648  
Average acc: 0.844  
  waterbird_complete50 = 0, forest2water2 = 0  [n = 55]:	loss = 0.000  exp loss = 0.001  adjusted loss = 0.001  adv prob = 0.250000   acc = 1.000
  waterbird_complete50 = 0, forest2water2 = 1  [n = 57]:	loss = 0.023  exp loss = 0.036  adjusted loss = 0.036  adv prob = 0.250000   acc = 1.000
  waterbird_complete50 = 1, forest2water2 = 0  [n = 64]:	loss = 1.611  exp loss = 1.374  adjusted loss = 1.374  adv prob = 0.250000   acc = 0.641
  waterbird_complete50 = 1, forest2water2 = 1  [n = 49]:	loss = 0.908  exp loss = 0.879  adjusted loss = 0.879  adv prob = 0.250000   acc = 0.755

Validation:
Average incurred loss: 0.339  
Average sample loss: 0.334  
Average acc: 0.932  
  waterbird_complete50 = 0, forest2water2 = 0  [n = 465]:	loss = 0.000  exp loss = 0.000  adjusted loss = 0.000  adv prob = 0.250000   acc = 1.000
  waterbird_complete50 = 0, forest2water2 = 1  [n = 466]:	loss = 0.085  exp loss = 0.076  adjusted loss = 0.076  adv prob = 0.250000   acc = 0.983
  waterbird_complete50 = 1, forest2water2 = 0  [n = 134]:	loss = 2.343  exp loss = 2.898  adjusted loss = 2.898  adv prob = 0.250000   acc = 0.575
  waterbird_complete50 = 1, forest2water2 = 1  [n = 134]:	loss = 0.397  exp loss = 0.428  adjusted loss = 0.428  adv prob = 0.250000   acc = 0.873
Current lr: 0.000010
Current validation accuracy: 0.5746268033981323


Epoch [60]:
Training:
Average incurred loss: 0.474  
Average sample loss: 0.437  
Average acc: 0.862  
  waterbird_complete50 = 0, forest2water2 = 0  [n = 50]:	loss = 0.000  exp loss = 0.000  adjusted loss = 0.000  adv prob = 0.250000   acc = 1.000
  waterbird_complete50 = 0, forest2water2 = 1  [n = 67]:	loss = 0.020  exp loss = 0.029  adjusted loss = 0.029  adv prob = 0.250000   acc = 0.985
  waterbird_complete50 = 1, forest2water2 = 0  [n = 60]:	loss = 1.265  exp loss = 1.270  adjusted loss = 1.270  adv prob = 0.250000   acc = 0.667
  waterbird_complete50 = 1, forest2water2 = 1  [n = 48]:	loss = 0.613  exp loss = 0.783  adjusted loss = 0.783  adv prob = 0.250000   acc = 0.792

Validation:
Average incurred loss: 0.336  
Average sample loss: 0.331  
Average acc: 0.934  
  waterbird_complete50 = 0, forest2water2 = 0  [n = 465]:	loss = 0.000  exp loss = 0.000  adjusted loss = 0.000  adv prob = 0.250000   acc = 1.000
  waterbird_complete50 = 0, forest2water2 = 1  [n = 466]:	loss = 0.088  exp loss = 0.079  adjusted loss = 0.079  adv prob = 0.250000   acc = 0.983
  waterbird_complete50 = 1, forest2water2 = 0  [n = 134]:	loss = 2.307  exp loss = 2.864  adjusted loss = 2.864  adv prob = 0.250000   acc = 0.590
  waterbird_complete50 = 1, forest2water2 = 1  [n = 134]:	loss = 0.393  exp loss = 0.424  adjusted loss = 0.424  adv prob = 0.250000   acc = 0.881
Current lr: 0.000010
Current validation accuracy: 0.5895522236824036


Epoch [61]:
Training:
Average incurred loss: 0.434  
Average sample loss: 0.431  
Average acc: 0.893  
  waterbird_complete50 = 0, forest2water2 = 0  [n = 59]:	loss = 0.000  exp loss = 0.000  adjusted loss = 0.000  adv prob = 0.250000   acc = 1.000
  waterbird_complete50 = 0, forest2water2 = 1  [n = 57]:	loss = 0.006  exp loss = 0.021  adjusted loss = 0.021  adv prob = 0.250000   acc = 1.000
  waterbird_complete50 = 1, forest2water2 = 0  [n = 62]:	loss = 1.265  exp loss = 1.274  adjusted loss = 1.274  adv prob = 0.250000   acc = 0.758
  waterbird_complete50 = 1, forest2water2 = 1  [n = 47]:	loss = 0.401  exp loss = 0.622  adjusted loss = 0.622  adv prob = 0.250000   acc = 0.809

Validation:
Average incurred loss: 0.327  
Average sample loss: 0.323  
Average acc: 0.936  
  waterbird_complete50 = 0, forest2water2 = 0  [n = 465]:	loss = 0.000  exp loss = 0.000  adjusted loss = 0.000  adv prob = 0.250000   acc = 1.000
  waterbird_complete50 = 0, forest2water2 = 1  [n = 466]:	loss = 0.092  exp loss = 0.082  adjusted loss = 0.082  adv prob = 0.250000   acc = 0.983
  waterbird_complete50 = 1, forest2water2 = 0  [n = 134]:	loss = 2.247  exp loss = 2.789  adjusted loss = 2.789  adv prob = 0.250000   acc = 0.590
  waterbird_complete50 = 1, forest2water2 = 1  [n = 134]:	loss = 0.363  exp loss = 0.397  adjusted loss = 0.397  adv prob = 0.250000   acc = 0.896
Current lr: 0.000010
Current validation accuracy: 0.5895522236824036


Epoch [62]:
Training:
Average incurred loss: 0.696  
Average sample loss: 0.777  
Average acc: 0.840  
  waterbird_complete50 = 0, forest2water2 = 0  [n = 54]:	loss = 0.000  exp loss = 0.000  adjusted loss = 0.000  adv prob = 0.250000   acc = 1.000
  waterbird_complete50 = 0, forest2water2 = 1  [n = 53]:	loss = 0.015  exp loss = 0.017  adjusted loss = 0.017  adv prob = 0.250000   acc = 0.981
  waterbird_complete50 = 1, forest2water2 = 0  [n = 68]:	loss = 1.311  exp loss = 1.285  adjusted loss = 1.285  adv prob = 0.250000   acc = 0.691
  waterbird_complete50 = 1, forest2water2 = 1  [n = 50]:	loss = 1.333  exp loss = 0.939  adjusted loss = 0.939  adv prob = 0.250000   acc = 0.720

Validation:
Average incurred loss: 0.357  
Average sample loss: 0.352  
Average acc: 0.928  
  waterbird_complete50 = 0, forest2water2 = 0  [n = 465]:	loss = 0.000  exp loss = 0.000  adjusted loss = 0.000  adv prob = 0.250000   acc = 1.000
  waterbird_complete50 = 0, forest2water2 = 1  [n = 466]:	loss = 0.084  exp loss = 0.076  adjusted loss = 0.076  adv prob = 0.250000   acc = 0.983
  waterbird_complete50 = 1, forest2water2 = 0  [n = 134]:	loss = 2.478  exp loss = 3.043  adjusted loss = 3.043  adv prob = 0.250000   acc = 0.560
  waterbird_complete50 = 1, forest2water2 = 1  [n = 134]:	loss = 0.426  exp loss = 0.458  adjusted loss = 0.458  adv prob = 0.250000   acc = 0.858
Current lr: 0.000010
Current validation accuracy: 0.5597015023231506


Epoch [63]:
Training:
Average incurred loss: 0.239  
Average sample loss: 0.248  
Average acc: 0.898  
  waterbird_complete50 = 0, forest2water2 = 0  [n = 60]:	loss = 0.001  exp loss = 0.000  adjusted loss = 0.000  adv prob = 0.250000   acc = 1.000
  waterbird_complete50 = 0, forest2water2 = 1  [n = 63]:	loss = 0.028  exp loss = 0.018  adjusted loss = 0.018  adv prob = 0.250000   acc = 0.984
  waterbird_complete50 = 1, forest2water2 = 0  [n = 58]:	loss = 0.564  exp loss = 1.041  adjusted loss = 1.041  adv prob = 0.250000   acc = 0.776
  waterbird_complete50 = 1, forest2water2 = 1  [n = 44]:	loss = 0.439  exp loss = 0.780  adjusted loss = 0.780  adv prob = 0.250000   acc = 0.795

Validation:
Average incurred loss: 0.324  
Average sample loss: 0.319  
Average acc: 0.936  
  waterbird_complete50 = 0, forest2water2 = 0  [n = 465]:	loss = 0.000  exp loss = 0.000  adjusted loss = 0.000  adv prob = 0.250000   acc = 1.000
  waterbird_complete50 = 0, forest2water2 = 1  [n = 466]:	loss = 0.095  exp loss = 0.085  adjusted loss = 0.085  adv prob = 0.250000   acc = 0.981
  waterbird_complete50 = 1, forest2water2 = 0  [n = 134]:	loss = 2.225  exp loss = 2.744  adjusted loss = 2.744  adv prob = 0.250000   acc = 0.597
  waterbird_complete50 = 1, forest2water2 = 1  [n = 134]:	loss = 0.341  exp loss = 0.370  adjusted loss = 0.370  adv prob = 0.250000   acc = 0.896
Current lr: 0.000010
Current validation accuracy: 0.5970149040222168


Epoch [64]:
Training:
Average incurred loss: 0.616  
Average sample loss: 0.688  
Average acc: 0.849  
  waterbird_complete50 = 0, forest2water2 = 0  [n = 59]:	loss = 0.000  exp loss = 0.000  adjusted loss = 0.000  adv prob = 0.250000   acc = 1.000
  waterbird_complete50 = 0, forest2water2 = 1  [n = 49]:	loss = 0.000  exp loss = 0.012  adjusted loss = 0.012  adv prob = 0.250000   acc = 1.000
  waterbird_complete50 = 1, forest2water2 = 0  [n = 63]:	loss = 1.398  exp loss = 1.190  adjusted loss = 1.190  adv prob = 0.250000   acc = 0.683
  waterbird_complete50 = 1, forest2water2 = 1  [n = 54]:	loss = 0.936  exp loss = 0.860  adjusted loss = 0.860  adv prob = 0.250000   acc = 0.741

Validation:
Average incurred loss: 0.335  
Average sample loss: 0.330  
Average acc: 0.931  
  waterbird_complete50 = 0, forest2water2 = 0  [n = 465]:	loss = 0.000  exp loss = 0.000  adjusted loss = 0.000  adv prob = 0.250000   acc = 1.000
  waterbird_complete50 = 0, forest2water2 = 1  [n = 466]:	loss = 0.091  exp loss = 0.081  adjusted loss = 0.081  adv prob = 0.250000   acc = 0.983
  waterbird_complete50 = 1, forest2water2 = 0  [n = 134]:	loss = 2.309  exp loss = 2.859  adjusted loss = 2.859  adv prob = 0.250000   acc = 0.560
  waterbird_complete50 = 1, forest2water2 = 1  [n = 134]:	loss = 0.368  exp loss = 0.394  adjusted loss = 0.394  adv prob = 0.250000   acc = 0.881
Current lr: 0.000010
Current validation accuracy: 0.5597015023231506


Epoch [65]:
Training:
Average incurred loss: 1.058  
Average sample loss: 0.980  
Average acc: 0.796  
  waterbird_complete50 = 0, forest2water2 = 0  [n = 45]:	loss = 0.000  exp loss = 0.000  adjusted loss = 0.000  adv prob = 0.250000   acc = 1.000
  waterbird_complete50 = 0, forest2water2 = 1  [n = 45]:	loss = 0.001  exp loss = 0.008  adjusted loss = 0.008  adv prob = 0.250000   acc = 1.000
  waterbird_complete50 = 1, forest2water2 = 0  [n = 63]:	loss = 2.187  exp loss = 1.494  adjusted loss = 1.494  adv prob = 0.250000   acc = 0.603
  waterbird_complete50 = 1, forest2water2 = 1  [n = 72]:	loss = 1.391  exp loss = 0.961  adjusted loss = 0.961  adv prob = 0.250000   acc = 0.708

Validation:
Average incurred loss: 0.396  
Average sample loss: 0.391  
Average acc: 0.924  
  waterbird_complete50 = 0, forest2water2 = 0  [n = 465]:	loss = 0.000  exp loss = 0.000  adjusted loss = 0.000  adv prob = 0.250000   acc = 1.000
  waterbird_complete50 = 0, forest2water2 = 1  [n = 466]:	loss = 0.074  exp loss = 0.068  adjusted loss = 0.068  adv prob = 0.250000   acc = 0.985
  waterbird_complete50 = 1, forest2water2 = 0  [n = 134]:	loss = 2.764  exp loss = 3.367  adjusted loss = 3.367  adv prob = 0.250000   acc = 0.530
  waterbird_complete50 = 1, forest2water2 = 1  [n = 134]:	loss = 0.525  exp loss = 0.546  adjusted loss = 0.546  adv prob = 0.250000   acc = 0.843
Current lr: 0.000010
Current validation accuracy: 0.5298507809638977


Epoch [66]:
Training:
Average incurred loss: 0.423  
Average sample loss: 0.466  
Average acc: 0.893  
  waterbird_complete50 = 0, forest2water2 = 0  [n = 62]:	loss = 0.000  exp loss = 0.000  adjusted loss = 0.000  adv prob = 0.250000   acc = 1.000
  waterbird_complete50 = 0, forest2water2 = 1  [n = 57]:	loss = 0.015  exp loss = 0.011  adjusted loss = 0.011  adv prob = 0.250000   acc = 1.000
  waterbird_complete50 = 1, forest2water2 = 0  [n = 39]:	loss = 0.907  exp loss = 1.301  adjusted loss = 1.301  adv prob = 0.250000   acc = 0.846
  waterbird_complete50 = 1, forest2water2 = 1  [n = 67]:	loss = 0.880  exp loss = 0.945  adjusted loss = 0.945  adv prob = 0.250000   acc = 0.731

Validation:
Average incurred loss: 0.358  
Average sample loss: 0.353  
Average acc: 0.926  
  waterbird_complete50 = 0, forest2water2 = 0  [n = 465]:	loss = 0.000  exp loss = 0.000  adjusted loss = 0.000  adv prob = 0.250000   acc = 1.000
  waterbird_complete50 = 0, forest2water2 = 1  [n = 466]:	loss = 0.082  exp loss = 0.074  adjusted loss = 0.074  adv prob = 0.250000   acc = 0.983
  waterbird_complete50 = 1, forest2water2 = 0  [n = 134]:	loss = 2.480  exp loss = 3.046  adjusted loss = 3.046  adv prob = 0.250000   acc = 0.545
  waterbird_complete50 = 1, forest2water2 = 1  [n = 134]:	loss = 0.440  exp loss = 0.465  adjusted loss = 0.465  adv prob = 0.250000   acc = 0.851
Current lr: 0.000010
Current validation accuracy: 0.5447761416435242


Epoch [67]:
Training:
Average incurred loss: 0.488  
Average sample loss: 0.460  
Average acc: 0.880  
  waterbird_complete50 = 0, forest2water2 = 0  [n = 50]:	loss = 0.000  exp loss = 0.000  adjusted loss = 0.000  adv prob = 0.250000   acc = 1.000
  waterbird_complete50 = 0, forest2water2 = 1  [n = 61]:	loss = 0.006  exp loss = 0.010  adjusted loss = 0.010  adv prob = 0.250000   acc = 1.000
  waterbird_complete50 = 1, forest2water2 = 0  [n = 56]:	loss = 1.172  exp loss = 1.173  adjusted loss = 1.173  adv prob = 0.250000   acc = 0.750
  waterbird_complete50 = 1, forest2water2 = 1  [n = 58]:	loss = 0.755  exp loss = 0.877  adjusted loss = 0.877  adv prob = 0.250000   acc = 0.776

Validation:
Average incurred loss: 0.359  
Average sample loss: 0.354  
Average acc: 0.927  
  waterbird_complete50 = 0, forest2water2 = 0  [n = 465]:	loss = 0.000  exp loss = 0.000  adjusted loss = 0.000  adv prob = 0.250000   acc = 1.000
  waterbird_complete50 = 0, forest2water2 = 1  [n = 466]:	loss = 0.082  exp loss = 0.074  adjusted loss = 0.074  adv prob = 0.250000   acc = 0.983
  waterbird_complete50 = 1, forest2water2 = 0  [n = 134]:	loss = 2.496  exp loss = 3.063  adjusted loss = 3.063  adv prob = 0.250000   acc = 0.560
  waterbird_complete50 = 1, forest2water2 = 1  [n = 134]:	loss = 0.432  exp loss = 0.454  adjusted loss = 0.454  adv prob = 0.250000   acc = 0.851
Current lr: 0.000010
Current validation accuracy: 0.5597015023231506


Epoch [68]:
Training:
Average incurred loss: 0.419  
Average sample loss: 0.409  
Average acc: 0.884  
  waterbird_complete50 = 0, forest2water2 = 0  [n = 62]:	loss = 0.000  exp loss = 0.000  adjusted loss = 0.000  adv prob = 0.250000   acc = 1.000
  waterbird_complete50 = 0, forest2water2 = 1  [n = 60]:	loss = 0.027  exp loss = 0.014  adjusted loss = 0.014  adv prob = 0.250000   acc = 0.983
  waterbird_complete50 = 1, forest2water2 = 0  [n = 46]:	loss = 1.149  exp loss = 1.121  adjusted loss = 1.121  adv prob = 0.250000   acc = 0.739
  waterbird_complete50 = 1, forest2water2 = 1  [n = 57]:	loss = 0.699  exp loss = 0.797  adjusted loss = 0.797  adv prob = 0.250000   acc = 0.772

Validation:
Average incurred loss: 0.333  
Average sample loss: 0.329  
Average acc: 0.931  
  waterbird_complete50 = 0, forest2water2 = 0  [n = 465]:	loss = 0.000  exp loss = 0.000  adjusted loss = 0.000  adv prob = 0.250000   acc = 1.000
  waterbird_complete50 = 0, forest2water2 = 1  [n = 466]:	loss = 0.088  exp loss = 0.078  adjusted loss = 0.078  adv prob = 0.250000   acc = 0.983
  waterbird_complete50 = 1, forest2water2 = 0  [n = 134]:	loss = 2.293  exp loss = 2.830  adjusted loss = 2.830  adv prob = 0.250000   acc = 0.575
  waterbird_complete50 = 1, forest2water2 = 1  [n = 134]:	loss = 0.385  exp loss = 0.407  adjusted loss = 0.407  adv prob = 0.250000   acc = 0.866
Current lr: 0.000010
Current validation accuracy: 0.5746268630027771


Epoch [69]:
Training:
Average incurred loss: 0.360  
Average sample loss: 0.364  
Average acc: 0.902  
  waterbird_complete50 = 0, forest2water2 = 0  [n = 72]:	loss = 0.000  exp loss = 0.000  adjusted loss = 0.000  adv prob = 0.250000   acc = 1.000
  waterbird_complete50 = 0, forest2water2 = 1  [n = 47]:	loss = 0.058  exp loss = 0.024  adjusted loss = 0.024  adv prob = 0.250000   acc = 0.979
  waterbird_complete50 = 1, forest2water2 = 0  [n = 54]:	loss = 0.688  exp loss = 0.949  adjusted loss = 0.949  adv prob = 0.250000   acc = 0.833
  waterbird_complete50 = 1, forest2water2 = 1  [n = 52]:	loss = 0.791  exp loss = 0.807  adjusted loss = 0.807  adv prob = 0.250000   acc = 0.769

Validation:
Average incurred loss: 0.312  
Average sample loss: 0.308  
Average acc: 0.937  
  waterbird_complete50 = 0, forest2water2 = 0  [n = 465]:	loss = 0.000  exp loss = 0.000  adjusted loss = 0.000  adv prob = 0.250000   acc = 1.000
  waterbird_complete50 = 0, forest2water2 = 1  [n = 466]:	loss = 0.096  exp loss = 0.086  adjusted loss = 0.086  adv prob = 0.250000   acc = 0.983
  waterbird_complete50 = 1, forest2water2 = 0  [n = 134]:	loss = 2.134  exp loss = 2.634  adjusted loss = 2.634  adv prob = 0.250000   acc = 0.597
  waterbird_complete50 = 1, forest2water2 = 1  [n = 134]:	loss = 0.322  exp loss = 0.353  adjusted loss = 0.353  adv prob = 0.250000   acc = 0.903
Current lr: 0.000010
Current validation accuracy: 0.5970149040222168


Epoch [70]:
Training:
Average incurred loss: 0.422  
Average sample loss: 0.417  
Average acc: 0.871  
  waterbird_complete50 = 0, forest2water2 = 0  [n = 50]:	loss = 0.000  exp loss = 0.000  adjusted loss = 0.000  adv prob = 0.250000   acc = 1.000
  waterbird_complete50 = 0, forest2water2 = 1  [n = 67]:	loss = 0.045  exp loss = 0.028  adjusted loss = 0.028  adv prob = 0.250000   acc = 0.970
  waterbird_complete50 = 1, forest2water2 = 0  [n = 53]:	loss = 1.094  exp loss = 0.946  adjusted loss = 0.946  adv prob = 0.250000   acc = 0.774
  waterbird_complete50 = 1, forest2water2 = 1  [n = 55]:	loss = 0.616  exp loss = 0.726  adjusted loss = 0.726  adv prob = 0.250000   acc = 0.727

Validation:
Average incurred loss: 0.314  
Average sample loss: 0.309  
Average acc: 0.937  
  waterbird_complete50 = 0, forest2water2 = 0  [n = 465]:	loss = 0.000  exp loss = 0.000  adjusted loss = 0.000  adv prob = 0.250000   acc = 1.000
  waterbird_complete50 = 0, forest2water2 = 1  [n = 466]:	loss = 0.096  exp loss = 0.086  adjusted loss = 0.086  adv prob = 0.250000   acc = 0.981
  waterbird_complete50 = 1, forest2water2 = 0  [n = 134]:	loss = 2.144  exp loss = 2.642  adjusted loss = 2.642  adv prob = 0.250000   acc = 0.604
  waterbird_complete50 = 1, forest2water2 = 1  [n = 134]:	loss = 0.326  exp loss = 0.352  adjusted loss = 0.352  adv prob = 0.250000   acc = 0.903
Current lr: 0.000010
Current validation accuracy: 0.60447758436203


Epoch [71]:
Training:
Average incurred loss: 0.420  
Average sample loss: 0.408  
Average acc: 0.867  
  waterbird_complete50 = 0, forest2water2 = 0  [n = 56]:	loss = 0.000  exp loss = 0.000  adjusted loss = 0.000  adv prob = 0.250000   acc = 1.000
  waterbird_complete50 = 0, forest2water2 = 1  [n = 54]:	loss = 0.001  exp loss = 0.019  adjusted loss = 0.019  adv prob = 0.250000   acc = 1.000
  waterbird_complete50 = 1, forest2water2 = 0  [n = 52]:	loss = 0.774  exp loss = 0.823  adjusted loss = 0.823  adv prob = 0.250000   acc = 0.808
  waterbird_complete50 = 1, forest2water2 = 1  [n = 63]:	loss = 0.860  exp loss = 0.778  adjusted loss = 0.778  adv prob = 0.250000   acc = 0.683

Validation:
Average incurred loss: 0.319  
Average sample loss: 0.314  
Average acc: 0.936  
  waterbird_complete50 = 0, forest2water2 = 0  [n = 465]:	loss = 0.000  exp loss = 0.000  adjusted loss = 0.000  adv prob = 0.250000   acc = 1.000
  waterbird_complete50 = 0, forest2water2 = 1  [n = 466]:	loss = 0.093  exp loss = 0.083  adjusted loss = 0.083  adv prob = 0.250000   acc = 0.983
  waterbird_complete50 = 1, forest2water2 = 0  [n = 134]:	loss = 2.181  exp loss = 2.689  adjusted loss = 2.689  adv prob = 0.250000   acc = 0.582
  waterbird_complete50 = 1, forest2water2 = 1  [n = 134]:	loss = 0.344  exp loss = 0.370  adjusted loss = 0.370  adv prob = 0.250000   acc = 0.903
Current lr: 0.000010
Current validation accuracy: 0.5820895433425903


Epoch [72]:
Training:
Average incurred loss: 0.724  
Average sample loss: 0.691  
Average acc: 0.853  
  waterbird_complete50 = 0, forest2water2 = 0  [n = 49]:	loss = 0.000  exp loss = 0.000  adjusted loss = 0.000  adv prob = 0.250000   acc = 1.000
  waterbird_complete50 = 0, forest2water2 = 1  [n = 57]:	loss = 0.001  exp loss = 0.013  adjusted loss = 0.013  adv prob = 0.250000   acc = 1.000
  waterbird_complete50 = 1, forest2water2 = 0  [n = 63]:	loss = 1.727  exp loss = 1.098  adjusted loss = 1.098  adv prob = 0.250000   acc = 0.714
  waterbird_complete50 = 1, forest2water2 = 1  [n = 56]:	loss = 0.964  exp loss = 0.795  adjusted loss = 0.795  adv prob = 0.250000   acc = 0.732

Validation:
Average incurred loss: 0.327  
Average sample loss: 0.322  
Average acc: 0.933  
  waterbird_complete50 = 0, forest2water2 = 0  [n = 465]:	loss = 0.000  exp loss = 0.000  adjusted loss = 0.000  adv prob = 0.250000   acc = 1.000
  waterbird_complete50 = 0, forest2water2 = 1  [n = 466]:	loss = 0.091  exp loss = 0.081  adjusted loss = 0.081  adv prob = 0.250000   acc = 0.983
  waterbird_complete50 = 1, forest2water2 = 0  [n = 134]:	loss = 2.239  exp loss = 2.754  adjusted loss = 2.754  adv prob = 0.250000   acc = 0.582
  waterbird_complete50 = 1, forest2water2 = 1  [n = 134]:	loss = 0.367  exp loss = 0.393  adjusted loss = 0.393  adv prob = 0.250000   acc = 0.881
Current lr: 0.000010
Current validation accuracy: 0.5820895433425903


Epoch [73]:
Training:
Average incurred loss: 0.485  
Average sample loss: 0.488  
Average acc: 0.858  
  waterbird_complete50 = 0, forest2water2 = 0  [n = 54]:	loss = 0.000  exp loss = 0.000  adjusted loss = 0.000  adv prob = 0.250000   acc = 1.000
  waterbird_complete50 = 0, forest2water2 = 1  [n = 61]:	loss = 0.016  exp loss = 0.012  adjusted loss = 0.012  adv prob = 0.250000   acc = 1.000
  waterbird_complete50 = 1, forest2water2 = 0  [n = 51]:	loss = 1.083  exp loss = 1.073  adjusted loss = 1.073  adv prob = 0.250000   acc = 0.706
  waterbird_complete50 = 1, forest2water2 = 1  [n = 59]:	loss = 0.898  exp loss = 0.781  adjusted loss = 0.781  adv prob = 0.250000   acc = 0.712

Validation:
Average incurred loss: 0.320  
Average sample loss: 0.316  
Average acc: 0.937  
  waterbird_complete50 = 0, forest2water2 = 0  [n = 465]:	loss = 0.000  exp loss = 0.000  adjusted loss = 0.000  adv prob = 0.250000   acc = 1.000
  waterbird_complete50 = 0, forest2water2 = 1  [n = 466]:	loss = 0.095  exp loss = 0.085  adjusted loss = 0.085  adv prob = 0.250000   acc = 0.983
  waterbird_complete50 = 1, forest2water2 = 0  [n = 134]:	loss = 2.186  exp loss = 2.713  adjusted loss = 2.713  adv prob = 0.250000   acc = 0.597
  waterbird_complete50 = 1, forest2water2 = 1  [n = 134]:	loss = 0.347  exp loss = 0.371  adjusted loss = 0.371  adv prob = 0.250000   acc = 0.903
Current lr: 0.000010
Current validation accuracy: 0.5970149040222168


Epoch [74]:
Training:
Average incurred loss: 0.337  
Average sample loss: 0.364  
Average acc: 0.907  
  waterbird_complete50 = 0, forest2water2 = 0  [n = 59]:	loss = 0.000  exp loss = 0.000  adjusted loss = 0.000  adv prob = 0.250000   acc = 1.000
  waterbird_complete50 = 0, forest2water2 = 1  [n = 60]:	loss = 0.009  exp loss = 0.011  adjusted loss = 0.011  adv prob = 0.250000   acc = 1.000
  waterbird_complete50 = 1, forest2water2 = 0  [n = 48]:	loss = 0.903  exp loss = 1.018  adjusted loss = 1.018  adv prob = 0.250000   acc = 0.792
  waterbird_complete50 = 1, forest2water2 = 1  [n = 58]:	loss = 0.552  exp loss = 0.733  adjusted loss = 0.733  adv prob = 0.250000   acc = 0.810

Validation:
Average incurred loss: 0.335  
Average sample loss: 0.331  
Average acc: 0.932  
  waterbird_complete50 = 0, forest2water2 = 0  [n = 465]:	loss = 0.000  exp loss = 0.000  adjusted loss = 0.000  adv prob = 0.250000   acc = 1.000
  waterbird_complete50 = 0, forest2water2 = 1  [n = 466]:	loss = 0.091  exp loss = 0.081  adjusted loss = 0.081  adv prob = 0.250000   acc = 0.983
  waterbird_complete50 = 1, forest2water2 = 0  [n = 134]:	loss = 2.309  exp loss = 2.848  adjusted loss = 2.848  adv prob = 0.250000   acc = 0.582
  waterbird_complete50 = 1, forest2water2 = 1  [n = 134]:	loss = 0.375  exp loss = 0.404  adjusted loss = 0.404  adv prob = 0.250000   acc = 0.873
Current lr: 0.000010
Current validation accuracy: 0.5820895433425903


Epoch [75]:
Training:
Average incurred loss: 0.624  
Average sample loss: 0.621  
Average acc: 0.862  
  waterbird_complete50 = 0, forest2water2 = 0  [n = 51]:	loss = 0.000  exp loss = 0.000  adjusted loss = 0.000  adv prob = 0.250000   acc = 1.000
  waterbird_complete50 = 0, forest2water2 = 1  [n = 49]:	loss = 0.011  exp loss = 0.010  adjusted loss = 0.010  adv prob = 0.250000   acc = 1.000
  waterbird_complete50 = 1, forest2water2 = 0  [n = 67]:	loss = 1.182  exp loss = 1.087  adjusted loss = 1.087  adv prob = 0.250000   acc = 0.791
  waterbird_complete50 = 1, forest2water2 = 1  [n = 58]:	loss = 1.045  exp loss = 0.793  adjusted loss = 0.793  adv prob = 0.250000   acc = 0.707

Validation:
Average incurred loss: 0.376  
Average sample loss: 0.370  
Average acc: 0.927  
  waterbird_complete50 = 0, forest2water2 = 0  [n = 465]:	loss = 0.000  exp loss = 0.000  adjusted loss = 0.000  adv prob = 0.250000   acc = 1.000
  waterbird_complete50 = 0, forest2water2 = 1  [n = 466]:	loss = 0.079  exp loss = 0.071  adjusted loss = 0.071  adv prob = 0.250000   acc = 0.985
  waterbird_complete50 = 1, forest2water2 = 0  [n = 134]:	loss = 2.625  exp loss = 3.198  adjusted loss = 3.198  adv prob = 0.250000   acc = 0.545
  waterbird_complete50 = 1, forest2water2 = 1  [n = 134]:	loss = 0.462  exp loss = 0.493  adjusted loss = 0.493  adv prob = 0.250000   acc = 0.851
Current lr: 0.000010
Current validation accuracy: 0.5447761416435242


Epoch [76]:
Training:
Average incurred loss: 0.750  
Average sample loss: 0.779  
Average acc: 0.853  
  waterbird_complete50 = 0, forest2water2 = 0  [n = 44]:	loss = 0.000  exp loss = 0.000  adjusted loss = 0.000  adv prob = 0.250000   acc = 1.000
  waterbird_complete50 = 0, forest2water2 = 1  [n = 55]:	loss = 0.007  exp loss = 0.008  adjusted loss = 0.008  adv prob = 0.250000   acc = 1.000
  waterbird_complete50 = 1, forest2water2 = 0  [n = 62]:	loss = 1.931  exp loss = 1.369  adjusted loss = 1.369  adv prob = 0.250000   acc = 0.629
  waterbird_complete50 = 1, forest2water2 = 1  [n = 64]:	loss = 0.759  exp loss = 0.756  adjusted loss = 0.756  adv prob = 0.250000   acc = 0.844

Validation:
Average incurred loss: 0.384  
Average sample loss: 0.379  
Average acc: 0.925  
  waterbird_complete50 = 0, forest2water2 = 0  [n = 465]:	loss = 0.000  exp loss = 0.000  adjusted loss = 0.000  adv prob = 0.250000   acc = 1.000
  waterbird_complete50 = 0, forest2water2 = 1  [n = 466]:	loss = 0.075  exp loss = 0.068  adjusted loss = 0.068  adv prob = 0.250000   acc = 0.985
  waterbird_complete50 = 1, forest2water2 = 0  [n = 134]:	loss = 2.679  exp loss = 3.261  adjusted loss = 3.261  adv prob = 0.250000   acc = 0.537
  waterbird_complete50 = 1, forest2water2 = 1  [n = 134]:	loss = 0.497  exp loss = 0.526  adjusted loss = 0.526  adv prob = 0.250000   acc = 0.843
Current lr: 0.000010
Current validation accuracy: 0.5373134613037109


Epoch [77]:
Training:
Average incurred loss: 0.749  
Average sample loss: 0.817  
Average acc: 0.849  
  waterbird_complete50 = 0, forest2water2 = 0  [n = 48]:	loss = 0.000  exp loss = 0.000  adjusted loss = 0.000  adv prob = 0.250000   acc = 1.000
  waterbird_complete50 = 0, forest2water2 = 1  [n = 55]:	loss = 0.013  exp loss = 0.009  adjusted loss = 0.009  adv prob = 0.250000   acc = 1.000
  waterbird_complete50 = 1, forest2water2 = 0  [n = 62]:	loss = 1.895  exp loss = 1.588  adjusted loss = 1.588  adv prob = 0.250000   acc = 0.645
  waterbird_complete50 = 1, forest2water2 = 1  [n = 60]:	loss = 0.840  exp loss = 0.752  adjusted loss = 0.752  adv prob = 0.250000   acc = 0.800

Validation:
Average incurred loss: 0.378  
Average sample loss: 0.373  
Average acc: 0.927  
  waterbird_complete50 = 0, forest2water2 = 0  [n = 465]:	loss = 0.000  exp loss = 0.000  adjusted loss = 0.000  adv prob = 0.250000   acc = 1.000
  waterbird_complete50 = 0, forest2water2 = 1  [n = 466]:	loss = 0.077  exp loss = 0.070  adjusted loss = 0.070  adv prob = 0.250000   acc = 0.985
  waterbird_complete50 = 1, forest2water2 = 0  [n = 134]:	loss = 2.618  exp loss = 3.189  adjusted loss = 3.189  adv prob = 0.250000   acc = 0.552
  waterbird_complete50 = 1, forest2water2 = 1  [n = 134]:	loss = 0.499  exp loss = 0.530  adjusted loss = 0.530  adv prob = 0.250000   acc = 0.843
Current lr: 0.000010
Current validation accuracy: 0.5522388219833374


Epoch [78]:
Training:
Average incurred loss: 0.463  
Average sample loss: 0.489  
Average acc: 0.889  
  waterbird_complete50 = 0, forest2water2 = 0  [n = 52]:	loss = 0.000  exp loss = 0.000  adjusted loss = 0.000  adv prob = 0.250000   acc = 1.000
  waterbird_complete50 = 0, forest2water2 = 1  [n = 60]:	loss = 0.006  exp loss = 0.007  adjusted loss = 0.007  adv prob = 0.250000   acc = 1.000
  waterbird_complete50 = 1, forest2water2 = 0  [n = 52]:	loss = 0.893  exp loss = 1.367  adjusted loss = 1.367  adv prob = 0.250000   acc = 0.788
  waterbird_complete50 = 1, forest2water2 = 1  [n = 61]:	loss = 0.941  exp loss = 0.820  adjusted loss = 0.820  adv prob = 0.250000   acc = 0.770

Validation:
Average incurred loss: 0.365  
Average sample loss: 0.359  
Average acc: 0.928  
  waterbird_complete50 = 0, forest2water2 = 0  [n = 465]:	loss = 0.000  exp loss = 0.000  adjusted loss = 0.000  adv prob = 0.250000   acc = 1.000
  waterbird_complete50 = 0, forest2water2 = 1  [n = 466]:	loss = 0.078  exp loss = 0.071  adjusted loss = 0.071  adv prob = 0.250000   acc = 0.985
  waterbird_complete50 = 1, forest2water2 = 0  [n = 134]:	loss = 2.518  exp loss = 3.084  adjusted loss = 3.084  adv prob = 0.250000   acc = 0.567
  waterbird_complete50 = 1, forest2water2 = 1  [n = 134]:	loss = 0.471  exp loss = 0.498  adjusted loss = 0.498  adv prob = 0.250000   acc = 0.843
Current lr: 0.000010
Current validation accuracy: 0.5671641826629639


Epoch [79]:
Training:
Average incurred loss: 0.649  
Average sample loss: 0.644  
Average acc: 0.853  
  waterbird_complete50 = 0, forest2water2 = 0  [n = 51]:	loss = 0.000  exp loss = 0.000  adjusted loss = 0.000  adv prob = 0.250000   acc = 1.000
  waterbird_complete50 = 0, forest2water2 = 1  [n = 43]:	loss = 0.013  exp loss = 0.013  adjusted loss = 0.013  adv prob = 0.250000   acc = 1.000
  waterbird_complete50 = 1, forest2water2 = 0  [n = 83]:	loss = 1.070  exp loss = 1.281  adjusted loss = 1.281  adv prob = 0.250000   acc = 0.771
  waterbird_complete50 = 1, forest2water2 = 1  [n = 48]:	loss = 1.181  exp loss = 0.925  adjusted loss = 0.925  adv prob = 0.250000   acc = 0.708

Validation:
Average incurred loss: 0.360  
Average sample loss: 0.355  
Average acc: 0.927  
  waterbird_complete50 = 0, forest2water2 = 0  [n = 465]:	loss = 0.000  exp loss = 0.000  adjusted loss = 0.000  adv prob = 0.250000   acc = 1.000
  waterbird_complete50 = 0, forest2water2 = 1  [n = 466]:	loss = 0.081  exp loss = 0.073  adjusted loss = 0.073  adv prob = 0.250000   acc = 0.983
  waterbird_complete50 = 1, forest2water2 = 0  [n = 134]:	loss = 2.495  exp loss = 3.042  adjusted loss = 3.042  adv prob = 0.250000   acc = 0.560
  waterbird_complete50 = 1, forest2water2 = 1  [n = 134]:	loss = 0.440  exp loss = 0.464  adjusted loss = 0.464  adv prob = 0.250000   acc = 0.851
Current lr: 0.000010
Current validation accuracy: 0.5597015023231506


Epoch [80]:
Training:
Average incurred loss: 0.477  
Average sample loss: 0.506  
Average acc: 0.862  
  waterbird_complete50 = 0, forest2water2 = 0  [n = 55]:	loss = 0.000  exp loss = 0.000  adjusted loss = 0.000  adv prob = 0.250000   acc = 1.000
  waterbird_complete50 = 0, forest2water2 = 1  [n = 51]:	loss = 0.013  exp loss = 0.012  adjusted loss = 0.012  adv prob = 0.250000   acc = 1.000
  waterbird_complete50 = 1, forest2water2 = 0  [n = 64]:	loss = 0.927  exp loss = 1.198  adjusted loss = 1.198  adv prob = 0.250000   acc = 0.734
  waterbird_complete50 = 1, forest2water2 = 1  [n = 55]:	loss = 0.862  exp loss = 0.913  adjusted loss = 0.913  adv prob = 0.250000   acc = 0.745

Validation:
Average incurred loss: 0.344  
Average sample loss: 0.339  
Average acc: 0.929  
  waterbird_complete50 = 0, forest2water2 = 0  [n = 465]:	loss = 0.000  exp loss = 0.000  adjusted loss = 0.000  adv prob = 0.250000   acc = 1.000
  waterbird_complete50 = 0, forest2water2 = 1  [n = 466]:	loss = 0.087  exp loss = 0.078  adjusted loss = 0.078  adv prob = 0.250000   acc = 0.983
  waterbird_complete50 = 1, forest2water2 = 0  [n = 134]:	loss = 2.383  exp loss = 2.908  adjusted loss = 2.908  adv prob = 0.250000   acc = 0.560
  waterbird_complete50 = 1, forest2water2 = 1  [n = 134]:	loss = 0.393  exp loss = 0.420  adjusted loss = 0.420  adv prob = 0.250000   acc = 0.866
Current lr: 0.000010
Current validation accuracy: 0.5597015023231506


Epoch [81]:
Training:
Average incurred loss: 0.469  
Average sample loss: 0.488  
Average acc: 0.893  
  waterbird_complete50 = 0, forest2water2 = 0  [n = 65]:	loss = 0.000  exp loss = 0.000  adjusted loss = 0.000  adv prob = 0.250000   acc = 1.000
  waterbird_complete50 = 0, forest2water2 = 1  [n = 41]:	loss = 0.008  exp loss = 0.010  adjusted loss = 0.010  adv prob = 0.250000   acc = 1.000
  waterbird_complete50 = 1, forest2water2 = 0  [n = 57]:	loss = 0.873  exp loss = 1.246  adjusted loss = 1.246  adv prob = 0.250000   acc = 0.842
  waterbird_complete50 = 1, forest2water2 = 1  [n = 62]:	loss = 0.896  exp loss = 0.878  adjusted loss = 0.878  adv prob = 0.250000   acc = 0.758

Validation:
Average incurred loss: 0.350  
Average sample loss: 0.345  
Average acc: 0.928  
  waterbird_complete50 = 0, forest2water2 = 0  [n = 465]:	loss = 0.000  exp loss = 0.000  adjusted loss = 0.000  adv prob = 0.250000   acc = 1.000
  waterbird_complete50 = 0, forest2water2 = 1  [n = 466]:	loss = 0.086  exp loss = 0.076  adjusted loss = 0.076  adv prob = 0.250000   acc = 0.983
  waterbird_complete50 = 1, forest2water2 = 0  [n = 134]:	loss = 2.433  exp loss = 2.979  adjusted loss = 2.979  adv prob = 0.250000   acc = 0.560
  waterbird_complete50 = 1, forest2water2 = 1  [n = 134]:	loss = 0.404  exp loss = 0.434  adjusted loss = 0.434  adv prob = 0.250000   acc = 0.858
Current lr: 0.000010
Current validation accuracy: 0.5597015023231506


Epoch [82]:
Training:
Average incurred loss: 0.489  
Average sample loss: 0.469  
Average acc: 0.867  
  waterbird_complete50 = 0, forest2water2 = 0  [n = 52]:	loss = 0.000  exp loss = 0.000  adjusted loss = 0.000  adv prob = 0.250000   acc = 1.000
  waterbird_complete50 = 0, forest2water2 = 1  [n = 58]:	loss = 0.021  exp loss = 0.014  adjusted loss = 0.014  adv prob = 0.250000   acc = 0.983
  waterbird_complete50 = 1, forest2water2 = 0  [n = 57]:	loss = 1.173  exp loss = 1.222  adjusted loss = 1.222  adv prob = 0.250000   acc = 0.719
  waterbird_complete50 = 1, forest2water2 = 1  [n = 58]:	loss = 0.724  exp loss = 0.776  adjusted loss = 0.776  adv prob = 0.250000   acc = 0.776

Validation:
Average incurred loss: 0.341  
Average sample loss: 0.337  
Average acc: 0.929  
  waterbird_complete50 = 0, forest2water2 = 0  [n = 465]:	loss = 0.000  exp loss = 0.000  adjusted loss = 0.000  adv prob = 0.250000   acc = 1.000
  waterbird_complete50 = 0, forest2water2 = 1  [n = 466]:	loss = 0.089  exp loss = 0.080  adjusted loss = 0.080  adv prob = 0.250000   acc = 0.983
  waterbird_complete50 = 1, forest2water2 = 0  [n = 134]:	loss = 2.369  exp loss = 2.894  adjusted loss = 2.894  adv prob = 0.250000   acc = 0.560
  waterbird_complete50 = 1, forest2water2 = 1  [n = 134]:	loss = 0.376  exp loss = 0.402  adjusted loss = 0.402  adv prob = 0.250000   acc = 0.866
Current lr: 0.000010
Current validation accuracy: 0.5597015023231506


Epoch [83]:
Training:
Average incurred loss: 0.301  
Average sample loss: 0.268  
Average acc: 0.902  
  waterbird_complete50 = 0, forest2water2 = 0  [n = 66]:	loss = 0.000  exp loss = 0.000  adjusted loss = 0.000  adv prob = 0.250000   acc = 1.000
  waterbird_complete50 = 0, forest2water2 = 1  [n = 50]:	loss = 0.048  exp loss = 0.027  adjusted loss = 0.027  adv prob = 0.250000   acc = 0.980
  waterbird_complete50 = 1, forest2water2 = 0  [n = 54]:	loss = 0.661  exp loss = 0.985  adjusted loss = 0.985  adv prob = 0.250000   acc = 0.833
  waterbird_complete50 = 1, forest2water2 = 1  [n = 55]:	loss = 0.537  exp loss = 0.667  adjusted loss = 0.667  adv prob = 0.250000   acc = 0.782

Validation:
Average incurred loss: 0.310  
Average sample loss: 0.305  
Average acc: 0.934  
  waterbird_complete50 = 0, forest2water2 = 0  [n = 465]:	loss = 0.000  exp loss = 0.000  adjusted loss = 0.000  adv prob = 0.250000   acc = 1.000
  waterbird_complete50 = 0, forest2water2 = 1  [n = 466]:	loss = 0.097  exp loss = 0.086  adjusted loss = 0.086  adv prob = 0.250000   acc = 0.983
  waterbird_complete50 = 1, forest2water2 = 0  [n = 134]:	loss = 2.114  exp loss = 2.616  adjusted loss = 2.616  adv prob = 0.250000   acc = 0.582
  waterbird_complete50 = 1, forest2water2 = 1  [n = 134]:	loss = 0.319  exp loss = 0.342  adjusted loss = 0.342  adv prob = 0.250000   acc = 0.888
Current lr: 0.000010
Current validation accuracy: 0.5820895433425903


Epoch [84]:
Training:
Average incurred loss: 0.274  
Average sample loss: 0.249  
Average acc: 0.916  
  waterbird_complete50 = 0, forest2water2 = 0  [n = 59]:	loss = 0.000  exp loss = 0.000  adjusted loss = 0.000  adv prob = 0.250000   acc = 1.000
  waterbird_complete50 = 0, forest2water2 = 1  [n = 61]:	loss = 0.022  exp loss = 0.024  adjusted loss = 0.024  adv prob = 0.250000   acc = 0.984
  waterbird_complete50 = 1, forest2water2 = 0  [n = 43]:	loss = 0.666  exp loss = 0.840  adjusted loss = 0.840  adv prob = 0.250000   acc = 0.860
  waterbird_complete50 = 1, forest2water2 = 1  [n = 62]:	loss = 0.511  exp loss = 0.574  adjusted loss = 0.574  adv prob = 0.250000   acc = 0.806

Validation:
Average incurred loss: 0.286  
Average sample loss: 0.282  
Average acc: 0.940  
  waterbird_complete50 = 0, forest2water2 = 0  [n = 465]:	loss = 0.000  exp loss = 0.000  adjusted loss = 0.000  adv prob = 0.250000   acc = 1.000
  waterbird_complete50 = 0, forest2water2 = 1  [n = 466]:	loss = 0.109  exp loss = 0.096  adjusted loss = 0.096  adv prob = 0.250000   acc = 0.979
  waterbird_complete50 = 1, forest2water2 = 0  [n = 134]:	loss = 1.915  exp loss = 2.372  adjusted loss = 2.372  adv prob = 0.250000   acc = 0.619
  waterbird_complete50 = 1, forest2water2 = 1  [n = 134]:	loss = 0.263  exp loss = 0.291  adjusted loss = 0.291  adv prob = 0.250000   acc = 0.918
Current lr: 0.000010
Current validation accuracy: 0.6194029450416565


Epoch [85]:
Training:
Average incurred loss: 0.522  
Average sample loss: 0.490  
Average acc: 0.876  
  waterbird_complete50 = 0, forest2water2 = 0  [n = 52]:	loss = 0.000  exp loss = 0.000  adjusted loss = 0.000  adv prob = 0.250000   acc = 1.000
  waterbird_complete50 = 0, forest2water2 = 1  [n = 51]:	loss = 0.016  exp loss = 0.023  adjusted loss = 0.023  adv prob = 0.250000   acc = 1.000
  waterbird_complete50 = 1, forest2water2 = 0  [n = 68]:	loss = 0.944  exp loss = 0.852  adjusted loss = 0.852  adv prob = 0.250000   acc = 0.779
  waterbird_complete50 = 1, forest2water2 = 1  [n = 54]:	loss = 0.969  exp loss = 0.682  adjusted loss = 0.682  adv prob = 0.250000   acc = 0.759

Validation:
Average incurred loss: 0.306  
Average sample loss: 0.301  
Average acc: 0.936  
  waterbird_complete50 = 0, forest2water2 = 0  [n = 465]:	loss = 0.000  exp loss = 0.000  adjusted loss = 0.000  adv prob = 0.250000   acc = 1.000
  waterbird_complete50 = 0, forest2water2 = 1  [n = 466]:	loss = 0.100  exp loss = 0.088  adjusted loss = 0.088  adv prob = 0.250000   acc = 0.983
  waterbird_complete50 = 1, forest2water2 = 0  [n = 134]:	loss = 2.080  exp loss = 2.577  adjusted loss = 2.577  adv prob = 0.250000   acc = 0.590
  waterbird_complete50 = 1, forest2water2 = 1  [n = 134]:	loss = 0.306  exp loss = 0.336  adjusted loss = 0.336  adv prob = 0.250000   acc = 0.896
Current lr: 0.000010
Current validation accuracy: 0.5895522236824036


Epoch [86]:
Training:
Average incurred loss: 0.423  
Average sample loss: 0.444  
Average acc: 0.867  
  waterbird_complete50 = 0, forest2water2 = 0  [n = 54]:	loss = 0.000  exp loss = 0.000  adjusted loss = 0.000  adv prob = 0.250000   acc = 1.000
  waterbird_complete50 = 0, forest2water2 = 1  [n = 55]:	loss = 0.024  exp loss = 0.022  adjusted loss = 0.022  adv prob = 0.250000   acc = 0.982
  waterbird_complete50 = 1, forest2water2 = 0  [n = 60]:	loss = 0.731  exp loss = 0.805  adjusted loss = 0.805  adv prob = 0.250000   acc = 0.800
  waterbird_complete50 = 1, forest2water2 = 1  [n = 56]:	loss = 0.893  exp loss = 0.766  adjusted loss = 0.766  adv prob = 0.250000   acc = 0.696

Validation:
Average incurred loss: 0.309  
Average sample loss: 0.305  
Average acc: 0.937  
  waterbird_complete50 = 0, forest2water2 = 0  [n = 465]:	loss = 0.000  exp loss = 0.000  adjusted loss = 0.000  adv prob = 0.250000   acc = 1.000
  waterbird_complete50 = 0, forest2water2 = 1  [n = 466]:	loss = 0.099  exp loss = 0.087  adjusted loss = 0.087  adv prob = 0.250000   acc = 0.983
  waterbird_complete50 = 1, forest2water2 = 0  [n = 134]:	loss = 2.105  exp loss = 2.613  adjusted loss = 2.613  adv prob = 0.250000   acc = 0.597
  waterbird_complete50 = 1, forest2water2 = 1  [n = 134]:	loss = 0.318  exp loss = 0.346  adjusted loss = 0.346  adv prob = 0.250000   acc = 0.903
Current lr: 0.000010
Current validation accuracy: 0.5970149040222168


Epoch [87]:
Training:
Average incurred loss: 0.484  
Average sample loss: 0.512  
Average acc: 0.849  
  waterbird_complete50 = 0, forest2water2 = 0  [n = 63]:	loss = 0.000  exp loss = 0.000  adjusted loss = 0.000  adv prob = 0.250000   acc = 1.000
  waterbird_complete50 = 0, forest2water2 = 1  [n = 46]:	loss = 0.036  exp loss = 0.024  adjusted loss = 0.024  adv prob = 0.250000   acc = 0.978
  waterbird_complete50 = 1, forest2water2 = 0  [n = 46]:	loss = 1.158  exp loss = 0.991  adjusted loss = 0.991  adv prob = 0.250000   acc = 0.674
  waterbird_complete50 = 1, forest2water2 = 1  [n = 70]:	loss = 0.770  exp loss = 0.775  adjusted loss = 0.775  adv prob = 0.250000   acc = 0.743

Validation:
Average incurred loss: 0.295  
Average sample loss: 0.291  
Average acc: 0.940  
  waterbird_complete50 = 0, forest2water2 = 0  [n = 465]:	loss = 0.000  exp loss = 0.000  adjusted loss = 0.000  adv prob = 0.250000   acc = 1.000
  waterbird_complete50 = 0, forest2water2 = 1  [n = 466]:	loss = 0.105  exp loss = 0.093  adjusted loss = 0.093  adv prob = 0.250000   acc = 0.981
  waterbird_complete50 = 1, forest2water2 = 0  [n = 134]:	loss = 1.993  exp loss = 2.463  adjusted loss = 2.463  adv prob = 0.250000   acc = 0.619
  waterbird_complete50 = 1, forest2water2 = 1  [n = 134]:	loss = 0.285  exp loss = 0.314  adjusted loss = 0.314  adv prob = 0.250000   acc = 0.910
Current lr: 0.000010
Current validation accuracy: 0.6194028854370117


Epoch [88]:
Training:
Average incurred loss: 0.410  
Average sample loss: 0.395  
Average acc: 0.884  
  waterbird_complete50 = 0, forest2water2 = 0  [n = 54]:	loss = 0.016  exp loss = 0.007  adjusted loss = 0.007  adv prob = 0.250000   acc = 0.981
  waterbird_complete50 = 0, forest2water2 = 1  [n = 61]:	loss = 0.020  exp loss = 0.022  adjusted loss = 0.022  adv prob = 0.250000   acc = 0.984
  waterbird_complete50 = 1, forest2water2 = 0  [n = 54]:	loss = 1.043  exp loss = 0.999  adjusted loss = 0.999  adv prob = 0.250000   acc = 0.722
  waterbird_complete50 = 1, forest2water2 = 1  [n = 56]:	loss = 0.607  exp loss = 0.662  adjusted loss = 0.662  adv prob = 0.250000   acc = 0.839

Validation:
Average incurred loss: 0.285  
Average sample loss: 0.281  
Average acc: 0.940  
  waterbird_complete50 = 0, forest2water2 = 0  [n = 465]:	loss = 0.000  exp loss = 0.000  adjusted loss = 0.000  adv prob = 0.250000   acc = 1.000
  waterbird_complete50 = 0, forest2water2 = 1  [n = 466]:	loss = 0.112  exp loss = 0.098  adjusted loss = 0.098  adv prob = 0.250000   acc = 0.976
  waterbird_complete50 = 1, forest2water2 = 0  [n = 134]:	loss = 1.897  exp loss = 2.350  adjusted loss = 2.350  adv prob = 0.250000   acc = 0.634
  waterbird_complete50 = 1, forest2water2 = 1  [n = 134]:	loss = 0.259  exp loss = 0.283  adjusted loss = 0.283  adv prob = 0.250000   acc = 0.910
Current lr: 0.000010
Current validation accuracy: 0.634328305721283


Epoch [89]:
Training:
Average incurred loss: 0.468  
Average sample loss: 0.698  
Average acc: 0.889  
  waterbird_complete50 = 0, forest2water2 = 0  [n = 56]:	loss = 0.000  exp loss = 0.004  adjusted loss = 0.004  adv prob = 0.250000   acc = 1.000
  waterbird_complete50 = 0, forest2water2 = 1  [n = 63]:	loss = 0.049  exp loss = 0.027  adjusted loss = 0.027  adv prob = 0.250000   acc = 0.984
  waterbird_complete50 = 1, forest2water2 = 0  [n = 44]:	loss = 1.220  exp loss = 1.141  adjusted loss = 1.141  adv prob = 0.250000   acc = 0.795
  waterbird_complete50 = 1, forest2water2 = 1  [n = 62]:	loss = 0.782  exp loss = 0.730  adjusted loss = 0.730  adv prob = 0.250000   acc = 0.758

Validation:
Average incurred loss: 0.306  
Average sample loss: 0.301  
Average acc: 0.938  
  waterbird_complete50 = 0, forest2water2 = 0  [n = 465]:	loss = 0.000  exp loss = 0.000  adjusted loss = 0.000  adv prob = 0.250000   acc = 1.000
  waterbird_complete50 = 0, forest2water2 = 1  [n = 466]:	loss = 0.100  exp loss = 0.088  adjusted loss = 0.088  adv prob = 0.250000   acc = 0.983
  waterbird_complete50 = 1, forest2water2 = 0  [n = 134]:	loss = 2.071  exp loss = 2.570  adjusted loss = 2.570  adv prob = 0.250000   acc = 0.604
  waterbird_complete50 = 1, forest2water2 = 1  [n = 134]:	loss = 0.316  exp loss = 0.339  adjusted loss = 0.339  adv prob = 0.250000   acc = 0.903
Current lr: 0.000010
Current validation accuracy: 0.60447758436203


Epoch [90]:
Training:
Average incurred loss: 0.422  
Average sample loss: 0.386  
Average acc: 0.889  
  waterbird_complete50 = 0, forest2water2 = 0  [n = 60]:	loss = 0.000  exp loss = 0.003  adjusted loss = 0.003  adv prob = 0.250000   acc = 1.000
  waterbird_complete50 = 0, forest2water2 = 1  [n = 56]:	loss = 0.008  exp loss = 0.020  adjusted loss = 0.020  adv prob = 0.250000   acc = 1.000
  waterbird_complete50 = 1, forest2water2 = 0  [n = 54]:	loss = 1.272  exp loss = 1.098  adjusted loss = 1.098  adv prob = 0.250000   acc = 0.722
  waterbird_complete50 = 1, forest2water2 = 1  [n = 55]:	loss = 0.470  exp loss = 0.643  adjusted loss = 0.643  adv prob = 0.250000   acc = 0.818

Validation:
Average incurred loss: 0.300  
Average sample loss: 0.296  
Average acc: 0.939  
  waterbird_complete50 = 0, forest2water2 = 0  [n = 465]:	loss = 0.000  exp loss = 0.000  adjusted loss = 0.000  adv prob = 0.250000   acc = 1.000
  waterbird_complete50 = 0, forest2water2 = 1  [n = 466]:	loss = 0.103  exp loss = 0.090  adjusted loss = 0.090  adv prob = 0.250000   acc = 0.981
  waterbird_complete50 = 1, forest2water2 = 0  [n = 134]:	loss = 2.029  exp loss = 2.511  adjusted loss = 2.511  adv prob = 0.250000   acc = 0.612
  waterbird_complete50 = 1, forest2water2 = 1  [n = 134]:	loss = 0.299  exp loss = 0.324  adjusted loss = 0.324  adv prob = 0.250000   acc = 0.910
Current lr: 0.000010
Current validation accuracy: 0.6119402050971985


Epoch [91]:
Training:
Average incurred loss: 0.453  
Average sample loss: 0.455  
Average acc: 0.867  
  waterbird_complete50 = 0, forest2water2 = 0  [n = 58]:	loss = 0.000  exp loss = 0.002  adjusted loss = 0.002  adv prob = 0.250000   acc = 1.000
  waterbird_complete50 = 0, forest2water2 = 1  [n = 55]:	loss = 0.041  exp loss = 0.024  adjusted loss = 0.024  adv prob = 0.250000   acc = 0.982
  waterbird_complete50 = 1, forest2water2 = 0  [n = 54]:	loss = 1.236  exp loss = 1.082  adjusted loss = 1.082  adv prob = 0.250000   acc = 0.685
  waterbird_complete50 = 1, forest2water2 = 1  [n = 58]:	loss = 0.568  exp loss = 0.629  adjusted loss = 0.629  adv prob = 0.250000   acc = 0.793

Validation:
Average incurred loss: 0.294  
Average sample loss: 0.290  
Average acc: 0.940  
  waterbird_complete50 = 0, forest2water2 = 0  [n = 465]:	loss = 0.000  exp loss = 0.000  adjusted loss = 0.000  adv prob = 0.250000   acc = 1.000
  waterbird_complete50 = 0, forest2water2 = 1  [n = 466]:	loss = 0.105  exp loss = 0.092  adjusted loss = 0.092  adv prob = 0.250000   acc = 0.981
  waterbird_complete50 = 1, forest2water2 = 0  [n = 134]:	loss = 1.982  exp loss = 2.459  adjusted loss = 2.459  adv prob = 0.250000   acc = 0.619
  waterbird_complete50 = 1, forest2water2 = 1  [n = 134]:	loss = 0.283  exp loss = 0.308  adjusted loss = 0.308  adv prob = 0.250000   acc = 0.910
Current lr: 0.000010
Current validation accuracy: 0.6194028854370117


Epoch [92]:
Training:
Average incurred loss: 0.392  
Average sample loss: 0.403  
Average acc: 0.858  
  waterbird_complete50 = 0, forest2water2 = 0  [n = 59]:	loss = 0.000  exp loss = 0.001  adjusted loss = 0.001  adv prob = 0.250000   acc = 1.000
  waterbird_complete50 = 0, forest2water2 = 1  [n = 44]:	loss = 0.047  exp loss = 0.030  adjusted loss = 0.030  adv prob = 0.250000   acc = 0.977
  waterbird_complete50 = 1, forest2water2 = 0  [n = 61]:	loss = 0.418  exp loss = 0.852  adjusted loss = 0.852  adv prob = 0.250000   acc = 0.820
  waterbird_complete50 = 1, forest2water2 = 1  [n = 61]:	loss = 0.993  exp loss = 0.792  adjusted loss = 0.792  adv prob = 0.250000   acc = 0.672

Validation:
Average incurred loss: 0.287  
Average sample loss: 0.283  
Average acc: 0.942  
  waterbird_complete50 = 0, forest2water2 = 0  [n = 465]:	loss = 0.000  exp loss = 0.000  adjusted loss = 0.000  adv prob = 0.250000   acc = 1.000
  waterbird_complete50 = 0, forest2water2 = 1  [n = 466]:	loss = 0.110  exp loss = 0.096  adjusted loss = 0.096  adv prob = 0.250000   acc = 0.981
  waterbird_complete50 = 1, forest2water2 = 0  [n = 134]:	loss = 1.921  exp loss = 2.383  adjusted loss = 2.383  adv prob = 0.250000   acc = 0.634
  waterbird_complete50 = 1, forest2water2 = 1  [n = 134]:	loss = 0.263  exp loss = 0.289  adjusted loss = 0.289  adv prob = 0.250000   acc = 0.910
Current lr: 0.000010
Current validation accuracy: 0.634328305721283


Epoch [93]:
Training:
Average incurred loss: 0.298  
Average sample loss: 0.329  
Average acc: 0.902  
  waterbird_complete50 = 0, forest2water2 = 0  [n = 52]:	loss = 0.000  exp loss = 0.001  adjusted loss = 0.001  adv prob = 0.250000   acc = 1.000
  waterbird_complete50 = 0, forest2water2 = 1  [n = 65]:	loss = 0.021  exp loss = 0.025  adjusted loss = 0.025  adv prob = 0.250000   acc = 1.000
  waterbird_complete50 = 1, forest2water2 = 0  [n = 63]:	loss = 0.695  exp loss = 0.801  adjusted loss = 0.801  adv prob = 0.250000   acc = 0.810
  waterbird_complete50 = 1, forest2water2 = 1  [n = 45]:	loss = 0.486  exp loss = 0.715  adjusted loss = 0.715  adv prob = 0.250000   acc = 0.778

Validation:
Average incurred loss: 0.282  
Average sample loss: 0.278  
Average acc: 0.941  
  waterbird_complete50 = 0, forest2water2 = 0  [n = 465]:	loss = 0.000  exp loss = 0.000  adjusted loss = 0.000  adv prob = 0.250000   acc = 1.000
  waterbird_complete50 = 0, forest2water2 = 1  [n = 466]:	loss = 0.118  exp loss = 0.103  adjusted loss = 0.103  adv prob = 0.250000   acc = 0.976
  waterbird_complete50 = 1, forest2water2 = 0  [n = 134]:	loss = 1.868  exp loss = 2.313  adjusted loss = 2.313  adv prob = 0.250000   acc = 0.627
  waterbird_complete50 = 1, forest2water2 = 1  [n = 134]:	loss = 0.247  exp loss = 0.269  adjusted loss = 0.269  adv prob = 0.250000   acc = 0.925
Current lr: 0.000010
Current validation accuracy: 0.6268656253814697


Epoch [94]:
Training:
Average incurred loss: 0.512  
Average sample loss: 0.474  
Average acc: 0.867  
  waterbird_complete50 = 0, forest2water2 = 0  [n = 46]:	loss = 0.000  exp loss = 0.001  adjusted loss = 0.001  adv prob = 0.250000   acc = 1.000
  waterbird_complete50 = 0, forest2water2 = 1  [n = 68]:	loss = 0.041  exp loss = 0.035  adjusted loss = 0.035  adv prob = 0.250000   acc = 0.985
  waterbird_complete50 = 1, forest2water2 = 0  [n = 56]:	loss = 0.956  exp loss = 0.832  adjusted loss = 0.832  adv prob = 0.250000   acc = 0.750
  waterbird_complete50 = 1, forest2water2 = 1  [n = 55]:	loss = 1.069  exp loss = 0.741  adjusted loss = 0.741  adv prob = 0.250000   acc = 0.727

Validation:
Average incurred loss: 0.277  
Average sample loss: 0.273  
Average acc: 0.941  
  waterbird_complete50 = 0, forest2water2 = 0  [n = 465]:	loss = 0.000  exp loss = 0.000  adjusted loss = 0.000  adv prob = 0.250000   acc = 1.000
  waterbird_complete50 = 0, forest2water2 = 1  [n = 466]:	loss = 0.117  exp loss = 0.102  adjusted loss = 0.102  adv prob = 0.250000   acc = 0.972
  waterbird_complete50 = 1, forest2water2 = 0  [n = 134]:	loss = 1.824  exp loss = 2.267  adjusted loss = 2.267  adv prob = 0.250000   acc = 0.642
  waterbird_complete50 = 1, forest2water2 = 1  [n = 134]:	loss = 0.248  exp loss = 0.273  adjusted loss = 0.273  adv prob = 0.250000   acc = 0.925
Current lr: 0.000010
Current validation accuracy: 0.6417909860610962


Epoch [95]:
Training:
Average incurred loss: 0.394  
Average sample loss: 0.352  
Average acc: 0.889  
  waterbird_complete50 = 0, forest2water2 = 0  [n = 60]:	loss = 0.000  exp loss = 0.000  adjusted loss = 0.000  adv prob = 0.250000   acc = 1.000
  waterbird_complete50 = 0, forest2water2 = 1  [n = 56]:	loss = 0.017  exp loss = 0.029  adjusted loss = 0.029  adv prob = 0.250000   acc = 1.000
  waterbird_complete50 = 1, forest2water2 = 0  [n = 54]:	loss = 1.332  exp loss = 0.921  adjusted loss = 0.921  adv prob = 0.250000   acc = 0.648
  waterbird_complete50 = 1, forest2water2 = 1  [n = 55]:	loss = 0.285  exp loss = 0.563  adjusted loss = 0.563  adv prob = 0.250000   acc = 0.891

Validation:
Average incurred loss: 0.270  
Average sample loss: 0.266  
Average acc: 0.942  
  waterbird_complete50 = 0, forest2water2 = 0  [n = 465]:	loss = 0.000  exp loss = 0.000  adjusted loss = 0.000  adv prob = 0.250000   acc = 1.000
  waterbird_complete50 = 0, forest2water2 = 1  [n = 466]:	loss = 0.121  exp loss = 0.105  adjusted loss = 0.105  adv prob = 0.250000   acc = 0.972
  waterbird_complete50 = 1, forest2water2 = 0  [n = 134]:	loss = 1.766  exp loss = 2.210  adjusted loss = 2.210  adv prob = 0.250000   acc = 0.649
  waterbird_complete50 = 1, forest2water2 = 1  [n = 134]:	loss = 0.227  exp loss = 0.257  adjusted loss = 0.257  adv prob = 0.250000   acc = 0.925
Current lr: 0.000010
Current validation accuracy: 0.6492536664009094


Epoch [96]:
Training:
Average incurred loss: 0.408  
Average sample loss: 0.434  
Average acc: 0.880  
  waterbird_complete50 = 0, forest2water2 = 0  [n = 49]:	loss = 0.000  exp loss = 0.000  adjusted loss = 0.000  adv prob = 0.250000   acc = 1.000
  waterbird_complete50 = 0, forest2water2 = 1  [n = 59]:	loss = 0.020  exp loss = 0.024  adjusted loss = 0.024  adv prob = 0.250000   acc = 1.000
  waterbird_complete50 = 1, forest2water2 = 0  [n = 59]:	loss = 0.813  exp loss = 0.864  adjusted loss = 0.864  adv prob = 0.250000   acc = 0.797
  waterbird_complete50 = 1, forest2water2 = 1  [n = 58]:	loss = 0.735  exp loss = 0.644  adjusted loss = 0.644  adv prob = 0.250000   acc = 0.741

Validation:
Average incurred loss: 0.274  
Average sample loss: 0.270  
Average acc: 0.940  
  waterbird_complete50 = 0, forest2water2 = 0  [n = 465]:	loss = 0.000  exp loss = 0.000  adjusted loss = 0.000  adv prob = 0.250000   acc = 1.000
  waterbird_complete50 = 0, forest2water2 = 1  [n = 466]:	loss = 0.117  exp loss = 0.102  adjusted loss = 0.102  adv prob = 0.250000   acc = 0.972
  waterbird_complete50 = 1, forest2water2 = 0  [n = 134]:	loss = 1.808  exp loss = 2.259  adjusted loss = 2.259  adv prob = 0.250000   acc = 0.634
  waterbird_complete50 = 1, forest2water2 = 1  [n = 134]:	loss = 0.237  exp loss = 0.268  adjusted loss = 0.268  adv prob = 0.250000   acc = 0.925
Current lr: 0.000010
Current validation accuracy: 0.634328305721283


Epoch [97]:
Training:
Average incurred loss: 0.355  
Average sample loss: 0.338  
Average acc: 0.893  
  waterbird_complete50 = 0, forest2water2 = 0  [n = 51]:	loss = 0.001  exp loss = 0.001  adjusted loss = 0.001  adv prob = 0.250000   acc = 1.000
  waterbird_complete50 = 0, forest2water2 = 1  [n = 61]:	loss = 0.030  exp loss = 0.030  adjusted loss = 0.030  adv prob = 0.250000   acc = 0.984
  waterbird_complete50 = 1, forest2water2 = 0  [n = 59]:	loss = 0.617  exp loss = 0.764  adjusted loss = 0.764  adv prob = 0.250000   acc = 0.814
  waterbird_complete50 = 1, forest2water2 = 1  [n = 54]:	loss = 0.771  exp loss = 0.656  adjusted loss = 0.656  adv prob = 0.250000   acc = 0.778

Validation:
Average incurred loss: 0.271  
Average sample loss: 0.267  
Average acc: 0.941  
  waterbird_complete50 = 0, forest2water2 = 0  [n = 465]:	loss = 0.000  exp loss = 0.000  adjusted loss = 0.000  adv prob = 0.250000   acc = 1.000
  waterbird_complete50 = 0, forest2water2 = 1  [n = 466]:	loss = 0.118  exp loss = 0.103  adjusted loss = 0.103  adv prob = 0.250000   acc = 0.972
  waterbird_complete50 = 1, forest2water2 = 0  [n = 134]:	loss = 1.781  exp loss = 2.237  adjusted loss = 2.237  adv prob = 0.250000   acc = 0.642
  waterbird_complete50 = 1, forest2water2 = 1  [n = 134]:	loss = 0.233  exp loss = 0.261  adjusted loss = 0.261  adv prob = 0.250000   acc = 0.925
Current lr: 0.000010
Current validation accuracy: 0.6417909860610962


Epoch [98]:
Training:
Average incurred loss: 0.346  
Average sample loss: 0.377  
Average acc: 0.893  
  waterbird_complete50 = 0, forest2water2 = 0  [n = 47]:	loss = 0.000  exp loss = 0.000  adjusted loss = 0.000  adv prob = 0.250000   acc = 1.000
  waterbird_complete50 = 0, forest2water2 = 1  [n = 70]:	loss = 0.026  exp loss = 0.026  adjusted loss = 0.026  adv prob = 0.250000   acc = 0.986
  waterbird_complete50 = 1, forest2water2 = 0  [n = 55]:	loss = 0.742  exp loss = 0.801  adjusted loss = 0.801  adv prob = 0.250000   acc = 0.782
  waterbird_complete50 = 1, forest2water2 = 1  [n = 53]:	loss = 0.664  exp loss = 0.642  adjusted loss = 0.642  adv prob = 0.250000   acc = 0.792

Validation:
Average incurred loss: 0.283  
Average sample loss: 0.279  
Average acc: 0.937  
  waterbird_complete50 = 0, forest2water2 = 0  [n = 465]:	loss = 0.000  exp loss = 0.000  adjusted loss = 0.000  adv prob = 0.250000   acc = 1.000
  waterbird_complete50 = 0, forest2water2 = 1  [n = 466]:	loss = 0.113  exp loss = 0.099  adjusted loss = 0.099  adv prob = 0.250000   acc = 0.974
  waterbird_complete50 = 1, forest2water2 = 0  [n = 134]:	loss = 1.877  exp loss = 2.335  adjusted loss = 2.335  adv prob = 0.250000   acc = 0.619
  waterbird_complete50 = 1, forest2water2 = 1  [n = 134]:	loss = 0.257  exp loss = 0.285  adjusted loss = 0.285  adv prob = 0.250000   acc = 0.910
Current lr: 0.000010
Current validation accuracy: 0.6194028854370117


Epoch [99]:
Training:
Average incurred loss: 0.513  
Average sample loss: 0.506  
Average acc: 0.862  
  waterbird_complete50 = 0, forest2water2 = 0  [n = 58]:	loss = 0.000  exp loss = 0.000  adjusted loss = 0.000  adv prob = 0.250000   acc = 1.000
  waterbird_complete50 = 0, forest2water2 = 1  [n = 47]:	loss = 0.005  exp loss = 0.019  adjusted loss = 0.019  adv prob = 0.250000   acc = 1.000
  waterbird_complete50 = 1, forest2water2 = 0  [n = 61]:	loss = 1.185  exp loss = 0.909  adjusted loss = 0.909  adv prob = 0.250000   acc = 0.721
  waterbird_complete50 = 1, forest2water2 = 1  [n = 59]:	loss = 0.727  exp loss = 0.654  adjusted loss = 0.654  adv prob = 0.250000   acc = 0.763

Validation:
Average incurred loss: 0.283  
Average sample loss: 0.279  
Average acc: 0.939  
  waterbird_complete50 = 0, forest2water2 = 0  [n = 465]:	loss = 0.000  exp loss = 0.000  adjusted loss = 0.000  adv prob = 0.250000   acc = 1.000
  waterbird_complete50 = 0, forest2water2 = 1  [n = 466]:	loss = 0.110  exp loss = 0.097  adjusted loss = 0.097  adv prob = 0.250000   acc = 0.976
  waterbird_complete50 = 1, forest2water2 = 0  [n = 134]:	loss = 1.889  exp loss = 2.360  adjusted loss = 2.360  adv prob = 0.250000   acc = 0.619
  waterbird_complete50 = 1, forest2water2 = 1  [n = 134]:	loss = 0.261  exp loss = 0.293  adjusted loss = 0.293  adv prob = 0.250000   acc = 0.918
Current lr: 0.000010
Current validation accuracy: 0.6194028854370117


Epoch [100]:
Training:
Average incurred loss: 0.453  
Average sample loss: 0.436  
Average acc: 0.876  
  waterbird_complete50 = 0, forest2water2 = 0  [n = 53]:	loss = 0.000  exp loss = 0.000  adjusted loss = 0.000  adv prob = 0.250000   acc = 1.000
  waterbird_complete50 = 0, forest2water2 = 1  [n = 60]:	loss = 0.087  exp loss = 0.044  adjusted loss = 0.044  adv prob = 0.250000   acc = 0.917
  waterbird_complete50 = 1, forest2water2 = 0  [n = 55]:	loss = 1.159  exp loss = 0.981  adjusted loss = 0.981  adv prob = 0.250000   acc = 0.745
  waterbird_complete50 = 1, forest2water2 = 1  [n = 57]:	loss = 0.577  exp loss = 0.605  adjusted loss = 0.605  adv prob = 0.250000   acc = 0.842

Validation:
Average incurred loss: 0.274  
Average sample loss: 0.270  
Average acc: 0.940  
  waterbird_complete50 = 0, forest2water2 = 0  [n = 465]:	loss = 0.000  exp loss = 0.000  adjusted loss = 0.000  adv prob = 0.250000   acc = 1.000
  waterbird_complete50 = 0, forest2water2 = 1  [n = 466]:	loss = 0.112  exp loss = 0.098  adjusted loss = 0.098  adv prob = 0.250000   acc = 0.976
  waterbird_complete50 = 1, forest2water2 = 0  [n = 134]:	loss = 1.812  exp loss = 2.271  adjusted loss = 2.271  adv prob = 0.250000   acc = 0.634
  waterbird_complete50 = 1, forest2water2 = 1  [n = 134]:	loss = 0.245  exp loss = 0.277  adjusted loss = 0.277  adv prob = 0.250000   acc = 0.910
Current lr: 0.000010
Current validation accuracy: 0.634328305721283


Epoch [101]:
Training:
Average incurred loss: 0.382  
Average sample loss: 0.426  
Average acc: 0.893  
  waterbird_complete50 = 0, forest2water2 = 0  [n = 52]:	loss = 0.003  exp loss = 0.001  adjusted loss = 0.001  adv prob = 0.250000   acc = 1.000
  waterbird_complete50 = 0, forest2water2 = 1  [n = 66]:	loss = 0.028  exp loss = 0.036  adjusted loss = 0.036  adv prob = 0.250000   acc = 1.000
  waterbird_complete50 = 1, forest2water2 = 0  [n = 61]:	loss = 0.822  exp loss = 0.992  adjusted loss = 0.992  adv prob = 0.250000   acc = 0.754
  waterbird_complete50 = 1, forest2water2 = 1  [n = 46]:	loss = 0.736  exp loss = 0.642  adjusted loss = 0.642  adv prob = 0.250000   acc = 0.804

Validation:
Average incurred loss: 0.268  
Average sample loss: 0.264  
Average acc: 0.942  
  waterbird_complete50 = 0, forest2water2 = 0  [n = 465]:	loss = 0.000  exp loss = 0.000  adjusted loss = 0.000  adv prob = 0.250000   acc = 1.000
  waterbird_complete50 = 0, forest2water2 = 1  [n = 466]:	loss = 0.119  exp loss = 0.105  adjusted loss = 0.105  adv prob = 0.250000   acc = 0.974
  waterbird_complete50 = 1, forest2water2 = 0  [n = 134]:	loss = 1.758  exp loss = 2.204  adjusted loss = 2.204  adv prob = 0.250000   acc = 0.642
  waterbird_complete50 = 1, forest2water2 = 1  [n = 134]:	loss = 0.224  exp loss = 0.253  adjusted loss = 0.253  adv prob = 0.250000   acc = 0.925
Current lr: 0.000010
Current validation accuracy: 0.6417909860610962


Epoch [102]:
Training:
Average incurred loss: 0.231  
Average sample loss: 0.204  
Average acc: 0.929  
  waterbird_complete50 = 0, forest2water2 = 0  [n = 64]:	loss = 0.000  exp loss = 0.001  adjusted loss = 0.001  adv prob = 0.250000   acc = 1.000
  waterbird_complete50 = 0, forest2water2 = 1  [n = 53]:	loss = 0.032  exp loss = 0.032  adjusted loss = 0.032  adv prob = 0.250000   acc = 0.981
  waterbird_complete50 = 1, forest2water2 = 0  [n = 56]:	loss = 0.684  exp loss = 0.855  adjusted loss = 0.855  adv prob = 0.250000   acc = 0.821
  waterbird_complete50 = 1, forest2water2 = 1  [n = 52]:	loss = 0.232  exp loss = 0.483  adjusted loss = 0.483  adv prob = 0.250000   acc = 0.904

Validation:
Average incurred loss: 0.276  
Average sample loss: 0.272  
Average acc: 0.940  
  waterbird_complete50 = 0, forest2water2 = 0  [n = 465]:	loss = 0.000  exp loss = 0.000  adjusted loss = 0.000  adv prob = 0.250000   acc = 1.000
  waterbird_complete50 = 0, forest2water2 = 1  [n = 466]:	loss = 0.116  exp loss = 0.102  adjusted loss = 0.102  adv prob = 0.250000   acc = 0.974
  waterbird_complete50 = 1, forest2water2 = 0  [n = 134]:	loss = 1.821  exp loss = 2.267  adjusted loss = 2.267  adv prob = 0.250000   acc = 0.634
  waterbird_complete50 = 1, forest2water2 = 1  [n = 134]:	loss = 0.242  exp loss = 0.272  adjusted loss = 0.272  adv prob = 0.250000   acc = 0.918
Current lr: 0.000010
Current validation accuracy: 0.634328305721283


Epoch [103]:
Training:
Average incurred loss: 0.578  
Average sample loss: 0.610  
Average acc: 0.867  
  waterbird_complete50 = 0, forest2water2 = 0  [n = 46]:	loss = 0.000  exp loss = 0.000  adjusted loss = 0.000  adv prob = 0.250000   acc = 1.000
  waterbird_complete50 = 0, forest2water2 = 1  [n = 55]:	loss = 0.004  exp loss = 0.022  adjusted loss = 0.022  adv prob = 0.250000   acc = 1.000
  waterbird_complete50 = 1, forest2water2 = 0  [n = 61]:	loss = 1.392  exp loss = 1.060  adjusted loss = 1.060  adv prob = 0.250000   acc = 0.738
  waterbird_complete50 = 1, forest2water2 = 1  [n = 63]:	loss = 0.712  exp loss = 0.551  adjusted loss = 0.551  adv prob = 0.250000   acc = 0.778

Validation:
Average incurred loss: 0.292  
Average sample loss: 0.288  
Average acc: 0.937  
  waterbird_complete50 = 0, forest2water2 = 0  [n = 465]:	loss = 0.000  exp loss = 0.000  adjusted loss = 0.000  adv prob = 0.250000   acc = 1.000
  waterbird_complete50 = 0, forest2water2 = 1  [n = 466]:	loss = 0.105  exp loss = 0.093  adjusted loss = 0.093  adv prob = 0.250000   acc = 0.976
  waterbird_complete50 = 1, forest2water2 = 0  [n = 134]:	loss = 1.960  exp loss = 2.440  adjusted loss = 2.440  adv prob = 0.250000   acc = 0.619
  waterbird_complete50 = 1, forest2water2 = 1  [n = 134]:	loss = 0.283  exp loss = 0.318  adjusted loss = 0.318  adv prob = 0.250000   acc = 0.903
Current lr: 0.000010
Current validation accuracy: 0.6194028854370117


Epoch [104]:
Training:
Average incurred loss: 0.344  
Average sample loss: 0.368  
Average acc: 0.898  
  waterbird_complete50 = 0, forest2water2 = 0  [n = 63]:	loss = 0.000  exp loss = 0.000  adjusted loss = 0.000  adv prob = 0.250000   acc = 1.000
  waterbird_complete50 = 0, forest2water2 = 1  [n = 53]:	loss = 0.045  exp loss = 0.035  adjusted loss = 0.035  adv prob = 0.250000   acc = 0.981
  waterbird_complete50 = 1, forest2water2 = 0  [n = 57]:	loss = 0.902  exp loss = 1.047  adjusted loss = 1.047  adv prob = 0.250000   acc = 0.737
  waterbird_complete50 = 1, forest2water2 = 1  [n = 52]:	loss = 0.454  exp loss = 0.475  adjusted loss = 0.475  adv prob = 0.250000   acc = 0.865

Validation:
Average incurred loss: 0.278  
Average sample loss: 0.274  
Average acc: 0.939  
  waterbird_complete50 = 0, forest2water2 = 0  [n = 465]:	loss = 0.000  exp loss = 0.000  adjusted loss = 0.000  adv prob = 0.250000   acc = 1.000
  waterbird_complete50 = 0, forest2water2 = 1  [n = 466]:	loss = 0.113  exp loss = 0.099  adjusted loss = 0.099  adv prob = 0.250000   acc = 0.974
  waterbird_complete50 = 1, forest2water2 = 0  [n = 134]:	loss = 1.850  exp loss = 2.285  adjusted loss = 2.285  adv prob = 0.250000   acc = 0.627
  waterbird_complete50 = 1, forest2water2 = 1  [n = 134]:	loss = 0.242  exp loss = 0.274  adjusted loss = 0.274  adv prob = 0.250000   acc = 0.918
Current lr: 0.000010
Current validation accuracy: 0.626865565776825


Epoch [105]:
Training:
Average incurred loss: 0.534  
Average sample loss: 0.501  
Average acc: 0.853  
  waterbird_complete50 = 0, forest2water2 = 0  [n = 41]:	loss = 0.000  exp loss = 0.000  adjusted loss = 0.000  adv prob = 0.250000   acc = 1.000
  waterbird_complete50 = 0, forest2water2 = 1  [n = 61]:	loss = 0.017  exp loss = 0.027  adjusted loss = 0.027  adv prob = 0.250000   acc = 1.000
  waterbird_complete50 = 1, forest2water2 = 0  [n = 63]:	loss = 1.228  exp loss = 1.075  adjusted loss = 1.075  adv prob = 0.250000   acc = 0.730
  waterbird_complete50 = 1, forest2water2 = 1  [n = 60]:	loss = 0.697  exp loss = 0.530  adjusted loss = 0.530  adv prob = 0.250000   acc = 0.733

Validation:
Average incurred loss: 0.287  
Average sample loss: 0.283  
Average acc: 0.937  
  waterbird_complete50 = 0, forest2water2 = 0  [n = 465]:	loss = 0.000  exp loss = 0.000  adjusted loss = 0.000  adv prob = 0.250000   acc = 1.000
  waterbird_complete50 = 0, forest2water2 = 1  [n = 466]:	loss = 0.108  exp loss = 0.095  adjusted loss = 0.095  adv prob = 0.250000   acc = 0.976
  waterbird_complete50 = 1, forest2water2 = 0  [n = 134]:	loss = 1.930  exp loss = 2.379  adjusted loss = 2.379  adv prob = 0.250000   acc = 0.612
  waterbird_complete50 = 1, forest2water2 = 1  [n = 134]:	loss = 0.262  exp loss = 0.291  adjusted loss = 0.291  adv prob = 0.250000   acc = 0.903
Current lr: 0.000010
Current validation accuracy: 0.6119402647018433


Epoch [106]:
Training:
Average incurred loss: 0.295  
Average sample loss: 0.277  
Average acc: 0.902  
  waterbird_complete50 = 0, forest2water2 = 0  [n = 55]:	loss = 0.000  exp loss = 0.000  adjusted loss = 0.000  adv prob = 0.250000   acc = 1.000
  waterbird_complete50 = 0, forest2water2 = 1  [n = 62]:	loss = 0.018  exp loss = 0.027  adjusted loss = 0.027  adv prob = 0.250000   acc = 0.984
  waterbird_complete50 = 1, forest2water2 = 0  [n = 61]:	loss = 0.746  exp loss = 0.940  adjusted loss = 0.940  adv prob = 0.250000   acc = 0.803
  waterbird_complete50 = 1, forest2water2 = 1  [n = 47]:	loss = 0.421  exp loss = 0.454  adjusted loss = 0.454  adv prob = 0.250000   acc = 0.809

Validation:
Average incurred loss: 0.281  
Average sample loss: 0.277  
Average acc: 0.937  
  waterbird_complete50 = 0, forest2water2 = 0  [n = 465]:	loss = 0.000  exp loss = 0.000  adjusted loss = 0.000  adv prob = 0.250000   acc = 1.000
  waterbird_complete50 = 0, forest2water2 = 1  [n = 466]:	loss = 0.116  exp loss = 0.101  adjusted loss = 0.101  adv prob = 0.250000   acc = 0.974
  waterbird_complete50 = 1, forest2water2 = 0  [n = 134]:	loss = 1.869  exp loss = 2.288  adjusted loss = 2.288  adv prob = 0.250000   acc = 0.612
  waterbird_complete50 = 1, forest2water2 = 1  [n = 134]:	loss = 0.239  exp loss = 0.268  adjusted loss = 0.268  adv prob = 0.250000   acc = 0.918
Current lr: 0.000010
Current validation accuracy: 0.6119402647018433


Epoch [107]:
Training:
Average incurred loss: 0.228  
Average sample loss: 0.264  
Average acc: 0.916  
  waterbird_complete50 = 0, forest2water2 = 0  [n = 61]:	loss = 0.000  exp loss = 0.000  adjusted loss = 0.000  adv prob = 0.250000   acc = 1.000
  waterbird_complete50 = 0, forest2water2 = 1  [n = 53]:	loss = 0.072  exp loss = 0.036  adjusted loss = 0.036  adv prob = 0.250000   acc = 0.962
  waterbird_complete50 = 1, forest2water2 = 0  [n = 60]:	loss = 0.647  exp loss = 0.853  adjusted loss = 0.853  adv prob = 0.250000   acc = 0.800
  waterbird_complete50 = 1, forest2water2 = 1  [n = 51]:	loss = 0.172  exp loss = 0.380  adjusted loss = 0.380  adv prob = 0.250000   acc = 0.902

Validation:
Average incurred loss: 0.272  
Average sample loss: 0.268  
Average acc: 0.940  
  waterbird_complete50 = 0, forest2water2 = 0  [n = 465]:	loss = 0.000  exp loss = 0.000  adjusted loss = 0.000  adv prob = 0.250000   acc = 1.000
  waterbird_complete50 = 0, forest2water2 = 1  [n = 466]:	loss = 0.121  exp loss = 0.105  adjusted loss = 0.105  adv prob = 0.250000   acc = 0.974
  waterbird_complete50 = 1, forest2water2 = 0  [n = 134]:	loss = 1.790  exp loss = 2.194  adjusted loss = 2.194  adv prob = 0.250000   acc = 0.627
  waterbird_complete50 = 1, forest2water2 = 1  [n = 134]:	loss = 0.221  exp loss = 0.246  adjusted loss = 0.246  adv prob = 0.250000   acc = 0.925
Current lr: 0.000010
Current validation accuracy: 0.626865565776825


Epoch [108]:
Training:
Average incurred loss: 0.295  
Average sample loss: 0.274  
Average acc: 0.907  
  waterbird_complete50 = 0, forest2water2 = 0  [n = 58]:	loss = 0.000  exp loss = 0.000  adjusted loss = 0.000  adv prob = 0.250000   acc = 1.000
  waterbird_complete50 = 0, forest2water2 = 1  [n = 59]:	loss = 0.056  exp loss = 0.037  adjusted loss = 0.037  adv prob = 0.250000   acc = 0.949
  waterbird_complete50 = 1, forest2water2 = 0  [n = 58]:	loss = 0.693  exp loss = 0.810  adjusted loss = 0.810  adv prob = 0.250000   acc = 0.828
  waterbird_complete50 = 1, forest2water2 = 1  [n = 50]:	loss = 0.457  exp loss = 0.366  adjusted loss = 0.366  adv prob = 0.250000   acc = 0.840

Validation:
Average incurred loss: 0.259  
Average sample loss: 0.256  
Average acc: 0.941  
  waterbird_complete50 = 0, forest2water2 = 0  [n = 465]:	loss = 0.001  exp loss = 0.000  adjusted loss = 0.000  adv prob = 0.250000   acc = 1.000
  waterbird_complete50 = 0, forest2water2 = 1  [n = 466]:	loss = 0.127  exp loss = 0.110  adjusted loss = 0.110  adv prob = 0.250000   acc = 0.972
  waterbird_complete50 = 1, forest2water2 = 0  [n = 134]:	loss = 1.674  exp loss = 2.074  adjusted loss = 2.074  adv prob = 0.250000   acc = 0.642
  waterbird_complete50 = 1, forest2water2 = 1  [n = 134]:	loss = 0.200  exp loss = 0.224  adjusted loss = 0.224  adv prob = 0.250000   acc = 0.925
Current lr: 0.000010
Current validation accuracy: 0.6417909860610962


Epoch [109]:
Training:
Average incurred loss: 0.276  
Average sample loss: 0.279  
Average acc: 0.907  
  waterbird_complete50 = 0, forest2water2 = 0  [n = 54]:	loss = 0.000  exp loss = 0.000  adjusted loss = 0.000  adv prob = 0.250000   acc = 1.000
  waterbird_complete50 = 0, forest2water2 = 1  [n = 62]:	loss = 0.036  exp loss = 0.041  adjusted loss = 0.041  adv prob = 0.250000   acc = 0.968
  waterbird_complete50 = 1, forest2water2 = 0  [n = 56]:	loss = 0.551  exp loss = 0.728  adjusted loss = 0.728  adv prob = 0.250000   acc = 0.839
  waterbird_complete50 = 1, forest2water2 = 1  [n = 53]:	loss = 0.547  exp loss = 0.413  adjusted loss = 0.413  adv prob = 0.250000   acc = 0.811

Validation:
Average incurred loss: 0.255  
Average sample loss: 0.252  
Average acc: 0.944  
  waterbird_complete50 = 0, forest2water2 = 0  [n = 465]:	loss = 0.001  exp loss = 0.000  adjusted loss = 0.000  adv prob = 0.250000   acc = 1.000
  waterbird_complete50 = 0, forest2water2 = 1  [n = 466]:	loss = 0.132  exp loss = 0.114  adjusted loss = 0.114  adv prob = 0.250000   acc = 0.972
  waterbird_complete50 = 1, forest2water2 = 0  [n = 134]:	loss = 1.629  exp loss = 2.019  adjusted loss = 2.019  adv prob = 0.250000   acc = 0.657
  waterbird_complete50 = 1, forest2water2 = 1  [n = 134]:	loss = 0.194  exp loss = 0.221  adjusted loss = 0.221  adv prob = 0.250000   acc = 0.940
Current lr: 0.000010
Current validation accuracy: 0.6567164063453674


Epoch [110]:
Training:
Average incurred loss: 0.331  
Average sample loss: 0.308  
Average acc: 0.898  
  waterbird_complete50 = 0, forest2water2 = 0  [n = 60]:	loss = 0.000  exp loss = 0.000  adjusted loss = 0.000  adv prob = 0.250000   acc = 1.000
  waterbird_complete50 = 0, forest2water2 = 1  [n = 52]:	loss = 0.054  exp loss = 0.042  adjusted loss = 0.042  adv prob = 0.250000   acc = 0.962
  waterbird_complete50 = 1, forest2water2 = 0  [n = 58]:	loss = 0.664  exp loss = 0.700  adjusted loss = 0.700  adv prob = 0.250000   acc = 0.810
  waterbird_complete50 = 1, forest2water2 = 1  [n = 55]:	loss = 0.603  exp loss = 0.442  adjusted loss = 0.442  adv prob = 0.250000   acc = 0.818

Validation:
Average incurred loss: 0.253  
Average sample loss: 0.250  
Average acc: 0.947  
  waterbird_complete50 = 0, forest2water2 = 0  [n = 465]:	loss = 0.001  exp loss = 0.000  adjusted loss = 0.000  adv prob = 0.250000   acc = 1.000
  waterbird_complete50 = 0, forest2water2 = 1  [n = 466]:	loss = 0.135  exp loss = 0.117  adjusted loss = 0.117  adv prob = 0.250000   acc = 0.972
  waterbird_complete50 = 1, forest2water2 = 0  [n = 134]:	loss = 1.603  exp loss = 1.993  adjusted loss = 1.993  adv prob = 0.250000   acc = 0.672
  waterbird_complete50 = 1, forest2water2 = 1  [n = 134]:	loss = 0.188  exp loss = 0.215  adjusted loss = 0.215  adv prob = 0.250000   acc = 0.948
Current lr: 0.000010
Current validation accuracy: 0.6716418266296387


Epoch [111]:
Training:
Average incurred loss: 0.220  
Average sample loss: 0.195  
Average acc: 0.924  
  waterbird_complete50 = 0, forest2water2 = 0  [n = 53]:	loss = 0.000  exp loss = 0.000  adjusted loss = 0.000  adv prob = 0.250000   acc = 1.000
  waterbird_complete50 = 0, forest2water2 = 1  [n = 58]:	loss = 0.021  exp loss = 0.034  adjusted loss = 0.034  adv prob = 0.250000   acc = 0.983
  waterbird_complete50 = 1, forest2water2 = 0  [n = 53]:	loss = 0.432  exp loss = 0.577  adjusted loss = 0.577  adv prob = 0.250000   acc = 0.868
  waterbird_complete50 = 1, forest2water2 = 1  [n = 61]:	loss = 0.416  exp loss = 0.406  adjusted loss = 0.406  adv prob = 0.250000   acc = 0.852

Validation:
Average incurred loss: 0.253  
Average sample loss: 0.249  
Average acc: 0.947  
  waterbird_complete50 = 0, forest2water2 = 0  [n = 465]:	loss = 0.001  exp loss = 0.000  adjusted loss = 0.000  adv prob = 0.250000   acc = 1.000
  waterbird_complete50 = 0, forest2water2 = 1  [n = 466]:	loss = 0.135  exp loss = 0.117  adjusted loss = 0.117  adv prob = 0.250000   acc = 0.972
  waterbird_complete50 = 1, forest2water2 = 0  [n = 134]:	loss = 1.597  exp loss = 1.997  adjusted loss = 1.997  adv prob = 0.250000   acc = 0.679
  waterbird_complete50 = 1, forest2water2 = 1  [n = 134]:	loss = 0.195  exp loss = 0.223  adjusted loss = 0.223  adv prob = 0.250000   acc = 0.940
Current lr: 0.000010
Current validation accuracy: 0.6791044473648071


Epoch [112]:
Training:
Average incurred loss: 0.309  
Average sample loss: 0.318  
Average acc: 0.911  
  waterbird_complete50 = 0, forest2water2 = 0  [n = 67]:	loss = 0.000  exp loss = 0.000  adjusted loss = 0.000  adv prob = 0.250000   acc = 1.000
  waterbird_complete50 = 0, forest2water2 = 1  [n = 52]:	loss = 0.072  exp loss = 0.055  adjusted loss = 0.055  adv prob = 0.250000   acc = 0.962
  waterbird_complete50 = 1, forest2water2 = 0  [n = 54]:	loss = 0.704  exp loss = 0.621  adjusted loss = 0.621  adv prob = 0.250000   acc = 0.852
  waterbird_complete50 = 1, forest2water2 = 1  [n = 52]:	loss = 0.534  exp loss = 0.458  adjusted loss = 0.458  adv prob = 0.250000   acc = 0.808

Validation:
Average incurred loss: 0.248  
Average sample loss: 0.244  
Average acc: 0.949  
  waterbird_complete50 = 0, forest2water2 = 0  [n = 465]:	loss = 0.001  exp loss = 0.001  adjusted loss = 0.001  adv prob = 0.250000   acc = 1.000
  waterbird_complete50 = 0, forest2water2 = 1  [n = 466]:	loss = 0.142  exp loss = 0.122  adjusted loss = 0.122  adv prob = 0.250000   acc = 0.972
  waterbird_complete50 = 1, forest2water2 = 0  [n = 134]:	loss = 1.538  exp loss = 1.916  adjusted loss = 1.916  adv prob = 0.250000   acc = 0.687
  waterbird_complete50 = 1, forest2water2 = 1  [n = 134]:	loss = 0.180  exp loss = 0.206  adjusted loss = 0.206  adv prob = 0.250000   acc = 0.955
Current lr: 0.000010
Current validation accuracy: 0.6865671873092651


Epoch [113]:
Training:
Average incurred loss: 0.774  
Average sample loss: 0.784  
Average acc: 0.840  
  waterbird_complete50 = 0, forest2water2 = 0  [n = 55]:	loss = 0.000  exp loss = 0.000  adjusted loss = 0.000  adv prob = 0.250000   acc = 1.000
  waterbird_complete50 = 0, forest2water2 = 1  [n = 46]:	loss = 0.061  exp loss = 0.058  adjusted loss = 0.058  adv prob = 0.250000   acc = 1.000
  waterbird_complete50 = 1, forest2water2 = 0  [n = 62]:	loss = 1.540  exp loss = 1.021  adjusted loss = 1.021  adv prob = 0.250000   acc = 0.677
  waterbird_complete50 = 1, forest2water2 = 1  [n = 62]:	loss = 1.224  exp loss = 0.664  adjusted loss = 0.664  adv prob = 0.250000   acc = 0.742

Validation:
Average incurred loss: 0.254  
Average sample loss: 0.251  
Average acc: 0.946  
  waterbird_complete50 = 0, forest2water2 = 0  [n = 465]:	loss = 0.001  exp loss = 0.000  adjusted loss = 0.000  adv prob = 0.250000   acc = 1.000
  waterbird_complete50 = 0, forest2water2 = 1  [n = 466]:	loss = 0.132  exp loss = 0.114  adjusted loss = 0.114  adv prob = 0.250000   acc = 0.972
  waterbird_complete50 = 1, forest2water2 = 0  [n = 134]:	loss = 1.616  exp loss = 2.021  adjusted loss = 2.021  adv prob = 0.250000   acc = 0.664
  waterbird_complete50 = 1, forest2water2 = 1  [n = 134]:	loss = 0.200  exp loss = 0.228  adjusted loss = 0.228  adv prob = 0.250000   acc = 0.948
Current lr: 0.000010
Current validation accuracy: 0.6641791462898254


Epoch [114]:
Training:
Average incurred loss: 0.419  
Average sample loss: 0.426  
Average acc: 0.880  
  waterbird_complete50 = 0, forest2water2 = 0  [n = 46]:	loss = 0.000  exp loss = 0.000  adjusted loss = 0.000  adv prob = 0.250000   acc = 1.000
  waterbird_complete50 = 0, forest2water2 = 1  [n = 55]:	loss = 0.011  exp loss = 0.042  adjusted loss = 0.042  adv prob = 0.250000   acc = 1.000
  waterbird_complete50 = 1, forest2water2 = 0  [n = 65]:	loss = 0.531  exp loss = 0.875  adjusted loss = 0.875  adv prob = 0.250000   acc = 0.862
  waterbird_complete50 = 1, forest2water2 = 1  [n = 59]:	loss = 1.004  exp loss = 0.772  adjusted loss = 0.772  adv prob = 0.250000   acc = 0.695

Validation:
Average incurred loss: 0.279  
Average sample loss: 0.275  
Average acc: 0.937  
  waterbird_complete50 = 0, forest2water2 = 0  [n = 465]:	loss = 0.000  exp loss = 0.000  adjusted loss = 0.000  adv prob = 0.250000   acc = 1.000
  waterbird_complete50 = 0, forest2water2 = 1  [n = 466]:	loss = 0.116  exp loss = 0.102  adjusted loss = 0.102  adv prob = 0.250000   acc = 0.974
  waterbird_complete50 = 1, forest2water2 = 0  [n = 134]:	loss = 1.847  exp loss = 2.295  adjusted loss = 2.295  adv prob = 0.250000   acc = 0.619
  waterbird_complete50 = 1, forest2water2 = 1  [n = 134]:	loss = 0.246  exp loss = 0.275  adjusted loss = 0.275  adv prob = 0.250000   acc = 0.903
Current lr: 0.000010
Current validation accuracy: 0.6194029450416565


Epoch [115]:
Training:
Average incurred loss: 0.183  
Average sample loss: 0.162  
Average acc: 0.933  
  waterbird_complete50 = 0, forest2water2 = 0  [n = 60]:	loss = 0.000  exp loss = 0.000  adjusted loss = 0.000  adv prob = 0.250000   acc = 1.000
  waterbird_complete50 = 0, forest2water2 = 1  [n = 60]:	loss = 0.041  exp loss = 0.040  adjusted loss = 0.040  adv prob = 0.250000   acc = 0.983
  waterbird_complete50 = 1, forest2water2 = 0  [n = 57]:	loss = 0.433  exp loss = 0.682  adjusted loss = 0.682  adv prob = 0.250000   acc = 0.895
  waterbird_complete50 = 1, forest2water2 = 1  [n = 48]:	loss = 0.293  exp loss = 0.589  adjusted loss = 0.589  adv prob = 0.250000   acc = 0.833

Validation:
Average incurred loss: 0.258  
Average sample loss: 0.254  
Average acc: 0.942  
  waterbird_complete50 = 0, forest2water2 = 0  [n = 465]:	loss = 0.001  exp loss = 0.000  adjusted loss = 0.000  adv prob = 0.250000   acc = 1.000
  waterbird_complete50 = 0, forest2water2 = 1  [n = 466]:	loss = 0.129  exp loss = 0.111  adjusted loss = 0.111  adv prob = 0.250000   acc = 0.972
  waterbird_complete50 = 1, forest2water2 = 0  [n = 134]:	loss = 1.655  exp loss = 2.048  adjusted loss = 2.048  adv prob = 0.250000   acc = 0.642
  waterbird_complete50 = 1, forest2water2 = 1  [n = 134]:	loss = 0.203  exp loss = 0.229  adjusted loss = 0.229  adv prob = 0.250000   acc = 0.940
Current lr: 0.000010
Current validation accuracy: 0.6417909860610962


Epoch [116]:
Training:
Average incurred loss: 0.570  
Average sample loss: 0.629  
Average acc: 0.876  
  waterbird_complete50 = 0, forest2water2 = 0  [n = 46]:	loss = 0.000  exp loss = 0.000  adjusted loss = 0.000  adv prob = 0.250000   acc = 1.000
  waterbird_complete50 = 0, forest2water2 = 1  [n = 59]:	loss = 0.024  exp loss = 0.034  adjusted loss = 0.034  adv prob = 0.250000   acc = 1.000
  waterbird_complete50 = 1, forest2water2 = 0  [n = 60]:	loss = 1.513  exp loss = 0.998  adjusted loss = 0.998  adv prob = 0.250000   acc = 0.717
  waterbird_complete50 = 1, forest2water2 = 1  [n = 60]:	loss = 0.600  exp loss = 0.616  adjusted loss = 0.616  adv prob = 0.250000   acc = 0.817

Validation:
Average incurred loss: 0.275  
Average sample loss: 0.271  
Average acc: 0.938  
  waterbird_complete50 = 0, forest2water2 = 0  [n = 465]:	loss = 0.000  exp loss = 0.000  adjusted loss = 0.000  adv prob = 0.250000   acc = 1.000
  waterbird_complete50 = 0, forest2water2 = 1  [n = 466]:	loss = 0.119  exp loss = 0.104  adjusted loss = 0.104  adv prob = 0.250000   acc = 0.972
  waterbird_complete50 = 1, forest2water2 = 0  [n = 134]:	loss = 1.802  exp loss = 2.223  adjusted loss = 2.223  adv prob = 0.250000   acc = 0.634
  waterbird_complete50 = 1, forest2water2 = 1  [n = 134]:	loss = 0.243  exp loss = 0.270  adjusted loss = 0.270  adv prob = 0.250000   acc = 0.910
Current lr: 0.000010
Current validation accuracy: 0.634328305721283


Epoch [117]:
Training:
Average incurred loss: 0.539  
Average sample loss: 0.586  
Average acc: 0.876  
  waterbird_complete50 = 0, forest2water2 = 0  [n = 49]:	loss = 0.000  exp loss = 0.000  adjusted loss = 0.000  adv prob = 0.250000   acc = 1.000
  waterbird_complete50 = 0, forest2water2 = 1  [n = 57]:	loss = 0.013  exp loss = 0.026  adjusted loss = 0.026  adv prob = 0.250000   acc = 1.000
  waterbird_complete50 = 1, forest2water2 = 0  [n = 61]:	loss = 1.289  exp loss = 1.097  adjusted loss = 1.097  adv prob = 0.250000   acc = 0.721
  waterbird_complete50 = 1, forest2water2 = 1  [n = 58]:	loss = 0.723  exp loss = 0.673  adjusted loss = 0.673  adv prob = 0.250000   acc = 0.810

Validation:
Average incurred loss: 0.299  
Average sample loss: 0.295  
Average acc: 0.935  
  waterbird_complete50 = 0, forest2water2 = 0  [n = 465]:	loss = 0.000  exp loss = 0.000  adjusted loss = 0.000  adv prob = 0.250000   acc = 1.000
  waterbird_complete50 = 0, forest2water2 = 1  [n = 466]:	loss = 0.107  exp loss = 0.094  adjusted loss = 0.094  adv prob = 0.250000   acc = 0.976
  waterbird_complete50 = 1, forest2water2 = 0  [n = 134]:	loss = 2.011  exp loss = 2.490  adjusted loss = 2.490  adv prob = 0.250000   acc = 0.619
  waterbird_complete50 = 1, forest2water2 = 1  [n = 134]:	loss = 0.291  exp loss = 0.322  adjusted loss = 0.322  adv prob = 0.250000   acc = 0.881
Current lr: 0.000010
Current validation accuracy: 0.6194029450416565


Epoch [118]:
Training:
Average incurred loss: 0.279  
Average sample loss: 0.294  
Average acc: 0.889  
  waterbird_complete50 = 0, forest2water2 = 0  [n = 57]:	loss = 0.000  exp loss = 0.000  adjusted loss = 0.000  adv prob = 0.250000   acc = 1.000
  waterbird_complete50 = 0, forest2water2 = 1  [n = 53]:	loss = 0.021  exp loss = 0.037  adjusted loss = 0.037  adv prob = 0.250000   acc = 0.981
  waterbird_complete50 = 1, forest2water2 = 0  [n = 55]:	loss = 0.672  exp loss = 0.924  adjusted loss = 0.924  adv prob = 0.250000   acc = 0.782
  waterbird_complete50 = 1, forest2water2 = 1  [n = 60]:	loss = 0.409  exp loss = 0.598  adjusted loss = 0.598  adv prob = 0.250000   acc = 0.800

Validation:
Average incurred loss: 0.282  
Average sample loss: 0.278  
Average acc: 0.937  
  waterbird_complete50 = 0, forest2water2 = 0  [n = 465]:	loss = 0.000  exp loss = 0.000  adjusted loss = 0.000  adv prob = 0.250000   acc = 1.000
  waterbird_complete50 = 0, forest2water2 = 1  [n = 466]:	loss = 0.115  exp loss = 0.101  adjusted loss = 0.101  adv prob = 0.250000   acc = 0.976
  waterbird_complete50 = 1, forest2water2 = 0  [n = 134]:	loss = 1.866  exp loss = 2.320  adjusted loss = 2.320  adv prob = 0.250000   acc = 0.619
  waterbird_complete50 = 1, forest2water2 = 1  [n = 134]:	loss = 0.254  exp loss = 0.284  adjusted loss = 0.284  adv prob = 0.250000   acc = 0.903
Current lr: 0.000010
Current validation accuracy: 0.6194029450416565


Epoch [119]:
Training:
Average incurred loss: 0.281  
Average sample loss: 0.283  
Average acc: 0.911  
  waterbird_complete50 = 0, forest2water2 = 0  [n = 64]:	loss = 0.001  exp loss = 0.000  adjusted loss = 0.000  adv prob = 0.250000   acc = 1.000
  waterbird_complete50 = 0, forest2water2 = 1  [n = 55]:	loss = 0.034  exp loss = 0.034  adjusted loss = 0.034  adv prob = 0.250000   acc = 0.982
  waterbird_complete50 = 1, forest2water2 = 0  [n = 45]:	loss = 0.727  exp loss = 0.854  adjusted loss = 0.854  adv prob = 0.250000   acc = 0.822
  waterbird_complete50 = 1, forest2water2 = 1  [n = 61]:	loss = 0.468  exp loss = 0.536  adjusted loss = 0.536  adv prob = 0.250000   acc = 0.820

Validation:
Average incurred loss: 0.268  
Average sample loss: 0.264  
Average acc: 0.941  
  waterbird_complete50 = 0, forest2water2 = 0  [n = 465]:	loss = 0.000  exp loss = 0.000  adjusted loss = 0.000  adv prob = 0.250000   acc = 1.000
  waterbird_complete50 = 0, forest2water2 = 1  [n = 466]:	loss = 0.123  exp loss = 0.108  adjusted loss = 0.108  adv prob = 0.250000   acc = 0.976
  waterbird_complete50 = 1, forest2water2 = 0  [n = 134]:	loss = 1.742  exp loss = 2.170  adjusted loss = 2.170  adv prob = 0.250000   acc = 0.634
  waterbird_complete50 = 1, forest2water2 = 1  [n = 134]:	loss = 0.225  exp loss = 0.252  adjusted loss = 0.252  adv prob = 0.250000   acc = 0.918
Current lr: 0.000010
Current validation accuracy: 0.634328305721283


Epoch [120]:
Training:
Average incurred loss: 0.267  
Average sample loss: 0.291  
Average acc: 0.902  
  waterbird_complete50 = 0, forest2water2 = 0  [n = 52]:	loss = 0.000  exp loss = 0.000  adjusted loss = 0.000  adv prob = 0.250000   acc = 1.000
  waterbird_complete50 = 0, forest2water2 = 1  [n = 63]:	loss = 0.037  exp loss = 0.033  adjusted loss = 0.033  adv prob = 0.250000   acc = 0.984
  waterbird_complete50 = 1, forest2water2 = 0  [n = 55]:	loss = 0.563  exp loss = 0.765  adjusted loss = 0.765  adv prob = 0.250000   acc = 0.800
  waterbird_complete50 = 1, forest2water2 = 1  [n = 55]:	loss = 0.486  exp loss = 0.543  adjusted loss = 0.543  adv prob = 0.250000   acc = 0.818

Validation:
Average incurred loss: 0.266  
Average sample loss: 0.262  
Average acc: 0.941  
  waterbird_complete50 = 0, forest2water2 = 0  [n = 465]:	loss = 0.001  exp loss = 0.000  adjusted loss = 0.000  adv prob = 0.250000   acc = 1.000
  waterbird_complete50 = 0, forest2water2 = 1  [n = 466]:	loss = 0.127  exp loss = 0.110  adjusted loss = 0.110  adv prob = 0.250000   acc = 0.974
  waterbird_complete50 = 1, forest2water2 = 0  [n = 134]:	loss = 1.720  exp loss = 2.149  adjusted loss = 2.149  adv prob = 0.250000   acc = 0.634
  waterbird_complete50 = 1, forest2water2 = 1  [n = 134]:	loss = 0.214  exp loss = 0.244  adjusted loss = 0.244  adv prob = 0.250000   acc = 0.925
Current lr: 0.000010
Current validation accuracy: 0.634328305721283


Epoch [121]:
Training:
Average incurred loss: 0.250  
Average sample loss: 0.277  
Average acc: 0.933  
  waterbird_complete50 = 0, forest2water2 = 0  [n = 62]:	loss = 0.001  exp loss = 0.000  adjusted loss = 0.000  adv prob = 0.250000   acc = 1.000
  waterbird_complete50 = 0, forest2water2 = 1  [n = 56]:	loss = 0.030  exp loss = 0.030  adjusted loss = 0.030  adv prob = 0.250000   acc = 1.000
  waterbird_complete50 = 1, forest2water2 = 0  [n = 54]:	loss = 0.656  exp loss = 0.753  adjusted loss = 0.753  adv prob = 0.250000   acc = 0.833
  waterbird_complete50 = 1, forest2water2 = 1  [n = 53]:	loss = 0.362  exp loss = 0.495  adjusted loss = 0.495  adv prob = 0.250000   acc = 0.887

Validation:
Average incurred loss: 0.262  
Average sample loss: 0.258  
Average acc: 0.942  
  waterbird_complete50 = 0, forest2water2 = 0  [n = 465]:	loss = 0.001  exp loss = 0.000  adjusted loss = 0.000  adv prob = 0.250000   acc = 1.000
  waterbird_complete50 = 0, forest2water2 = 1  [n = 466]:	loss = 0.132  exp loss = 0.115  adjusted loss = 0.115  adv prob = 0.250000   acc = 0.972
  waterbird_complete50 = 1, forest2water2 = 0  [n = 134]:	loss = 1.682  exp loss = 2.107  adjusted loss = 2.107  adv prob = 0.250000   acc = 0.634
  waterbird_complete50 = 1, forest2water2 = 1  [n = 134]:	loss = 0.199  exp loss = 0.228  adjusted loss = 0.228  adv prob = 0.250000   acc = 0.940
Current lr: 0.000010
Current validation accuracy: 0.634328305721283


Epoch [122]:
Training:
Average incurred loss: 0.488  
Average sample loss: 0.442  
Average acc: 0.876  
  waterbird_complete50 = 0, forest2water2 = 0  [n = 51]:	loss = 0.000  exp loss = 0.000  adjusted loss = 0.000  adv prob = 0.250000   acc = 1.000
  waterbird_complete50 = 0, forest2water2 = 1  [n = 55]:	loss = 0.068  exp loss = 0.050  adjusted loss = 0.050  adv prob = 0.250000   acc = 0.982
  waterbird_complete50 = 1, forest2water2 = 0  [n = 49]:	loss = 1.074  exp loss = 0.789  adjusted loss = 0.789  adv prob = 0.250000   acc = 0.796
  waterbird_complete50 = 1, forest2water2 = 1  [n = 70]:	loss = 0.763  exp loss = 0.506  adjusted loss = 0.506  adv prob = 0.250000   acc = 0.757

Validation:
Average incurred loss: 0.264  
Average sample loss: 0.260  
Average acc: 0.942  
  waterbird_complete50 = 0, forest2water2 = 0  [n = 465]:	loss = 0.000  exp loss = 0.000  adjusted loss = 0.000  adv prob = 0.250000   acc = 1.000
  waterbird_complete50 = 0, forest2water2 = 1  [n = 466]:	loss = 0.125  exp loss = 0.109  adjusted loss = 0.109  adv prob = 0.250000   acc = 0.974
  waterbird_complete50 = 1, forest2water2 = 0  [n = 134]:	loss = 1.712  exp loss = 2.141  adjusted loss = 2.141  adv prob = 0.250000   acc = 0.634
  waterbird_complete50 = 1, forest2water2 = 1  [n = 134]:	loss = 0.214  exp loss = 0.244  adjusted loss = 0.244  adv prob = 0.250000   acc = 0.933
Current lr: 0.000010
Current validation accuracy: 0.634328305721283


Epoch [123]:
Training:
Average incurred loss: 0.465  
Average sample loss: 0.428  
Average acc: 0.867  
  waterbird_complete50 = 0, forest2water2 = 0  [n = 47]:	loss = 0.000  exp loss = 0.000  adjusted loss = 0.000  adv prob = 0.250000   acc = 1.000
  waterbird_complete50 = 0, forest2water2 = 1  [n = 52]:	loss = 0.012  exp loss = 0.038  adjusted loss = 0.038  adv prob = 0.250000   acc = 1.000
  waterbird_complete50 = 1, forest2water2 = 0  [n = 58]:	loss = 1.175  exp loss = 0.869  adjusted loss = 0.869  adv prob = 0.250000   acc = 0.690
  waterbird_complete50 = 1, forest2water2 = 1  [n = 68]:	loss = 0.526  exp loss = 0.477  adjusted loss = 0.477  adv prob = 0.250000   acc = 0.824

Validation:
Average incurred loss: 0.271  
Average sample loss: 0.267  
Average acc: 0.941  
  waterbird_complete50 = 0, forest2water2 = 0  [n = 465]:	loss = 0.000  exp loss = 0.000  adjusted loss = 0.000  adv prob = 0.250000   acc = 1.000
  waterbird_complete50 = 0, forest2water2 = 1  [n = 466]:	loss = 0.121  exp loss = 0.106  adjusted loss = 0.106  adv prob = 0.250000   acc = 0.976
  waterbird_complete50 = 1, forest2water2 = 0  [n = 134]:	loss = 1.768  exp loss = 2.218  adjusted loss = 2.218  adv prob = 0.250000   acc = 0.634
  waterbird_complete50 = 1, forest2water2 = 1  [n = 134]:	loss = 0.233  exp loss = 0.256  adjusted loss = 0.256  adv prob = 0.250000   acc = 0.918
Current lr: 0.000010
Current validation accuracy: 0.634328305721283


Epoch [124]:
Training:
Average incurred loss: 0.504  
Average sample loss: 0.521  
Average acc: 0.858  
  waterbird_complete50 = 0, forest2water2 = 0  [n = 52]:	loss = 0.000  exp loss = 0.000  adjusted loss = 0.000  adv prob = 0.250000   acc = 1.000
  waterbird_complete50 = 0, forest2water2 = 1  [n = 43]:	loss = 0.034  exp loss = 0.034  adjusted loss = 0.034  adv prob = 0.250000   acc = 0.977
  waterbird_complete50 = 1, forest2water2 = 0  [n = 74]:	loss = 1.161  exp loss = 0.948  adjusted loss = 0.948  adv prob = 0.250000   acc = 0.716
  waterbird_complete50 = 1, forest2water2 = 1  [n = 56]:	loss = 0.466  exp loss = 0.487  adjusted loss = 0.487  adv prob = 0.250000   acc = 0.821

Validation:
Average incurred loss: 0.289  
Average sample loss: 0.285  
Average acc: 0.937  
  waterbird_complete50 = 0, forest2water2 = 0  [n = 465]:	loss = 0.000  exp loss = 0.000  adjusted loss = 0.000  adv prob = 0.250000   acc = 1.000
  waterbird_complete50 = 0, forest2water2 = 1  [n = 466]:	loss = 0.113  exp loss = 0.099  adjusted loss = 0.099  adv prob = 0.250000   acc = 0.979
  waterbird_complete50 = 1, forest2water2 = 0  [n = 134]:	loss = 1.920  exp loss = 2.393  adjusted loss = 2.393  adv prob = 0.250000   acc = 0.612
  waterbird_complete50 = 1, forest2water2 = 1  [n = 134]:	loss = 0.268  exp loss = 0.295  adjusted loss = 0.295  adv prob = 0.250000   acc = 0.903
Current lr: 0.000010
Current validation accuracy: 0.6119402647018433


Epoch [125]:
Training:
Average incurred loss: 0.238  
Average sample loss: 0.239  
Average acc: 0.902  
  waterbird_complete50 = 0, forest2water2 = 0  [n = 58]:	loss = 0.000  exp loss = 0.000  adjusted loss = 0.000  adv prob = 0.250000   acc = 1.000
  waterbird_complete50 = 0, forest2water2 = 1  [n = 63]:	loss = 0.041  exp loss = 0.034  adjusted loss = 0.034  adv prob = 0.250000   acc = 0.968
  waterbird_complete50 = 1, forest2water2 = 0  [n = 52]:	loss = 0.518  exp loss = 0.821  adjusted loss = 0.821  adv prob = 0.250000   acc = 0.769
  waterbird_complete50 = 1, forest2water2 = 1  [n = 52]:	loss = 0.460  exp loss = 0.471  adjusted loss = 0.471  adv prob = 0.250000   acc = 0.846

Validation:
Average incurred loss: 0.253  
Average sample loss: 0.250  
Average acc: 0.946  
  waterbird_complete50 = 0, forest2water2 = 0  [n = 465]:	loss = 0.001  exp loss = 0.000  adjusted loss = 0.000  adv prob = 0.250000   acc = 1.000
  waterbird_complete50 = 0, forest2water2 = 1  [n = 466]:	loss = 0.137  exp loss = 0.119  adjusted loss = 0.119  adv prob = 0.250000   acc = 0.972
  waterbird_complete50 = 1, forest2water2 = 0  [n = 134]:	loss = 1.596  exp loss = 1.983  adjusted loss = 1.983  adv prob = 0.250000   acc = 0.672
  waterbird_complete50 = 1, forest2water2 = 1  [n = 134]:	loss = 0.193  exp loss = 0.215  adjusted loss = 0.215  adv prob = 0.250000   acc = 0.940
Current lr: 0.000010
Current validation accuracy: 0.6716418266296387


Epoch [126]:
Training:
Average incurred loss: 0.260  
Average sample loss: 0.245  
Average acc: 0.889  
  waterbird_complete50 = 0, forest2water2 = 0  [n = 62]:	loss = 0.001  exp loss = 0.000  adjusted loss = 0.000  adv prob = 0.250000   acc = 1.000
  waterbird_complete50 = 0, forest2water2 = 1  [n = 55]:	loss = 0.123  exp loss = 0.073  adjusted loss = 0.073  adv prob = 0.250000   acc = 0.945
  waterbird_complete50 = 1, forest2water2 = 0  [n = 52]:	loss = 0.404  exp loss = 0.637  adjusted loss = 0.637  adv prob = 0.250000   acc = 0.788
  waterbird_complete50 = 1, forest2water2 = 1  [n = 56]:	loss = 0.547  exp loss = 0.436  adjusted loss = 0.436  adv prob = 0.250000   acc = 0.804

Validation:
Average incurred loss: 0.238  
Average sample loss: 0.235  
Average acc: 0.951  
  waterbird_complete50 = 0, forest2water2 = 0  [n = 465]:	loss = 0.001  exp loss = 0.001  adjusted loss = 0.001  adv prob = 0.250000   acc = 1.000
  waterbird_complete50 = 0, forest2water2 = 1  [n = 466]:	loss = 0.156  exp loss = 0.134  adjusted loss = 0.134  adv prob = 0.250000   acc = 0.968
  waterbird_complete50 = 1, forest2water2 = 0  [n = 134]:	loss = 1.421  exp loss = 1.764  adjusted loss = 1.764  adv prob = 0.250000   acc = 0.709
  waterbird_complete50 = 1, forest2water2 = 1  [n = 134]:	loss = 0.161  exp loss = 0.184  adjusted loss = 0.184  adv prob = 0.250000   acc = 0.963
Current lr: 0.000010
Current validation accuracy: 0.7089551687240601


Epoch [127]:
Training:
Average incurred loss: 0.274  
Average sample loss: 0.249  
Average acc: 0.916  
  waterbird_complete50 = 0, forest2water2 = 0  [n = 53]:	loss = 0.013  exp loss = 0.005  adjusted loss = 0.005  adv prob = 0.250000   acc = 1.000
  waterbird_complete50 = 0, forest2water2 = 1  [n = 64]:	loss = 0.103  exp loss = 0.078  adjusted loss = 0.078  adv prob = 0.250000   acc = 0.969
  waterbird_complete50 = 1, forest2water2 = 0  [n = 63]:	loss = 0.441  exp loss = 0.563  adjusted loss = 0.563  adv prob = 0.250000   acc = 0.889
  waterbird_complete50 = 1, forest2water2 = 1  [n = 45]:	loss = 0.592  exp loss = 0.453  adjusted loss = 0.453  adv prob = 0.250000   acc = 0.778

Validation:
Average incurred loss: 0.234  
Average sample loss: 0.231  
Average acc: 0.949  
  waterbird_complete50 = 0, forest2water2 = 0  [n = 465]:	loss = 0.001  exp loss = 0.001  adjusted loss = 0.001  adv prob = 0.250000   acc = 1.000
  waterbird_complete50 = 0, forest2water2 = 1  [n = 466]:	loss = 0.159  exp loss = 0.137  adjusted loss = 0.137  adv prob = 0.250000   acc = 0.966
  waterbird_complete50 = 1, forest2water2 = 0  [n = 134]:	loss = 1.381  exp loss = 1.707  adjusted loss = 1.707  adv prob = 0.250000   acc = 0.701
  waterbird_complete50 = 1, forest2water2 = 1  [n = 134]:	loss = 0.153  exp loss = 0.175  adjusted loss = 0.175  adv prob = 0.250000   acc = 0.963
Current lr: 0.000010
Current validation accuracy: 0.7014925479888916


Epoch [128]:
Training:
Average incurred loss: 0.257  
Average sample loss: 0.230  
Average acc: 0.933  
  waterbird_complete50 = 0, forest2water2 = 0  [n = 61]:	loss = 0.001  exp loss = 0.004  adjusted loss = 0.004  adv prob = 0.250000   acc = 1.000
  waterbird_complete50 = 0, forest2water2 = 1  [n = 57]:	loss = 0.045  exp loss = 0.064  adjusted loss = 0.064  adv prob = 0.250000   acc = 0.982
  waterbird_complete50 = 1, forest2water2 = 0  [n = 48]:	loss = 0.577  exp loss = 0.566  adjusted loss = 0.566  adv prob = 0.250000   acc = 0.875
  waterbird_complete50 = 1, forest2water2 = 1  [n = 59]:	loss = 0.464  exp loss = 0.425  adjusted loss = 0.425  adv prob = 0.250000   acc = 0.864

Validation:
Average incurred loss: 0.238  
Average sample loss: 0.235  
Average acc: 0.950  
  waterbird_complete50 = 0, forest2water2 = 0  [n = 465]:	loss = 0.001  exp loss = 0.001  adjusted loss = 0.001  adv prob = 0.250000   acc = 1.000
  waterbird_complete50 = 0, forest2water2 = 1  [n = 466]:	loss = 0.152  exp loss = 0.131  adjusted loss = 0.131  adv prob = 0.250000   acc = 0.970
  waterbird_complete50 = 1, forest2water2 = 0  [n = 134]:	loss = 1.436  exp loss = 1.788  adjusted loss = 1.788  adv prob = 0.250000   acc = 0.694
  waterbird_complete50 = 1, forest2water2 = 1  [n = 134]:	loss = 0.164  exp loss = 0.189  adjusted loss = 0.189  adv prob = 0.250000   acc = 0.963
Current lr: 0.000010
Current validation accuracy: 0.6940298080444336


Epoch [129]:
Training:
Average incurred loss: 0.257  
Average sample loss: 0.297  
Average acc: 0.916  
  waterbird_complete50 = 0, forest2water2 = 0  [n = 65]:	loss = 0.000  exp loss = 0.002  adjusted loss = 0.002  adv prob = 0.250000   acc = 1.000
  waterbird_complete50 = 0, forest2water2 = 1  [n = 50]:	loss = 0.055  exp loss = 0.055  adjusted loss = 0.055  adv prob = 0.250000   acc = 0.980
  waterbird_complete50 = 1, forest2water2 = 0  [n = 52]:	loss = 0.561  exp loss = 0.564  adjusted loss = 0.564  adv prob = 0.250000   acc = 0.788
  waterbird_complete50 = 1, forest2water2 = 1  [n = 58]:	loss = 0.448  exp loss = 0.480  adjusted loss = 0.480  adv prob = 0.250000   acc = 0.879

Validation:
Average incurred loss: 0.251  
Average sample loss: 0.247  
Average acc: 0.944  
  waterbird_complete50 = 0, forest2water2 = 0  [n = 465]:	loss = 0.001  exp loss = 0.000  adjusted loss = 0.000  adv prob = 0.250000   acc = 1.000
  waterbird_complete50 = 0, forest2water2 = 1  [n = 466]:	loss = 0.143  exp loss = 0.124  adjusted loss = 0.124  adv prob = 0.250000   acc = 0.970
  waterbird_complete50 = 1, forest2water2 = 0  [n = 134]:	loss = 1.566  exp loss = 1.944  adjusted loss = 1.944  adv prob = 0.250000   acc = 0.657
  waterbird_complete50 = 1, forest2water2 = 1  [n = 134]:	loss = 0.180  exp loss = 0.204  adjusted loss = 0.204  adv prob = 0.250000   acc = 0.948
Current lr: 0.000010
Current validation accuracy: 0.6567163467407227


Epoch [130]:
Training:
Average incurred loss: 0.466  
Average sample loss: 0.410  
Average acc: 0.876  
  waterbird_complete50 = 0, forest2water2 = 0  [n = 62]:	loss = 0.000  exp loss = 0.002  adjusted loss = 0.002  adv prob = 0.250000   acc = 1.000
  waterbird_complete50 = 0, forest2water2 = 1  [n = 43]:	loss = 0.009  exp loss = 0.040  adjusted loss = 0.040  adv prob = 0.250000   acc = 1.000
  waterbird_complete50 = 1, forest2water2 = 0  [n = 47]:	loss = 1.020  exp loss = 0.640  adjusted loss = 0.640  adv prob = 0.250000   acc = 0.745
  waterbird_complete50 = 1, forest2water2 = 1  [n = 73]:	loss = 0.774  exp loss = 0.506  adjusted loss = 0.506  adv prob = 0.250000   acc = 0.781

Validation:
Average incurred loss: 0.253  
Average sample loss: 0.250  
Average acc: 0.941  
  waterbird_complete50 = 0, forest2water2 = 0  [n = 465]:	loss = 0.001  exp loss = 0.000  adjusted loss = 0.000  adv prob = 0.250000   acc = 1.000
  waterbird_complete50 = 0, forest2water2 = 1  [n = 466]:	loss = 0.137  exp loss = 0.120  adjusted loss = 0.120  adv prob = 0.250000   acc = 0.970
  waterbird_complete50 = 1, forest2water2 = 0  [n = 134]:	loss = 1.597  exp loss = 1.994  adjusted loss = 1.994  adv prob = 0.250000   acc = 0.649
  waterbird_complete50 = 1, forest2water2 = 1  [n = 134]:	loss = 0.190  exp loss = 0.216  adjusted loss = 0.216  adv prob = 0.250000   acc = 0.925
Current lr: 0.000010
Current validation accuracy: 0.6492536664009094


Epoch [131]:
Training:
Average incurred loss: 0.344  
Average sample loss: 0.340  
Average acc: 0.893  
  waterbird_complete50 = 0, forest2water2 = 0  [n = 61]:	loss = 0.000  exp loss = 0.001  adjusted loss = 0.001  adv prob = 0.250000   acc = 1.000
  waterbird_complete50 = 0, forest2water2 = 1  [n = 45]:	loss = 0.068  exp loss = 0.061  adjusted loss = 0.061  adv prob = 0.250000   acc = 0.978
  waterbird_complete50 = 1, forest2water2 = 0  [n = 68]:	loss = 0.887  exp loss = 0.723  adjusted loss = 0.723  adv prob = 0.250000   acc = 0.750
  waterbird_complete50 = 1, forest2water2 = 1  [n = 51]:	loss = 0.275  exp loss = 0.396  adjusted loss = 0.396  adv prob = 0.250000   acc = 0.882

Validation:
Average incurred loss: 0.249  
Average sample loss: 0.246  
Average acc: 0.946  
  waterbird_complete50 = 0, forest2water2 = 0  [n = 465]:	loss = 0.001  exp loss = 0.001  adjusted loss = 0.001  adv prob = 0.250000   acc = 1.000
  waterbird_complete50 = 0, forest2water2 = 1  [n = 466]:	loss = 0.142  exp loss = 0.124  adjusted loss = 0.124  adv prob = 0.250000   acc = 0.970
  waterbird_complete50 = 1, forest2water2 = 0  [n = 134]:	loss = 1.549  exp loss = 1.933  adjusted loss = 1.933  adv prob = 0.250000   acc = 0.687
  waterbird_complete50 = 1, forest2water2 = 1  [n = 134]:	loss = 0.183  exp loss = 0.208  adjusted loss = 0.208  adv prob = 0.250000   acc = 0.933
Current lr: 0.000010
Current validation accuracy: 0.6865671277046204


Epoch [132]:
Training:
Average incurred loss: 0.376  
Average sample loss: 0.350  
Average acc: 0.876  
  waterbird_complete50 = 0, forest2water2 = 0  [n = 60]:	loss = 0.000  exp loss = 0.001  adjusted loss = 0.001  adv prob = 0.250000   acc = 1.000
  waterbird_complete50 = 0, forest2water2 = 1  [n = 57]:	loss = 0.106  exp loss = 0.083  adjusted loss = 0.083  adv prob = 0.250000   acc = 0.965
  waterbird_complete50 = 1, forest2water2 = 0  [n = 54]:	loss = 0.925  exp loss = 0.740  adjusted loss = 0.740  adv prob = 0.250000   acc = 0.741
  waterbird_complete50 = 1, forest2water2 = 1  [n = 54]:	loss = 0.527  exp loss = 0.417  adjusted loss = 0.417  adv prob = 0.250000   acc = 0.778

Validation:
Average incurred loss: 0.237  
Average sample loss: 0.234  
Average acc: 0.951  
  waterbird_complete50 = 0, forest2water2 = 0  [n = 465]:	loss = 0.001  exp loss = 0.001  adjusted loss = 0.001  adv prob = 0.250000   acc = 1.000
  waterbird_complete50 = 0, forest2water2 = 1  [n = 466]:	loss = 0.157  exp loss = 0.136  adjusted loss = 0.136  adv prob = 0.250000   acc = 0.968
  waterbird_complete50 = 1, forest2water2 = 0  [n = 134]:	loss = 1.411  exp loss = 1.755  adjusted loss = 1.755  adv prob = 0.250000   acc = 0.709
  waterbird_complete50 = 1, forest2water2 = 1  [n = 134]:	loss = 0.158  exp loss = 0.180  adjusted loss = 0.180  adv prob = 0.250000   acc = 0.963
Current lr: 0.000010
Current validation accuracy: 0.7089551687240601


Epoch [133]:
Training:
Average incurred loss: 0.337  
Average sample loss: 0.322  
Average acc: 0.889  
  waterbird_complete50 = 0, forest2water2 = 0  [n = 54]:	loss = 0.000  exp loss = 0.001  adjusted loss = 0.001  adv prob = 0.250000   acc = 1.000
  waterbird_complete50 = 0, forest2water2 = 1  [n = 56]:	loss = 0.112  exp loss = 0.084  adjusted loss = 0.084  adv prob = 0.250000   acc = 0.946
  waterbird_complete50 = 1, forest2water2 = 0  [n = 53]:	loss = 0.577  exp loss = 0.659  adjusted loss = 0.659  adv prob = 0.250000   acc = 0.868
  waterbird_complete50 = 1, forest2water2 = 1  [n = 62]:	loss = 0.628  exp loss = 0.477  adjusted loss = 0.477  adv prob = 0.250000   acc = 0.758

Validation:
Average incurred loss: 0.239  
Average sample loss: 0.236  
Average acc: 0.952  
  waterbird_complete50 = 0, forest2water2 = 0  [n = 465]:	loss = 0.001  exp loss = 0.001  adjusted loss = 0.001  adv prob = 0.250000   acc = 1.000
  waterbird_complete50 = 0, forest2water2 = 1  [n = 466]:	loss = 0.148  exp loss = 0.129  adjusted loss = 0.129  adv prob = 0.250000   acc = 0.972
  waterbird_complete50 = 1, forest2water2 = 0  [n = 134]:	loss = 1.453  exp loss = 1.818  adjusted loss = 1.818  adv prob = 0.250000   acc = 0.709
  waterbird_complete50 = 1, forest2water2 = 1  [n = 134]:	loss = 0.167  exp loss = 0.191  adjusted loss = 0.191  adv prob = 0.250000   acc = 0.955
Current lr: 0.000010
Current validation accuracy: 0.7089551687240601


Epoch [134]:
Training:
Average incurred loss: 0.194  
Average sample loss: 0.191  
Average acc: 0.929  
  waterbird_complete50 = 0, forest2water2 = 0  [n = 68]:	loss = 0.001  exp loss = 0.001  adjusted loss = 0.001  adv prob = 0.250000   acc = 1.000
  waterbird_complete50 = 0, forest2water2 = 1  [n = 47]:	loss = 0.134  exp loss = 0.097  adjusted loss = 0.097  adv prob = 0.250000   acc = 0.957
  waterbird_complete50 = 1, forest2water2 = 0  [n = 59]:	loss = 0.286  exp loss = 0.504  adjusted loss = 0.504  adv prob = 0.250000   acc = 0.898
  waterbird_complete50 = 1, forest2water2 = 1  [n = 51]:	loss = 0.399  exp loss = 0.451  adjusted loss = 0.451  adv prob = 0.250000   acc = 0.843

Validation:
Average incurred loss: 0.233  
Average sample loss: 0.230  
Average acc: 0.952  
  waterbird_complete50 = 0, forest2water2 = 0  [n = 465]:	loss = 0.001  exp loss = 0.001  adjusted loss = 0.001  adv prob = 0.250000   acc = 1.000
  waterbird_complete50 = 0, forest2water2 = 1  [n = 466]:	loss = 0.159  exp loss = 0.138  adjusted loss = 0.138  adv prob = 0.250000   acc = 0.968
  waterbird_complete50 = 1, forest2water2 = 0  [n = 134]:	loss = 1.378  exp loss = 1.700  adjusted loss = 1.700  adv prob = 0.250000   acc = 0.716
  waterbird_complete50 = 1, forest2water2 = 1  [n = 134]:	loss = 0.150  exp loss = 0.172  adjusted loss = 0.172  adv prob = 0.250000   acc = 0.963
Current lr: 0.000010
Current validation accuracy: 0.7164179086685181
Best model saved at epoch 134


Epoch [135]:
Training:
Average incurred loss: 0.322  
Average sample loss: 0.337  
Average acc: 0.884  
  waterbird_complete50 = 0, forest2water2 = 0  [n = 55]:	loss = 0.001  exp loss = 0.001  adjusted loss = 0.001  adv prob = 0.250000   acc = 1.000
  waterbird_complete50 = 0, forest2water2 = 1  [n = 57]:	loss = 0.083  exp loss = 0.087  adjusted loss = 0.087  adv prob = 0.250000   acc = 0.947
  waterbird_complete50 = 1, forest2water2 = 0  [n = 60]:	loss = 0.691  exp loss = 0.587  adjusted loss = 0.587  adv prob = 0.250000   acc = 0.750
  waterbird_complete50 = 1, forest2water2 = 1  [n = 53]:	loss = 0.495  exp loss = 0.456  adjusted loss = 0.456  adv prob = 0.250000   acc = 0.849

Validation:
Average incurred loss: 0.236  
Average sample loss: 0.233  
Average acc: 0.951  
  waterbird_complete50 = 0, forest2water2 = 0  [n = 465]:	loss = 0.001  exp loss = 0.001  adjusted loss = 0.001  adv prob = 0.250000   acc = 1.000
  waterbird_complete50 = 0, forest2water2 = 1  [n = 466]:	loss = 0.157  exp loss = 0.136  adjusted loss = 0.136  adv prob = 0.250000   acc = 0.968
  waterbird_complete50 = 1, forest2water2 = 0  [n = 134]:	loss = 1.406  exp loss = 1.739  adjusted loss = 1.739  adv prob = 0.250000   acc = 0.716
  waterbird_complete50 = 1, forest2water2 = 1  [n = 134]:	loss = 0.156  exp loss = 0.179  adjusted loss = 0.179  adv prob = 0.250000   acc = 0.955
Current lr: 0.000010
Current validation accuracy: 0.7164179086685181


Epoch [136]:
Training:
Average incurred loss: 0.309  
Average sample loss: 0.329  
Average acc: 0.916  
  waterbird_complete50 = 0, forest2water2 = 0  [n = 57]:	loss = 0.002  exp loss = 0.001  adjusted loss = 0.001  adv prob = 0.250000   acc = 1.000
  waterbird_complete50 = 0, forest2water2 = 1  [n = 56]:	loss = 0.102  exp loss = 0.087  adjusted loss = 0.087  adv prob = 0.250000   acc = 0.946
  waterbird_complete50 = 1, forest2water2 = 0  [n = 53]:	loss = 0.826  exp loss = 0.688  adjusted loss = 0.688  adv prob = 0.250000   acc = 0.811
  waterbird_complete50 = 1, forest2water2 = 1  [n = 59]:	loss = 0.337  exp loss = 0.428  adjusted loss = 0.428  adv prob = 0.250000   acc = 0.898

Validation:
Average incurred loss: 0.244  
Average sample loss: 0.241  
Average acc: 0.948  
  waterbird_complete50 = 0, forest2water2 = 0  [n = 465]:	loss = 0.001  exp loss = 0.001  adjusted loss = 0.001  adv prob = 0.250000   acc = 1.000
  waterbird_complete50 = 0, forest2water2 = 1  [n = 466]:	loss = 0.143  exp loss = 0.125  adjusted loss = 0.125  adv prob = 0.250000   acc = 0.972
  waterbird_complete50 = 1, forest2water2 = 0  [n = 134]:	loss = 1.508  exp loss = 1.880  adjusted loss = 1.880  adv prob = 0.250000   acc = 0.694
  waterbird_complete50 = 1, forest2water2 = 1  [n = 134]:	loss = 0.177  exp loss = 0.201  adjusted loss = 0.201  adv prob = 0.250000   acc = 0.940
Current lr: 0.000010
Current validation accuracy: 0.6940298080444336


Epoch [137]:
Training:
Average incurred loss: 0.295  
Average sample loss: 0.326  
Average acc: 0.902  
  waterbird_complete50 = 0, forest2water2 = 0  [n = 64]:	loss = 0.007  exp loss = 0.003  adjusted loss = 0.003  adv prob = 0.250000   acc = 1.000
  waterbird_complete50 = 0, forest2water2 = 1  [n = 47]:	loss = 0.152  exp loss = 0.099  adjusted loss = 0.099  adv prob = 0.250000   acc = 0.936
  waterbird_complete50 = 1, forest2water2 = 0  [n = 54]:	loss = 0.607  exp loss = 0.705  adjusted loss = 0.705  adv prob = 0.250000   acc = 0.852
  waterbird_complete50 = 1, forest2water2 = 1  [n = 60]:	loss = 0.433  exp loss = 0.402  adjusted loss = 0.402  adv prob = 0.250000   acc = 0.817

Validation:
Average incurred loss: 0.246  
Average sample loss: 0.242  
Average acc: 0.947  
  waterbird_complete50 = 0, forest2water2 = 0  [n = 465]:	loss = 0.001  exp loss = 0.001  adjusted loss = 0.001  adv prob = 0.250000   acc = 1.000
  waterbird_complete50 = 0, forest2water2 = 1  [n = 466]:	loss = 0.142  exp loss = 0.124  adjusted loss = 0.124  adv prob = 0.250000   acc = 0.972
  waterbird_complete50 = 1, forest2water2 = 0  [n = 134]:	loss = 1.523  exp loss = 1.904  adjusted loss = 1.904  adv prob = 0.250000   acc = 0.687
  waterbird_complete50 = 1, forest2water2 = 1  [n = 134]:	loss = 0.178  exp loss = 0.201  adjusted loss = 0.201  adv prob = 0.250000   acc = 0.933
Current lr: 0.000010
Current validation accuracy: 0.6865671873092651


Epoch [138]:
Training:
Average incurred loss: 0.374  
Average sample loss: 0.381  
Average acc: 0.889  
  waterbird_complete50 = 0, forest2water2 = 0  [n = 61]:	loss = 0.000  exp loss = 0.002  adjusted loss = 0.002  adv prob = 0.250000   acc = 1.000
  waterbird_complete50 = 0, forest2water2 = 1  [n = 46]:	loss = 0.147  exp loss = 0.102  adjusted loss = 0.102  adv prob = 0.250000   acc = 0.935
  waterbird_complete50 = 1, forest2water2 = 0  [n = 50]:	loss = 0.699  exp loss = 0.686  adjusted loss = 0.686  adv prob = 0.250000   acc = 0.820
  waterbird_complete50 = 1, forest2water2 = 1  [n = 68]:	loss = 0.625  exp loss = 0.498  adjusted loss = 0.498  adv prob = 0.250000   acc = 0.809

Validation:
Average incurred loss: 0.248  
Average sample loss: 0.245  
Average acc: 0.949  
  waterbird_complete50 = 0, forest2water2 = 0  [n = 465]:	loss = 0.001  exp loss = 0.001  adjusted loss = 0.001  adv prob = 0.250000   acc = 1.000
  waterbird_complete50 = 0, forest2water2 = 1  [n = 466]:	loss = 0.136  exp loss = 0.119  adjusted loss = 0.119  adv prob = 0.250000   acc = 0.972
  waterbird_complete50 = 1, forest2water2 = 0  [n = 134]:	loss = 1.556  exp loss = 1.955  adjusted loss = 1.955  adv prob = 0.250000   acc = 0.694
  waterbird_complete50 = 1, forest2water2 = 1  [n = 134]:	loss = 0.190  exp loss = 0.217  adjusted loss = 0.217  adv prob = 0.250000   acc = 0.948
Current lr: 0.000010
Current validation accuracy: 0.6940298080444336


Epoch [139]:
Training:
Average incurred loss: 0.303  
Average sample loss: 0.277  
Average acc: 0.867  
  waterbird_complete50 = 0, forest2water2 = 0  [n = 53]:	loss = 0.018  exp loss = 0.006  adjusted loss = 0.006  adv prob = 0.250000   acc = 0.981
  waterbird_complete50 = 0, forest2water2 = 1  [n = 60]:	loss = 0.092  exp loss = 0.102  adjusted loss = 0.102  adv prob = 0.250000   acc = 0.950
  waterbird_complete50 = 1, forest2water2 = 0  [n = 57]:	loss = 0.714  exp loss = 0.619  adjusted loss = 0.619  adv prob = 0.250000   acc = 0.702
  waterbird_complete50 = 1, forest2water2 = 1  [n = 55]:	loss = 0.384  exp loss = 0.430  adjusted loss = 0.430  adv prob = 0.250000   acc = 0.836

Validation:
Average incurred loss: 0.235  
Average sample loss: 0.232  
Average acc: 0.952  
  waterbird_complete50 = 0, forest2water2 = 0  [n = 465]:	loss = 0.001  exp loss = 0.001  adjusted loss = 0.001  adv prob = 0.250000   acc = 1.000
  waterbird_complete50 = 0, forest2water2 = 1  [n = 466]:	loss = 0.157  exp loss = 0.136  adjusted loss = 0.136  adv prob = 0.250000   acc = 0.970
  waterbird_complete50 = 1, forest2water2 = 0  [n = 134]:	loss = 1.397  exp loss = 1.757  adjusted loss = 1.757  adv prob = 0.250000   acc = 0.716
  waterbird_complete50 = 1, forest2water2 = 1  [n = 134]:	loss = 0.157  exp loss = 0.180  adjusted loss = 0.180  adv prob = 0.250000   acc = 0.963
Current lr: 0.000010
Current validation accuracy: 0.7164179086685181


Epoch [140]:
Training:
Average incurred loss: 0.245  
Average sample loss: 0.222  
Average acc: 0.911  
  waterbird_complete50 = 0, forest2water2 = 0  [n = 54]:	loss = 0.000  exp loss = 0.004  adjusted loss = 0.004  adv prob = 0.250000   acc = 1.000
  waterbird_complete50 = 0, forest2water2 = 1  [n = 60]:	loss = 0.067  exp loss = 0.086  adjusted loss = 0.086  adv prob = 0.250000   acc = 0.967
  waterbird_complete50 = 1, forest2water2 = 0  [n = 57]:	loss = 0.510  exp loss = 0.553  adjusted loss = 0.553  adv prob = 0.250000   acc = 0.842
  waterbird_complete50 = 1, forest2water2 = 1  [n = 54]:	loss = 0.411  exp loss = 0.391  adjusted loss = 0.391  adv prob = 0.250000   acc = 0.833

Validation:
Average incurred loss: 0.233  
Average sample loss: 0.230  
Average acc: 0.953  
  waterbird_complete50 = 0, forest2water2 = 0  [n = 465]:	loss = 0.001  exp loss = 0.001  adjusted loss = 0.001  adv prob = 0.250000   acc = 1.000
  waterbird_complete50 = 0, forest2water2 = 1  [n = 466]:	loss = 0.159  exp loss = 0.138  adjusted loss = 0.138  adv prob = 0.250000   acc = 0.970
  waterbird_complete50 = 1, forest2water2 = 0  [n = 134]:	loss = 1.376  exp loss = 1.728  adjusted loss = 1.728  adv prob = 0.250000   acc = 0.724
  waterbird_complete50 = 1, forest2water2 = 1  [n = 134]:	loss = 0.152  exp loss = 0.176  adjusted loss = 0.176  adv prob = 0.250000   acc = 0.963
Current lr: 0.000010
Current validation accuracy: 0.7238806486129761
Best model saved at epoch 140


Epoch [141]:
Training:
Average incurred loss: 0.150  
Average sample loss: 0.160  
Average acc: 0.951  
  waterbird_complete50 = 0, forest2water2 = 0  [n = 58]:	loss = 0.001  exp loss = 0.003  adjusted loss = 0.003  adv prob = 0.250000   acc = 1.000
  waterbird_complete50 = 0, forest2water2 = 1  [n = 63]:	loss = 0.059  exp loss = 0.069  adjusted loss = 0.069  adv prob = 0.250000   acc = 0.968
  waterbird_complete50 = 1, forest2water2 = 0  [n = 55]:	loss = 0.257  exp loss = 0.449  adjusted loss = 0.449  adv prob = 0.250000   acc = 0.945
  waterbird_complete50 = 1, forest2water2 = 1  [n = 49]:	loss = 0.321  exp loss = 0.369  adjusted loss = 0.369  adv prob = 0.250000   acc = 0.878

Validation:
Average incurred loss: 0.237  
Average sample loss: 0.234  
Average acc: 0.952  
  waterbird_complete50 = 0, forest2water2 = 0  [n = 465]:	loss = 0.001  exp loss = 0.001  adjusted loss = 0.001  adv prob = 0.250000   acc = 1.000
  waterbird_complete50 = 0, forest2water2 = 1  [n = 466]:	loss = 0.151  exp loss = 0.131  adjusted loss = 0.131  adv prob = 0.250000   acc = 0.970
  waterbird_complete50 = 1, forest2water2 = 0  [n = 134]:	loss = 1.425  exp loss = 1.782  adjusted loss = 1.782  adv prob = 0.250000   acc = 0.716
  waterbird_complete50 = 1, forest2water2 = 1  [n = 134]:	loss = 0.167  exp loss = 0.192  adjusted loss = 0.192  adv prob = 0.250000   acc = 0.963
Current lr: 0.000010
Current validation accuracy: 0.7164179086685181


Epoch [142]:
Training:
Average incurred loss: 0.306  
Average sample loss: 0.276  
Average acc: 0.889  
  waterbird_complete50 = 0, forest2water2 = 0  [n = 67]:	loss = 0.000  exp loss = 0.002  adjusted loss = 0.002  adv prob = 0.250000   acc = 1.000
  waterbird_complete50 = 0, forest2water2 = 1  [n = 42]:	loss = 0.118  exp loss = 0.068  adjusted loss = 0.068  adv prob = 0.250000   acc = 0.952
  waterbird_complete50 = 1, forest2water2 = 0  [n = 61]:	loss = 0.687  exp loss = 0.505  adjusted loss = 0.505  adv prob = 0.250000   acc = 0.787
  waterbird_complete50 = 1, forest2water2 = 1  [n = 55]:	loss = 0.398  exp loss = 0.350  adjusted loss = 0.350  adv prob = 0.250000   acc = 0.818

Validation:
Average incurred loss: 0.232  
Average sample loss: 0.229  
Average acc: 0.949  
  waterbird_complete50 = 0, forest2water2 = 0  [n = 465]:	loss = 0.001  exp loss = 0.001  adjusted loss = 0.001  adv prob = 0.250000   acc = 1.000
  waterbird_complete50 = 0, forest2water2 = 1  [n = 466]:	loss = 0.162  exp loss = 0.141  adjusted loss = 0.141  adv prob = 0.250000   acc = 0.964
  waterbird_complete50 = 1, forest2water2 = 0  [n = 134]:	loss = 1.359  exp loss = 1.697  adjusted loss = 1.697  adv prob = 0.250000   acc = 0.701
  waterbird_complete50 = 1, forest2water2 = 1  [n = 134]:	loss = 0.152  exp loss = 0.175  adjusted loss = 0.175  adv prob = 0.250000   acc = 0.970
Current lr: 0.000010
Current validation accuracy: 0.7014926671981812


Epoch [143]:
Training:
Average incurred loss: 0.225  
Average sample loss: 0.214  
Average acc: 0.924  
  waterbird_complete50 = 0, forest2water2 = 0  [n = 61]:	loss = 0.000  exp loss = 0.001  adjusted loss = 0.001  adv prob = 0.250000   acc = 1.000
  waterbird_complete50 = 0, forest2water2 = 1  [n = 58]:	loss = 0.052  exp loss = 0.064  adjusted loss = 0.064  adv prob = 0.250000   acc = 0.966
  waterbird_complete50 = 1, forest2water2 = 0  [n = 58]:	loss = 0.394  exp loss = 0.446  adjusted loss = 0.446  adv prob = 0.250000   acc = 0.879
  waterbird_complete50 = 1, forest2water2 = 1  [n = 48]:	loss = 0.514  exp loss = 0.430  adjusted loss = 0.430  adv prob = 0.250000   acc = 0.833

Validation:
Average incurred loss: 0.227  
Average sample loss: 0.224  
Average acc: 0.951  
  waterbird_complete50 = 0, forest2water2 = 0  [n = 465]:	loss = 0.002  exp loss = 0.001  adjusted loss = 0.001  adv prob = 0.250000   acc = 1.000
  waterbird_complete50 = 0, forest2water2 = 1  [n = 466]:	loss = 0.173  exp loss = 0.149  adjusted loss = 0.149  adv prob = 0.250000   acc = 0.961
  waterbird_complete50 = 1, forest2water2 = 0  [n = 134]:	loss = 1.292  exp loss = 1.608  adjusted loss = 1.608  adv prob = 0.250000   acc = 0.724
  waterbird_complete50 = 1, forest2water2 = 1  [n = 134]:	loss = 0.135  exp loss = 0.156  adjusted loss = 0.156  adv prob = 0.250000   acc = 0.970
Current lr: 0.000010
Current validation accuracy: 0.7238806486129761


Epoch [144]:
Training:
Average incurred loss: 0.187  
Average sample loss: 0.191  
Average acc: 0.920  
  waterbird_complete50 = 0, forest2water2 = 0  [n = 76]:	loss = 0.001  exp loss = 0.001  adjusted loss = 0.001  adv prob = 0.250000   acc = 1.000
  waterbird_complete50 = 0, forest2water2 = 1  [n = 44]:	loss = 0.141  exp loss = 0.081  adjusted loss = 0.081  adv prob = 0.250000   acc = 0.932
  waterbird_complete50 = 1, forest2water2 = 0  [n = 48]:	loss = 0.399  exp loss = 0.433  adjusted loss = 0.433  adv prob = 0.250000   acc = 0.854
  waterbird_complete50 = 1, forest2water2 = 1  [n = 57]:	loss = 0.291  exp loss = 0.387  adjusted loss = 0.387  adv prob = 0.250000   acc = 0.860

Validation:
Average incurred loss: 0.221  
Average sample loss: 0.218  
Average acc: 0.952  
  waterbird_complete50 = 0, forest2water2 = 0  [n = 465]:	loss = 0.002  exp loss = 0.001  adjusted loss = 0.001  adv prob = 0.250000   acc = 1.000
  waterbird_complete50 = 0, forest2water2 = 1  [n = 466]:	loss = 0.185  exp loss = 0.159  adjusted loss = 0.159  adv prob = 0.250000   acc = 0.957
  waterbird_complete50 = 1, forest2water2 = 0  [n = 134]:	loss = 1.200  exp loss = 1.486  adjusted loss = 1.486  adv prob = 0.250000   acc = 0.746
  waterbird_complete50 = 1, forest2water2 = 1  [n = 134]:	loss = 0.124  exp loss = 0.142  adjusted loss = 0.142  adv prob = 0.250000   acc = 0.970
Current lr: 0.000010
Current validation accuracy: 0.746268630027771
Best model saved at epoch 144


Epoch [145]:
Training:
Average incurred loss: 0.280  
Average sample loss: 0.303  
Average acc: 0.911  
  waterbird_complete50 = 0, forest2water2 = 0  [n = 56]:	loss = 0.001  exp loss = 0.001  adjusted loss = 0.001  adv prob = 0.250000   acc = 1.000
  waterbird_complete50 = 0, forest2water2 = 1  [n = 57]:	loss = 0.091  exp loss = 0.083  adjusted loss = 0.083  adv prob = 0.250000   acc = 0.947
  waterbird_complete50 = 1, forest2water2 = 0  [n = 55]:	loss = 0.703  exp loss = 0.521  adjusted loss = 0.521  adv prob = 0.250000   acc = 0.855
  waterbird_complete50 = 1, forest2water2 = 1  [n = 57]:	loss = 0.334  exp loss = 0.379  adjusted loss = 0.379  adv prob = 0.250000   acc = 0.842

Validation:
Average incurred loss: 0.225  
Average sample loss: 0.222  
Average acc: 0.951  
  waterbird_complete50 = 0, forest2water2 = 0  [n = 465]:	loss = 0.002  exp loss = 0.001  adjusted loss = 0.001  adv prob = 0.250000   acc = 1.000
  waterbird_complete50 = 0, forest2water2 = 1  [n = 466]:	loss = 0.172  exp loss = 0.149  adjusted loss = 0.149  adv prob = 0.250000   acc = 0.959
  waterbird_complete50 = 1, forest2water2 = 0  [n = 134]:	loss = 1.275  exp loss = 1.575  adjusted loss = 1.575  adv prob = 0.250000   acc = 0.731
  waterbird_complete50 = 1, forest2water2 = 1  [n = 134]:	loss = 0.129  exp loss = 0.147  adjusted loss = 0.147  adv prob = 0.250000   acc = 0.970
Current lr: 0.000010
Current validation accuracy: 0.7313432693481445


Epoch [146]:
Training:
Average incurred loss: 0.261  
Average sample loss: 0.243  
Average acc: 0.916  
  waterbird_complete50 = 0, forest2water2 = 0  [n = 47]:	loss = 0.014  exp loss = 0.003  adjusted loss = 0.003  adv prob = 0.250000   acc = 1.000
  waterbird_complete50 = 0, forest2water2 = 1  [n = 71]:	loss = 0.083  exp loss = 0.080  adjusted loss = 0.080  adv prob = 0.250000   acc = 0.944
  waterbird_complete50 = 1, forest2water2 = 0  [n = 58]:	loss = 0.791  exp loss = 0.578  adjusted loss = 0.578  adv prob = 0.250000   acc = 0.810
  waterbird_complete50 = 1, forest2water2 = 1  [n = 49]:	loss = 0.126  exp loss = 0.283  adjusted loss = 0.283  adv prob = 0.250000   acc = 0.918

Validation:
Average incurred loss: 0.230  
Average sample loss: 0.227  
Average acc: 0.951  
  waterbird_complete50 = 0, forest2water2 = 0  [n = 465]:	loss = 0.002  exp loss = 0.001  adjusted loss = 0.001  adv prob = 0.250000   acc = 1.000
  waterbird_complete50 = 0, forest2water2 = 1  [n = 466]:	loss = 0.164  exp loss = 0.142  adjusted loss = 0.142  adv prob = 0.250000   acc = 0.966
  waterbird_complete50 = 1, forest2water2 = 0  [n = 134]:	loss = 1.339  exp loss = 1.652  adjusted loss = 1.652  adv prob = 0.250000   acc = 0.716
  waterbird_complete50 = 1, forest2water2 = 1  [n = 134]:	loss = 0.142  exp loss = 0.162  adjusted loss = 0.162  adv prob = 0.250000   acc = 0.963
Current lr: 0.000010
Current validation accuracy: 0.7164179086685181


Epoch [147]:
Training:
Average incurred loss: 0.447  
Average sample loss: 0.485  
Average acc: 0.867  
  waterbird_complete50 = 0, forest2water2 = 0  [n = 60]:	loss = 0.001  exp loss = 0.002  adjusted loss = 0.002  adv prob = 0.250000   acc = 1.000
  waterbird_complete50 = 0, forest2water2 = 1  [n = 46]:	loss = 0.131  exp loss = 0.082  adjusted loss = 0.082  adv prob = 0.250000   acc = 0.957
  waterbird_complete50 = 1, forest2water2 = 0  [n = 61]:	loss = 0.858  exp loss = 0.716  adjusted loss = 0.716  adv prob = 0.250000   acc = 0.754
  waterbird_complete50 = 1, forest2water2 = 1  [n = 58]:	loss = 0.727  exp loss = 0.413  adjusted loss = 0.413  adv prob = 0.250000   acc = 0.776

Validation:
Average incurred loss: 0.242  
Average sample loss: 0.239  
Average acc: 0.947  
  waterbird_complete50 = 0, forest2water2 = 0  [n = 465]:	loss = 0.001  exp loss = 0.001  adjusted loss = 0.001  adv prob = 0.250000   acc = 1.000
  waterbird_complete50 = 0, forest2water2 = 1  [n = 466]:	loss = 0.145  exp loss = 0.127  adjusted loss = 0.127  adv prob = 0.250000   acc = 0.972
  waterbird_complete50 = 1, forest2water2 = 0  [n = 134]:	loss = 1.488  exp loss = 1.836  adjusted loss = 1.836  adv prob = 0.250000   acc = 0.679
  waterbird_complete50 = 1, forest2water2 = 1  [n = 134]:	loss = 0.172  exp loss = 0.195  adjusted loss = 0.195  adv prob = 0.250000   acc = 0.948
Current lr: 0.000010
Current validation accuracy: 0.6791045069694519


Epoch [148]:
Training:
Average incurred loss: 0.217  
Average sample loss: 0.196  
Average acc: 0.924  
  waterbird_complete50 = 0, forest2water2 = 0  [n = 51]:	loss = 0.000  exp loss = 0.002  adjusted loss = 0.002  adv prob = 0.250000   acc = 1.000
  waterbird_complete50 = 0, forest2water2 = 1  [n = 65]:	loss = 0.069  exp loss = 0.080  adjusted loss = 0.080  adv prob = 0.250000   acc = 0.969
  waterbird_complete50 = 1, forest2water2 = 0  [n = 55]:	loss = 0.517  exp loss = 0.620  adjusted loss = 0.620  adv prob = 0.250000   acc = 0.855
  waterbird_complete50 = 1, forest2water2 = 1  [n = 54]:	loss = 0.294  exp loss = 0.336  adjusted loss = 0.336  adv prob = 0.250000   acc = 0.870

Validation:
Average incurred loss: 0.233  
Average sample loss: 0.230  
Average acc: 0.952  
  waterbird_complete50 = 0, forest2water2 = 0  [n = 465]:	loss = 0.001  exp loss = 0.001  adjusted loss = 0.001  adv prob = 0.250000   acc = 1.000
  waterbird_complete50 = 0, forest2water2 = 1  [n = 466]:	loss = 0.158  exp loss = 0.137  adjusted loss = 0.137  adv prob = 0.250000   acc = 0.970
  waterbird_complete50 = 1, forest2water2 = 0  [n = 134]:	loss = 1.379  exp loss = 1.693  adjusted loss = 1.693  adv prob = 0.250000   acc = 0.709
  waterbird_complete50 = 1, forest2water2 = 1  [n = 134]:	loss = 0.152  exp loss = 0.174  adjusted loss = 0.174  adv prob = 0.250000   acc = 0.963
Current lr: 0.000010
Current validation accuracy: 0.7089551687240601


Epoch [149]:
Training:
Average incurred loss: 0.326  
Average sample loss: 0.311  
Average acc: 0.884  
  waterbird_complete50 = 0, forest2water2 = 0  [n = 54]:	loss = 0.000  exp loss = 0.001  adjusted loss = 0.001  adv prob = 0.250000   acc = 1.000
  waterbird_complete50 = 0, forest2water2 = 1  [n = 50]:	loss = 0.038  exp loss = 0.066  adjusted loss = 0.066  adv prob = 0.250000   acc = 1.000
  waterbird_complete50 = 1, forest2water2 = 0  [n = 58]:	loss = 0.507  exp loss = 0.563  adjusted loss = 0.563  adv prob = 0.250000   acc = 0.828
  waterbird_complete50 = 1, forest2water2 = 1  [n = 63]:	loss = 0.666  exp loss = 0.445  adjusted loss = 0.445  adv prob = 0.250000   acc = 0.746

Validation:
Average incurred loss: 0.243  
Average sample loss: 0.239  
Average acc: 0.951  
  waterbird_complete50 = 0, forest2water2 = 0  [n = 465]:	loss = 0.001  exp loss = 0.001  adjusted loss = 0.001  adv prob = 0.250000   acc = 1.000
  waterbird_complete50 = 0, forest2water2 = 1  [n = 466]:	loss = 0.147  exp loss = 0.129  adjusted loss = 0.129  adv prob = 0.250000   acc = 0.972
  waterbird_complete50 = 1, forest2water2 = 0  [n = 134]:	loss = 1.487  exp loss = 1.834  adjusted loss = 1.834  adv prob = 0.250000   acc = 0.694
  waterbird_complete50 = 1, forest2water2 = 1  [n = 134]:	loss = 0.170  exp loss = 0.194  adjusted loss = 0.194  adv prob = 0.250000   acc = 0.963
Current lr: 0.000010
Current validation accuracy: 0.6940298080444336


Epoch [150]:
Training:
Average incurred loss: 0.247  
Average sample loss: 0.257  
Average acc: 0.916  
  waterbird_complete50 = 0, forest2water2 = 0  [n = 54]:	loss = 0.000  exp loss = 0.001  adjusted loss = 0.001  adv prob = 0.250000   acc = 1.000
  waterbird_complete50 = 0, forest2water2 = 1  [n = 56]:	loss = 0.071  exp loss = 0.062  adjusted loss = 0.062  adv prob = 0.250000   acc = 0.964
  waterbird_complete50 = 1, forest2water2 = 0  [n = 52]:	loss = 0.517  exp loss = 0.488  adjusted loss = 0.488  adv prob = 0.250000   acc = 0.846
  waterbird_complete50 = 1, forest2water2 = 1  [n = 63]:	loss = 0.392  exp loss = 0.437  adjusted loss = 0.437  adv prob = 0.250000   acc = 0.857

Validation:
Average incurred loss: 0.255  
Average sample loss: 0.251  
Average acc: 0.944  
  waterbird_complete50 = 0, forest2water2 = 0  [n = 465]:	loss = 0.001  exp loss = 0.001  adjusted loss = 0.001  adv prob = 0.250000   acc = 1.000
  waterbird_complete50 = 0, forest2water2 = 1  [n = 466]:	loss = 0.132  exp loss = 0.115  adjusted loss = 0.115  adv prob = 0.250000   acc = 0.972
  waterbird_complete50 = 1, forest2water2 = 0  [n = 134]:	loss = 1.624  exp loss = 2.006  adjusted loss = 2.006  adv prob = 0.250000   acc = 0.649
  waterbird_complete50 = 1, forest2water2 = 1  [n = 134]:	loss = 0.193  exp loss = 0.219  adjusted loss = 0.219  adv prob = 0.250000   acc = 0.948
Current lr: 0.000010
Current validation accuracy: 0.6492537260055542


Epoch [151]:
Training:
Average incurred loss: 0.194  
Average sample loss: 0.216  
Average acc: 0.920  
  waterbird_complete50 = 0, forest2water2 = 0  [n = 60]:	loss = 0.000  exp loss = 0.001  adjusted loss = 0.001  adv prob = 0.250000   acc = 1.000
  waterbird_complete50 = 0, forest2water2 = 1  [n = 58]:	loss = 0.189  exp loss = 0.090  adjusted loss = 0.090  adv prob = 0.250000   acc = 0.948
  waterbird_complete50 = 1, forest2water2 = 0  [n = 55]:	loss = 0.443  exp loss = 0.492  adjusted loss = 0.492  adv prob = 0.250000   acc = 0.800
  waterbird_complete50 = 1, forest2water2 = 1  [n = 52]:	loss = 0.160  exp loss = 0.328  adjusted loss = 0.328  adv prob = 0.250000   acc = 0.923

Validation:
Average incurred loss: 0.249  
Average sample loss: 0.246  
Average acc: 0.944  
  waterbird_complete50 = 0, forest2water2 = 0  [n = 465]:	loss = 0.001  exp loss = 0.001  adjusted loss = 0.001  adv prob = 0.250000   acc = 1.000
  waterbird_complete50 = 0, forest2water2 = 1  [n = 466]:	loss = 0.140  exp loss = 0.122  adjusted loss = 0.122  adv prob = 0.250000   acc = 0.972
  waterbird_complete50 = 1, forest2water2 = 0  [n = 134]:	loss = 1.563  exp loss = 1.929  adjusted loss = 1.929  adv prob = 0.250000   acc = 0.649
  waterbird_complete50 = 1, forest2water2 = 1  [n = 134]:	loss = 0.177  exp loss = 0.200  adjusted loss = 0.200  adv prob = 0.250000   acc = 0.948
Current lr: 0.000010
Current validation accuracy: 0.6492536664009094


Epoch [152]:
Training:
Average incurred loss: 0.344  
Average sample loss: 0.352  
Average acc: 0.867  
  waterbird_complete50 = 0, forest2water2 = 0  [n = 53]:	loss = 0.001  exp loss = 0.000  adjusted loss = 0.000  adv prob = 0.250000   acc = 1.000
  waterbird_complete50 = 0, forest2water2 = 1  [n = 58]:	loss = 0.169  exp loss = 0.109  adjusted loss = 0.109  adv prob = 0.250000   acc = 0.914
  waterbird_complete50 = 1, forest2water2 = 0  [n = 58]:	loss = 0.831  exp loss = 0.591  adjusted loss = 0.591  adv prob = 0.250000   acc = 0.759
  waterbird_complete50 = 1, forest2water2 = 1  [n = 56]:	loss = 0.347  exp loss = 0.361  adjusted loss = 0.361  adv prob = 0.250000   acc = 0.804

Validation:
Average incurred loss: 0.247  
Average sample loss: 0.243  
Average acc: 0.946  
  waterbird_complete50 = 0, forest2water2 = 0  [n = 465]:	loss = 0.001  exp loss = 0.001  adjusted loss = 0.001  adv prob = 0.250000   acc = 1.000
  waterbird_complete50 = 0, forest2water2 = 1  [n = 466]:	loss = 0.142  exp loss = 0.124  adjusted loss = 0.124  adv prob = 0.250000   acc = 0.972
  waterbird_complete50 = 1, forest2water2 = 0  [n = 134]:	loss = 1.541  exp loss = 1.890  adjusted loss = 1.890  adv prob = 0.250000   acc = 0.649
  waterbird_complete50 = 1, forest2water2 = 1  [n = 134]:	loss = 0.166  exp loss = 0.188  adjusted loss = 0.188  adv prob = 0.250000   acc = 0.963
Current lr: 0.000010
Current validation accuracy: 0.6492536664009094


Epoch [153]:
Training:
Average incurred loss: 0.369  
Average sample loss: 0.477  
Average acc: 0.889  
  waterbird_complete50 = 0, forest2water2 = 0  [n = 61]:	loss = 0.002  exp loss = 0.001  adjusted loss = 0.001  adv prob = 0.250000   acc = 1.000
  waterbird_complete50 = 0, forest2water2 = 1  [n = 51]:	loss = 0.080  exp loss = 0.106  adjusted loss = 0.106  adv prob = 0.250000   acc = 0.922
  waterbird_complete50 = 1, forest2water2 = 0  [n = 62]:	loss = 0.999  exp loss = 0.772  adjusted loss = 0.772  adv prob = 0.250000   acc = 0.774
  waterbird_complete50 = 1, forest2water2 = 1  [n = 51]:	loss = 0.330  exp loss = 0.389  adjusted loss = 0.389  adv prob = 0.250000   acc = 0.863

Validation:
Average incurred loss: 0.242  
Average sample loss: 0.239  
Average acc: 0.947  
  waterbird_complete50 = 0, forest2water2 = 0  [n = 465]:	loss = 0.001  exp loss = 0.001  adjusted loss = 0.001  adv prob = 0.250000   acc = 1.000
  waterbird_complete50 = 0, forest2water2 = 1  [n = 466]:	loss = 0.152  exp loss = 0.132  adjusted loss = 0.132  adv prob = 0.250000   acc = 0.970
  waterbird_complete50 = 1, forest2water2 = 0  [n = 134]:	loss = 1.473  exp loss = 1.807  adjusted loss = 1.807  adv prob = 0.250000   acc = 0.679
  waterbird_complete50 = 1, forest2water2 = 1  [n = 134]:	loss = 0.160  exp loss = 0.184  adjusted loss = 0.184  adv prob = 0.250000   acc = 0.955
Current lr: 0.000010
Current validation accuracy: 0.6791045069694519


Epoch [154]:
Training:
Average incurred loss: 0.219  
Average sample loss: 0.213  
Average acc: 0.929  
  waterbird_complete50 = 0, forest2water2 = 0  [n = 51]:	loss = 0.002  exp loss = 0.001  adjusted loss = 0.001  adv prob = 0.250000   acc = 1.000
  waterbird_complete50 = 0, forest2water2 = 1  [n = 63]:	loss = 0.071  exp loss = 0.091  adjusted loss = 0.091  adv prob = 0.250000   acc = 0.952
  waterbird_complete50 = 1, forest2water2 = 0  [n = 53]:	loss = 0.573  exp loss = 0.699  adjusted loss = 0.699  adv prob = 0.250000   acc = 0.868
  waterbird_complete50 = 1, forest2water2 = 1  [n = 58]:	loss = 0.248  exp loss = 0.323  adjusted loss = 0.323  adv prob = 0.250000   acc = 0.897

Validation:
Average incurred loss: 0.235  
Average sample loss: 0.232  
Average acc: 0.950  
  waterbird_complete50 = 0, forest2water2 = 0  [n = 465]:	loss = 0.001  exp loss = 0.001  adjusted loss = 0.001  adv prob = 0.250000   acc = 1.000
  waterbird_complete50 = 0, forest2water2 = 1  [n = 466]:	loss = 0.157  exp loss = 0.136  adjusted loss = 0.136  adv prob = 0.250000   acc = 0.968
  waterbird_complete50 = 1, forest2water2 = 0  [n = 134]:	loss = 1.401  exp loss = 1.728  adjusted loss = 1.728  adv prob = 0.250000   acc = 0.694
  waterbird_complete50 = 1, forest2water2 = 1  [n = 134]:	loss = 0.152  exp loss = 0.176  adjusted loss = 0.176  adv prob = 0.250000   acc = 0.970
Current lr: 0.000010
Current validation accuracy: 0.6940298080444336


Epoch [155]:
Training:
Average incurred loss: 0.355  
Average sample loss: 0.337  
Average acc: 0.893  
  waterbird_complete50 = 0, forest2water2 = 0  [n = 52]:	loss = 0.002  exp loss = 0.001  adjusted loss = 0.001  adv prob = 0.250000   acc = 1.000
  waterbird_complete50 = 0, forest2water2 = 1  [n = 53]:	loss = 0.083  exp loss = 0.087  adjusted loss = 0.087  adv prob = 0.250000   acc = 0.981
  waterbird_complete50 = 1, forest2water2 = 0  [n = 53]:	loss = 0.819  exp loss = 0.717  adjusted loss = 0.717  adv prob = 0.250000   acc = 0.755
  waterbird_complete50 = 1, forest2water2 = 1  [n = 67]:	loss = 0.477  exp loss = 0.356  adjusted loss = 0.356  adv prob = 0.250000   acc = 0.851

Validation:
Average incurred loss: 0.238  
Average sample loss: 0.235  
Average acc: 0.950  
  waterbird_complete50 = 0, forest2water2 = 0  [n = 465]:	loss = 0.001  exp loss = 0.001  adjusted loss = 0.001  adv prob = 0.250000   acc = 1.000
  waterbird_complete50 = 0, forest2water2 = 1  [n = 466]:	loss = 0.149  exp loss = 0.130  adjusted loss = 0.130  adv prob = 0.250000   acc = 0.972
  waterbird_complete50 = 1, forest2water2 = 0  [n = 134]:	loss = 1.446  exp loss = 1.792  adjusted loss = 1.792  adv prob = 0.250000   acc = 0.687
  waterbird_complete50 = 1, forest2water2 = 1  [n = 134]:	loss = 0.165  exp loss = 0.191  adjusted loss = 0.191  adv prob = 0.250000   acc = 0.963
Current lr: 0.000010
Current validation accuracy: 0.6865671873092651


Epoch [156]:
Training:
Average incurred loss: 0.399  
Average sample loss: 0.396  
Average acc: 0.898  
  waterbird_complete50 = 0, forest2water2 = 0  [n = 43]:	loss = 0.001  exp loss = 0.001  adjusted loss = 0.001  adv prob = 0.250000   acc = 1.000
  waterbird_complete50 = 0, forest2water2 = 1  [n = 60]:	loss = 0.102  exp loss = 0.091  adjusted loss = 0.091  adv prob = 0.250000   acc = 0.950
  waterbird_complete50 = 1, forest2water2 = 0  [n = 64]:	loss = 0.908  exp loss = 0.756  adjusted loss = 0.756  adv prob = 0.250000   acc = 0.812
  waterbird_complete50 = 1, forest2water2 = 1  [n = 58]:	loss = 0.442  exp loss = 0.415  adjusted loss = 0.415  adv prob = 0.250000   acc = 0.862

Validation:
Average incurred loss: 0.253  
Average sample loss: 0.250  
Average acc: 0.944  
  waterbird_complete50 = 0, forest2water2 = 0  [n = 465]:	loss = 0.001  exp loss = 0.001  adjusted loss = 0.001  adv prob = 0.250000   acc = 1.000
  waterbird_complete50 = 0, forest2water2 = 1  [n = 466]:	loss = 0.134  exp loss = 0.118  adjusted loss = 0.118  adv prob = 0.250000   acc = 0.972
  waterbird_complete50 = 1, forest2water2 = 0  [n = 134]:	loss = 1.606  exp loss = 1.992  adjusted loss = 1.992  adv prob = 0.250000   acc = 0.664
  waterbird_complete50 = 1, forest2water2 = 1  [n = 134]:	loss = 0.193  exp loss = 0.221  adjusted loss = 0.221  adv prob = 0.250000   acc = 0.933
Current lr: 0.000010
Current validation accuracy: 0.6641791462898254


Epoch [157]:
Training:
Average incurred loss: 0.406  
Average sample loss: 0.384  
Average acc: 0.862  
  waterbird_complete50 = 0, forest2water2 = 0  [n = 46]:	loss = 0.000  exp loss = 0.001  adjusted loss = 0.001  adv prob = 0.250000   acc = 1.000
  waterbird_complete50 = 0, forest2water2 = 1  [n = 52]:	loss = 0.013  exp loss = 0.063  adjusted loss = 0.063  adv prob = 0.250000   acc = 1.000
  waterbird_complete50 = 1, forest2water2 = 0  [n = 66]:	loss = 0.917  exp loss = 0.799  adjusted loss = 0.799  adv prob = 0.250000   acc = 0.773
  waterbird_complete50 = 1, forest2water2 = 1  [n = 61]:	loss = 0.495  exp loss = 0.438  adjusted loss = 0.438  adv prob = 0.250000   acc = 0.738

Validation:
Average incurred loss: 0.258  
Average sample loss: 0.254  
Average acc: 0.940  
  waterbird_complete50 = 0, forest2water2 = 0  [n = 465]:	loss = 0.001  exp loss = 0.001  adjusted loss = 0.001  adv prob = 0.250000   acc = 1.000
  waterbird_complete50 = 0, forest2water2 = 1  [n = 466]:	loss = 0.133  exp loss = 0.116  adjusted loss = 0.116  adv prob = 0.250000   acc = 0.972
  waterbird_complete50 = 1, forest2water2 = 0  [n = 134]:	loss = 1.636  exp loss = 2.027  adjusted loss = 2.027  adv prob = 0.250000   acc = 0.634
  waterbird_complete50 = 1, forest2water2 = 1  [n = 134]:	loss = 0.204  exp loss = 0.231  adjusted loss = 0.231  adv prob = 0.250000   acc = 0.925
Current lr: 0.000010
Current validation accuracy: 0.634328305721283


Epoch [158]:
Training:
Average incurred loss: 0.236  
Average sample loss: 0.254  
Average acc: 0.920  
  waterbird_complete50 = 0, forest2water2 = 0  [n = 57]:	loss = 0.000  exp loss = 0.001  adjusted loss = 0.001  adv prob = 0.250000   acc = 1.000
  waterbird_complete50 = 0, forest2water2 = 1  [n = 53]:	loss = 0.032  exp loss = 0.054  adjusted loss = 0.054  adv prob = 0.250000   acc = 0.981
  waterbird_complete50 = 1, forest2water2 = 0  [n = 54]:	loss = 0.669  exp loss = 0.778  adjusted loss = 0.778  adv prob = 0.250000   acc = 0.833
  waterbird_complete50 = 1, forest2water2 = 1  [n = 61]:	loss = 0.252  exp loss = 0.376  adjusted loss = 0.376  adv prob = 0.250000   acc = 0.869

Validation:
Average incurred loss: 0.258  
Average sample loss: 0.254  
Average acc: 0.941  
  waterbird_complete50 = 0, forest2water2 = 0  [n = 465]:	loss = 0.001  exp loss = 0.001  adjusted loss = 0.001  adv prob = 0.250000   acc = 1.000
  waterbird_complete50 = 0, forest2water2 = 1  [n = 466]:	loss = 0.135  exp loss = 0.118  adjusted loss = 0.118  adv prob = 0.250000   acc = 0.972
  waterbird_complete50 = 1, forest2water2 = 0  [n = 134]:	loss = 1.630  exp loss = 2.030  adjusted loss = 2.030  adv prob = 0.250000   acc = 0.642
  waterbird_complete50 = 1, forest2water2 = 1  [n = 134]:	loss = 0.203  exp loss = 0.230  adjusted loss = 0.230  adv prob = 0.250000   acc = 0.925
Current lr: 0.000010
Current validation accuracy: 0.6417909860610962


Epoch [159]:
Training:
Average incurred loss: 0.297  
Average sample loss: 0.284  
Average acc: 0.898  
  waterbird_complete50 = 0, forest2water2 = 0  [n = 72]:	loss = 0.006  exp loss = 0.004  adjusted loss = 0.004  adv prob = 0.250000   acc = 1.000
  waterbird_complete50 = 0, forest2water2 = 1  [n = 46]:	loss = 0.179  exp loss = 0.083  adjusted loss = 0.083  adv prob = 0.250000   acc = 0.913
  waterbird_complete50 = 1, forest2water2 = 0  [n = 42]:	loss = 0.712  exp loss = 0.749  adjusted loss = 0.749  adv prob = 0.250000   acc = 0.833
  waterbird_complete50 = 1, forest2water2 = 1  [n = 65]:	loss = 0.435  exp loss = 0.370  adjusted loss = 0.370  adv prob = 0.250000   acc = 0.815

Validation:
Average incurred loss: 0.242  
Average sample loss: 0.238  
Average acc: 0.948  
  waterbird_complete50 = 0, forest2water2 = 0  [n = 465]:	loss = 0.001  exp loss = 0.001  adjusted loss = 0.001  adv prob = 0.250000   acc = 1.000
  waterbird_complete50 = 0, forest2water2 = 1  [n = 466]:	loss = 0.147  exp loss = 0.128  adjusted loss = 0.128  adv prob = 0.250000   acc = 0.972
  waterbird_complete50 = 1, forest2water2 = 0  [n = 134]:	loss = 1.471  exp loss = 1.833  adjusted loss = 1.833  adv prob = 0.250000   acc = 0.679
  waterbird_complete50 = 1, forest2water2 = 1  [n = 134]:	loss = 0.176  exp loss = 0.203  adjusted loss = 0.203  adv prob = 0.250000   acc = 0.955
Current lr: 0.000010
Current validation accuracy: 0.6791043877601624


Epoch [160]:
Training:
Average incurred loss: 0.263  
Average sample loss: 0.245  
Average acc: 0.907  
  waterbird_complete50 = 0, forest2water2 = 0  [n = 52]:	loss = 0.001  exp loss = 0.003  adjusted loss = 0.003  adv prob = 0.250000   acc = 1.000
  waterbird_complete50 = 0, forest2water2 = 1  [n = 62]:	loss = 0.113  exp loss = 0.083  adjusted loss = 0.083  adv prob = 0.250000   acc = 0.935
  waterbird_complete50 = 1, forest2water2 = 0  [n = 59]:	loss = 0.568  exp loss = 0.675  adjusted loss = 0.675  adv prob = 0.250000   acc = 0.847
  waterbird_complete50 = 1, forest2water2 = 1  [n = 52]:	loss = 0.356  exp loss = 0.333  adjusted loss = 0.333  adv prob = 0.250000   acc = 0.846

Validation:
Average incurred loss: 0.226  
Average sample loss: 0.223  
Average acc: 0.950  
  waterbird_complete50 = 0, forest2water2 = 0  [n = 465]:	loss = 0.002  exp loss = 0.001  adjusted loss = 0.001  adv prob = 0.250000   acc = 1.000
  waterbird_complete50 = 0, forest2water2 = 1  [n = 466]:	loss = 0.172  exp loss = 0.149  adjusted loss = 0.149  adv prob = 0.250000   acc = 0.964
  waterbird_complete50 = 1, forest2water2 = 0  [n = 134]:	loss = 1.281  exp loss = 1.594  adjusted loss = 1.594  adv prob = 0.250000   acc = 0.709
  waterbird_complete50 = 1, forest2water2 = 1  [n = 134]:	loss = 0.139  exp loss = 0.159  adjusted loss = 0.159  adv prob = 0.250000   acc = 0.970
Current lr: 0.000010
Current validation accuracy: 0.7089551687240601


Epoch [161]:
Training:
Average incurred loss: 0.151  
Average sample loss: 0.141  
Average acc: 0.938  
  waterbird_complete50 = 0, forest2water2 = 0  [n = 59]:	loss = 0.000  exp loss = 0.002  adjusted loss = 0.002  adv prob = 0.250000   acc = 1.000
  waterbird_complete50 = 0, forest2water2 = 1  [n = 60]:	loss = 0.115  exp loss = 0.086  adjusted loss = 0.086  adv prob = 0.250000   acc = 0.933
  waterbird_complete50 = 1, forest2water2 = 0  [n = 50]:	loss = 0.200  exp loss = 0.496  adjusted loss = 0.496  adv prob = 0.250000   acc = 0.920
  waterbird_complete50 = 1, forest2water2 = 1  [n = 56]:	loss = 0.305  exp loss = 0.316  adjusted loss = 0.316  adv prob = 0.250000   acc = 0.893

Validation:
Average incurred loss: 0.220  
Average sample loss: 0.217  
Average acc: 0.952  
  waterbird_complete50 = 0, forest2water2 = 0  [n = 465]:	loss = 0.002  exp loss = 0.002  adjusted loss = 0.002  adv prob = 0.250000   acc = 1.000
  waterbird_complete50 = 0, forest2water2 = 1  [n = 466]:	loss = 0.179  exp loss = 0.155  adjusted loss = 0.155  adv prob = 0.250000   acc = 0.961
  waterbird_complete50 = 1, forest2water2 = 0  [n = 134]:	loss = 1.212  exp loss = 1.504  adjusted loss = 1.504  adv prob = 0.250000   acc = 0.739
  waterbird_complete50 = 1, forest2water2 = 1  [n = 134]:	loss = 0.128  exp loss = 0.148  adjusted loss = 0.148  adv prob = 0.250000   acc = 0.970
Current lr: 0.000010
Current validation accuracy: 0.7388060092926025


Epoch [162]:
Training:
Average incurred loss: 0.296  
Average sample loss: 0.285  
Average acc: 0.889  
  waterbird_complete50 = 0, forest2water2 = 0  [n = 44]:	loss = 0.000  exp loss = 0.001  adjusted loss = 0.001  adv prob = 0.250000   acc = 1.000
  waterbird_complete50 = 0, forest2water2 = 1  [n = 68]:	loss = 0.140  exp loss = 0.103  adjusted loss = 0.103  adv prob = 0.250000   acc = 0.926
  waterbird_complete50 = 1, forest2water2 = 0  [n = 54]:	loss = 0.524  exp loss = 0.513  adjusted loss = 0.513  adv prob = 0.250000   acc = 0.796
  waterbird_complete50 = 1, forest2water2 = 1  [n = 59]:	loss = 0.488  exp loss = 0.336  adjusted loss = 0.336  adv prob = 0.250000   acc = 0.847

Validation:
Average incurred loss: 0.218  
Average sample loss: 0.215  
Average acc: 0.954  
  waterbird_complete50 = 0, forest2water2 = 0  [n = 465]:	loss = 0.002  exp loss = 0.002  adjusted loss = 0.002  adv prob = 0.250000   acc = 1.000
  waterbird_complete50 = 0, forest2water2 = 1  [n = 466]:	loss = 0.183  exp loss = 0.158  adjusted loss = 0.158  adv prob = 0.250000   acc = 0.964
  waterbird_complete50 = 1, forest2water2 = 0  [n = 134]:	loss = 1.176  exp loss = 1.464  adjusted loss = 1.464  adv prob = 0.250000   acc = 0.746
  waterbird_complete50 = 1, forest2water2 = 1  [n = 134]:	loss = 0.127  exp loss = 0.145  adjusted loss = 0.145  adv prob = 0.250000   acc = 0.970
Current lr: 0.000010
Current validation accuracy: 0.746268630027771


Epoch [163]:
Training:
Average incurred loss: 0.253  
Average sample loss: 0.309  
Average acc: 0.911  
  waterbird_complete50 = 0, forest2water2 = 0  [n = 57]:	loss = 0.001  exp loss = 0.001  adjusted loss = 0.001  adv prob = 0.250000   acc = 1.000
  waterbird_complete50 = 0, forest2water2 = 1  [n = 56]:	loss = 0.061  exp loss = 0.083  adjusted loss = 0.083  adv prob = 0.250000   acc = 0.964
  waterbird_complete50 = 1, forest2water2 = 0  [n = 62]:	loss = 0.714  exp loss = 0.618  adjusted loss = 0.618  adv prob = 0.250000   acc = 0.790
  waterbird_complete50 = 1, forest2water2 = 1  [n = 50]:	loss = 0.184  exp loss = 0.292  adjusted loss = 0.292  adv prob = 0.250000   acc = 0.900

Validation:
Average incurred loss: 0.217  
Average sample loss: 0.214  
Average acc: 0.954  
  waterbird_complete50 = 0, forest2water2 = 0  [n = 465]:	loss = 0.002  exp loss = 0.002  adjusted loss = 0.002  adv prob = 0.250000   acc = 1.000
  waterbird_complete50 = 0, forest2water2 = 1  [n = 466]:	loss = 0.181  exp loss = 0.157  adjusted loss = 0.157  adv prob = 0.250000   acc = 0.961
  waterbird_complete50 = 1, forest2water2 = 0  [n = 134]:	loss = 1.175  exp loss = 1.461  adjusted loss = 1.461  adv prob = 0.250000   acc = 0.754
  waterbird_complete50 = 1, forest2water2 = 1  [n = 134]:	loss = 0.128  exp loss = 0.147  adjusted loss = 0.147  adv prob = 0.250000   acc = 0.970
Current lr: 0.000010
Current validation accuracy: 0.753731369972229
Best model saved at epoch 163


Epoch [164]:
Training:
Average incurred loss: 0.242  
Average sample loss: 0.257  
Average acc: 0.924  
  waterbird_complete50 = 0, forest2water2 = 0  [n = 52]:	loss = 0.000  exp loss = 0.001  adjusted loss = 0.001  adv prob = 0.250000   acc = 1.000
  waterbird_complete50 = 0, forest2water2 = 1  [n = 59]:	loss = 0.088  exp loss = 0.088  adjusted loss = 0.088  adv prob = 0.250000   acc = 0.949
  waterbird_complete50 = 1, forest2water2 = 0  [n = 52]:	loss = 0.479  exp loss = 0.559  adjusted loss = 0.559  adv prob = 0.250000   acc = 0.865
  waterbird_complete50 = 1, forest2water2 = 1  [n = 62]:	loss = 0.393  exp loss = 0.354  adjusted loss = 0.354  adv prob = 0.250000   acc = 0.887

Validation:
Average incurred loss: 0.219  
Average sample loss: 0.216  
Average acc: 0.954  
  waterbird_complete50 = 0, forest2water2 = 0  [n = 465]:	loss = 0.002  exp loss = 0.002  adjusted loss = 0.002  adv prob = 0.250000   acc = 1.000
  waterbird_complete50 = 0, forest2water2 = 1  [n = 466]:	loss = 0.177  exp loss = 0.154  adjusted loss = 0.154  adv prob = 0.250000   acc = 0.964
  waterbird_complete50 = 1, forest2water2 = 0  [n = 134]:	loss = 1.207  exp loss = 1.516  adjusted loss = 1.516  adv prob = 0.250000   acc = 0.746
  waterbird_complete50 = 1, forest2water2 = 1  [n = 134]:	loss = 0.131  exp loss = 0.150  adjusted loss = 0.150  adv prob = 0.250000   acc = 0.970
Current lr: 0.000010
Current validation accuracy: 0.746268630027771


Epoch [165]:
Training:
Average incurred loss: 0.268  
Average sample loss: 0.292  
Average acc: 0.920  
  waterbird_complete50 = 0, forest2water2 = 0  [n = 53]:	loss = 0.001  exp loss = 0.001  adjusted loss = 0.001  adv prob = 0.250000   acc = 1.000
  waterbird_complete50 = 0, forest2water2 = 1  [n = 60]:	loss = 0.117  exp loss = 0.108  adjusted loss = 0.108  adv prob = 0.250000   acc = 0.933
  waterbird_complete50 = 1, forest2water2 = 0  [n = 60]:	loss = 0.724  exp loss = 0.638  adjusted loss = 0.638  adv prob = 0.250000   acc = 0.850
  waterbird_complete50 = 1, forest2water2 = 1  [n = 52]:	loss = 0.186  exp loss = 0.319  adjusted loss = 0.319  adv prob = 0.250000   acc = 0.904

Validation:
Average incurred loss: 0.227  
Average sample loss: 0.224  
Average acc: 0.952  
  waterbird_complete50 = 0, forest2water2 = 0  [n = 465]:	loss = 0.002  exp loss = 0.001  adjusted loss = 0.001  adv prob = 0.250000   acc = 1.000
  waterbird_complete50 = 0, forest2water2 = 1  [n = 466]:	loss = 0.163  exp loss = 0.142  adjusted loss = 0.142  adv prob = 0.250000   acc = 0.968
  waterbird_complete50 = 1, forest2water2 = 0  [n = 134]:	loss = 1.308  exp loss = 1.628  adjusted loss = 1.628  adv prob = 0.250000   acc = 0.724
  waterbird_complete50 = 1, forest2water2 = 1  [n = 134]:	loss = 0.149  exp loss = 0.171  adjusted loss = 0.171  adv prob = 0.250000   acc = 0.963
Current lr: 0.000010
Current validation accuracy: 0.7238806486129761


Epoch [166]:
Training:
Average incurred loss: 0.229  
Average sample loss: 0.248  
Average acc: 0.911  
  waterbird_complete50 = 0, forest2water2 = 0  [n = 48]:	loss = 0.001  exp loss = 0.001  adjusted loss = 0.001  adv prob = 0.250000   acc = 1.000
  waterbird_complete50 = 0, forest2water2 = 1  [n = 57]:	loss = 0.008  exp loss = 0.073  adjusted loss = 0.073  adv prob = 0.250000   acc = 1.000
  waterbird_complete50 = 1, forest2water2 = 0  [n = 63]:	loss = 0.482  exp loss = 0.597  adjusted loss = 0.597  adv prob = 0.250000   acc = 0.810
  waterbird_complete50 = 1, forest2water2 = 1  [n = 57]:	loss = 0.364  exp loss = 0.354  adjusted loss = 0.354  adv prob = 0.250000   acc = 0.860

Validation:
Average incurred loss: 0.231  
Average sample loss: 0.228  
Average acc: 0.947  
  waterbird_complete50 = 0, forest2water2 = 0  [n = 465]:	loss = 0.002  exp loss = 0.001  adjusted loss = 0.001  adv prob = 0.250000   acc = 1.000
  waterbird_complete50 = 0, forest2water2 = 1  [n = 466]:	loss = 0.164  exp loss = 0.144  adjusted loss = 0.144  adv prob = 0.250000   acc = 0.964
  waterbird_complete50 = 1, forest2water2 = 0  [n = 134]:	loss = 1.341  exp loss = 1.668  adjusted loss = 1.668  adv prob = 0.250000   acc = 0.694
  waterbird_complete50 = 1, forest2water2 = 1  [n = 134]:	loss = 0.147  exp loss = 0.166  adjusted loss = 0.166  adv prob = 0.250000   acc = 0.963
Current lr: 0.000010
Current validation accuracy: 0.6940298080444336


Epoch [167]:
Training:
Average incurred loss: 0.174  
Average sample loss: 0.164  
Average acc: 0.947  
  waterbird_complete50 = 0, forest2water2 = 0  [n = 58]:	loss = 0.001  exp loss = 0.001  adjusted loss = 0.001  adv prob = 0.250000   acc = 1.000
  waterbird_complete50 = 0, forest2water2 = 1  [n = 60]:	loss = 0.100  exp loss = 0.080  adjusted loss = 0.080  adv prob = 0.250000   acc = 0.967
  waterbird_complete50 = 1, forest2water2 = 0  [n = 60]:	loss = 0.414  exp loss = 0.514  adjusted loss = 0.514  adv prob = 0.250000   acc = 0.900
  waterbird_complete50 = 1, forest2water2 = 1  [n = 47]:	loss = 0.176  exp loss = 0.292  adjusted loss = 0.292  adv prob = 0.250000   acc = 0.915

Validation:
Average incurred loss: 0.229  
Average sample loss: 0.226  
Average acc: 0.948  
  waterbird_complete50 = 0, forest2water2 = 0  [n = 465]:	loss = 0.002  exp loss = 0.001  adjusted loss = 0.001  adv prob = 0.250000   acc = 1.000
  waterbird_complete50 = 0, forest2water2 = 1  [n = 466]:	loss = 0.173  exp loss = 0.151  adjusted loss = 0.151  adv prob = 0.250000   acc = 0.961
  waterbird_complete50 = 1, forest2water2 = 0  [n = 134]:	loss = 1.310  exp loss = 1.622  adjusted loss = 1.622  adv prob = 0.250000   acc = 0.701
  waterbird_complete50 = 1, forest2water2 = 1  [n = 134]:	loss = 0.136  exp loss = 0.155  adjusted loss = 0.155  adv prob = 0.250000   acc = 0.970
Current lr: 0.000010
Current validation accuracy: 0.7014926671981812


Epoch [168]:
Training:
Average incurred loss: 0.284  
Average sample loss: 0.290  
Average acc: 0.907  
  waterbird_complete50 = 0, forest2water2 = 0  [n = 47]:	loss = 0.000  exp loss = 0.001  adjusted loss = 0.001  adv prob = 0.250000   acc = 1.000
  waterbird_complete50 = 0, forest2water2 = 1  [n = 57]:	loss = 0.020  exp loss = 0.058  adjusted loss = 0.058  adv prob = 0.250000   acc = 1.000
  waterbird_complete50 = 1, forest2water2 = 0  [n = 63]:	loss = 0.680  exp loss = 0.568  adjusted loss = 0.568  adv prob = 0.250000   acc = 0.810
  waterbird_complete50 = 1, forest2water2 = 1  [n = 58]:	loss = 0.345  exp loss = 0.316  adjusted loss = 0.316  adv prob = 0.250000   acc = 0.845

Validation:
Average incurred loss: 0.233  
Average sample loss: 0.230  
Average acc: 0.946  
  waterbird_complete50 = 0, forest2water2 = 0  [n = 465]:	loss = 0.001  exp loss = 0.001  adjusted loss = 0.001  adv prob = 0.250000   acc = 1.000
  waterbird_complete50 = 0, forest2water2 = 1  [n = 466]:	loss = 0.159  exp loss = 0.140  adjusted loss = 0.140  adv prob = 0.250000   acc = 0.964
  waterbird_complete50 = 1, forest2water2 = 0  [n = 134]:	loss = 1.375  exp loss = 1.704  adjusted loss = 1.704  adv prob = 0.250000   acc = 0.687
  waterbird_complete50 = 1, forest2water2 = 1  [n = 134]:	loss = 0.150  exp loss = 0.169  adjusted loss = 0.169  adv prob = 0.250000   acc = 0.955
Current lr: 0.000010
Current validation accuracy: 0.6865671873092651


Epoch [169]:
Training:
Average incurred loss: 0.210  
Average sample loss: 0.244  
Average acc: 0.916  
  waterbird_complete50 = 0, forest2water2 = 0  [n = 65]:	loss = 0.032  exp loss = 0.009  adjusted loss = 0.009  adv prob = 0.250000   acc = 0.969
  waterbird_complete50 = 0, forest2water2 = 1  [n = 65]:	loss = 0.337  exp loss = 0.134  adjusted loss = 0.134  adv prob = 0.250000   acc = 0.877
  waterbird_complete50 = 1, forest2water2 = 0  [n = 60]:	loss = 0.291  exp loss = 0.527  adjusted loss = 0.527  adv prob = 0.250000   acc = 0.900
  waterbird_complete50 = 1, forest2water2 = 1  [n = 35]:	loss = 0.166  exp loss = 0.258  adjusted loss = 0.258  adv prob = 0.250000   acc = 0.914

Validation:
Average incurred loss: 0.226  
Average sample loss: 0.224  
Average acc: 0.947  
  waterbird_complete50 = 0, forest2water2 = 0  [n = 465]:	loss = 0.002  exp loss = 0.002  adjusted loss = 0.002  adv prob = 0.250000   acc = 1.000
  waterbird_complete50 = 0, forest2water2 = 1  [n = 466]:	loss = 0.187  exp loss = 0.164  adjusted loss = 0.164  adv prob = 0.250000   acc = 0.953
  waterbird_complete50 = 1, forest2water2 = 0  [n = 134]:	loss = 1.248  exp loss = 1.539  adjusted loss = 1.539  adv prob = 0.250000   acc = 0.716
  waterbird_complete50 = 1, forest2water2 = 1  [n = 134]:	loss = 0.123  exp loss = 0.140  adjusted loss = 0.140  adv prob = 0.250000   acc = 0.970
Current lr: 0.000010
Current validation accuracy: 0.7164179086685181


Epoch [170]:
Training:
Average incurred loss: 0.221  
Average sample loss: 0.250  
Average acc: 0.911  
  waterbird_complete50 = 0, forest2water2 = 0  [n = 59]:	loss = 0.000  exp loss = 0.006  adjusted loss = 0.006  adv prob = 0.250000   acc = 1.000
  waterbird_complete50 = 0, forest2water2 = 1  [n = 52]:	loss = 0.111  exp loss = 0.129  adjusted loss = 0.129  adv prob = 0.250000   acc = 0.942
  waterbird_complete50 = 1, forest2water2 = 0  [n = 60]:	loss = 0.528  exp loss = 0.521  adjusted loss = 0.521  adv prob = 0.250000   acc = 0.817
  waterbird_complete50 = 1, forest2water2 = 1  [n = 54]:	loss = 0.228  exp loss = 0.275  adjusted loss = 0.275  adv prob = 0.250000   acc = 0.889

Validation:
Average incurred loss: 0.225  
Average sample loss: 0.222  
Average acc: 0.947  
  waterbird_complete50 = 0, forest2water2 = 0  [n = 465]:	loss = 0.002  exp loss = 0.002  adjusted loss = 0.002  adv prob = 0.250000   acc = 1.000
  waterbird_complete50 = 0, forest2water2 = 1  [n = 466]:	loss = 0.189  exp loss = 0.166  adjusted loss = 0.166  adv prob = 0.250000   acc = 0.953
  waterbird_complete50 = 1, forest2water2 = 0  [n = 134]:	loss = 1.221  exp loss = 1.507  adjusted loss = 1.507  adv prob = 0.250000   acc = 0.724
  waterbird_complete50 = 1, forest2water2 = 1  [n = 134]:	loss = 0.122  exp loss = 0.139  adjusted loss = 0.139  adv prob = 0.250000   acc = 0.970
Current lr: 0.000010
Current validation accuracy: 0.7238806486129761


Epoch [171]:
Training:
Average incurred loss: 0.258  
Average sample loss: 0.268  
Average acc: 0.911  
  waterbird_complete50 = 0, forest2water2 = 0  [n = 59]:	loss = 0.014  exp loss = 0.007  adjusted loss = 0.007  adv prob = 0.250000   acc = 0.983
  waterbird_complete50 = 0, forest2water2 = 1  [n = 56]:	loss = 0.133  exp loss = 0.117  adjusted loss = 0.117  adv prob = 0.250000   acc = 0.946
  waterbird_complete50 = 1, forest2water2 = 0  [n = 57]:	loss = 0.604  exp loss = 0.521  adjusted loss = 0.521  adv prob = 0.250000   acc = 0.842
  waterbird_complete50 = 1, forest2water2 = 1  [n = 53]:	loss = 0.288  exp loss = 0.304  adjusted loss = 0.304  adv prob = 0.250000   acc = 0.868

Validation:
Average incurred loss: 0.226  
Average sample loss: 0.223  
Average acc: 0.949  
  waterbird_complete50 = 0, forest2water2 = 0  [n = 465]:	loss = 0.002  exp loss = 0.001  adjusted loss = 0.001  adv prob = 0.250000   acc = 1.000
  waterbird_complete50 = 0, forest2water2 = 1  [n = 466]:	loss = 0.185  exp loss = 0.162  adjusted loss = 0.162  adv prob = 0.250000   acc = 0.957
  waterbird_complete50 = 1, forest2water2 = 0  [n = 134]:	loss = 1.254  exp loss = 1.546  adjusted loss = 1.546  adv prob = 0.250000   acc = 0.724
  waterbird_complete50 = 1, forest2water2 = 1  [n = 134]:	loss = 0.122  exp loss = 0.138  adjusted loss = 0.138  adv prob = 0.250000   acc = 0.970
Current lr: 0.000010
Current validation accuracy: 0.7238806486129761


Epoch [172]:
Training:
Average incurred loss: 0.205  
Average sample loss: 0.192  
Average acc: 0.911  
  waterbird_complete50 = 0, forest2water2 = 0  [n = 56]:	loss = 0.003  exp loss = 0.005  adjusted loss = 0.005  adv prob = 0.250000   acc = 1.000
  waterbird_complete50 = 0, forest2water2 = 1  [n = 51]:	loss = 0.044  exp loss = 0.090  adjusted loss = 0.090  adv prob = 0.250000   acc = 0.961
  waterbird_complete50 = 1, forest2water2 = 0  [n = 62]:	loss = 0.556  exp loss = 0.494  adjusted loss = 0.494  adv prob = 0.250000   acc = 0.806
  waterbird_complete50 = 1, forest2water2 = 1  [n = 56]:	loss = 0.165  exp loss = 0.262  adjusted loss = 0.262  adv prob = 0.250000   acc = 0.893

Validation:
Average incurred loss: 0.223  
Average sample loss: 0.220  
Average acc: 0.950  
  waterbird_complete50 = 0, forest2water2 = 0  [n = 465]:	loss = 0.002  exp loss = 0.002  adjusted loss = 0.002  adv prob = 0.250000   acc = 1.000
  waterbird_complete50 = 0, forest2water2 = 1  [n = 466]:	loss = 0.182  exp loss = 0.160  adjusted loss = 0.160  adv prob = 0.250000   acc = 0.957
  waterbird_complete50 = 1, forest2water2 = 0  [n = 134]:	loss = 1.231  exp loss = 1.518  adjusted loss = 1.518  adv prob = 0.250000   acc = 0.731
  waterbird_complete50 = 1, forest2water2 = 1  [n = 134]:	loss = 0.126  exp loss = 0.143  adjusted loss = 0.143  adv prob = 0.250000   acc = 0.970
Current lr: 0.000010
Current validation accuracy: 0.7313433885574341


Epoch [173]:
Training:
Average incurred loss: 0.248  
Average sample loss: 0.248  
Average acc: 0.902  
  waterbird_complete50 = 0, forest2water2 = 0  [n = 63]:	loss = 0.020  exp loss = 0.008  adjusted loss = 0.008  adv prob = 0.250000   acc = 0.984
  waterbird_complete50 = 0, forest2water2 = 1  [n = 51]:	loss = 0.162  exp loss = 0.111  adjusted loss = 0.111  adv prob = 0.250000   acc = 0.922
  waterbird_complete50 = 1, forest2water2 = 0  [n = 51]:	loss = 0.438  exp loss = 0.484  adjusted loss = 0.484  adv prob = 0.250000   acc = 0.863
  waterbird_complete50 = 1, forest2water2 = 1  [n = 60]:	loss = 0.398  exp loss = 0.283  adjusted loss = 0.283  adv prob = 0.250000   acc = 0.833

Validation:
Average incurred loss: 0.222  
Average sample loss: 0.219  
Average acc: 0.950  
  waterbird_complete50 = 0, forest2water2 = 0  [n = 465]:	loss = 0.002  exp loss = 0.002  adjusted loss = 0.002  adv prob = 0.250000   acc = 1.000
  waterbird_complete50 = 0, forest2water2 = 1  [n = 466]:	loss = 0.196  exp loss = 0.172  adjusted loss = 0.172  adv prob = 0.250000   acc = 0.953
  waterbird_complete50 = 1, forest2water2 = 0  [n = 134]:	loss = 1.182  exp loss = 1.465  adjusted loss = 1.465  adv prob = 0.250000   acc = 0.746
  waterbird_complete50 = 1, forest2water2 = 1  [n = 134]:	loss = 0.115  exp loss = 0.132  adjusted loss = 0.132  adv prob = 0.250000   acc = 0.970
Current lr: 0.000010
Current validation accuracy: 0.746268630027771


Epoch [174]:
Training:
Average incurred loss: 0.331  
Average sample loss: 0.361  
Average acc: 0.911  
  waterbird_complete50 = 0, forest2water2 = 0  [n = 58]:	loss = 0.015  exp loss = 0.008  adjusted loss = 0.008  adv prob = 0.250000   acc = 1.000
  waterbird_complete50 = 0, forest2water2 = 1  [n = 54]:	loss = 0.161  exp loss = 0.115  adjusted loss = 0.115  adv prob = 0.250000   acc = 0.944
  waterbird_complete50 = 1, forest2water2 = 0  [n = 53]:	loss = 0.874  exp loss = 0.618  adjusted loss = 0.618  adv prob = 0.250000   acc = 0.811
  waterbird_complete50 = 1, forest2water2 = 1  [n = 60]:	loss = 0.309  exp loss = 0.285  adjusted loss = 0.285  adv prob = 0.250000   acc = 0.883

Validation:
Average incurred loss: 0.226  
Average sample loss: 0.223  
Average acc: 0.949  
  waterbird_complete50 = 0, forest2water2 = 0  [n = 465]:	loss = 0.002  exp loss = 0.001  adjusted loss = 0.001  adv prob = 0.250000   acc = 1.000
  waterbird_complete50 = 0, forest2water2 = 1  [n = 466]:	loss = 0.176  exp loss = 0.154  adjusted loss = 0.154  adv prob = 0.250000   acc = 0.959
  waterbird_complete50 = 1, forest2water2 = 0  [n = 134]:	loss = 1.271  exp loss = 1.583  adjusted loss = 1.583  adv prob = 0.250000   acc = 0.716
  waterbird_complete50 = 1, forest2water2 = 1  [n = 134]:	loss = 0.134  exp loss = 0.153  adjusted loss = 0.153  adv prob = 0.250000   acc = 0.970
Current lr: 0.000010
Current validation accuracy: 0.7164179086685181


Epoch [175]:
Training:
Average incurred loss: 0.253  
Average sample loss: 0.260  
Average acc: 0.907  
  waterbird_complete50 = 0, forest2water2 = 0  [n = 49]:	loss = 0.002  exp loss = 0.006  adjusted loss = 0.006  adv prob = 0.250000   acc = 1.000
  waterbird_complete50 = 0, forest2water2 = 1  [n = 57]:	loss = 0.065  exp loss = 0.093  adjusted loss = 0.093  adv prob = 0.250000   acc = 0.965
  waterbird_complete50 = 1, forest2water2 = 0  [n = 61]:	loss = 0.613  exp loss = 0.635  adjusted loss = 0.635  adv prob = 0.250000   acc = 0.836
  waterbird_complete50 = 1, forest2water2 = 1  [n = 58]:	loss = 0.272  exp loss = 0.260  adjusted loss = 0.260  adv prob = 0.250000   acc = 0.845

Validation:
Average incurred loss: 0.228  
Average sample loss: 0.225  
Average acc: 0.952  
  waterbird_complete50 = 0, forest2water2 = 0  [n = 465]:	loss = 0.002  exp loss = 0.001  adjusted loss = 0.001  adv prob = 0.250000   acc = 1.000
  waterbird_complete50 = 0, forest2water2 = 1  [n = 466]:	loss = 0.165  exp loss = 0.144  adjusted loss = 0.144  adv prob = 0.250000   acc = 0.968
  waterbird_complete50 = 1, forest2water2 = 0  [n = 134]:	loss = 1.316  exp loss = 1.634  adjusted loss = 1.634  adv prob = 0.250000   acc = 0.716
  waterbird_complete50 = 1, forest2water2 = 1  [n = 134]:	loss = 0.147  exp loss = 0.166  adjusted loss = 0.166  adv prob = 0.250000   acc = 0.963
Current lr: 0.000010
Current validation accuracy: 0.7164179086685181


Epoch [176]:
Training:
Average incurred loss: 0.081  
Average sample loss: 0.084  
Average acc: 0.964  
  waterbird_complete50 = 0, forest2water2 = 0  [n = 73]:	loss = 0.034  exp loss = 0.012  adjusted loss = 0.012  adv prob = 0.250000   acc = 0.986
  waterbird_complete50 = 0, forest2water2 = 1  [n = 54]:	loss = 0.109  exp loss = 0.091  adjusted loss = 0.091  adv prob = 0.250000   acc = 0.963
  waterbird_complete50 = 1, forest2water2 = 0  [n = 53]:	loss = 0.129  exp loss = 0.464  adjusted loss = 0.464  adv prob = 0.250000   acc = 0.925
  waterbird_complete50 = 1, forest2water2 = 1  [n = 45]:	loss = 0.066  exp loss = 0.202  adjusted loss = 0.202  adv prob = 0.250000   acc = 0.978

Validation:
Average incurred loss: 0.217  
Average sample loss: 0.215  
Average acc: 0.951  
  waterbird_complete50 = 0, forest2water2 = 0  [n = 465]:	loss = 0.003  exp loss = 0.002  adjusted loss = 0.002  adv prob = 0.250000   acc = 1.000
  waterbird_complete50 = 0, forest2water2 = 1  [n = 466]:	loss = 0.198  exp loss = 0.172  adjusted loss = 0.172  adv prob = 0.250000   acc = 0.953
  waterbird_complete50 = 1, forest2water2 = 0  [n = 134]:	loss = 1.131  exp loss = 1.399  adjusted loss = 1.399  adv prob = 0.250000   acc = 0.754
  waterbird_complete50 = 1, forest2water2 = 1  [n = 134]:	loss = 0.114  exp loss = 0.132  adjusted loss = 0.132  adv prob = 0.250000   acc = 0.970
Current lr: 0.000010
Current validation accuracy: 0.753731369972229


Epoch [177]:
Training:
Average incurred loss: 0.153  
Average sample loss: 0.190  
Average acc: 0.933  
  waterbird_complete50 = 0, forest2water2 = 0  [n = 60]:	loss = 0.004  exp loss = 0.009  adjusted loss = 0.009  adv prob = 0.250000   acc = 1.000
  waterbird_complete50 = 0, forest2water2 = 1  [n = 66]:	loss = 0.071  exp loss = 0.081  adjusted loss = 0.081  adv prob = 0.250000   acc = 0.955
  waterbird_complete50 = 1, forest2water2 = 0  [n = 51]:	loss = 0.240  exp loss = 0.395  adjusted loss = 0.395  adv prob = 0.250000   acc = 0.902
  waterbird_complete50 = 1, forest2water2 = 1  [n = 48]:	loss = 0.362  exp loss = 0.306  adjusted loss = 0.306  adv prob = 0.250000   acc = 0.854

Validation:
Average incurred loss: 0.213  
Average sample loss: 0.210  
Average acc: 0.950  
  waterbird_complete50 = 0, forest2water2 = 0  [n = 465]:	loss = 0.004  exp loss = 0.003  adjusted loss = 0.003  adv prob = 0.250000   acc = 1.000
  waterbird_complete50 = 0, forest2water2 = 1  [n = 466]:	loss = 0.219  exp loss = 0.190  adjusted loss = 0.190  adv prob = 0.250000   acc = 0.948
  waterbird_complete50 = 1, forest2water2 = 0  [n = 134]:	loss = 1.030  exp loss = 1.261  adjusted loss = 1.261  adv prob = 0.250000   acc = 0.761
  waterbird_complete50 = 1, forest2water2 = 1  [n = 134]:	loss = 0.101  exp loss = 0.116  adjusted loss = 0.116  adv prob = 0.250000   acc = 0.970
Current lr: 0.000010
Current validation accuracy: 0.761194109916687
Best model saved at epoch 177


Epoch [178]:
Training:
Average incurred loss: 0.360  
Average sample loss: 0.340  
Average acc: 0.893  
  waterbird_complete50 = 0, forest2water2 = 0  [n = 53]:	loss = 0.029  exp loss = 0.020  adjusted loss = 0.020  adv prob = 0.250000   acc = 0.962
  waterbird_complete50 = 0, forest2water2 = 1  [n = 54]:	loss = 0.098  exp loss = 0.089  adjusted loss = 0.089  adv prob = 0.250000   acc = 0.944
  waterbird_complete50 = 1, forest2water2 = 0  [n = 66]:	loss = 0.666  exp loss = 0.447  adjusted loss = 0.447  adv prob = 0.250000   acc = 0.848
  waterbird_complete50 = 1, forest2water2 = 1  [n = 52]:	loss = 0.579  exp loss = 0.340  adjusted loss = 0.340  adv prob = 0.250000   acc = 0.827

Validation:
Average incurred loss: 0.213  
Average sample loss: 0.211  
Average acc: 0.950  
  waterbird_complete50 = 0, forest2water2 = 0  [n = 465]:	loss = 0.003  exp loss = 0.002  adjusted loss = 0.002  adv prob = 0.250000   acc = 1.000
  waterbird_complete50 = 0, forest2water2 = 1  [n = 466]:	loss = 0.201  exp loss = 0.174  adjusted loss = 0.174  adv prob = 0.250000   acc = 0.951
  waterbird_complete50 = 1, forest2water2 = 0  [n = 134]:	loss = 1.090  exp loss = 1.342  adjusted loss = 1.342  adv prob = 0.250000   acc = 0.754
  waterbird_complete50 = 1, forest2water2 = 1  [n = 134]:	loss = 0.110  exp loss = 0.125  adjusted loss = 0.125  adv prob = 0.250000   acc = 0.970
Current lr: 0.000010
Current validation accuracy: 0.753731369972229


Epoch [179]:
Training:
Average incurred loss: 0.153  
Average sample loss: 0.174  
Average acc: 0.942  
  waterbird_complete50 = 0, forest2water2 = 0  [n = 62]:	loss = 0.000  exp loss = 0.013  adjusted loss = 0.013  adv prob = 0.250000   acc = 1.000
  waterbird_complete50 = 0, forest2water2 = 1  [n = 58]:	loss = 0.136  exp loss = 0.122  adjusted loss = 0.122  adv prob = 0.250000   acc = 0.948
  waterbird_complete50 = 1, forest2water2 = 0  [n = 61]:	loss = 0.321  exp loss = 0.423  adjusted loss = 0.423  adv prob = 0.250000   acc = 0.885
  waterbird_complete50 = 1, forest2water2 = 1  [n = 44]:	loss = 0.159  exp loss = 0.267  adjusted loss = 0.267  adv prob = 0.250000   acc = 0.932

Validation:
Average incurred loss: 0.212  
Average sample loss: 0.209  
Average acc: 0.950  
  waterbird_complete50 = 0, forest2water2 = 0  [n = 465]:	loss = 0.004  exp loss = 0.003  adjusted loss = 0.003  adv prob = 0.250000   acc = 1.000
  waterbird_complete50 = 0, forest2water2 = 1  [n = 466]:	loss = 0.213  exp loss = 0.184  adjusted loss = 0.184  adv prob = 0.250000   acc = 0.948
  waterbird_complete50 = 1, forest2water2 = 0  [n = 134]:	loss = 1.038  exp loss = 1.266  adjusted loss = 1.266  adv prob = 0.250000   acc = 0.761
  waterbird_complete50 = 1, forest2water2 = 1  [n = 134]:	loss = 0.103  exp loss = 0.118  adjusted loss = 0.118  adv prob = 0.250000   acc = 0.970
Current lr: 0.000010
Current validation accuracy: 0.761194109916687


Epoch [180]:
Training:
Average incurred loss: 0.187  
Average sample loss: 0.203  
Average acc: 0.933  
  waterbird_complete50 = 0, forest2water2 = 0  [n = 61]:	loss = 0.002  exp loss = 0.009  adjusted loss = 0.009  adv prob = 0.250000   acc = 1.000
  waterbird_complete50 = 0, forest2water2 = 1  [n = 58]:	loss = 0.119  exp loss = 0.107  adjusted loss = 0.107  adv prob = 0.250000   acc = 0.983
  waterbird_complete50 = 1, forest2water2 = 0  [n = 58]:	loss = 0.349  exp loss = 0.431  adjusted loss = 0.431  adv prob = 0.250000   acc = 0.862
  waterbird_complete50 = 1, forest2water2 = 1  [n = 48]:	loss = 0.307  exp loss = 0.276  adjusted loss = 0.276  adv prob = 0.250000   acc = 0.875

Validation:
Average incurred loss: 0.212  
Average sample loss: 0.210  
Average acc: 0.949  
  waterbird_complete50 = 0, forest2water2 = 0  [n = 465]:	loss = 0.003  exp loss = 0.003  adjusted loss = 0.003  adv prob = 0.250000   acc = 1.000
  waterbird_complete50 = 0, forest2water2 = 1  [n = 466]:	loss = 0.213  exp loss = 0.184  adjusted loss = 0.184  adv prob = 0.250000   acc = 0.948
  waterbird_complete50 = 1, forest2water2 = 0  [n = 134]:	loss = 1.044  exp loss = 1.263  adjusted loss = 1.263  adv prob = 0.250000   acc = 0.754
  waterbird_complete50 = 1, forest2water2 = 1  [n = 134]:	loss = 0.103  exp loss = 0.119  adjusted loss = 0.119  adv prob = 0.250000   acc = 0.970
Current lr: 0.000010
Current validation accuracy: 0.753731369972229


Epoch [181]:
Training:
Average incurred loss: 0.244  
Average sample loss: 0.253  
Average acc: 0.920  
  waterbird_complete50 = 0, forest2water2 = 0  [n = 57]:	loss = 0.005  exp loss = 0.007  adjusted loss = 0.007  adv prob = 0.250000   acc = 1.000
  waterbird_complete50 = 0, forest2water2 = 1  [n = 58]:	loss = 0.141  exp loss = 0.143  adjusted loss = 0.143  adv prob = 0.250000   acc = 0.948
  waterbird_complete50 = 1, forest2water2 = 0  [n = 56]:	loss = 0.652  exp loss = 0.498  adjusted loss = 0.498  adv prob = 0.250000   acc = 0.821
  waterbird_complete50 = 1, forest2water2 = 1  [n = 54]:	loss = 0.182  exp loss = 0.249  adjusted loss = 0.249  adv prob = 0.250000   acc = 0.907

Validation:
Average incurred loss: 0.214  
Average sample loss: 0.211  
Average acc: 0.951  
  waterbird_complete50 = 0, forest2water2 = 0  [n = 465]:	loss = 0.003  exp loss = 0.002  adjusted loss = 0.002  adv prob = 0.250000   acc = 1.000
  waterbird_complete50 = 0, forest2water2 = 1  [n = 466]:	loss = 0.207  exp loss = 0.179  adjusted loss = 0.179  adv prob = 0.250000   acc = 0.951
  waterbird_complete50 = 1, forest2water2 = 0  [n = 134]:	loss = 1.074  exp loss = 1.321  adjusted loss = 1.321  adv prob = 0.250000   acc = 0.761
  waterbird_complete50 = 1, forest2water2 = 1  [n = 134]:	loss = 0.108  exp loss = 0.126  adjusted loss = 0.126  adv prob = 0.250000   acc = 0.970
Current lr: 0.000010
Current validation accuracy: 0.761194109916687


Epoch [182]:
Training:
Average incurred loss: 0.167  
Average sample loss: 0.148  
Average acc: 0.956  
  waterbird_complete50 = 0, forest2water2 = 0  [n = 51]:	loss = 0.000  exp loss = 0.005  adjusted loss = 0.005  adv prob = 0.250000   acc = 1.000
  waterbird_complete50 = 0, forest2water2 = 1  [n = 65]:	loss = 0.072  exp loss = 0.115  adjusted loss = 0.115  adv prob = 0.250000   acc = 0.969
  waterbird_complete50 = 1, forest2water2 = 0  [n = 48]:	loss = 0.507  exp loss = 0.466  adjusted loss = 0.466  adv prob = 0.250000   acc = 0.875
  waterbird_complete50 = 1, forest2water2 = 1  [n = 61]:	loss = 0.139  exp loss = 0.204  adjusted loss = 0.204  adv prob = 0.250000   acc = 0.967

Validation:
Average incurred loss: 0.215  
Average sample loss: 0.212  
Average acc: 0.950  
  waterbird_complete50 = 0, forest2water2 = 0  [n = 465]:	loss = 0.003  exp loss = 0.002  adjusted loss = 0.002  adv prob = 0.250000   acc = 1.000
  waterbird_complete50 = 0, forest2water2 = 1  [n = 466]:	loss = 0.207  exp loss = 0.179  adjusted loss = 0.179  adv prob = 0.250000   acc = 0.948
  waterbird_complete50 = 1, forest2water2 = 0  [n = 134]:	loss = 1.084  exp loss = 1.332  adjusted loss = 1.332  adv prob = 0.250000   acc = 0.761
  waterbird_complete50 = 1, forest2water2 = 1  [n = 134]:	loss = 0.107  exp loss = 0.125  adjusted loss = 0.125  adv prob = 0.250000   acc = 0.970
Current lr: 0.000010
Current validation accuracy: 0.761194109916687


Epoch [183]:
Training:
Average incurred loss: 0.348  
Average sample loss: 0.357  
Average acc: 0.884  
  waterbird_complete50 = 0, forest2water2 = 0  [n = 51]:	loss = 0.001  exp loss = 0.003  adjusted loss = 0.003  adv prob = 0.250000   acc = 1.000
  waterbird_complete50 = 0, forest2water2 = 1  [n = 51]:	loss = 0.039  exp loss = 0.086  adjusted loss = 0.086  adv prob = 0.250000   acc = 0.980
  waterbird_complete50 = 1, forest2water2 = 0  [n = 58]:	loss = 0.687  exp loss = 0.603  adjusted loss = 0.603  adv prob = 0.250000   acc = 0.793
  waterbird_complete50 = 1, forest2water2 = 1  [n = 65]:	loss = 0.562  exp loss = 0.314  adjusted loss = 0.314  adv prob = 0.250000   acc = 0.800

Validation:
Average incurred loss: 0.223  
Average sample loss: 0.220  
Average acc: 0.953  
  waterbird_complete50 = 0, forest2water2 = 0  [n = 465]:	loss = 0.002  exp loss = 0.002  adjusted loss = 0.002  adv prob = 0.250000   acc = 1.000
  waterbird_complete50 = 0, forest2water2 = 1  [n = 466]:	loss = 0.177  exp loss = 0.154  adjusted loss = 0.154  adv prob = 0.250000   acc = 0.964
  waterbird_complete50 = 1, forest2water2 = 0  [n = 134]:	loss = 1.241  exp loss = 1.550  adjusted loss = 1.550  adv prob = 0.250000   acc = 0.739
  waterbird_complete50 = 1, forest2water2 = 1  [n = 134]:	loss = 0.134  exp loss = 0.157  adjusted loss = 0.157  adv prob = 0.250000   acc = 0.970
Current lr: 0.000010
Current validation accuracy: 0.7388060092926025


Epoch [184]:
Training:
Average incurred loss: 0.352  
Average sample loss: 0.320  
Average acc: 0.898  
  waterbird_complete50 = 0, forest2water2 = 0  [n = 51]:	loss = 0.001  exp loss = 0.003  adjusted loss = 0.003  adv prob = 0.250000   acc = 1.000
  waterbird_complete50 = 0, forest2water2 = 1  [n = 58]:	loss = 0.142  exp loss = 0.099  adjusted loss = 0.099  adv prob = 0.250000   acc = 0.948
  waterbird_complete50 = 1, forest2water2 = 0  [n = 58]:	loss = 0.708  exp loss = 0.610  adjusted loss = 0.610  adv prob = 0.250000   acc = 0.810
  waterbird_complete50 = 1, forest2water2 = 1  [n = 58]:	loss = 0.513  exp loss = 0.351  adjusted loss = 0.351  adv prob = 0.250000   acc = 0.845

Validation:
Average incurred loss: 0.226  
Average sample loss: 0.223  
Average acc: 0.950  
  waterbird_complete50 = 0, forest2water2 = 0  [n = 465]:	loss = 0.002  exp loss = 0.001  adjusted loss = 0.001  adv prob = 0.250000   acc = 1.000
  waterbird_complete50 = 0, forest2water2 = 1  [n = 466]:	loss = 0.172  exp loss = 0.151  adjusted loss = 0.151  adv prob = 0.250000   acc = 0.961
  waterbird_complete50 = 1, forest2water2 = 0  [n = 134]:	loss = 1.278  exp loss = 1.597  adjusted loss = 1.597  adv prob = 0.250000   acc = 0.716
  waterbird_complete50 = 1, forest2water2 = 1  [n = 134]:	loss = 0.136  exp loss = 0.159  adjusted loss = 0.159  adv prob = 0.250000   acc = 0.970
Current lr: 0.000010
Current validation accuracy: 0.7164179086685181


Epoch [185]:
Training:
Average incurred loss: 0.220  
Average sample loss: 0.238  
Average acc: 0.916  
  waterbird_complete50 = 0, forest2water2 = 0  [n = 49]:	loss = 0.002  exp loss = 0.002  adjusted loss = 0.002  adv prob = 0.250000   acc = 1.000
  waterbird_complete50 = 0, forest2water2 = 1  [n = 63]:	loss = 0.041  exp loss = 0.075  adjusted loss = 0.075  adv prob = 0.250000   acc = 0.984
  waterbird_complete50 = 1, forest2water2 = 0  [n = 58]:	loss = 0.445  exp loss = 0.539  adjusted loss = 0.539  adv prob = 0.250000   acc = 0.828
  waterbird_complete50 = 1, forest2water2 = 1  [n = 55]:	loss = 0.382  exp loss = 0.381  adjusted loss = 0.381  adv prob = 0.250000   acc = 0.855

Validation:
Average incurred loss: 0.226  
Average sample loss: 0.223  
Average acc: 0.950  
  waterbird_complete50 = 0, forest2water2 = 0  [n = 465]:	loss = 0.002  exp loss = 0.001  adjusted loss = 0.001  adv prob = 0.250000   acc = 1.000
  waterbird_complete50 = 0, forest2water2 = 1  [n = 466]:	loss = 0.174  exp loss = 0.153  adjusted loss = 0.153  adv prob = 0.250000   acc = 0.961
  waterbird_complete50 = 1, forest2water2 = 0  [n = 134]:	loss = 1.272  exp loss = 1.598  adjusted loss = 1.598  adv prob = 0.250000   acc = 0.716
  waterbird_complete50 = 1, forest2water2 = 1  [n = 134]:	loss = 0.135  exp loss = 0.157  adjusted loss = 0.157  adv prob = 0.250000   acc = 0.970
Current lr: 0.000010
Current validation accuracy: 0.7164179086685181


Epoch [186]:
Training:
Average incurred loss: 0.301  
Average sample loss: 0.283  
Average acc: 0.898  
  waterbird_complete50 = 0, forest2water2 = 0  [n = 54]:	loss = 0.000  exp loss = 0.001  adjusted loss = 0.001  adv prob = 0.250000   acc = 1.000
  waterbird_complete50 = 0, forest2water2 = 1  [n = 52]:	loss = 0.082  exp loss = 0.072  adjusted loss = 0.072  adv prob = 0.250000   acc = 0.962
  waterbird_complete50 = 1, forest2water2 = 0  [n = 54]:	loss = 0.650  exp loss = 0.531  adjusted loss = 0.531  adv prob = 0.250000   acc = 0.833
  waterbird_complete50 = 1, forest2water2 = 1  [n = 65]:	loss = 0.436  exp loss = 0.398  adjusted loss = 0.398  adv prob = 0.250000   acc = 0.815

Validation:
Average incurred loss: 0.226  
Average sample loss: 0.223  
Average acc: 0.949  
  waterbird_complete50 = 0, forest2water2 = 0  [n = 465]:	loss = 0.002  exp loss = 0.001  adjusted loss = 0.001  adv prob = 0.250000   acc = 1.000
  waterbird_complete50 = 0, forest2water2 = 1  [n = 466]:	loss = 0.167  exp loss = 0.147  adjusted loss = 0.147  adv prob = 0.250000   acc = 0.961
  waterbird_complete50 = 1, forest2water2 = 0  [n = 134]:	loss = 1.288  exp loss = 1.617  adjusted loss = 1.617  adv prob = 0.250000   acc = 0.716
  waterbird_complete50 = 1, forest2water2 = 1  [n = 134]:	loss = 0.145  exp loss = 0.165  adjusted loss = 0.165  adv prob = 0.250000   acc = 0.963
Current lr: 0.000010
Current validation accuracy: 0.7164179086685181


Epoch [187]:
Training:
Average incurred loss: 0.153  
Average sample loss: 0.159  
Average acc: 0.947  
  waterbird_complete50 = 0, forest2water2 = 0  [n = 53]:	loss = 0.003  exp loss = 0.002  adjusted loss = 0.002  adv prob = 0.250000   acc = 1.000
  waterbird_complete50 = 0, forest2water2 = 1  [n = 62]:	loss = 0.088  exp loss = 0.112  adjusted loss = 0.112  adv prob = 0.250000   acc = 0.968
  waterbird_complete50 = 1, forest2water2 = 0  [n = 65]:	loss = 0.312  exp loss = 0.450  adjusted loss = 0.450  adv prob = 0.250000   acc = 0.892
  waterbird_complete50 = 1, forest2water2 = 1  [n = 45]:	loss = 0.188  exp loss = 0.306  adjusted loss = 0.306  adv prob = 0.250000   acc = 0.933

Validation:
Average incurred loss: 0.221  
Average sample loss: 0.218  
Average acc: 0.947  
  waterbird_complete50 = 0, forest2water2 = 0  [n = 465]:	loss = 0.002  exp loss = 0.002  adjusted loss = 0.002  adv prob = 0.250000   acc = 1.000
  waterbird_complete50 = 0, forest2water2 = 1  [n = 466]:	loss = 0.188  exp loss = 0.166  adjusted loss = 0.166  adv prob = 0.250000   acc = 0.951
  waterbird_complete50 = 1, forest2water2 = 0  [n = 134]:	loss = 1.192  exp loss = 1.485  adjusted loss = 1.485  adv prob = 0.250000   acc = 0.731
  waterbird_complete50 = 1, forest2water2 = 1  [n = 134]:	loss = 0.120  exp loss = 0.138  adjusted loss = 0.138  adv prob = 0.250000   acc = 0.970
Current lr: 0.000010
Current validation accuracy: 0.7313432693481445


Epoch [188]:
Training:
Average incurred loss: 0.336  
Average sample loss: 0.298  
Average acc: 0.907  
  waterbird_complete50 = 0, forest2water2 = 0  [n = 55]:	loss = 0.002  exp loss = 0.002  adjusted loss = 0.002  adv prob = 0.250000   acc = 1.000
  waterbird_complete50 = 0, forest2water2 = 1  [n = 54]:	loss = 0.135  exp loss = 0.106  adjusted loss = 0.106  adv prob = 0.250000   acc = 0.963
  waterbird_complete50 = 1, forest2water2 = 0  [n = 57]:	loss = 0.765  exp loss = 0.507  adjusted loss = 0.507  adv prob = 0.250000   acc = 0.789
  waterbird_complete50 = 1, forest2water2 = 1  [n = 59]:	loss = 0.415  exp loss = 0.320  adjusted loss = 0.320  adv prob = 0.250000   acc = 0.881

Validation:
Average incurred loss: 0.225  
Average sample loss: 0.222  
Average acc: 0.950  
  waterbird_complete50 = 0, forest2water2 = 0  [n = 465]:	loss = 0.002  exp loss = 0.001  adjusted loss = 0.001  adv prob = 0.250000   acc = 1.000
  waterbird_complete50 = 0, forest2water2 = 1  [n = 466]:	loss = 0.172  exp loss = 0.152  adjusted loss = 0.152  adv prob = 0.250000   acc = 0.964
  waterbird_complete50 = 1, forest2water2 = 0  [n = 134]:	loss = 1.271  exp loss = 1.591  adjusted loss = 1.591  adv prob = 0.250000   acc = 0.716
  waterbird_complete50 = 1, forest2water2 = 1  [n = 134]:	loss = 0.137  exp loss = 0.157  adjusted loss = 0.157  adv prob = 0.250000   acc = 0.963
Current lr: 0.000010
Current validation accuracy: 0.7164179086685181


Epoch [189]:
Training:
Average incurred loss: 0.181  
Average sample loss: 0.171  
Average acc: 0.924  
  waterbird_complete50 = 0, forest2water2 = 0  [n = 57]:	loss = 0.000  exp loss = 0.001  adjusted loss = 0.001  adv prob = 0.250000   acc = 1.000
  waterbird_complete50 = 0, forest2water2 = 1  [n = 52]:	loss = 0.075  exp loss = 0.091  adjusted loss = 0.091  adv prob = 0.250000   acc = 0.962
  waterbird_complete50 = 1, forest2water2 = 0  [n = 56]:	loss = 0.389  exp loss = 0.461  adjusted loss = 0.461  adv prob = 0.250000   acc = 0.857
  waterbird_complete50 = 1, forest2water2 = 1  [n = 60]:	loss = 0.251  exp loss = 0.296  adjusted loss = 0.296  adv prob = 0.250000   acc = 0.883

Validation:
Average incurred loss: 0.222  
Average sample loss: 0.220  
Average acc: 0.947  
  waterbird_complete50 = 0, forest2water2 = 0  [n = 465]:	loss = 0.002  exp loss = 0.002  adjusted loss = 0.002  adv prob = 0.250000   acc = 1.000
  waterbird_complete50 = 0, forest2water2 = 1  [n = 466]:	loss = 0.188  exp loss = 0.165  adjusted loss = 0.165  adv prob = 0.250000   acc = 0.951
  waterbird_complete50 = 1, forest2water2 = 0  [n = 134]:	loss = 1.206  exp loss = 1.500  adjusted loss = 1.500  adv prob = 0.250000   acc = 0.731
  waterbird_complete50 = 1, forest2water2 = 1  [n = 134]:	loss = 0.123  exp loss = 0.141  adjusted loss = 0.141  adv prob = 0.250000   acc = 0.970
Current lr: 0.000010
Current validation accuracy: 0.7313432693481445


Epoch [190]:
Training:
Average incurred loss: 0.233  
Average sample loss: 0.233  
Average acc: 0.924  
  waterbird_complete50 = 0, forest2water2 = 0  [n = 55]:	loss = 0.001  exp loss = 0.001  adjusted loss = 0.001  adv prob = 0.250000   acc = 1.000
  waterbird_complete50 = 0, forest2water2 = 1  [n = 51]:	loss = 0.021  exp loss = 0.067  adjusted loss = 0.067  adv prob = 0.250000   acc = 1.000
  waterbird_complete50 = 1, forest2water2 = 0  [n = 52]:	loss = 0.527  exp loss = 0.459  adjusted loss = 0.459  adv prob = 0.250000   acc = 0.846
  waterbird_complete50 = 1, forest2water2 = 1  [n = 67]:	loss = 0.356  exp loss = 0.331  adjusted loss = 0.331  adv prob = 0.250000   acc = 0.866

Validation:
Average incurred loss: 0.223  
Average sample loss: 0.220  
Average acc: 0.949  
  waterbird_complete50 = 0, forest2water2 = 0  [n = 465]:	loss = 0.002  exp loss = 0.002  adjusted loss = 0.002  adv prob = 0.250000   acc = 1.000
  waterbird_complete50 = 0, forest2water2 = 1  [n = 466]:	loss = 0.181  exp loss = 0.160  adjusted loss = 0.160  adv prob = 0.250000   acc = 0.957
  waterbird_complete50 = 1, forest2water2 = 0  [n = 134]:	loss = 1.226  exp loss = 1.524  adjusted loss = 1.524  adv prob = 0.250000   acc = 0.724
  waterbird_complete50 = 1, forest2water2 = 1  [n = 134]:	loss = 0.129  exp loss = 0.149  adjusted loss = 0.149  adv prob = 0.250000   acc = 0.970
Current lr: 0.000010
Current validation accuracy: 0.7238806486129761


Epoch [191]:
Training:
Average incurred loss: 0.301  
Average sample loss: 0.298  
Average acc: 0.884  
  waterbird_complete50 = 0, forest2water2 = 0  [n = 46]:	loss = 0.000  exp loss = 0.001  adjusted loss = 0.001  adv prob = 0.250000   acc = 1.000
  waterbird_complete50 = 0, forest2water2 = 1  [n = 53]:	loss = 0.103  exp loss = 0.079  adjusted loss = 0.079  adv prob = 0.250000   acc = 0.943
  waterbird_complete50 = 1, forest2water2 = 0  [n = 57]:	loss = 0.559  exp loss = 0.531  adjusted loss = 0.531  adv prob = 0.250000   acc = 0.825
  waterbird_complete50 = 1, forest2water2 = 1  [n = 69]:	loss = 0.442  exp loss = 0.343  adjusted loss = 0.343  adv prob = 0.250000   acc = 0.812

Validation:
Average incurred loss: 0.225  
Average sample loss: 0.222  
Average acc: 0.949  
  waterbird_complete50 = 0, forest2water2 = 0  [n = 465]:	loss = 0.002  exp loss = 0.001  adjusted loss = 0.001  adv prob = 0.250000   acc = 1.000
  waterbird_complete50 = 0, forest2water2 = 1  [n = 466]:	loss = 0.171  exp loss = 0.151  adjusted loss = 0.151  adv prob = 0.250000   acc = 0.961
  waterbird_complete50 = 1, forest2water2 = 0  [n = 134]:	loss = 1.268  exp loss = 1.575  adjusted loss = 1.575  adv prob = 0.250000   acc = 0.716
  waterbird_complete50 = 1, forest2water2 = 1  [n = 134]:	loss = 0.139  exp loss = 0.158  adjusted loss = 0.158  adv prob = 0.250000   acc = 0.963
Current lr: 0.000010
Current validation accuracy: 0.7164179086685181


Epoch [192]:
Training:
Average incurred loss: 0.194  
Average sample loss: 0.177  
Average acc: 0.924  
  waterbird_complete50 = 0, forest2water2 = 0  [n = 63]:	loss = 0.002  exp loss = 0.001  adjusted loss = 0.001  adv prob = 0.250000   acc = 1.000
  waterbird_complete50 = 0, forest2water2 = 1  [n = 56]:	loss = 0.122  exp loss = 0.100  adjusted loss = 0.100  adv prob = 0.250000   acc = 0.946
  waterbird_complete50 = 1, forest2water2 = 0  [n = 60]:	loss = 0.432  exp loss = 0.489  adjusted loss = 0.489  adv prob = 0.250000   acc = 0.867
  waterbird_complete50 = 1, forest2water2 = 1  [n = 46]:	loss = 0.235  exp loss = 0.290  adjusted loss = 0.290  adv prob = 0.250000   acc = 0.870

Validation:
Average incurred loss: 0.218  
Average sample loss: 0.215  
Average acc: 0.949  
  waterbird_complete50 = 0, forest2water2 = 0  [n = 465]:	loss = 0.003  exp loss = 0.002  adjusted loss = 0.002  adv prob = 0.250000   acc = 1.000
  waterbird_complete50 = 0, forest2water2 = 1  [n = 466]:	loss = 0.193  exp loss = 0.169  adjusted loss = 0.169  adv prob = 0.250000   acc = 0.951
  waterbird_complete50 = 1, forest2water2 = 0  [n = 134]:	loss = 1.152  exp loss = 1.419  adjusted loss = 1.419  adv prob = 0.250000   acc = 0.746
  waterbird_complete50 = 1, forest2water2 = 1  [n = 134]:	loss = 0.120  exp loss = 0.138  adjusted loss = 0.138  adv prob = 0.250000   acc = 0.970
Current lr: 0.000010
Current validation accuracy: 0.746268630027771


Epoch [193]:
Training:
Average incurred loss: 0.193  
Average sample loss: 0.199  
Average acc: 0.933  
  waterbird_complete50 = 0, forest2water2 = 0  [n = 59]:	loss = 0.001  exp loss = 0.001  adjusted loss = 0.001  adv prob = 0.250000   acc = 1.000
  waterbird_complete50 = 0, forest2water2 = 1  [n = 60]:	loss = 0.216  exp loss = 0.186  adjusted loss = 0.186  adv prob = 0.250000   acc = 0.933
  waterbird_complete50 = 1, forest2water2 = 0  [n = 52]:	loss = 0.400  exp loss = 0.443  adjusted loss = 0.443  adv prob = 0.250000   acc = 0.865
  waterbird_complete50 = 1, forest2water2 = 1  [n = 54]:	loss = 0.180  exp loss = 0.236  adjusted loss = 0.236  adv prob = 0.250000   acc = 0.926

Validation:
Average incurred loss: 0.215  
Average sample loss: 0.212  
Average acc: 0.948  
  waterbird_complete50 = 0, forest2water2 = 0  [n = 465]:	loss = 0.003  exp loss = 0.002  adjusted loss = 0.002  adv prob = 0.250000   acc = 1.000
  waterbird_complete50 = 0, forest2water2 = 1  [n = 466]:	loss = 0.209  exp loss = 0.182  adjusted loss = 0.182  adv prob = 0.250000   acc = 0.946
  waterbird_complete50 = 1, forest2water2 = 0  [n = 134]:	loss = 1.080  exp loss = 1.317  adjusted loss = 1.317  adv prob = 0.250000   acc = 0.754
  waterbird_complete50 = 1, forest2water2 = 1  [n = 134]:	loss = 0.106  exp loss = 0.122  adjusted loss = 0.122  adv prob = 0.250000   acc = 0.970
Current lr: 0.000010
Current validation accuracy: 0.753731369972229


Epoch [194]:
Training:
Average incurred loss: 0.155  
Average sample loss: 0.158  
Average acc: 0.938  
  waterbird_complete50 = 0, forest2water2 = 0  [n = 62]:	loss = 0.001  exp loss = 0.001  adjusted loss = 0.001  adv prob = 0.250000   acc = 1.000
  waterbird_complete50 = 0, forest2water2 = 1  [n = 50]:	loss = 0.084  exp loss = 0.143  adjusted loss = 0.143  adv prob = 0.250000   acc = 0.960
  waterbird_complete50 = 1, forest2water2 = 0  [n = 54]:	loss = 0.281  exp loss = 0.409  adjusted loss = 0.409  adv prob = 0.250000   acc = 0.889
  waterbird_complete50 = 1, forest2water2 = 1  [n = 59]:	loss = 0.263  exp loss = 0.247  adjusted loss = 0.247  adv prob = 0.250000   acc = 0.898

Validation:
Average incurred loss: 0.214  
Average sample loss: 0.211  
Average acc: 0.948  
  waterbird_complete50 = 0, forest2water2 = 0  [n = 465]:	loss = 0.003  exp loss = 0.002  adjusted loss = 0.002  adv prob = 0.250000   acc = 1.000
  waterbird_complete50 = 0, forest2water2 = 1  [n = 466]:	loss = 0.207  exp loss = 0.181  adjusted loss = 0.181  adv prob = 0.250000   acc = 0.946
  waterbird_complete50 = 1, forest2water2 = 0  [n = 134]:	loss = 1.078  exp loss = 1.321  adjusted loss = 1.321  adv prob = 0.250000   acc = 0.754
  waterbird_complete50 = 1, forest2water2 = 1  [n = 134]:	loss = 0.105  exp loss = 0.122  adjusted loss = 0.122  adv prob = 0.250000   acc = 0.970
Current lr: 0.000010
Current validation accuracy: 0.753731369972229


Epoch [195]:
Training:
Average incurred loss: 0.180  
Average sample loss: 0.169  
Average acc: 0.933  
  waterbird_complete50 = 0, forest2water2 = 0  [n = 51]:	loss = 0.001  exp loss = 0.001  adjusted loss = 0.001  adv prob = 0.250000   acc = 1.000
  waterbird_complete50 = 0, forest2water2 = 1  [n = 67]:	loss = 0.128  exp loss = 0.147  adjusted loss = 0.147  adv prob = 0.250000   acc = 0.940
  waterbird_complete50 = 1, forest2water2 = 0  [n = 51]:	loss = 0.361  exp loss = 0.365  adjusted loss = 0.365  adv prob = 0.250000   acc = 0.882
  waterbird_complete50 = 1, forest2water2 = 1  [n = 56]:	loss = 0.240  exp loss = 0.213  adjusted loss = 0.213  adv prob = 0.250000   acc = 0.911

Validation:
Average incurred loss: 0.216  
Average sample loss: 0.213  
Average acc: 0.948  
  waterbird_complete50 = 0, forest2water2 = 0  [n = 465]:	loss = 0.003  exp loss = 0.003  adjusted loss = 0.003  adv prob = 0.250000   acc = 1.000
  waterbird_complete50 = 0, forest2water2 = 1  [n = 466]:	loss = 0.208  exp loss = 0.182  adjusted loss = 0.182  adv prob = 0.250000   acc = 0.946
  waterbird_complete50 = 1, forest2water2 = 0  [n = 134]:	loss = 1.089  exp loss = 1.347  adjusted loss = 1.347  adv prob = 0.250000   acc = 0.754
  waterbird_complete50 = 1, forest2water2 = 1  [n = 134]:	loss = 0.109  exp loss = 0.126  adjusted loss = 0.126  adv prob = 0.250000   acc = 0.970
Current lr: 0.000010
Current validation accuracy: 0.753731369972229


Epoch [196]:
Training:
Average incurred loss: 0.320  
Average sample loss: 0.399  
Average acc: 0.898  
  waterbird_complete50 = 0, forest2water2 = 0  [n = 51]:	loss = 0.000  exp loss = 0.001  adjusted loss = 0.001  adv prob = 0.250000   acc = 1.000
  waterbird_complete50 = 0, forest2water2 = 1  [n = 52]:	loss = 0.087  exp loss = 0.120  adjusted loss = 0.120  adv prob = 0.250000   acc = 0.962
  waterbird_complete50 = 1, forest2water2 = 0  [n = 61]:	loss = 0.660  exp loss = 0.518  adjusted loss = 0.518  adv prob = 0.250000   acc = 0.820
  waterbird_complete50 = 1, forest2water2 = 1  [n = 61]:	loss = 0.448  exp loss = 0.311  adjusted loss = 0.311  adv prob = 0.250000   acc = 0.836

Validation:
Average incurred loss: 0.220  
Average sample loss: 0.217  
Average acc: 0.950  
  waterbird_complete50 = 0, forest2water2 = 0  [n = 465]:	loss = 0.003  exp loss = 0.002  adjusted loss = 0.002  adv prob = 0.250000   acc = 1.000
  waterbird_complete50 = 0, forest2water2 = 1  [n = 466]:	loss = 0.186  exp loss = 0.163  adjusted loss = 0.163  adv prob = 0.250000   acc = 0.957
  waterbird_complete50 = 1, forest2water2 = 0  [n = 134]:	loss = 1.189  exp loss = 1.480  adjusted loss = 1.480  adv prob = 0.250000   acc = 0.731
  waterbird_complete50 = 1, forest2water2 = 1  [n = 134]:	loss = 0.124  exp loss = 0.143  adjusted loss = 0.143  adv prob = 0.250000   acc = 0.970
Current lr: 0.000010
Current validation accuracy: 0.7313432693481445


Epoch [197]:
Training:
Average incurred loss: 0.209  
Average sample loss: 0.190  
Average acc: 0.933  
  waterbird_complete50 = 0, forest2water2 = 0  [n = 56]:	loss = 0.000  exp loss = 0.001  adjusted loss = 0.001  adv prob = 0.250000   acc = 1.000
  waterbird_complete50 = 0, forest2water2 = 1  [n = 50]:	loss = 0.028  exp loss = 0.087  adjusted loss = 0.087  adv prob = 0.250000   acc = 0.980
  waterbird_complete50 = 1, forest2water2 = 0  [n = 61]:	loss = 0.540  exp loss = 0.507  adjusted loss = 0.507  adv prob = 0.250000   acc = 0.820
  waterbird_complete50 = 1, forest2water2 = 1  [n = 58]:	loss = 0.218  exp loss = 0.271  adjusted loss = 0.271  adv prob = 0.250000   acc = 0.948

Validation:
Average incurred loss: 0.218  
Average sample loss: 0.215  
Average acc: 0.950  
  waterbird_complete50 = 0, forest2water2 = 0  [n = 465]:	loss = 0.003  exp loss = 0.002  adjusted loss = 0.002  adv prob = 0.250000   acc = 1.000
  waterbird_complete50 = 0, forest2water2 = 1  [n = 466]:	loss = 0.198  exp loss = 0.174  adjusted loss = 0.174  adv prob = 0.250000   acc = 0.953
  waterbird_complete50 = 1, forest2water2 = 0  [n = 134]:	loss = 1.138  exp loss = 1.417  adjusted loss = 1.417  adv prob = 0.250000   acc = 0.746
  waterbird_complete50 = 1, forest2water2 = 1  [n = 134]:	loss = 0.114  exp loss = 0.132  adjusted loss = 0.132  adv prob = 0.250000   acc = 0.970
Current lr: 0.000010
Current validation accuracy: 0.746268630027771


Epoch [198]:
Training:
Average incurred loss: 0.217  
Average sample loss: 0.247  
Average acc: 0.929  
  waterbird_complete50 = 0, forest2water2 = 0  [n = 61]:	loss = 0.000  exp loss = 0.000  adjusted loss = 0.000  adv prob = 0.250000   acc = 1.000
  waterbird_complete50 = 0, forest2water2 = 1  [n = 48]:	loss = 0.041  exp loss = 0.067  adjusted loss = 0.067  adv prob = 0.250000   acc = 0.979
  waterbird_complete50 = 1, forest2water2 = 0  [n = 63]:	loss = 0.606  exp loss = 0.541  adjusted loss = 0.541  adv prob = 0.250000   acc = 0.810
  waterbird_complete50 = 1, forest2water2 = 1  [n = 53]:	loss = 0.161  exp loss = 0.251  adjusted loss = 0.251  adv prob = 0.250000   acc = 0.943

Validation:
Average incurred loss: 0.221  
Average sample loss: 0.218  
Average acc: 0.950  
  waterbird_complete50 = 0, forest2water2 = 0  [n = 465]:	loss = 0.003  exp loss = 0.002  adjusted loss = 0.002  adv prob = 0.250000   acc = 1.000
  waterbird_complete50 = 0, forest2water2 = 1  [n = 466]:	loss = 0.195  exp loss = 0.171  adjusted loss = 0.171  adv prob = 0.250000   acc = 0.955
  waterbird_complete50 = 1, forest2water2 = 0  [n = 134]:	loss = 1.171  exp loss = 1.462  adjusted loss = 1.462  adv prob = 0.250000   acc = 0.739
  waterbird_complete50 = 1, forest2water2 = 1  [n = 134]:	loss = 0.118  exp loss = 0.136  adjusted loss = 0.136  adv prob = 0.250000   acc = 0.970
Current lr: 0.000010
Current validation accuracy: 0.7388060092926025


Epoch [199]:
Training:
Average incurred loss: 0.296  
Average sample loss: 0.302  
Average acc: 0.920  
  waterbird_complete50 = 0, forest2water2 = 0  [n = 42]:	loss = 0.000  exp loss = 0.000  adjusted loss = 0.000  adv prob = 0.250000   acc = 1.000
  waterbird_complete50 = 0, forest2water2 = 1  [n = 57]:	loss = 0.061  exp loss = 0.067  adjusted loss = 0.067  adv prob = 0.250000   acc = 0.982
  waterbird_complete50 = 1, forest2water2 = 0  [n = 71]:	loss = 0.543  exp loss = 0.548  adjusted loss = 0.548  adv prob = 0.250000   acc = 0.873
  waterbird_complete50 = 1, forest2water2 = 1  [n = 55]:	loss = 0.447  exp loss = 0.302  adjusted loss = 0.302  adv prob = 0.250000   acc = 0.855

Validation:
Average incurred loss: 0.224  
Average sample loss: 0.221  
Average acc: 0.950  
  waterbird_complete50 = 0, forest2water2 = 0  [n = 465]:	loss = 0.003  exp loss = 0.002  adjusted loss = 0.002  adv prob = 0.250000   acc = 1.000
  waterbird_complete50 = 0, forest2water2 = 1  [n = 466]:	loss = 0.190  exp loss = 0.168  adjusted loss = 0.168  adv prob = 0.250000   acc = 0.957
  waterbird_complete50 = 1, forest2water2 = 0  [n = 134]:	loss = 1.215  exp loss = 1.522  adjusted loss = 1.522  adv prob = 0.250000   acc = 0.731
  waterbird_complete50 = 1, forest2water2 = 1  [n = 134]:	loss = 0.122  exp loss = 0.140  adjusted loss = 0.140  adv prob = 0.250000   acc = 0.970
Current lr: 0.000010
Current validation accuracy: 0.7313432693481445


Epoch [200]:
Training:
Average incurred loss: 0.170  
Average sample loss: 0.170  
Average acc: 0.929  
  waterbird_complete50 = 0, forest2water2 = 0  [n = 55]:	loss = 0.000  exp loss = 0.000  adjusted loss = 0.000  adv prob = 0.250000   acc = 1.000
  waterbird_complete50 = 0, forest2water2 = 1  [n = 59]:	loss = 0.046  exp loss = 0.066  adjusted loss = 0.066  adv prob = 0.250000   acc = 0.966
  waterbird_complete50 = 1, forest2water2 = 0  [n = 46]:	loss = 0.452  exp loss = 0.479  adjusted loss = 0.479  adv prob = 0.250000   acc = 0.848
  waterbird_complete50 = 1, forest2water2 = 1  [n = 65]:	loss = 0.226  exp loss = 0.282  adjusted loss = 0.282  adv prob = 0.250000   acc = 0.892

Validation:
Average incurred loss: 0.221  
Average sample loss: 0.218  
Average acc: 0.950  
  waterbird_complete50 = 0, forest2water2 = 0  [n = 465]:	loss = 0.003  exp loss = 0.002  adjusted loss = 0.002  adv prob = 0.250000   acc = 1.000
  waterbird_complete50 = 0, forest2water2 = 1  [n = 466]:	loss = 0.191  exp loss = 0.169  adjusted loss = 0.169  adv prob = 0.250000   acc = 0.957
  waterbird_complete50 = 1, forest2water2 = 0  [n = 134]:	loss = 1.183  exp loss = 1.480  adjusted loss = 1.480  adv prob = 0.250000   acc = 0.731
  waterbird_complete50 = 1, forest2water2 = 1  [n = 134]:	loss = 0.123  exp loss = 0.142  adjusted loss = 0.142  adv prob = 0.250000   acc = 0.970
Current lr: 0.000010
Current validation accuracy: 0.7313432693481445


Epoch [201]:
Training:
Average incurred loss: 0.133  
Average sample loss: 0.122  
Average acc: 0.960  
  waterbird_complete50 = 0, forest2water2 = 0  [n = 76]:	loss = 0.017  exp loss = 0.004  adjusted loss = 0.004  adv prob = 0.250000   acc = 0.987
  waterbird_complete50 = 0, forest2water2 = 1  [n = 60]:	loss = 0.312  exp loss = 0.151  adjusted loss = 0.151  adv prob = 0.250000   acc = 0.933
  waterbird_complete50 = 1, forest2water2 = 0  [n = 51]:	loss = 0.190  exp loss = 0.368  adjusted loss = 0.368  adv prob = 0.250000   acc = 0.922
  waterbird_complete50 = 1, forest2water2 = 1  [n = 38]:	loss = 0.008  exp loss = 0.187  adjusted loss = 0.187  adv prob = 0.250000   acc = 1.000

Validation:
Average incurred loss: 0.213  
Average sample loss: 0.211  
Average acc: 0.948  
  waterbird_complete50 = 0, forest2water2 = 0  [n = 465]:	loss = 0.006  exp loss = 0.004  adjusted loss = 0.004  adv prob = 0.250000   acc = 1.000
  waterbird_complete50 = 0, forest2water2 = 1  [n = 466]:	loss = 0.251  exp loss = 0.219  adjusted loss = 0.219  adv prob = 0.250000   acc = 0.940
  waterbird_complete50 = 1, forest2water2 = 0  [n = 134]:	loss = 0.928  exp loss = 1.130  adjusted loss = 1.130  adv prob = 0.250000   acc = 0.769
  waterbird_complete50 = 1, forest2water2 = 1  [n = 134]:	loss = 0.087  exp loss = 0.100  adjusted loss = 0.100  adv prob = 0.250000   acc = 0.978
Current lr: 0.000010
Current validation accuracy: 0.7686567306518555
Best model saved at epoch 201


Epoch [202]:
Training:
Average incurred loss: 0.204  
Average sample loss: 0.195  
Average acc: 0.924  
  waterbird_complete50 = 0, forest2water2 = 0  [n = 49]:	loss = 0.005  exp loss = 0.004  adjusted loss = 0.004  adv prob = 0.250000   acc = 1.000
  waterbird_complete50 = 0, forest2water2 = 1  [n = 69]:	loss = 0.236  exp loss = 0.161  adjusted loss = 0.161  adv prob = 0.250000   acc = 0.899
  waterbird_complete50 = 1, forest2water2 = 0  [n = 53]:	loss = 0.231  exp loss = 0.309  adjusted loss = 0.309  adv prob = 0.250000   acc = 0.906
  waterbird_complete50 = 1, forest2water2 = 1  [n = 54]:	loss = 0.319  exp loss = 0.212  adjusted loss = 0.212  adv prob = 0.250000   acc = 0.907

Validation:
Average incurred loss: 0.212  
Average sample loss: 0.209  
Average acc: 0.950  
  waterbird_complete50 = 0, forest2water2 = 0  [n = 465]:	loss = 0.004  exp loss = 0.003  adjusted loss = 0.003  adv prob = 0.250000   acc = 1.000
  waterbird_complete50 = 0, forest2water2 = 1  [n = 466]:	loss = 0.217  exp loss = 0.191  adjusted loss = 0.191  adv prob = 0.250000   acc = 0.946
  waterbird_complete50 = 1, forest2water2 = 0  [n = 134]:	loss = 1.029  exp loss = 1.266  adjusted loss = 1.266  adv prob = 0.250000   acc = 0.769
  waterbird_complete50 = 1, forest2water2 = 1  [n = 134]:	loss = 0.100  exp loss = 0.116  adjusted loss = 0.116  adv prob = 0.250000   acc = 0.970
Current lr: 0.000010
Current validation accuracy: 0.7686567306518555


Epoch [203]:
Training:
Average incurred loss: 0.155  
Average sample loss: 0.157  
Average acc: 0.938  
  waterbird_complete50 = 0, forest2water2 = 0  [n = 57]:	loss = 0.026  exp loss = 0.008  adjusted loss = 0.008  adv prob = 0.250000   acc = 0.982
  waterbird_complete50 = 0, forest2water2 = 1  [n = 61]:	loss = 0.068  exp loss = 0.122  adjusted loss = 0.122  adv prob = 0.250000   acc = 0.951
  waterbird_complete50 = 1, forest2water2 = 0  [n = 58]:	loss = 0.434  exp loss = 0.368  adjusted loss = 0.368  adv prob = 0.250000   acc = 0.845
  waterbird_complete50 = 1, forest2water2 = 1  [n = 49]:	loss = 0.082  exp loss = 0.164  adjusted loss = 0.164  adv prob = 0.250000   acc = 0.980

Validation:
Average incurred loss: 0.211  
Average sample loss: 0.208  
Average acc: 0.950  
  waterbird_complete50 = 0, forest2water2 = 0  [n = 465]:	loss = 0.004  exp loss = 0.003  adjusted loss = 0.003  adv prob = 0.250000   acc = 1.000
  waterbird_complete50 = 0, forest2water2 = 1  [n = 466]:	loss = 0.221  exp loss = 0.193  adjusted loss = 0.193  adv prob = 0.250000   acc = 0.946
  waterbird_complete50 = 1, forest2water2 = 0  [n = 134]:	loss = 1.000  exp loss = 1.222  adjusted loss = 1.222  adv prob = 0.250000   acc = 0.769
  waterbird_complete50 = 1, forest2water2 = 1  [n = 134]:	loss = 0.101  exp loss = 0.117  adjusted loss = 0.117  adv prob = 0.250000   acc = 0.970
Current lr: 0.000010
Current validation accuracy: 0.7686567306518555


Epoch [204]:
Training:
Average incurred loss: 0.168  
Average sample loss: 0.170  
Average acc: 0.942  
  waterbird_complete50 = 0, forest2water2 = 0  [n = 67]:	loss = 0.004  exp loss = 0.006  adjusted loss = 0.006  adv prob = 0.250000   acc = 1.000
  waterbird_complete50 = 0, forest2water2 = 1  [n = 52]:	loss = 0.234  exp loss = 0.180  adjusted loss = 0.180  adv prob = 0.250000   acc = 0.962
  waterbird_complete50 = 1, forest2water2 = 0  [n = 67]:	loss = 0.151  exp loss = 0.280  adjusted loss = 0.280  adv prob = 0.250000   acc = 0.940
  waterbird_complete50 = 1, forest2water2 = 1  [n = 39]:	loss = 0.392  exp loss = 0.193  adjusted loss = 0.193  adv prob = 0.250000   acc = 0.821

Validation:
Average incurred loss: 0.213  
Average sample loss: 0.211  
Average acc: 0.949  
  waterbird_complete50 = 0, forest2water2 = 0  [n = 465]:	loss = 0.007  exp loss = 0.006  adjusted loss = 0.006  adv prob = 0.250000   acc = 1.000
  waterbird_complete50 = 0, forest2water2 = 1  [n = 466]:	loss = 0.260  exp loss = 0.227  adjusted loss = 0.227  adv prob = 0.250000   acc = 0.940
  waterbird_complete50 = 1, forest2water2 = 0  [n = 134]:	loss = 0.898  exp loss = 1.088  adjusted loss = 1.088  adv prob = 0.250000   acc = 0.776
  waterbird_complete50 = 1, forest2water2 = 1  [n = 134]:	loss = 0.081  exp loss = 0.093  adjusted loss = 0.093  adv prob = 0.250000   acc = 0.978
Current lr: 0.000010
Current validation accuracy: 0.7761193513870239
Best model saved at epoch 204


Epoch [205]:
Training:
Average incurred loss: 0.294  
Average sample loss: 0.285  
Average acc: 0.880  
  waterbird_complete50 = 0, forest2water2 = 0  [n = 42]:	loss = 0.002  exp loss = 0.005  adjusted loss = 0.005  adv prob = 0.250000   acc = 1.000
  waterbird_complete50 = 0, forest2water2 = 1  [n = 70]:	loss = 0.122  exp loss = 0.194  adjusted loss = 0.194  adv prob = 0.250000   acc = 0.943
  waterbird_complete50 = 1, forest2water2 = 0  [n = 53]:	loss = 0.574  exp loss = 0.373  adjusted loss = 0.373  adv prob = 0.250000   acc = 0.774
  waterbird_complete50 = 1, forest2water2 = 1  [n = 60]:	loss = 0.450  exp loss = 0.250  adjusted loss = 0.250  adv prob = 0.250000   acc = 0.817

Validation:
Average incurred loss: 0.211  
Average sample loss: 0.209  
Average acc: 0.949  
  waterbird_complete50 = 0, forest2water2 = 0  [n = 465]:	loss = 0.006  exp loss = 0.005  adjusted loss = 0.005  adv prob = 0.250000   acc = 1.000
  waterbird_complete50 = 0, forest2water2 = 1  [n = 466]:	loss = 0.250  exp loss = 0.219  adjusted loss = 0.219  adv prob = 0.250000   acc = 0.940
  waterbird_complete50 = 1, forest2water2 = 0  [n = 134]:	loss = 0.915  exp loss = 1.117  adjusted loss = 1.117  adv prob = 0.250000   acc = 0.776
  waterbird_complete50 = 1, forest2water2 = 1  [n = 134]:	loss = 0.087  exp loss = 0.099  adjusted loss = 0.099  adv prob = 0.250000   acc = 0.978
Current lr: 0.000010
Current validation accuracy: 0.7761193513870239


Epoch [206]:
Training:
Average incurred loss: 0.223  
Average sample loss: 0.213  
Average acc: 0.924  
  waterbird_complete50 = 0, forest2water2 = 0  [n = 53]:	loss = 0.002  exp loss = 0.004  adjusted loss = 0.004  adv prob = 0.250000   acc = 1.000
  waterbird_complete50 = 0, forest2water2 = 1  [n = 60]:	loss = 0.061  exp loss = 0.148  adjusted loss = 0.148  adv prob = 0.250000   acc = 0.983
  waterbird_complete50 = 1, forest2water2 = 0  [n = 57]:	loss = 0.579  exp loss = 0.406  adjusted loss = 0.406  adv prob = 0.250000   acc = 0.825
  waterbird_complete50 = 1, forest2water2 = 1  [n = 55]:	loss = 0.246  exp loss = 0.246  adjusted loss = 0.246  adv prob = 0.250000   acc = 0.891

Validation:
Average incurred loss: 0.209  
Average sample loss: 0.207  
Average acc: 0.949  
  waterbird_complete50 = 0, forest2water2 = 0  [n = 465]:	loss = 0.006  exp loss = 0.004  adjusted loss = 0.004  adv prob = 0.250000   acc = 1.000
  waterbird_complete50 = 0, forest2water2 = 1  [n = 466]:	loss = 0.237  exp loss = 0.208  adjusted loss = 0.208  adv prob = 0.250000   acc = 0.940
  waterbird_complete50 = 1, forest2water2 = 0  [n = 134]:	loss = 0.939  exp loss = 1.149  adjusted loss = 1.149  adv prob = 0.250000   acc = 0.776
  waterbird_complete50 = 1, forest2water2 = 1  [n = 134]:	loss = 0.091  exp loss = 0.105  adjusted loss = 0.105  adv prob = 0.250000   acc = 0.978
Current lr: 0.000010
Current validation accuracy: 0.7761193513870239


Epoch [207]:
Training:
Average incurred loss: 0.184  
Average sample loss: 0.211  
Average acc: 0.920  
  waterbird_complete50 = 0, forest2water2 = 0  [n = 52]:	loss = 0.001  exp loss = 0.003  adjusted loss = 0.003  adv prob = 0.250000   acc = 1.000
  waterbird_complete50 = 0, forest2water2 = 1  [n = 66]:	loss = 0.089  exp loss = 0.124  adjusted loss = 0.124  adv prob = 0.250000   acc = 0.955
  waterbird_complete50 = 1, forest2water2 = 0  [n = 46]:	loss = 0.408  exp loss = 0.420  adjusted loss = 0.420  adv prob = 0.250000   acc = 0.848
  waterbird_complete50 = 1, forest2water2 = 1  [n = 61]:	loss = 0.274  exp loss = 0.252  adjusted loss = 0.252  adv prob = 0.250000   acc = 0.869

Validation:
Average incurred loss: 0.211  
Average sample loss: 0.208  
Average acc: 0.948  
  waterbird_complete50 = 0, forest2water2 = 0  [n = 465]:	loss = 0.005  exp loss = 0.004  adjusted loss = 0.004  adv prob = 0.250000   acc = 1.000
  waterbird_complete50 = 0, forest2water2 = 1  [n = 466]:	loss = 0.227  exp loss = 0.200  adjusted loss = 0.200  adv prob = 0.250000   acc = 0.940
  waterbird_complete50 = 1, forest2water2 = 0  [n = 134]:	loss = 0.982  exp loss = 1.200  adjusted loss = 1.200  adv prob = 0.250000   acc = 0.769
  waterbird_complete50 = 1, forest2water2 = 1  [n = 134]:	loss = 0.095  exp loss = 0.109  adjusted loss = 0.109  adv prob = 0.250000   acc = 0.978
Current lr: 0.000010
Current validation accuracy: 0.7686567306518555


Epoch [208]:
Training:
Average incurred loss: 0.189  
Average sample loss: 0.190  
Average acc: 0.924  
  waterbird_complete50 = 0, forest2water2 = 0  [n = 53]:	loss = 0.001  exp loss = 0.002  adjusted loss = 0.002  adv prob = 0.250000   acc = 1.000
  waterbird_complete50 = 0, forest2water2 = 1  [n = 59]:	loss = 0.078  exp loss = 0.105  adjusted loss = 0.105  adv prob = 0.250000   acc = 0.966
  waterbird_complete50 = 1, forest2water2 = 0  [n = 56]:	loss = 0.353  exp loss = 0.393  adjusted loss = 0.393  adv prob = 0.250000   acc = 0.893
  waterbird_complete50 = 1, forest2water2 = 1  [n = 57]:	loss = 0.317  exp loss = 0.280  adjusted loss = 0.280  adv prob = 0.250000   acc = 0.842

Validation:
Average incurred loss: 0.212  
Average sample loss: 0.210  
Average acc: 0.950  
  waterbird_complete50 = 0, forest2water2 = 0  [n = 465]:	loss = 0.005  exp loss = 0.003  adjusted loss = 0.003  adv prob = 0.250000   acc = 1.000
  waterbird_complete50 = 0, forest2water2 = 1  [n = 466]:	loss = 0.214  exp loss = 0.188  adjusted loss = 0.188  adv prob = 0.250000   acc = 0.948
  waterbird_complete50 = 1, forest2water2 = 0  [n = 134]:	loss = 1.035  exp loss = 1.262  adjusted loss = 1.262  adv prob = 0.250000   acc = 0.761
  waterbird_complete50 = 1, forest2water2 = 1  [n = 134]:	loss = 0.104  exp loss = 0.120  adjusted loss = 0.120  adv prob = 0.250000   acc = 0.970
Current lr: 0.000010
Current validation accuracy: 0.761194109916687


Epoch [209]:
Training:
Average incurred loss: 0.180  
Average sample loss: 0.185  
Average acc: 0.942  
  waterbird_complete50 = 0, forest2water2 = 0  [n = 54]:	loss = 0.008  exp loss = 0.003  adjusted loss = 0.003  adv prob = 0.250000   acc = 1.000
  waterbird_complete50 = 0, forest2water2 = 1  [n = 55]:	loss = 0.105  exp loss = 0.103  adjusted loss = 0.103  adv prob = 0.250000   acc = 0.945
  waterbird_complete50 = 1, forest2water2 = 0  [n = 67]:	loss = 0.428  exp loss = 0.402  adjusted loss = 0.402  adv prob = 0.250000   acc = 0.881
  waterbird_complete50 = 1, forest2water2 = 1  [n = 49]:	loss = 0.115  exp loss = 0.232  adjusted loss = 0.232  adv prob = 0.250000   acc = 0.959

Validation:
Average incurred loss: 0.212  
Average sample loss: 0.209  
Average acc: 0.950  
  waterbird_complete50 = 0, forest2water2 = 0  [n = 465]:	loss = 0.004  exp loss = 0.003  adjusted loss = 0.003  adv prob = 0.250000   acc = 1.000
  waterbird_complete50 = 0, forest2water2 = 1  [n = 466]:	loss = 0.215  exp loss = 0.190  adjusted loss = 0.190  adv prob = 0.250000   acc = 0.946
  waterbird_complete50 = 1, forest2water2 = 0  [n = 134]:	loss = 1.032  exp loss = 1.262  adjusted loss = 1.262  adv prob = 0.250000   acc = 0.761
  waterbird_complete50 = 1, forest2water2 = 1  [n = 134]:	loss = 0.104  exp loss = 0.118  adjusted loss = 0.118  adv prob = 0.250000   acc = 0.978
Current lr: 0.000010
Current validation accuracy: 0.761194109916687


Epoch [210]:
Training:
Average incurred loss: 0.140  
Average sample loss: 0.157  
Average acc: 0.947  
  waterbird_complete50 = 0, forest2water2 = 0  [n = 68]:	loss = 0.025  exp loss = 0.011  adjusted loss = 0.011  adv prob = 0.250000   acc = 0.985
  waterbird_complete50 = 0, forest2water2 = 1  [n = 43]:	loss = 0.063  exp loss = 0.085  adjusted loss = 0.085  adv prob = 0.250000   acc = 0.977
  waterbird_complete50 = 1, forest2water2 = 0  [n = 62]:	loss = 0.359  exp loss = 0.418  adjusted loss = 0.418  adv prob = 0.250000   acc = 0.871
  waterbird_complete50 = 1, forest2water2 = 1  [n = 52]:	loss = 0.095  exp loss = 0.180  adjusted loss = 0.180  adv prob = 0.250000   acc = 0.962

Validation:
Average incurred loss: 0.211  
Average sample loss: 0.209  
Average acc: 0.947  
  waterbird_complete50 = 0, forest2water2 = 0  [n = 465]:	loss = 0.004  exp loss = 0.003  adjusted loss = 0.003  adv prob = 0.250000   acc = 1.000
  waterbird_complete50 = 0, forest2water2 = 1  [n = 466]:	loss = 0.215  exp loss = 0.190  adjusted loss = 0.190  adv prob = 0.250000   acc = 0.942
  waterbird_complete50 = 1, forest2water2 = 0  [n = 134]:	loss = 1.028  exp loss = 1.255  adjusted loss = 1.255  adv prob = 0.250000   acc = 0.761
  waterbird_complete50 = 1, forest2water2 = 1  [n = 134]:	loss = 0.101  exp loss = 0.115  adjusted loss = 0.115  adv prob = 0.250000   acc = 0.970
Current lr: 0.000010
Current validation accuracy: 0.761194109916687


Epoch [211]:
Training:
Average incurred loss: 0.196  
Average sample loss: 0.189  
Average acc: 0.916  
  waterbird_complete50 = 0, forest2water2 = 0  [n = 60]:	loss = 0.001  exp loss = 0.008  adjusted loss = 0.008  adv prob = 0.250000   acc = 1.000
  waterbird_complete50 = 0, forest2water2 = 1  [n = 53]:	loss = 0.311  exp loss = 0.139  adjusted loss = 0.139  adv prob = 0.250000   acc = 0.868
  waterbird_complete50 = 1, forest2water2 = 0  [n = 42]:	loss = 0.314  exp loss = 0.382  adjusted loss = 0.382  adv prob = 0.250000   acc = 0.857
  waterbird_complete50 = 1, forest2water2 = 1  [n = 70]:	loss = 0.205  exp loss = 0.199  adjusted loss = 0.199  adv prob = 0.250000   acc = 0.914

Validation:
Average incurred loss: 0.212  
Average sample loss: 0.209  
Average acc: 0.949  
  waterbird_complete50 = 0, forest2water2 = 0  [n = 465]:	loss = 0.004  exp loss = 0.003  adjusted loss = 0.003  adv prob = 0.250000   acc = 1.000
  waterbird_complete50 = 0, forest2water2 = 1  [n = 466]:	loss = 0.203  exp loss = 0.179  adjusted loss = 0.179  adv prob = 0.250000   acc = 0.948
  waterbird_complete50 = 1, forest2water2 = 0  [n = 134]:	loss = 1.069  exp loss = 1.323  adjusted loss = 1.323  adv prob = 0.250000   acc = 0.754
  waterbird_complete50 = 1, forest2water2 = 1  [n = 134]:	loss = 0.109  exp loss = 0.125  adjusted loss = 0.125  adv prob = 0.250000   acc = 0.970
Current lr: 0.000010
Current validation accuracy: 0.753731369972229


Epoch [212]:
Training:
Average incurred loss: 0.145  
Average sample loss: 0.146  
Average acc: 0.947  
  waterbird_complete50 = 0, forest2water2 = 0  [n = 63]:	loss = 0.002  exp loss = 0.005  adjusted loss = 0.005  adv prob = 0.250000   acc = 1.000
  waterbird_complete50 = 0, forest2water2 = 1  [n = 48]:	loss = 0.055  exp loss = 0.106  adjusted loss = 0.106  adv prob = 0.250000   acc = 0.979
  waterbird_complete50 = 1, forest2water2 = 0  [n = 59]:	loss = 0.314  exp loss = 0.363  adjusted loss = 0.363  adv prob = 0.250000   acc = 0.881
  waterbird_complete50 = 1, forest2water2 = 1  [n = 55]:	loss = 0.207  exp loss = 0.199  adjusted loss = 0.199  adv prob = 0.250000   acc = 0.927

Validation:
Average incurred loss: 0.214  
Average sample loss: 0.211  
Average acc: 0.947  
  waterbird_complete50 = 0, forest2water2 = 0  [n = 465]:	loss = 0.004  exp loss = 0.003  adjusted loss = 0.003  adv prob = 0.250000   acc = 1.000
  waterbird_complete50 = 0, forest2water2 = 1  [n = 466]:	loss = 0.209  exp loss = 0.185  adjusted loss = 0.185  adv prob = 0.250000   acc = 0.944
  waterbird_complete50 = 1, forest2water2 = 0  [n = 134]:	loss = 1.071  exp loss = 1.332  adjusted loss = 1.332  adv prob = 0.250000   acc = 0.754
  waterbird_complete50 = 1, forest2water2 = 1  [n = 134]:	loss = 0.104  exp loss = 0.119  adjusted loss = 0.119  adv prob = 0.250000   acc = 0.970
Current lr: 0.000010
Current validation accuracy: 0.753731369972229


Epoch [213]:
Training:
Average incurred loss: 0.186  
Average sample loss: 0.192  
Average acc: 0.920  
  waterbird_complete50 = 0, forest2water2 = 0  [n = 56]:	loss = 0.014  exp loss = 0.006  adjusted loss = 0.006  adv prob = 0.250000   acc = 1.000
  waterbird_complete50 = 0, forest2water2 = 1  [n = 71]:	loss = 0.261  exp loss = 0.168  adjusted loss = 0.168  adv prob = 0.250000   acc = 0.901
  waterbird_complete50 = 1, forest2water2 = 0  [n = 58]:	loss = 0.193  exp loss = 0.300  adjusted loss = 0.300  adv prob = 0.250000   acc = 0.879
  waterbird_complete50 = 1, forest2water2 = 1  [n = 40]:	loss = 0.280  exp loss = 0.207  adjusted loss = 0.207  adv prob = 0.250000   acc = 0.900

Validation:
Average incurred loss: 0.213  
Average sample loss: 0.210  
Average acc: 0.949  
  waterbird_complete50 = 0, forest2water2 = 0  [n = 465]:	loss = 0.005  exp loss = 0.004  adjusted loss = 0.004  adv prob = 0.250000   acc = 1.000
  waterbird_complete50 = 0, forest2water2 = 1  [n = 466]:	loss = 0.235  exp loss = 0.208  adjusted loss = 0.208  adv prob = 0.250000   acc = 0.942
  waterbird_complete50 = 1, forest2water2 = 0  [n = 134]:	loss = 0.975  exp loss = 1.187  adjusted loss = 1.187  adv prob = 0.250000   acc = 0.769
  waterbird_complete50 = 1, forest2water2 = 1  [n = 134]:	loss = 0.091  exp loss = 0.104  adjusted loss = 0.104  adv prob = 0.250000   acc = 0.978
Current lr: 0.000010
Current validation accuracy: 0.7686567306518555


Epoch [214]:
Training:
Average incurred loss: 0.163  
Average sample loss: 0.154  
Average acc: 0.916  
  waterbird_complete50 = 0, forest2water2 = 0  [n = 57]:	loss = 0.042  exp loss = 0.015  adjusted loss = 0.015  adv prob = 0.250000   acc = 0.982
  waterbird_complete50 = 0, forest2water2 = 1  [n = 61]:	loss = 0.128  exp loss = 0.146  adjusted loss = 0.146  adv prob = 0.250000   acc = 0.918
  waterbird_complete50 = 1, forest2water2 = 0  [n = 62]:	loss = 0.342  exp loss = 0.305  adjusted loss = 0.305  adv prob = 0.250000   acc = 0.855
  waterbird_complete50 = 1, forest2water2 = 1  [n = 45]:	loss = 0.116  exp loss = 0.173  adjusted loss = 0.173  adv prob = 0.250000   acc = 0.911

Validation:
Average incurred loss: 0.212  
Average sample loss: 0.209  
Average acc: 0.948  
  waterbird_complete50 = 0, forest2water2 = 0  [n = 465]:	loss = 0.006  exp loss = 0.005  adjusted loss = 0.005  adv prob = 0.250000   acc = 1.000
  waterbird_complete50 = 0, forest2water2 = 1  [n = 466]:	loss = 0.244  exp loss = 0.214  adjusted loss = 0.214  adv prob = 0.250000   acc = 0.940
  waterbird_complete50 = 1, forest2water2 = 0  [n = 134]:	loss = 0.938  exp loss = 1.136  adjusted loss = 1.136  adv prob = 0.250000   acc = 0.769
  waterbird_complete50 = 1, forest2water2 = 1  [n = 134]:	loss = 0.088  exp loss = 0.100  adjusted loss = 0.100  adv prob = 0.250000   acc = 0.978
Current lr: 0.000010
Current validation accuracy: 0.7686567306518555


Epoch [215]:
Training:
Average incurred loss: 0.243  
Average sample loss: 0.246  
Average acc: 0.902  
  waterbird_complete50 = 0, forest2water2 = 0  [n = 52]:	loss = 0.016  exp loss = 0.014  adjusted loss = 0.014  adv prob = 0.250000   acc = 1.000
  waterbird_complete50 = 0, forest2water2 = 1  [n = 59]:	loss = 0.234  exp loss = 0.169  adjusted loss = 0.169  adv prob = 0.250000   acc = 0.932
  waterbird_complete50 = 1, forest2water2 = 0  [n = 68]:	loss = 0.432  exp loss = 0.332  adjusted loss = 0.332  adv prob = 0.250000   acc = 0.824
  waterbird_complete50 = 1, forest2water2 = 1  [n = 46]:	loss = 0.234  exp loss = 0.206  adjusted loss = 0.206  adv prob = 0.250000   acc = 0.870

Validation:
Average incurred loss: 0.214  
Average sample loss: 0.212  
Average acc: 0.949  
  waterbird_complete50 = 0, forest2water2 = 0  [n = 465]:	loss = 0.006  exp loss = 0.004  adjusted loss = 0.004  adv prob = 0.250000   acc = 1.000
  waterbird_complete50 = 0, forest2water2 = 1  [n = 466]:	loss = 0.246  exp loss = 0.216  adjusted loss = 0.216  adv prob = 0.250000   acc = 0.942
  waterbird_complete50 = 1, forest2water2 = 0  [n = 134]:	loss = 0.953  exp loss = 1.163  adjusted loss = 1.163  adv prob = 0.250000   acc = 0.769
  waterbird_complete50 = 1, forest2water2 = 1  [n = 134]:	loss = 0.089  exp loss = 0.102  adjusted loss = 0.102  adv prob = 0.250000   acc = 0.978
Current lr: 0.000010
Current validation accuracy: 0.7686567306518555


Epoch [216]:
Training:
Average incurred loss: 0.116  
Average sample loss: 0.103  
Average acc: 0.956  
  waterbird_complete50 = 0, forest2water2 = 0  [n = 59]:	loss = 0.001  exp loss = 0.010  adjusted loss = 0.010  adv prob = 0.250000   acc = 1.000
  waterbird_complete50 = 0, forest2water2 = 1  [n = 55]:	loss = 0.132  exp loss = 0.147  adjusted loss = 0.147  adv prob = 0.250000   acc = 0.964
  waterbird_complete50 = 1, forest2water2 = 0  [n = 62]:	loss = 0.235  exp loss = 0.278  adjusted loss = 0.278  adv prob = 0.250000   acc = 0.887
  waterbird_complete50 = 1, forest2water2 = 1  [n = 49]:	loss = 0.087  exp loss = 0.165  adjusted loss = 0.165  adv prob = 0.250000   acc = 0.980

Validation:
Average incurred loss: 0.213  
Average sample loss: 0.211  
Average acc: 0.947  
  waterbird_complete50 = 0, forest2water2 = 0  [n = 465]:	loss = 0.005  exp loss = 0.003  adjusted loss = 0.003  adv prob = 0.250000   acc = 1.000
  waterbird_complete50 = 0, forest2water2 = 1  [n = 466]:	loss = 0.227  exp loss = 0.200  adjusted loss = 0.200  adv prob = 0.250000   acc = 0.942
  waterbird_complete50 = 1, forest2water2 = 0  [n = 134]:	loss = 1.010  exp loss = 1.238  adjusted loss = 1.238  adv prob = 0.250000   acc = 0.754
  waterbird_complete50 = 1, forest2water2 = 1  [n = 134]:	loss = 0.093  exp loss = 0.108  adjusted loss = 0.108  adv prob = 0.250000   acc = 0.970
Current lr: 0.000010
Current validation accuracy: 0.753731369972229


Epoch [217]:
Training:
Average incurred loss: 0.251  
Average sample loss: 0.242  
Average acc: 0.907  
  waterbird_complete50 = 0, forest2water2 = 0  [n = 56]:	loss = 0.028  exp loss = 0.015  adjusted loss = 0.015  adv prob = 0.250000   acc = 0.982
  waterbird_complete50 = 0, forest2water2 = 1  [n = 65]:	loss = 0.354  exp loss = 0.235  adjusted loss = 0.235  adv prob = 0.250000   acc = 0.877
  waterbird_complete50 = 1, forest2water2 = 0  [n = 63]:	loss = 0.431  exp loss = 0.311  adjusted loss = 0.311  adv prob = 0.250000   acc = 0.841
  waterbird_complete50 = 1, forest2water2 = 1  [n = 41]:	loss = 0.115  exp loss = 0.136  adjusted loss = 0.136  adv prob = 0.250000   acc = 0.951

Validation:
Average incurred loss: 0.212  
Average sample loss: 0.209  
Average acc: 0.948  
  waterbird_complete50 = 0, forest2water2 = 0  [n = 465]:	loss = 0.006  exp loss = 0.005  adjusted loss = 0.005  adv prob = 0.250000   acc = 1.000
  waterbird_complete50 = 0, forest2water2 = 1  [n = 466]:	loss = 0.253  exp loss = 0.222  adjusted loss = 0.222  adv prob = 0.250000   acc = 0.938
  waterbird_complete50 = 1, forest2water2 = 0  [n = 134]:	loss = 0.909  exp loss = 1.101  adjusted loss = 1.101  adv prob = 0.250000   acc = 0.776
  waterbird_complete50 = 1, forest2water2 = 1  [n = 134]:	loss = 0.082  exp loss = 0.094  adjusted loss = 0.094  adv prob = 0.250000   acc = 0.978
Current lr: 0.000010
Current validation accuracy: 0.7761193513870239


Epoch [218]:
Training:
Average incurred loss: 0.305  
Average sample loss: 0.341  
Average acc: 0.907  
  waterbird_complete50 = 0, forest2water2 = 0  [n = 49]:	loss = 0.002  exp loss = 0.012  adjusted loss = 0.012  adv prob = 0.250000   acc = 1.000
  waterbird_complete50 = 0, forest2water2 = 1  [n = 51]:	loss = 0.088  exp loss = 0.187  adjusted loss = 0.187  adv prob = 0.250000   acc = 0.941
  waterbird_complete50 = 1, forest2water2 = 0  [n = 59]:	loss = 0.743  exp loss = 0.428  adjusted loss = 0.428  adv prob = 0.250000   acc = 0.797
  waterbird_complete50 = 1, forest2water2 = 1  [n = 66]:	loss = 0.308  exp loss = 0.236  adjusted loss = 0.236  adv prob = 0.250000   acc = 0.909

Validation:
Average incurred loss: 0.210  
Average sample loss: 0.208  
Average acc: 0.948  
  waterbird_complete50 = 0, forest2water2 = 0  [n = 465]:	loss = 0.005  exp loss = 0.003  adjusted loss = 0.003  adv prob = 0.250000   acc = 1.000
  waterbird_complete50 = 0, forest2water2 = 1  [n = 466]:	loss = 0.220  exp loss = 0.193  adjusted loss = 0.193  adv prob = 0.250000   acc = 0.942
  waterbird_complete50 = 1, forest2water2 = 0  [n = 134]:	loss = 1.003  exp loss = 1.235  adjusted loss = 1.235  adv prob = 0.250000   acc = 0.769
  waterbird_complete50 = 1, forest2water2 = 1  [n = 134]:	loss = 0.101  exp loss = 0.116  adjusted loss = 0.116  adv prob = 0.250000   acc = 0.970
Current lr: 0.000010
Current validation accuracy: 0.7686567306518555


Epoch [219]:
Training:
Average incurred loss: 0.172  
Average sample loss: 0.176  
Average acc: 0.933  
  waterbird_complete50 = 0, forest2water2 = 0  [n = 60]:	loss = 0.001  exp loss = 0.008  adjusted loss = 0.008  adv prob = 0.250000   acc = 1.000
  waterbird_complete50 = 0, forest2water2 = 1  [n = 53]:	loss = 0.193  exp loss = 0.175  adjusted loss = 0.175  adv prob = 0.250000   acc = 0.943
  waterbird_complete50 = 1, forest2water2 = 0  [n = 56]:	loss = 0.303  exp loss = 0.394  adjusted loss = 0.394  adv prob = 0.250000   acc = 0.893
  waterbird_complete50 = 1, forest2water2 = 1  [n = 56]:	loss = 0.204  exp loss = 0.220  adjusted loss = 0.220  adv prob = 0.250000   acc = 0.893

Validation:
Average incurred loss: 0.212  
Average sample loss: 0.209  
Average acc: 0.950  
  waterbird_complete50 = 0, forest2water2 = 0  [n = 465]:	loss = 0.004  exp loss = 0.003  adjusted loss = 0.003  adv prob = 0.250000   acc = 1.000
  waterbird_complete50 = 0, forest2water2 = 1  [n = 466]:	loss = 0.211  exp loss = 0.185  adjusted loss = 0.185  adv prob = 0.250000   acc = 0.948
  waterbird_complete50 = 1, forest2water2 = 0  [n = 134]:	loss = 1.039  exp loss = 1.282  adjusted loss = 1.282  adv prob = 0.250000   acc = 0.761
  waterbird_complete50 = 1, forest2water2 = 1  [n = 134]:	loss = 0.106  exp loss = 0.120  adjusted loss = 0.120  adv prob = 0.250000   acc = 0.970
Current lr: 0.000010
Current validation accuracy: 0.761194109916687


Epoch [220]:
Training:
Average incurred loss: 0.249  
Average sample loss: 0.241  
Average acc: 0.911  
  waterbird_complete50 = 0, forest2water2 = 0  [n = 57]:	loss = 0.007  exp loss = 0.008  adjusted loss = 0.008  adv prob = 0.250000   acc = 1.000
  waterbird_complete50 = 0, forest2water2 = 1  [n = 51]:	loss = 0.128  exp loss = 0.199  adjusted loss = 0.199  adv prob = 0.250000   acc = 0.961
  waterbird_complete50 = 1, forest2water2 = 0  [n = 51]:	loss = 0.556  exp loss = 0.446  adjusted loss = 0.446  adv prob = 0.250000   acc = 0.765
  waterbird_complete50 = 1, forest2water2 = 1  [n = 66]:	loss = 0.312  exp loss = 0.226  adjusted loss = 0.226  adv prob = 0.250000   acc = 0.909

Validation:
Average incurred loss: 0.215  
Average sample loss: 0.212  
Average acc: 0.951  
  waterbird_complete50 = 0, forest2water2 = 0  [n = 465]:	loss = 0.003  exp loss = 0.002  adjusted loss = 0.002  adv prob = 0.250000   acc = 1.000
  waterbird_complete50 = 0, forest2water2 = 1  [n = 466]:	loss = 0.196  exp loss = 0.171  adjusted loss = 0.171  adv prob = 0.250000   acc = 0.957
  waterbird_complete50 = 1, forest2water2 = 0  [n = 134]:	loss = 1.116  exp loss = 1.392  adjusted loss = 1.392  adv prob = 0.250000   acc = 0.739
  waterbird_complete50 = 1, forest2water2 = 1  [n = 134]:	loss = 0.114  exp loss = 0.130  adjusted loss = 0.130  adv prob = 0.250000   acc = 0.970
Current lr: 0.000010
Current validation accuracy: 0.7388060092926025


Epoch [221]:
Training:
Average incurred loss: 0.308  
Average sample loss: 0.327  
Average acc: 0.889  
  waterbird_complete50 = 0, forest2water2 = 0  [n = 43]:	loss = 0.001  exp loss = 0.005  adjusted loss = 0.005  adv prob = 0.250000   acc = 1.000
  waterbird_complete50 = 0, forest2water2 = 1  [n = 57]:	loss = 0.110  exp loss = 0.168  adjusted loss = 0.168  adv prob = 0.250000   acc = 0.965
  waterbird_complete50 = 1, forest2water2 = 0  [n = 66]:	loss = 0.700  exp loss = 0.545  adjusted loss = 0.545  adv prob = 0.250000   acc = 0.758
  waterbird_complete50 = 1, forest2water2 = 1  [n = 59]:	loss = 0.284  exp loss = 0.261  adjusted loss = 0.261  adv prob = 0.250000   acc = 0.881

Validation:
Average incurred loss: 0.218  
Average sample loss: 0.215  
Average acc: 0.950  
  waterbird_complete50 = 0, forest2water2 = 0  [n = 465]:	loss = 0.003  exp loss = 0.002  adjusted loss = 0.002  adv prob = 0.250000   acc = 1.000
  waterbird_complete50 = 0, forest2water2 = 1  [n = 466]:	loss = 0.180  exp loss = 0.159  adjusted loss = 0.159  adv prob = 0.250000   acc = 0.959
  waterbird_complete50 = 1, forest2water2 = 0  [n = 134]:	loss = 1.189  exp loss = 1.479  adjusted loss = 1.479  adv prob = 0.250000   acc = 0.724
  waterbird_complete50 = 1, forest2water2 = 1  [n = 134]:	loss = 0.125  exp loss = 0.141  adjusted loss = 0.141  adv prob = 0.250000   acc = 0.970
Current lr: 0.000010
Current validation accuracy: 0.7238806486129761


Epoch [222]:
Training:
Average incurred loss: 0.199  
Average sample loss: 0.206  
Average acc: 0.902  
  waterbird_complete50 = 0, forest2water2 = 0  [n = 61]:	loss = 0.000  exp loss = 0.004  adjusted loss = 0.004  adv prob = 0.250000   acc = 1.000
  waterbird_complete50 = 0, forest2water2 = 1  [n = 45]:	loss = 0.086  exp loss = 0.134  adjusted loss = 0.134  adv prob = 0.250000   acc = 0.978
  waterbird_complete50 = 1, forest2water2 = 0  [n = 65]:	loss = 0.431  exp loss = 0.531  adjusted loss = 0.531  adv prob = 0.250000   acc = 0.815
  waterbird_complete50 = 1, forest2water2 = 1  [n = 54]:	loss = 0.240  exp loss = 0.229  adjusted loss = 0.229  adv prob = 0.250000   acc = 0.833

Validation:
Average incurred loss: 0.216  
Average sample loss: 0.213  
Average acc: 0.950  
  waterbird_complete50 = 0, forest2water2 = 0  [n = 465]:	loss = 0.003  exp loss = 0.002  adjusted loss = 0.002  adv prob = 0.250000   acc = 1.000
  waterbird_complete50 = 0, forest2water2 = 1  [n = 466]:	loss = 0.193  exp loss = 0.171  adjusted loss = 0.171  adv prob = 0.250000   acc = 0.955
  waterbird_complete50 = 1, forest2water2 = 0  [n = 134]:	loss = 1.131  exp loss = 1.396  adjusted loss = 1.396  adv prob = 0.250000   acc = 0.739
  waterbird_complete50 = 1, forest2water2 = 1  [n = 134]:	loss = 0.115  exp loss = 0.130  adjusted loss = 0.130  adv prob = 0.250000   acc = 0.970
Current lr: 0.000010
Current validation accuracy: 0.7388060092926025


Epoch [223]:
Training:
Average incurred loss: 0.171  
Average sample loss: 0.169  
Average acc: 0.942  
  waterbird_complete50 = 0, forest2water2 = 0  [n = 54]:	loss = 0.000  exp loss = 0.002  adjusted loss = 0.002  adv prob = 0.250000   acc = 1.000
  waterbird_complete50 = 0, forest2water2 = 1  [n = 58]:	loss = 0.089  exp loss = 0.115  adjusted loss = 0.115  adv prob = 0.250000   acc = 0.948
  waterbird_complete50 = 1, forest2water2 = 0  [n = 54]:	loss = 0.323  exp loss = 0.466  adjusted loss = 0.466  adv prob = 0.250000   acc = 0.907
  waterbird_complete50 = 1, forest2water2 = 1  [n = 59]:	loss = 0.267  exp loss = 0.228  adjusted loss = 0.228  adv prob = 0.250000   acc = 0.915

Validation:
Average incurred loss: 0.217  
Average sample loss: 0.214  
Average acc: 0.951  
  waterbird_complete50 = 0, forest2water2 = 0  [n = 465]:	loss = 0.003  exp loss = 0.002  adjusted loss = 0.002  adv prob = 0.250000   acc = 1.000
  waterbird_complete50 = 0, forest2water2 = 1  [n = 466]:	loss = 0.192  exp loss = 0.169  adjusted loss = 0.169  adv prob = 0.250000   acc = 0.957
  waterbird_complete50 = 1, forest2water2 = 0  [n = 134]:	loss = 1.143  exp loss = 1.411  adjusted loss = 1.411  adv prob = 0.250000   acc = 0.739
  waterbird_complete50 = 1, forest2water2 = 1  [n = 134]:	loss = 0.117  exp loss = 0.133  adjusted loss = 0.133  adv prob = 0.250000   acc = 0.970
Current lr: 0.000010
Current validation accuracy: 0.7388060092926025


Epoch [224]:
Training:
Average incurred loss: 0.183  
Average sample loss: 0.207  
Average acc: 0.916  
  waterbird_complete50 = 0, forest2water2 = 0  [n = 54]:	loss = 0.001  exp loss = 0.002  adjusted loss = 0.002  adv prob = 0.250000   acc = 1.000
  waterbird_complete50 = 0, forest2water2 = 1  [n = 55]:	loss = 0.144  exp loss = 0.116  adjusted loss = 0.116  adv prob = 0.250000   acc = 0.891
  waterbird_complete50 = 1, forest2water2 = 0  [n = 56]:	loss = 0.296  exp loss = 0.420  adjusted loss = 0.420  adv prob = 0.250000   acc = 0.893
  waterbird_complete50 = 1, forest2water2 = 1  [n = 60]:	loss = 0.277  exp loss = 0.260  adjusted loss = 0.260  adv prob = 0.250000   acc = 0.883

Validation:
Average incurred loss: 0.218  
Average sample loss: 0.215  
Average acc: 0.949  
  waterbird_complete50 = 0, forest2water2 = 0  [n = 465]:	loss = 0.003  exp loss = 0.002  adjusted loss = 0.002  adv prob = 0.250000   acc = 1.000
  waterbird_complete50 = 0, forest2water2 = 1  [n = 466]:	loss = 0.183  exp loss = 0.161  adjusted loss = 0.161  adv prob = 0.250000   acc = 0.957
  waterbird_complete50 = 1, forest2water2 = 0  [n = 134]:	loss = 1.177  exp loss = 1.460  adjusted loss = 1.460  adv prob = 0.250000   acc = 0.724
  waterbird_complete50 = 1, forest2water2 = 1  [n = 134]:	loss = 0.124  exp loss = 0.140  adjusted loss = 0.140  adv prob = 0.250000   acc = 0.970
Current lr: 0.000010
Current validation accuracy: 0.7238806486129761


Epoch [225]:
Training:
Average incurred loss: 0.184  
Average sample loss: 0.221  
Average acc: 0.938  
  waterbird_complete50 = 0, forest2water2 = 0  [n = 63]:	loss = 0.002  exp loss = 0.002  adjusted loss = 0.002  adv prob = 0.250000   acc = 1.000
  waterbird_complete50 = 0, forest2water2 = 1  [n = 55]:	loss = 0.132  exp loss = 0.113  adjusted loss = 0.113  adv prob = 0.250000   acc = 0.945
  waterbird_complete50 = 1, forest2water2 = 0  [n = 51]:	loss = 0.459  exp loss = 0.459  adjusted loss = 0.459  adv prob = 0.250000   acc = 0.863
  waterbird_complete50 = 1, forest2water2 = 1  [n = 56]:	loss = 0.188  exp loss = 0.251  adjusted loss = 0.251  adv prob = 0.250000   acc = 0.929

Validation:
Average incurred loss: 0.213  
Average sample loss: 0.210  
Average acc: 0.949  
  waterbird_complete50 = 0, forest2water2 = 0  [n = 465]:	loss = 0.004  exp loss = 0.003  adjusted loss = 0.003  adv prob = 0.250000   acc = 1.000
  waterbird_complete50 = 0, forest2water2 = 1  [n = 466]:	loss = 0.200  exp loss = 0.177  adjusted loss = 0.177  adv prob = 0.250000   acc = 0.946
  waterbird_complete50 = 1, forest2water2 = 0  [n = 134]:	loss = 1.088  exp loss = 1.352  adjusted loss = 1.352  adv prob = 0.250000   acc = 0.761
  waterbird_complete50 = 1, forest2water2 = 1  [n = 134]:	loss = 0.110  exp loss = 0.125  adjusted loss = 0.125  adv prob = 0.250000   acc = 0.970
Current lr: 0.000010
Current validation accuracy: 0.761194109916687


Epoch [226]:
Training:
Average incurred loss: 0.191  
Average sample loss: 0.181  
Average acc: 0.929  
  waterbird_complete50 = 0, forest2water2 = 0  [n = 49]:	loss = 0.007  exp loss = 0.003  adjusted loss = 0.003  adv prob = 0.250000   acc = 1.000
  waterbird_complete50 = 0, forest2water2 = 1  [n = 65]:	loss = 0.126  exp loss = 0.109  adjusted loss = 0.109  adv prob = 0.250000   acc = 0.954
  waterbird_complete50 = 1, forest2water2 = 0  [n = 57]:	loss = 0.260  exp loss = 0.364  adjusted loss = 0.364  adv prob = 0.250000   acc = 0.930
  waterbird_complete50 = 1, forest2water2 = 1  [n = 54]:	loss = 0.362  exp loss = 0.276  adjusted loss = 0.276  adv prob = 0.250000   acc = 0.833

Validation:
Average incurred loss: 0.213  
Average sample loss: 0.211  
Average acc: 0.949  
  waterbird_complete50 = 0, forest2water2 = 0  [n = 465]:	loss = 0.004  exp loss = 0.003  adjusted loss = 0.003  adv prob = 0.250000   acc = 1.000
  waterbird_complete50 = 0, forest2water2 = 1  [n = 466]:	loss = 0.198  exp loss = 0.175  adjusted loss = 0.175  adv prob = 0.250000   acc = 0.948
  waterbird_complete50 = 1, forest2water2 = 0  [n = 134]:	loss = 1.093  exp loss = 1.351  adjusted loss = 1.351  adv prob = 0.250000   acc = 0.754
  waterbird_complete50 = 1, forest2water2 = 1  [n = 134]:	loss = 0.112  exp loss = 0.128  adjusted loss = 0.128  adv prob = 0.250000   acc = 0.970
Current lr: 0.000010
Current validation accuracy: 0.753731369972229


Epoch [227]:
Training:
Average incurred loss: 0.115  
Average sample loss: 0.102  
Average acc: 0.951  
  waterbird_complete50 = 0, forest2water2 = 0  [n = 56]:	loss = 0.015  exp loss = 0.005  adjusted loss = 0.005  adv prob = 0.250000   acc = 0.982
  waterbird_complete50 = 0, forest2water2 = 1  [n = 66]:	loss = 0.104  exp loss = 0.097  adjusted loss = 0.097  adv prob = 0.250000   acc = 0.939
  waterbird_complete50 = 1, forest2water2 = 0  [n = 47]:	loss = 0.155  exp loss = 0.277  adjusted loss = 0.277  adv prob = 0.250000   acc = 0.957
  waterbird_complete50 = 1, forest2water2 = 1  [n = 56]:	loss = 0.194  exp loss = 0.228  adjusted loss = 0.228  adv prob = 0.250000   acc = 0.929

Validation:
Average incurred loss: 0.210  
Average sample loss: 0.207  
Average acc: 0.948  
  waterbird_complete50 = 0, forest2water2 = 0  [n = 465]:	loss = 0.005  exp loss = 0.003  adjusted loss = 0.003  adv prob = 0.250000   acc = 1.000
  waterbird_complete50 = 0, forest2water2 = 1  [n = 466]:	loss = 0.222  exp loss = 0.195  adjusted loss = 0.195  adv prob = 0.250000   acc = 0.940
  waterbird_complete50 = 1, forest2water2 = 0  [n = 134]:	loss = 0.990  exp loss = 1.214  adjusted loss = 1.214  adv prob = 0.250000   acc = 0.769
  waterbird_complete50 = 1, forest2water2 = 1  [n = 134]:	loss = 0.098  exp loss = 0.111  adjusted loss = 0.111  adv prob = 0.250000   acc = 0.978
Current lr: 0.000010
Current validation accuracy: 0.7686567306518555


Epoch [228]:
Training:
Average incurred loss: 0.188  
Average sample loss: 0.198  
Average acc: 0.942  
  waterbird_complete50 = 0, forest2water2 = 0  [n = 66]:	loss = 0.001  exp loss = 0.004  adjusted loss = 0.004  adv prob = 0.250000   acc = 1.000
  waterbird_complete50 = 0, forest2water2 = 1  [n = 42]:	loss = 0.094  exp loss = 0.100  adjusted loss = 0.100  adv prob = 0.250000   acc = 0.952
  waterbird_complete50 = 1, forest2water2 = 0  [n = 62]:	loss = 0.401  exp loss = 0.334  adjusted loss = 0.334  adv prob = 0.250000   acc = 0.887
  waterbird_complete50 = 1, forest2water2 = 1  [n = 55]:	loss = 0.243  exp loss = 0.217  adjusted loss = 0.217  adv prob = 0.250000   acc = 0.927

Validation:
Average incurred loss: 0.213  
Average sample loss: 0.210  
Average acc: 0.948  
  waterbird_complete50 = 0, forest2water2 = 0  [n = 465]:	loss = 0.004  exp loss = 0.003  adjusted loss = 0.003  adv prob = 0.250000   acc = 1.000
  waterbird_complete50 = 0, forest2water2 = 1  [n = 466]:	loss = 0.213  exp loss = 0.189  adjusted loss = 0.189  adv prob = 0.250000   acc = 0.944
  waterbird_complete50 = 1, forest2water2 = 0  [n = 134]:	loss = 1.043  exp loss = 1.290  adjusted loss = 1.290  adv prob = 0.250000   acc = 0.761
  waterbird_complete50 = 1, forest2water2 = 1  [n = 134]:	loss = 0.104  exp loss = 0.118  adjusted loss = 0.118  adv prob = 0.250000   acc = 0.970
Current lr: 0.000010
Current validation accuracy: 0.761194109916687


Epoch [229]:
Training:
Average incurred loss: 0.124  
Average sample loss: 0.118  
Average acc: 0.947  
  waterbird_complete50 = 0, forest2water2 = 0  [n = 58]:	loss = 0.007  exp loss = 0.004  adjusted loss = 0.004  adv prob = 0.250000   acc = 1.000
  waterbird_complete50 = 0, forest2water2 = 1  [n = 69]:	loss = 0.115  exp loss = 0.098  adjusted loss = 0.098  adv prob = 0.250000   acc = 0.957
  waterbird_complete50 = 1, forest2water2 = 0  [n = 44]:	loss = 0.385  exp loss = 0.335  adjusted loss = 0.335  adv prob = 0.250000   acc = 0.841
  waterbird_complete50 = 1, forest2water2 = 1  [n = 54]:	loss = 0.050  exp loss = 0.162  adjusted loss = 0.162  adv prob = 0.250000   acc = 0.963

Validation:
Average incurred loss: 0.208  
Average sample loss: 0.205  
Average acc: 0.948  
  waterbird_complete50 = 0, forest2water2 = 0  [n = 465]:	loss = 0.006  exp loss = 0.004  adjusted loss = 0.004  adv prob = 0.250000   acc = 1.000
  waterbird_complete50 = 0, forest2water2 = 1  [n = 466]:	loss = 0.242  exp loss = 0.214  adjusted loss = 0.214  adv prob = 0.250000   acc = 0.938
  waterbird_complete50 = 1, forest2water2 = 0  [n = 134]:	loss = 0.906  exp loss = 1.101  adjusted loss = 1.101  adv prob = 0.250000   acc = 0.776
  waterbird_complete50 = 1, forest2water2 = 1  [n = 134]:	loss = 0.088  exp loss = 0.101  adjusted loss = 0.101  adv prob = 0.250000   acc = 0.978
Current lr: 0.000010
Current validation accuracy: 0.7761193513870239


Epoch [230]:
Training:
Average incurred loss: 0.127  
Average sample loss: 0.122  
Average acc: 0.942  
  waterbird_complete50 = 0, forest2water2 = 0  [n = 57]:	loss = 0.002  exp loss = 0.003  adjusted loss = 0.003  adv prob = 0.250000   acc = 1.000
  waterbird_complete50 = 0, forest2water2 = 1  [n = 53]:	loss = 0.060  exp loss = 0.099  adjusted loss = 0.099  adv prob = 0.250000   acc = 0.981
  waterbird_complete50 = 1, forest2water2 = 0  [n = 49]:	loss = 0.205  exp loss = 0.292  adjusted loss = 0.292  adv prob = 0.250000   acc = 0.918
  waterbird_complete50 = 1, forest2water2 = 1  [n = 66]:	loss = 0.232  exp loss = 0.180  adjusted loss = 0.180  adv prob = 0.250000   acc = 0.879

Validation:
Average incurred loss: 0.207  
Average sample loss: 0.205  
Average acc: 0.950  
  waterbird_complete50 = 0, forest2water2 = 0  [n = 465]:	loss = 0.005  exp loss = 0.004  adjusted loss = 0.004  adv prob = 0.250000   acc = 1.000
  waterbird_complete50 = 0, forest2water2 = 1  [n = 466]:	loss = 0.238  exp loss = 0.211  adjusted loss = 0.211  adv prob = 0.250000   acc = 0.940
  waterbird_complete50 = 1, forest2water2 = 0  [n = 134]:	loss = 0.917  exp loss = 1.121  adjusted loss = 1.121  adv prob = 0.250000   acc = 0.784
  waterbird_complete50 = 1, forest2water2 = 1  [n = 134]:	loss = 0.086  exp loss = 0.098  adjusted loss = 0.098  adv prob = 0.250000   acc = 0.978
Current lr: 0.000010
Current validation accuracy: 0.7835820913314819
Best model saved at epoch 230


Epoch [231]:
Training:
Average incurred loss: 0.237  
Average sample loss: 0.232  
Average acc: 0.920  
  waterbird_complete50 = 0, forest2water2 = 0  [n = 61]:	loss = 0.004  exp loss = 0.003  adjusted loss = 0.003  adv prob = 0.250000   acc = 1.000
  waterbird_complete50 = 0, forest2water2 = 1  [n = 51]:	loss = 0.115  exp loss = 0.096  adjusted loss = 0.096  adv prob = 0.250000   acc = 0.941
  waterbird_complete50 = 1, forest2water2 = 0  [n = 52]:	loss = 0.460  exp loss = 0.355  adjusted loss = 0.355  adv prob = 0.250000   acc = 0.865
  waterbird_complete50 = 1, forest2water2 = 1  [n = 61]:	loss = 0.381  exp loss = 0.226  adjusted loss = 0.226  adv prob = 0.250000   acc = 0.869

Validation:
Average incurred loss: 0.206  
Average sample loss: 0.204  
Average acc: 0.948  
  waterbird_complete50 = 0, forest2water2 = 0  [n = 465]:	loss = 0.005  exp loss = 0.004  adjusted loss = 0.004  adv prob = 0.250000   acc = 1.000
  waterbird_complete50 = 0, forest2water2 = 1  [n = 466]:	loss = 0.231  exp loss = 0.203  adjusted loss = 0.203  adv prob = 0.250000   acc = 0.940
  waterbird_complete50 = 1, forest2water2 = 0  [n = 134]:	loss = 0.928  exp loss = 1.140  adjusted loss = 1.140  adv prob = 0.250000   acc = 0.769
  waterbird_complete50 = 1, forest2water2 = 1  [n = 134]:	loss = 0.092  exp loss = 0.105  adjusted loss = 0.105  adv prob = 0.250000   acc = 0.978
Current lr: 0.000010
Current validation accuracy: 0.7686567306518555


Epoch [232]:
Training:
Average incurred loss: 0.199  
Average sample loss: 0.177  
Average acc: 0.911  
  waterbird_complete50 = 0, forest2water2 = 0  [n = 54]:	loss = 0.004  exp loss = 0.003  adjusted loss = 0.003  adv prob = 0.250000   acc = 1.000
  waterbird_complete50 = 0, forest2water2 = 1  [n = 56]:	loss = 0.259  exp loss = 0.137  adjusted loss = 0.137  adv prob = 0.250000   acc = 0.875
  waterbird_complete50 = 1, forest2water2 = 0  [n = 64]:	loss = 0.220  exp loss = 0.300  adjusted loss = 0.300  adv prob = 0.250000   acc = 0.922
  waterbird_complete50 = 1, forest2water2 = 1  [n = 51]:	loss = 0.312  exp loss = 0.240  adjusted loss = 0.240  adv prob = 0.250000   acc = 0.843

Validation:
Average incurred loss: 0.208  
Average sample loss: 0.205  
Average acc: 0.949  
  waterbird_complete50 = 0, forest2water2 = 0  [n = 465]:	loss = 0.005  exp loss = 0.004  adjusted loss = 0.004  adv prob = 0.250000   acc = 1.000
  waterbird_complete50 = 0, forest2water2 = 1  [n = 466]:	loss = 0.237  exp loss = 0.208  adjusted loss = 0.208  adv prob = 0.250000   acc = 0.940
  waterbird_complete50 = 1, forest2water2 = 0  [n = 134]:	loss = 0.927  exp loss = 1.135  adjusted loss = 1.135  adv prob = 0.250000   acc = 0.776
  waterbird_complete50 = 1, forest2water2 = 1  [n = 134]:	loss = 0.089  exp loss = 0.101  adjusted loss = 0.101  adv prob = 0.250000   acc = 0.978
Current lr: 0.000010
Current validation accuracy: 0.7761193513870239


Epoch [233]:
Training:
Average incurred loss: 0.174  
Average sample loss: 0.170  
Average acc: 0.942  
  waterbird_complete50 = 0, forest2water2 = 0  [n = 55]:	loss = 0.001  exp loss = 0.002  adjusted loss = 0.002  adv prob = 0.250000   acc = 1.000
  waterbird_complete50 = 0, forest2water2 = 1  [n = 61]:	loss = 0.144  exp loss = 0.168  adjusted loss = 0.168  adv prob = 0.250000   acc = 0.934
  waterbird_complete50 = 1, forest2water2 = 0  [n = 46]:	loss = 0.541  exp loss = 0.346  adjusted loss = 0.346  adv prob = 0.250000   acc = 0.848
  waterbird_complete50 = 1, forest2water2 = 1  [n = 63]:	loss = 0.086  exp loss = 0.191  adjusted loss = 0.191  adv prob = 0.250000   acc = 0.968

Validation:
Average incurred loss: 0.208  
Average sample loss: 0.205  
Average acc: 0.949  
  waterbird_complete50 = 0, forest2water2 = 0  [n = 465]:	loss = 0.005  exp loss = 0.004  adjusted loss = 0.004  adv prob = 0.250000   acc = 1.000
  waterbird_complete50 = 0, forest2water2 = 1  [n = 466]:	loss = 0.229  exp loss = 0.202  adjusted loss = 0.202  adv prob = 0.250000   acc = 0.942
  waterbird_complete50 = 1, forest2water2 = 0  [n = 134]:	loss = 0.950  exp loss = 1.169  adjusted loss = 1.169  adv prob = 0.250000   acc = 0.769
  waterbird_complete50 = 1, forest2water2 = 1  [n = 134]:	loss = 0.093  exp loss = 0.104  adjusted loss = 0.104  adv prob = 0.250000   acc = 0.978
Current lr: 0.000010
Current validation accuracy: 0.7686567306518555


Epoch [234]:
Training:
Average incurred loss: 0.157  
Average sample loss: 0.141  
Average acc: 0.942  
  waterbird_complete50 = 0, forest2water2 = 0  [n = 63]:	loss = 0.005  exp loss = 0.003  adjusted loss = 0.003  adv prob = 0.250000   acc = 1.000
  waterbird_complete50 = 0, forest2water2 = 1  [n = 60]:	loss = 0.215  exp loss = 0.182  adjusted loss = 0.182  adv prob = 0.250000   acc = 0.950
  waterbird_complete50 = 1, forest2water2 = 0  [n = 49]:	loss = 0.268  exp loss = 0.285  adjusted loss = 0.285  adv prob = 0.250000   acc = 0.898
  waterbird_complete50 = 1, forest2water2 = 1  [n = 53]:	loss = 0.170  exp loss = 0.181  adjusted loss = 0.181  adv prob = 0.250000   acc = 0.906

Validation:
Average incurred loss: 0.209  
Average sample loss: 0.207  
Average acc: 0.949  
  waterbird_complete50 = 0, forest2water2 = 0  [n = 465]:	loss = 0.007  exp loss = 0.005  adjusted loss = 0.005  adv prob = 0.250000   acc = 1.000
  waterbird_complete50 = 0, forest2water2 = 1  [n = 466]:	loss = 0.252  exp loss = 0.222  adjusted loss = 0.222  adv prob = 0.250000   acc = 0.938
  waterbird_complete50 = 1, forest2water2 = 0  [n = 134]:	loss = 0.894  exp loss = 1.091  adjusted loss = 1.091  adv prob = 0.250000   acc = 0.784
  waterbird_complete50 = 1, forest2water2 = 1  [n = 134]:	loss = 0.082  exp loss = 0.092  adjusted loss = 0.092  adv prob = 0.250000   acc = 0.978
Current lr: 0.000010
Current validation accuracy: 0.7835820913314819


Epoch [235]:
Training:
Average incurred loss: 0.189  
Average sample loss: 0.184  
Average acc: 0.924  
  waterbird_complete50 = 0, forest2water2 = 0  [n = 50]:	loss = 0.021  exp loss = 0.008  adjusted loss = 0.008  adv prob = 0.250000   acc = 0.980
  waterbird_complete50 = 0, forest2water2 = 1  [n = 67]:	loss = 0.220  exp loss = 0.200  adjusted loss = 0.200  adv prob = 0.250000   acc = 0.910
  waterbird_complete50 = 1, forest2water2 = 0  [n = 58]:	loss = 0.345  exp loss = 0.272  adjusted loss = 0.272  adv prob = 0.250000   acc = 0.897
  waterbird_complete50 = 1, forest2water2 = 1  [n = 50]:	loss = 0.134  exp loss = 0.152  adjusted loss = 0.152  adv prob = 0.250000   acc = 0.920

Validation:
Average incurred loss: 0.210  
Average sample loss: 0.207  
Average acc: 0.950  
  waterbird_complete50 = 0, forest2water2 = 0  [n = 465]:	loss = 0.007  exp loss = 0.006  adjusted loss = 0.006  adv prob = 0.250000   acc = 0.998
  waterbird_complete50 = 0, forest2water2 = 1  [n = 466]:	loss = 0.260  exp loss = 0.229  adjusted loss = 0.229  adv prob = 0.250000   acc = 0.938
  waterbird_complete50 = 1, forest2water2 = 0  [n = 134]:	loss = 0.866  exp loss = 1.056  adjusted loss = 1.056  adv prob = 0.250000   acc = 0.791
  waterbird_complete50 = 1, forest2water2 = 1  [n = 134]:	loss = 0.084  exp loss = 0.095  adjusted loss = 0.095  adv prob = 0.250000   acc = 0.985
Current lr: 0.000010
Current validation accuracy: 0.7910447120666504
Best model saved at epoch 235


Epoch [236]:
Training:
Average incurred loss: 0.257  
Average sample loss: 0.248  
Average acc: 0.907  
  waterbird_complete50 = 0, forest2water2 = 0  [n = 45]:	loss = 0.045  exp loss = 0.015  adjusted loss = 0.015  adv prob = 0.250000   acc = 0.978
  waterbird_complete50 = 0, forest2water2 = 1  [n = 74]:	loss = 0.186  exp loss = 0.187  adjusted loss = 0.187  adv prob = 0.250000   acc = 0.905
  waterbird_complete50 = 1, forest2water2 = 0  [n = 55]:	loss = 0.558  exp loss = 0.392  adjusted loss = 0.392  adv prob = 0.250000   acc = 0.836
  waterbird_complete50 = 1, forest2water2 = 1  [n = 51]:	loss = 0.223  exp loss = 0.152  adjusted loss = 0.152  adv prob = 0.250000   acc = 0.922

Validation:
Average incurred loss: 0.213  
Average sample loss: 0.210  
Average acc: 0.949  
  waterbird_complete50 = 0, forest2water2 = 0  [n = 465]:	loss = 0.007  exp loss = 0.006  adjusted loss = 0.006  adv prob = 0.250000   acc = 0.998
  waterbird_complete50 = 0, forest2water2 = 1  [n = 466]:	loss = 0.267  exp loss = 0.234  adjusted loss = 0.234  adv prob = 0.250000   acc = 0.938
  waterbird_complete50 = 1, forest2water2 = 0  [n = 134]:	loss = 0.868  exp loss = 1.058  adjusted loss = 1.058  adv prob = 0.250000   acc = 0.791
  waterbird_complete50 = 1, forest2water2 = 1  [n = 134]:	loss = 0.082  exp loss = 0.093  adjusted loss = 0.093  adv prob = 0.250000   acc = 0.978
Current lr: 0.000010
Current validation accuracy: 0.7910447120666504


Epoch [237]:
Training:
Average incurred loss: 0.093  
Average sample loss: 0.087  
Average acc: 0.960  
  waterbird_complete50 = 0, forest2water2 = 0  [n = 65]:	loss = 0.008  exp loss = 0.012  adjusted loss = 0.012  adv prob = 0.250000   acc = 1.000
  waterbird_complete50 = 0, forest2water2 = 1  [n = 59]:	loss = 0.094  exp loss = 0.151  adjusted loss = 0.151  adv prob = 0.250000   acc = 0.949
  waterbird_complete50 = 1, forest2water2 = 0  [n = 52]:	loss = 0.184  exp loss = 0.309  adjusted loss = 0.309  adv prob = 0.250000   acc = 0.942
  waterbird_complete50 = 1, forest2water2 = 1  [n = 49]:	loss = 0.109  exp loss = 0.134  adjusted loss = 0.134  adv prob = 0.250000   acc = 0.939

Validation:
Average incurred loss: 0.213  
Average sample loss: 0.211  
Average acc: 0.950  
  waterbird_complete50 = 0, forest2water2 = 0  [n = 465]:	loss = 0.008  exp loss = 0.006  adjusted loss = 0.006  adv prob = 0.250000   acc = 0.998
  waterbird_complete50 = 0, forest2water2 = 1  [n = 466]:	loss = 0.273  exp loss = 0.241  adjusted loss = 0.241  adv prob = 0.250000   acc = 0.938
  waterbird_complete50 = 1, forest2water2 = 0  [n = 134]:	loss = 0.853  exp loss = 1.030  adjusted loss = 1.030  adv prob = 0.250000   acc = 0.791
  waterbird_complete50 = 1, forest2water2 = 1  [n = 134]:	loss = 0.078  exp loss = 0.089  adjusted loss = 0.089  adv prob = 0.250000   acc = 0.985
Current lr: 0.000010
Current validation accuracy: 0.7910447120666504


Epoch [238]:
Training:
Average incurred loss: 0.163  
Average sample loss: 0.147  
Average acc: 0.933  
  waterbird_complete50 = 0, forest2water2 = 0  [n = 68]:	loss = 0.022  exp loss = 0.018  adjusted loss = 0.018  adv prob = 0.250000   acc = 1.000
  waterbird_complete50 = 0, forest2water2 = 1  [n = 50]:	loss = 0.186  exp loss = 0.158  adjusted loss = 0.158  adv prob = 0.250000   acc = 0.940
  waterbird_complete50 = 1, forest2water2 = 0  [n = 42]:	loss = 0.295  exp loss = 0.285  adjusted loss = 0.285  adv prob = 0.250000   acc = 0.857
  waterbird_complete50 = 1, forest2water2 = 1  [n = 65]:	loss = 0.208  exp loss = 0.146  adjusted loss = 0.146  adv prob = 0.250000   acc = 0.908

Validation:
Average incurred loss: 0.210  
Average sample loss: 0.207  
Average acc: 0.948  
  waterbird_complete50 = 0, forest2water2 = 0  [n = 465]:	loss = 0.007  exp loss = 0.006  adjusted loss = 0.006  adv prob = 0.250000   acc = 0.998
  waterbird_complete50 = 0, forest2water2 = 1  [n = 466]:	loss = 0.262  exp loss = 0.230  adjusted loss = 0.230  adv prob = 0.250000   acc = 0.938
  waterbird_complete50 = 1, forest2water2 = 0  [n = 134]:	loss = 0.864  exp loss = 1.054  adjusted loss = 1.054  adv prob = 0.250000   acc = 0.784
  waterbird_complete50 = 1, forest2water2 = 1  [n = 134]:	loss = 0.078  exp loss = 0.090  adjusted loss = 0.090  adv prob = 0.250000   acc = 0.978
Current lr: 0.000010
Current validation accuracy: 0.7835820913314819


Epoch [239]:
Training:
Average incurred loss: 0.221  
Average sample loss: 0.208  
Average acc: 0.902  
  waterbird_complete50 = 0, forest2water2 = 0  [n = 60]:	loss = 0.002  exp loss = 0.013  adjusted loss = 0.013  adv prob = 0.250000   acc = 1.000
  waterbird_complete50 = 0, forest2water2 = 1  [n = 48]:	loss = 0.157  exp loss = 0.150  adjusted loss = 0.150  adv prob = 0.250000   acc = 0.917
  waterbird_complete50 = 1, forest2water2 = 0  [n = 50]:	loss = 0.665  exp loss = 0.386  adjusted loss = 0.386  adv prob = 0.250000   acc = 0.760
  waterbird_complete50 = 1, forest2water2 = 1  [n = 67]:	loss = 0.132  exp loss = 0.142  adjusted loss = 0.142  adv prob = 0.250000   acc = 0.910

Validation:
Average incurred loss: 0.209  
Average sample loss: 0.207  
Average acc: 0.947  
  waterbird_complete50 = 0, forest2water2 = 0  [n = 465]:	loss = 0.006  exp loss = 0.005  adjusted loss = 0.005  adv prob = 0.250000   acc = 1.000
  waterbird_complete50 = 0, forest2water2 = 1  [n = 466]:	loss = 0.245  exp loss = 0.216  adjusted loss = 0.216  adv prob = 0.250000   acc = 0.938
  waterbird_complete50 = 1, forest2water2 = 0  [n = 134]:	loss = 0.917  exp loss = 1.117  adjusted loss = 1.117  adv prob = 0.250000   acc = 0.769
  waterbird_complete50 = 1, forest2water2 = 1  [n = 134]:	loss = 0.085  exp loss = 0.097  adjusted loss = 0.097  adv prob = 0.250000   acc = 0.978
Current lr: 0.000010
Current validation accuracy: 0.7686567306518555


Epoch [240]:
Training:
Average incurred loss: 0.145  
Average sample loss: 0.130  
Average acc: 0.947  
  waterbird_complete50 = 0, forest2water2 = 0  [n = 55]:	loss = 0.004  exp loss = 0.009  adjusted loss = 0.009  adv prob = 0.250000   acc = 1.000
  waterbird_complete50 = 0, forest2water2 = 1  [n = 65]:	loss = 0.120  exp loss = 0.136  adjusted loss = 0.136  adv prob = 0.250000   acc = 0.969
  waterbird_complete50 = 1, forest2water2 = 0  [n = 62]:	loss = 0.375  exp loss = 0.377  adjusted loss = 0.377  adv prob = 0.250000   acc = 0.839
  waterbird_complete50 = 1, forest2water2 = 1  [n = 43]:	loss = 0.029  exp loss = 0.101  adjusted loss = 0.101  adv prob = 0.250000   acc = 1.000

Validation:
Average incurred loss: 0.211  
Average sample loss: 0.208  
Average acc: 0.948  
  waterbird_complete50 = 0, forest2water2 = 0  [n = 465]:	loss = 0.007  exp loss = 0.006  adjusted loss = 0.006  adv prob = 0.250000   acc = 1.000
  waterbird_complete50 = 0, forest2water2 = 1  [n = 466]:	loss = 0.261  exp loss = 0.230  adjusted loss = 0.230  adv prob = 0.250000   acc = 0.936
  waterbird_complete50 = 1, forest2water2 = 0  [n = 134]:	loss = 0.874  exp loss = 1.062  adjusted loss = 1.062  adv prob = 0.250000   acc = 0.776
  waterbird_complete50 = 1, forest2water2 = 1  [n = 134]:	loss = 0.080  exp loss = 0.092  adjusted loss = 0.092  adv prob = 0.250000   acc = 0.985
Current lr: 0.000010
Current validation accuracy: 0.7761193513870239


Epoch [241]:
Training:
Average incurred loss: 0.287  
Average sample loss: 0.274  
Average acc: 0.916  
  waterbird_complete50 = 0, forest2water2 = 0  [n = 55]:	loss = 0.006  exp loss = 0.008  adjusted loss = 0.008  adv prob = 0.250000   acc = 1.000
  waterbird_complete50 = 0, forest2water2 = 1  [n = 56]:	loss = 0.201  exp loss = 0.144  adjusted loss = 0.144  adv prob = 0.250000   acc = 0.911
  waterbird_complete50 = 1, forest2water2 = 0  [n = 55]:	loss = 0.694  exp loss = 0.489  adjusted loss = 0.489  adv prob = 0.250000   acc = 0.818
  waterbird_complete50 = 1, forest2water2 = 1  [n = 59]:	loss = 0.253  exp loss = 0.124  adjusted loss = 0.124  adv prob = 0.250000   acc = 0.932

Validation:
Average incurred loss: 0.213  
Average sample loss: 0.210  
Average acc: 0.947  
  waterbird_complete50 = 0, forest2water2 = 0  [n = 465]:	loss = 0.007  exp loss = 0.005  adjusted loss = 0.005  adv prob = 0.250000   acc = 1.000
  waterbird_complete50 = 0, forest2water2 = 1  [n = 466]:	loss = 0.252  exp loss = 0.222  adjusted loss = 0.222  adv prob = 0.250000   acc = 0.938
  waterbird_complete50 = 1, forest2water2 = 0  [n = 134]:	loss = 0.920  exp loss = 1.127  adjusted loss = 1.127  adv prob = 0.250000   acc = 0.761
  waterbird_complete50 = 1, forest2water2 = 1  [n = 134]:	loss = 0.085  exp loss = 0.097  adjusted loss = 0.097  adv prob = 0.250000   acc = 0.978
Current lr: 0.000010
Current validation accuracy: 0.761194109916687


Epoch [242]:
Training:
Average incurred loss: 0.129  
Average sample loss: 0.115  
Average acc: 0.947  
  waterbird_complete50 = 0, forest2water2 = 0  [n = 61]:	loss = 0.002  exp loss = 0.006  adjusted loss = 0.006  adv prob = 0.250000   acc = 1.000
  waterbird_complete50 = 0, forest2water2 = 1  [n = 54]:	loss = 0.075  exp loss = 0.116  adjusted loss = 0.116  adv prob = 0.250000   acc = 0.963
  waterbird_complete50 = 1, forest2water2 = 0  [n = 48]:	loss = 0.315  exp loss = 0.420  adjusted loss = 0.420  adv prob = 0.250000   acc = 0.896
  waterbird_complete50 = 1, forest2water2 = 1  [n = 62]:	loss = 0.158  exp loss = 0.120  adjusted loss = 0.120  adv prob = 0.250000   acc = 0.919

Validation:
Average incurred loss: 0.210  
Average sample loss: 0.208  
Average acc: 0.947  
  waterbird_complete50 = 0, forest2water2 = 0  [n = 465]:	loss = 0.006  exp loss = 0.004  adjusted loss = 0.004  adv prob = 0.250000   acc = 1.000
  waterbird_complete50 = 0, forest2water2 = 1  [n = 466]:	loss = 0.241  exp loss = 0.214  adjusted loss = 0.214  adv prob = 0.250000   acc = 0.938
  waterbird_complete50 = 1, forest2water2 = 0  [n = 134]:	loss = 0.936  exp loss = 1.149  adjusted loss = 1.149  adv prob = 0.250000   acc = 0.761
  waterbird_complete50 = 1, forest2water2 = 1  [n = 134]:	loss = 0.085  exp loss = 0.097  adjusted loss = 0.097  adv prob = 0.250000   acc = 0.978
Current lr: 0.000010
Current validation accuracy: 0.761194109916687


Epoch [243]:
Training:
Average incurred loss: 0.184  
Average sample loss: 0.164  
Average acc: 0.933  
  waterbird_complete50 = 0, forest2water2 = 0  [n = 56]:	loss = 0.001  exp loss = 0.005  adjusted loss = 0.005  adv prob = 0.250000   acc = 1.000
  waterbird_complete50 = 0, forest2water2 = 1  [n = 63]:	loss = 0.278  exp loss = 0.158  adjusted loss = 0.158  adv prob = 0.250000   acc = 0.905
  waterbird_complete50 = 1, forest2water2 = 0  [n = 60]:	loss = 0.326  exp loss = 0.359  adjusted loss = 0.359  adv prob = 0.250000   acc = 0.883
  waterbird_complete50 = 1, forest2water2 = 1  [n = 46]:	loss = 0.092  exp loss = 0.105  adjusted loss = 0.105  adv prob = 0.250000   acc = 0.957

Validation:
Average incurred loss: 0.211  
Average sample loss: 0.209  
Average acc: 0.947  
  waterbird_complete50 = 0, forest2water2 = 0  [n = 465]:	loss = 0.007  exp loss = 0.005  adjusted loss = 0.005  adv prob = 0.250000   acc = 1.000
  waterbird_complete50 = 0, forest2water2 = 1  [n = 466]:	loss = 0.252  exp loss = 0.224  adjusted loss = 0.224  adv prob = 0.250000   acc = 0.936
  waterbird_complete50 = 1, forest2water2 = 0  [n = 134]:	loss = 0.908  exp loss = 1.106  adjusted loss = 1.106  adv prob = 0.250000   acc = 0.769
  waterbird_complete50 = 1, forest2water2 = 1  [n = 134]:	loss = 0.082  exp loss = 0.094  adjusted loss = 0.094  adv prob = 0.250000   acc = 0.978
Current lr: 0.000010
Current validation accuracy: 0.7686567306518555


Epoch [244]:
Training:
Average incurred loss: 0.178  
Average sample loss: 0.182  
Average acc: 0.920  
  waterbird_complete50 = 0, forest2water2 = 0  [n = 53]:	loss = 0.001  exp loss = 0.003  adjusted loss = 0.003  adv prob = 0.250000   acc = 1.000
  waterbird_complete50 = 0, forest2water2 = 1  [n = 58]:	loss = 0.241  exp loss = 0.199  adjusted loss = 0.199  adv prob = 0.250000   acc = 0.931
  waterbird_complete50 = 1, forest2water2 = 0  [n = 57]:	loss = 0.230  exp loss = 0.295  adjusted loss = 0.295  adv prob = 0.250000   acc = 0.895
  waterbird_complete50 = 1, forest2water2 = 1  [n = 57]:	loss = 0.227  exp loss = 0.147  adjusted loss = 0.147  adv prob = 0.250000   acc = 0.860

Validation:
Average incurred loss: 0.209  
Average sample loss: 0.206  
Average acc: 0.950  
  waterbird_complete50 = 0, forest2water2 = 0  [n = 465]:	loss = 0.007  exp loss = 0.005  adjusted loss = 0.005  adv prob = 0.250000   acc = 1.000
  waterbird_complete50 = 0, forest2water2 = 1  [n = 466]:	loss = 0.251  exp loss = 0.222  adjusted loss = 0.222  adv prob = 0.250000   acc = 0.938
  waterbird_complete50 = 1, forest2water2 = 0  [n = 134]:	loss = 0.886  exp loss = 1.085  adjusted loss = 1.085  adv prob = 0.250000   acc = 0.791
  waterbird_complete50 = 1, forest2water2 = 1  [n = 134]:	loss = 0.085  exp loss = 0.097  adjusted loss = 0.097  adv prob = 0.250000   acc = 0.978
Current lr: 0.000010
Current validation accuracy: 0.7910447120666504


Epoch [245]:
Training:
Average incurred loss: 0.253  
Average sample loss: 0.242  
Average acc: 0.924  
  waterbird_complete50 = 0, forest2water2 = 0  [n = 50]:	loss = 0.096  exp loss = 0.042  adjusted loss = 0.042  adv prob = 0.250000   acc = 0.980
  waterbird_complete50 = 0, forest2water2 = 1  [n = 58]:	loss = 0.111  exp loss = 0.163  adjusted loss = 0.163  adv prob = 0.250000   acc = 0.966
  waterbird_complete50 = 1, forest2water2 = 0  [n = 63]:	loss = 0.409  exp loss = 0.288  adjusted loss = 0.288  adv prob = 0.250000   acc = 0.889
  waterbird_complete50 = 1, forest2water2 = 1  [n = 54]:	loss = 0.368  exp loss = 0.191  adjusted loss = 0.191  adv prob = 0.250000   acc = 0.870

Validation:
Average incurred loss: 0.208  
Average sample loss: 0.206  
Average acc: 0.949  
  waterbird_complete50 = 0, forest2water2 = 0  [n = 465]:	loss = 0.007  exp loss = 0.005  adjusted loss = 0.005  adv prob = 0.250000   acc = 0.998
  waterbird_complete50 = 0, forest2water2 = 1  [n = 466]:	loss = 0.258  exp loss = 0.228  adjusted loss = 0.228  adv prob = 0.250000   acc = 0.940
  waterbird_complete50 = 1, forest2water2 = 0  [n = 134]:	loss = 0.856  exp loss = 1.043  adjusted loss = 1.043  adv prob = 0.250000   acc = 0.784
  waterbird_complete50 = 1, forest2water2 = 1  [n = 134]:	loss = 0.086  exp loss = 0.097  adjusted loss = 0.097  adv prob = 0.250000   acc = 0.978
Current lr: 0.000010
Current validation accuracy: 0.7835820913314819


Epoch [246]:
Training:
Average incurred loss: 0.268  
Average sample loss: 0.265  
Average acc: 0.907  
  waterbird_complete50 = 0, forest2water2 = 0  [n = 47]:	loss = 0.000  exp loss = 0.028  adjusted loss = 0.028  adv prob = 0.250000   acc = 1.000
  waterbird_complete50 = 0, forest2water2 = 1  [n = 55]:	loss = 0.097  exp loss = 0.140  adjusted loss = 0.140  adv prob = 0.250000   acc = 0.927
  waterbird_complete50 = 1, forest2water2 = 0  [n = 60]:	loss = 0.805  exp loss = 0.474  adjusted loss = 0.474  adv prob = 0.250000   acc = 0.767
  waterbird_complete50 = 1, forest2water2 = 1  [n = 63]:	loss = 0.105  exp loss = 0.154  adjusted loss = 0.154  adv prob = 0.250000   acc = 0.952

Validation:
Average incurred loss: 0.208  
Average sample loss: 0.206  
Average acc: 0.948  
  waterbird_complete50 = 0, forest2water2 = 0  [n = 465]:	loss = 0.005  exp loss = 0.004  adjusted loss = 0.004  adv prob = 0.250000   acc = 1.000
  waterbird_complete50 = 0, forest2water2 = 1  [n = 466]:	loss = 0.224  exp loss = 0.198  adjusted loss = 0.198  adv prob = 0.250000   acc = 0.940
  waterbird_complete50 = 1, forest2water2 = 0  [n = 134]:	loss = 0.968  exp loss = 1.182  adjusted loss = 1.182  adv prob = 0.250000   acc = 0.769
  waterbird_complete50 = 1, forest2water2 = 1  [n = 134]:	loss = 0.099  exp loss = 0.112  adjusted loss = 0.112  adv prob = 0.250000   acc = 0.978
Current lr: 0.000010
Current validation accuracy: 0.7686567306518555


Epoch [247]:
Training:
Average incurred loss: 0.164  
Average sample loss: 0.170  
Average acc: 0.942  
  waterbird_complete50 = 0, forest2water2 = 0  [n = 59]:	loss = 0.004  exp loss = 0.020  adjusted loss = 0.020  adv prob = 0.250000   acc = 1.000
  waterbird_complete50 = 0, forest2water2 = 1  [n = 64]:	loss = 0.233  exp loss = 0.159  adjusted loss = 0.159  adv prob = 0.250000   acc = 0.938
  waterbird_complete50 = 1, forest2water2 = 0  [n = 36]:	loss = 0.233  exp loss = 0.417  adjusted loss = 0.417  adv prob = 0.250000   acc = 0.944
  waterbird_complete50 = 1, forest2water2 = 1  [n = 66]:	loss = 0.202  exp loss = 0.165  adjusted loss = 0.165  adv prob = 0.250000   acc = 0.894

Validation:
Average incurred loss: 0.207  
Average sample loss: 0.205  
Average acc: 0.948  
  waterbird_complete50 = 0, forest2water2 = 0  [n = 465]:	loss = 0.006  exp loss = 0.004  adjusted loss = 0.004  adv prob = 0.250000   acc = 1.000
  waterbird_complete50 = 0, forest2water2 = 1  [n = 466]:	loss = 0.232  exp loss = 0.204  adjusted loss = 0.204  adv prob = 0.250000   acc = 0.940
  waterbird_complete50 = 1, forest2water2 = 0  [n = 134]:	loss = 0.933  exp loss = 1.136  adjusted loss = 1.136  adv prob = 0.250000   acc = 0.769
  waterbird_complete50 = 1, forest2water2 = 1  [n = 134]:	loss = 0.094  exp loss = 0.108  adjusted loss = 0.108  adv prob = 0.250000   acc = 0.978
Current lr: 0.000010
Current validation accuracy: 0.7686567306518555


Epoch [248]:
Training:
Average incurred loss: 0.171  
Average sample loss: 0.175  
Average acc: 0.920  
  waterbird_complete50 = 0, forest2water2 = 0  [n = 55]:	loss = 0.001  exp loss = 0.013  adjusted loss = 0.013  adv prob = 0.250000   acc = 1.000
  waterbird_complete50 = 0, forest2water2 = 1  [n = 61]:	loss = 0.179  exp loss = 0.148  adjusted loss = 0.148  adv prob = 0.250000   acc = 0.951
  waterbird_complete50 = 1, forest2water2 = 0  [n = 58]:	loss = 0.261  exp loss = 0.369  adjusted loss = 0.369  adv prob = 0.250000   acc = 0.862
  waterbird_complete50 = 1, forest2water2 = 1  [n = 51]:	loss = 0.242  exp loss = 0.207  adjusted loss = 0.207  adv prob = 0.250000   acc = 0.863

Validation:
Average incurred loss: 0.209  
Average sample loss: 0.207  
Average acc: 0.948  
  waterbird_complete50 = 0, forest2water2 = 0  [n = 465]:	loss = 0.006  exp loss = 0.004  adjusted loss = 0.004  adv prob = 0.250000   acc = 1.000
  waterbird_complete50 = 0, forest2water2 = 1  [n = 466]:	loss = 0.236  exp loss = 0.209  adjusted loss = 0.209  adv prob = 0.250000   acc = 0.940
  waterbird_complete50 = 1, forest2water2 = 0  [n = 134]:	loss = 0.943  exp loss = 1.148  adjusted loss = 1.148  adv prob = 0.250000   acc = 0.769
  waterbird_complete50 = 1, forest2water2 = 1  [n = 134]:	loss = 0.091  exp loss = 0.104  adjusted loss = 0.104  adv prob = 0.250000   acc = 0.978
Current lr: 0.000010
Current validation accuracy: 0.7686567306518555


Epoch [249]:
Training:
Average incurred loss: 0.223  
Average sample loss: 0.215  
Average acc: 0.929  
  waterbird_complete50 = 0, forest2water2 = 0  [n = 59]:	loss = 0.008  exp loss = 0.011  adjusted loss = 0.011  adv prob = 0.250000   acc = 1.000
  waterbird_complete50 = 0, forest2water2 = 1  [n = 52]:	loss = 0.178  exp loss = 0.189  adjusted loss = 0.189  adv prob = 0.250000   acc = 0.962
  waterbird_complete50 = 1, forest2water2 = 0  [n = 62]:	loss = 0.518  exp loss = 0.383  adjusted loss = 0.383  adv prob = 0.250000   acc = 0.855
  waterbird_complete50 = 1, forest2water2 = 1  [n = 52]:	loss = 0.162  exp loss = 0.184  adjusted loss = 0.184  adv prob = 0.250000   acc = 0.904

Validation:
Average incurred loss: 0.212  
Average sample loss: 0.209  
Average acc: 0.947  
  waterbird_complete50 = 0, forest2water2 = 0  [n = 465]:	loss = 0.006  exp loss = 0.005  adjusted loss = 0.005  adv prob = 0.250000   acc = 0.998
  waterbird_complete50 = 0, forest2water2 = 1  [n = 466]:	loss = 0.249  exp loss = 0.222  adjusted loss = 0.222  adv prob = 0.250000   acc = 0.938
  waterbird_complete50 = 1, forest2water2 = 0  [n = 134]:	loss = 0.921  exp loss = 1.128  adjusted loss = 1.128  adv prob = 0.250000   acc = 0.769
  waterbird_complete50 = 1, forest2water2 = 1  [n = 134]:	loss = 0.085  exp loss = 0.097  adjusted loss = 0.097  adv prob = 0.250000   acc = 0.978
Current lr: 0.000010
Current validation accuracy: 0.7686567306518555


Epoch [250]:
Training:
Average incurred loss: 0.206  
Average sample loss: 0.212  
Average acc: 0.920  
  waterbird_complete50 = 0, forest2water2 = 0  [n = 45]:	loss = 0.001  exp loss = 0.008  adjusted loss = 0.008  adv prob = 0.250000   acc = 1.000
  waterbird_complete50 = 0, forest2water2 = 1  [n = 62]:	loss = 0.062  exp loss = 0.148  adjusted loss = 0.148  adv prob = 0.250000   acc = 0.968
  waterbird_complete50 = 1, forest2water2 = 0  [n = 58]:	loss = 0.545  exp loss = 0.440  adjusted loss = 0.440  adv prob = 0.250000   acc = 0.845
  waterbird_complete50 = 1, forest2water2 = 1  [n = 60]:	loss = 0.182  exp loss = 0.183  adjusted loss = 0.183  adv prob = 0.250000   acc = 0.883

Validation:
Average incurred loss: 0.212  
Average sample loss: 0.209  
Average acc: 0.948  
  waterbird_complete50 = 0, forest2water2 = 0  [n = 465]:	loss = 0.005  exp loss = 0.004  adjusted loss = 0.004  adv prob = 0.250000   acc = 1.000
  waterbird_complete50 = 0, forest2water2 = 1  [n = 466]:	loss = 0.220  exp loss = 0.195  adjusted loss = 0.195  adv prob = 0.250000   acc = 0.942
  waterbird_complete50 = 1, forest2water2 = 0  [n = 134]:	loss = 1.010  exp loss = 1.248  adjusted loss = 1.248  adv prob = 0.250000   acc = 0.769
  waterbird_complete50 = 1, forest2water2 = 1  [n = 134]:	loss = 0.103  exp loss = 0.119  adjusted loss = 0.119  adv prob = 0.250000   acc = 0.970
Current lr: 0.000010
Current validation accuracy: 0.7686567306518555


Epoch [251]:
Training:
Average incurred loss: 0.158  
Average sample loss: 0.163  
Average acc: 0.933  
  waterbird_complete50 = 0, forest2water2 = 0  [n = 60]:	loss = 0.006  exp loss = 0.007  adjusted loss = 0.007  adv prob = 0.250000   acc = 1.000
  waterbird_complete50 = 0, forest2water2 = 1  [n = 54]:	loss = 0.109  exp loss = 0.128  adjusted loss = 0.128  adv prob = 0.250000   acc = 0.963
  waterbird_complete50 = 1, forest2water2 = 0  [n = 57]:	loss = 0.372  exp loss = 0.432  adjusted loss = 0.432  adv prob = 0.250000   acc = 0.842
  waterbird_complete50 = 1, forest2water2 = 1  [n = 54]:	loss = 0.151  exp loss = 0.172  adjusted loss = 0.172  adv prob = 0.250000   acc = 0.926

Validation:
Average incurred loss: 0.210  
Average sample loss: 0.207  
Average acc: 0.949  
  waterbird_complete50 = 0, forest2water2 = 0  [n = 465]:	loss = 0.005  exp loss = 0.004  adjusted loss = 0.004  adv prob = 0.250000   acc = 1.000
  waterbird_complete50 = 0, forest2water2 = 1  [n = 466]:	loss = 0.230  exp loss = 0.204  adjusted loss = 0.204  adv prob = 0.250000   acc = 0.942
  waterbird_complete50 = 1, forest2water2 = 0  [n = 134]:	loss = 0.961  exp loss = 1.181  adjusted loss = 1.181  adv prob = 0.250000   acc = 0.776
  waterbird_complete50 = 1, forest2water2 = 1  [n = 134]:	loss = 0.097  exp loss = 0.112  adjusted loss = 0.112  adv prob = 0.250000   acc = 0.970
Current lr: 0.000010
Current validation accuracy: 0.7761193513870239


Epoch [252]:
Training:
Average incurred loss: 0.116  
Average sample loss: 0.123  
Average acc: 0.951  
  waterbird_complete50 = 0, forest2water2 = 0  [n = 57]:	loss = 0.000  exp loss = 0.005  adjusted loss = 0.005  adv prob = 0.250000   acc = 1.000
  waterbird_complete50 = 0, forest2water2 = 1  [n = 50]:	loss = 0.112  exp loss = 0.120  adjusted loss = 0.120  adv prob = 0.250000   acc = 0.980
  waterbird_complete50 = 1, forest2water2 = 0  [n = 58]:	loss = 0.176  exp loss = 0.339  adjusted loss = 0.339  adv prob = 0.250000   acc = 0.931
  waterbird_complete50 = 1, forest2water2 = 1  [n = 60]:	loss = 0.173  exp loss = 0.182  adjusted loss = 0.182  adv prob = 0.250000   acc = 0.900

Validation:
Average incurred loss: 0.213  
Average sample loss: 0.210  
Average acc: 0.948  
  waterbird_complete50 = 0, forest2water2 = 0  [n = 465]:	loss = 0.004  exp loss = 0.003  adjusted loss = 0.003  adv prob = 0.250000   acc = 1.000
  waterbird_complete50 = 0, forest2water2 = 1  [n = 466]:	loss = 0.209  exp loss = 0.186  adjusted loss = 0.186  adv prob = 0.250000   acc = 0.946
  waterbird_complete50 = 1, forest2water2 = 0  [n = 134]:	loss = 1.058  exp loss = 1.301  adjusted loss = 1.301  adv prob = 0.250000   acc = 0.754
  waterbird_complete50 = 1, forest2water2 = 1  [n = 134]:	loss = 0.105  exp loss = 0.121  adjusted loss = 0.121  adv prob = 0.250000   acc = 0.970
Current lr: 0.000010
Current validation accuracy: 0.753731369972229


Epoch [253]:
Training:
Average incurred loss: 0.340  
Average sample loss: 0.348  
Average acc: 0.884  
  waterbird_complete50 = 0, forest2water2 = 0  [n = 49]:	loss = 0.001  exp loss = 0.003  adjusted loss = 0.003  adv prob = 0.250000   acc = 1.000
  waterbird_complete50 = 0, forest2water2 = 1  [n = 45]:	loss = 0.220  exp loss = 0.181  adjusted loss = 0.181  adv prob = 0.250000   acc = 0.933
  waterbird_complete50 = 1, forest2water2 = 0  [n = 76]:	loss = 0.674  exp loss = 0.447  adjusted loss = 0.447  adv prob = 0.250000   acc = 0.803
  waterbird_complete50 = 1, forest2water2 = 1  [n = 55]:	loss = 0.280  exp loss = 0.201  adjusted loss = 0.201  adv prob = 0.250000   acc = 0.855

Validation:
Average incurred loss: 0.213  
Average sample loss: 0.211  
Average acc: 0.947  
  waterbird_complete50 = 0, forest2water2 = 0  [n = 465]:	loss = 0.004  exp loss = 0.003  adjusted loss = 0.003  adv prob = 0.250000   acc = 1.000
  waterbird_complete50 = 0, forest2water2 = 1  [n = 466]:	loss = 0.206  exp loss = 0.182  adjusted loss = 0.182  adv prob = 0.250000   acc = 0.946
  waterbird_complete50 = 1, forest2water2 = 0  [n = 134]:	loss = 1.072  exp loss = 1.320  adjusted loss = 1.320  adv prob = 0.250000   acc = 0.746
  waterbird_complete50 = 1, forest2water2 = 1  [n = 134]:	loss = 0.109  exp loss = 0.126  adjusted loss = 0.126  adv prob = 0.250000   acc = 0.970
Current lr: 0.000010
Current validation accuracy: 0.746268630027771


Epoch [254]:
Training:
Average incurred loss: 0.254  
Average sample loss: 0.247  
Average acc: 0.898  
  waterbird_complete50 = 0, forest2water2 = 0  [n = 55]:	loss = 0.017  exp loss = 0.011  adjusted loss = 0.011  adv prob = 0.250000   acc = 1.000
  waterbird_complete50 = 0, forest2water2 = 1  [n = 47]:	loss = 0.183  exp loss = 0.200  adjusted loss = 0.200  adv prob = 0.250000   acc = 0.936
  waterbird_complete50 = 1, forest2water2 = 0  [n = 58]:	loss = 0.612  exp loss = 0.454  adjusted loss = 0.454  adv prob = 0.250000   acc = 0.793
  waterbird_complete50 = 1, forest2water2 = 1  [n = 65]:	loss = 0.187  exp loss = 0.190  adjusted loss = 0.190  adv prob = 0.250000   acc = 0.877

Validation:
Average incurred loss: 0.212  
Average sample loss: 0.209  
Average acc: 0.947  
  waterbird_complete50 = 0, forest2water2 = 0  [n = 465]:	loss = 0.004  exp loss = 0.003  adjusted loss = 0.003  adv prob = 0.250000   acc = 1.000
  waterbird_complete50 = 0, forest2water2 = 1  [n = 466]:	loss = 0.220  exp loss = 0.193  adjusted loss = 0.193  adv prob = 0.250000   acc = 0.944
  waterbird_complete50 = 1, forest2water2 = 0  [n = 134]:	loss = 1.014  exp loss = 1.248  adjusted loss = 1.248  adv prob = 0.250000   acc = 0.754
  waterbird_complete50 = 1, forest2water2 = 1  [n = 134]:	loss = 0.103  exp loss = 0.119  adjusted loss = 0.119  adv prob = 0.250000   acc = 0.970
Current lr: 0.000010
Current validation accuracy: 0.753731369972229


Epoch [255]:
Training:
Average incurred loss: 0.109  
Average sample loss: 0.096  
Average acc: 0.942  
  waterbird_complete50 = 0, forest2water2 = 0  [n = 65]:	loss = 0.025  exp loss = 0.014  adjusted loss = 0.014  adv prob = 0.250000   acc = 0.985
  waterbird_complete50 = 0, forest2water2 = 1  [n = 55]:	loss = 0.258  exp loss = 0.209  adjusted loss = 0.209  adv prob = 0.250000   acc = 0.873
  waterbird_complete50 = 1, forest2water2 = 0  [n = 57]:	loss = 0.099  exp loss = 0.327  adjusted loss = 0.327  adv prob = 0.250000   acc = 0.930
  waterbird_complete50 = 1, forest2water2 = 1  [n = 48]:	loss = 0.063  exp loss = 0.139  adjusted loss = 0.139  adv prob = 0.250000   acc = 0.979

Validation:
Average incurred loss: 0.210  
Average sample loss: 0.208  
Average acc: 0.947  
  waterbird_complete50 = 0, forest2water2 = 0  [n = 465]:	loss = 0.007  exp loss = 0.005  adjusted loss = 0.005  adv prob = 0.250000   acc = 1.000
  waterbird_complete50 = 0, forest2water2 = 1  [n = 466]:	loss = 0.256  exp loss = 0.225  adjusted loss = 0.225  adv prob = 0.250000   acc = 0.938
  waterbird_complete50 = 1, forest2water2 = 0  [n = 134]:	loss = 0.886  exp loss = 1.073  adjusted loss = 1.073  adv prob = 0.250000   acc = 0.769
  waterbird_complete50 = 1, forest2water2 = 1  [n = 134]:	loss = 0.082  exp loss = 0.095  adjusted loss = 0.095  adv prob = 0.250000   acc = 0.978
Current lr: 0.000010
Current validation accuracy: 0.7686567306518555


Epoch [256]:
Training:
Average incurred loss: 0.199  
Average sample loss: 0.195  
Average acc: 0.920  
  waterbird_complete50 = 0, forest2water2 = 0  [n = 55]:	loss = 0.002  exp loss = 0.010  adjusted loss = 0.010  adv prob = 0.250000   acc = 1.000
  waterbird_complete50 = 0, forest2water2 = 1  [n = 53]:	loss = 0.214  exp loss = 0.214  adjusted loss = 0.214  adv prob = 0.250000   acc = 0.906
  waterbird_complete50 = 1, forest2water2 = 0  [n = 60]:	loss = 0.354  exp loss = 0.330  adjusted loss = 0.330  adv prob = 0.250000   acc = 0.850
  waterbird_complete50 = 1, forest2water2 = 1  [n = 57]:	loss = 0.210  exp loss = 0.146  adjusted loss = 0.146  adv prob = 0.250000   acc = 0.930

Validation:
Average incurred loss: 0.209  
Average sample loss: 0.207  
Average acc: 0.947  
  waterbird_complete50 = 0, forest2water2 = 0  [n = 465]:	loss = 0.006  exp loss = 0.005  adjusted loss = 0.005  adv prob = 0.250000   acc = 1.000
  waterbird_complete50 = 0, forest2water2 = 1  [n = 466]:	loss = 0.241  exp loss = 0.214  adjusted loss = 0.214  adv prob = 0.250000   acc = 0.938
  waterbird_complete50 = 1, forest2water2 = 0  [n = 134]:	loss = 0.925  exp loss = 1.127  adjusted loss = 1.127  adv prob = 0.250000   acc = 0.776
  waterbird_complete50 = 1, forest2water2 = 1  [n = 134]:	loss = 0.087  exp loss = 0.102  adjusted loss = 0.102  adv prob = 0.250000   acc = 0.970
Current lr: 0.000010
Current validation accuracy: 0.7761193513870239


Epoch [257]:
Training:
Average incurred loss: 0.219  
Average sample loss: 0.225  
Average acc: 0.902  
  waterbird_complete50 = 0, forest2water2 = 0  [n = 49]:	loss = 0.000  exp loss = 0.007  adjusted loss = 0.007  adv prob = 0.250000   acc = 1.000
  waterbird_complete50 = 0, forest2water2 = 1  [n = 56]:	loss = 0.169  exp loss = 0.184  adjusted loss = 0.184  adv prob = 0.250000   acc = 0.911
  waterbird_complete50 = 1, forest2water2 = 0  [n = 65]:	loss = 0.510  exp loss = 0.423  adjusted loss = 0.423  adv prob = 0.250000   acc = 0.800
  waterbird_complete50 = 1, forest2water2 = 1  [n = 55]:	loss = 0.119  exp loss = 0.134  adjusted loss = 0.134  adv prob = 0.250000   acc = 0.927

Validation:
Average incurred loss: 0.210  
Average sample loss: 0.207  
Average acc: 0.947  
  waterbird_complete50 = 0, forest2water2 = 0  [n = 465]:	loss = 0.005  exp loss = 0.004  adjusted loss = 0.004  adv prob = 0.250000   acc = 1.000
  waterbird_complete50 = 0, forest2water2 = 1  [n = 466]:	loss = 0.225  exp loss = 0.199  adjusted loss = 0.199  adv prob = 0.250000   acc = 0.940
  waterbird_complete50 = 1, forest2water2 = 0  [n = 134]:	loss = 0.983  exp loss = 1.210  adjusted loss = 1.210  adv prob = 0.250000   acc = 0.769
  waterbird_complete50 = 1, forest2water2 = 1  [n = 134]:	loss = 0.096  exp loss = 0.113  adjusted loss = 0.113  adv prob = 0.250000   acc = 0.970
Current lr: 0.000010
Current validation accuracy: 0.7686567306518555


Epoch [258]:
Training:
Average incurred loss: 0.164  
Average sample loss: 0.166  
Average acc: 0.933  
  waterbird_complete50 = 0, forest2water2 = 0  [n = 57]:	loss = 0.001  exp loss = 0.005  adjusted loss = 0.005  adv prob = 0.250000   acc = 1.000
  waterbird_complete50 = 0, forest2water2 = 1  [n = 55]:	loss = 0.214  exp loss = 0.211  adjusted loss = 0.211  adv prob = 0.250000   acc = 0.927
  waterbird_complete50 = 1, forest2water2 = 0  [n = 44]:	loss = 0.338  exp loss = 0.379  adjusted loss = 0.379  adv prob = 0.250000   acc = 0.864
  waterbird_complete50 = 1, forest2water2 = 1  [n = 69]:	loss = 0.147  exp loss = 0.137  adjusted loss = 0.137  adv prob = 0.250000   acc = 0.928

Validation:
Average incurred loss: 0.208  
Average sample loss: 0.206  
Average acc: 0.947  
  waterbird_complete50 = 0, forest2water2 = 0  [n = 465]:	loss = 0.006  exp loss = 0.004  adjusted loss = 0.004  adv prob = 0.250000   acc = 1.000
  waterbird_complete50 = 0, forest2water2 = 1  [n = 466]:	loss = 0.239  exp loss = 0.211  adjusted loss = 0.211  adv prob = 0.250000   acc = 0.940
  waterbird_complete50 = 1, forest2water2 = 0  [n = 134]:	loss = 0.924  exp loss = 1.133  adjusted loss = 1.133  adv prob = 0.250000   acc = 0.769
  waterbird_complete50 = 1, forest2water2 = 1  [n = 134]:	loss = 0.089  exp loss = 0.103  adjusted loss = 0.103  adv prob = 0.250000   acc = 0.970
Current lr: 0.000010
Current validation accuracy: 0.7686567306518555


Epoch [259]:
Training:
Average incurred loss: 0.201  
Average sample loss: 0.179  
Average acc: 0.920  
  waterbird_complete50 = 0, forest2water2 = 0  [n = 53]:	loss = 0.005  exp loss = 0.005  adjusted loss = 0.005  adv prob = 0.250000   acc = 1.000
  waterbird_complete50 = 0, forest2water2 = 1  [n = 54]:	loss = 0.231  exp loss = 0.215  adjusted loss = 0.215  adv prob = 0.250000   acc = 0.944
  waterbird_complete50 = 1, forest2water2 = 0  [n = 61]:	loss = 0.351  exp loss = 0.336  adjusted loss = 0.336  adv prob = 0.250000   acc = 0.885
  waterbird_complete50 = 1, forest2water2 = 1  [n = 57]:	loss = 0.193  exp loss = 0.144  adjusted loss = 0.144  adv prob = 0.250000   acc = 0.860

Validation:
Average incurred loss: 0.209  
Average sample loss: 0.207  
Average acc: 0.947  
  waterbird_complete50 = 0, forest2water2 = 0  [n = 465]:	loss = 0.006  exp loss = 0.005  adjusted loss = 0.005  adv prob = 0.250000   acc = 0.998
  waterbird_complete50 = 0, forest2water2 = 1  [n = 466]:	loss = 0.243  exp loss = 0.216  adjusted loss = 0.216  adv prob = 0.250000   acc = 0.940
  waterbird_complete50 = 1, forest2water2 = 0  [n = 134]:	loss = 0.916  exp loss = 1.124  adjusted loss = 1.124  adv prob = 0.250000   acc = 0.769
  waterbird_complete50 = 1, forest2water2 = 1  [n = 134]:	loss = 0.086  exp loss = 0.099  adjusted loss = 0.099  adv prob = 0.250000   acc = 0.978
Current lr: 0.000010
Current validation accuracy: 0.7686567306518555


Epoch [260]:
Training:
Average incurred loss: 0.120  
Average sample loss: 0.144  
Average acc: 0.951  
  waterbird_complete50 = 0, forest2water2 = 0  [n = 58]:	loss = 0.003  exp loss = 0.004  adjusted loss = 0.004  adv prob = 0.250000   acc = 1.000
  waterbird_complete50 = 0, forest2water2 = 1  [n = 47]:	loss = 0.099  exp loss = 0.172  adjusted loss = 0.172  adv prob = 0.250000   acc = 0.979
  waterbird_complete50 = 1, forest2water2 = 0  [n = 59]:	loss = 0.140  exp loss = 0.282  adjusted loss = 0.282  adv prob = 0.250000   acc = 0.932
  waterbird_complete50 = 1, forest2water2 = 1  [n = 61]:	loss = 0.229  exp loss = 0.181  adjusted loss = 0.181  adv prob = 0.250000   acc = 0.902

Validation:
Average incurred loss: 0.210  
Average sample loss: 0.208  
Average acc: 0.948  
  waterbird_complete50 = 0, forest2water2 = 0  [n = 465]:	loss = 0.005  exp loss = 0.004  adjusted loss = 0.004  adv prob = 0.250000   acc = 1.000
  waterbird_complete50 = 0, forest2water2 = 1  [n = 466]:	loss = 0.220  exp loss = 0.196  adjusted loss = 0.196  adv prob = 0.250000   acc = 0.944
  waterbird_complete50 = 1, forest2water2 = 0  [n = 134]:	loss = 1.004  exp loss = 1.233  adjusted loss = 1.233  adv prob = 0.250000   acc = 0.754
  waterbird_complete50 = 1, forest2water2 = 1  [n = 134]:	loss = 0.096  exp loss = 0.109  adjusted loss = 0.109  adv prob = 0.250000   acc = 0.978
Current lr: 0.000010
Current validation accuracy: 0.753731369972229


Epoch [261]:
Training:
Average incurred loss: 0.178  
Average sample loss: 0.181  
Average acc: 0.916  
  waterbird_complete50 = 0, forest2water2 = 0  [n = 67]:	loss = 0.014  exp loss = 0.006  adjusted loss = 0.006  adv prob = 0.250000   acc = 0.985
  waterbird_complete50 = 0, forest2water2 = 1  [n = 51]:	loss = 0.268  exp loss = 0.213  adjusted loss = 0.213  adv prob = 0.250000   acc = 0.882
  waterbird_complete50 = 1, forest2water2 = 0  [n = 54]:	loss = 0.354  exp loss = 0.310  adjusted loss = 0.310  adv prob = 0.250000   acc = 0.852
  waterbird_complete50 = 1, forest2water2 = 1  [n = 53]:	loss = 0.119  exp loss = 0.150  adjusted loss = 0.150  adv prob = 0.250000   acc = 0.925

Validation:
Average incurred loss: 0.207  
Average sample loss: 0.205  
Average acc: 0.948  
  waterbird_complete50 = 0, forest2water2 = 0  [n = 465]:	loss = 0.007  exp loss = 0.005  adjusted loss = 0.005  adv prob = 0.250000   acc = 0.998
  waterbird_complete50 = 0, forest2water2 = 1  [n = 466]:	loss = 0.248  exp loss = 0.219  adjusted loss = 0.219  adv prob = 0.250000   acc = 0.940
  waterbird_complete50 = 1, forest2water2 = 0  [n = 134]:	loss = 0.879  exp loss = 1.065  adjusted loss = 1.065  adv prob = 0.250000   acc = 0.776
  waterbird_complete50 = 1, forest2water2 = 1  [n = 134]:	loss = 0.087  exp loss = 0.099  adjusted loss = 0.099  adv prob = 0.250000   acc = 0.978
Current lr: 0.000010
Current validation accuracy: 0.7761193513870239


Epoch [262]:
Training:
Average incurred loss: 0.184  
Average sample loss: 0.202  
Average acc: 0.929  
  waterbird_complete50 = 0, forest2water2 = 0  [n = 55]:	loss = 0.071  exp loss = 0.052  adjusted loss = 0.052  adv prob = 0.250000   acc = 0.982
  waterbird_complete50 = 0, forest2water2 = 1  [n = 61]:	loss = 0.134  exp loss = 0.192  adjusted loss = 0.192  adv prob = 0.250000   acc = 0.951
  waterbird_complete50 = 1, forest2water2 = 0  [n = 57]:	loss = 0.369  exp loss = 0.319  adjusted loss = 0.319  adv prob = 0.250000   acc = 0.877
  waterbird_complete50 = 1, forest2water2 = 1  [n = 52]:	loss = 0.160  exp loss = 0.135  adjusted loss = 0.135  adv prob = 0.250000   acc = 0.904

Validation:
Average incurred loss: 0.208  
Average sample loss: 0.206  
Average acc: 0.947  
  waterbird_complete50 = 0, forest2water2 = 0  [n = 465]:	loss = 0.009  exp loss = 0.007  adjusted loss = 0.007  adv prob = 0.250000   acc = 0.994
  waterbird_complete50 = 0, forest2water2 = 1  [n = 466]:	loss = 0.269  exp loss = 0.239  adjusted loss = 0.239  adv prob = 0.250000   acc = 0.938
  waterbird_complete50 = 1, forest2water2 = 0  [n = 134]:	loss = 0.814  exp loss = 0.978  adjusted loss = 0.978  adv prob = 0.250000   acc = 0.784
  waterbird_complete50 = 1, forest2water2 = 1  [n = 134]:	loss = 0.079  exp loss = 0.090  adjusted loss = 0.090  adv prob = 0.250000   acc = 0.985
Current lr: 0.000010
Current validation accuracy: 0.7835820913314819


Epoch [263]:
Training:
Average incurred loss: 0.161  
Average sample loss: 0.183  
Average acc: 0.956  
  waterbird_complete50 = 0, forest2water2 = 0  [n = 70]:	loss = 0.012  exp loss = 0.039  adjusted loss = 0.039  adv prob = 0.250000   acc = 1.000
  waterbird_complete50 = 0, forest2water2 = 1  [n = 61]:	loss = 0.436  exp loss = 0.273  adjusted loss = 0.273  adv prob = 0.250000   acc = 0.869
  waterbird_complete50 = 1, forest2water2 = 0  [n = 54]:	loss = 0.141  exp loss = 0.277  adjusted loss = 0.277  adv prob = 0.250000   acc = 0.963
  waterbird_complete50 = 1, forest2water2 = 1  [n = 40]:	loss = 0.033  exp loss = 0.097  adjusted loss = 0.097  adv prob = 0.250000   acc = 1.000

Validation:
Average incurred loss: 0.216  
Average sample loss: 0.214  
Average acc: 0.948  
  waterbird_complete50 = 0, forest2water2 = 0  [n = 465]:	loss = 0.014  exp loss = 0.011  adjusted loss = 0.011  adv prob = 0.250000   acc = 0.991
  waterbird_complete50 = 0, forest2water2 = 1  [n = 466]:	loss = 0.326  exp loss = 0.290  adjusted loss = 0.290  adv prob = 0.250000   acc = 0.929
  waterbird_complete50 = 1, forest2water2 = 0  [n = 134]:	loss = 0.692  exp loss = 0.822  adjusted loss = 0.822  adv prob = 0.250000   acc = 0.828
  waterbird_complete50 = 1, forest2water2 = 1  [n = 134]:	loss = 0.063  exp loss = 0.072  adjusted loss = 0.072  adv prob = 0.250000   acc = 0.985
Current lr: 0.000010
Current validation accuracy: 0.8283582925796509
Best model saved at epoch 263


Epoch [264]:
Training:
Average incurred loss: 0.143  
Average sample loss: 0.138  
Average acc: 0.942  
  waterbird_complete50 = 0, forest2water2 = 0  [n = 53]:	loss = 0.002  exp loss = 0.026  adjusted loss = 0.026  adv prob = 0.250000   acc = 1.000
  waterbird_complete50 = 0, forest2water2 = 1  [n = 59]:	loss = 0.132  exp loss = 0.231  adjusted loss = 0.231  adv prob = 0.250000   acc = 0.966
  waterbird_complete50 = 1, forest2water2 = 0  [n = 59]:	loss = 0.246  exp loss = 0.251  adjusted loss = 0.251  adv prob = 0.250000   acc = 0.898
  waterbird_complete50 = 1, forest2water2 = 1  [n = 54]:	loss = 0.182  exp loss = 0.113  adjusted loss = 0.113  adv prob = 0.250000   acc = 0.907

Validation:
Average incurred loss: 0.215  
Average sample loss: 0.212  
Average acc: 0.948  
  waterbird_complete50 = 0, forest2water2 = 0  [n = 465]:	loss = 0.012  exp loss = 0.009  adjusted loss = 0.009  adv prob = 0.250000   acc = 0.994
  waterbird_complete50 = 0, forest2water2 = 1  [n = 466]:	loss = 0.314  exp loss = 0.279  adjusted loss = 0.279  adv prob = 0.250000   acc = 0.931
  waterbird_complete50 = 1, forest2water2 = 0  [n = 134]:	loss = 0.716  exp loss = 0.862  adjusted loss = 0.862  adv prob = 0.250000   acc = 0.813
  waterbird_complete50 = 1, forest2water2 = 1  [n = 134]:	loss = 0.070  exp loss = 0.080  adjusted loss = 0.080  adv prob = 0.250000   acc = 0.985
Current lr: 0.000010
Current validation accuracy: 0.8134329319000244


Epoch [265]:
Training:
Average incurred loss: 0.142  
Average sample loss: 0.145  
Average acc: 0.938  
  waterbird_complete50 = 0, forest2water2 = 0  [n = 55]:	loss = 0.008  exp loss = 0.022  adjusted loss = 0.022  adv prob = 0.250000   acc = 1.000
  waterbird_complete50 = 0, forest2water2 = 1  [n = 60]:	loss = 0.154  exp loss = 0.195  adjusted loss = 0.195  adv prob = 0.250000   acc = 0.933
  waterbird_complete50 = 1, forest2water2 = 0  [n = 53]:	loss = 0.241  exp loss = 0.260  adjusted loss = 0.260  adv prob = 0.250000   acc = 0.887
  waterbird_complete50 = 1, forest2water2 = 1  [n = 57]:	loss = 0.167  exp loss = 0.136  adjusted loss = 0.136  adv prob = 0.250000   acc = 0.930

Validation:
Average incurred loss: 0.213  
Average sample loss: 0.211  
Average acc: 0.948  
  waterbird_complete50 = 0, forest2water2 = 0  [n = 465]:	loss = 0.010  exp loss = 0.008  adjusted loss = 0.008  adv prob = 0.250000   acc = 0.994
  waterbird_complete50 = 0, forest2water2 = 1  [n = 466]:	loss = 0.292  exp loss = 0.259  adjusted loss = 0.259  adv prob = 0.250000   acc = 0.936
  waterbird_complete50 = 1, forest2water2 = 0  [n = 134]:	loss = 0.777  exp loss = 0.936  adjusted loss = 0.936  adv prob = 0.250000   acc = 0.799
  waterbird_complete50 = 1, forest2water2 = 1  [n = 134]:	loss = 0.075  exp loss = 0.086  adjusted loss = 0.086  adv prob = 0.250000   acc = 0.985
Current lr: 0.000010
Current validation accuracy: 0.7985074520111084


Epoch [266]:
Training:
Average incurred loss: 0.196  
Average sample loss: 0.176  
Average acc: 0.942  
  waterbird_complete50 = 0, forest2water2 = 0  [n = 48]:	loss = 0.004  exp loss = 0.015  adjusted loss = 0.015  adv prob = 0.250000   acc = 1.000
  waterbird_complete50 = 0, forest2water2 = 1  [n = 60]:	loss = 0.021  exp loss = 0.137  adjusted loss = 0.137  adv prob = 0.250000   acc = 1.000
  waterbird_complete50 = 1, forest2water2 = 0  [n = 55]:	loss = 0.573  exp loss = 0.318  adjusted loss = 0.318  adv prob = 0.250000   acc = 0.836
  waterbird_complete50 = 1, forest2water2 = 1  [n = 62]:	loss = 0.178  exp loss = 0.135  adjusted loss = 0.135  adv prob = 0.250000   acc = 0.935

Validation:
Average incurred loss: 0.208  
Average sample loss: 0.205  
Average acc: 0.947  
  waterbird_complete50 = 0, forest2water2 = 0  [n = 465]:	loss = 0.008  exp loss = 0.006  adjusted loss = 0.006  adv prob = 0.250000   acc = 0.996
  waterbird_complete50 = 0, forest2water2 = 1  [n = 466]:	loss = 0.256  exp loss = 0.227  adjusted loss = 0.227  adv prob = 0.250000   acc = 0.938
  waterbird_complete50 = 1, forest2water2 = 0  [n = 134]:	loss = 0.858  exp loss = 1.043  adjusted loss = 1.043  adv prob = 0.250000   acc = 0.784
  waterbird_complete50 = 1, forest2water2 = 1  [n = 134]:	loss = 0.085  exp loss = 0.099  adjusted loss = 0.099  adv prob = 0.250000   acc = 0.978
Current lr: 0.000010
Current validation accuracy: 0.7835820913314819


Epoch [267]:
Training:
Average incurred loss: 0.283  
Average sample loss: 0.278  
Average acc: 0.907  
  waterbird_complete50 = 0, forest2water2 = 0  [n = 59]:	loss = 0.021  exp loss = 0.015  adjusted loss = 0.015  adv prob = 0.250000   acc = 1.000
  waterbird_complete50 = 0, forest2water2 = 1  [n = 56]:	loss = 0.285  exp loss = 0.186  adjusted loss = 0.186  adv prob = 0.250000   acc = 0.929
  waterbird_complete50 = 1, forest2water2 = 0  [n = 45]:	loss = 0.623  exp loss = 0.398  adjusted loss = 0.398  adv prob = 0.250000   acc = 0.822
  waterbird_complete50 = 1, forest2water2 = 1  [n = 65]:	loss = 0.284  exp loss = 0.170  adjusted loss = 0.170  adv prob = 0.250000   acc = 0.862

Validation:
Average incurred loss: 0.211  
Average sample loss: 0.209  
Average acc: 0.948  
  waterbird_complete50 = 0, forest2water2 = 0  [n = 465]:	loss = 0.008  exp loss = 0.007  adjusted loss = 0.007  adv prob = 0.250000   acc = 0.996
  waterbird_complete50 = 0, forest2water2 = 1  [n = 466]:	loss = 0.272  exp loss = 0.242  adjusted loss = 0.242  adv prob = 0.250000   acc = 0.938
  waterbird_complete50 = 1, forest2water2 = 0  [n = 134]:	loss = 0.836  exp loss = 1.015  adjusted loss = 1.015  adv prob = 0.250000   acc = 0.791
  waterbird_complete50 = 1, forest2water2 = 1  [n = 134]:	loss = 0.079  exp loss = 0.092  adjusted loss = 0.092  adv prob = 0.250000   acc = 0.978
Current lr: 0.000010
Current validation accuracy: 0.7910447120666504


Epoch [268]:
Training:
Average incurred loss: 0.268  
Average sample loss: 0.247  
Average acc: 0.920  
  waterbird_complete50 = 0, forest2water2 = 0  [n = 54]:	loss = 0.001  exp loss = 0.010  adjusted loss = 0.010  adv prob = 0.250000   acc = 1.000
  waterbird_complete50 = 0, forest2water2 = 1  [n = 51]:	loss = 0.069  exp loss = 0.155  adjusted loss = 0.155  adv prob = 0.250000   acc = 0.961
  waterbird_complete50 = 1, forest2water2 = 0  [n = 62]:	loss = 0.643  exp loss = 0.432  adjusted loss = 0.432  adv prob = 0.250000   acc = 0.855
  waterbird_complete50 = 1, forest2water2 = 1  [n = 58]:	loss = 0.290  exp loss = 0.198  adjusted loss = 0.198  adv prob = 0.250000   acc = 0.879

Validation:
Average incurred loss: 0.208  
Average sample loss: 0.206  
Average acc: 0.947  
  waterbird_complete50 = 0, forest2water2 = 0  [n = 465]:	loss = 0.006  exp loss = 0.005  adjusted loss = 0.005  adv prob = 0.250000   acc = 1.000
  waterbird_complete50 = 0, forest2water2 = 1  [n = 466]:	loss = 0.245  exp loss = 0.217  adjusted loss = 0.217  adv prob = 0.250000   acc = 0.938
  waterbird_complete50 = 1, forest2water2 = 0  [n = 134]:	loss = 0.899  exp loss = 1.099  adjusted loss = 1.099  adv prob = 0.250000   acc = 0.776
  waterbird_complete50 = 1, forest2water2 = 1  [n = 134]:	loss = 0.088  exp loss = 0.102  adjusted loss = 0.102  adv prob = 0.250000   acc = 0.970
Current lr: 0.000010
Current validation accuracy: 0.7761193513870239


Epoch [269]:
Training:
Average incurred loss: 0.103  
Average sample loss: 0.114  
Average acc: 0.956  
  waterbird_complete50 = 0, forest2water2 = 0  [n = 65]:	loss = 0.007  exp loss = 0.008  adjusted loss = 0.008  adv prob = 0.250000   acc = 1.000
  waterbird_complete50 = 0, forest2water2 = 1  [n = 51]:	loss = 0.123  exp loss = 0.156  adjusted loss = 0.156  adv prob = 0.250000   acc = 0.922
  waterbird_complete50 = 1, forest2water2 = 0  [n = 57]:	loss = 0.215  exp loss = 0.366  adjusted loss = 0.366  adv prob = 0.250000   acc = 0.912
  waterbird_complete50 = 1, forest2water2 = 1  [n = 52]:	loss = 0.083  exp loss = 0.162  adjusted loss = 0.162  adv prob = 0.250000   acc = 0.981

Validation:
Average incurred loss: 0.208  
Average sample loss: 0.205  
Average acc: 0.948  
  waterbird_complete50 = 0, forest2water2 = 0  [n = 465]:	loss = 0.008  exp loss = 0.006  adjusted loss = 0.006  adv prob = 0.250000   acc = 0.998
  waterbird_complete50 = 0, forest2water2 = 1  [n = 466]:	loss = 0.258  exp loss = 0.228  adjusted loss = 0.228  adv prob = 0.250000   acc = 0.938
  waterbird_complete50 = 1, forest2water2 = 0  [n = 134]:	loss = 0.853  exp loss = 1.040  adjusted loss = 1.040  adv prob = 0.250000   acc = 0.784
  waterbird_complete50 = 1, forest2water2 = 1  [n = 134]:	loss = 0.079  exp loss = 0.092  adjusted loss = 0.092  adv prob = 0.250000   acc = 0.978
Current lr: 0.000010
Current validation accuracy: 0.7835820913314819


Epoch [270]:
Training:
Average incurred loss: 0.275  
Average sample loss: 0.265  
Average acc: 0.911  
  waterbird_complete50 = 0, forest2water2 = 0  [n = 50]:	loss = 0.007  exp loss = 0.008  adjusted loss = 0.008  adv prob = 0.250000   acc = 1.000
  waterbird_complete50 = 0, forest2water2 = 1  [n = 67]:	loss = 0.337  exp loss = 0.228  adjusted loss = 0.228  adv prob = 0.250000   acc = 0.866
  waterbird_complete50 = 1, forest2water2 = 0  [n = 61]:	loss = 0.571  exp loss = 0.393  adjusted loss = 0.393  adv prob = 0.250000   acc = 0.852
  waterbird_complete50 = 1, forest2water2 = 1  [n = 47]:	loss = 0.086  exp loss = 0.130  adjusted loss = 0.130  adv prob = 0.250000   acc = 0.957

Validation:
Average incurred loss: 0.207  
Average sample loss: 0.205  
Average acc: 0.951  
  waterbird_complete50 = 0, forest2water2 = 0  [n = 465]:	loss = 0.008  exp loss = 0.006  adjusted loss = 0.006  adv prob = 0.250000   acc = 1.000
  waterbird_complete50 = 0, forest2water2 = 1  [n = 466]:	loss = 0.258  exp loss = 0.229  adjusted loss = 0.229  adv prob = 0.250000   acc = 0.940
  waterbird_complete50 = 1, forest2water2 = 0  [n = 134]:	loss = 0.845  exp loss = 1.035  adjusted loss = 1.035  adv prob = 0.250000   acc = 0.791
  waterbird_complete50 = 1, forest2water2 = 1  [n = 134]:	loss = 0.081  exp loss = 0.094  adjusted loss = 0.094  adv prob = 0.250000   acc = 0.978
Current lr: 0.000010
Current validation accuracy: 0.7910447120666504


Epoch [271]:
Training:
Average incurred loss: 0.201  
Average sample loss: 0.200  
Average acc: 0.924  
  waterbird_complete50 = 0, forest2water2 = 0  [n = 59]:	loss = 0.012  exp loss = 0.008  adjusted loss = 0.008  adv prob = 0.250000   acc = 1.000
  waterbird_complete50 = 0, forest2water2 = 1  [n = 55]:	loss = 0.307  exp loss = 0.270  adjusted loss = 0.270  adv prob = 0.250000   acc = 0.909
  waterbird_complete50 = 1, forest2water2 = 0  [n = 42]:	loss = 0.094  exp loss = 0.285  adjusted loss = 0.285  adv prob = 0.250000   acc = 0.929
  waterbird_complete50 = 1, forest2water2 = 1  [n = 69]:	loss = 0.342  exp loss = 0.159  adjusted loss = 0.159  adv prob = 0.250000   acc = 0.870

Validation:
Average incurred loss: 0.205  
Average sample loss: 0.203  
Average acc: 0.950  
  waterbird_complete50 = 0, forest2water2 = 0  [n = 465]:	loss = 0.007  exp loss = 0.006  adjusted loss = 0.006  adv prob = 0.250000   acc = 1.000
  waterbird_complete50 = 0, forest2water2 = 1  [n = 466]:	loss = 0.247  exp loss = 0.219  adjusted loss = 0.219  adv prob = 0.250000   acc = 0.940
  waterbird_complete50 = 1, forest2water2 = 0  [n = 134]:	loss = 0.866  exp loss = 1.059  adjusted loss = 1.059  adv prob = 0.250000   acc = 0.784
  waterbird_complete50 = 1, forest2water2 = 1  [n = 134]:	loss = 0.085  exp loss = 0.097  adjusted loss = 0.097  adv prob = 0.250000   acc = 0.978
Current lr: 0.000010
Current validation accuracy: 0.7835820913314819


Epoch [272]:
Training:
Average incurred loss: 0.175  
Average sample loss: 0.169  
Average acc: 0.916  
  waterbird_complete50 = 0, forest2water2 = 0  [n = 51]:	loss = 0.001  exp loss = 0.006  adjusted loss = 0.006  adv prob = 0.250000   acc = 1.000
  waterbird_complete50 = 0, forest2water2 = 1  [n = 55]:	loss = 0.082  exp loss = 0.201  adjusted loss = 0.201  adv prob = 0.250000   acc = 0.964
  waterbird_complete50 = 1, forest2water2 = 0  [n = 58]:	loss = 0.391  exp loss = 0.310  adjusted loss = 0.310  adv prob = 0.250000   acc = 0.793
  waterbird_complete50 = 1, forest2water2 = 1  [n = 61]:	loss = 0.199  exp loss = 0.156  adjusted loss = 0.156  adv prob = 0.250000   acc = 0.918

Validation:
Average incurred loss: 0.206  
Average sample loss: 0.203  
Average acc: 0.948  
  waterbird_complete50 = 0, forest2water2 = 0  [n = 465]:	loss = 0.007  exp loss = 0.006  adjusted loss = 0.006  adv prob = 0.250000   acc = 0.998
  waterbird_complete50 = 0, forest2water2 = 1  [n = 466]:	loss = 0.251  exp loss = 0.222  adjusted loss = 0.222  adv prob = 0.250000   acc = 0.938
  waterbird_complete50 = 1, forest2water2 = 0  [n = 134]:	loss = 0.861  exp loss = 1.042  adjusted loss = 1.042  adv prob = 0.250000   acc = 0.776
  waterbird_complete50 = 1, forest2water2 = 1  [n = 134]:	loss = 0.083  exp loss = 0.094  adjusted loss = 0.094  adv prob = 0.250000   acc = 0.985
Current lr: 0.000010
Current validation accuracy: 0.7761193513870239


Epoch [273]:
Training:
Average incurred loss: 0.254  
Average sample loss: 0.320  
Average acc: 0.907  
  waterbird_complete50 = 0, forest2water2 = 0  [n = 53]:	loss = 0.001  exp loss = 0.004  adjusted loss = 0.004  adv prob = 0.250000   acc = 1.000
  waterbird_complete50 = 0, forest2water2 = 1  [n = 55]:	loss = 0.206  exp loss = 0.187  adjusted loss = 0.187  adv prob = 0.250000   acc = 0.909
  waterbird_complete50 = 1, forest2water2 = 0  [n = 58]:	loss = 0.539  exp loss = 0.428  adjusted loss = 0.428  adv prob = 0.250000   acc = 0.828
  waterbird_complete50 = 1, forest2water2 = 1  [n = 59]:	loss = 0.247  exp loss = 0.195  adjusted loss = 0.195  adv prob = 0.250000   acc = 0.898

Validation:
Average incurred loss: 0.207  
Average sample loss: 0.204  
Average acc: 0.948  
  waterbird_complete50 = 0, forest2water2 = 0  [n = 465]:	loss = 0.005  exp loss = 0.004  adjusted loss = 0.004  adv prob = 0.250000   acc = 1.000
  waterbird_complete50 = 0, forest2water2 = 1  [n = 466]:	loss = 0.210  exp loss = 0.185  adjusted loss = 0.185  adv prob = 0.250000   acc = 0.944
  waterbird_complete50 = 1, forest2water2 = 0  [n = 134]:	loss = 1.002  exp loss = 1.222  adjusted loss = 1.222  adv prob = 0.250000   acc = 0.761
  waterbird_complete50 = 1, forest2water2 = 1  [n = 134]:	loss = 0.101  exp loss = 0.116  adjusted loss = 0.116  adv prob = 0.250000   acc = 0.970
Current lr: 0.000010
Current validation accuracy: 0.761194109916687


Epoch [274]:
Training:
Average incurred loss: 0.112  
Average sample loss: 0.104  
Average acc: 0.938  
  waterbird_complete50 = 0, forest2water2 = 0  [n = 59]:	loss = 0.013  exp loss = 0.006  adjusted loss = 0.006  adv prob = 0.250000   acc = 1.000
  waterbird_complete50 = 0, forest2water2 = 1  [n = 49]:	loss = 0.073  exp loss = 0.146  adjusted loss = 0.146  adv prob = 0.250000   acc = 0.980
  waterbird_complete50 = 1, forest2water2 = 0  [n = 65]:	loss = 0.206  exp loss = 0.344  adjusted loss = 0.344  adv prob = 0.250000   acc = 0.877
  waterbird_complete50 = 1, forest2water2 = 1  [n = 52]:	loss = 0.142  exp loss = 0.167  adjusted loss = 0.167  adv prob = 0.250000   acc = 0.904

Validation:
Average incurred loss: 0.208  
Average sample loss: 0.205  
Average acc: 0.947  
  waterbird_complete50 = 0, forest2water2 = 0  [n = 465]:	loss = 0.006  exp loss = 0.005  adjusted loss = 0.005  adv prob = 0.250000   acc = 1.000
  waterbird_complete50 = 0, forest2water2 = 1  [n = 466]:	loss = 0.242  exp loss = 0.213  adjusted loss = 0.213  adv prob = 0.250000   acc = 0.938
  waterbird_complete50 = 1, forest2water2 = 0  [n = 134]:	loss = 0.905  exp loss = 1.101  adjusted loss = 1.101  adv prob = 0.250000   acc = 0.776
  waterbird_complete50 = 1, forest2water2 = 1  [n = 134]:	loss = 0.090  exp loss = 0.103  adjusted loss = 0.103  adv prob = 0.250000   acc = 0.970
Current lr: 0.000010
Current validation accuracy: 0.7761193513870239


Epoch [275]:
Training:
Average incurred loss: 0.119  
Average sample loss: 0.122  
Average acc: 0.938  
  waterbird_complete50 = 0, forest2water2 = 0  [n = 59]:	loss = 0.007  exp loss = 0.006  adjusted loss = 0.006  adv prob = 0.250000   acc = 1.000
  waterbird_complete50 = 0, forest2water2 = 1  [n = 61]:	loss = 0.230  exp loss = 0.159  adjusted loss = 0.159  adv prob = 0.250000   acc = 0.869
  waterbird_complete50 = 1, forest2water2 = 0  [n = 54]:	loss = 0.138  exp loss = 0.317  adjusted loss = 0.317  adv prob = 0.250000   acc = 0.944
  waterbird_complete50 = 1, forest2water2 = 1  [n = 51]:	loss = 0.095  exp loss = 0.143  adjusted loss = 0.143  adv prob = 0.250000   acc = 0.941

Validation:
Average incurred loss: 0.208  
Average sample loss: 0.205  
Average acc: 0.947  
  waterbird_complete50 = 0, forest2water2 = 0  [n = 465]:	loss = 0.007  exp loss = 0.005  adjusted loss = 0.005  adv prob = 0.250000   acc = 0.998
  waterbird_complete50 = 0, forest2water2 = 1  [n = 466]:	loss = 0.248  exp loss = 0.218  adjusted loss = 0.218  adv prob = 0.250000   acc = 0.938
  waterbird_complete50 = 1, forest2water2 = 0  [n = 134]:	loss = 0.884  exp loss = 1.071  adjusted loss = 1.071  adv prob = 0.250000   acc = 0.776
  waterbird_complete50 = 1, forest2water2 = 1  [n = 134]:	loss = 0.087  exp loss = 0.099  adjusted loss = 0.099  adv prob = 0.250000   acc = 0.978
Current lr: 0.000010
Current validation accuracy: 0.7761193513870239


Epoch [276]:
Training:
Average incurred loss: 0.154  
Average sample loss: 0.164  
Average acc: 0.933  
  waterbird_complete50 = 0, forest2water2 = 0  [n = 55]:	loss = 0.009  exp loss = 0.006  adjusted loss = 0.006  adv prob = 0.250000   acc = 1.000
  waterbird_complete50 = 0, forest2water2 = 1  [n = 55]:	loss = 0.191  exp loss = 0.186  adjusted loss = 0.186  adv prob = 0.250000   acc = 0.891
  waterbird_complete50 = 1, forest2water2 = 0  [n = 62]:	loss = 0.282  exp loss = 0.284  adjusted loss = 0.284  adv prob = 0.250000   acc = 0.919
  waterbird_complete50 = 1, forest2water2 = 1  [n = 53]:	loss = 0.116  exp loss = 0.141  adjusted loss = 0.141  adv prob = 0.250000   acc = 0.925

Validation:
Average incurred loss: 0.207  
Average sample loss: 0.204  
Average acc: 0.947  
  waterbird_complete50 = 0, forest2water2 = 0  [n = 465]:	loss = 0.006  exp loss = 0.005  adjusted loss = 0.005  adv prob = 0.250000   acc = 0.998
  waterbird_complete50 = 0, forest2water2 = 1  [n = 466]:	loss = 0.232  exp loss = 0.205  adjusted loss = 0.205  adv prob = 0.250000   acc = 0.940
  waterbird_complete50 = 1, forest2water2 = 0  [n = 134]:	loss = 0.930  exp loss = 1.132  adjusted loss = 1.132  adv prob = 0.250000   acc = 0.769
  waterbird_complete50 = 1, forest2water2 = 1  [n = 134]:	loss = 0.092  exp loss = 0.105  adjusted loss = 0.105  adv prob = 0.250000   acc = 0.970
Current lr: 0.000010
Current validation accuracy: 0.7686567306518555


Epoch [277]:
Training:
Average incurred loss: 0.306  
Average sample loss: 0.380  
Average acc: 0.884  
  waterbird_complete50 = 0, forest2water2 = 0  [n = 63]:	loss = 0.010  exp loss = 0.007  adjusted loss = 0.007  adv prob = 0.250000   acc = 1.000
  waterbird_complete50 = 0, forest2water2 = 1  [n = 43]:	loss = 0.215  exp loss = 0.179  adjusted loss = 0.179  adv prob = 0.250000   acc = 0.907
  waterbird_complete50 = 1, forest2water2 = 0  [n = 60]:	loss = 0.582  exp loss = 0.417  adjusted loss = 0.417  adv prob = 0.250000   acc = 0.783
  waterbird_complete50 = 1, forest2water2 = 1  [n = 59]:	loss = 0.407  exp loss = 0.256  adjusted loss = 0.256  adv prob = 0.250000   acc = 0.847

Validation:
Average incurred loss: 0.208  
Average sample loss: 0.206  
Average acc: 0.947  
  waterbird_complete50 = 0, forest2water2 = 0  [n = 465]:	loss = 0.005  exp loss = 0.004  adjusted loss = 0.004  adv prob = 0.250000   acc = 1.000
  waterbird_complete50 = 0, forest2water2 = 1  [n = 466]:	loss = 0.221  exp loss = 0.196  adjusted loss = 0.196  adv prob = 0.250000   acc = 0.940
  waterbird_complete50 = 1, forest2water2 = 0  [n = 134]:	loss = 0.979  exp loss = 1.200  adjusted loss = 1.200  adv prob = 0.250000   acc = 0.769
  waterbird_complete50 = 1, forest2water2 = 1  [n = 134]:	loss = 0.096  exp loss = 0.109  adjusted loss = 0.109  adv prob = 0.250000   acc = 0.970
Current lr: 0.000010
Current validation accuracy: 0.7686567306518555


Epoch [278]:
Training:
Average incurred loss: 0.105  
Average sample loss: 0.106  
Average acc: 0.960  
  waterbird_complete50 = 0, forest2water2 = 0  [n = 49]:	loss = 0.003  exp loss = 0.005  adjusted loss = 0.005  adv prob = 0.250000   acc = 1.000
  waterbird_complete50 = 0, forest2water2 = 1  [n = 58]:	loss = 0.046  exp loss = 0.132  adjusted loss = 0.132  adv prob = 0.250000   acc = 0.983
  waterbird_complete50 = 1, forest2water2 = 0  [n = 58]:	loss = 0.252  exp loss = 0.351  adjusted loss = 0.351  adv prob = 0.250000   acc = 0.897
  waterbird_complete50 = 1, forest2water2 = 1  [n = 60]:	loss = 0.102  exp loss = 0.212  adjusted loss = 0.212  adv prob = 0.250000   acc = 0.967

Validation:
Average incurred loss: 0.210  
Average sample loss: 0.207  
Average acc: 0.947  
  waterbird_complete50 = 0, forest2water2 = 0  [n = 465]:	loss = 0.006  exp loss = 0.004  adjusted loss = 0.004  adv prob = 0.250000   acc = 0.998
  waterbird_complete50 = 0, forest2water2 = 1  [n = 466]:	loss = 0.228  exp loss = 0.203  adjusted loss = 0.203  adv prob = 0.250000   acc = 0.940
  waterbird_complete50 = 1, forest2water2 = 0  [n = 134]:	loss = 0.974  exp loss = 1.200  adjusted loss = 1.200  adv prob = 0.250000   acc = 0.769
  waterbird_complete50 = 1, forest2water2 = 1  [n = 134]:	loss = 0.092  exp loss = 0.105  adjusted loss = 0.105  adv prob = 0.250000   acc = 0.970
Current lr: 0.000010
Current validation accuracy: 0.7686567306518555


Epoch [279]:
Training:
Average incurred loss: 0.132  
Average sample loss: 0.132  
Average acc: 0.938  
  waterbird_complete50 = 0, forest2water2 = 0  [n = 65]:	loss = 0.012  exp loss = 0.007  adjusted loss = 0.007  adv prob = 0.250000   acc = 1.000
  waterbird_complete50 = 0, forest2water2 = 1  [n = 48]:	loss = 0.123  exp loss = 0.122  adjusted loss = 0.122  adv prob = 0.250000   acc = 0.937
  waterbird_complete50 = 1, forest2water2 = 0  [n = 55]:	loss = 0.279  exp loss = 0.317  adjusted loss = 0.317  adv prob = 0.250000   acc = 0.873
  waterbird_complete50 = 1, forest2water2 = 1  [n = 57]:	loss = 0.133  exp loss = 0.185  adjusted loss = 0.185  adv prob = 0.250000   acc = 0.930

Validation:
Average incurred loss: 0.210  
Average sample loss: 0.207  
Average acc: 0.947  
  waterbird_complete50 = 0, forest2water2 = 0  [n = 465]:	loss = 0.007  exp loss = 0.005  adjusted loss = 0.005  adv prob = 0.250000   acc = 0.998
  waterbird_complete50 = 0, forest2water2 = 1  [n = 466]:	loss = 0.249  exp loss = 0.222  adjusted loss = 0.222  adv prob = 0.250000   acc = 0.938
  waterbird_complete50 = 1, forest2water2 = 0  [n = 134]:	loss = 0.906  exp loss = 1.114  adjusted loss = 1.114  adv prob = 0.250000   acc = 0.769
  waterbird_complete50 = 1, forest2water2 = 1  [n = 134]:	loss = 0.080  exp loss = 0.091  adjusted loss = 0.091  adv prob = 0.250000   acc = 0.978
Current lr: 0.000010
Current validation accuracy: 0.7686567306518555


Epoch [280]:
Training:
Average incurred loss: 0.157  
Average sample loss: 0.186  
Average acc: 0.942  
  waterbird_complete50 = 0, forest2water2 = 0  [n = 51]:	loss = 0.003  exp loss = 0.005  adjusted loss = 0.005  adv prob = 0.250000   acc = 1.000
  waterbird_complete50 = 0, forest2water2 = 1  [n = 51]:	loss = 0.029  exp loss = 0.090  adjusted loss = 0.090  adv prob = 0.250000   acc = 1.000
  waterbird_complete50 = 1, forest2water2 = 0  [n = 48]:	loss = 0.332  exp loss = 0.321  adjusted loss = 0.321  adv prob = 0.250000   acc = 0.896
  waterbird_complete50 = 1, forest2water2 = 1  [n = 75]:	loss = 0.237  exp loss = 0.220  adjusted loss = 0.220  adv prob = 0.250000   acc = 0.893

Validation:
Average incurred loss: 0.208  
Average sample loss: 0.205  
Average acc: 0.946  
  waterbird_complete50 = 0, forest2water2 = 0  [n = 465]:	loss = 0.005  exp loss = 0.004  adjusted loss = 0.004  adv prob = 0.250000   acc = 0.998
  waterbird_complete50 = 0, forest2water2 = 1  [n = 466]:	loss = 0.212  exp loss = 0.189  adjusted loss = 0.189  adv prob = 0.250000   acc = 0.944
  waterbird_complete50 = 1, forest2water2 = 0  [n = 134]:	loss = 1.004  exp loss = 1.239  adjusted loss = 1.239  adv prob = 0.250000   acc = 0.746
  waterbird_complete50 = 1, forest2water2 = 1  [n = 134]:	loss = 0.099  exp loss = 0.112  adjusted loss = 0.112  adv prob = 0.250000   acc = 0.970
Current lr: 0.000010
Current validation accuracy: 0.746268630027771


Epoch [281]:
Training:
Average incurred loss: 0.174  
Average sample loss: 0.161  
Average acc: 0.933  
  waterbird_complete50 = 0, forest2water2 = 0  [n = 57]:	loss = 0.003  exp loss = 0.004  adjusted loss = 0.004  adv prob = 0.250000   acc = 1.000
  waterbird_complete50 = 0, forest2water2 = 1  [n = 52]:	loss = 0.084  exp loss = 0.087  adjusted loss = 0.087  adv prob = 0.250000   acc = 0.981
  waterbird_complete50 = 1, forest2water2 = 0  [n = 58]:	loss = 0.448  exp loss = 0.346  adjusted loss = 0.346  adv prob = 0.250000   acc = 0.862
  waterbird_complete50 = 1, forest2water2 = 1  [n = 58]:	loss = 0.150  exp loss = 0.185  adjusted loss = 0.185  adv prob = 0.250000   acc = 0.897

Validation:
Average incurred loss: 0.207  
Average sample loss: 0.205  
Average acc: 0.947  
  waterbird_complete50 = 0, forest2water2 = 0  [n = 465]:	loss = 0.006  exp loss = 0.005  adjusted loss = 0.005  adv prob = 0.250000   acc = 0.998
  waterbird_complete50 = 0, forest2water2 = 1  [n = 466]:	loss = 0.232  exp loss = 0.208  adjusted loss = 0.208  adv prob = 0.250000   acc = 0.938
  waterbird_complete50 = 1, forest2water2 = 0  [n = 134]:	loss = 0.934  exp loss = 1.154  adjusted loss = 1.154  adv prob = 0.250000   acc = 0.769
  waterbird_complete50 = 1, forest2water2 = 1  [n = 134]:	loss = 0.091  exp loss = 0.103  adjusted loss = 0.103  adv prob = 0.250000   acc = 0.978
Current lr: 0.000010
Current validation accuracy: 0.7686567306518555


Epoch [282]:
Training:
Average incurred loss: 0.161  
Average sample loss: 0.188  
Average acc: 0.920  
  waterbird_complete50 = 0, forest2water2 = 0  [n = 50]:	loss = 0.002  exp loss = 0.004  adjusted loss = 0.004  adv prob = 0.250000   acc = 1.000
  waterbird_complete50 = 0, forest2water2 = 1  [n = 65]:	loss = 0.174  exp loss = 0.103  adjusted loss = 0.103  adv prob = 0.250000   acc = 0.908
  waterbird_complete50 = 1, forest2water2 = 0  [n = 51]:	loss = 0.375  exp loss = 0.436  adjusted loss = 0.436  adv prob = 0.250000   acc = 0.804
  waterbird_complete50 = 1, forest2water2 = 1  [n = 59]:	loss = 0.096  exp loss = 0.156  adjusted loss = 0.156  adv prob = 0.250000   acc = 0.966

Validation:
Average incurred loss: 0.205  
Average sample loss: 0.202  
Average acc: 0.947  
  waterbird_complete50 = 0, forest2water2 = 0  [n = 465]:	loss = 0.007  exp loss = 0.005  adjusted loss = 0.005  adv prob = 0.250000   acc = 0.998
  waterbird_complete50 = 0, forest2water2 = 1  [n = 466]:	loss = 0.241  exp loss = 0.213  adjusted loss = 0.213  adv prob = 0.250000   acc = 0.938
  waterbird_complete50 = 1, forest2water2 = 0  [n = 134]:	loss = 0.889  exp loss = 1.082  adjusted loss = 1.082  adv prob = 0.250000   acc = 0.769
  waterbird_complete50 = 1, forest2water2 = 1  [n = 134]:	loss = 0.083  exp loss = 0.095  adjusted loss = 0.095  adv prob = 0.250000   acc = 0.978
Current lr: 0.000010
Current validation accuracy: 0.7686567306518555


Epoch [283]:
Training:
Average incurred loss: 0.209  
Average sample loss: 0.211  
Average acc: 0.920  
  waterbird_complete50 = 0, forest2water2 = 0  [n = 53]:	loss = 0.027  exp loss = 0.014  adjusted loss = 0.014  adv prob = 0.250000   acc = 0.981
  waterbird_complete50 = 0, forest2water2 = 1  [n = 63]:	loss = 0.191  exp loss = 0.153  adjusted loss = 0.153  adv prob = 0.250000   acc = 0.937
  waterbird_complete50 = 1, forest2water2 = 0  [n = 56]:	loss = 0.415  exp loss = 0.406  adjusted loss = 0.406  adv prob = 0.250000   acc = 0.857
  waterbird_complete50 = 1, forest2water2 = 1  [n = 53]:	loss = 0.193  exp loss = 0.153  adjusted loss = 0.153  adv prob = 0.250000   acc = 0.906

Validation:
Average incurred loss: 0.207  
Average sample loss: 0.204  
Average acc: 0.949  
  waterbird_complete50 = 0, forest2water2 = 0  [n = 465]:	loss = 0.009  exp loss = 0.007  adjusted loss = 0.007  adv prob = 0.250000   acc = 0.994
  waterbird_complete50 = 0, forest2water2 = 1  [n = 466]:	loss = 0.267  exp loss = 0.237  adjusted loss = 0.237  adv prob = 0.250000   acc = 0.938
  waterbird_complete50 = 1, forest2water2 = 0  [n = 134]:	loss = 0.814  exp loss = 0.981  adjusted loss = 0.981  adv prob = 0.250000   acc = 0.799
  waterbird_complete50 = 1, forest2water2 = 1  [n = 134]:	loss = 0.077  exp loss = 0.089  adjusted loss = 0.089  adv prob = 0.250000   acc = 0.985
Current lr: 0.000010
Current validation accuracy: 0.7985074520111084


Epoch [284]:
Training:
Average incurred loss: 0.150  
Average sample loss: 0.143  
Average acc: 0.956  
  waterbird_complete50 = 0, forest2water2 = 0  [n = 61]:	loss = 0.001  exp loss = 0.009  adjusted loss = 0.009  adv prob = 0.250000   acc = 1.000
  waterbird_complete50 = 0, forest2water2 = 1  [n = 42]:	loss = 0.017  exp loss = 0.106  adjusted loss = 0.106  adv prob = 0.250000   acc = 1.000
  waterbird_complete50 = 1, forest2water2 = 0  [n = 57]:	loss = 0.394  exp loss = 0.390  adjusted loss = 0.390  adv prob = 0.250000   acc = 0.877
  waterbird_complete50 = 1, forest2water2 = 1  [n = 65]:	loss = 0.160  exp loss = 0.144  adjusted loss = 0.144  adv prob = 0.250000   acc = 0.954

Validation:
Average incurred loss: 0.208  
Average sample loss: 0.206  
Average acc: 0.946  
  waterbird_complete50 = 0, forest2water2 = 0  [n = 465]:	loss = 0.006  exp loss = 0.004  adjusted loss = 0.004  adv prob = 0.250000   acc = 0.998
  waterbird_complete50 = 0, forest2water2 = 1  [n = 466]:	loss = 0.232  exp loss = 0.207  adjusted loss = 0.207  adv prob = 0.250000   acc = 0.938
  waterbird_complete50 = 1, forest2water2 = 0  [n = 134]:	loss = 0.948  exp loss = 1.162  adjusted loss = 1.162  adv prob = 0.250000   acc = 0.761
  waterbird_complete50 = 1, forest2water2 = 1  [n = 134]:	loss = 0.090  exp loss = 0.103  adjusted loss = 0.103  adv prob = 0.250000   acc = 0.978
Current lr: 0.000010
Current validation accuracy: 0.761194109916687


Epoch [285]:
Training:
Average incurred loss: 0.199  
Average sample loss: 0.218  
Average acc: 0.920  
  waterbird_complete50 = 0, forest2water2 = 0  [n = 52]:	loss = 0.002  exp loss = 0.007  adjusted loss = 0.007  adv prob = 0.250000   acc = 1.000
  waterbird_complete50 = 0, forest2water2 = 1  [n = 61]:	loss = 0.192  exp loss = 0.122  adjusted loss = 0.122  adv prob = 0.250000   acc = 0.918
  waterbird_complete50 = 1, forest2water2 = 0  [n = 52]:	loss = 0.529  exp loss = 0.453  adjusted loss = 0.453  adv prob = 0.250000   acc = 0.788
  waterbird_complete50 = 1, forest2water2 = 1  [n = 60]:	loss = 0.091  exp loss = 0.138  adjusted loss = 0.138  adv prob = 0.250000   acc = 0.967

Validation:
Average incurred loss: 0.208  
Average sample loss: 0.206  
Average acc: 0.945  
  waterbird_complete50 = 0, forest2water2 = 0  [n = 465]:	loss = 0.006  exp loss = 0.004  adjusted loss = 0.004  adv prob = 0.250000   acc = 1.000
  waterbird_complete50 = 0, forest2water2 = 1  [n = 466]:	loss = 0.232  exp loss = 0.206  adjusted loss = 0.206  adv prob = 0.250000   acc = 0.938
  waterbird_complete50 = 1, forest2water2 = 0  [n = 134]:	loss = 0.947  exp loss = 1.162  adjusted loss = 1.162  adv prob = 0.250000   acc = 0.754
  waterbird_complete50 = 1, forest2water2 = 1  [n = 134]:	loss = 0.090  exp loss = 0.106  adjusted loss = 0.106  adv prob = 0.250000   acc = 0.970
Current lr: 0.000010
Current validation accuracy: 0.753731369972229


Epoch [286]:
Training:
Average incurred loss: 0.166  
Average sample loss: 0.164  
Average acc: 0.929  
  waterbird_complete50 = 0, forest2water2 = 0  [n = 51]:	loss = 0.001  exp loss = 0.005  adjusted loss = 0.005  adv prob = 0.250000   acc = 1.000
  waterbird_complete50 = 0, forest2water2 = 1  [n = 62]:	loss = 0.216  exp loss = 0.162  adjusted loss = 0.162  adv prob = 0.250000   acc = 0.919
  waterbird_complete50 = 1, forest2water2 = 0  [n = 53]:	loss = 0.266  exp loss = 0.371  adjusted loss = 0.371  adv prob = 0.250000   acc = 0.887
  waterbird_complete50 = 1, forest2water2 = 1  [n = 59]:	loss = 0.166  exp loss = 0.137  adjusted loss = 0.137  adv prob = 0.250000   acc = 0.915

Validation:
Average incurred loss: 0.207  
Average sample loss: 0.205  
Average acc: 0.947  
  waterbird_complete50 = 0, forest2water2 = 0  [n = 465]:	loss = 0.007  exp loss = 0.005  adjusted loss = 0.005  adv prob = 0.250000   acc = 0.998
  waterbird_complete50 = 0, forest2water2 = 1  [n = 466]:	loss = 0.245  exp loss = 0.217  adjusted loss = 0.217  adv prob = 0.250000   acc = 0.938
  waterbird_complete50 = 1, forest2water2 = 0  [n = 134]:	loss = 0.894  exp loss = 1.098  adjusted loss = 1.098  adv prob = 0.250000   acc = 0.776
  waterbird_complete50 = 1, forest2water2 = 1  [n = 134]:	loss = 0.087  exp loss = 0.101  adjusted loss = 0.101  adv prob = 0.250000   acc = 0.978
Current lr: 0.000010
Current validation accuracy: 0.7761193513870239


Epoch [287]:
Training:
Average incurred loss: 0.198  
Average sample loss: 0.191  
Average acc: 0.920  
  waterbird_complete50 = 0, forest2water2 = 0  [n = 55]:	loss = 0.003  exp loss = 0.004  adjusted loss = 0.004  adv prob = 0.250000   acc = 1.000
  waterbird_complete50 = 0, forest2water2 = 1  [n = 50]:	loss = 0.220  exp loss = 0.188  adjusted loss = 0.188  adv prob = 0.250000   acc = 0.920
  waterbird_complete50 = 1, forest2water2 = 0  [n = 66]:	loss = 0.291  exp loss = 0.320  adjusted loss = 0.320  adv prob = 0.250000   acc = 0.879
  waterbird_complete50 = 1, forest2water2 = 1  [n = 54]:	loss = 0.262  exp loss = 0.182  adjusted loss = 0.182  adv prob = 0.250000   acc = 0.889

Validation:
Average incurred loss: 0.210  
Average sample loss: 0.207  
Average acc: 0.945  
  waterbird_complete50 = 0, forest2water2 = 0  [n = 465]:	loss = 0.006  exp loss = 0.004  adjusted loss = 0.004  adv prob = 0.250000   acc = 0.998
  waterbird_complete50 = 0, forest2water2 = 1  [n = 466]:	loss = 0.239  exp loss = 0.214  adjusted loss = 0.214  adv prob = 0.250000   acc = 0.938
  waterbird_complete50 = 1, forest2water2 = 0  [n = 134]:	loss = 0.937  exp loss = 1.150  adjusted loss = 1.150  adv prob = 0.250000   acc = 0.761
  waterbird_complete50 = 1, forest2water2 = 1  [n = 134]:	loss = 0.087  exp loss = 0.101  adjusted loss = 0.101  adv prob = 0.250000   acc = 0.970
Current lr: 0.000010
Current validation accuracy: 0.761194109916687


Epoch [288]:
Training:
Average incurred loss: 0.130  
Average sample loss: 0.147  
Average acc: 0.947  
  waterbird_complete50 = 0, forest2water2 = 0  [n = 59]:	loss = 0.006  exp loss = 0.005  adjusted loss = 0.005  adv prob = 0.250000   acc = 1.000
  waterbird_complete50 = 0, forest2water2 = 1  [n = 61]:	loss = 0.226  exp loss = 0.256  adjusted loss = 0.256  adv prob = 0.250000   acc = 0.918
  waterbird_complete50 = 1, forest2water2 = 0  [n = 50]:	loss = 0.222  exp loss = 0.268  adjusted loss = 0.268  adv prob = 0.250000   acc = 0.900
  waterbird_complete50 = 1, forest2water2 = 1  [n = 55]:	loss = 0.073  exp loss = 0.152  adjusted loss = 0.152  adv prob = 0.250000   acc = 0.964

Validation:
Average incurred loss: 0.209  
Average sample loss: 0.207  
Average acc: 0.947  
  waterbird_complete50 = 0, forest2water2 = 0  [n = 465]:	loss = 0.007  exp loss = 0.006  adjusted loss = 0.006  adv prob = 0.250000   acc = 0.998
  waterbird_complete50 = 0, forest2water2 = 1  [n = 466]:	loss = 0.251  exp loss = 0.224  adjusted loss = 0.224  adv prob = 0.250000   acc = 0.938
  waterbird_complete50 = 1, forest2water2 = 0  [n = 134]:	loss = 0.893  exp loss = 1.089  adjusted loss = 1.089  adv prob = 0.250000   acc = 0.769
  waterbird_complete50 = 1, forest2water2 = 1  [n = 134]:	loss = 0.082  exp loss = 0.095  adjusted loss = 0.095  adv prob = 0.250000   acc = 0.978
Current lr: 0.000010
Current validation accuracy: 0.7686567306518555


Epoch [289]:
Training:
Average incurred loss: 0.121  
Average sample loss: 0.117  
Average acc: 0.942  
  waterbird_complete50 = 0, forest2water2 = 0  [n = 62]:	loss = 0.014  exp loss = 0.007  adjusted loss = 0.007  adv prob = 0.250000   acc = 1.000
  waterbird_complete50 = 0, forest2water2 = 1  [n = 53]:	loss = 0.188  exp loss = 0.223  adjusted loss = 0.223  adv prob = 0.250000   acc = 0.925
  waterbird_complete50 = 1, forest2water2 = 0  [n = 67]:	loss = 0.206  exp loss = 0.246  adjusted loss = 0.246  adv prob = 0.250000   acc = 0.896
  waterbird_complete50 = 1, forest2water2 = 1  [n = 43]:	loss = 0.060  exp loss = 0.121  adjusted loss = 0.121  adv prob = 0.250000   acc = 0.953

Validation:
Average incurred loss: 0.210  
Average sample loss: 0.207  
Average acc: 0.948  
  waterbird_complete50 = 0, forest2water2 = 0  [n = 465]:	loss = 0.008  exp loss = 0.007  adjusted loss = 0.007  adv prob = 0.250000   acc = 0.998
  waterbird_complete50 = 0, forest2water2 = 1  [n = 466]:	loss = 0.265  exp loss = 0.237  adjusted loss = 0.237  adv prob = 0.250000   acc = 0.936
  waterbird_complete50 = 1, forest2water2 = 0  [n = 134]:	loss = 0.850  exp loss = 1.030  adjusted loss = 1.030  adv prob = 0.250000   acc = 0.791
  waterbird_complete50 = 1, forest2water2 = 1  [n = 134]:	loss = 0.075  exp loss = 0.086  adjusted loss = 0.086  adv prob = 0.250000   acc = 0.978
Current lr: 0.000010
Current validation accuracy: 0.7910448312759399


Epoch [290]:
Training:
Average incurred loss: 0.105  
Average sample loss: 0.106  
Average acc: 0.938  
  waterbird_complete50 = 0, forest2water2 = 0  [n = 53]:	loss = 0.003  exp loss = 0.005  adjusted loss = 0.005  adv prob = 0.250000   acc = 1.000
  waterbird_complete50 = 0, forest2water2 = 1  [n = 66]:	loss = 0.191  exp loss = 0.210  adjusted loss = 0.210  adv prob = 0.250000   acc = 0.924
  waterbird_complete50 = 1, forest2water2 = 0  [n = 48]:	loss = 0.095  exp loss = 0.181  adjusted loss = 0.181  adv prob = 0.250000   acc = 0.938
  waterbird_complete50 = 1, forest2water2 = 1  [n = 58]:	loss = 0.111  exp loss = 0.115  adjusted loss = 0.115  adv prob = 0.250000   acc = 0.897

Validation:
Average incurred loss: 0.208  
Average sample loss: 0.205  
Average acc: 0.949  
  waterbird_complete50 = 0, forest2water2 = 0  [n = 465]:	loss = 0.009  exp loss = 0.007  adjusted loss = 0.007  adv prob = 0.250000   acc = 0.996
  waterbird_complete50 = 0, forest2water2 = 1  [n = 466]:	loss = 0.279  exp loss = 0.248  adjusted loss = 0.248  adv prob = 0.250000   acc = 0.936
  waterbird_complete50 = 1, forest2water2 = 0  [n = 134]:	loss = 0.785  exp loss = 0.947  adjusted loss = 0.947  adv prob = 0.250000   acc = 0.799
  waterbird_complete50 = 1, forest2water2 = 1  [n = 134]:	loss = 0.072  exp loss = 0.083  adjusted loss = 0.083  adv prob = 0.250000   acc = 0.985
Current lr: 0.000010
Current validation accuracy: 0.7985074520111084


Epoch [291]:
Training:
Average incurred loss: 0.175  
Average sample loss: 0.176  
Average acc: 0.924  
  waterbird_complete50 = 0, forest2water2 = 0  [n = 55]:	loss = 0.003  exp loss = 0.004  adjusted loss = 0.004  adv prob = 0.250000   acc = 1.000
  waterbird_complete50 = 0, forest2water2 = 1  [n = 54]:	loss = 0.094  exp loss = 0.167  adjusted loss = 0.167  adv prob = 0.250000   acc = 0.963
  waterbird_complete50 = 1, forest2water2 = 0  [n = 62]:	loss = 0.485  exp loss = 0.285  adjusted loss = 0.285  adv prob = 0.250000   acc = 0.790
  waterbird_complete50 = 1, forest2water2 = 1  [n = 54]:	loss = 0.075  exp loss = 0.096  adjusted loss = 0.096  adv prob = 0.250000   acc = 0.963

Validation:
Average incurred loss: 0.208  
Average sample loss: 0.206  
Average acc: 0.949  
  waterbird_complete50 = 0, forest2water2 = 0  [n = 465]:	loss = 0.008  exp loss = 0.007  adjusted loss = 0.007  adv prob = 0.250000   acc = 0.998
  waterbird_complete50 = 0, forest2water2 = 1  [n = 466]:	loss = 0.270  exp loss = 0.239  adjusted loss = 0.239  adv prob = 0.250000   acc = 0.936
  waterbird_complete50 = 1, forest2water2 = 0  [n = 134]:	loss = 0.817  exp loss = 0.994  adjusted loss = 0.994  adv prob = 0.250000   acc = 0.791
  waterbird_complete50 = 1, forest2water2 = 1  [n = 134]:	loss = 0.075  exp loss = 0.085  adjusted loss = 0.085  adv prob = 0.250000   acc = 0.985
Current lr: 0.000010
Current validation accuracy: 0.7910447120666504


Epoch [292]:
Training:
Average incurred loss: 0.171  
Average sample loss: 0.170  
Average acc: 0.929  
  waterbird_complete50 = 0, forest2water2 = 0  [n = 48]:	loss = 0.001  exp loss = 0.003  adjusted loss = 0.003  adv prob = 0.250000   acc = 1.000
  waterbird_complete50 = 0, forest2water2 = 1  [n = 60]:	loss = 0.104  exp loss = 0.141  adjusted loss = 0.141  adv prob = 0.250000   acc = 0.967
  waterbird_complete50 = 1, forest2water2 = 0  [n = 47]:	loss = 0.398  exp loss = 0.315  adjusted loss = 0.315  adv prob = 0.250000   acc = 0.830
  waterbird_complete50 = 1, forest2water2 = 1  [n = 70]:	loss = 0.194  exp loss = 0.133  adjusted loss = 0.133  adv prob = 0.250000   acc = 0.914

Validation:
Average incurred loss: 0.209  
Average sample loss: 0.206  
Average acc: 0.946  
  waterbird_complete50 = 0, forest2water2 = 0  [n = 465]:	loss = 0.007  exp loss = 0.005  adjusted loss = 0.005  adv prob = 0.250000   acc = 0.998
  waterbird_complete50 = 0, forest2water2 = 1  [n = 466]:	loss = 0.240  exp loss = 0.214  adjusted loss = 0.214  adv prob = 0.250000   acc = 0.938
  waterbird_complete50 = 1, forest2water2 = 0  [n = 134]:	loss = 0.923  exp loss = 1.135  adjusted loss = 1.135  adv prob = 0.250000   acc = 0.761
  waterbird_complete50 = 1, forest2water2 = 1  [n = 134]:	loss = 0.088  exp loss = 0.099  adjusted loss = 0.099  adv prob = 0.250000   acc = 0.978
Current lr: 0.000010
Current validation accuracy: 0.761194109916687


Epoch [293]:
Training:
Average incurred loss: 0.282  
Average sample loss: 0.319  
Average acc: 0.880  
  waterbird_complete50 = 0, forest2water2 = 0  [n = 53]:	loss = 0.002  exp loss = 0.003  adjusted loss = 0.003  adv prob = 0.250000   acc = 1.000
  waterbird_complete50 = 0, forest2water2 = 1  [n = 50]:	loss = 0.143  exp loss = 0.137  adjusted loss = 0.137  adv prob = 0.250000   acc = 0.920
  waterbird_complete50 = 1, forest2water2 = 0  [n = 61]:	loss = 0.672  exp loss = 0.493  adjusted loss = 0.493  adv prob = 0.250000   acc = 0.754
  waterbird_complete50 = 1, forest2water2 = 1  [n = 61]:	loss = 0.249  exp loss = 0.176  adjusted loss = 0.176  adv prob = 0.250000   acc = 0.869

Validation:
Average incurred loss: 0.210  
Average sample loss: 0.208  
Average acc: 0.946  
  waterbird_complete50 = 0, forest2water2 = 0  [n = 465]:	loss = 0.006  exp loss = 0.005  adjusted loss = 0.005  adv prob = 0.250000   acc = 0.998
  waterbird_complete50 = 0, forest2water2 = 1  [n = 466]:	loss = 0.231  exp loss = 0.207  adjusted loss = 0.207  adv prob = 0.250000   acc = 0.938
  waterbird_complete50 = 1, forest2water2 = 0  [n = 134]:	loss = 0.963  exp loss = 1.187  adjusted loss = 1.187  adv prob = 0.250000   acc = 0.761
  waterbird_complete50 = 1, forest2water2 = 1  [n = 134]:	loss = 0.093  exp loss = 0.106  adjusted loss = 0.106  adv prob = 0.250000   acc = 0.978
Current lr: 0.000010
Current validation accuracy: 0.761194109916687


Epoch [294]:
Training:
Average incurred loss: 0.133  
Average sample loss: 0.145  
Average acc: 0.929  
  waterbird_complete50 = 0, forest2water2 = 0  [n = 56]:	loss = 0.002  exp loss = 0.002  adjusted loss = 0.002  adv prob = 0.250000   acc = 1.000
  waterbird_complete50 = 0, forest2water2 = 1  [n = 52]:	loss = 0.167  exp loss = 0.129  adjusted loss = 0.129  adv prob = 0.250000   acc = 0.923
  waterbird_complete50 = 1, forest2water2 = 0  [n = 59]:	loss = 0.212  exp loss = 0.411  adjusted loss = 0.411  adv prob = 0.250000   acc = 0.898
  waterbird_complete50 = 1, forest2water2 = 1  [n = 58]:	loss = 0.148  exp loss = 0.169  adjusted loss = 0.169  adv prob = 0.250000   acc = 0.897

Validation:
Average incurred loss: 0.209  
Average sample loss: 0.207  
Average acc: 0.946  
  waterbird_complete50 = 0, forest2water2 = 0  [n = 465]:	loss = 0.007  exp loss = 0.005  adjusted loss = 0.005  adv prob = 0.250000   acc = 0.998
  waterbird_complete50 = 0, forest2water2 = 1  [n = 466]:	loss = 0.242  exp loss = 0.216  adjusted loss = 0.216  adv prob = 0.250000   acc = 0.938
  waterbird_complete50 = 1, forest2water2 = 0  [n = 134]:	loss = 0.920  exp loss = 1.125  adjusted loss = 1.125  adv prob = 0.250000   acc = 0.761
  waterbird_complete50 = 1, forest2water2 = 1  [n = 134]:	loss = 0.086  exp loss = 0.098  adjusted loss = 0.098  adv prob = 0.250000   acc = 0.978
Current lr: 0.000010
Current validation accuracy: 0.761194109916687


Epoch [295]:
Training:
Average incurred loss: 0.222  
Average sample loss: 0.272  
Average acc: 0.916  
  waterbird_complete50 = 0, forest2water2 = 0  [n = 60]:	loss = 0.017  exp loss = 0.005  adjusted loss = 0.005  adv prob = 0.250000   acc = 0.983
  waterbird_complete50 = 0, forest2water2 = 1  [n = 44]:	loss = 0.098  exp loss = 0.112  adjusted loss = 0.112  adv prob = 0.250000   acc = 0.955
  waterbird_complete50 = 1, forest2water2 = 0  [n = 62]:	loss = 0.480  exp loss = 0.470  adjusted loss = 0.470  adv prob = 0.250000   acc = 0.823
  waterbird_complete50 = 1, forest2water2 = 1  [n = 59]:	loss = 0.253  exp loss = 0.212  adjusted loss = 0.212  adv prob = 0.250000   acc = 0.915

Validation:
Average incurred loss: 0.209  
Average sample loss: 0.206  
Average acc: 0.946  
  waterbird_complete50 = 0, forest2water2 = 0  [n = 465]:	loss = 0.006  exp loss = 0.004  adjusted loss = 0.004  adv prob = 0.250000   acc = 1.000
  waterbird_complete50 = 0, forest2water2 = 1  [n = 466]:	loss = 0.227  exp loss = 0.202  adjusted loss = 0.202  adv prob = 0.250000   acc = 0.938
  waterbird_complete50 = 1, forest2water2 = 0  [n = 134]:	loss = 0.960  exp loss = 1.188  adjusted loss = 1.188  adv prob = 0.250000   acc = 0.761
  waterbird_complete50 = 1, forest2water2 = 1  [n = 134]:	loss = 0.097  exp loss = 0.112  adjusted loss = 0.112  adv prob = 0.250000   acc = 0.970
Current lr: 0.000010
Current validation accuracy: 0.761194109916687


Epoch [296]:
Training:
Average incurred loss: 0.178  
Average sample loss: 0.178  
Average acc: 0.938  
  waterbird_complete50 = 0, forest2water2 = 0  [n = 55]:	loss = 0.024  exp loss = 0.009  adjusted loss = 0.009  adv prob = 0.250000   acc = 0.982
  waterbird_complete50 = 0, forest2water2 = 1  [n = 54]:	loss = 0.251  exp loss = 0.155  adjusted loss = 0.155  adv prob = 0.250000   acc = 0.907
  waterbird_complete50 = 1, forest2water2 = 0  [n = 53]:	loss = 0.404  exp loss = 0.479  adjusted loss = 0.479  adv prob = 0.250000   acc = 0.849
  waterbird_complete50 = 1, forest2water2 = 1  [n = 63]:	loss = 0.058  exp loss = 0.159  adjusted loss = 0.159  adv prob = 0.250000   acc = 1.000

Validation:
Average incurred loss: 0.209  
Average sample loss: 0.206  
Average acc: 0.946  
  waterbird_complete50 = 0, forest2water2 = 0  [n = 465]:	loss = 0.007  exp loss = 0.005  adjusted loss = 0.005  adv prob = 0.250000   acc = 0.998
  waterbird_complete50 = 0, forest2water2 = 1  [n = 466]:	loss = 0.243  exp loss = 0.216  adjusted loss = 0.216  adv prob = 0.250000   acc = 0.938
  waterbird_complete50 = 1, forest2water2 = 0  [n = 134]:	loss = 0.909  exp loss = 1.122  adjusted loss = 1.122  adv prob = 0.250000   acc = 0.761
  waterbird_complete50 = 1, forest2water2 = 1  [n = 134]:	loss = 0.091  exp loss = 0.105  adjusted loss = 0.105  adv prob = 0.250000   acc = 0.978
Current lr: 0.000010
Current validation accuracy: 0.761194109916687


Epoch [297]:
Training:
Average incurred loss: 0.235  
Average sample loss: 0.236  
Average acc: 0.920  
  waterbird_complete50 = 0, forest2water2 = 0  [n = 59]:	loss = 0.031  exp loss = 0.018  adjusted loss = 0.018  adv prob = 0.250000   acc = 0.983
  waterbird_complete50 = 0, forest2water2 = 1  [n = 70]:	loss = 0.463  exp loss = 0.246  adjusted loss = 0.246  adv prob = 0.250000   acc = 0.857
  waterbird_complete50 = 1, forest2water2 = 0  [n = 50]:	loss = 0.277  exp loss = 0.407  adjusted loss = 0.407  adv prob = 0.250000   acc = 0.900
  waterbird_complete50 = 1, forest2water2 = 1  [n = 46]:	loss = 0.101  exp loss = 0.147  adjusted loss = 0.147  adv prob = 0.250000   acc = 0.957

Validation:
Average incurred loss: 0.211  
Average sample loss: 0.209  
Average acc: 0.948  
  waterbird_complete50 = 0, forest2water2 = 0  [n = 465]:	loss = 0.009  exp loss = 0.007  adjusted loss = 0.007  adv prob = 0.250000   acc = 0.996
  waterbird_complete50 = 0, forest2water2 = 1  [n = 466]:	loss = 0.272  exp loss = 0.242  adjusted loss = 0.242  adv prob = 0.250000   acc = 0.936
  waterbird_complete50 = 1, forest2water2 = 0  [n = 134]:	loss = 0.838  exp loss = 1.027  adjusted loss = 1.027  adv prob = 0.250000   acc = 0.791
  waterbird_complete50 = 1, forest2water2 = 1  [n = 134]:	loss = 0.077  exp loss = 0.089  adjusted loss = 0.089  adv prob = 0.250000   acc = 0.985
Current lr: 0.000010
Current validation accuracy: 0.7910447120666504


Epoch [298]:
Training:
Average incurred loss: 0.159  
Average sample loss: 0.153  
Average acc: 0.929  
  waterbird_complete50 = 0, forest2water2 = 0  [n = 57]:	loss = 0.013  exp loss = 0.017  adjusted loss = 0.017  adv prob = 0.250000   acc = 1.000
  waterbird_complete50 = 0, forest2water2 = 1  [n = 56]:	loss = 0.192  exp loss = 0.247  adjusted loss = 0.247  adv prob = 0.250000   acc = 0.911
  waterbird_complete50 = 1, forest2water2 = 0  [n = 46]:	loss = 0.301  exp loss = 0.370  adjusted loss = 0.370  adv prob = 0.250000   acc = 0.870
  waterbird_complete50 = 1, forest2water2 = 1  [n = 66]:	loss = 0.159  exp loss = 0.144  adjusted loss = 0.144  adv prob = 0.250000   acc = 0.924

Validation:
Average incurred loss: 0.208  
Average sample loss: 0.205  
Average acc: 0.947  
  waterbird_complete50 = 0, forest2water2 = 0  [n = 465]:	loss = 0.008  exp loss = 0.007  adjusted loss = 0.007  adv prob = 0.250000   acc = 0.996
  waterbird_complete50 = 0, forest2water2 = 1  [n = 466]:	loss = 0.263  exp loss = 0.235  adjusted loss = 0.235  adv prob = 0.250000   acc = 0.936
  waterbird_complete50 = 1, forest2water2 = 0  [n = 134]:	loss = 0.835  exp loss = 1.027  adjusted loss = 1.027  adv prob = 0.250000   acc = 0.784
  waterbird_complete50 = 1, forest2water2 = 1  [n = 134]:	loss = 0.079  exp loss = 0.090  adjusted loss = 0.090  adv prob = 0.250000   acc = 0.978
Current lr: 0.000010
Current validation accuracy: 0.7835820913314819


Epoch [299]:
Training:
Average incurred loss: 0.189  
Average sample loss: 0.187  
Average acc: 0.924  
  waterbird_complete50 = 0, forest2water2 = 0  [n = 54]:	loss = 0.034  exp loss = 0.020  adjusted loss = 0.020  adv prob = 0.250000   acc = 0.981
  waterbird_complete50 = 0, forest2water2 = 1  [n = 64]:	loss = 0.278  exp loss = 0.267  adjusted loss = 0.267  adv prob = 0.250000   acc = 0.891
  waterbird_complete50 = 1, forest2water2 = 0  [n = 58]:	loss = 0.314  exp loss = 0.316  adjusted loss = 0.316  adv prob = 0.250000   acc = 0.879
  waterbird_complete50 = 1, forest2water2 = 1  [n = 49]:	loss = 0.094  exp loss = 0.116  adjusted loss = 0.116  adv prob = 0.250000   acc = 0.959

Validation:
Average incurred loss: 0.208  
Average sample loss: 0.205  
Average acc: 0.948  
  waterbird_complete50 = 0, forest2water2 = 0  [n = 465]:	loss = 0.009  exp loss = 0.007  adjusted loss = 0.007  adv prob = 0.250000   acc = 0.994
  waterbird_complete50 = 0, forest2water2 = 1  [n = 466]:	loss = 0.276  exp loss = 0.245  adjusted loss = 0.245  adv prob = 0.250000   acc = 0.938
  waterbird_complete50 = 1, forest2water2 = 0  [n = 134]:	loss = 0.792  exp loss = 0.968  adjusted loss = 0.968  adv prob = 0.250000   acc = 0.791
  waterbird_complete50 = 1, forest2water2 = 1  [n = 134]:	loss = 0.075  exp loss = 0.086  adjusted loss = 0.086  adv prob = 0.250000   acc = 0.985
Current lr: 0.000010
Current validation accuracy: 0.7910447120666504


Epoch [300]:
Training:
Average incurred loss: 0.194  
Average sample loss: 0.200  
Average acc: 0.920  
  waterbird_complete50 = 0, forest2water2 = 0  [n = 60]:	loss = 0.005  exp loss = 0.015  adjusted loss = 0.015  adv prob = 0.250000   acc = 1.000
  waterbird_complete50 = 0, forest2water2 = 1  [n = 45]:	loss = 0.187  exp loss = 0.223  adjusted loss = 0.223  adv prob = 0.250000   acc = 0.911
  waterbird_complete50 = 1, forest2water2 = 0  [n = 57]:	loss = 0.330  exp loss = 0.378  adjusted loss = 0.378  adv prob = 0.250000   acc = 0.877
  waterbird_complete50 = 1, forest2water2 = 1  [n = 63]:	loss = 0.257  exp loss = 0.135  adjusted loss = 0.135  adv prob = 0.250000   acc = 0.889

Validation:
Average incurred loss: 0.209  
Average sample loss: 0.207  
Average acc: 0.948  
  waterbird_complete50 = 0, forest2water2 = 0  [n = 465]:	loss = 0.009  exp loss = 0.007  adjusted loss = 0.007  adv prob = 0.250000   acc = 0.994
  waterbird_complete50 = 0, forest2water2 = 1  [n = 466]:	loss = 0.268  exp loss = 0.239  adjusted loss = 0.239  adv prob = 0.250000   acc = 0.938
  waterbird_complete50 = 1, forest2water2 = 0  [n = 134]:	loss = 0.830  exp loss = 1.011  adjusted loss = 1.011  adv prob = 0.250000   acc = 0.791
  waterbird_complete50 = 1, forest2water2 = 1  [n = 134]:	loss = 0.076  exp loss = 0.087  adjusted loss = 0.087  adv prob = 0.250000   acc = 0.985
Current lr: 0.000010
Current validation accuracy: 0.7910447120666504

Total Experiment Time: 15096.4s
Finished with job 879 (seed=222)
