Dataset: CUB
Shift type: confounder
Wandb: False
Project name: spurious
Target name: waterbird_complete50
Confounder names: ['forest2water2']
Up weight: 0
Resume: False
Finetune: True
Normalize: False
Recalculate groups: False
Unfreeze: 0
Restart layers: 0
Minority fraction: None
Imbalance ratio: None
Fraction: 0.047
Root dir: ../datasets
Reweight groups: True
Augment data: False
Val fraction: 0.1
Loss type: erm
Alpha: 0.2
Generalization adjustment: 0.0
Sv dropout: 0.0
Automatic adjustment: False
Robust step size: 0.01
Joint dro alpha: 1
Use normalized loss: False
Btl: False
Hinge: False
Model: resnet50
Train from scratch: False
Pretrained path: pretrained_models/CUB/erm_50_111.pth
N epochs: 301
Batch size: 64
Lr: 1e-05
Scheduler: False
L1: 0.0
Weight decay: 1.0
Gamma: 0.1
Minimum variational weight: 0
Seed: 111
Accum: 1
Show progress: False
Log dir: results/CUB/erm_dfr_rw_50/model_outputs_111
Log every: 50
Save step: 10
Save best: True
Save last: True
Use bert params: 1
Num folds per sweep: 5
Num sweeps: 4
Q: 0.7
Metadata csv name: metadata.csv
Fold: None
Metadata path: None
Aug col: None

Reading '../datasets/waterbird_complete50_forest2water2/metadata.csv'
Training Data...
    waterbird_complete50 = 0, forest2water2 = 0: n = 89
    waterbird_complete50 = 0, forest2water2 = 1: n = 81
    waterbird_complete50 = 1, forest2water2 = 0: n = 24
    waterbird_complete50 = 1, forest2water2 = 1: n = 31
Validation Data...
    waterbird_complete50 = 0, forest2water2 = 0: n = 465
    waterbird_complete50 = 0, forest2water2 = 1: n = 466
    waterbird_complete50 = 1, forest2water2 = 0: n = 134
    waterbird_complete50 = 1, forest2water2 = 1: n = 134
Test Data...
    waterbird_complete50 = 0, forest2water2 = 0: n = 2255
    waterbird_complete50 = 0, forest2water2 = 1: n = 2255
    waterbird_complete50 = 1, forest2water2 = 0: n = 642
    waterbird_complete50 = 1, forest2water2 = 1: n = 642
Training
Loading pretrained model from: pretrained_models/CUB/erm_50_111.pth
conv1.weight False
bn1.weight False
bn1.bias False
layer1.0.conv1.weight False
layer1.0.bn1.weight False
layer1.0.bn1.bias False
layer1.0.conv2.weight False
layer1.0.bn2.weight False
layer1.0.bn2.bias False
layer1.0.conv3.weight False
layer1.0.bn3.weight False
layer1.0.bn3.bias False
layer1.0.downsample.0.weight False
layer1.0.downsample.1.weight False
layer1.0.downsample.1.bias False
layer1.1.conv1.weight False
layer1.1.bn1.weight False
layer1.1.bn1.bias False
layer1.1.conv2.weight False
layer1.1.bn2.weight False
layer1.1.bn2.bias False
layer1.1.conv3.weight False
layer1.1.bn3.weight False
layer1.1.bn3.bias False
layer1.2.conv1.weight False
layer1.2.bn1.weight False
layer1.2.bn1.bias False
layer1.2.conv2.weight False
layer1.2.bn2.weight False
layer1.2.bn2.bias False
layer1.2.conv3.weight False
layer1.2.bn3.weight False
layer1.2.bn3.bias False
layer2.0.conv1.weight False
layer2.0.bn1.weight False
layer2.0.bn1.bias False
layer2.0.conv2.weight False
layer2.0.bn2.weight False
layer2.0.bn2.bias False
layer2.0.conv3.weight False
layer2.0.bn3.weight False
layer2.0.bn3.bias False
layer2.0.downsample.0.weight False
layer2.0.downsample.1.weight False
layer2.0.downsample.1.bias False
layer2.1.conv1.weight False
layer2.1.bn1.weight False
layer2.1.bn1.bias False
layer2.1.conv2.weight False
layer2.1.bn2.weight False
layer2.1.bn2.bias False
layer2.1.conv3.weight False
layer2.1.bn3.weight False
layer2.1.bn3.bias False
layer2.2.conv1.weight False
layer2.2.bn1.weight False
layer2.2.bn1.bias False
layer2.2.conv2.weight False
layer2.2.bn2.weight False
layer2.2.bn2.bias False
layer2.2.conv3.weight False
layer2.2.bn3.weight False
layer2.2.bn3.bias False
layer2.3.conv1.weight False
layer2.3.bn1.weight False
layer2.3.bn1.bias False
layer2.3.conv2.weight False
layer2.3.bn2.weight False
layer2.3.bn2.bias False
layer2.3.conv3.weight False
layer2.3.bn3.weight False
layer2.3.bn3.bias False
layer3.0.conv1.weight False
layer3.0.bn1.weight False
layer3.0.bn1.bias False
layer3.0.conv2.weight False
layer3.0.bn2.weight False
layer3.0.bn2.bias False
layer3.0.conv3.weight False
layer3.0.bn3.weight False
layer3.0.bn3.bias False
layer3.0.downsample.0.weight False
layer3.0.downsample.1.weight False
layer3.0.downsample.1.bias False
layer3.1.conv1.weight False
layer3.1.bn1.weight False
layer3.1.bn1.bias False
layer3.1.conv2.weight False
layer3.1.bn2.weight False
layer3.1.bn2.bias False
layer3.1.conv3.weight False
layer3.1.bn3.weight False
layer3.1.bn3.bias False
layer3.2.conv1.weight False
layer3.2.bn1.weight False
layer3.2.bn1.bias False
layer3.2.conv2.weight False
layer3.2.bn2.weight False
layer3.2.bn2.bias False
layer3.2.conv3.weight False
layer3.2.bn3.weight False
layer3.2.bn3.bias False
layer3.3.conv1.weight False
layer3.3.bn1.weight False
layer3.3.bn1.bias False
layer3.3.conv2.weight False
layer3.3.bn2.weight False
layer3.3.bn2.bias False
layer3.3.conv3.weight False
layer3.3.bn3.weight False
layer3.3.bn3.bias False
layer3.4.conv1.weight False
layer3.4.bn1.weight False
layer3.4.bn1.bias False
layer3.4.conv2.weight False
layer3.4.bn2.weight False
layer3.4.bn2.bias False
layer3.4.conv3.weight False
layer3.4.bn3.weight False
layer3.4.bn3.bias False
layer3.5.conv1.weight False
layer3.5.bn1.weight False
layer3.5.bn1.bias False
layer3.5.conv2.weight False
layer3.5.bn2.weight False
layer3.5.bn2.bias False
layer3.5.conv3.weight False
layer3.5.bn3.weight False
layer3.5.bn3.bias False
layer4.0.conv1.weight False
layer4.0.bn1.weight False
layer4.0.bn1.bias False
layer4.0.conv2.weight False
layer4.0.bn2.weight False
layer4.0.bn2.bias False
layer4.0.conv3.weight False
layer4.0.bn3.weight False
layer4.0.bn3.bias False
layer4.0.downsample.0.weight False
layer4.0.downsample.1.weight False
layer4.0.downsample.1.bias False
layer4.1.conv1.weight False
layer4.1.bn1.weight False
layer4.1.bn1.bias False
layer4.1.conv2.weight False
layer4.1.bn2.weight False
layer4.1.bn2.bias False
layer4.1.conv3.weight False
layer4.1.bn3.weight False
layer4.1.bn3.bias False
layer4.2.conv1.weight False
layer4.2.bn1.weight False
layer4.2.bn1.bias False
layer4.2.conv2.weight False
layer4.2.bn2.weight False
layer4.2.bn2.bias False
layer4.2.conv3.weight False
layer4.2.bn3.weight False
layer4.2.bn3.bias False
fc.weight True
fc.bias True

Epoch [0]:
Training:
Average incurred loss: 0.110  
Average sample loss: 0.133  
Average acc: 0.942  
  waterbird_complete50 = 0, forest2water2 = 0  [n = 60]:	loss = 0.000  exp loss = 0.000  adjusted loss = 0.000  adv prob = 0.250000   acc = 1.000
  waterbird_complete50 = 0, forest2water2 = 1  [n = 54]:	loss = 0.000  exp loss = 0.000  adjusted loss = 0.000  adv prob = 0.250000   acc = 1.000
  waterbird_complete50 = 1, forest2water2 = 0  [n = 55]:	loss = 0.228  exp loss = 0.101  adjusted loss = 0.101  adv prob = 0.250000   acc = 0.873
  waterbird_complete50 = 1, forest2water2 = 1  [n = 56]:	loss = 0.217  exp loss = 0.123  adjusted loss = 0.123  adv prob = 0.250000   acc = 0.893

Validation:
Average incurred loss: 0.253  
Average sample loss: 0.249  
Average acc: 0.953  
  waterbird_complete50 = 0, forest2water2 = 0  [n = 465]:	loss = 0.015  exp loss = 0.009  adjusted loss = 0.009  adv prob = 0.250000   acc = 0.994
  waterbird_complete50 = 0, forest2water2 = 1  [n = 466]:	loss = 0.057  exp loss = 0.050  adjusted loss = 0.050  adv prob = 0.250000   acc = 0.989
  waterbird_complete50 = 1, forest2water2 = 0  [n = 134]:	loss = 1.145  exp loss = 1.200  adjusted loss = 1.200  adv prob = 0.250000   acc = 0.799
  waterbird_complete50 = 1, forest2water2 = 1  [n = 134]:	loss = 0.867  exp loss = 0.927  adjusted loss = 0.927  adv prob = 0.250000   acc = 0.843
Current lr: 0.000010
Current validation accuracy: 0.7985073328018188
Best model saved at epoch 0


Epoch [1]:
Training:
Average incurred loss: 0.072  
Average sample loss: 0.064  
Average acc: 0.960  
  waterbird_complete50 = 0, forest2water2 = 0  [n = 62]:	loss = 0.000  exp loss = 0.000  adjusted loss = 0.000  adv prob = 0.250000   acc = 1.000
  waterbird_complete50 = 0, forest2water2 = 1  [n = 56]:	loss = 0.000  exp loss = 0.000  adjusted loss = 0.000  adv prob = 0.250000   acc = 1.000
  waterbird_complete50 = 1, forest2water2 = 0  [n = 46]:	loss = 0.208  exp loss = 0.116  adjusted loss = 0.116  adv prob = 0.250000   acc = 0.870
  waterbird_complete50 = 1, forest2water2 = 1  [n = 61]:	loss = 0.108  exp loss = 0.108  adjusted loss = 0.108  adv prob = 0.250000   acc = 0.951

Validation:
Average incurred loss: 0.311  
Average sample loss: 0.306  
Average acc: 0.948  
  waterbird_complete50 = 0, forest2water2 = 0  [n = 465]:	loss = 0.007  exp loss = 0.004  adjusted loss = 0.004  adv prob = 0.250000   acc = 0.998
  waterbird_complete50 = 0, forest2water2 = 1  [n = 466]:	loss = 0.038  exp loss = 0.034  adjusted loss = 0.034  adv prob = 0.250000   acc = 0.994
  waterbird_complete50 = 1, forest2water2 = 0  [n = 134]:	loss = 1.481  exp loss = 1.619  adjusted loss = 1.619  adv prob = 0.250000   acc = 0.761
  waterbird_complete50 = 1, forest2water2 = 1  [n = 134]:	loss = 1.145  exp loss = 1.198  adjusted loss = 1.198  adv prob = 0.250000   acc = 0.806
Current lr: 0.000010
Current validation accuracy: 0.761194109916687


Epoch [2]:
Training:
Average incurred loss: 0.076  
Average sample loss: 0.097  
Average acc: 0.973  
  waterbird_complete50 = 0, forest2water2 = 0  [n = 51]:	loss = 0.000  exp loss = 0.000  adjusted loss = 0.000  adv prob = 0.250000   acc = 1.000
  waterbird_complete50 = 0, forest2water2 = 1  [n = 61]:	loss = 0.000  exp loss = 0.000  adjusted loss = 0.000  adv prob = 0.250000   acc = 1.000
  waterbird_complete50 = 1, forest2water2 = 0  [n = 58]:	loss = 0.133  exp loss = 0.126  adjusted loss = 0.126  adv prob = 0.250000   acc = 0.966
  waterbird_complete50 = 1, forest2water2 = 1  [n = 55]:	loss = 0.170  exp loss = 0.150  adjusted loss = 0.150  adv prob = 0.250000   acc = 0.927

Validation:
Average incurred loss: 0.393  
Average sample loss: 0.388  
Average acc: 0.931  
  waterbird_complete50 = 0, forest2water2 = 0  [n = 465]:	loss = 0.003  exp loss = 0.001  adjusted loss = 0.001  adv prob = 0.250000   acc = 0.998
  waterbird_complete50 = 0, forest2water2 = 1  [n = 466]:	loss = 0.026  exp loss = 0.023  adjusted loss = 0.023  adv prob = 0.250000   acc = 0.994
  waterbird_complete50 = 1, forest2water2 = 0  [n = 134]:	loss = 1.893  exp loss = 2.138  adjusted loss = 2.138  adv prob = 0.250000   acc = 0.687
  waterbird_complete50 = 1, forest2water2 = 1  [n = 134]:	loss = 1.527  exp loss = 1.566  adjusted loss = 1.566  adv prob = 0.250000   acc = 0.724
Current lr: 0.000010
Current validation accuracy: 0.6865671873092651


Epoch [3]:
Training:
Average incurred loss: 0.132  
Average sample loss: 0.117  
Average acc: 0.938  
  waterbird_complete50 = 0, forest2water2 = 0  [n = 54]:	loss = 0.000  exp loss = 0.000  adjusted loss = 0.000  adv prob = 0.250000   acc = 1.000
  waterbird_complete50 = 0, forest2water2 = 1  [n = 60]:	loss = 0.000  exp loss = 0.000  adjusted loss = 0.000  adv prob = 0.250000   acc = 1.000
  waterbird_complete50 = 1, forest2water2 = 0  [n = 41]:	loss = 0.294  exp loss = 0.160  adjusted loss = 0.160  adv prob = 0.250000   acc = 0.878
  waterbird_complete50 = 1, forest2water2 = 1  [n = 70]:	loss = 0.253  exp loss = 0.165  adjusted loss = 0.165  adv prob = 0.250000   acc = 0.871

Validation:
Average incurred loss: 0.443  
Average sample loss: 0.437  
Average acc: 0.923  
  waterbird_complete50 = 0, forest2water2 = 0  [n = 465]:	loss = 0.002  exp loss = 0.001  adjusted loss = 0.001  adv prob = 0.250000   acc = 1.000
  waterbird_complete50 = 0, forest2water2 = 1  [n = 466]:	loss = 0.019  exp loss = 0.017  adjusted loss = 0.017  adv prob = 0.250000   acc = 0.994
  waterbird_complete50 = 1, forest2water2 = 0  [n = 134]:	loss = 2.111  exp loss = 2.411  adjusted loss = 2.411  adv prob = 0.250000   acc = 0.664
  waterbird_complete50 = 1, forest2water2 = 1  [n = 134]:	loss = 1.779  exp loss = 1.807  adjusted loss = 1.807  adv prob = 0.250000   acc = 0.672
Current lr: 0.000010
Current validation accuracy: 0.6641790866851807


Epoch [4]:
Training:
Average incurred loss: 0.117  
Average sample loss: 0.113  
Average acc: 0.947  
  waterbird_complete50 = 0, forest2water2 = 0  [n = 60]:	loss = 0.000  exp loss = 0.000  adjusted loss = 0.000  adv prob = 0.250000   acc = 1.000
  waterbird_complete50 = 0, forest2water2 = 1  [n = 54]:	loss = 0.000  exp loss = 0.000  adjusted loss = 0.000  adv prob = 0.250000   acc = 1.000
  waterbird_complete50 = 1, forest2water2 = 0  [n = 71]:	loss = 0.264  exp loss = 0.185  adjusted loss = 0.185  adv prob = 0.250000   acc = 0.901
  waterbird_complete50 = 1, forest2water2 = 1  [n = 40]:	loss = 0.189  exp loss = 0.167  adjusted loss = 0.167  adv prob = 0.250000   acc = 0.875

Validation:
Average incurred loss: 0.479  
Average sample loss: 0.472  
Average acc: 0.918  
  waterbird_complete50 = 0, forest2water2 = 0  [n = 465]:	loss = 0.001  exp loss = 0.000  adjusted loss = 0.000  adv prob = 0.250000   acc = 1.000
  waterbird_complete50 = 0, forest2water2 = 1  [n = 466]:	loss = 0.016  exp loss = 0.015  adjusted loss = 0.015  adv prob = 0.250000   acc = 0.994
  waterbird_complete50 = 1, forest2water2 = 0  [n = 134]:	loss = 2.308  exp loss = 2.633  adjusted loss = 2.633  adv prob = 0.250000   acc = 0.649
  waterbird_complete50 = 1, forest2water2 = 1  [n = 134]:	loss = 1.918  exp loss = 1.944  adjusted loss = 1.944  adv prob = 0.250000   acc = 0.642
Current lr: 0.000010
Current validation accuracy: 0.641791045665741


Epoch [5]:
Training:
Average incurred loss: 0.117  
Average sample loss: 0.107  
Average acc: 0.964  
  waterbird_complete50 = 0, forest2water2 = 0  [n = 44]:	loss = 0.000  exp loss = 0.000  adjusted loss = 0.000  adv prob = 0.250000   acc = 1.000
  waterbird_complete50 = 0, forest2water2 = 1  [n = 63]:	loss = 0.000  exp loss = 0.000  adjusted loss = 0.000  adv prob = 0.250000   acc = 1.000
  waterbird_complete50 = 1, forest2water2 = 0  [n = 56]:	loss = 0.274  exp loss = 0.197  adjusted loss = 0.197  adv prob = 0.250000   acc = 0.893
  waterbird_complete50 = 1, forest2water2 = 1  [n = 62]:	loss = 0.178  exp loss = 0.162  adjusted loss = 0.162  adv prob = 0.250000   acc = 0.968

Validation:
Average incurred loss: 0.524  
Average sample loss: 0.517  
Average acc: 0.912  
  waterbird_complete50 = 0, forest2water2 = 0  [n = 465]:	loss = 0.001  exp loss = 0.000  adjusted loss = 0.000  adv prob = 0.250000   acc = 1.000
  waterbird_complete50 = 0, forest2water2 = 1  [n = 466]:	loss = 0.012  exp loss = 0.011  adjusted loss = 0.011  adv prob = 0.250000   acc = 0.996
  waterbird_complete50 = 1, forest2water2 = 0  [n = 134]:	loss = 2.496  exp loss = 2.870  adjusted loss = 2.870  adv prob = 0.250000   acc = 0.627
  waterbird_complete50 = 1, forest2water2 = 1  [n = 134]:	loss = 2.150  exp loss = 2.168  adjusted loss = 2.168  adv prob = 0.250000   acc = 0.604
Current lr: 0.000010
Current validation accuracy: 0.6044776439666748


Epoch [6]:
Training:
Average incurred loss: 0.172  
Average sample loss: 0.172  
Average acc: 0.920  
  waterbird_complete50 = 0, forest2water2 = 0  [n = 58]:	loss = 0.000  exp loss = 0.000  adjusted loss = 0.000  adv prob = 0.250000   acc = 1.000
  waterbird_complete50 = 0, forest2water2 = 1  [n = 51]:	loss = 0.000  exp loss = 0.000  adjusted loss = 0.000  adv prob = 0.250000   acc = 1.000
  waterbird_complete50 = 1, forest2water2 = 0  [n = 48]:	loss = 0.412  exp loss = 0.271  adjusted loss = 0.271  adv prob = 0.250000   acc = 0.833
  waterbird_complete50 = 1, forest2water2 = 1  [n = 68]:	loss = 0.277  exp loss = 0.180  adjusted loss = 0.180  adv prob = 0.250000   acc = 0.853

Validation:
Average incurred loss: 0.568  
Average sample loss: 0.560  
Average acc: 0.911  
  waterbird_complete50 = 0, forest2water2 = 0  [n = 465]:	loss = 0.000  exp loss = 0.000  adjusted loss = 0.000  adv prob = 0.250000   acc = 1.000
  waterbird_complete50 = 0, forest2water2 = 1  [n = 466]:	loss = 0.010  exp loss = 0.009  adjusted loss = 0.009  adv prob = 0.250000   acc = 0.998
  waterbird_complete50 = 1, forest2water2 = 0  [n = 134]:	loss = 2.686  exp loss = 3.093  adjusted loss = 3.093  adv prob = 0.250000   acc = 0.619
  waterbird_complete50 = 1, forest2water2 = 1  [n = 134]:	loss = 2.355  exp loss = 2.372  adjusted loss = 2.372  adv prob = 0.250000   acc = 0.590
Current lr: 0.000010
Current validation accuracy: 0.5895522236824036


Epoch [7]:
Training:
Average incurred loss: 0.117  
Average sample loss: 0.103  
Average acc: 0.956  
  waterbird_complete50 = 0, forest2water2 = 0  [n = 48]:	loss = 0.000  exp loss = 0.000  adjusted loss = 0.000  adv prob = 0.250000   acc = 1.000
  waterbird_complete50 = 0, forest2water2 = 1  [n = 67]:	loss = 0.000  exp loss = 0.000  adjusted loss = 0.000  adv prob = 0.250000   acc = 1.000
  waterbird_complete50 = 1, forest2water2 = 0  [n = 62]:	loss = 0.248  exp loss = 0.238  adjusted loss = 0.238  adv prob = 0.250000   acc = 0.919
  waterbird_complete50 = 1, forest2water2 = 1  [n = 48]:	loss = 0.225  exp loss = 0.175  adjusted loss = 0.175  adv prob = 0.250000   acc = 0.896

Validation:
Average incurred loss: 0.543  
Average sample loss: 0.535  
Average acc: 0.912  
  waterbird_complete50 = 0, forest2water2 = 0  [n = 465]:	loss = 0.000  exp loss = 0.000  adjusted loss = 0.000  adv prob = 0.250000   acc = 1.000
  waterbird_complete50 = 0, forest2water2 = 1  [n = 466]:	loss = 0.012  exp loss = 0.010  adjusted loss = 0.010  adv prob = 0.250000   acc = 0.998
  waterbird_complete50 = 1, forest2water2 = 0  [n = 134]:	loss = 2.578  exp loss = 2.971  adjusted loss = 2.971  adv prob = 0.250000   acc = 0.627
  waterbird_complete50 = 1, forest2water2 = 1  [n = 134]:	loss = 2.234  exp loss = 2.246  adjusted loss = 2.246  adv prob = 0.250000   acc = 0.597
Current lr: 0.000010
Current validation accuracy: 0.5970149636268616


Epoch [8]:
Training:
Average incurred loss: 0.173  
Average sample loss: 0.152  
Average acc: 0.929  
  waterbird_complete50 = 0, forest2water2 = 0  [n = 54]:	loss = 0.000  exp loss = 0.000  adjusted loss = 0.000  adv prob = 0.250000   acc = 1.000
  waterbird_complete50 = 0, forest2water2 = 1  [n = 51]:	loss = 0.000  exp loss = 0.000  adjusted loss = 0.000  adv prob = 0.250000   acc = 1.000
  waterbird_complete50 = 1, forest2water2 = 0  [n = 66]:	loss = 0.285  exp loss = 0.230  adjusted loss = 0.230  adv prob = 0.250000   acc = 0.879
  waterbird_complete50 = 1, forest2water2 = 1  [n = 54]:	loss = 0.374  exp loss = 0.206  adjusted loss = 0.206  adv prob = 0.250000   acc = 0.852

Validation:
Average incurred loss: 0.530  
Average sample loss: 0.523  
Average acc: 0.915  
  waterbird_complete50 = 0, forest2water2 = 0  [n = 465]:	loss = 0.001  exp loss = 0.000  adjusted loss = 0.000  adv prob = 0.250000   acc = 1.000
  waterbird_complete50 = 0, forest2water2 = 1  [n = 466]:	loss = 0.013  exp loss = 0.011  adjusted loss = 0.011  adv prob = 0.250000   acc = 0.998
  waterbird_complete50 = 1, forest2water2 = 0  [n = 134]:	loss = 2.531  exp loss = 2.909  adjusted loss = 2.909  adv prob = 0.250000   acc = 0.627
  waterbird_complete50 = 1, forest2water2 = 1  [n = 134]:	loss = 2.170  exp loss = 2.197  adjusted loss = 2.197  adv prob = 0.250000   acc = 0.619
Current lr: 0.000010
Current validation accuracy: 0.6194030046463013


Epoch [9]:
Training:
Average incurred loss: 0.041  
Average sample loss: 0.043  
Average acc: 0.991  
  waterbird_complete50 = 0, forest2water2 = 0  [n = 56]:	loss = 0.000  exp loss = 0.000  adjusted loss = 0.000  adv prob = 0.250000   acc = 1.000
  waterbird_complete50 = 0, forest2water2 = 1  [n = 64]:	loss = 0.000  exp loss = 0.000  adjusted loss = 0.000  adv prob = 0.250000   acc = 1.000
  waterbird_complete50 = 1, forest2water2 = 0  [n = 55]:	loss = 0.113  exp loss = 0.191  adjusted loss = 0.191  adv prob = 0.250000   acc = 0.982
  waterbird_complete50 = 1, forest2water2 = 1  [n = 50]:	loss = 0.059  exp loss = 0.152  adjusted loss = 0.152  adv prob = 0.250000   acc = 0.980

Validation:
Average incurred loss: 0.531  
Average sample loss: 0.524  
Average acc: 0.914  
  waterbird_complete50 = 0, forest2water2 = 0  [n = 465]:	loss = 0.000  exp loss = 0.000  adjusted loss = 0.000  adv prob = 0.250000   acc = 1.000
  waterbird_complete50 = 0, forest2water2 = 1  [n = 466]:	loss = 0.013  exp loss = 0.011  adjusted loss = 0.011  adv prob = 0.250000   acc = 0.998
  waterbird_complete50 = 1, forest2water2 = 0  [n = 134]:	loss = 2.539  exp loss = 2.930  adjusted loss = 2.930  adv prob = 0.250000   acc = 0.627
  waterbird_complete50 = 1, forest2water2 = 1  [n = 134]:	loss = 2.169  exp loss = 2.196  adjusted loss = 2.196  adv prob = 0.250000   acc = 0.612
Current lr: 0.000010
Current validation accuracy: 0.611940324306488


Epoch [10]:
Training:
Average incurred loss: 0.059  
Average sample loss: 0.058  
Average acc: 0.973  
  waterbird_complete50 = 0, forest2water2 = 0  [n = 53]:	loss = 0.000  exp loss = 0.000  adjusted loss = 0.000  adv prob = 0.250000   acc = 1.000
  waterbird_complete50 = 0, forest2water2 = 1  [n = 66]:	loss = 0.000  exp loss = 0.000  adjusted loss = 0.000  adv prob = 0.250000   acc = 1.000
  waterbird_complete50 = 1, forest2water2 = 0  [n = 59]:	loss = 0.172  exp loss = 0.183  adjusted loss = 0.183  adv prob = 0.250000   acc = 0.915
  waterbird_complete50 = 1, forest2water2 = 1  [n = 47]:	loss = 0.064  exp loss = 0.124  adjusted loss = 0.124  adv prob = 0.250000   acc = 0.979

Validation:
Average incurred loss: 0.540  
Average sample loss: 0.532  
Average acc: 0.911  
  waterbird_complete50 = 0, forest2water2 = 0  [n = 465]:	loss = 0.000  exp loss = 0.000  adjusted loss = 0.000  adv prob = 0.250000   acc = 1.000
  waterbird_complete50 = 0, forest2water2 = 1  [n = 466]:	loss = 0.013  exp loss = 0.011  adjusted loss = 0.011  adv prob = 0.250000   acc = 0.996
  waterbird_complete50 = 1, forest2water2 = 0  [n = 134]:	loss = 2.564  exp loss = 2.961  adjusted loss = 2.961  adv prob = 0.250000   acc = 0.619
  waterbird_complete50 = 1, forest2water2 = 1  [n = 134]:	loss = 2.220  exp loss = 2.229  adjusted loss = 2.229  adv prob = 0.250000   acc = 0.597
Current lr: 0.000010
Current validation accuracy: 0.5970149636268616


Epoch [11]:
Training:
Average incurred loss: 0.145  
Average sample loss: 0.208  
Average acc: 0.942  
  waterbird_complete50 = 0, forest2water2 = 0  [n = 49]:	loss = 0.000  exp loss = 0.000  adjusted loss = 0.000  adv prob = 0.250000   acc = 1.000
  waterbird_complete50 = 0, forest2water2 = 1  [n = 63]:	loss = 0.000  exp loss = 0.000  adjusted loss = 0.000  adv prob = 0.250000   acc = 1.000
  waterbird_complete50 = 1, forest2water2 = 0  [n = 59]:	loss = 0.363  exp loss = 0.290  adjusted loss = 0.290  adv prob = 0.250000   acc = 0.864
  waterbird_complete50 = 1, forest2water2 = 1  [n = 54]:	loss = 0.208  exp loss = 0.174  adjusted loss = 0.174  adv prob = 0.250000   acc = 0.907

Validation:
Average incurred loss: 0.574  
Average sample loss: 0.566  
Average acc: 0.908  
  waterbird_complete50 = 0, forest2water2 = 0  [n = 465]:	loss = 0.000  exp loss = 0.000  adjusted loss = 0.000  adv prob = 0.250000   acc = 1.000
  waterbird_complete50 = 0, forest2water2 = 1  [n = 466]:	loss = 0.011  exp loss = 0.009  adjusted loss = 0.009  adv prob = 0.250000   acc = 0.998
  waterbird_complete50 = 1, forest2water2 = 0  [n = 134]:	loss = 2.726  exp loss = 3.148  adjusted loss = 3.148  adv prob = 0.250000   acc = 0.604
  waterbird_complete50 = 1, forest2water2 = 1  [n = 134]:	loss = 2.371  exp loss = 2.382  adjusted loss = 2.382  adv prob = 0.250000   acc = 0.582
Current lr: 0.000010
Current validation accuracy: 0.5820895433425903


Epoch [12]:
Training:
Average incurred loss: 0.211  
Average sample loss: 0.268  
Average acc: 0.916  
  waterbird_complete50 = 0, forest2water2 = 0  [n = 53]:	loss = 0.000  exp loss = 0.000  adjusted loss = 0.000  adv prob = 0.250000   acc = 1.000
  waterbird_complete50 = 0, forest2water2 = 1  [n = 51]:	loss = 0.000  exp loss = 0.000  adjusted loss = 0.000  adv prob = 0.250000   acc = 1.000
  waterbird_complete50 = 1, forest2water2 = 0  [n = 61]:	loss = 0.379  exp loss = 0.343  adjusted loss = 0.343  adv prob = 0.250000   acc = 0.836
  waterbird_complete50 = 1, forest2water2 = 1  [n = 60]:	loss = 0.404  exp loss = 0.297  adjusted loss = 0.297  adv prob = 0.250000   acc = 0.850

Validation:
Average incurred loss: 0.611  
Average sample loss: 0.602  
Average acc: 0.905  
  waterbird_complete50 = 0, forest2water2 = 0  [n = 465]:	loss = 0.000  exp loss = 0.000  adjusted loss = 0.000  adv prob = 0.250000   acc = 1.000
  waterbird_complete50 = 0, forest2water2 = 1  [n = 466]:	loss = 0.009  exp loss = 0.008  adjusted loss = 0.008  adv prob = 0.250000   acc = 0.998
  waterbird_complete50 = 1, forest2water2 = 0  [n = 134]:	loss = 2.869  exp loss = 3.319  adjusted loss = 3.319  adv prob = 0.250000   acc = 0.590
  waterbird_complete50 = 1, forest2water2 = 1  [n = 134]:	loss = 2.561  exp loss = 2.565  adjusted loss = 2.565  adv prob = 0.250000   acc = 0.567
Current lr: 0.000010
Current validation accuracy: 0.5671641826629639


Epoch [13]:
Training:
Average incurred loss: 0.112  
Average sample loss: 0.153  
Average acc: 0.942  
  waterbird_complete50 = 0, forest2water2 = 0  [n = 61]:	loss = 0.000  exp loss = 0.000  adjusted loss = 0.000  adv prob = 0.250000   acc = 1.000
  waterbird_complete50 = 0, forest2water2 = 1  [n = 54]:	loss = 0.000  exp loss = 0.000  adjusted loss = 0.000  adv prob = 0.250000   acc = 1.000
  waterbird_complete50 = 1, forest2water2 = 0  [n = 56]:	loss = 0.218  exp loss = 0.327  adjusted loss = 0.327  adv prob = 0.250000   acc = 0.875
  waterbird_complete50 = 1, forest2water2 = 1  [n = 54]:	loss = 0.240  exp loss = 0.295  adjusted loss = 0.295  adv prob = 0.250000   acc = 0.889

Validation:
Average incurred loss: 0.604  
Average sample loss: 0.595  
Average acc: 0.904  
  waterbird_complete50 = 0, forest2water2 = 0  [n = 465]:	loss = 0.000  exp loss = 0.000  adjusted loss = 0.000  adv prob = 0.250000   acc = 1.000
  waterbird_complete50 = 0, forest2water2 = 1  [n = 466]:	loss = 0.009  exp loss = 0.008  adjusted loss = 0.008  adv prob = 0.250000   acc = 0.998
  waterbird_complete50 = 1, forest2water2 = 0  [n = 134]:	loss = 2.855  exp loss = 3.289  adjusted loss = 3.289  adv prob = 0.250000   acc = 0.590
  waterbird_complete50 = 1, forest2water2 = 1  [n = 134]:	loss = 2.516  exp loss = 2.522  adjusted loss = 2.522  adv prob = 0.250000   acc = 0.560
Current lr: 0.000010
Current validation accuracy: 0.5597015023231506


Epoch [14]:
Training:
Average incurred loss: 0.410  
Average sample loss: 0.362  
Average acc: 0.849  
  waterbird_complete50 = 0, forest2water2 = 0  [n = 63]:	loss = 0.000  exp loss = 0.000  adjusted loss = 0.000  adv prob = 0.250000   acc = 1.000
  waterbird_complete50 = 0, forest2water2 = 1  [n = 42]:	loss = 0.000  exp loss = 0.000  adjusted loss = 0.000  adv prob = 0.250000   acc = 1.000
  waterbird_complete50 = 1, forest2water2 = 0  [n = 60]:	loss = 1.001  exp loss = 0.500  adjusted loss = 0.500  adv prob = 0.250000   acc = 0.600
  waterbird_complete50 = 1, forest2water2 = 1  [n = 60]:	loss = 0.537  exp loss = 0.320  adjusted loss = 0.320  adv prob = 0.250000   acc = 0.833

Validation:
Average incurred loss: 0.615  
Average sample loss: 0.606  
Average acc: 0.905  
  waterbird_complete50 = 0, forest2water2 = 0  [n = 465]:	loss = 0.000  exp loss = 0.000  adjusted loss = 0.000  adv prob = 0.250000   acc = 1.000
  waterbird_complete50 = 0, forest2water2 = 1  [n = 466]:	loss = 0.008  exp loss = 0.007  adjusted loss = 0.007  adv prob = 0.250000   acc = 0.998
  waterbird_complete50 = 1, forest2water2 = 0  [n = 134]:	loss = 2.907  exp loss = 3.346  adjusted loss = 3.346  adv prob = 0.250000   acc = 0.590
  waterbird_complete50 = 1, forest2water2 = 1  [n = 134]:	loss = 2.562  exp loss = 2.566  adjusted loss = 2.566  adv prob = 0.250000   acc = 0.567
Current lr: 0.000010
Current validation accuracy: 0.5671641826629639


Epoch [15]:
Training:
Average incurred loss: 0.018  
Average sample loss: 0.016  
Average acc: 0.996  
  waterbird_complete50 = 0, forest2water2 = 0  [n = 64]:	loss = 0.000  exp loss = 0.000  adjusted loss = 0.000  adv prob = 0.250000   acc = 1.000
  waterbird_complete50 = 0, forest2water2 = 1  [n = 57]:	loss = 0.000  exp loss = 0.000  adjusted loss = 0.000  adv prob = 0.250000   acc = 1.000
  waterbird_complete50 = 1, forest2water2 = 0  [n = 54]:	loss = 0.037  exp loss = 0.339  adjusted loss = 0.339  adv prob = 0.250000   acc = 1.000
  waterbird_complete50 = 1, forest2water2 = 1  [n = 50]:	loss = 0.041  exp loss = 0.222  adjusted loss = 0.222  adv prob = 0.250000   acc = 0.980

Validation:
Average incurred loss: 0.553  
Average sample loss: 0.545  
Average acc: 0.910  
  waterbird_complete50 = 0, forest2water2 = 0  [n = 465]:	loss = 0.000  exp loss = 0.000  adjusted loss = 0.000  adv prob = 0.250000   acc = 1.000
  waterbird_complete50 = 0, forest2water2 = 1  [n = 466]:	loss = 0.011  exp loss = 0.010  adjusted loss = 0.010  adv prob = 0.250000   acc = 0.996
  waterbird_complete50 = 1, forest2water2 = 0  [n = 134]:	loss = 2.641  exp loss = 3.028  adjusted loss = 3.028  adv prob = 0.250000   acc = 0.627
  waterbird_complete50 = 1, forest2water2 = 1  [n = 134]:	loss = 2.269  exp loss = 2.273  adjusted loss = 2.273  adv prob = 0.250000   acc = 0.582
Current lr: 0.000010
Current validation accuracy: 0.5820895433425903


Epoch [16]:
Training:
Average incurred loss: 0.025  
Average sample loss: 0.030  
Average acc: 1.000  
  waterbird_complete50 = 0, forest2water2 = 0  [n = 65]:	loss = 0.000  exp loss = 0.000  adjusted loss = 0.000  adv prob = 0.250000   acc = 1.000
  waterbird_complete50 = 0, forest2water2 = 1  [n = 58]:	loss = 0.000  exp loss = 0.000  adjusted loss = 0.000  adv prob = 0.250000   acc = 1.000
  waterbird_complete50 = 1, forest2water2 = 0  [n = 49]:	loss = 0.043  exp loss = 0.240  adjusted loss = 0.240  adv prob = 0.250000   acc = 1.000
  waterbird_complete50 = 1, forest2water2 = 1  [n = 53]:	loss = 0.064  exp loss = 0.171  adjusted loss = 0.171  adv prob = 0.250000   acc = 1.000

Validation:
Average incurred loss: 0.525  
Average sample loss: 0.518  
Average acc: 0.914  
  waterbird_complete50 = 0, forest2water2 = 0  [n = 465]:	loss = 0.001  exp loss = 0.000  adjusted loss = 0.000  adv prob = 0.250000   acc = 1.000
  waterbird_complete50 = 0, forest2water2 = 1  [n = 466]:	loss = 0.013  exp loss = 0.011  adjusted loss = 0.011  adv prob = 0.250000   acc = 0.996
  waterbird_complete50 = 1, forest2water2 = 0  [n = 134]:	loss = 2.498  exp loss = 2.847  adjusted loss = 2.847  adv prob = 0.250000   acc = 0.634
  waterbird_complete50 = 1, forest2water2 = 1  [n = 134]:	loss = 2.154  exp loss = 2.162  adjusted loss = 2.162  adv prob = 0.250000   acc = 0.612
Current lr: 0.000010
Current validation accuracy: 0.611940324306488


Epoch [17]:
Training:
Average incurred loss: 0.069  
Average sample loss: 0.076  
Average acc: 0.982  
  waterbird_complete50 = 0, forest2water2 = 0  [n = 50]:	loss = 0.000  exp loss = 0.000  adjusted loss = 0.000  adv prob = 0.250000   acc = 1.000
  waterbird_complete50 = 0, forest2water2 = 1  [n = 62]:	loss = 0.000  exp loss = 0.000  adjusted loss = 0.000  adv prob = 0.250000   acc = 1.000
  waterbird_complete50 = 1, forest2water2 = 0  [n = 46]:	loss = 0.184  exp loss = 0.236  adjusted loss = 0.236  adv prob = 0.250000   acc = 0.957
  waterbird_complete50 = 1, forest2water2 = 1  [n = 67]:	loss = 0.104  exp loss = 0.152  adjusted loss = 0.152  adv prob = 0.250000   acc = 0.970

Validation:
Average incurred loss: 0.545  
Average sample loss: 0.538  
Average acc: 0.912  
  waterbird_complete50 = 0, forest2water2 = 0  [n = 465]:	loss = 0.000  exp loss = 0.000  adjusted loss = 0.000  adv prob = 0.250000   acc = 1.000
  waterbird_complete50 = 0, forest2water2 = 1  [n = 466]:	loss = 0.012  exp loss = 0.010  adjusted loss = 0.010  adv prob = 0.250000   acc = 0.998
  waterbird_complete50 = 1, forest2water2 = 0  [n = 134]:	loss = 2.581  exp loss = 2.955  adjusted loss = 2.955  adv prob = 0.250000   acc = 0.627
  waterbird_complete50 = 1, forest2water2 = 1  [n = 134]:	loss = 2.257  exp loss = 2.267  adjusted loss = 2.267  adv prob = 0.250000   acc = 0.590
Current lr: 0.000010
Current validation accuracy: 0.5895522832870483


Epoch [18]:
Training:
Average incurred loss: 0.140  
Average sample loss: 0.124  
Average acc: 0.938  
  waterbird_complete50 = 0, forest2water2 = 0  [n = 67]:	loss = 0.000  exp loss = 0.000  adjusted loss = 0.000  adv prob = 0.250000   acc = 1.000
  waterbird_complete50 = 0, forest2water2 = 1  [n = 50]:	loss = 0.000  exp loss = 0.000  adjusted loss = 0.000  adv prob = 0.250000   acc = 1.000
  waterbird_complete50 = 1, forest2water2 = 0  [n = 42]:	loss = 0.343  exp loss = 0.225  adjusted loss = 0.225  adv prob = 0.250000   acc = 0.833
  waterbird_complete50 = 1, forest2water2 = 1  [n = 66]:	loss = 0.257  exp loss = 0.153  adjusted loss = 0.153  adv prob = 0.250000   acc = 0.894

Validation:
Average incurred loss: 0.537  
Average sample loss: 0.529  
Average acc: 0.912  
  waterbird_complete50 = 0, forest2water2 = 0  [n = 465]:	loss = 0.000  exp loss = 0.000  adjusted loss = 0.000  adv prob = 0.250000   acc = 1.000
  waterbird_complete50 = 0, forest2water2 = 1  [n = 466]:	loss = 0.012  exp loss = 0.011  adjusted loss = 0.011  adv prob = 0.250000   acc = 0.996
  waterbird_complete50 = 1, forest2water2 = 0  [n = 134]:	loss = 2.539  exp loss = 2.911  adjusted loss = 2.911  adv prob = 0.250000   acc = 0.634
  waterbird_complete50 = 1, forest2water2 = 1  [n = 134]:	loss = 2.221  exp loss = 2.234  adjusted loss = 2.234  adv prob = 0.250000   acc = 0.590
Current lr: 0.000010
Current validation accuracy: 0.5895523428916931


Epoch [19]:
Training:
Average incurred loss: 0.093  
Average sample loss: 0.085  
Average acc: 0.960  
  waterbird_complete50 = 0, forest2water2 = 0  [n = 60]:	loss = 0.000  exp loss = 0.000  adjusted loss = 0.000  adv prob = 0.250000   acc = 1.000
  waterbird_complete50 = 0, forest2water2 = 1  [n = 59]:	loss = 0.000  exp loss = 0.000  adjusted loss = 0.000  adv prob = 0.250000   acc = 1.000
  waterbird_complete50 = 1, forest2water2 = 0  [n = 55]:	loss = 0.148  exp loss = 0.189  adjusted loss = 0.189  adv prob = 0.250000   acc = 0.909
  waterbird_complete50 = 1, forest2water2 = 1  [n = 51]:	loss = 0.251  exp loss = 0.162  adjusted loss = 0.162  adv prob = 0.250000   acc = 0.922

Validation:
Average incurred loss: 0.519  
Average sample loss: 0.512  
Average acc: 0.915  
  waterbird_complete50 = 0, forest2water2 = 0  [n = 465]:	loss = 0.000  exp loss = 0.000  adjusted loss = 0.000  adv prob = 0.250000   acc = 1.000
  waterbird_complete50 = 0, forest2water2 = 1  [n = 466]:	loss = 0.013  exp loss = 0.012  adjusted loss = 0.012  adv prob = 0.250000   acc = 0.996
  waterbird_complete50 = 1, forest2water2 = 0  [n = 134]:	loss = 2.465  exp loss = 2.823  adjusted loss = 2.823  adv prob = 0.250000   acc = 0.642
  waterbird_complete50 = 1, forest2water2 = 1  [n = 134]:	loss = 2.135  exp loss = 2.157  adjusted loss = 2.157  adv prob = 0.250000   acc = 0.612
Current lr: 0.000010
Current validation accuracy: 0.611940324306488


Epoch [20]:
Training:
Average incurred loss: 0.225  
Average sample loss: 0.325  
Average acc: 0.916  
  waterbird_complete50 = 0, forest2water2 = 0  [n = 55]:	loss = 0.000  exp loss = 0.000  adjusted loss = 0.000  adv prob = 0.250000   acc = 1.000
  waterbird_complete50 = 0, forest2water2 = 1  [n = 51]:	loss = 0.000  exp loss = 0.000  adjusted loss = 0.000  adv prob = 0.250000   acc = 1.000
  waterbird_complete50 = 1, forest2water2 = 0  [n = 54]:	loss = 0.464  exp loss = 0.408  adjusted loss = 0.408  adv prob = 0.250000   acc = 0.833
  waterbird_complete50 = 1, forest2water2 = 1  [n = 65]:	loss = 0.395  exp loss = 0.258  adjusted loss = 0.258  adv prob = 0.250000   acc = 0.846

Validation:
Average incurred loss: 0.566  
Average sample loss: 0.558  
Average acc: 0.912  
  waterbird_complete50 = 0, forest2water2 = 0  [n = 465]:	loss = 0.000  exp loss = 0.000  adjusted loss = 0.000  adv prob = 0.250000   acc = 1.000
  waterbird_complete50 = 0, forest2water2 = 1  [n = 466]:	loss = 0.011  exp loss = 0.009  adjusted loss = 0.009  adv prob = 0.250000   acc = 0.998
  waterbird_complete50 = 1, forest2water2 = 0  [n = 134]:	loss = 2.670  exp loss = 3.068  adjusted loss = 3.068  adv prob = 0.250000   acc = 0.627
  waterbird_complete50 = 1, forest2water2 = 1  [n = 134]:	loss = 2.360  exp loss = 2.369  adjusted loss = 2.369  adv prob = 0.250000   acc = 0.590
Current lr: 0.000010
Current validation accuracy: 0.5895522832870483


Epoch [21]:
Training:
Average incurred loss: 0.074  
Average sample loss: 0.071  
Average acc: 0.969  
  waterbird_complete50 = 0, forest2water2 = 0  [n = 64]:	loss = 0.000  exp loss = 0.000  adjusted loss = 0.000  adv prob = 0.250000   acc = 1.000
  waterbird_complete50 = 0, forest2water2 = 1  [n = 45]:	loss = 0.000  exp loss = 0.000  adjusted loss = 0.000  adv prob = 0.250000   acc = 1.000
  waterbird_complete50 = 1, forest2water2 = 0  [n = 64]:	loss = 0.168  exp loss = 0.318  adjusted loss = 0.318  adv prob = 0.250000   acc = 0.922
  waterbird_complete50 = 1, forest2water2 = 1  [n = 52]:	loss = 0.111  exp loss = 0.208  adjusted loss = 0.208  adv prob = 0.250000   acc = 0.962

Validation:
Average incurred loss: 0.570  
Average sample loss: 0.562  
Average acc: 0.910  
  waterbird_complete50 = 0, forest2water2 = 0  [n = 465]:	loss = 0.000  exp loss = 0.000  adjusted loss = 0.000  adv prob = 0.250000   acc = 1.000
  waterbird_complete50 = 0, forest2water2 = 1  [n = 466]:	loss = 0.011  exp loss = 0.010  adjusted loss = 0.010  adv prob = 0.250000   acc = 0.998
  waterbird_complete50 = 1, forest2water2 = 0  [n = 134]:	loss = 2.691  exp loss = 3.091  adjusted loss = 3.091  adv prob = 0.250000   acc = 0.619
  waterbird_complete50 = 1, forest2water2 = 1  [n = 134]:	loss = 2.367  exp loss = 2.374  adjusted loss = 2.374  adv prob = 0.250000   acc = 0.582
Current lr: 0.000010
Current validation accuracy: 0.5820895433425903


Epoch [22]:
Training:
Average incurred loss: 0.136  
Average sample loss: 0.224  
Average acc: 0.960  
  waterbird_complete50 = 0, forest2water2 = 0  [n = 61]:	loss = 0.000  exp loss = 0.000  adjusted loss = 0.000  adv prob = 0.250000   acc = 1.000
  waterbird_complete50 = 0, forest2water2 = 1  [n = 59]:	loss = 0.000  exp loss = 0.000  adjusted loss = 0.000  adv prob = 0.250000   acc = 1.000
  waterbird_complete50 = 1, forest2water2 = 0  [n = 51]:	loss = 0.275  exp loss = 0.346  adjusted loss = 0.346  adv prob = 0.250000   acc = 0.902
  waterbird_complete50 = 1, forest2water2 = 1  [n = 54]:	loss = 0.306  exp loss = 0.297  adjusted loss = 0.297  adv prob = 0.250000   acc = 0.926

Validation:
Average incurred loss: 0.552  
Average sample loss: 0.544  
Average acc: 0.912  
  waterbird_complete50 = 0, forest2water2 = 0  [n = 465]:	loss = 0.000  exp loss = 0.000  adjusted loss = 0.000  adv prob = 0.250000   acc = 1.000
  waterbird_complete50 = 0, forest2water2 = 1  [n = 466]:	loss = 0.011  exp loss = 0.010  adjusted loss = 0.010  adv prob = 0.250000   acc = 0.998
  waterbird_complete50 = 1, forest2water2 = 0  [n = 134]:	loss = 2.608  exp loss = 2.991  adjusted loss = 2.991  adv prob = 0.250000   acc = 0.627
  waterbird_complete50 = 1, forest2water2 = 1  [n = 134]:	loss = 2.289  exp loss = 2.302  adjusted loss = 2.302  adv prob = 0.250000   acc = 0.597
Current lr: 0.000010
Current validation accuracy: 0.5970149636268616


Epoch [23]:
Training:
Average incurred loss: 0.087  
Average sample loss: 0.078  
Average acc: 0.973  
  waterbird_complete50 = 0, forest2water2 = 0  [n = 48]:	loss = 0.000  exp loss = 0.000  adjusted loss = 0.000  adv prob = 0.250000   acc = 1.000
  waterbird_complete50 = 0, forest2water2 = 1  [n = 62]:	loss = 0.000  exp loss = 0.000  adjusted loss = 0.000  adv prob = 0.250000   acc = 1.000
  waterbird_complete50 = 1, forest2water2 = 0  [n = 58]:	loss = 0.125  exp loss = 0.263  adjusted loss = 0.263  adv prob = 0.250000   acc = 0.983
  waterbird_complete50 = 1, forest2water2 = 1  [n = 57]:	loss = 0.217  exp loss = 0.247  adjusted loss = 0.247  adv prob = 0.250000   acc = 0.912

Validation:
Average incurred loss: 0.543  
Average sample loss: 0.535  
Average acc: 0.912  
  waterbird_complete50 = 0, forest2water2 = 0  [n = 465]:	loss = 0.000  exp loss = 0.000  adjusted loss = 0.000  adv prob = 0.250000   acc = 1.000
  waterbird_complete50 = 0, forest2water2 = 1  [n = 466]:	loss = 0.012  exp loss = 0.011  adjusted loss = 0.011  adv prob = 0.250000   acc = 0.996
  waterbird_complete50 = 1, forest2water2 = 0  [n = 134]:	loss = 2.577  exp loss = 2.974  adjusted loss = 2.974  adv prob = 0.250000   acc = 0.627
  waterbird_complete50 = 1, forest2water2 = 1  [n = 134]:	loss = 2.237  exp loss = 2.255  adjusted loss = 2.255  adv prob = 0.250000   acc = 0.597
Current lr: 0.000010
Current validation accuracy: 0.5970149636268616


Epoch [24]:
Training:
Average incurred loss: 0.033  
Average sample loss: 0.030  
Average acc: 0.991  
  waterbird_complete50 = 0, forest2water2 = 0  [n = 64]:	loss = 0.000  exp loss = 0.000  adjusted loss = 0.000  adv prob = 0.250000   acc = 1.000
  waterbird_complete50 = 0, forest2water2 = 1  [n = 58]:	loss = 0.000  exp loss = 0.000  adjusted loss = 0.000  adv prob = 0.250000   acc = 1.000
  waterbird_complete50 = 1, forest2water2 = 0  [n = 52]:	loss = 0.102  exp loss = 0.198  adjusted loss = 0.198  adv prob = 0.250000   acc = 0.962
  waterbird_complete50 = 1, forest2water2 = 1  [n = 51]:	loss = 0.043  exp loss = 0.173  adjusted loss = 0.173  adv prob = 0.250000   acc = 1.000

Validation:
Average incurred loss: 0.495  
Average sample loss: 0.488  
Average acc: 0.917  
  waterbird_complete50 = 0, forest2water2 = 0  [n = 465]:	loss = 0.001  exp loss = 0.000  adjusted loss = 0.000  adv prob = 0.250000   acc = 1.000
  waterbird_complete50 = 0, forest2water2 = 1  [n = 466]:	loss = 0.014  exp loss = 0.013  adjusted loss = 0.013  adv prob = 0.250000   acc = 0.996
  waterbird_complete50 = 1, forest2water2 = 0  [n = 134]:	loss = 2.376  exp loss = 2.717  adjusted loss = 2.717  adv prob = 0.250000   acc = 0.642
  waterbird_complete50 = 1, forest2water2 = 1  [n = 134]:	loss = 2.002  exp loss = 2.019  adjusted loss = 2.019  adv prob = 0.250000   acc = 0.627
Current lr: 0.000010
Current validation accuracy: 0.6268656253814697


Epoch [25]:
Training:
Average incurred loss: 0.238  
Average sample loss: 0.287  
Average acc: 0.898  
  waterbird_complete50 = 0, forest2water2 = 0  [n = 55]:	loss = 0.000  exp loss = 0.000  adjusted loss = 0.000  adv prob = 0.250000   acc = 1.000
  waterbird_complete50 = 0, forest2water2 = 1  [n = 57]:	loss = 0.000  exp loss = 0.000  adjusted loss = 0.000  adv prob = 0.250000   acc = 1.000
  waterbird_complete50 = 1, forest2water2 = 0  [n = 57]:	loss = 0.404  exp loss = 0.260  adjusted loss = 0.260  adv prob = 0.250000   acc = 0.789
  waterbird_complete50 = 1, forest2water2 = 1  [n = 56]:	loss = 0.547  exp loss = 0.334  adjusted loss = 0.334  adv prob = 0.250000   acc = 0.804

Validation:
Average incurred loss: 0.521  
Average sample loss: 0.514  
Average acc: 0.915  
  waterbird_complete50 = 0, forest2water2 = 0  [n = 465]:	loss = 0.000  exp loss = 0.000  adjusted loss = 0.000  adv prob = 0.250000   acc = 1.000
  waterbird_complete50 = 0, forest2water2 = 1  [n = 466]:	loss = 0.012  exp loss = 0.011  adjusted loss = 0.011  adv prob = 0.250000   acc = 0.996
  waterbird_complete50 = 1, forest2water2 = 0  [n = 134]:	loss = 2.495  exp loss = 2.854  adjusted loss = 2.854  adv prob = 0.250000   acc = 0.627
  waterbird_complete50 = 1, forest2water2 = 1  [n = 134]:	loss = 2.124  exp loss = 2.137  adjusted loss = 2.137  adv prob = 0.250000   acc = 0.627
Current lr: 0.000010
Current validation accuracy: 0.6268656253814697


Epoch [26]:
Training:
Average incurred loss: 0.099  
Average sample loss: 0.089  
Average acc: 0.964  
  waterbird_complete50 = 0, forest2water2 = 0  [n = 49]:	loss = 0.000  exp loss = 0.000  adjusted loss = 0.000  adv prob = 0.250000   acc = 1.000
  waterbird_complete50 = 0, forest2water2 = 1  [n = 57]:	loss = 0.000  exp loss = 0.000  adjusted loss = 0.000  adv prob = 0.250000   acc = 1.000
  waterbird_complete50 = 1, forest2water2 = 0  [n = 53]:	loss = 0.288  exp loss = 0.248  adjusted loss = 0.248  adv prob = 0.250000   acc = 0.887
  waterbird_complete50 = 1, forest2water2 = 1  [n = 66]:	loss = 0.108  exp loss = 0.251  adjusted loss = 0.251  adv prob = 0.250000   acc = 0.970

Validation:
Average incurred loss: 0.545  
Average sample loss: 0.537  
Average acc: 0.911  
  waterbird_complete50 = 0, forest2water2 = 0  [n = 465]:	loss = 0.000  exp loss = 0.000  adjusted loss = 0.000  adv prob = 0.250000   acc = 1.000
  waterbird_complete50 = 0, forest2water2 = 1  [n = 466]:	loss = 0.011  exp loss = 0.010  adjusted loss = 0.010  adv prob = 0.250000   acc = 0.998
  waterbird_complete50 = 1, forest2water2 = 0  [n = 134]:	loss = 2.580  exp loss = 2.976  adjusted loss = 2.976  adv prob = 0.250000   acc = 0.619
  waterbird_complete50 = 1, forest2water2 = 1  [n = 134]:	loss = 2.253  exp loss = 2.266  adjusted loss = 2.266  adv prob = 0.250000   acc = 0.590
Current lr: 0.000010
Current validation accuracy: 0.5895522832870483


Epoch [27]:
Training:
Average incurred loss: 0.021  
Average sample loss: 0.020  
Average acc: 0.996  
  waterbird_complete50 = 0, forest2water2 = 0  [n = 67]:	loss = 0.000  exp loss = 0.000  adjusted loss = 0.000  adv prob = 0.250000   acc = 1.000
  waterbird_complete50 = 0, forest2water2 = 1  [n = 57]:	loss = 0.000  exp loss = 0.000  adjusted loss = 0.000  adv prob = 0.250000   acc = 1.000
  waterbird_complete50 = 1, forest2water2 = 0  [n = 58]:	loss = 0.041  exp loss = 0.176  adjusted loss = 0.176  adv prob = 0.250000   acc = 1.000
  waterbird_complete50 = 1, forest2water2 = 1  [n = 43]:	loss = 0.055  exp loss = 0.179  adjusted loss = 0.179  adv prob = 0.250000   acc = 0.977

Validation:
Average incurred loss: 0.500  
Average sample loss: 0.493  
Average acc: 0.916  
  waterbird_complete50 = 0, forest2water2 = 0  [n = 465]:	loss = 0.001  exp loss = 0.000  adjusted loss = 0.000  adv prob = 0.250000   acc = 1.000
  waterbird_complete50 = 0, forest2water2 = 1  [n = 466]:	loss = 0.014  exp loss = 0.012  adjusted loss = 0.012  adv prob = 0.250000   acc = 0.996
  waterbird_complete50 = 1, forest2water2 = 0  [n = 134]:	loss = 2.378  exp loss = 2.726  adjusted loss = 2.726  adv prob = 0.250000   acc = 0.634
  waterbird_complete50 = 1, forest2water2 = 1  [n = 134]:	loss = 2.047  exp loss = 2.063  adjusted loss = 2.063  adv prob = 0.250000   acc = 0.627
Current lr: 0.000010
Current validation accuracy: 0.6268656253814697


Epoch [28]:
Training:
Average incurred loss: 0.038  
Average sample loss: 0.035  
Average acc: 0.978  
  waterbird_complete50 = 0, forest2water2 = 0  [n = 59]:	loss = 0.000  exp loss = 0.000  adjusted loss = 0.000  adv prob = 0.250000   acc = 1.000
  waterbird_complete50 = 0, forest2water2 = 1  [n = 68]:	loss = 0.000  exp loss = 0.000  adjusted loss = 0.000  adv prob = 0.250000   acc = 1.000
  waterbird_complete50 = 1, forest2water2 = 0  [n = 52]:	loss = 0.132  exp loss = 0.148  adjusted loss = 0.148  adv prob = 0.250000   acc = 0.923
  waterbird_complete50 = 1, forest2water2 = 1  [n = 46]:	loss = 0.037  exp loss = 0.128  adjusted loss = 0.128  adv prob = 0.250000   acc = 0.978

Validation:
Average incurred loss: 0.476  
Average sample loss: 0.470  
Average acc: 0.917  
  waterbird_complete50 = 0, forest2water2 = 0  [n = 465]:	loss = 0.001  exp loss = 0.000  adjusted loss = 0.000  adv prob = 0.250000   acc = 1.000
  waterbird_complete50 = 0, forest2water2 = 1  [n = 466]:	loss = 0.015  exp loss = 0.013  adjusted loss = 0.013  adv prob = 0.250000   acc = 0.996
  waterbird_complete50 = 1, forest2water2 = 0  [n = 134]:	loss = 2.278  exp loss = 2.614  adjusted loss = 2.614  adv prob = 0.250000   acc = 0.649
  waterbird_complete50 = 1, forest2water2 = 1  [n = 134]:	loss = 1.933  exp loss = 1.956  adjusted loss = 1.956  adv prob = 0.250000   acc = 0.627
Current lr: 0.000010
Current validation accuracy: 0.6268656253814697


Epoch [29]:
Training:
Average incurred loss: 0.189  
Average sample loss: 0.243  
Average acc: 0.911  
  waterbird_complete50 = 0, forest2water2 = 0  [n = 50]:	loss = 0.000  exp loss = 0.000  adjusted loss = 0.000  adv prob = 0.250000   acc = 1.000
  waterbird_complete50 = 0, forest2water2 = 1  [n = 59]:	loss = 0.000  exp loss = 0.000  adjusted loss = 0.000  adv prob = 0.250000   acc = 1.000
  waterbird_complete50 = 1, forest2water2 = 0  [n = 57]:	loss = 0.405  exp loss = 0.249  adjusted loss = 0.249  adv prob = 0.250000   acc = 0.825
  waterbird_complete50 = 1, forest2water2 = 1  [n = 59]:	loss = 0.330  exp loss = 0.225  adjusted loss = 0.225  adv prob = 0.250000   acc = 0.831

Validation:
Average incurred loss: 0.510  
Average sample loss: 0.503  
Average acc: 0.916  
  waterbird_complete50 = 0, forest2water2 = 0  [n = 465]:	loss = 0.001  exp loss = 0.000  adjusted loss = 0.000  adv prob = 0.250000   acc = 1.000
  waterbird_complete50 = 0, forest2water2 = 1  [n = 466]:	loss = 0.014  exp loss = 0.012  adjusted loss = 0.012  adv prob = 0.250000   acc = 0.996
  waterbird_complete50 = 1, forest2water2 = 0  [n = 134]:	loss = 2.425  exp loss = 2.794  adjusted loss = 2.794  adv prob = 0.250000   acc = 0.634
  waterbird_complete50 = 1, forest2water2 = 1  [n = 134]:	loss = 2.086  exp loss = 2.109  adjusted loss = 2.109  adv prob = 0.250000   acc = 0.627
Current lr: 0.000010
Current validation accuracy: 0.6268656253814697


Epoch [30]:
Training:
Average incurred loss: 0.162  
Average sample loss: 0.201  
Average acc: 0.942  
  waterbird_complete50 = 0, forest2water2 = 0  [n = 51]:	loss = 0.000  exp loss = 0.000  adjusted loss = 0.000  adv prob = 0.250000   acc = 1.000
  waterbird_complete50 = 0, forest2water2 = 1  [n = 52]:	loss = 0.000  exp loss = 0.000  adjusted loss = 0.000  adv prob = 0.250000   acc = 1.000
  waterbird_complete50 = 1, forest2water2 = 0  [n = 61]:	loss = 0.220  exp loss = 0.276  adjusted loss = 0.276  adv prob = 0.250000   acc = 0.918
  waterbird_complete50 = 1, forest2water2 = 1  [n = 61]:	loss = 0.378  exp loss = 0.310  adjusted loss = 0.310  adv prob = 0.250000   acc = 0.869

Validation:
Average incurred loss: 0.566  
Average sample loss: 0.558  
Average acc: 0.910  
  waterbird_complete50 = 0, forest2water2 = 0  [n = 465]:	loss = 0.000  exp loss = 0.000  adjusted loss = 0.000  adv prob = 0.250000   acc = 1.000
  waterbird_complete50 = 0, forest2water2 = 1  [n = 466]:	loss = 0.010  exp loss = 0.009  adjusted loss = 0.009  adv prob = 0.250000   acc = 0.998
  waterbird_complete50 = 1, forest2water2 = 0  [n = 134]:	loss = 2.681  exp loss = 3.095  adjusted loss = 3.095  adv prob = 0.250000   acc = 0.612
  waterbird_complete50 = 1, forest2water2 = 1  [n = 134]:	loss = 2.350  exp loss = 2.356  adjusted loss = 2.356  adv prob = 0.250000   acc = 0.590
Current lr: 0.000010
Current validation accuracy: 0.5895522832870483


Epoch [31]:
Training:
Average incurred loss: 0.144  
Average sample loss: 0.129  
Average acc: 0.929  
  waterbird_complete50 = 0, forest2water2 = 0  [n = 53]:	loss = 0.000  exp loss = 0.000  adjusted loss = 0.000  adv prob = 0.250000   acc = 1.000
  waterbird_complete50 = 0, forest2water2 = 1  [n = 59]:	loss = 0.000  exp loss = 0.000  adjusted loss = 0.000  adv prob = 0.250000   acc = 1.000
  waterbird_complete50 = 1, forest2water2 = 0  [n = 66]:	loss = 0.317  exp loss = 0.266  adjusted loss = 0.266  adv prob = 0.250000   acc = 0.864
  waterbird_complete50 = 1, forest2water2 = 1  [n = 47]:	loss = 0.242  exp loss = 0.260  adjusted loss = 0.260  adv prob = 0.250000   acc = 0.851

Validation:
Average incurred loss: 0.544  
Average sample loss: 0.536  
Average acc: 0.913  
  waterbird_complete50 = 0, forest2water2 = 0  [n = 465]:	loss = 0.000  exp loss = 0.000  adjusted loss = 0.000  adv prob = 0.250000   acc = 1.000
  waterbird_complete50 = 0, forest2water2 = 1  [n = 466]:	loss = 0.012  exp loss = 0.010  adjusted loss = 0.010  adv prob = 0.250000   acc = 0.998
  waterbird_complete50 = 1, forest2water2 = 0  [n = 134]:	loss = 2.593  exp loss = 2.981  adjusted loss = 2.981  adv prob = 0.250000   acc = 0.627
  waterbird_complete50 = 1, forest2water2 = 1  [n = 134]:	loss = 2.232  exp loss = 2.235  adjusted loss = 2.235  adv prob = 0.250000   acc = 0.604
Current lr: 0.000010
Current validation accuracy: 0.6044776439666748


Epoch [32]:
Training:
Average incurred loss: 0.214  
Average sample loss: 0.323  
Average acc: 0.920  
  waterbird_complete50 = 0, forest2water2 = 0  [n = 44]:	loss = 0.000  exp loss = 0.000  adjusted loss = 0.000  adv prob = 0.250000   acc = 1.000
  waterbird_complete50 = 0, forest2water2 = 1  [n = 60]:	loss = 0.000  exp loss = 0.000  adjusted loss = 0.000  adv prob = 0.250000   acc = 1.000
  waterbird_complete50 = 1, forest2water2 = 0  [n = 67]:	loss = 0.333  exp loss = 0.312  adjusted loss = 0.312  adv prob = 0.250000   acc = 0.866
  waterbird_complete50 = 1, forest2water2 = 1  [n = 54]:	loss = 0.478  exp loss = 0.453  adjusted loss = 0.453  adv prob = 0.250000   acc = 0.833

Validation:
Average incurred loss: 0.576  
Average sample loss: 0.567  
Average acc: 0.911  
  waterbird_complete50 = 0, forest2water2 = 0  [n = 465]:	loss = 0.000  exp loss = 0.000  adjusted loss = 0.000  adv prob = 0.250000   acc = 1.000
  waterbird_complete50 = 0, forest2water2 = 1  [n = 466]:	loss = 0.010  exp loss = 0.009  adjusted loss = 0.009  adv prob = 0.250000   acc = 0.998
  waterbird_complete50 = 1, forest2water2 = 0  [n = 134]:	loss = 2.744  exp loss = 3.158  adjusted loss = 3.158  adv prob = 0.250000   acc = 0.612
  waterbird_complete50 = 1, forest2water2 = 1  [n = 134]:	loss = 2.369  exp loss = 2.372  adjusted loss = 2.372  adv prob = 0.250000   acc = 0.597
Current lr: 0.000010
Current validation accuracy: 0.5970149636268616


Epoch [33]:
Training:
Average incurred loss: 0.089  
Average sample loss: 0.081  
Average acc: 0.969  
  waterbird_complete50 = 0, forest2water2 = 0  [n = 55]:	loss = 0.000  exp loss = 0.000  adjusted loss = 0.000  adv prob = 0.250000   acc = 1.000
  waterbird_complete50 = 0, forest2water2 = 1  [n = 64]:	loss = 0.000  exp loss = 0.000  adjusted loss = 0.000  adv prob = 0.250000   acc = 1.000
  waterbird_complete50 = 1, forest2water2 = 0  [n = 54]:	loss = 0.167  exp loss = 0.262  adjusted loss = 0.262  adv prob = 0.250000   acc = 0.944
  waterbird_complete50 = 1, forest2water2 = 1  [n = 52]:	loss = 0.210  exp loss = 0.349  adjusted loss = 0.349  adv prob = 0.250000   acc = 0.923

Validation:
Average incurred loss: 0.547  
Average sample loss: 0.540  
Average acc: 0.912  
  waterbird_complete50 = 0, forest2water2 = 0  [n = 465]:	loss = 0.000  exp loss = 0.000  adjusted loss = 0.000  adv prob = 0.250000   acc = 1.000
  waterbird_complete50 = 0, forest2water2 = 1  [n = 466]:	loss = 0.012  exp loss = 0.011  adjusted loss = 0.011  adv prob = 0.250000   acc = 0.996
  waterbird_complete50 = 1, forest2water2 = 0  [n = 134]:	loss = 2.618  exp loss = 3.027  adjusted loss = 3.027  adv prob = 0.250000   acc = 0.619
  waterbird_complete50 = 1, forest2water2 = 1  [n = 134]:	loss = 2.237  exp loss = 2.248  adjusted loss = 2.248  adv prob = 0.250000   acc = 0.604
Current lr: 0.000010
Current validation accuracy: 0.6044776439666748


Epoch [34]:
Training:
Average incurred loss: 0.184  
Average sample loss: 0.163  
Average acc: 0.920  
  waterbird_complete50 = 0, forest2water2 = 0  [n = 47]:	loss = 0.000  exp loss = 0.000  adjusted loss = 0.000  adv prob = 0.250000   acc = 1.000
  waterbird_complete50 = 0, forest2water2 = 1  [n = 56]:	loss = 0.000  exp loss = 0.000  adjusted loss = 0.000  adv prob = 0.250000   acc = 1.000
  waterbird_complete50 = 1, forest2water2 = 0  [n = 51]:	loss = 0.348  exp loss = 0.272  adjusted loss = 0.272  adv prob = 0.250000   acc = 0.882
  waterbird_complete50 = 1, forest2water2 = 1  [n = 71]:	loss = 0.333  exp loss = 0.315  adjusted loss = 0.315  adv prob = 0.250000   acc = 0.831

Validation:
Average incurred loss: 0.556  
Average sample loss: 0.548  
Average acc: 0.911  
  waterbird_complete50 = 0, forest2water2 = 0  [n = 465]:	loss = 0.000  exp loss = 0.000  adjusted loss = 0.000  adv prob = 0.250000   acc = 1.000
  waterbird_complete50 = 0, forest2water2 = 1  [n = 466]:	loss = 0.011  exp loss = 0.010  adjusted loss = 0.010  adv prob = 0.250000   acc = 0.996
  waterbird_complete50 = 1, forest2water2 = 0  [n = 134]:	loss = 2.640  exp loss = 3.065  adjusted loss = 3.065  adv prob = 0.250000   acc = 0.619
  waterbird_complete50 = 1, forest2water2 = 1  [n = 134]:	loss = 2.292  exp loss = 2.306  adjusted loss = 2.306  adv prob = 0.250000   acc = 0.597
Current lr: 0.000010
Current validation accuracy: 0.5970149636268616


Epoch [35]:
Training:
Average incurred loss: 0.126  
Average sample loss: 0.158  
Average acc: 0.951  
  waterbird_complete50 = 0, forest2water2 = 0  [n = 52]:	loss = 0.000  exp loss = 0.000  adjusted loss = 0.000  adv prob = 0.250000   acc = 1.000
  waterbird_complete50 = 0, forest2water2 = 1  [n = 54]:	loss = 0.000  exp loss = 0.000  adjusted loss = 0.000  adv prob = 0.250000   acc = 1.000
  waterbird_complete50 = 1, forest2water2 = 0  [n = 60]:	loss = 0.203  exp loss = 0.260  adjusted loss = 0.260  adv prob = 0.250000   acc = 0.917
  waterbird_complete50 = 1, forest2water2 = 1  [n = 59]:	loss = 0.273  exp loss = 0.320  adjusted loss = 0.320  adv prob = 0.250000   acc = 0.898

Validation:
Average incurred loss: 0.578  
Average sample loss: 0.570  
Average acc: 0.910  
  waterbird_complete50 = 0, forest2water2 = 0  [n = 465]:	loss = 0.000  exp loss = 0.000  adjusted loss = 0.000  adv prob = 0.250000   acc = 1.000
  waterbird_complete50 = 0, forest2water2 = 1  [n = 466]:	loss = 0.010  exp loss = 0.009  adjusted loss = 0.009  adv prob = 0.250000   acc = 0.996
  waterbird_complete50 = 1, forest2water2 = 0  [n = 134]:	loss = 2.726  exp loss = 3.151  adjusted loss = 3.151  adv prob = 0.250000   acc = 0.619
  waterbird_complete50 = 1, forest2water2 = 1  [n = 134]:	loss = 2.414  exp loss = 2.416  adjusted loss = 2.416  adv prob = 0.250000   acc = 0.590
Current lr: 0.000010
Current validation accuracy: 0.5895522832870483


Epoch [36]:
Training:
Average incurred loss: 0.108  
Average sample loss: 0.095  
Average acc: 0.951  
  waterbird_complete50 = 0, forest2water2 = 0  [n = 55]:	loss = 0.000  exp loss = 0.000  adjusted loss = 0.000  adv prob = 0.250000   acc = 1.000
  waterbird_complete50 = 0, forest2water2 = 1  [n = 52]:	loss = 0.000  exp loss = 0.000  adjusted loss = 0.000  adv prob = 0.250000   acc = 1.000
  waterbird_complete50 = 1, forest2water2 = 0  [n = 65]:	loss = 0.196  exp loss = 0.228  adjusted loss = 0.228  adv prob = 0.250000   acc = 0.923
  waterbird_complete50 = 1, forest2water2 = 1  [n = 53]:	loss = 0.220  exp loss = 0.258  adjusted loss = 0.258  adv prob = 0.250000   acc = 0.887

Validation:
Average incurred loss: 0.565  
Average sample loss: 0.557  
Average acc: 0.909  
  waterbird_complete50 = 0, forest2water2 = 0  [n = 465]:	loss = 0.000  exp loss = 0.000  adjusted loss = 0.000  adv prob = 0.250000   acc = 1.000
  waterbird_complete50 = 0, forest2water2 = 1  [n = 466]:	loss = 0.011  exp loss = 0.010  adjusted loss = 0.010  adv prob = 0.250000   acc = 0.996
  waterbird_complete50 = 1, forest2water2 = 0  [n = 134]:	loss = 2.672  exp loss = 3.080  adjusted loss = 3.080  adv prob = 0.250000   acc = 0.612
  waterbird_complete50 = 1, forest2water2 = 1  [n = 134]:	loss = 2.346  exp loss = 2.361  adjusted loss = 2.361  adv prob = 0.250000   acc = 0.590
Current lr: 0.000010
Current validation accuracy: 0.5895522832870483


Epoch [37]:
Training:
Average incurred loss: 0.023  
Average sample loss: 0.029  
Average acc: 0.996  
  waterbird_complete50 = 0, forest2water2 = 0  [n = 60]:	loss = 0.000  exp loss = 0.000  adjusted loss = 0.000  adv prob = 0.250000   acc = 1.000
  waterbird_complete50 = 0, forest2water2 = 1  [n = 60]:	loss = 0.000  exp loss = 0.000  adjusted loss = 0.000  adv prob = 0.250000   acc = 1.000
  waterbird_complete50 = 1, forest2water2 = 0  [n = 58]:	loss = 0.031  exp loss = 0.159  adjusted loss = 0.159  adv prob = 0.250000   acc = 1.000
  waterbird_complete50 = 1, forest2water2 = 1  [n = 47]:	loss = 0.074  exp loss = 0.219  adjusted loss = 0.219  adv prob = 0.250000   acc = 0.979

Validation:
Average incurred loss: 0.521  
Average sample loss: 0.514  
Average acc: 0.913  
  waterbird_complete50 = 0, forest2water2 = 0  [n = 465]:	loss = 0.000  exp loss = 0.000  adjusted loss = 0.000  adv prob = 0.250000   acc = 1.000
  waterbird_complete50 = 0, forest2water2 = 1  [n = 466]:	loss = 0.012  exp loss = 0.011  adjusted loss = 0.011  adv prob = 0.250000   acc = 0.996
  waterbird_complete50 = 1, forest2water2 = 0  [n = 134]:	loss = 2.495  exp loss = 2.861  adjusted loss = 2.861  adv prob = 0.250000   acc = 0.627
  waterbird_complete50 = 1, forest2water2 = 1  [n = 134]:	loss = 2.126  exp loss = 2.144  adjusted loss = 2.144  adv prob = 0.250000   acc = 0.612
Current lr: 0.000010
Current validation accuracy: 0.611940324306488


Epoch [38]:
Training:
Average incurred loss: 0.203  
Average sample loss: 0.321  
Average acc: 0.951  
  waterbird_complete50 = 0, forest2water2 = 0  [n = 62]:	loss = 0.000  exp loss = 0.000  adjusted loss = 0.000  adv prob = 0.250000   acc = 1.000
  waterbird_complete50 = 0, forest2water2 = 1  [n = 46]:	loss = 0.000  exp loss = 0.000  adjusted loss = 0.000  adv prob = 0.250000   acc = 1.000
  waterbird_complete50 = 1, forest2water2 = 0  [n = 45]:	loss = 0.315  exp loss = 0.299  adjusted loss = 0.299  adv prob = 0.250000   acc = 0.933
  waterbird_complete50 = 1, forest2water2 = 1  [n = 72]:	loss = 0.438  exp loss = 0.337  adjusted loss = 0.337  adv prob = 0.250000   acc = 0.889

Validation:
Average incurred loss: 0.553  
Average sample loss: 0.545  
Average acc: 0.911  
  waterbird_complete50 = 0, forest2water2 = 0  [n = 465]:	loss = 0.000  exp loss = 0.000  adjusted loss = 0.000  adv prob = 0.250000   acc = 1.000
  waterbird_complete50 = 0, forest2water2 = 1  [n = 466]:	loss = 0.010  exp loss = 0.009  adjusted loss = 0.009  adv prob = 0.250000   acc = 0.998
  waterbird_complete50 = 1, forest2water2 = 0  [n = 134]:	loss = 2.618  exp loss = 3.018  adjusted loss = 3.018  adv prob = 0.250000   acc = 0.627
  waterbird_complete50 = 1, forest2water2 = 1  [n = 134]:	loss = 2.295  exp loss = 2.299  adjusted loss = 2.299  adv prob = 0.250000   acc = 0.582
Current lr: 0.000010
Current validation accuracy: 0.5820895433425903


Epoch [39]:
Training:
Average incurred loss: 0.057  
Average sample loss: 0.050  
Average acc: 0.973  
  waterbird_complete50 = 0, forest2water2 = 0  [n = 47]:	loss = 0.000  exp loss = 0.000  adjusted loss = 0.000  adv prob = 0.250000   acc = 1.000
  waterbird_complete50 = 0, forest2water2 = 1  [n = 68]:	loss = 0.000  exp loss = 0.000  adjusted loss = 0.000  adv prob = 0.250000   acc = 1.000
  waterbird_complete50 = 1, forest2water2 = 0  [n = 52]:	loss = 0.142  exp loss = 0.239  adjusted loss = 0.239  adv prob = 0.250000   acc = 0.923
  waterbird_complete50 = 1, forest2water2 = 1  [n = 58]:	loss = 0.093  exp loss = 0.245  adjusted loss = 0.245  adv prob = 0.250000   acc = 0.966

Validation:
Average incurred loss: 0.515  
Average sample loss: 0.507  
Average acc: 0.915  
  waterbird_complete50 = 0, forest2water2 = 0  [n = 465]:	loss = 0.000  exp loss = 0.000  adjusted loss = 0.000  adv prob = 0.250000   acc = 1.000
  waterbird_complete50 = 0, forest2water2 = 1  [n = 466]:	loss = 0.012  exp loss = 0.011  adjusted loss = 0.011  adv prob = 0.250000   acc = 0.996
  waterbird_complete50 = 1, forest2water2 = 0  [n = 134]:	loss = 2.455  exp loss = 2.846  adjusted loss = 2.846  adv prob = 0.250000   acc = 0.634
  waterbird_complete50 = 1, forest2water2 = 1  [n = 134]:	loss = 2.106  exp loss = 2.118  adjusted loss = 2.118  adv prob = 0.250000   acc = 0.619
Current lr: 0.000010
Current validation accuracy: 0.6194030046463013


Epoch [40]:
Training:
Average incurred loss: 0.020  
Average sample loss: 0.022  
Average acc: 0.996  
  waterbird_complete50 = 0, forest2water2 = 0  [n = 59]:	loss = 0.000  exp loss = 0.000  adjusted loss = 0.000  adv prob = 0.250000   acc = 1.000
  waterbird_complete50 = 0, forest2water2 = 1  [n = 63]:	loss = 0.000  exp loss = 0.000  adjusted loss = 0.000  adv prob = 0.250000   acc = 1.000
  waterbird_complete50 = 1, forest2water2 = 0  [n = 51]:	loss = 0.037  exp loss = 0.169  adjusted loss = 0.169  adv prob = 0.250000   acc = 1.000
  waterbird_complete50 = 1, forest2water2 = 1  [n = 52]:	loss = 0.049  exp loss = 0.183  adjusted loss = 0.183  adv prob = 0.250000   acc = 0.981

Validation:
Average incurred loss: 0.483  
Average sample loss: 0.476  
Average acc: 0.918  
  waterbird_complete50 = 0, forest2water2 = 0  [n = 465]:	loss = 0.001  exp loss = 0.000  adjusted loss = 0.000  adv prob = 0.250000   acc = 1.000
  waterbird_complete50 = 0, forest2water2 = 1  [n = 466]:	loss = 0.014  exp loss = 0.013  adjusted loss = 0.013  adv prob = 0.250000   acc = 0.996
  waterbird_complete50 = 1, forest2water2 = 0  [n = 134]:	loss = 2.314  exp loss = 2.678  adjusted loss = 2.678  adv prob = 0.250000   acc = 0.642
  waterbird_complete50 = 1, forest2water2 = 1  [n = 134]:	loss = 1.954  exp loss = 1.968  adjusted loss = 1.968  adv prob = 0.250000   acc = 0.642
Current lr: 0.000010
Current validation accuracy: 0.6417911052703857


Epoch [41]:
Training:
Average incurred loss: 0.142  
Average sample loss: 0.126  
Average acc: 0.942  
  waterbird_complete50 = 0, forest2water2 = 0  [n = 62]:	loss = 0.000  exp loss = 0.000  adjusted loss = 0.000  adv prob = 0.250000   acc = 1.000
  waterbird_complete50 = 0, forest2water2 = 1  [n = 55]:	loss = 0.000  exp loss = 0.000  adjusted loss = 0.000  adv prob = 0.250000   acc = 1.000
  waterbird_complete50 = 1, forest2water2 = 0  [n = 51]:	loss = 0.353  exp loss = 0.194  adjusted loss = 0.194  adv prob = 0.250000   acc = 0.824
  waterbird_complete50 = 1, forest2water2 = 1  [n = 57]:	loss = 0.243  exp loss = 0.171  adjusted loss = 0.171  adv prob = 0.250000   acc = 0.930

Validation:
Average incurred loss: 0.481  
Average sample loss: 0.474  
Average acc: 0.917  
  waterbird_complete50 = 0, forest2water2 = 0  [n = 465]:	loss = 0.001  exp loss = 0.000  adjusted loss = 0.000  adv prob = 0.250000   acc = 1.000
  waterbird_complete50 = 0, forest2water2 = 1  [n = 466]:	loss = 0.014  exp loss = 0.013  adjusted loss = 0.013  adv prob = 0.250000   acc = 0.996
  waterbird_complete50 = 1, forest2water2 = 0  [n = 134]:	loss = 2.311  exp loss = 2.657  adjusted loss = 2.657  adv prob = 0.250000   acc = 0.642
  waterbird_complete50 = 1, forest2water2 = 1  [n = 134]:	loss = 1.943  exp loss = 1.951  adjusted loss = 1.951  adv prob = 0.250000   acc = 0.634
Current lr: 0.000010
Current validation accuracy: 0.634328305721283


Epoch [42]:
Training:
Average incurred loss: 0.164  
Average sample loss: 0.176  
Average acc: 0.916  
  waterbird_complete50 = 0, forest2water2 = 0  [n = 58]:	loss = 0.000  exp loss = 0.000  adjusted loss = 0.000  adv prob = 0.250000   acc = 1.000
  waterbird_complete50 = 0, forest2water2 = 1  [n = 51]:	loss = 0.000  exp loss = 0.000  adjusted loss = 0.000  adv prob = 0.250000   acc = 1.000
  waterbird_complete50 = 1, forest2water2 = 0  [n = 64]:	loss = 0.325  exp loss = 0.250  adjusted loss = 0.250  adv prob = 0.250000   acc = 0.828
  waterbird_complete50 = 1, forest2water2 = 1  [n = 52]:	loss = 0.311  exp loss = 0.222  adjusted loss = 0.222  adv prob = 0.250000   acc = 0.846

Validation:
Average incurred loss: 0.522  
Average sample loss: 0.514  
Average acc: 0.912  
  waterbird_complete50 = 0, forest2water2 = 0  [n = 465]:	loss = 0.001  exp loss = 0.000  adjusted loss = 0.000  adv prob = 0.250000   acc = 1.000
  waterbird_complete50 = 0, forest2water2 = 1  [n = 466]:	loss = 0.012  exp loss = 0.010  adjusted loss = 0.010  adv prob = 0.250000   acc = 0.998
  waterbird_complete50 = 1, forest2water2 = 0  [n = 134]:	loss = 2.480  exp loss = 2.843  adjusted loss = 2.843  adv prob = 0.250000   acc = 0.627
  waterbird_complete50 = 1, forest2water2 = 1  [n = 134]:	loss = 2.143  exp loss = 2.150  adjusted loss = 2.150  adv prob = 0.250000   acc = 0.597
Current lr: 0.000010
Current validation accuracy: 0.5970149636268616


Epoch [43]:
Training:
Average incurred loss: 0.085  
Average sample loss: 0.124  
Average acc: 0.973  
  waterbird_complete50 = 0, forest2water2 = 0  [n = 52]:	loss = 0.000  exp loss = 0.000  adjusted loss = 0.000  adv prob = 0.250000   acc = 1.000
  waterbird_complete50 = 0, forest2water2 = 1  [n = 55]:	loss = 0.000  exp loss = 0.000  adjusted loss = 0.000  adv prob = 0.250000   acc = 1.000
  waterbird_complete50 = 1, forest2water2 = 0  [n = 49]:	loss = 0.217  exp loss = 0.285  adjusted loss = 0.285  adv prob = 0.250000   acc = 0.918
  waterbird_complete50 = 1, forest2water2 = 1  [n = 69]:	loss = 0.124  exp loss = 0.198  adjusted loss = 0.198  adv prob = 0.250000   acc = 0.971

Validation:
Average incurred loss: 0.533  
Average sample loss: 0.525  
Average acc: 0.912  
  waterbird_complete50 = 0, forest2water2 = 0  [n = 465]:	loss = 0.000  exp loss = 0.000  adjusted loss = 0.000  adv prob = 0.250000   acc = 1.000
  waterbird_complete50 = 0, forest2water2 = 1  [n = 466]:	loss = 0.012  exp loss = 0.010  adjusted loss = 0.010  adv prob = 0.250000   acc = 0.998
  waterbird_complete50 = 1, forest2water2 = 0  [n = 134]:	loss = 2.517  exp loss = 2.903  adjusted loss = 2.903  adv prob = 0.250000   acc = 0.627
  waterbird_complete50 = 1, forest2water2 = 1  [n = 134]:	loss = 2.208  exp loss = 2.211  adjusted loss = 2.211  adv prob = 0.250000   acc = 0.597
Current lr: 0.000010
Current validation accuracy: 0.5970149636268616


Epoch [44]:
Training:
Average incurred loss: 0.083  
Average sample loss: 0.074  
Average acc: 0.973  
  waterbird_complete50 = 0, forest2water2 = 0  [n = 57]:	loss = 0.000  exp loss = 0.000  adjusted loss = 0.000  adv prob = 0.250000   acc = 1.000
  waterbird_complete50 = 0, forest2water2 = 1  [n = 57]:	loss = 0.000  exp loss = 0.000  adjusted loss = 0.000  adv prob = 0.250000   acc = 1.000
  waterbird_complete50 = 1, forest2water2 = 0  [n = 51]:	loss = 0.171  exp loss = 0.236  adjusted loss = 0.236  adv prob = 0.250000   acc = 0.941
  waterbird_complete50 = 1, forest2water2 = 1  [n = 60]:	loss = 0.167  exp loss = 0.173  adjusted loss = 0.173  adv prob = 0.250000   acc = 0.950

Validation:
Average incurred loss: 0.510  
Average sample loss: 0.503  
Average acc: 0.915  
  waterbird_complete50 = 0, forest2water2 = 0  [n = 465]:	loss = 0.001  exp loss = 0.000  adjusted loss = 0.000  adv prob = 0.250000   acc = 1.000
  waterbird_complete50 = 0, forest2water2 = 1  [n = 466]:	loss = 0.013  exp loss = 0.011  adjusted loss = 0.011  adv prob = 0.250000   acc = 0.996
  waterbird_complete50 = 1, forest2water2 = 0  [n = 134]:	loss = 2.418  exp loss = 2.776  adjusted loss = 2.776  adv prob = 0.250000   acc = 0.634
  waterbird_complete50 = 1, forest2water2 = 1  [n = 134]:	loss = 2.098  exp loss = 2.105  adjusted loss = 2.105  adv prob = 0.250000   acc = 0.619
Current lr: 0.000010
Current validation accuracy: 0.6194030046463013


Epoch [45]:
Training:
Average incurred loss: 0.035  
Average sample loss: 0.032  
Average acc: 0.996  
  waterbird_complete50 = 0, forest2water2 = 0  [n = 56]:	loss = 0.000  exp loss = 0.000  adjusted loss = 0.000  adv prob = 0.250000   acc = 1.000
  waterbird_complete50 = 0, forest2water2 = 1  [n = 57]:	loss = 0.000  exp loss = 0.000  adjusted loss = 0.000  adv prob = 0.250000   acc = 1.000
  waterbird_complete50 = 1, forest2water2 = 0  [n = 56]:	loss = 0.067  exp loss = 0.173  adjusted loss = 0.173  adv prob = 0.250000   acc = 1.000
  waterbird_complete50 = 1, forest2water2 = 1  [n = 56]:	loss = 0.074  exp loss = 0.136  adjusted loss = 0.136  adv prob = 0.250000   acc = 0.982

Validation:
Average incurred loss: 0.493  
Average sample loss: 0.486  
Average acc: 0.918  
  waterbird_complete50 = 0, forest2water2 = 0  [n = 465]:	loss = 0.001  exp loss = 0.000  adjusted loss = 0.000  adv prob = 0.250000   acc = 1.000
  waterbird_complete50 = 0, forest2water2 = 1  [n = 466]:	loss = 0.013  exp loss = 0.012  adjusted loss = 0.012  adv prob = 0.250000   acc = 0.996
  waterbird_complete50 = 1, forest2water2 = 0  [n = 134]:	loss = 2.348  exp loss = 2.680  adjusted loss = 2.680  adv prob = 0.250000   acc = 0.649
  waterbird_complete50 = 1, forest2water2 = 1  [n = 134]:	loss = 2.017  exp loss = 2.029  adjusted loss = 2.029  adv prob = 0.250000   acc = 0.634
Current lr: 0.000010
Current validation accuracy: 0.634328305721283


Epoch [46]:
Training:
Average incurred loss: 0.067  
Average sample loss: 0.059  
Average acc: 0.982  
  waterbird_complete50 = 0, forest2water2 = 0  [n = 57]:	loss = 0.000  exp loss = 0.000  adjusted loss = 0.000  adv prob = 0.250000   acc = 1.000
  waterbird_complete50 = 0, forest2water2 = 1  [n = 60]:	loss = 0.000  exp loss = 0.000  adjusted loss = 0.000  adv prob = 0.250000   acc = 1.000
  waterbird_complete50 = 1, forest2water2 = 0  [n = 61]:	loss = 0.147  exp loss = 0.152  adjusted loss = 0.152  adv prob = 0.250000   acc = 0.951
  waterbird_complete50 = 1, forest2water2 = 1  [n = 47]:	loss = 0.129  exp loss = 0.117  adjusted loss = 0.117  adv prob = 0.250000   acc = 0.979

Validation:
Average incurred loss: 0.474  
Average sample loss: 0.467  
Average acc: 0.918  
  waterbird_complete50 = 0, forest2water2 = 0  [n = 465]:	loss = 0.001  exp loss = 0.000  adjusted loss = 0.000  adv prob = 0.250000   acc = 1.000
  waterbird_complete50 = 0, forest2water2 = 1  [n = 466]:	loss = 0.015  exp loss = 0.014  adjusted loss = 0.014  adv prob = 0.250000   acc = 0.994
  waterbird_complete50 = 1, forest2water2 = 0  [n = 134]:	loss = 2.266  exp loss = 2.581  adjusted loss = 2.581  adv prob = 0.250000   acc = 0.649
  waterbird_complete50 = 1, forest2water2 = 1  [n = 134]:	loss = 1.916  exp loss = 1.932  adjusted loss = 1.932  adv prob = 0.250000   acc = 0.642
Current lr: 0.000010
Current validation accuracy: 0.6417909860610962


Epoch [47]:
Training:
Average incurred loss: 0.020  
Average sample loss: 0.018  
Average acc: 0.991  
  waterbird_complete50 = 0, forest2water2 = 0  [n = 55]:	loss = 0.000  exp loss = 0.000  adjusted loss = 0.000  adv prob = 0.250000   acc = 1.000
  waterbird_complete50 = 0, forest2water2 = 1  [n = 69]:	loss = 0.000  exp loss = 0.000  adjusted loss = 0.000  adv prob = 0.250000   acc = 1.000
  waterbird_complete50 = 1, forest2water2 = 0  [n = 50]:	loss = 0.030  exp loss = 0.107  adjusted loss = 0.107  adv prob = 0.250000   acc = 1.000
  waterbird_complete50 = 1, forest2water2 = 1  [n = 51]:	loss = 0.060  exp loss = 0.097  adjusted loss = 0.097  adv prob = 0.250000   acc = 0.961

Validation:
Average incurred loss: 0.438  
Average sample loss: 0.432  
Average acc: 0.922  
  waterbird_complete50 = 0, forest2water2 = 0  [n = 465]:	loss = 0.001  exp loss = 0.001  adjusted loss = 0.001  adv prob = 0.250000   acc = 1.000
  waterbird_complete50 = 0, forest2water2 = 1  [n = 466]:	loss = 0.018  exp loss = 0.017  adjusted loss = 0.017  adv prob = 0.250000   acc = 0.994
  waterbird_complete50 = 1, forest2water2 = 0  [n = 134]:	loss = 2.112  exp loss = 2.415  adjusted loss = 2.415  adv prob = 0.250000   acc = 0.657
  waterbird_complete50 = 1, forest2water2 = 1  [n = 134]:	loss = 1.740  exp loss = 1.767  adjusted loss = 1.767  adv prob = 0.250000   acc = 0.672
Current lr: 0.000010
Current validation accuracy: 0.6567164659500122


Epoch [48]:
Training:
Average incurred loss: 0.010  
Average sample loss: 0.009  
Average acc: 1.000  
  waterbird_complete50 = 0, forest2water2 = 0  [n = 75]:	loss = 0.000  exp loss = 0.000  adjusted loss = 0.000  adv prob = 0.250000   acc = 1.000
  waterbird_complete50 = 0, forest2water2 = 1  [n = 52]:	loss = 0.000  exp loss = 0.000  adjusted loss = 0.000  adv prob = 0.250000   acc = 1.000
  waterbird_complete50 = 1, forest2water2 = 0  [n = 51]:	loss = 0.025  exp loss = 0.076  adjusted loss = 0.076  adv prob = 0.250000   acc = 1.000
  waterbird_complete50 = 1, forest2water2 = 1  [n = 47]:	loss = 0.021  exp loss = 0.070  adjusted loss = 0.070  adv prob = 0.250000   acc = 1.000

Validation:
Average incurred loss: 0.393  
Average sample loss: 0.388  
Average acc: 0.927  
  waterbird_complete50 = 0, forest2water2 = 0  [n = 465]:	loss = 0.003  exp loss = 0.001  adjusted loss = 0.001  adv prob = 0.250000   acc = 0.998
  waterbird_complete50 = 0, forest2water2 = 1  [n = 466]:	loss = 0.023  exp loss = 0.021  adjusted loss = 0.021  adv prob = 0.250000   acc = 0.994
  waterbird_complete50 = 1, forest2water2 = 0  [n = 134]:	loss = 1.904  exp loss = 2.144  adjusted loss = 2.144  adv prob = 0.250000   acc = 0.679
  waterbird_complete50 = 1, forest2water2 = 1  [n = 134]:	loss = 1.527  exp loss = 1.562  adjusted loss = 1.562  adv prob = 0.250000   acc = 0.701
Current lr: 0.000010
Current validation accuracy: 0.6791044473648071


Epoch [49]:
Training:
Average incurred loss: 0.010  
Average sample loss: 0.010  
Average acc: 1.000  
  waterbird_complete50 = 0, forest2water2 = 0  [n = 55]:	loss = 0.000  exp loss = 0.000  adjusted loss = 0.000  adv prob = 0.250000   acc = 1.000
  waterbird_complete50 = 0, forest2water2 = 1  [n = 65]:	loss = 0.000  exp loss = 0.000  adjusted loss = 0.000  adv prob = 0.250000   acc = 1.000
  waterbird_complete50 = 1, forest2water2 = 0  [n = 57]:	loss = 0.026  exp loss = 0.059  adjusted loss = 0.059  adv prob = 0.250000   acc = 1.000
  waterbird_complete50 = 1, forest2water2 = 1  [n = 48]:	loss = 0.015  exp loss = 0.050  adjusted loss = 0.050  adv prob = 0.250000   acc = 1.000

Validation:
Average incurred loss: 0.408  
Average sample loss: 0.403  
Average acc: 0.926  
  waterbird_complete50 = 0, forest2water2 = 0  [n = 465]:	loss = 0.002  exp loss = 0.001  adjusted loss = 0.001  adv prob = 0.250000   acc = 1.000
  waterbird_complete50 = 0, forest2water2 = 1  [n = 466]:	loss = 0.022  exp loss = 0.020  adjusted loss = 0.020  adv prob = 0.250000   acc = 0.994
  waterbird_complete50 = 1, forest2water2 = 0  [n = 134]:	loss = 1.975  exp loss = 2.236  adjusted loss = 2.236  adv prob = 0.250000   acc = 0.672
  waterbird_complete50 = 1, forest2water2 = 1  [n = 134]:	loss = 1.596  exp loss = 1.629  adjusted loss = 1.629  adv prob = 0.250000   acc = 0.687
Current lr: 0.000010
Current validation accuracy: 0.6716418266296387


Epoch [50]:
Training:
Average incurred loss: 0.029  
Average sample loss: 0.026  
Average acc: 0.987  
  waterbird_complete50 = 0, forest2water2 = 0  [n = 61]:	loss = 0.000  exp loss = 0.000  adjusted loss = 0.000  adv prob = 0.250000   acc = 1.000
  waterbird_complete50 = 0, forest2water2 = 1  [n = 56]:	loss = 0.000  exp loss = 0.000  adjusted loss = 0.000  adv prob = 0.250000   acc = 1.000
  waterbird_complete50 = 1, forest2water2 = 0  [n = 50]:	loss = 0.074  exp loss = 0.057  adjusted loss = 0.057  adv prob = 0.250000   acc = 0.980
  waterbird_complete50 = 1, forest2water2 = 1  [n = 58]:	loss = 0.050  exp loss = 0.046  adjusted loss = 0.046  adv prob = 0.250000   acc = 0.966

Validation:
Average incurred loss: 0.404  
Average sample loss: 0.398  
Average acc: 0.927  
  waterbird_complete50 = 0, forest2water2 = 0  [n = 465]:	loss = 0.002  exp loss = 0.001  adjusted loss = 0.001  adv prob = 0.250000   acc = 0.998
  waterbird_complete50 = 0, forest2water2 = 1  [n = 466]:	loss = 0.022  exp loss = 0.020  adjusted loss = 0.020  adv prob = 0.250000   acc = 0.994
  waterbird_complete50 = 1, forest2water2 = 0  [n = 134]:	loss = 1.946  exp loss = 2.201  adjusted loss = 2.201  adv prob = 0.250000   acc = 0.679
  waterbird_complete50 = 1, forest2water2 = 1  [n = 134]:	loss = 1.585  exp loss = 1.619  adjusted loss = 1.619  adv prob = 0.250000   acc = 0.694
Current lr: 0.000010
Current validation accuracy: 0.6791044473648071


Epoch [51]:
Training:
Average incurred loss: 0.101  
Average sample loss: 0.122  
Average acc: 0.964  
  waterbird_complete50 = 0, forest2water2 = 0  [n = 60]:	loss = 0.000  exp loss = 0.000  adjusted loss = 0.000  adv prob = 0.250000   acc = 1.000
  waterbird_complete50 = 0, forest2water2 = 1  [n = 49]:	loss = 0.000  exp loss = 0.000  adjusted loss = 0.000  adv prob = 0.250000   acc = 1.000
  waterbird_complete50 = 1, forest2water2 = 0  [n = 56]:	loss = 0.171  exp loss = 0.096  adjusted loss = 0.096  adv prob = 0.250000   acc = 0.911
  waterbird_complete50 = 1, forest2water2 = 1  [n = 60]:	loss = 0.220  exp loss = 0.139  adjusted loss = 0.139  adv prob = 0.250000   acc = 0.950

Validation:
Average incurred loss: 0.453  
Average sample loss: 0.446  
Average acc: 0.921  
  waterbird_complete50 = 0, forest2water2 = 0  [n = 465]:	loss = 0.001  exp loss = 0.001  adjusted loss = 0.001  adv prob = 0.250000   acc = 1.000
  waterbird_complete50 = 0, forest2water2 = 1  [n = 466]:	loss = 0.017  exp loss = 0.016  adjusted loss = 0.016  adv prob = 0.250000   acc = 0.994
  waterbird_complete50 = 1, forest2water2 = 0  [n = 134]:	loss = 2.168  exp loss = 2.473  adjusted loss = 2.473  adv prob = 0.250000   acc = 0.657
  waterbird_complete50 = 1, forest2water2 = 1  [n = 134]:	loss = 1.818  exp loss = 1.837  adjusted loss = 1.837  adv prob = 0.250000   acc = 0.657
Current lr: 0.000010
Current validation accuracy: 0.6567164063453674


Epoch [52]:
Training:
Average incurred loss: 0.193  
Average sample loss: 0.170  
Average acc: 0.938  
  waterbird_complete50 = 0, forest2water2 = 0  [n = 63]:	loss = 0.000  exp loss = 0.000  adjusted loss = 0.000  adv prob = 0.250000   acc = 1.000
  waterbird_complete50 = 0, forest2water2 = 1  [n = 56]:	loss = 0.000  exp loss = 0.000  adjusted loss = 0.000  adv prob = 0.250000   acc = 1.000
  waterbird_complete50 = 1, forest2water2 = 0  [n = 58]:	loss = 0.298  exp loss = 0.149  adjusted loss = 0.149  adv prob = 0.250000   acc = 0.914
  waterbird_complete50 = 1, forest2water2 = 1  [n = 48]:	loss = 0.544  exp loss = 0.194  adjusted loss = 0.194  adv prob = 0.250000   acc = 0.812

Validation:
Average incurred loss: 0.426  
Average sample loss: 0.420  
Average acc: 0.924  
  waterbird_complete50 = 0, forest2water2 = 0  [n = 465]:	loss = 0.002  exp loss = 0.001  adjusted loss = 0.001  adv prob = 0.250000   acc = 0.998
  waterbird_complete50 = 0, forest2water2 = 1  [n = 466]:	loss = 0.020  exp loss = 0.018  adjusted loss = 0.018  adv prob = 0.250000   acc = 0.994
  waterbird_complete50 = 1, forest2water2 = 0  [n = 134]:	loss = 2.054  exp loss = 2.335  adjusted loss = 2.335  adv prob = 0.250000   acc = 0.672
  waterbird_complete50 = 1, forest2water2 = 1  [n = 134]:	loss = 1.684  exp loss = 1.703  adjusted loss = 1.703  adv prob = 0.250000   acc = 0.679
Current lr: 0.000010
Current validation accuracy: 0.6716418266296387


Epoch [53]:
Training:
Average incurred loss: 0.040  
Average sample loss: 0.060  
Average acc: 0.991  
  waterbird_complete50 = 0, forest2water2 = 0  [n = 60]:	loss = 0.000  exp loss = 0.000  adjusted loss = 0.000  adv prob = 0.250000   acc = 1.000
  waterbird_complete50 = 0, forest2water2 = 1  [n = 59]:	loss = 0.000  exp loss = 0.000  adjusted loss = 0.000  adv prob = 0.250000   acc = 1.000
  waterbird_complete50 = 1, forest2water2 = 0  [n = 44]:	loss = 0.131  exp loss = 0.167  adjusted loss = 0.167  adv prob = 0.250000   acc = 0.955
  waterbird_complete50 = 1, forest2water2 = 1  [n = 62]:	loss = 0.051  exp loss = 0.148  adjusted loss = 0.148  adv prob = 0.250000   acc = 1.000

Validation:
Average incurred loss: 0.444  
Average sample loss: 0.438  
Average acc: 0.922  
  waterbird_complete50 = 0, forest2water2 = 0  [n = 465]:	loss = 0.002  exp loss = 0.001  adjusted loss = 0.001  adv prob = 0.250000   acc = 1.000
  waterbird_complete50 = 0, forest2water2 = 1  [n = 466]:	loss = 0.018  exp loss = 0.016  adjusted loss = 0.016  adv prob = 0.250000   acc = 0.994
  waterbird_complete50 = 1, forest2water2 = 0  [n = 134]:	loss = 2.117  exp loss = 2.416  adjusted loss = 2.416  adv prob = 0.250000   acc = 0.657
  waterbird_complete50 = 1, forest2water2 = 1  [n = 134]:	loss = 1.791  exp loss = 1.808  adjusted loss = 1.808  adv prob = 0.250000   acc = 0.664
Current lr: 0.000010
Current validation accuracy: 0.6567164659500122


Epoch [54]:
Training:
Average incurred loss: 0.078  
Average sample loss: 0.076  
Average acc: 0.960  
  waterbird_complete50 = 0, forest2water2 = 0  [n = 55]:	loss = 0.000  exp loss = 0.000  adjusted loss = 0.000  adv prob = 0.250000   acc = 1.000
  waterbird_complete50 = 0, forest2water2 = 1  [n = 60]:	loss = 0.000  exp loss = 0.000  adjusted loss = 0.000  adv prob = 0.250000   acc = 1.000
  waterbird_complete50 = 1, forest2water2 = 0  [n = 59]:	loss = 0.197  exp loss = 0.180  adjusted loss = 0.180  adv prob = 0.250000   acc = 0.898
  waterbird_complete50 = 1, forest2water2 = 1  [n = 51]:	loss = 0.117  exp loss = 0.138  adjusted loss = 0.138  adv prob = 0.250000   acc = 0.941

Validation:
Average incurred loss: 0.467  
Average sample loss: 0.460  
Average acc: 0.919  
  waterbird_complete50 = 0, forest2water2 = 0  [n = 465]:	loss = 0.001  exp loss = 0.000  adjusted loss = 0.000  adv prob = 0.250000   acc = 1.000
  waterbird_complete50 = 0, forest2water2 = 1  [n = 466]:	loss = 0.016  exp loss = 0.014  adjusted loss = 0.014  adv prob = 0.250000   acc = 0.994
  waterbird_complete50 = 1, forest2water2 = 0  [n = 134]:	loss = 2.218  exp loss = 2.541  adjusted loss = 2.541  adv prob = 0.250000   acc = 0.657
  waterbird_complete50 = 1, forest2water2 = 1  [n = 134]:	loss = 1.901  exp loss = 1.911  adjusted loss = 1.911  adv prob = 0.250000   acc = 0.642
Current lr: 0.000010
Current validation accuracy: 0.6417909860610962


Epoch [55]:
Training:
Average incurred loss: 0.063  
Average sample loss: 0.064  
Average acc: 0.973  
  waterbird_complete50 = 0, forest2water2 = 0  [n = 49]:	loss = 0.000  exp loss = 0.000  adjusted loss = 0.000  adv prob = 0.250000   acc = 1.000
  waterbird_complete50 = 0, forest2water2 = 1  [n = 59]:	loss = 0.000  exp loss = 0.000  adjusted loss = 0.000  adv prob = 0.250000   acc = 1.000
  waterbird_complete50 = 1, forest2water2 = 0  [n = 61]:	loss = 0.159  exp loss = 0.171  adjusted loss = 0.171  adv prob = 0.250000   acc = 0.951
  waterbird_complete50 = 1, forest2water2 = 1  [n = 56]:	loss = 0.082  exp loss = 0.118  adjusted loss = 0.118  adv prob = 0.250000   acc = 0.946

Validation:
Average incurred loss: 0.493  
Average sample loss: 0.486  
Average acc: 0.916  
  waterbird_complete50 = 0, forest2water2 = 0  [n = 465]:	loss = 0.001  exp loss = 0.000  adjusted loss = 0.000  adv prob = 0.250000   acc = 1.000
  waterbird_complete50 = 0, forest2water2 = 1  [n = 466]:	loss = 0.014  exp loss = 0.013  adjusted loss = 0.013  adv prob = 0.250000   acc = 0.996
  waterbird_complete50 = 1, forest2water2 = 0  [n = 134]:	loss = 2.339  exp loss = 2.692  adjusted loss = 2.692  adv prob = 0.250000   acc = 0.642
  waterbird_complete50 = 1, forest2water2 = 1  [n = 134]:	loss = 2.020  exp loss = 2.022  adjusted loss = 2.022  adv prob = 0.250000   acc = 0.619
Current lr: 0.000010
Current validation accuracy: 0.6194029450416565


Epoch [56]:
Training:
Average incurred loss: 0.238  
Average sample loss: 0.211  
Average acc: 0.898  
  waterbird_complete50 = 0, forest2water2 = 0  [n = 54]:	loss = 0.000  exp loss = 0.000  adjusted loss = 0.000  adv prob = 0.250000   acc = 1.000
  waterbird_complete50 = 0, forest2water2 = 1  [n = 49]:	loss = 0.000  exp loss = 0.000  adjusted loss = 0.000  adv prob = 0.250000   acc = 1.000
  waterbird_complete50 = 1, forest2water2 = 0  [n = 71]:	loss = 0.443  exp loss = 0.204  adjusted loss = 0.204  adv prob = 0.250000   acc = 0.803
  waterbird_complete50 = 1, forest2water2 = 1  [n = 51]:	loss = 0.436  exp loss = 0.179  adjusted loss = 0.179  adv prob = 0.250000   acc = 0.824

Validation:
Average incurred loss: 0.503  
Average sample loss: 0.496  
Average acc: 0.916  
  waterbird_complete50 = 0, forest2water2 = 0  [n = 465]:	loss = 0.001  exp loss = 0.000  adjusted loss = 0.000  adv prob = 0.250000   acc = 1.000
  waterbird_complete50 = 0, forest2water2 = 1  [n = 466]:	loss = 0.014  exp loss = 0.013  adjusted loss = 0.013  adv prob = 0.250000   acc = 0.996
  waterbird_complete50 = 1, forest2water2 = 0  [n = 134]:	loss = 2.404  exp loss = 2.755  adjusted loss = 2.755  adv prob = 0.250000   acc = 0.642
  waterbird_complete50 = 1, forest2water2 = 1  [n = 134]:	loss = 2.042  exp loss = 2.044  adjusted loss = 2.044  adv prob = 0.250000   acc = 0.619
Current lr: 0.000010
Current validation accuracy: 0.6194030046463013


Epoch [57]:
Training:
Average incurred loss: 0.037  
Average sample loss: 0.043  
Average acc: 0.996  
  waterbird_complete50 = 0, forest2water2 = 0  [n = 51]:	loss = 0.000  exp loss = 0.000  adjusted loss = 0.000  adv prob = 0.250000   acc = 1.000
  waterbird_complete50 = 0, forest2water2 = 1  [n = 63]:	loss = 0.000  exp loss = 0.000  adjusted loss = 0.000  adv prob = 0.250000   acc = 1.000
  waterbird_complete50 = 1, forest2water2 = 0  [n = 56]:	loss = 0.081  exp loss = 0.168  adjusted loss = 0.168  adv prob = 0.250000   acc = 1.000
  waterbird_complete50 = 1, forest2water2 = 1  [n = 55]:	loss = 0.067  exp loss = 0.136  adjusted loss = 0.136  adv prob = 0.250000   acc = 0.982

Validation:
Average incurred loss: 0.500  
Average sample loss: 0.493  
Average acc: 0.917  
  waterbird_complete50 = 0, forest2water2 = 0  [n = 465]:	loss = 0.001  exp loss = 0.000  adjusted loss = 0.000  adv prob = 0.250000   acc = 1.000
  waterbird_complete50 = 0, forest2water2 = 1  [n = 466]:	loss = 0.013  exp loss = 0.012  adjusted loss = 0.012  adv prob = 0.250000   acc = 0.996
  waterbird_complete50 = 1, forest2water2 = 0  [n = 134]:	loss = 2.400  exp loss = 2.745  adjusted loss = 2.745  adv prob = 0.250000   acc = 0.642
  waterbird_complete50 = 1, forest2water2 = 1  [n = 134]:	loss = 2.023  exp loss = 2.024  adjusted loss = 2.024  adv prob = 0.250000   acc = 0.627
Current lr: 0.000010
Current validation accuracy: 0.6268656849861145


Epoch [58]:
Training:
Average incurred loss: 0.186  
Average sample loss: 0.269  
Average acc: 0.933  
  waterbird_complete50 = 0, forest2water2 = 0  [n = 62]:	loss = 0.000  exp loss = 0.000  adjusted loss = 0.000  adv prob = 0.250000   acc = 1.000
  waterbird_complete50 = 0, forest2water2 = 1  [n = 46]:	loss = 0.000  exp loss = 0.000  adjusted loss = 0.000  adv prob = 0.250000   acc = 1.000
  waterbird_complete50 = 1, forest2water2 = 0  [n = 60]:	loss = 0.469  exp loss = 0.324  adjusted loss = 0.324  adv prob = 0.250000   acc = 0.817
  waterbird_complete50 = 1, forest2water2 = 1  [n = 57]:	loss = 0.241  exp loss = 0.199  adjusted loss = 0.199  adv prob = 0.250000   acc = 0.930

Validation:
Average incurred loss: 0.530  
Average sample loss: 0.522  
Average acc: 0.915  
  waterbird_complete50 = 0, forest2water2 = 0  [n = 465]:	loss = 0.000  exp loss = 0.000  adjusted loss = 0.000  adv prob = 0.250000   acc = 1.000
  waterbird_complete50 = 0, forest2water2 = 1  [n = 466]:	loss = 0.011  exp loss = 0.010  adjusted loss = 0.010  adv prob = 0.250000   acc = 0.998
  waterbird_complete50 = 1, forest2water2 = 0  [n = 134]:	loss = 2.541  exp loss = 2.915  adjusted loss = 2.915  adv prob = 0.250000   acc = 0.627
  waterbird_complete50 = 1, forest2water2 = 1  [n = 134]:	loss = 2.160  exp loss = 2.158  adjusted loss = 2.158  adv prob = 0.250000   acc = 0.619
Current lr: 0.000010
Current validation accuracy: 0.6194030046463013


Epoch [59]:
Training:
Average incurred loss: 0.024  
Average sample loss: 0.021  
Average acc: 1.000  
  waterbird_complete50 = 0, forest2water2 = 0  [n = 58]:	loss = 0.000  exp loss = 0.000  adjusted loss = 0.000  adv prob = 0.250000   acc = 1.000
  waterbird_complete50 = 0, forest2water2 = 1  [n = 62]:	loss = 0.000  exp loss = 0.000  adjusted loss = 0.000  adv prob = 0.250000   acc = 1.000
  waterbird_complete50 = 1, forest2water2 = 0  [n = 53]:	loss = 0.051  exp loss = 0.225  adjusted loss = 0.225  adv prob = 0.250000   acc = 1.000
  waterbird_complete50 = 1, forest2water2 = 1  [n = 52]:	loss = 0.050  exp loss = 0.144  adjusted loss = 0.144  adv prob = 0.250000   acc = 1.000

Validation:
Average incurred loss: 0.471  
Average sample loss: 0.464  
Average acc: 0.918  
  waterbird_complete50 = 0, forest2water2 = 0  [n = 465]:	loss = 0.001  exp loss = 0.000  adjusted loss = 0.000  adv prob = 0.250000   acc = 1.000
  waterbird_complete50 = 0, forest2water2 = 1  [n = 466]:	loss = 0.015  exp loss = 0.013  adjusted loss = 0.013  adv prob = 0.250000   acc = 0.994
  waterbird_complete50 = 1, forest2water2 = 0  [n = 134]:	loss = 2.277  exp loss = 2.604  adjusted loss = 2.604  adv prob = 0.250000   acc = 0.649
  waterbird_complete50 = 1, forest2water2 = 1  [n = 134]:	loss = 1.879  exp loss = 1.889  adjusted loss = 1.889  adv prob = 0.250000   acc = 0.642
Current lr: 0.000010
Current validation accuracy: 0.6417909860610962


Epoch [60]:
Training:
Average incurred loss: 0.143  
Average sample loss: 0.132  
Average acc: 0.933  
  waterbird_complete50 = 0, forest2water2 = 0  [n = 46]:	loss = 0.000  exp loss = 0.000  adjusted loss = 0.000  adv prob = 0.250000   acc = 1.000
  waterbird_complete50 = 0, forest2water2 = 1  [n = 58]:	loss = 0.000  exp loss = 0.000  adjusted loss = 0.000  adv prob = 0.250000   acc = 1.000
  waterbird_complete50 = 1, forest2water2 = 0  [n = 60]:	loss = 0.283  exp loss = 0.224  adjusted loss = 0.224  adv prob = 0.250000   acc = 0.900
  waterbird_complete50 = 1, forest2water2 = 1  [n = 61]:	loss = 0.248  exp loss = 0.161  adjusted loss = 0.161  adv prob = 0.250000   acc = 0.852

Validation:
Average incurred loss: 0.500  
Average sample loss: 0.493  
Average acc: 0.916  
  waterbird_complete50 = 0, forest2water2 = 0  [n = 465]:	loss = 0.000  exp loss = 0.000  adjusted loss = 0.000  adv prob = 0.250000   acc = 1.000
  waterbird_complete50 = 0, forest2water2 = 1  [n = 466]:	loss = 0.013  exp loss = 0.012  adjusted loss = 0.012  adv prob = 0.250000   acc = 0.996
  waterbird_complete50 = 1, forest2water2 = 0  [n = 134]:	loss = 2.412  exp loss = 2.776  adjusted loss = 2.776  adv prob = 0.250000   acc = 0.634
  waterbird_complete50 = 1, forest2water2 = 1  [n = 134]:	loss = 2.019  exp loss = 2.022  adjusted loss = 2.022  adv prob = 0.250000   acc = 0.627
Current lr: 0.000010
Current validation accuracy: 0.6268656849861145


Epoch [61]:
Training:
Average incurred loss: 0.033  
Average sample loss: 0.032  
Average acc: 0.982  
  waterbird_complete50 = 0, forest2water2 = 0  [n = 62]:	loss = 0.000  exp loss = 0.000  adjusted loss = 0.000  adv prob = 0.250000   acc = 1.000
  waterbird_complete50 = 0, forest2water2 = 1  [n = 61]:	loss = 0.000  exp loss = 0.000  adjusted loss = 0.000  adv prob = 0.250000   acc = 1.000
  waterbird_complete50 = 1, forest2water2 = 0  [n = 45]:	loss = 0.095  exp loss = 0.176  adjusted loss = 0.176  adv prob = 0.250000   acc = 0.933
  waterbird_complete50 = 1, forest2water2 = 1  [n = 57]:	loss = 0.057  exp loss = 0.117  adjusted loss = 0.117  adv prob = 0.250000   acc = 0.982

Validation:
Average incurred loss: 0.479  
Average sample loss: 0.472  
Average acc: 0.917  
  waterbird_complete50 = 0, forest2water2 = 0  [n = 465]:	loss = 0.001  exp loss = 0.000  adjusted loss = 0.000  adv prob = 0.250000   acc = 1.000
  waterbird_complete50 = 0, forest2water2 = 1  [n = 466]:	loss = 0.014  exp loss = 0.013  adjusted loss = 0.013  adv prob = 0.250000   acc = 0.996
  waterbird_complete50 = 1, forest2water2 = 0  [n = 134]:	loss = 2.306  exp loss = 2.644  adjusted loss = 2.644  adv prob = 0.250000   acc = 0.642
  waterbird_complete50 = 1, forest2water2 = 1  [n = 134]:	loss = 1.925  exp loss = 1.934  adjusted loss = 1.934  adv prob = 0.250000   acc = 0.627
Current lr: 0.000010
Current validation accuracy: 0.6268656849861145


Epoch [62]:
Training:
Average incurred loss: 0.055  
Average sample loss: 0.052  
Average acc: 0.987  
  waterbird_complete50 = 0, forest2water2 = 0  [n = 56]:	loss = 0.000  exp loss = 0.000  adjusted loss = 0.000  adv prob = 0.250000   acc = 1.000
  waterbird_complete50 = 0, forest2water2 = 1  [n = 63]:	loss = 0.000  exp loss = 0.000  adjusted loss = 0.000  adv prob = 0.250000   acc = 1.000
  waterbird_complete50 = 1, forest2water2 = 0  [n = 57]:	loss = 0.190  exp loss = 0.184  adjusted loss = 0.184  adv prob = 0.250000   acc = 0.947
  waterbird_complete50 = 1, forest2water2 = 1  [n = 49]:	loss = 0.031  exp loss = 0.086  adjusted loss = 0.086  adv prob = 0.250000   acc = 1.000

Validation:
Average incurred loss: 0.476  
Average sample loss: 0.469  
Average acc: 0.917  
  waterbird_complete50 = 0, forest2water2 = 0  [n = 465]:	loss = 0.001  exp loss = 0.000  adjusted loss = 0.000  adv prob = 0.250000   acc = 1.000
  waterbird_complete50 = 0, forest2water2 = 1  [n = 466]:	loss = 0.014  exp loss = 0.013  adjusted loss = 0.013  adv prob = 0.250000   acc = 0.996
  waterbird_complete50 = 1, forest2water2 = 0  [n = 134]:	loss = 2.286  exp loss = 2.619  adjusted loss = 2.619  adv prob = 0.250000   acc = 0.642
  waterbird_complete50 = 1, forest2water2 = 1  [n = 134]:	loss = 1.918  exp loss = 1.920  adjusted loss = 1.920  adv prob = 0.250000   acc = 0.634
Current lr: 0.000010
Current validation accuracy: 0.634328305721283


Epoch [63]:
Training:
Average incurred loss: 0.122  
Average sample loss: 0.135  
Average acc: 0.947  
  waterbird_complete50 = 0, forest2water2 = 0  [n = 55]:	loss = 0.000  exp loss = 0.000  adjusted loss = 0.000  adv prob = 0.250000   acc = 1.000
  waterbird_complete50 = 0, forest2water2 = 1  [n = 52]:	loss = 0.000  exp loss = 0.000  adjusted loss = 0.000  adv prob = 0.250000   acc = 1.000
  waterbird_complete50 = 1, forest2water2 = 0  [n = 62]:	loss = 0.267  exp loss = 0.230  adjusted loss = 0.230  adv prob = 0.250000   acc = 0.871
  waterbird_complete50 = 1, forest2water2 = 1  [n = 56]:	loss = 0.194  exp loss = 0.122  adjusted loss = 0.122  adv prob = 0.250000   acc = 0.929

Validation:
Average incurred loss: 0.522  
Average sample loss: 0.515  
Average acc: 0.912  
  waterbird_complete50 = 0, forest2water2 = 0  [n = 465]:	loss = 0.000  exp loss = 0.000  adjusted loss = 0.000  adv prob = 0.250000   acc = 1.000
  waterbird_complete50 = 0, forest2water2 = 1  [n = 466]:	loss = 0.011  exp loss = 0.010  adjusted loss = 0.010  adv prob = 0.250000   acc = 0.998
  waterbird_complete50 = 1, forest2water2 = 0  [n = 134]:	loss = 2.496  exp loss = 2.868  adjusted loss = 2.868  adv prob = 0.250000   acc = 0.627
  waterbird_complete50 = 1, forest2water2 = 1  [n = 134]:	loss = 2.134  exp loss = 2.135  adjusted loss = 2.135  adv prob = 0.250000   acc = 0.597
Current lr: 0.000010
Current validation accuracy: 0.5970149636268616


Epoch [64]:
Training:
Average incurred loss: 0.107  
Average sample loss: 0.101  
Average acc: 0.951  
  waterbird_complete50 = 0, forest2water2 = 0  [n = 60]:	loss = 0.000  exp loss = 0.000  adjusted loss = 0.000  adv prob = 0.250000   acc = 1.000
  waterbird_complete50 = 0, forest2water2 = 1  [n = 55]:	loss = 0.000  exp loss = 0.000  adjusted loss = 0.000  adv prob = 0.250000   acc = 1.000
  waterbird_complete50 = 1, forest2water2 = 0  [n = 47]:	loss = 0.304  exp loss = 0.246  adjusted loss = 0.246  adv prob = 0.250000   acc = 0.872
  waterbird_complete50 = 1, forest2water2 = 1  [n = 63]:	loss = 0.156  exp loss = 0.124  adjusted loss = 0.124  adv prob = 0.250000   acc = 0.921

Validation:
Average incurred loss: 0.503  
Average sample loss: 0.496  
Average acc: 0.915  
  waterbird_complete50 = 0, forest2water2 = 0  [n = 465]:	loss = 0.001  exp loss = 0.000  adjusted loss = 0.000  adv prob = 0.250000   acc = 1.000
  waterbird_complete50 = 0, forest2water2 = 1  [n = 466]:	loss = 0.012  exp loss = 0.011  adjusted loss = 0.011  adv prob = 0.250000   acc = 0.996
  waterbird_complete50 = 1, forest2water2 = 0  [n = 134]:	loss = 2.401  exp loss = 2.770  adjusted loss = 2.770  adv prob = 0.250000   acc = 0.634
  waterbird_complete50 = 1, forest2water2 = 1  [n = 134]:	loss = 2.060  exp loss = 2.066  adjusted loss = 2.066  adv prob = 0.250000   acc = 0.619
Current lr: 0.000010
Current validation accuracy: 0.6194030046463013


Epoch [65]:
Training:
Average incurred loss: 0.107  
Average sample loss: 0.111  
Average acc: 0.956  
  waterbird_complete50 = 0, forest2water2 = 0  [n = 43]:	loss = 0.000  exp loss = 0.000  adjusted loss = 0.000  adv prob = 0.250000   acc = 1.000
  waterbird_complete50 = 0, forest2water2 = 1  [n = 61]:	loss = 0.000  exp loss = 0.000  adjusted loss = 0.000  adv prob = 0.250000   acc = 1.000
  waterbird_complete50 = 1, forest2water2 = 0  [n = 61]:	loss = 0.162  exp loss = 0.223  adjusted loss = 0.223  adv prob = 0.250000   acc = 0.967
  waterbird_complete50 = 1, forest2water2 = 1  [n = 60]:	loss = 0.235  exp loss = 0.160  adjusted loss = 0.160  adv prob = 0.250000   acc = 0.867

Validation:
Average incurred loss: 0.535  
Average sample loss: 0.528  
Average acc: 0.912  
  waterbird_complete50 = 0, forest2water2 = 0  [n = 465]:	loss = 0.000  exp loss = 0.000  adjusted loss = 0.000  adv prob = 0.250000   acc = 1.000
  waterbird_complete50 = 0, forest2water2 = 1  [n = 466]:	loss = 0.012  exp loss = 0.010  adjusted loss = 0.010  adv prob = 0.250000   acc = 0.996
  waterbird_complete50 = 1, forest2water2 = 0  [n = 134]:	loss = 2.551  exp loss = 2.958  adjusted loss = 2.958  adv prob = 0.250000   acc = 0.627
  waterbird_complete50 = 1, forest2water2 = 1  [n = 134]:	loss = 2.197  exp loss = 2.203  adjusted loss = 2.203  adv prob = 0.250000   acc = 0.597
Current lr: 0.000010
Current validation accuracy: 0.5970149636268616


Epoch [66]:
Training:
Average incurred loss: 0.106  
Average sample loss: 0.099  
Average acc: 0.951  
  waterbird_complete50 = 0, forest2water2 = 0  [n = 60]:	loss = 0.000  exp loss = 0.000  adjusted loss = 0.000  adv prob = 0.250000   acc = 1.000
  waterbird_complete50 = 0, forest2water2 = 1  [n = 45]:	loss = 0.000  exp loss = 0.000  adjusted loss = 0.000  adv prob = 0.250000   acc = 1.000
  waterbird_complete50 = 1, forest2water2 = 0  [n = 63]:	loss = 0.206  exp loss = 0.207  adjusted loss = 0.207  adv prob = 0.250000   acc = 0.905
  waterbird_complete50 = 1, forest2water2 = 1  [n = 57]:	loss = 0.191  exp loss = 0.152  adjusted loss = 0.152  adv prob = 0.250000   acc = 0.912

Validation:
Average incurred loss: 0.532  
Average sample loss: 0.525  
Average acc: 0.912  
  waterbird_complete50 = 0, forest2water2 = 0  [n = 465]:	loss = 0.000  exp loss = 0.000  adjusted loss = 0.000  adv prob = 0.250000   acc = 1.000
  waterbird_complete50 = 0, forest2water2 = 1  [n = 466]:	loss = 0.012  exp loss = 0.010  adjusted loss = 0.010  adv prob = 0.250000   acc = 0.998
  waterbird_complete50 = 1, forest2water2 = 0  [n = 134]:	loss = 2.538  exp loss = 2.931  adjusted loss = 2.931  adv prob = 0.250000   acc = 0.619
  waterbird_complete50 = 1, forest2water2 = 1  [n = 134]:	loss = 2.181  exp loss = 2.184  adjusted loss = 2.184  adv prob = 0.250000   acc = 0.597
Current lr: 0.000010
Current validation accuracy: 0.5970149636268616


Epoch [67]:
Training:
Average incurred loss: 0.250  
Average sample loss: 0.222  
Average acc: 0.898  
  waterbird_complete50 = 0, forest2water2 = 0  [n = 50]:	loss = 0.000  exp loss = 0.000  adjusted loss = 0.000  adv prob = 0.250000   acc = 1.000
  waterbird_complete50 = 0, forest2water2 = 1  [n = 49]:	loss = 0.000  exp loss = 0.000  adjusted loss = 0.000  adv prob = 0.250000   acc = 1.000
  waterbird_complete50 = 1, forest2water2 = 0  [n = 64]:	loss = 0.469  exp loss = 0.255  adjusted loss = 0.255  adv prob = 0.250000   acc = 0.781
  waterbird_complete50 = 1, forest2water2 = 1  [n = 62]:	loss = 0.423  exp loss = 0.217  adjusted loss = 0.217  adv prob = 0.250000   acc = 0.855

Validation:
Average incurred loss: 0.561  
Average sample loss: 0.553  
Average acc: 0.911  
  waterbird_complete50 = 0, forest2water2 = 0  [n = 465]:	loss = 0.000  exp loss = 0.000  adjusted loss = 0.000  adv prob = 0.250000   acc = 1.000
  waterbird_complete50 = 0, forest2water2 = 1  [n = 466]:	loss = 0.010  exp loss = 0.009  adjusted loss = 0.009  adv prob = 0.250000   acc = 0.998
  waterbird_complete50 = 1, forest2water2 = 0  [n = 134]:	loss = 2.659  exp loss = 3.067  adjusted loss = 3.067  adv prob = 0.250000   acc = 0.619
  waterbird_complete50 = 1, forest2water2 = 1  [n = 134]:	loss = 2.327  exp loss = 2.321  adjusted loss = 2.321  adv prob = 0.250000   acc = 0.590
Current lr: 0.000010
Current validation accuracy: 0.5895522832870483


Epoch [68]:
Training:
Average incurred loss: 0.029  
Average sample loss: 0.026  
Average acc: 0.991  
  waterbird_complete50 = 0, forest2water2 = 0  [n = 54]:	loss = 0.000  exp loss = 0.000  adjusted loss = 0.000  adv prob = 0.250000   acc = 1.000
  waterbird_complete50 = 0, forest2water2 = 1  [n = 60]:	loss = 0.000  exp loss = 0.000  adjusted loss = 0.000  adv prob = 0.250000   acc = 1.000
  waterbird_complete50 = 1, forest2water2 = 0  [n = 55]:	loss = 0.042  exp loss = 0.181  adjusted loss = 0.181  adv prob = 0.250000   acc = 1.000
  waterbird_complete50 = 1, forest2water2 = 1  [n = 56]:	loss = 0.075  exp loss = 0.165  adjusted loss = 0.165  adv prob = 0.250000   acc = 0.964

Validation:
Average incurred loss: 0.513  
Average sample loss: 0.506  
Average acc: 0.913  
  waterbird_complete50 = 0, forest2water2 = 0  [n = 465]:	loss = 0.000  exp loss = 0.000  adjusted loss = 0.000  adv prob = 0.250000   acc = 1.000
  waterbird_complete50 = 0, forest2water2 = 1  [n = 466]:	loss = 0.012  exp loss = 0.011  adjusted loss = 0.011  adv prob = 0.250000   acc = 0.996
  waterbird_complete50 = 1, forest2water2 = 0  [n = 134]:	loss = 2.450  exp loss = 2.817  adjusted loss = 2.817  adv prob = 0.250000   acc = 0.634
  waterbird_complete50 = 1, forest2water2 = 1  [n = 134]:	loss = 2.099  exp loss = 2.108  adjusted loss = 2.108  adv prob = 0.250000   acc = 0.604
Current lr: 0.000010
Current validation accuracy: 0.6044776439666748


Epoch [69]:
Training:
Average incurred loss: 0.059  
Average sample loss: 0.054  
Average acc: 0.982  
  waterbird_complete50 = 0, forest2water2 = 0  [n = 44]:	loss = 0.000  exp loss = 0.000  adjusted loss = 0.000  adv prob = 0.250000   acc = 1.000
  waterbird_complete50 = 0, forest2water2 = 1  [n = 65]:	loss = 0.000  exp loss = 0.000  adjusted loss = 0.000  adv prob = 0.250000   acc = 1.000
  waterbird_complete50 = 1, forest2water2 = 0  [n = 62]:	loss = 0.176  exp loss = 0.164  adjusted loss = 0.164  adv prob = 0.250000   acc = 0.935
  waterbird_complete50 = 1, forest2water2 = 1  [n = 54]:	loss = 0.042  exp loss = 0.122  adjusted loss = 0.122  adv prob = 0.250000   acc = 1.000

Validation:
Average incurred loss: 0.512  
Average sample loss: 0.505  
Average acc: 0.914  
  waterbird_complete50 = 0, forest2water2 = 0  [n = 465]:	loss = 0.001  exp loss = 0.000  adjusted loss = 0.000  adv prob = 0.250000   acc = 1.000
  waterbird_complete50 = 0, forest2water2 = 1  [n = 466]:	loss = 0.012  exp loss = 0.011  adjusted loss = 0.011  adv prob = 0.250000   acc = 0.996
  waterbird_complete50 = 1, forest2water2 = 0  [n = 134]:	loss = 2.435  exp loss = 2.783  adjusted loss = 2.783  adv prob = 0.250000   acc = 0.634
  waterbird_complete50 = 1, forest2water2 = 1  [n = 134]:	loss = 2.102  exp loss = 2.113  adjusted loss = 2.113  adv prob = 0.250000   acc = 0.612
Current lr: 0.000010
Current validation accuracy: 0.611940324306488


Epoch [70]:
Training:
Average incurred loss: 0.050  
Average sample loss: 0.049  
Average acc: 0.991  
  waterbird_complete50 = 0, forest2water2 = 0  [n = 50]:	loss = 0.000  exp loss = 0.000  adjusted loss = 0.000  adv prob = 0.250000   acc = 1.000
  waterbird_complete50 = 0, forest2water2 = 1  [n = 57]:	loss = 0.000  exp loss = 0.000  adjusted loss = 0.000  adv prob = 0.250000   acc = 1.000
  waterbird_complete50 = 1, forest2water2 = 0  [n = 60]:	loss = 0.107  exp loss = 0.141  adjusted loss = 0.141  adv prob = 0.250000   acc = 1.000
  waterbird_complete50 = 1, forest2water2 = 1  [n = 58]:	loss = 0.085  exp loss = 0.108  adjusted loss = 0.108  adv prob = 0.250000   acc = 0.966

Validation:
Average incurred loss: 0.522  
Average sample loss: 0.515  
Average acc: 0.914  
  waterbird_complete50 = 0, forest2water2 = 0  [n = 465]:	loss = 0.000  exp loss = 0.000  adjusted loss = 0.000  adv prob = 0.250000   acc = 1.000
  waterbird_complete50 = 0, forest2water2 = 1  [n = 466]:	loss = 0.012  exp loss = 0.011  adjusted loss = 0.011  adv prob = 0.250000   acc = 0.998
  waterbird_complete50 = 1, forest2water2 = 0  [n = 134]:	loss = 2.483  exp loss = 2.851  adjusted loss = 2.851  adv prob = 0.250000   acc = 0.634
  waterbird_complete50 = 1, forest2water2 = 1  [n = 134]:	loss = 2.146  exp loss = 2.148  adjusted loss = 2.148  adv prob = 0.250000   acc = 0.604
Current lr: 0.000010
Current validation accuracy: 0.6044776439666748


Epoch [71]:
Training:
Average incurred loss: 0.036  
Average sample loss: 0.031  
Average acc: 0.996  
  waterbird_complete50 = 0, forest2water2 = 0  [n = 54]:	loss = 0.000  exp loss = 0.000  adjusted loss = 0.000  adv prob = 0.250000   acc = 1.000
  waterbird_complete50 = 0, forest2water2 = 1  [n = 56]:	loss = 0.000  exp loss = 0.000  adjusted loss = 0.000  adv prob = 0.250000   acc = 1.000
  waterbird_complete50 = 1, forest2water2 = 0  [n = 62]:	loss = 0.074  exp loss = 0.113  adjusted loss = 0.113  adv prob = 0.250000   acc = 1.000
  waterbird_complete50 = 1, forest2water2 = 1  [n = 53]:	loss = 0.065  exp loss = 0.088  adjusted loss = 0.088  adv prob = 0.250000   acc = 0.981

Validation:
Average incurred loss: 0.495  
Average sample loss: 0.488  
Average acc: 0.918  
  waterbird_complete50 = 0, forest2water2 = 0  [n = 465]:	loss = 0.001  exp loss = 0.000  adjusted loss = 0.000  adv prob = 0.250000   acc = 1.000
  waterbird_complete50 = 0, forest2water2 = 1  [n = 466]:	loss = 0.013  exp loss = 0.012  adjusted loss = 0.012  adv prob = 0.250000   acc = 0.996
  waterbird_complete50 = 1, forest2water2 = 0  [n = 134]:	loss = 2.380  exp loss = 2.730  adjusted loss = 2.730  adv prob = 0.250000   acc = 0.649
  waterbird_complete50 = 1, forest2water2 = 1  [n = 134]:	loss = 1.996  exp loss = 2.005  adjusted loss = 2.005  adv prob = 0.250000   acc = 0.634
Current lr: 0.000010
Current validation accuracy: 0.634328305721283


Epoch [72]:
Training:
Average incurred loss: 0.032  
Average sample loss: 0.034  
Average acc: 0.996  
  waterbird_complete50 = 0, forest2water2 = 0  [n = 59]:	loss = 0.000  exp loss = 0.000  adjusted loss = 0.000  adv prob = 0.250000   acc = 1.000
  waterbird_complete50 = 0, forest2water2 = 1  [n = 52]:	loss = 0.000  exp loss = 0.000  adjusted loss = 0.000  adv prob = 0.250000   acc = 1.000
  waterbird_complete50 = 1, forest2water2 = 0  [n = 54]:	loss = 0.049  exp loss = 0.092  adjusted loss = 0.092  adv prob = 0.250000   acc = 1.000
  waterbird_complete50 = 1, forest2water2 = 1  [n = 60]:	loss = 0.076  exp loss = 0.087  adjusted loss = 0.087  adv prob = 0.250000   acc = 0.983

Validation:
Average incurred loss: 0.484  
Average sample loss: 0.477  
Average acc: 0.917  
  waterbird_complete50 = 0, forest2water2 = 0  [n = 465]:	loss = 0.001  exp loss = 0.000  adjusted loss = 0.000  adv prob = 0.250000   acc = 1.000
  waterbird_complete50 = 0, forest2water2 = 1  [n = 466]:	loss = 0.014  exp loss = 0.013  adjusted loss = 0.013  adv prob = 0.250000   acc = 0.996
  waterbird_complete50 = 1, forest2water2 = 0  [n = 134]:	loss = 2.335  exp loss = 2.684  adjusted loss = 2.684  adv prob = 0.250000   acc = 0.642
  waterbird_complete50 = 1, forest2water2 = 1  [n = 134]:	loss = 1.941  exp loss = 1.951  adjusted loss = 1.951  adv prob = 0.250000   acc = 0.634
Current lr: 0.000010
Current validation accuracy: 0.634328305721283


Epoch [73]:
Training:
Average incurred loss: 0.016  
Average sample loss: 0.015  
Average acc: 0.996  
  waterbird_complete50 = 0, forest2water2 = 0  [n = 63]:	loss = 0.000  exp loss = 0.000  adjusted loss = 0.000  adv prob = 0.250000   acc = 1.000
  waterbird_complete50 = 0, forest2water2 = 1  [n = 62]:	loss = 0.000  exp loss = 0.000  adjusted loss = 0.000  adv prob = 0.250000   acc = 1.000
  waterbird_complete50 = 1, forest2water2 = 0  [n = 57]:	loss = 0.026  exp loss = 0.067  adjusted loss = 0.067  adv prob = 0.250000   acc = 1.000
  waterbird_complete50 = 1, forest2water2 = 1  [n = 43]:	loss = 0.052  exp loss = 0.070  adjusted loss = 0.070  adv prob = 0.250000   acc = 0.977

Validation:
Average incurred loss: 0.434  
Average sample loss: 0.428  
Average acc: 0.922  
  waterbird_complete50 = 0, forest2water2 = 0  [n = 465]:	loss = 0.001  exp loss = 0.000  adjusted loss = 0.000  adv prob = 0.250000   acc = 1.000
  waterbird_complete50 = 0, forest2water2 = 1  [n = 466]:	loss = 0.019  exp loss = 0.017  adjusted loss = 0.017  adv prob = 0.250000   acc = 0.994
  waterbird_complete50 = 1, forest2water2 = 0  [n = 134]:	loss = 2.108  exp loss = 2.395  adjusted loss = 2.395  adv prob = 0.250000   acc = 0.657
  waterbird_complete50 = 1, forest2water2 = 1  [n = 134]:	loss = 1.708  exp loss = 1.729  adjusted loss = 1.729  adv prob = 0.250000   acc = 0.664
Current lr: 0.000010
Current validation accuracy: 0.6567164659500122


Epoch [74]:
Training:
Average incurred loss: 0.051  
Average sample loss: 0.045  
Average acc: 0.973  
  waterbird_complete50 = 0, forest2water2 = 0  [n = 52]:	loss = 0.000  exp loss = 0.000  adjusted loss = 0.000  adv prob = 0.250000   acc = 1.000
  waterbird_complete50 = 0, forest2water2 = 1  [n = 60]:	loss = 0.000  exp loss = 0.000  adjusted loss = 0.000  adv prob = 0.250000   acc = 1.000
  waterbird_complete50 = 1, forest2water2 = 0  [n = 60]:	loss = 0.124  exp loss = 0.074  adjusted loss = 0.074  adv prob = 0.250000   acc = 0.933
  waterbird_complete50 = 1, forest2water2 = 1  [n = 53]:	loss = 0.077  exp loss = 0.069  adjusted loss = 0.069  adv prob = 0.250000   acc = 0.962

Validation:
Average incurred loss: 0.436  
Average sample loss: 0.430  
Average acc: 0.921  
  waterbird_complete50 = 0, forest2water2 = 0  [n = 465]:	loss = 0.001  exp loss = 0.000  adjusted loss = 0.000  adv prob = 0.250000   acc = 1.000
  waterbird_complete50 = 0, forest2water2 = 1  [n = 466]:	loss = 0.018  exp loss = 0.016  adjusted loss = 0.016  adv prob = 0.250000   acc = 0.994
  waterbird_complete50 = 1, forest2water2 = 0  [n = 134]:	loss = 2.117  exp loss = 2.406  adjusted loss = 2.406  adv prob = 0.250000   acc = 0.657
  waterbird_complete50 = 1, forest2water2 = 1  [n = 134]:	loss = 1.717  exp loss = 1.740  adjusted loss = 1.740  adv prob = 0.250000   acc = 0.657
Current lr: 0.000010
Current validation accuracy: 0.6567164063453674


Epoch [75]:
Training:
Average incurred loss: 0.005  
Average sample loss: 0.005  
Average acc: 1.000  
  waterbird_complete50 = 0, forest2water2 = 0  [n = 62]:	loss = 0.000  exp loss = 0.000  adjusted loss = 0.000  adv prob = 0.250000   acc = 1.000
  waterbird_complete50 = 0, forest2water2 = 1  [n = 65]:	loss = 0.000  exp loss = 0.000  adjusted loss = 0.000  adv prob = 0.250000   acc = 1.000
  waterbird_complete50 = 1, forest2water2 = 0  [n = 46]:	loss = 0.018  exp loss = 0.053  adjusted loss = 0.053  adv prob = 0.250000   acc = 1.000
  waterbird_complete50 = 1, forest2water2 = 1  [n = 52]:	loss = 0.007  exp loss = 0.047  adjusted loss = 0.047  adv prob = 0.250000   acc = 1.000

Validation:
Average incurred loss: 0.387  
Average sample loss: 0.381  
Average acc: 0.927  
  waterbird_complete50 = 0, forest2water2 = 0  [n = 465]:	loss = 0.002  exp loss = 0.001  adjusted loss = 0.001  adv prob = 0.250000   acc = 0.998
  waterbird_complete50 = 0, forest2water2 = 1  [n = 466]:	loss = 0.023  exp loss = 0.021  adjusted loss = 0.021  adv prob = 0.250000   acc = 0.994
  waterbird_complete50 = 1, forest2water2 = 0  [n = 134]:	loss = 1.876  exp loss = 2.141  adjusted loss = 2.141  adv prob = 0.250000   acc = 0.679
  waterbird_complete50 = 1, forest2water2 = 1  [n = 134]:	loss = 1.497  exp loss = 1.527  adjusted loss = 1.527  adv prob = 0.250000   acc = 0.701
Current lr: 0.000010
Current validation accuracy: 0.6791044473648071


Epoch [76]:
Training:
Average incurred loss: 0.126  
Average sample loss: 0.208  
Average acc: 0.964  
  waterbird_complete50 = 0, forest2water2 = 0  [n = 52]:	loss = 0.000  exp loss = 0.000  adjusted loss = 0.000  adv prob = 0.250000   acc = 1.000
  waterbird_complete50 = 0, forest2water2 = 1  [n = 60]:	loss = 0.000  exp loss = 0.000  adjusted loss = 0.000  adv prob = 0.250000   acc = 1.000
  waterbird_complete50 = 1, forest2water2 = 0  [n = 53]:	loss = 0.319  exp loss = 0.200  adjusted loss = 0.200  adv prob = 0.250000   acc = 0.906
  waterbird_complete50 = 1, forest2water2 = 1  [n = 60]:	loss = 0.191  exp loss = 0.130  adjusted loss = 0.130  adv prob = 0.250000   acc = 0.950

Validation:
Average incurred loss: 0.440  
Average sample loss: 0.434  
Average acc: 0.921  
  waterbird_complete50 = 0, forest2water2 = 0  [n = 465]:	loss = 0.001  exp loss = 0.000  adjusted loss = 0.000  adv prob = 0.250000   acc = 1.000
  waterbird_complete50 = 0, forest2water2 = 1  [n = 466]:	loss = 0.017  exp loss = 0.015  adjusted loss = 0.015  adv prob = 0.250000   acc = 0.994
  waterbird_complete50 = 1, forest2water2 = 0  [n = 134]:	loss = 2.124  exp loss = 2.446  adjusted loss = 2.446  adv prob = 0.250000   acc = 0.657
  waterbird_complete50 = 1, forest2water2 = 1  [n = 134]:	loss = 1.753  exp loss = 1.777  adjusted loss = 1.777  adv prob = 0.250000   acc = 0.657
Current lr: 0.000010
Current validation accuracy: 0.6567164063453674


Epoch [77]:
Training:
Average incurred loss: 0.013  
Average sample loss: 0.012  
Average acc: 1.000  
  waterbird_complete50 = 0, forest2water2 = 0  [n = 56]:	loss = 0.000  exp loss = 0.000  adjusted loss = 0.000  adv prob = 0.250000   acc = 1.000
  waterbird_complete50 = 0, forest2water2 = 1  [n = 67]:	loss = 0.000  exp loss = 0.000  adjusted loss = 0.000  adv prob = 0.250000   acc = 1.000
  waterbird_complete50 = 1, forest2water2 = 0  [n = 40]:	loss = 0.029  exp loss = 0.139  adjusted loss = 0.139  adv prob = 0.250000   acc = 1.000
  waterbird_complete50 = 1, forest2water2 = 1  [n = 62]:	loss = 0.029  exp loss = 0.094  adjusted loss = 0.094  adv prob = 0.250000   acc = 1.000

Validation:
Average incurred loss: 0.408  
Average sample loss: 0.402  
Average acc: 0.926  
  waterbird_complete50 = 0, forest2water2 = 0  [n = 465]:	loss = 0.002  exp loss = 0.001  adjusted loss = 0.001  adv prob = 0.250000   acc = 1.000
  waterbird_complete50 = 0, forest2water2 = 1  [n = 466]:	loss = 0.020  exp loss = 0.018  adjusted loss = 0.018  adv prob = 0.250000   acc = 0.994
  waterbird_complete50 = 1, forest2water2 = 0  [n = 134]:	loss = 1.958  exp loss = 2.243  adjusted loss = 2.243  adv prob = 0.250000   acc = 0.672
  waterbird_complete50 = 1, forest2water2 = 1  [n = 134]:	loss = 1.614  exp loss = 1.641  adjusted loss = 1.641  adv prob = 0.250000   acc = 0.687
Current lr: 0.000010
Current validation accuracy: 0.6716418266296387


Epoch [78]:
Training:
Average incurred loss: 0.061  
Average sample loss: 0.087  
Average acc: 0.973  
  waterbird_complete50 = 0, forest2water2 = 0  [n = 61]:	loss = 0.000  exp loss = 0.000  adjusted loss = 0.000  adv prob = 0.250000   acc = 1.000
  waterbird_complete50 = 0, forest2water2 = 1  [n = 53]:	loss = 0.000  exp loss = 0.000  adjusted loss = 0.000  adv prob = 0.250000   acc = 1.000
  waterbird_complete50 = 1, forest2water2 = 0  [n = 52]:	loss = 0.179  exp loss = 0.176  adjusted loss = 0.176  adv prob = 0.250000   acc = 0.923
  waterbird_complete50 = 1, forest2water2 = 1  [n = 59]:	loss = 0.076  exp loss = 0.099  adjusted loss = 0.099  adv prob = 0.250000   acc = 0.966

Validation:
Average incurred loss: 0.436  
Average sample loss: 0.430  
Average acc: 0.921  
  waterbird_complete50 = 0, forest2water2 = 0  [n = 465]:	loss = 0.001  exp loss = 0.001  adjusted loss = 0.001  adv prob = 0.250000   acc = 1.000
  waterbird_complete50 = 0, forest2water2 = 1  [n = 466]:	loss = 0.017  exp loss = 0.015  adjusted loss = 0.015  adv prob = 0.250000   acc = 0.994
  waterbird_complete50 = 1, forest2water2 = 0  [n = 134]:	loss = 2.097  exp loss = 2.412  adjusted loss = 2.412  adv prob = 0.250000   acc = 0.657
  waterbird_complete50 = 1, forest2water2 = 1  [n = 134]:	loss = 1.744  exp loss = 1.760  adjusted loss = 1.760  adv prob = 0.250000   acc = 0.657
Current lr: 0.000010
Current validation accuracy: 0.6567164659500122


Epoch [79]:
Training:
Average incurred loss: 0.049  
Average sample loss: 0.064  
Average acc: 0.987  
  waterbird_complete50 = 0, forest2water2 = 0  [n = 53]:	loss = 0.000  exp loss = 0.000  adjusted loss = 0.000  adv prob = 0.250000   acc = 1.000
  waterbird_complete50 = 0, forest2water2 = 1  [n = 62]:	loss = 0.000  exp loss = 0.000  adjusted loss = 0.000  adv prob = 0.250000   acc = 1.000
  waterbird_complete50 = 1, forest2water2 = 0  [n = 58]:	loss = 0.133  exp loss = 0.167  adjusted loss = 0.167  adv prob = 0.250000   acc = 0.966
  waterbird_complete50 = 1, forest2water2 = 1  [n = 52]:	loss = 0.064  exp loss = 0.096  adjusted loss = 0.096  adv prob = 0.250000   acc = 0.981

Validation:
Average incurred loss: 0.452  
Average sample loss: 0.445  
Average acc: 0.920  
  waterbird_complete50 = 0, forest2water2 = 0  [n = 465]:	loss = 0.001  exp loss = 0.001  adjusted loss = 0.001  adv prob = 0.250000   acc = 1.000
  waterbird_complete50 = 0, forest2water2 = 1  [n = 466]:	loss = 0.017  exp loss = 0.015  adjusted loss = 0.015  adv prob = 0.250000   acc = 0.994
  waterbird_complete50 = 1, forest2water2 = 0  [n = 134]:	loss = 2.162  exp loss = 2.484  adjusted loss = 2.484  adv prob = 0.250000   acc = 0.657
  waterbird_complete50 = 1, forest2water2 = 1  [n = 134]:	loss = 1.818  exp loss = 1.830  adjusted loss = 1.830  adv prob = 0.250000   acc = 0.649
Current lr: 0.000010
Current validation accuracy: 0.6492537260055542


Epoch [80]:
Training:
Average incurred loss: 0.137  
Average sample loss: 0.124  
Average acc: 0.956  
  waterbird_complete50 = 0, forest2water2 = 0  [n = 49]:	loss = 0.000  exp loss = 0.000  adjusted loss = 0.000  adv prob = 0.250000   acc = 1.000
  waterbird_complete50 = 0, forest2water2 = 1  [n = 48]:	loss = 0.000  exp loss = 0.000  adjusted loss = 0.000  adv prob = 0.250000   acc = 1.000
  waterbird_complete50 = 1, forest2water2 = 0  [n = 68]:	loss = 0.252  exp loss = 0.184  adjusted loss = 0.184  adv prob = 0.250000   acc = 0.926
  waterbird_complete50 = 1, forest2water2 = 1  [n = 60]:	loss = 0.227  exp loss = 0.125  adjusted loss = 0.125  adv prob = 0.250000   acc = 0.917

Validation:
Average incurred loss: 0.488  
Average sample loss: 0.481  
Average acc: 0.917  
  waterbird_complete50 = 0, forest2water2 = 0  [n = 465]:	loss = 0.001  exp loss = 0.000  adjusted loss = 0.000  adv prob = 0.250000   acc = 1.000
  waterbird_complete50 = 0, forest2water2 = 1  [n = 466]:	loss = 0.014  exp loss = 0.013  adjusted loss = 0.013  adv prob = 0.250000   acc = 0.996
  waterbird_complete50 = 1, forest2water2 = 0  [n = 134]:	loss = 2.329  exp loss = 2.687  adjusted loss = 2.687  adv prob = 0.250000   acc = 0.642
  waterbird_complete50 = 1, forest2water2 = 1  [n = 134]:	loss = 1.983  exp loss = 1.988  adjusted loss = 1.988  adv prob = 0.250000   acc = 0.634
Current lr: 0.000010
Current validation accuracy: 0.634328305721283


Epoch [81]:
Training:
Average incurred loss: 0.093  
Average sample loss: 0.084  
Average acc: 0.969  
  waterbird_complete50 = 0, forest2water2 = 0  [n = 58]:	loss = 0.000  exp loss = 0.000  adjusted loss = 0.000  adv prob = 0.250000   acc = 1.000
  waterbird_complete50 = 0, forest2water2 = 1  [n = 47]:	loss = 0.000  exp loss = 0.000  adjusted loss = 0.000  adv prob = 0.250000   acc = 1.000
  waterbird_complete50 = 1, forest2water2 = 0  [n = 50]:	loss = 0.227  exp loss = 0.186  adjusted loss = 0.186  adv prob = 0.250000   acc = 0.920
  waterbird_complete50 = 1, forest2water2 = 1  [n = 70]:	loss = 0.135  exp loss = 0.124  adjusted loss = 0.124  adv prob = 0.250000   acc = 0.957

Validation:
Average incurred loss: 0.492  
Average sample loss: 0.485  
Average acc: 0.916  
  waterbird_complete50 = 0, forest2water2 = 0  [n = 465]:	loss = 0.001  exp loss = 0.000  adjusted loss = 0.000  adv prob = 0.250000   acc = 1.000
  waterbird_complete50 = 0, forest2water2 = 1  [n = 466]:	loss = 0.013  exp loss = 0.011  adjusted loss = 0.011  adv prob = 0.250000   acc = 0.996
  waterbird_complete50 = 1, forest2water2 = 0  [n = 134]:	loss = 2.351  exp loss = 2.717  adjusted loss = 2.717  adv prob = 0.250000   acc = 0.642
  waterbird_complete50 = 1, forest2water2 = 1  [n = 134]:	loss = 2.008  exp loss = 2.018  adjusted loss = 2.018  adv prob = 0.250000   acc = 0.619
Current lr: 0.000010
Current validation accuracy: 0.6194030046463013


Epoch [82]:
Training:
Average incurred loss: 0.079  
Average sample loss: 0.127  
Average acc: 0.964  
  waterbird_complete50 = 0, forest2water2 = 0  [n = 52]:	loss = 0.000  exp loss = 0.000  adjusted loss = 0.000  adv prob = 0.250000   acc = 1.000
  waterbird_complete50 = 0, forest2water2 = 1  [n = 64]:	loss = 0.000  exp loss = 0.000  adjusted loss = 0.000  adv prob = 0.250000   acc = 1.000
  waterbird_complete50 = 1, forest2water2 = 0  [n = 53]:	loss = 0.159  exp loss = 0.220  adjusted loss = 0.220  adv prob = 0.250000   acc = 0.943
  waterbird_complete50 = 1, forest2water2 = 1  [n = 56]:	loss = 0.166  exp loss = 0.152  adjusted loss = 0.152  adv prob = 0.250000   acc = 0.911

Validation:
Average incurred loss: 0.493  
Average sample loss: 0.486  
Average acc: 0.916  
  waterbird_complete50 = 0, forest2water2 = 0  [n = 465]:	loss = 0.001  exp loss = 0.000  adjusted loss = 0.000  adv prob = 0.250000   acc = 1.000
  waterbird_complete50 = 0, forest2water2 = 1  [n = 466]:	loss = 0.013  exp loss = 0.012  adjusted loss = 0.012  adv prob = 0.250000   acc = 0.996
  waterbird_complete50 = 1, forest2water2 = 0  [n = 134]:	loss = 2.351  exp loss = 2.715  adjusted loss = 2.715  adv prob = 0.250000   acc = 0.634
  waterbird_complete50 = 1, forest2water2 = 1  [n = 134]:	loss = 2.011  exp loss = 2.013  adjusted loss = 2.013  adv prob = 0.250000   acc = 0.627
Current lr: 0.000010
Current validation accuracy: 0.6268656253814697


Epoch [83]:
Training:
Average incurred loss: 0.067  
Average sample loss: 0.059  
Average acc: 0.969  
  waterbird_complete50 = 0, forest2water2 = 0  [n = 57]:	loss = 0.000  exp loss = 0.000  adjusted loss = 0.000  adv prob = 0.250000   acc = 1.000
  waterbird_complete50 = 0, forest2water2 = 1  [n = 57]:	loss = 0.000  exp loss = 0.000  adjusted loss = 0.000  adv prob = 0.250000   acc = 1.000
  waterbird_complete50 = 1, forest2water2 = 0  [n = 55]:	loss = 0.213  exp loss = 0.190  adjusted loss = 0.190  adv prob = 0.250000   acc = 0.909
  waterbird_complete50 = 1, forest2water2 = 1  [n = 56]:	loss = 0.058  exp loss = 0.118  adjusted loss = 0.118  adv prob = 0.250000   acc = 0.964

Validation:
Average incurred loss: 0.486  
Average sample loss: 0.479  
Average acc: 0.916  
  waterbird_complete50 = 0, forest2water2 = 0  [n = 465]:	loss = 0.001  exp loss = 0.000  adjusted loss = 0.000  adv prob = 0.250000   acc = 1.000
  waterbird_complete50 = 0, forest2water2 = 1  [n = 466]:	loss = 0.013  exp loss = 0.011  adjusted loss = 0.011  adv prob = 0.250000   acc = 0.996
  waterbird_complete50 = 1, forest2water2 = 0  [n = 134]:	loss = 2.323  exp loss = 2.673  adjusted loss = 2.673  adv prob = 0.250000   acc = 0.634
  waterbird_complete50 = 1, forest2water2 = 1  [n = 134]:	loss = 1.979  exp loss = 1.976  adjusted loss = 1.976  adv prob = 0.250000   acc = 0.627
Current lr: 0.000010
Current validation accuracy: 0.6268656253814697


Epoch [84]:
Training:
Average incurred loss: 0.055  
Average sample loss: 0.060  
Average acc: 0.982  
  waterbird_complete50 = 0, forest2water2 = 0  [n = 49]:	loss = 0.000  exp loss = 0.000  adjusted loss = 0.000  adv prob = 0.250000   acc = 1.000
  waterbird_complete50 = 0, forest2water2 = 1  [n = 55]:	loss = 0.000  exp loss = 0.000  adjusted loss = 0.000  adv prob = 0.250000   acc = 1.000
  waterbird_complete50 = 1, forest2water2 = 0  [n = 56]:	loss = 0.116  exp loss = 0.178  adjusted loss = 0.178  adv prob = 0.250000   acc = 0.964
  waterbird_complete50 = 1, forest2water2 = 1  [n = 65]:	loss = 0.089  exp loss = 0.106  adjusted loss = 0.106  adv prob = 0.250000   acc = 0.969

Validation:
Average incurred loss: 0.493  
Average sample loss: 0.486  
Average acc: 0.915  
  waterbird_complete50 = 0, forest2water2 = 0  [n = 465]:	loss = 0.001  exp loss = 0.000  adjusted loss = 0.000  adv prob = 0.250000   acc = 1.000
  waterbird_complete50 = 0, forest2water2 = 1  [n = 466]:	loss = 0.013  exp loss = 0.012  adjusted loss = 0.012  adv prob = 0.250000   acc = 0.996
  waterbird_complete50 = 1, forest2water2 = 0  [n = 134]:	loss = 2.360  exp loss = 2.732  adjusted loss = 2.732  adv prob = 0.250000   acc = 0.634
  waterbird_complete50 = 1, forest2water2 = 1  [n = 134]:	loss = 2.002  exp loss = 2.005  adjusted loss = 2.005  adv prob = 0.250000   acc = 0.619
Current lr: 0.000010
Current validation accuracy: 0.6194030046463013


Epoch [85]:
Training:
Average incurred loss: 0.038  
Average sample loss: 0.036  
Average acc: 0.991  
  waterbird_complete50 = 0, forest2water2 = 0  [n = 60]:	loss = 0.000  exp loss = 0.000  adjusted loss = 0.000  adv prob = 0.250000   acc = 1.000
  waterbird_complete50 = 0, forest2water2 = 1  [n = 50]:	loss = 0.000  exp loss = 0.000  adjusted loss = 0.000  adv prob = 0.250000   acc = 1.000
  waterbird_complete50 = 1, forest2water2 = 0  [n = 59]:	loss = 0.107  exp loss = 0.152  adjusted loss = 0.152  adv prob = 0.250000   acc = 0.966
  waterbird_complete50 = 1, forest2water2 = 1  [n = 56]:	loss = 0.039  exp loss = 0.082  adjusted loss = 0.082  adv prob = 0.250000   acc = 1.000

Validation:
Average incurred loss: 0.499  
Average sample loss: 0.492  
Average acc: 0.914  
  waterbird_complete50 = 0, forest2water2 = 0  [n = 465]:	loss = 0.000  exp loss = 0.000  adjusted loss = 0.000  adv prob = 0.250000   acc = 1.000
  waterbird_complete50 = 0, forest2water2 = 1  [n = 466]:	loss = 0.013  exp loss = 0.012  adjusted loss = 0.012  adv prob = 0.250000   acc = 0.996
  waterbird_complete50 = 1, forest2water2 = 0  [n = 134]:	loss = 2.393  exp loss = 2.761  adjusted loss = 2.761  adv prob = 0.250000   acc = 0.634
  waterbird_complete50 = 1, forest2water2 = 1  [n = 134]:	loss = 2.028  exp loss = 2.029  adjusted loss = 2.029  adv prob = 0.250000   acc = 0.612
Current lr: 0.000010
Current validation accuracy: 0.611940324306488


Epoch [86]:
Training:
Average incurred loss: 0.042  
Average sample loss: 0.038  
Average acc: 0.991  
  waterbird_complete50 = 0, forest2water2 = 0  [n = 58]:	loss = 0.000  exp loss = 0.000  adjusted loss = 0.000  adv prob = 0.250000   acc = 1.000
  waterbird_complete50 = 0, forest2water2 = 1  [n = 63]:	loss = 0.000  exp loss = 0.000  adjusted loss = 0.000  adv prob = 0.250000   acc = 1.000
  waterbird_complete50 = 1, forest2water2 = 0  [n = 50]:	loss = 0.094  exp loss = 0.125  adjusted loss = 0.125  adv prob = 0.250000   acc = 0.980
  waterbird_complete50 = 1, forest2water2 = 1  [n = 54]:	loss = 0.089  exp loss = 0.078  adjusted loss = 0.078  adv prob = 0.250000   acc = 0.981

Validation:
Average incurred loss: 0.456  
Average sample loss: 0.449  
Average acc: 0.919  
  waterbird_complete50 = 0, forest2water2 = 0  [n = 465]:	loss = 0.001  exp loss = 0.000  adjusted loss = 0.000  adv prob = 0.250000   acc = 1.000
  waterbird_complete50 = 0, forest2water2 = 1  [n = 466]:	loss = 0.016  exp loss = 0.014  adjusted loss = 0.014  adv prob = 0.250000   acc = 0.994
  waterbird_complete50 = 1, forest2water2 = 0  [n = 134]:	loss = 2.196  exp loss = 2.529  adjusted loss = 2.529  adv prob = 0.250000   acc = 0.649
  waterbird_complete50 = 1, forest2water2 = 1  [n = 134]:	loss = 1.822  exp loss = 1.833  adjusted loss = 1.833  adv prob = 0.250000   acc = 0.649
Current lr: 0.000010
Current validation accuracy: 0.6492537260055542


Epoch [87]:
Training:
Average incurred loss: 0.035  
Average sample loss: 0.036  
Average acc: 0.991  
  waterbird_complete50 = 0, forest2water2 = 0  [n = 58]:	loss = 0.000  exp loss = 0.000  adjusted loss = 0.000  adv prob = 0.250000   acc = 1.000
  waterbird_complete50 = 0, forest2water2 = 1  [n = 53]:	loss = 0.000  exp loss = 0.000  adjusted loss = 0.000  adv prob = 0.250000   acc = 1.000
  waterbird_complete50 = 1, forest2water2 = 0  [n = 56]:	loss = 0.067  exp loss = 0.108  adjusted loss = 0.108  adv prob = 0.250000   acc = 1.000
  waterbird_complete50 = 1, forest2water2 = 1  [n = 58]:	loss = 0.070  exp loss = 0.072  adjusted loss = 0.072  adv prob = 0.250000   acc = 0.966

Validation:
Average incurred loss: 0.468  
Average sample loss: 0.461  
Average acc: 0.917  
  waterbird_complete50 = 0, forest2water2 = 0  [n = 465]:	loss = 0.001  exp loss = 0.000  adjusted loss = 0.000  adv prob = 0.250000   acc = 1.000
  waterbird_complete50 = 0, forest2water2 = 1  [n = 466]:	loss = 0.014  exp loss = 0.013  adjusted loss = 0.013  adv prob = 0.250000   acc = 0.996
  waterbird_complete50 = 1, forest2water2 = 0  [n = 134]:	loss = 2.257  exp loss = 2.601  adjusted loss = 2.601  adv prob = 0.250000   acc = 0.642
  waterbird_complete50 = 1, forest2water2 = 1  [n = 134]:	loss = 1.875  exp loss = 1.884  adjusted loss = 1.884  adv prob = 0.250000   acc = 0.634
Current lr: 0.000010
Current validation accuracy: 0.634328305721283


Epoch [88]:
Training:
Average incurred loss: 0.036  
Average sample loss: 0.032  
Average acc: 0.982  
  waterbird_complete50 = 0, forest2water2 = 0  [n = 56]:	loss = 0.000  exp loss = 0.000  adjusted loss = 0.000  adv prob = 0.250000   acc = 1.000
  waterbird_complete50 = 0, forest2water2 = 1  [n = 58]:	loss = 0.000  exp loss = 0.000  adjusted loss = 0.000  adv prob = 0.250000   acc = 1.000
  waterbird_complete50 = 1, forest2water2 = 0  [n = 45]:	loss = 0.081  exp loss = 0.094  adjusted loss = 0.094  adv prob = 0.250000   acc = 0.978
  waterbird_complete50 = 1, forest2water2 = 1  [n = 66]:	loss = 0.069  exp loss = 0.063  adjusted loss = 0.063  adv prob = 0.250000   acc = 0.955

Validation:
Average incurred loss: 0.448  
Average sample loss: 0.442  
Average acc: 0.919  
  waterbird_complete50 = 0, forest2water2 = 0  [n = 465]:	loss = 0.001  exp loss = 0.000  adjusted loss = 0.000  adv prob = 0.250000   acc = 1.000
  waterbird_complete50 = 0, forest2water2 = 1  [n = 466]:	loss = 0.016  exp loss = 0.014  adjusted loss = 0.014  adv prob = 0.250000   acc = 0.994
  waterbird_complete50 = 1, forest2water2 = 0  [n = 134]:	loss = 2.181  exp loss = 2.517  adjusted loss = 2.517  adv prob = 0.250000   acc = 0.649
  waterbird_complete50 = 1, forest2water2 = 1  [n = 134]:	loss = 1.773  exp loss = 1.780  adjusted loss = 1.780  adv prob = 0.250000   acc = 0.649
Current lr: 0.000010
Current validation accuracy: 0.6492537260055542


Epoch [89]:
Training:
Average incurred loss: 0.272  
Average sample loss: 0.240  
Average acc: 0.902  
  waterbird_complete50 = 0, forest2water2 = 0  [n = 52]:	loss = 0.000  exp loss = 0.000  adjusted loss = 0.000  adv prob = 0.250000   acc = 1.000
  waterbird_complete50 = 0, forest2water2 = 1  [n = 55]:	loss = 0.000  exp loss = 0.000  adjusted loss = 0.000  adv prob = 0.250000   acc = 1.000
  waterbird_complete50 = 1, forest2water2 = 0  [n = 57]:	loss = 0.558  exp loss = 0.196  adjusted loss = 0.196  adv prob = 0.250000   acc = 0.772
  waterbird_complete50 = 1, forest2water2 = 1  [n = 61]:	loss = 0.481  exp loss = 0.167  adjusted loss = 0.167  adv prob = 0.250000   acc = 0.852

Validation:
Average incurred loss: 0.456  
Average sample loss: 0.449  
Average acc: 0.919  
  waterbird_complete50 = 0, forest2water2 = 0  [n = 465]:	loss = 0.001  exp loss = 0.000  adjusted loss = 0.000  adv prob = 0.250000   acc = 1.000
  waterbird_complete50 = 0, forest2water2 = 1  [n = 466]:	loss = 0.015  exp loss = 0.014  adjusted loss = 0.014  adv prob = 0.250000   acc = 0.994
  waterbird_complete50 = 1, forest2water2 = 0  [n = 134]:	loss = 2.207  exp loss = 2.542  adjusted loss = 2.542  adv prob = 0.250000   acc = 0.649
  waterbird_complete50 = 1, forest2water2 = 1  [n = 134]:	loss = 1.813  exp loss = 1.823  adjusted loss = 1.823  adv prob = 0.250000   acc = 0.649
Current lr: 0.000010
Current validation accuracy: 0.6492537260055542


Epoch [90]:
Training:
Average incurred loss: 0.066  
Average sample loss: 0.061  
Average acc: 0.987  
  waterbird_complete50 = 0, forest2water2 = 0  [n = 56]:	loss = 0.000  exp loss = 0.000  adjusted loss = 0.000  adv prob = 0.250000   acc = 1.000
  waterbird_complete50 = 0, forest2water2 = 1  [n = 55]:	loss = 0.000  exp loss = 0.000  adjusted loss = 0.000  adv prob = 0.250000   acc = 1.000
  waterbird_complete50 = 1, forest2water2 = 0  [n = 57]:	loss = 0.204  exp loss = 0.176  adjusted loss = 0.176  adv prob = 0.250000   acc = 0.947
  waterbird_complete50 = 1, forest2water2 = 1  [n = 57]:	loss = 0.054  exp loss = 0.133  adjusted loss = 0.133  adv prob = 0.250000   acc = 1.000

Validation:
Average incurred loss: 0.451  
Average sample loss: 0.445  
Average acc: 0.919  
  waterbird_complete50 = 0, forest2water2 = 0  [n = 465]:	loss = 0.001  exp loss = 0.000  adjusted loss = 0.000  adv prob = 0.250000   acc = 1.000
  waterbird_complete50 = 0, forest2water2 = 1  [n = 466]:	loss = 0.016  exp loss = 0.014  adjusted loss = 0.014  adv prob = 0.250000   acc = 0.994
  waterbird_complete50 = 1, forest2water2 = 0  [n = 134]:	loss = 2.179  exp loss = 2.504  adjusted loss = 2.504  adv prob = 0.250000   acc = 0.649
  waterbird_complete50 = 1, forest2water2 = 1  [n = 134]:	loss = 1.803  exp loss = 1.816  adjusted loss = 1.816  adv prob = 0.250000   acc = 0.649
Current lr: 0.000010
Current validation accuracy: 0.6492537260055542


Epoch [91]:
Training:
Average incurred loss: 0.021  
Average sample loss: 0.031  
Average acc: 0.996  
  waterbird_complete50 = 0, forest2water2 = 0  [n = 63]:	loss = 0.000  exp loss = 0.000  adjusted loss = 0.000  adv prob = 0.250000   acc = 1.000
  waterbird_complete50 = 0, forest2water2 = 1  [n = 52]:	loss = 0.000  exp loss = 0.000  adjusted loss = 0.000  adv prob = 0.250000   acc = 1.000
  waterbird_complete50 = 1, forest2water2 = 0  [n = 66]:	loss = 0.059  exp loss = 0.148  adjusted loss = 0.148  adv prob = 0.250000   acc = 0.985
  waterbird_complete50 = 1, forest2water2 = 1  [n = 44]:	loss = 0.020  exp loss = 0.095  adjusted loss = 0.095  adv prob = 0.250000   acc = 1.000

Validation:
Average incurred loss: 0.441  
Average sample loss: 0.435  
Average acc: 0.920  
  waterbird_complete50 = 0, forest2water2 = 0  [n = 465]:	loss = 0.001  exp loss = 0.000  adjusted loss = 0.000  adv prob = 0.250000   acc = 1.000
  waterbird_complete50 = 0, forest2water2 = 1  [n = 466]:	loss = 0.017  exp loss = 0.015  adjusted loss = 0.015  adv prob = 0.250000   acc = 0.994
  waterbird_complete50 = 1, forest2water2 = 0  [n = 134]:	loss = 2.139  exp loss = 2.431  adjusted loss = 2.431  adv prob = 0.250000   acc = 0.649
  waterbird_complete50 = 1, forest2water2 = 1  [n = 134]:	loss = 1.744  exp loss = 1.762  adjusted loss = 1.762  adv prob = 0.250000   acc = 0.657
Current lr: 0.000010
Current validation accuracy: 0.6492537260055542


Epoch [92]:
Training:
Average incurred loss: 0.052  
Average sample loss: 0.064  
Average acc: 0.991  
  waterbird_complete50 = 0, forest2water2 = 0  [n = 58]:	loss = 0.000  exp loss = 0.000  adjusted loss = 0.000  adv prob = 0.250000   acc = 1.000
  waterbird_complete50 = 0, forest2water2 = 1  [n = 54]:	loss = 0.000  exp loss = 0.000  adjusted loss = 0.000  adv prob = 0.250000   acc = 1.000
  waterbird_complete50 = 1, forest2water2 = 0  [n = 49]:	loss = 0.135  exp loss = 0.147  adjusted loss = 0.147  adv prob = 0.250000   acc = 0.980
  waterbird_complete50 = 1, forest2water2 = 1  [n = 64]:	loss = 0.080  exp loss = 0.099  adjusted loss = 0.099  adv prob = 0.250000   acc = 0.984

Validation:
Average incurred loss: 0.445  
Average sample loss: 0.439  
Average acc: 0.920  
  waterbird_complete50 = 0, forest2water2 = 0  [n = 465]:	loss = 0.001  exp loss = 0.001  adjusted loss = 0.001  adv prob = 0.250000   acc = 1.000
  waterbird_complete50 = 0, forest2water2 = 1  [n = 466]:	loss = 0.016  exp loss = 0.014  adjusted loss = 0.014  adv prob = 0.250000   acc = 0.994
  waterbird_complete50 = 1, forest2water2 = 0  [n = 134]:	loss = 2.138  exp loss = 2.434  adjusted loss = 2.434  adv prob = 0.250000   acc = 0.649
  waterbird_complete50 = 1, forest2water2 = 1  [n = 134]:	loss = 1.786  exp loss = 1.803  adjusted loss = 1.803  adv prob = 0.250000   acc = 0.657
Current lr: 0.000010
Current validation accuracy: 0.6492537260055542


Epoch [93]:
Training:
Average incurred loss: 0.090  
Average sample loss: 0.127  
Average acc: 0.956  
  waterbird_complete50 = 0, forest2water2 = 0  [n = 55]:	loss = 0.000  exp loss = 0.000  adjusted loss = 0.000  adv prob = 0.250000   acc = 1.000
  waterbird_complete50 = 0, forest2water2 = 1  [n = 61]:	loss = 0.000  exp loss = 0.000  adjusted loss = 0.000  adv prob = 0.250000   acc = 1.000
  waterbird_complete50 = 1, forest2water2 = 0  [n = 53]:	loss = 0.279  exp loss = 0.207  adjusted loss = 0.207  adv prob = 0.250000   acc = 0.868
  waterbird_complete50 = 1, forest2water2 = 1  [n = 56]:	loss = 0.098  exp loss = 0.111  adjusted loss = 0.111  adv prob = 0.250000   acc = 0.946

Validation:
Average incurred loss: 0.453  
Average sample loss: 0.446  
Average acc: 0.917  
  waterbird_complete50 = 0, forest2water2 = 0  [n = 465]:	loss = 0.001  exp loss = 0.000  adjusted loss = 0.000  adv prob = 0.250000   acc = 1.000
  waterbird_complete50 = 0, forest2water2 = 1  [n = 466]:	loss = 0.016  exp loss = 0.014  adjusted loss = 0.014  adv prob = 0.250000   acc = 0.994
  waterbird_complete50 = 1, forest2water2 = 0  [n = 134]:	loss = 2.172  exp loss = 2.486  adjusted loss = 2.486  adv prob = 0.250000   acc = 0.649
  waterbird_complete50 = 1, forest2water2 = 1  [n = 134]:	loss = 1.822  exp loss = 1.833  adjusted loss = 1.833  adv prob = 0.250000   acc = 0.634
Current lr: 0.000010
Current validation accuracy: 0.634328305721283


Epoch [94]:
Training:
Average incurred loss: 0.051  
Average sample loss: 0.046  
Average acc: 0.982  
  waterbird_complete50 = 0, forest2water2 = 0  [n = 50]:	loss = 0.000  exp loss = 0.000  adjusted loss = 0.000  adv prob = 0.250000   acc = 1.000
  waterbird_complete50 = 0, forest2water2 = 1  [n = 57]:	loss = 0.000  exp loss = 0.000  adjusted loss = 0.000  adv prob = 0.250000   acc = 1.000
  waterbird_complete50 = 1, forest2water2 = 0  [n = 66]:	loss = 0.114  exp loss = 0.171  adjusted loss = 0.171  adv prob = 0.250000   acc = 0.955
  waterbird_complete50 = 1, forest2water2 = 1  [n = 52]:	loss = 0.074  exp loss = 0.092  adjusted loss = 0.092  adv prob = 0.250000   acc = 0.981

Validation:
Average incurred loss: 0.458  
Average sample loss: 0.451  
Average acc: 0.917  
  waterbird_complete50 = 0, forest2water2 = 0  [n = 465]:	loss = 0.001  exp loss = 0.000  adjusted loss = 0.000  adv prob = 0.250000   acc = 1.000
  waterbird_complete50 = 0, forest2water2 = 1  [n = 466]:	loss = 0.016  exp loss = 0.015  adjusted loss = 0.015  adv prob = 0.250000   acc = 0.994
  waterbird_complete50 = 1, forest2water2 = 0  [n = 134]:	loss = 2.204  exp loss = 2.527  adjusted loss = 2.527  adv prob = 0.250000   acc = 0.649
  waterbird_complete50 = 1, forest2water2 = 1  [n = 134]:	loss = 1.831  exp loss = 1.841  adjusted loss = 1.841  adv prob = 0.250000   acc = 0.634
Current lr: 0.000010
Current validation accuracy: 0.634328305721283


Epoch [95]:
Training:
Average incurred loss: 0.020  
Average sample loss: 0.020  
Average acc: 1.000  
  waterbird_complete50 = 0, forest2water2 = 0  [n = 60]:	loss = 0.000  exp loss = 0.000  adjusted loss = 0.000  adv prob = 0.250000   acc = 1.000
  waterbird_complete50 = 0, forest2water2 = 1  [n = 53]:	loss = 0.000  exp loss = 0.000  adjusted loss = 0.000  adv prob = 0.250000   acc = 1.000
  waterbird_complete50 = 1, forest2water2 = 0  [n = 49]:	loss = 0.058  exp loss = 0.132  adjusted loss = 0.132  adv prob = 0.250000   acc = 1.000
  waterbird_complete50 = 1, forest2water2 = 1  [n = 63]:	loss = 0.027  exp loss = 0.070  adjusted loss = 0.070  adv prob = 0.250000   acc = 1.000

Validation:
Average incurred loss: 0.464  
Average sample loss: 0.458  
Average acc: 0.918  
  waterbird_complete50 = 0, forest2water2 = 0  [n = 465]:	loss = 0.001  exp loss = 0.000  adjusted loss = 0.000  adv prob = 0.250000   acc = 1.000
  waterbird_complete50 = 0, forest2water2 = 1  [n = 466]:	loss = 0.015  exp loss = 0.013  adjusted loss = 0.013  adv prob = 0.250000   acc = 0.994
  waterbird_complete50 = 1, forest2water2 = 0  [n = 134]:	loss = 2.225  exp loss = 2.558  adjusted loss = 2.558  adv prob = 0.250000   acc = 0.642
  waterbird_complete50 = 1, forest2water2 = 1  [n = 134]:	loss = 1.874  exp loss = 1.881  adjusted loss = 1.881  adv prob = 0.250000   acc = 0.649
Current lr: 0.000010
Current validation accuracy: 0.6417911052703857


Epoch [96]:
Training:
Average incurred loss: 0.066  
Average sample loss: 0.061  
Average acc: 0.969  
  waterbird_complete50 = 0, forest2water2 = 0  [n = 55]:	loss = 0.000  exp loss = 0.000  adjusted loss = 0.000  adv prob = 0.250000   acc = 1.000
  waterbird_complete50 = 0, forest2water2 = 1  [n = 57]:	loss = 0.000  exp loss = 0.000  adjusted loss = 0.000  adv prob = 0.250000   acc = 1.000
  waterbird_complete50 = 1, forest2water2 = 0  [n = 67]:	loss = 0.109  exp loss = 0.121  adjusted loss = 0.121  adv prob = 0.250000   acc = 0.925
  waterbird_complete50 = 1, forest2water2 = 1  [n = 46]:	loss = 0.163  exp loss = 0.096  adjusted loss = 0.096  adv prob = 0.250000   acc = 0.957

Validation:
Average incurred loss: 0.462  
Average sample loss: 0.456  
Average acc: 0.917  
  waterbird_complete50 = 0, forest2water2 = 0  [n = 465]:	loss = 0.001  exp loss = 0.000  adjusted loss = 0.000  adv prob = 0.250000   acc = 1.000
  waterbird_complete50 = 0, forest2water2 = 1  [n = 466]:	loss = 0.015  exp loss = 0.014  adjusted loss = 0.014  adv prob = 0.250000   acc = 0.994
  waterbird_complete50 = 1, forest2water2 = 0  [n = 134]:	loss = 2.226  exp loss = 2.565  adjusted loss = 2.565  adv prob = 0.250000   acc = 0.642
  waterbird_complete50 = 1, forest2water2 = 1  [n = 134]:	loss = 1.854  exp loss = 1.869  adjusted loss = 1.869  adv prob = 0.250000   acc = 0.642
Current lr: 0.000010
Current validation accuracy: 0.6417909860610962


Epoch [97]:
Training:
Average incurred loss: 0.071  
Average sample loss: 0.073  
Average acc: 0.969  
  waterbird_complete50 = 0, forest2water2 = 0  [n = 51]:	loss = 0.000  exp loss = 0.000  adjusted loss = 0.000  adv prob = 0.250000   acc = 1.000
  waterbird_complete50 = 0, forest2water2 = 1  [n = 58]:	loss = 0.000  exp loss = 0.000  adjusted loss = 0.000  adv prob = 0.250000   acc = 1.000
  waterbird_complete50 = 1, forest2water2 = 0  [n = 55]:	loss = 0.176  exp loss = 0.139  adjusted loss = 0.139  adv prob = 0.250000   acc = 0.909
  waterbird_complete50 = 1, forest2water2 = 1  [n = 61]:	loss = 0.104  exp loss = 0.098  adjusted loss = 0.098  adv prob = 0.250000   acc = 0.967

Validation:
Average incurred loss: 0.480  
Average sample loss: 0.473  
Average acc: 0.915  
  waterbird_complete50 = 0, forest2water2 = 0  [n = 465]:	loss = 0.001  exp loss = 0.000  adjusted loss = 0.000  adv prob = 0.250000   acc = 1.000
  waterbird_complete50 = 0, forest2water2 = 1  [n = 466]:	loss = 0.014  exp loss = 0.013  adjusted loss = 0.013  adv prob = 0.250000   acc = 0.994
  waterbird_complete50 = 1, forest2water2 = 0  [n = 134]:	loss = 2.299  exp loss = 2.659  adjusted loss = 2.659  adv prob = 0.250000   acc = 0.634
  waterbird_complete50 = 1, forest2water2 = 1  [n = 134]:	loss = 1.939  exp loss = 1.952  adjusted loss = 1.952  adv prob = 0.250000   acc = 0.627
Current lr: 0.000010
Current validation accuracy: 0.6268656849861145


Epoch [98]:
Training:
Average incurred loss: 0.034  
Average sample loss: 0.030  
Average acc: 0.991  
  waterbird_complete50 = 0, forest2water2 = 0  [n = 57]:	loss = 0.000  exp loss = 0.000  adjusted loss = 0.000  adv prob = 0.250000   acc = 1.000
  waterbird_complete50 = 0, forest2water2 = 1  [n = 56]:	loss = 0.000  exp loss = 0.000  adjusted loss = 0.000  adv prob = 0.250000   acc = 1.000
  waterbird_complete50 = 1, forest2water2 = 0  [n = 47]:	loss = 0.081  exp loss = 0.115  adjusted loss = 0.115  adv prob = 0.250000   acc = 0.979
  waterbird_complete50 = 1, forest2water2 = 1  [n = 65]:	loss = 0.058  exp loss = 0.080  adjusted loss = 0.080  adv prob = 0.250000   acc = 0.985

Validation:
Average incurred loss: 0.453  
Average sample loss: 0.446  
Average acc: 0.919  
  waterbird_complete50 = 0, forest2water2 = 0  [n = 465]:	loss = 0.001  exp loss = 0.000  adjusted loss = 0.000  adv prob = 0.250000   acc = 1.000
  waterbird_complete50 = 0, forest2water2 = 1  [n = 466]:	loss = 0.017  exp loss = 0.015  adjusted loss = 0.015  adv prob = 0.250000   acc = 0.994
  waterbird_complete50 = 1, forest2water2 = 0  [n = 134]:	loss = 2.189  exp loss = 2.530  adjusted loss = 2.530  adv prob = 0.250000   acc = 0.642
  waterbird_complete50 = 1, forest2water2 = 1  [n = 134]:	loss = 1.800  exp loss = 1.817  adjusted loss = 1.817  adv prob = 0.250000   acc = 0.657
Current lr: 0.000010
Current validation accuracy: 0.6417911052703857


Epoch [99]:
Training:
Average incurred loss: 0.054  
Average sample loss: 0.047  
Average acc: 0.982  
  waterbird_complete50 = 0, forest2water2 = 0  [n = 49]:	loss = 0.000  exp loss = 0.000  adjusted loss = 0.000  adv prob = 0.250000   acc = 1.000
  waterbird_complete50 = 0, forest2water2 = 1  [n = 63]:	loss = 0.000  exp loss = 0.000  adjusted loss = 0.000  adv prob = 0.250000   acc = 1.000
  waterbird_complete50 = 1, forest2water2 = 0  [n = 58]:	loss = 0.144  exp loss = 0.108  adjusted loss = 0.108  adv prob = 0.250000   acc = 0.948
  waterbird_complete50 = 1, forest2water2 = 1  [n = 55]:	loss = 0.069  exp loss = 0.071  adjusted loss = 0.071  adv prob = 0.250000   acc = 0.982

Validation:
Average incurred loss: 0.421  
Average sample loss: 0.415  
Average acc: 0.922  
  waterbird_complete50 = 0, forest2water2 = 0  [n = 465]:	loss = 0.001  exp loss = 0.001  adjusted loss = 0.001  adv prob = 0.250000   acc = 1.000
  waterbird_complete50 = 0, forest2water2 = 1  [n = 466]:	loss = 0.020  exp loss = 0.018  adjusted loss = 0.018  adv prob = 0.250000   acc = 0.994
  waterbird_complete50 = 1, forest2water2 = 0  [n = 134]:	loss = 2.047  exp loss = 2.349  adjusted loss = 2.349  adv prob = 0.250000   acc = 0.664
  waterbird_complete50 = 1, forest2water2 = 1  [n = 134]:	loss = 1.647  exp loss = 1.664  adjusted loss = 1.664  adv prob = 0.250000   acc = 0.664
Current lr: 0.000010
Current validation accuracy: 0.6641790866851807


Epoch [100]:
Training:
Average incurred loss: 0.079  
Average sample loss: 0.128  
Average acc: 0.964  
  waterbird_complete50 = 0, forest2water2 = 0  [n = 69]:	loss = 0.000  exp loss = 0.000  adjusted loss = 0.000  adv prob = 0.250000   acc = 1.000
  waterbird_complete50 = 0, forest2water2 = 1  [n = 44]:	loss = 0.000  exp loss = 0.000  adjusted loss = 0.000  adv prob = 0.250000   acc = 1.000
  waterbird_complete50 = 1, forest2water2 = 0  [n = 52]:	loss = 0.205  exp loss = 0.175  adjusted loss = 0.175  adv prob = 0.250000   acc = 0.885
  waterbird_complete50 = 1, forest2water2 = 1  [n = 60]:	loss = 0.118  exp loss = 0.106  adjusted loss = 0.106  adv prob = 0.250000   acc = 0.967

Validation:
Average incurred loss: 0.439  
Average sample loss: 0.433  
Average acc: 0.920  
  waterbird_complete50 = 0, forest2water2 = 0  [n = 465]:	loss = 0.001  exp loss = 0.000  adjusted loss = 0.000  adv prob = 0.250000   acc = 1.000
  waterbird_complete50 = 0, forest2water2 = 1  [n = 466]:	loss = 0.017  exp loss = 0.015  adjusted loss = 0.015  adv prob = 0.250000   acc = 0.994
  waterbird_complete50 = 1, forest2water2 = 0  [n = 134]:	loss = 2.146  exp loss = 2.469  adjusted loss = 2.469  adv prob = 0.250000   acc = 0.649
  waterbird_complete50 = 1, forest2water2 = 1  [n = 134]:	loss = 1.723  exp loss = 1.739  adjusted loss = 1.739  adv prob = 0.250000   acc = 0.657
Current lr: 0.000010
Current validation accuracy: 0.6492537260055542


Epoch [101]:
Training:
Average incurred loss: 0.022  
Average sample loss: 0.020  
Average acc: 0.996  
  waterbird_complete50 = 0, forest2water2 = 0  [n = 60]:	loss = 0.000  exp loss = 0.000  adjusted loss = 0.000  adv prob = 0.250000   acc = 1.000
  waterbird_complete50 = 0, forest2water2 = 1  [n = 54]:	loss = 0.000  exp loss = 0.000  adjusted loss = 0.000  adv prob = 0.250000   acc = 1.000
  waterbird_complete50 = 1, forest2water2 = 0  [n = 66]:	loss = 0.062  exp loss = 0.131  adjusted loss = 0.131  adv prob = 0.250000   acc = 0.985
  waterbird_complete50 = 1, forest2water2 = 1  [n = 45]:	loss = 0.019  exp loss = 0.075  adjusted loss = 0.075  adv prob = 0.250000   acc = 1.000

Validation:
Average incurred loss: 0.429  
Average sample loss: 0.423  
Average acc: 0.922  
  waterbird_complete50 = 0, forest2water2 = 0  [n = 465]:	loss = 0.001  exp loss = 0.000  adjusted loss = 0.000  adv prob = 0.250000   acc = 1.000
  waterbird_complete50 = 0, forest2water2 = 1  [n = 466]:	loss = 0.017  exp loss = 0.015  adjusted loss = 0.015  adv prob = 0.250000   acc = 0.994
  waterbird_complete50 = 1, forest2water2 = 0  [n = 134]:	loss = 2.110  exp loss = 2.417  adjusted loss = 2.417  adv prob = 0.250000   acc = 0.649
  waterbird_complete50 = 1, forest2water2 = 1  [n = 134]:	loss = 1.662  exp loss = 1.677  adjusted loss = 1.677  adv prob = 0.250000   acc = 0.679
Current lr: 0.000010
Current validation accuracy: 0.6492537260055542


Epoch [102]:
Training:
Average incurred loss: 0.038  
Average sample loss: 0.045  
Average acc: 0.996  
  waterbird_complete50 = 0, forest2water2 = 0  [n = 53]:	loss = 0.000  exp loss = 0.000  adjusted loss = 0.000  adv prob = 0.250000   acc = 1.000
  waterbird_complete50 = 0, forest2water2 = 1  [n = 62]:	loss = 0.000  exp loss = 0.000  adjusted loss = 0.000  adv prob = 0.250000   acc = 1.000
  waterbird_complete50 = 1, forest2water2 = 0  [n = 44]:	loss = 0.100  exp loss = 0.126  adjusted loss = 0.126  adv prob = 0.250000   acc = 1.000
  waterbird_complete50 = 1, forest2water2 = 1  [n = 66]:	loss = 0.064  exp loss = 0.074  adjusted loss = 0.074  adv prob = 0.250000   acc = 0.985

Validation:
Average incurred loss: 0.444  
Average sample loss: 0.438  
Average acc: 0.921  
  waterbird_complete50 = 0, forest2water2 = 0  [n = 465]:	loss = 0.001  exp loss = 0.000  adjusted loss = 0.000  adv prob = 0.250000   acc = 1.000
  waterbird_complete50 = 0, forest2water2 = 1  [n = 466]:	loss = 0.015  exp loss = 0.013  adjusted loss = 0.013  adv prob = 0.250000   acc = 0.994
  waterbird_complete50 = 1, forest2water2 = 0  [n = 134]:	loss = 2.154  exp loss = 2.481  adjusted loss = 2.481  adv prob = 0.250000   acc = 0.649
  waterbird_complete50 = 1, forest2water2 = 1  [n = 134]:	loss = 1.766  exp loss = 1.782  adjusted loss = 1.782  adv prob = 0.250000   acc = 0.664
Current lr: 0.000010
Current validation accuracy: 0.6492537260055542


Epoch [103]:
Training:
Average incurred loss: 0.155  
Average sample loss: 0.189  
Average acc: 0.920  
  waterbird_complete50 = 0, forest2water2 = 0  [n = 49]:	loss = 0.000  exp loss = 0.000  adjusted loss = 0.000  adv prob = 0.250000   acc = 1.000
  waterbird_complete50 = 0, forest2water2 = 1  [n = 50]:	loss = 0.000  exp loss = 0.000  adjusted loss = 0.000  adv prob = 0.250000   acc = 1.000
  waterbird_complete50 = 1, forest2water2 = 0  [n = 66]:	loss = 0.373  exp loss = 0.223  adjusted loss = 0.223  adv prob = 0.250000   acc = 0.833
  waterbird_complete50 = 1, forest2water2 = 1  [n = 60]:	loss = 0.170  exp loss = 0.118  adjusted loss = 0.118  adv prob = 0.250000   acc = 0.883

Validation:
Average incurred loss: 0.500  
Average sample loss: 0.493  
Average acc: 0.917  
  waterbird_complete50 = 0, forest2water2 = 0  [n = 465]:	loss = 0.000  exp loss = 0.000  adjusted loss = 0.000  adv prob = 0.250000   acc = 1.000
  waterbird_complete50 = 0, forest2water2 = 1  [n = 466]:	loss = 0.012  exp loss = 0.011  adjusted loss = 0.011  adv prob = 0.250000   acc = 0.998
  waterbird_complete50 = 1, forest2water2 = 0  [n = 134]:	loss = 2.400  exp loss = 2.762  adjusted loss = 2.762  adv prob = 0.250000   acc = 0.634
  waterbird_complete50 = 1, forest2water2 = 1  [n = 134]:	loss = 2.028  exp loss = 2.027  adjusted loss = 2.027  adv prob = 0.250000   acc = 0.627
Current lr: 0.000010
Current validation accuracy: 0.6268656849861145


Epoch [104]:
Training:
Average incurred loss: 0.019  
Average sample loss: 0.017  
Average acc: 1.000  
  waterbird_complete50 = 0, forest2water2 = 0  [n = 53]:	loss = 0.000  exp loss = 0.000  adjusted loss = 0.000  adv prob = 0.250000   acc = 1.000
  waterbird_complete50 = 0, forest2water2 = 1  [n = 65]:	loss = 0.000  exp loss = 0.000  adjusted loss = 0.000  adv prob = 0.250000   acc = 1.000
  waterbird_complete50 = 1, forest2water2 = 0  [n = 42]:	loss = 0.035  exp loss = 0.160  adjusted loss = 0.160  adv prob = 0.250000   acc = 1.000
  waterbird_complete50 = 1, forest2water2 = 1  [n = 65]:	loss = 0.043  exp loss = 0.087  adjusted loss = 0.087  adv prob = 0.250000   acc = 1.000

Validation:
Average incurred loss: 0.451  
Average sample loss: 0.444  
Average acc: 0.919  
  waterbird_complete50 = 0, forest2water2 = 0  [n = 465]:	loss = 0.001  exp loss = 0.001  adjusted loss = 0.001  adv prob = 0.250000   acc = 1.000
  waterbird_complete50 = 0, forest2water2 = 1  [n = 466]:	loss = 0.015  exp loss = 0.014  adjusted loss = 0.014  adv prob = 0.250000   acc = 0.994
  waterbird_complete50 = 1, forest2water2 = 0  [n = 134]:	loss = 2.170  exp loss = 2.498  adjusted loss = 2.498  adv prob = 0.250000   acc = 0.649
  waterbird_complete50 = 1, forest2water2 = 1  [n = 134]:	loss = 1.807  exp loss = 1.815  adjusted loss = 1.815  adv prob = 0.250000   acc = 0.649
Current lr: 0.000010
Current validation accuracy: 0.6492537260055542


Epoch [105]:
Training:
Average incurred loss: 0.114  
Average sample loss: 0.134  
Average acc: 0.951  
  waterbird_complete50 = 0, forest2water2 = 0  [n = 45]:	loss = 0.000  exp loss = 0.000  adjusted loss = 0.000  adv prob = 0.250000   acc = 1.000
  waterbird_complete50 = 0, forest2water2 = 1  [n = 56]:	loss = 0.000  exp loss = 0.000  adjusted loss = 0.000  adv prob = 0.250000   acc = 1.000
  waterbird_complete50 = 1, forest2water2 = 0  [n = 60]:	loss = 0.261  exp loss = 0.216  adjusted loss = 0.216  adv prob = 0.250000   acc = 0.883
  waterbird_complete50 = 1, forest2water2 = 1  [n = 64]:	loss = 0.155  exp loss = 0.115  adjusted loss = 0.115  adv prob = 0.250000   acc = 0.938

Validation:
Average incurred loss: 0.482  
Average sample loss: 0.476  
Average acc: 0.916  
  waterbird_complete50 = 0, forest2water2 = 0  [n = 465]:	loss = 0.001  exp loss = 0.000  adjusted loss = 0.000  adv prob = 0.250000   acc = 1.000
  waterbird_complete50 = 0, forest2water2 = 1  [n = 466]:	loss = 0.013  exp loss = 0.012  adjusted loss = 0.012  adv prob = 0.250000   acc = 0.996
  waterbird_complete50 = 1, forest2water2 = 0  [n = 134]:	loss = 2.316  exp loss = 2.674  adjusted loss = 2.674  adv prob = 0.250000   acc = 0.634
  waterbird_complete50 = 1, forest2water2 = 1  [n = 134]:	loss = 1.952  exp loss = 1.960  adjusted loss = 1.960  adv prob = 0.250000   acc = 0.627
Current lr: 0.000010
Current validation accuracy: 0.6268656849861145


Epoch [106]:
Training:
Average incurred loss: 0.014  
Average sample loss: 0.013  
Average acc: 1.000  
  waterbird_complete50 = 0, forest2water2 = 0  [n = 66]:	loss = 0.000  exp loss = 0.000  adjusted loss = 0.000  adv prob = 0.250000   acc = 1.000
  waterbird_complete50 = 0, forest2water2 = 1  [n = 52]:	loss = 0.000  exp loss = 0.000  adjusted loss = 0.000  adv prob = 0.250000   acc = 1.000
  waterbird_complete50 = 1, forest2water2 = 0  [n = 46]:	loss = 0.041  exp loss = 0.152  adjusted loss = 0.152  adv prob = 0.250000   acc = 1.000
  waterbird_complete50 = 1, forest2water2 = 1  [n = 61]:	loss = 0.022  exp loss = 0.083  adjusted loss = 0.083  adv prob = 0.250000   acc = 1.000

Validation:
Average incurred loss: 0.437  
Average sample loss: 0.430  
Average acc: 0.922  
  waterbird_complete50 = 0, forest2water2 = 0  [n = 465]:	loss = 0.001  exp loss = 0.001  adjusted loss = 0.001  adv prob = 0.250000   acc = 1.000
  waterbird_complete50 = 0, forest2water2 = 1  [n = 466]:	loss = 0.016  exp loss = 0.015  adjusted loss = 0.015  adv prob = 0.250000   acc = 0.994
  waterbird_complete50 = 1, forest2water2 = 0  [n = 134]:	loss = 2.116  exp loss = 2.446  adjusted loss = 2.446  adv prob = 0.250000   acc = 0.657
  waterbird_complete50 = 1, forest2water2 = 1  [n = 134]:	loss = 1.729  exp loss = 1.743  adjusted loss = 1.743  adv prob = 0.250000   acc = 0.664
Current lr: 0.000010
Current validation accuracy: 0.6567164659500122


Epoch [107]:
Training:
Average incurred loss: 0.122  
Average sample loss: 0.138  
Average acc: 0.947  
  waterbird_complete50 = 0, forest2water2 = 0  [n = 42]:	loss = 0.000  exp loss = 0.000  adjusted loss = 0.000  adv prob = 0.250000   acc = 1.000
  waterbird_complete50 = 0, forest2water2 = 1  [n = 59]:	loss = 0.000  exp loss = 0.000  adjusted loss = 0.000  adv prob = 0.250000   acc = 1.000
  waterbird_complete50 = 1, forest2water2 = 0  [n = 62]:	loss = 0.273  exp loss = 0.210  adjusted loss = 0.210  adv prob = 0.250000   acc = 0.887
  waterbird_complete50 = 1, forest2water2 = 1  [n = 62]:	loss = 0.168  exp loss = 0.112  adjusted loss = 0.112  adv prob = 0.250000   acc = 0.919

Validation:
Average incurred loss: 0.471  
Average sample loss: 0.465  
Average acc: 0.917  
  waterbird_complete50 = 0, forest2water2 = 0  [n = 465]:	loss = 0.001  exp loss = 0.000  adjusted loss = 0.000  adv prob = 0.250000   acc = 1.000
  waterbird_complete50 = 0, forest2water2 = 1  [n = 466]:	loss = 0.014  exp loss = 0.012  adjusted loss = 0.012  adv prob = 0.250000   acc = 0.996
  waterbird_complete50 = 1, forest2water2 = 0  [n = 134]:	loss = 2.278  exp loss = 2.623  adjusted loss = 2.623  adv prob = 0.250000   acc = 0.634
  waterbird_complete50 = 1, forest2water2 = 1  [n = 134]:	loss = 1.888  exp loss = 1.905  adjusted loss = 1.905  adv prob = 0.250000   acc = 0.634
Current lr: 0.000010
Current validation accuracy: 0.6343283653259277


Epoch [108]:
Training:
Average incurred loss: 0.120  
Average sample loss: 0.109  
Average acc: 0.938  
  waterbird_complete50 = 0, forest2water2 = 0  [n = 50]:	loss = 0.000  exp loss = 0.000  adjusted loss = 0.000  adv prob = 0.250000   acc = 1.000
  waterbird_complete50 = 0, forest2water2 = 1  [n = 52]:	loss = 0.000  exp loss = 0.000  adjusted loss = 0.000  adv prob = 0.250000   acc = 1.000
  waterbird_complete50 = 1, forest2water2 = 0  [n = 67]:	loss = 0.162  exp loss = 0.183  adjusted loss = 0.183  adv prob = 0.250000   acc = 0.940
  waterbird_complete50 = 1, forest2water2 = 1  [n = 56]:	loss = 0.290  exp loss = 0.145  adjusted loss = 0.145  adv prob = 0.250000   acc = 0.821

Validation:
Average incurred loss: 0.481  
Average sample loss: 0.474  
Average acc: 0.916  
  waterbird_complete50 = 0, forest2water2 = 0  [n = 465]:	loss = 0.001  exp loss = 0.000  adjusted loss = 0.000  adv prob = 0.250000   acc = 1.000
  waterbird_complete50 = 0, forest2water2 = 1  [n = 466]:	loss = 0.013  exp loss = 0.012  adjusted loss = 0.012  adv prob = 0.250000   acc = 0.996
  waterbird_complete50 = 1, forest2water2 = 0  [n = 134]:	loss = 2.327  exp loss = 2.680  adjusted loss = 2.680  adv prob = 0.250000   acc = 0.634
  waterbird_complete50 = 1, forest2water2 = 1  [n = 134]:	loss = 1.924  exp loss = 1.942  adjusted loss = 1.942  adv prob = 0.250000   acc = 0.627
Current lr: 0.000010
Current validation accuracy: 0.6268656849861145


Epoch [109]:
Training:
Average incurred loss: 0.032  
Average sample loss: 0.032  
Average acc: 0.987  
  waterbird_complete50 = 0, forest2water2 = 0  [n = 49]:	loss = 0.000  exp loss = 0.000  adjusted loss = 0.000  adv prob = 0.250000   acc = 1.000
  waterbird_complete50 = 0, forest2water2 = 1  [n = 63]:	loss = 0.000  exp loss = 0.000  adjusted loss = 0.000  adv prob = 0.250000   acc = 1.000
  waterbird_complete50 = 1, forest2water2 = 0  [n = 62]:	loss = 0.081  exp loss = 0.151  adjusted loss = 0.151  adv prob = 0.250000   acc = 0.952
  waterbird_complete50 = 1, forest2water2 = 1  [n = 51]:	loss = 0.043  exp loss = 0.107  adjusted loss = 0.107  adv prob = 0.250000   acc = 1.000

Validation:
Average incurred loss: 0.459  
Average sample loss: 0.453  
Average acc: 0.919  
  waterbird_complete50 = 0, forest2water2 = 0  [n = 465]:	loss = 0.001  exp loss = 0.000  adjusted loss = 0.000  adv prob = 0.250000   acc = 1.000
  waterbird_complete50 = 0, forest2water2 = 1  [n = 466]:	loss = 0.015  exp loss = 0.014  adjusted loss = 0.014  adv prob = 0.250000   acc = 0.994
  waterbird_complete50 = 1, forest2water2 = 0  [n = 134]:	loss = 2.230  exp loss = 2.561  adjusted loss = 2.561  adv prob = 0.250000   acc = 0.649
  waterbird_complete50 = 1, forest2water2 = 1  [n = 134]:	loss = 1.821  exp loss = 1.834  adjusted loss = 1.834  adv prob = 0.250000   acc = 0.649
Current lr: 0.000010
Current validation accuracy: 0.6492537260055542


Epoch [110]:
Training:
Average incurred loss: 0.021  
Average sample loss: 0.022  
Average acc: 0.996  
  waterbird_complete50 = 0, forest2water2 = 0  [n = 69]:	loss = 0.000  exp loss = 0.000  adjusted loss = 0.000  adv prob = 0.250000   acc = 1.000
  waterbird_complete50 = 0, forest2water2 = 1  [n = 44]:	loss = 0.000  exp loss = 0.000  adjusted loss = 0.000  adv prob = 0.250000   acc = 1.000
  waterbird_complete50 = 1, forest2water2 = 0  [n = 58]:	loss = 0.061  exp loss = 0.125  adjusted loss = 0.125  adv prob = 0.250000   acc = 0.983
  waterbird_complete50 = 1, forest2water2 = 1  [n = 54]:	loss = 0.023  exp loss = 0.077  adjusted loss = 0.077  adv prob = 0.250000   acc = 1.000

Validation:
Average incurred loss: 0.447  
Average sample loss: 0.440  
Average acc: 0.919  
  waterbird_complete50 = 0, forest2water2 = 0  [n = 465]:	loss = 0.001  exp loss = 0.000  adjusted loss = 0.000  adv prob = 0.250000   acc = 1.000
  waterbird_complete50 = 0, forest2water2 = 1  [n = 466]:	loss = 0.016  exp loss = 0.014  adjusted loss = 0.014  adv prob = 0.250000   acc = 0.994
  waterbird_complete50 = 1, forest2water2 = 0  [n = 134]:	loss = 2.171  exp loss = 2.477  adjusted loss = 2.477  adv prob = 0.250000   acc = 0.649
  waterbird_complete50 = 1, forest2water2 = 1  [n = 134]:	loss = 1.766  exp loss = 1.771  adjusted loss = 1.771  adv prob = 0.250000   acc = 0.649
Current lr: 0.000010
Current validation accuracy: 0.6492537260055542


Epoch [111]:
Training:
Average incurred loss: 0.046  
Average sample loss: 0.061  
Average acc: 0.987  
  waterbird_complete50 = 0, forest2water2 = 0  [n = 55]:	loss = 0.000  exp loss = 0.000  adjusted loss = 0.000  adv prob = 0.250000   acc = 1.000
  waterbird_complete50 = 0, forest2water2 = 1  [n = 52]:	loss = 0.000  exp loss = 0.000  adjusted loss = 0.000  adv prob = 0.250000   acc = 1.000
  waterbird_complete50 = 1, forest2water2 = 0  [n = 48]:	loss = 0.073  exp loss = 0.118  adjusted loss = 0.118  adv prob = 0.250000   acc = 0.979
  waterbird_complete50 = 1, forest2water2 = 1  [n = 70]:	loss = 0.096  exp loss = 0.093  adjusted loss = 0.093  adv prob = 0.250000   acc = 0.971

Validation:
Average incurred loss: 0.457  
Average sample loss: 0.451  
Average acc: 0.920  
  waterbird_complete50 = 0, forest2water2 = 0  [n = 465]:	loss = 0.001  exp loss = 0.000  adjusted loss = 0.000  adv prob = 0.250000   acc = 1.000
  waterbird_complete50 = 0, forest2water2 = 1  [n = 466]:	loss = 0.015  exp loss = 0.013  adjusted loss = 0.013  adv prob = 0.250000   acc = 0.996
  waterbird_complete50 = 1, forest2water2 = 0  [n = 134]:	loss = 2.220  exp loss = 2.537  adjusted loss = 2.537  adv prob = 0.250000   acc = 0.649
  waterbird_complete50 = 1, forest2water2 = 1  [n = 134]:	loss = 1.815  exp loss = 1.827  adjusted loss = 1.827  adv prob = 0.250000   acc = 0.649
Current lr: 0.000010
Current validation accuracy: 0.6492537260055542


Epoch [112]:
Training:
Average incurred loss: 0.054  
Average sample loss: 0.065  
Average acc: 0.982  
  waterbird_complete50 = 0, forest2water2 = 0  [n = 50]:	loss = 0.000  exp loss = 0.000  adjusted loss = 0.000  adv prob = 0.250000   acc = 1.000
  waterbird_complete50 = 0, forest2water2 = 1  [n = 62]:	loss = 0.000  exp loss = 0.000  adjusted loss = 0.000  adv prob = 0.250000   acc = 1.000
  waterbird_complete50 = 1, forest2water2 = 0  [n = 50]:	loss = 0.189  exp loss = 0.159  adjusted loss = 0.159  adv prob = 0.250000   acc = 0.920
  waterbird_complete50 = 1, forest2water2 = 1  [n = 63]:	loss = 0.043  exp loss = 0.076  adjusted loss = 0.076  adv prob = 0.250000   acc = 1.000

Validation:
Average incurred loss: 0.454  
Average sample loss: 0.447  
Average acc: 0.921  
  waterbird_complete50 = 0, forest2water2 = 0  [n = 465]:	loss = 0.001  exp loss = 0.000  adjusted loss = 0.000  adv prob = 0.250000   acc = 1.000
  waterbird_complete50 = 0, forest2water2 = 1  [n = 466]:	loss = 0.015  exp loss = 0.013  adjusted loss = 0.013  adv prob = 0.250000   acc = 0.996
  waterbird_complete50 = 1, forest2water2 = 0  [n = 134]:	loss = 2.186  exp loss = 2.515  adjusted loss = 2.515  adv prob = 0.250000   acc = 0.649
  waterbird_complete50 = 1, forest2water2 = 1  [n = 134]:	loss = 1.819  exp loss = 1.826  adjusted loss = 1.826  adv prob = 0.250000   acc = 0.657
Current lr: 0.000010
Current validation accuracy: 0.6492537260055542


Epoch [113]:
Training:
Average incurred loss: 0.034  
Average sample loss: 0.048  
Average acc: 0.987  
  waterbird_complete50 = 0, forest2water2 = 0  [n = 55]:	loss = 0.000  exp loss = 0.000  adjusted loss = 0.000  adv prob = 0.250000   acc = 1.000
  waterbird_complete50 = 0, forest2water2 = 1  [n = 58]:	loss = 0.000  exp loss = 0.000  adjusted loss = 0.000  adv prob = 0.250000   acc = 1.000
  waterbird_complete50 = 1, forest2water2 = 0  [n = 58]:	loss = 0.066  exp loss = 0.131  adjusted loss = 0.131  adv prob = 0.250000   acc = 0.983
  waterbird_complete50 = 1, forest2water2 = 1  [n = 54]:	loss = 0.071  exp loss = 0.094  adjusted loss = 0.094  adv prob = 0.250000   acc = 0.963

Validation:
Average incurred loss: 0.445  
Average sample loss: 0.439  
Average acc: 0.919  
  waterbird_complete50 = 0, forest2water2 = 0  [n = 465]:	loss = 0.001  exp loss = 0.000  adjusted loss = 0.000  adv prob = 0.250000   acc = 1.000
  waterbird_complete50 = 0, forest2water2 = 1  [n = 466]:	loss = 0.016  exp loss = 0.014  adjusted loss = 0.014  adv prob = 0.250000   acc = 0.994
  waterbird_complete50 = 1, forest2water2 = 0  [n = 134]:	loss = 2.151  exp loss = 2.456  adjusted loss = 2.456  adv prob = 0.250000   acc = 0.649
  waterbird_complete50 = 1, forest2water2 = 1  [n = 134]:	loss = 1.770  exp loss = 1.775  adjusted loss = 1.775  adv prob = 0.250000   acc = 0.649
Current lr: 0.000010
Current validation accuracy: 0.6492537260055542


Epoch [114]:
Training:
Average incurred loss: 0.113  
Average sample loss: 0.099  
Average acc: 0.960  
  waterbird_complete50 = 0, forest2water2 = 0  [n = 62]:	loss = 0.000  exp loss = 0.000  adjusted loss = 0.000  adv prob = 0.250000   acc = 1.000
  waterbird_complete50 = 0, forest2water2 = 1  [n = 41]:	loss = 0.000  exp loss = 0.000  adjusted loss = 0.000  adv prob = 0.250000   acc = 1.000
  waterbird_complete50 = 1, forest2water2 = 0  [n = 65]:	loss = 0.204  exp loss = 0.143  adjusted loss = 0.143  adv prob = 0.250000   acc = 0.938
  waterbird_complete50 = 1, forest2water2 = 1  [n = 57]:	loss = 0.212  exp loss = 0.120  adjusted loss = 0.120  adv prob = 0.250000   acc = 0.912

Validation:
Average incurred loss: 0.451  
Average sample loss: 0.445  
Average acc: 0.920  
  waterbird_complete50 = 0, forest2water2 = 0  [n = 465]:	loss = 0.001  exp loss = 0.000  adjusted loss = 0.000  adv prob = 0.250000   acc = 1.000
  waterbird_complete50 = 0, forest2water2 = 1  [n = 466]:	loss = 0.016  exp loss = 0.014  adjusted loss = 0.014  adv prob = 0.250000   acc = 0.996
  waterbird_complete50 = 1, forest2water2 = 0  [n = 134]:	loss = 2.193  exp loss = 2.505  adjusted loss = 2.505  adv prob = 0.250000   acc = 0.649
  waterbird_complete50 = 1, forest2water2 = 1  [n = 134]:	loss = 1.788  exp loss = 1.792  adjusted loss = 1.792  adv prob = 0.250000   acc = 0.649
Current lr: 0.000010
Current validation accuracy: 0.6492537260055542


Epoch [115]:
Training:
Average incurred loss: 0.027  
Average sample loss: 0.034  
Average acc: 0.991  
  waterbird_complete50 = 0, forest2water2 = 0  [n = 55]:	loss = 0.000  exp loss = 0.000  adjusted loss = 0.000  adv prob = 0.250000   acc = 1.000
  waterbird_complete50 = 0, forest2water2 = 1  [n = 62]:	loss = 0.000  exp loss = 0.000  adjusted loss = 0.000  adv prob = 0.250000   acc = 1.000
  waterbird_complete50 = 1, forest2water2 = 0  [n = 51]:	loss = 0.082  exp loss = 0.126  adjusted loss = 0.126  adv prob = 0.250000   acc = 0.961
  waterbird_complete50 = 1, forest2water2 = 1  [n = 57]:	loss = 0.034  exp loss = 0.092  adjusted loss = 0.092  adv prob = 0.250000   acc = 1.000

Validation:
Average incurred loss: 0.433  
Average sample loss: 0.427  
Average acc: 0.921  
  waterbird_complete50 = 0, forest2water2 = 0  [n = 465]:	loss = 0.001  exp loss = 0.000  adjusted loss = 0.000  adv prob = 0.250000   acc = 1.000
  waterbird_complete50 = 0, forest2water2 = 1  [n = 466]:	loss = 0.017  exp loss = 0.016  adjusted loss = 0.016  adv prob = 0.250000   acc = 0.994
  waterbird_complete50 = 1, forest2water2 = 0  [n = 134]:	loss = 2.090  exp loss = 2.392  adjusted loss = 2.392  adv prob = 0.250000   acc = 0.649
  waterbird_complete50 = 1, forest2water2 = 1  [n = 134]:	loss = 1.721  exp loss = 1.732  adjusted loss = 1.732  adv prob = 0.250000   acc = 0.664
Current lr: 0.000010
Current validation accuracy: 0.6492537260055542


Epoch [116]:
Training:
Average incurred loss: 0.055  
Average sample loss: 0.062  
Average acc: 0.982  
  waterbird_complete50 = 0, forest2water2 = 0  [n = 49]:	loss = 0.000  exp loss = 0.000  adjusted loss = 0.000  adv prob = 0.250000   acc = 1.000
  waterbird_complete50 = 0, forest2water2 = 1  [n = 56]:	loss = 0.000  exp loss = 0.000  adjusted loss = 0.000  adv prob = 0.250000   acc = 1.000
  waterbird_complete50 = 1, forest2water2 = 0  [n = 71]:	loss = 0.077  exp loss = 0.114  adjusted loss = 0.114  adv prob = 0.250000   acc = 1.000
  waterbird_complete50 = 1, forest2water2 = 1  [n = 49]:	loss = 0.140  exp loss = 0.113  adjusted loss = 0.113  adv prob = 0.250000   acc = 0.918

Validation:
Average incurred loss: 0.447  
Average sample loss: 0.441  
Average acc: 0.920  
  waterbird_complete50 = 0, forest2water2 = 0  [n = 465]:	loss = 0.001  exp loss = 0.000  adjusted loss = 0.000  adv prob = 0.250000   acc = 1.000
  waterbird_complete50 = 0, forest2water2 = 1  [n = 466]:	loss = 0.016  exp loss = 0.014  adjusted loss = 0.014  adv prob = 0.250000   acc = 0.996
  waterbird_complete50 = 1, forest2water2 = 0  [n = 134]:	loss = 2.162  exp loss = 2.452  adjusted loss = 2.452  adv prob = 0.250000   acc = 0.649
  waterbird_complete50 = 1, forest2water2 = 1  [n = 134]:	loss = 1.785  exp loss = 1.797  adjusted loss = 1.797  adv prob = 0.250000   acc = 0.649
Current lr: 0.000010
Current validation accuracy: 0.6492537260055542


Epoch [117]:
Training:
Average incurred loss: 0.159  
Average sample loss: 0.218  
Average acc: 0.929  
  waterbird_complete50 = 0, forest2water2 = 0  [n = 47]:	loss = 0.000  exp loss = 0.000  adjusted loss = 0.000  adv prob = 0.250000   acc = 1.000
  waterbird_complete50 = 0, forest2water2 = 1  [n = 52]:	loss = 0.000  exp loss = 0.000  adjusted loss = 0.000  adv prob = 0.250000   acc = 1.000
  waterbird_complete50 = 1, forest2water2 = 0  [n = 60]:	loss = 0.276  exp loss = 0.249  adjusted loss = 0.249  adv prob = 0.250000   acc = 0.883
  waterbird_complete50 = 1, forest2water2 = 1  [n = 66]:	loss = 0.290  exp loss = 0.188  adjusted loss = 0.188  adv prob = 0.250000   acc = 0.864

Validation:
Average incurred loss: 0.489  
Average sample loss: 0.482  
Average acc: 0.915  
  waterbird_complete50 = 0, forest2water2 = 0  [n = 465]:	loss = 0.000  exp loss = 0.000  adjusted loss = 0.000  adv prob = 0.250000   acc = 1.000
  waterbird_complete50 = 0, forest2water2 = 1  [n = 466]:	loss = 0.013  exp loss = 0.011  adjusted loss = 0.011  adv prob = 0.250000   acc = 0.996
  waterbird_complete50 = 1, forest2water2 = 0  [n = 134]:	loss = 2.350  exp loss = 2.690  adjusted loss = 2.690  adv prob = 0.250000   acc = 0.634
  waterbird_complete50 = 1, forest2water2 = 1  [n = 134]:	loss = 1.981  exp loss = 1.993  adjusted loss = 1.993  adv prob = 0.250000   acc = 0.619
Current lr: 0.000010
Current validation accuracy: 0.6194030046463013


Epoch [118]:
Training:
Average incurred loss: 0.073  
Average sample loss: 0.065  
Average acc: 0.978  
  waterbird_complete50 = 0, forest2water2 = 0  [n = 51]:	loss = 0.000  exp loss = 0.000  adjusted loss = 0.000  adv prob = 0.250000   acc = 1.000
  waterbird_complete50 = 0, forest2water2 = 1  [n = 54]:	loss = 0.000  exp loss = 0.000  adjusted loss = 0.000  adv prob = 0.250000   acc = 1.000
  waterbird_complete50 = 1, forest2water2 = 0  [n = 56]:	loss = 0.157  exp loss = 0.203  adjusted loss = 0.203  adv prob = 0.250000   acc = 0.946
  waterbird_complete50 = 1, forest2water2 = 1  [n = 64]:	loss = 0.120  exp loss = 0.151  adjusted loss = 0.151  adv prob = 0.250000   acc = 0.969

Validation:
Average incurred loss: 0.472  
Average sample loss: 0.466  
Average acc: 0.917  
  waterbird_complete50 = 0, forest2water2 = 0  [n = 465]:	loss = 0.001  exp loss = 0.000  adjusted loss = 0.000  adv prob = 0.250000   acc = 1.000
  waterbird_complete50 = 0, forest2water2 = 1  [n = 466]:	loss = 0.014  exp loss = 0.012  adjusted loss = 0.012  adv prob = 0.250000   acc = 0.996
  waterbird_complete50 = 1, forest2water2 = 0  [n = 134]:	loss = 2.281  exp loss = 2.602  adjusted loss = 2.602  adv prob = 0.250000   acc = 0.634
  waterbird_complete50 = 1, forest2water2 = 1  [n = 134]:	loss = 1.897  exp loss = 1.907  adjusted loss = 1.907  adv prob = 0.250000   acc = 0.634
Current lr: 0.000010
Current validation accuracy: 0.634328305721283


Epoch [119]:
Training:
Average incurred loss: 0.028  
Average sample loss: 0.025  
Average acc: 1.000  
  waterbird_complete50 = 0, forest2water2 = 0  [n = 55]:	loss = 0.000  exp loss = 0.000  adjusted loss = 0.000  adv prob = 0.250000   acc = 1.000
  waterbird_complete50 = 0, forest2water2 = 1  [n = 57]:	loss = 0.000  exp loss = 0.000  adjusted loss = 0.000  adv prob = 0.250000   acc = 1.000
  waterbird_complete50 = 1, forest2water2 = 0  [n = 52]:	loss = 0.072  exp loss = 0.154  adjusted loss = 0.154  adv prob = 0.250000   acc = 1.000
  waterbird_complete50 = 1, forest2water2 = 1  [n = 61]:	loss = 0.042  exp loss = 0.110  adjusted loss = 0.110  adv prob = 0.250000   acc = 1.000

Validation:
Average incurred loss: 0.447  
Average sample loss: 0.440  
Average acc: 0.918  
  waterbird_complete50 = 0, forest2water2 = 0  [n = 465]:	loss = 0.001  exp loss = 0.000  adjusted loss = 0.000  adv prob = 0.250000   acc = 1.000
  waterbird_complete50 = 0, forest2water2 = 1  [n = 466]:	loss = 0.015  exp loss = 0.014  adjusted loss = 0.014  adv prob = 0.250000   acc = 0.994
  waterbird_complete50 = 1, forest2water2 = 0  [n = 134]:	loss = 2.154  exp loss = 2.464  adjusted loss = 2.464  adv prob = 0.250000   acc = 0.642
  waterbird_complete50 = 1, forest2water2 = 1  [n = 134]:	loss = 1.785  exp loss = 1.792  adjusted loss = 1.792  adv prob = 0.250000   acc = 0.649
Current lr: 0.000010
Current validation accuracy: 0.6417911052703857


Epoch [120]:
Training:
Average incurred loss: 0.046  
Average sample loss: 0.072  
Average acc: 0.978  
  waterbird_complete50 = 0, forest2water2 = 0  [n = 63]:	loss = 0.000  exp loss = 0.000  adjusted loss = 0.000  adv prob = 0.250000   acc = 1.000
  waterbird_complete50 = 0, forest2water2 = 1  [n = 55]:	loss = 0.000  exp loss = 0.000  adjusted loss = 0.000  adv prob = 0.250000   acc = 1.000
  waterbird_complete50 = 1, forest2water2 = 0  [n = 50]:	loss = 0.084  exp loss = 0.140  adjusted loss = 0.140  adv prob = 0.250000   acc = 0.960
  waterbird_complete50 = 1, forest2water2 = 1  [n = 57]:	loss = 0.106  exp loss = 0.135  adjusted loss = 0.135  adv prob = 0.250000   acc = 0.947

Validation:
Average incurred loss: 0.439  
Average sample loss: 0.433  
Average acc: 0.920  
  waterbird_complete50 = 0, forest2water2 = 0  [n = 465]:	loss = 0.001  exp loss = 0.000  adjusted loss = 0.000  adv prob = 0.250000   acc = 1.000
  waterbird_complete50 = 0, forest2water2 = 1  [n = 466]:	loss = 0.016  exp loss = 0.015  adjusted loss = 0.015  adv prob = 0.250000   acc = 0.994
  waterbird_complete50 = 1, forest2water2 = 0  [n = 134]:	loss = 2.131  exp loss = 2.430  adjusted loss = 2.430  adv prob = 0.250000   acc = 0.649
  waterbird_complete50 = 1, forest2water2 = 1  [n = 134]:	loss = 1.741  exp loss = 1.752  adjusted loss = 1.752  adv prob = 0.250000   acc = 0.657
Current lr: 0.000010
Current validation accuracy: 0.6492537260055542


Epoch [121]:
Training:
Average incurred loss: 0.084  
Average sample loss: 0.135  
Average acc: 0.964  
  waterbird_complete50 = 0, forest2water2 = 0  [n = 53]:	loss = 0.000  exp loss = 0.000  adjusted loss = 0.000  adv prob = 0.250000   acc = 1.000
  waterbird_complete50 = 0, forest2water2 = 1  [n = 66]:	loss = 0.000  exp loss = 0.000  adjusted loss = 0.000  adv prob = 0.250000   acc = 1.000
  waterbird_complete50 = 1, forest2water2 = 0  [n = 53]:	loss = 0.150  exp loss = 0.163  adjusted loss = 0.163  adv prob = 0.250000   acc = 0.943
  waterbird_complete50 = 1, forest2water2 = 1  [n = 53]:	loss = 0.205  exp loss = 0.177  adjusted loss = 0.177  adv prob = 0.250000   acc = 0.906

Validation:
Average incurred loss: 0.429  
Average sample loss: 0.423  
Average acc: 0.922  
  waterbird_complete50 = 0, forest2water2 = 0  [n = 465]:	loss = 0.001  exp loss = 0.001  adjusted loss = 0.001  adv prob = 0.250000   acc = 1.000
  waterbird_complete50 = 0, forest2water2 = 1  [n = 466]:	loss = 0.017  exp loss = 0.016  adjusted loss = 0.016  adv prob = 0.250000   acc = 0.994
  waterbird_complete50 = 1, forest2water2 = 0  [n = 134]:	loss = 2.066  exp loss = 2.372  adjusted loss = 2.372  adv prob = 0.250000   acc = 0.657
  waterbird_complete50 = 1, forest2water2 = 1  [n = 134]:	loss = 1.704  exp loss = 1.716  adjusted loss = 1.716  adv prob = 0.250000   acc = 0.664
Current lr: 0.000010
Current validation accuracy: 0.6567164659500122


Epoch [122]:
Training:
Average incurred loss: 0.019  
Average sample loss: 0.016  
Average acc: 0.996  
  waterbird_complete50 = 0, forest2water2 = 0  [n = 54]:	loss = 0.000  exp loss = 0.000  adjusted loss = 0.000  adv prob = 0.250000   acc = 1.000
  waterbird_complete50 = 0, forest2water2 = 1  [n = 63]:	loss = 0.000  exp loss = 0.000  adjusted loss = 0.000  adv prob = 0.250000   acc = 1.000
  waterbird_complete50 = 1, forest2water2 = 0  [n = 52]:	loss = 0.049  exp loss = 0.121  adjusted loss = 0.121  adv prob = 0.250000   acc = 0.981
  waterbird_complete50 = 1, forest2water2 = 1  [n = 56]:	loss = 0.029  exp loss = 0.124  adjusted loss = 0.124  adv prob = 0.250000   acc = 1.000

Validation:
Average incurred loss: 0.403  
Average sample loss: 0.397  
Average acc: 0.923  
  waterbird_complete50 = 0, forest2water2 = 0  [n = 465]:	loss = 0.002  exp loss = 0.001  adjusted loss = 0.001  adv prob = 0.250000   acc = 1.000
  waterbird_complete50 = 0, forest2water2 = 1  [n = 466]:	loss = 0.020  exp loss = 0.018  adjusted loss = 0.018  adv prob = 0.250000   acc = 0.994
  waterbird_complete50 = 1, forest2water2 = 0  [n = 134]:	loss = 1.947  exp loss = 2.236  adjusted loss = 2.236  adv prob = 0.250000   acc = 0.657
  waterbird_complete50 = 1, forest2water2 = 1  [n = 134]:	loss = 1.583  exp loss = 1.597  adjusted loss = 1.597  adv prob = 0.250000   acc = 0.679
Current lr: 0.000010
Current validation accuracy: 0.6567164659500122


Epoch [123]:
Training:
Average incurred loss: 0.004  
Average sample loss: 0.003  
Average acc: 1.000  
  waterbird_complete50 = 0, forest2water2 = 0  [n = 64]:	loss = 0.000  exp loss = 0.000  adjusted loss = 0.000  adv prob = 0.250000   acc = 1.000
  waterbird_complete50 = 0, forest2water2 = 1  [n = 62]:	loss = 0.000  exp loss = 0.000  adjusted loss = 0.000  adv prob = 0.250000   acc = 1.000
  waterbird_complete50 = 1, forest2water2 = 0  [n = 54]:	loss = 0.010  exp loss = 0.082  adjusted loss = 0.082  adv prob = 0.250000   acc = 1.000
  waterbird_complete50 = 1, forest2water2 = 1  [n = 45]:	loss = 0.006  exp loss = 0.083  adjusted loss = 0.083  adv prob = 0.250000   acc = 1.000

Validation:
Average incurred loss: 0.339  
Average sample loss: 0.334  
Average acc: 0.936  
  waterbird_complete50 = 0, forest2water2 = 0  [n = 465]:	loss = 0.003  exp loss = 0.001  adjusted loss = 0.001  adv prob = 0.250000   acc = 0.998
  waterbird_complete50 = 0, forest2water2 = 1  [n = 466]:	loss = 0.027  exp loss = 0.025  adjusted loss = 0.025  adv prob = 0.250000   acc = 0.994
  waterbird_complete50 = 1, forest2water2 = 0  [n = 134]:	loss = 1.652  exp loss = 1.889  adjusted loss = 1.889  adv prob = 0.250000   acc = 0.709
  waterbird_complete50 = 1, forest2water2 = 1  [n = 134]:	loss = 1.271  exp loss = 1.297  adjusted loss = 1.297  adv prob = 0.250000   acc = 0.746
Current lr: 0.000010
Current validation accuracy: 0.7089552879333496


Epoch [124]:
Training:
Average incurred loss: 0.012  
Average sample loss: 0.012  
Average acc: 1.000  
  waterbird_complete50 = 0, forest2water2 = 0  [n = 53]:	loss = 0.000  exp loss = 0.000  adjusted loss = 0.000  adv prob = 0.250000   acc = 1.000
  waterbird_complete50 = 0, forest2water2 = 1  [n = 56]:	loss = 0.000  exp loss = 0.000  adjusted loss = 0.000  adv prob = 0.250000   acc = 1.000
  waterbird_complete50 = 1, forest2water2 = 0  [n = 55]:	loss = 0.025  exp loss = 0.063  adjusted loss = 0.063  adv prob = 0.250000   acc = 1.000
  waterbird_complete50 = 1, forest2water2 = 1  [n = 61]:	loss = 0.022  exp loss = 0.061  adjusted loss = 0.061  adv prob = 0.250000   acc = 1.000

Validation:
Average incurred loss: 0.366  
Average sample loss: 0.361  
Average acc: 0.930  
  waterbird_complete50 = 0, forest2water2 = 0  [n = 465]:	loss = 0.002  exp loss = 0.001  adjusted loss = 0.001  adv prob = 0.250000   acc = 0.998
  waterbird_complete50 = 0, forest2water2 = 1  [n = 466]:	loss = 0.023  exp loss = 0.021  adjusted loss = 0.021  adv prob = 0.250000   acc = 0.994
  waterbird_complete50 = 1, forest2water2 = 0  [n = 134]:	loss = 1.783  exp loss = 2.028  adjusted loss = 2.028  adv prob = 0.250000   acc = 0.687
  waterbird_complete50 = 1, forest2water2 = 1  [n = 134]:	loss = 1.404  exp loss = 1.420  adjusted loss = 1.420  adv prob = 0.250000   acc = 0.716
Current lr: 0.000010
Current validation accuracy: 0.6865671873092651


Epoch [125]:
Training:
Average incurred loss: 0.036  
Average sample loss: 0.034  
Average acc: 0.991  
  waterbird_complete50 = 0, forest2water2 = 0  [n = 59]:	loss = 0.000  exp loss = 0.000  adjusted loss = 0.000  adv prob = 0.250000   acc = 1.000
  waterbird_complete50 = 0, forest2water2 = 1  [n = 60]:	loss = 0.000  exp loss = 0.000  adjusted loss = 0.000  adv prob = 0.250000   acc = 1.000
  waterbird_complete50 = 1, forest2water2 = 0  [n = 61]:	loss = 0.069  exp loss = 0.056  adjusted loss = 0.056  adv prob = 0.250000   acc = 1.000
  waterbird_complete50 = 1, forest2water2 = 1  [n = 45]:	loss = 0.086  exp loss = 0.069  adjusted loss = 0.069  adv prob = 0.250000   acc = 0.956

Validation:
Average incurred loss: 0.364  
Average sample loss: 0.359  
Average acc: 0.931  
  waterbird_complete50 = 0, forest2water2 = 0  [n = 465]:	loss = 0.002  exp loss = 0.001  adjusted loss = 0.001  adv prob = 0.250000   acc = 0.998
  waterbird_complete50 = 0, forest2water2 = 1  [n = 466]:	loss = 0.024  exp loss = 0.021  adjusted loss = 0.021  adv prob = 0.250000   acc = 0.994
  waterbird_complete50 = 1, forest2water2 = 0  [n = 134]:	loss = 1.773  exp loss = 2.006  adjusted loss = 2.006  adv prob = 0.250000   acc = 0.694
  waterbird_complete50 = 1, forest2water2 = 1  [n = 134]:	loss = 1.394  exp loss = 1.417  adjusted loss = 1.417  adv prob = 0.250000   acc = 0.716
Current lr: 0.000010
Current validation accuracy: 0.6940298080444336


Epoch [126]:
Training:
Average incurred loss: 0.077  
Average sample loss: 0.076  
Average acc: 0.964  
  waterbird_complete50 = 0, forest2water2 = 0  [n = 56]:	loss = 0.000  exp loss = 0.000  adjusted loss = 0.000  adv prob = 0.250000   acc = 1.000
  waterbird_complete50 = 0, forest2water2 = 1  [n = 43]:	loss = 0.000  exp loss = 0.000  adjusted loss = 0.000  adv prob = 0.250000   acc = 1.000
  waterbird_complete50 = 1, forest2water2 = 0  [n = 64]:	loss = 0.154  exp loss = 0.088  adjusted loss = 0.088  adv prob = 0.250000   acc = 0.906
  waterbird_complete50 = 1, forest2water2 = 1  [n = 62]:	loss = 0.121  exp loss = 0.084  adjusted loss = 0.084  adv prob = 0.250000   acc = 0.968

Validation:
Average incurred loss: 0.419  
Average sample loss: 0.413  
Average acc: 0.922  
  waterbird_complete50 = 0, forest2water2 = 0  [n = 465]:	loss = 0.001  exp loss = 0.000  adjusted loss = 0.000  adv prob = 0.250000   acc = 1.000
  waterbird_complete50 = 0, forest2water2 = 1  [n = 466]:	loss = 0.018  exp loss = 0.016  adjusted loss = 0.016  adv prob = 0.250000   acc = 0.994
  waterbird_complete50 = 1, forest2water2 = 0  [n = 134]:	loss = 2.029  exp loss = 2.306  adjusted loss = 2.306  adv prob = 0.250000   acc = 0.649
  waterbird_complete50 = 1, forest2water2 = 1  [n = 134]:	loss = 1.655  exp loss = 1.665  adjusted loss = 1.665  adv prob = 0.250000   acc = 0.672
Current lr: 0.000010
Current validation accuracy: 0.6492537260055542


Epoch [127]:
Training:
Average incurred loss: 0.014  
Average sample loss: 0.013  
Average acc: 1.000  
  waterbird_complete50 = 0, forest2water2 = 0  [n = 67]:	loss = 0.000  exp loss = 0.000  adjusted loss = 0.000  adv prob = 0.250000   acc = 1.000
  waterbird_complete50 = 0, forest2water2 = 1  [n = 52]:	loss = 0.000  exp loss = 0.000  adjusted loss = 0.000  adv prob = 0.250000   acc = 1.000
  waterbird_complete50 = 1, forest2water2 = 0  [n = 49]:	loss = 0.034  exp loss = 0.070  adjusted loss = 0.070  adv prob = 0.250000   acc = 1.000
  waterbird_complete50 = 1, forest2water2 = 1  [n = 57]:	loss = 0.027  exp loss = 0.062  adjusted loss = 0.062  adv prob = 0.250000   acc = 1.000

Validation:
Average incurred loss: 0.393  
Average sample loss: 0.387  
Average acc: 0.926  
  waterbird_complete50 = 0, forest2water2 = 0  [n = 465]:	loss = 0.001  exp loss = 0.001  adjusted loss = 0.001  adv prob = 0.250000   acc = 1.000
  waterbird_complete50 = 0, forest2water2 = 1  [n = 466]:	loss = 0.020  exp loss = 0.018  adjusted loss = 0.018  adv prob = 0.250000   acc = 0.994
  waterbird_complete50 = 1, forest2water2 = 0  [n = 134]:	loss = 1.914  exp loss = 2.161  adjusted loss = 2.161  adv prob = 0.250000   acc = 0.664
  waterbird_complete50 = 1, forest2water2 = 1  [n = 134]:	loss = 1.525  exp loss = 1.539  adjusted loss = 1.539  adv prob = 0.250000   acc = 0.694
Current lr: 0.000010
Current validation accuracy: 0.6641790866851807


Epoch [128]:
Training:
Average incurred loss: 0.011  
Average sample loss: 0.011  
Average acc: 1.000  
  waterbird_complete50 = 0, forest2water2 = 0  [n = 56]:	loss = 0.000  exp loss = 0.000  adjusted loss = 0.000  adv prob = 0.250000   acc = 1.000
  waterbird_complete50 = 0, forest2water2 = 1  [n = 60]:	loss = 0.000  exp loss = 0.000  adjusted loss = 0.000  adv prob = 0.250000   acc = 1.000
  waterbird_complete50 = 1, forest2water2 = 0  [n = 44]:	loss = 0.024  exp loss = 0.055  adjusted loss = 0.055  adv prob = 0.250000   acc = 1.000
  waterbird_complete50 = 1, forest2water2 = 1  [n = 65]:	loss = 0.021  exp loss = 0.048  adjusted loss = 0.048  adv prob = 0.250000   acc = 1.000

Validation:
Average incurred loss: 0.392  
Average sample loss: 0.387  
Average acc: 0.923  
  waterbird_complete50 = 0, forest2water2 = 0  [n = 465]:	loss = 0.001  exp loss = 0.001  adjusted loss = 0.001  adv prob = 0.250000   acc = 1.000
  waterbird_complete50 = 0, forest2water2 = 1  [n = 466]:	loss = 0.020  exp loss = 0.018  adjusted loss = 0.018  adv prob = 0.250000   acc = 0.994
  waterbird_complete50 = 1, forest2water2 = 0  [n = 134]:	loss = 1.905  exp loss = 2.156  adjusted loss = 2.156  adv prob = 0.250000   acc = 0.657
  waterbird_complete50 = 1, forest2water2 = 1  [n = 134]:	loss = 1.531  exp loss = 1.546  adjusted loss = 1.546  adv prob = 0.250000   acc = 0.679
Current lr: 0.000010
Current validation accuracy: 0.6567164659500122


Epoch [129]:
Training:
Average incurred loss: 0.085  
Average sample loss: 0.098  
Average acc: 0.973  
  waterbird_complete50 = 0, forest2water2 = 0  [n = 53]:	loss = 0.000  exp loss = 0.000  adjusted loss = 0.000  adv prob = 0.250000   acc = 1.000
  waterbird_complete50 = 0, forest2water2 = 1  [n = 48]:	loss = 0.000  exp loss = 0.000  adjusted loss = 0.000  adv prob = 0.250000   acc = 1.000
  waterbird_complete50 = 1, forest2water2 = 0  [n = 63]:	loss = 0.148  exp loss = 0.100  adjusted loss = 0.100  adv prob = 0.250000   acc = 0.952
  waterbird_complete50 = 1, forest2water2 = 1  [n = 61]:	loss = 0.161  exp loss = 0.092  adjusted loss = 0.092  adv prob = 0.250000   acc = 0.951

Validation:
Average incurred loss: 0.433  
Average sample loss: 0.427  
Average acc: 0.919  
  waterbird_complete50 = 0, forest2water2 = 0  [n = 465]:	loss = 0.001  exp loss = 0.000  adjusted loss = 0.000  adv prob = 0.250000   acc = 1.000
  waterbird_complete50 = 0, forest2water2 = 1  [n = 466]:	loss = 0.017  exp loss = 0.015  adjusted loss = 0.015  adv prob = 0.250000   acc = 0.994
  waterbird_complete50 = 1, forest2water2 = 0  [n = 134]:	loss = 2.100  exp loss = 2.407  adjusted loss = 2.407  adv prob = 0.250000   acc = 0.642
  waterbird_complete50 = 1, forest2water2 = 1  [n = 134]:	loss = 1.711  exp loss = 1.723  adjusted loss = 1.723  adv prob = 0.250000   acc = 0.657
Current lr: 0.000010
Current validation accuracy: 0.6417911052703857


Epoch [130]:
Training:
Average incurred loss: 0.033  
Average sample loss: 0.030  
Average acc: 0.996  
  waterbird_complete50 = 0, forest2water2 = 0  [n = 50]:	loss = 0.000  exp loss = 0.000  adjusted loss = 0.000  adv prob = 0.250000   acc = 1.000
  waterbird_complete50 = 0, forest2water2 = 1  [n = 59]:	loss = 0.000  exp loss = 0.000  adjusted loss = 0.000  adv prob = 0.250000   acc = 1.000
  waterbird_complete50 = 1, forest2water2 = 0  [n = 64]:	loss = 0.084  exp loss = 0.089  adjusted loss = 0.089  adv prob = 0.250000   acc = 0.984
  waterbird_complete50 = 1, forest2water2 = 1  [n = 52]:	loss = 0.041  exp loss = 0.075  adjusted loss = 0.075  adv prob = 0.250000   acc = 1.000

Validation:
Average incurred loss: 0.433  
Average sample loss: 0.427  
Average acc: 0.919  
  waterbird_complete50 = 0, forest2water2 = 0  [n = 465]:	loss = 0.001  exp loss = 0.000  adjusted loss = 0.000  adv prob = 0.250000   acc = 1.000
  waterbird_complete50 = 0, forest2water2 = 1  [n = 466]:	loss = 0.018  exp loss = 0.016  adjusted loss = 0.016  adv prob = 0.250000   acc = 0.994
  waterbird_complete50 = 1, forest2water2 = 0  [n = 134]:	loss = 2.103  exp loss = 2.407  adjusted loss = 2.407  adv prob = 0.250000   acc = 0.642
  waterbird_complete50 = 1, forest2water2 = 1  [n = 134]:	loss = 1.705  exp loss = 1.715  adjusted loss = 1.715  adv prob = 0.250000   acc = 0.657
Current lr: 0.000010
Current validation accuracy: 0.6417911052703857


Epoch [131]:
Training:
Average incurred loss: 0.056  
Average sample loss: 0.062  
Average acc: 1.000  
  waterbird_complete50 = 0, forest2water2 = 0  [n = 48]:	loss = 0.000  exp loss = 0.000  adjusted loss = 0.000  adv prob = 0.250000   acc = 1.000
  waterbird_complete50 = 0, forest2water2 = 1  [n = 55]:	loss = 0.000  exp loss = 0.000  adjusted loss = 0.000  adv prob = 0.250000   acc = 1.000
  waterbird_complete50 = 1, forest2water2 = 0  [n = 67]:	loss = 0.139  exp loss = 0.111  adjusted loss = 0.111  adv prob = 0.250000   acc = 1.000
  waterbird_complete50 = 1, forest2water2 = 1  [n = 55]:	loss = 0.057  exp loss = 0.067  adjusted loss = 0.067  adv prob = 0.250000   acc = 1.000

Validation:
Average incurred loss: 0.451  
Average sample loss: 0.444  
Average acc: 0.919  
  waterbird_complete50 = 0, forest2water2 = 0  [n = 465]:	loss = 0.001  exp loss = 0.000  adjusted loss = 0.000  adv prob = 0.250000   acc = 1.000
  waterbird_complete50 = 0, forest2water2 = 1  [n = 466]:	loss = 0.017  exp loss = 0.015  adjusted loss = 0.015  adv prob = 0.250000   acc = 0.994
  waterbird_complete50 = 1, forest2water2 = 0  [n = 134]:	loss = 2.186  exp loss = 2.495  adjusted loss = 2.495  adv prob = 0.250000   acc = 0.649
  waterbird_complete50 = 1, forest2water2 = 1  [n = 134]:	loss = 1.784  exp loss = 1.790  adjusted loss = 1.790  adv prob = 0.250000   acc = 0.649
Current lr: 0.000010
Current validation accuracy: 0.6492537260055542


Epoch [132]:
Training:
Average incurred loss: 0.026  
Average sample loss: 0.025  
Average acc: 0.996  
  waterbird_complete50 = 0, forest2water2 = 0  [n = 51]:	loss = 0.000  exp loss = 0.000  adjusted loss = 0.000  adv prob = 0.250000   acc = 1.000
  waterbird_complete50 = 0, forest2water2 = 1  [n = 54]:	loss = 0.000  exp loss = 0.000  adjusted loss = 0.000  adv prob = 0.250000   acc = 1.000
  waterbird_complete50 = 1, forest2water2 = 0  [n = 64]:	loss = 0.040  exp loss = 0.087  adjusted loss = 0.087  adv prob = 0.250000   acc = 1.000
  waterbird_complete50 = 1, forest2water2 = 1  [n = 56]:	loss = 0.058  exp loss = 0.064  adjusted loss = 0.064  adv prob = 0.250000   acc = 0.982

Validation:
Average incurred loss: 0.448  
Average sample loss: 0.442  
Average acc: 0.919  
  waterbird_complete50 = 0, forest2water2 = 0  [n = 465]:	loss = 0.001  exp loss = 0.000  adjusted loss = 0.000  adv prob = 0.250000   acc = 1.000
  waterbird_complete50 = 0, forest2water2 = 1  [n = 466]:	loss = 0.016  exp loss = 0.014  adjusted loss = 0.014  adv prob = 0.250000   acc = 0.994
  waterbird_complete50 = 1, forest2water2 = 0  [n = 134]:	loss = 2.175  exp loss = 2.494  adjusted loss = 2.494  adv prob = 0.250000   acc = 0.642
  waterbird_complete50 = 1, forest2water2 = 1  [n = 134]:	loss = 1.779  exp loss = 1.785  adjusted loss = 1.785  adv prob = 0.250000   acc = 0.657
Current lr: 0.000010
Current validation accuracy: 0.6417911052703857


Epoch [133]:
Training:
Average incurred loss: 0.177  
Average sample loss: 0.230  
Average acc: 0.933  
  waterbird_complete50 = 0, forest2water2 = 0  [n = 40]:	loss = 0.000  exp loss = 0.000  adjusted loss = 0.000  adv prob = 0.250000   acc = 1.000
  waterbird_complete50 = 0, forest2water2 = 1  [n = 52]:	loss = 0.000  exp loss = 0.000  adjusted loss = 0.000  adv prob = 0.250000   acc = 1.000
  waterbird_complete50 = 1, forest2water2 = 0  [n = 70]:	loss = 0.343  exp loss = 0.200  adjusted loss = 0.200  adv prob = 0.250000   acc = 0.871
  waterbird_complete50 = 1, forest2water2 = 1  [n = 63]:	loss = 0.252  exp loss = 0.166  adjusted loss = 0.166  adv prob = 0.250000   acc = 0.905

Validation:
Average incurred loss: 0.495  
Average sample loss: 0.488  
Average acc: 0.914  
  waterbird_complete50 = 0, forest2water2 = 0  [n = 465]:	loss = 0.000  exp loss = 0.000  adjusted loss = 0.000  adv prob = 0.250000   acc = 1.000
  waterbird_complete50 = 0, forest2water2 = 1  [n = 466]:	loss = 0.012  exp loss = 0.011  adjusted loss = 0.011  adv prob = 0.250000   acc = 0.996
  waterbird_complete50 = 1, forest2water2 = 0  [n = 134]:	loss = 2.391  exp loss = 2.758  adjusted loss = 2.758  adv prob = 0.250000   acc = 0.634
  waterbird_complete50 = 1, forest2water2 = 1  [n = 134]:	loss = 1.998  exp loss = 1.990  adjusted loss = 1.990  adv prob = 0.250000   acc = 0.612
Current lr: 0.000010
Current validation accuracy: 0.611940324306488


Epoch [134]:
Training:
Average incurred loss: 0.058  
Average sample loss: 0.053  
Average acc: 0.987  
  waterbird_complete50 = 0, forest2water2 = 0  [n = 60]:	loss = 0.000  exp loss = 0.000  adjusted loss = 0.000  adv prob = 0.250000   acc = 1.000
  waterbird_complete50 = 0, forest2water2 = 1  [n = 50]:	loss = 0.000  exp loss = 0.000  adjusted loss = 0.000  adv prob = 0.250000   acc = 1.000
  waterbird_complete50 = 1, forest2water2 = 0  [n = 66]:	loss = 0.122  exp loss = 0.163  adjusted loss = 0.163  adv prob = 0.250000   acc = 0.985
  waterbird_complete50 = 1, forest2water2 = 1  [n = 49]:	loss = 0.102  exp loss = 0.143  adjusted loss = 0.143  adv prob = 0.250000   acc = 0.959

Validation:
Average incurred loss: 0.464  
Average sample loss: 0.458  
Average acc: 0.918  
  waterbird_complete50 = 0, forest2water2 = 0  [n = 465]:	loss = 0.001  exp loss = 0.000  adjusted loss = 0.000  adv prob = 0.250000   acc = 1.000
  waterbird_complete50 = 0, forest2water2 = 1  [n = 466]:	loss = 0.014  exp loss = 0.012  adjusted loss = 0.012  adv prob = 0.250000   acc = 0.996
  waterbird_complete50 = 1, forest2water2 = 0  [n = 134]:	loss = 2.260  exp loss = 2.606  adjusted loss = 2.606  adv prob = 0.250000   acc = 0.642
  waterbird_complete50 = 1, forest2water2 = 1  [n = 134]:	loss = 1.844  exp loss = 1.839  adjusted loss = 1.839  adv prob = 0.250000   acc = 0.642
Current lr: 0.000010
Current validation accuracy: 0.6417911052703857


Epoch [135]:
Training:
Average incurred loss: 0.039  
Average sample loss: 0.055  
Average acc: 0.987  
  waterbird_complete50 = 0, forest2water2 = 0  [n = 55]:	loss = 0.000  exp loss = 0.000  adjusted loss = 0.000  adv prob = 0.250000   acc = 1.000
  waterbird_complete50 = 0, forest2water2 = 1  [n = 53]:	loss = 0.000  exp loss = 0.000  adjusted loss = 0.000  adv prob = 0.250000   acc = 1.000
  waterbird_complete50 = 1, forest2water2 = 0  [n = 55]:	loss = 0.089  exp loss = 0.155  adjusted loss = 0.155  adv prob = 0.250000   acc = 0.982
  waterbird_complete50 = 1, forest2water2 = 1  [n = 62]:	loss = 0.063  exp loss = 0.118  adjusted loss = 0.118  adv prob = 0.250000   acc = 0.968

Validation:
Average incurred loss: 0.463  
Average sample loss: 0.456  
Average acc: 0.918  
  waterbird_complete50 = 0, forest2water2 = 0  [n = 465]:	loss = 0.001  exp loss = 0.000  adjusted loss = 0.000  adv prob = 0.250000   acc = 1.000
  waterbird_complete50 = 0, forest2water2 = 1  [n = 466]:	loss = 0.013  exp loss = 0.012  adjusted loss = 0.012  adv prob = 0.250000   acc = 0.996
  waterbird_complete50 = 1, forest2water2 = 0  [n = 134]:	loss = 2.232  exp loss = 2.571  adjusted loss = 2.571  adv prob = 0.250000   acc = 0.642
  waterbird_complete50 = 1, forest2water2 = 1  [n = 134]:	loss = 1.861  exp loss = 1.849  adjusted loss = 1.849  adv prob = 0.250000   acc = 0.642
Current lr: 0.000010
Current validation accuracy: 0.6417911052703857


Epoch [136]:
Training:
Average incurred loss: 0.011  
Average sample loss: 0.012  
Average acc: 1.000  
  waterbird_complete50 = 0, forest2water2 = 0  [n = 55]:	loss = 0.000  exp loss = 0.000  adjusted loss = 0.000  adv prob = 0.250000   acc = 1.000
  waterbird_complete50 = 0, forest2water2 = 1  [n = 55]:	loss = 0.000  exp loss = 0.000  adjusted loss = 0.000  adv prob = 0.250000   acc = 1.000
  waterbird_complete50 = 1, forest2water2 = 0  [n = 64]:	loss = 0.029  exp loss = 0.111  adjusted loss = 0.111  adv prob = 0.250000   acc = 1.000
  waterbird_complete50 = 1, forest2water2 = 1  [n = 51]:	loss = 0.013  exp loss = 0.082  adjusted loss = 0.082  adv prob = 0.250000   acc = 1.000

Validation:
Average incurred loss: 0.428  
Average sample loss: 0.422  
Average acc: 0.920  
  waterbird_complete50 = 0, forest2water2 = 0  [n = 465]:	loss = 0.001  exp loss = 0.001  adjusted loss = 0.001  adv prob = 0.250000   acc = 1.000
  waterbird_complete50 = 0, forest2water2 = 1  [n = 466]:	loss = 0.017  exp loss = 0.015  adjusted loss = 0.015  adv prob = 0.250000   acc = 0.994
  waterbird_complete50 = 1, forest2water2 = 0  [n = 134]:	loss = 2.077  exp loss = 2.391  adjusted loss = 2.391  adv prob = 0.250000   acc = 0.649
  waterbird_complete50 = 1, forest2water2 = 1  [n = 134]:	loss = 1.687  exp loss = 1.688  adjusted loss = 1.688  adv prob = 0.250000   acc = 0.657
Current lr: 0.000010
Current validation accuracy: 0.6492537260055542


Epoch [137]:
Training:
Average incurred loss: 0.032  
Average sample loss: 0.028  
Average acc: 0.987  
  waterbird_complete50 = 0, forest2water2 = 0  [n = 51]:	loss = 0.000  exp loss = 0.000  adjusted loss = 0.000  adv prob = 0.250000   acc = 1.000
  waterbird_complete50 = 0, forest2water2 = 1  [n = 63]:	loss = 0.000  exp loss = 0.000  adjusted loss = 0.000  adv prob = 0.250000   acc = 1.000
  waterbird_complete50 = 1, forest2water2 = 0  [n = 52]:	loss = 0.066  exp loss = 0.091  adjusted loss = 0.091  adv prob = 0.250000   acc = 0.981
  waterbird_complete50 = 1, forest2water2 = 1  [n = 59]:	loss = 0.063  exp loss = 0.071  adjusted loss = 0.071  adv prob = 0.250000   acc = 0.966

Validation:
Average incurred loss: 0.432  
Average sample loss: 0.426  
Average acc: 0.920  
  waterbird_complete50 = 0, forest2water2 = 0  [n = 465]:	loss = 0.001  exp loss = 0.000  adjusted loss = 0.000  adv prob = 0.250000   acc = 1.000
  waterbird_complete50 = 0, forest2water2 = 1  [n = 466]:	loss = 0.015  exp loss = 0.014  adjusted loss = 0.014  adv prob = 0.250000   acc = 0.996
  waterbird_complete50 = 1, forest2water2 = 0  [n = 134]:	loss = 2.095  exp loss = 2.397  adjusted loss = 2.397  adv prob = 0.250000   acc = 0.649
  waterbird_complete50 = 1, forest2water2 = 1  [n = 134]:	loss = 1.713  exp loss = 1.711  adjusted loss = 1.711  adv prob = 0.250000   acc = 0.649
Current lr: 0.000010
Current validation accuracy: 0.6492537260055542


Epoch [138]:
Training:
Average incurred loss: 0.039  
Average sample loss: 0.043  
Average acc: 0.982  
  waterbird_complete50 = 0, forest2water2 = 0  [n = 63]:	loss = 0.000  exp loss = 0.000  adjusted loss = 0.000  adv prob = 0.250000   acc = 1.000
  waterbird_complete50 = 0, forest2water2 = 1  [n = 47]:	loss = 0.000  exp loss = 0.000  adjusted loss = 0.000  adv prob = 0.250000   acc = 1.000
  waterbird_complete50 = 1, forest2water2 = 0  [n = 44]:	loss = 0.069  exp loss = 0.091  adjusted loss = 0.091  adv prob = 0.250000   acc = 0.977
  waterbird_complete50 = 1, forest2water2 = 1  [n = 71]:	loss = 0.081  exp loss = 0.072  adjusted loss = 0.072  adv prob = 0.250000   acc = 0.958

Validation:
Average incurred loss: 0.438  
Average sample loss: 0.432  
Average acc: 0.919  
  waterbird_complete50 = 0, forest2water2 = 0  [n = 465]:	loss = 0.001  exp loss = 0.001  adjusted loss = 0.001  adv prob = 0.250000   acc = 1.000
  waterbird_complete50 = 0, forest2water2 = 1  [n = 466]:	loss = 0.015  exp loss = 0.014  adjusted loss = 0.014  adv prob = 0.250000   acc = 0.994
  waterbird_complete50 = 1, forest2water2 = 0  [n = 134]:	loss = 2.112  exp loss = 2.427  adjusted loss = 2.427  adv prob = 0.250000   acc = 0.649
  waterbird_complete50 = 1, forest2water2 = 1  [n = 134]:	loss = 1.754  exp loss = 1.759  adjusted loss = 1.759  adv prob = 0.250000   acc = 0.649
Current lr: 0.000010
Current validation accuracy: 0.6492537260055542


Epoch [139]:
Training:
Average incurred loss: 0.110  
Average sample loss: 0.108  
Average acc: 0.956  
  waterbird_complete50 = 0, forest2water2 = 0  [n = 61]:	loss = 0.000  exp loss = 0.000  adjusted loss = 0.000  adv prob = 0.250000   acc = 1.000
  waterbird_complete50 = 0, forest2water2 = 1  [n = 52]:	loss = 0.000  exp loss = 0.000  adjusted loss = 0.000  adv prob = 0.250000   acc = 1.000
  waterbird_complete50 = 1, forest2water2 = 0  [n = 54]:	loss = 0.322  exp loss = 0.143  adjusted loss = 0.143  adv prob = 0.250000   acc = 0.870
  waterbird_complete50 = 1, forest2water2 = 1  [n = 58]:	loss = 0.125  exp loss = 0.083  adjusted loss = 0.083  adv prob = 0.250000   acc = 0.948

Validation:
Average incurred loss: 0.425  
Average sample loss: 0.419  
Average acc: 0.921  
  waterbird_complete50 = 0, forest2water2 = 0  [n = 465]:	loss = 0.001  exp loss = 0.001  adjusted loss = 0.001  adv prob = 0.250000   acc = 1.000
  waterbird_complete50 = 0, forest2water2 = 1  [n = 466]:	loss = 0.016  exp loss = 0.015  adjusted loss = 0.015  adv prob = 0.250000   acc = 0.994
  waterbird_complete50 = 1, forest2water2 = 0  [n = 134]:	loss = 2.051  exp loss = 2.353  adjusted loss = 2.353  adv prob = 0.250000   acc = 0.649
  waterbird_complete50 = 1, forest2water2 = 1  [n = 134]:	loss = 1.687  exp loss = 1.696  adjusted loss = 1.696  adv prob = 0.250000   acc = 0.664
Current lr: 0.000010
Current validation accuracy: 0.6492537260055542


Epoch [140]:
Training:
Average incurred loss: 0.015  
Average sample loss: 0.013  
Average acc: 1.000  
  waterbird_complete50 = 0, forest2water2 = 0  [n = 61]:	loss = 0.000  exp loss = 0.000  adjusted loss = 0.000  adv prob = 0.250000   acc = 1.000
  waterbird_complete50 = 0, forest2water2 = 1  [n = 55]:	loss = 0.000  exp loss = 0.000  adjusted loss = 0.000  adv prob = 0.250000   acc = 1.000
  waterbird_complete50 = 1, forest2water2 = 0  [n = 58]:	loss = 0.034  exp loss = 0.103  adjusted loss = 0.103  adv prob = 0.250000   acc = 1.000
  waterbird_complete50 = 1, forest2water2 = 1  [n = 51]:	loss = 0.029  exp loss = 0.063  adjusted loss = 0.063  adv prob = 0.250000   acc = 1.000

Validation:
Average incurred loss: 0.394  
Average sample loss: 0.388  
Average acc: 0.924  
  waterbird_complete50 = 0, forest2water2 = 0  [n = 465]:	loss = 0.002  exp loss = 0.001  adjusted loss = 0.001  adv prob = 0.250000   acc = 1.000
  waterbird_complete50 = 0, forest2water2 = 1  [n = 466]:	loss = 0.019  exp loss = 0.017  adjusted loss = 0.017  adv prob = 0.250000   acc = 0.994
  waterbird_complete50 = 1, forest2water2 = 0  [n = 134]:	loss = 1.920  exp loss = 2.176  adjusted loss = 2.176  adv prob = 0.250000   acc = 0.649
  waterbird_complete50 = 1, forest2water2 = 1  [n = 134]:	loss = 1.531  exp loss = 1.550  adjusted loss = 1.550  adv prob = 0.250000   acc = 0.694
Current lr: 0.000010
Current validation accuracy: 0.6492537260055542


Epoch [141]:
Training:
Average incurred loss: 0.014  
Average sample loss: 0.017  
Average acc: 1.000  
  waterbird_complete50 = 0, forest2water2 = 0  [n = 63]:	loss = 0.000  exp loss = 0.000  adjusted loss = 0.000  adv prob = 0.250000   acc = 1.000
  waterbird_complete50 = 0, forest2water2 = 1  [n = 50]:	loss = 0.000  exp loss = 0.000  adjusted loss = 0.000  adv prob = 0.250000   acc = 1.000
  waterbird_complete50 = 1, forest2water2 = 0  [n = 58]:	loss = 0.047  exp loss = 0.085  adjusted loss = 0.085  adv prob = 0.250000   acc = 1.000
  waterbird_complete50 = 1, forest2water2 = 1  [n = 54]:	loss = 0.008  exp loss = 0.045  adjusted loss = 0.045  adv prob = 0.250000   acc = 1.000

Validation:
Average incurred loss: 0.398  
Average sample loss: 0.393  
Average acc: 0.925  
  waterbird_complete50 = 0, forest2water2 = 0  [n = 465]:	loss = 0.001  exp loss = 0.001  adjusted loss = 0.001  adv prob = 0.250000   acc = 1.000
  waterbird_complete50 = 0, forest2water2 = 1  [n = 466]:	loss = 0.019  exp loss = 0.017  adjusted loss = 0.017  adv prob = 0.250000   acc = 0.994
  waterbird_complete50 = 1, forest2water2 = 0  [n = 134]:	loss = 1.953  exp loss = 2.222  adjusted loss = 2.222  adv prob = 0.250000   acc = 0.657
  waterbird_complete50 = 1, forest2water2 = 1  [n = 134]:	loss = 1.538  exp loss = 1.560  adjusted loss = 1.560  adv prob = 0.250000   acc = 0.694
Current lr: 0.000010
Current validation accuracy: 0.6567164659500122


Epoch [142]:
Training:
Average incurred loss: 0.036  
Average sample loss: 0.059  
Average acc: 0.982  
  waterbird_complete50 = 0, forest2water2 = 0  [n = 58]:	loss = 0.000  exp loss = 0.000  adjusted loss = 0.000  adv prob = 0.250000   acc = 1.000
  waterbird_complete50 = 0, forest2water2 = 1  [n = 58]:	loss = 0.000  exp loss = 0.000  adjusted loss = 0.000  adv prob = 0.250000   acc = 1.000
  waterbird_complete50 = 1, forest2water2 = 0  [n = 54]:	loss = 0.093  exp loss = 0.097  adjusted loss = 0.097  adv prob = 0.250000   acc = 0.944
  waterbird_complete50 = 1, forest2water2 = 1  [n = 55]:	loss = 0.055  exp loss = 0.064  adjusted loss = 0.064  adv prob = 0.250000   acc = 0.982

Validation:
Average incurred loss: 0.392  
Average sample loss: 0.386  
Average acc: 0.924  
  waterbird_complete50 = 0, forest2water2 = 0  [n = 465]:	loss = 0.002  exp loss = 0.001  adjusted loss = 0.001  adv prob = 0.250000   acc = 1.000
  waterbird_complete50 = 0, forest2water2 = 1  [n = 466]:	loss = 0.020  exp loss = 0.018  adjusted loss = 0.018  adv prob = 0.250000   acc = 0.994
  waterbird_complete50 = 1, forest2water2 = 0  [n = 134]:	loss = 1.918  exp loss = 2.183  adjusted loss = 2.183  adv prob = 0.250000   acc = 0.649
  waterbird_complete50 = 1, forest2water2 = 1  [n = 134]:	loss = 1.514  exp loss = 1.536  adjusted loss = 1.536  adv prob = 0.250000   acc = 0.694
Current lr: 0.000010
Current validation accuracy: 0.6492537260055542


Epoch [143]:
Training:
Average incurred loss: 0.023  
Average sample loss: 0.022  
Average acc: 0.996  
  waterbird_complete50 = 0, forest2water2 = 0  [n = 53]:	loss = 0.000  exp loss = 0.000  adjusted loss = 0.000  adv prob = 0.250000   acc = 1.000
  waterbird_complete50 = 0, forest2water2 = 1  [n = 58]:	loss = 0.000  exp loss = 0.000  adjusted loss = 0.000  adv prob = 0.250000   acc = 1.000
  waterbird_complete50 = 1, forest2water2 = 0  [n = 57]:	loss = 0.050  exp loss = 0.084  adjusted loss = 0.084  adv prob = 0.250000   acc = 0.982
  waterbird_complete50 = 1, forest2water2 = 1  [n = 57]:	loss = 0.042  exp loss = 0.053  adjusted loss = 0.053  adv prob = 0.250000   acc = 1.000

Validation:
Average incurred loss: 0.402  
Average sample loss: 0.396  
Average acc: 0.923  
  waterbird_complete50 = 0, forest2water2 = 0  [n = 465]:	loss = 0.001  exp loss = 0.001  adjusted loss = 0.001  adv prob = 0.250000   acc = 1.000
  waterbird_complete50 = 0, forest2water2 = 1  [n = 466]:	loss = 0.019  exp loss = 0.017  adjusted loss = 0.017  adv prob = 0.250000   acc = 0.994
  waterbird_complete50 = 1, forest2water2 = 0  [n = 134]:	loss = 1.966  exp loss = 2.252  adjusted loss = 2.252  adv prob = 0.250000   acc = 0.657
  waterbird_complete50 = 1, forest2water2 = 1  [n = 134]:	loss = 1.557  exp loss = 1.571  adjusted loss = 1.571  adv prob = 0.250000   acc = 0.679
Current lr: 0.000010
Current validation accuracy: 0.6567164659500122


Epoch [144]:
Training:
Average incurred loss: 0.028  
Average sample loss: 0.025  
Average acc: 0.996  
  waterbird_complete50 = 0, forest2water2 = 0  [n = 53]:	loss = 0.000  exp loss = 0.000  adjusted loss = 0.000  adv prob = 0.250000   acc = 1.000
  waterbird_complete50 = 0, forest2water2 = 1  [n = 58]:	loss = 0.000  exp loss = 0.000  adjusted loss = 0.000  adv prob = 0.250000   acc = 1.000
  waterbird_complete50 = 1, forest2water2 = 0  [n = 58]:	loss = 0.080  exp loss = 0.078  adjusted loss = 0.078  adv prob = 0.250000   acc = 0.983
  waterbird_complete50 = 1, forest2water2 = 1  [n = 56]:	loss = 0.030  exp loss = 0.043  adjusted loss = 0.043  adv prob = 0.250000   acc = 1.000

Validation:
Average incurred loss: 0.401  
Average sample loss: 0.395  
Average acc: 0.923  
  waterbird_complete50 = 0, forest2water2 = 0  [n = 465]:	loss = 0.001  exp loss = 0.001  adjusted loss = 0.001  adv prob = 0.250000   acc = 1.000
  waterbird_complete50 = 0, forest2water2 = 1  [n = 466]:	loss = 0.019  exp loss = 0.017  adjusted loss = 0.017  adv prob = 0.250000   acc = 0.994
  waterbird_complete50 = 1, forest2water2 = 0  [n = 134]:	loss = 1.963  exp loss = 2.242  adjusted loss = 2.242  adv prob = 0.250000   acc = 0.657
  waterbird_complete50 = 1, forest2water2 = 1  [n = 134]:	loss = 1.555  exp loss = 1.576  adjusted loss = 1.576  adv prob = 0.250000   acc = 0.679
Current lr: 0.000010
Current validation accuracy: 0.6567164659500122


Epoch [145]:
Training:
Average incurred loss: 0.019  
Average sample loss: 0.017  
Average acc: 0.996  
  waterbird_complete50 = 0, forest2water2 = 0  [n = 62]:	loss = 0.000  exp loss = 0.000  adjusted loss = 0.000  adv prob = 0.250000   acc = 1.000
  waterbird_complete50 = 0, forest2water2 = 1  [n = 49]:	loss = 0.000  exp loss = 0.000  adjusted loss = 0.000  adv prob = 0.250000   acc = 1.000
  waterbird_complete50 = 1, forest2water2 = 0  [n = 56]:	loss = 0.029  exp loss = 0.060  adjusted loss = 0.060  adv prob = 0.250000   acc = 1.000
  waterbird_complete50 = 1, forest2water2 = 1  [n = 58]:	loss = 0.045  exp loss = 0.041  adjusted loss = 0.041  adv prob = 0.250000   acc = 0.983

Validation:
Average incurred loss: 0.388  
Average sample loss: 0.383  
Average acc: 0.927  
  waterbird_complete50 = 0, forest2water2 = 0  [n = 465]:	loss = 0.001  exp loss = 0.001  adjusted loss = 0.001  adv prob = 0.250000   acc = 1.000
  waterbird_complete50 = 0, forest2water2 = 1  [n = 466]:	loss = 0.020  exp loss = 0.017  adjusted loss = 0.017  adv prob = 0.250000   acc = 0.994
  waterbird_complete50 = 1, forest2water2 = 0  [n = 134]:	loss = 1.901  exp loss = 2.166  adjusted loss = 2.166  adv prob = 0.250000   acc = 0.664
  waterbird_complete50 = 1, forest2water2 = 1  [n = 134]:	loss = 1.498  exp loss = 1.514  adjusted loss = 1.514  adv prob = 0.250000   acc = 0.701
Current lr: 0.000010
Current validation accuracy: 0.6641790866851807


Epoch [146]:
Training:
Average incurred loss: 0.096  
Average sample loss: 0.086  
Average acc: 0.951  
  waterbird_complete50 = 0, forest2water2 = 0  [n = 58]:	loss = 0.000  exp loss = 0.000  adjusted loss = 0.000  adv prob = 0.250000   acc = 1.000
  waterbird_complete50 = 0, forest2water2 = 1  [n = 45]:	loss = 0.000  exp loss = 0.000  adjusted loss = 0.000  adv prob = 0.250000   acc = 1.000
  waterbird_complete50 = 1, forest2water2 = 0  [n = 65]:	loss = 0.202  exp loss = 0.100  adjusted loss = 0.100  adv prob = 0.250000   acc = 0.892
  waterbird_complete50 = 1, forest2water2 = 1  [n = 57]:	loss = 0.148  exp loss = 0.074  adjusted loss = 0.074  adv prob = 0.250000   acc = 0.930

Validation:
Average incurred loss: 0.411  
Average sample loss: 0.405  
Average acc: 0.922  
  waterbird_complete50 = 0, forest2water2 = 0  [n = 465]:	loss = 0.001  exp loss = 0.001  adjusted loss = 0.001  adv prob = 0.250000   acc = 1.000
  waterbird_complete50 = 0, forest2water2 = 1  [n = 466]:	loss = 0.018  exp loss = 0.016  adjusted loss = 0.016  adv prob = 0.250000   acc = 0.994
  waterbird_complete50 = 1, forest2water2 = 0  [n = 134]:	loss = 2.023  exp loss = 2.295  adjusted loss = 2.295  adv prob = 0.250000   acc = 0.657
  waterbird_complete50 = 1, forest2water2 = 1  [n = 134]:	loss = 1.589  exp loss = 1.600  adjusted loss = 1.600  adv prob = 0.250000   acc = 0.672
Current lr: 0.000010
Current validation accuracy: 0.6567164659500122


Epoch [147]:
Training:
Average incurred loss: 0.016  
Average sample loss: 0.014  
Average acc: 0.996  
  waterbird_complete50 = 0, forest2water2 = 0  [n = 54]:	loss = 0.000  exp loss = 0.000  adjusted loss = 0.000  adv prob = 0.250000   acc = 1.000
  waterbird_complete50 = 0, forest2water2 = 1  [n = 64]:	loss = 0.000  exp loss = 0.000  adjusted loss = 0.000  adv prob = 0.250000   acc = 1.000
  waterbird_complete50 = 1, forest2water2 = 0  [n = 56]:	loss = 0.025  exp loss = 0.073  adjusted loss = 0.073  adv prob = 0.250000   acc = 1.000
  waterbird_complete50 = 1, forest2water2 = 1  [n = 51]:	loss = 0.043  exp loss = 0.059  adjusted loss = 0.059  adv prob = 0.250000   acc = 0.980

Validation:
Average incurred loss: 0.394  
Average sample loss: 0.389  
Average acc: 0.924  
  waterbird_complete50 = 0, forest2water2 = 0  [n = 465]:	loss = 0.001  exp loss = 0.001  adjusted loss = 0.001  adv prob = 0.250000   acc = 1.000
  waterbird_complete50 = 0, forest2water2 = 1  [n = 466]:	loss = 0.019  exp loss = 0.017  adjusted loss = 0.017  adv prob = 0.250000   acc = 0.994
  waterbird_complete50 = 1, forest2water2 = 0  [n = 134]:	loss = 1.940  exp loss = 2.206  adjusted loss = 2.206  adv prob = 0.250000   acc = 0.657
  waterbird_complete50 = 1, forest2water2 = 1  [n = 134]:	loss = 1.518  exp loss = 1.528  adjusted loss = 1.528  adv prob = 0.250000   acc = 0.687
Current lr: 0.000010
Current validation accuracy: 0.6567164659500122


Epoch [148]:
Training:
Average incurred loss: 0.049  
Average sample loss: 0.059  
Average acc: 0.987  
  waterbird_complete50 = 0, forest2water2 = 0  [n = 53]:	loss = 0.000  exp loss = 0.000  adjusted loss = 0.000  adv prob = 0.250000   acc = 1.000
  waterbird_complete50 = 0, forest2water2 = 1  [n = 51]:	loss = 0.000  exp loss = 0.000  adjusted loss = 0.000  adv prob = 0.250000   acc = 1.000
  waterbird_complete50 = 1, forest2water2 = 0  [n = 58]:	loss = 0.127  exp loss = 0.109  adjusted loss = 0.109  adv prob = 0.250000   acc = 0.948
  waterbird_complete50 = 1, forest2water2 = 1  [n = 63]:	loss = 0.058  exp loss = 0.056  adjusted loss = 0.056  adv prob = 0.250000   acc = 1.000

Validation:
Average incurred loss: 0.420  
Average sample loss: 0.414  
Average acc: 0.922  
  waterbird_complete50 = 0, forest2water2 = 0  [n = 465]:	loss = 0.001  exp loss = 0.001  adjusted loss = 0.001  adv prob = 0.250000   acc = 1.000
  waterbird_complete50 = 0, forest2water2 = 1  [n = 466]:	loss = 0.017  exp loss = 0.016  adjusted loss = 0.016  adv prob = 0.250000   acc = 0.994
  waterbird_complete50 = 1, forest2water2 = 0  [n = 134]:	loss = 2.041  exp loss = 2.332  adjusted loss = 2.332  adv prob = 0.250000   acc = 0.649
  waterbird_complete50 = 1, forest2water2 = 1  [n = 134]:	loss = 1.649  exp loss = 1.650  adjusted loss = 1.650  adv prob = 0.250000   acc = 0.672
Current lr: 0.000010
Current validation accuracy: 0.6492537260055542


Epoch [149]:
Training:
Average incurred loss: 0.029  
Average sample loss: 0.027  
Average acc: 0.982  
  waterbird_complete50 = 0, forest2water2 = 0  [n = 59]:	loss = 0.000  exp loss = 0.000  adjusted loss = 0.000  adv prob = 0.250000   acc = 1.000
  waterbird_complete50 = 0, forest2water2 = 1  [n = 56]:	loss = 0.000  exp loss = 0.000  adjusted loss = 0.000  adv prob = 0.250000   acc = 1.000
  waterbird_complete50 = 1, forest2water2 = 0  [n = 45]:	loss = 0.058  exp loss = 0.088  adjusted loss = 0.088  adv prob = 0.250000   acc = 0.978
  waterbird_complete50 = 1, forest2water2 = 1  [n = 65]:	loss = 0.061  exp loss = 0.052  adjusted loss = 0.052  adv prob = 0.250000   acc = 0.954

Validation:
Average incurred loss: 0.401  
Average sample loss: 0.395  
Average acc: 0.922  
  waterbird_complete50 = 0, forest2water2 = 0  [n = 465]:	loss = 0.001  exp loss = 0.001  adjusted loss = 0.001  adv prob = 0.250000   acc = 1.000
  waterbird_complete50 = 0, forest2water2 = 1  [n = 466]:	loss = 0.019  exp loss = 0.018  adjusted loss = 0.018  adv prob = 0.250000   acc = 0.994
  waterbird_complete50 = 1, forest2water2 = 0  [n = 134]:	loss = 1.957  exp loss = 2.233  adjusted loss = 2.233  adv prob = 0.250000   acc = 0.657
  waterbird_complete50 = 1, forest2water2 = 1  [n = 134]:	loss = 1.558  exp loss = 1.564  adjusted loss = 1.564  adv prob = 0.250000   acc = 0.672
Current lr: 0.000010
Current validation accuracy: 0.6567164659500122


Epoch [150]:
Training:
Average incurred loss: 0.063  
Average sample loss: 0.104  
Average acc: 0.969  
  waterbird_complete50 = 0, forest2water2 = 0  [n = 57]:	loss = 0.000  exp loss = 0.000  adjusted loss = 0.000  adv prob = 0.250000   acc = 1.000
  waterbird_complete50 = 0, forest2water2 = 1  [n = 59]:	loss = 0.000  exp loss = 0.000  adjusted loss = 0.000  adv prob = 0.250000   acc = 1.000
  waterbird_complete50 = 1, forest2water2 = 0  [n = 63]:	loss = 0.151  exp loss = 0.130  adjusted loss = 0.130  adv prob = 0.250000   acc = 0.937
  waterbird_complete50 = 1, forest2water2 = 1  [n = 46]:	loss = 0.099  exp loss = 0.090  adjusted loss = 0.090  adv prob = 0.250000   acc = 0.935

Validation:
Average incurred loss: 0.397  
Average sample loss: 0.391  
Average acc: 0.926  
  waterbird_complete50 = 0, forest2water2 = 0  [n = 465]:	loss = 0.001  exp loss = 0.001  adjusted loss = 0.001  adv prob = 0.250000   acc = 1.000
  waterbird_complete50 = 0, forest2water2 = 1  [n = 466]:	loss = 0.020  exp loss = 0.018  adjusted loss = 0.018  adv prob = 0.250000   acc = 0.994
  waterbird_complete50 = 1, forest2water2 = 0  [n = 134]:	loss = 1.936  exp loss = 2.219  adjusted loss = 2.219  adv prob = 0.250000   acc = 0.664
  waterbird_complete50 = 1, forest2water2 = 1  [n = 134]:	loss = 1.541  exp loss = 1.556  adjusted loss = 1.556  adv prob = 0.250000   acc = 0.694
Current lr: 0.000010
Current validation accuracy: 0.6641790866851807


Epoch [151]:
Training:
Average incurred loss: 0.145  
Average sample loss: 0.127  
Average acc: 0.920  
  waterbird_complete50 = 0, forest2water2 = 0  [n = 47]:	loss = 0.000  exp loss = 0.000  adjusted loss = 0.000  adv prob = 0.250000   acc = 1.000
  waterbird_complete50 = 0, forest2water2 = 1  [n = 53]:	loss = 0.000  exp loss = 0.000  adjusted loss = 0.000  adv prob = 0.250000   acc = 1.000
  waterbird_complete50 = 1, forest2water2 = 0  [n = 68]:	loss = 0.280  exp loss = 0.161  adjusted loss = 0.161  adv prob = 0.250000   acc = 0.838
  waterbird_complete50 = 1, forest2water2 = 1  [n = 57]:	loss = 0.237  exp loss = 0.116  adjusted loss = 0.116  adv prob = 0.250000   acc = 0.877

Validation:
Average incurred loss: 0.398  
Average sample loss: 0.393  
Average acc: 0.925  
  waterbird_complete50 = 0, forest2water2 = 0  [n = 465]:	loss = 0.002  exp loss = 0.001  adjusted loss = 0.001  adv prob = 0.250000   acc = 1.000
  waterbird_complete50 = 0, forest2water2 = 1  [n = 466]:	loss = 0.021  exp loss = 0.019  adjusted loss = 0.019  adv prob = 0.250000   acc = 0.994
  waterbird_complete50 = 1, forest2water2 = 0  [n = 134]:	loss = 1.939  exp loss = 2.218  adjusted loss = 2.218  adv prob = 0.250000   acc = 0.657
  waterbird_complete50 = 1, forest2water2 = 1  [n = 134]:	loss = 1.550  exp loss = 1.557  adjusted loss = 1.557  adv prob = 0.250000   acc = 0.694
Current lr: 0.000010
Current validation accuracy: 0.6567164659500122


Epoch [152]:
Training:
Average incurred loss: 0.007  
Average sample loss: 0.006  
Average acc: 1.000  
  waterbird_complete50 = 0, forest2water2 = 0  [n = 61]:	loss = 0.000  exp loss = 0.000  adjusted loss = 0.000  adv prob = 0.250000   acc = 1.000
  waterbird_complete50 = 0, forest2water2 = 1  [n = 60]:	loss = 0.000  exp loss = 0.000  adjusted loss = 0.000  adv prob = 0.250000   acc = 1.000
  waterbird_complete50 = 1, forest2water2 = 0  [n = 43]:	loss = 0.021  exp loss = 0.112  adjusted loss = 0.112  adv prob = 0.250000   acc = 1.000
  waterbird_complete50 = 1, forest2water2 = 1  [n = 61]:	loss = 0.012  exp loss = 0.080  adjusted loss = 0.080  adv prob = 0.250000   acc = 1.000

Validation:
Average incurred loss: 0.367  
Average sample loss: 0.362  
Average acc: 0.928  
  waterbird_complete50 = 0, forest2water2 = 0  [n = 465]:	loss = 0.002  exp loss = 0.001  adjusted loss = 0.001  adv prob = 0.250000   acc = 0.998
  waterbird_complete50 = 0, forest2water2 = 1  [n = 466]:	loss = 0.024  exp loss = 0.021  adjusted loss = 0.021  adv prob = 0.250000   acc = 0.994
  waterbird_complete50 = 1, forest2water2 = 0  [n = 134]:	loss = 1.790  exp loss = 2.043  adjusted loss = 2.043  adv prob = 0.250000   acc = 0.672
  waterbird_complete50 = 1, forest2water2 = 1  [n = 134]:	loss = 1.403  exp loss = 1.415  adjusted loss = 1.415  adv prob = 0.250000   acc = 0.716
Current lr: 0.000010
Current validation accuracy: 0.6716418266296387


Epoch [153]:
Training:
Average incurred loss: 0.036  
Average sample loss: 0.032  
Average acc: 0.991  
  waterbird_complete50 = 0, forest2water2 = 0  [n = 54]:	loss = 0.000  exp loss = 0.000  adjusted loss = 0.000  adv prob = 0.250000   acc = 1.000
  waterbird_complete50 = 0, forest2water2 = 1  [n = 56]:	loss = 0.000  exp loss = 0.000  adjusted loss = 0.000  adv prob = 0.250000   acc = 1.000
  waterbird_complete50 = 1, forest2water2 = 0  [n = 56]:	loss = 0.097  exp loss = 0.098  adjusted loss = 0.098  adv prob = 0.250000   acc = 0.982
  waterbird_complete50 = 1, forest2water2 = 1  [n = 59]:	loss = 0.044  exp loss = 0.067  adjusted loss = 0.067  adv prob = 0.250000   acc = 0.983

Validation:
Average incurred loss: 0.369  
Average sample loss: 0.364  
Average acc: 0.927  
  waterbird_complete50 = 0, forest2water2 = 0  [n = 465]:	loss = 0.002  exp loss = 0.001  adjusted loss = 0.001  adv prob = 0.250000   acc = 0.998
  waterbird_complete50 = 0, forest2water2 = 1  [n = 466]:	loss = 0.023  exp loss = 0.021  adjusted loss = 0.021  adv prob = 0.250000   acc = 0.994
  waterbird_complete50 = 1, forest2water2 = 0  [n = 134]:	loss = 1.803  exp loss = 2.061  adjusted loss = 2.061  adv prob = 0.250000   acc = 0.672
  waterbird_complete50 = 1, forest2water2 = 1  [n = 134]:	loss = 1.415  exp loss = 1.432  adjusted loss = 1.432  adv prob = 0.250000   acc = 0.709
Current lr: 0.000010
Current validation accuracy: 0.6716418266296387


Epoch [154]:
Training:
Average incurred loss: 0.045  
Average sample loss: 0.048  
Average acc: 0.996  
  waterbird_complete50 = 0, forest2water2 = 0  [n = 55]:	loss = 0.000  exp loss = 0.000  adjusted loss = 0.000  adv prob = 0.250000   acc = 1.000
  waterbird_complete50 = 0, forest2water2 = 1  [n = 50]:	loss = 0.000  exp loss = 0.000  adjusted loss = 0.000  adv prob = 0.250000   acc = 1.000
  waterbird_complete50 = 1, forest2water2 = 0  [n = 56]:	loss = 0.108  exp loss = 0.099  adjusted loss = 0.099  adv prob = 0.250000   acc = 1.000
  waterbird_complete50 = 1, forest2water2 = 1  [n = 64]:	loss = 0.064  exp loss = 0.068  adjusted loss = 0.068  adv prob = 0.250000   acc = 0.984

Validation:
Average incurred loss: 0.392  
Average sample loss: 0.387  
Average acc: 0.925  
  waterbird_complete50 = 0, forest2water2 = 0  [n = 465]:	loss = 0.002  exp loss = 0.001  adjusted loss = 0.001  adv prob = 0.250000   acc = 1.000
  waterbird_complete50 = 0, forest2water2 = 1  [n = 466]:	loss = 0.020  exp loss = 0.018  adjusted loss = 0.018  adv prob = 0.250000   acc = 0.994
  waterbird_complete50 = 1, forest2water2 = 0  [n = 134]:	loss = 1.910  exp loss = 2.195  adjusted loss = 2.195  adv prob = 0.250000   acc = 0.657
  waterbird_complete50 = 1, forest2water2 = 1  [n = 134]:	loss = 1.521  exp loss = 1.536  adjusted loss = 1.536  adv prob = 0.250000   acc = 0.694
Current lr: 0.000010
Current validation accuracy: 0.6567164659500122


Epoch [155]:
Training:
Average incurred loss: 0.072  
Average sample loss: 0.106  
Average acc: 0.973  
  waterbird_complete50 = 0, forest2water2 = 0  [n = 57]:	loss = 0.000  exp loss = 0.000  adjusted loss = 0.000  adv prob = 0.250000   acc = 1.000
  waterbird_complete50 = 0, forest2water2 = 1  [n = 58]:	loss = 0.000  exp loss = 0.000  adjusted loss = 0.000  adv prob = 0.250000   acc = 1.000
  waterbird_complete50 = 1, forest2water2 = 0  [n = 48]:	loss = 0.182  exp loss = 0.160  adjusted loss = 0.160  adv prob = 0.250000   acc = 0.938
  waterbird_complete50 = 1, forest2water2 = 1  [n = 62]:	loss = 0.119  exp loss = 0.099  adjusted loss = 0.099  adv prob = 0.250000   acc = 0.952

Validation:
Average incurred loss: 0.407  
Average sample loss: 0.401  
Average acc: 0.922  
  waterbird_complete50 = 0, forest2water2 = 0  [n = 465]:	loss = 0.001  exp loss = 0.001  adjusted loss = 0.001  adv prob = 0.250000   acc = 1.000
  waterbird_complete50 = 0, forest2water2 = 1  [n = 466]:	loss = 0.018  exp loss = 0.017  adjusted loss = 0.017  adv prob = 0.250000   acc = 0.994
  waterbird_complete50 = 1, forest2water2 = 0  [n = 134]:	loss = 1.983  exp loss = 2.278  adjusted loss = 2.278  adv prob = 0.250000   acc = 0.657
  waterbird_complete50 = 1, forest2water2 = 1  [n = 134]:	loss = 1.589  exp loss = 1.597  adjusted loss = 1.597  adv prob = 0.250000   acc = 0.664
Current lr: 0.000010
Current validation accuracy: 0.6567164659500122


Epoch [156]:
Training:
Average incurred loss: 0.022  
Average sample loss: 0.035  
Average acc: 0.991  
  waterbird_complete50 = 0, forest2water2 = 0  [n = 64]:	loss = 0.000  exp loss = 0.000  adjusted loss = 0.000  adv prob = 0.250000   acc = 1.000
  waterbird_complete50 = 0, forest2water2 = 1  [n = 57]:	loss = 0.000  exp loss = 0.000  adjusted loss = 0.000  adv prob = 0.250000   acc = 1.000
  waterbird_complete50 = 1, forest2water2 = 0  [n = 47]:	loss = 0.062  exp loss = 0.136  adjusted loss = 0.136  adv prob = 0.250000   acc = 0.979
  waterbird_complete50 = 1, forest2water2 = 1  [n = 57]:	loss = 0.034  exp loss = 0.081  adjusted loss = 0.081  adv prob = 0.250000   acc = 0.982

Validation:
Average incurred loss: 0.381  
Average sample loss: 0.376  
Average acc: 0.926  
  waterbird_complete50 = 0, forest2water2 = 0  [n = 465]:	loss = 0.002  exp loss = 0.001  adjusted loss = 0.001  adv prob = 0.250000   acc = 1.000
  waterbird_complete50 = 0, forest2water2 = 1  [n = 466]:	loss = 0.022  exp loss = 0.020  adjusted loss = 0.020  adv prob = 0.250000   acc = 0.994
  waterbird_complete50 = 1, forest2water2 = 0  [n = 134]:	loss = 1.861  exp loss = 2.135  adjusted loss = 2.135  adv prob = 0.250000   acc = 0.664
  waterbird_complete50 = 1, forest2water2 = 1  [n = 134]:	loss = 1.465  exp loss = 1.487  adjusted loss = 1.487  adv prob = 0.250000   acc = 0.694
Current lr: 0.000010
Current validation accuracy: 0.6641790866851807


Epoch [157]:
Training:
Average incurred loss: 0.012  
Average sample loss: 0.013  
Average acc: 1.000  
  waterbird_complete50 = 0, forest2water2 = 0  [n = 63]:	loss = 0.000  exp loss = 0.000  adjusted loss = 0.000  adv prob = 0.250000   acc = 1.000
  waterbird_complete50 = 0, forest2water2 = 1  [n = 54]:	loss = 0.000  exp loss = 0.000  adjusted loss = 0.000  adv prob = 0.250000   acc = 1.000
  waterbird_complete50 = 1, forest2water2 = 0  [n = 63]:	loss = 0.034  exp loss = 0.101  adjusted loss = 0.101  adv prob = 0.250000   acc = 1.000
  waterbird_complete50 = 1, forest2water2 = 1  [n = 45]:	loss = 0.013  exp loss = 0.056  adjusted loss = 0.056  adv prob = 0.250000   acc = 1.000

Validation:
Average incurred loss: 0.372  
Average sample loss: 0.367  
Average acc: 0.928  
  waterbird_complete50 = 0, forest2water2 = 0  [n = 465]:	loss = 0.002  exp loss = 0.001  adjusted loss = 0.001  adv prob = 0.250000   acc = 0.998
  waterbird_complete50 = 0, forest2water2 = 1  [n = 466]:	loss = 0.023  exp loss = 0.020  adjusted loss = 0.020  adv prob = 0.250000   acc = 0.994
  waterbird_complete50 = 1, forest2water2 = 0  [n = 134]:	loss = 1.812  exp loss = 2.053  adjusted loss = 2.053  adv prob = 0.250000   acc = 0.672
  waterbird_complete50 = 1, forest2water2 = 1  [n = 134]:	loss = 1.432  exp loss = 1.452  adjusted loss = 1.452  adv prob = 0.250000   acc = 0.716
Current lr: 0.000010
Current validation accuracy: 0.6716418266296387


Epoch [158]:
Training:
Average incurred loss: 0.058  
Average sample loss: 0.051  
Average acc: 0.964  
  waterbird_complete50 = 0, forest2water2 = 0  [n = 65]:	loss = 0.000  exp loss = 0.000  adjusted loss = 0.000  adv prob = 0.250000   acc = 1.000
  waterbird_complete50 = 0, forest2water2 = 1  [n = 47]:	loss = 0.000  exp loss = 0.000  adjusted loss = 0.000  adv prob = 0.250000   acc = 1.000
  waterbird_complete50 = 1, forest2water2 = 0  [n = 65]:	loss = 0.101  exp loss = 0.091  adjusted loss = 0.091  adv prob = 0.250000   acc = 0.938
  waterbird_complete50 = 1, forest2water2 = 1  [n = 48]:	loss = 0.136  exp loss = 0.069  adjusted loss = 0.069  adv prob = 0.250000   acc = 0.917

Validation:
Average incurred loss: 0.366  
Average sample loss: 0.361  
Average acc: 0.930  
  waterbird_complete50 = 0, forest2water2 = 0  [n = 465]:	loss = 0.002  exp loss = 0.001  adjusted loss = 0.001  adv prob = 0.250000   acc = 0.998
  waterbird_complete50 = 0, forest2water2 = 1  [n = 466]:	loss = 0.022  exp loss = 0.020  adjusted loss = 0.020  adv prob = 0.250000   acc = 0.994
  waterbird_complete50 = 1, forest2water2 = 0  [n = 134]:	loss = 1.779  exp loss = 1.996  adjusted loss = 1.996  adv prob = 0.250000   acc = 0.679
  waterbird_complete50 = 1, forest2water2 = 1  [n = 134]:	loss = 1.407  exp loss = 1.423  adjusted loss = 1.423  adv prob = 0.250000   acc = 0.724
Current lr: 0.000010
Current validation accuracy: 0.6791044473648071


Epoch [159]:
Training:
Average incurred loss: 0.037  
Average sample loss: 0.051  
Average acc: 0.987  
  waterbird_complete50 = 0, forest2water2 = 0  [n = 54]:	loss = 0.000  exp loss = 0.000  adjusted loss = 0.000  adv prob = 0.250000   acc = 1.000
  waterbird_complete50 = 0, forest2water2 = 1  [n = 54]:	loss = 0.000  exp loss = 0.000  adjusted loss = 0.000  adv prob = 0.250000   acc = 1.000
  waterbird_complete50 = 1, forest2water2 = 0  [n = 65]:	loss = 0.047  exp loss = 0.075  adjusted loss = 0.075  adv prob = 0.250000   acc = 0.985
  waterbird_complete50 = 1, forest2water2 = 1  [n = 52]:	loss = 0.103  exp loss = 0.099  adjusted loss = 0.099  adv prob = 0.250000   acc = 0.962

Validation:
Average incurred loss: 0.382  
Average sample loss: 0.377  
Average acc: 0.927  
  waterbird_complete50 = 0, forest2water2 = 0  [n = 465]:	loss = 0.002  exp loss = 0.001  adjusted loss = 0.001  adv prob = 0.250000   acc = 0.998
  waterbird_complete50 = 0, forest2water2 = 1  [n = 466]:	loss = 0.021  exp loss = 0.019  adjusted loss = 0.019  adv prob = 0.250000   acc = 0.994
  waterbird_complete50 = 1, forest2water2 = 0  [n = 134]:	loss = 1.867  exp loss = 2.095  adjusted loss = 2.095  adv prob = 0.250000   acc = 0.672
  waterbird_complete50 = 1, forest2water2 = 1  [n = 134]:	loss = 1.475  exp loss = 1.487  adjusted loss = 1.487  adv prob = 0.250000   acc = 0.701
Current lr: 0.000010
Current validation accuracy: 0.6716418266296387


Epoch [160]:
Training:
Average incurred loss: 0.096  
Average sample loss: 0.127  
Average acc: 0.956  
  waterbird_complete50 = 0, forest2water2 = 0  [n = 53]:	loss = 0.000  exp loss = 0.000  adjusted loss = 0.000  adv prob = 0.250000   acc = 1.000
  waterbird_complete50 = 0, forest2water2 = 1  [n = 58]:	loss = 0.000  exp loss = 0.000  adjusted loss = 0.000  adv prob = 0.250000   acc = 1.000
  waterbird_complete50 = 1, forest2water2 = 0  [n = 63]:	loss = 0.150  exp loss = 0.122  adjusted loss = 0.122  adv prob = 0.250000   acc = 0.937
  waterbird_complete50 = 1, forest2water2 = 1  [n = 51]:	loss = 0.241  exp loss = 0.156  adjusted loss = 0.156  adv prob = 0.250000   acc = 0.882

Validation:
Average incurred loss: 0.390  
Average sample loss: 0.385  
Average acc: 0.927  
  waterbird_complete50 = 0, forest2water2 = 0  [n = 465]:	loss = 0.002  exp loss = 0.001  adjusted loss = 0.001  adv prob = 0.250000   acc = 1.000
  waterbird_complete50 = 0, forest2water2 = 1  [n = 466]:	loss = 0.020  exp loss = 0.018  adjusted loss = 0.018  adv prob = 0.250000   acc = 0.994
  waterbird_complete50 = 1, forest2water2 = 0  [n = 134]:	loss = 1.902  exp loss = 2.154  adjusted loss = 2.154  adv prob = 0.250000   acc = 0.657
  waterbird_complete50 = 1, forest2water2 = 1  [n = 134]:	loss = 1.514  exp loss = 1.528  adjusted loss = 1.528  adv prob = 0.250000   acc = 0.709
Current lr: 0.000010
Current validation accuracy: 0.6567164659500122


Epoch [161]:
Training:
Average incurred loss: 0.007  
Average sample loss: 0.006  
Average acc: 1.000  
  waterbird_complete50 = 0, forest2water2 = 0  [n = 68]:	loss = 0.000  exp loss = 0.000  adjusted loss = 0.000  adv prob = 0.250000   acc = 1.000
  waterbird_complete50 = 0, forest2water2 = 1  [n = 52]:	loss = 0.000  exp loss = 0.000  adjusted loss = 0.000  adv prob = 0.250000   acc = 1.000
  waterbird_complete50 = 1, forest2water2 = 0  [n = 52]:	loss = 0.019  exp loss = 0.085  adjusted loss = 0.085  adv prob = 0.250000   acc = 1.000
  waterbird_complete50 = 1, forest2water2 = 1  [n = 53]:	loss = 0.011  exp loss = 0.106  adjusted loss = 0.106  adv prob = 0.250000   acc = 1.000

Validation:
Average incurred loss: 0.366  
Average sample loss: 0.361  
Average acc: 0.929  
  waterbird_complete50 = 0, forest2water2 = 0  [n = 465]:	loss = 0.002  exp loss = 0.001  adjusted loss = 0.001  adv prob = 0.250000   acc = 0.998
  waterbird_complete50 = 0, forest2water2 = 1  [n = 466]:	loss = 0.022  exp loss = 0.020  adjusted loss = 0.020  adv prob = 0.250000   acc = 0.994
  waterbird_complete50 = 1, forest2water2 = 0  [n = 134]:	loss = 1.790  exp loss = 2.017  adjusted loss = 2.017  adv prob = 0.250000   acc = 0.679
  waterbird_complete50 = 1, forest2water2 = 1  [n = 134]:	loss = 1.398  exp loss = 1.420  adjusted loss = 1.420  adv prob = 0.250000   acc = 0.716
Current lr: 0.000010
Current validation accuracy: 0.6791044473648071


Epoch [162]:
Training:
Average incurred loss: 0.005  
Average sample loss: 0.004  
Average acc: 1.000  
  waterbird_complete50 = 0, forest2water2 = 0  [n = 57]:	loss = 0.000  exp loss = 0.000  adjusted loss = 0.000  adv prob = 0.250000   acc = 1.000
  waterbird_complete50 = 0, forest2water2 = 1  [n = 65]:	loss = 0.000  exp loss = 0.000  adjusted loss = 0.000  adv prob = 0.250000   acc = 1.000
  waterbird_complete50 = 1, forest2water2 = 0  [n = 61]:	loss = 0.012  exp loss = 0.059  adjusted loss = 0.059  adv prob = 0.250000   acc = 1.000
  waterbird_complete50 = 1, forest2water2 = 1  [n = 42]:	loss = 0.010  exp loss = 0.072  adjusted loss = 0.072  adv prob = 0.250000   acc = 1.000

Validation:
Average incurred loss: 0.335  
Average sample loss: 0.331  
Average acc: 0.936  
  waterbird_complete50 = 0, forest2water2 = 0  [n = 465]:	loss = 0.003  exp loss = 0.002  adjusted loss = 0.002  adv prob = 0.250000   acc = 0.998
  waterbird_complete50 = 0, forest2water2 = 1  [n = 466]:	loss = 0.027  exp loss = 0.024  adjusted loss = 0.024  adv prob = 0.250000   acc = 0.994
  waterbird_complete50 = 1, forest2water2 = 0  [n = 134]:	loss = 1.645  exp loss = 1.848  adjusted loss = 1.848  adv prob = 0.250000   acc = 0.709
  waterbird_complete50 = 1, forest2water2 = 1  [n = 134]:	loss = 1.252  exp loss = 1.281  adjusted loss = 1.281  adv prob = 0.250000   acc = 0.746
Current lr: 0.000010
Current validation accuracy: 0.7089552879333496


Epoch [163]:
Training:
Average incurred loss: 0.013  
Average sample loss: 0.011  
Average acc: 1.000  
  waterbird_complete50 = 0, forest2water2 = 0  [n = 53]:	loss = 0.000  exp loss = 0.000  adjusted loss = 0.000  adv prob = 0.250000   acc = 1.000
  waterbird_complete50 = 0, forest2water2 = 1  [n = 65]:	loss = 0.000  exp loss = 0.000  adjusted loss = 0.000  adv prob = 0.250000   acc = 1.000
  waterbird_complete50 = 1, forest2water2 = 0  [n = 65]:	loss = 0.035  exp loss = 0.048  adjusted loss = 0.048  adv prob = 0.250000   acc = 1.000
  waterbird_complete50 = 1, forest2water2 = 1  [n = 42]:	loss = 0.014  exp loss = 0.051  adjusted loss = 0.051  adv prob = 0.250000   acc = 1.000

Validation:
Average incurred loss: 0.320  
Average sample loss: 0.316  
Average acc: 0.937  
  waterbird_complete50 = 0, forest2water2 = 0  [n = 465]:	loss = 0.004  exp loss = 0.002  adjusted loss = 0.002  adv prob = 0.250000   acc = 0.998
  waterbird_complete50 = 0, forest2water2 = 1  [n = 466]:	loss = 0.029  exp loss = 0.026  adjusted loss = 0.026  adv prob = 0.250000   acc = 0.994
  waterbird_complete50 = 1, forest2water2 = 0  [n = 134]:	loss = 1.578  exp loss = 1.768  adjusted loss = 1.768  adv prob = 0.250000   acc = 0.716
  waterbird_complete50 = 1, forest2water2 = 1  [n = 134]:	loss = 1.176  exp loss = 1.211  adjusted loss = 1.211  adv prob = 0.250000   acc = 0.754
Current lr: 0.000010
Current validation accuracy: 0.7164179086685181


Epoch [164]:
Training:
Average incurred loss: 0.022  
Average sample loss: 0.020  
Average acc: 0.996  
  waterbird_complete50 = 0, forest2water2 = 0  [n = 58]:	loss = 0.000  exp loss = 0.000  adjusted loss = 0.000  adv prob = 0.250000   acc = 1.000
  waterbird_complete50 = 0, forest2water2 = 1  [n = 51]:	loss = 0.000  exp loss = 0.000  adjusted loss = 0.000  adv prob = 0.250000   acc = 1.000
  waterbird_complete50 = 1, forest2water2 = 0  [n = 54]:	loss = 0.057  exp loss = 0.048  adjusted loss = 0.048  adv prob = 0.250000   acc = 0.981
  waterbird_complete50 = 1, forest2water2 = 1  [n = 62]:	loss = 0.029  exp loss = 0.042  adjusted loss = 0.042  adv prob = 0.250000   acc = 1.000

Validation:
Average incurred loss: 0.349  
Average sample loss: 0.344  
Average acc: 0.932  
  waterbird_complete50 = 0, forest2water2 = 0  [n = 465]:	loss = 0.003  exp loss = 0.001  adjusted loss = 0.001  adv prob = 0.250000   acc = 0.998
  waterbird_complete50 = 0, forest2water2 = 1  [n = 466]:	loss = 0.025  exp loss = 0.022  adjusted loss = 0.022  adv prob = 0.250000   acc = 0.994
  waterbird_complete50 = 1, forest2water2 = 0  [n = 134]:	loss = 1.712  exp loss = 1.940  adjusted loss = 1.940  adv prob = 0.250000   acc = 0.694
  waterbird_complete50 = 1, forest2water2 = 1  [n = 134]:	loss = 1.317  exp loss = 1.344  adjusted loss = 1.344  adv prob = 0.250000   acc = 0.731
Current lr: 0.000010
Current validation accuracy: 0.6940298080444336


Epoch [165]:
Training:
Average incurred loss: 0.006  
Average sample loss: 0.006  
Average acc: 1.000  
  waterbird_complete50 = 0, forest2water2 = 0  [n = 52]:	loss = 0.000  exp loss = 0.000  adjusted loss = 0.000  adv prob = 0.250000   acc = 1.000
  waterbird_complete50 = 0, forest2water2 = 1  [n = 70]:	loss = 0.000  exp loss = 0.000  adjusted loss = 0.000  adv prob = 0.250000   acc = 1.000
  waterbird_complete50 = 1, forest2water2 = 0  [n = 49]:	loss = 0.011  exp loss = 0.035  adjusted loss = 0.035  adv prob = 0.250000   acc = 1.000
  waterbird_complete50 = 1, forest2water2 = 1  [n = 54]:	loss = 0.016  exp loss = 0.033  adjusted loss = 0.033  adv prob = 0.250000   acc = 1.000

Validation:
Average incurred loss: 0.338  
Average sample loss: 0.334  
Average acc: 0.934  
  waterbird_complete50 = 0, forest2water2 = 0  [n = 465]:	loss = 0.003  exp loss = 0.002  adjusted loss = 0.002  adv prob = 0.250000   acc = 0.998
  waterbird_complete50 = 0, forest2water2 = 1  [n = 466]:	loss = 0.026  exp loss = 0.023  adjusted loss = 0.023  adv prob = 0.250000   acc = 0.994
  waterbird_complete50 = 1, forest2water2 = 0  [n = 134]:	loss = 1.653  exp loss = 1.862  adjusted loss = 1.862  adv prob = 0.250000   acc = 0.709
  waterbird_complete50 = 1, forest2water2 = 1  [n = 134]:	loss = 1.276  exp loss = 1.301  adjusted loss = 1.301  adv prob = 0.250000   acc = 0.731
Current lr: 0.000010
Current validation accuracy: 0.7089552879333496


Epoch [166]:
Training:
Average incurred loss: 0.030  
Average sample loss: 0.027  
Average acc: 1.000  
  waterbird_complete50 = 0, forest2water2 = 0  [n = 47]:	loss = 0.000  exp loss = 0.000  adjusted loss = 0.000  adv prob = 0.250000   acc = 1.000
  waterbird_complete50 = 0, forest2water2 = 1  [n = 62]:	loss = 0.000  exp loss = 0.000  adjusted loss = 0.000  adv prob = 0.250000   acc = 1.000
  waterbird_complete50 = 1, forest2water2 = 0  [n = 54]:	loss = 0.061  exp loss = 0.041  adjusted loss = 0.041  adv prob = 0.250000   acc = 1.000
  waterbird_complete50 = 1, forest2water2 = 1  [n = 62]:	loss = 0.054  exp loss = 0.035  adjusted loss = 0.035  adv prob = 0.250000   acc = 1.000

Validation:
Average incurred loss: 0.357  
Average sample loss: 0.352  
Average acc: 0.928  
  waterbird_complete50 = 0, forest2water2 = 0  [n = 465]:	loss = 0.002  exp loss = 0.001  adjusted loss = 0.001  adv prob = 0.250000   acc = 0.998
  waterbird_complete50 = 0, forest2water2 = 1  [n = 466]:	loss = 0.024  exp loss = 0.021  adjusted loss = 0.021  adv prob = 0.250000   acc = 0.994
  waterbird_complete50 = 1, forest2water2 = 0  [n = 134]:	loss = 1.733  exp loss = 1.972  adjusted loss = 1.972  adv prob = 0.250000   acc = 0.672
  waterbird_complete50 = 1, forest2water2 = 1  [n = 134]:	loss = 1.372  exp loss = 1.395  adjusted loss = 1.395  adv prob = 0.250000   acc = 0.716
Current lr: 0.000010
Current validation accuracy: 0.6716418266296387


Epoch [167]:
Training:
Average incurred loss: 0.034  
Average sample loss: 0.034  
Average acc: 0.987  
  waterbird_complete50 = 0, forest2water2 = 0  [n = 50]:	loss = 0.000  exp loss = 0.000  adjusted loss = 0.000  adv prob = 0.250000   acc = 1.000
  waterbird_complete50 = 0, forest2water2 = 1  [n = 54]:	loss = 0.000  exp loss = 0.000  adjusted loss = 0.000  adv prob = 0.250000   acc = 1.000
  waterbird_complete50 = 1, forest2water2 = 0  [n = 60]:	loss = 0.055  exp loss = 0.045  adjusted loss = 0.045  adv prob = 0.250000   acc = 1.000
  waterbird_complete50 = 1, forest2water2 = 1  [n = 61]:	loss = 0.072  exp loss = 0.047  adjusted loss = 0.047  adv prob = 0.250000   acc = 0.951

Validation:
Average incurred loss: 0.379  
Average sample loss: 0.373  
Average acc: 0.927  
  waterbird_complete50 = 0, forest2water2 = 0  [n = 465]:	loss = 0.002  exp loss = 0.001  adjusted loss = 0.001  adv prob = 0.250000   acc = 1.000
  waterbird_complete50 = 0, forest2water2 = 1  [n = 466]:	loss = 0.021  exp loss = 0.019  adjusted loss = 0.019  adv prob = 0.250000   acc = 0.994
  waterbird_complete50 = 1, forest2water2 = 0  [n = 134]:	loss = 1.837  exp loss = 2.097  adjusted loss = 2.097  adv prob = 0.250000   acc = 0.664
  waterbird_complete50 = 1, forest2water2 = 1  [n = 134]:	loss = 1.473  exp loss = 1.491  adjusted loss = 1.491  adv prob = 0.250000   acc = 0.701
Current lr: 0.000010
Current validation accuracy: 0.6641790866851807


Epoch [168]:
Training:
Average incurred loss: 0.033  
Average sample loss: 0.033  
Average acc: 0.991  
  waterbird_complete50 = 0, forest2water2 = 0  [n = 56]:	loss = 0.000  exp loss = 0.000  adjusted loss = 0.000  adv prob = 0.250000   acc = 1.000
  waterbird_complete50 = 0, forest2water2 = 1  [n = 61]:	loss = 0.000  exp loss = 0.000  adjusted loss = 0.000  adv prob = 0.250000   acc = 1.000
  waterbird_complete50 = 1, forest2water2 = 0  [n = 53]:	loss = 0.078  exp loss = 0.056  adjusted loss = 0.056  adv prob = 0.250000   acc = 0.981
  waterbird_complete50 = 1, forest2water2 = 1  [n = 55]:	loss = 0.061  exp loss = 0.051  adjusted loss = 0.051  adv prob = 0.250000   acc = 0.982

Validation:
Average incurred loss: 0.369  
Average sample loss: 0.363  
Average acc: 0.927  
  waterbird_complete50 = 0, forest2water2 = 0  [n = 465]:	loss = 0.002  exp loss = 0.001  adjusted loss = 0.001  adv prob = 0.250000   acc = 0.998
  waterbird_complete50 = 0, forest2water2 = 1  [n = 466]:	loss = 0.021  exp loss = 0.019  adjusted loss = 0.019  adv prob = 0.250000   acc = 0.994
  waterbird_complete50 = 1, forest2water2 = 0  [n = 134]:	loss = 1.792  exp loss = 2.028  adjusted loss = 2.028  adv prob = 0.250000   acc = 0.672
  waterbird_complete50 = 1, forest2water2 = 1  [n = 134]:	loss = 1.425  exp loss = 1.441  adjusted loss = 1.441  adv prob = 0.250000   acc = 0.709
Current lr: 0.000010
Current validation accuracy: 0.6716418266296387


Epoch [169]:
Training:
Average incurred loss: 0.020  
Average sample loss: 0.022  
Average acc: 1.000  
  waterbird_complete50 = 0, forest2water2 = 0  [n = 57]:	loss = 0.000  exp loss = 0.000  adjusted loss = 0.000  adv prob = 0.250000   acc = 1.000
  waterbird_complete50 = 0, forest2water2 = 1  [n = 55]:	loss = 0.000  exp loss = 0.000  adjusted loss = 0.000  adv prob = 0.250000   acc = 1.000
  waterbird_complete50 = 1, forest2water2 = 0  [n = 54]:	loss = 0.038  exp loss = 0.052  adjusted loss = 0.052  adv prob = 0.250000   acc = 1.000
  waterbird_complete50 = 1, forest2water2 = 1  [n = 59]:	loss = 0.040  exp loss = 0.045  adjusted loss = 0.045  adv prob = 0.250000   acc = 1.000

Validation:
Average incurred loss: 0.376  
Average sample loss: 0.370  
Average acc: 0.927  
  waterbird_complete50 = 0, forest2water2 = 0  [n = 465]:	loss = 0.002  exp loss = 0.001  adjusted loss = 0.001  adv prob = 0.250000   acc = 0.998
  waterbird_complete50 = 0, forest2water2 = 1  [n = 466]:	loss = 0.021  exp loss = 0.019  adjusted loss = 0.019  adv prob = 0.250000   acc = 0.994
  waterbird_complete50 = 1, forest2water2 = 0  [n = 134]:	loss = 1.823  exp loss = 2.064  adjusted loss = 2.064  adv prob = 0.250000   acc = 0.672
  waterbird_complete50 = 1, forest2water2 = 1  [n = 134]:	loss = 1.457  exp loss = 1.471  adjusted loss = 1.471  adv prob = 0.250000   acc = 0.701
Current lr: 0.000010
Current validation accuracy: 0.6716418266296387


Epoch [170]:
Training:
Average incurred loss: 0.190  
Average sample loss: 0.172  
Average acc: 0.938  
  waterbird_complete50 = 0, forest2water2 = 0  [n = 36]:	loss = 0.000  exp loss = 0.000  adjusted loss = 0.000  adv prob = 0.250000   acc = 1.000
  waterbird_complete50 = 0, forest2water2 = 1  [n = 53]:	loss = 0.000  exp loss = 0.000  adjusted loss = 0.000  adv prob = 0.250000   acc = 1.000
  waterbird_complete50 = 1, forest2water2 = 0  [n = 65]:	loss = 0.308  exp loss = 0.117  adjusted loss = 0.117  adv prob = 0.250000   acc = 0.923
  waterbird_complete50 = 1, forest2water2 = 1  [n = 71]:	loss = 0.320  exp loss = 0.126  adjusted loss = 0.126  adv prob = 0.250000   acc = 0.873

Validation:
Average incurred loss: 0.438  
Average sample loss: 0.432  
Average acc: 0.919  
  waterbird_complete50 = 0, forest2water2 = 0  [n = 465]:	loss = 0.001  exp loss = 0.000  adjusted loss = 0.000  adv prob = 0.250000   acc = 1.000
  waterbird_complete50 = 0, forest2water2 = 1  [n = 466]:	loss = 0.016  exp loss = 0.015  adjusted loss = 0.015  adv prob = 0.250000   acc = 0.994
  waterbird_complete50 = 1, forest2water2 = 0  [n = 134]:	loss = 2.116  exp loss = 2.430  adjusted loss = 2.430  adv prob = 0.250000   acc = 0.649
  waterbird_complete50 = 1, forest2water2 = 1  [n = 134]:	loss = 1.741  exp loss = 1.747  adjusted loss = 1.747  adv prob = 0.250000   acc = 0.649
Current lr: 0.000010
Current validation accuracy: 0.6492537260055542


Epoch [171]:
Training:
Average incurred loss: 0.031  
Average sample loss: 0.028  
Average acc: 0.982  
  waterbird_complete50 = 0, forest2water2 = 0  [n = 51]:	loss = 0.000  exp loss = 0.000  adjusted loss = 0.000  adv prob = 0.250000   acc = 1.000
  waterbird_complete50 = 0, forest2water2 = 1  [n = 62]:	loss = 0.000  exp loss = 0.000  adjusted loss = 0.000  adv prob = 0.250000   acc = 1.000
  waterbird_complete50 = 1, forest2water2 = 0  [n = 53]:	loss = 0.074  exp loss = 0.096  adjusted loss = 0.096  adv prob = 0.250000   acc = 0.962
  waterbird_complete50 = 1, forest2water2 = 1  [n = 59]:	loss = 0.052  exp loss = 0.095  adjusted loss = 0.095  adv prob = 0.250000   acc = 0.966

Validation:
Average incurred loss: 0.409  
Average sample loss: 0.403  
Average acc: 0.922  
  waterbird_complete50 = 0, forest2water2 = 0  [n = 465]:	loss = 0.001  exp loss = 0.001  adjusted loss = 0.001  adv prob = 0.250000   acc = 1.000
  waterbird_complete50 = 0, forest2water2 = 1  [n = 466]:	loss = 0.017  exp loss = 0.015  adjusted loss = 0.015  adv prob = 0.250000   acc = 0.994
  waterbird_complete50 = 1, forest2water2 = 0  [n = 134]:	loss = 1.979  exp loss = 2.260  adjusted loss = 2.260  adv prob = 0.250000   acc = 0.657
  waterbird_complete50 = 1, forest2water2 = 1  [n = 134]:	loss = 1.613  exp loss = 1.622  adjusted loss = 1.622  adv prob = 0.250000   acc = 0.664
Current lr: 0.000010
Current validation accuracy: 0.6567164659500122


Epoch [172]:
Training:
Average incurred loss: 0.029  
Average sample loss: 0.027  
Average acc: 0.996  
  waterbird_complete50 = 0, forest2water2 = 0  [n = 57]:	loss = 0.000  exp loss = 0.000  adjusted loss = 0.000  adv prob = 0.250000   acc = 1.000
  waterbird_complete50 = 0, forest2water2 = 1  [n = 56]:	loss = 0.000  exp loss = 0.000  adjusted loss = 0.000  adv prob = 0.250000   acc = 1.000
  waterbird_complete50 = 1, forest2water2 = 0  [n = 62]:	loss = 0.051  exp loss = 0.079  adjusted loss = 0.079  adv prob = 0.250000   acc = 1.000
  waterbird_complete50 = 1, forest2water2 = 1  [n = 50]:	loss = 0.069  exp loss = 0.081  adjusted loss = 0.081  adv prob = 0.250000   acc = 0.980

Validation:
Average incurred loss: 0.392  
Average sample loss: 0.387  
Average acc: 0.922  
  waterbird_complete50 = 0, forest2water2 = 0  [n = 465]:	loss = 0.001  exp loss = 0.001  adjusted loss = 0.001  adv prob = 0.250000   acc = 1.000
  waterbird_complete50 = 0, forest2water2 = 1  [n = 466]:	loss = 0.019  exp loss = 0.016  adjusted loss = 0.016  adv prob = 0.250000   acc = 0.994
  waterbird_complete50 = 1, forest2water2 = 0  [n = 134]:	loss = 1.919  exp loss = 2.182  adjusted loss = 2.182  adv prob = 0.250000   acc = 0.657
  waterbird_complete50 = 1, forest2water2 = 1  [n = 134]:	loss = 1.522  exp loss = 1.533  adjusted loss = 1.533  adv prob = 0.250000   acc = 0.664
Current lr: 0.000010
Current validation accuracy: 0.6567164659500122


Epoch [173]:
Training:
Average incurred loss: 0.015  
Average sample loss: 0.015  
Average acc: 1.000  
  waterbird_complete50 = 0, forest2water2 = 0  [n = 60]:	loss = 0.000  exp loss = 0.000  adjusted loss = 0.000  adv prob = 0.250000   acc = 1.000
  waterbird_complete50 = 0, forest2water2 = 1  [n = 53]:	loss = 0.000  exp loss = 0.000  adjusted loss = 0.000  adv prob = 0.250000   acc = 1.000
  waterbird_complete50 = 1, forest2water2 = 0  [n = 42]:	loss = 0.032  exp loss = 0.062  adjusted loss = 0.062  adv prob = 0.250000   acc = 1.000
  waterbird_complete50 = 1, forest2water2 = 1  [n = 70]:	loss = 0.027  exp loss = 0.062  adjusted loss = 0.062  adv prob = 0.250000   acc = 1.000

Validation:
Average incurred loss: 0.389  
Average sample loss: 0.384  
Average acc: 0.923  
  waterbird_complete50 = 0, forest2water2 = 0  [n = 465]:	loss = 0.002  exp loss = 0.001  adjusted loss = 0.001  adv prob = 0.250000   acc = 1.000
  waterbird_complete50 = 0, forest2water2 = 1  [n = 466]:	loss = 0.018  exp loss = 0.016  adjusted loss = 0.016  adv prob = 0.250000   acc = 0.994
  waterbird_complete50 = 1, forest2water2 = 0  [n = 134]:	loss = 1.910  exp loss = 2.180  adjusted loss = 2.180  adv prob = 0.250000   acc = 0.657
  waterbird_complete50 = 1, forest2water2 = 1  [n = 134]:	loss = 1.504  exp loss = 1.512  adjusted loss = 1.512  adv prob = 0.250000   acc = 0.679
Current lr: 0.000010
Current validation accuracy: 0.6567164659500122


Epoch [174]:
Training:
Average incurred loss: 0.079  
Average sample loss: 0.070  
Average acc: 0.973  
  waterbird_complete50 = 0, forest2water2 = 0  [n = 49]:	loss = 0.000  exp loss = 0.000  adjusted loss = 0.000  adv prob = 0.250000   acc = 1.000
  waterbird_complete50 = 0, forest2water2 = 1  [n = 57]:	loss = 0.000  exp loss = 0.000  adjusted loss = 0.000  adv prob = 0.250000   acc = 1.000
  waterbird_complete50 = 1, forest2water2 = 0  [n = 49]:	loss = 0.234  exp loss = 0.105  adjusted loss = 0.105  adv prob = 0.250000   acc = 0.918
  waterbird_complete50 = 1, forest2water2 = 1  [n = 70]:	loss = 0.091  exp loss = 0.065  adjusted loss = 0.065  adv prob = 0.250000   acc = 0.971

Validation:
Average incurred loss: 0.406  
Average sample loss: 0.400  
Average acc: 0.922  
  waterbird_complete50 = 0, forest2water2 = 0  [n = 465]:	loss = 0.001  exp loss = 0.001  adjusted loss = 0.001  adv prob = 0.250000   acc = 1.000
  waterbird_complete50 = 0, forest2water2 = 1  [n = 466]:	loss = 0.016  exp loss = 0.014  adjusted loss = 0.014  adv prob = 0.250000   acc = 0.994
  waterbird_complete50 = 1, forest2water2 = 0  [n = 134]:	loss = 1.977  exp loss = 2.263  adjusted loss = 2.263  adv prob = 0.250000   acc = 0.657
  waterbird_complete50 = 1, forest2water2 = 1  [n = 134]:	loss = 1.595  exp loss = 1.598  adjusted loss = 1.598  adv prob = 0.250000   acc = 0.664
Current lr: 0.000010
Current validation accuracy: 0.6567164659500122


Epoch [175]:
Training:
Average incurred loss: 0.027  
Average sample loss: 0.035  
Average acc: 0.996  
  waterbird_complete50 = 0, forest2water2 = 0  [n = 56]:	loss = 0.000  exp loss = 0.000  adjusted loss = 0.000  adv prob = 0.250000   acc = 1.000
  waterbird_complete50 = 0, forest2water2 = 1  [n = 53]:	loss = 0.000  exp loss = 0.000  adjusted loss = 0.000  adv prob = 0.250000   acc = 1.000
  waterbird_complete50 = 1, forest2water2 = 0  [n = 53]:	loss = 0.038  exp loss = 0.088  adjusted loss = 0.088  adv prob = 0.250000   acc = 1.000
  waterbird_complete50 = 1, forest2water2 = 1  [n = 63]:	loss = 0.063  exp loss = 0.069  adjusted loss = 0.069  adv prob = 0.250000   acc = 0.984

Validation:
Average incurred loss: 0.409  
Average sample loss: 0.403  
Average acc: 0.922  
  waterbird_complete50 = 0, forest2water2 = 0  [n = 465]:	loss = 0.001  exp loss = 0.001  adjusted loss = 0.001  adv prob = 0.250000   acc = 1.000
  waterbird_complete50 = 0, forest2water2 = 1  [n = 466]:	loss = 0.016  exp loss = 0.015  adjusted loss = 0.015  adv prob = 0.250000   acc = 0.994
  waterbird_complete50 = 1, forest2water2 = 0  [n = 134]:	loss = 1.978  exp loss = 2.263  adjusted loss = 2.263  adv prob = 0.250000   acc = 0.657
  waterbird_complete50 = 1, forest2water2 = 1  [n = 134]:	loss = 1.621  exp loss = 1.622  adjusted loss = 1.622  adv prob = 0.250000   acc = 0.664
Current lr: 0.000010
Current validation accuracy: 0.6567164659500122


Epoch [176]:
Training:
Average incurred loss: 0.016  
Average sample loss: 0.015  
Average acc: 1.000  
  waterbird_complete50 = 0, forest2water2 = 0  [n = 55]:	loss = 0.000  exp loss = 0.000  adjusted loss = 0.000  adv prob = 0.250000   acc = 1.000
  waterbird_complete50 = 0, forest2water2 = 1  [n = 53]:	loss = 0.000  exp loss = 0.000  adjusted loss = 0.000  adv prob = 0.250000   acc = 1.000
  waterbird_complete50 = 1, forest2water2 = 0  [n = 60]:	loss = 0.030  exp loss = 0.067  adjusted loss = 0.067  adv prob = 0.250000   acc = 1.000
  waterbird_complete50 = 1, forest2water2 = 1  [n = 57]:	loss = 0.030  exp loss = 0.055  adjusted loss = 0.055  adv prob = 0.250000   acc = 1.000

Validation:
Average incurred loss: 0.392  
Average sample loss: 0.386  
Average acc: 0.923  
  waterbird_complete50 = 0, forest2water2 = 0  [n = 465]:	loss = 0.001  exp loss = 0.001  adjusted loss = 0.001  adv prob = 0.250000   acc = 1.000
  waterbird_complete50 = 0, forest2water2 = 1  [n = 466]:	loss = 0.018  exp loss = 0.016  adjusted loss = 0.016  adv prob = 0.250000   acc = 0.994
  waterbird_complete50 = 1, forest2water2 = 0  [n = 134]:	loss = 1.904  exp loss = 2.162  adjusted loss = 2.162  adv prob = 0.250000   acc = 0.657
  waterbird_complete50 = 1, forest2water2 = 1  [n = 134]:	loss = 1.535  exp loss = 1.539  adjusted loss = 1.539  adv prob = 0.250000   acc = 0.679
Current lr: 0.000010
Current validation accuracy: 0.6567164659500122


Epoch [177]:
Training:
Average incurred loss: 0.032  
Average sample loss: 0.032  
Average acc: 0.991  
  waterbird_complete50 = 0, forest2water2 = 0  [n = 47]:	loss = 0.000  exp loss = 0.000  adjusted loss = 0.000  adv prob = 0.250000   acc = 1.000
  waterbird_complete50 = 0, forest2water2 = 1  [n = 60]:	loss = 0.000  exp loss = 0.000  adjusted loss = 0.000  adv prob = 0.250000   acc = 1.000
  waterbird_complete50 = 1, forest2water2 = 0  [n = 57]:	loss = 0.077  exp loss = 0.067  adjusted loss = 0.067  adv prob = 0.250000   acc = 0.982
  waterbird_complete50 = 1, forest2water2 = 1  [n = 61]:	loss = 0.046  exp loss = 0.049  adjusted loss = 0.049  adv prob = 0.250000   acc = 0.984

Validation:
Average incurred loss: 0.391  
Average sample loss: 0.386  
Average acc: 0.925  
  waterbird_complete50 = 0, forest2water2 = 0  [n = 465]:	loss = 0.001  exp loss = 0.001  adjusted loss = 0.001  adv prob = 0.250000   acc = 1.000
  waterbird_complete50 = 0, forest2water2 = 1  [n = 466]:	loss = 0.018  exp loss = 0.016  adjusted loss = 0.016  adv prob = 0.250000   acc = 0.994
  waterbird_complete50 = 1, forest2water2 = 0  [n = 134]:	loss = 1.899  exp loss = 2.162  adjusted loss = 2.162  adv prob = 0.250000   acc = 0.649
  waterbird_complete50 = 1, forest2water2 = 1  [n = 134]:	loss = 1.532  exp loss = 1.536  adjusted loss = 1.536  adv prob = 0.250000   acc = 0.701
Current lr: 0.000010
Current validation accuracy: 0.6492537260055542


Epoch [178]:
Training:
Average incurred loss: 0.021  
Average sample loss: 0.018  
Average acc: 0.996  
  waterbird_complete50 = 0, forest2water2 = 0  [n = 70]:	loss = 0.000  exp loss = 0.000  adjusted loss = 0.000  adv prob = 0.250000   acc = 1.000
  waterbird_complete50 = 0, forest2water2 = 1  [n = 52]:	loss = 0.000  exp loss = 0.000  adjusted loss = 0.000  adv prob = 0.250000   acc = 1.000
  waterbird_complete50 = 1, forest2water2 = 0  [n = 55]:	loss = 0.049  exp loss = 0.058  adjusted loss = 0.058  adv prob = 0.250000   acc = 1.000
  waterbird_complete50 = 1, forest2water2 = 1  [n = 48]:	loss = 0.042  exp loss = 0.041  adjusted loss = 0.041  adv prob = 0.250000   acc = 0.979

Validation:
Average incurred loss: 0.346  
Average sample loss: 0.341  
Average acc: 0.932  
  waterbird_complete50 = 0, forest2water2 = 0  [n = 465]:	loss = 0.003  exp loss = 0.001  adjusted loss = 0.001  adv prob = 0.250000   acc = 0.998
  waterbird_complete50 = 0, forest2water2 = 1  [n = 466]:	loss = 0.025  exp loss = 0.023  adjusted loss = 0.023  adv prob = 0.250000   acc = 0.994
  waterbird_complete50 = 1, forest2water2 = 0  [n = 134]:	loss = 1.687  exp loss = 1.902  adjusted loss = 1.902  adv prob = 0.250000   acc = 0.701
  waterbird_complete50 = 1, forest2water2 = 1  [n = 134]:	loss = 1.311  exp loss = 1.327  adjusted loss = 1.327  adv prob = 0.250000   acc = 0.724
Current lr: 0.000010
Current validation accuracy: 0.7014925479888916


Epoch [179]:
Training:
Average incurred loss: 0.055  
Average sample loss: 0.053  
Average acc: 0.991  
  waterbird_complete50 = 0, forest2water2 = 0  [n = 52]:	loss = 0.000  exp loss = 0.000  adjusted loss = 0.000  adv prob = 0.250000   acc = 1.000
  waterbird_complete50 = 0, forest2water2 = 1  [n = 50]:	loss = 0.000  exp loss = 0.000  adjusted loss = 0.000  adv prob = 0.250000   acc = 1.000
  waterbird_complete50 = 1, forest2water2 = 0  [n = 64]:	loss = 0.111  exp loss = 0.073  adjusted loss = 0.073  adv prob = 0.250000   acc = 0.984
  waterbird_complete50 = 1, forest2water2 = 1  [n = 59]:	loss = 0.088  exp loss = 0.051  adjusted loss = 0.051  adv prob = 0.250000   acc = 0.983

Validation:
Average incurred loss: 0.383  
Average sample loss: 0.378  
Average acc: 0.926  
  waterbird_complete50 = 0, forest2water2 = 0  [n = 465]:	loss = 0.001  exp loss = 0.001  adjusted loss = 0.001  adv prob = 0.250000   acc = 1.000
  waterbird_complete50 = 0, forest2water2 = 1  [n = 466]:	loss = 0.021  exp loss = 0.018  adjusted loss = 0.018  adv prob = 0.250000   acc = 0.994
  waterbird_complete50 = 1, forest2water2 = 0  [n = 134]:	loss = 1.880  exp loss = 2.130  adjusted loss = 2.130  adv prob = 0.250000   acc = 0.657
  waterbird_complete50 = 1, forest2water2 = 1  [n = 134]:	loss = 1.473  exp loss = 1.486  adjusted loss = 1.486  adv prob = 0.250000   acc = 0.701
Current lr: 0.000010
Current validation accuracy: 0.6567164659500122


Epoch [180]:
Training:
Average incurred loss: 0.006  
Average sample loss: 0.006  
Average acc: 1.000  
  waterbird_complete50 = 0, forest2water2 = 0  [n = 60]:	loss = 0.000  exp loss = 0.000  adjusted loss = 0.000  adv prob = 0.250000   acc = 1.000
  waterbird_complete50 = 0, forest2water2 = 1  [n = 56]:	loss = 0.000  exp loss = 0.000  adjusted loss = 0.000  adv prob = 0.250000   acc = 1.000
  waterbird_complete50 = 1, forest2water2 = 0  [n = 55]:	loss = 0.016  exp loss = 0.054  adjusted loss = 0.054  adv prob = 0.250000   acc = 1.000
  waterbird_complete50 = 1, forest2water2 = 1  [n = 54]:	loss = 0.008  exp loss = 0.036  adjusted loss = 0.036  adv prob = 0.250000   acc = 1.000

Validation:
Average incurred loss: 0.370  
Average sample loss: 0.365  
Average acc: 0.929  
  waterbird_complete50 = 0, forest2water2 = 0  [n = 465]:	loss = 0.002  exp loss = 0.001  adjusted loss = 0.001  adv prob = 0.250000   acc = 1.000
  waterbird_complete50 = 0, forest2water2 = 1  [n = 466]:	loss = 0.022  exp loss = 0.019  adjusted loss = 0.019  adv prob = 0.250000   acc = 0.994
  waterbird_complete50 = 1, forest2water2 = 0  [n = 134]:	loss = 1.808  exp loss = 2.043  adjusted loss = 2.043  adv prob = 0.250000   acc = 0.672
  waterbird_complete50 = 1, forest2water2 = 1  [n = 134]:	loss = 1.425  exp loss = 1.435  adjusted loss = 1.435  adv prob = 0.250000   acc = 0.716
Current lr: 0.000010
Current validation accuracy: 0.6716418266296387


Epoch [181]:
Training:
Average incurred loss: 0.112  
Average sample loss: 0.182  
Average acc: 0.951  
  waterbird_complete50 = 0, forest2water2 = 0  [n = 56]:	loss = 0.000  exp loss = 0.000  adjusted loss = 0.000  adv prob = 0.250000   acc = 1.000
  waterbird_complete50 = 0, forest2water2 = 1  [n = 46]:	loss = 0.000  exp loss = 0.000  adjusted loss = 0.000  adv prob = 0.250000   acc = 1.000
  waterbird_complete50 = 1, forest2water2 = 0  [n = 63]:	loss = 0.244  exp loss = 0.182  adjusted loss = 0.182  adv prob = 0.250000   acc = 0.873
  waterbird_complete50 = 1, forest2water2 = 1  [n = 60]:	loss = 0.162  exp loss = 0.101  adjusted loss = 0.101  adv prob = 0.250000   acc = 0.950

Validation:
Average incurred loss: 0.400  
Average sample loss: 0.395  
Average acc: 0.924  
  waterbird_complete50 = 0, forest2water2 = 0  [n = 465]:	loss = 0.001  exp loss = 0.001  adjusted loss = 0.001  adv prob = 0.250000   acc = 1.000
  waterbird_complete50 = 0, forest2water2 = 1  [n = 466]:	loss = 0.019  exp loss = 0.017  adjusted loss = 0.017  adv prob = 0.250000   acc = 0.994
  waterbird_complete50 = 1, forest2water2 = 0  [n = 134]:	loss = 1.956  exp loss = 2.228  adjusted loss = 2.228  adv prob = 0.250000   acc = 0.657
  waterbird_complete50 = 1, forest2water2 = 1  [n = 134]:	loss = 1.556  exp loss = 1.561  adjusted loss = 1.561  adv prob = 0.250000   acc = 0.687
Current lr: 0.000010
Current validation accuracy: 0.6567164659500122


Epoch [182]:
Training:
Average incurred loss: 0.057  
Average sample loss: 0.053  
Average acc: 0.978  
  waterbird_complete50 = 0, forest2water2 = 0  [n = 55]:	loss = 0.000  exp loss = 0.000  adjusted loss = 0.000  adv prob = 0.250000   acc = 1.000
  waterbird_complete50 = 0, forest2water2 = 1  [n = 54]:	loss = 0.000  exp loss = 0.000  adjusted loss = 0.000  adv prob = 0.250000   acc = 1.000
  waterbird_complete50 = 1, forest2water2 = 0  [n = 54]:	loss = 0.120  exp loss = 0.152  adjusted loss = 0.152  adv prob = 0.250000   acc = 0.963
  waterbird_complete50 = 1, forest2water2 = 1  [n = 62]:	loss = 0.102  exp loss = 0.090  adjusted loss = 0.090  adv prob = 0.250000   acc = 0.952

Validation:
Average incurred loss: 0.394  
Average sample loss: 0.389  
Average acc: 0.924  
  waterbird_complete50 = 0, forest2water2 = 0  [n = 465]:	loss = 0.001  exp loss = 0.001  adjusted loss = 0.001  adv prob = 0.250000   acc = 1.000
  waterbird_complete50 = 0, forest2water2 = 1  [n = 466]:	loss = 0.020  exp loss = 0.018  adjusted loss = 0.018  adv prob = 0.250000   acc = 0.994
  waterbird_complete50 = 1, forest2water2 = 0  [n = 134]:	loss = 1.917  exp loss = 2.200  adjusted loss = 2.200  adv prob = 0.250000   acc = 0.664
  waterbird_complete50 = 1, forest2water2 = 1  [n = 134]:	loss = 1.539  exp loss = 1.547  adjusted loss = 1.547  adv prob = 0.250000   acc = 0.679
Current lr: 0.000010
Current validation accuracy: 0.6641790866851807


Epoch [183]:
Training:
Average incurred loss: 0.036  
Average sample loss: 0.034  
Average acc: 0.982  
  waterbird_complete50 = 0, forest2water2 = 0  [n = 52]:	loss = 0.000  exp loss = 0.000  adjusted loss = 0.000  adv prob = 0.250000   acc = 1.000
  waterbird_complete50 = 0, forest2water2 = 1  [n = 57]:	loss = 0.000  exp loss = 0.000  adjusted loss = 0.000  adv prob = 0.250000   acc = 1.000
  waterbird_complete50 = 1, forest2water2 = 0  [n = 60]:	loss = 0.113  exp loss = 0.137  adjusted loss = 0.137  adv prob = 0.250000   acc = 0.933
  waterbird_complete50 = 1, forest2water2 = 1  [n = 56]:	loss = 0.022  exp loss = 0.066  adjusted loss = 0.066  adv prob = 0.250000   acc = 1.000

Validation:
Average incurred loss: 0.388  
Average sample loss: 0.383  
Average acc: 0.926  
  waterbird_complete50 = 0, forest2water2 = 0  [n = 465]:	loss = 0.002  exp loss = 0.001  adjusted loss = 0.001  adv prob = 0.250000   acc = 1.000
  waterbird_complete50 = 0, forest2water2 = 1  [n = 466]:	loss = 0.019  exp loss = 0.017  adjusted loss = 0.017  adv prob = 0.250000   acc = 0.994
  waterbird_complete50 = 1, forest2water2 = 0  [n = 134]:	loss = 1.901  exp loss = 2.172  adjusted loss = 2.172  adv prob = 0.250000   acc = 0.664
  waterbird_complete50 = 1, forest2water2 = 1  [n = 134]:	loss = 1.500  exp loss = 1.508  adjusted loss = 1.508  adv prob = 0.250000   acc = 0.694
Current lr: 0.000010
Current validation accuracy: 0.6641790866851807


Epoch [184]:
Training:
Average incurred loss: 0.002  
Average sample loss: 0.002  
Average acc: 1.000  
  waterbird_complete50 = 0, forest2water2 = 0  [n = 65]:	loss = 0.000  exp loss = 0.000  adjusted loss = 0.000  adv prob = 0.250000   acc = 1.000
  waterbird_complete50 = 0, forest2water2 = 1  [n = 59]:	loss = 0.000  exp loss = 0.000  adjusted loss = 0.000  adv prob = 0.250000   acc = 1.000
  waterbird_complete50 = 1, forest2water2 = 0  [n = 57]:	loss = 0.008  exp loss = 0.092  adjusted loss = 0.092  adv prob = 0.250000   acc = 1.000
  waterbird_complete50 = 1, forest2water2 = 1  [n = 44]:	loss = 0.002  exp loss = 0.044  adjusted loss = 0.044  adv prob = 0.250000   acc = 1.000

Validation:
Average incurred loss: 0.346  
Average sample loss: 0.341  
Average acc: 0.930  
  waterbird_complete50 = 0, forest2water2 = 0  [n = 465]:	loss = 0.003  exp loss = 0.001  adjusted loss = 0.001  adv prob = 0.250000   acc = 0.998
  waterbird_complete50 = 0, forest2water2 = 1  [n = 466]:	loss = 0.024  exp loss = 0.022  adjusted loss = 0.022  adv prob = 0.250000   acc = 0.994
  waterbird_complete50 = 1, forest2water2 = 0  [n = 134]:	loss = 1.694  exp loss = 1.905  adjusted loss = 1.905  adv prob = 0.250000   acc = 0.694
  waterbird_complete50 = 1, forest2water2 = 1  [n = 134]:	loss = 1.310  exp loss = 1.323  adjusted loss = 1.323  adv prob = 0.250000   acc = 0.709
Current lr: 0.000010
Current validation accuracy: 0.6940298080444336


Epoch [185]:
Training:
Average incurred loss: 0.037  
Average sample loss: 0.036  
Average acc: 0.991  
  waterbird_complete50 = 0, forest2water2 = 0  [n = 57]:	loss = 0.000  exp loss = 0.000  adjusted loss = 0.000  adv prob = 0.250000   acc = 1.000
  waterbird_complete50 = 0, forest2water2 = 1  [n = 46]:	loss = 0.000  exp loss = 0.000  adjusted loss = 0.000  adv prob = 0.250000   acc = 1.000
  waterbird_complete50 = 1, forest2water2 = 0  [n = 73]:	loss = 0.065  exp loss = 0.081  adjusted loss = 0.081  adv prob = 0.250000   acc = 1.000
  waterbird_complete50 = 1, forest2water2 = 1  [n = 49]:	loss = 0.072  exp loss = 0.055  adjusted loss = 0.055  adv prob = 0.250000   acc = 0.959

Validation:
Average incurred loss: 0.375  
Average sample loss: 0.370  
Average acc: 0.927  
  waterbird_complete50 = 0, forest2water2 = 0  [n = 465]:	loss = 0.002  exp loss = 0.001  adjusted loss = 0.001  adv prob = 0.250000   acc = 0.998
  waterbird_complete50 = 0, forest2water2 = 1  [n = 466]:	loss = 0.022  exp loss = 0.020  adjusted loss = 0.020  adv prob = 0.250000   acc = 0.994
  waterbird_complete50 = 1, forest2water2 = 0  [n = 134]:	loss = 1.840  exp loss = 2.080  adjusted loss = 2.080  adv prob = 0.250000   acc = 0.679
  waterbird_complete50 = 1, forest2water2 = 1  [n = 134]:	loss = 1.430  exp loss = 1.441  adjusted loss = 1.441  adv prob = 0.250000   acc = 0.701
Current lr: 0.000010
Current validation accuracy: 0.6791044473648071


Epoch [186]:
Training:
Average incurred loss: 0.016  
Average sample loss: 0.019  
Average acc: 0.996  
  waterbird_complete50 = 0, forest2water2 = 0  [n = 60]:	loss = 0.000  exp loss = 0.000  adjusted loss = 0.000  adv prob = 0.250000   acc = 1.000
  waterbird_complete50 = 0, forest2water2 = 1  [n = 53]:	loss = 0.000  exp loss = 0.000  adjusted loss = 0.000  adv prob = 0.250000   acc = 1.000
  waterbird_complete50 = 1, forest2water2 = 0  [n = 55]:	loss = 0.031  exp loss = 0.063  adjusted loss = 0.063  adv prob = 0.250000   acc = 1.000
  waterbird_complete50 = 1, forest2water2 = 1  [n = 57]:	loss = 0.032  exp loss = 0.051  adjusted loss = 0.051  adv prob = 0.250000   acc = 0.982

Validation:
Average incurred loss: 0.377  
Average sample loss: 0.372  
Average acc: 0.927  
  waterbird_complete50 = 0, forest2water2 = 0  [n = 465]:	loss = 0.002  exp loss = 0.001  adjusted loss = 0.001  adv prob = 0.250000   acc = 0.998
  waterbird_complete50 = 0, forest2water2 = 1  [n = 466]:	loss = 0.021  exp loss = 0.019  adjusted loss = 0.019  adv prob = 0.250000   acc = 0.994
  waterbird_complete50 = 1, forest2water2 = 0  [n = 134]:	loss = 1.843  exp loss = 2.091  adjusted loss = 2.091  adv prob = 0.250000   acc = 0.664
  waterbird_complete50 = 1, forest2water2 = 1  [n = 134]:	loss = 1.455  exp loss = 1.469  adjusted loss = 1.469  adv prob = 0.250000   acc = 0.709
Current lr: 0.000010
Current validation accuracy: 0.6641790866851807


Epoch [187]:
Training:
Average incurred loss: 0.021  
Average sample loss: 0.019  
Average acc: 0.996  
  waterbird_complete50 = 0, forest2water2 = 0  [n = 57]:	loss = 0.000  exp loss = 0.000  adjusted loss = 0.000  adv prob = 0.250000   acc = 1.000
  waterbird_complete50 = 0, forest2water2 = 1  [n = 53]:	loss = 0.000  exp loss = 0.000  adjusted loss = 0.000  adv prob = 0.250000   acc = 1.000
  waterbird_complete50 = 1, forest2water2 = 0  [n = 56]:	loss = 0.058  exp loss = 0.057  adjusted loss = 0.057  adv prob = 0.250000   acc = 0.982
  waterbird_complete50 = 1, forest2water2 = 1  [n = 59]:	loss = 0.025  exp loss = 0.042  adjusted loss = 0.042  adv prob = 0.250000   acc = 1.000

Validation:
Average incurred loss: 0.379  
Average sample loss: 0.374  
Average acc: 0.927  
  waterbird_complete50 = 0, forest2water2 = 0  [n = 465]:	loss = 0.002  exp loss = 0.001  adjusted loss = 0.001  adv prob = 0.250000   acc = 1.000
  waterbird_complete50 = 0, forest2water2 = 1  [n = 466]:	loss = 0.020  exp loss = 0.018  adjusted loss = 0.018  adv prob = 0.250000   acc = 0.994
  waterbird_complete50 = 1, forest2water2 = 0  [n = 134]:	loss = 1.840  exp loss = 2.103  adjusted loss = 2.103  adv prob = 0.250000   acc = 0.664
  waterbird_complete50 = 1, forest2water2 = 1  [n = 134]:	loss = 1.476  exp loss = 1.474  adjusted loss = 1.474  adv prob = 0.250000   acc = 0.709
Current lr: 0.000010
Current validation accuracy: 0.6641790866851807


Epoch [188]:
Training:
Average incurred loss: 0.003  
Average sample loss: 0.004  
Average acc: 1.000  
  waterbird_complete50 = 0, forest2water2 = 0  [n = 61]:	loss = 0.000  exp loss = 0.000  adjusted loss = 0.000  adv prob = 0.250000   acc = 1.000
  waterbird_complete50 = 0, forest2water2 = 1  [n = 63]:	loss = 0.000  exp loss = 0.000  adjusted loss = 0.000  adv prob = 0.250000   acc = 1.000
  waterbird_complete50 = 1, forest2water2 = 0  [n = 45]:	loss = 0.009  exp loss = 0.041  adjusted loss = 0.041  adv prob = 0.250000   acc = 1.000
  waterbird_complete50 = 1, forest2water2 = 1  [n = 56]:	loss = 0.004  exp loss = 0.029  adjusted loss = 0.029  adv prob = 0.250000   acc = 1.000

Validation:
Average incurred loss: 0.346  
Average sample loss: 0.342  
Average acc: 0.932  
  waterbird_complete50 = 0, forest2water2 = 0  [n = 465]:	loss = 0.003  exp loss = 0.001  adjusted loss = 0.001  adv prob = 0.250000   acc = 0.998
  waterbird_complete50 = 0, forest2water2 = 1  [n = 466]:	loss = 0.023  exp loss = 0.021  adjusted loss = 0.021  adv prob = 0.250000   acc = 0.994
  waterbird_complete50 = 1, forest2water2 = 0  [n = 134]:	loss = 1.688  exp loss = 1.914  adjusted loss = 1.914  adv prob = 0.250000   acc = 0.694
  waterbird_complete50 = 1, forest2water2 = 1  [n = 134]:	loss = 1.321  exp loss = 1.329  adjusted loss = 1.329  adv prob = 0.250000   acc = 0.724
Current lr: 0.000010
Current validation accuracy: 0.6940298080444336


Epoch [189]:
Training:
Average incurred loss: 0.136  
Average sample loss: 0.120  
Average acc: 0.942  
  waterbird_complete50 = 0, forest2water2 = 0  [n = 52]:	loss = 0.000  exp loss = 0.000  adjusted loss = 0.000  adv prob = 0.250000   acc = 1.000
  waterbird_complete50 = 0, forest2water2 = 1  [n = 52]:	loss = 0.000  exp loss = 0.000  adjusted loss = 0.000  adv prob = 0.250000   acc = 1.000
  waterbird_complete50 = 1, forest2water2 = 0  [n = 63]:	loss = 0.277  exp loss = 0.087  adjusted loss = 0.087  adv prob = 0.250000   acc = 0.889
  waterbird_complete50 = 1, forest2water2 = 1  [n = 58]:	loss = 0.227  exp loss = 0.069  adjusted loss = 0.069  adv prob = 0.250000   acc = 0.897

Validation:
Average incurred loss: 0.365  
Average sample loss: 0.360  
Average acc: 0.929  
  waterbird_complete50 = 0, forest2water2 = 0  [n = 465]:	loss = 0.002  exp loss = 0.001  adjusted loss = 0.001  adv prob = 0.250000   acc = 0.998
  waterbird_complete50 = 0, forest2water2 = 1  [n = 466]:	loss = 0.021  exp loss = 0.019  adjusted loss = 0.019  adv prob = 0.250000   acc = 0.994
  waterbird_complete50 = 1, forest2water2 = 0  [n = 134]:	loss = 1.774  exp loss = 2.035  adjusted loss = 2.035  adv prob = 0.250000   acc = 0.679
  waterbird_complete50 = 1, forest2water2 = 1  [n = 134]:	loss = 1.413  exp loss = 1.421  adjusted loss = 1.421  adv prob = 0.250000   acc = 0.716
Current lr: 0.000010
Current validation accuracy: 0.6791044473648071


Epoch [190]:
Training:
Average incurred loss: 0.092  
Average sample loss: 0.084  
Average acc: 0.973  
  waterbird_complete50 = 0, forest2water2 = 0  [n = 54]:	loss = 0.000  exp loss = 0.000  adjusted loss = 0.000  adv prob = 0.250000   acc = 1.000
  waterbird_complete50 = 0, forest2water2 = 1  [n = 39]:	loss = 0.000  exp loss = 0.000  adjusted loss = 0.000  adv prob = 0.250000   acc = 1.000
  waterbird_complete50 = 1, forest2water2 = 0  [n = 69]:	loss = 0.188  exp loss = 0.114  adjusted loss = 0.114  adv prob = 0.250000   acc = 0.957
  waterbird_complete50 = 1, forest2water2 = 1  [n = 63]:	loss = 0.123  exp loss = 0.082  adjusted loss = 0.082  adv prob = 0.250000   acc = 0.952

Validation:
Average incurred loss: 0.411  
Average sample loss: 0.406  
Average acc: 0.922  
  waterbird_complete50 = 0, forest2water2 = 0  [n = 465]:	loss = 0.001  exp loss = 0.001  adjusted loss = 0.001  adv prob = 0.250000   acc = 1.000
  waterbird_complete50 = 0, forest2water2 = 1  [n = 466]:	loss = 0.017  exp loss = 0.015  adjusted loss = 0.015  adv prob = 0.250000   acc = 0.994
  waterbird_complete50 = 1, forest2water2 = 0  [n = 134]:	loss = 1.989  exp loss = 2.288  adjusted loss = 2.288  adv prob = 0.250000   acc = 0.649
  waterbird_complete50 = 1, forest2water2 = 1  [n = 134]:	loss = 1.629  exp loss = 1.635  adjusted loss = 1.635  adv prob = 0.250000   acc = 0.672
Current lr: 0.000010
Current validation accuracy: 0.6492537260055542


Epoch [191]:
Training:
Average incurred loss: 0.014  
Average sample loss: 0.012  
Average acc: 0.996  
  waterbird_complete50 = 0, forest2water2 = 0  [n = 58]:	loss = 0.000  exp loss = 0.000  adjusted loss = 0.000  adv prob = 0.250000   acc = 1.000
  waterbird_complete50 = 0, forest2water2 = 1  [n = 57]:	loss = 0.000  exp loss = 0.000  adjusted loss = 0.000  adv prob = 0.250000   acc = 1.000
  waterbird_complete50 = 1, forest2water2 = 0  [n = 58]:	loss = 0.011  exp loss = 0.078  adjusted loss = 0.078  adv prob = 0.250000   acc = 1.000
  waterbird_complete50 = 1, forest2water2 = 1  [n = 52]:	loss = 0.048  exp loss = 0.071  adjusted loss = 0.071  adv prob = 0.250000   acc = 0.981

Validation:
Average incurred loss: 0.376  
Average sample loss: 0.370  
Average acc: 0.927  
  waterbird_complete50 = 0, forest2water2 = 0  [n = 465]:	loss = 0.002  exp loss = 0.001  adjusted loss = 0.001  adv prob = 0.250000   acc = 0.998
  waterbird_complete50 = 0, forest2water2 = 1  [n = 466]:	loss = 0.020  exp loss = 0.018  adjusted loss = 0.018  adv prob = 0.250000   acc = 0.994
  waterbird_complete50 = 1, forest2water2 = 0  [n = 134]:	loss = 1.823  exp loss = 2.063  adjusted loss = 2.063  adv prob = 0.250000   acc = 0.672
  waterbird_complete50 = 1, forest2water2 = 1  [n = 134]:	loss = 1.461  exp loss = 1.477  adjusted loss = 1.477  adv prob = 0.250000   acc = 0.701
Current lr: 0.000010
Current validation accuracy: 0.6716418266296387


Epoch [192]:
Training:
Average incurred loss: 0.013  
Average sample loss: 0.014  
Average acc: 1.000  
  waterbird_complete50 = 0, forest2water2 = 0  [n = 64]:	loss = 0.000  exp loss = 0.000  adjusted loss = 0.000  adv prob = 0.250000   acc = 1.000
  waterbird_complete50 = 0, forest2water2 = 1  [n = 55]:	loss = 0.000  exp loss = 0.000  adjusted loss = 0.000  adv prob = 0.250000   acc = 1.000
  waterbird_complete50 = 1, forest2water2 = 0  [n = 59]:	loss = 0.036  exp loss = 0.065  adjusted loss = 0.065  adv prob = 0.250000   acc = 1.000
  waterbird_complete50 = 1, forest2water2 = 1  [n = 47]:	loss = 0.019  exp loss = 0.053  adjusted loss = 0.053  adv prob = 0.250000   acc = 1.000

Validation:
Average incurred loss: 0.364  
Average sample loss: 0.359  
Average acc: 0.931  
  waterbird_complete50 = 0, forest2water2 = 0  [n = 465]:	loss = 0.002  exp loss = 0.001  adjusted loss = 0.001  adv prob = 0.250000   acc = 1.000
  waterbird_complete50 = 0, forest2water2 = 1  [n = 466]:	loss = 0.022  exp loss = 0.019  adjusted loss = 0.019  adv prob = 0.250000   acc = 0.994
  waterbird_complete50 = 1, forest2water2 = 0  [n = 134]:	loss = 1.779  exp loss = 2.010  adjusted loss = 2.010  adv prob = 0.250000   acc = 0.687
  waterbird_complete50 = 1, forest2water2 = 1  [n = 134]:	loss = 1.395  exp loss = 1.411  adjusted loss = 1.411  adv prob = 0.250000   acc = 0.716
Current lr: 0.000010
Current validation accuracy: 0.6865671873092651


Epoch [193]:
Training:
Average incurred loss: 0.035  
Average sample loss: 0.030  
Average acc: 0.991  
  waterbird_complete50 = 0, forest2water2 = 0  [n = 60]:	loss = 0.000  exp loss = 0.000  adjusted loss = 0.000  adv prob = 0.250000   acc = 1.000
  waterbird_complete50 = 0, forest2water2 = 1  [n = 55]:	loss = 0.000  exp loss = 0.000  adjusted loss = 0.000  adv prob = 0.250000   acc = 1.000
  waterbird_complete50 = 1, forest2water2 = 0  [n = 59]:	loss = 0.108  exp loss = 0.070  adjusted loss = 0.070  adv prob = 0.250000   acc = 0.966
  waterbird_complete50 = 1, forest2water2 = 1  [n = 51]:	loss = 0.027  exp loss = 0.042  adjusted loss = 0.042  adv prob = 0.250000   acc = 1.000

Validation:
Average incurred loss: 0.342  
Average sample loss: 0.337  
Average acc: 0.933  
  waterbird_complete50 = 0, forest2water2 = 0  [n = 465]:	loss = 0.003  exp loss = 0.001  adjusted loss = 0.001  adv prob = 0.250000   acc = 0.998
  waterbird_complete50 = 0, forest2water2 = 1  [n = 466]:	loss = 0.024  exp loss = 0.022  adjusted loss = 0.022  adv prob = 0.250000   acc = 0.994
  waterbird_complete50 = 1, forest2water2 = 0  [n = 134]:	loss = 1.678  exp loss = 1.885  adjusted loss = 1.885  adv prob = 0.250000   acc = 0.694
  waterbird_complete50 = 1, forest2water2 = 1  [n = 134]:	loss = 1.287  exp loss = 1.308  adjusted loss = 1.308  adv prob = 0.250000   acc = 0.739
Current lr: 0.000010
Current validation accuracy: 0.6940298080444336


Epoch [194]:
Training:
Average incurred loss: 0.001  
Average sample loss: 0.001  
Average acc: 1.000  
  waterbird_complete50 = 0, forest2water2 = 0  [n = 72]:	loss = 0.000  exp loss = 0.000  adjusted loss = 0.000  adv prob = 0.250000   acc = 1.000
  waterbird_complete50 = 0, forest2water2 = 1  [n = 53]:	loss = 0.000  exp loss = 0.000  adjusted loss = 0.000  adv prob = 0.250000   acc = 1.000
  waterbird_complete50 = 1, forest2water2 = 0  [n = 47]:	loss = 0.004  exp loss = 0.047  adjusted loss = 0.047  adv prob = 0.250000   acc = 1.000
  waterbird_complete50 = 1, forest2water2 = 1  [n = 53]:	loss = 0.002  exp loss = 0.028  adjusted loss = 0.028  adv prob = 0.250000   acc = 1.000

Validation:
Average incurred loss: 0.314  
Average sample loss: 0.310  
Average acc: 0.938  
  waterbird_complete50 = 0, forest2water2 = 0  [n = 465]:	loss = 0.004  exp loss = 0.002  adjusted loss = 0.002  adv prob = 0.250000   acc = 0.998
  waterbird_complete50 = 0, forest2water2 = 1  [n = 466]:	loss = 0.028  exp loss = 0.025  adjusted loss = 0.025  adv prob = 0.250000   acc = 0.994
  waterbird_complete50 = 1, forest2water2 = 0  [n = 134]:	loss = 1.536  exp loss = 1.712  adjusted loss = 1.712  adv prob = 0.250000   acc = 0.716
  waterbird_complete50 = 1, forest2water2 = 1  [n = 134]:	loss = 1.163  exp loss = 1.186  adjusted loss = 1.186  adv prob = 0.250000   acc = 0.761
Current lr: 0.000010
Current validation accuracy: 0.7164179086685181


Epoch [195]:
Training:
Average incurred loss: 0.016  
Average sample loss: 0.017  
Average acc: 1.000  
  waterbird_complete50 = 0, forest2water2 = 0  [n = 58]:	loss = 0.000  exp loss = 0.000  adjusted loss = 0.000  adv prob = 0.250000   acc = 1.000
  waterbird_complete50 = 0, forest2water2 = 1  [n = 50]:	loss = 0.000  exp loss = 0.000  adjusted loss = 0.000  adv prob = 0.250000   acc = 1.000
  waterbird_complete50 = 1, forest2water2 = 0  [n = 51]:	loss = 0.031  exp loss = 0.043  adjusted loss = 0.043  adv prob = 0.250000   acc = 1.000
  waterbird_complete50 = 1, forest2water2 = 1  [n = 66]:	loss = 0.029  exp loss = 0.030  adjusted loss = 0.030  adv prob = 0.250000   acc = 1.000

Validation:
Average incurred loss: 0.329  
Average sample loss: 0.324  
Average acc: 0.937  
  waterbird_complete50 = 0, forest2water2 = 0  [n = 465]:	loss = 0.004  exp loss = 0.002  adjusted loss = 0.002  adv prob = 0.250000   acc = 0.998
  waterbird_complete50 = 0, forest2water2 = 1  [n = 466]:	loss = 0.026  exp loss = 0.023  adjusted loss = 0.023  adv prob = 0.250000   acc = 0.994
  waterbird_complete50 = 1, forest2water2 = 0  [n = 134]:	loss = 1.612  exp loss = 1.802  adjusted loss = 1.802  adv prob = 0.250000   acc = 0.709
  waterbird_complete50 = 1, forest2water2 = 1  [n = 134]:	loss = 1.228  exp loss = 1.253  adjusted loss = 1.253  adv prob = 0.250000   acc = 0.754
Current lr: 0.000010
Current validation accuracy: 0.7089552879333496


Epoch [196]:
Training:
Average incurred loss: 0.009  
Average sample loss: 0.008  
Average acc: 1.000  
  waterbird_complete50 = 0, forest2water2 = 0  [n = 56]:	loss = 0.000  exp loss = 0.000  adjusted loss = 0.000  adv prob = 0.250000   acc = 1.000
  waterbird_complete50 = 0, forest2water2 = 1  [n = 64]:	loss = 0.000  exp loss = 0.000  adjusted loss = 0.000  adv prob = 0.250000   acc = 1.000
  waterbird_complete50 = 1, forest2water2 = 0  [n = 54]:	loss = 0.029  exp loss = 0.037  adjusted loss = 0.037  adv prob = 0.250000   acc = 1.000
  waterbird_complete50 = 1, forest2water2 = 1  [n = 51]:	loss = 0.010  exp loss = 0.022  adjusted loss = 0.022  adv prob = 0.250000   acc = 1.000

Validation:
Average incurred loss: 0.317  
Average sample loss: 0.313  
Average acc: 0.937  
  waterbird_complete50 = 0, forest2water2 = 0  [n = 465]:	loss = 0.004  exp loss = 0.002  adjusted loss = 0.002  adv prob = 0.250000   acc = 0.998
  waterbird_complete50 = 0, forest2water2 = 1  [n = 466]:	loss = 0.028  exp loss = 0.025  adjusted loss = 0.025  adv prob = 0.250000   acc = 0.994
  waterbird_complete50 = 1, forest2water2 = 0  [n = 134]:	loss = 1.545  exp loss = 1.724  adjusted loss = 1.724  adv prob = 0.250000   acc = 0.709
  waterbird_complete50 = 1, forest2water2 = 1  [n = 134]:	loss = 1.180  exp loss = 1.208  adjusted loss = 1.208  adv prob = 0.250000   acc = 0.761
Current lr: 0.000010
Current validation accuracy: 0.7089552879333496


Epoch [197]:
Training:
Average incurred loss: 0.014  
Average sample loss: 0.015  
Average acc: 1.000  
  waterbird_complete50 = 0, forest2water2 = 0  [n = 55]:	loss = 0.000  exp loss = 0.000  adjusted loss = 0.000  adv prob = 0.250000   acc = 1.000
  waterbird_complete50 = 0, forest2water2 = 1  [n = 55]:	loss = 0.000  exp loss = 0.000  adjusted loss = 0.000  adv prob = 0.250000   acc = 1.000
  waterbird_complete50 = 1, forest2water2 = 0  [n = 56]:	loss = 0.032  exp loss = 0.035  adjusted loss = 0.035  adv prob = 0.250000   acc = 1.000
  waterbird_complete50 = 1, forest2water2 = 1  [n = 59]:	loss = 0.024  exp loss = 0.023  adjusted loss = 0.023  adv prob = 0.250000   acc = 1.000

Validation:
Average incurred loss: 0.340  
Average sample loss: 0.335  
Average acc: 0.931  
  waterbird_complete50 = 0, forest2water2 = 0  [n = 465]:	loss = 0.003  exp loss = 0.002  adjusted loss = 0.002  adv prob = 0.250000   acc = 0.998
  waterbird_complete50 = 0, forest2water2 = 1  [n = 466]:	loss = 0.024  exp loss = 0.022  adjusted loss = 0.022  adv prob = 0.250000   acc = 0.994
  waterbird_complete50 = 1, forest2water2 = 0  [n = 134]:	loss = 1.658  exp loss = 1.867  adjusted loss = 1.867  adv prob = 0.250000   acc = 0.694
  waterbird_complete50 = 1, forest2water2 = 1  [n = 134]:	loss = 1.289  exp loss = 1.313  adjusted loss = 1.313  adv prob = 0.250000   acc = 0.716
Current lr: 0.000010
Current validation accuracy: 0.6940298080444336


Epoch [198]:
Training:
Average incurred loss: 0.008  
Average sample loss: 0.009  
Average acc: 1.000  
  waterbird_complete50 = 0, forest2water2 = 0  [n = 54]:	loss = 0.000  exp loss = 0.000  adjusted loss = 0.000  adv prob = 0.250000   acc = 1.000
  waterbird_complete50 = 0, forest2water2 = 1  [n = 58]:	loss = 0.000  exp loss = 0.000  adjusted loss = 0.000  adv prob = 0.250000   acc = 1.000
  waterbird_complete50 = 1, forest2water2 = 0  [n = 50]:	loss = 0.021  exp loss = 0.032  adjusted loss = 0.032  adv prob = 0.250000   acc = 1.000
  waterbird_complete50 = 1, forest2water2 = 1  [n = 63]:	loss = 0.013  exp loss = 0.019  adjusted loss = 0.019  adv prob = 0.250000   acc = 1.000

Validation:
Average incurred loss: 0.358  
Average sample loss: 0.353  
Average acc: 0.928  
  waterbird_complete50 = 0, forest2water2 = 0  [n = 465]:	loss = 0.002  exp loss = 0.001  adjusted loss = 0.001  adv prob = 0.250000   acc = 0.998
  waterbird_complete50 = 0, forest2water2 = 1  [n = 466]:	loss = 0.022  exp loss = 0.020  adjusted loss = 0.020  adv prob = 0.250000   acc = 0.994
  waterbird_complete50 = 1, forest2water2 = 0  [n = 134]:	loss = 1.747  exp loss = 1.986  adjusted loss = 1.986  adv prob = 0.250000   acc = 0.672
  waterbird_complete50 = 1, forest2water2 = 1  [n = 134]:	loss = 1.371  exp loss = 1.386  adjusted loss = 1.386  adv prob = 0.250000   acc = 0.716
Current lr: 0.000010
Current validation accuracy: 0.6716418266296387


Epoch [199]:
Training:
Average incurred loss: 0.015  
Average sample loss: 0.017  
Average acc: 0.996  
  waterbird_complete50 = 0, forest2water2 = 0  [n = 54]:	loss = 0.000  exp loss = 0.000  adjusted loss = 0.000  adv prob = 0.250000   acc = 1.000
  waterbird_complete50 = 0, forest2water2 = 1  [n = 56]:	loss = 0.000  exp loss = 0.000  adjusted loss = 0.000  adv prob = 0.250000   acc = 1.000
  waterbird_complete50 = 1, forest2water2 = 0  [n = 57]:	loss = 0.041  exp loss = 0.035  adjusted loss = 0.035  adv prob = 0.250000   acc = 0.982
  waterbird_complete50 = 1, forest2water2 = 1  [n = 58]:	loss = 0.020  exp loss = 0.021  adjusted loss = 0.021  adv prob = 0.250000   acc = 1.000

Validation:
Average incurred loss: 0.358  
Average sample loss: 0.353  
Average acc: 0.928  
  waterbird_complete50 = 0, forest2water2 = 0  [n = 465]:	loss = 0.002  exp loss = 0.001  adjusted loss = 0.001  adv prob = 0.250000   acc = 0.998
  waterbird_complete50 = 0, forest2water2 = 1  [n = 466]:	loss = 0.022  exp loss = 0.020  adjusted loss = 0.020  adv prob = 0.250000   acc = 0.994
  waterbird_complete50 = 1, forest2water2 = 0  [n = 134]:	loss = 1.744  exp loss = 1.985  adjusted loss = 1.985  adv prob = 0.250000   acc = 0.672
  waterbird_complete50 = 1, forest2water2 = 1  [n = 134]:	loss = 1.375  exp loss = 1.389  adjusted loss = 1.389  adv prob = 0.250000   acc = 0.716
Current lr: 0.000010
Current validation accuracy: 0.6716418266296387


Epoch [200]:
Training:
Average incurred loss: 0.028  
Average sample loss: 0.025  
Average acc: 0.991  
  waterbird_complete50 = 0, forest2water2 = 0  [n = 54]:	loss = 0.000  exp loss = 0.000  adjusted loss = 0.000  adv prob = 0.250000   acc = 1.000
  waterbird_complete50 = 0, forest2water2 = 1  [n = 57]:	loss = 0.000  exp loss = 0.000  adjusted loss = 0.000  adv prob = 0.250000   acc = 1.000
  waterbird_complete50 = 1, forest2water2 = 0  [n = 56]:	loss = 0.024  exp loss = 0.032  adjusted loss = 0.032  adv prob = 0.250000   acc = 1.000
  waterbird_complete50 = 1, forest2water2 = 1  [n = 58]:	loss = 0.086  exp loss = 0.028  adjusted loss = 0.028  adv prob = 0.250000   acc = 0.966

Validation:
Average incurred loss: 0.356  
Average sample loss: 0.351  
Average acc: 0.929  
  waterbird_complete50 = 0, forest2water2 = 0  [n = 465]:	loss = 0.002  exp loss = 0.001  adjusted loss = 0.001  adv prob = 0.250000   acc = 0.998
  waterbird_complete50 = 0, forest2water2 = 1  [n = 466]:	loss = 0.023  exp loss = 0.020  adjusted loss = 0.020  adv prob = 0.250000   acc = 0.994
  waterbird_complete50 = 1, forest2water2 = 0  [n = 134]:	loss = 1.740  exp loss = 1.989  adjusted loss = 1.989  adv prob = 0.250000   acc = 0.679
  waterbird_complete50 = 1, forest2water2 = 1  [n = 134]:	loss = 1.360  exp loss = 1.375  adjusted loss = 1.375  adv prob = 0.250000   acc = 0.716
Current lr: 0.000010
Current validation accuracy: 0.6791044473648071


Epoch [201]:
Training:
Average incurred loss: 0.020  
Average sample loss: 0.034  
Average acc: 0.982  
  waterbird_complete50 = 0, forest2water2 = 0  [n = 62]:	loss = 0.000  exp loss = 0.000  adjusted loss = 0.000  adv prob = 0.250000   acc = 1.000
  waterbird_complete50 = 0, forest2water2 = 1  [n = 60]:	loss = 0.000  exp loss = 0.000  adjusted loss = 0.000  adv prob = 0.250000   acc = 1.000
  waterbird_complete50 = 1, forest2water2 = 0  [n = 58]:	loss = 0.050  exp loss = 0.039  adjusted loss = 0.039  adv prob = 0.250000   acc = 0.948
  waterbird_complete50 = 1, forest2water2 = 1  [n = 45]:	loss = 0.037  exp loss = 0.058  adjusted loss = 0.058  adv prob = 0.250000   acc = 0.978

Validation:
Average incurred loss: 0.338  
Average sample loss: 0.333  
Average acc: 0.933  
  waterbird_complete50 = 0, forest2water2 = 0  [n = 465]:	loss = 0.003  exp loss = 0.001  adjusted loss = 0.001  adv prob = 0.250000   acc = 0.998
  waterbird_complete50 = 0, forest2water2 = 1  [n = 466]:	loss = 0.026  exp loss = 0.023  adjusted loss = 0.023  adv prob = 0.250000   acc = 0.994
  waterbird_complete50 = 1, forest2water2 = 0  [n = 134]:	loss = 1.661  exp loss = 1.886  adjusted loss = 1.886  adv prob = 0.250000   acc = 0.694
  waterbird_complete50 = 1, forest2water2 = 1  [n = 134]:	loss = 1.267  exp loss = 1.289  adjusted loss = 1.289  adv prob = 0.250000   acc = 0.739
Current lr: 0.000010
Current validation accuracy: 0.6940298080444336


Epoch [202]:
Training:
Average incurred loss: 0.001  
Average sample loss: 0.001  
Average acc: 1.000  
  waterbird_complete50 = 0, forest2water2 = 0  [n = 73]:	loss = 0.000  exp loss = 0.000  adjusted loss = 0.000  adv prob = 0.250000   acc = 1.000
  waterbird_complete50 = 0, forest2water2 = 1  [n = 59]:	loss = 0.000  exp loss = 0.000  adjusted loss = 0.000  adv prob = 0.250000   acc = 1.000
  waterbird_complete50 = 1, forest2water2 = 0  [n = 40]:	loss = 0.002  exp loss = 0.026  adjusted loss = 0.026  adv prob = 0.250000   acc = 1.000
  waterbird_complete50 = 1, forest2water2 = 1  [n = 53]:	loss = 0.002  exp loss = 0.038  adjusted loss = 0.038  adv prob = 0.250000   acc = 1.000

Validation:
Average incurred loss: 0.301  
Average sample loss: 0.296  
Average acc: 0.942  
  waterbird_complete50 = 0, forest2water2 = 0  [n = 465]:	loss = 0.005  exp loss = 0.002  adjusted loss = 0.002  adv prob = 0.250000   acc = 0.998
  waterbird_complete50 = 0, forest2water2 = 1  [n = 466]:	loss = 0.032  exp loss = 0.028  adjusted loss = 0.028  adv prob = 0.250000   acc = 0.994
  waterbird_complete50 = 1, forest2water2 = 0  [n = 134]:	loss = 1.460  exp loss = 1.642  adjusted loss = 1.642  adv prob = 0.250000   acc = 0.739
  waterbird_complete50 = 1, forest2water2 = 1  [n = 134]:	loss = 1.103  exp loss = 1.133  adjusted loss = 1.133  adv prob = 0.250000   acc = 0.769
Current lr: 0.000010
Current validation accuracy: 0.738805890083313


Epoch [203]:
Training:
Average incurred loss: 0.039  
Average sample loss: 0.034  
Average acc: 0.996  
  waterbird_complete50 = 0, forest2water2 = 0  [n = 59]:	loss = 0.000  exp loss = 0.000  adjusted loss = 0.000  adv prob = 0.250000   acc = 1.000
  waterbird_complete50 = 0, forest2water2 = 1  [n = 46]:	loss = 0.000  exp loss = 0.000  adjusted loss = 0.000  adv prob = 0.250000   acc = 1.000
  waterbird_complete50 = 1, forest2water2 = 0  [n = 60]:	loss = 0.084  exp loss = 0.039  adjusted loss = 0.039  adv prob = 0.250000   acc = 1.000
  waterbird_complete50 = 1, forest2water2 = 1  [n = 60]:	loss = 0.062  exp loss = 0.044  adjusted loss = 0.044  adv prob = 0.250000   acc = 0.983

Validation:
Average incurred loss: 0.320  
Average sample loss: 0.316  
Average acc: 0.936  
  waterbird_complete50 = 0, forest2water2 = 0  [n = 465]:	loss = 0.004  exp loss = 0.002  adjusted loss = 0.002  adv prob = 0.250000   acc = 0.998
  waterbird_complete50 = 0, forest2water2 = 1  [n = 466]:	loss = 0.029  exp loss = 0.026  adjusted loss = 0.026  adv prob = 0.250000   acc = 0.994
  waterbird_complete50 = 1, forest2water2 = 0  [n = 134]:	loss = 1.551  exp loss = 1.754  adjusted loss = 1.754  adv prob = 0.250000   acc = 0.716
  waterbird_complete50 = 1, forest2water2 = 1  [n = 134]:	loss = 1.204  exp loss = 1.226  adjusted loss = 1.226  adv prob = 0.250000   acc = 0.739
Current lr: 0.000010
Current validation accuracy: 0.7164179086685181


Epoch [204]:
Training:
Average incurred loss: 0.095  
Average sample loss: 0.084  
Average acc: 0.956  
  waterbird_complete50 = 0, forest2water2 = 0  [n = 62]:	loss = 0.000  exp loss = 0.000  adjusted loss = 0.000  adv prob = 0.250000   acc = 1.000
  waterbird_complete50 = 0, forest2water2 = 1  [n = 42]:	loss = 0.000  exp loss = 0.000  adjusted loss = 0.000  adv prob = 0.250000   acc = 1.000
  waterbird_complete50 = 1, forest2water2 = 0  [n = 70]:	loss = 0.176  exp loss = 0.065  adjusted loss = 0.065  adv prob = 0.250000   acc = 0.929
  waterbird_complete50 = 1, forest2water2 = 1  [n = 51]:	loss = 0.177  exp loss = 0.072  adjusted loss = 0.072  adv prob = 0.250000   acc = 0.902

Validation:
Average incurred loss: 0.334  
Average sample loss: 0.329  
Average acc: 0.934  
  waterbird_complete50 = 0, forest2water2 = 0  [n = 465]:	loss = 0.003  exp loss = 0.001  adjusted loss = 0.001  adv prob = 0.250000   acc = 0.998
  waterbird_complete50 = 0, forest2water2 = 1  [n = 466]:	loss = 0.027  exp loss = 0.024  adjusted loss = 0.024  adv prob = 0.250000   acc = 0.994
  waterbird_complete50 = 1, forest2water2 = 0  [n = 134]:	loss = 1.634  exp loss = 1.847  adjusted loss = 1.847  adv prob = 0.250000   acc = 0.701
  waterbird_complete50 = 1, forest2water2 = 1  [n = 134]:	loss = 1.251  exp loss = 1.270  adjusted loss = 1.270  adv prob = 0.250000   acc = 0.739
Current lr: 0.000010
Current validation accuracy: 0.7014925479888916


Epoch [205]:
Training:
Average incurred loss: 0.104  
Average sample loss: 0.160  
Average acc: 0.960  
  waterbird_complete50 = 0, forest2water2 = 0  [n = 54]:	loss = 0.000  exp loss = 0.000  adjusted loss = 0.000  adv prob = 0.250000   acc = 1.000
  waterbird_complete50 = 0, forest2water2 = 1  [n = 50]:	loss = 0.000  exp loss = 0.000  adjusted loss = 0.000  adv prob = 0.250000   acc = 1.000
  waterbird_complete50 = 1, forest2water2 = 0  [n = 67]:	loss = 0.231  exp loss = 0.161  adjusted loss = 0.161  adv prob = 0.250000   acc = 0.910
  waterbird_complete50 = 1, forest2water2 = 1  [n = 54]:	loss = 0.146  exp loss = 0.117  adjusted loss = 0.117  adv prob = 0.250000   acc = 0.944

Validation:
Average incurred loss: 0.369  
Average sample loss: 0.364  
Average acc: 0.928  
  waterbird_complete50 = 0, forest2water2 = 0  [n = 465]:	loss = 0.002  exp loss = 0.001  adjusted loss = 0.001  adv prob = 0.250000   acc = 1.000
  waterbird_complete50 = 0, forest2water2 = 1  [n = 466]:	loss = 0.022  exp loss = 0.020  adjusted loss = 0.020  adv prob = 0.250000   acc = 0.994
  waterbird_complete50 = 1, forest2water2 = 0  [n = 134]:	loss = 1.809  exp loss = 2.067  adjusted loss = 2.067  adv prob = 0.250000   acc = 0.664
  waterbird_complete50 = 1, forest2water2 = 1  [n = 134]:	loss = 1.411  exp loss = 1.419  adjusted loss = 1.419  adv prob = 0.250000   acc = 0.716
Current lr: 0.000010
Current validation accuracy: 0.6641790866851807


Epoch [206]:
Training:
Average incurred loss: 0.013  
Average sample loss: 0.017  
Average acc: 1.000  
  waterbird_complete50 = 0, forest2water2 = 0  [n = 56]:	loss = 0.000  exp loss = 0.000  adjusted loss = 0.000  adv prob = 0.250000   acc = 1.000
  waterbird_complete50 = 0, forest2water2 = 1  [n = 58]:	loss = 0.000  exp loss = 0.000  adjusted loss = 0.000  adv prob = 0.250000   acc = 1.000
  waterbird_complete50 = 1, forest2water2 = 0  [n = 60]:	loss = 0.024  exp loss = 0.114  adjusted loss = 0.114  adv prob = 0.250000   acc = 1.000
  waterbird_complete50 = 1, forest2water2 = 1  [n = 51]:	loss = 0.028  exp loss = 0.091  adjusted loss = 0.091  adv prob = 0.250000   acc = 1.000

Validation:
Average incurred loss: 0.362  
Average sample loss: 0.357  
Average acc: 0.929  
  waterbird_complete50 = 0, forest2water2 = 0  [n = 465]:	loss = 0.002  exp loss = 0.001  adjusted loss = 0.001  adv prob = 0.250000   acc = 1.000
  waterbird_complete50 = 0, forest2water2 = 1  [n = 466]:	loss = 0.022  exp loss = 0.020  adjusted loss = 0.020  adv prob = 0.250000   acc = 0.994
  waterbird_complete50 = 1, forest2water2 = 0  [n = 134]:	loss = 1.783  exp loss = 2.034  adjusted loss = 2.034  adv prob = 0.250000   acc = 0.672
  waterbird_complete50 = 1, forest2water2 = 1  [n = 134]:	loss = 1.377  exp loss = 1.390  adjusted loss = 1.390  adv prob = 0.250000   acc = 0.716
Current lr: 0.000010
Current validation accuracy: 0.6716418266296387


Epoch [207]:
Training:
Average incurred loss: 0.055  
Average sample loss: 0.049  
Average acc: 0.973  
  waterbird_complete50 = 0, forest2water2 = 0  [n = 54]:	loss = 0.000  exp loss = 0.000  adjusted loss = 0.000  adv prob = 0.250000   acc = 1.000
  waterbird_complete50 = 0, forest2water2 = 1  [n = 67]:	loss = 0.000  exp loss = 0.000  adjusted loss = 0.000  adv prob = 0.250000   acc = 1.000
  waterbird_complete50 = 1, forest2water2 = 0  [n = 54]:	loss = 0.169  exp loss = 0.114  adjusted loss = 0.114  adv prob = 0.250000   acc = 0.926
  waterbird_complete50 = 1, forest2water2 = 1  [n = 50]:	loss = 0.067  exp loss = 0.074  adjusted loss = 0.074  adv prob = 0.250000   acc = 0.960

Validation:
Average incurred loss: 0.329  
Average sample loss: 0.325  
Average acc: 0.936  
  waterbird_complete50 = 0, forest2water2 = 0  [n = 465]:	loss = 0.003  exp loss = 0.002  adjusted loss = 0.002  adv prob = 0.250000   acc = 0.998
  waterbird_complete50 = 0, forest2water2 = 1  [n = 466]:	loss = 0.026  exp loss = 0.023  adjusted loss = 0.023  adv prob = 0.250000   acc = 0.994
  waterbird_complete50 = 1, forest2water2 = 0  [n = 134]:	loss = 1.615  exp loss = 1.830  adjusted loss = 1.830  adv prob = 0.250000   acc = 0.709
  waterbird_complete50 = 1, forest2water2 = 1  [n = 134]:	loss = 1.231  exp loss = 1.248  adjusted loss = 1.248  adv prob = 0.250000   acc = 0.746
Current lr: 0.000010
Current validation accuracy: 0.7089552879333496


Epoch [208]:
Training:
Average incurred loss: 0.027  
Average sample loss: 0.024  
Average acc: 0.996  
  waterbird_complete50 = 0, forest2water2 = 0  [n = 55]:	loss = 0.000  exp loss = 0.000  adjusted loss = 0.000  adv prob = 0.250000   acc = 1.000
  waterbird_complete50 = 0, forest2water2 = 1  [n = 50]:	loss = 0.000  exp loss = 0.000  adjusted loss = 0.000  adv prob = 0.250000   acc = 1.000
  waterbird_complete50 = 1, forest2water2 = 0  [n = 67]:	loss = 0.038  exp loss = 0.088  adjusted loss = 0.088  adv prob = 0.250000   acc = 1.000
  waterbird_complete50 = 1, forest2water2 = 1  [n = 53]:	loss = 0.065  exp loss = 0.066  adjusted loss = 0.066  adv prob = 0.250000   acc = 0.981

Validation:
Average incurred loss: 0.355  
Average sample loss: 0.350  
Average acc: 0.930  
  waterbird_complete50 = 0, forest2water2 = 0  [n = 465]:	loss = 0.002  exp loss = 0.001  adjusted loss = 0.001  adv prob = 0.250000   acc = 0.998
  waterbird_complete50 = 0, forest2water2 = 1  [n = 466]:	loss = 0.024  exp loss = 0.021  adjusted loss = 0.021  adv prob = 0.250000   acc = 0.994
  waterbird_complete50 = 1, forest2water2 = 0  [n = 134]:	loss = 1.744  exp loss = 1.969  adjusted loss = 1.969  adv prob = 0.250000   acc = 0.679
  waterbird_complete50 = 1, forest2water2 = 1  [n = 134]:	loss = 1.345  exp loss = 1.356  adjusted loss = 1.356  adv prob = 0.250000   acc = 0.724
Current lr: 0.000010
Current validation accuracy: 0.6791044473648071


Epoch [209]:
Training:
Average incurred loss: 0.006  
Average sample loss: 0.008  
Average acc: 1.000  
  waterbird_complete50 = 0, forest2water2 = 0  [n = 64]:	loss = 0.000  exp loss = 0.000  adjusted loss = 0.000  adv prob = 0.250000   acc = 1.000
  waterbird_complete50 = 0, forest2water2 = 1  [n = 52]:	loss = 0.000  exp loss = 0.000  adjusted loss = 0.000  adv prob = 0.250000   acc = 1.000
  waterbird_complete50 = 1, forest2water2 = 0  [n = 51]:	loss = 0.018  exp loss = 0.068  adjusted loss = 0.068  adv prob = 0.250000   acc = 1.000
  waterbird_complete50 = 1, forest2water2 = 1  [n = 58]:	loss = 0.007  exp loss = 0.046  adjusted loss = 0.046  adv prob = 0.250000   acc = 1.000

Validation:
Average incurred loss: 0.354  
Average sample loss: 0.349  
Average acc: 0.929  
  waterbird_complete50 = 0, forest2water2 = 0  [n = 465]:	loss = 0.002  exp loss = 0.001  adjusted loss = 0.001  adv prob = 0.250000   acc = 0.998
  waterbird_complete50 = 0, forest2water2 = 1  [n = 466]:	loss = 0.023  exp loss = 0.021  adjusted loss = 0.021  adv prob = 0.250000   acc = 0.994
  waterbird_complete50 = 1, forest2water2 = 0  [n = 134]:	loss = 1.726  exp loss = 1.951  adjusted loss = 1.951  adv prob = 0.250000   acc = 0.679
  waterbird_complete50 = 1, forest2water2 = 1  [n = 134]:	loss = 1.353  exp loss = 1.363  adjusted loss = 1.363  adv prob = 0.250000   acc = 0.716
Current lr: 0.000010
Current validation accuracy: 0.6791044473648071


Epoch [210]:
Training:
Average incurred loss: 0.015  
Average sample loss: 0.018  
Average acc: 1.000  
  waterbird_complete50 = 0, forest2water2 = 0  [n = 56]:	loss = 0.000  exp loss = 0.000  adjusted loss = 0.000  adv prob = 0.250000   acc = 1.000
  waterbird_complete50 = 0, forest2water2 = 1  [n = 51]:	loss = 0.000  exp loss = 0.000  adjusted loss = 0.000  adv prob = 0.250000   acc = 1.000
  waterbird_complete50 = 1, forest2water2 = 0  [n = 62]:	loss = 0.042  exp loss = 0.063  adjusted loss = 0.063  adv prob = 0.250000   acc = 1.000
  waterbird_complete50 = 1, forest2water2 = 1  [n = 56]:	loss = 0.015  exp loss = 0.035  adjusted loss = 0.035  adv prob = 0.250000   acc = 1.000

Validation:
Average incurred loss: 0.369  
Average sample loss: 0.364  
Average acc: 0.928  
  waterbird_complete50 = 0, forest2water2 = 0  [n = 465]:	loss = 0.002  exp loss = 0.001  adjusted loss = 0.001  adv prob = 0.250000   acc = 1.000
  waterbird_complete50 = 0, forest2water2 = 1  [n = 466]:	loss = 0.021  exp loss = 0.019  adjusted loss = 0.019  adv prob = 0.250000   acc = 0.994
  waterbird_complete50 = 1, forest2water2 = 0  [n = 134]:	loss = 1.799  exp loss = 2.051  adjusted loss = 2.051  adv prob = 0.250000   acc = 0.672
  waterbird_complete50 = 1, forest2water2 = 1  [n = 134]:	loss = 1.422  exp loss = 1.423  adjusted loss = 1.423  adv prob = 0.250000   acc = 0.709
Current lr: 0.000010
Current validation accuracy: 0.6716418266296387


Epoch [211]:
Training:
Average incurred loss: 0.019  
Average sample loss: 0.021  
Average acc: 1.000  
  waterbird_complete50 = 0, forest2water2 = 0  [n = 53]:	loss = 0.000  exp loss = 0.000  adjusted loss = 0.000  adv prob = 0.250000   acc = 1.000
  waterbird_complete50 = 0, forest2water2 = 1  [n = 54]:	loss = 0.000  exp loss = 0.000  adjusted loss = 0.000  adv prob = 0.250000   acc = 1.000
  waterbird_complete50 = 1, forest2water2 = 0  [n = 62]:	loss = 0.036  exp loss = 0.054  adjusted loss = 0.054  adv prob = 0.250000   acc = 1.000
  waterbird_complete50 = 1, forest2water2 = 1  [n = 56]:	loss = 0.036  exp loss = 0.037  adjusted loss = 0.037  adv prob = 0.250000   acc = 1.000

Validation:
Average incurred loss: 0.381  
Average sample loss: 0.375  
Average acc: 0.924  
  waterbird_complete50 = 0, forest2water2 = 0  [n = 465]:	loss = 0.002  exp loss = 0.001  adjusted loss = 0.001  adv prob = 0.250000   acc = 1.000
  waterbird_complete50 = 0, forest2water2 = 1  [n = 466]:	loss = 0.019  exp loss = 0.017  adjusted loss = 0.017  adv prob = 0.250000   acc = 0.994
  waterbird_complete50 = 1, forest2water2 = 0  [n = 134]:	loss = 1.857  exp loss = 2.126  adjusted loss = 2.126  adv prob = 0.250000   acc = 0.657
  waterbird_complete50 = 1, forest2water2 = 1  [n = 134]:	loss = 1.477  exp loss = 1.480  adjusted loss = 1.480  adv prob = 0.250000   acc = 0.687
Current lr: 0.000010
Current validation accuracy: 0.6567164659500122


Epoch [212]:
Training:
Average incurred loss: 0.024  
Average sample loss: 0.022  
Average acc: 0.991  
  waterbird_complete50 = 0, forest2water2 = 0  [n = 54]:	loss = 0.000  exp loss = 0.000  adjusted loss = 0.000  adv prob = 0.250000   acc = 1.000
  waterbird_complete50 = 0, forest2water2 = 1  [n = 59]:	loss = 0.000  exp loss = 0.000  adjusted loss = 0.000  adv prob = 0.250000   acc = 1.000
  waterbird_complete50 = 1, forest2water2 = 0  [n = 55]:	loss = 0.037  exp loss = 0.046  adjusted loss = 0.046  adv prob = 0.250000   acc = 1.000
  waterbird_complete50 = 1, forest2water2 = 1  [n = 57]:	loss = 0.059  exp loss = 0.041  adjusted loss = 0.041  adv prob = 0.250000   acc = 0.965

Validation:
Average incurred loss: 0.366  
Average sample loss: 0.361  
Average acc: 0.928  
  waterbird_complete50 = 0, forest2water2 = 0  [n = 465]:	loss = 0.002  exp loss = 0.001  adjusted loss = 0.001  adv prob = 0.250000   acc = 1.000
  waterbird_complete50 = 0, forest2water2 = 1  [n = 466]:	loss = 0.021  exp loss = 0.019  adjusted loss = 0.019  adv prob = 0.250000   acc = 0.994
  waterbird_complete50 = 1, forest2water2 = 0  [n = 134]:	loss = 1.788  exp loss = 2.042  adjusted loss = 2.042  adv prob = 0.250000   acc = 0.664
  waterbird_complete50 = 1, forest2water2 = 1  [n = 134]:	loss = 1.409  exp loss = 1.410  adjusted loss = 1.410  adv prob = 0.250000   acc = 0.716
Current lr: 0.000010
Current validation accuracy: 0.6641790866851807


Epoch [213]:
Training:
Average incurred loss: 0.016  
Average sample loss: 0.025  
Average acc: 0.991  
  waterbird_complete50 = 0, forest2water2 = 0  [n = 53]:	loss = 0.000  exp loss = 0.000  adjusted loss = 0.000  adv prob = 0.250000   acc = 1.000
  waterbird_complete50 = 0, forest2water2 = 1  [n = 64]:	loss = 0.000  exp loss = 0.000  adjusted loss = 0.000  adv prob = 0.250000   acc = 1.000
  waterbird_complete50 = 1, forest2water2 = 0  [n = 52]:	loss = 0.028  exp loss = 0.046  adjusted loss = 0.046  adv prob = 0.250000   acc = 0.981
  waterbird_complete50 = 1, forest2water2 = 1  [n = 56]:	loss = 0.037  exp loss = 0.046  adjusted loss = 0.046  adv prob = 0.250000   acc = 0.982

Validation:
Average incurred loss: 0.351  
Average sample loss: 0.346  
Average acc: 0.930  
  waterbird_complete50 = 0, forest2water2 = 0  [n = 465]:	loss = 0.002  exp loss = 0.001  adjusted loss = 0.001  adv prob = 0.250000   acc = 1.000
  waterbird_complete50 = 0, forest2water2 = 1  [n = 466]:	loss = 0.023  exp loss = 0.021  adjusted loss = 0.021  adv prob = 0.250000   acc = 0.994
  waterbird_complete50 = 1, forest2water2 = 0  [n = 134]:	loss = 1.712  exp loss = 1.961  adjusted loss = 1.961  adv prob = 0.250000   acc = 0.687
  waterbird_complete50 = 1, forest2water2 = 1  [n = 134]:	loss = 1.343  exp loss = 1.350  adjusted loss = 1.350  adv prob = 0.250000   acc = 0.709
Current lr: 0.000010
Current validation accuracy: 0.6865671873092651


Epoch [214]:
Training:
Average incurred loss: 0.006  
Average sample loss: 0.005  
Average acc: 1.000  
  waterbird_complete50 = 0, forest2water2 = 0  [n = 60]:	loss = 0.000  exp loss = 0.000  adjusted loss = 0.000  adv prob = 0.250000   acc = 1.000
  waterbird_complete50 = 0, forest2water2 = 1  [n = 56]:	loss = 0.000  exp loss = 0.000  adjusted loss = 0.000  adv prob = 0.250000   acc = 1.000
  waterbird_complete50 = 1, forest2water2 = 0  [n = 61]:	loss = 0.017  exp loss = 0.035  adjusted loss = 0.035  adv prob = 0.250000   acc = 1.000
  waterbird_complete50 = 1, forest2water2 = 1  [n = 48]:	loss = 0.004  exp loss = 0.032  adjusted loss = 0.032  adv prob = 0.250000   acc = 1.000

Validation:
Average incurred loss: 0.320  
Average sample loss: 0.316  
Average acc: 0.937  
  waterbird_complete50 = 0, forest2water2 = 0  [n = 465]:	loss = 0.004  exp loss = 0.002  adjusted loss = 0.002  adv prob = 0.250000   acc = 0.998
  waterbird_complete50 = 0, forest2water2 = 1  [n = 466]:	loss = 0.027  exp loss = 0.024  adjusted loss = 0.024  adv prob = 0.250000   acc = 0.994
  waterbird_complete50 = 1, forest2water2 = 0  [n = 134]:	loss = 1.571  exp loss = 1.785  adjusted loss = 1.785  adv prob = 0.250000   acc = 0.709
  waterbird_complete50 = 1, forest2water2 = 1  [n = 134]:	loss = 1.185  exp loss = 1.205  adjusted loss = 1.205  adv prob = 0.250000   acc = 0.754
Current lr: 0.000010
Current validation accuracy: 0.7089552879333496


Epoch [215]:
Training:
Average incurred loss: 0.015  
Average sample loss: 0.017  
Average acc: 1.000  
  waterbird_complete50 = 0, forest2water2 = 0  [n = 54]:	loss = 0.000  exp loss = 0.000  adjusted loss = 0.000  adv prob = 0.250000   acc = 1.000
  waterbird_complete50 = 0, forest2water2 = 1  [n = 52]:	loss = 0.000  exp loss = 0.000  adjusted loss = 0.000  adv prob = 0.250000   acc = 1.000
  waterbird_complete50 = 1, forest2water2 = 0  [n = 57]:	loss = 0.033  exp loss = 0.036  adjusted loss = 0.036  adv prob = 0.250000   acc = 1.000
  waterbird_complete50 = 1, forest2water2 = 1  [n = 62]:	loss = 0.024  exp loss = 0.031  adjusted loss = 0.031  adv prob = 0.250000   acc = 1.000

Validation:
Average incurred loss: 0.352  
Average sample loss: 0.347  
Average acc: 0.930  
  waterbird_complete50 = 0, forest2water2 = 0  [n = 465]:	loss = 0.002  exp loss = 0.001  adjusted loss = 0.001  adv prob = 0.250000   acc = 0.998
  waterbird_complete50 = 0, forest2water2 = 1  [n = 466]:	loss = 0.024  exp loss = 0.022  adjusted loss = 0.022  adv prob = 0.250000   acc = 0.994
  waterbird_complete50 = 1, forest2water2 = 0  [n = 134]:	loss = 1.721  exp loss = 1.967  adjusted loss = 1.967  adv prob = 0.250000   acc = 0.679
  waterbird_complete50 = 1, forest2water2 = 1  [n = 134]:	loss = 1.333  exp loss = 1.347  adjusted loss = 1.347  adv prob = 0.250000   acc = 0.724
Current lr: 0.000010
Current validation accuracy: 0.6791044473648071


Epoch [216]:
Training:
Average incurred loss: 0.026  
Average sample loss: 0.032  
Average acc: 0.996  
  waterbird_complete50 = 0, forest2water2 = 0  [n = 53]:	loss = 0.000  exp loss = 0.000  adjusted loss = 0.000  adv prob = 0.250000   acc = 1.000
  waterbird_complete50 = 0, forest2water2 = 1  [n = 58]:	loss = 0.000  exp loss = 0.000  adjusted loss = 0.000  adv prob = 0.250000   acc = 1.000
  waterbird_complete50 = 1, forest2water2 = 0  [n = 55]:	loss = 0.077  exp loss = 0.058  adjusted loss = 0.058  adv prob = 0.250000   acc = 0.982
  waterbird_complete50 = 1, forest2water2 = 1  [n = 59]:	loss = 0.027  exp loss = 0.030  adjusted loss = 0.030  adv prob = 0.250000   acc = 1.000

Validation:
Average incurred loss: 0.362  
Average sample loss: 0.357  
Average acc: 0.929  
  waterbird_complete50 = 0, forest2water2 = 0  [n = 465]:	loss = 0.002  exp loss = 0.001  adjusted loss = 0.001  adv prob = 0.250000   acc = 1.000
  waterbird_complete50 = 0, forest2water2 = 1  [n = 466]:	loss = 0.022  exp loss = 0.020  adjusted loss = 0.020  adv prob = 0.250000   acc = 0.994
  waterbird_complete50 = 1, forest2water2 = 0  [n = 134]:	loss = 1.777  exp loss = 2.032  adjusted loss = 2.032  adv prob = 0.250000   acc = 0.672
  waterbird_complete50 = 1, forest2water2 = 1  [n = 134]:	loss = 1.383  exp loss = 1.395  adjusted loss = 1.395  adv prob = 0.250000   acc = 0.716
Current lr: 0.000010
Current validation accuracy: 0.6716418266296387


Epoch [217]:
Training:
Average incurred loss: 0.015  
Average sample loss: 0.015  
Average acc: 1.000  
  waterbird_complete50 = 0, forest2water2 = 0  [n = 52]:	loss = 0.000  exp loss = 0.000  adjusted loss = 0.000  adv prob = 0.250000   acc = 1.000
  waterbird_complete50 = 0, forest2water2 = 1  [n = 56]:	loss = 0.000  exp loss = 0.000  adjusted loss = 0.000  adv prob = 0.250000   acc = 1.000
  waterbird_complete50 = 1, forest2water2 = 0  [n = 62]:	loss = 0.028  exp loss = 0.047  adjusted loss = 0.047  adv prob = 0.250000   acc = 1.000
  waterbird_complete50 = 1, forest2water2 = 1  [n = 55]:	loss = 0.031  exp loss = 0.028  adjusted loss = 0.028  adv prob = 0.250000   acc = 1.000

Validation:
Average incurred loss: 0.356  
Average sample loss: 0.351  
Average acc: 0.930  
  waterbird_complete50 = 0, forest2water2 = 0  [n = 465]:	loss = 0.002  exp loss = 0.001  adjusted loss = 0.001  adv prob = 0.250000   acc = 0.998
  waterbird_complete50 = 0, forest2water2 = 1  [n = 466]:	loss = 0.022  exp loss = 0.020  adjusted loss = 0.020  adv prob = 0.250000   acc = 0.994
  waterbird_complete50 = 1, forest2water2 = 0  [n = 134]:	loss = 1.746  exp loss = 1.978  adjusted loss = 1.978  adv prob = 0.250000   acc = 0.687
  waterbird_complete50 = 1, forest2water2 = 1  [n = 134]:	loss = 1.357  exp loss = 1.382  adjusted loss = 1.382  adv prob = 0.250000   acc = 0.716
Current lr: 0.000010
Current validation accuracy: 0.6865671873092651


Epoch [218]:
Training:
Average incurred loss: 0.003  
Average sample loss: 0.003  
Average acc: 1.000  
  waterbird_complete50 = 0, forest2water2 = 0  [n = 55]:	loss = 0.000  exp loss = 0.000  adjusted loss = 0.000  adv prob = 0.250000   acc = 1.000
  waterbird_complete50 = 0, forest2water2 = 1  [n = 61]:	loss = 0.000  exp loss = 0.000  adjusted loss = 0.000  adv prob = 0.250000   acc = 1.000
  waterbird_complete50 = 1, forest2water2 = 0  [n = 49]:	loss = 0.007  exp loss = 0.033  adjusted loss = 0.033  adv prob = 0.250000   acc = 1.000
  waterbird_complete50 = 1, forest2water2 = 1  [n = 60]:	loss = 0.006  exp loss = 0.021  adjusted loss = 0.021  adv prob = 0.250000   acc = 1.000

Validation:
Average incurred loss: 0.334  
Average sample loss: 0.330  
Average acc: 0.932  
  waterbird_complete50 = 0, forest2water2 = 0  [n = 465]:	loss = 0.003  exp loss = 0.002  adjusted loss = 0.002  adv prob = 0.250000   acc = 0.998
  waterbird_complete50 = 0, forest2water2 = 1  [n = 466]:	loss = 0.025  exp loss = 0.022  adjusted loss = 0.022  adv prob = 0.250000   acc = 0.994
  waterbird_complete50 = 1, forest2water2 = 0  [n = 134]:	loss = 1.632  exp loss = 1.845  adjusted loss = 1.845  adv prob = 0.250000   acc = 0.701
  waterbird_complete50 = 1, forest2water2 = 1  [n = 134]:	loss = 1.261  exp loss = 1.291  adjusted loss = 1.291  adv prob = 0.250000   acc = 0.724
Current lr: 0.000010
Current validation accuracy: 0.7014925479888916


Epoch [219]:
Training:
Average incurred loss: 0.065  
Average sample loss: 0.104  
Average acc: 0.964  
  waterbird_complete50 = 0, forest2water2 = 0  [n = 53]:	loss = 0.000  exp loss = 0.000  adjusted loss = 0.000  adv prob = 0.250000   acc = 1.000
  waterbird_complete50 = 0, forest2water2 = 1  [n = 54]:	loss = 0.000  exp loss = 0.000  adjusted loss = 0.000  adv prob = 0.250000   acc = 1.000
  waterbird_complete50 = 1, forest2water2 = 0  [n = 54]:	loss = 0.246  exp loss = 0.139  adjusted loss = 0.139  adv prob = 0.250000   acc = 0.852
  waterbird_complete50 = 1, forest2water2 = 1  [n = 64]:	loss = 0.019  exp loss = 0.021  adjusted loss = 0.021  adv prob = 0.250000   acc = 1.000

Validation:
Average incurred loss: 0.357  
Average sample loss: 0.352  
Average acc: 0.930  
  waterbird_complete50 = 0, forest2water2 = 0  [n = 465]:	loss = 0.003  exp loss = 0.001  adjusted loss = 0.001  adv prob = 0.250000   acc = 0.998
  waterbird_complete50 = 0, forest2water2 = 1  [n = 466]:	loss = 0.022  exp loss = 0.020  adjusted loss = 0.020  adv prob = 0.250000   acc = 0.994
  waterbird_complete50 = 1, forest2water2 = 0  [n = 134]:	loss = 1.731  exp loss = 1.968  adjusted loss = 1.968  adv prob = 0.250000   acc = 0.687
  waterbird_complete50 = 1, forest2water2 = 1  [n = 134]:	loss = 1.379  exp loss = 1.399  adjusted loss = 1.399  adv prob = 0.250000   acc = 0.716
Current lr: 0.000010
Current validation accuracy: 0.6865671873092651


Epoch [220]:
Training:
Average incurred loss: 0.008  
Average sample loss: 0.010  
Average acc: 1.000  
  waterbird_complete50 = 0, forest2water2 = 0  [n = 54]:	loss = 0.000  exp loss = 0.000  adjusted loss = 0.000  adv prob = 0.250000   acc = 1.000
  waterbird_complete50 = 0, forest2water2 = 1  [n = 59]:	loss = 0.000  exp loss = 0.000  adjusted loss = 0.000  adv prob = 0.250000   acc = 1.000
  waterbird_complete50 = 1, forest2water2 = 0  [n = 62]:	loss = 0.017  exp loss = 0.099  adjusted loss = 0.099  adv prob = 0.250000   acc = 1.000
  waterbird_complete50 = 1, forest2water2 = 1  [n = 50]:	loss = 0.014  exp loss = 0.019  adjusted loss = 0.019  adv prob = 0.250000   acc = 1.000

Validation:
Average incurred loss: 0.361  
Average sample loss: 0.356  
Average acc: 0.929  
  waterbird_complete50 = 0, forest2water2 = 0  [n = 465]:	loss = 0.002  exp loss = 0.001  adjusted loss = 0.001  adv prob = 0.250000   acc = 0.998
  waterbird_complete50 = 0, forest2water2 = 1  [n = 466]:	loss = 0.021  exp loss = 0.019  adjusted loss = 0.019  adv prob = 0.250000   acc = 0.994
  waterbird_complete50 = 1, forest2water2 = 0  [n = 134]:	loss = 1.751  exp loss = 1.986  adjusted loss = 1.986  adv prob = 0.250000   acc = 0.679
  waterbird_complete50 = 1, forest2water2 = 1  [n = 134]:	loss = 1.395  exp loss = 1.409  adjusted loss = 1.409  adv prob = 0.250000   acc = 0.716
Current lr: 0.000010
Current validation accuracy: 0.6791044473648071


Epoch [221]:
Training:
Average incurred loss: 0.103  
Average sample loss: 0.159  
Average acc: 0.956  
  waterbird_complete50 = 0, forest2water2 = 0  [n = 50]:	loss = 0.000  exp loss = 0.000  adjusted loss = 0.000  adv prob = 0.250000   acc = 1.000
  waterbird_complete50 = 0, forest2water2 = 1  [n = 55]:	loss = 0.000  exp loss = 0.000  adjusted loss = 0.000  adv prob = 0.250000   acc = 1.000
  waterbird_complete50 = 1, forest2water2 = 0  [n = 66]:	loss = 0.318  exp loss = 0.240  adjusted loss = 0.240  adv prob = 0.250000   acc = 0.864
  waterbird_complete50 = 1, forest2water2 = 1  [n = 54]:	loss = 0.042  exp loss = 0.028  adjusted loss = 0.028  adv prob = 0.250000   acc = 0.981

Validation:
Average incurred loss: 0.389  
Average sample loss: 0.384  
Average acc: 0.923  
  waterbird_complete50 = 0, forest2water2 = 0  [n = 465]:	loss = 0.002  exp loss = 0.001  adjusted loss = 0.001  adv prob = 0.250000   acc = 1.000
  waterbird_complete50 = 0, forest2water2 = 1  [n = 466]:	loss = 0.018  exp loss = 0.016  adjusted loss = 0.016  adv prob = 0.250000   acc = 0.994
  waterbird_complete50 = 1, forest2water2 = 0  [n = 134]:	loss = 1.896  exp loss = 2.153  adjusted loss = 2.153  adv prob = 0.250000   acc = 0.657
  waterbird_complete50 = 1, forest2water2 = 1  [n = 134]:	loss = 1.519  exp loss = 1.531  adjusted loss = 1.531  adv prob = 0.250000   acc = 0.679
Current lr: 0.000010
Current validation accuracy: 0.6567164659500122


Epoch [222]:
Training:
Average incurred loss: 0.003  
Average sample loss: 0.003  
Average acc: 1.000  
  waterbird_complete50 = 0, forest2water2 = 0  [n = 57]:	loss = 0.000  exp loss = 0.000  adjusted loss = 0.000  adv prob = 0.250000   acc = 1.000
  waterbird_complete50 = 0, forest2water2 = 1  [n = 58]:	loss = 0.000  exp loss = 0.000  adjusted loss = 0.000  adv prob = 0.250000   acc = 1.000
  waterbird_complete50 = 1, forest2water2 = 0  [n = 52]:	loss = 0.008  exp loss = 0.160  adjusted loss = 0.160  adv prob = 0.250000   acc = 1.000
  waterbird_complete50 = 1, forest2water2 = 1  [n = 58]:	loss = 0.005  exp loss = 0.020  adjusted loss = 0.020  adv prob = 0.250000   acc = 1.000

Validation:
Average incurred loss: 0.356  
Average sample loss: 0.351  
Average acc: 0.930  
  waterbird_complete50 = 0, forest2water2 = 0  [n = 465]:	loss = 0.003  exp loss = 0.001  adjusted loss = 0.001  adv prob = 0.250000   acc = 0.998
  waterbird_complete50 = 0, forest2water2 = 1  [n = 466]:	loss = 0.022  exp loss = 0.020  adjusted loss = 0.020  adv prob = 0.250000   acc = 0.994
  waterbird_complete50 = 1, forest2water2 = 0  [n = 134]:	loss = 1.735  exp loss = 1.963  adjusted loss = 1.963  adv prob = 0.250000   acc = 0.687
  waterbird_complete50 = 1, forest2water2 = 1  [n = 134]:	loss = 1.362  exp loss = 1.381  adjusted loss = 1.381  adv prob = 0.250000   acc = 0.716
Current lr: 0.000010
Current validation accuracy: 0.6865671873092651


Epoch [223]:
Training:
Average incurred loss: 0.005  
Average sample loss: 0.006  
Average acc: 1.000  
  waterbird_complete50 = 0, forest2water2 = 0  [n = 49]:	loss = 0.000  exp loss = 0.000  adjusted loss = 0.000  adv prob = 0.250000   acc = 1.000
  waterbird_complete50 = 0, forest2water2 = 1  [n = 66]:	loss = 0.000  exp loss = 0.000  adjusted loss = 0.000  adv prob = 0.250000   acc = 1.000
  waterbird_complete50 = 1, forest2water2 = 0  [n = 61]:	loss = 0.011  exp loss = 0.109  adjusted loss = 0.109  adv prob = 0.250000   acc = 1.000
  waterbird_complete50 = 1, forest2water2 = 1  [n = 49]:	loss = 0.009  exp loss = 0.016  adjusted loss = 0.016  adv prob = 0.250000   acc = 1.000

Validation:
Average incurred loss: 0.344  
Average sample loss: 0.339  
Average acc: 0.932  
  waterbird_complete50 = 0, forest2water2 = 0  [n = 465]:	loss = 0.003  exp loss = 0.001  adjusted loss = 0.001  adv prob = 0.250000   acc = 0.998
  waterbird_complete50 = 0, forest2water2 = 1  [n = 466]:	loss = 0.025  exp loss = 0.022  adjusted loss = 0.022  adv prob = 0.250000   acc = 0.994
  waterbird_complete50 = 1, forest2water2 = 0  [n = 134]:	loss = 1.679  exp loss = 1.904  adjusted loss = 1.904  adv prob = 0.250000   acc = 0.701
  waterbird_complete50 = 1, forest2water2 = 1  [n = 134]:	loss = 1.302  exp loss = 1.328  adjusted loss = 1.328  adv prob = 0.250000   acc = 0.724
Current lr: 0.000010
Current validation accuracy: 0.7014925479888916


Epoch [224]:
Training:
Average incurred loss: 0.019  
Average sample loss: 0.026  
Average acc: 1.000  
  waterbird_complete50 = 0, forest2water2 = 0  [n = 55]:	loss = 0.000  exp loss = 0.000  adjusted loss = 0.000  adv prob = 0.250000   acc = 1.000
  waterbird_complete50 = 0, forest2water2 = 1  [n = 52]:	loss = 0.000  exp loss = 0.000  adjusted loss = 0.000  adv prob = 0.250000   acc = 1.000
  waterbird_complete50 = 1, forest2water2 = 0  [n = 67]:	loss = 0.030  exp loss = 0.086  adjusted loss = 0.086  adv prob = 0.250000   acc = 1.000
  waterbird_complete50 = 1, forest2water2 = 1  [n = 51]:	loss = 0.046  exp loss = 0.030  adjusted loss = 0.030  adv prob = 0.250000   acc = 1.000

Validation:
Average incurred loss: 0.355  
Average sample loss: 0.350  
Average acc: 0.931  
  waterbird_complete50 = 0, forest2water2 = 0  [n = 465]:	loss = 0.003  exp loss = 0.001  adjusted loss = 0.001  adv prob = 0.250000   acc = 0.998
  waterbird_complete50 = 0, forest2water2 = 1  [n = 466]:	loss = 0.024  exp loss = 0.021  adjusted loss = 0.021  adv prob = 0.250000   acc = 0.994
  waterbird_complete50 = 1, forest2water2 = 0  [n = 134]:	loss = 1.724  exp loss = 1.951  adjusted loss = 1.951  adv prob = 0.250000   acc = 0.694
  waterbird_complete50 = 1, forest2water2 = 1  [n = 134]:	loss = 1.362  exp loss = 1.383  adjusted loss = 1.383  adv prob = 0.250000   acc = 0.716
Current lr: 0.000010
Current validation accuracy: 0.6940298080444336


Epoch [225]:
Training:
Average incurred loss: 0.013  
Average sample loss: 0.013  
Average acc: 1.000  
  waterbird_complete50 = 0, forest2water2 = 0  [n = 60]:	loss = 0.000  exp loss = 0.000  adjusted loss = 0.000  adv prob = 0.250000   acc = 1.000
  waterbird_complete50 = 0, forest2water2 = 1  [n = 57]:	loss = 0.000  exp loss = 0.000  adjusted loss = 0.000  adv prob = 0.250000   acc = 1.000
  waterbird_complete50 = 1, forest2water2 = 0  [n = 50]:	loss = 0.049  exp loss = 0.069  adjusted loss = 0.069  adv prob = 0.250000   acc = 1.000
  waterbird_complete50 = 1, forest2water2 = 1  [n = 58]:	loss = 0.009  exp loss = 0.023  adjusted loss = 0.023  adv prob = 0.250000   acc = 1.000

Validation:
Average incurred loss: 0.338  
Average sample loss: 0.334  
Average acc: 0.934  
  waterbird_complete50 = 0, forest2water2 = 0  [n = 465]:	loss = 0.003  exp loss = 0.002  adjusted loss = 0.002  adv prob = 0.250000   acc = 0.998
  waterbird_complete50 = 0, forest2water2 = 1  [n = 466]:	loss = 0.025  exp loss = 0.022  adjusted loss = 0.022  adv prob = 0.250000   acc = 0.994
  waterbird_complete50 = 1, forest2water2 = 0  [n = 134]:	loss = 1.638  exp loss = 1.850  adjusted loss = 1.850  adv prob = 0.250000   acc = 0.701
  waterbird_complete50 = 1, forest2water2 = 1  [n = 134]:	loss = 1.290  exp loss = 1.302  adjusted loss = 1.302  adv prob = 0.250000   acc = 0.739
Current lr: 0.000010
Current validation accuracy: 0.7014925479888916


Epoch [226]:
Training:
Average incurred loss: 0.047  
Average sample loss: 0.050  
Average acc: 0.982  
  waterbird_complete50 = 0, forest2water2 = 0  [n = 56]:	loss = 0.000  exp loss = 0.000  adjusted loss = 0.000  adv prob = 0.250000   acc = 1.000
  waterbird_complete50 = 0, forest2water2 = 1  [n = 46]:	loss = 0.000  exp loss = 0.000  adjusted loss = 0.000  adv prob = 0.250000   acc = 1.000
  waterbird_complete50 = 1, forest2water2 = 0  [n = 67]:	loss = 0.121  exp loss = 0.089  adjusted loss = 0.089  adv prob = 0.250000   acc = 0.940
  waterbird_complete50 = 1, forest2water2 = 1  [n = 56]:	loss = 0.042  exp loss = 0.028  adjusted loss = 0.028  adv prob = 0.250000   acc = 1.000

Validation:
Average incurred loss: 0.360  
Average sample loss: 0.355  
Average acc: 0.930  
  waterbird_complete50 = 0, forest2water2 = 0  [n = 465]:	loss = 0.002  exp loss = 0.001  adjusted loss = 0.001  adv prob = 0.250000   acc = 0.998
  waterbird_complete50 = 0, forest2water2 = 1  [n = 466]:	loss = 0.022  exp loss = 0.020  adjusted loss = 0.020  adv prob = 0.250000   acc = 0.994
  waterbird_complete50 = 1, forest2water2 = 0  [n = 134]:	loss = 1.765  exp loss = 2.005  adjusted loss = 2.005  adv prob = 0.250000   acc = 0.687
  waterbird_complete50 = 1, forest2water2 = 1  [n = 134]:	loss = 1.376  exp loss = 1.380  adjusted loss = 1.380  adv prob = 0.250000   acc = 0.716
Current lr: 0.000010
Current validation accuracy: 0.6865671873092651


Epoch [227]:
Training:
Average incurred loss: 0.002  
Average sample loss: 0.002  
Average acc: 1.000  
  waterbird_complete50 = 0, forest2water2 = 0  [n = 68]:	loss = 0.000  exp loss = 0.000  adjusted loss = 0.000  adv prob = 0.250000   acc = 1.000
  waterbird_complete50 = 0, forest2water2 = 1  [n = 64]:	loss = 0.000  exp loss = 0.000  adjusted loss = 0.000  adv prob = 0.250000   acc = 1.000
  waterbird_complete50 = 1, forest2water2 = 0  [n = 54]:	loss = 0.005  exp loss = 0.059  adjusted loss = 0.059  adv prob = 0.250000   acc = 1.000
  waterbird_complete50 = 1, forest2water2 = 1  [n = 39]:	loss = 0.003  exp loss = 0.019  adjusted loss = 0.019  adv prob = 0.250000   acc = 1.000

Validation:
Average incurred loss: 0.294  
Average sample loss: 0.290  
Average acc: 0.939  
  waterbird_complete50 = 0, forest2water2 = 0  [n = 465]:	loss = 0.005  exp loss = 0.002  adjusted loss = 0.002  adv prob = 0.250000   acc = 0.998
  waterbird_complete50 = 0, forest2water2 = 1  [n = 466]:	loss = 0.031  exp loss = 0.028  adjusted loss = 0.028  adv prob = 0.250000   acc = 0.994
  waterbird_complete50 = 1, forest2water2 = 0  [n = 134]:	loss = 1.441  exp loss = 1.602  adjusted loss = 1.602  adv prob = 0.250000   acc = 0.724
  waterbird_complete50 = 1, forest2water2 = 1  [n = 134]:	loss = 1.062  exp loss = 1.083  adjusted loss = 1.083  adv prob = 0.250000   acc = 0.761
Current lr: 0.000010
Current validation accuracy: 0.7238806486129761


Epoch [228]:
Training:
Average incurred loss: 0.006  
Average sample loss: 0.007  
Average acc: 1.000  
  waterbird_complete50 = 0, forest2water2 = 0  [n = 63]:	loss = 0.000  exp loss = 0.000  adjusted loss = 0.000  adv prob = 0.250000   acc = 1.000
  waterbird_complete50 = 0, forest2water2 = 1  [n = 49]:	loss = 0.000  exp loss = 0.000  adjusted loss = 0.000  adv prob = 0.250000   acc = 1.000
  waterbird_complete50 = 1, forest2water2 = 0  [n = 49]:	loss = 0.015  exp loss = 0.045  adjusted loss = 0.045  adv prob = 0.250000   acc = 1.000
  waterbird_complete50 = 1, forest2water2 = 1  [n = 64]:	loss = 0.011  exp loss = 0.017  adjusted loss = 0.017  adv prob = 0.250000   acc = 1.000

Validation:
Average incurred loss: 0.307  
Average sample loss: 0.303  
Average acc: 0.937  
  waterbird_complete50 = 0, forest2water2 = 0  [n = 465]:	loss = 0.004  exp loss = 0.002  adjusted loss = 0.002  adv prob = 0.250000   acc = 0.998
  waterbird_complete50 = 0, forest2water2 = 1  [n = 466]:	loss = 0.029  exp loss = 0.026  adjusted loss = 0.026  adv prob = 0.250000   acc = 0.994
  waterbird_complete50 = 1, forest2water2 = 0  [n = 134]:	loss = 1.497  exp loss = 1.679  adjusted loss = 1.679  adv prob = 0.250000   acc = 0.716
  waterbird_complete50 = 1, forest2water2 = 1  [n = 134]:	loss = 1.135  exp loss = 1.154  adjusted loss = 1.154  adv prob = 0.250000   acc = 0.754
Current lr: 0.000010
Current validation accuracy: 0.7164179086685181


Epoch [229]:
Training:
Average incurred loss: 0.109  
Average sample loss: 0.096  
Average acc: 0.947  
  waterbird_complete50 = 0, forest2water2 = 0  [n = 46]:	loss = 0.000  exp loss = 0.000  adjusted loss = 0.000  adv prob = 0.250000   acc = 1.000
  waterbird_complete50 = 0, forest2water2 = 1  [n = 52]:	loss = 0.000  exp loss = 0.000  adjusted loss = 0.000  adv prob = 0.250000   acc = 1.000
  waterbird_complete50 = 1, forest2water2 = 0  [n = 64]:	loss = 0.206  exp loss = 0.076  adjusted loss = 0.076  adv prob = 0.250000   acc = 0.906
  waterbird_complete50 = 1, forest2water2 = 1  [n = 63]:	loss = 0.179  exp loss = 0.054  adjusted loss = 0.054  adv prob = 0.250000   acc = 0.905

Validation:
Average incurred loss: 0.332  
Average sample loss: 0.328  
Average acc: 0.932  
  waterbird_complete50 = 0, forest2water2 = 0  [n = 465]:	loss = 0.003  exp loss = 0.001  adjusted loss = 0.001  adv prob = 0.250000   acc = 0.998
  waterbird_complete50 = 0, forest2water2 = 1  [n = 466]:	loss = 0.025  exp loss = 0.023  adjusted loss = 0.023  adv prob = 0.250000   acc = 0.994
  waterbird_complete50 = 1, forest2water2 = 0  [n = 134]:	loss = 1.622  exp loss = 1.842  adjusted loss = 1.842  adv prob = 0.250000   acc = 0.694
  waterbird_complete50 = 1, forest2water2 = 1  [n = 134]:	loss = 1.254  exp loss = 1.269  adjusted loss = 1.269  adv prob = 0.250000   acc = 0.731
Current lr: 0.000010
Current validation accuracy: 0.6940298080444336


Epoch [230]:
Training:
Average incurred loss: 0.006  
Average sample loss: 0.007  
Average acc: 1.000  
  waterbird_complete50 = 0, forest2water2 = 0  [n = 54]:	loss = 0.000  exp loss = 0.000  adjusted loss = 0.000  adv prob = 0.250000   acc = 1.000
  waterbird_complete50 = 0, forest2water2 = 1  [n = 64]:	loss = 0.000  exp loss = 0.000  adjusted loss = 0.000  adv prob = 0.250000   acc = 1.000
  waterbird_complete50 = 1, forest2water2 = 0  [n = 69]:	loss = 0.011  exp loss = 0.056  adjusted loss = 0.056  adv prob = 0.250000   acc = 1.000
  waterbird_complete50 = 1, forest2water2 = 1  [n = 38]:	loss = 0.012  exp loss = 0.040  adjusted loss = 0.040  adv prob = 0.250000   acc = 1.000

Validation:
Average incurred loss: 0.324  
Average sample loss: 0.319  
Average acc: 0.934  
  waterbird_complete50 = 0, forest2water2 = 0  [n = 465]:	loss = 0.003  exp loss = 0.002  adjusted loss = 0.002  adv prob = 0.250000   acc = 0.998
  waterbird_complete50 = 0, forest2water2 = 1  [n = 466]:	loss = 0.027  exp loss = 0.024  adjusted loss = 0.024  adv prob = 0.250000   acc = 0.994
  waterbird_complete50 = 1, forest2water2 = 0  [n = 134]:	loss = 1.572  exp loss = 1.778  adjusted loss = 1.778  adv prob = 0.250000   acc = 0.701
  waterbird_complete50 = 1, forest2water2 = 1  [n = 134]:	loss = 1.221  exp loss = 1.237  adjusted loss = 1.237  adv prob = 0.250000   acc = 0.739
Current lr: 0.000010
Current validation accuracy: 0.7014925479888916


Epoch [231]:
Training:
Average incurred loss: 0.004  
Average sample loss: 0.003  
Average acc: 1.000  
  waterbird_complete50 = 0, forest2water2 = 0  [n = 59]:	loss = 0.000  exp loss = 0.000  adjusted loss = 0.000  adv prob = 0.250000   acc = 1.000
  waterbird_complete50 = 0, forest2water2 = 1  [n = 65]:	loss = 0.000  exp loss = 0.000  adjusted loss = 0.000  adv prob = 0.250000   acc = 1.000
  waterbird_complete50 = 1, forest2water2 = 0  [n = 55]:	loss = 0.008  exp loss = 0.039  adjusted loss = 0.039  adv prob = 0.250000   acc = 1.000
  waterbird_complete50 = 1, forest2water2 = 1  [n = 46]:	loss = 0.009  exp loss = 0.029  adjusted loss = 0.029  adv prob = 0.250000   acc = 1.000

Validation:
Average incurred loss: 0.298  
Average sample loss: 0.293  
Average acc: 0.938  
  waterbird_complete50 = 0, forest2water2 = 0  [n = 465]:	loss = 0.005  exp loss = 0.002  adjusted loss = 0.002  adv prob = 0.250000   acc = 0.998
  waterbird_complete50 = 0, forest2water2 = 1  [n = 466]:	loss = 0.031  exp loss = 0.028  adjusted loss = 0.028  adv prob = 0.250000   acc = 0.994
  waterbird_complete50 = 1, forest2water2 = 0  [n = 134]:	loss = 1.444  exp loss = 1.632  adjusted loss = 1.632  adv prob = 0.250000   acc = 0.724
  waterbird_complete50 = 1, forest2water2 = 1  [n = 134]:	loss = 1.093  exp loss = 1.114  adjusted loss = 1.114  adv prob = 0.250000   acc = 0.754
Current lr: 0.000010
Current validation accuracy: 0.7238806486129761


Epoch [232]:
Training:
Average incurred loss: 0.030  
Average sample loss: 0.031  
Average acc: 0.987  
  waterbird_complete50 = 0, forest2water2 = 0  [n = 49]:	loss = 0.000  exp loss = 0.000  adjusted loss = 0.000  adv prob = 0.250000   acc = 1.000
  waterbird_complete50 = 0, forest2water2 = 1  [n = 62]:	loss = 0.000  exp loss = 0.000  adjusted loss = 0.000  adv prob = 0.250000   acc = 1.000
  waterbird_complete50 = 1, forest2water2 = 0  [n = 57]:	loss = 0.040  exp loss = 0.037  adjusted loss = 0.037  adv prob = 0.250000   acc = 1.000
  waterbird_complete50 = 1, forest2water2 = 1  [n = 57]:	loss = 0.077  exp loss = 0.055  adjusted loss = 0.055  adv prob = 0.250000   acc = 0.947

Validation:
Average incurred loss: 0.320  
Average sample loss: 0.316  
Average acc: 0.934  
  waterbird_complete50 = 0, forest2water2 = 0  [n = 465]:	loss = 0.003  exp loss = 0.002  adjusted loss = 0.002  adv prob = 0.250000   acc = 0.998
  waterbird_complete50 = 0, forest2water2 = 1  [n = 466]:	loss = 0.027  exp loss = 0.024  adjusted loss = 0.024  adv prob = 0.250000   acc = 0.994
  waterbird_complete50 = 1, forest2water2 = 0  [n = 134]:	loss = 1.565  exp loss = 1.784  adjusted loss = 1.784  adv prob = 0.250000   acc = 0.701
  waterbird_complete50 = 1, forest2water2 = 1  [n = 134]:	loss = 1.197  exp loss = 1.214  adjusted loss = 1.214  adv prob = 0.250000   acc = 0.739
Current lr: 0.000010
Current validation accuracy: 0.7014925479888916


Epoch [233]:
Training:
Average incurred loss: 0.003  
Average sample loss: 0.002  
Average acc: 1.000  
  waterbird_complete50 = 0, forest2water2 = 0  [n = 53]:	loss = 0.000  exp loss = 0.000  adjusted loss = 0.000  adv prob = 0.250000   acc = 1.000
  waterbird_complete50 = 0, forest2water2 = 1  [n = 75]:	loss = 0.000  exp loss = 0.000  adjusted loss = 0.000  adv prob = 0.250000   acc = 1.000
  waterbird_complete50 = 1, forest2water2 = 0  [n = 50]:	loss = 0.008  exp loss = 0.027  adjusted loss = 0.027  adv prob = 0.250000   acc = 1.000
  waterbird_complete50 = 1, forest2water2 = 1  [n = 47]:	loss = 0.004  exp loss = 0.037  adjusted loss = 0.037  adv prob = 0.250000   acc = 1.000

Validation:
Average incurred loss: 0.291  
Average sample loss: 0.287  
Average acc: 0.938  
  waterbird_complete50 = 0, forest2water2 = 0  [n = 465]:	loss = 0.005  exp loss = 0.002  adjusted loss = 0.002  adv prob = 0.250000   acc = 0.998
  waterbird_complete50 = 0, forest2water2 = 1  [n = 466]:	loss = 0.031  exp loss = 0.028  adjusted loss = 0.028  adv prob = 0.250000   acc = 0.994
  waterbird_complete50 = 1, forest2water2 = 0  [n = 134]:	loss = 1.423  exp loss = 1.629  adjusted loss = 1.629  adv prob = 0.250000   acc = 0.716
  waterbird_complete50 = 1, forest2water2 = 1  [n = 134]:	loss = 1.057  exp loss = 1.077  adjusted loss = 1.077  adv prob = 0.250000   acc = 0.761
Current lr: 0.000010
Current validation accuracy: 0.7164179086685181


Epoch [234]:
Training:
Average incurred loss: 0.066  
Average sample loss: 0.058  
Average acc: 0.964  
  waterbird_complete50 = 0, forest2water2 = 0  [n = 54]:	loss = 0.000  exp loss = 0.000  adjusted loss = 0.000  adv prob = 0.250000   acc = 1.000
  waterbird_complete50 = 0, forest2water2 = 1  [n = 55]:	loss = 0.000  exp loss = 0.000  adjusted loss = 0.000  adv prob = 0.250000   acc = 1.000
  waterbird_complete50 = 1, forest2water2 = 0  [n = 66]:	loss = 0.171  exp loss = 0.057  adjusted loss = 0.057  adv prob = 0.250000   acc = 0.894
  waterbird_complete50 = 1, forest2water2 = 1  [n = 50]:	loss = 0.073  exp loss = 0.048  adjusted loss = 0.048  adv prob = 0.250000   acc = 0.980

Validation:
Average incurred loss: 0.297  
Average sample loss: 0.293  
Average acc: 0.936  
  waterbird_complete50 = 0, forest2water2 = 0  [n = 465]:	loss = 0.005  exp loss = 0.002  adjusted loss = 0.002  adv prob = 0.250000   acc = 0.998
  waterbird_complete50 = 0, forest2water2 = 1  [n = 466]:	loss = 0.032  exp loss = 0.028  adjusted loss = 0.028  adv prob = 0.250000   acc = 0.989
  waterbird_complete50 = 1, forest2water2 = 0  [n = 134]:	loss = 1.445  exp loss = 1.628  adjusted loss = 1.628  adv prob = 0.250000   acc = 0.716
  waterbird_complete50 = 1, forest2water2 = 1  [n = 134]:	loss = 1.088  exp loss = 1.111  adjusted loss = 1.111  adv prob = 0.250000   acc = 0.754
Current lr: 0.000010
Current validation accuracy: 0.7164179086685181


Epoch [235]:
Training:
Average incurred loss: 0.011  
Average sample loss: 0.010  
Average acc: 1.000  
  waterbird_complete50 = 0, forest2water2 = 0  [n = 61]:	loss = 0.000  exp loss = 0.000  adjusted loss = 0.000  adv prob = 0.250000   acc = 1.000
  waterbird_complete50 = 0, forest2water2 = 1  [n = 59]:	loss = 0.000  exp loss = 0.000  adjusted loss = 0.000  adv prob = 0.250000   acc = 1.000
  waterbird_complete50 = 1, forest2water2 = 0  [n = 49]:	loss = 0.044  exp loss = 0.045  adjusted loss = 0.045  adv prob = 0.250000   acc = 1.000
  waterbird_complete50 = 1, forest2water2 = 1  [n = 56]:	loss = 0.007  exp loss = 0.033  adjusted loss = 0.033  adv prob = 0.250000   acc = 1.000

Validation:
Average incurred loss: 0.288  
Average sample loss: 0.284  
Average acc: 0.940  
  waterbird_complete50 = 0, forest2water2 = 0  [n = 465]:	loss = 0.005  exp loss = 0.003  adjusted loss = 0.003  adv prob = 0.250000   acc = 0.998
  waterbird_complete50 = 0, forest2water2 = 1  [n = 466]:	loss = 0.033  exp loss = 0.029  adjusted loss = 0.029  adv prob = 0.250000   acc = 0.991
  waterbird_complete50 = 1, forest2water2 = 0  [n = 134]:	loss = 1.400  exp loss = 1.569  adjusted loss = 1.569  adv prob = 0.250000   acc = 0.739
  waterbird_complete50 = 1, forest2water2 = 1  [n = 134]:	loss = 1.048  exp loss = 1.074  adjusted loss = 1.074  adv prob = 0.250000   acc = 0.761
Current lr: 0.000010
Current validation accuracy: 0.7388060092926025


Epoch [236]:
Training:
Average incurred loss: 0.012  
Average sample loss: 0.011  
Average acc: 1.000  
  waterbird_complete50 = 0, forest2water2 = 0  [n = 52]:	loss = 0.000  exp loss = 0.000  adjusted loss = 0.000  adv prob = 0.250000   acc = 1.000
  waterbird_complete50 = 0, forest2water2 = 1  [n = 57]:	loss = 0.000  exp loss = 0.000  adjusted loss = 0.000  adv prob = 0.250000   acc = 1.000
  waterbird_complete50 = 1, forest2water2 = 0  [n = 66]:	loss = 0.025  exp loss = 0.038  adjusted loss = 0.038  adv prob = 0.250000   acc = 1.000
  waterbird_complete50 = 1, forest2water2 = 1  [n = 50]:	loss = 0.020  exp loss = 0.027  adjusted loss = 0.027  adv prob = 0.250000   acc = 1.000

Validation:
Average incurred loss: 0.302  
Average sample loss: 0.298  
Average acc: 0.938  
  waterbird_complete50 = 0, forest2water2 = 0  [n = 465]:	loss = 0.004  exp loss = 0.002  adjusted loss = 0.002  adv prob = 0.250000   acc = 0.998
  waterbird_complete50 = 0, forest2water2 = 1  [n = 466]:	loss = 0.031  exp loss = 0.027  adjusted loss = 0.027  adv prob = 0.250000   acc = 0.994
  waterbird_complete50 = 1, forest2water2 = 0  [n = 134]:	loss = 1.467  exp loss = 1.647  adjusted loss = 1.647  adv prob = 0.250000   acc = 0.716
  waterbird_complete50 = 1, forest2water2 = 1  [n = 134]:	loss = 1.119  exp loss = 1.140  adjusted loss = 1.140  adv prob = 0.250000   acc = 0.761
Current lr: 0.000010
Current validation accuracy: 0.7164179086685181


Epoch [237]:
Training:
Average incurred loss: 0.032  
Average sample loss: 0.032  
Average acc: 0.991  
  waterbird_complete50 = 0, forest2water2 = 0  [n = 49]:	loss = 0.000  exp loss = 0.000  adjusted loss = 0.000  adv prob = 0.250000   acc = 1.000
  waterbird_complete50 = 0, forest2water2 = 1  [n = 60]:	loss = 0.000  exp loss = 0.000  adjusted loss = 0.000  adv prob = 0.250000   acc = 1.000
  waterbird_complete50 = 1, forest2water2 = 0  [n = 61]:	loss = 0.075  exp loss = 0.046  adjusted loss = 0.046  adv prob = 0.250000   acc = 0.967
  waterbird_complete50 = 1, forest2water2 = 1  [n = 55]:	loss = 0.048  exp loss = 0.032  adjusted loss = 0.032  adv prob = 0.250000   acc = 1.000

Validation:
Average incurred loss: 0.318  
Average sample loss: 0.314  
Average acc: 0.935  
  waterbird_complete50 = 0, forest2water2 = 0  [n = 465]:	loss = 0.004  exp loss = 0.002  adjusted loss = 0.002  adv prob = 0.250000   acc = 0.998
  waterbird_complete50 = 0, forest2water2 = 1  [n = 466]:	loss = 0.027  exp loss = 0.024  adjusted loss = 0.024  adv prob = 0.250000   acc = 0.994
  waterbird_complete50 = 1, forest2water2 = 0  [n = 134]:	loss = 1.545  exp loss = 1.744  adjusted loss = 1.744  adv prob = 0.250000   acc = 0.701
  waterbird_complete50 = 1, forest2water2 = 1  [n = 134]:	loss = 1.198  exp loss = 1.217  adjusted loss = 1.217  adv prob = 0.250000   acc = 0.746
Current lr: 0.000010
Current validation accuracy: 0.7014925479888916


Epoch [238]:
Training:
Average incurred loss: 0.017  
Average sample loss: 0.015  
Average acc: 1.000  
  waterbird_complete50 = 0, forest2water2 = 0  [n = 55]:	loss = 0.000  exp loss = 0.000  adjusted loss = 0.000  adv prob = 0.250000   acc = 1.000
  waterbird_complete50 = 0, forest2water2 = 1  [n = 61]:	loss = 0.000  exp loss = 0.000  adjusted loss = 0.000  adv prob = 0.250000   acc = 1.000
  waterbird_complete50 = 1, forest2water2 = 0  [n = 47]:	loss = 0.036  exp loss = 0.043  adjusted loss = 0.043  adv prob = 0.250000   acc = 1.000
  waterbird_complete50 = 1, forest2water2 = 1  [n = 62]:	loss = 0.034  exp loss = 0.032  adjusted loss = 0.032  adv prob = 0.250000   acc = 1.000

Validation:
Average incurred loss: 0.298  
Average sample loss: 0.294  
Average acc: 0.938  
  waterbird_complete50 = 0, forest2water2 = 0  [n = 465]:	loss = 0.004  exp loss = 0.002  adjusted loss = 0.002  adv prob = 0.250000   acc = 0.998
  waterbird_complete50 = 0, forest2water2 = 1  [n = 466]:	loss = 0.030  exp loss = 0.027  adjusted loss = 0.027  adv prob = 0.250000   acc = 0.994
  waterbird_complete50 = 1, forest2water2 = 0  [n = 134]:	loss = 1.445  exp loss = 1.630  adjusted loss = 1.630  adv prob = 0.250000   acc = 0.716
  waterbird_complete50 = 1, forest2water2 = 1  [n = 134]:	loss = 1.104  exp loss = 1.124  adjusted loss = 1.124  adv prob = 0.250000   acc = 0.761
Current lr: 0.000010
Current validation accuracy: 0.7164179086685181


Epoch [239]:
Training:
Average incurred loss: 0.100  
Average sample loss: 0.161  
Average acc: 0.956  
  waterbird_complete50 = 0, forest2water2 = 0  [n = 48]:	loss = 0.000  exp loss = 0.000  adjusted loss = 0.000  adv prob = 0.250000   acc = 1.000
  waterbird_complete50 = 0, forest2water2 = 1  [n = 52]:	loss = 0.000  exp loss = 0.000  adjusted loss = 0.000  adv prob = 0.250000   acc = 1.000
  waterbird_complete50 = 1, forest2water2 = 0  [n = 60]:	loss = 0.242  exp loss = 0.144  adjusted loss = 0.144  adv prob = 0.250000   acc = 0.900
  waterbird_complete50 = 1, forest2water2 = 1  [n = 65]:	loss = 0.122  exp loss = 0.088  adjusted loss = 0.088  adv prob = 0.250000   acc = 0.938

Validation:
Average incurred loss: 0.349  
Average sample loss: 0.344  
Average acc: 0.928  
  waterbird_complete50 = 0, forest2water2 = 0  [n = 465]:	loss = 0.002  exp loss = 0.001  adjusted loss = 0.001  adv prob = 0.250000   acc = 0.998
  waterbird_complete50 = 0, forest2water2 = 1  [n = 466]:	loss = 0.023  exp loss = 0.021  adjusted loss = 0.021  adv prob = 0.250000   acc = 0.994
  waterbird_complete50 = 1, forest2water2 = 0  [n = 134]:	loss = 1.705  exp loss = 1.946  adjusted loss = 1.946  adv prob = 0.250000   acc = 0.672
  waterbird_complete50 = 1, forest2water2 = 1  [n = 134]:	loss = 1.327  exp loss = 1.334  adjusted loss = 1.334  adv prob = 0.250000   acc = 0.716
Current lr: 0.000010
Current validation accuracy: 0.6716418266296387


Epoch [240]:
Training:
Average incurred loss: 0.042  
Average sample loss: 0.037  
Average acc: 0.987  
  waterbird_complete50 = 0, forest2water2 = 0  [n = 52]:	loss = 0.000  exp loss = 0.000  adjusted loss = 0.000  adv prob = 0.250000   acc = 1.000
  waterbird_complete50 = 0, forest2water2 = 1  [n = 57]:	loss = 0.000  exp loss = 0.000  adjusted loss = 0.000  adv prob = 0.250000   acc = 1.000
  waterbird_complete50 = 1, forest2water2 = 0  [n = 55]:	loss = 0.093  exp loss = 0.119  adjusted loss = 0.119  adv prob = 0.250000   acc = 0.964
  waterbird_complete50 = 1, forest2water2 = 1  [n = 61]:	loss = 0.069  exp loss = 0.073  adjusted loss = 0.073  adv prob = 0.250000   acc = 0.984

Validation:
Average incurred loss: 0.339  
Average sample loss: 0.334  
Average acc: 0.930  
  waterbird_complete50 = 0, forest2water2 = 0  [n = 465]:	loss = 0.003  exp loss = 0.002  adjusted loss = 0.002  adv prob = 0.250000   acc = 0.998
  waterbird_complete50 = 0, forest2water2 = 1  [n = 466]:	loss = 0.025  exp loss = 0.022  adjusted loss = 0.022  adv prob = 0.250000   acc = 0.994
  waterbird_complete50 = 1, forest2water2 = 0  [n = 134]:	loss = 1.651  exp loss = 1.880  adjusted loss = 1.880  adv prob = 0.250000   acc = 0.687
  waterbird_complete50 = 1, forest2water2 = 1  [n = 134]:	loss = 1.285  exp loss = 1.301  adjusted loss = 1.301  adv prob = 0.250000   acc = 0.716
Current lr: 0.000010
Current validation accuracy: 0.6865671873092651


Epoch [241]:
Training:
Average incurred loss: 0.017  
Average sample loss: 0.015  
Average acc: 0.991  
  waterbird_complete50 = 0, forest2water2 = 0  [n = 61]:	loss = 0.000  exp loss = 0.000  adjusted loss = 0.000  adv prob = 0.250000   acc = 1.000
  waterbird_complete50 = 0, forest2water2 = 1  [n = 55]:	loss = 0.000  exp loss = 0.000  adjusted loss = 0.000  adv prob = 0.250000   acc = 1.000
  waterbird_complete50 = 1, forest2water2 = 0  [n = 55]:	loss = 0.036  exp loss = 0.089  adjusted loss = 0.089  adv prob = 0.250000   acc = 0.982
  waterbird_complete50 = 1, forest2water2 = 1  [n = 54]:	loss = 0.033  exp loss = 0.054  adjusted loss = 0.054  adv prob = 0.250000   acc = 0.981

Validation:
Average incurred loss: 0.314  
Average sample loss: 0.309  
Average acc: 0.936  
  waterbird_complete50 = 0, forest2water2 = 0  [n = 465]:	loss = 0.004  exp loss = 0.002  adjusted loss = 0.002  adv prob = 0.250000   acc = 0.998
  waterbird_complete50 = 0, forest2water2 = 1  [n = 466]:	loss = 0.029  exp loss = 0.026  adjusted loss = 0.026  adv prob = 0.250000   acc = 0.994
  waterbird_complete50 = 1, forest2water2 = 0  [n = 134]:	loss = 1.522  exp loss = 1.705  adjusted loss = 1.705  adv prob = 0.250000   acc = 0.701
  waterbird_complete50 = 1, forest2water2 = 1  [n = 134]:	loss = 1.170  exp loss = 1.191  adjusted loss = 1.191  adv prob = 0.250000   acc = 0.754
Current lr: 0.000010
Current validation accuracy: 0.7014925479888916


Epoch [242]:
Training:
Average incurred loss: 0.036  
Average sample loss: 0.048  
Average acc: 0.987  
  waterbird_complete50 = 0, forest2water2 = 0  [n = 53]:	loss = 0.000  exp loss = 0.000  adjusted loss = 0.000  adv prob = 0.250000   acc = 1.000
  waterbird_complete50 = 0, forest2water2 = 1  [n = 60]:	loss = 0.000  exp loss = 0.000  adjusted loss = 0.000  adv prob = 0.250000   acc = 1.000
  waterbird_complete50 = 1, forest2water2 = 0  [n = 60]:	loss = 0.089  exp loss = 0.092  adjusted loss = 0.092  adv prob = 0.250000   acc = 0.967
  waterbird_complete50 = 1, forest2water2 = 1  [n = 52]:	loss = 0.054  exp loss = 0.061  adjusted loss = 0.061  adv prob = 0.250000   acc = 0.981

Validation:
Average incurred loss: 0.332  
Average sample loss: 0.328  
Average acc: 0.934  
  waterbird_complete50 = 0, forest2water2 = 0  [n = 465]:	loss = 0.003  exp loss = 0.001  adjusted loss = 0.001  adv prob = 0.250000   acc = 0.998
  waterbird_complete50 = 0, forest2water2 = 1  [n = 466]:	loss = 0.026  exp loss = 0.023  adjusted loss = 0.023  adv prob = 0.250000   acc = 0.994
  waterbird_complete50 = 1, forest2water2 = 0  [n = 134]:	loss = 1.619  exp loss = 1.840  adjusted loss = 1.840  adv prob = 0.250000   acc = 0.701
  waterbird_complete50 = 1, forest2water2 = 1  [n = 134]:	loss = 1.255  exp loss = 1.272  adjusted loss = 1.272  adv prob = 0.250000   acc = 0.739
Current lr: 0.000010
Current validation accuracy: 0.7014925479888916


Epoch [243]:
Training:
Average incurred loss: 0.009  
Average sample loss: 0.011  
Average acc: 1.000  
  waterbird_complete50 = 0, forest2water2 = 0  [n = 48]:	loss = 0.000  exp loss = 0.000  adjusted loss = 0.000  adv prob = 0.250000   acc = 1.000
  waterbird_complete50 = 0, forest2water2 = 1  [n = 68]:	loss = 0.000  exp loss = 0.000  adjusted loss = 0.000  adv prob = 0.250000   acc = 1.000
  waterbird_complete50 = 1, forest2water2 = 0  [n = 49]:	loss = 0.028  exp loss = 0.071  adjusted loss = 0.071  adv prob = 0.250000   acc = 1.000
  waterbird_complete50 = 1, forest2water2 = 1  [n = 60]:	loss = 0.009  exp loss = 0.044  adjusted loss = 0.044  adv prob = 0.250000   acc = 1.000

Validation:
Average incurred loss: 0.328  
Average sample loss: 0.323  
Average acc: 0.935  
  waterbird_complete50 = 0, forest2water2 = 0  [n = 465]:	loss = 0.004  exp loss = 0.002  adjusted loss = 0.002  adv prob = 0.250000   acc = 0.998
  waterbird_complete50 = 0, forest2water2 = 1  [n = 466]:	loss = 0.026  exp loss = 0.023  adjusted loss = 0.023  adv prob = 0.250000   acc = 0.994
  waterbird_complete50 = 1, forest2water2 = 0  [n = 134]:	loss = 1.589  exp loss = 1.804  adjusted loss = 1.804  adv prob = 0.250000   acc = 0.701
  waterbird_complete50 = 1, forest2water2 = 1  [n = 134]:	loss = 1.242  exp loss = 1.258  adjusted loss = 1.258  adv prob = 0.250000   acc = 0.746
Current lr: 0.000010
Current validation accuracy: 0.7014925479888916


Epoch [244]:
Training:
Average incurred loss: 0.034  
Average sample loss: 0.040  
Average acc: 0.987  
  waterbird_complete50 = 0, forest2water2 = 0  [n = 48]:	loss = 0.000  exp loss = 0.000  adjusted loss = 0.000  adv prob = 0.250000   acc = 1.000
  waterbird_complete50 = 0, forest2water2 = 1  [n = 56]:	loss = 0.000  exp loss = 0.000  adjusted loss = 0.000  adv prob = 0.250000   acc = 1.000
  waterbird_complete50 = 1, forest2water2 = 0  [n = 61]:	loss = 0.096  exp loss = 0.096  adjusted loss = 0.096  adv prob = 0.250000   acc = 0.951
  waterbird_complete50 = 1, forest2water2 = 1  [n = 60]:	loss = 0.032  exp loss = 0.038  adjusted loss = 0.038  adv prob = 0.250000   acc = 1.000

Validation:
Average incurred loss: 0.348  
Average sample loss: 0.343  
Average acc: 0.929  
  waterbird_complete50 = 0, forest2water2 = 0  [n = 465]:	loss = 0.003  exp loss = 0.001  adjusted loss = 0.001  adv prob = 0.250000   acc = 0.998
  waterbird_complete50 = 0, forest2water2 = 1  [n = 466]:	loss = 0.023  exp loss = 0.020  adjusted loss = 0.020  adv prob = 0.250000   acc = 0.994
  waterbird_complete50 = 1, forest2water2 = 0  [n = 134]:	loss = 1.689  exp loss = 1.921  adjusted loss = 1.921  adv prob = 0.250000   acc = 0.679
  waterbird_complete50 = 1, forest2water2 = 1  [n = 134]:	loss = 1.336  exp loss = 1.346  adjusted loss = 1.346  adv prob = 0.250000   acc = 0.716
Current lr: 0.000010
Current validation accuracy: 0.6791044473648071


Epoch [245]:
Training:
Average incurred loss: 0.003  
Average sample loss: 0.003  
Average acc: 1.000  
  waterbird_complete50 = 0, forest2water2 = 0  [n = 57]:	loss = 0.000  exp loss = 0.000  adjusted loss = 0.000  adv prob = 0.250000   acc = 1.000
  waterbird_complete50 = 0, forest2water2 = 1  [n = 64]:	loss = 0.000  exp loss = 0.000  adjusted loss = 0.000  adv prob = 0.250000   acc = 1.000
  waterbird_complete50 = 1, forest2water2 = 0  [n = 54]:	loss = 0.006  exp loss = 0.065  adjusted loss = 0.065  adv prob = 0.250000   acc = 1.000
  waterbird_complete50 = 1, forest2water2 = 1  [n = 50]:	loss = 0.005  exp loss = 0.027  adjusted loss = 0.027  adv prob = 0.250000   acc = 1.000

Validation:
Average incurred loss: 0.321  
Average sample loss: 0.316  
Average acc: 0.935  
  waterbird_complete50 = 0, forest2water2 = 0  [n = 465]:	loss = 0.004  exp loss = 0.002  adjusted loss = 0.002  adv prob = 0.250000   acc = 0.998
  waterbird_complete50 = 0, forest2water2 = 1  [n = 466]:	loss = 0.027  exp loss = 0.024  adjusted loss = 0.024  adv prob = 0.250000   acc = 0.994
  waterbird_complete50 = 1, forest2water2 = 0  [n = 134]:	loss = 1.557  exp loss = 1.762  adjusted loss = 1.762  adv prob = 0.250000   acc = 0.701
  waterbird_complete50 = 1, forest2water2 = 1  [n = 134]:	loss = 1.205  exp loss = 1.227  adjusted loss = 1.227  adv prob = 0.250000   acc = 0.746
Current lr: 0.000010
Current validation accuracy: 0.7014925479888916


Epoch [246]:
Training:
Average incurred loss: 0.006  
Average sample loss: 0.006  
Average acc: 1.000  
  waterbird_complete50 = 0, forest2water2 = 0  [n = 60]:	loss = 0.000  exp loss = 0.000  adjusted loss = 0.000  adv prob = 0.250000   acc = 1.000
  waterbird_complete50 = 0, forest2water2 = 1  [n = 56]:	loss = 0.000  exp loss = 0.000  adjusted loss = 0.000  adv prob = 0.250000   acc = 1.000
  waterbird_complete50 = 1, forest2water2 = 0  [n = 52]:	loss = 0.011  exp loss = 0.046  adjusted loss = 0.046  adv prob = 0.250000   acc = 1.000
  waterbird_complete50 = 1, forest2water2 = 1  [n = 57]:	loss = 0.014  exp loss = 0.022  adjusted loss = 0.022  adv prob = 0.250000   acc = 1.000

Validation:
Average incurred loss: 0.313  
Average sample loss: 0.309  
Average acc: 0.937  
  waterbird_complete50 = 0, forest2water2 = 0  [n = 465]:	loss = 0.004  exp loss = 0.002  adjusted loss = 0.002  adv prob = 0.250000   acc = 0.998
  waterbird_complete50 = 0, forest2water2 = 1  [n = 466]:	loss = 0.029  exp loss = 0.025  adjusted loss = 0.025  adv prob = 0.250000   acc = 0.994
  waterbird_complete50 = 1, forest2water2 = 0  [n = 134]:	loss = 1.517  exp loss = 1.707  adjusted loss = 1.707  adv prob = 0.250000   acc = 0.716
  waterbird_complete50 = 1, forest2water2 = 1  [n = 134]:	loss = 1.172  exp loss = 1.198  adjusted loss = 1.198  adv prob = 0.250000   acc = 0.754
Current lr: 0.000010
Current validation accuracy: 0.7164179086685181


Epoch [247]:
Training:
Average incurred loss: 0.055  
Average sample loss: 0.052  
Average acc: 0.987  
  waterbird_complete50 = 0, forest2water2 = 0  [n = 47]:	loss = 0.000  exp loss = 0.000  adjusted loss = 0.000  adv prob = 0.250000   acc = 1.000
  waterbird_complete50 = 0, forest2water2 = 1  [n = 50]:	loss = 0.000  exp loss = 0.000  adjusted loss = 0.000  adv prob = 0.250000   acc = 1.000
  waterbird_complete50 = 1, forest2water2 = 0  [n = 65]:	loss = 0.120  exp loss = 0.066  adjusted loss = 0.066  adv prob = 0.250000   acc = 0.969
  waterbird_complete50 = 1, forest2water2 = 1  [n = 63]:	loss = 0.073  exp loss = 0.037  adjusted loss = 0.037  adv prob = 0.250000   acc = 0.984

Validation:
Average incurred loss: 0.353  
Average sample loss: 0.348  
Average acc: 0.930  
  waterbird_complete50 = 0, forest2water2 = 0  [n = 465]:	loss = 0.002  exp loss = 0.001  adjusted loss = 0.001  adv prob = 0.250000   acc = 0.998
  waterbird_complete50 = 0, forest2water2 = 1  [n = 466]:	loss = 0.023  exp loss = 0.021  adjusted loss = 0.021  adv prob = 0.250000   acc = 0.994
  waterbird_complete50 = 1, forest2water2 = 0  [n = 134]:	loss = 1.718  exp loss = 1.957  adjusted loss = 1.957  adv prob = 0.250000   acc = 0.687
  waterbird_complete50 = 1, forest2water2 = 1  [n = 134]:	loss = 1.349  exp loss = 1.362  adjusted loss = 1.362  adv prob = 0.250000   acc = 0.716
Current lr: 0.000010
Current validation accuracy: 0.6865671873092651


Epoch [248]:
Training:
Average incurred loss: 0.013  
Average sample loss: 0.011  
Average acc: 1.000  
  waterbird_complete50 = 0, forest2water2 = 0  [n = 50]:	loss = 0.000  exp loss = 0.000  adjusted loss = 0.000  adv prob = 0.250000   acc = 1.000
  waterbird_complete50 = 0, forest2water2 = 1  [n = 61]:	loss = 0.000  exp loss = 0.000  adjusted loss = 0.000  adv prob = 0.250000   acc = 1.000
  waterbird_complete50 = 1, forest2water2 = 0  [n = 58]:	loss = 0.021  exp loss = 0.049  adjusted loss = 0.049  adv prob = 0.250000   acc = 1.000
  waterbird_complete50 = 1, forest2water2 = 1  [n = 56]:	loss = 0.029  exp loss = 0.033  adjusted loss = 0.033  adv prob = 0.250000   acc = 1.000

Validation:
Average incurred loss: 0.340  
Average sample loss: 0.336  
Average acc: 0.931  
  waterbird_complete50 = 0, forest2water2 = 0  [n = 465]:	loss = 0.003  exp loss = 0.001  adjusted loss = 0.001  adv prob = 0.250000   acc = 0.998
  waterbird_complete50 = 0, forest2water2 = 1  [n = 466]:	loss = 0.024  exp loss = 0.022  adjusted loss = 0.022  adv prob = 0.250000   acc = 0.994
  waterbird_complete50 = 1, forest2water2 = 0  [n = 134]:	loss = 1.648  exp loss = 1.877  adjusted loss = 1.877  adv prob = 0.250000   acc = 0.694
  waterbird_complete50 = 1, forest2water2 = 1  [n = 134]:	loss = 1.304  exp loss = 1.317  adjusted loss = 1.317  adv prob = 0.250000   acc = 0.716
Current lr: 0.000010
Current validation accuracy: 0.6940298080444336


Epoch [249]:
Training:
Average incurred loss: 0.059  
Average sample loss: 0.052  
Average acc: 0.969  
  waterbird_complete50 = 0, forest2water2 = 0  [n = 54]:	loss = 0.000  exp loss = 0.000  adjusted loss = 0.000  adv prob = 0.250000   acc = 1.000
  waterbird_complete50 = 0, forest2water2 = 1  [n = 57]:	loss = 0.000  exp loss = 0.000  adjusted loss = 0.000  adv prob = 0.250000   acc = 1.000
  waterbird_complete50 = 1, forest2water2 = 0  [n = 57]:	loss = 0.173  exp loss = 0.068  adjusted loss = 0.068  adv prob = 0.250000   acc = 0.912
  waterbird_complete50 = 1, forest2water2 = 1  [n = 57]:	loss = 0.060  exp loss = 0.034  adjusted loss = 0.034  adv prob = 0.250000   acc = 0.965

Validation:
Average incurred loss: 0.325  
Average sample loss: 0.321  
Average acc: 0.934  
  waterbird_complete50 = 0, forest2water2 = 0  [n = 465]:	loss = 0.003  exp loss = 0.001  adjusted loss = 0.001  adv prob = 0.250000   acc = 0.998
  waterbird_complete50 = 0, forest2water2 = 1  [n = 466]:	loss = 0.026  exp loss = 0.023  adjusted loss = 0.023  adv prob = 0.250000   acc = 0.994
  waterbird_complete50 = 1, forest2water2 = 0  [n = 134]:	loss = 1.585  exp loss = 1.802  adjusted loss = 1.802  adv prob = 0.250000   acc = 0.701
  waterbird_complete50 = 1, forest2water2 = 1  [n = 134]:	loss = 1.226  exp loss = 1.242  adjusted loss = 1.242  adv prob = 0.250000   acc = 0.739
Current lr: 0.000010
Current validation accuracy: 0.7014925479888916


Epoch [250]:
Training:
Average incurred loss: 0.029  
Average sample loss: 0.026  
Average acc: 0.991  
  waterbird_complete50 = 0, forest2water2 = 0  [n = 65]:	loss = 0.000  exp loss = 0.000  adjusted loss = 0.000  adv prob = 0.250000   acc = 1.000
  waterbird_complete50 = 0, forest2water2 = 1  [n = 45]:	loss = 0.000  exp loss = 0.000  adjusted loss = 0.000  adv prob = 0.250000   acc = 1.000
  waterbird_complete50 = 1, forest2water2 = 0  [n = 62]:	loss = 0.049  exp loss = 0.058  adjusted loss = 0.058  adv prob = 0.250000   acc = 1.000
  waterbird_complete50 = 1, forest2water2 = 1  [n = 53]:	loss = 0.066  exp loss = 0.040  adjusted loss = 0.040  adv prob = 0.250000   acc = 0.962

Validation:
Average incurred loss: 0.321  
Average sample loss: 0.317  
Average acc: 0.936  
  waterbird_complete50 = 0, forest2water2 = 0  [n = 465]:	loss = 0.003  exp loss = 0.001  adjusted loss = 0.001  adv prob = 0.250000   acc = 0.998
  waterbird_complete50 = 0, forest2water2 = 1  [n = 466]:	loss = 0.026  exp loss = 0.023  adjusted loss = 0.023  adv prob = 0.250000   acc = 0.994
  waterbird_complete50 = 1, forest2water2 = 0  [n = 134]:	loss = 1.579  exp loss = 1.771  adjusted loss = 1.771  adv prob = 0.250000   acc = 0.709
  waterbird_complete50 = 1, forest2water2 = 1  [n = 134]:	loss = 1.194  exp loss = 1.215  adjusted loss = 1.215  adv prob = 0.250000   acc = 0.746
Current lr: 0.000010
Current validation accuracy: 0.7089552879333496


Epoch [251]:
Training:
Average incurred loss: 0.011  
Average sample loss: 0.010  
Average acc: 1.000  
  waterbird_complete50 = 0, forest2water2 = 0  [n = 56]:	loss = 0.000  exp loss = 0.000  adjusted loss = 0.000  adv prob = 0.250000   acc = 1.000
  waterbird_complete50 = 0, forest2water2 = 1  [n = 52]:	loss = 0.000  exp loss = 0.000  adjusted loss = 0.000  adv prob = 0.250000   acc = 1.000
  waterbird_complete50 = 1, forest2water2 = 0  [n = 69]:	loss = 0.024  exp loss = 0.045  adjusted loss = 0.045  adv prob = 0.250000   acc = 1.000
  waterbird_complete50 = 1, forest2water2 = 1  [n = 48]:	loss = 0.018  exp loss = 0.031  adjusted loss = 0.031  adv prob = 0.250000   acc = 1.000

Validation:
Average incurred loss: 0.323  
Average sample loss: 0.318  
Average acc: 0.937  
  waterbird_complete50 = 0, forest2water2 = 0  [n = 465]:	loss = 0.003  exp loss = 0.002  adjusted loss = 0.002  adv prob = 0.250000   acc = 0.998
  waterbird_complete50 = 0, forest2water2 = 1  [n = 466]:	loss = 0.027  exp loss = 0.024  adjusted loss = 0.024  adv prob = 0.250000   acc = 0.994
  waterbird_complete50 = 1, forest2water2 = 0  [n = 134]:	loss = 1.586  exp loss = 1.773  adjusted loss = 1.773  adv prob = 0.250000   acc = 0.716
  waterbird_complete50 = 1, forest2water2 = 1  [n = 134]:	loss = 1.200  exp loss = 1.223  adjusted loss = 1.223  adv prob = 0.250000   acc = 0.746
Current lr: 0.000010
Current validation accuracy: 0.7164179086685181


Epoch [252]:
Training:
Average incurred loss: 0.045  
Average sample loss: 0.039  
Average acc: 0.978  
  waterbird_complete50 = 0, forest2water2 = 0  [n = 58]:	loss = 0.000  exp loss = 0.000  adjusted loss = 0.000  adv prob = 0.250000   acc = 1.000
  waterbird_complete50 = 0, forest2water2 = 1  [n = 48]:	loss = 0.000  exp loss = 0.000  adjusted loss = 0.000  adv prob = 0.250000   acc = 1.000
  waterbird_complete50 = 1, forest2water2 = 0  [n = 54]:	loss = 0.097  exp loss = 0.052  adjusted loss = 0.052  adv prob = 0.250000   acc = 0.944
  waterbird_complete50 = 1, forest2water2 = 1  [n = 65]:	loss = 0.074  exp loss = 0.039  adjusted loss = 0.039  adv prob = 0.250000   acc = 0.969

Validation:
Average incurred loss: 0.331  
Average sample loss: 0.326  
Average acc: 0.932  
  waterbird_complete50 = 0, forest2water2 = 0  [n = 465]:	loss = 0.003  exp loss = 0.001  adjusted loss = 0.001  adv prob = 0.250000   acc = 0.998
  waterbird_complete50 = 0, forest2water2 = 1  [n = 466]:	loss = 0.026  exp loss = 0.023  adjusted loss = 0.023  adv prob = 0.250000   acc = 0.994
  waterbird_complete50 = 1, forest2water2 = 0  [n = 134]:	loss = 1.618  exp loss = 1.835  adjusted loss = 1.835  adv prob = 0.250000   acc = 0.694
  waterbird_complete50 = 1, forest2water2 = 1  [n = 134]:	loss = 1.244  exp loss = 1.262  adjusted loss = 1.262  adv prob = 0.250000   acc = 0.731
Current lr: 0.000010
Current validation accuracy: 0.6940298080444336


Epoch [253]:
Training:
Average incurred loss: 0.054  
Average sample loss: 0.053  
Average acc: 0.973  
  waterbird_complete50 = 0, forest2water2 = 0  [n = 59]:	loss = 0.000  exp loss = 0.000  adjusted loss = 0.000  adv prob = 0.250000   acc = 1.000
  waterbird_complete50 = 0, forest2water2 = 1  [n = 48]:	loss = 0.000  exp loss = 0.000  adjusted loss = 0.000  adv prob = 0.250000   acc = 1.000
  waterbird_complete50 = 1, forest2water2 = 0  [n = 56]:	loss = 0.118  exp loss = 0.067  adjusted loss = 0.067  adv prob = 0.250000   acc = 0.946
  waterbird_complete50 = 1, forest2water2 = 1  [n = 62]:	loss = 0.089  exp loss = 0.053  adjusted loss = 0.053  adv prob = 0.250000   acc = 0.952

Validation:
Average incurred loss: 0.351  
Average sample loss: 0.346  
Average acc: 0.930  
  waterbird_complete50 = 0, forest2water2 = 0  [n = 465]:	loss = 0.002  exp loss = 0.001  adjusted loss = 0.001  adv prob = 0.250000   acc = 1.000
  waterbird_complete50 = 0, forest2water2 = 1  [n = 466]:	loss = 0.023  exp loss = 0.021  adjusted loss = 0.021  adv prob = 0.250000   acc = 0.994
  waterbird_complete50 = 1, forest2water2 = 0  [n = 134]:	loss = 1.712  exp loss = 1.943  adjusted loss = 1.943  adv prob = 0.250000   acc = 0.679
  waterbird_complete50 = 1, forest2water2 = 1  [n = 134]:	loss = 1.340  exp loss = 1.352  adjusted loss = 1.352  adv prob = 0.250000   acc = 0.716
Current lr: 0.000010
Current validation accuracy: 0.6791044473648071


Epoch [254]:
Training:
Average incurred loss: 0.030  
Average sample loss: 0.026  
Average acc: 0.991  
  waterbird_complete50 = 0, forest2water2 = 0  [n = 58]:	loss = 0.000  exp loss = 0.000  adjusted loss = 0.000  adv prob = 0.250000   acc = 1.000
  waterbird_complete50 = 0, forest2water2 = 1  [n = 55]:	loss = 0.000  exp loss = 0.000  adjusted loss = 0.000  adv prob = 0.250000   acc = 1.000
  waterbird_complete50 = 1, forest2water2 = 0  [n = 58]:	loss = 0.093  exp loss = 0.063  adjusted loss = 0.063  adv prob = 0.250000   acc = 0.966
  waterbird_complete50 = 1, forest2water2 = 1  [n = 54]:	loss = 0.024  exp loss = 0.041  adjusted loss = 0.041  adv prob = 0.250000   acc = 1.000

Validation:
Average incurred loss: 0.318  
Average sample loss: 0.313  
Average acc: 0.936  
  waterbird_complete50 = 0, forest2water2 = 0  [n = 465]:	loss = 0.004  exp loss = 0.002  adjusted loss = 0.002  adv prob = 0.250000   acc = 0.998
  waterbird_complete50 = 0, forest2water2 = 1  [n = 466]:	loss = 0.028  exp loss = 0.025  adjusted loss = 0.025  adv prob = 0.250000   acc = 0.994
  waterbird_complete50 = 1, forest2water2 = 0  [n = 134]:	loss = 1.548  exp loss = 1.759  adjusted loss = 1.759  adv prob = 0.250000   acc = 0.709
  waterbird_complete50 = 1, forest2water2 = 1  [n = 134]:	loss = 1.185  exp loss = 1.211  adjusted loss = 1.211  adv prob = 0.250000   acc = 0.746
Current lr: 0.000010
Current validation accuracy: 0.7089552879333496


Epoch [255]:
Training:
Average incurred loss: 0.014  
Average sample loss: 0.012  
Average acc: 1.000  
  waterbird_complete50 = 0, forest2water2 = 0  [n = 63]:	loss = 0.000  exp loss = 0.000  adjusted loss = 0.000  adv prob = 0.250000   acc = 1.000
  waterbird_complete50 = 0, forest2water2 = 1  [n = 48]:	loss = 0.000  exp loss = 0.000  adjusted loss = 0.000  adv prob = 0.250000   acc = 1.000
  waterbird_complete50 = 1, forest2water2 = 0  [n = 51]:	loss = 0.046  exp loss = 0.053  adjusted loss = 0.053  adv prob = 0.250000   acc = 1.000
  waterbird_complete50 = 1, forest2water2 = 1  [n = 63]:	loss = 0.012  exp loss = 0.030  adjusted loss = 0.030  adv prob = 0.250000   acc = 1.000

Validation:
Average incurred loss: 0.309  
Average sample loss: 0.305  
Average acc: 0.937  
  waterbird_complete50 = 0, forest2water2 = 0  [n = 465]:	loss = 0.004  exp loss = 0.002  adjusted loss = 0.002  adv prob = 0.250000   acc = 0.998
  waterbird_complete50 = 0, forest2water2 = 1  [n = 466]:	loss = 0.030  exp loss = 0.027  adjusted loss = 0.027  adv prob = 0.250000   acc = 0.994
  waterbird_complete50 = 1, forest2water2 = 0  [n = 134]:	loss = 1.508  exp loss = 1.705  adjusted loss = 1.705  adv prob = 0.250000   acc = 0.716
  waterbird_complete50 = 1, forest2water2 = 1  [n = 134]:	loss = 1.140  exp loss = 1.167  adjusted loss = 1.167  adv prob = 0.250000   acc = 0.754
Current lr: 0.000010
Current validation accuracy: 0.7164179086685181


Epoch [256]:
Training:
Average incurred loss: 0.174  
Average sample loss: 0.153  
Average acc: 0.933  
  waterbird_complete50 = 0, forest2water2 = 0  [n = 54]:	loss = 0.000  exp loss = 0.000  adjusted loss = 0.000  adv prob = 0.250000   acc = 1.000
  waterbird_complete50 = 0, forest2water2 = 1  [n = 53]:	loss = 0.000  exp loss = 0.000  adjusted loss = 0.000  adv prob = 0.250000   acc = 1.000
  waterbird_complete50 = 1, forest2water2 = 0  [n = 63]:	loss = 0.325  exp loss = 0.107  adjusted loss = 0.107  adv prob = 0.250000   acc = 0.857
  waterbird_complete50 = 1, forest2water2 = 1  [n = 55]:	loss = 0.339  exp loss = 0.097  adjusted loss = 0.097  adv prob = 0.250000   acc = 0.891

Validation:
Average incurred loss: 0.314  
Average sample loss: 0.310  
Average acc: 0.936  
  waterbird_complete50 = 0, forest2water2 = 0  [n = 465]:	loss = 0.004  exp loss = 0.002  adjusted loss = 0.002  adv prob = 0.250000   acc = 0.998
  waterbird_complete50 = 0, forest2water2 = 1  [n = 466]:	loss = 0.029  exp loss = 0.026  adjusted loss = 0.026  adv prob = 0.250000   acc = 0.994
  waterbird_complete50 = 1, forest2water2 = 0  [n = 134]:	loss = 1.532  exp loss = 1.727  adjusted loss = 1.727  adv prob = 0.250000   acc = 0.709
  waterbird_complete50 = 1, forest2water2 = 1  [n = 134]:	loss = 1.165  exp loss = 1.186  adjusted loss = 1.186  adv prob = 0.250000   acc = 0.746
Current lr: 0.000010
Current validation accuracy: 0.7089552879333496


Epoch [257]:
Training:
Average incurred loss: 0.007  
Average sample loss: 0.011  
Average acc: 1.000  
  waterbird_complete50 = 0, forest2water2 = 0  [n = 58]:	loss = 0.000  exp loss = 0.000  adjusted loss = 0.000  adv prob = 0.250000   acc = 1.000
  waterbird_complete50 = 0, forest2water2 = 1  [n = 59]:	loss = 0.000  exp loss = 0.000  adjusted loss = 0.000  adv prob = 0.250000   acc = 1.000
  waterbird_complete50 = 1, forest2water2 = 0  [n = 55]:	loss = 0.017  exp loss = 0.081  adjusted loss = 0.081  adv prob = 0.250000   acc = 1.000
  waterbird_complete50 = 1, forest2water2 = 1  [n = 53]:	loss = 0.014  exp loss = 0.069  adjusted loss = 0.069  adv prob = 0.250000   acc = 1.000

Validation:
Average incurred loss: 0.311  
Average sample loss: 0.307  
Average acc: 0.937  
  waterbird_complete50 = 0, forest2water2 = 0  [n = 465]:	loss = 0.004  exp loss = 0.002  adjusted loss = 0.002  adv prob = 0.250000   acc = 0.998
  waterbird_complete50 = 0, forest2water2 = 1  [n = 466]:	loss = 0.029  exp loss = 0.026  adjusted loss = 0.026  adv prob = 0.250000   acc = 0.994
  waterbird_complete50 = 1, forest2water2 = 0  [n = 134]:	loss = 1.516  exp loss = 1.719  adjusted loss = 1.719  adv prob = 0.250000   acc = 0.709
  waterbird_complete50 = 1, forest2water2 = 1  [n = 134]:	loss = 1.154  exp loss = 1.172  adjusted loss = 1.172  adv prob = 0.250000   acc = 0.754
Current lr: 0.000010
Current validation accuracy: 0.7089552879333496


Epoch [258]:
Training:
Average incurred loss: 0.014  
Average sample loss: 0.015  
Average acc: 1.000  
  waterbird_complete50 = 0, forest2water2 = 0  [n = 56]:	loss = 0.000  exp loss = 0.000  adjusted loss = 0.000  adv prob = 0.250000   acc = 1.000
  waterbird_complete50 = 0, forest2water2 = 1  [n = 55]:	loss = 0.000  exp loss = 0.000  adjusted loss = 0.000  adv prob = 0.250000   acc = 1.000
  waterbird_complete50 = 1, forest2water2 = 0  [n = 55]:	loss = 0.037  exp loss = 0.068  adjusted loss = 0.068  adv prob = 0.250000   acc = 1.000
  waterbird_complete50 = 1, forest2water2 = 1  [n = 59]:	loss = 0.019  exp loss = 0.051  adjusted loss = 0.051  adv prob = 0.250000   acc = 1.000

Validation:
Average incurred loss: 0.320  
Average sample loss: 0.315  
Average acc: 0.934  
  waterbird_complete50 = 0, forest2water2 = 0  [n = 465]:	loss = 0.004  exp loss = 0.002  adjusted loss = 0.002  adv prob = 0.250000   acc = 0.998
  waterbird_complete50 = 0, forest2water2 = 1  [n = 466]:	loss = 0.027  exp loss = 0.025  adjusted loss = 0.025  adv prob = 0.250000   acc = 0.994
  waterbird_complete50 = 1, forest2water2 = 0  [n = 134]:	loss = 1.557  exp loss = 1.764  adjusted loss = 1.764  adv prob = 0.250000   acc = 0.701
  waterbird_complete50 = 1, forest2water2 = 1  [n = 134]:	loss = 1.197  exp loss = 1.215  adjusted loss = 1.215  adv prob = 0.250000   acc = 0.739
Current lr: 0.000010
Current validation accuracy: 0.7014925479888916


Epoch [259]:
Training:
Average incurred loss: 0.033  
Average sample loss: 0.030  
Average acc: 0.991  
  waterbird_complete50 = 0, forest2water2 = 0  [n = 48]:	loss = 0.000  exp loss = 0.000  adjusted loss = 0.000  adv prob = 0.250000   acc = 1.000
  waterbird_complete50 = 0, forest2water2 = 1  [n = 67]:	loss = 0.000  exp loss = 0.000  adjusted loss = 0.000  adv prob = 0.250000   acc = 1.000
  waterbird_complete50 = 1, forest2water2 = 0  [n = 66]:	loss = 0.096  exp loss = 0.068  adjusted loss = 0.068  adv prob = 0.250000   acc = 0.970
  waterbird_complete50 = 1, forest2water2 = 1  [n = 44]:	loss = 0.026  exp loss = 0.039  adjusted loss = 0.039  adv prob = 0.250000   acc = 1.000

Validation:
Average incurred loss: 0.305  
Average sample loss: 0.301  
Average acc: 0.937  
  waterbird_complete50 = 0, forest2water2 = 0  [n = 465]:	loss = 0.004  exp loss = 0.002  adjusted loss = 0.002  adv prob = 0.250000   acc = 0.998
  waterbird_complete50 = 0, forest2water2 = 1  [n = 466]:	loss = 0.029  exp loss = 0.026  adjusted loss = 0.026  adv prob = 0.250000   acc = 0.994
  waterbird_complete50 = 1, forest2water2 = 0  [n = 134]:	loss = 1.491  exp loss = 1.687  adjusted loss = 1.687  adv prob = 0.250000   acc = 0.716
  waterbird_complete50 = 1, forest2water2 = 1  [n = 134]:	loss = 1.124  exp loss = 1.142  adjusted loss = 1.142  adv prob = 0.250000   acc = 0.746
Current lr: 0.000010
Current validation accuracy: 0.7164179086685181


Epoch [260]:
Training:
Average incurred loss: 0.005  
Average sample loss: 0.005  
Average acc: 1.000  
  waterbird_complete50 = 0, forest2water2 = 0  [n = 53]:	loss = 0.000  exp loss = 0.000  adjusted loss = 0.000  adv prob = 0.250000   acc = 1.000
  waterbird_complete50 = 0, forest2water2 = 1  [n = 64]:	loss = 0.000  exp loss = 0.000  adjusted loss = 0.000  adv prob = 0.250000   acc = 1.000
  waterbird_complete50 = 1, forest2water2 = 0  [n = 53]:	loss = 0.011  exp loss = 0.048  adjusted loss = 0.048  adv prob = 0.250000   acc = 1.000
  waterbird_complete50 = 1, forest2water2 = 1  [n = 55]:	loss = 0.009  exp loss = 0.029  adjusted loss = 0.029  adv prob = 0.250000   acc = 1.000

Validation:
Average incurred loss: 0.304  
Average sample loss: 0.299  
Average acc: 0.936  
  waterbird_complete50 = 0, forest2water2 = 0  [n = 465]:	loss = 0.004  exp loss = 0.002  adjusted loss = 0.002  adv prob = 0.250000   acc = 0.998
  waterbird_complete50 = 0, forest2water2 = 1  [n = 466]:	loss = 0.029  exp loss = 0.026  adjusted loss = 0.026  adv prob = 0.250000   acc = 0.994
  waterbird_complete50 = 1, forest2water2 = 0  [n = 134]:	loss = 1.481  exp loss = 1.675  adjusted loss = 1.675  adv prob = 0.250000   acc = 0.716
  waterbird_complete50 = 1, forest2water2 = 1  [n = 134]:	loss = 1.119  exp loss = 1.136  adjusted loss = 1.136  adv prob = 0.250000   acc = 0.739
Current lr: 0.000010
Current validation accuracy: 0.7164179086685181


Epoch [261]:
Training:
Average incurred loss: 0.017  
Average sample loss: 0.028  
Average acc: 0.996  
  waterbird_complete50 = 0, forest2water2 = 0  [n = 51]:	loss = 0.000  exp loss = 0.000  adjusted loss = 0.000  adv prob = 0.250000   acc = 1.000
  waterbird_complete50 = 0, forest2water2 = 1  [n = 65]:	loss = 0.000  exp loss = 0.000  adjusted loss = 0.000  adv prob = 0.250000   acc = 1.000
  waterbird_complete50 = 1, forest2water2 = 0  [n = 54]:	loss = 0.067  exp loss = 0.059  adjusted loss = 0.059  adv prob = 0.250000   acc = 0.981
  waterbird_complete50 = 1, forest2water2 = 1  [n = 55]:	loss = 0.005  exp loss = 0.021  adjusted loss = 0.021  adv prob = 0.250000   acc = 1.000

Validation:
Average incurred loss: 0.312  
Average sample loss: 0.308  
Average acc: 0.933  
  waterbird_complete50 = 0, forest2water2 = 0  [n = 465]:	loss = 0.003  exp loss = 0.002  adjusted loss = 0.002  adv prob = 0.250000   acc = 0.998
  waterbird_complete50 = 0, forest2water2 = 1  [n = 466]:	loss = 0.028  exp loss = 0.025  adjusted loss = 0.025  adv prob = 0.250000   acc = 0.994
  waterbird_complete50 = 1, forest2water2 = 0  [n = 134]:	loss = 1.535  exp loss = 1.742  adjusted loss = 1.742  adv prob = 0.250000   acc = 0.701
  waterbird_complete50 = 1, forest2water2 = 1  [n = 134]:	loss = 1.146  exp loss = 1.159  adjusted loss = 1.159  adv prob = 0.250000   acc = 0.731
Current lr: 0.000010
Current validation accuracy: 0.7014925479888916


Epoch [262]:
Training:
Average incurred loss: 0.005  
Average sample loss: 0.006  
Average acc: 1.000  
  waterbird_complete50 = 0, forest2water2 = 0  [n = 58]:	loss = 0.000  exp loss = 0.000  adjusted loss = 0.000  adv prob = 0.250000   acc = 1.000
  waterbird_complete50 = 0, forest2water2 = 1  [n = 55]:	loss = 0.000  exp loss = 0.000  adjusted loss = 0.000  adv prob = 0.250000   acc = 1.000
  waterbird_complete50 = 1, forest2water2 = 0  [n = 71]:	loss = 0.011  exp loss = 0.043  adjusted loss = 0.043  adv prob = 0.250000   acc = 1.000
  waterbird_complete50 = 1, forest2water2 = 1  [n = 41]:	loss = 0.009  exp loss = 0.018  adjusted loss = 0.018  adv prob = 0.250000   acc = 1.000

Validation:
Average incurred loss: 0.314  
Average sample loss: 0.310  
Average acc: 0.935  
  waterbird_complete50 = 0, forest2water2 = 0  [n = 465]:	loss = 0.003  exp loss = 0.002  adjusted loss = 0.002  adv prob = 0.250000   acc = 0.998
  waterbird_complete50 = 0, forest2water2 = 1  [n = 466]:	loss = 0.029  exp loss = 0.026  adjusted loss = 0.026  adv prob = 0.250000   acc = 0.994
  waterbird_complete50 = 1, forest2water2 = 0  [n = 134]:	loss = 1.555  exp loss = 1.757  adjusted loss = 1.757  adv prob = 0.250000   acc = 0.709
  waterbird_complete50 = 1, forest2water2 = 1  [n = 134]:	loss = 1.143  exp loss = 1.161  adjusted loss = 1.161  adv prob = 0.250000   acc = 0.739
Current lr: 0.000010
Current validation accuracy: 0.7089552879333496


Epoch [263]:
Training:
Average incurred loss: 0.024  
Average sample loss: 0.023  
Average acc: 0.996  
  waterbird_complete50 = 0, forest2water2 = 0  [n = 54]:	loss = 0.000  exp loss = 0.000  adjusted loss = 0.000  adv prob = 0.250000   acc = 1.000
  waterbird_complete50 = 0, forest2water2 = 1  [n = 54]:	loss = 0.000  exp loss = 0.000  adjusted loss = 0.000  adv prob = 0.250000   acc = 1.000
  waterbird_complete50 = 1, forest2water2 = 0  [n = 55]:	loss = 0.068  exp loss = 0.049  adjusted loss = 0.049  adv prob = 0.250000   acc = 0.982
  waterbird_complete50 = 1, forest2water2 = 1  [n = 62]:	loss = 0.027  exp loss = 0.020  adjusted loss = 0.020  adv prob = 0.250000   acc = 1.000

Validation:
Average incurred loss: 0.331  
Average sample loss: 0.326  
Average acc: 0.932  
  waterbird_complete50 = 0, forest2water2 = 0  [n = 465]:	loss = 0.002  exp loss = 0.001  adjusted loss = 0.001  adv prob = 0.250000   acc = 0.998
  waterbird_complete50 = 0, forest2water2 = 1  [n = 466]:	loss = 0.026  exp loss = 0.024  adjusted loss = 0.024  adv prob = 0.250000   acc = 0.994
  waterbird_complete50 = 1, forest2water2 = 0  [n = 134]:	loss = 1.631  exp loss = 1.850  adjusted loss = 1.850  adv prob = 0.250000   acc = 0.694
  waterbird_complete50 = 1, forest2water2 = 1  [n = 134]:	loss = 1.228  exp loss = 1.240  adjusted loss = 1.240  adv prob = 0.250000   acc = 0.731
Current lr: 0.000010
Current validation accuracy: 0.6940298080444336


Epoch [264]:
Training:
Average incurred loss: 0.014  
Average sample loss: 0.012  
Average acc: 1.000  
  waterbird_complete50 = 0, forest2water2 = 0  [n = 43]:	loss = 0.000  exp loss = 0.000  adjusted loss = 0.000  adv prob = 0.250000   acc = 1.000
  waterbird_complete50 = 0, forest2water2 = 1  [n = 70]:	loss = 0.000  exp loss = 0.000  adjusted loss = 0.000  adv prob = 0.250000   acc = 1.000
  waterbird_complete50 = 1, forest2water2 = 0  [n = 55]:	loss = 0.032  exp loss = 0.039  adjusted loss = 0.039  adv prob = 0.250000   acc = 1.000
  waterbird_complete50 = 1, forest2water2 = 1  [n = 57]:	loss = 0.023  exp loss = 0.019  adjusted loss = 0.019  adv prob = 0.250000   acc = 1.000

Validation:
Average incurred loss: 0.324  
Average sample loss: 0.320  
Average acc: 0.932  
  waterbird_complete50 = 0, forest2water2 = 0  [n = 465]:	loss = 0.003  exp loss = 0.001  adjusted loss = 0.001  adv prob = 0.250000   acc = 0.998
  waterbird_complete50 = 0, forest2water2 = 1  [n = 466]:	loss = 0.027  exp loss = 0.024  adjusted loss = 0.024  adv prob = 0.250000   acc = 0.994
  waterbird_complete50 = 1, forest2water2 = 0  [n = 134]:	loss = 1.589  exp loss = 1.793  adjusted loss = 1.793  adv prob = 0.250000   acc = 0.701
  waterbird_complete50 = 1, forest2water2 = 1  [n = 134]:	loss = 1.209  exp loss = 1.222  adjusted loss = 1.222  adv prob = 0.250000   acc = 0.724
Current lr: 0.000010
Current validation accuracy: 0.7014925479888916


Epoch [265]:
Training:
Average incurred loss: 0.035  
Average sample loss: 0.057  
Average acc: 0.978  
  waterbird_complete50 = 0, forest2water2 = 0  [n = 63]:	loss = 0.000  exp loss = 0.000  adjusted loss = 0.000  adv prob = 0.250000   acc = 1.000
  waterbird_complete50 = 0, forest2water2 = 1  [n = 57]:	loss = 0.000  exp loss = 0.000  adjusted loss = 0.000  adv prob = 0.250000   acc = 1.000
  waterbird_complete50 = 1, forest2water2 = 0  [n = 48]:	loss = 0.120  exp loss = 0.072  adjusted loss = 0.072  adv prob = 0.250000   acc = 0.938
  waterbird_complete50 = 1, forest2water2 = 1  [n = 57]:	loss = 0.037  exp loss = 0.032  adjusted loss = 0.032  adv prob = 0.250000   acc = 0.965

Validation:
Average incurred loss: 0.320  
Average sample loss: 0.316  
Average acc: 0.933  
  waterbird_complete50 = 0, forest2water2 = 0  [n = 465]:	loss = 0.004  exp loss = 0.002  adjusted loss = 0.002  adv prob = 0.250000   acc = 0.998
  waterbird_complete50 = 0, forest2water2 = 1  [n = 466]:	loss = 0.027  exp loss = 0.024  adjusted loss = 0.024  adv prob = 0.250000   acc = 0.994
  waterbird_complete50 = 1, forest2water2 = 0  [n = 134]:	loss = 1.556  exp loss = 1.760  adjusted loss = 1.760  adv prob = 0.250000   acc = 0.701
  waterbird_complete50 = 1, forest2water2 = 1  [n = 134]:	loss = 1.199  exp loss = 1.214  adjusted loss = 1.214  adv prob = 0.250000   acc = 0.731
Current lr: 0.000010
Current validation accuracy: 0.7014925479888916


Epoch [266]:
Training:
Average incurred loss: 0.025  
Average sample loss: 0.027  
Average acc: 0.991  
  waterbird_complete50 = 0, forest2water2 = 0  [n = 60]:	loss = 0.000  exp loss = 0.000  adjusted loss = 0.000  adv prob = 0.250000   acc = 1.000
  waterbird_complete50 = 0, forest2water2 = 1  [n = 55]:	loss = 0.000  exp loss = 0.000  adjusted loss = 0.000  adv prob = 0.250000   acc = 1.000
  waterbird_complete50 = 1, forest2water2 = 0  [n = 57]:	loss = 0.072  exp loss = 0.080  adjusted loss = 0.080  adv prob = 0.250000   acc = 0.965
  waterbird_complete50 = 1, forest2water2 = 1  [n = 53]:	loss = 0.028  exp loss = 0.029  adjusted loss = 0.029  adv prob = 0.250000   acc = 1.000

Validation:
Average incurred loss: 0.308  
Average sample loss: 0.304  
Average acc: 0.937  
  waterbird_complete50 = 0, forest2water2 = 0  [n = 465]:	loss = 0.005  exp loss = 0.002  adjusted loss = 0.002  adv prob = 0.250000   acc = 0.998
  waterbird_complete50 = 0, forest2water2 = 1  [n = 466]:	loss = 0.028  exp loss = 0.025  adjusted loss = 0.025  adv prob = 0.250000   acc = 0.994
  waterbird_complete50 = 1, forest2water2 = 0  [n = 134]:	loss = 1.499  exp loss = 1.695  adjusted loss = 1.695  adv prob = 0.250000   acc = 0.716
  waterbird_complete50 = 1, forest2water2 = 1  [n = 134]:	loss = 1.142  exp loss = 1.157  adjusted loss = 1.157  adv prob = 0.250000   acc = 0.746
Current lr: 0.000010
Current validation accuracy: 0.7164179086685181


Epoch [267]:
Training:
Average incurred loss: 0.005  
Average sample loss: 0.005  
Average acc: 1.000  
  waterbird_complete50 = 0, forest2water2 = 0  [n = 56]:	loss = 0.000  exp loss = 0.000  adjusted loss = 0.000  adv prob = 0.250000   acc = 1.000
  waterbird_complete50 = 0, forest2water2 = 1  [n = 65]:	loss = 0.000  exp loss = 0.000  adjusted loss = 0.000  adv prob = 0.250000   acc = 1.000
  waterbird_complete50 = 1, forest2water2 = 0  [n = 49]:	loss = 0.012  exp loss = 0.055  adjusted loss = 0.055  adv prob = 0.250000   acc = 1.000
  waterbird_complete50 = 1, forest2water2 = 1  [n = 55]:	loss = 0.011  exp loss = 0.023  adjusted loss = 0.023  adv prob = 0.250000   acc = 1.000

Validation:
Average incurred loss: 0.293  
Average sample loss: 0.288  
Average acc: 0.941  
  waterbird_complete50 = 0, forest2water2 = 0  [n = 465]:	loss = 0.006  exp loss = 0.003  adjusted loss = 0.003  adv prob = 0.250000   acc = 0.998
  waterbird_complete50 = 0, forest2water2 = 1  [n = 466]:	loss = 0.030  exp loss = 0.027  adjusted loss = 0.027  adv prob = 0.250000   acc = 0.994
  waterbird_complete50 = 1, forest2water2 = 0  [n = 134]:	loss = 1.417  exp loss = 1.606  adjusted loss = 1.606  adv prob = 0.250000   acc = 0.724
  waterbird_complete50 = 1, forest2water2 = 1  [n = 134]:	loss = 1.077  exp loss = 1.101  adjusted loss = 1.101  adv prob = 0.250000   acc = 0.776
Current lr: 0.000010
Current validation accuracy: 0.7238806486129761


Epoch [268]:
Training:
Average incurred loss: 0.020  
Average sample loss: 0.018  
Average acc: 1.000  
  waterbird_complete50 = 0, forest2water2 = 0  [n = 59]:	loss = 0.000  exp loss = 0.000  adjusted loss = 0.000  adv prob = 0.250000   acc = 1.000
  waterbird_complete50 = 0, forest2water2 = 1  [n = 52]:	loss = 0.000  exp loss = 0.000  adjusted loss = 0.000  adv prob = 0.250000   acc = 1.000
  waterbird_complete50 = 1, forest2water2 = 0  [n = 47]:	loss = 0.052  exp loss = 0.052  adjusted loss = 0.052  adv prob = 0.250000   acc = 1.000
  waterbird_complete50 = 1, forest2water2 = 1  [n = 67]:	loss = 0.031  exp loss = 0.023  adjusted loss = 0.023  adv prob = 0.250000   acc = 1.000

Validation:
Average incurred loss: 0.290  
Average sample loss: 0.286  
Average acc: 0.940  
  waterbird_complete50 = 0, forest2water2 = 0  [n = 465]:	loss = 0.005  exp loss = 0.003  adjusted loss = 0.003  adv prob = 0.250000   acc = 0.998
  waterbird_complete50 = 0, forest2water2 = 1  [n = 466]:	loss = 0.030  exp loss = 0.027  adjusted loss = 0.027  adv prob = 0.250000   acc = 0.994
  waterbird_complete50 = 1, forest2water2 = 0  [n = 134]:	loss = 1.408  exp loss = 1.587  adjusted loss = 1.587  adv prob = 0.250000   acc = 0.724
  waterbird_complete50 = 1, forest2water2 = 1  [n = 134]:	loss = 1.068  exp loss = 1.093  adjusted loss = 1.093  adv prob = 0.250000   acc = 0.769
Current lr: 0.000010
Current validation accuracy: 0.7238805890083313


Epoch [269]:
Training:
Average incurred loss: 0.003  
Average sample loss: 0.003  
Average acc: 1.000  
  waterbird_complete50 = 0, forest2water2 = 0  [n = 56]:	loss = 0.000  exp loss = 0.000  adjusted loss = 0.000  adv prob = 0.250000   acc = 1.000
  waterbird_complete50 = 0, forest2water2 = 1  [n = 70]:	loss = 0.000  exp loss = 0.000  adjusted loss = 0.000  adv prob = 0.250000   acc = 1.000
  waterbird_complete50 = 1, forest2water2 = 0  [n = 48]:	loss = 0.008  exp loss = 0.037  adjusted loss = 0.037  adv prob = 0.250000   acc = 1.000
  waterbird_complete50 = 1, forest2water2 = 1  [n = 51]:	loss = 0.006  exp loss = 0.017  adjusted loss = 0.017  adv prob = 0.250000   acc = 1.000

Validation:
Average incurred loss: 0.280  
Average sample loss: 0.276  
Average acc: 0.940  
  waterbird_complete50 = 0, forest2water2 = 0  [n = 465]:	loss = 0.006  exp loss = 0.003  adjusted loss = 0.003  adv prob = 0.250000   acc = 0.998
  waterbird_complete50 = 0, forest2water2 = 1  [n = 466]:	loss = 0.032  exp loss = 0.029  adjusted loss = 0.029  adv prob = 0.250000   acc = 0.991
  waterbird_complete50 = 1, forest2water2 = 0  [n = 134]:	loss = 1.350  exp loss = 1.519  adjusted loss = 1.519  adv prob = 0.250000   acc = 0.724
  waterbird_complete50 = 1, forest2water2 = 1  [n = 134]:	loss = 1.022  exp loss = 1.049  adjusted loss = 1.049  adv prob = 0.250000   acc = 0.776
Current lr: 0.000010
Current validation accuracy: 0.7238806486129761


Epoch [270]:
Training:
Average incurred loss: 0.046  
Average sample loss: 0.040  
Average acc: 0.991  
  waterbird_complete50 = 0, forest2water2 = 0  [n = 57]:	loss = 0.000  exp loss = 0.000  adjusted loss = 0.000  adv prob = 0.250000   acc = 1.000
  waterbird_complete50 = 0, forest2water2 = 1  [n = 51]:	loss = 0.000  exp loss = 0.000  adjusted loss = 0.000  adv prob = 0.250000   acc = 1.000
  waterbird_complete50 = 1, forest2water2 = 0  [n = 62]:	loss = 0.115  exp loss = 0.048  adjusted loss = 0.048  adv prob = 0.250000   acc = 0.984
  waterbird_complete50 = 1, forest2water2 = 1  [n = 55]:	loss = 0.057  exp loss = 0.027  adjusted loss = 0.027  adv prob = 0.250000   acc = 0.982

Validation:
Average incurred loss: 0.292  
Average sample loss: 0.288  
Average acc: 0.939  
  waterbird_complete50 = 0, forest2water2 = 0  [n = 465]:	loss = 0.004  exp loss = 0.002  adjusted loss = 0.002  adv prob = 0.250000   acc = 0.998
  waterbird_complete50 = 0, forest2water2 = 1  [n = 466]:	loss = 0.030  exp loss = 0.027  adjusted loss = 0.027  adv prob = 0.250000   acc = 0.994
  waterbird_complete50 = 1, forest2water2 = 0  [n = 134]:	loss = 1.432  exp loss = 1.614  adjusted loss = 1.614  adv prob = 0.250000   acc = 0.724
  waterbird_complete50 = 1, forest2water2 = 1  [n = 134]:	loss = 1.065  exp loss = 1.083  adjusted loss = 1.083  adv prob = 0.250000   acc = 0.761
Current lr: 0.000010
Current validation accuracy: 0.7238806486129761


Epoch [271]:
Training:
Average incurred loss: 0.037  
Average sample loss: 0.033  
Average acc: 0.987  
  waterbird_complete50 = 0, forest2water2 = 0  [n = 45]:	loss = 0.000  exp loss = 0.000  adjusted loss = 0.000  adv prob = 0.250000   acc = 1.000
  waterbird_complete50 = 0, forest2water2 = 1  [n = 59]:	loss = 0.000  exp loss = 0.000  adjusted loss = 0.000  adv prob = 0.250000   acc = 1.000
  waterbird_complete50 = 1, forest2water2 = 0  [n = 58]:	loss = 0.090  exp loss = 0.057  adjusted loss = 0.057  adv prob = 0.250000   acc = 0.966
  waterbird_complete50 = 1, forest2water2 = 1  [n = 63]:	loss = 0.050  exp loss = 0.032  adjusted loss = 0.032  adv prob = 0.250000   acc = 0.984

Validation:
Average incurred loss: 0.307  
Average sample loss: 0.303  
Average acc: 0.935  
  waterbird_complete50 = 0, forest2water2 = 0  [n = 465]:	loss = 0.003  exp loss = 0.002  adjusted loss = 0.002  adv prob = 0.250000   acc = 0.998
  waterbird_complete50 = 0, forest2water2 = 1  [n = 466]:	loss = 0.028  exp loss = 0.025  adjusted loss = 0.025  adv prob = 0.250000   acc = 0.994
  waterbird_complete50 = 1, forest2water2 = 0  [n = 134]:	loss = 1.502  exp loss = 1.701  adjusted loss = 1.701  adv prob = 0.250000   acc = 0.709
  waterbird_complete50 = 1, forest2water2 = 1  [n = 134]:	loss = 1.137  exp loss = 1.154  adjusted loss = 1.154  adv prob = 0.250000   acc = 0.739
Current lr: 0.000010
Current validation accuracy: 0.7089552879333496


Epoch [272]:
Training:
Average incurred loss: 0.061  
Average sample loss: 0.053  
Average acc: 0.978  
  waterbird_complete50 = 0, forest2water2 = 0  [n = 53]:	loss = 0.000  exp loss = 0.000  adjusted loss = 0.000  adv prob = 0.250000   acc = 1.000
  waterbird_complete50 = 0, forest2water2 = 1  [n = 44]:	loss = 0.000  exp loss = 0.000  adjusted loss = 0.000  adv prob = 0.250000   acc = 1.000
  waterbird_complete50 = 1, forest2water2 = 0  [n = 65]:	loss = 0.125  exp loss = 0.072  adjusted loss = 0.072  adv prob = 0.250000   acc = 0.938
  waterbird_complete50 = 1, forest2water2 = 1  [n = 63]:	loss = 0.088  exp loss = 0.043  adjusted loss = 0.043  adv prob = 0.250000   acc = 0.984

Validation:
Average incurred loss: 0.319  
Average sample loss: 0.314  
Average acc: 0.934  
  waterbird_complete50 = 0, forest2water2 = 0  [n = 465]:	loss = 0.003  exp loss = 0.001  adjusted loss = 0.001  adv prob = 0.250000   acc = 0.998
  waterbird_complete50 = 0, forest2water2 = 1  [n = 466]:	loss = 0.026  exp loss = 0.024  adjusted loss = 0.024  adv prob = 0.250000   acc = 0.994
  waterbird_complete50 = 1, forest2water2 = 0  [n = 134]:	loss = 1.564  exp loss = 1.786  adjusted loss = 1.786  adv prob = 0.250000   acc = 0.701
  waterbird_complete50 = 1, forest2water2 = 1  [n = 134]:	loss = 1.186  exp loss = 1.195  adjusted loss = 1.195  adv prob = 0.250000   acc = 0.739
Current lr: 0.000010
Current validation accuracy: 0.7014925479888916


Epoch [273]:
Training:
Average incurred loss: 0.010  
Average sample loss: 0.015  
Average acc: 0.996  
  waterbird_complete50 = 0, forest2water2 = 0  [n = 54]:	loss = 0.000  exp loss = 0.000  adjusted loss = 0.000  adv prob = 0.250000   acc = 1.000
  waterbird_complete50 = 0, forest2water2 = 1  [n = 63]:	loss = 0.000  exp loss = 0.000  adjusted loss = 0.000  adv prob = 0.250000   acc = 1.000
  waterbird_complete50 = 1, forest2water2 = 0  [n = 54]:	loss = 0.026  exp loss = 0.068  adjusted loss = 0.068  adv prob = 0.250000   acc = 0.981
  waterbird_complete50 = 1, forest2water2 = 1  [n = 54]:	loss = 0.015  exp loss = 0.034  adjusted loss = 0.034  adv prob = 0.250000   acc = 1.000

Validation:
Average incurred loss: 0.318  
Average sample loss: 0.313  
Average acc: 0.935  
  waterbird_complete50 = 0, forest2water2 = 0  [n = 465]:	loss = 0.003  exp loss = 0.001  adjusted loss = 0.001  adv prob = 0.250000   acc = 0.998
  waterbird_complete50 = 0, forest2water2 = 1  [n = 466]:	loss = 0.026  exp loss = 0.023  adjusted loss = 0.023  adv prob = 0.250000   acc = 0.994
  waterbird_complete50 = 1, forest2water2 = 0  [n = 134]:	loss = 1.560  exp loss = 1.785  adjusted loss = 1.785  adv prob = 0.250000   acc = 0.701
  waterbird_complete50 = 1, forest2water2 = 1  [n = 134]:	loss = 1.182  exp loss = 1.192  adjusted loss = 1.192  adv prob = 0.250000   acc = 0.746
Current lr: 0.000010
Current validation accuracy: 0.7014925479888916


Epoch [274]:
Training:
Average incurred loss: 0.020  
Average sample loss: 0.017  
Average acc: 0.996  
  waterbird_complete50 = 0, forest2water2 = 0  [n = 60]:	loss = 0.000  exp loss = 0.000  adjusted loss = 0.000  adv prob = 0.250000   acc = 1.000
  waterbird_complete50 = 0, forest2water2 = 1  [n = 58]:	loss = 0.000  exp loss = 0.000  adjusted loss = 0.000  adv prob = 0.250000   acc = 1.000
  waterbird_complete50 = 1, forest2water2 = 0  [n = 56]:	loss = 0.045  exp loss = 0.055  adjusted loss = 0.055  adv prob = 0.250000   acc = 1.000
  waterbird_complete50 = 1, forest2water2 = 1  [n = 51]:	loss = 0.036  exp loss = 0.030  adjusted loss = 0.030  adv prob = 0.250000   acc = 0.980

Validation:
Average incurred loss: 0.294  
Average sample loss: 0.289  
Average acc: 0.941  
  waterbird_complete50 = 0, forest2water2 = 0  [n = 465]:	loss = 0.004  exp loss = 0.002  adjusted loss = 0.002  adv prob = 0.250000   acc = 0.998
  waterbird_complete50 = 0, forest2water2 = 1  [n = 466]:	loss = 0.031  exp loss = 0.028  adjusted loss = 0.028  adv prob = 0.250000   acc = 0.994
  waterbird_complete50 = 1, forest2water2 = 0  [n = 134]:	loss = 1.433  exp loss = 1.626  adjusted loss = 1.626  adv prob = 0.250000   acc = 0.731
  waterbird_complete50 = 1, forest2water2 = 1  [n = 134]:	loss = 1.073  exp loss = 1.092  adjusted loss = 1.092  adv prob = 0.250000   acc = 0.769
Current lr: 0.000010
Current validation accuracy: 0.7313432693481445


Epoch [275]:
Training:
Average incurred loss: 0.041  
Average sample loss: 0.036  
Average acc: 0.987  
  waterbird_complete50 = 0, forest2water2 = 0  [n = 62]:	loss = 0.000  exp loss = 0.000  adjusted loss = 0.000  adv prob = 0.250000   acc = 1.000
  waterbird_complete50 = 0, forest2water2 = 1  [n = 52]:	loss = 0.000  exp loss = 0.000  adjusted loss = 0.000  adv prob = 0.250000   acc = 1.000
  waterbird_complete50 = 1, forest2water2 = 0  [n = 60]:	loss = 0.111  exp loss = 0.060  adjusted loss = 0.060  adv prob = 0.250000   acc = 0.967
  waterbird_complete50 = 1, forest2water2 = 1  [n = 51]:	loss = 0.049  exp loss = 0.030  adjusted loss = 0.030  adv prob = 0.250000   acc = 0.980

Validation:
Average incurred loss: 0.284  
Average sample loss: 0.280  
Average acc: 0.940  
  waterbird_complete50 = 0, forest2water2 = 0  [n = 465]:	loss = 0.004  exp loss = 0.002  adjusted loss = 0.002  adv prob = 0.250000   acc = 0.998
  waterbird_complete50 = 0, forest2water2 = 1  [n = 466]:	loss = 0.033  exp loss = 0.029  adjusted loss = 0.029  adv prob = 0.250000   acc = 0.991
  waterbird_complete50 = 1, forest2water2 = 0  [n = 134]:	loss = 1.392  exp loss = 1.559  adjusted loss = 1.559  adv prob = 0.250000   acc = 0.731
  waterbird_complete50 = 1, forest2water2 = 1  [n = 134]:	loss = 1.018  exp loss = 1.040  adjusted loss = 1.040  adv prob = 0.250000   acc = 0.769
Current lr: 0.000010
Current validation accuracy: 0.7313433289527893


Epoch [276]:
Training:
Average incurred loss: 0.031  
Average sample loss: 0.027  
Average acc: 0.996  
  waterbird_complete50 = 0, forest2water2 = 0  [n = 46]:	loss = 0.000  exp loss = 0.000  adjusted loss = 0.000  adv prob = 0.250000   acc = 1.000
  waterbird_complete50 = 0, forest2water2 = 1  [n = 60]:	loss = 0.000  exp loss = 0.000  adjusted loss = 0.000  adv prob = 0.250000   acc = 1.000
  waterbird_complete50 = 1, forest2water2 = 0  [n = 61]:	loss = 0.061  exp loss = 0.056  adjusted loss = 0.056  adv prob = 0.250000   acc = 1.000
  waterbird_complete50 = 1, forest2water2 = 1  [n = 58]:	loss = 0.056  exp loss = 0.034  adjusted loss = 0.034  adv prob = 0.250000   acc = 0.983

Validation:
Average incurred loss: 0.305  
Average sample loss: 0.300  
Average acc: 0.936  
  waterbird_complete50 = 0, forest2water2 = 0  [n = 465]:	loss = 0.003  exp loss = 0.002  adjusted loss = 0.002  adv prob = 0.250000   acc = 0.998
  waterbird_complete50 = 0, forest2water2 = 1  [n = 466]:	loss = 0.029  exp loss = 0.026  adjusted loss = 0.026  adv prob = 0.250000   acc = 0.994
  waterbird_complete50 = 1, forest2water2 = 0  [n = 134]:	loss = 1.493  exp loss = 1.688  adjusted loss = 1.688  adv prob = 0.250000   acc = 0.709
  waterbird_complete50 = 1, forest2water2 = 1  [n = 134]:	loss = 1.119  exp loss = 1.138  adjusted loss = 1.138  adv prob = 0.250000   acc = 0.746
Current lr: 0.000010
Current validation accuracy: 0.7089552879333496


Epoch [277]:
Training:
Average incurred loss: 0.023  
Average sample loss: 0.020  
Average acc: 0.991  
  waterbird_complete50 = 0, forest2water2 = 0  [n = 60]:	loss = 0.000  exp loss = 0.000  adjusted loss = 0.000  adv prob = 0.250000   acc = 1.000
  waterbird_complete50 = 0, forest2water2 = 1  [n = 57]:	loss = 0.000  exp loss = 0.000  adjusted loss = 0.000  adv prob = 0.250000   acc = 1.000
  waterbird_complete50 = 1, forest2water2 = 0  [n = 60]:	loss = 0.044  exp loss = 0.048  adjusted loss = 0.048  adv prob = 0.250000   acc = 0.983
  waterbird_complete50 = 1, forest2water2 = 1  [n = 48]:	loss = 0.054  exp loss = 0.034  adjusted loss = 0.034  adv prob = 0.250000   acc = 0.979

Validation:
Average incurred loss: 0.292  
Average sample loss: 0.288  
Average acc: 0.938  
  waterbird_complete50 = 0, forest2water2 = 0  [n = 465]:	loss = 0.004  exp loss = 0.002  adjusted loss = 0.002  adv prob = 0.250000   acc = 0.998
  waterbird_complete50 = 0, forest2water2 = 1  [n = 466]:	loss = 0.032  exp loss = 0.029  adjusted loss = 0.029  adv prob = 0.250000   acc = 0.994
  waterbird_complete50 = 1, forest2water2 = 0  [n = 134]:	loss = 1.437  exp loss = 1.621  adjusted loss = 1.621  adv prob = 0.250000   acc = 0.709
  waterbird_complete50 = 1, forest2water2 = 1  [n = 134]:	loss = 1.051  exp loss = 1.078  adjusted loss = 1.078  adv prob = 0.250000   acc = 0.769
Current lr: 0.000010
Current validation accuracy: 0.7089552879333496


Epoch [278]:
Training:
Average incurred loss: 0.039  
Average sample loss: 0.034  
Average acc: 0.987  
  waterbird_complete50 = 0, forest2water2 = 0  [n = 55]:	loss = 0.000  exp loss = 0.000  adjusted loss = 0.000  adv prob = 0.250000   acc = 1.000
  waterbird_complete50 = 0, forest2water2 = 1  [n = 58]:	loss = 0.000  exp loss = 0.000  adjusted loss = 0.000  adv prob = 0.250000   acc = 1.000
  waterbird_complete50 = 1, forest2water2 = 0  [n = 57]:	loss = 0.085  exp loss = 0.053  adjusted loss = 0.053  adv prob = 0.250000   acc = 0.982
  waterbird_complete50 = 1, forest2water2 = 1  [n = 55]:	loss = 0.069  exp loss = 0.040  adjusted loss = 0.040  adv prob = 0.250000   acc = 0.964

Validation:
Average incurred loss: 0.277  
Average sample loss: 0.273  
Average acc: 0.941  
  waterbird_complete50 = 0, forest2water2 = 0  [n = 465]:	loss = 0.005  exp loss = 0.003  adjusted loss = 0.003  adv prob = 0.250000   acc = 0.998
  waterbird_complete50 = 0, forest2water2 = 1  [n = 466]:	loss = 0.036  exp loss = 0.032  adjusted loss = 0.032  adv prob = 0.250000   acc = 0.989
  waterbird_complete50 = 1, forest2water2 = 0  [n = 134]:	loss = 1.357  exp loss = 1.518  adjusted loss = 1.518  adv prob = 0.250000   acc = 0.731
  waterbird_complete50 = 1, forest2water2 = 1  [n = 134]:	loss = 0.979  exp loss = 1.008  adjusted loss = 1.008  adv prob = 0.250000   acc = 0.784
Current lr: 0.000010
Current validation accuracy: 0.7313432693481445


Epoch [279]:
Training:
Average incurred loss: 0.010  
Average sample loss: 0.012  
Average acc: 1.000  
  waterbird_complete50 = 0, forest2water2 = 0  [n = 62]:	loss = 0.000  exp loss = 0.000  adjusted loss = 0.000  adv prob = 0.250000   acc = 1.000
  waterbird_complete50 = 0, forest2water2 = 1  [n = 49]:	loss = 0.000  exp loss = 0.000  adjusted loss = 0.000  adv prob = 0.250000   acc = 1.000
  waterbird_complete50 = 1, forest2water2 = 0  [n = 62]:	loss = 0.026  exp loss = 0.046  adjusted loss = 0.046  adv prob = 0.250000   acc = 1.000
  waterbird_complete50 = 1, forest2water2 = 1  [n = 52]:	loss = 0.010  exp loss = 0.029  adjusted loss = 0.029  adv prob = 0.250000   acc = 1.000

Validation:
Average incurred loss: 0.288  
Average sample loss: 0.284  
Average acc: 0.940  
  waterbird_complete50 = 0, forest2water2 = 0  [n = 465]:	loss = 0.004  exp loss = 0.002  adjusted loss = 0.002  adv prob = 0.250000   acc = 0.998
  waterbird_complete50 = 0, forest2water2 = 1  [n = 466]:	loss = 0.033  exp loss = 0.030  adjusted loss = 0.030  adv prob = 0.250000   acc = 0.994
  waterbird_complete50 = 1, forest2water2 = 0  [n = 134]:	loss = 1.420  exp loss = 1.579  adjusted loss = 1.579  adv prob = 0.250000   acc = 0.716
  waterbird_complete50 = 1, forest2water2 = 1  [n = 134]:	loss = 1.025  exp loss = 1.044  adjusted loss = 1.044  adv prob = 0.250000   acc = 0.776
Current lr: 0.000010
Current validation accuracy: 0.7164179086685181


Epoch [280]:
Training:
Average incurred loss: 0.006  
Average sample loss: 0.005  
Average acc: 1.000  
  waterbird_complete50 = 0, forest2water2 = 0  [n = 49]:	loss = 0.000  exp loss = 0.000  adjusted loss = 0.000  adv prob = 0.250000   acc = 1.000
  waterbird_complete50 = 0, forest2water2 = 1  [n = 71]:	loss = 0.000  exp loss = 0.000  adjusted loss = 0.000  adv prob = 0.250000   acc = 1.000
  waterbird_complete50 = 1, forest2water2 = 0  [n = 49]:	loss = 0.019  exp loss = 0.036  adjusted loss = 0.036  adv prob = 0.250000   acc = 1.000
  waterbird_complete50 = 1, forest2water2 = 1  [n = 56]:	loss = 0.007  exp loss = 0.021  adjusted loss = 0.021  adv prob = 0.250000   acc = 1.000

Validation:
Average incurred loss: 0.278  
Average sample loss: 0.275  
Average acc: 0.940  
  waterbird_complete50 = 0, forest2water2 = 0  [n = 465]:	loss = 0.005  exp loss = 0.003  adjusted loss = 0.003  adv prob = 0.250000   acc = 0.998
  waterbird_complete50 = 0, forest2water2 = 1  [n = 466]:	loss = 0.034  exp loss = 0.030  adjusted loss = 0.030  adv prob = 0.250000   acc = 0.989
  waterbird_complete50 = 1, forest2water2 = 0  [n = 134]:	loss = 1.364  exp loss = 1.525  adjusted loss = 1.525  adv prob = 0.250000   acc = 0.731
  waterbird_complete50 = 1, forest2water2 = 1  [n = 134]:	loss = 0.991  exp loss = 1.016  adjusted loss = 1.016  adv prob = 0.250000   acc = 0.776
Current lr: 0.000010
Current validation accuracy: 0.7313432693481445


Epoch [281]:
Training:
Average incurred loss: 0.008  
Average sample loss: 0.009  
Average acc: 1.000  
  waterbird_complete50 = 0, forest2water2 = 0  [n = 55]:	loss = 0.000  exp loss = 0.000  adjusted loss = 0.000  adv prob = 0.250000   acc = 1.000
  waterbird_complete50 = 0, forest2water2 = 1  [n = 60]:	loss = 0.000  exp loss = 0.000  adjusted loss = 0.000  adv prob = 0.250000   acc = 1.000
  waterbird_complete50 = 1, forest2water2 = 0  [n = 50]:	loss = 0.020  exp loss = 0.030  adjusted loss = 0.030  adv prob = 0.250000   acc = 1.000
  waterbird_complete50 = 1, forest2water2 = 1  [n = 60]:	loss = 0.014  exp loss = 0.020  adjusted loss = 0.020  adv prob = 0.250000   acc = 1.000

Validation:
Average incurred loss: 0.297  
Average sample loss: 0.293  
Average acc: 0.938  
  waterbird_complete50 = 0, forest2water2 = 0  [n = 465]:	loss = 0.004  exp loss = 0.002  adjusted loss = 0.002  adv prob = 0.250000   acc = 0.998
  waterbird_complete50 = 0, forest2water2 = 1  [n = 466]:	loss = 0.031  exp loss = 0.027  adjusted loss = 0.027  adv prob = 0.250000   acc = 0.994
  waterbird_complete50 = 1, forest2water2 = 0  [n = 134]:	loss = 1.449  exp loss = 1.621  adjusted loss = 1.621  adv prob = 0.250000   acc = 0.716
  waterbird_complete50 = 1, forest2water2 = 1  [n = 134]:	loss = 1.088  exp loss = 1.113  adjusted loss = 1.113  adv prob = 0.250000   acc = 0.761
Current lr: 0.000010
Current validation accuracy: 0.7164179086685181


Epoch [282]:
Training:
Average incurred loss: 0.011  
Average sample loss: 0.015  
Average acc: 1.000  
  waterbird_complete50 = 0, forest2water2 = 0  [n = 55]:	loss = 0.000  exp loss = 0.000  adjusted loss = 0.000  adv prob = 0.250000   acc = 1.000
  waterbird_complete50 = 0, forest2water2 = 1  [n = 58]:	loss = 0.000  exp loss = 0.000  adjusted loss = 0.000  adv prob = 0.250000   acc = 1.000
  waterbird_complete50 = 1, forest2water2 = 0  [n = 58]:	loss = 0.023  exp loss = 0.030  adjusted loss = 0.030  adv prob = 0.250000   acc = 1.000
  waterbird_complete50 = 1, forest2water2 = 1  [n = 54]:	loss = 0.021  exp loss = 0.023  adjusted loss = 0.023  adv prob = 0.250000   acc = 1.000

Validation:
Average incurred loss: 0.306  
Average sample loss: 0.301  
Average acc: 0.937  
  waterbird_complete50 = 0, forest2water2 = 0  [n = 465]:	loss = 0.004  exp loss = 0.002  adjusted loss = 0.002  adv prob = 0.250000   acc = 0.998
  waterbird_complete50 = 0, forest2water2 = 1  [n = 466]:	loss = 0.030  exp loss = 0.027  adjusted loss = 0.027  adv prob = 0.250000   acc = 0.994
  waterbird_complete50 = 1, forest2water2 = 0  [n = 134]:	loss = 1.490  exp loss = 1.677  adjusted loss = 1.677  adv prob = 0.250000   acc = 0.716
  waterbird_complete50 = 1, forest2water2 = 1  [n = 134]:	loss = 1.126  exp loss = 1.145  adjusted loss = 1.145  adv prob = 0.250000   acc = 0.746
Current lr: 0.000010
Current validation accuracy: 0.7164179086685181


Epoch [283]:
Training:
Average incurred loss: 0.058  
Average sample loss: 0.094  
Average acc: 0.978  
  waterbird_complete50 = 0, forest2water2 = 0  [n = 56]:	loss = 0.000  exp loss = 0.000  adjusted loss = 0.000  adv prob = 0.250000   acc = 1.000
  waterbird_complete50 = 0, forest2water2 = 1  [n = 50]:	loss = 0.000  exp loss = 0.000  adjusted loss = 0.000  adv prob = 0.250000   acc = 1.000
  waterbird_complete50 = 1, forest2water2 = 0  [n = 64]:	loss = 0.098  exp loss = 0.060  adjusted loss = 0.060  adv prob = 0.250000   acc = 0.969
  waterbird_complete50 = 1, forest2water2 = 1  [n = 55]:	loss = 0.122  exp loss = 0.094  adjusted loss = 0.094  adv prob = 0.250000   acc = 0.945

Validation:
Average incurred loss: 0.316  
Average sample loss: 0.312  
Average acc: 0.937  
  waterbird_complete50 = 0, forest2water2 = 0  [n = 465]:	loss = 0.004  exp loss = 0.002  adjusted loss = 0.002  adv prob = 0.250000   acc = 0.998
  waterbird_complete50 = 0, forest2water2 = 1  [n = 466]:	loss = 0.029  exp loss = 0.026  adjusted loss = 0.026  adv prob = 0.250000   acc = 0.994
  waterbird_complete50 = 1, forest2water2 = 0  [n = 134]:	loss = 1.552  exp loss = 1.748  adjusted loss = 1.748  adv prob = 0.250000   acc = 0.709
  waterbird_complete50 = 1, forest2water2 = 1  [n = 134]:	loss = 1.162  exp loss = 1.186  adjusted loss = 1.186  adv prob = 0.250000   acc = 0.754
Current lr: 0.000010
Current validation accuracy: 0.7089552879333496


Epoch [284]:
Training:
Average incurred loss: 0.018  
Average sample loss: 0.025  
Average acc: 1.000  
  waterbird_complete50 = 0, forest2water2 = 0  [n = 52]:	loss = 0.000  exp loss = 0.000  adjusted loss = 0.000  adv prob = 0.250000   acc = 1.000
  waterbird_complete50 = 0, forest2water2 = 1  [n = 56]:	loss = 0.000  exp loss = 0.000  adjusted loss = 0.000  adv prob = 0.250000   acc = 1.000
  waterbird_complete50 = 1, forest2water2 = 0  [n = 49]:	loss = 0.042  exp loss = 0.065  adjusted loss = 0.065  adv prob = 0.250000   acc = 1.000
  waterbird_complete50 = 1, forest2water2 = 1  [n = 68]:	loss = 0.029  exp loss = 0.073  adjusted loss = 0.073  adv prob = 0.250000   acc = 1.000

Validation:
Average incurred loss: 0.336  
Average sample loss: 0.331  
Average acc: 0.933  
  waterbird_complete50 = 0, forest2water2 = 0  [n = 465]:	loss = 0.003  exp loss = 0.001  adjusted loss = 0.001  adv prob = 0.250000   acc = 0.998
  waterbird_complete50 = 0, forest2water2 = 1  [n = 466]:	loss = 0.026  exp loss = 0.023  adjusted loss = 0.023  adv prob = 0.250000   acc = 0.994
  waterbird_complete50 = 1, forest2water2 = 0  [n = 134]:	loss = 1.635  exp loss = 1.856  adjusted loss = 1.856  adv prob = 0.250000   acc = 0.701
  waterbird_complete50 = 1, forest2water2 = 1  [n = 134]:	loss = 1.269  exp loss = 1.278  adjusted loss = 1.278  adv prob = 0.250000   acc = 0.731
Current lr: 0.000010
Current validation accuracy: 0.7014925479888916


Epoch [285]:
Training:
Average incurred loss: 0.006  
Average sample loss: 0.007  
Average acc: 1.000  
  waterbird_complete50 = 0, forest2water2 = 0  [n = 54]:	loss = 0.000  exp loss = 0.000  adjusted loss = 0.000  adv prob = 0.250000   acc = 1.000
  waterbird_complete50 = 0, forest2water2 = 1  [n = 60]:	loss = 0.000  exp loss = 0.000  adjusted loss = 0.000  adv prob = 0.250000   acc = 1.000
  waterbird_complete50 = 1, forest2water2 = 0  [n = 64]:	loss = 0.009  exp loss = 0.046  adjusted loss = 0.046  adv prob = 0.250000   acc = 1.000
  waterbird_complete50 = 1, forest2water2 = 1  [n = 47]:	loss = 0.018  exp loss = 0.056  adjusted loss = 0.056  adv prob = 0.250000   acc = 1.000

Validation:
Average incurred loss: 0.315  
Average sample loss: 0.310  
Average acc: 0.935  
  waterbird_complete50 = 0, forest2water2 = 0  [n = 465]:	loss = 0.003  exp loss = 0.002  adjusted loss = 0.002  adv prob = 0.250000   acc = 0.998
  waterbird_complete50 = 0, forest2water2 = 1  [n = 466]:	loss = 0.028  exp loss = 0.025  adjusted loss = 0.025  adv prob = 0.250000   acc = 0.994
  waterbird_complete50 = 1, forest2water2 = 0  [n = 134]:	loss = 1.535  exp loss = 1.738  adjusted loss = 1.738  adv prob = 0.250000   acc = 0.701
  waterbird_complete50 = 1, forest2water2 = 1  [n = 134]:	loss = 1.172  exp loss = 1.187  adjusted loss = 1.187  adv prob = 0.250000   acc = 0.746
Current lr: 0.000010
Current validation accuracy: 0.7014925479888916


Epoch [286]:
Training:
Average incurred loss: 0.001  
Average sample loss: 0.002  
Average acc: 1.000  
  waterbird_complete50 = 0, forest2water2 = 0  [n = 74]:	loss = 0.000  exp loss = 0.000  adjusted loss = 0.000  adv prob = 0.250000   acc = 1.000
  waterbird_complete50 = 0, forest2water2 = 1  [n = 56]:	loss = 0.000  exp loss = 0.000  adjusted loss = 0.000  adv prob = 0.250000   acc = 1.000
  waterbird_complete50 = 1, forest2water2 = 0  [n = 46]:	loss = 0.002  exp loss = 0.031  adjusted loss = 0.031  adv prob = 0.250000   acc = 1.000
  waterbird_complete50 = 1, forest2water2 = 1  [n = 49]:	loss = 0.004  exp loss = 0.039  adjusted loss = 0.039  adv prob = 0.250000   acc = 1.000

Validation:
Average incurred loss: 0.279  
Average sample loss: 0.275  
Average acc: 0.941  
  waterbird_complete50 = 0, forest2water2 = 0  [n = 465]:	loss = 0.005  exp loss = 0.003  adjusted loss = 0.003  adv prob = 0.250000   acc = 0.998
  waterbird_complete50 = 0, forest2water2 = 1  [n = 466]:	loss = 0.033  exp loss = 0.030  adjusted loss = 0.030  adv prob = 0.250000   acc = 0.991
  waterbird_complete50 = 1, forest2water2 = 0  [n = 134]:	loss = 1.357  exp loss = 1.527  adjusted loss = 1.527  adv prob = 0.250000   acc = 0.731
  waterbird_complete50 = 1, forest2water2 = 1  [n = 134]:	loss = 1.004  exp loss = 1.031  adjusted loss = 1.031  adv prob = 0.250000   acc = 0.776
Current lr: 0.000010
Current validation accuracy: 0.7313433289527893


Epoch [287]:
Training:
Average incurred loss: 0.022  
Average sample loss: 0.019  
Average acc: 0.987  
  waterbird_complete50 = 0, forest2water2 = 0  [n = 57]:	loss = 0.000  exp loss = 0.000  adjusted loss = 0.000  adv prob = 0.250000   acc = 1.000
  waterbird_complete50 = 0, forest2water2 = 1  [n = 58]:	loss = 0.000  exp loss = 0.000  adjusted loss = 0.000  adv prob = 0.250000   acc = 1.000
  waterbird_complete50 = 1, forest2water2 = 0  [n = 61]:	loss = 0.061  exp loss = 0.035  adjusted loss = 0.035  adv prob = 0.250000   acc = 0.951
  waterbird_complete50 = 1, forest2water2 = 1  [n = 49]:	loss = 0.024  exp loss = 0.031  adjusted loss = 0.031  adv prob = 0.250000   acc = 1.000

Validation:
Average incurred loss: 0.278  
Average sample loss: 0.274  
Average acc: 0.941  
  waterbird_complete50 = 0, forest2water2 = 0  [n = 465]:	loss = 0.005  exp loss = 0.003  adjusted loss = 0.003  adv prob = 0.250000   acc = 0.998
  waterbird_complete50 = 0, forest2water2 = 1  [n = 466]:	loss = 0.034  exp loss = 0.030  adjusted loss = 0.030  adv prob = 0.250000   acc = 0.991
  waterbird_complete50 = 1, forest2water2 = 0  [n = 134]:	loss = 1.353  exp loss = 1.519  adjusted loss = 1.519  adv prob = 0.250000   acc = 0.731
  waterbird_complete50 = 1, forest2water2 = 1  [n = 134]:	loss = 0.996  exp loss = 1.023  adjusted loss = 1.023  adv prob = 0.250000   acc = 0.776
Current lr: 0.000010
Current validation accuracy: 0.7313433289527893


Epoch [288]:
Training:
Average incurred loss: 0.048  
Average sample loss: 0.046  
Average acc: 0.991  
  waterbird_complete50 = 0, forest2water2 = 0  [n = 44]:	loss = 0.000  exp loss = 0.000  adjusted loss = 0.000  adv prob = 0.250000   acc = 1.000
  waterbird_complete50 = 0, forest2water2 = 1  [n = 56]:	loss = 0.000  exp loss = 0.000  adjusted loss = 0.000  adv prob = 0.250000   acc = 1.000
  waterbird_complete50 = 1, forest2water2 = 0  [n = 63]:	loss = 0.134  exp loss = 0.056  adjusted loss = 0.056  adv prob = 0.250000   acc = 0.968
  waterbird_complete50 = 1, forest2water2 = 1  [n = 62]:	loss = 0.039  exp loss = 0.034  adjusted loss = 0.034  adv prob = 0.250000   acc = 1.000

Validation:
Average incurred loss: 0.319  
Average sample loss: 0.314  
Average acc: 0.934  
  waterbird_complete50 = 0, forest2water2 = 0  [n = 465]:	loss = 0.003  exp loss = 0.002  adjusted loss = 0.002  adv prob = 0.250000   acc = 0.998
  waterbird_complete50 = 0, forest2water2 = 1  [n = 466]:	loss = 0.026  exp loss = 0.023  adjusted loss = 0.023  adv prob = 0.250000   acc = 0.994
  waterbird_complete50 = 1, forest2water2 = 0  [n = 134]:	loss = 1.559  exp loss = 1.764  adjusted loss = 1.764  adv prob = 0.250000   acc = 0.701
  waterbird_complete50 = 1, forest2water2 = 1  [n = 134]:	loss = 1.192  exp loss = 1.207  adjusted loss = 1.207  adv prob = 0.250000   acc = 0.739
Current lr: 0.000010
Current validation accuracy: 0.7014925479888916


Epoch [289]:
Training:
Average incurred loss: 0.029  
Average sample loss: 0.025  
Average acc: 0.987  
  waterbird_complete50 = 0, forest2water2 = 0  [n = 50]:	loss = 0.000  exp loss = 0.000  adjusted loss = 0.000  adv prob = 0.250000   acc = 1.000
  waterbird_complete50 = 0, forest2water2 = 1  [n = 56]:	loss = 0.000  exp loss = 0.000  adjusted loss = 0.000  adv prob = 0.250000   acc = 1.000
  waterbird_complete50 = 1, forest2water2 = 0  [n = 59]:	loss = 0.095  exp loss = 0.057  adjusted loss = 0.057  adv prob = 0.250000   acc = 0.949
  waterbird_complete50 = 1, forest2water2 = 1  [n = 60]:	loss = 0.014  exp loss = 0.026  adjusted loss = 0.026  adv prob = 0.250000   acc = 1.000

Validation:
Average incurred loss: 0.320  
Average sample loss: 0.315  
Average acc: 0.935  
  waterbird_complete50 = 0, forest2water2 = 0  [n = 465]:	loss = 0.003  exp loss = 0.002  adjusted loss = 0.002  adv prob = 0.250000   acc = 0.998
  waterbird_complete50 = 0, forest2water2 = 1  [n = 466]:	loss = 0.026  exp loss = 0.024  adjusted loss = 0.024  adv prob = 0.250000   acc = 0.994
  waterbird_complete50 = 1, forest2water2 = 0  [n = 134]:	loss = 1.562  exp loss = 1.776  adjusted loss = 1.776  adv prob = 0.250000   acc = 0.701
  waterbird_complete50 = 1, forest2water2 = 1  [n = 134]:	loss = 1.194  exp loss = 1.209  adjusted loss = 1.209  adv prob = 0.250000   acc = 0.746
Current lr: 0.000010
Current validation accuracy: 0.7014925479888916


Epoch [290]:
Training:
Average incurred loss: 0.052  
Average sample loss: 0.046  
Average acc: 0.982  
  waterbird_complete50 = 0, forest2water2 = 0  [n = 52]:	loss = 0.000  exp loss = 0.000  adjusted loss = 0.000  adv prob = 0.250000   acc = 1.000
  waterbird_complete50 = 0, forest2water2 = 1  [n = 60]:	loss = 0.000  exp loss = 0.000  adjusted loss = 0.000  adv prob = 0.250000   acc = 1.000
  waterbird_complete50 = 1, forest2water2 = 0  [n = 55]:	loss = 0.120  exp loss = 0.061  adjusted loss = 0.061  adv prob = 0.250000   acc = 0.945
  waterbird_complete50 = 1, forest2water2 = 1  [n = 58]:	loss = 0.087  exp loss = 0.039  adjusted loss = 0.039  adv prob = 0.250000   acc = 0.983

Validation:
Average incurred loss: 0.315  
Average sample loss: 0.310  
Average acc: 0.934  
  waterbird_complete50 = 0, forest2water2 = 0  [n = 465]:	loss = 0.003  exp loss = 0.002  adjusted loss = 0.002  adv prob = 0.250000   acc = 0.998
  waterbird_complete50 = 0, forest2water2 = 1  [n = 466]:	loss = 0.026  exp loss = 0.024  adjusted loss = 0.024  adv prob = 0.250000   acc = 0.994
  waterbird_complete50 = 1, forest2water2 = 0  [n = 134]:	loss = 1.551  exp loss = 1.758  adjusted loss = 1.758  adv prob = 0.250000   acc = 0.701
  waterbird_complete50 = 1, forest2water2 = 1  [n = 134]:	loss = 1.163  exp loss = 1.180  adjusted loss = 1.180  adv prob = 0.250000   acc = 0.739
Current lr: 0.000010
Current validation accuracy: 0.7014925479888916


Epoch [291]:
Training:
Average incurred loss: 0.002  
Average sample loss: 0.002  
Average acc: 1.000  
  waterbird_complete50 = 0, forest2water2 = 0  [n = 69]:	loss = 0.000  exp loss = 0.000  adjusted loss = 0.000  adv prob = 0.250000   acc = 1.000
  waterbird_complete50 = 0, forest2water2 = 1  [n = 61]:	loss = 0.000  exp loss = 0.000  adjusted loss = 0.000  adv prob = 0.250000   acc = 1.000
  waterbird_complete50 = 1, forest2water2 = 0  [n = 45]:	loss = 0.003  exp loss = 0.041  adjusted loss = 0.041  adv prob = 0.250000   acc = 1.000
  waterbird_complete50 = 1, forest2water2 = 1  [n = 50]:	loss = 0.005  exp loss = 0.026  adjusted loss = 0.026  adv prob = 0.250000   acc = 1.000

Validation:
Average incurred loss: 0.272  
Average sample loss: 0.269  
Average acc: 0.941  
  waterbird_complete50 = 0, forest2water2 = 0  [n = 465]:	loss = 0.005  exp loss = 0.003  adjusted loss = 0.003  adv prob = 0.250000   acc = 0.998
  waterbird_complete50 = 0, forest2water2 = 1  [n = 466]:	loss = 0.034  exp loss = 0.030  adjusted loss = 0.030  adv prob = 0.250000   acc = 0.994
  waterbird_complete50 = 1, forest2water2 = 0  [n = 134]:	loss = 1.341  exp loss = 1.503  adjusted loss = 1.503  adv prob = 0.250000   acc = 0.724
  waterbird_complete50 = 1, forest2water2 = 1  [n = 134]:	loss = 0.959  exp loss = 0.995  adjusted loss = 0.995  adv prob = 0.250000   acc = 0.776
Current lr: 0.000010
Current validation accuracy: 0.7238806486129761


Epoch [292]:
Training:
Average incurred loss: 0.053  
Average sample loss: 0.048  
Average acc: 0.978  
  waterbird_complete50 = 0, forest2water2 = 0  [n = 46]:	loss = 0.000  exp loss = 0.000  adjusted loss = 0.000  adv prob = 0.250000   acc = 1.000
  waterbird_complete50 = 0, forest2water2 = 1  [n = 51]:	loss = 0.000  exp loss = 0.000  adjusted loss = 0.000  adv prob = 0.250000   acc = 1.000
  waterbird_complete50 = 1, forest2water2 = 0  [n = 68]:	loss = 0.124  exp loss = 0.063  adjusted loss = 0.063  adv prob = 0.250000   acc = 0.926
  waterbird_complete50 = 1, forest2water2 = 1  [n = 60]:	loss = 0.059  exp loss = 0.034  adjusted loss = 0.034  adv prob = 0.250000   acc = 1.000

Validation:
Average incurred loss: 0.304  
Average sample loss: 0.300  
Average acc: 0.938  
  waterbird_complete50 = 0, forest2water2 = 0  [n = 465]:	loss = 0.004  exp loss = 0.002  adjusted loss = 0.002  adv prob = 0.250000   acc = 0.998
  waterbird_complete50 = 0, forest2water2 = 1  [n = 466]:	loss = 0.029  exp loss = 0.026  adjusted loss = 0.026  adv prob = 0.250000   acc = 0.994
  waterbird_complete50 = 1, forest2water2 = 0  [n = 134]:	loss = 1.502  exp loss = 1.695  adjusted loss = 1.695  adv prob = 0.250000   acc = 0.716
  waterbird_complete50 = 1, forest2water2 = 1  [n = 134]:	loss = 1.107  exp loss = 1.132  adjusted loss = 1.132  adv prob = 0.250000   acc = 0.761
Current lr: 0.000010
Current validation accuracy: 0.7164179086685181


Epoch [293]:
Training:
Average incurred loss: 0.010  
Average sample loss: 0.011  
Average acc: 1.000  
  waterbird_complete50 = 0, forest2water2 = 0  [n = 56]:	loss = 0.000  exp loss = 0.000  adjusted loss = 0.000  adv prob = 0.250000   acc = 1.000
  waterbird_complete50 = 0, forest2water2 = 1  [n = 67]:	loss = 0.000  exp loss = 0.000  adjusted loss = 0.000  adv prob = 0.250000   acc = 1.000
  waterbird_complete50 = 1, forest2water2 = 0  [n = 50]:	loss = 0.010  exp loss = 0.045  adjusted loss = 0.045  adv prob = 0.250000   acc = 1.000
  waterbird_complete50 = 1, forest2water2 = 1  [n = 52]:	loss = 0.031  exp loss = 0.038  adjusted loss = 0.038  adv prob = 0.250000   acc = 1.000

Validation:
Average incurred loss: 0.297  
Average sample loss: 0.293  
Average acc: 0.937  
  waterbird_complete50 = 0, forest2water2 = 0  [n = 465]:	loss = 0.004  exp loss = 0.002  adjusted loss = 0.002  adv prob = 0.250000   acc = 0.998
  waterbird_complete50 = 0, forest2water2 = 1  [n = 466]:	loss = 0.030  exp loss = 0.027  adjusted loss = 0.027  adv prob = 0.250000   acc = 0.994
  waterbird_complete50 = 1, forest2water2 = 0  [n = 134]:	loss = 1.456  exp loss = 1.638  adjusted loss = 1.638  adv prob = 0.250000   acc = 0.709
  waterbird_complete50 = 1, forest2water2 = 1  [n = 134]:	loss = 1.082  exp loss = 1.106  adjusted loss = 1.106  adv prob = 0.250000   acc = 0.761
Current lr: 0.000010
Current validation accuracy: 0.7089552879333496


Epoch [294]:
Training:
Average incurred loss: 0.004  
Average sample loss: 0.004  
Average acc: 1.000  
  waterbird_complete50 = 0, forest2water2 = 0  [n = 63]:	loss = 0.000  exp loss = 0.000  adjusted loss = 0.000  adv prob = 0.250000   acc = 1.000
  waterbird_complete50 = 0, forest2water2 = 1  [n = 54]:	loss = 0.000  exp loss = 0.000  adjusted loss = 0.000  adv prob = 0.250000   acc = 1.000
  waterbird_complete50 = 1, forest2water2 = 0  [n = 50]:	loss = 0.006  exp loss = 0.031  adjusted loss = 0.031  adv prob = 0.250000   acc = 1.000
  waterbird_complete50 = 1, forest2water2 = 1  [n = 58]:	loss = 0.010  exp loss = 0.029  adjusted loss = 0.029  adv prob = 0.250000   acc = 1.000

Validation:
Average incurred loss: 0.286  
Average sample loss: 0.282  
Average acc: 0.940  
  waterbird_complete50 = 0, forest2water2 = 0  [n = 465]:	loss = 0.004  exp loss = 0.002  adjusted loss = 0.002  adv prob = 0.250000   acc = 0.998
  waterbird_complete50 = 0, forest2water2 = 1  [n = 466]:	loss = 0.032  exp loss = 0.028  adjusted loss = 0.028  adv prob = 0.250000   acc = 0.994
  waterbird_complete50 = 1, forest2water2 = 0  [n = 134]:	loss = 1.404  exp loss = 1.590  adjusted loss = 1.590  adv prob = 0.250000   acc = 0.724
  waterbird_complete50 = 1, forest2water2 = 1  [n = 134]:	loss = 1.030  exp loss = 1.059  adjusted loss = 1.059  adv prob = 0.250000   acc = 0.769
Current lr: 0.000010
Current validation accuracy: 0.7238806486129761


Epoch [295]:
Training:
Average incurred loss: 0.002  
Average sample loss: 0.003  
Average acc: 1.000  
  waterbird_complete50 = 0, forest2water2 = 0  [n = 66]:	loss = 0.000  exp loss = 0.000  adjusted loss = 0.000  adv prob = 0.250000   acc = 1.000
  waterbird_complete50 = 0, forest2water2 = 1  [n = 54]:	loss = 0.000  exp loss = 0.000  adjusted loss = 0.000  adv prob = 0.250000   acc = 1.000
  waterbird_complete50 = 1, forest2water2 = 0  [n = 46]:	loss = 0.005  exp loss = 0.023  adjusted loss = 0.023  adv prob = 0.250000   acc = 1.000
  waterbird_complete50 = 1, forest2water2 = 1  [n = 59]:	loss = 0.005  exp loss = 0.020  adjusted loss = 0.020  adv prob = 0.250000   acc = 1.000

Validation:
Average incurred loss: 0.280  
Average sample loss: 0.276  
Average acc: 0.942  
  waterbird_complete50 = 0, forest2water2 = 0  [n = 465]:	loss = 0.005  exp loss = 0.002  adjusted loss = 0.002  adv prob = 0.250000   acc = 0.998
  waterbird_complete50 = 0, forest2water2 = 1  [n = 466]:	loss = 0.033  exp loss = 0.030  adjusted loss = 0.030  adv prob = 0.250000   acc = 0.994
  waterbird_complete50 = 1, forest2water2 = 0  [n = 134]:	loss = 1.366  exp loss = 1.542  adjusted loss = 1.542  adv prob = 0.250000   acc = 0.739
  waterbird_complete50 = 1, forest2water2 = 1  [n = 134]:	loss = 1.003  exp loss = 1.030  adjusted loss = 1.030  adv prob = 0.250000   acc = 0.769
Current lr: 0.000010
Current validation accuracy: 0.738805890083313


Epoch [296]:
Training:
Average incurred loss: 0.035  
Average sample loss: 0.041  
Average acc: 0.978  
  waterbird_complete50 = 0, forest2water2 = 0  [n = 66]:	loss = 0.000  exp loss = 0.000  adjusted loss = 0.000  adv prob = 0.250000   acc = 1.000
  waterbird_complete50 = 0, forest2water2 = 1  [n = 43]:	loss = 0.000  exp loss = 0.000  adjusted loss = 0.000  adv prob = 0.250000   acc = 1.000
  waterbird_complete50 = 1, forest2water2 = 0  [n = 53]:	loss = 0.121  exp loss = 0.053  adjusted loss = 0.053  adv prob = 0.250000   acc = 0.906
  waterbird_complete50 = 1, forest2water2 = 1  [n = 63]:	loss = 0.023  exp loss = 0.023  adjusted loss = 0.023  adv prob = 0.250000   acc = 1.000

Validation:
Average incurred loss: 0.308  
Average sample loss: 0.304  
Average acc: 0.935  
  waterbird_complete50 = 0, forest2water2 = 0  [n = 465]:	loss = 0.003  exp loss = 0.002  adjusted loss = 0.002  adv prob = 0.250000   acc = 0.998
  waterbird_complete50 = 0, forest2water2 = 1  [n = 466]:	loss = 0.028  exp loss = 0.025  adjusted loss = 0.025  adv prob = 0.250000   acc = 0.994
  waterbird_complete50 = 1, forest2water2 = 0  [n = 134]:	loss = 1.517  exp loss = 1.722  adjusted loss = 1.722  adv prob = 0.250000   acc = 0.701
  waterbird_complete50 = 1, forest2water2 = 1  [n = 134]:	loss = 1.132  exp loss = 1.150  adjusted loss = 1.150  adv prob = 0.250000   acc = 0.746
Current lr: 0.000010
Current validation accuracy: 0.7014925479888916


Epoch [297]:
Training:
Average incurred loss: 0.056  
Average sample loss: 0.095  
Average acc: 0.973  
  waterbird_complete50 = 0, forest2water2 = 0  [n = 53]:	loss = 0.000  exp loss = 0.000  adjusted loss = 0.000  adv prob = 0.250000   acc = 1.000
  waterbird_complete50 = 0, forest2water2 = 1  [n = 64]:	loss = 0.000  exp loss = 0.000  adjusted loss = 0.000  adv prob = 0.250000   acc = 1.000
  waterbird_complete50 = 1, forest2water2 = 0  [n = 57]:	loss = 0.078  exp loss = 0.066  adjusted loss = 0.066  adv prob = 0.250000   acc = 0.965
  waterbird_complete50 = 1, forest2water2 = 1  [n = 51]:	loss = 0.160  exp loss = 0.106  adjusted loss = 0.106  adv prob = 0.250000   acc = 0.922

Validation:
Average incurred loss: 0.303  
Average sample loss: 0.299  
Average acc: 0.937  
  waterbird_complete50 = 0, forest2water2 = 0  [n = 465]:	loss = 0.004  exp loss = 0.002  adjusted loss = 0.002  adv prob = 0.250000   acc = 0.998
  waterbird_complete50 = 0, forest2water2 = 1  [n = 466]:	loss = 0.028  exp loss = 0.025  adjusted loss = 0.025  adv prob = 0.250000   acc = 0.994
  waterbird_complete50 = 1, forest2water2 = 0  [n = 134]:	loss = 1.488  exp loss = 1.686  adjusted loss = 1.686  adv prob = 0.250000   acc = 0.716
  waterbird_complete50 = 1, forest2water2 = 1  [n = 134]:	loss = 1.115  exp loss = 1.138  adjusted loss = 1.138  adv prob = 0.250000   acc = 0.746
Current lr: 0.000010
Current validation accuracy: 0.7164179086685181


Epoch [298]:
Training:
Average incurred loss: 0.006  
Average sample loss: 0.005  
Average acc: 1.000  
  waterbird_complete50 = 0, forest2water2 = 0  [n = 62]:	loss = 0.000  exp loss = 0.000  adjusted loss = 0.000  adv prob = 0.250000   acc = 1.000
  waterbird_complete50 = 0, forest2water2 = 1  [n = 54]:	loss = 0.000  exp loss = 0.000  adjusted loss = 0.000  adv prob = 0.250000   acc = 1.000
  waterbird_complete50 = 1, forest2water2 = 0  [n = 52]:	loss = 0.014  exp loss = 0.047  adjusted loss = 0.047  adv prob = 0.250000   acc = 1.000
  waterbird_complete50 = 1, forest2water2 = 1  [n = 57]:	loss = 0.008  exp loss = 0.072  adjusted loss = 0.072  adv prob = 0.250000   acc = 1.000

Validation:
Average incurred loss: 0.291  
Average sample loss: 0.287  
Average acc: 0.938  
  waterbird_complete50 = 0, forest2water2 = 0  [n = 465]:	loss = 0.004  exp loss = 0.002  adjusted loss = 0.002  adv prob = 0.250000   acc = 0.998
  waterbird_complete50 = 0, forest2water2 = 1  [n = 466]:	loss = 0.031  exp loss = 0.028  adjusted loss = 0.028  adv prob = 0.250000   acc = 0.994
  waterbird_complete50 = 1, forest2water2 = 0  [n = 134]:	loss = 1.423  exp loss = 1.606  adjusted loss = 1.606  adv prob = 0.250000   acc = 0.724
  waterbird_complete50 = 1, forest2water2 = 1  [n = 134]:	loss = 1.059  exp loss = 1.081  adjusted loss = 1.081  adv prob = 0.250000   acc = 0.754
Current lr: 0.000010
Current validation accuracy: 0.7238806486129761


Epoch [299]:
Training:
Average incurred loss: 0.002  
Average sample loss: 0.002  
Average acc: 1.000  
  waterbird_complete50 = 0, forest2water2 = 0  [n = 79]:	loss = 0.000  exp loss = 0.000  adjusted loss = 0.000  adv prob = 0.250000   acc = 1.000
  waterbird_complete50 = 0, forest2water2 = 1  [n = 48]:	loss = 0.000  exp loss = 0.000  adjusted loss = 0.000  adv prob = 0.250000   acc = 1.000
  waterbird_complete50 = 1, forest2water2 = 0  [n = 51]:	loss = 0.004  exp loss = 0.032  adjusted loss = 0.032  adv prob = 0.250000   acc = 1.000
  waterbird_complete50 = 1, forest2water2 = 1  [n = 47]:	loss = 0.004  exp loss = 0.048  adjusted loss = 0.048  adv prob = 0.250000   acc = 1.000

Validation:
Average incurred loss: 0.262  
Average sample loss: 0.258  
Average acc: 0.942  
  waterbird_complete50 = 0, forest2water2 = 0  [n = 465]:	loss = 0.007  exp loss = 0.003  adjusted loss = 0.003  adv prob = 0.250000   acc = 0.998
  waterbird_complete50 = 0, forest2water2 = 1  [n = 466]:	loss = 0.038  exp loss = 0.034  adjusted loss = 0.034  adv prob = 0.250000   acc = 0.989
  waterbird_complete50 = 1, forest2water2 = 0  [n = 134]:	loss = 1.270  exp loss = 1.414  adjusted loss = 1.414  adv prob = 0.250000   acc = 0.739
  waterbird_complete50 = 1, forest2water2 = 1  [n = 134]:	loss = 0.917  exp loss = 0.947  adjusted loss = 0.947  adv prob = 0.250000   acc = 0.791
Current lr: 0.000010
Current validation accuracy: 0.7388060092926025


Epoch [300]:
Training:
Average incurred loss: 0.026  
Average sample loss: 0.023  
Average acc: 0.996  
  waterbird_complete50 = 0, forest2water2 = 0  [n = 55]:	loss = 0.000  exp loss = 0.000  adjusted loss = 0.000  adv prob = 0.250000   acc = 1.000
  waterbird_complete50 = 0, forest2water2 = 1  [n = 58]:	loss = 0.000  exp loss = 0.000  adjusted loss = 0.000  adv prob = 0.250000   acc = 1.000
  waterbird_complete50 = 1, forest2water2 = 0  [n = 63]:	loss = 0.058  exp loss = 0.035  adjusted loss = 0.035  adv prob = 0.250000   acc = 0.984
  waterbird_complete50 = 1, forest2water2 = 1  [n = 49]:	loss = 0.045  exp loss = 0.043  adjusted loss = 0.043  adv prob = 0.250000   acc = 1.000

Validation:
Average incurred loss: 0.260  
Average sample loss: 0.256  
Average acc: 0.942  
  waterbird_complete50 = 0, forest2water2 = 0  [n = 465]:	loss = 0.007  exp loss = 0.003  adjusted loss = 0.003  adv prob = 0.250000   acc = 0.998
  waterbird_complete50 = 0, forest2water2 = 1  [n = 466]:	loss = 0.038  exp loss = 0.034  adjusted loss = 0.034  adv prob = 0.250000   acc = 0.989
  waterbird_complete50 = 1, forest2water2 = 0  [n = 134]:	loss = 1.257  exp loss = 1.396  adjusted loss = 1.396  adv prob = 0.250000   acc = 0.746
  waterbird_complete50 = 1, forest2water2 = 1  [n = 134]:	loss = 0.911  exp loss = 0.941  adjusted loss = 0.941  adv prob = 0.250000   acc = 0.784
Current lr: 0.000010
Current validation accuracy: 0.746268630027771

Total Experiment Time: 15473.0s
Finished with job 872 (seed=111)
