

WARNING: You are using 'metadata_dfr.csv' instead of the default 'metadata.csv'.


Dataset: CUB
Shift type: confounder
Wandb: False
Project name: spurious
Target name: waterbird_complete50
Confounder names: ['forest2water2']
Up weight: 0
Resume: False
Finetune: True
Normalize: False
Recalculate groups: False
Unfreeze: 0
Restart layers: 0
Minority fraction: None
Imbalance ratio: None
Fraction: 0.10086393088552917
Root dir: ../datasets
Reweight groups: True
Augment data: False
Val fraction: 0.1
Loss type: erm
Alpha: 0.2
Generalization adjustment: 0.0
Sv dropout: 0.0
Automatic adjustment: False
Robust step size: 0.01
Joint dro alpha: 1
Use normalized loss: False
Btl: False
Hinge: False
Model: resnet50
Train from scratch: False
Pretrained path: pretrained_models/CUB/erm_50_111.pth
N epochs: 301
Batch size: 64
Lr: 1e-05
Scheduler: False
L1: 0.0
Weight decay: 1.0
Gamma: 0.1
Minimum variational weight: 0
Seed: 111
Accum: 1
Show progress: False
Log dir: results/CUB/erm_dfr_rw_new_50/model_outputs_111
Log every: 50
Save step: 10
Save best: True
Save last: True
Use bert params: 1
Num folds per sweep: 5
Num sweeps: 4
Q: 0.7
Metadata csv name: metadata_dfr.csv
Fold: None
Metadata path: None
Aug col: None

Reading '../datasets/waterbird_complete50_forest2water2/metadata_dfr.csv'
Training Data...
    waterbird_complete50 = 0, forest2water2 = 0: n = 52
    waterbird_complete50 = 0, forest2water2 = 1: n = 52
    waterbird_complete50 = 1, forest2water2 = 0: n = 67
    waterbird_complete50 = 1, forest2water2 = 1: n = 53
Validation Data...
    waterbird_complete50 = 0, forest2water2 = 0: n = 465
    waterbird_complete50 = 0, forest2water2 = 1: n = 466
    waterbird_complete50 = 1, forest2water2 = 0: n = 134
    waterbird_complete50 = 1, forest2water2 = 1: n = 134
Test Data...
    waterbird_complete50 = 0, forest2water2 = 0: n = 2255
    waterbird_complete50 = 0, forest2water2 = 1: n = 2255
    waterbird_complete50 = 1, forest2water2 = 0: n = 642
    waterbird_complete50 = 1, forest2water2 = 1: n = 642
Training
Loading pretrained model from: pretrained_models/CUB/erm_50_111.pth
conv1.weight False
bn1.weight False
bn1.bias False
layer1.0.conv1.weight False
layer1.0.bn1.weight False
layer1.0.bn1.bias False
layer1.0.conv2.weight False
layer1.0.bn2.weight False
layer1.0.bn2.bias False
layer1.0.conv3.weight False
layer1.0.bn3.weight False
layer1.0.bn3.bias False
layer1.0.downsample.0.weight False
layer1.0.downsample.1.weight False
layer1.0.downsample.1.bias False
layer1.1.conv1.weight False
layer1.1.bn1.weight False
layer1.1.bn1.bias False
layer1.1.conv2.weight False
layer1.1.bn2.weight False
layer1.1.bn2.bias False
layer1.1.conv3.weight False
layer1.1.bn3.weight False
layer1.1.bn3.bias False
layer1.2.conv1.weight False
layer1.2.bn1.weight False
layer1.2.bn1.bias False
layer1.2.conv2.weight False
layer1.2.bn2.weight False
layer1.2.bn2.bias False
layer1.2.conv3.weight False
layer1.2.bn3.weight False
layer1.2.bn3.bias False
layer2.0.conv1.weight False
layer2.0.bn1.weight False
layer2.0.bn1.bias False
layer2.0.conv2.weight False
layer2.0.bn2.weight False
layer2.0.bn2.bias False
layer2.0.conv3.weight False
layer2.0.bn3.weight False
layer2.0.bn3.bias False
layer2.0.downsample.0.weight False
layer2.0.downsample.1.weight False
layer2.0.downsample.1.bias False
layer2.1.conv1.weight False
layer2.1.bn1.weight False
layer2.1.bn1.bias False
layer2.1.conv2.weight False
layer2.1.bn2.weight False
layer2.1.bn2.bias False
layer2.1.conv3.weight False
layer2.1.bn3.weight False
layer2.1.bn3.bias False
layer2.2.conv1.weight False
layer2.2.bn1.weight False
layer2.2.bn1.bias False
layer2.2.conv2.weight False
layer2.2.bn2.weight False
layer2.2.bn2.bias False
layer2.2.conv3.weight False
layer2.2.bn3.weight False
layer2.2.bn3.bias False
layer2.3.conv1.weight False
layer2.3.bn1.weight False
layer2.3.bn1.bias False
layer2.3.conv2.weight False
layer2.3.bn2.weight False
layer2.3.bn2.bias False
layer2.3.conv3.weight False
layer2.3.bn3.weight False
layer2.3.bn3.bias False
layer3.0.conv1.weight False
layer3.0.bn1.weight False
layer3.0.bn1.bias False
layer3.0.conv2.weight False
layer3.0.bn2.weight False
layer3.0.bn2.bias False
layer3.0.conv3.weight False
layer3.0.bn3.weight False
layer3.0.bn3.bias False
layer3.0.downsample.0.weight False
layer3.0.downsample.1.weight False
layer3.0.downsample.1.bias False
layer3.1.conv1.weight False
layer3.1.bn1.weight False
layer3.1.bn1.bias False
layer3.1.conv2.weight False
layer3.1.bn2.weight False
layer3.1.bn2.bias False
layer3.1.conv3.weight False
layer3.1.bn3.weight False
layer3.1.bn3.bias False
layer3.2.conv1.weight False
layer3.2.bn1.weight False
layer3.2.bn1.bias False
layer3.2.conv2.weight False
layer3.2.bn2.weight False
layer3.2.bn2.bias False
layer3.2.conv3.weight False
layer3.2.bn3.weight False
layer3.2.bn3.bias False
layer3.3.conv1.weight False
layer3.3.bn1.weight False
layer3.3.bn1.bias False
layer3.3.conv2.weight False
layer3.3.bn2.weight False
layer3.3.bn2.bias False
layer3.3.conv3.weight False
layer3.3.bn3.weight False
layer3.3.bn3.bias False
layer3.4.conv1.weight False
layer3.4.bn1.weight False
layer3.4.bn1.bias False
layer3.4.conv2.weight False
layer3.4.bn2.weight False
layer3.4.bn2.bias False
layer3.4.conv3.weight False
layer3.4.bn3.weight False
layer3.4.bn3.bias False
layer3.5.conv1.weight False
layer3.5.bn1.weight False
layer3.5.bn1.bias False
layer3.5.conv2.weight False
layer3.5.bn2.weight False
layer3.5.bn2.bias False
layer3.5.conv3.weight False
layer3.5.bn3.weight False
layer3.5.bn3.bias False
layer4.0.conv1.weight False
layer4.0.bn1.weight False
layer4.0.bn1.bias False
layer4.0.conv2.weight False
layer4.0.bn2.weight False
layer4.0.bn2.bias False
layer4.0.conv3.weight False
layer4.0.bn3.weight False
layer4.0.bn3.bias False
layer4.0.downsample.0.weight False
layer4.0.downsample.1.weight False
layer4.0.downsample.1.bias False
layer4.1.conv1.weight False
layer4.1.bn1.weight False
layer4.1.bn1.bias False
layer4.1.conv2.weight False
layer4.1.bn2.weight False
layer4.1.bn2.bias False
layer4.1.conv3.weight False
layer4.1.bn3.weight False
layer4.1.bn3.bias False
layer4.2.conv1.weight False
layer4.2.bn1.weight False
layer4.2.bn1.bias False
layer4.2.conv2.weight False
layer4.2.bn2.weight False
layer4.2.bn2.bias False
layer4.2.conv3.weight False
layer4.2.bn3.weight False
layer4.2.bn3.bias False
fc.weight True
fc.bias True

Epoch [0]:
Training:
Average incurred loss: 0.182  
Average sample loss: 0.203  
Average acc: 0.933  
  waterbird_complete50 = 0, forest2water2 = 0  [n = 54]:	loss = 0.000  exp loss = 0.000  adjusted loss = 0.000  adv prob = 0.250000   acc = 1.000
  waterbird_complete50 = 0, forest2water2 = 1  [n = 59]:	loss = 0.000  exp loss = 0.000  adjusted loss = 0.000  adv prob = 0.250000   acc = 1.000
  waterbird_complete50 = 1, forest2water2 = 0  [n = 46]:	loss = 0.489  exp loss = 0.671  adjusted loss = 0.671  adv prob = 0.250000   acc = 0.783
  waterbird_complete50 = 1, forest2water2 = 1  [n = 65]:	loss = 0.279  exp loss = 0.590  adjusted loss = 0.590  adv prob = 0.250000   acc = 0.923

Validation:
Average incurred loss: 0.252  
Average sample loss: 0.248  
Average acc: 0.953  
  waterbird_complete50 = 0, forest2water2 = 0  [n = 465]:	loss = 0.017  exp loss = 0.011  adjusted loss = 0.011  adv prob = 0.250000   acc = 0.994
  waterbird_complete50 = 0, forest2water2 = 1  [n = 466]:	loss = 0.058  exp loss = 0.051  adjusted loss = 0.051  adv prob = 0.250000   acc = 0.989
  waterbird_complete50 = 1, forest2water2 = 0  [n = 134]:	loss = 1.125  exp loss = 1.183  adjusted loss = 1.183  adv prob = 0.250000   acc = 0.799
  waterbird_complete50 = 1, forest2water2 = 1  [n = 134]:	loss = 0.871  exp loss = 0.933  adjusted loss = 0.933  adv prob = 0.250000   acc = 0.843
Current lr: 0.000010
Current validation accuracy: 0.7985073328018188
Best model saved at epoch 0


Epoch [1]:
Training:
Average incurred loss: 0.636  
Average sample loss: 0.625  
Average acc: 0.808  
  waterbird_complete50 = 0, forest2water2 = 0  [n = 42]:	loss = 0.000  exp loss = 0.000  adjusted loss = 0.000  adv prob = 0.250000   acc = 1.000
  waterbird_complete50 = 0, forest2water2 = 1  [n = 53]:	loss = 0.000  exp loss = 0.000  adjusted loss = 0.000  adv prob = 0.250000   acc = 1.000
  waterbird_complete50 = 1, forest2water2 = 0  [n = 61]:	loss = 1.326  exp loss = 0.839  adjusted loss = 0.839  adv prob = 0.250000   acc = 0.574
  waterbird_complete50 = 1, forest2water2 = 1  [n = 68]:	loss = 0.907  exp loss = 0.678  adjusted loss = 0.678  adv prob = 0.250000   acc = 0.750

Validation:
Average incurred loss: 0.382  
Average sample loss: 0.376  
Average acc: 0.934  
  waterbird_complete50 = 0, forest2water2 = 0  [n = 465]:	loss = 0.004  exp loss = 0.002  adjusted loss = 0.002  adv prob = 0.250000   acc = 0.998
  waterbird_complete50 = 0, forest2water2 = 1  [n = 466]:	loss = 0.027  exp loss = 0.025  adjusted loss = 0.025  adv prob = 0.250000   acc = 0.994
  waterbird_complete50 = 1, forest2water2 = 0  [n = 134]:	loss = 1.829  exp loss = 2.045  adjusted loss = 2.045  adv prob = 0.250000   acc = 0.709
  waterbird_complete50 = 1, forest2water2 = 1  [n = 134]:	loss = 1.480  exp loss = 1.510  adjusted loss = 1.510  adv prob = 0.250000   acc = 0.731
Current lr: 0.000010
Current validation accuracy: 0.7089552879333496


Epoch [2]:
Training:
Average incurred loss: 0.103  
Average sample loss: 0.091  
Average acc: 0.951  
  waterbird_complete50 = 0, forest2water2 = 0  [n = 57]:	loss = 0.000  exp loss = 0.000  adjusted loss = 0.000  adv prob = 0.250000   acc = 1.000
  waterbird_complete50 = 0, forest2water2 = 1  [n = 58]:	loss = 0.000  exp loss = 0.000  adjusted loss = 0.000  adv prob = 0.250000   acc = 1.000
  waterbird_complete50 = 1, forest2water2 = 0  [n = 63]:	loss = 0.212  exp loss = 0.610  adjusted loss = 0.610  adv prob = 0.250000   acc = 0.905
  waterbird_complete50 = 1, forest2water2 = 1  [n = 46]:	loss = 0.212  exp loss = 0.489  adjusted loss = 0.489  adv prob = 0.250000   acc = 0.891

Validation:
Average incurred loss: 0.421  
Average sample loss: 0.415  
Average acc: 0.928  
  waterbird_complete50 = 0, forest2water2 = 0  [n = 465]:	loss = 0.002  exp loss = 0.001  adjusted loss = 0.001  adv prob = 0.250000   acc = 0.998
  waterbird_complete50 = 0, forest2water2 = 1  [n = 466]:	loss = 0.023  exp loss = 0.022  adjusted loss = 0.022  adv prob = 0.250000   acc = 0.994
  waterbird_complete50 = 1, forest2water2 = 0  [n = 134]:	loss = 2.011  exp loss = 2.260  adjusted loss = 2.260  adv prob = 0.250000   acc = 0.694
  waterbird_complete50 = 1, forest2water2 = 1  [n = 134]:	loss = 1.666  exp loss = 1.682  adjusted loss = 1.682  adv prob = 0.250000   acc = 0.694
Current lr: 0.000010
Current validation accuracy: 0.6940298080444336


Epoch [3]:
Training:
Average incurred loss: 0.400  
Average sample loss: 0.678  
Average acc: 0.942  
  waterbird_complete50 = 0, forest2water2 = 0  [n = 57]:	loss = 0.000  exp loss = 0.000  adjusted loss = 0.000  adv prob = 0.250000   acc = 1.000
  waterbird_complete50 = 0, forest2water2 = 1  [n = 56]:	loss = 0.000  exp loss = 0.000  adjusted loss = 0.000  adv prob = 0.250000   acc = 1.000
  waterbird_complete50 = 1, forest2water2 = 0  [n = 50]:	loss = 0.927  exp loss = 0.779  adjusted loss = 0.779  adv prob = 0.250000   acc = 0.840
  waterbird_complete50 = 1, forest2water2 = 1  [n = 61]:	loss = 0.710  exp loss = 0.673  adjusted loss = 0.673  adv prob = 0.250000   acc = 0.918

Validation:
Average incurred loss: 0.507  
Average sample loss: 0.500  
Average acc: 0.916  
  waterbird_complete50 = 0, forest2water2 = 0  [n = 465]:	loss = 0.001  exp loss = 0.000  adjusted loss = 0.000  adv prob = 0.250000   acc = 1.000
  waterbird_complete50 = 0, forest2water2 = 1  [n = 466]:	loss = 0.015  exp loss = 0.014  adjusted loss = 0.014  adv prob = 0.250000   acc = 0.996
  waterbird_complete50 = 1, forest2water2 = 0  [n = 134]:	loss = 2.416  exp loss = 2.762  adjusted loss = 2.762  adv prob = 0.250000   acc = 0.634
  waterbird_complete50 = 1, forest2water2 = 1  [n = 134]:	loss = 2.064  exp loss = 2.067  adjusted loss = 2.067  adv prob = 0.250000   acc = 0.627
Current lr: 0.000010
Current validation accuracy: 0.6268656253814697


Epoch [4]:
Training:
Average incurred loss: 0.259  
Average sample loss: 0.264  
Average acc: 0.893  
  waterbird_complete50 = 0, forest2water2 = 0  [n = 45]:	loss = 0.000  exp loss = 0.000  adjusted loss = 0.000  adv prob = 0.250000   acc = 1.000
  waterbird_complete50 = 0, forest2water2 = 1  [n = 59]:	loss = 0.000  exp loss = 0.000  adjusted loss = 0.000  adv prob = 0.250000   acc = 1.000
  waterbird_complete50 = 1, forest2water2 = 0  [n = 68]:	loss = 0.604  exp loss = 0.736  adjusted loss = 0.736  adv prob = 0.250000   acc = 0.765
  waterbird_complete50 = 1, forest2water2 = 1  [n = 52]:	loss = 0.327  exp loss = 0.549  adjusted loss = 0.549  adv prob = 0.250000   acc = 0.846

Validation:
Average incurred loss: 0.567  
Average sample loss: 0.559  
Average acc: 0.911  
  waterbird_complete50 = 0, forest2water2 = 0  [n = 465]:	loss = 0.000  exp loss = 0.000  adjusted loss = 0.000  adv prob = 0.250000   acc = 1.000
  waterbird_complete50 = 0, forest2water2 = 1  [n = 466]:	loss = 0.011  exp loss = 0.010  adjusted loss = 0.010  adv prob = 0.250000   acc = 0.996
  waterbird_complete50 = 1, forest2water2 = 0  [n = 134]:	loss = 2.693  exp loss = 3.098  adjusted loss = 3.098  adv prob = 0.250000   acc = 0.619
  waterbird_complete50 = 1, forest2water2 = 1  [n = 134]:	loss = 2.347  exp loss = 2.337  adjusted loss = 2.337  adv prob = 0.250000   acc = 0.597
Current lr: 0.000010
Current validation accuracy: 0.5970149636268616


Epoch [5]:
Training:
Average incurred loss: 0.097  
Average sample loss: 0.088  
Average acc: 0.946  
  waterbird_complete50 = 0, forest2water2 = 0  [n = 49]:	loss = 0.000  exp loss = 0.000  adjusted loss = 0.000  adv prob = 0.250000   acc = 1.000
  waterbird_complete50 = 0, forest2water2 = 1  [n = 64]:	loss = 0.000  exp loss = 0.000  adjusted loss = 0.000  adv prob = 0.250000   acc = 1.000
  waterbird_complete50 = 1, forest2water2 = 0  [n = 61]:	loss = 0.278  exp loss = 0.559  adjusted loss = 0.559  adv prob = 0.250000   acc = 0.836
  waterbird_complete50 = 1, forest2water2 = 1  [n = 50]:	loss = 0.096  exp loss = 0.393  adjusted loss = 0.393  adv prob = 0.250000   acc = 0.960

Validation:
Average incurred loss: 0.577  
Average sample loss: 0.569  
Average acc: 0.912  
  waterbird_complete50 = 0, forest2water2 = 0  [n = 465]:	loss = 0.000  exp loss = 0.000  adjusted loss = 0.000  adv prob = 0.250000   acc = 1.000
  waterbird_complete50 = 0, forest2water2 = 1  [n = 466]:	loss = 0.010  exp loss = 0.009  adjusted loss = 0.009  adv prob = 0.250000   acc = 0.998
  waterbird_complete50 = 1, forest2water2 = 0  [n = 134]:	loss = 2.747  exp loss = 3.148  adjusted loss = 3.148  adv prob = 0.250000   acc = 0.619
  waterbird_complete50 = 1, forest2water2 = 1  [n = 134]:	loss = 2.384  exp loss = 2.379  adjusted loss = 2.379  adv prob = 0.250000   acc = 0.597
Current lr: 0.000010
Current validation accuracy: 0.5970149636268616


Epoch [6]:
Training:
Average incurred loss: 0.025  
Average sample loss: 0.022  
Average acc: 0.996  
  waterbird_complete50 = 0, forest2water2 = 0  [n = 65]:	loss = 0.000  exp loss = 0.000  adjusted loss = 0.000  adv prob = 0.250000   acc = 1.000
  waterbird_complete50 = 0, forest2water2 = 1  [n = 59]:	loss = 0.000  exp loss = 0.000  adjusted loss = 0.000  adv prob = 0.250000   acc = 1.000
  waterbird_complete50 = 1, forest2water2 = 0  [n = 47]:	loss = 0.090  exp loss = 0.393  adjusted loss = 0.393  adv prob = 0.250000   acc = 0.979
  waterbird_complete50 = 1, forest2water2 = 1  [n = 53]:	loss = 0.024  exp loss = 0.263  adjusted loss = 0.263  adv prob = 0.250000   acc = 1.000

Validation:
Average incurred loss: 0.521  
Average sample loss: 0.514  
Average acc: 0.916  
  waterbird_complete50 = 0, forest2water2 = 0  [n = 465]:	loss = 0.000  exp loss = 0.000  adjusted loss = 0.000  adv prob = 0.250000   acc = 1.000
  waterbird_complete50 = 0, forest2water2 = 1  [n = 466]:	loss = 0.013  exp loss = 0.012  adjusted loss = 0.012  adv prob = 0.250000   acc = 0.996
  waterbird_complete50 = 1, forest2water2 = 0  [n = 134]:	loss = 2.495  exp loss = 2.861  adjusted loss = 2.861  adv prob = 0.250000   acc = 0.634
  waterbird_complete50 = 1, forest2water2 = 1  [n = 134]:	loss = 2.121  exp loss = 2.129  adjusted loss = 2.129  adv prob = 0.250000   acc = 0.627
Current lr: 0.000010
Current validation accuracy: 0.6268656253814697


Epoch [7]:
Training:
Average incurred loss: 0.236  
Average sample loss: 0.295  
Average acc: 0.920  
  waterbird_complete50 = 0, forest2water2 = 0  [n = 46]:	loss = 0.000  exp loss = 0.000  adjusted loss = 0.000  adv prob = 0.250000   acc = 1.000
  waterbird_complete50 = 0, forest2water2 = 1  [n = 59]:	loss = 0.000  exp loss = 0.000  adjusted loss = 0.000  adv prob = 0.250000   acc = 1.000
  waterbird_complete50 = 1, forest2water2 = 0  [n = 61]:	loss = 0.639  exp loss = 0.489  adjusted loss = 0.489  adv prob = 0.250000   acc = 0.787
  waterbird_complete50 = 1, forest2water2 = 1  [n = 58]:	loss = 0.238  exp loss = 0.275  adjusted loss = 0.275  adv prob = 0.250000   acc = 0.914

Validation:
Average incurred loss: 0.570  
Average sample loss: 0.562  
Average acc: 0.912  
  waterbird_complete50 = 0, forest2water2 = 0  [n = 465]:	loss = 0.000  exp loss = 0.000  adjusted loss = 0.000  adv prob = 0.250000   acc = 1.000
  waterbird_complete50 = 0, forest2water2 = 1  [n = 466]:	loss = 0.010  exp loss = 0.009  adjusted loss = 0.009  adv prob = 0.250000   acc = 0.998
  waterbird_complete50 = 1, forest2water2 = 0  [n = 134]:	loss = 2.718  exp loss = 3.121  adjusted loss = 3.121  adv prob = 0.250000   acc = 0.619
  waterbird_complete50 = 1, forest2water2 = 1  [n = 134]:	loss = 2.345  exp loss = 2.345  adjusted loss = 2.345  adv prob = 0.250000   acc = 0.604
Current lr: 0.000010
Current validation accuracy: 0.6044776439666748


Epoch [8]:
Training:
Average incurred loss: 0.259  
Average sample loss: 0.385  
Average acc: 0.915  
  waterbird_complete50 = 0, forest2water2 = 0  [n = 61]:	loss = 0.000  exp loss = 0.000  adjusted loss = 0.000  adv prob = 0.250000   acc = 1.000
  waterbird_complete50 = 0, forest2water2 = 1  [n = 47]:	loss = 0.000  exp loss = 0.000  adjusted loss = 0.000  adv prob = 0.250000   acc = 1.000
  waterbird_complete50 = 1, forest2water2 = 0  [n = 50]:	loss = 0.308  exp loss = 0.501  adjusted loss = 0.501  adv prob = 0.250000   acc = 0.900
  waterbird_complete50 = 1, forest2water2 = 1  [n = 66]:	loss = 0.645  exp loss = 0.436  adjusted loss = 0.436  adv prob = 0.250000   acc = 0.788

Validation:
Average incurred loss: 0.625  
Average sample loss: 0.616  
Average acc: 0.907  
  waterbird_complete50 = 0, forest2water2 = 0  [n = 465]:	loss = 0.000  exp loss = 0.000  adjusted loss = 0.000  adv prob = 0.250000   acc = 1.000
  waterbird_complete50 = 0, forest2water2 = 1  [n = 466]:	loss = 0.008  exp loss = 0.007  adjusted loss = 0.007  adv prob = 0.250000   acc = 0.998
  waterbird_complete50 = 1, forest2water2 = 0  [n = 134]:	loss = 2.968  exp loss = 3.414  adjusted loss = 3.414  adv prob = 0.250000   acc = 0.590
  waterbird_complete50 = 1, forest2water2 = 1  [n = 134]:	loss = 2.593  exp loss = 2.592  adjusted loss = 2.592  adv prob = 0.250000   acc = 0.590
Current lr: 0.000010
Current validation accuracy: 0.5895522236824036


Epoch [9]:
Training:
Average incurred loss: 0.119  
Average sample loss: 0.109  
Average acc: 0.960  
  waterbird_complete50 = 0, forest2water2 = 0  [n = 53]:	loss = 0.000  exp loss = 0.000  adjusted loss = 0.000  adv prob = 0.250000   acc = 1.000
  waterbird_complete50 = 0, forest2water2 = 1  [n = 60]:	loss = 0.000  exp loss = 0.000  adjusted loss = 0.000  adv prob = 0.250000   acc = 1.000
  waterbird_complete50 = 1, forest2water2 = 0  [n = 59]:	loss = 0.335  exp loss = 0.412  adjusted loss = 0.412  adv prob = 0.250000   acc = 0.881
  waterbird_complete50 = 1, forest2water2 = 1  [n = 52]:	loss = 0.135  exp loss = 0.319  adjusted loss = 0.319  adv prob = 0.250000   acc = 0.962

Validation:
Average incurred loss: 0.593  
Average sample loss: 0.584  
Average acc: 0.911  
  waterbird_complete50 = 0, forest2water2 = 0  [n = 465]:	loss = 0.000  exp loss = 0.000  adjusted loss = 0.000  adv prob = 0.250000   acc = 1.000
  waterbird_complete50 = 0, forest2water2 = 1  [n = 466]:	loss = 0.009  exp loss = 0.008  adjusted loss = 0.008  adv prob = 0.250000   acc = 0.998
  waterbird_complete50 = 1, forest2water2 = 0  [n = 134]:	loss = 2.829  exp loss = 3.245  adjusted loss = 3.245  adv prob = 0.250000   acc = 0.604
  waterbird_complete50 = 1, forest2water2 = 1  [n = 134]:	loss = 2.442  exp loss = 2.455  adjusted loss = 2.455  adv prob = 0.250000   acc = 0.604
Current lr: 0.000010
Current validation accuracy: 0.6044776439666748


Epoch [10]:
Training:
Average incurred loss: 0.156  
Average sample loss: 0.138  
Average acc: 0.929  
  waterbird_complete50 = 0, forest2water2 = 0  [n = 55]:	loss = 0.000  exp loss = 0.000  adjusted loss = 0.000  adv prob = 0.250000   acc = 1.000
  waterbird_complete50 = 0, forest2water2 = 1  [n = 51]:	loss = 0.000  exp loss = 0.000  adjusted loss = 0.000  adv prob = 0.250000   acc = 1.000
  waterbird_complete50 = 1, forest2water2 = 0  [n = 55]:	loss = 0.450  exp loss = 0.403  adjusted loss = 0.403  adv prob = 0.250000   acc = 0.782
  waterbird_complete50 = 1, forest2water2 = 1  [n = 63]:	loss = 0.161  exp loss = 0.253  adjusted loss = 0.253  adv prob = 0.250000   acc = 0.937

Validation:
Average incurred loss: 0.609  
Average sample loss: 0.600  
Average acc: 0.907  
  waterbird_complete50 = 0, forest2water2 = 0  [n = 465]:	loss = 0.000  exp loss = 0.000  adjusted loss = 0.000  adv prob = 0.250000   acc = 1.000
  waterbird_complete50 = 0, forest2water2 = 1  [n = 466]:	loss = 0.008  exp loss = 0.007  adjusted loss = 0.007  adv prob = 0.250000   acc = 0.998
  waterbird_complete50 = 1, forest2water2 = 0  [n = 134]:	loss = 2.896  exp loss = 3.316  adjusted loss = 3.316  adv prob = 0.250000   acc = 0.582
  waterbird_complete50 = 1, forest2water2 = 1  [n = 134]:	loss = 2.520  exp loss = 2.528  adjusted loss = 2.528  adv prob = 0.250000   acc = 0.590
Current lr: 0.000010
Current validation accuracy: 0.5820895433425903


Epoch [11]:
Training:
Average incurred loss: 0.087  
Average sample loss: 0.076  
Average acc: 0.960  
  waterbird_complete50 = 0, forest2water2 = 0  [n = 64]:	loss = 0.000  exp loss = 0.000  adjusted loss = 0.000  adv prob = 0.250000   acc = 1.000
  waterbird_complete50 = 0, forest2water2 = 1  [n = 56]:	loss = 0.000  exp loss = 0.000  adjusted loss = 0.000  adv prob = 0.250000   acc = 1.000
  waterbird_complete50 = 1, forest2water2 = 0  [n = 52]:	loss = 0.240  exp loss = 0.328  adjusted loss = 0.328  adv prob = 0.250000   acc = 0.885
  waterbird_complete50 = 1, forest2water2 = 1  [n = 52]:	loss = 0.133  exp loss = 0.201  adjusted loss = 0.201  adv prob = 0.250000   acc = 0.942

Validation:
Average incurred loss: 0.543  
Average sample loss: 0.535  
Average acc: 0.914  
  waterbird_complete50 = 0, forest2water2 = 0  [n = 465]:	loss = 0.000  exp loss = 0.000  adjusted loss = 0.000  adv prob = 0.250000   acc = 1.000
  waterbird_complete50 = 0, forest2water2 = 1  [n = 466]:	loss = 0.011  exp loss = 0.010  adjusted loss = 0.010  adv prob = 0.250000   acc = 0.998
  waterbird_complete50 = 1, forest2water2 = 0  [n = 134]:	loss = 2.610  exp loss = 2.982  adjusted loss = 2.982  adv prob = 0.250000   acc = 0.627
  waterbird_complete50 = 1, forest2water2 = 1  [n = 134]:	loss = 2.205  exp loss = 2.218  adjusted loss = 2.218  adv prob = 0.250000   acc = 0.612
Current lr: 0.000010
Current validation accuracy: 0.611940324306488


Epoch [12]:
Training:
Average incurred loss: 0.127  
Average sample loss: 0.175  
Average acc: 0.946  
  waterbird_complete50 = 0, forest2water2 = 0  [n = 51]:	loss = 0.000  exp loss = 0.000  adjusted loss = 0.000  adv prob = 0.250000   acc = 1.000
  waterbird_complete50 = 0, forest2water2 = 1  [n = 58]:	loss = 0.000  exp loss = 0.000  adjusted loss = 0.000  adv prob = 0.250000   acc = 1.000
  waterbird_complete50 = 1, forest2water2 = 0  [n = 55]:	loss = 0.357  exp loss = 0.378  adjusted loss = 0.378  adv prob = 0.250000   acc = 0.855
  waterbird_complete50 = 1, forest2water2 = 1  [n = 60]:	loss = 0.148  exp loss = 0.198  adjusted loss = 0.198  adv prob = 0.250000   acc = 0.933

Validation:
Average incurred loss: 0.591  
Average sample loss: 0.583  
Average acc: 0.911  
  waterbird_complete50 = 0, forest2water2 = 0  [n = 465]:	loss = 0.000  exp loss = 0.000  adjusted loss = 0.000  adv prob = 0.250000   acc = 1.000
  waterbird_complete50 = 0, forest2water2 = 1  [n = 466]:	loss = 0.009  exp loss = 0.008  adjusted loss = 0.008  adv prob = 0.250000   acc = 0.998
  waterbird_complete50 = 1, forest2water2 = 0  [n = 134]:	loss = 2.814  exp loss = 3.219  adjusted loss = 3.219  adv prob = 0.250000   acc = 0.612
  waterbird_complete50 = 1, forest2water2 = 1  [n = 134]:	loss = 2.447  exp loss = 2.444  adjusted loss = 2.444  adv prob = 0.250000   acc = 0.597
Current lr: 0.000010
Current validation accuracy: 0.5970149636268616


Epoch [13]:
Training:
Average incurred loss: 0.200  
Average sample loss: 0.246  
Average acc: 0.906  
  waterbird_complete50 = 0, forest2water2 = 0  [n = 50]:	loss = 0.000  exp loss = 0.000  adjusted loss = 0.000  adv prob = 0.250000   acc = 1.000
  waterbird_complete50 = 0, forest2water2 = 1  [n = 57]:	loss = 0.000  exp loss = 0.000  adjusted loss = 0.000  adv prob = 0.250000   acc = 1.000
  waterbird_complete50 = 1, forest2water2 = 0  [n = 56]:	loss = 0.506  exp loss = 0.438  adjusted loss = 0.438  adv prob = 0.250000   acc = 0.750
  waterbird_complete50 = 1, forest2water2 = 1  [n = 61]:	loss = 0.269  exp loss = 0.210  adjusted loss = 0.210  adv prob = 0.250000   acc = 0.885

Validation:
Average incurred loss: 0.617  
Average sample loss: 0.608  
Average acc: 0.904  
  waterbird_complete50 = 0, forest2water2 = 0  [n = 465]:	loss = 0.000  exp loss = 0.000  adjusted loss = 0.000  adv prob = 0.250000   acc = 1.000
  waterbird_complete50 = 0, forest2water2 = 1  [n = 466]:	loss = 0.008  exp loss = 0.007  adjusted loss = 0.007  adv prob = 0.250000   acc = 0.998
  waterbird_complete50 = 1, forest2water2 = 0  [n = 134]:	loss = 2.920  exp loss = 3.349  adjusted loss = 3.349  adv prob = 0.250000   acc = 0.582
  waterbird_complete50 = 1, forest2water2 = 1  [n = 134]:	loss = 2.570  exp loss = 2.567  adjusted loss = 2.567  adv prob = 0.250000   acc = 0.567
Current lr: 0.000010
Current validation accuracy: 0.5671641826629639


Epoch [14]:
Training:
Average incurred loss: 0.171  
Average sample loss: 0.271  
Average acc: 0.946  
  waterbird_complete50 = 0, forest2water2 = 0  [n = 53]:	loss = 0.000  exp loss = 0.000  adjusted loss = 0.000  adv prob = 0.250000   acc = 1.000
  waterbird_complete50 = 0, forest2water2 = 1  [n = 63]:	loss = 0.000  exp loss = 0.000  adjusted loss = 0.000  adv prob = 0.250000   acc = 1.000
  waterbird_complete50 = 1, forest2water2 = 0  [n = 58]:	loss = 0.399  exp loss = 0.482  adjusted loss = 0.482  adv prob = 0.250000   acc = 0.862
  waterbird_complete50 = 1, forest2water2 = 1  [n = 50]:	loss = 0.303  exp loss = 0.262  adjusted loss = 0.262  adv prob = 0.250000   acc = 0.920

Validation:
Average incurred loss: 0.624  
Average sample loss: 0.615  
Average acc: 0.905  
  waterbird_complete50 = 0, forest2water2 = 0  [n = 465]:	loss = 0.000  exp loss = 0.000  adjusted loss = 0.000  adv prob = 0.250000   acc = 1.000
  waterbird_complete50 = 0, forest2water2 = 1  [n = 466]:	loss = 0.008  exp loss = 0.007  adjusted loss = 0.007  adv prob = 0.250000   acc = 0.998
  waterbird_complete50 = 1, forest2water2 = 0  [n = 134]:	loss = 2.936  exp loss = 3.375  adjusted loss = 3.375  adv prob = 0.250000   acc = 0.590
  waterbird_complete50 = 1, forest2water2 = 1  [n = 134]:	loss = 2.614  exp loss = 2.606  adjusted loss = 2.606  adv prob = 0.250000   acc = 0.567
Current lr: 0.000010
Current validation accuracy: 0.5671641826629639


Epoch [15]:
Training:
Average incurred loss: 0.048  
Average sample loss: 0.063  
Average acc: 0.987  
  waterbird_complete50 = 0, forest2water2 = 0  [n = 64]:	loss = 0.000  exp loss = 0.000  adjusted loss = 0.000  adv prob = 0.250000   acc = 1.000
  waterbird_complete50 = 0, forest2water2 = 1  [n = 54]:	loss = 0.000  exp loss = 0.000  adjusted loss = 0.000  adv prob = 0.250000   acc = 1.000
  waterbird_complete50 = 1, forest2water2 = 0  [n = 52]:	loss = 0.185  exp loss = 0.389  adjusted loss = 0.389  adv prob = 0.250000   acc = 0.942
  waterbird_complete50 = 1, forest2water2 = 1  [n = 54]:	loss = 0.019  exp loss = 0.179  adjusted loss = 0.179  adv prob = 0.250000   acc = 1.000

Validation:
Average incurred loss: 0.589  
Average sample loss: 0.581  
Average acc: 0.909  
  waterbird_complete50 = 0, forest2water2 = 0  [n = 465]:	loss = 0.000  exp loss = 0.000  adjusted loss = 0.000  adv prob = 0.250000   acc = 1.000
  waterbird_complete50 = 0, forest2water2 = 1  [n = 466]:	loss = 0.009  exp loss = 0.008  adjusted loss = 0.008  adv prob = 0.250000   acc = 0.998
  waterbird_complete50 = 1, forest2water2 = 0  [n = 134]:	loss = 2.794  exp loss = 3.211  adjusted loss = 3.211  adv prob = 0.250000   acc = 0.612
  waterbird_complete50 = 1, forest2water2 = 1  [n = 134]:	loss = 2.445  exp loss = 2.442  adjusted loss = 2.442  adv prob = 0.250000   acc = 0.582
Current lr: 0.000010
Current validation accuracy: 0.5820896029472351


Epoch [16]:
Training:
Average incurred loss: 0.068  
Average sample loss: 0.076  
Average acc: 0.973  
  waterbird_complete50 = 0, forest2water2 = 0  [n = 61]:	loss = 0.000  exp loss = 0.000  adjusted loss = 0.000  adv prob = 0.250000   acc = 1.000
  waterbird_complete50 = 0, forest2water2 = 1  [n = 55]:	loss = 0.000  exp loss = 0.000  adjusted loss = 0.000  adv prob = 0.250000   acc = 1.000
  waterbird_complete50 = 1, forest2water2 = 0  [n = 52]:	loss = 0.198  exp loss = 0.326  adjusted loss = 0.326  adv prob = 0.250000   acc = 0.942
  waterbird_complete50 = 1, forest2water2 = 1  [n = 56]:	loss = 0.088  exp loss = 0.154  adjusted loss = 0.154  adv prob = 0.250000   acc = 0.946

Validation:
Average incurred loss: 0.587  
Average sample loss: 0.579  
Average acc: 0.910  
  waterbird_complete50 = 0, forest2water2 = 0  [n = 465]:	loss = 0.000  exp loss = 0.000  adjusted loss = 0.000  adv prob = 0.250000   acc = 1.000
  waterbird_complete50 = 0, forest2water2 = 1  [n = 466]:	loss = 0.009  exp loss = 0.008  adjusted loss = 0.008  adv prob = 0.250000   acc = 0.998
  waterbird_complete50 = 1, forest2water2 = 0  [n = 134]:	loss = 2.781  exp loss = 3.206  adjusted loss = 3.206  adv prob = 0.250000   acc = 0.612
  waterbird_complete50 = 1, forest2water2 = 1  [n = 134]:	loss = 2.439  exp loss = 2.425  adjusted loss = 2.425  adv prob = 0.250000   acc = 0.590
Current lr: 0.000010
Current validation accuracy: 0.5895522236824036


Epoch [17]:
Training:
Average incurred loss: 0.163  
Average sample loss: 0.157  
Average acc: 0.920  
  waterbird_complete50 = 0, forest2water2 = 0  [n = 62]:	loss = 0.000  exp loss = 0.000  adjusted loss = 0.000  adv prob = 0.250000   acc = 1.000
  waterbird_complete50 = 0, forest2water2 = 1  [n = 48]:	loss = 0.000  exp loss = 0.000  adjusted loss = 0.000  adv prob = 0.250000   acc = 1.000
  waterbird_complete50 = 1, forest2water2 = 0  [n = 54]:	loss = 0.373  exp loss = 0.323  adjusted loss = 0.323  adv prob = 0.250000   acc = 0.852
  waterbird_complete50 = 1, forest2water2 = 1  [n = 60]:	loss = 0.274  exp loss = 0.170  adjusted loss = 0.170  adv prob = 0.250000   acc = 0.833

Validation:
Average incurred loss: 0.591  
Average sample loss: 0.583  
Average acc: 0.908  
  waterbird_complete50 = 0, forest2water2 = 0  [n = 465]:	loss = 0.000  exp loss = 0.000  adjusted loss = 0.000  adv prob = 0.250000   acc = 1.000
  waterbird_complete50 = 0, forest2water2 = 1  [n = 466]:	loss = 0.009  exp loss = 0.008  adjusted loss = 0.008  adv prob = 0.250000   acc = 0.998
  waterbird_complete50 = 1, forest2water2 = 0  [n = 134]:	loss = 2.799  exp loss = 3.222  adjusted loss = 3.222  adv prob = 0.250000   acc = 0.604
  waterbird_complete50 = 1, forest2water2 = 1  [n = 134]:	loss = 2.461  exp loss = 2.446  adjusted loss = 2.446  adv prob = 0.250000   acc = 0.582
Current lr: 0.000010
Current validation accuracy: 0.5820896029472351


Epoch [18]:
Training:
Average incurred loss: 0.034  
Average sample loss: 0.030  
Average acc: 0.996  
  waterbird_complete50 = 0, forest2water2 = 0  [n = 66]:	loss = 0.000  exp loss = 0.000  adjusted loss = 0.000  adv prob = 0.250000   acc = 1.000
  waterbird_complete50 = 0, forest2water2 = 1  [n = 53]:	loss = 0.000  exp loss = 0.000  adjusted loss = 0.000  adv prob = 0.250000   acc = 1.000
  waterbird_complete50 = 1, forest2water2 = 0  [n = 46]:	loss = 0.118  exp loss = 0.248  adjusted loss = 0.248  adv prob = 0.250000   acc = 0.978
  waterbird_complete50 = 1, forest2water2 = 1  [n = 59]:	loss = 0.036  exp loss = 0.120  adjusted loss = 0.120  adv prob = 0.250000   acc = 1.000

Validation:
Average incurred loss: 0.540  
Average sample loss: 0.532  
Average acc: 0.914  
  waterbird_complete50 = 0, forest2water2 = 0  [n = 465]:	loss = 0.000  exp loss = 0.000  adjusted loss = 0.000  adv prob = 0.250000   acc = 1.000
  waterbird_complete50 = 0, forest2water2 = 1  [n = 466]:	loss = 0.012  exp loss = 0.011  adjusted loss = 0.011  adv prob = 0.250000   acc = 0.996
  waterbird_complete50 = 1, forest2water2 = 0  [n = 134]:	loss = 2.564  exp loss = 2.935  adjusted loss = 2.935  adv prob = 0.250000   acc = 0.627
  waterbird_complete50 = 1, forest2water2 = 1  [n = 134]:	loss = 2.223  exp loss = 2.217  adjusted loss = 2.217  adv prob = 0.250000   acc = 0.619
Current lr: 0.000010
Current validation accuracy: 0.6194030046463013


Epoch [19]:
Training:
Average incurred loss: 0.072  
Average sample loss: 0.081  
Average acc: 0.973  
  waterbird_complete50 = 0, forest2water2 = 0  [n = 56]:	loss = 0.000  exp loss = 0.000  adjusted loss = 0.000  adv prob = 0.250000   acc = 1.000
  waterbird_complete50 = 0, forest2water2 = 1  [n = 53]:	loss = 0.000  exp loss = 0.000  adjusted loss = 0.000  adv prob = 0.250000   acc = 1.000
  waterbird_complete50 = 1, forest2water2 = 0  [n = 55]:	loss = 0.156  exp loss = 0.226  adjusted loss = 0.226  adv prob = 0.250000   acc = 0.964
  waterbird_complete50 = 1, forest2water2 = 1  [n = 60]:	loss = 0.127  exp loss = 0.126  adjusted loss = 0.126  adv prob = 0.250000   acc = 0.933

Validation:
Average incurred loss: 0.570  
Average sample loss: 0.562  
Average acc: 0.912  
  waterbird_complete50 = 0, forest2water2 = 0  [n = 465]:	loss = 0.000  exp loss = 0.000  adjusted loss = 0.000  adv prob = 0.250000   acc = 1.000
  waterbird_complete50 = 0, forest2water2 = 1  [n = 466]:	loss = 0.010  exp loss = 0.009  adjusted loss = 0.009  adv prob = 0.250000   acc = 0.998
  waterbird_complete50 = 1, forest2water2 = 0  [n = 134]:	loss = 2.709  exp loss = 3.107  adjusted loss = 3.107  adv prob = 0.250000   acc = 0.612
  waterbird_complete50 = 1, forest2water2 = 1  [n = 134]:	loss = 2.352  exp loss = 2.340  adjusted loss = 2.340  adv prob = 0.250000   acc = 0.604
Current lr: 0.000010
Current validation accuracy: 0.6044776439666748


Epoch [20]:
Training:
Average incurred loss: 0.240  
Average sample loss: 0.221  
Average acc: 0.915  
  waterbird_complete50 = 0, forest2water2 = 0  [n = 60]:	loss = 0.000  exp loss = 0.000  adjusted loss = 0.000  adv prob = 0.250000   acc = 1.000
  waterbird_complete50 = 0, forest2water2 = 1  [n = 48]:	loss = 0.000  exp loss = 0.000  adjusted loss = 0.000  adv prob = 0.250000   acc = 1.000
  waterbird_complete50 = 1, forest2water2 = 0  [n = 51]:	loss = 0.661  exp loss = 0.342  adjusted loss = 0.342  adv prob = 0.250000   acc = 0.784
  waterbird_complete50 = 1, forest2water2 = 1  [n = 65]:	loss = 0.308  exp loss = 0.176  adjusted loss = 0.176  adv prob = 0.250000   acc = 0.877

Validation:
Average incurred loss: 0.596  
Average sample loss: 0.587  
Average acc: 0.909  
  waterbird_complete50 = 0, forest2water2 = 0  [n = 465]:	loss = 0.000  exp loss = 0.000  adjusted loss = 0.000  adv prob = 0.250000   acc = 1.000
  waterbird_complete50 = 0, forest2water2 = 1  [n = 466]:	loss = 0.009  exp loss = 0.008  adjusted loss = 0.008  adv prob = 0.250000   acc = 0.998
  waterbird_complete50 = 1, forest2water2 = 0  [n = 134]:	loss = 2.827  exp loss = 3.242  adjusted loss = 3.242  adv prob = 0.250000   acc = 0.604
  waterbird_complete50 = 1, forest2water2 = 1  [n = 134]:	loss = 2.472  exp loss = 2.444  adjusted loss = 2.444  adv prob = 0.250000   acc = 0.590
Current lr: 0.000010
Current validation accuracy: 0.5895522832870483


Epoch [21]:
Training:
Average incurred loss: 0.168  
Average sample loss: 0.206  
Average acc: 0.906  
  waterbird_complete50 = 0, forest2water2 = 0  [n = 50]:	loss = 0.000  exp loss = 0.000  adjusted loss = 0.000  adv prob = 0.250000   acc = 1.000
  waterbird_complete50 = 0, forest2water2 = 1  [n = 59]:	loss = 0.000  exp loss = 0.000  adjusted loss = 0.000  adv prob = 0.250000   acc = 1.000
  waterbird_complete50 = 1, forest2water2 = 0  [n = 49]:	loss = 0.374  exp loss = 0.364  adjusted loss = 0.364  adv prob = 0.250000   acc = 0.776
  waterbird_complete50 = 1, forest2water2 = 1  [n = 66]:	loss = 0.294  exp loss = 0.235  adjusted loss = 0.235  adv prob = 0.250000   acc = 0.848

Validation:
Average incurred loss: 0.604  
Average sample loss: 0.595  
Average acc: 0.908  
  waterbird_complete50 = 0, forest2water2 = 0  [n = 465]:	loss = 0.000  exp loss = 0.000  adjusted loss = 0.000  adv prob = 0.250000   acc = 1.000
  waterbird_complete50 = 0, forest2water2 = 1  [n = 466]:	loss = 0.009  exp loss = 0.008  adjusted loss = 0.008  adv prob = 0.250000   acc = 0.998
  waterbird_complete50 = 1, forest2water2 = 0  [n = 134]:	loss = 2.873  exp loss = 3.294  adjusted loss = 3.294  adv prob = 0.250000   acc = 0.597
  waterbird_complete50 = 1, forest2water2 = 1  [n = 134]:	loss = 2.496  exp loss = 2.474  adjusted loss = 2.474  adv prob = 0.250000   acc = 0.590
Current lr: 0.000010
Current validation accuracy: 0.5895522236824036


Epoch [22]:
Training:
Average incurred loss: 0.180  
Average sample loss: 0.182  
Average acc: 0.911  
  waterbird_complete50 = 0, forest2water2 = 0  [n = 51]:	loss = 0.000  exp loss = 0.000  adjusted loss = 0.000  adv prob = 0.250000   acc = 1.000
  waterbird_complete50 = 0, forest2water2 = 1  [n = 51]:	loss = 0.000  exp loss = 0.000  adjusted loss = 0.000  adv prob = 0.250000   acc = 1.000
  waterbird_complete50 = 1, forest2water2 = 0  [n = 62]:	loss = 0.432  exp loss = 0.345  adjusted loss = 0.345  adv prob = 0.250000   acc = 0.774
  waterbird_complete50 = 1, forest2water2 = 1  [n = 60]:	loss = 0.224  exp loss = 0.248  adjusted loss = 0.248  adv prob = 0.250000   acc = 0.900

Validation:
Average incurred loss: 0.636  
Average sample loss: 0.627  
Average acc: 0.902  
  waterbird_complete50 = 0, forest2water2 = 0  [n = 465]:	loss = 0.000  exp loss = 0.000  adjusted loss = 0.000  adv prob = 0.250000   acc = 1.000
  waterbird_complete50 = 0, forest2water2 = 1  [n = 466]:	loss = 0.007  exp loss = 0.006  adjusted loss = 0.006  adv prob = 0.250000   acc = 0.998
  waterbird_complete50 = 1, forest2water2 = 0  [n = 134]:	loss = 3.017  exp loss = 3.452  adjusted loss = 3.452  adv prob = 0.250000   acc = 0.582
  waterbird_complete50 = 1, forest2water2 = 1  [n = 134]:	loss = 2.651  exp loss = 2.631  adjusted loss = 2.631  adv prob = 0.250000   acc = 0.552
Current lr: 0.000010
Current validation accuracy: 0.5522388219833374


Epoch [23]:
Training:
Average incurred loss: 0.103  
Average sample loss: 0.092  
Average acc: 0.955  
  waterbird_complete50 = 0, forest2water2 = 0  [n = 51]:	loss = 0.000  exp loss = 0.000  adjusted loss = 0.000  adv prob = 0.250000   acc = 1.000
  waterbird_complete50 = 0, forest2water2 = 1  [n = 69]:	loss = 0.000  exp loss = 0.000  adjusted loss = 0.000  adv prob = 0.250000   acc = 1.000
  waterbird_complete50 = 1, forest2water2 = 0  [n = 48]:	loss = 0.251  exp loss = 0.307  adjusted loss = 0.307  adv prob = 0.250000   acc = 0.896
  waterbird_complete50 = 1, forest2water2 = 1  [n = 56]:	loss = 0.195  exp loss = 0.207  adjusted loss = 0.207  adv prob = 0.250000   acc = 0.911

Validation:
Average incurred loss: 0.581  
Average sample loss: 0.573  
Average acc: 0.911  
  waterbird_complete50 = 0, forest2water2 = 0  [n = 465]:	loss = 0.000  exp loss = 0.000  adjusted loss = 0.000  adv prob = 0.250000   acc = 1.000
  waterbird_complete50 = 0, forest2water2 = 1  [n = 466]:	loss = 0.009  exp loss = 0.008  adjusted loss = 0.008  adv prob = 0.250000   acc = 0.998
  waterbird_complete50 = 1, forest2water2 = 0  [n = 134]:	loss = 2.769  exp loss = 3.157  adjusted loss = 3.157  adv prob = 0.250000   acc = 0.612
  waterbird_complete50 = 1, forest2water2 = 1  [n = 134]:	loss = 2.395  exp loss = 2.389  adjusted loss = 2.389  adv prob = 0.250000   acc = 0.597
Current lr: 0.000010
Current validation accuracy: 0.5970149636268616


Epoch [24]:
Training:
Average incurred loss: 0.244  
Average sample loss: 0.275  
Average acc: 0.897  
  waterbird_complete50 = 0, forest2water2 = 0  [n = 49]:	loss = 0.000  exp loss = 0.000  adjusted loss = 0.000  adv prob = 0.250000   acc = 1.000
  waterbird_complete50 = 0, forest2water2 = 1  [n = 49]:	loss = 0.000  exp loss = 0.000  adjusted loss = 0.000  adv prob = 0.250000   acc = 1.000
  waterbird_complete50 = 1, forest2water2 = 0  [n = 53]:	loss = 0.590  exp loss = 0.442  adjusted loss = 0.442  adv prob = 0.250000   acc = 0.792
  waterbird_complete50 = 1, forest2water2 = 1  [n = 73]:	loss = 0.319  exp loss = 0.230  adjusted loss = 0.230  adv prob = 0.250000   acc = 0.836

Validation:
Average incurred loss: 0.631  
Average sample loss: 0.622  
Average acc: 0.904  
  waterbird_complete50 = 0, forest2water2 = 0  [n = 465]:	loss = 0.000  exp loss = 0.000  adjusted loss = 0.000  adv prob = 0.250000   acc = 1.000
  waterbird_complete50 = 0, forest2water2 = 1  [n = 466]:	loss = 0.007  exp loss = 0.006  adjusted loss = 0.006  adv prob = 0.250000   acc = 0.998
  waterbird_complete50 = 1, forest2water2 = 0  [n = 134]:	loss = 2.986  exp loss = 3.420  adjusted loss = 3.420  adv prob = 0.250000   acc = 0.590
  waterbird_complete50 = 1, forest2water2 = 1  [n = 134]:	loss = 2.631  exp loss = 2.615  adjusted loss = 2.615  adv prob = 0.250000   acc = 0.560
Current lr: 0.000010
Current validation accuracy: 0.5597014427185059


Epoch [25]:
Training:
Average incurred loss: 0.090  
Average sample loss: 0.082  
Average acc: 0.964  
  waterbird_complete50 = 0, forest2water2 = 0  [n = 56]:	loss = 0.000  exp loss = 0.000  adjusted loss = 0.000  adv prob = 0.250000   acc = 1.000
  waterbird_complete50 = 0, forest2water2 = 1  [n = 59]:	loss = 0.000  exp loss = 0.000  adjusted loss = 0.000  adv prob = 0.250000   acc = 1.000
  waterbird_complete50 = 1, forest2water2 = 0  [n = 56]:	loss = 0.164  exp loss = 0.347  adjusted loss = 0.347  adv prob = 0.250000   acc = 0.946
  waterbird_complete50 = 1, forest2water2 = 1  [n = 53]:	loss = 0.207  exp loss = 0.197  adjusted loss = 0.197  adv prob = 0.250000   acc = 0.906

Validation:
Average incurred loss: 0.585  
Average sample loss: 0.577  
Average acc: 0.910  
  waterbird_complete50 = 0, forest2water2 = 0  [n = 465]:	loss = 0.000  exp loss = 0.000  adjusted loss = 0.000  adv prob = 0.250000   acc = 1.000
  waterbird_complete50 = 0, forest2water2 = 1  [n = 466]:	loss = 0.010  exp loss = 0.009  adjusted loss = 0.009  adv prob = 0.250000   acc = 0.998
  waterbird_complete50 = 1, forest2water2 = 0  [n = 134]:	loss = 2.798  exp loss = 3.203  adjusted loss = 3.203  adv prob = 0.250000   acc = 0.604
  waterbird_complete50 = 1, forest2water2 = 1  [n = 134]:	loss = 2.405  exp loss = 2.396  adjusted loss = 2.396  adv prob = 0.250000   acc = 0.597
Current lr: 0.000010
Current validation accuracy: 0.5970149636268616


Epoch [26]:
Training:
Average incurred loss: 0.040  
Average sample loss: 0.035  
Average acc: 0.991  
  waterbird_complete50 = 0, forest2water2 = 0  [n = 56]:	loss = 0.000  exp loss = 0.000  adjusted loss = 0.000  adv prob = 0.250000   acc = 1.000
  waterbird_complete50 = 0, forest2water2 = 1  [n = 60]:	loss = 0.000  exp loss = 0.000  adjusted loss = 0.000  adv prob = 0.250000   acc = 1.000
  waterbird_complete50 = 1, forest2water2 = 0  [n = 51]:	loss = 0.098  exp loss = 0.255  adjusted loss = 0.255  adv prob = 0.250000   acc = 0.980
  waterbird_complete50 = 1, forest2water2 = 1  [n = 57]:	loss = 0.070  exp loss = 0.149  adjusted loss = 0.149  adv prob = 0.250000   acc = 0.982

Validation:
Average incurred loss: 0.563  
Average sample loss: 0.556  
Average acc: 0.912  
  waterbird_complete50 = 0, forest2water2 = 0  [n = 465]:	loss = 0.000  exp loss = 0.000  adjusted loss = 0.000  adv prob = 0.250000   acc = 1.000
  waterbird_complete50 = 0, forest2water2 = 1  [n = 466]:	loss = 0.010  exp loss = 0.009  adjusted loss = 0.009  adv prob = 0.250000   acc = 0.998
  waterbird_complete50 = 1, forest2water2 = 0  [n = 134]:	loss = 2.705  exp loss = 3.097  adjusted loss = 3.097  adv prob = 0.250000   acc = 0.619
  waterbird_complete50 = 1, forest2water2 = 1  [n = 134]:	loss = 2.300  exp loss = 2.295  adjusted loss = 2.295  adv prob = 0.250000   acc = 0.604
Current lr: 0.000010
Current validation accuracy: 0.6044776439666748


Epoch [27]:
Training:
Average incurred loss: 0.097  
Average sample loss: 0.085  
Average acc: 0.955  
  waterbird_complete50 = 0, forest2water2 = 0  [n = 61]:	loss = 0.000  exp loss = 0.000  adjusted loss = 0.000  adv prob = 0.250000   acc = 1.000
  waterbird_complete50 = 0, forest2water2 = 1  [n = 53]:	loss = 0.000  exp loss = 0.000  adjusted loss = 0.000  adv prob = 0.250000   acc = 1.000
  waterbird_complete50 = 1, forest2water2 = 0  [n = 59]:	loss = 0.324  exp loss = 0.242  adjusted loss = 0.242  adv prob = 0.250000   acc = 0.847
  waterbird_complete50 = 1, forest2water2 = 1  [n = 51]:	loss = 0.051  exp loss = 0.109  adjusted loss = 0.109  adv prob = 0.250000   acc = 0.980

Validation:
Average incurred loss: 0.530  
Average sample loss: 0.523  
Average acc: 0.917  
  waterbird_complete50 = 0, forest2water2 = 0  [n = 465]:	loss = 0.000  exp loss = 0.000  adjusted loss = 0.000  adv prob = 0.250000   acc = 1.000
  waterbird_complete50 = 0, forest2water2 = 1  [n = 466]:	loss = 0.013  exp loss = 0.012  adjusted loss = 0.012  adv prob = 0.250000   acc = 0.996
  waterbird_complete50 = 1, forest2water2 = 0  [n = 134]:	loss = 2.554  exp loss = 2.949  adjusted loss = 2.949  adv prob = 0.250000   acc = 0.634
  waterbird_complete50 = 1, forest2water2 = 1  [n = 134]:	loss = 2.144  exp loss = 2.138  adjusted loss = 2.138  adv prob = 0.250000   acc = 0.634
Current lr: 0.000010
Current validation accuracy: 0.634328305721283


Epoch [28]:
Training:
Average incurred loss: 0.160  
Average sample loss: 0.208  
Average acc: 0.933  
  waterbird_complete50 = 0, forest2water2 = 0  [n = 50]:	loss = 0.000  exp loss = 0.000  adjusted loss = 0.000  adv prob = 0.250000   acc = 1.000
  waterbird_complete50 = 0, forest2water2 = 1  [n = 55]:	loss = 0.000  exp loss = 0.000  adjusted loss = 0.000  adv prob = 0.250000   acc = 1.000
  waterbird_complete50 = 1, forest2water2 = 0  [n = 67]:	loss = 0.347  exp loss = 0.312  adjusted loss = 0.312  adv prob = 0.250000   acc = 0.866
  waterbird_complete50 = 1, forest2water2 = 1  [n = 52]:	loss = 0.243  exp loss = 0.176  adjusted loss = 0.176  adv prob = 0.250000   acc = 0.885

Validation:
Average incurred loss: 0.574  
Average sample loss: 0.566  
Average acc: 0.912  
  waterbird_complete50 = 0, forest2water2 = 0  [n = 465]:	loss = 0.000  exp loss = 0.000  adjusted loss = 0.000  adv prob = 0.250000   acc = 1.000
  waterbird_complete50 = 0, forest2water2 = 1  [n = 466]:	loss = 0.010  exp loss = 0.009  adjusted loss = 0.009  adv prob = 0.250000   acc = 0.998
  waterbird_complete50 = 1, forest2water2 = 0  [n = 134]:	loss = 2.761  exp loss = 3.179  adjusted loss = 3.179  adv prob = 0.250000   acc = 0.612
  waterbird_complete50 = 1, forest2water2 = 1  [n = 134]:	loss = 2.339  exp loss = 2.320  adjusted loss = 2.320  adv prob = 0.250000   acc = 0.604
Current lr: 0.000010
Current validation accuracy: 0.6044776439666748


Epoch [29]:
Training:
Average incurred loss: 0.098  
Average sample loss: 0.087  
Average acc: 0.960  
  waterbird_complete50 = 0, forest2water2 = 0  [n = 54]:	loss = 0.000  exp loss = 0.000  adjusted loss = 0.000  adv prob = 0.250000   acc = 1.000
  waterbird_complete50 = 0, forest2water2 = 1  [n = 49]:	loss = 0.000  exp loss = 0.000  adjusted loss = 0.000  adv prob = 0.250000   acc = 1.000
  waterbird_complete50 = 1, forest2water2 = 0  [n = 60]:	loss = 0.218  exp loss = 0.271  adjusted loss = 0.271  adv prob = 0.250000   acc = 0.933
  waterbird_complete50 = 1, forest2water2 = 1  [n = 61]:	loss = 0.146  exp loss = 0.155  adjusted loss = 0.155  adv prob = 0.250000   acc = 0.918

Validation:
Average incurred loss: 0.559  
Average sample loss: 0.552  
Average acc: 0.912  
  waterbird_complete50 = 0, forest2water2 = 0  [n = 465]:	loss = 0.000  exp loss = 0.000  adjusted loss = 0.000  adv prob = 0.250000   acc = 1.000
  waterbird_complete50 = 0, forest2water2 = 1  [n = 466]:	loss = 0.011  exp loss = 0.010  adjusted loss = 0.010  adv prob = 0.250000   acc = 0.998
  waterbird_complete50 = 1, forest2water2 = 0  [n = 134]:	loss = 2.677  exp loss = 3.094  adjusted loss = 3.094  adv prob = 0.250000   acc = 0.612
  waterbird_complete50 = 1, forest2water2 = 1  [n = 134]:	loss = 2.290  exp loss = 2.263  adjusted loss = 2.263  adv prob = 0.250000   acc = 0.604
Current lr: 0.000010
Current validation accuracy: 0.6044776439666748


Epoch [30]:
Training:
Average incurred loss: 0.092  
Average sample loss: 0.081  
Average acc: 0.960  
  waterbird_complete50 = 0, forest2water2 = 0  [n = 52]:	loss = 0.000  exp loss = 0.000  adjusted loss = 0.000  adv prob = 0.250000   acc = 1.000
  waterbird_complete50 = 0, forest2water2 = 1  [n = 58]:	loss = 0.000  exp loss = 0.000  adjusted loss = 0.000  adv prob = 0.250000   acc = 1.000
  waterbird_complete50 = 1, forest2water2 = 0  [n = 57]:	loss = 0.254  exp loss = 0.243  adjusted loss = 0.243  adv prob = 0.250000   acc = 0.877
  waterbird_complete50 = 1, forest2water2 = 1  [n = 57]:	loss = 0.108  exp loss = 0.131  adjusted loss = 0.131  adv prob = 0.250000   acc = 0.965

Validation:
Average incurred loss: 0.534  
Average sample loss: 0.527  
Average acc: 0.915  
  waterbird_complete50 = 0, forest2water2 = 0  [n = 465]:	loss = 0.000  exp loss = 0.000  adjusted loss = 0.000  adv prob = 0.250000   acc = 1.000
  waterbird_complete50 = 0, forest2water2 = 1  [n = 466]:	loss = 0.013  exp loss = 0.012  adjusted loss = 0.012  adv prob = 0.250000   acc = 0.996
  waterbird_complete50 = 1, forest2water2 = 0  [n = 134]:	loss = 2.552  exp loss = 2.947  adjusted loss = 2.947  adv prob = 0.250000   acc = 0.627
  waterbird_complete50 = 1, forest2water2 = 1  [n = 134]:	loss = 2.182  exp loss = 2.162  adjusted loss = 2.162  adv prob = 0.250000   acc = 0.627
Current lr: 0.000010
Current validation accuracy: 0.6268656253814697


Epoch [31]:
Training:
Average incurred loss: 0.070  
Average sample loss: 0.064  
Average acc: 0.978  
  waterbird_complete50 = 0, forest2water2 = 0  [n = 59]:	loss = 0.000  exp loss = 0.000  adjusted loss = 0.000  adv prob = 0.250000   acc = 1.000
  waterbird_complete50 = 0, forest2water2 = 1  [n = 61]:	loss = 0.000  exp loss = 0.000  adjusted loss = 0.000  adv prob = 0.250000   acc = 1.000
  waterbird_complete50 = 1, forest2water2 = 0  [n = 53]:	loss = 0.171  exp loss = 0.211  adjusted loss = 0.211  adv prob = 0.250000   acc = 0.943
  waterbird_complete50 = 1, forest2water2 = 1  [n = 51]:	loss = 0.129  exp loss = 0.119  adjusted loss = 0.119  adv prob = 0.250000   acc = 0.961

Validation:
Average incurred loss: 0.513  
Average sample loss: 0.506  
Average acc: 0.916  
  waterbird_complete50 = 0, forest2water2 = 0  [n = 465]:	loss = 0.000  exp loss = 0.000  adjusted loss = 0.000  adv prob = 0.250000   acc = 1.000
  waterbird_complete50 = 0, forest2water2 = 1  [n = 466]:	loss = 0.013  exp loss = 0.012  adjusted loss = 0.012  adv prob = 0.250000   acc = 0.996
  waterbird_complete50 = 1, forest2water2 = 0  [n = 134]:	loss = 2.469  exp loss = 2.820  adjusted loss = 2.820  adv prob = 0.250000   acc = 0.627
  waterbird_complete50 = 1, forest2water2 = 1  [n = 134]:	loss = 2.077  exp loss = 2.062  adjusted loss = 2.062  adv prob = 0.250000   acc = 0.634
Current lr: 0.000010
Current validation accuracy: 0.6268656253814697


Epoch [32]:
Training:
Average incurred loss: 0.021  
Average sample loss: 0.028  
Average acc: 0.996  
  waterbird_complete50 = 0, forest2water2 = 0  [n = 69]:	loss = 0.000  exp loss = 0.000  adjusted loss = 0.000  adv prob = 0.250000   acc = 1.000
  waterbird_complete50 = 0, forest2water2 = 1  [n = 53]:	loss = 0.000  exp loss = 0.000  adjusted loss = 0.000  adv prob = 0.250000   acc = 1.000
  waterbird_complete50 = 1, forest2water2 = 0  [n = 54]:	loss = 0.073  exp loss = 0.168  adjusted loss = 0.168  adv prob = 0.250000   acc = 0.981
  waterbird_complete50 = 1, forest2water2 = 1  [n = 48]:	loss = 0.017  exp loss = 0.087  adjusted loss = 0.087  adv prob = 0.250000   acc = 1.000

Validation:
Average incurred loss: 0.488  
Average sample loss: 0.482  
Average acc: 0.915  
  waterbird_complete50 = 0, forest2water2 = 0  [n = 465]:	loss = 0.000  exp loss = 0.000  adjusted loss = 0.000  adv prob = 0.250000   acc = 1.000
  waterbird_complete50 = 0, forest2water2 = 1  [n = 466]:	loss = 0.015  exp loss = 0.013  adjusted loss = 0.013  adv prob = 0.250000   acc = 0.994
  waterbird_complete50 = 1, forest2water2 = 0  [n = 134]:	loss = 2.369  exp loss = 2.688  adjusted loss = 2.688  adv prob = 0.250000   acc = 0.627
  waterbird_complete50 = 1, forest2water2 = 1  [n = 134]:	loss = 1.946  exp loss = 1.936  adjusted loss = 1.936  adv prob = 0.250000   acc = 0.634
Current lr: 0.000010
Current validation accuracy: 0.6268656253814697


Epoch [33]:
Training:
Average incurred loss: 0.009  
Average sample loss: 0.008  
Average acc: 1.000  
  waterbird_complete50 = 0, forest2water2 = 0  [n = 61]:	loss = 0.000  exp loss = 0.000  adjusted loss = 0.000  adv prob = 0.250000   acc = 1.000
  waterbird_complete50 = 0, forest2water2 = 1  [n = 64]:	loss = 0.000  exp loss = 0.000  adjusted loss = 0.000  adv prob = 0.250000   acc = 1.000
  waterbird_complete50 = 1, forest2water2 = 0  [n = 52]:	loss = 0.023  exp loss = 0.117  adjusted loss = 0.117  adv prob = 0.250000   acc = 1.000
  waterbird_complete50 = 1, forest2water2 = 1  [n = 47]:	loss = 0.018  exp loss = 0.062  adjusted loss = 0.062  adv prob = 0.250000   acc = 1.000

Validation:
Average incurred loss: 0.450  
Average sample loss: 0.444  
Average acc: 0.918  
  waterbird_complete50 = 0, forest2water2 = 0  [n = 465]:	loss = 0.001  exp loss = 0.000  adjusted loss = 0.000  adv prob = 0.250000   acc = 1.000
  waterbird_complete50 = 0, forest2water2 = 1  [n = 466]:	loss = 0.018  exp loss = 0.016  adjusted loss = 0.016  adv prob = 0.250000   acc = 0.994
  waterbird_complete50 = 1, forest2water2 = 0  [n = 134]:	loss = 2.183  exp loss = 2.484  adjusted loss = 2.484  adv prob = 0.250000   acc = 0.642
  waterbird_complete50 = 1, forest2water2 = 1  [n = 134]:	loss = 1.781  exp loss = 1.783  adjusted loss = 1.783  adv prob = 0.250000   acc = 0.649
Current lr: 0.000010
Current validation accuracy: 0.6417909860610962


Epoch [34]:
Training:
Average incurred loss: 0.017  
Average sample loss: 0.015  
Average acc: 1.000  
  waterbird_complete50 = 0, forest2water2 = 0  [n = 62]:	loss = 0.000  exp loss = 0.000  adjusted loss = 0.000  adv prob = 0.250000   acc = 1.000
  waterbird_complete50 = 0, forest2water2 = 1  [n = 57]:	loss = 0.000  exp loss = 0.000  adjusted loss = 0.000  adv prob = 0.250000   acc = 1.000
  waterbird_complete50 = 1, forest2water2 = 0  [n = 57]:	loss = 0.047  exp loss = 0.089  adjusted loss = 0.089  adv prob = 0.250000   acc = 1.000
  waterbird_complete50 = 1, forest2water2 = 1  [n = 48]:	loss = 0.026  exp loss = 0.048  adjusted loss = 0.048  adv prob = 0.250000   acc = 1.000

Validation:
Average incurred loss: 0.434  
Average sample loss: 0.428  
Average acc: 0.922  
  waterbird_complete50 = 0, forest2water2 = 0  [n = 465]:	loss = 0.001  exp loss = 0.001  adjusted loss = 0.001  adv prob = 0.250000   acc = 1.000
  waterbird_complete50 = 0, forest2water2 = 1  [n = 466]:	loss = 0.020  exp loss = 0.018  adjusted loss = 0.018  adv prob = 0.250000   acc = 0.994
  waterbird_complete50 = 1, forest2water2 = 0  [n = 134]:	loss = 2.102  exp loss = 2.387  adjusted loss = 2.387  adv prob = 0.250000   acc = 0.664
  waterbird_complete50 = 1, forest2water2 = 1  [n = 134]:	loss = 1.709  exp loss = 1.720  adjusted loss = 1.720  adv prob = 0.250000   acc = 0.664
Current lr: 0.000010
Current validation accuracy: 0.6641790866851807


Epoch [35]:
Training:
Average incurred loss: 0.118  
Average sample loss: 0.113  
Average acc: 0.955  
  waterbird_complete50 = 0, forest2water2 = 0  [n = 56]:	loss = 0.000  exp loss = 0.000  adjusted loss = 0.000  adv prob = 0.250000   acc = 1.000
  waterbird_complete50 = 0, forest2water2 = 1  [n = 51]:	loss = 0.000  exp loss = 0.000  adjusted loss = 0.000  adv prob = 0.250000   acc = 1.000
  waterbird_complete50 = 1, forest2water2 = 0  [n = 60]:	loss = 0.387  exp loss = 0.175  adjusted loss = 0.175  adv prob = 0.250000   acc = 0.850
  waterbird_complete50 = 1, forest2water2 = 1  [n = 57]:	loss = 0.056  exp loss = 0.050  adjusted loss = 0.050  adv prob = 0.250000   acc = 0.982

Validation:
Average incurred loss: 0.479  
Average sample loss: 0.472  
Average acc: 0.916  
  waterbird_complete50 = 0, forest2water2 = 0  [n = 465]:	loss = 0.001  exp loss = 0.000  adjusted loss = 0.000  adv prob = 0.250000   acc = 1.000
  waterbird_complete50 = 0, forest2water2 = 1  [n = 466]:	loss = 0.017  exp loss = 0.015  adjusted loss = 0.015  adv prob = 0.250000   acc = 0.994
  waterbird_complete50 = 1, forest2water2 = 0  [n = 134]:	loss = 2.314  exp loss = 2.641  adjusted loss = 2.641  adv prob = 0.250000   acc = 0.634
  waterbird_complete50 = 1, forest2water2 = 1  [n = 134]:	loss = 1.907  exp loss = 1.916  adjusted loss = 1.916  adv prob = 0.250000   acc = 0.634
Current lr: 0.000010
Current validation accuracy: 0.634328305721283


Epoch [36]:
Training:
Average incurred loss: 0.113  
Average sample loss: 0.100  
Average acc: 0.955  
  waterbird_complete50 = 0, forest2water2 = 0  [n = 59]:	loss = 0.000  exp loss = 0.000  adjusted loss = 0.000  adv prob = 0.250000   acc = 1.000
  waterbird_complete50 = 0, forest2water2 = 1  [n = 52]:	loss = 0.000  exp loss = 0.000  adjusted loss = 0.000  adv prob = 0.250000   acc = 1.000
  waterbird_complete50 = 1, forest2water2 = 0  [n = 51]:	loss = 0.289  exp loss = 0.191  adjusted loss = 0.191  adv prob = 0.250000   acc = 0.863
  waterbird_complete50 = 1, forest2water2 = 1  [n = 62]:	loss = 0.169  exp loss = 0.087  adjusted loss = 0.087  adv prob = 0.250000   acc = 0.952

Validation:
Average incurred loss: 0.492  
Average sample loss: 0.485  
Average acc: 0.916  
  waterbird_complete50 = 0, forest2water2 = 0  [n = 465]:	loss = 0.000  exp loss = 0.000  adjusted loss = 0.000  adv prob = 0.250000   acc = 1.000
  waterbird_complete50 = 0, forest2water2 = 1  [n = 466]:	loss = 0.016  exp loss = 0.014  adjusted loss = 0.014  adv prob = 0.250000   acc = 0.994
  waterbird_complete50 = 1, forest2water2 = 0  [n = 134]:	loss = 2.365  exp loss = 2.697  adjusted loss = 2.697  adv prob = 0.250000   acc = 0.634
  waterbird_complete50 = 1, forest2water2 = 1  [n = 134]:	loss = 1.977  exp loss = 1.985  adjusted loss = 1.985  adv prob = 0.250000   acc = 0.634
Current lr: 0.000010
Current validation accuracy: 0.634328305721283


Epoch [37]:
Training:
Average incurred loss: 0.181  
Average sample loss: 0.160  
Average acc: 0.911  
  waterbird_complete50 = 0, forest2water2 = 0  [n = 50]:	loss = 0.000  exp loss = 0.000  adjusted loss = 0.000  adv prob = 0.250000   acc = 1.000
  waterbird_complete50 = 0, forest2water2 = 1  [n = 55]:	loss = 0.000  exp loss = 0.000  adjusted loss = 0.000  adv prob = 0.250000   acc = 1.000
  waterbird_complete50 = 1, forest2water2 = 0  [n = 69]:	loss = 0.460  exp loss = 0.254  adjusted loss = 0.254  adv prob = 0.250000   acc = 0.754
  waterbird_complete50 = 1, forest2water2 = 1  [n = 50]:	loss = 0.175  exp loss = 0.102  adjusted loss = 0.102  adv prob = 0.250000   acc = 0.940

Validation:
Average incurred loss: 0.501  
Average sample loss: 0.494  
Average acc: 0.915  
  waterbird_complete50 = 0, forest2water2 = 0  [n = 465]:	loss = 0.000  exp loss = 0.000  adjusted loss = 0.000  adv prob = 0.250000   acc = 1.000
  waterbird_complete50 = 0, forest2water2 = 1  [n = 466]:	loss = 0.015  exp loss = 0.013  adjusted loss = 0.013  adv prob = 0.250000   acc = 0.994
  waterbird_complete50 = 1, forest2water2 = 0  [n = 134]:	loss = 2.411  exp loss = 2.743  adjusted loss = 2.743  adv prob = 0.250000   acc = 0.627
  waterbird_complete50 = 1, forest2water2 = 1  [n = 134]:	loss = 2.020  exp loss = 2.017  adjusted loss = 2.017  adv prob = 0.250000   acc = 0.634
Current lr: 0.000010
Current validation accuracy: 0.6268656253814697


Epoch [38]:
Training:
Average incurred loss: 0.032  
Average sample loss: 0.031  
Average acc: 0.991  
  waterbird_complete50 = 0, forest2water2 = 0  [n = 66]:	loss = 0.000  exp loss = 0.000  adjusted loss = 0.000  adv prob = 0.250000   acc = 1.000
  waterbird_complete50 = 0, forest2water2 = 1  [n = 49]:	loss = 0.000  exp loss = 0.000  adjusted loss = 0.000  adv prob = 0.250000   acc = 1.000
  waterbird_complete50 = 1, forest2water2 = 0  [n = 53]:	loss = 0.099  exp loss = 0.199  adjusted loss = 0.199  adv prob = 0.250000   acc = 0.962
  waterbird_complete50 = 1, forest2water2 = 1  [n = 56]:	loss = 0.035  exp loss = 0.078  adjusted loss = 0.078  adv prob = 0.250000   acc = 1.000

Validation:
Average incurred loss: 0.503  
Average sample loss: 0.496  
Average acc: 0.914  
  waterbird_complete50 = 0, forest2water2 = 0  [n = 465]:	loss = 0.000  exp loss = 0.000  adjusted loss = 0.000  adv prob = 0.250000   acc = 1.000
  waterbird_complete50 = 0, forest2water2 = 1  [n = 466]:	loss = 0.015  exp loss = 0.013  adjusted loss = 0.013  adv prob = 0.250000   acc = 0.994
  waterbird_complete50 = 1, forest2water2 = 0  [n = 134]:	loss = 2.431  exp loss = 2.746  adjusted loss = 2.746  adv prob = 0.250000   acc = 0.627
  waterbird_complete50 = 1, forest2water2 = 1  [n = 134]:	loss = 2.013  exp loss = 2.011  adjusted loss = 2.011  adv prob = 0.250000   acc = 0.627
Current lr: 0.000010
Current validation accuracy: 0.6268656253814697


Epoch [39]:
Training:
Average incurred loss: 0.039  
Average sample loss: 0.034  
Average acc: 0.987  
  waterbird_complete50 = 0, forest2water2 = 0  [n = 59]:	loss = 0.000  exp loss = 0.000  adjusted loss = 0.000  adv prob = 0.250000   acc = 1.000
  waterbird_complete50 = 0, forest2water2 = 1  [n = 61]:	loss = 0.000  exp loss = 0.000  adjusted loss = 0.000  adv prob = 0.250000   acc = 1.000
  waterbird_complete50 = 1, forest2water2 = 0  [n = 53]:	loss = 0.124  exp loss = 0.157  adjusted loss = 0.157  adv prob = 0.250000   acc = 0.943
  waterbird_complete50 = 1, forest2water2 = 1  [n = 51]:	loss = 0.042  exp loss = 0.061  adjusted loss = 0.061  adv prob = 0.250000   acc = 1.000

Validation:
Average incurred loss: 0.461  
Average sample loss: 0.454  
Average acc: 0.918  
  waterbird_complete50 = 0, forest2water2 = 0  [n = 465]:	loss = 0.001  exp loss = 0.000  adjusted loss = 0.000  adv prob = 0.250000   acc = 1.000
  waterbird_complete50 = 0, forest2water2 = 1  [n = 466]:	loss = 0.019  exp loss = 0.017  adjusted loss = 0.017  adv prob = 0.250000   acc = 0.994
  waterbird_complete50 = 1, forest2water2 = 0  [n = 134]:	loss = 2.235  exp loss = 2.502  adjusted loss = 2.502  adv prob = 0.250000   acc = 0.649
  waterbird_complete50 = 1, forest2water2 = 1  [n = 134]:	loss = 1.820  exp loss = 1.828  adjusted loss = 1.828  adv prob = 0.250000   acc = 0.642
Current lr: 0.000010
Current validation accuracy: 0.6417911052703857


Epoch [40]:
Training:
Average incurred loss: 0.095  
Average sample loss: 0.083  
Average acc: 0.951  
  waterbird_complete50 = 0, forest2water2 = 0  [n = 61]:	loss = 0.000  exp loss = 0.000  adjusted loss = 0.000  adv prob = 0.250000   acc = 1.000
  waterbird_complete50 = 0, forest2water2 = 1  [n = 54]:	loss = 0.000  exp loss = 0.000  adjusted loss = 0.000  adv prob = 0.250000   acc = 1.000
  waterbird_complete50 = 1, forest2water2 = 0  [n = 55]:	loss = 0.230  exp loss = 0.157  adjusted loss = 0.157  adv prob = 0.250000   acc = 0.855
  waterbird_complete50 = 1, forest2water2 = 1  [n = 54]:	loss = 0.159  exp loss = 0.072  adjusted loss = 0.072  adv prob = 0.250000   acc = 0.944

Validation:
Average incurred loss: 0.450  
Average sample loss: 0.444  
Average acc: 0.920  
  waterbird_complete50 = 0, forest2water2 = 0  [n = 465]:	loss = 0.001  exp loss = 0.000  adjusted loss = 0.000  adv prob = 0.250000   acc = 1.000
  waterbird_complete50 = 0, forest2water2 = 1  [n = 466]:	loss = 0.019  exp loss = 0.017  adjusted loss = 0.017  adv prob = 0.250000   acc = 0.994
  waterbird_complete50 = 1, forest2water2 = 0  [n = 134]:	loss = 2.184  exp loss = 2.457  adjusted loss = 2.457  adv prob = 0.250000   acc = 0.649
  waterbird_complete50 = 1, forest2water2 = 1  [n = 134]:	loss = 1.773  exp loss = 1.781  adjusted loss = 1.781  adv prob = 0.250000   acc = 0.657
Current lr: 0.000010
Current validation accuracy: 0.6492537260055542


Epoch [41]:
Training:
Average incurred loss: 0.116  
Average sample loss: 0.102  
Average acc: 0.933  
  waterbird_complete50 = 0, forest2water2 = 0  [n = 53]:	loss = 0.000  exp loss = 0.000  adjusted loss = 0.000  adv prob = 0.250000   acc = 1.000
  waterbird_complete50 = 0, forest2water2 = 1  [n = 68]:	loss = 0.000  exp loss = 0.000  adjusted loss = 0.000  adv prob = 0.250000   acc = 1.000
  waterbird_complete50 = 1, forest2water2 = 0  [n = 54]:	loss = 0.319  exp loss = 0.168  adjusted loss = 0.168  adv prob = 0.250000   acc = 0.796
  waterbird_complete50 = 1, forest2water2 = 1  [n = 49]:	loss = 0.179  exp loss = 0.092  adjusted loss = 0.092  adv prob = 0.250000   acc = 0.918

Validation:
Average incurred loss: 0.450  
Average sample loss: 0.444  
Average acc: 0.917  
  waterbird_complete50 = 0, forest2water2 = 0  [n = 465]:	loss = 0.001  exp loss = 0.000  adjusted loss = 0.000  adv prob = 0.250000   acc = 1.000
  waterbird_complete50 = 0, forest2water2 = 1  [n = 466]:	loss = 0.018  exp loss = 0.016  adjusted loss = 0.016  adv prob = 0.250000   acc = 0.994
  waterbird_complete50 = 1, forest2water2 = 0  [n = 134]:	loss = 2.189  exp loss = 2.484  adjusted loss = 2.484  adv prob = 0.250000   acc = 0.642
  waterbird_complete50 = 1, forest2water2 = 1  [n = 134]:	loss = 1.778  exp loss = 1.779  adjusted loss = 1.779  adv prob = 0.250000   acc = 0.642
Current lr: 0.000010
Current validation accuracy: 0.6417909860610962


Epoch [42]:
Training:
Average incurred loss: 0.146  
Average sample loss: 0.161  
Average acc: 0.946  
  waterbird_complete50 = 0, forest2water2 = 0  [n = 52]:	loss = 0.000  exp loss = 0.000  adjusted loss = 0.000  adv prob = 0.250000   acc = 1.000
  waterbird_complete50 = 0, forest2water2 = 1  [n = 52]:	loss = 0.000  exp loss = 0.000  adjusted loss = 0.000  adv prob = 0.250000   acc = 1.000
  waterbird_complete50 = 1, forest2water2 = 0  [n = 59]:	loss = 0.254  exp loss = 0.204  adjusted loss = 0.204  adv prob = 0.250000   acc = 0.881
  waterbird_complete50 = 1, forest2water2 = 1  [n = 61]:	loss = 0.289  exp loss = 0.158  adjusted loss = 0.158  adv prob = 0.250000   acc = 0.918

Validation:
Average incurred loss: 0.503  
Average sample loss: 0.496  
Average acc: 0.916  
  waterbird_complete50 = 0, forest2water2 = 0  [n = 465]:	loss = 0.000  exp loss = 0.000  adjusted loss = 0.000  adv prob = 0.250000   acc = 1.000
  waterbird_complete50 = 0, forest2water2 = 1  [n = 466]:	loss = 0.014  exp loss = 0.012  adjusted loss = 0.012  adv prob = 0.250000   acc = 0.994
  waterbird_complete50 = 1, forest2water2 = 0  [n = 134]:	loss = 2.413  exp loss = 2.722  adjusted loss = 2.722  adv prob = 0.250000   acc = 0.634
  waterbird_complete50 = 1, forest2water2 = 1  [n = 134]:	loss = 2.036  exp loss = 2.028  adjusted loss = 2.028  adv prob = 0.250000   acc = 0.634
Current lr: 0.000010
Current validation accuracy: 0.634328305721283


Epoch [43]:
Training:
Average incurred loss: 0.040  
Average sample loss: 0.050  
Average acc: 0.987  
  waterbird_complete50 = 0, forest2water2 = 0  [n = 53]:	loss = 0.000  exp loss = 0.000  adjusted loss = 0.000  adv prob = 0.250000   acc = 1.000
  waterbird_complete50 = 0, forest2water2 = 1  [n = 58]:	loss = 0.000  exp loss = 0.000  adjusted loss = 0.000  adv prob = 0.250000   acc = 1.000
  waterbird_complete50 = 1, forest2water2 = 0  [n = 56]:	loss = 0.120  exp loss = 0.190  adjusted loss = 0.190  adv prob = 0.250000   acc = 0.964
  waterbird_complete50 = 1, forest2water2 = 1  [n = 57]:	loss = 0.037  exp loss = 0.116  adjusted loss = 0.116  adv prob = 0.250000   acc = 0.982

Validation:
Average incurred loss: 0.515  
Average sample loss: 0.508  
Average acc: 0.916  
  waterbird_complete50 = 0, forest2water2 = 0  [n = 465]:	loss = 0.000  exp loss = 0.000  adjusted loss = 0.000  adv prob = 0.250000   acc = 1.000
  waterbird_complete50 = 0, forest2water2 = 1  [n = 466]:	loss = 0.014  exp loss = 0.012  adjusted loss = 0.012  adv prob = 0.250000   acc = 0.996
  waterbird_complete50 = 1, forest2water2 = 0  [n = 134]:	loss = 2.473  exp loss = 2.791  adjusted loss = 2.791  adv prob = 0.250000   acc = 0.627
  waterbird_complete50 = 1, forest2water2 = 1  [n = 134]:	loss = 2.084  exp loss = 2.087  adjusted loss = 2.087  adv prob = 0.250000   acc = 0.634
Current lr: 0.000010
Current validation accuracy: 0.6268656253814697


Epoch [44]:
Training:
Average incurred loss: 0.059  
Average sample loss: 0.052  
Average acc: 0.978  
  waterbird_complete50 = 0, forest2water2 = 0  [n = 52]:	loss = 0.000  exp loss = 0.000  adjusted loss = 0.000  adv prob = 0.250000   acc = 1.000
  waterbird_complete50 = 0, forest2water2 = 1  [n = 60]:	loss = 0.000  exp loss = 0.000  adjusted loss = 0.000  adv prob = 0.250000   acc = 1.000
  waterbird_complete50 = 1, forest2water2 = 0  [n = 51]:	loss = 0.200  exp loss = 0.183  adjusted loss = 0.183  adv prob = 0.250000   acc = 0.922
  waterbird_complete50 = 1, forest2water2 = 1  [n = 61]:	loss = 0.051  exp loss = 0.090  adjusted loss = 0.090  adv prob = 0.250000   acc = 0.984

Validation:
Average incurred loss: 0.507  
Average sample loss: 0.500  
Average acc: 0.916  
  waterbird_complete50 = 0, forest2water2 = 0  [n = 465]:	loss = 0.000  exp loss = 0.000  adjusted loss = 0.000  adv prob = 0.250000   acc = 1.000
  waterbird_complete50 = 0, forest2water2 = 1  [n = 466]:	loss = 0.014  exp loss = 0.013  adjusted loss = 0.013  adv prob = 0.250000   acc = 0.994
  waterbird_complete50 = 1, forest2water2 = 0  [n = 134]:	loss = 2.440  exp loss = 2.767  adjusted loss = 2.767  adv prob = 0.250000   acc = 0.634
  waterbird_complete50 = 1, forest2water2 = 1  [n = 134]:	loss = 2.043  exp loss = 2.052  adjusted loss = 2.052  adv prob = 0.250000   acc = 0.634
Current lr: 0.000010
Current validation accuracy: 0.634328305721283


Epoch [45]:
Training:
Average incurred loss: 0.088  
Average sample loss: 0.077  
Average acc: 0.955  
  waterbird_complete50 = 0, forest2water2 = 0  [n = 58]:	loss = 0.000  exp loss = 0.000  adjusted loss = 0.000  adv prob = 0.250000   acc = 1.000
  waterbird_complete50 = 0, forest2water2 = 1  [n = 52]:	loss = 0.000  exp loss = 0.000  adjusted loss = 0.000  adv prob = 0.250000   acc = 1.000
  waterbird_complete50 = 1, forest2water2 = 0  [n = 66]:	loss = 0.162  exp loss = 0.165  adjusted loss = 0.165  adv prob = 0.250000   acc = 0.924
  waterbird_complete50 = 1, forest2water2 = 1  [n = 48]:	loss = 0.186  exp loss = 0.104  adjusted loss = 0.104  adv prob = 0.250000   acc = 0.896

Validation:
Average incurred loss: 0.508  
Average sample loss: 0.501  
Average acc: 0.916  
  waterbird_complete50 = 0, forest2water2 = 0  [n = 465]:	loss = 0.000  exp loss = 0.000  adjusted loss = 0.000  adv prob = 0.250000   acc = 1.000
  waterbird_complete50 = 0, forest2water2 = 1  [n = 466]:	loss = 0.015  exp loss = 0.013  adjusted loss = 0.013  adv prob = 0.250000   acc = 0.994
  waterbird_complete50 = 1, forest2water2 = 0  [n = 134]:	loss = 2.449  exp loss = 2.780  adjusted loss = 2.780  adv prob = 0.250000   acc = 0.634
  waterbird_complete50 = 1, forest2water2 = 1  [n = 134]:	loss = 2.044  exp loss = 2.050  adjusted loss = 2.050  adv prob = 0.250000   acc = 0.634
Current lr: 0.000010
Current validation accuracy: 0.634328305721283


Epoch [46]:
Training:
Average incurred loss: 0.138  
Average sample loss: 0.146  
Average acc: 0.951  
  waterbird_complete50 = 0, forest2water2 = 0  [n = 61]:	loss = 0.000  exp loss = 0.000  adjusted loss = 0.000  adv prob = 0.250000   acc = 1.000
  waterbird_complete50 = 0, forest2water2 = 1  [n = 48]:	loss = 0.000  exp loss = 0.000  adjusted loss = 0.000  adv prob = 0.250000   acc = 1.000
  waterbird_complete50 = 1, forest2water2 = 0  [n = 64]:	loss = 0.253  exp loss = 0.216  adjusted loss = 0.216  adv prob = 0.250000   acc = 0.891
  waterbird_complete50 = 1, forest2water2 = 1  [n = 51]:	loss = 0.290  exp loss = 0.146  adjusted loss = 0.146  adv prob = 0.250000   acc = 0.922

Validation:
Average incurred loss: 0.517  
Average sample loss: 0.510  
Average acc: 0.915  
  waterbird_complete50 = 0, forest2water2 = 0  [n = 465]:	loss = 0.000  exp loss = 0.000  adjusted loss = 0.000  adv prob = 0.250000   acc = 1.000
  waterbird_complete50 = 0, forest2water2 = 1  [n = 466]:	loss = 0.015  exp loss = 0.013  adjusted loss = 0.013  adv prob = 0.250000   acc = 0.994
  waterbird_complete50 = 1, forest2water2 = 0  [n = 134]:	loss = 2.509  exp loss = 2.848  adjusted loss = 2.848  adv prob = 0.250000   acc = 0.627
  waterbird_complete50 = 1, forest2water2 = 1  [n = 134]:	loss = 2.066  exp loss = 2.070  adjusted loss = 2.070  adv prob = 0.250000   acc = 0.634
Current lr: 0.000010
Current validation accuracy: 0.6268656253814697


Epoch [47]:
Training:
Average incurred loss: 0.085  
Average sample loss: 0.085  
Average acc: 0.964  
  waterbird_complete50 = 0, forest2water2 = 0  [n = 55]:	loss = 0.000  exp loss = 0.000  adjusted loss = 0.000  adv prob = 0.250000   acc = 1.000
  waterbird_complete50 = 0, forest2water2 = 1  [n = 59]:	loss = 0.000  exp loss = 0.000  adjusted loss = 0.000  adv prob = 0.250000   acc = 1.000
  waterbird_complete50 = 1, forest2water2 = 0  [n = 44]:	loss = 0.265  exp loss = 0.230  adjusted loss = 0.230  adv prob = 0.250000   acc = 0.864
  waterbird_complete50 = 1, forest2water2 = 1  [n = 66]:	loss = 0.111  exp loss = 0.134  adjusted loss = 0.134  adv prob = 0.250000   acc = 0.970

Validation:
Average incurred loss: 0.534  
Average sample loss: 0.526  
Average acc: 0.916  
  waterbird_complete50 = 0, forest2water2 = 0  [n = 465]:	loss = 0.000  exp loss = 0.000  adjusted loss = 0.000  adv prob = 0.250000   acc = 1.000
  waterbird_complete50 = 0, forest2water2 = 1  [n = 466]:	loss = 0.012  exp loss = 0.011  adjusted loss = 0.011  adv prob = 0.250000   acc = 0.996
  waterbird_complete50 = 1, forest2water2 = 0  [n = 134]:	loss = 2.546  exp loss = 2.902  adjusted loss = 2.902  adv prob = 0.250000   acc = 0.627
  waterbird_complete50 = 1, forest2water2 = 1  [n = 134]:	loss = 2.184  exp loss = 2.182  adjusted loss = 2.182  adv prob = 0.250000   acc = 0.634
Current lr: 0.000010
Current validation accuracy: 0.6268656253814697


Epoch [48]:
Training:
Average incurred loss: 0.064  
Average sample loss: 0.067  
Average acc: 0.978  
  waterbird_complete50 = 0, forest2water2 = 0  [n = 56]:	loss = 0.000  exp loss = 0.000  adjusted loss = 0.000  adv prob = 0.250000   acc = 1.000
  waterbird_complete50 = 0, forest2water2 = 1  [n = 57]:	loss = 0.000  exp loss = 0.000  adjusted loss = 0.000  adv prob = 0.250000   acc = 1.000
  waterbird_complete50 = 1, forest2water2 = 0  [n = 60]:	loss = 0.183  exp loss = 0.212  adjusted loss = 0.212  adv prob = 0.250000   acc = 0.933
  waterbird_complete50 = 1, forest2water2 = 1  [n = 51]:	loss = 0.064  exp loss = 0.112  adjusted loss = 0.112  adv prob = 0.250000   acc = 0.980

Validation:
Average incurred loss: 0.516  
Average sample loss: 0.509  
Average acc: 0.916  
  waterbird_complete50 = 0, forest2water2 = 0  [n = 465]:	loss = 0.000  exp loss = 0.000  adjusted loss = 0.000  adv prob = 0.250000   acc = 1.000
  waterbird_complete50 = 0, forest2water2 = 1  [n = 466]:	loss = 0.013  exp loss = 0.012  adjusted loss = 0.012  adv prob = 0.250000   acc = 0.996
  waterbird_complete50 = 1, forest2water2 = 0  [n = 134]:	loss = 2.468  exp loss = 2.832  adjusted loss = 2.832  adv prob = 0.250000   acc = 0.627
  waterbird_complete50 = 1, forest2water2 = 1  [n = 134]:	loss = 2.104  exp loss = 2.090  adjusted loss = 2.090  adv prob = 0.250000   acc = 0.634
Current lr: 0.000010
Current validation accuracy: 0.6268656253814697


Epoch [49]:
Training:
Average incurred loss: 0.168  
Average sample loss: 0.179  
Average acc: 0.924  
  waterbird_complete50 = 0, forest2water2 = 0  [n = 57]:	loss = 0.000  exp loss = 0.000  adjusted loss = 0.000  adv prob = 0.250000   acc = 1.000
  waterbird_complete50 = 0, forest2water2 = 1  [n = 40]:	loss = 0.000  exp loss = 0.000  adjusted loss = 0.000  adv prob = 0.250000   acc = 1.000
  waterbird_complete50 = 1, forest2water2 = 0  [n = 58]:	loss = 0.364  exp loss = 0.281  adjusted loss = 0.281  adv prob = 0.250000   acc = 0.828
  waterbird_complete50 = 1, forest2water2 = 1  [n = 69]:	loss = 0.238  exp loss = 0.152  adjusted loss = 0.152  adv prob = 0.250000   acc = 0.899

Validation:
Average incurred loss: 0.568  
Average sample loss: 0.560  
Average acc: 0.911  
  waterbird_complete50 = 0, forest2water2 = 0  [n = 465]:	loss = 0.000  exp loss = 0.000  adjusted loss = 0.000  adv prob = 0.250000   acc = 1.000
  waterbird_complete50 = 0, forest2water2 = 1  [n = 466]:	loss = 0.010  exp loss = 0.009  adjusted loss = 0.009  adv prob = 0.250000   acc = 0.998
  waterbird_complete50 = 1, forest2water2 = 0  [n = 134]:	loss = 2.705  exp loss = 3.097  adjusted loss = 3.097  adv prob = 0.250000   acc = 0.612
  waterbird_complete50 = 1, forest2water2 = 1  [n = 134]:	loss = 2.338  exp loss = 2.321  adjusted loss = 2.321  adv prob = 0.250000   acc = 0.597
Current lr: 0.000010
Current validation accuracy: 0.5970149636268616


Epoch [50]:
Training:
Average incurred loss: 0.134  
Average sample loss: 0.201  
Average acc: 0.946  
  waterbird_complete50 = 0, forest2water2 = 0  [n = 51]:	loss = 0.000  exp loss = 0.000  adjusted loss = 0.000  adv prob = 0.250000   acc = 1.000
  waterbird_complete50 = 0, forest2water2 = 1  [n = 56]:	loss = 0.000  exp loss = 0.000  adjusted loss = 0.000  adv prob = 0.250000   acc = 1.000
  waterbird_complete50 = 1, forest2water2 = 0  [n = 52]:	loss = 0.254  exp loss = 0.317  adjusted loss = 0.317  adv prob = 0.250000   acc = 0.885
  waterbird_complete50 = 1, forest2water2 = 1  [n = 65]:	loss = 0.258  exp loss = 0.227  adjusted loss = 0.227  adv prob = 0.250000   acc = 0.908

Validation:
Average incurred loss: 0.586  
Average sample loss: 0.577  
Average acc: 0.910  
  waterbird_complete50 = 0, forest2water2 = 0  [n = 465]:	loss = 0.000  exp loss = 0.000  adjusted loss = 0.000  adv prob = 0.250000   acc = 1.000
  waterbird_complete50 = 0, forest2water2 = 1  [n = 466]:	loss = 0.009  exp loss = 0.008  adjusted loss = 0.008  adv prob = 0.250000   acc = 0.998
  waterbird_complete50 = 1, forest2water2 = 0  [n = 134]:	loss = 2.771  exp loss = 3.191  adjusted loss = 3.191  adv prob = 0.250000   acc = 0.612
  waterbird_complete50 = 1, forest2water2 = 1  [n = 134]:	loss = 2.436  exp loss = 2.418  adjusted loss = 2.418  adv prob = 0.250000   acc = 0.590
Current lr: 0.000010
Current validation accuracy: 0.5895522832870483


Epoch [51]:
Training:
Average incurred loss: 0.111  
Average sample loss: 0.136  
Average acc: 0.951  
  waterbird_complete50 = 0, forest2water2 = 0  [n = 55]:	loss = 0.000  exp loss = 0.000  adjusted loss = 0.000  adv prob = 0.250000   acc = 1.000
  waterbird_complete50 = 0, forest2water2 = 1  [n = 50]:	loss = 0.000  exp loss = 0.000  adjusted loss = 0.000  adv prob = 0.250000   acc = 1.000
  waterbird_complete50 = 1, forest2water2 = 0  [n = 62]:	loss = 0.197  exp loss = 0.275  adjusted loss = 0.275  adv prob = 0.250000   acc = 0.903
  waterbird_complete50 = 1, forest2water2 = 1  [n = 57]:	loss = 0.222  exp loss = 0.247  adjusted loss = 0.247  adv prob = 0.250000   acc = 0.912

Validation:
Average incurred loss: 0.593  
Average sample loss: 0.584  
Average acc: 0.909  
  waterbird_complete50 = 0, forest2water2 = 0  [n = 465]:	loss = 0.000  exp loss = 0.000  adjusted loss = 0.000  adv prob = 0.250000   acc = 1.000
  waterbird_complete50 = 0, forest2water2 = 1  [n = 466]:	loss = 0.009  exp loss = 0.008  adjusted loss = 0.008  adv prob = 0.250000   acc = 0.998
  waterbird_complete50 = 1, forest2water2 = 0  [n = 134]:	loss = 2.800  exp loss = 3.221  adjusted loss = 3.221  adv prob = 0.250000   acc = 0.612
  waterbird_complete50 = 1, forest2water2 = 1  [n = 134]:	loss = 2.472  exp loss = 2.453  adjusted loss = 2.453  adv prob = 0.250000   acc = 0.582
Current lr: 0.000010
Current validation accuracy: 0.5820895433425903


Epoch [52]:
Training:
Average incurred loss: 0.045  
Average sample loss: 0.039  
Average acc: 0.978  
  waterbird_complete50 = 0, forest2water2 = 0  [n = 56]:	loss = 0.000  exp loss = 0.000  adjusted loss = 0.000  adv prob = 0.250000   acc = 1.000
  waterbird_complete50 = 0, forest2water2 = 1  [n = 58]:	loss = 0.000  exp loss = 0.000  adjusted loss = 0.000  adv prob = 0.250000   acc = 1.000
  waterbird_complete50 = 1, forest2water2 = 0  [n = 57]:	loss = 0.092  exp loss = 0.207  adjusted loss = 0.207  adv prob = 0.250000   acc = 0.965
  waterbird_complete50 = 1, forest2water2 = 1  [n = 53]:	loss = 0.090  exp loss = 0.185  adjusted loss = 0.185  adv prob = 0.250000   acc = 0.943

Validation:
Average incurred loss: 0.528  
Average sample loss: 0.521  
Average acc: 0.916  
  waterbird_complete50 = 0, forest2water2 = 0  [n = 465]:	loss = 0.000  exp loss = 0.000  adjusted loss = 0.000  adv prob = 0.250000   acc = 1.000
  waterbird_complete50 = 0, forest2water2 = 1  [n = 466]:	loss = 0.012  exp loss = 0.011  adjusted loss = 0.011  adv prob = 0.250000   acc = 0.996
  waterbird_complete50 = 1, forest2water2 = 0  [n = 134]:	loss = 2.520  exp loss = 2.884  adjusted loss = 2.884  adv prob = 0.250000   acc = 0.627
  waterbird_complete50 = 1, forest2water2 = 1  [n = 134]:	loss = 2.162  exp loss = 2.157  adjusted loss = 2.157  adv prob = 0.250000   acc = 0.634
Current lr: 0.000010
Current validation accuracy: 0.6268656253814697


Epoch [53]:
Training:
Average incurred loss: 0.205  
Average sample loss: 0.284  
Average acc: 0.906  
  waterbird_complete50 = 0, forest2water2 = 0  [n = 47]:	loss = 0.000  exp loss = 0.000  adjusted loss = 0.000  adv prob = 0.250000   acc = 1.000
  waterbird_complete50 = 0, forest2water2 = 1  [n = 51]:	loss = 0.000  exp loss = 0.000  adjusted loss = 0.000  adv prob = 0.250000   acc = 1.000
  waterbird_complete50 = 1, forest2water2 = 0  [n = 60]:	loss = 0.476  exp loss = 0.360  adjusted loss = 0.360  adv prob = 0.250000   acc = 0.750
  waterbird_complete50 = 1, forest2water2 = 1  [n = 66]:	loss = 0.263  exp loss = 0.228  adjusted loss = 0.228  adv prob = 0.250000   acc = 0.909

Validation:
Average incurred loss: 0.580  
Average sample loss: 0.572  
Average acc: 0.909  
  waterbird_complete50 = 0, forest2water2 = 0  [n = 465]:	loss = 0.000  exp loss = 0.000  adjusted loss = 0.000  adv prob = 0.250000   acc = 1.000
  waterbird_complete50 = 0, forest2water2 = 1  [n = 466]:	loss = 0.010  exp loss = 0.009  adjusted loss = 0.009  adv prob = 0.250000   acc = 0.998
  waterbird_complete50 = 1, forest2water2 = 0  [n = 134]:	loss = 2.748  exp loss = 3.160  adjusted loss = 3.160  adv prob = 0.250000   acc = 0.604
  waterbird_complete50 = 1, forest2water2 = 1  [n = 134]:	loss = 2.410  exp loss = 2.388  adjusted loss = 2.388  adv prob = 0.250000   acc = 0.590
Current lr: 0.000010
Current validation accuracy: 0.5895522832870483


Epoch [54]:
Training:
Average incurred loss: 0.022  
Average sample loss: 0.020  
Average acc: 0.996  
  waterbird_complete50 = 0, forest2water2 = 0  [n = 59]:	loss = 0.000  exp loss = 0.000  adjusted loss = 0.000  adv prob = 0.250000   acc = 1.000
  waterbird_complete50 = 0, forest2water2 = 1  [n = 59]:	loss = 0.000  exp loss = 0.000  adjusted loss = 0.000  adv prob = 0.250000   acc = 1.000
  waterbird_complete50 = 1, forest2water2 = 0  [n = 52]:	loss = 0.054  exp loss = 0.250  adjusted loss = 0.250  adv prob = 0.250000   acc = 1.000
  waterbird_complete50 = 1, forest2water2 = 1  [n = 54]:	loss = 0.040  exp loss = 0.162  adjusted loss = 0.162  adv prob = 0.250000   acc = 0.981

Validation:
Average incurred loss: 0.522  
Average sample loss: 0.514  
Average acc: 0.916  
  waterbird_complete50 = 0, forest2water2 = 0  [n = 465]:	loss = 0.000  exp loss = 0.000  adjusted loss = 0.000  adv prob = 0.250000   acc = 1.000
  waterbird_complete50 = 0, forest2water2 = 1  [n = 466]:	loss = 0.014  exp loss = 0.012  adjusted loss = 0.012  adv prob = 0.250000   acc = 0.994
  waterbird_complete50 = 1, forest2water2 = 0  [n = 134]:	loss = 2.491  exp loss = 2.841  adjusted loss = 2.841  adv prob = 0.250000   acc = 0.634
  waterbird_complete50 = 1, forest2water2 = 1  [n = 134]:	loss = 2.126  exp loss = 2.123  adjusted loss = 2.123  adv prob = 0.250000   acc = 0.634
Current lr: 0.000010
Current validation accuracy: 0.634328305721283


Epoch [55]:
Training:
Average incurred loss: 0.129  
Average sample loss: 0.168  
Average acc: 0.933  
  waterbird_complete50 = 0, forest2water2 = 0  [n = 52]:	loss = 0.000  exp loss = 0.000  adjusted loss = 0.000  adv prob = 0.250000   acc = 1.000
  waterbird_complete50 = 0, forest2water2 = 1  [n = 53]:	loss = 0.000  exp loss = 0.000  adjusted loss = 0.000  adv prob = 0.250000   acc = 1.000
  waterbird_complete50 = 1, forest2water2 = 0  [n = 49]:	loss = 0.232  exp loss = 0.259  adjusted loss = 0.259  adv prob = 0.250000   acc = 0.857
  waterbird_complete50 = 1, forest2water2 = 1  [n = 70]:	loss = 0.250  exp loss = 0.212  adjusted loss = 0.212  adv prob = 0.250000   acc = 0.886

Validation:
Average incurred loss: 0.539  
Average sample loss: 0.531  
Average acc: 0.916  
  waterbird_complete50 = 0, forest2water2 = 0  [n = 465]:	loss = 0.000  exp loss = 0.000  adjusted loss = 0.000  adv prob = 0.250000   acc = 1.000
  waterbird_complete50 = 0, forest2water2 = 1  [n = 466]:	loss = 0.012  exp loss = 0.010  adjusted loss = 0.010  adv prob = 0.250000   acc = 0.998
  waterbird_complete50 = 1, forest2water2 = 0  [n = 134]:	loss = 2.558  exp loss = 2.923  adjusted loss = 2.923  adv prob = 0.250000   acc = 0.619
  waterbird_complete50 = 1, forest2water2 = 1  [n = 134]:	loss = 2.221  exp loss = 2.216  adjusted loss = 2.216  adv prob = 0.250000   acc = 0.634
Current lr: 0.000010
Current validation accuracy: 0.6194030046463013


Epoch [56]:
Training:
Average incurred loss: 0.039  
Average sample loss: 0.044  
Average acc: 0.987  
  waterbird_complete50 = 0, forest2water2 = 0  [n = 52]:	loss = 0.000  exp loss = 0.000  adjusted loss = 0.000  adv prob = 0.250000   acc = 1.000
  waterbird_complete50 = 0, forest2water2 = 1  [n = 57]:	loss = 0.000  exp loss = 0.000  adjusted loss = 0.000  adv prob = 0.250000   acc = 1.000
  waterbird_complete50 = 1, forest2water2 = 0  [n = 58]:	loss = 0.069  exp loss = 0.198  adjusted loss = 0.198  adv prob = 0.250000   acc = 1.000
  waterbird_complete50 = 1, forest2water2 = 1  [n = 57]:	loss = 0.085  exp loss = 0.172  adjusted loss = 0.172  adv prob = 0.250000   acc = 0.947

Validation:
Average incurred loss: 0.533  
Average sample loss: 0.525  
Average acc: 0.917  
  waterbird_complete50 = 0, forest2water2 = 0  [n = 465]:	loss = 0.000  exp loss = 0.000  adjusted loss = 0.000  adv prob = 0.250000   acc = 1.000
  waterbird_complete50 = 0, forest2water2 = 1  [n = 466]:	loss = 0.012  exp loss = 0.010  adjusted loss = 0.010  adv prob = 0.250000   acc = 0.998
  waterbird_complete50 = 1, forest2water2 = 0  [n = 134]:	loss = 2.531  exp loss = 2.878  adjusted loss = 2.878  adv prob = 0.250000   acc = 0.634
  waterbird_complete50 = 1, forest2water2 = 1  [n = 134]:	loss = 2.193  exp loss = 2.196  adjusted loss = 2.196  adv prob = 0.250000   acc = 0.634
Current lr: 0.000010
Current validation accuracy: 0.634328305721283


Epoch [57]:
Training:
Average incurred loss: 0.218  
Average sample loss: 0.217  
Average acc: 0.933  
  waterbird_complete50 = 0, forest2water2 = 0  [n = 49]:	loss = 0.000  exp loss = 0.000  adjusted loss = 0.000  adv prob = 0.250000   acc = 1.000
  waterbird_complete50 = 0, forest2water2 = 1  [n = 57]:	loss = 0.000  exp loss = 0.000  adjusted loss = 0.000  adv prob = 0.250000   acc = 1.000
  waterbird_complete50 = 1, forest2water2 = 0  [n = 52]:	loss = 0.592  exp loss = 0.275  adjusted loss = 0.275  adv prob = 0.250000   acc = 0.808
  waterbird_complete50 = 1, forest2water2 = 1  [n = 66]:	loss = 0.272  exp loss = 0.200  adjusted loss = 0.200  adv prob = 0.250000   acc = 0.924

Validation:
Average incurred loss: 0.542  
Average sample loss: 0.534  
Average acc: 0.913  
  waterbird_complete50 = 0, forest2water2 = 0  [n = 465]:	loss = 0.000  exp loss = 0.000  adjusted loss = 0.000  adv prob = 0.250000   acc = 1.000
  waterbird_complete50 = 0, forest2water2 = 1  [n = 466]:	loss = 0.011  exp loss = 0.010  adjusted loss = 0.010  adv prob = 0.250000   acc = 0.998
  waterbird_complete50 = 1, forest2water2 = 0  [n = 134]:	loss = 2.574  exp loss = 2.943  adjusted loss = 2.943  adv prob = 0.250000   acc = 0.619
  waterbird_complete50 = 1, forest2water2 = 1  [n = 134]:	loss = 2.236  exp loss = 2.232  adjusted loss = 2.232  adv prob = 0.250000   acc = 0.612
Current lr: 0.000010
Current validation accuracy: 0.611940324306488


Epoch [58]:
Training:
Average incurred loss: 0.053  
Average sample loss: 0.049  
Average acc: 0.978  
  waterbird_complete50 = 0, forest2water2 = 0  [n = 61]:	loss = 0.000  exp loss = 0.000  adjusted loss = 0.000  adv prob = 0.250000   acc = 1.000
  waterbird_complete50 = 0, forest2water2 = 1  [n = 55]:	loss = 0.000  exp loss = 0.000  adjusted loss = 0.000  adv prob = 0.250000   acc = 1.000
  waterbird_complete50 = 1, forest2water2 = 0  [n = 57]:	loss = 0.163  exp loss = 0.228  adjusted loss = 0.228  adv prob = 0.250000   acc = 0.912
  waterbird_complete50 = 1, forest2water2 = 1  [n = 51]:	loss = 0.050  exp loss = 0.152  adjusted loss = 0.152  adv prob = 0.250000   acc = 1.000

Validation:
Average incurred loss: 0.520  
Average sample loss: 0.513  
Average acc: 0.913  
  waterbird_complete50 = 0, forest2water2 = 0  [n = 465]:	loss = 0.000  exp loss = 0.000  adjusted loss = 0.000  adv prob = 0.250000   acc = 1.000
  waterbird_complete50 = 0, forest2water2 = 1  [n = 466]:	loss = 0.012  exp loss = 0.010  adjusted loss = 0.010  adv prob = 0.250000   acc = 0.998
  waterbird_complete50 = 1, forest2water2 = 0  [n = 134]:	loss = 2.480  exp loss = 2.826  adjusted loss = 2.826  adv prob = 0.250000   acc = 0.619
  waterbird_complete50 = 1, forest2water2 = 1  [n = 134]:	loss = 2.135  exp loss = 2.119  adjusted loss = 2.119  adv prob = 0.250000   acc = 0.612
Current lr: 0.000010
Current validation accuracy: 0.611940324306488


Epoch [59]:
Training:
Average incurred loss: 0.024  
Average sample loss: 0.026  
Average acc: 0.996  
  waterbird_complete50 = 0, forest2water2 = 0  [n = 76]:	loss = 0.000  exp loss = 0.000  adjusted loss = 0.000  adv prob = 0.250000   acc = 1.000
  waterbird_complete50 = 0, forest2water2 = 1  [n = 48]:	loss = 0.000  exp loss = 0.000  adjusted loss = 0.000  adv prob = 0.250000   acc = 1.000
  waterbird_complete50 = 1, forest2water2 = 0  [n = 57]:	loss = 0.072  exp loss = 0.169  adjusted loss = 0.169  adv prob = 0.250000   acc = 1.000
  waterbird_complete50 = 1, forest2water2 = 1  [n = 43]:	loss = 0.031  exp loss = 0.111  adjusted loss = 0.111  adv prob = 0.250000   acc = 0.977

Validation:
Average incurred loss: 0.454  
Average sample loss: 0.447  
Average acc: 0.919  
  waterbird_complete50 = 0, forest2water2 = 0  [n = 465]:	loss = 0.001  exp loss = 0.000  adjusted loss = 0.000  adv prob = 0.250000   acc = 1.000
  waterbird_complete50 = 0, forest2water2 = 1  [n = 466]:	loss = 0.016  exp loss = 0.014  adjusted loss = 0.014  adv prob = 0.250000   acc = 0.994
  waterbird_complete50 = 1, forest2water2 = 0  [n = 134]:	loss = 2.193  exp loss = 2.488  adjusted loss = 2.488  adv prob = 0.250000   acc = 0.649
  waterbird_complete50 = 1, forest2water2 = 1  [n = 134]:	loss = 1.806  exp loss = 1.809  adjusted loss = 1.809  adv prob = 0.250000   acc = 0.649
Current lr: 0.000010
Current validation accuracy: 0.6492537260055542


Epoch [60]:
Training:
Average incurred loss: 0.020  
Average sample loss: 0.018  
Average acc: 1.000  
  waterbird_complete50 = 0, forest2water2 = 0  [n = 69]:	loss = 0.000  exp loss = 0.000  adjusted loss = 0.000  adv prob = 0.250000   acc = 1.000
  waterbird_complete50 = 0, forest2water2 = 1  [n = 54]:	loss = 0.000  exp loss = 0.000  adjusted loss = 0.000  adv prob = 0.250000   acc = 1.000
  waterbird_complete50 = 1, forest2water2 = 0  [n = 55]:	loss = 0.064  exp loss = 0.125  adjusted loss = 0.125  adv prob = 0.250000   acc = 1.000
  waterbird_complete50 = 1, forest2water2 = 1  [n = 46]:	loss = 0.022  exp loss = 0.078  adjusted loss = 0.078  adv prob = 0.250000   acc = 1.000

Validation:
Average incurred loss: 0.427  
Average sample loss: 0.421  
Average acc: 0.923  
  waterbird_complete50 = 0, forest2water2 = 0  [n = 465]:	loss = 0.001  exp loss = 0.001  adjusted loss = 0.001  adv prob = 0.250000   acc = 1.000
  waterbird_complete50 = 0, forest2water2 = 1  [n = 466]:	loss = 0.019  exp loss = 0.017  adjusted loss = 0.017  adv prob = 0.250000   acc = 0.994
  waterbird_complete50 = 1, forest2water2 = 0  [n = 134]:	loss = 2.073  exp loss = 2.328  adjusted loss = 2.328  adv prob = 0.250000   acc = 0.657
  waterbird_complete50 = 1, forest2water2 = 1  [n = 134]:	loss = 1.677  exp loss = 1.674  adjusted loss = 1.674  adv prob = 0.250000   acc = 0.679
Current lr: 0.000010
Current validation accuracy: 0.6567164659500122


Epoch [61]:
Training:
Average incurred loss: 0.213  
Average sample loss: 0.361  
Average acc: 0.933  
  waterbird_complete50 = 0, forest2water2 = 0  [n = 41]:	loss = 0.000  exp loss = 0.000  adjusted loss = 0.000  adv prob = 0.250000   acc = 1.000
  waterbird_complete50 = 0, forest2water2 = 1  [n = 69]:	loss = 0.000  exp loss = 0.000  adjusted loss = 0.000  adv prob = 0.250000   acc = 1.000
  waterbird_complete50 = 1, forest2water2 = 0  [n = 57]:	loss = 0.587  exp loss = 0.336  adjusted loss = 0.336  adv prob = 0.250000   acc = 0.807
  waterbird_complete50 = 1, forest2water2 = 1  [n = 57]:	loss = 0.251  exp loss = 0.173  adjusted loss = 0.173  adv prob = 0.250000   acc = 0.930

Validation:
Average incurred loss: 0.459  
Average sample loss: 0.453  
Average acc: 0.917  
  waterbird_complete50 = 0, forest2water2 = 0  [n = 465]:	loss = 0.001  exp loss = 0.000  adjusted loss = 0.000  adv prob = 0.250000   acc = 1.000
  waterbird_complete50 = 0, forest2water2 = 1  [n = 466]:	loss = 0.016  exp loss = 0.014  adjusted loss = 0.014  adv prob = 0.250000   acc = 0.994
  waterbird_complete50 = 1, forest2water2 = 0  [n = 134]:	loss = 2.219  exp loss = 2.520  adjusted loss = 2.520  adv prob = 0.250000   acc = 0.642
  waterbird_complete50 = 1, forest2water2 = 1  [n = 134]:	loss = 1.833  exp loss = 1.830  adjusted loss = 1.830  adv prob = 0.250000   acc = 0.642
Current lr: 0.000010
Current validation accuracy: 0.6417911052703857


Epoch [62]:
Training:
Average incurred loss: 0.041  
Average sample loss: 0.036  
Average acc: 0.982  
  waterbird_complete50 = 0, forest2water2 = 0  [n = 53]:	loss = 0.000  exp loss = 0.000  adjusted loss = 0.000  adv prob = 0.250000   acc = 1.000
  waterbird_complete50 = 0, forest2water2 = 1  [n = 60]:	loss = 0.000  exp loss = 0.000  adjusted loss = 0.000  adv prob = 0.250000   acc = 1.000
  waterbird_complete50 = 1, forest2water2 = 0  [n = 47]:	loss = 0.101  exp loss = 0.245  adjusted loss = 0.245  adv prob = 0.250000   acc = 0.957
  waterbird_complete50 = 1, forest2water2 = 1  [n = 64]:	loss = 0.069  exp loss = 0.132  adjusted loss = 0.132  adv prob = 0.250000   acc = 0.969

Validation:
Average incurred loss: 0.443  
Average sample loss: 0.437  
Average acc: 0.921  
  waterbird_complete50 = 0, forest2water2 = 0  [n = 465]:	loss = 0.001  exp loss = 0.001  adjusted loss = 0.001  adv prob = 0.250000   acc = 1.000
  waterbird_complete50 = 0, forest2water2 = 1  [n = 466]:	loss = 0.019  exp loss = 0.017  adjusted loss = 0.017  adv prob = 0.250000   acc = 0.994
  waterbird_complete50 = 1, forest2water2 = 0  [n = 134]:	loss = 2.132  exp loss = 2.422  adjusted loss = 2.422  adv prob = 0.250000   acc = 0.657
  waterbird_complete50 = 1, forest2water2 = 1  [n = 134]:	loss = 1.763  exp loss = 1.764  adjusted loss = 1.764  adv prob = 0.250000   acc = 0.657
Current lr: 0.000010
Current validation accuracy: 0.6567164659500122


Epoch [63]:
Training:
Average incurred loss: 0.073  
Average sample loss: 0.064  
Average acc: 0.955  
  waterbird_complete50 = 0, forest2water2 = 0  [n = 56]:	loss = 0.000  exp loss = 0.000  adjusted loss = 0.000  adv prob = 0.250000   acc = 1.000
  waterbird_complete50 = 0, forest2water2 = 1  [n = 54]:	loss = 0.000  exp loss = 0.000  adjusted loss = 0.000  adv prob = 0.250000   acc = 1.000
  waterbird_complete50 = 1, forest2water2 = 0  [n = 57]:	loss = 0.174  exp loss = 0.209  adjusted loss = 0.209  adv prob = 0.250000   acc = 0.895
  waterbird_complete50 = 1, forest2water2 = 1  [n = 57]:	loss = 0.115  exp loss = 0.118  adjusted loss = 0.118  adv prob = 0.250000   acc = 0.930

Validation:
Average incurred loss: 0.460  
Average sample loss: 0.453  
Average acc: 0.917  
  waterbird_complete50 = 0, forest2water2 = 0  [n = 465]:	loss = 0.001  exp loss = 0.000  adjusted loss = 0.000  adv prob = 0.250000   acc = 1.000
  waterbird_complete50 = 0, forest2water2 = 1  [n = 466]:	loss = 0.016  exp loss = 0.015  adjusted loss = 0.015  adv prob = 0.250000   acc = 0.994
  waterbird_complete50 = 1, forest2water2 = 0  [n = 134]:	loss = 2.214  exp loss = 2.529  adjusted loss = 2.529  adv prob = 0.250000   acc = 0.642
  waterbird_complete50 = 1, forest2water2 = 1  [n = 134]:	loss = 1.839  exp loss = 1.835  adjusted loss = 1.835  adv prob = 0.250000   acc = 0.642
Current lr: 0.000010
Current validation accuracy: 0.6417911052703857


Epoch [64]:
Training:
Average incurred loss: 0.138  
Average sample loss: 0.121  
Average acc: 0.924  
  waterbird_complete50 = 0, forest2water2 = 0  [n = 53]:	loss = 0.000  exp loss = 0.000  adjusted loss = 0.000  adv prob = 0.250000   acc = 1.000
  waterbird_complete50 = 0, forest2water2 = 1  [n = 56]:	loss = 0.000  exp loss = 0.000  adjusted loss = 0.000  adv prob = 0.250000   acc = 1.000
  waterbird_complete50 = 1, forest2water2 = 0  [n = 54]:	loss = 0.353  exp loss = 0.235  adjusted loss = 0.235  adv prob = 0.250000   acc = 0.815
  waterbird_complete50 = 1, forest2water2 = 1  [n = 61]:	loss = 0.195  exp loss = 0.118  adjusted loss = 0.118  adv prob = 0.250000   acc = 0.885

Validation:
Average incurred loss: 0.467  
Average sample loss: 0.461  
Average acc: 0.917  
  waterbird_complete50 = 0, forest2water2 = 0  [n = 465]:	loss = 0.001  exp loss = 0.000  adjusted loss = 0.000  adv prob = 0.250000   acc = 1.000
  waterbird_complete50 = 0, forest2water2 = 1  [n = 466]:	loss = 0.016  exp loss = 0.014  adjusted loss = 0.014  adv prob = 0.250000   acc = 0.994
  waterbird_complete50 = 1, forest2water2 = 0  [n = 134]:	loss = 2.268  exp loss = 2.598  adjusted loss = 2.598  adv prob = 0.250000   acc = 0.634
  waterbird_complete50 = 1, forest2water2 = 1  [n = 134]:	loss = 1.857  exp loss = 1.858  adjusted loss = 1.858  adv prob = 0.250000   acc = 0.649
Current lr: 0.000010
Current validation accuracy: 0.6343283653259277


Epoch [65]:
Training:
Average incurred loss: 0.032  
Average sample loss: 0.029  
Average acc: 0.987  
  waterbird_complete50 = 0, forest2water2 = 0  [n = 56]:	loss = 0.000  exp loss = 0.000  adjusted loss = 0.000  adv prob = 0.250000   acc = 1.000
  waterbird_complete50 = 0, forest2water2 = 1  [n = 59]:	loss = 0.000  exp loss = 0.000  adjusted loss = 0.000  adv prob = 0.250000   acc = 1.000
  waterbird_complete50 = 1, forest2water2 = 0  [n = 55]:	loss = 0.078  exp loss = 0.177  adjusted loss = 0.177  adv prob = 0.250000   acc = 0.964
  waterbird_complete50 = 1, forest2water2 = 1  [n = 54]:	loss = 0.054  exp loss = 0.093  adjusted loss = 0.093  adv prob = 0.250000   acc = 0.981

Validation:
Average incurred loss: 0.458  
Average sample loss: 0.452  
Average acc: 0.920  
  waterbird_complete50 = 0, forest2water2 = 0  [n = 465]:	loss = 0.001  exp loss = 0.000  adjusted loss = 0.000  adv prob = 0.250000   acc = 1.000
  waterbird_complete50 = 0, forest2water2 = 1  [n = 466]:	loss = 0.017  exp loss = 0.015  adjusted loss = 0.015  adv prob = 0.250000   acc = 0.994
  waterbird_complete50 = 1, forest2water2 = 0  [n = 134]:	loss = 2.219  exp loss = 2.528  adjusted loss = 2.528  adv prob = 0.250000   acc = 0.649
  waterbird_complete50 = 1, forest2water2 = 1  [n = 134]:	loss = 1.819  exp loss = 1.829  adjusted loss = 1.829  adv prob = 0.250000   acc = 0.657
Current lr: 0.000010
Current validation accuracy: 0.6492537260055542


Epoch [66]:
Training:
Average incurred loss: 0.059  
Average sample loss: 0.091  
Average acc: 0.982  
  waterbird_complete50 = 0, forest2water2 = 0  [n = 56]:	loss = 0.000  exp loss = 0.000  adjusted loss = 0.000  adv prob = 0.250000   acc = 1.000
  waterbird_complete50 = 0, forest2water2 = 1  [n = 61]:	loss = 0.000  exp loss = 0.000  adjusted loss = 0.000  adv prob = 0.250000   acc = 1.000
  waterbird_complete50 = 1, forest2water2 = 0  [n = 52]:	loss = 0.135  exp loss = 0.186  adjusted loss = 0.186  adv prob = 0.250000   acc = 0.942
  waterbird_complete50 = 1, forest2water2 = 1  [n = 55]:	loss = 0.111  exp loss = 0.115  adjusted loss = 0.115  adv prob = 0.250000   acc = 0.982

Validation:
Average incurred loss: 0.472  
Average sample loss: 0.465  
Average acc: 0.917  
  waterbird_complete50 = 0, forest2water2 = 0  [n = 465]:	loss = 0.001  exp loss = 0.000  adjusted loss = 0.000  adv prob = 0.250000   acc = 1.000
  waterbird_complete50 = 0, forest2water2 = 1  [n = 466]:	loss = 0.016  exp loss = 0.014  adjusted loss = 0.014  adv prob = 0.250000   acc = 0.994
  waterbird_complete50 = 1, forest2water2 = 0  [n = 134]:	loss = 2.271  exp loss = 2.590  adjusted loss = 2.590  adv prob = 0.250000   acc = 0.634
  waterbird_complete50 = 1, forest2water2 = 1  [n = 134]:	loss = 1.894  exp loss = 1.900  adjusted loss = 1.900  adv prob = 0.250000   acc = 0.642
Current lr: 0.000010
Current validation accuracy: 0.6343283653259277


Epoch [67]:
Training:
Average incurred loss: 0.069  
Average sample loss: 0.069  
Average acc: 0.973  
  waterbird_complete50 = 0, forest2water2 = 0  [n = 61]:	loss = 0.000  exp loss = 0.000  adjusted loss = 0.000  adv prob = 0.250000   acc = 1.000
  waterbird_complete50 = 0, forest2water2 = 1  [n = 52]:	loss = 0.000  exp loss = 0.000  adjusted loss = 0.000  adv prob = 0.250000   acc = 1.000
  waterbird_complete50 = 1, forest2water2 = 0  [n = 46]:	loss = 0.108  exp loss = 0.166  adjusted loss = 0.166  adv prob = 0.250000   acc = 0.978
  waterbird_complete50 = 1, forest2water2 = 1  [n = 65]:	loss = 0.163  exp loss = 0.115  adjusted loss = 0.115  adv prob = 0.250000   acc = 0.923

Validation:
Average incurred loss: 0.477  
Average sample loss: 0.471  
Average acc: 0.917  
  waterbird_complete50 = 0, forest2water2 = 0  [n = 465]:	loss = 0.001  exp loss = 0.000  adjusted loss = 0.000  adv prob = 0.250000   acc = 1.000
  waterbird_complete50 = 0, forest2water2 = 1  [n = 466]:	loss = 0.015  exp loss = 0.013  adjusted loss = 0.013  adv prob = 0.250000   acc = 0.994
  waterbird_complete50 = 1, forest2water2 = 0  [n = 134]:	loss = 2.292  exp loss = 2.619  adjusted loss = 2.619  adv prob = 0.250000   acc = 0.634
  waterbird_complete50 = 1, forest2water2 = 1  [n = 134]:	loss = 1.924  exp loss = 1.931  adjusted loss = 1.931  adv prob = 0.250000   acc = 0.642
Current lr: 0.000010
Current validation accuracy: 0.6343283653259277


Epoch [68]:
Training:
Average incurred loss: 0.029  
Average sample loss: 0.026  
Average acc: 0.996  
  waterbird_complete50 = 0, forest2water2 = 0  [n = 62]:	loss = 0.000  exp loss = 0.000  adjusted loss = 0.000  adv prob = 0.250000   acc = 1.000
  waterbird_complete50 = 0, forest2water2 = 1  [n = 52]:	loss = 0.000  exp loss = 0.000  adjusted loss = 0.000  adv prob = 0.250000   acc = 1.000
  waterbird_complete50 = 1, forest2water2 = 0  [n = 57]:	loss = 0.075  exp loss = 0.132  adjusted loss = 0.132  adv prob = 0.250000   acc = 0.982
  waterbird_complete50 = 1, forest2water2 = 1  [n = 53]:	loss = 0.041  exp loss = 0.084  adjusted loss = 0.084  adv prob = 0.250000   acc = 1.000

Validation:
Average incurred loss: 0.464  
Average sample loss: 0.458  
Average acc: 0.917  
  waterbird_complete50 = 0, forest2water2 = 0  [n = 465]:	loss = 0.001  exp loss = 0.000  adjusted loss = 0.000  adv prob = 0.250000   acc = 1.000
  waterbird_complete50 = 0, forest2water2 = 1  [n = 466]:	loss = 0.016  exp loss = 0.015  adjusted loss = 0.015  adv prob = 0.250000   acc = 0.994
  waterbird_complete50 = 1, forest2water2 = 0  [n = 134]:	loss = 2.230  exp loss = 2.532  adjusted loss = 2.532  adv prob = 0.250000   acc = 0.634
  waterbird_complete50 = 1, forest2water2 = 1  [n = 134]:	loss = 1.863  exp loss = 1.861  adjusted loss = 1.861  adv prob = 0.250000   acc = 0.642
Current lr: 0.000010
Current validation accuracy: 0.6343283653259277


Epoch [69]:
Training:
Average incurred loss: 0.227  
Average sample loss: 0.203  
Average acc: 0.915  
  waterbird_complete50 = 0, forest2water2 = 0  [n = 50]:	loss = 0.000  exp loss = 0.000  adjusted loss = 0.000  adv prob = 0.250000   acc = 1.000
  waterbird_complete50 = 0, forest2water2 = 1  [n = 63]:	loss = 0.000  exp loss = 0.000  adjusted loss = 0.000  adv prob = 0.250000   acc = 1.000
  waterbird_complete50 = 1, forest2water2 = 0  [n = 42]:	loss = 0.683  exp loss = 0.225  adjusted loss = 0.225  adv prob = 0.250000   acc = 0.714
  waterbird_complete50 = 1, forest2water2 = 1  [n = 69]:	loss = 0.321  exp loss = 0.129  adjusted loss = 0.129  adv prob = 0.250000   acc = 0.899

Validation:
Average incurred loss: 0.479  
Average sample loss: 0.473  
Average acc: 0.917  
  waterbird_complete50 = 0, forest2water2 = 0  [n = 465]:	loss = 0.001  exp loss = 0.000  adjusted loss = 0.000  adv prob = 0.250000   acc = 1.000
  waterbird_complete50 = 0, forest2water2 = 1  [n = 466]:	loss = 0.015  exp loss = 0.014  adjusted loss = 0.014  adv prob = 0.250000   acc = 0.994
  waterbird_complete50 = 1, forest2water2 = 0  [n = 134]:	loss = 2.296  exp loss = 2.614  adjusted loss = 2.614  adv prob = 0.250000   acc = 0.634
  waterbird_complete50 = 1, forest2water2 = 1  [n = 134]:	loss = 1.939  exp loss = 1.940  adjusted loss = 1.940  adv prob = 0.250000   acc = 0.642
Current lr: 0.000010
Current validation accuracy: 0.6343283653259277


Epoch [70]:
Training:
Average incurred loss: 0.007  
Average sample loss: 0.006  
Average acc: 1.000  
  waterbird_complete50 = 0, forest2water2 = 0  [n = 57]:	loss = 0.000  exp loss = 0.000  adjusted loss = 0.000  adv prob = 0.250000   acc = 1.000
  waterbird_complete50 = 0, forest2water2 = 1  [n = 67]:	loss = 0.000  exp loss = 0.000  adjusted loss = 0.000  adv prob = 0.250000   acc = 1.000
  waterbird_complete50 = 1, forest2water2 = 0  [n = 52]:	loss = 0.022  exp loss = 0.155  adjusted loss = 0.155  adv prob = 0.250000   acc = 1.000
  waterbird_complete50 = 1, forest2water2 = 1  [n = 48]:	loss = 0.009  exp loss = 0.087  adjusted loss = 0.087  adv prob = 0.250000   acc = 1.000

Validation:
Average incurred loss: 0.434  
Average sample loss: 0.428  
Average acc: 0.921  
  waterbird_complete50 = 0, forest2water2 = 0  [n = 465]:	loss = 0.001  exp loss = 0.000  adjusted loss = 0.000  adv prob = 0.250000   acc = 1.000
  waterbird_complete50 = 0, forest2water2 = 1  [n = 466]:	loss = 0.019  exp loss = 0.017  adjusted loss = 0.017  adv prob = 0.250000   acc = 0.994
  waterbird_complete50 = 1, forest2water2 = 0  [n = 134]:	loss = 2.089  exp loss = 2.378  adjusted loss = 2.378  adv prob = 0.250000   acc = 0.649
  waterbird_complete50 = 1, forest2water2 = 1  [n = 134]:	loss = 1.721  exp loss = 1.728  adjusted loss = 1.728  adv prob = 0.250000   acc = 0.664
Current lr: 0.000010
Current validation accuracy: 0.6492537260055542


Epoch [71]:
Training:
Average incurred loss: 0.013  
Average sample loss: 0.012  
Average acc: 0.996  
  waterbird_complete50 = 0, forest2water2 = 0  [n = 53]:	loss = 0.000  exp loss = 0.000  adjusted loss = 0.000  adv prob = 0.250000   acc = 1.000
  waterbird_complete50 = 0, forest2water2 = 1  [n = 65]:	loss = 0.000  exp loss = 0.000  adjusted loss = 0.000  adv prob = 0.250000   acc = 1.000
  waterbird_complete50 = 1, forest2water2 = 0  [n = 50]:	loss = 0.033  exp loss = 0.112  adjusted loss = 0.112  adv prob = 0.250000   acc = 0.980
  waterbird_complete50 = 1, forest2water2 = 1  [n = 56]:	loss = 0.022  exp loss = 0.063  adjusted loss = 0.063  adv prob = 0.250000   acc = 1.000

Validation:
Average incurred loss: 0.424  
Average sample loss: 0.418  
Average acc: 0.923  
  waterbird_complete50 = 0, forest2water2 = 0  [n = 465]:	loss = 0.001  exp loss = 0.001  adjusted loss = 0.001  adv prob = 0.250000   acc = 1.000
  waterbird_complete50 = 0, forest2water2 = 1  [n = 466]:	loss = 0.019  exp loss = 0.017  adjusted loss = 0.017  adv prob = 0.250000   acc = 0.994
  waterbird_complete50 = 1, forest2water2 = 0  [n = 134]:	loss = 2.050  exp loss = 2.323  adjusted loss = 2.323  adv prob = 0.250000   acc = 0.657
  waterbird_complete50 = 1, forest2water2 = 1  [n = 134]:	loss = 1.677  exp loss = 1.686  adjusted loss = 1.686  adv prob = 0.250000   acc = 0.679
Current lr: 0.000010
Current validation accuracy: 0.6567164659500122


Epoch [72]:
Training:
Average incurred loss: 0.058  
Average sample loss: 0.076  
Average acc: 0.973  
  waterbird_complete50 = 0, forest2water2 = 0  [n = 63]:	loss = 0.000  exp loss = 0.000  adjusted loss = 0.000  adv prob = 0.250000   acc = 1.000
  waterbird_complete50 = 0, forest2water2 = 1  [n = 46]:	loss = 0.000  exp loss = 0.000  adjusted loss = 0.000  adv prob = 0.250000   acc = 1.000
  waterbird_complete50 = 1, forest2water2 = 0  [n = 51]:	loss = 0.182  exp loss = 0.145  adjusted loss = 0.145  adv prob = 0.250000   acc = 0.922
  waterbird_complete50 = 1, forest2water2 = 1  [n = 64]:	loss = 0.057  exp loss = 0.071  adjusted loss = 0.071  adv prob = 0.250000   acc = 0.969

Validation:
Average incurred loss: 0.459  
Average sample loss: 0.453  
Average acc: 0.917  
  waterbird_complete50 = 0, forest2water2 = 0  [n = 465]:	loss = 0.001  exp loss = 0.000  adjusted loss = 0.000  adv prob = 0.250000   acc = 1.000
  waterbird_complete50 = 0, forest2water2 = 1  [n = 466]:	loss = 0.016  exp loss = 0.014  adjusted loss = 0.014  adv prob = 0.250000   acc = 0.994
  waterbird_complete50 = 1, forest2water2 = 0  [n = 134]:	loss = 2.216  exp loss = 2.522  adjusted loss = 2.522  adv prob = 0.250000   acc = 0.642
  waterbird_complete50 = 1, forest2water2 = 1  [n = 134]:	loss = 1.834  exp loss = 1.836  adjusted loss = 1.836  adv prob = 0.250000   acc = 0.642
Current lr: 0.000010
Current validation accuracy: 0.6417911052703857


Epoch [73]:
Training:
Average incurred loss: 0.066  
Average sample loss: 0.070  
Average acc: 0.973  
  waterbird_complete50 = 0, forest2water2 = 0  [n = 55]:	loss = 0.000  exp loss = 0.000  adjusted loss = 0.000  adv prob = 0.250000   acc = 1.000
  waterbird_complete50 = 0, forest2water2 = 1  [n = 61]:	loss = 0.000  exp loss = 0.000  adjusted loss = 0.000  adv prob = 0.250000   acc = 1.000
  waterbird_complete50 = 1, forest2water2 = 0  [n = 59]:	loss = 0.220  exp loss = 0.166  adjusted loss = 0.166  adv prob = 0.250000   acc = 0.898
  waterbird_complete50 = 1, forest2water2 = 1  [n = 49]:	loss = 0.036  exp loss = 0.056  adjusted loss = 0.056  adv prob = 0.250000   acc = 1.000

Validation:
Average incurred loss: 0.464  
Average sample loss: 0.458  
Average acc: 0.918  
  waterbird_complete50 = 0, forest2water2 = 0  [n = 465]:	loss = 0.001  exp loss = 0.000  adjusted loss = 0.000  adv prob = 0.250000   acc = 1.000
  waterbird_complete50 = 0, forest2water2 = 1  [n = 466]:	loss = 0.015  exp loss = 0.013  adjusted loss = 0.013  adv prob = 0.250000   acc = 0.994
  waterbird_complete50 = 1, forest2water2 = 0  [n = 134]:	loss = 2.231  exp loss = 2.553  adjusted loss = 2.553  adv prob = 0.250000   acc = 0.642
  waterbird_complete50 = 1, forest2water2 = 1  [n = 134]:	loss = 1.869  exp loss = 1.863  adjusted loss = 1.863  adv prob = 0.250000   acc = 0.649
Current lr: 0.000010
Current validation accuracy: 0.6417911052703857


Epoch [74]:
Training:
Average incurred loss: 0.010  
Average sample loss: 0.008  
Average acc: 1.000  
  waterbird_complete50 = 0, forest2water2 = 0  [n = 65]:	loss = 0.000  exp loss = 0.000  adjusted loss = 0.000  adv prob = 0.250000   acc = 1.000
  waterbird_complete50 = 0, forest2water2 = 1  [n = 63]:	loss = 0.000  exp loss = 0.000  adjusted loss = 0.000  adv prob = 0.250000   acc = 1.000
  waterbird_complete50 = 1, forest2water2 = 0  [n = 44]:	loss = 0.043  exp loss = 0.119  adjusted loss = 0.119  adv prob = 0.250000   acc = 1.000
  waterbird_complete50 = 1, forest2water2 = 1  [n = 52]:	loss = 0.005  exp loss = 0.038  adjusted loss = 0.038  adv prob = 0.250000   acc = 1.000

Validation:
Average incurred loss: 0.406  
Average sample loss: 0.401  
Average acc: 0.926  
  waterbird_complete50 = 0, forest2water2 = 0  [n = 465]:	loss = 0.001  exp loss = 0.001  adjusted loss = 0.001  adv prob = 0.250000   acc = 1.000
  waterbird_complete50 = 0, forest2water2 = 1  [n = 466]:	loss = 0.021  exp loss = 0.019  adjusted loss = 0.019  adv prob = 0.250000   acc = 0.994
  waterbird_complete50 = 1, forest2water2 = 0  [n = 134]:	loss = 1.957  exp loss = 2.214  adjusted loss = 2.214  adv prob = 0.250000   acc = 0.672
  waterbird_complete50 = 1, forest2water2 = 1  [n = 134]:	loss = 1.599  exp loss = 1.612  adjusted loss = 1.612  adv prob = 0.250000   acc = 0.687
Current lr: 0.000010
Current validation accuracy: 0.6716418266296387


Epoch [75]:
Training:
Average incurred loss: 0.301  
Average sample loss: 0.268  
Average acc: 0.929  
  waterbird_complete50 = 0, forest2water2 = 0  [n = 49]:	loss = 0.000  exp loss = 0.000  adjusted loss = 0.000  adv prob = 0.250000   acc = 1.000
  waterbird_complete50 = 0, forest2water2 = 1  [n = 57]:	loss = 0.000  exp loss = 0.000  adjusted loss = 0.000  adv prob = 0.250000   acc = 1.000
  waterbird_complete50 = 1, forest2water2 = 0  [n = 64]:	loss = 0.843  exp loss = 0.271  adjusted loss = 0.271  adv prob = 0.250000   acc = 0.797
  waterbird_complete50 = 1, forest2water2 = 1  [n = 54]:	loss = 0.247  exp loss = 0.089  adjusted loss = 0.089  adv prob = 0.250000   acc = 0.944

Validation:
Average incurred loss: 0.444  
Average sample loss: 0.438  
Average acc: 0.919  
  waterbird_complete50 = 0, forest2water2 = 0  [n = 465]:	loss = 0.001  exp loss = 0.000  adjusted loss = 0.000  adv prob = 0.250000   acc = 1.000
  waterbird_complete50 = 0, forest2water2 = 1  [n = 466]:	loss = 0.017  exp loss = 0.015  adjusted loss = 0.015  adv prob = 0.250000   acc = 0.994
  waterbird_complete50 = 1, forest2water2 = 0  [n = 134]:	loss = 2.141  exp loss = 2.414  adjusted loss = 2.414  adv prob = 0.250000   acc = 0.642
  waterbird_complete50 = 1, forest2water2 = 1  [n = 134]:	loss = 1.773  exp loss = 1.783  adjusted loss = 1.783  adv prob = 0.250000   acc = 0.657
Current lr: 0.000010
Current validation accuracy: 0.6417909860610962


Epoch [76]:
Training:
Average incurred loss: 0.382  
Average sample loss: 0.612  
Average acc: 0.915  
  waterbird_complete50 = 0, forest2water2 = 0  [n = 54]:	loss = 0.000  exp loss = 0.000  adjusted loss = 0.000  adv prob = 0.250000   acc = 1.000
  waterbird_complete50 = 0, forest2water2 = 1  [n = 45]:	loss = 0.000  exp loss = 0.000  adjusted loss = 0.000  adv prob = 0.250000   acc = 1.000
  waterbird_complete50 = 1, forest2water2 = 0  [n = 56]:	loss = 0.725  exp loss = 0.534  adjusted loss = 0.534  adv prob = 0.250000   acc = 0.839
  waterbird_complete50 = 1, forest2water2 = 1  [n = 69]:	loss = 0.651  exp loss = 0.330  adjusted loss = 0.330  adv prob = 0.250000   acc = 0.855

Validation:
Average incurred loss: 0.536  
Average sample loss: 0.529  
Average acc: 0.914  
  waterbird_complete50 = 0, forest2water2 = 0  [n = 465]:	loss = 0.000  exp loss = 0.000  adjusted loss = 0.000  adv prob = 0.250000   acc = 1.000
  waterbird_complete50 = 0, forest2water2 = 1  [n = 466]:	loss = 0.011  exp loss = 0.010  adjusted loss = 0.010  adv prob = 0.250000   acc = 0.998
  waterbird_complete50 = 1, forest2water2 = 0  [n = 134]:	loss = 2.560  exp loss = 2.928  adjusted loss = 2.928  adv prob = 0.250000   acc = 0.619
  waterbird_complete50 = 1, forest2water2 = 1  [n = 134]:	loss = 2.196  exp loss = 2.196  adjusted loss = 2.196  adv prob = 0.250000   acc = 0.619
Current lr: 0.000010
Current validation accuracy: 0.6194030046463013


Epoch [77]:
Training:
Average incurred loss: 0.029  
Average sample loss: 0.045  
Average acc: 0.987  
  waterbird_complete50 = 0, forest2water2 = 0  [n = 63]:	loss = 0.000  exp loss = 0.000  adjusted loss = 0.000  adv prob = 0.250000   acc = 1.000
  waterbird_complete50 = 0, forest2water2 = 1  [n = 56]:	loss = 0.000  exp loss = 0.000  adjusted loss = 0.000  adv prob = 0.250000   acc = 1.000
  waterbird_complete50 = 1, forest2water2 = 0  [n = 52]:	loss = 0.059  exp loss = 0.396  adjusted loss = 0.396  adv prob = 0.250000   acc = 0.962
  waterbird_complete50 = 1, forest2water2 = 1  [n = 53]:	loss = 0.065  exp loss = 0.243  adjusted loss = 0.243  adv prob = 0.250000   acc = 0.981

Validation:
Average incurred loss: 0.503  
Average sample loss: 0.496  
Average acc: 0.917  
  waterbird_complete50 = 0, forest2water2 = 0  [n = 465]:	loss = 0.000  exp loss = 0.000  adjusted loss = 0.000  adv prob = 0.250000   acc = 1.000
  waterbird_complete50 = 0, forest2water2 = 1  [n = 466]:	loss = 0.013  exp loss = 0.011  adjusted loss = 0.011  adv prob = 0.250000   acc = 0.996
  waterbird_complete50 = 1, forest2water2 = 0  [n = 134]:	loss = 2.418  exp loss = 2.759  adjusted loss = 2.759  adv prob = 0.250000   acc = 0.634
  waterbird_complete50 = 1, forest2water2 = 1  [n = 134]:	loss = 2.037  exp loss = 2.038  adjusted loss = 2.038  adv prob = 0.250000   acc = 0.634
Current lr: 0.000010
Current validation accuracy: 0.634328305721283


Epoch [78]:
Training:
Average incurred loss: 0.208  
Average sample loss: 0.185  
Average acc: 0.924  
  waterbird_complete50 = 0, forest2water2 = 0  [n = 50]:	loss = 0.000  exp loss = 0.000  adjusted loss = 0.000  adv prob = 0.250000   acc = 1.000
  waterbird_complete50 = 0, forest2water2 = 1  [n = 59]:	loss = 0.000  exp loss = 0.000  adjusted loss = 0.000  adv prob = 0.250000   acc = 1.000
  waterbird_complete50 = 1, forest2water2 = 0  [n = 46]:	loss = 0.473  exp loss = 0.386  adjusted loss = 0.386  adv prob = 0.250000   acc = 0.804
  waterbird_complete50 = 1, forest2water2 = 1  [n = 69]:	loss = 0.359  exp loss = 0.230  adjusted loss = 0.230  adv prob = 0.250000   acc = 0.884

Validation:
Average incurred loss: 0.490  
Average sample loss: 0.483  
Average acc: 0.917  
  waterbird_complete50 = 0, forest2water2 = 0  [n = 465]:	loss = 0.000  exp loss = 0.000  adjusted loss = 0.000  adv prob = 0.250000   acc = 1.000
  waterbird_complete50 = 0, forest2water2 = 1  [n = 466]:	loss = 0.014  exp loss = 0.012  adjusted loss = 0.012  adv prob = 0.250000   acc = 0.994
  waterbird_complete50 = 1, forest2water2 = 0  [n = 134]:	loss = 2.352  exp loss = 2.695  adjusted loss = 2.695  adv prob = 0.250000   acc = 0.634
  waterbird_complete50 = 1, forest2water2 = 1  [n = 134]:	loss = 1.981  exp loss = 1.977  adjusted loss = 1.977  adv prob = 0.250000   acc = 0.642
Current lr: 0.000010
Current validation accuracy: 0.6343283653259277


Epoch [79]:
Training:
Average incurred loss: 0.080  
Average sample loss: 0.073  
Average acc: 0.964  
  waterbird_complete50 = 0, forest2water2 = 0  [n = 60]:	loss = 0.000  exp loss = 0.000  adjusted loss = 0.000  adv prob = 0.250000   acc = 1.000
  waterbird_complete50 = 0, forest2water2 = 1  [n = 49]:	loss = 0.000  exp loss = 0.000  adjusted loss = 0.000  adv prob = 0.250000   acc = 1.000
  waterbird_complete50 = 1, forest2water2 = 0  [n = 68]:	loss = 0.204  exp loss = 0.310  adjusted loss = 0.310  adv prob = 0.250000   acc = 0.912
  waterbird_complete50 = 1, forest2water2 = 1  [n = 47]:	loss = 0.086  exp loss = 0.178  adjusted loss = 0.178  adv prob = 0.250000   acc = 0.957

Validation:
Average incurred loss: 0.483  
Average sample loss: 0.476  
Average acc: 0.916  
  waterbird_complete50 = 0, forest2water2 = 0  [n = 465]:	loss = 0.001  exp loss = 0.000  adjusted loss = 0.000  adv prob = 0.250000   acc = 1.000
  waterbird_complete50 = 0, forest2water2 = 1  [n = 466]:	loss = 0.015  exp loss = 0.014  adjusted loss = 0.014  adv prob = 0.250000   acc = 0.994
  waterbird_complete50 = 1, forest2water2 = 0  [n = 134]:	loss = 2.330  exp loss = 2.665  adjusted loss = 2.665  adv prob = 0.250000   acc = 0.634
  waterbird_complete50 = 1, forest2water2 = 1  [n = 134]:	loss = 1.939  exp loss = 1.935  adjusted loss = 1.935  adv prob = 0.250000   acc = 0.634
Current lr: 0.000010
Current validation accuracy: 0.634328305721283


Epoch [80]:
Training:
Average incurred loss: 0.039  
Average sample loss: 0.035  
Average acc: 0.991  
  waterbird_complete50 = 0, forest2water2 = 0  [n = 54]:	loss = 0.000  exp loss = 0.000  adjusted loss = 0.000  adv prob = 0.250000   acc = 1.000
  waterbird_complete50 = 0, forest2water2 = 1  [n = 55]:	loss = 0.000  exp loss = 0.000  adjusted loss = 0.000  adv prob = 0.250000   acc = 1.000
  waterbird_complete50 = 1, forest2water2 = 0  [n = 64]:	loss = 0.102  exp loss = 0.233  adjusted loss = 0.233  adv prob = 0.250000   acc = 0.984
  waterbird_complete50 = 1, forest2water2 = 1  [n = 51]:	loss = 0.044  exp loss = 0.129  adjusted loss = 0.129  adv prob = 0.250000   acc = 0.980

Validation:
Average incurred loss: 0.485  
Average sample loss: 0.478  
Average acc: 0.916  
  waterbird_complete50 = 0, forest2water2 = 0  [n = 465]:	loss = 0.000  exp loss = 0.000  adjusted loss = 0.000  adv prob = 0.250000   acc = 1.000
  waterbird_complete50 = 0, forest2water2 = 1  [n = 466]:	loss = 0.015  exp loss = 0.013  adjusted loss = 0.013  adv prob = 0.250000   acc = 0.994
  waterbird_complete50 = 1, forest2water2 = 0  [n = 134]:	loss = 2.348  exp loss = 2.683  adjusted loss = 2.683  adv prob = 0.250000   acc = 0.634
  waterbird_complete50 = 1, forest2water2 = 1  [n = 134]:	loss = 1.940  exp loss = 1.934  adjusted loss = 1.934  adv prob = 0.250000   acc = 0.634
Current lr: 0.000010
Current validation accuracy: 0.634328305721283


Epoch [81]:
Training:
Average incurred loss: 0.039  
Average sample loss: 0.036  
Average acc: 0.991  
  waterbird_complete50 = 0, forest2water2 = 0  [n = 62]:	loss = 0.000  exp loss = 0.000  adjusted loss = 0.000  adv prob = 0.250000   acc = 1.000
  waterbird_complete50 = 0, forest2water2 = 1  [n = 49]:	loss = 0.000  exp loss = 0.000  adjusted loss = 0.000  adv prob = 0.250000   acc = 1.000
  waterbird_complete50 = 1, forest2water2 = 0  [n = 62]:	loss = 0.110  exp loss = 0.186  adjusted loss = 0.186  adv prob = 0.250000   acc = 0.968
  waterbird_complete50 = 1, forest2water2 = 1  [n = 51]:	loss = 0.039  exp loss = 0.096  adjusted loss = 0.096  adv prob = 0.250000   acc = 1.000

Validation:
Average incurred loss: 0.481  
Average sample loss: 0.474  
Average acc: 0.916  
  waterbird_complete50 = 0, forest2water2 = 0  [n = 465]:	loss = 0.000  exp loss = 0.000  adjusted loss = 0.000  adv prob = 0.250000   acc = 1.000
  waterbird_complete50 = 0, forest2water2 = 1  [n = 466]:	loss = 0.015  exp loss = 0.013  adjusted loss = 0.013  adv prob = 0.250000   acc = 0.994
  waterbird_complete50 = 1, forest2water2 = 0  [n = 134]:	loss = 2.332  exp loss = 2.647  adjusted loss = 2.647  adv prob = 0.250000   acc = 0.634
  waterbird_complete50 = 1, forest2water2 = 1  [n = 134]:	loss = 1.913  exp loss = 1.904  adjusted loss = 1.904  adv prob = 0.250000   acc = 0.634
Current lr: 0.000010
Current validation accuracy: 0.634328305721283


Epoch [82]:
Training:
Average incurred loss: 0.033  
Average sample loss: 0.041  
Average acc: 1.000  
  waterbird_complete50 = 0, forest2water2 = 0  [n = 65]:	loss = 0.000  exp loss = 0.000  adjusted loss = 0.000  adv prob = 0.250000   acc = 1.000
  waterbird_complete50 = 0, forest2water2 = 1  [n = 46]:	loss = 0.000  exp loss = 0.000  adjusted loss = 0.000  adv prob = 0.250000   acc = 1.000
  waterbird_complete50 = 1, forest2water2 = 0  [n = 46]:	loss = 0.112  exp loss = 0.168  adjusted loss = 0.168  adv prob = 0.250000   acc = 1.000
  waterbird_complete50 = 1, forest2water2 = 1  [n = 67]:	loss = 0.033  exp loss = 0.074  adjusted loss = 0.074  adv prob = 0.250000   acc = 1.000

Validation:
Average incurred loss: 0.494  
Average sample loss: 0.487  
Average acc: 0.915  
  waterbird_complete50 = 0, forest2water2 = 0  [n = 465]:	loss = 0.000  exp loss = 0.000  adjusted loss = 0.000  adv prob = 0.250000   acc = 1.000
  waterbird_complete50 = 0, forest2water2 = 1  [n = 466]:	loss = 0.013  exp loss = 0.011  adjusted loss = 0.011  adv prob = 0.250000   acc = 0.996
  waterbird_complete50 = 1, forest2water2 = 0  [n = 134]:	loss = 2.391  exp loss = 2.713  adjusted loss = 2.713  adv prob = 0.250000   acc = 0.619
  waterbird_complete50 = 1, forest2water2 = 1  [n = 134]:	loss = 1.985  exp loss = 1.964  adjusted loss = 1.964  adv prob = 0.250000   acc = 0.634
Current lr: 0.000010
Current validation accuracy: 0.6194030046463013


Epoch [83]:
Training:
Average incurred loss: 0.066  
Average sample loss: 0.059  
Average acc: 0.973  
  waterbird_complete50 = 0, forest2water2 = 0  [n = 52]:	loss = 0.000  exp loss = 0.000  adjusted loss = 0.000  adv prob = 0.250000   acc = 1.000
  waterbird_complete50 = 0, forest2water2 = 1  [n = 55]:	loss = 0.000  exp loss = 0.000  adjusted loss = 0.000  adv prob = 0.250000   acc = 1.000
  waterbird_complete50 = 1, forest2water2 = 0  [n = 53]:	loss = 0.109  exp loss = 0.143  adjusted loss = 0.143  adv prob = 0.250000   acc = 0.981
  waterbird_complete50 = 1, forest2water2 = 1  [n = 64]:	loss = 0.141  exp loss = 0.090  adjusted loss = 0.090  adv prob = 0.250000   acc = 0.922

Validation:
Average incurred loss: 0.503  
Average sample loss: 0.496  
Average acc: 0.916  
  waterbird_complete50 = 0, forest2water2 = 0  [n = 465]:	loss = 0.000  exp loss = 0.000  adjusted loss = 0.000  adv prob = 0.250000   acc = 1.000
  waterbird_complete50 = 0, forest2water2 = 1  [n = 466]:	loss = 0.012  exp loss = 0.010  adjusted loss = 0.010  adv prob = 0.250000   acc = 0.998
  waterbird_complete50 = 1, forest2water2 = 0  [n = 134]:	loss = 2.423  exp loss = 2.762  adjusted loss = 2.762  adv prob = 0.250000   acc = 0.619
  waterbird_complete50 = 1, forest2water2 = 1  [n = 134]:	loss = 2.036  exp loss = 2.016  adjusted loss = 2.016  adv prob = 0.250000   acc = 0.634
Current lr: 0.000010
Current validation accuracy: 0.6194030046463013


Epoch [84]:
Training:
Average incurred loss: 0.008  
Average sample loss: 0.007  
Average acc: 1.000  
  waterbird_complete50 = 0, forest2water2 = 0  [n = 58]:	loss = 0.000  exp loss = 0.000  adjusted loss = 0.000  adv prob = 0.250000   acc = 1.000
  waterbird_complete50 = 0, forest2water2 = 1  [n = 62]:	loss = 0.000  exp loss = 0.000  adjusted loss = 0.000  adv prob = 0.250000   acc = 1.000
  waterbird_complete50 = 1, forest2water2 = 0  [n = 49]:	loss = 0.022  exp loss = 0.102  adjusted loss = 0.102  adv prob = 0.250000   acc = 1.000
  waterbird_complete50 = 1, forest2water2 = 1  [n = 55]:	loss = 0.013  exp loss = 0.063  adjusted loss = 0.063  adv prob = 0.250000   acc = 1.000

Validation:
Average incurred loss: 0.453  
Average sample loss: 0.447  
Average acc: 0.920  
  waterbird_complete50 = 0, forest2water2 = 0  [n = 465]:	loss = 0.001  exp loss = 0.000  adjusted loss = 0.000  adv prob = 0.250000   acc = 1.000
  waterbird_complete50 = 0, forest2water2 = 1  [n = 466]:	loss = 0.015  exp loss = 0.013  adjusted loss = 0.013  adv prob = 0.250000   acc = 0.994
  waterbird_complete50 = 1, forest2water2 = 0  [n = 134]:	loss = 2.181  exp loss = 2.487  adjusted loss = 2.487  adv prob = 0.250000   acc = 0.657
  waterbird_complete50 = 1, forest2water2 = 1  [n = 134]:	loss = 1.816  exp loss = 1.810  adjusted loss = 1.810  adv prob = 0.250000   acc = 0.649
Current lr: 0.000010
Current validation accuracy: 0.6492537260055542


Epoch [85]:
Training:
Average incurred loss: 0.034  
Average sample loss: 0.033  
Average acc: 0.991  
  waterbird_complete50 = 0, forest2water2 = 0  [n = 54]:	loss = 0.000  exp loss = 0.000  adjusted loss = 0.000  adv prob = 0.250000   acc = 1.000
  waterbird_complete50 = 0, forest2water2 = 1  [n = 55]:	loss = 0.000  exp loss = 0.000  adjusted loss = 0.000  adv prob = 0.250000   acc = 1.000
  waterbird_complete50 = 1, forest2water2 = 0  [n = 54]:	loss = 0.105  exp loss = 0.099  adjusted loss = 0.099  adv prob = 0.250000   acc = 0.963
  waterbird_complete50 = 1, forest2water2 = 1  [n = 61]:	loss = 0.031  exp loss = 0.052  adjusted loss = 0.052  adv prob = 0.250000   acc = 1.000

Validation:
Average incurred loss: 0.456  
Average sample loss: 0.450  
Average acc: 0.917  
  waterbird_complete50 = 0, forest2water2 = 0  [n = 465]:	loss = 0.001  exp loss = 0.000  adjusted loss = 0.000  adv prob = 0.250000   acc = 1.000
  waterbird_complete50 = 0, forest2water2 = 1  [n = 466]:	loss = 0.016  exp loss = 0.015  adjusted loss = 0.015  adv prob = 0.250000   acc = 0.994
  waterbird_complete50 = 1, forest2water2 = 0  [n = 134]:	loss = 2.203  exp loss = 2.507  adjusted loss = 2.507  adv prob = 0.250000   acc = 0.642
  waterbird_complete50 = 1, forest2water2 = 1  [n = 134]:	loss = 1.818  exp loss = 1.813  adjusted loss = 1.813  adv prob = 0.250000   acc = 0.642
Current lr: 0.000010
Current validation accuracy: 0.6417909860610962


Epoch [86]:
Training:
Average incurred loss: 0.003  
Average sample loss: 0.003  
Average acc: 1.000  
  waterbird_complete50 = 0, forest2water2 = 0  [n = 59]:	loss = 0.000  exp loss = 0.000  adjusted loss = 0.000  adv prob = 0.250000   acc = 1.000
  waterbird_complete50 = 0, forest2water2 = 1  [n = 69]:	loss = 0.000  exp loss = 0.000  adjusted loss = 0.000  adv prob = 0.250000   acc = 1.000
  waterbird_complete50 = 1, forest2water2 = 0  [n = 53]:	loss = 0.011  exp loss = 0.068  adjusted loss = 0.068  adv prob = 0.250000   acc = 1.000
  waterbird_complete50 = 1, forest2water2 = 1  [n = 43]:	loss = 0.005  exp loss = 0.035  adjusted loss = 0.035  adv prob = 0.250000   acc = 1.000

Validation:
Average incurred loss: 0.382  
Average sample loss: 0.377  
Average acc: 0.933  
  waterbird_complete50 = 0, forest2water2 = 0  [n = 465]:	loss = 0.002  exp loss = 0.001  adjusted loss = 0.001  adv prob = 0.250000   acc = 1.000
  waterbird_complete50 = 0, forest2water2 = 1  [n = 466]:	loss = 0.025  exp loss = 0.022  adjusted loss = 0.022  adv prob = 0.250000   acc = 0.994
  waterbird_complete50 = 1, forest2water2 = 0  [n = 134]:	loss = 1.859  exp loss = 2.100  adjusted loss = 2.100  adv prob = 0.250000   acc = 0.701
  waterbird_complete50 = 1, forest2water2 = 1  [n = 134]:	loss = 1.467  exp loss = 1.473  adjusted loss = 1.473  adv prob = 0.250000   acc = 0.724
Current lr: 0.000010
Current validation accuracy: 0.7014925479888916


Epoch [87]:
Training:
Average incurred loss: 0.052  
Average sample loss: 0.069  
Average acc: 0.982  
  waterbird_complete50 = 0, forest2water2 = 0  [n = 55]:	loss = 0.000  exp loss = 0.000  adjusted loss = 0.000  adv prob = 0.250000   acc = 1.000
  waterbird_complete50 = 0, forest2water2 = 1  [n = 55]:	loss = 0.000  exp loss = 0.000  adjusted loss = 0.000  adv prob = 0.250000   acc = 1.000
  waterbird_complete50 = 1, forest2water2 = 0  [n = 53]:	loss = 0.150  exp loss = 0.102  adjusted loss = 0.102  adv prob = 0.250000   acc = 0.962
  waterbird_complete50 = 1, forest2water2 = 1  [n = 61]:	loss = 0.062  exp loss = 0.042  adjusted loss = 0.042  adv prob = 0.250000   acc = 0.967

Validation:
Average incurred loss: 0.412  
Average sample loss: 0.406  
Average acc: 0.925  
  waterbird_complete50 = 0, forest2water2 = 0  [n = 465]:	loss = 0.001  exp loss = 0.001  adjusted loss = 0.001  adv prob = 0.250000   acc = 1.000
  waterbird_complete50 = 0, forest2water2 = 1  [n = 466]:	loss = 0.021  exp loss = 0.019  adjusted loss = 0.019  adv prob = 0.250000   acc = 0.994
  waterbird_complete50 = 1, forest2water2 = 0  [n = 134]:	loss = 1.998  exp loss = 2.267  adjusted loss = 2.267  adv prob = 0.250000   acc = 0.664
  waterbird_complete50 = 1, forest2water2 = 1  [n = 134]:	loss = 1.607  exp loss = 1.610  adjusted loss = 1.610  adv prob = 0.250000   acc = 0.687
Current lr: 0.000010
Current validation accuracy: 0.6641790866851807


Epoch [88]:
Training:
Average incurred loss: 0.062  
Average sample loss: 0.054  
Average acc: 0.982  
  waterbird_complete50 = 0, forest2water2 = 0  [n = 51]:	loss = 0.000  exp loss = 0.000  adjusted loss = 0.000  adv prob = 0.250000   acc = 1.000
  waterbird_complete50 = 0, forest2water2 = 1  [n = 61]:	loss = 0.000  exp loss = 0.000  adjusted loss = 0.000  adv prob = 0.250000   acc = 1.000
  waterbird_complete50 = 1, forest2water2 = 0  [n = 66]:	loss = 0.163  exp loss = 0.111  adjusted loss = 0.111  adv prob = 0.250000   acc = 0.955
  waterbird_complete50 = 1, forest2water2 = 1  [n = 46]:	loss = 0.066  exp loss = 0.042  adjusted loss = 0.042  adv prob = 0.250000   acc = 0.978

Validation:
Average incurred loss: 0.418  
Average sample loss: 0.412  
Average acc: 0.924  
  waterbird_complete50 = 0, forest2water2 = 0  [n = 465]:	loss = 0.001  exp loss = 0.001  adjusted loss = 0.001  adv prob = 0.250000   acc = 1.000
  waterbird_complete50 = 0, forest2water2 = 1  [n = 466]:	loss = 0.020  exp loss = 0.018  adjusted loss = 0.018  adv prob = 0.250000   acc = 0.994
  waterbird_complete50 = 1, forest2water2 = 0  [n = 134]:	loss = 2.033  exp loss = 2.294  adjusted loss = 2.294  adv prob = 0.250000   acc = 0.657
  waterbird_complete50 = 1, forest2water2 = 1  [n = 134]:	loss = 1.638  exp loss = 1.637  adjusted loss = 1.637  adv prob = 0.250000   acc = 0.687
Current lr: 0.000010
Current validation accuracy: 0.6567164659500122


Epoch [89]:
Training:
Average incurred loss: 0.013  
Average sample loss: 0.011  
Average acc: 1.000  
  waterbird_complete50 = 0, forest2water2 = 0  [n = 47]:	loss = 0.000  exp loss = 0.000  adjusted loss = 0.000  adv prob = 0.250000   acc = 1.000
  waterbird_complete50 = 0, forest2water2 = 1  [n = 76]:	loss = 0.000  exp loss = 0.000  adjusted loss = 0.000  adv prob = 0.250000   acc = 1.000
  waterbird_complete50 = 1, forest2water2 = 0  [n = 53]:	loss = 0.045  exp loss = 0.083  adjusted loss = 0.083  adv prob = 0.250000   acc = 1.000
  waterbird_complete50 = 1, forest2water2 = 1  [n = 48]:	loss = 0.009  exp loss = 0.030  adjusted loss = 0.030  adv prob = 0.250000   acc = 1.000

Validation:
Average incurred loss: 0.398  
Average sample loss: 0.393  
Average acc: 0.928  
  waterbird_complete50 = 0, forest2water2 = 0  [n = 465]:	loss = 0.002  exp loss = 0.001  adjusted loss = 0.001  adv prob = 0.250000   acc = 1.000
  waterbird_complete50 = 0, forest2water2 = 1  [n = 466]:	loss = 0.021  exp loss = 0.019  adjusted loss = 0.019  adv prob = 0.250000   acc = 0.994
  waterbird_complete50 = 1, forest2water2 = 0  [n = 134]:	loss = 1.926  exp loss = 2.179  adjusted loss = 2.179  adv prob = 0.250000   acc = 0.679
  waterbird_complete50 = 1, forest2water2 = 1  [n = 134]:	loss = 1.557  exp loss = 1.560  adjusted loss = 1.560  adv prob = 0.250000   acc = 0.701
Current lr: 0.000010
Current validation accuracy: 0.6791044473648071


Epoch [90]:
Training:
Average incurred loss: 0.100  
Average sample loss: 0.150  
Average acc: 0.969  
  waterbird_complete50 = 0, forest2water2 = 0  [n = 55]:	loss = 0.000  exp loss = 0.000  adjusted loss = 0.000  adv prob = 0.250000   acc = 1.000
  waterbird_complete50 = 0, forest2water2 = 1  [n = 59]:	loss = 0.000  exp loss = 0.000  adjusted loss = 0.000  adv prob = 0.250000   acc = 1.000
  waterbird_complete50 = 1, forest2water2 = 0  [n = 55]:	loss = 0.256  exp loss = 0.255  adjusted loss = 0.255  adv prob = 0.250000   acc = 0.909
  waterbird_complete50 = 1, forest2water2 = 1  [n = 55]:	loss = 0.153  exp loss = 0.075  adjusted loss = 0.075  adv prob = 0.250000   acc = 0.964

Validation:
Average incurred loss: 0.438  
Average sample loss: 0.431  
Average acc: 0.921  
  waterbird_complete50 = 0, forest2water2 = 0  [n = 465]:	loss = 0.001  exp loss = 0.000  adjusted loss = 0.000  adv prob = 0.250000   acc = 1.000
  waterbird_complete50 = 0, forest2water2 = 1  [n = 466]:	loss = 0.017  exp loss = 0.015  adjusted loss = 0.015  adv prob = 0.250000   acc = 0.994
  waterbird_complete50 = 1, forest2water2 = 0  [n = 134]:	loss = 2.107  exp loss = 2.385  adjusted loss = 2.385  adv prob = 0.250000   acc = 0.657
  waterbird_complete50 = 1, forest2water2 = 1  [n = 134]:	loss = 1.748  exp loss = 1.742  adjusted loss = 1.742  adv prob = 0.250000   acc = 0.657
Current lr: 0.000010
Current validation accuracy: 0.6567164659500122


Epoch [91]:
Training:
Average incurred loss: 0.024  
Average sample loss: 0.021  
Average acc: 1.000  
  waterbird_complete50 = 0, forest2water2 = 0  [n = 45]:	loss = 0.000  exp loss = 0.000  adjusted loss = 0.000  adv prob = 0.250000   acc = 1.000
  waterbird_complete50 = 0, forest2water2 = 1  [n = 69]:	loss = 0.000  exp loss = 0.000  adjusted loss = 0.000  adv prob = 0.250000   acc = 1.000
  waterbird_complete50 = 1, forest2water2 = 0  [n = 57]:	loss = 0.056  exp loss = 0.184  adjusted loss = 0.184  adv prob = 0.250000   acc = 1.000
  waterbird_complete50 = 1, forest2water2 = 1  [n = 53]:	loss = 0.039  exp loss = 0.059  adjusted loss = 0.059  adv prob = 0.250000   acc = 1.000

Validation:
Average incurred loss: 0.429  
Average sample loss: 0.423  
Average acc: 0.922  
  waterbird_complete50 = 0, forest2water2 = 0  [n = 465]:	loss = 0.001  exp loss = 0.001  adjusted loss = 0.001  adv prob = 0.250000   acc = 1.000
  waterbird_complete50 = 0, forest2water2 = 1  [n = 466]:	loss = 0.019  exp loss = 0.017  adjusted loss = 0.017  adv prob = 0.250000   acc = 0.994
  waterbird_complete50 = 1, forest2water2 = 0  [n = 134]:	loss = 2.069  exp loss = 2.344  adjusted loss = 2.344  adv prob = 0.250000   acc = 0.657
  waterbird_complete50 = 1, forest2water2 = 1  [n = 134]:	loss = 1.702  exp loss = 1.704  adjusted loss = 1.704  adv prob = 0.250000   acc = 0.664
Current lr: 0.000010
Current validation accuracy: 0.6567164659500122


Epoch [92]:
Training:
Average incurred loss: 0.005  
Average sample loss: 0.005  
Average acc: 1.000  
  waterbird_complete50 = 0, forest2water2 = 0  [n = 69]:	loss = 0.000  exp loss = 0.000  adjusted loss = 0.000  adv prob = 0.250000   acc = 1.000
  waterbird_complete50 = 0, forest2water2 = 1  [n = 51]:	loss = 0.000  exp loss = 0.000  adjusted loss = 0.000  adv prob = 0.250000   acc = 1.000
  waterbird_complete50 = 1, forest2water2 = 0  [n = 49]:	loss = 0.016  exp loss = 0.126  adjusted loss = 0.126  adv prob = 0.250000   acc = 1.000
  waterbird_complete50 = 1, forest2water2 = 1  [n = 55]:	loss = 0.008  exp loss = 0.041  adjusted loss = 0.041  adv prob = 0.250000   acc = 1.000

Validation:
Average incurred loss: 0.410  
Average sample loss: 0.404  
Average acc: 0.925  
  waterbird_complete50 = 0, forest2water2 = 0  [n = 465]:	loss = 0.001  exp loss = 0.000  adjusted loss = 0.000  adv prob = 0.250000   acc = 1.000
  waterbird_complete50 = 0, forest2water2 = 1  [n = 466]:	loss = 0.022  exp loss = 0.019  adjusted loss = 0.019  adv prob = 0.250000   acc = 0.994
  waterbird_complete50 = 1, forest2water2 = 0  [n = 134]:	loss = 1.991  exp loss = 2.241  adjusted loss = 2.241  adv prob = 0.250000   acc = 0.664
  waterbird_complete50 = 1, forest2water2 = 1  [n = 134]:	loss = 1.593  exp loss = 1.589  adjusted loss = 1.589  adv prob = 0.250000   acc = 0.687
Current lr: 0.000010
Current validation accuracy: 0.6641790866851807


Epoch [93]:
Training:
Average incurred loss: 0.091  
Average sample loss: 0.083  
Average acc: 0.964  
  waterbird_complete50 = 0, forest2water2 = 0  [n = 51]:	loss = 0.000  exp loss = 0.000  adjusted loss = 0.000  adv prob = 0.250000   acc = 1.000
  waterbird_complete50 = 0, forest2water2 = 1  [n = 51]:	loss = 0.000  exp loss = 0.000  adjusted loss = 0.000  adv prob = 0.250000   acc = 1.000
  waterbird_complete50 = 1, forest2water2 = 0  [n = 74]:	loss = 0.237  exp loss = 0.155  adjusted loss = 0.155  adv prob = 0.250000   acc = 0.905
  waterbird_complete50 = 1, forest2water2 = 1  [n = 48]:	loss = 0.060  exp loss = 0.045  adjusted loss = 0.045  adv prob = 0.250000   acc = 0.979

Validation:
Average incurred loss: 0.444  
Average sample loss: 0.437  
Average acc: 0.919  
  waterbird_complete50 = 0, forest2water2 = 0  [n = 465]:	loss = 0.001  exp loss = 0.000  adjusted loss = 0.000  adv prob = 0.250000   acc = 1.000
  waterbird_complete50 = 0, forest2water2 = 1  [n = 466]:	loss = 0.018  exp loss = 0.016  adjusted loss = 0.016  adv prob = 0.250000   acc = 0.994
  waterbird_complete50 = 1, forest2water2 = 0  [n = 134]:	loss = 2.164  exp loss = 2.441  adjusted loss = 2.441  adv prob = 0.250000   acc = 0.634
  waterbird_complete50 = 1, forest2water2 = 1  [n = 134]:	loss = 1.741  exp loss = 1.736  adjusted loss = 1.736  adv prob = 0.250000   acc = 0.664
Current lr: 0.000010
Current validation accuracy: 0.6343283653259277


Epoch [94]:
Training:
Average incurred loss: 0.058  
Average sample loss: 0.056  
Average acc: 0.987  
  waterbird_complete50 = 0, forest2water2 = 0  [n = 53]:	loss = 0.000  exp loss = 0.000  adjusted loss = 0.000  adv prob = 0.250000   acc = 1.000
  waterbird_complete50 = 0, forest2water2 = 1  [n = 50]:	loss = 0.000  exp loss = 0.000  adjusted loss = 0.000  adv prob = 0.250000   acc = 1.000
  waterbird_complete50 = 1, forest2water2 = 0  [n = 62]:	loss = 0.135  exp loss = 0.145  adjusted loss = 0.145  adv prob = 0.250000   acc = 0.968
  waterbird_complete50 = 1, forest2water2 = 1  [n = 59]:	loss = 0.079  exp loss = 0.058  adjusted loss = 0.058  adv prob = 0.250000   acc = 0.983

Validation:
Average incurred loss: 0.476  
Average sample loss: 0.469  
Average acc: 0.917  
  waterbird_complete50 = 0, forest2water2 = 0  [n = 465]:	loss = 0.000  exp loss = 0.000  adjusted loss = 0.000  adv prob = 0.250000   acc = 1.000
  waterbird_complete50 = 0, forest2water2 = 1  [n = 466]:	loss = 0.016  exp loss = 0.014  adjusted loss = 0.014  adv prob = 0.250000   acc = 0.994
  waterbird_complete50 = 1, forest2water2 = 0  [n = 134]:	loss = 2.307  exp loss = 2.616  adjusted loss = 2.616  adv prob = 0.250000   acc = 0.634
  waterbird_complete50 = 1, forest2water2 = 1  [n = 134]:	loss = 1.891  exp loss = 1.885  adjusted loss = 1.885  adv prob = 0.250000   acc = 0.642
Current lr: 0.000010
Current validation accuracy: 0.6343283653259277


Epoch [95]:
Training:
Average incurred loss: 0.035  
Average sample loss: 0.030  
Average acc: 0.982  
  waterbird_complete50 = 0, forest2water2 = 0  [n = 48]:	loss = 0.000  exp loss = 0.000  adjusted loss = 0.000  adv prob = 0.250000   acc = 1.000
  waterbird_complete50 = 0, forest2water2 = 1  [n = 64]:	loss = 0.000  exp loss = 0.000  adjusted loss = 0.000  adv prob = 0.250000   acc = 1.000
  waterbird_complete50 = 1, forest2water2 = 0  [n = 56]:	loss = 0.091  exp loss = 0.119  adjusted loss = 0.119  adv prob = 0.250000   acc = 0.946
  waterbird_complete50 = 1, forest2water2 = 1  [n = 56]:	loss = 0.047  exp loss = 0.050  adjusted loss = 0.050  adv prob = 0.250000   acc = 0.982

Validation:
Average incurred loss: 0.454  
Average sample loss: 0.448  
Average acc: 0.919  
  waterbird_complete50 = 0, forest2water2 = 0  [n = 465]:	loss = 0.001  exp loss = 0.000  adjusted loss = 0.000  adv prob = 0.250000   acc = 1.000
  waterbird_complete50 = 0, forest2water2 = 1  [n = 466]:	loss = 0.018  exp loss = 0.016  adjusted loss = 0.016  adv prob = 0.250000   acc = 0.994
  waterbird_complete50 = 1, forest2water2 = 0  [n = 134]:	loss = 2.196  exp loss = 2.494  adjusted loss = 2.494  adv prob = 0.250000   acc = 0.642
  waterbird_complete50 = 1, forest2water2 = 1  [n = 134]:	loss = 1.800  exp loss = 1.801  adjusted loss = 1.801  adv prob = 0.250000   acc = 0.657
Current lr: 0.000010
Current validation accuracy: 0.6417909860610962


Epoch [96]:
Training:
Average incurred loss: 0.036  
Average sample loss: 0.031  
Average acc: 0.996  
  waterbird_complete50 = 0, forest2water2 = 0  [n = 64]:	loss = 0.000  exp loss = 0.000  adjusted loss = 0.000  adv prob = 0.250000   acc = 1.000
  waterbird_complete50 = 0, forest2water2 = 1  [n = 48]:	loss = 0.000  exp loss = 0.000  adjusted loss = 0.000  adv prob = 0.250000   acc = 1.000
  waterbird_complete50 = 1, forest2water2 = 0  [n = 54]:	loss = 0.095  exp loss = 0.108  adjusted loss = 0.108  adv prob = 0.250000   acc = 0.981
  waterbird_complete50 = 1, forest2water2 = 1  [n = 58]:	loss = 0.050  exp loss = 0.047  adjusted loss = 0.047  adv prob = 0.250000   acc = 1.000

Validation:
Average incurred loss: 0.453  
Average sample loss: 0.446  
Average acc: 0.919  
  waterbird_complete50 = 0, forest2water2 = 0  [n = 465]:	loss = 0.001  exp loss = 0.000  adjusted loss = 0.000  adv prob = 0.250000   acc = 1.000
  waterbird_complete50 = 0, forest2water2 = 1  [n = 466]:	loss = 0.018  exp loss = 0.016  adjusted loss = 0.016  adv prob = 0.250000   acc = 0.994
  waterbird_complete50 = 1, forest2water2 = 0  [n = 134]:	loss = 2.183  exp loss = 2.490  adjusted loss = 2.490  adv prob = 0.250000   acc = 0.649
  waterbird_complete50 = 1, forest2water2 = 1  [n = 134]:	loss = 1.802  exp loss = 1.786  adjusted loss = 1.786  adv prob = 0.250000   acc = 0.649
Current lr: 0.000010
Current validation accuracy: 0.6492537260055542


Epoch [97]:
Training:
Average incurred loss: 0.048  
Average sample loss: 0.042  
Average acc: 0.969  
  waterbird_complete50 = 0, forest2water2 = 0  [n = 64]:	loss = 0.000  exp loss = 0.000  adjusted loss = 0.000  adv prob = 0.250000   acc = 1.000
  waterbird_complete50 = 0, forest2water2 = 1  [n = 50]:	loss = 0.000  exp loss = 0.000  adjusted loss = 0.000  adv prob = 0.250000   acc = 1.000
  waterbird_complete50 = 1, forest2water2 = 0  [n = 60]:	loss = 0.151  exp loss = 0.112  adjusted loss = 0.112  adv prob = 0.250000   acc = 0.900
  waterbird_complete50 = 1, forest2water2 = 1  [n = 50]:	loss = 0.033  exp loss = 0.040  adjusted loss = 0.040  adv prob = 0.250000   acc = 0.980

Validation:
Average incurred loss: 0.441  
Average sample loss: 0.435  
Average acc: 0.921  
  waterbird_complete50 = 0, forest2water2 = 0  [n = 465]:	loss = 0.001  exp loss = 0.000  adjusted loss = 0.000  adv prob = 0.250000   acc = 1.000
  waterbird_complete50 = 0, forest2water2 = 1  [n = 466]:	loss = 0.017  exp loss = 0.015  adjusted loss = 0.015  adv prob = 0.250000   acc = 0.994
  waterbird_complete50 = 1, forest2water2 = 0  [n = 134]:	loss = 2.135  exp loss = 2.443  adjusted loss = 2.443  adv prob = 0.250000   acc = 0.649
  waterbird_complete50 = 1, forest2water2 = 1  [n = 134]:	loss = 1.750  exp loss = 1.736  adjusted loss = 1.736  adv prob = 0.250000   acc = 0.664
Current lr: 0.000010
Current validation accuracy: 0.6492537260055542


Epoch [98]:
Training:
Average incurred loss: 0.055  
Average sample loss: 0.049  
Average acc: 0.978  
  waterbird_complete50 = 0, forest2water2 = 0  [n = 49]:	loss = 0.000  exp loss = 0.000  adjusted loss = 0.000  adv prob = 0.250000   acc = 1.000
  waterbird_complete50 = 0, forest2water2 = 1  [n = 62]:	loss = 0.000  exp loss = 0.000  adjusted loss = 0.000  adv prob = 0.250000   acc = 1.000
  waterbird_complete50 = 1, forest2water2 = 0  [n = 51]:	loss = 0.073  exp loss = 0.095  adjusted loss = 0.095  adv prob = 0.250000   acc = 0.980
  waterbird_complete50 = 1, forest2water2 = 1  [n = 62]:	loss = 0.141  exp loss = 0.066  adjusted loss = 0.066  adv prob = 0.250000   acc = 0.935

Validation:
Average incurred loss: 0.445  
Average sample loss: 0.439  
Average acc: 0.919  
  waterbird_complete50 = 0, forest2water2 = 0  [n = 465]:	loss = 0.001  exp loss = 0.000  adjusted loss = 0.000  adv prob = 0.250000   acc = 1.000
  waterbird_complete50 = 0, forest2water2 = 1  [n = 466]:	loss = 0.017  exp loss = 0.015  adjusted loss = 0.015  adv prob = 0.250000   acc = 0.994
  waterbird_complete50 = 1, forest2water2 = 0  [n = 134]:	loss = 2.127  exp loss = 2.440  adjusted loss = 2.440  adv prob = 0.250000   acc = 0.642
  waterbird_complete50 = 1, forest2water2 = 1  [n = 134]:	loss = 1.795  exp loss = 1.789  adjusted loss = 1.789  adv prob = 0.250000   acc = 0.657
Current lr: 0.000010
Current validation accuracy: 0.6417909860610962


Epoch [99]:
Training:
Average incurred loss: 0.033  
Average sample loss: 0.029  
Average acc: 0.982  
  waterbird_complete50 = 0, forest2water2 = 0  [n = 47]:	loss = 0.000  exp loss = 0.000  adjusted loss = 0.000  adv prob = 0.250000   acc = 1.000
  waterbird_complete50 = 0, forest2water2 = 1  [n = 69]:	loss = 0.000  exp loss = 0.000  adjusted loss = 0.000  adv prob = 0.250000   acc = 1.000
  waterbird_complete50 = 1, forest2water2 = 0  [n = 58]:	loss = 0.108  exp loss = 0.088  adjusted loss = 0.088  adv prob = 0.250000   acc = 0.931
  waterbird_complete50 = 1, forest2water2 = 1  [n = 50]:	loss = 0.022  exp loss = 0.049  adjusted loss = 0.049  adv prob = 0.250000   acc = 1.000

Validation:
Average incurred loss: 0.417  
Average sample loss: 0.411  
Average acc: 0.923  
  waterbird_complete50 = 0, forest2water2 = 0  [n = 465]:	loss = 0.001  exp loss = 0.001  adjusted loss = 0.001  adv prob = 0.250000   acc = 1.000
  waterbird_complete50 = 0, forest2water2 = 1  [n = 466]:	loss = 0.020  exp loss = 0.018  adjusted loss = 0.018  adv prob = 0.250000   acc = 0.994
  waterbird_complete50 = 1, forest2water2 = 0  [n = 134]:	loss = 1.995  exp loss = 2.276  adjusted loss = 2.276  adv prob = 0.250000   acc = 0.672
  waterbird_complete50 = 1, forest2water2 = 1  [n = 134]:	loss = 1.659  exp loss = 1.659  adjusted loss = 1.659  adv prob = 0.250000   acc = 0.664
Current lr: 0.000010
Current validation accuracy: 0.6641791462898254


Epoch [100]:
Training:
Average incurred loss: 0.008  
Average sample loss: 0.008  
Average acc: 1.000  
  waterbird_complete50 = 0, forest2water2 = 0  [n = 68]:	loss = 0.000  exp loss = 0.000  adjusted loss = 0.000  adv prob = 0.250000   acc = 1.000
  waterbird_complete50 = 0, forest2water2 = 1  [n = 52]:	loss = 0.000  exp loss = 0.000  adjusted loss = 0.000  adv prob = 0.250000   acc = 1.000
  waterbird_complete50 = 1, forest2water2 = 0  [n = 55]:	loss = 0.028  exp loss = 0.067  adjusted loss = 0.067  adv prob = 0.250000   acc = 1.000
  waterbird_complete50 = 1, forest2water2 = 1  [n = 49]:	loss = 0.004  exp loss = 0.034  adjusted loss = 0.034  adv prob = 0.250000   acc = 1.000

Validation:
Average incurred loss: 0.405  
Average sample loss: 0.399  
Average acc: 0.924  
  waterbird_complete50 = 0, forest2water2 = 0  [n = 465]:	loss = 0.001  exp loss = 0.001  adjusted loss = 0.001  adv prob = 0.250000   acc = 1.000
  waterbird_complete50 = 0, forest2water2 = 1  [n = 466]:	loss = 0.021  exp loss = 0.019  adjusted loss = 0.019  adv prob = 0.250000   acc = 0.994
  waterbird_complete50 = 1, forest2water2 = 0  [n = 134]:	loss = 1.957  exp loss = 2.227  adjusted loss = 2.227  adv prob = 0.250000   acc = 0.664
  waterbird_complete50 = 1, forest2water2 = 1  [n = 134]:	loss = 1.587  exp loss = 1.593  adjusted loss = 1.593  adv prob = 0.250000   acc = 0.679
Current lr: 0.000010
Current validation accuracy: 0.6641790866851807


Epoch [101]:
Training:
Average incurred loss: 0.046  
Average sample loss: 0.040  
Average acc: 0.973  
  waterbird_complete50 = 0, forest2water2 = 0  [n = 52]:	loss = 0.000  exp loss = 0.000  adjusted loss = 0.000  adv prob = 0.250000   acc = 1.000
  waterbird_complete50 = 0, forest2water2 = 1  [n = 67]:	loss = 0.000  exp loss = 0.000  adjusted loss = 0.000  adv prob = 0.250000   acc = 1.000
  waterbird_complete50 = 1, forest2water2 = 0  [n = 62]:	loss = 0.111  exp loss = 0.073  adjusted loss = 0.073  adv prob = 0.250000   acc = 0.919
  waterbird_complete50 = 1, forest2water2 = 1  [n = 43]:	loss = 0.079  exp loss = 0.039  adjusted loss = 0.039  adv prob = 0.250000   acc = 0.977

Validation:
Average incurred loss: 0.401  
Average sample loss: 0.396  
Average acc: 0.925  
  waterbird_complete50 = 0, forest2water2 = 0  [n = 465]:	loss = 0.001  exp loss = 0.001  adjusted loss = 0.001  adv prob = 0.250000   acc = 1.000
  waterbird_complete50 = 0, forest2water2 = 1  [n = 466]:	loss = 0.020  exp loss = 0.018  adjusted loss = 0.018  adv prob = 0.250000   acc = 0.994
  waterbird_complete50 = 1, forest2water2 = 0  [n = 134]:	loss = 1.942  exp loss = 2.216  adjusted loss = 2.216  adv prob = 0.250000   acc = 0.672
  waterbird_complete50 = 1, forest2water2 = 1  [n = 134]:	loss = 1.573  exp loss = 1.575  adjusted loss = 1.575  adv prob = 0.250000   acc = 0.679
Current lr: 0.000010
Current validation accuracy: 0.6716418266296387


Epoch [102]:
Training:
Average incurred loss: 0.112  
Average sample loss: 0.102  
Average acc: 0.942  
  waterbird_complete50 = 0, forest2water2 = 0  [n = 44]:	loss = 0.000  exp loss = 0.000  adjusted loss = 0.000  adv prob = 0.250000   acc = 1.000
  waterbird_complete50 = 0, forest2water2 = 1  [n = 57]:	loss = 0.000  exp loss = 0.000  adjusted loss = 0.000  adv prob = 0.250000   acc = 1.000
  waterbird_complete50 = 1, forest2water2 = 0  [n = 53]:	loss = 0.261  exp loss = 0.111  adjusted loss = 0.111  adv prob = 0.250000   acc = 0.849
  waterbird_complete50 = 1, forest2water2 = 1  [n = 70]:	loss = 0.162  exp loss = 0.073  adjusted loss = 0.073  adv prob = 0.250000   acc = 0.929

Validation:
Average incurred loss: 0.448  
Average sample loss: 0.442  
Average acc: 0.918  
  waterbird_complete50 = 0, forest2water2 = 0  [n = 465]:	loss = 0.001  exp loss = 0.000  adjusted loss = 0.000  adv prob = 0.250000   acc = 1.000
  waterbird_complete50 = 0, forest2water2 = 1  [n = 466]:	loss = 0.016  exp loss = 0.014  adjusted loss = 0.014  adv prob = 0.250000   acc = 0.994
  waterbird_complete50 = 1, forest2water2 = 0  [n = 134]:	loss = 2.162  exp loss = 2.471  adjusted loss = 2.471  adv prob = 0.250000   acc = 0.642
  waterbird_complete50 = 1, forest2water2 = 1  [n = 134]:	loss = 1.789  exp loss = 1.785  adjusted loss = 1.785  adv prob = 0.250000   acc = 0.649
Current lr: 0.000010
Current validation accuracy: 0.6417909860610962


Epoch [103]:
Training:
Average incurred loss: 0.061  
Average sample loss: 0.061  
Average acc: 0.982  
  waterbird_complete50 = 0, forest2water2 = 0  [n = 47]:	loss = 0.000  exp loss = 0.000  adjusted loss = 0.000  adv prob = 0.250000   acc = 1.000
  waterbird_complete50 = 0, forest2water2 = 1  [n = 56]:	loss = 0.000  exp loss = 0.000  adjusted loss = 0.000  adv prob = 0.250000   acc = 1.000
  waterbird_complete50 = 1, forest2water2 = 0  [n = 64]:	loss = 0.144  exp loss = 0.118  adjusted loss = 0.118  adv prob = 0.250000   acc = 0.953
  waterbird_complete50 = 1, forest2water2 = 1  [n = 57]:	loss = 0.077  exp loss = 0.072  adjusted loss = 0.072  adv prob = 0.250000   acc = 0.982

Validation:
Average incurred loss: 0.468  
Average sample loss: 0.461  
Average acc: 0.917  
  waterbird_complete50 = 0, forest2water2 = 0  [n = 465]:	loss = 0.000  exp loss = 0.000  adjusted loss = 0.000  adv prob = 0.250000   acc = 1.000
  waterbird_complete50 = 0, forest2water2 = 1  [n = 466]:	loss = 0.015  exp loss = 0.013  adjusted loss = 0.013  adv prob = 0.250000   acc = 0.994
  waterbird_complete50 = 1, forest2water2 = 0  [n = 134]:	loss = 2.254  exp loss = 2.579  adjusted loss = 2.579  adv prob = 0.250000   acc = 0.634
  waterbird_complete50 = 1, forest2water2 = 1  [n = 134]:	loss = 1.881  exp loss = 1.877  adjusted loss = 1.877  adv prob = 0.250000   acc = 0.642
Current lr: 0.000010
Current validation accuracy: 0.6343283653259277


Epoch [104]:
Training:
Average incurred loss: 0.061  
Average sample loss: 0.084  
Average acc: 0.982  
  waterbird_complete50 = 0, forest2water2 = 0  [n = 47]:	loss = 0.000  exp loss = 0.000  adjusted loss = 0.000  adv prob = 0.250000   acc = 1.000
  waterbird_complete50 = 0, forest2water2 = 1  [n = 69]:	loss = 0.000  exp loss = 0.000  adjusted loss = 0.000  adv prob = 0.250000   acc = 1.000
  waterbird_complete50 = 1, forest2water2 = 0  [n = 52]:	loss = 0.171  exp loss = 0.164  adjusted loss = 0.164  adv prob = 0.250000   acc = 0.942
  waterbird_complete50 = 1, forest2water2 = 1  [n = 56]:	loss = 0.084  exp loss = 0.075  adjusted loss = 0.075  adv prob = 0.250000   acc = 0.982

Validation:
Average incurred loss: 0.472  
Average sample loss: 0.465  
Average acc: 0.917  
  waterbird_complete50 = 0, forest2water2 = 0  [n = 465]:	loss = 0.000  exp loss = 0.000  adjusted loss = 0.000  adv prob = 0.250000   acc = 1.000
  waterbird_complete50 = 0, forest2water2 = 1  [n = 466]:	loss = 0.015  exp loss = 0.013  adjusted loss = 0.013  adv prob = 0.250000   acc = 0.994
  waterbird_complete50 = 1, forest2water2 = 0  [n = 134]:	loss = 2.269  exp loss = 2.602  adjusted loss = 2.602  adv prob = 0.250000   acc = 0.634
  waterbird_complete50 = 1, forest2water2 = 1  [n = 134]:	loss = 1.899  exp loss = 1.895  adjusted loss = 1.895  adv prob = 0.250000   acc = 0.642
Current lr: 0.000010
Current validation accuracy: 0.6343283653259277


Epoch [105]:
Training:
Average incurred loss: 0.016  
Average sample loss: 0.016  
Average acc: 1.000  
  waterbird_complete50 = 0, forest2water2 = 0  [n = 52]:	loss = 0.000  exp loss = 0.000  adjusted loss = 0.000  adv prob = 0.250000   acc = 1.000
  waterbird_complete50 = 0, forest2water2 = 1  [n = 60]:	loss = 0.000  exp loss = 0.000  adjusted loss = 0.000  adv prob = 0.250000   acc = 1.000
  waterbird_complete50 = 1, forest2water2 = 0  [n = 55]:	loss = 0.042  exp loss = 0.121  adjusted loss = 0.121  adv prob = 0.250000   acc = 1.000
  waterbird_complete50 = 1, forest2water2 = 1  [n = 57]:	loss = 0.021  exp loss = 0.057  adjusted loss = 0.057  adv prob = 0.250000   acc = 1.000

Validation:
Average incurred loss: 0.460  
Average sample loss: 0.453  
Average acc: 0.919  
  waterbird_complete50 = 0, forest2water2 = 0  [n = 465]:	loss = 0.001  exp loss = 0.000  adjusted loss = 0.000  adv prob = 0.250000   acc = 1.000
  waterbird_complete50 = 0, forest2water2 = 1  [n = 466]:	loss = 0.016  exp loss = 0.014  adjusted loss = 0.014  adv prob = 0.250000   acc = 0.994
  waterbird_complete50 = 1, forest2water2 = 0  [n = 134]:	loss = 2.217  exp loss = 2.514  adjusted loss = 2.514  adv prob = 0.250000   acc = 0.649
  waterbird_complete50 = 1, forest2water2 = 1  [n = 134]:	loss = 1.838  exp loss = 1.834  adjusted loss = 1.834  adv prob = 0.250000   acc = 0.649
Current lr: 0.000010
Current validation accuracy: 0.6492537260055542


Epoch [106]:
Training:
Average incurred loss: 0.035  
Average sample loss: 0.031  
Average acc: 0.987  
  waterbird_complete50 = 0, forest2water2 = 0  [n = 62]:	loss = 0.000  exp loss = 0.000  adjusted loss = 0.000  adv prob = 0.250000   acc = 1.000
  waterbird_complete50 = 0, forest2water2 = 1  [n = 55]:	loss = 0.000  exp loss = 0.000  adjusted loss = 0.000  adv prob = 0.250000   acc = 1.000
  waterbird_complete50 = 1, forest2water2 = 0  [n = 67]:	loss = 0.088  exp loss = 0.104  adjusted loss = 0.104  adv prob = 0.250000   acc = 0.970
  waterbird_complete50 = 1, forest2water2 = 1  [n = 40]:	loss = 0.049  exp loss = 0.046  adjusted loss = 0.046  adv prob = 0.250000   acc = 0.975

Validation:
Average incurred loss: 0.425  
Average sample loss: 0.419  
Average acc: 0.923  
  waterbird_complete50 = 0, forest2water2 = 0  [n = 465]:	loss = 0.001  exp loss = 0.001  adjusted loss = 0.001  adv prob = 0.250000   acc = 1.000
  waterbird_complete50 = 0, forest2water2 = 1  [n = 466]:	loss = 0.020  exp loss = 0.018  adjusted loss = 0.018  adv prob = 0.250000   acc = 0.994
  waterbird_complete50 = 1, forest2water2 = 0  [n = 134]:	loss = 2.065  exp loss = 2.322  adjusted loss = 2.322  adv prob = 0.250000   acc = 0.657
  waterbird_complete50 = 1, forest2water2 = 1  [n = 134]:	loss = 1.662  exp loss = 1.662  adjusted loss = 1.662  adv prob = 0.250000   acc = 0.679
Current lr: 0.000010
Current validation accuracy: 0.6567164659500122


Epoch [107]:
Training:
Average incurred loss: 0.047  
Average sample loss: 0.041  
Average acc: 0.987  
  waterbird_complete50 = 0, forest2water2 = 0  [n = 53]:	loss = 0.000  exp loss = 0.000  adjusted loss = 0.000  adv prob = 0.250000   acc = 1.000
  waterbird_complete50 = 0, forest2water2 = 1  [n = 55]:	loss = 0.000  exp loss = 0.000  adjusted loss = 0.000  adv prob = 0.250000   acc = 1.000
  waterbird_complete50 = 1, forest2water2 = 0  [n = 57]:	loss = 0.145  exp loss = 0.111  adjusted loss = 0.111  adv prob = 0.250000   acc = 0.947
  waterbird_complete50 = 1, forest2water2 = 1  [n = 59]:	loss = 0.039  exp loss = 0.041  adjusted loss = 0.041  adv prob = 0.250000   acc = 1.000

Validation:
Average incurred loss: 0.435  
Average sample loss: 0.429  
Average acc: 0.923  
  waterbird_complete50 = 0, forest2water2 = 0  [n = 465]:	loss = 0.001  exp loss = 0.000  adjusted loss = 0.000  adv prob = 0.250000   acc = 1.000
  waterbird_complete50 = 0, forest2water2 = 1  [n = 466]:	loss = 0.020  exp loss = 0.018  adjusted loss = 0.018  adv prob = 0.250000   acc = 0.994
  waterbird_complete50 = 1, forest2water2 = 0  [n = 134]:	loss = 2.113  exp loss = 2.376  adjusted loss = 2.376  adv prob = 0.250000   acc = 0.657
  waterbird_complete50 = 1, forest2water2 = 1  [n = 134]:	loss = 1.706  exp loss = 1.715  adjusted loss = 1.715  adv prob = 0.250000   acc = 0.679
Current lr: 0.000010
Current validation accuracy: 0.6567164659500122


Epoch [108]:
Training:
Average incurred loss: 0.052  
Average sample loss: 0.080  
Average acc: 0.982  
  waterbird_complete50 = 0, forest2water2 = 0  [n = 56]:	loss = 0.000  exp loss = 0.000  adjusted loss = 0.000  adv prob = 0.250000   acc = 1.000
  waterbird_complete50 = 0, forest2water2 = 1  [n = 58]:	loss = 0.000  exp loss = 0.000  adjusted loss = 0.000  adv prob = 0.250000   acc = 1.000
  waterbird_complete50 = 1, forest2water2 = 0  [n = 53]:	loss = 0.075  exp loss = 0.112  adjusted loss = 0.112  adv prob = 0.250000   acc = 1.000
  waterbird_complete50 = 1, forest2water2 = 1  [n = 57]:	loss = 0.134  exp loss = 0.089  adjusted loss = 0.089  adv prob = 0.250000   acc = 0.930

Validation:
Average incurred loss: 0.439  
Average sample loss: 0.433  
Average acc: 0.920  
  waterbird_complete50 = 0, forest2water2 = 0  [n = 465]:	loss = 0.001  exp loss = 0.000  adjusted loss = 0.000  adv prob = 0.250000   acc = 1.000
  waterbird_complete50 = 0, forest2water2 = 1  [n = 466]:	loss = 0.019  exp loss = 0.017  adjusted loss = 0.017  adv prob = 0.250000   acc = 0.994
  waterbird_complete50 = 1, forest2water2 = 0  [n = 134]:	loss = 2.118  exp loss = 2.395  adjusted loss = 2.395  adv prob = 0.250000   acc = 0.649
  waterbird_complete50 = 1, forest2water2 = 1  [n = 134]:	loss = 1.740  exp loss = 1.738  adjusted loss = 1.738  adv prob = 0.250000   acc = 0.657
Current lr: 0.000010
Current validation accuracy: 0.6492537260055542


Epoch [109]:
Training:
Average incurred loss: 0.073  
Average sample loss: 0.067  
Average acc: 0.969  
  waterbird_complete50 = 0, forest2water2 = 0  [n = 51]:	loss = 0.000  exp loss = 0.000  adjusted loss = 0.000  adv prob = 0.250000   acc = 1.000
  waterbird_complete50 = 0, forest2water2 = 1  [n = 54]:	loss = 0.000  exp loss = 0.000  adjusted loss = 0.000  adv prob = 0.250000   acc = 1.000
  waterbird_complete50 = 1, forest2water2 = 0  [n = 61]:	loss = 0.149  exp loss = 0.114  adjusted loss = 0.114  adv prob = 0.250000   acc = 0.967
  waterbird_complete50 = 1, forest2water2 = 1  [n = 58]:	loss = 0.125  exp loss = 0.090  adjusted loss = 0.090  adv prob = 0.250000   acc = 0.914

Validation:
Average incurred loss: 0.453  
Average sample loss: 0.447  
Average acc: 0.919  
  waterbird_complete50 = 0, forest2water2 = 0  [n = 465]:	loss = 0.001  exp loss = 0.000  adjusted loss = 0.000  adv prob = 0.250000   acc = 1.000
  waterbird_complete50 = 0, forest2water2 = 1  [n = 466]:	loss = 0.016  exp loss = 0.014  adjusted loss = 0.014  adv prob = 0.250000   acc = 0.994
  waterbird_complete50 = 1, forest2water2 = 0  [n = 134]:	loss = 2.186  exp loss = 2.468  adjusted loss = 2.468  adv prob = 0.250000   acc = 0.642
  waterbird_complete50 = 1, forest2water2 = 1  [n = 134]:	loss = 1.812  exp loss = 1.808  adjusted loss = 1.808  adv prob = 0.250000   acc = 0.657
Current lr: 0.000010
Current validation accuracy: 0.6417909860610962


Epoch [110]:
Training:
Average incurred loss: 0.081  
Average sample loss: 0.074  
Average acc: 0.969  
  waterbird_complete50 = 0, forest2water2 = 0  [n = 51]:	loss = 0.000  exp loss = 0.000  adjusted loss = 0.000  adv prob = 0.250000   acc = 1.000
  waterbird_complete50 = 0, forest2water2 = 1  [n = 61]:	loss = 0.000  exp loss = 0.000  adjusted loss = 0.000  adv prob = 0.250000   acc = 1.000
  waterbird_complete50 = 1, forest2water2 = 0  [n = 46]:	loss = 0.337  exp loss = 0.169  adjusted loss = 0.169  adv prob = 0.250000   acc = 0.870
  waterbird_complete50 = 1, forest2water2 = 1  [n = 66]:	loss = 0.041  exp loss = 0.071  adjusted loss = 0.071  adv prob = 0.250000   acc = 0.985

Validation:
Average incurred loss: 0.457  
Average sample loss: 0.451  
Average acc: 0.917  
  waterbird_complete50 = 0, forest2water2 = 0  [n = 465]:	loss = 0.001  exp loss = 0.000  adjusted loss = 0.000  adv prob = 0.250000   acc = 1.000
  waterbird_complete50 = 0, forest2water2 = 1  [n = 466]:	loss = 0.015  exp loss = 0.013  adjusted loss = 0.013  adv prob = 0.250000   acc = 0.994
  waterbird_complete50 = 1, forest2water2 = 0  [n = 134]:	loss = 2.209  exp loss = 2.512  adjusted loss = 2.512  adv prob = 0.250000   acc = 0.642
  waterbird_complete50 = 1, forest2water2 = 1  [n = 134]:	loss = 1.830  exp loss = 1.821  adjusted loss = 1.821  adv prob = 0.250000   acc = 0.642
Current lr: 0.000010
Current validation accuracy: 0.6417911052703857


Epoch [111]:
Training:
Average incurred loss: 0.144  
Average sample loss: 0.142  
Average acc: 0.929  
  waterbird_complete50 = 0, forest2water2 = 0  [n = 49]:	loss = 0.000  exp loss = 0.000  adjusted loss = 0.000  adv prob = 0.250000   acc = 1.000
  waterbird_complete50 = 0, forest2water2 = 1  [n = 50]:	loss = 0.000  exp loss = 0.000  adjusted loss = 0.000  adv prob = 0.250000   acc = 1.000
  waterbird_complete50 = 1, forest2water2 = 0  [n = 65]:	loss = 0.285  exp loss = 0.201  adjusted loss = 0.201  adv prob = 0.250000   acc = 0.877
  waterbird_complete50 = 1, forest2water2 = 1  [n = 60]:	loss = 0.228  exp loss = 0.134  adjusted loss = 0.134  adv prob = 0.250000   acc = 0.867

Validation:
Average incurred loss: 0.495  
Average sample loss: 0.488  
Average acc: 0.915  
  waterbird_complete50 = 0, forest2water2 = 0  [n = 465]:	loss = 0.000  exp loss = 0.000  adjusted loss = 0.000  adv prob = 0.250000   acc = 1.000
  waterbird_complete50 = 0, forest2water2 = 1  [n = 466]:	loss = 0.013  exp loss = 0.011  adjusted loss = 0.011  adv prob = 0.250000   acc = 0.996
  waterbird_complete50 = 1, forest2water2 = 0  [n = 134]:	loss = 2.395  exp loss = 2.719  adjusted loss = 2.719  adv prob = 0.250000   acc = 0.627
  waterbird_complete50 = 1, forest2water2 = 1  [n = 134]:	loss = 1.988  exp loss = 1.977  adjusted loss = 1.977  adv prob = 0.250000   acc = 0.627
Current lr: 0.000010
Current validation accuracy: 0.6268656253814697


Epoch [112]:
Training:
Average incurred loss: 0.028  
Average sample loss: 0.031  
Average acc: 0.996  
  waterbird_complete50 = 0, forest2water2 = 0  [n = 54]:	loss = 0.000  exp loss = 0.000  adjusted loss = 0.000  adv prob = 0.250000   acc = 1.000
  waterbird_complete50 = 0, forest2water2 = 1  [n = 55]:	loss = 0.000  exp loss = 0.000  adjusted loss = 0.000  adv prob = 0.250000   acc = 1.000
  waterbird_complete50 = 1, forest2water2 = 0  [n = 54]:	loss = 0.057  exp loss = 0.160  adjusted loss = 0.160  adv prob = 0.250000   acc = 0.981
  waterbird_complete50 = 1, forest2water2 = 1  [n = 61]:	loss = 0.054  exp loss = 0.105  adjusted loss = 0.105  adv prob = 0.250000   acc = 1.000

Validation:
Average incurred loss: 0.478  
Average sample loss: 0.471  
Average acc: 0.917  
  waterbird_complete50 = 0, forest2water2 = 0  [n = 465]:	loss = 0.000  exp loss = 0.000  adjusted loss = 0.000  adv prob = 0.250000   acc = 1.000
  waterbird_complete50 = 0, forest2water2 = 1  [n = 466]:	loss = 0.015  exp loss = 0.013  adjusted loss = 0.013  adv prob = 0.250000   acc = 0.994
  waterbird_complete50 = 1, forest2water2 = 0  [n = 134]:	loss = 2.310  exp loss = 2.627  adjusted loss = 2.627  adv prob = 0.250000   acc = 0.634
  waterbird_complete50 = 1, forest2water2 = 1  [n = 134]:	loss = 1.911  exp loss = 1.908  adjusted loss = 1.908  adv prob = 0.250000   acc = 0.642
Current lr: 0.000010
Current validation accuracy: 0.6343283653259277


Epoch [113]:
Training:
Average incurred loss: 0.035  
Average sample loss: 0.035  
Average acc: 0.987  
  waterbird_complete50 = 0, forest2water2 = 0  [n = 66]:	loss = 0.000  exp loss = 0.000  adjusted loss = 0.000  adv prob = 0.250000   acc = 1.000
  waterbird_complete50 = 0, forest2water2 = 1  [n = 46]:	loss = 0.000  exp loss = 0.000  adjusted loss = 0.000  adv prob = 0.250000   acc = 1.000
  waterbird_complete50 = 1, forest2water2 = 0  [n = 63]:	loss = 0.094  exp loss = 0.134  adjusted loss = 0.134  adv prob = 0.250000   acc = 0.984
  waterbird_complete50 = 1, forest2water2 = 1  [n = 49]:	loss = 0.041  exp loss = 0.082  adjusted loss = 0.082  adv prob = 0.250000   acc = 0.959

Validation:
Average incurred loss: 0.466  
Average sample loss: 0.459  
Average acc: 0.916  
  waterbird_complete50 = 0, forest2water2 = 0  [n = 465]:	loss = 0.000  exp loss = 0.000  adjusted loss = 0.000  adv prob = 0.250000   acc = 1.000
  waterbird_complete50 = 0, forest2water2 = 1  [n = 466]:	loss = 0.016  exp loss = 0.014  adjusted loss = 0.014  adv prob = 0.250000   acc = 0.994
  waterbird_complete50 = 1, forest2water2 = 0  [n = 134]:	loss = 2.271  exp loss = 2.581  adjusted loss = 2.581  adv prob = 0.250000   acc = 0.634
  waterbird_complete50 = 1, forest2water2 = 1  [n = 134]:	loss = 1.841  exp loss = 1.836  adjusted loss = 1.836  adv prob = 0.250000   acc = 0.634
Current lr: 0.000010
Current validation accuracy: 0.634328305721283


Epoch [114]:
Training:
Average incurred loss: 0.019  
Average sample loss: 0.024  
Average acc: 0.996  
  waterbird_complete50 = 0, forest2water2 = 0  [n = 56]:	loss = 0.000  exp loss = 0.000  adjusted loss = 0.000  adv prob = 0.250000   acc = 1.000
  waterbird_complete50 = 0, forest2water2 = 1  [n = 55]:	loss = 0.000  exp loss = 0.000  adjusted loss = 0.000  adv prob = 0.250000   acc = 1.000
  waterbird_complete50 = 1, forest2water2 = 0  [n = 56]:	loss = 0.050  exp loss = 0.111  adjusted loss = 0.111  adv prob = 0.250000   acc = 1.000
  waterbird_complete50 = 1, forest2water2 = 1  [n = 57]:	loss = 0.027  exp loss = 0.066  adjusted loss = 0.066  adv prob = 0.250000   acc = 0.982

Validation:
Average incurred loss: 0.459  
Average sample loss: 0.453  
Average acc: 0.916  
  waterbird_complete50 = 0, forest2water2 = 0  [n = 465]:	loss = 0.001  exp loss = 0.000  adjusted loss = 0.000  adv prob = 0.250000   acc = 1.000
  waterbird_complete50 = 0, forest2water2 = 1  [n = 466]:	loss = 0.016  exp loss = 0.014  adjusted loss = 0.014  adv prob = 0.250000   acc = 0.994
  waterbird_complete50 = 1, forest2water2 = 0  [n = 134]:	loss = 2.219  exp loss = 2.523  adjusted loss = 2.523  adv prob = 0.250000   acc = 0.634
  waterbird_complete50 = 1, forest2water2 = 1  [n = 134]:	loss = 1.831  exp loss = 1.826  adjusted loss = 1.826  adv prob = 0.250000   acc = 0.634
Current lr: 0.000010
Current validation accuracy: 0.634328305721283


Epoch [115]:
Training:
Average incurred loss: 0.254  
Average sample loss: 0.443  
Average acc: 0.929  
  waterbird_complete50 = 0, forest2water2 = 0  [n = 53]:	loss = 0.000  exp loss = 0.000  adjusted loss = 0.000  adv prob = 0.250000   acc = 1.000
  waterbird_complete50 = 0, forest2water2 = 1  [n = 64]:	loss = 0.000  exp loss = 0.000  adjusted loss = 0.000  adv prob = 0.250000   acc = 1.000
  waterbird_complete50 = 1, forest2water2 = 0  [n = 53]:	loss = 0.709  exp loss = 0.386  adjusted loss = 0.386  adv prob = 0.250000   acc = 0.811
  waterbird_complete50 = 1, forest2water2 = 1  [n = 54]:	loss = 0.357  exp loss = 0.181  adjusted loss = 0.181  adv prob = 0.250000   acc = 0.889

Validation:
Average incurred loss: 0.452  
Average sample loss: 0.445  
Average acc: 0.919  
  waterbird_complete50 = 0, forest2water2 = 0  [n = 465]:	loss = 0.001  exp loss = 0.000  adjusted loss = 0.000  adv prob = 0.250000   acc = 1.000
  waterbird_complete50 = 0, forest2water2 = 1  [n = 466]:	loss = 0.016  exp loss = 0.014  adjusted loss = 0.014  adv prob = 0.250000   acc = 0.994
  waterbird_complete50 = 1, forest2water2 = 0  [n = 134]:	loss = 2.183  exp loss = 2.479  adjusted loss = 2.479  adv prob = 0.250000   acc = 0.649
  waterbird_complete50 = 1, forest2water2 = 1  [n = 134]:	loss = 1.799  exp loss = 1.803  adjusted loss = 1.803  adv prob = 0.250000   acc = 0.649
Current lr: 0.000010
Current validation accuracy: 0.6492537260055542


Epoch [116]:
Training:
Average incurred loss: 0.014  
Average sample loss: 0.022  
Average acc: 0.996  
  waterbird_complete50 = 0, forest2water2 = 0  [n = 63]:	loss = 0.000  exp loss = 0.000  adjusted loss = 0.000  adv prob = 0.250000   acc = 1.000
  waterbird_complete50 = 0, forest2water2 = 1  [n = 55]:	loss = 0.000  exp loss = 0.000  adjusted loss = 0.000  adv prob = 0.250000   acc = 1.000
  waterbird_complete50 = 1, forest2water2 = 0  [n = 51]:	loss = 0.055  exp loss = 0.277  adjusted loss = 0.277  adv prob = 0.250000   acc = 0.980
  waterbird_complete50 = 1, forest2water2 = 1  [n = 55]:	loss = 0.006  exp loss = 0.121  adjusted loss = 0.121  adv prob = 0.250000   acc = 1.000

Validation:
Average incurred loss: 0.432  
Average sample loss: 0.426  
Average acc: 0.922  
  waterbird_complete50 = 0, forest2water2 = 0  [n = 465]:	loss = 0.001  exp loss = 0.001  adjusted loss = 0.001  adv prob = 0.250000   acc = 1.000
  waterbird_complete50 = 0, forest2water2 = 1  [n = 466]:	loss = 0.018  exp loss = 0.016  adjusted loss = 0.016  adv prob = 0.250000   acc = 0.994
  waterbird_complete50 = 1, forest2water2 = 0  [n = 134]:	loss = 2.086  exp loss = 2.365  adjusted loss = 2.365  adv prob = 0.250000   acc = 0.657
  waterbird_complete50 = 1, forest2water2 = 1  [n = 134]:	loss = 1.709  exp loss = 1.722  adjusted loss = 1.722  adv prob = 0.250000   acc = 0.664
Current lr: 0.000010
Current validation accuracy: 0.6567164659500122


Epoch [117]:
Training:
Average incurred loss: 0.009  
Average sample loss: 0.008  
Average acc: 1.000  
  waterbird_complete50 = 0, forest2water2 = 0  [n = 56]:	loss = 0.000  exp loss = 0.000  adjusted loss = 0.000  adv prob = 0.250000   acc = 1.000
  waterbird_complete50 = 0, forest2water2 = 1  [n = 67]:	loss = 0.000  exp loss = 0.000  adjusted loss = 0.000  adv prob = 0.250000   acc = 1.000
  waterbird_complete50 = 1, forest2water2 = 0  [n = 54]:	loss = 0.026  exp loss = 0.188  adjusted loss = 0.188  adv prob = 0.250000   acc = 1.000
  waterbird_complete50 = 1, forest2water2 = 1  [n = 47]:	loss = 0.014  exp loss = 0.084  adjusted loss = 0.084  adv prob = 0.250000   acc = 1.000

Validation:
Average incurred loss: 0.390  
Average sample loss: 0.384  
Average acc: 0.930  
  waterbird_complete50 = 0, forest2water2 = 0  [n = 465]:	loss = 0.002  exp loss = 0.001  adjusted loss = 0.001  adv prob = 0.250000   acc = 1.000
  waterbird_complete50 = 0, forest2water2 = 1  [n = 466]:	loss = 0.022  exp loss = 0.020  adjusted loss = 0.020  adv prob = 0.250000   acc = 0.994
  waterbird_complete50 = 1, forest2water2 = 0  [n = 134]:	loss = 1.892  exp loss = 2.151  adjusted loss = 2.151  adv prob = 0.250000   acc = 0.694
  waterbird_complete50 = 1, forest2water2 = 1  [n = 134]:	loss = 1.513  exp loss = 1.515  adjusted loss = 1.515  adv prob = 0.250000   acc = 0.701
Current lr: 0.000010
Current validation accuracy: 0.6940298080444336


Epoch [118]:
Training:
Average incurred loss: 0.002  
Average sample loss: 0.002  
Average acc: 1.000  
  waterbird_complete50 = 0, forest2water2 = 0  [n = 69]:	loss = 0.000  exp loss = 0.000  adjusted loss = 0.000  adv prob = 0.250000   acc = 1.000
  waterbird_complete50 = 0, forest2water2 = 1  [n = 63]:	loss = 0.000  exp loss = 0.000  adjusted loss = 0.000  adv prob = 0.250000   acc = 1.000
  waterbird_complete50 = 1, forest2water2 = 0  [n = 45]:	loss = 0.007  exp loss = 0.125  adjusted loss = 0.125  adv prob = 0.250000   acc = 1.000
  waterbird_complete50 = 1, forest2water2 = 1  [n = 47]:	loss = 0.002  exp loss = 0.056  adjusted loss = 0.056  adv prob = 0.250000   acc = 1.000

Validation:
Average incurred loss: 0.349  
Average sample loss: 0.344  
Average acc: 0.934  
  waterbird_complete50 = 0, forest2water2 = 0  [n = 465]:	loss = 0.003  exp loss = 0.001  adjusted loss = 0.001  adv prob = 0.250000   acc = 0.998
  waterbird_complete50 = 0, forest2water2 = 1  [n = 466]:	loss = 0.027  exp loss = 0.024  adjusted loss = 0.024  adv prob = 0.250000   acc = 0.994
  waterbird_complete50 = 1, forest2water2 = 0  [n = 134]:	loss = 1.699  exp loss = 1.895  adjusted loss = 1.895  adv prob = 0.250000   acc = 0.701
  waterbird_complete50 = 1, forest2water2 = 1  [n = 134]:	loss = 1.320  exp loss = 1.340  adjusted loss = 1.340  adv prob = 0.250000   acc = 0.739
Current lr: 0.000010
Current validation accuracy: 0.7014925479888916


Epoch [119]:
Training:
Average incurred loss: 0.015  
Average sample loss: 0.014  
Average acc: 1.000  
  waterbird_complete50 = 0, forest2water2 = 0  [n = 65]:	loss = 0.000  exp loss = 0.000  adjusted loss = 0.000  adv prob = 0.250000   acc = 1.000
  waterbird_complete50 = 0, forest2water2 = 1  [n = 51]:	loss = 0.000  exp loss = 0.000  adjusted loss = 0.000  adv prob = 0.250000   acc = 1.000
  waterbird_complete50 = 1, forest2water2 = 0  [n = 50]:	loss = 0.059  exp loss = 0.102  adjusted loss = 0.102  adv prob = 0.250000   acc = 1.000
  waterbird_complete50 = 1, forest2water2 = 1  [n = 58]:	loss = 0.008  exp loss = 0.039  adjusted loss = 0.039  adv prob = 0.250000   acc = 1.000

Validation:
Average incurred loss: 0.372  
Average sample loss: 0.367  
Average acc: 0.932  
  waterbird_complete50 = 0, forest2water2 = 0  [n = 465]:	loss = 0.002  exp loss = 0.001  adjusted loss = 0.001  adv prob = 0.250000   acc = 1.000
  waterbird_complete50 = 0, forest2water2 = 1  [n = 466]:	loss = 0.023  exp loss = 0.021  adjusted loss = 0.021  adv prob = 0.250000   acc = 0.994
  waterbird_complete50 = 1, forest2water2 = 0  [n = 134]:	loss = 1.824  exp loss = 2.043  adjusted loss = 2.043  adv prob = 0.250000   acc = 0.694
  waterbird_complete50 = 1, forest2water2 = 1  [n = 134]:	loss = 1.421  exp loss = 1.431  adjusted loss = 1.431  adv prob = 0.250000   acc = 0.716
Current lr: 0.000010
Current validation accuracy: 0.6940298080444336


Epoch [120]:
Training:
Average incurred loss: 0.033  
Average sample loss: 0.029  
Average acc: 0.987  
  waterbird_complete50 = 0, forest2water2 = 0  [n = 69]:	loss = 0.000  exp loss = 0.000  adjusted loss = 0.000  adv prob = 0.250000   acc = 1.000
  waterbird_complete50 = 0, forest2water2 = 1  [n = 42]:	loss = 0.000  exp loss = 0.000  adjusted loss = 0.000  adv prob = 0.250000   acc = 1.000
  waterbird_complete50 = 1, forest2water2 = 0  [n = 54]:	loss = 0.081  exp loss = 0.089  adjusted loss = 0.089  adv prob = 0.250000   acc = 0.981
  waterbird_complete50 = 1, forest2water2 = 1  [n = 59]:	loss = 0.051  exp loss = 0.039  adjusted loss = 0.039  adv prob = 0.250000   acc = 0.966

Validation:
Average incurred loss: 0.385  
Average sample loss: 0.380  
Average acc: 0.929  
  waterbird_complete50 = 0, forest2water2 = 0  [n = 465]:	loss = 0.002  exp loss = 0.001  adjusted loss = 0.001  adv prob = 0.250000   acc = 1.000
  waterbird_complete50 = 0, forest2water2 = 1  [n = 466]:	loss = 0.022  exp loss = 0.020  adjusted loss = 0.020  adv prob = 0.250000   acc = 0.994
  waterbird_complete50 = 1, forest2water2 = 0  [n = 134]:	loss = 1.884  exp loss = 2.129  adjusted loss = 2.129  adv prob = 0.250000   acc = 0.687
  waterbird_complete50 = 1, forest2water2 = 1  [n = 134]:	loss = 1.482  exp loss = 1.484  adjusted loss = 1.484  adv prob = 0.250000   acc = 0.701
Current lr: 0.000010
Current validation accuracy: 0.6865670680999756


Epoch [121]:
Training:
Average incurred loss: 0.088  
Average sample loss: 0.140  
Average acc: 0.969  
  waterbird_complete50 = 0, forest2water2 = 0  [n = 56]:	loss = 0.000  exp loss = 0.000  adjusted loss = 0.000  adv prob = 0.250000   acc = 1.000
  waterbird_complete50 = 0, forest2water2 = 1  [n = 55]:	loss = 0.000  exp loss = 0.000  adjusted loss = 0.000  adv prob = 0.250000   acc = 1.000
  waterbird_complete50 = 1, forest2water2 = 0  [n = 46]:	loss = 0.254  exp loss = 0.187  adjusted loss = 0.187  adv prob = 0.250000   acc = 0.935
  waterbird_complete50 = 1, forest2water2 = 1  [n = 67]:	loss = 0.119  exp loss = 0.088  adjusted loss = 0.088  adv prob = 0.250000   acc = 0.940

Validation:
Average incurred loss: 0.435  
Average sample loss: 0.429  
Average acc: 0.919  
  waterbird_complete50 = 0, forest2water2 = 0  [n = 465]:	loss = 0.001  exp loss = 0.000  adjusted loss = 0.000  adv prob = 0.250000   acc = 1.000
  waterbird_complete50 = 0, forest2water2 = 1  [n = 466]:	loss = 0.017  exp loss = 0.015  adjusted loss = 0.015  adv prob = 0.250000   acc = 0.994
  waterbird_complete50 = 1, forest2water2 = 0  [n = 134]:	loss = 2.102  exp loss = 2.397  adjusted loss = 2.397  adv prob = 0.250000   acc = 0.649
  waterbird_complete50 = 1, forest2water2 = 1  [n = 134]:	loss = 1.728  exp loss = 1.720  adjusted loss = 1.720  adv prob = 0.250000   acc = 0.649
Current lr: 0.000010
Current validation accuracy: 0.6492537260055542


Epoch [122]:
Training:
Average incurred loss: 0.269  
Average sample loss: 0.237  
Average acc: 0.911  
  waterbird_complete50 = 0, forest2water2 = 0  [n = 44]:	loss = 0.000  exp loss = 0.000  adjusted loss = 0.000  adv prob = 0.250000   acc = 1.000
  waterbird_complete50 = 0, forest2water2 = 1  [n = 51]:	loss = 0.000  exp loss = 0.000  adjusted loss = 0.000  adv prob = 0.250000   acc = 1.000
  waterbird_complete50 = 1, forest2water2 = 0  [n = 61]:	loss = 0.632  exp loss = 0.245  adjusted loss = 0.245  adv prob = 0.250000   acc = 0.787
  waterbird_complete50 = 1, forest2water2 = 1  [n = 68]:	loss = 0.320  exp loss = 0.135  adjusted loss = 0.135  adv prob = 0.250000   acc = 0.897

Validation:
Average incurred loss: 0.467  
Average sample loss: 0.460  
Average acc: 0.917  
  waterbird_complete50 = 0, forest2water2 = 0  [n = 465]:	loss = 0.001  exp loss = 0.000  adjusted loss = 0.000  adv prob = 0.250000   acc = 1.000
  waterbird_complete50 = 0, forest2water2 = 1  [n = 466]:	loss = 0.014  exp loss = 0.013  adjusted loss = 0.013  adv prob = 0.250000   acc = 0.994
  waterbird_complete50 = 1, forest2water2 = 0  [n = 134]:	loss = 2.242  exp loss = 2.566  adjusted loss = 2.566  adv prob = 0.250000   acc = 0.634
  waterbird_complete50 = 1, forest2water2 = 1  [n = 134]:	loss = 1.884  exp loss = 1.868  adjusted loss = 1.868  adv prob = 0.250000   acc = 0.642
Current lr: 0.000010
Current validation accuracy: 0.6343283653259277


Epoch [123]:
Training:
Average incurred loss: 0.006  
Average sample loss: 0.006  
Average acc: 1.000  
  waterbird_complete50 = 0, forest2water2 = 0  [n = 66]:	loss = 0.000  exp loss = 0.000  adjusted loss = 0.000  adv prob = 0.250000   acc = 1.000
  waterbird_complete50 = 0, forest2water2 = 1  [n = 61]:	loss = 0.000  exp loss = 0.000  adjusted loss = 0.000  adv prob = 0.250000   acc = 1.000
  waterbird_complete50 = 1, forest2water2 = 0  [n = 55]:	loss = 0.021  exp loss = 0.167  adjusted loss = 0.167  adv prob = 0.250000   acc = 1.000
  waterbird_complete50 = 1, forest2water2 = 1  [n = 42]:	loss = 0.007  exp loss = 0.091  adjusted loss = 0.091  adv prob = 0.250000   acc = 1.000

Validation:
Average incurred loss: 0.412  
Average sample loss: 0.406  
Average acc: 0.923  
  waterbird_complete50 = 0, forest2water2 = 0  [n = 465]:	loss = 0.001  exp loss = 0.001  adjusted loss = 0.001  adv prob = 0.250000   acc = 1.000
  waterbird_complete50 = 0, forest2water2 = 1  [n = 466]:	loss = 0.020  exp loss = 0.018  adjusted loss = 0.018  adv prob = 0.250000   acc = 0.994
  waterbird_complete50 = 1, forest2water2 = 0  [n = 134]:	loss = 2.001  exp loss = 2.265  adjusted loss = 2.265  adv prob = 0.250000   acc = 0.657
  waterbird_complete50 = 1, forest2water2 = 1  [n = 134]:	loss = 1.609  exp loss = 1.607  adjusted loss = 1.607  adv prob = 0.250000   acc = 0.679
Current lr: 0.000010
Current validation accuracy: 0.6567164659500122


Epoch [124]:
Training:
Average incurred loss: 0.064  
Average sample loss: 0.065  
Average acc: 0.973  
  waterbird_complete50 = 0, forest2water2 = 0  [n = 51]:	loss = 0.000  exp loss = 0.000  adjusted loss = 0.000  adv prob = 0.250000   acc = 1.000
  waterbird_complete50 = 0, forest2water2 = 1  [n = 50]:	loss = 0.000  exp loss = 0.000  adjusted loss = 0.000  adv prob = 0.250000   acc = 1.000
  waterbird_complete50 = 1, forest2water2 = 0  [n = 69]:	loss = 0.137  exp loss = 0.159  adjusted loss = 0.159  adv prob = 0.250000   acc = 0.957
  waterbird_complete50 = 1, forest2water2 = 1  [n = 54]:	loss = 0.091  exp loss = 0.085  adjusted loss = 0.085  adv prob = 0.250000   acc = 0.944

Validation:
Average incurred loss: 0.447  
Average sample loss: 0.441  
Average acc: 0.917  
  waterbird_complete50 = 0, forest2water2 = 0  [n = 465]:	loss = 0.001  exp loss = 0.000  adjusted loss = 0.000  adv prob = 0.250000   acc = 1.000
  waterbird_complete50 = 0, forest2water2 = 1  [n = 466]:	loss = 0.017  exp loss = 0.015  adjusted loss = 0.015  adv prob = 0.250000   acc = 0.994
  waterbird_complete50 = 1, forest2water2 = 0  [n = 134]:	loss = 2.166  exp loss = 2.462  adjusted loss = 2.462  adv prob = 0.250000   acc = 0.642
  waterbird_complete50 = 1, forest2water2 = 1  [n = 134]:	loss = 1.770  exp loss = 1.762  adjusted loss = 1.762  adv prob = 0.250000   acc = 0.642
Current lr: 0.000010
Current validation accuracy: 0.6417909860610962


Epoch [125]:
Training:
Average incurred loss: 0.106  
Average sample loss: 0.104  
Average acc: 0.951  
  waterbird_complete50 = 0, forest2water2 = 0  [n = 54]:	loss = 0.000  exp loss = 0.000  adjusted loss = 0.000  adv prob = 0.250000   acc = 1.000
  waterbird_complete50 = 0, forest2water2 = 1  [n = 49]:	loss = 0.000  exp loss = 0.000  adjusted loss = 0.000  adv prob = 0.250000   acc = 1.000
  waterbird_complete50 = 1, forest2water2 = 0  [n = 56]:	loss = 0.261  exp loss = 0.175  adjusted loss = 0.175  adv prob = 0.250000   acc = 0.875
  waterbird_complete50 = 1, forest2water2 = 1  [n = 65]:	loss = 0.139  exp loss = 0.114  adjusted loss = 0.114  adv prob = 0.250000   acc = 0.938

Validation:
Average incurred loss: 0.466  
Average sample loss: 0.460  
Average acc: 0.917  
  waterbird_complete50 = 0, forest2water2 = 0  [n = 465]:	loss = 0.001  exp loss = 0.000  adjusted loss = 0.000  adv prob = 0.250000   acc = 1.000
  waterbird_complete50 = 0, forest2water2 = 1  [n = 466]:	loss = 0.015  exp loss = 0.014  adjusted loss = 0.014  adv prob = 0.250000   acc = 0.994
  waterbird_complete50 = 1, forest2water2 = 0  [n = 134]:	loss = 2.233  exp loss = 2.549  adjusted loss = 2.549  adv prob = 0.250000   acc = 0.642
  waterbird_complete50 = 1, forest2water2 = 1  [n = 134]:	loss = 1.885  exp loss = 1.866  adjusted loss = 1.866  adv prob = 0.250000   acc = 0.642
Current lr: 0.000010
Current validation accuracy: 0.6417909860610962


Epoch [126]:
Training:
Average incurred loss: 0.051  
Average sample loss: 0.044  
Average acc: 0.987  
  waterbird_complete50 = 0, forest2water2 = 0  [n = 47]:	loss = 0.000  exp loss = 0.000  adjusted loss = 0.000  adv prob = 0.250000   acc = 1.000
  waterbird_complete50 = 0, forest2water2 = 1  [n = 56]:	loss = 0.000  exp loss = 0.000  adjusted loss = 0.000  adv prob = 0.250000   acc = 1.000
  waterbird_complete50 = 1, forest2water2 = 0  [n = 59]:	loss = 0.115  exp loss = 0.145  adjusted loss = 0.145  adv prob = 0.250000   acc = 0.966
  waterbird_complete50 = 1, forest2water2 = 1  [n = 62]:	loss = 0.073  exp loss = 0.094  adjusted loss = 0.094  adv prob = 0.250000   acc = 0.984

Validation:
Average incurred loss: 0.454  
Average sample loss: 0.447  
Average acc: 0.919  
  waterbird_complete50 = 0, forest2water2 = 0  [n = 465]:	loss = 0.001  exp loss = 0.000  adjusted loss = 0.000  adv prob = 0.250000   acc = 1.000
  waterbird_complete50 = 0, forest2water2 = 1  [n = 466]:	loss = 0.015  exp loss = 0.013  adjusted loss = 0.013  adv prob = 0.250000   acc = 0.996
  waterbird_complete50 = 1, forest2water2 = 0  [n = 134]:	loss = 2.173  exp loss = 2.483  adjusted loss = 2.483  adv prob = 0.250000   acc = 0.642
  waterbird_complete50 = 1, forest2water2 = 1  [n = 134]:	loss = 1.833  exp loss = 1.818  adjusted loss = 1.818  adv prob = 0.250000   acc = 0.649
Current lr: 0.000010
Current validation accuracy: 0.6417909860610962


Epoch [127]:
Training:
Average incurred loss: 0.021  
Average sample loss: 0.019  
Average acc: 0.996  
  waterbird_complete50 = 0, forest2water2 = 0  [n = 56]:	loss = 0.000  exp loss = 0.000  adjusted loss = 0.000  adv prob = 0.250000   acc = 1.000
  waterbird_complete50 = 0, forest2water2 = 1  [n = 65]:	loss = 0.000  exp loss = 0.000  adjusted loss = 0.000  adv prob = 0.250000   acc = 1.000
  waterbird_complete50 = 1, forest2water2 = 0  [n = 51]:	loss = 0.085  exp loss = 0.118  adjusted loss = 0.118  adv prob = 0.250000   acc = 0.980
  waterbird_complete50 = 1, forest2water2 = 1  [n = 52]:	loss = 0.008  exp loss = 0.064  adjusted loss = 0.064  adv prob = 0.250000   acc = 1.000

Validation:
Average incurred loss: 0.410  
Average sample loss: 0.404  
Average acc: 0.923  
  waterbird_complete50 = 0, forest2water2 = 0  [n = 465]:	loss = 0.001  exp loss = 0.001  adjusted loss = 0.001  adv prob = 0.250000   acc = 1.000
  waterbird_complete50 = 0, forest2water2 = 1  [n = 466]:	loss = 0.020  exp loss = 0.018  adjusted loss = 0.018  adv prob = 0.250000   acc = 0.994
  waterbird_complete50 = 1, forest2water2 = 0  [n = 134]:	loss = 1.973  exp loss = 2.244  adjusted loss = 2.244  adv prob = 0.250000   acc = 0.657
  waterbird_complete50 = 1, forest2water2 = 1  [n = 134]:	loss = 1.621  exp loss = 1.618  adjusted loss = 1.618  adv prob = 0.250000   acc = 0.679
Current lr: 0.000010
Current validation accuracy: 0.6567164659500122


Epoch [128]:
Training:
Average incurred loss: 0.051  
Average sample loss: 0.051  
Average acc: 0.987  
  waterbird_complete50 = 0, forest2water2 = 0  [n = 59]:	loss = 0.000  exp loss = 0.000  adjusted loss = 0.000  adv prob = 0.250000   acc = 1.000
  waterbird_complete50 = 0, forest2water2 = 1  [n = 46]:	loss = 0.000  exp loss = 0.000  adjusted loss = 0.000  adv prob = 0.250000   acc = 1.000
  waterbird_complete50 = 1, forest2water2 = 0  [n = 63]:	loss = 0.128  exp loss = 0.125  adjusted loss = 0.125  adv prob = 0.250000   acc = 0.984
  waterbird_complete50 = 1, forest2water2 = 1  [n = 56]:	loss = 0.061  exp loss = 0.056  adjusted loss = 0.056  adv prob = 0.250000   acc = 0.964

Validation:
Average incurred loss: 0.420  
Average sample loss: 0.414  
Average acc: 0.921  
  waterbird_complete50 = 0, forest2water2 = 0  [n = 465]:	loss = 0.001  exp loss = 0.001  adjusted loss = 0.001  adv prob = 0.250000   acc = 1.000
  waterbird_complete50 = 0, forest2water2 = 1  [n = 466]:	loss = 0.019  exp loss = 0.017  adjusted loss = 0.017  adv prob = 0.250000   acc = 0.994
  waterbird_complete50 = 1, forest2water2 = 0  [n = 134]:	loss = 2.033  exp loss = 2.322  adjusted loss = 2.322  adv prob = 0.250000   acc = 0.649
  waterbird_complete50 = 1, forest2water2 = 1  [n = 134]:	loss = 1.656  exp loss = 1.652  adjusted loss = 1.652  adv prob = 0.250000   acc = 0.664
Current lr: 0.000010
Current validation accuracy: 0.6492536067962646


Epoch [129]:
Training:
Average incurred loss: 0.003  
Average sample loss: 0.003  
Average acc: 1.000  
  waterbird_complete50 = 0, forest2water2 = 0  [n = 62]:	loss = 0.000  exp loss = 0.000  adjusted loss = 0.000  adv prob = 0.250000   acc = 1.000
  waterbird_complete50 = 0, forest2water2 = 1  [n = 65]:	loss = 0.000  exp loss = 0.000  adjusted loss = 0.000  adv prob = 0.250000   acc = 1.000
  waterbird_complete50 = 1, forest2water2 = 0  [n = 49]:	loss = 0.012  exp loss = 0.086  adjusted loss = 0.086  adv prob = 0.250000   acc = 1.000
  waterbird_complete50 = 1, forest2water2 = 1  [n = 48]:	loss = 0.003  exp loss = 0.037  adjusted loss = 0.037  adv prob = 0.250000   acc = 1.000

Validation:
Average incurred loss: 0.375  
Average sample loss: 0.369  
Average acc: 0.931  
  waterbird_complete50 = 0, forest2water2 = 0  [n = 465]:	loss = 0.001  exp loss = 0.001  adjusted loss = 0.001  adv prob = 0.250000   acc = 1.000
  waterbird_complete50 = 0, forest2water2 = 1  [n = 466]:	loss = 0.024  exp loss = 0.022  adjusted loss = 0.022  adv prob = 0.250000   acc = 0.994
  waterbird_complete50 = 1, forest2water2 = 0  [n = 134]:	loss = 1.819  exp loss = 2.063  adjusted loss = 2.063  adv prob = 0.250000   acc = 0.701
  waterbird_complete50 = 1, forest2water2 = 1  [n = 134]:	loss = 1.443  exp loss = 1.451  adjusted loss = 1.451  adv prob = 0.250000   acc = 0.701
Current lr: 0.000010
Current validation accuracy: 0.7014925479888916


Epoch [130]:
Training:
Average incurred loss: 0.122  
Average sample loss: 0.110  
Average acc: 0.946  
  waterbird_complete50 = 0, forest2water2 = 0  [n = 48]:	loss = 0.000  exp loss = 0.000  adjusted loss = 0.000  adv prob = 0.250000   acc = 1.000
  waterbird_complete50 = 0, forest2water2 = 1  [n = 51]:	loss = 0.000  exp loss = 0.000  adjusted loss = 0.000  adv prob = 0.250000   acc = 1.000
  waterbird_complete50 = 1, forest2water2 = 0  [n = 60]:	loss = 0.331  exp loss = 0.131  adjusted loss = 0.131  adv prob = 0.250000   acc = 0.850
  waterbird_complete50 = 1, forest2water2 = 1  [n = 65]:	loss = 0.115  exp loss = 0.070  adjusted loss = 0.070  adv prob = 0.250000   acc = 0.954

Validation:
Average incurred loss: 0.425  
Average sample loss: 0.419  
Average acc: 0.921  
  waterbird_complete50 = 0, forest2water2 = 0  [n = 465]:	loss = 0.001  exp loss = 0.000  adjusted loss = 0.000  adv prob = 0.250000   acc = 1.000
  waterbird_complete50 = 0, forest2water2 = 1  [n = 466]:	loss = 0.019  exp loss = 0.017  adjusted loss = 0.017  adv prob = 0.250000   acc = 0.994
  waterbird_complete50 = 1, forest2water2 = 0  [n = 134]:	loss = 2.051  exp loss = 2.338  adjusted loss = 2.338  adv prob = 0.250000   acc = 0.649
  waterbird_complete50 = 1, forest2water2 = 1  [n = 134]:	loss = 1.685  exp loss = 1.685  adjusted loss = 1.685  adv prob = 0.250000   acc = 0.664
Current lr: 0.000010
Current validation accuracy: 0.6492536067962646


Epoch [131]:
Training:
Average incurred loss: 0.015  
Average sample loss: 0.014  
Average acc: 0.996  
  waterbird_complete50 = 0, forest2water2 = 0  [n = 59]:	loss = 0.000  exp loss = 0.000  adjusted loss = 0.000  adv prob = 0.250000   acc = 1.000
  waterbird_complete50 = 0, forest2water2 = 1  [n = 55]:	loss = 0.000  exp loss = 0.000  adjusted loss = 0.000  adv prob = 0.250000   acc = 1.000
  waterbird_complete50 = 1, forest2water2 = 0  [n = 57]:	loss = 0.028  exp loss = 0.095  adjusted loss = 0.095  adv prob = 0.250000   acc = 1.000
  waterbird_complete50 = 1, forest2water2 = 1  [n = 53]:	loss = 0.035  exp loss = 0.056  adjusted loss = 0.056  adv prob = 0.250000   acc = 0.981

Validation:
Average incurred loss: 0.411  
Average sample loss: 0.405  
Average acc: 0.922  
  waterbird_complete50 = 0, forest2water2 = 0  [n = 465]:	loss = 0.001  exp loss = 0.000  adjusted loss = 0.000  adv prob = 0.250000   acc = 1.000
  waterbird_complete50 = 0, forest2water2 = 1  [n = 466]:	loss = 0.020  exp loss = 0.017  adjusted loss = 0.017  adv prob = 0.250000   acc = 0.994
  waterbird_complete50 = 1, forest2water2 = 0  [n = 134]:	loss = 1.985  exp loss = 2.258  adjusted loss = 2.258  adv prob = 0.250000   acc = 0.657
  waterbird_complete50 = 1, forest2water2 = 1  [n = 134]:	loss = 1.620  exp loss = 1.615  adjusted loss = 1.615  adv prob = 0.250000   acc = 0.672
Current lr: 0.000010
Current validation accuracy: 0.6567164659500122


Epoch [132]:
Training:
Average incurred loss: 0.013  
Average sample loss: 0.011  
Average acc: 1.000  
  waterbird_complete50 = 0, forest2water2 = 0  [n = 65]:	loss = 0.000  exp loss = 0.000  adjusted loss = 0.000  adv prob = 0.250000   acc = 1.000
  waterbird_complete50 = 0, forest2water2 = 1  [n = 50]:	loss = 0.000  exp loss = 0.000  adjusted loss = 0.000  adv prob = 0.250000   acc = 1.000
  waterbird_complete50 = 1, forest2water2 = 0  [n = 54]:	loss = 0.044  exp loss = 0.073  adjusted loss = 0.073  adv prob = 0.250000   acc = 1.000
  waterbird_complete50 = 1, forest2water2 = 1  [n = 55]:	loss = 0.009  exp loss = 0.039  adjusted loss = 0.039  adv prob = 0.250000   acc = 1.000

Validation:
Average incurred loss: 0.412  
Average sample loss: 0.407  
Average acc: 0.922  
  waterbird_complete50 = 0, forest2water2 = 0  [n = 465]:	loss = 0.001  exp loss = 0.000  adjusted loss = 0.000  adv prob = 0.250000   acc = 1.000
  waterbird_complete50 = 0, forest2water2 = 1  [n = 466]:	loss = 0.019  exp loss = 0.017  adjusted loss = 0.017  adv prob = 0.250000   acc = 0.994
  waterbird_complete50 = 1, forest2water2 = 0  [n = 134]:	loss = 1.997  exp loss = 2.275  adjusted loss = 2.275  adv prob = 0.250000   acc = 0.657
  waterbird_complete50 = 1, forest2water2 = 1  [n = 134]:	loss = 1.625  exp loss = 1.619  adjusted loss = 1.619  adv prob = 0.250000   acc = 0.672
Current lr: 0.000010
Current validation accuracy: 0.6567164659500122


Epoch [133]:
Training:
Average incurred loss: 0.002  
Average sample loss: 0.002  
Average acc: 1.000  
  waterbird_complete50 = 0, forest2water2 = 0  [n = 72]:	loss = 0.000  exp loss = 0.000  adjusted loss = 0.000  adv prob = 0.250000   acc = 1.000
  waterbird_complete50 = 0, forest2water2 = 1  [n = 56]:	loss = 0.000  exp loss = 0.000  adjusted loss = 0.000  adv prob = 0.250000   acc = 1.000
  waterbird_complete50 = 1, forest2water2 = 0  [n = 57]:	loss = 0.006  exp loss = 0.050  adjusted loss = 0.050  adv prob = 0.250000   acc = 1.000
  waterbird_complete50 = 1, forest2water2 = 1  [n = 39]:	loss = 0.006  exp loss = 0.027  adjusted loss = 0.027  adv prob = 0.250000   acc = 1.000

Validation:
Average incurred loss: 0.348  
Average sample loss: 0.343  
Average acc: 0.936  
  waterbird_complete50 = 0, forest2water2 = 0  [n = 465]:	loss = 0.002  exp loss = 0.001  adjusted loss = 0.001  adv prob = 0.250000   acc = 1.000
  waterbird_complete50 = 0, forest2water2 = 1  [n = 466]:	loss = 0.027  exp loss = 0.024  adjusted loss = 0.024  adv prob = 0.250000   acc = 0.994
  waterbird_complete50 = 1, forest2water2 = 0  [n = 134]:	loss = 1.700  exp loss = 1.929  adjusted loss = 1.929  adv prob = 0.250000   acc = 0.701
  waterbird_complete50 = 1, forest2water2 = 1  [n = 134]:	loss = 1.313  exp loss = 1.325  adjusted loss = 1.325  adv prob = 0.250000   acc = 0.746
Current lr: 0.000010
Current validation accuracy: 0.7014925479888916


Epoch [134]:
Training:
Average incurred loss: 0.224  
Average sample loss: 0.326  
Average acc: 0.906  
  waterbird_complete50 = 0, forest2water2 = 0  [n = 45]:	loss = 0.000  exp loss = 0.000  adjusted loss = 0.000  adv prob = 0.250000   acc = 1.000
  waterbird_complete50 = 0, forest2water2 = 1  [n = 50]:	loss = 0.000  exp loss = 0.000  adjusted loss = 0.000  adv prob = 0.250000   acc = 1.000
  waterbird_complete50 = 1, forest2water2 = 0  [n = 73]:	loss = 0.560  exp loss = 0.250  adjusted loss = 0.250  adv prob = 0.250000   acc = 0.795
  waterbird_complete50 = 1, forest2water2 = 1  [n = 56]:	loss = 0.165  exp loss = 0.087  adjusted loss = 0.087  adv prob = 0.250000   acc = 0.893

Validation:
Average incurred loss: 0.418  
Average sample loss: 0.413  
Average acc: 0.921  
  waterbird_complete50 = 0, forest2water2 = 0  [n = 465]:	loss = 0.001  exp loss = 0.000  adjusted loss = 0.000  adv prob = 0.250000   acc = 1.000
  waterbird_complete50 = 0, forest2water2 = 1  [n = 466]:	loss = 0.019  exp loss = 0.017  adjusted loss = 0.017  adv prob = 0.250000   acc = 0.994
  waterbird_complete50 = 1, forest2water2 = 0  [n = 134]:	loss = 2.039  exp loss = 2.328  adjusted loss = 2.328  adv prob = 0.250000   acc = 0.649
  waterbird_complete50 = 1, forest2water2 = 1  [n = 134]:	loss = 1.635  exp loss = 1.625  adjusted loss = 1.625  adv prob = 0.250000   acc = 0.664
Current lr: 0.000010
Current validation accuracy: 0.6492536067962646


Epoch [135]:
Training:
Average incurred loss: 0.013  
Average sample loss: 0.019  
Average acc: 1.000  
  waterbird_complete50 = 0, forest2water2 = 0  [n = 60]:	loss = 0.000  exp loss = 0.000  adjusted loss = 0.000  adv prob = 0.250000   acc = 1.000
  waterbird_complete50 = 0, forest2water2 = 1  [n = 60]:	loss = 0.000  exp loss = 0.000  adjusted loss = 0.000  adv prob = 0.250000   acc = 1.000
  waterbird_complete50 = 1, forest2water2 = 0  [n = 46]:	loss = 0.042  exp loss = 0.185  adjusted loss = 0.185  adv prob = 0.250000   acc = 1.000
  waterbird_complete50 = 1, forest2water2 = 1  [n = 58]:	loss = 0.017  exp loss = 0.064  adjusted loss = 0.064  adv prob = 0.250000   acc = 1.000

Validation:
Average incurred loss: 0.392  
Average sample loss: 0.387  
Average acc: 0.926  
  waterbird_complete50 = 0, forest2water2 = 0  [n = 465]:	loss = 0.001  exp loss = 0.001  adjusted loss = 0.001  adv prob = 0.250000   acc = 1.000
  waterbird_complete50 = 0, forest2water2 = 1  [n = 466]:	loss = 0.024  exp loss = 0.021  adjusted loss = 0.021  adv prob = 0.250000   acc = 0.994
  waterbird_complete50 = 1, forest2water2 = 0  [n = 134]:	loss = 1.916  exp loss = 2.166  adjusted loss = 2.166  adv prob = 0.250000   acc = 0.664
  waterbird_complete50 = 1, forest2water2 = 1  [n = 134]:	loss = 1.506  exp loss = 1.502  adjusted loss = 1.502  adv prob = 0.250000   acc = 0.694
Current lr: 0.000010
Current validation accuracy: 0.6641790866851807


Epoch [136]:
Training:
Average incurred loss: 0.047  
Average sample loss: 0.069  
Average acc: 0.987  
  waterbird_complete50 = 0, forest2water2 = 0  [n = 59]:	loss = 0.000  exp loss = 0.000  adjusted loss = 0.000  adv prob = 0.250000   acc = 1.000
  waterbird_complete50 = 0, forest2water2 = 1  [n = 49]:	loss = 0.000  exp loss = 0.000  adjusted loss = 0.000  adv prob = 0.250000   acc = 1.000
  waterbird_complete50 = 1, forest2water2 = 0  [n = 47]:	loss = 0.109  exp loss = 0.174  adjusted loss = 0.174  adv prob = 0.250000   acc = 0.957
  waterbird_complete50 = 1, forest2water2 = 1  [n = 69]:	loss = 0.077  exp loss = 0.080  adjusted loss = 0.080  adv prob = 0.250000   acc = 0.986

Validation:
Average incurred loss: 0.416  
Average sample loss: 0.410  
Average acc: 0.920  
  waterbird_complete50 = 0, forest2water2 = 0  [n = 465]:	loss = 0.001  exp loss = 0.000  adjusted loss = 0.000  adv prob = 0.250000   acc = 1.000
  waterbird_complete50 = 0, forest2water2 = 1  [n = 466]:	loss = 0.019  exp loss = 0.017  adjusted loss = 0.017  adv prob = 0.250000   acc = 0.994
  waterbird_complete50 = 1, forest2water2 = 0  [n = 134]:	loss = 2.011  exp loss = 2.284  adjusted loss = 2.284  adv prob = 0.250000   acc = 0.649
  waterbird_complete50 = 1, forest2water2 = 1  [n = 134]:	loss = 1.642  exp loss = 1.635  adjusted loss = 1.635  adv prob = 0.250000   acc = 0.657
Current lr: 0.000010
Current validation accuracy: 0.6492536067962646


Epoch [137]:
Training:
Average incurred loss: 0.015  
Average sample loss: 0.013  
Average acc: 1.000  
  waterbird_complete50 = 0, forest2water2 = 0  [n = 59]:	loss = 0.000  exp loss = 0.000  adjusted loss = 0.000  adv prob = 0.250000   acc = 1.000
  waterbird_complete50 = 0, forest2water2 = 1  [n = 52]:	loss = 0.000  exp loss = 0.000  adjusted loss = 0.000  adv prob = 0.250000   acc = 1.000
  waterbird_complete50 = 1, forest2water2 = 0  [n = 59]:	loss = 0.030  exp loss = 0.123  adjusted loss = 0.123  adv prob = 0.250000   acc = 1.000
  waterbird_complete50 = 1, forest2water2 = 1  [n = 54]:	loss = 0.030  exp loss = 0.060  adjusted loss = 0.060  adv prob = 0.250000   acc = 1.000

Validation:
Average incurred loss: 0.393  
Average sample loss: 0.388  
Average acc: 0.927  
  waterbird_complete50 = 0, forest2water2 = 0  [n = 465]:	loss = 0.001  exp loss = 0.001  adjusted loss = 0.001  adv prob = 0.250000   acc = 1.000
  waterbird_complete50 = 0, forest2water2 = 1  [n = 466]:	loss = 0.022  exp loss = 0.020  adjusted loss = 0.020  adv prob = 0.250000   acc = 0.994
  waterbird_complete50 = 1, forest2water2 = 0  [n = 134]:	loss = 1.912  exp loss = 2.164  adjusted loss = 2.164  adv prob = 0.250000   acc = 0.672
  waterbird_complete50 = 1, forest2water2 = 1  [n = 134]:	loss = 1.524  exp loss = 1.524  adjusted loss = 1.524  adv prob = 0.250000   acc = 0.694
Current lr: 0.000010
Current validation accuracy: 0.6716418266296387


Epoch [138]:
Training:
Average incurred loss: 0.004  
Average sample loss: 0.004  
Average acc: 1.000  
  waterbird_complete50 = 0, forest2water2 = 0  [n = 51]:	loss = 0.000  exp loss = 0.000  adjusted loss = 0.000  adv prob = 0.250000   acc = 1.000
  waterbird_complete50 = 0, forest2water2 = 1  [n = 72]:	loss = 0.000  exp loss = 0.000  adjusted loss = 0.000  adv prob = 0.250000   acc = 1.000
  waterbird_complete50 = 1, forest2water2 = 0  [n = 46]:	loss = 0.017  exp loss = 0.085  adjusted loss = 0.085  adv prob = 0.250000   acc = 1.000
  waterbird_complete50 = 1, forest2water2 = 1  [n = 55]:	loss = 0.003  exp loss = 0.041  adjusted loss = 0.041  adv prob = 0.250000   acc = 1.000

Validation:
Average incurred loss: 0.371  
Average sample loss: 0.366  
Average acc: 0.931  
  waterbird_complete50 = 0, forest2water2 = 0  [n = 465]:	loss = 0.002  exp loss = 0.001  adjusted loss = 0.001  adv prob = 0.250000   acc = 1.000
  waterbird_complete50 = 0, forest2water2 = 1  [n = 466]:	loss = 0.026  exp loss = 0.023  adjusted loss = 0.023  adv prob = 0.250000   acc = 0.994
  waterbird_complete50 = 1, forest2water2 = 0  [n = 134]:	loss = 1.804  exp loss = 2.026  adjusted loss = 2.026  adv prob = 0.250000   acc = 0.694
  waterbird_complete50 = 1, forest2water2 = 1  [n = 134]:	loss = 1.418  exp loss = 1.423  adjusted loss = 1.423  adv prob = 0.250000   acc = 0.709
Current lr: 0.000010
Current validation accuracy: 0.6940298080444336


Epoch [139]:
Training:
Average incurred loss: 0.277  
Average sample loss: 0.457  
Average acc: 0.946  
  waterbird_complete50 = 0, forest2water2 = 0  [n = 59]:	loss = 0.000  exp loss = 0.000  adjusted loss = 0.000  adv prob = 0.250000   acc = 1.000
  waterbird_complete50 = 0, forest2water2 = 1  [n = 50]:	loss = 0.000  exp loss = 0.000  adjusted loss = 0.000  adv prob = 0.250000   acc = 1.000
  waterbird_complete50 = 1, forest2water2 = 0  [n = 53]:	loss = 0.898  exp loss = 0.437  adjusted loss = 0.437  adv prob = 0.250000   acc = 0.849
  waterbird_complete50 = 1, forest2water2 = 1  [n = 62]:	loss = 0.234  exp loss = 0.136  adjusted loss = 0.136  adv prob = 0.250000   acc = 0.935

Validation:
Average incurred loss: 0.415  
Average sample loss: 0.409  
Average acc: 0.922  
  waterbird_complete50 = 0, forest2water2 = 0  [n = 465]:	loss = 0.001  exp loss = 0.001  adjusted loss = 0.001  adv prob = 0.250000   acc = 1.000
  waterbird_complete50 = 0, forest2water2 = 1  [n = 466]:	loss = 0.019  exp loss = 0.017  adjusted loss = 0.017  adv prob = 0.250000   acc = 0.994
  waterbird_complete50 = 1, forest2water2 = 0  [n = 134]:	loss = 2.008  exp loss = 2.296  adjusted loss = 2.296  adv prob = 0.250000   acc = 0.657
  waterbird_complete50 = 1, forest2water2 = 1  [n = 134]:	loss = 1.637  exp loss = 1.623  adjusted loss = 1.623  adv prob = 0.250000   acc = 0.664
Current lr: 0.000010
Current validation accuracy: 0.6567164659500122


Epoch [140]:
Training:
Average incurred loss: 0.011  
Average sample loss: 0.010  
Average acc: 1.000  
  waterbird_complete50 = 0, forest2water2 = 0  [n = 51]:	loss = 0.000  exp loss = 0.000  adjusted loss = 0.000  adv prob = 0.250000   acc = 1.000
  waterbird_complete50 = 0, forest2water2 = 1  [n = 67]:	loss = 0.000  exp loss = 0.000  adjusted loss = 0.000  adv prob = 0.250000   acc = 1.000
  waterbird_complete50 = 1, forest2water2 = 0  [n = 57]:	loss = 0.014  exp loss = 0.290  adjusted loss = 0.290  adv prob = 0.250000   acc = 1.000
  waterbird_complete50 = 1, forest2water2 = 1  [n = 49]:	loss = 0.034  exp loss = 0.097  adjusted loss = 0.097  adv prob = 0.250000   acc = 1.000

Validation:
Average incurred loss: 0.375  
Average sample loss: 0.370  
Average acc: 0.932  
  waterbird_complete50 = 0, forest2water2 = 0  [n = 465]:	loss = 0.002  exp loss = 0.001  adjusted loss = 0.001  adv prob = 0.250000   acc = 1.000
  waterbird_complete50 = 0, forest2water2 = 1  [n = 466]:	loss = 0.025  exp loss = 0.022  adjusted loss = 0.022  adv prob = 0.250000   acc = 0.994
  waterbird_complete50 = 1, forest2water2 = 0  [n = 134]:	loss = 1.823  exp loss = 2.064  adjusted loss = 2.064  adv prob = 0.250000   acc = 0.701
  waterbird_complete50 = 1, forest2water2 = 1  [n = 134]:	loss = 1.441  exp loss = 1.439  adjusted loss = 1.439  adv prob = 0.250000   acc = 0.716
Current lr: 0.000010
Current validation accuracy: 0.7014925479888916


Epoch [141]:
Training:
Average incurred loss: 0.040  
Average sample loss: 0.038  
Average acc: 0.978  
  waterbird_complete50 = 0, forest2water2 = 0  [n = 50]:	loss = 0.000  exp loss = 0.000  adjusted loss = 0.000  adv prob = 0.250000   acc = 1.000
  waterbird_complete50 = 0, forest2water2 = 1  [n = 68]:	loss = 0.000  exp loss = 0.000  adjusted loss = 0.000  adv prob = 0.250000   acc = 1.000
  waterbird_complete50 = 1, forest2water2 = 0  [n = 49]:	loss = 0.037  exp loss = 0.207  adjusted loss = 0.207  adv prob = 0.250000   acc = 0.980
  waterbird_complete50 = 1, forest2water2 = 1  [n = 57]:	loss = 0.126  exp loss = 0.093  adjusted loss = 0.093  adv prob = 0.250000   acc = 0.930

Validation:
Average incurred loss: 0.386  
Average sample loss: 0.380  
Average acc: 0.926  
  waterbird_complete50 = 0, forest2water2 = 0  [n = 465]:	loss = 0.001  exp loss = 0.001  adjusted loss = 0.001  adv prob = 0.250000   acc = 1.000
  waterbird_complete50 = 0, forest2water2 = 1  [n = 466]:	loss = 0.023  exp loss = 0.020  adjusted loss = 0.020  adv prob = 0.250000   acc = 0.994
  waterbird_complete50 = 1, forest2water2 = 0  [n = 134]:	loss = 1.875  exp loss = 2.132  adjusted loss = 2.132  adv prob = 0.250000   acc = 0.672
  waterbird_complete50 = 1, forest2water2 = 1  [n = 134]:	loss = 1.490  exp loss = 1.488  adjusted loss = 1.488  adv prob = 0.250000   acc = 0.687
Current lr: 0.000010
Current validation accuracy: 0.6716418266296387


Epoch [142]:
Training:
Average incurred loss: 0.008  
Average sample loss: 0.007  
Average acc: 1.000  
  waterbird_complete50 = 0, forest2water2 = 0  [n = 72]:	loss = 0.000  exp loss = 0.000  adjusted loss = 0.000  adv prob = 0.250000   acc = 1.000
  waterbird_complete50 = 0, forest2water2 = 1  [n = 54]:	loss = 0.000  exp loss = 0.000  adjusted loss = 0.000  adv prob = 0.250000   acc = 1.000
  waterbird_complete50 = 1, forest2water2 = 0  [n = 53]:	loss = 0.029  exp loss = 0.146  adjusted loss = 0.146  adv prob = 0.250000   acc = 1.000
  waterbird_complete50 = 1, forest2water2 = 1  [n = 45]:	loss = 0.004  exp loss = 0.062  adjusted loss = 0.062  adv prob = 0.250000   acc = 1.000

Validation:
Average incurred loss: 0.349  
Average sample loss: 0.345  
Average acc: 0.932  
  waterbird_complete50 = 0, forest2water2 = 0  [n = 465]:	loss = 0.002  exp loss = 0.001  adjusted loss = 0.001  adv prob = 0.250000   acc = 1.000
  waterbird_complete50 = 0, forest2water2 = 1  [n = 466]:	loss = 0.028  exp loss = 0.025  adjusted loss = 0.025  adv prob = 0.250000   acc = 0.994
  waterbird_complete50 = 1, forest2water2 = 0  [n = 134]:	loss = 1.715  exp loss = 1.917  adjusted loss = 1.917  adv prob = 0.250000   acc = 0.701
  waterbird_complete50 = 1, forest2water2 = 1  [n = 134]:	loss = 1.305  exp loss = 1.319  adjusted loss = 1.319  adv prob = 0.250000   acc = 0.716
Current lr: 0.000010
Current validation accuracy: 0.7014925479888916


Epoch [143]:
Training:
Average incurred loss: 0.038  
Average sample loss: 0.049  
Average acc: 0.991  
  waterbird_complete50 = 0, forest2water2 = 0  [n = 48]:	loss = 0.000  exp loss = 0.000  adjusted loss = 0.000  adv prob = 0.250000   acc = 1.000
  waterbird_complete50 = 0, forest2water2 = 1  [n = 63]:	loss = 0.000  exp loss = 0.000  adjusted loss = 0.000  adv prob = 0.250000   acc = 1.000
  waterbird_complete50 = 1, forest2water2 = 0  [n = 52]:	loss = 0.106  exp loss = 0.140  adjusted loss = 0.140  adv prob = 0.250000   acc = 0.981
  waterbird_complete50 = 1, forest2water2 = 1  [n = 61]:	loss = 0.048  exp loss = 0.064  adjusted loss = 0.064  adv prob = 0.250000   acc = 0.984

Validation:
Average incurred loss: 0.382  
Average sample loss: 0.377  
Average acc: 0.928  
  waterbird_complete50 = 0, forest2water2 = 0  [n = 465]:	loss = 0.001  exp loss = 0.001  adjusted loss = 0.001  adv prob = 0.250000   acc = 1.000
  waterbird_complete50 = 0, forest2water2 = 1  [n = 466]:	loss = 0.023  exp loss = 0.021  adjusted loss = 0.021  adv prob = 0.250000   acc = 0.994
  waterbird_complete50 = 1, forest2water2 = 0  [n = 134]:	loss = 1.860  exp loss = 2.098  adjusted loss = 2.098  adv prob = 0.250000   acc = 0.679
  waterbird_complete50 = 1, forest2water2 = 1  [n = 134]:	loss = 1.477  exp loss = 1.483  adjusted loss = 1.483  adv prob = 0.250000   acc = 0.701
Current lr: 0.000010
Current validation accuracy: 0.6791044473648071


Epoch [144]:
Training:
Average incurred loss: 0.044  
Average sample loss: 0.038  
Average acc: 0.987  
  waterbird_complete50 = 0, forest2water2 = 0  [n = 54]:	loss = 0.000  exp loss = 0.000  adjusted loss = 0.000  adv prob = 0.250000   acc = 1.000
  waterbird_complete50 = 0, forest2water2 = 1  [n = 55]:	loss = 0.000  exp loss = 0.000  adjusted loss = 0.000  adv prob = 0.250000   acc = 1.000
  waterbird_complete50 = 1, forest2water2 = 0  [n = 57]:	loss = 0.125  exp loss = 0.123  adjusted loss = 0.123  adv prob = 0.250000   acc = 0.947
  waterbird_complete50 = 1, forest2water2 = 1  [n = 58]:	loss = 0.046  exp loss = 0.056  adjusted loss = 0.056  adv prob = 0.250000   acc = 1.000

Validation:
Average incurred loss: 0.380  
Average sample loss: 0.375  
Average acc: 0.929  
  waterbird_complete50 = 0, forest2water2 = 0  [n = 465]:	loss = 0.001  exp loss = 0.001  adjusted loss = 0.001  adv prob = 0.250000   acc = 1.000
  waterbird_complete50 = 0, forest2water2 = 1  [n = 466]:	loss = 0.022  exp loss = 0.020  adjusted loss = 0.020  adv prob = 0.250000   acc = 0.994
  waterbird_complete50 = 1, forest2water2 = 0  [n = 134]:	loss = 1.855  exp loss = 2.088  adjusted loss = 2.088  adv prob = 0.250000   acc = 0.687
  waterbird_complete50 = 1, forest2water2 = 1  [n = 134]:	loss = 1.462  exp loss = 1.476  adjusted loss = 1.476  adv prob = 0.250000   acc = 0.701
Current lr: 0.000010
Current validation accuracy: 0.6865671873092651


Epoch [145]:
Training:
Average incurred loss: 0.137  
Average sample loss: 0.233  
Average acc: 0.960  
  waterbird_complete50 = 0, forest2water2 = 0  [n = 62]:	loss = 0.000  exp loss = 0.000  adjusted loss = 0.000  adv prob = 0.250000   acc = 1.000
  waterbird_complete50 = 0, forest2water2 = 1  [n = 46]:	loss = 0.000  exp loss = 0.000  adjusted loss = 0.000  adv prob = 0.250000   acc = 1.000
  waterbird_complete50 = 1, forest2water2 = 0  [n = 60]:	loss = 0.493  exp loss = 0.289  adjusted loss = 0.289  adv prob = 0.250000   acc = 0.850
  waterbird_complete50 = 1, forest2water2 = 1  [n = 56]:	loss = 0.018  exp loss = 0.045  adjusted loss = 0.045  adv prob = 0.250000   acc = 1.000

Validation:
Average incurred loss: 0.415  
Average sample loss: 0.409  
Average acc: 0.921  
  waterbird_complete50 = 0, forest2water2 = 0  [n = 465]:	loss = 0.001  exp loss = 0.000  adjusted loss = 0.000  adv prob = 0.250000   acc = 1.000
  waterbird_complete50 = 0, forest2water2 = 1  [n = 466]:	loss = 0.019  exp loss = 0.017  adjusted loss = 0.017  adv prob = 0.250000   acc = 0.994
  waterbird_complete50 = 1, forest2water2 = 0  [n = 134]:	loss = 2.015  exp loss = 2.267  adjusted loss = 2.267  adv prob = 0.250000   acc = 0.649
  waterbird_complete50 = 1, forest2water2 = 1  [n = 134]:	loss = 1.628  exp loss = 1.627  adjusted loss = 1.627  adv prob = 0.250000   acc = 0.664
Current lr: 0.000010
Current validation accuracy: 0.6492537260055542


Epoch [146]:
Training:
Average incurred loss: 0.017  
Average sample loss: 0.016  
Average acc: 0.991  
  waterbird_complete50 = 0, forest2water2 = 0  [n = 60]:	loss = 0.000  exp loss = 0.000  adjusted loss = 0.000  adv prob = 0.250000   acc = 1.000
  waterbird_complete50 = 0, forest2water2 = 1  [n = 60]:	loss = 0.000  exp loss = 0.000  adjusted loss = 0.000  adv prob = 0.250000   acc = 1.000
  waterbird_complete50 = 1, forest2water2 = 0  [n = 44]:	loss = 0.062  exp loss = 0.208  adjusted loss = 0.208  adv prob = 0.250000   acc = 0.955
  waterbird_complete50 = 1, forest2water2 = 1  [n = 60]:	loss = 0.017  exp loss = 0.035  adjusted loss = 0.035  adv prob = 0.250000   acc = 1.000

Validation:
Average incurred loss: 0.393  
Average sample loss: 0.388  
Average acc: 0.925  
  waterbird_complete50 = 0, forest2water2 = 0  [n = 465]:	loss = 0.001  exp loss = 0.001  adjusted loss = 0.001  adv prob = 0.250000   acc = 1.000
  waterbird_complete50 = 0, forest2water2 = 1  [n = 466]:	loss = 0.022  exp loss = 0.020  adjusted loss = 0.020  adv prob = 0.250000   acc = 0.994
  waterbird_complete50 = 1, forest2water2 = 0  [n = 134]:	loss = 1.904  exp loss = 2.167  adjusted loss = 2.167  adv prob = 0.250000   acc = 0.664
  waterbird_complete50 = 1, forest2water2 = 1  [n = 134]:	loss = 1.533  exp loss = 1.541  adjusted loss = 1.541  adv prob = 0.250000   acc = 0.687
Current lr: 0.000010
Current validation accuracy: 0.6641790866851807


Epoch [147]:
Training:
Average incurred loss: 0.033  
Average sample loss: 0.053  
Average acc: 0.982  
  waterbird_complete50 = 0, forest2water2 = 0  [n = 58]:	loss = 0.000  exp loss = 0.000  adjusted loss = 0.000  adv prob = 0.250000   acc = 1.000
  waterbird_complete50 = 0, forest2water2 = 1  [n = 63]:	loss = 0.000  exp loss = 0.000  adjusted loss = 0.000  adv prob = 0.250000   acc = 1.000
  waterbird_complete50 = 1, forest2water2 = 0  [n = 41]:	loss = 0.073  exp loss = 0.197  adjusted loss = 0.197  adv prob = 0.250000   acc = 0.976
  waterbird_complete50 = 1, forest2water2 = 1  [n = 62]:	loss = 0.070  exp loss = 0.053  adjusted loss = 0.053  adv prob = 0.250000   acc = 0.952

Validation:
Average incurred loss: 0.395  
Average sample loss: 0.389  
Average acc: 0.923  
  waterbird_complete50 = 0, forest2water2 = 0  [n = 465]:	loss = 0.001  exp loss = 0.001  adjusted loss = 0.001  adv prob = 0.250000   acc = 1.000
  waterbird_complete50 = 0, forest2water2 = 1  [n = 466]:	loss = 0.022  exp loss = 0.020  adjusted loss = 0.020  adv prob = 0.250000   acc = 0.994
  waterbird_complete50 = 1, forest2water2 = 0  [n = 134]:	loss = 1.906  exp loss = 2.170  adjusted loss = 2.170  adv prob = 0.250000   acc = 0.657
  waterbird_complete50 = 1, forest2water2 = 1  [n = 134]:	loss = 1.545  exp loss = 1.553  adjusted loss = 1.553  adv prob = 0.250000   acc = 0.679
Current lr: 0.000010
Current validation accuracy: 0.6567164659500122


Epoch [148]:
Training:
Average incurred loss: 0.005  
Average sample loss: 0.004  
Average acc: 1.000  
  waterbird_complete50 = 0, forest2water2 = 0  [n = 60]:	loss = 0.000  exp loss = 0.000  adjusted loss = 0.000  adv prob = 0.250000   acc = 1.000
  waterbird_complete50 = 0, forest2water2 = 1  [n = 63]:	loss = 0.000  exp loss = 0.000  adjusted loss = 0.000  adv prob = 0.250000   acc = 1.000
  waterbird_complete50 = 1, forest2water2 = 0  [n = 53]:	loss = 0.017  exp loss = 0.134  adjusted loss = 0.134  adv prob = 0.250000   acc = 1.000
  waterbird_complete50 = 1, forest2water2 = 1  [n = 48]:	loss = 0.003  exp loss = 0.035  adjusted loss = 0.035  adv prob = 0.250000   acc = 1.000

Validation:
Average incurred loss: 0.354  
Average sample loss: 0.349  
Average acc: 0.933  
  waterbird_complete50 = 0, forest2water2 = 0  [n = 465]:	loss = 0.002  exp loss = 0.001  adjusted loss = 0.001  adv prob = 0.250000   acc = 1.000
  waterbird_complete50 = 0, forest2water2 = 1  [n = 466]:	loss = 0.026  exp loss = 0.023  adjusted loss = 0.023  adv prob = 0.250000   acc = 0.994
  waterbird_complete50 = 1, forest2water2 = 0  [n = 134]:	loss = 1.733  exp loss = 1.959  adjusted loss = 1.959  adv prob = 0.250000   acc = 0.701
  waterbird_complete50 = 1, forest2water2 = 1  [n = 134]:	loss = 1.339  exp loss = 1.348  adjusted loss = 1.348  adv prob = 0.250000   acc = 0.724
Current lr: 0.000010
Current validation accuracy: 0.7014925479888916


Epoch [149]:
Training:
Average incurred loss: 0.014  
Average sample loss: 0.012  
Average acc: 0.996  
  waterbird_complete50 = 0, forest2water2 = 0  [n = 57]:	loss = 0.000  exp loss = 0.000  adjusted loss = 0.000  adv prob = 0.250000   acc = 1.000
  waterbird_complete50 = 0, forest2water2 = 1  [n = 64]:	loss = 0.000  exp loss = 0.000  adjusted loss = 0.000  adv prob = 0.250000   acc = 1.000
  waterbird_complete50 = 1, forest2water2 = 0  [n = 63]:	loss = 0.042  exp loss = 0.097  adjusted loss = 0.097  adv prob = 0.250000   acc = 0.984
  waterbird_complete50 = 1, forest2water2 = 1  [n = 40]:	loss = 0.010  exp loss = 0.026  adjusted loss = 0.026  adv prob = 0.250000   acc = 1.000

Validation:
Average incurred loss: 0.335  
Average sample loss: 0.330  
Average acc: 0.934  
  waterbird_complete50 = 0, forest2water2 = 0  [n = 465]:	loss = 0.003  exp loss = 0.001  adjusted loss = 0.001  adv prob = 0.250000   acc = 0.998
  waterbird_complete50 = 0, forest2water2 = 1  [n = 466]:	loss = 0.029  exp loss = 0.026  adjusted loss = 0.026  adv prob = 0.250000   acc = 0.994
  waterbird_complete50 = 1, forest2water2 = 0  [n = 134]:	loss = 1.650  exp loss = 1.857  adjusted loss = 1.857  adv prob = 0.250000   acc = 0.701
  waterbird_complete50 = 1, forest2water2 = 1  [n = 134]:	loss = 1.236  exp loss = 1.251  adjusted loss = 1.251  adv prob = 0.250000   acc = 0.739
Current lr: 0.000010
Current validation accuracy: 0.7014925479888916


Epoch [150]:
Training:
Average incurred loss: 0.007  
Average sample loss: 0.007  
Average acc: 1.000  
  waterbird_complete50 = 0, forest2water2 = 0  [n = 60]:	loss = 0.000  exp loss = 0.000  adjusted loss = 0.000  adv prob = 0.250000   acc = 1.000
  waterbird_complete50 = 0, forest2water2 = 1  [n = 58]:	loss = 0.000  exp loss = 0.000  adjusted loss = 0.000  adv prob = 0.250000   acc = 1.000
  waterbird_complete50 = 1, forest2water2 = 0  [n = 49]:	loss = 0.014  exp loss = 0.068  adjusted loss = 0.068  adv prob = 0.250000   acc = 1.000
  waterbird_complete50 = 1, forest2water2 = 1  [n = 57]:	loss = 0.015  exp loss = 0.021  adjusted loss = 0.021  adv prob = 0.250000   acc = 1.000

Validation:
Average incurred loss: 0.330  
Average sample loss: 0.326  
Average acc: 0.934  
  waterbird_complete50 = 0, forest2water2 = 0  [n = 465]:	loss = 0.003  exp loss = 0.001  adjusted loss = 0.001  adv prob = 0.250000   acc = 0.998
  waterbird_complete50 = 0, forest2water2 = 1  [n = 466]:	loss = 0.028  exp loss = 0.025  adjusted loss = 0.025  adv prob = 0.250000   acc = 0.994
  waterbird_complete50 = 1, forest2water2 = 0  [n = 134]:	loss = 1.623  exp loss = 1.838  adjusted loss = 1.838  adv prob = 0.250000   acc = 0.701
  waterbird_complete50 = 1, forest2water2 = 1  [n = 134]:	loss = 1.224  exp loss = 1.239  adjusted loss = 1.239  adv prob = 0.250000   acc = 0.739
Current lr: 0.000010
Current validation accuracy: 0.7014925479888916


Epoch [151]:
Training:
Average incurred loss: 0.097  
Average sample loss: 0.113  
Average acc: 0.955  
  waterbird_complete50 = 0, forest2water2 = 0  [n = 48]:	loss = 0.000  exp loss = 0.000  adjusted loss = 0.000  adv prob = 0.250000   acc = 1.000
  waterbird_complete50 = 0, forest2water2 = 1  [n = 55]:	loss = 0.000  exp loss = 0.000  adjusted loss = 0.000  adv prob = 0.250000   acc = 1.000
  waterbird_complete50 = 1, forest2water2 = 0  [n = 51]:	loss = 0.258  exp loss = 0.150  adjusted loss = 0.150  adv prob = 0.250000   acc = 0.863
  waterbird_complete50 = 1, forest2water2 = 1  [n = 70]:	loss = 0.122  exp loss = 0.065  adjusted loss = 0.065  adv prob = 0.250000   acc = 0.957

Validation:
Average incurred loss: 0.382  
Average sample loss: 0.377  
Average acc: 0.928  
  waterbird_complete50 = 0, forest2water2 = 0  [n = 465]:	loss = 0.001  exp loss = 0.001  adjusted loss = 0.001  adv prob = 0.250000   acc = 1.000
  waterbird_complete50 = 0, forest2water2 = 1  [n = 466]:	loss = 0.023  exp loss = 0.021  adjusted loss = 0.021  adv prob = 0.250000   acc = 0.994
  waterbird_complete50 = 1, forest2water2 = 0  [n = 134]:	loss = 1.852  exp loss = 2.113  adjusted loss = 2.113  adv prob = 0.250000   acc = 0.679
  waterbird_complete50 = 1, forest2water2 = 1  [n = 134]:	loss = 1.485  exp loss = 1.477  adjusted loss = 1.477  adv prob = 0.250000   acc = 0.701
Current lr: 0.000010
Current validation accuracy: 0.6791044473648071


Epoch [152]:
Training:
Average incurred loss: 0.015  
Average sample loss: 0.013  
Average acc: 1.000  
  waterbird_complete50 = 0, forest2water2 = 0  [n = 71]:	loss = 0.000  exp loss = 0.000  adjusted loss = 0.000  adv prob = 0.250000   acc = 1.000
  waterbird_complete50 = 0, forest2water2 = 1  [n = 49]:	loss = 0.000  exp loss = 0.000  adjusted loss = 0.000  adv prob = 0.250000   acc = 1.000
  waterbird_complete50 = 1, forest2water2 = 0  [n = 53]:	loss = 0.029  exp loss = 0.107  adjusted loss = 0.107  adv prob = 0.250000   acc = 1.000
  waterbird_complete50 = 1, forest2water2 = 1  [n = 51]:	loss = 0.033  exp loss = 0.050  adjusted loss = 0.050  adv prob = 0.250000   acc = 1.000

Validation:
Average incurred loss: 0.356  
Average sample loss: 0.351  
Average acc: 0.932  
  waterbird_complete50 = 0, forest2water2 = 0  [n = 465]:	loss = 0.002  exp loss = 0.001  adjusted loss = 0.001  adv prob = 0.250000   acc = 1.000
  waterbird_complete50 = 0, forest2water2 = 1  [n = 466]:	loss = 0.027  exp loss = 0.024  adjusted loss = 0.024  adv prob = 0.250000   acc = 0.994
  waterbird_complete50 = 1, forest2water2 = 0  [n = 134]:	loss = 1.743  exp loss = 1.979  adjusted loss = 1.979  adv prob = 0.250000   acc = 0.701
  waterbird_complete50 = 1, forest2water2 = 1  [n = 134]:	loss = 1.347  exp loss = 1.348  adjusted loss = 1.348  adv prob = 0.250000   acc = 0.716
Current lr: 0.000010
Current validation accuracy: 0.7014925479888916


Epoch [153]:
Training:
Average incurred loss: 0.085  
Average sample loss: 0.103  
Average acc: 0.973  
  waterbird_complete50 = 0, forest2water2 = 0  [n = 43]:	loss = 0.000  exp loss = 0.000  adjusted loss = 0.000  adv prob = 0.250000   acc = 1.000
  waterbird_complete50 = 0, forest2water2 = 1  [n = 60]:	loss = 0.000  exp loss = 0.000  adjusted loss = 0.000  adv prob = 0.250000   acc = 1.000
  waterbird_complete50 = 1, forest2water2 = 0  [n = 61]:	loss = 0.149  exp loss = 0.124  adjusted loss = 0.124  adv prob = 0.250000   acc = 0.934
  waterbird_complete50 = 1, forest2water2 = 1  [n = 60]:	loss = 0.166  exp loss = 0.107  adjusted loss = 0.107  adv prob = 0.250000   acc = 0.967

Validation:
Average incurred loss: 0.396  
Average sample loss: 0.391  
Average acc: 0.923  
  waterbird_complete50 = 0, forest2water2 = 0  [n = 465]:	loss = 0.001  exp loss = 0.001  adjusted loss = 0.001  adv prob = 0.250000   acc = 1.000
  waterbird_complete50 = 0, forest2water2 = 1  [n = 466]:	loss = 0.022  exp loss = 0.019  adjusted loss = 0.019  adv prob = 0.250000   acc = 0.994
  waterbird_complete50 = 1, forest2water2 = 0  [n = 134]:	loss = 1.914  exp loss = 2.179  adjusted loss = 2.179  adv prob = 0.250000   acc = 0.664
  waterbird_complete50 = 1, forest2water2 = 1  [n = 134]:	loss = 1.551  exp loss = 1.542  adjusted loss = 1.542  adv prob = 0.250000   acc = 0.672
Current lr: 0.000010
Current validation accuracy: 0.6641790866851807


Epoch [154]:
Training:
Average incurred loss: 0.009  
Average sample loss: 0.010  
Average acc: 1.000  
  waterbird_complete50 = 0, forest2water2 = 0  [n = 58]:	loss = 0.000  exp loss = 0.000  adjusted loss = 0.000  adv prob = 0.250000   acc = 1.000
  waterbird_complete50 = 0, forest2water2 = 1  [n = 63]:	loss = 0.000  exp loss = 0.000  adjusted loss = 0.000  adv prob = 0.250000   acc = 1.000
  waterbird_complete50 = 1, forest2water2 = 0  [n = 56]:	loss = 0.028  exp loss = 0.095  adjusted loss = 0.095  adv prob = 0.250000   acc = 1.000
  waterbird_complete50 = 1, forest2water2 = 1  [n = 47]:	loss = 0.009  exp loss = 0.073  adjusted loss = 0.073  adv prob = 0.250000   acc = 1.000

Validation:
Average incurred loss: 0.390  
Average sample loss: 0.385  
Average acc: 0.927  
  waterbird_complete50 = 0, forest2water2 = 0  [n = 465]:	loss = 0.001  exp loss = 0.001  adjusted loss = 0.001  adv prob = 0.250000   acc = 1.000
  waterbird_complete50 = 0, forest2water2 = 1  [n = 466]:	loss = 0.023  exp loss = 0.021  adjusted loss = 0.021  adv prob = 0.250000   acc = 0.994
  waterbird_complete50 = 1, forest2water2 = 0  [n = 134]:	loss = 1.887  exp loss = 2.136  adjusted loss = 2.136  adv prob = 0.250000   acc = 0.672
  waterbird_complete50 = 1, forest2water2 = 1  [n = 134]:	loss = 1.517  exp loss = 1.511  adjusted loss = 1.511  adv prob = 0.250000   acc = 0.694
Current lr: 0.000010
Current validation accuracy: 0.6716418266296387


Epoch [155]:
Training:
Average incurred loss: 0.078  
Average sample loss: 0.114  
Average acc: 0.951  
  waterbird_complete50 = 0, forest2water2 = 0  [n = 52]:	loss = 0.000  exp loss = 0.000  adjusted loss = 0.000  adv prob = 0.250000   acc = 1.000
  waterbird_complete50 = 0, forest2water2 = 1  [n = 55]:	loss = 0.000  exp loss = 0.000  adjusted loss = 0.000  adv prob = 0.250000   acc = 1.000
  waterbird_complete50 = 1, forest2water2 = 0  [n = 60]:	loss = 0.217  exp loss = 0.144  adjusted loss = 0.144  adv prob = 0.250000   acc = 0.867
  waterbird_complete50 = 1, forest2water2 = 1  [n = 57]:	loss = 0.078  exp loss = 0.089  adjusted loss = 0.089  adv prob = 0.250000   acc = 0.947

Validation:
Average incurred loss: 0.419  
Average sample loss: 0.413  
Average acc: 0.922  
  waterbird_complete50 = 0, forest2water2 = 0  [n = 465]:	loss = 0.001  exp loss = 0.000  adjusted loss = 0.000  adv prob = 0.250000   acc = 1.000
  waterbird_complete50 = 0, forest2water2 = 1  [n = 466]:	loss = 0.021  exp loss = 0.018  adjusted loss = 0.018  adv prob = 0.250000   acc = 0.994
  waterbird_complete50 = 1, forest2water2 = 0  [n = 134]:	loss = 2.024  exp loss = 2.283  adjusted loss = 2.283  adv prob = 0.250000   acc = 0.657
  waterbird_complete50 = 1, forest2water2 = 1  [n = 134]:	loss = 1.649  exp loss = 1.645  adjusted loss = 1.645  adv prob = 0.250000   acc = 0.664
Current lr: 0.000010
Current validation accuracy: 0.6567164659500122


Epoch [156]:
Training:
Average incurred loss: 0.066  
Average sample loss: 0.110  
Average acc: 0.969  
  waterbird_complete50 = 0, forest2water2 = 0  [n = 54]:	loss = 0.000  exp loss = 0.000  adjusted loss = 0.000  adv prob = 0.250000   acc = 1.000
  waterbird_complete50 = 0, forest2water2 = 1  [n = 61]:	loss = 0.000  exp loss = 0.000  adjusted loss = 0.000  adv prob = 0.250000   acc = 1.000
  waterbird_complete50 = 1, forest2water2 = 0  [n = 53]:	loss = 0.122  exp loss = 0.165  adjusted loss = 0.165  adv prob = 0.250000   acc = 0.962
  waterbird_complete50 = 1, forest2water2 = 1  [n = 56]:	loss = 0.148  exp loss = 0.127  adjusted loss = 0.127  adv prob = 0.250000   acc = 0.911

Validation:
Average incurred loss: 0.406  
Average sample loss: 0.401  
Average acc: 0.923  
  waterbird_complete50 = 0, forest2water2 = 0  [n = 465]:	loss = 0.001  exp loss = 0.001  adjusted loss = 0.001  adv prob = 0.250000   acc = 1.000
  waterbird_complete50 = 0, forest2water2 = 1  [n = 466]:	loss = 0.021  exp loss = 0.018  adjusted loss = 0.018  adv prob = 0.250000   acc = 0.994
  waterbird_complete50 = 1, forest2water2 = 0  [n = 134]:	loss = 1.969  exp loss = 2.224  adjusted loss = 2.224  adv prob = 0.250000   acc = 0.657
  waterbird_complete50 = 1, forest2water2 = 1  [n = 134]:	loss = 1.592  exp loss = 1.595  adjusted loss = 1.595  adv prob = 0.250000   acc = 0.679
Current lr: 0.000010
Current validation accuracy: 0.6567164659500122


Epoch [157]:
Training:
Average incurred loss: 0.018  
Average sample loss: 0.017  
Average acc: 1.000  
  waterbird_complete50 = 0, forest2water2 = 0  [n = 56]:	loss = 0.000  exp loss = 0.000  adjusted loss = 0.000  adv prob = 0.250000   acc = 1.000
  waterbird_complete50 = 0, forest2water2 = 1  [n = 58]:	loss = 0.000  exp loss = 0.000  adjusted loss = 0.000  adv prob = 0.250000   acc = 1.000
  waterbird_complete50 = 1, forest2water2 = 0  [n = 53]:	loss = 0.057  exp loss = 0.125  adjusted loss = 0.125  adv prob = 0.250000   acc = 1.000
  waterbird_complete50 = 1, forest2water2 = 1  [n = 57]:	loss = 0.015  exp loss = 0.089  adjusted loss = 0.089  adv prob = 0.250000   acc = 1.000

Validation:
Average incurred loss: 0.400  
Average sample loss: 0.395  
Average acc: 0.923  
  waterbird_complete50 = 0, forest2water2 = 0  [n = 465]:	loss = 0.001  exp loss = 0.001  adjusted loss = 0.001  adv prob = 0.250000   acc = 1.000
  waterbird_complete50 = 0, forest2water2 = 1  [n = 466]:	loss = 0.021  exp loss = 0.018  adjusted loss = 0.018  adv prob = 0.250000   acc = 0.994
  waterbird_complete50 = 1, forest2water2 = 0  [n = 134]:	loss = 1.930  exp loss = 2.188  adjusted loss = 2.188  adv prob = 0.250000   acc = 0.657
  waterbird_complete50 = 1, forest2water2 = 1  [n = 134]:	loss = 1.576  exp loss = 1.581  adjusted loss = 1.581  adv prob = 0.250000   acc = 0.679
Current lr: 0.000010
Current validation accuracy: 0.6567164659500122


Epoch [158]:
Training:
Average incurred loss: 0.018  
Average sample loss: 0.018  
Average acc: 1.000  
  waterbird_complete50 = 0, forest2water2 = 0  [n = 57]:	loss = 0.000  exp loss = 0.000  adjusted loss = 0.000  adv prob = 0.250000   acc = 1.000
  waterbird_complete50 = 0, forest2water2 = 1  [n = 53]:	loss = 0.000  exp loss = 0.000  adjusted loss = 0.000  adv prob = 0.250000   acc = 1.000
  waterbird_complete50 = 1, forest2water2 = 0  [n = 53]:	loss = 0.050  exp loss = 0.101  adjusted loss = 0.101  adv prob = 0.250000   acc = 1.000
  waterbird_complete50 = 1, forest2water2 = 1  [n = 61]:	loss = 0.021  exp loss = 0.065  adjusted loss = 0.065  adv prob = 0.250000   acc = 1.000

Validation:
Average incurred loss: 0.416  
Average sample loss: 0.410  
Average acc: 0.921  
  waterbird_complete50 = 0, forest2water2 = 0  [n = 465]:	loss = 0.001  exp loss = 0.000  adjusted loss = 0.000  adv prob = 0.250000   acc = 1.000
  waterbird_complete50 = 0, forest2water2 = 1  [n = 466]:	loss = 0.018  exp loss = 0.016  adjusted loss = 0.016  adv prob = 0.250000   acc = 0.994
  waterbird_complete50 = 1, forest2water2 = 0  [n = 134]:	loss = 2.006  exp loss = 2.271  adjusted loss = 2.271  adv prob = 0.250000   acc = 0.649
  waterbird_complete50 = 1, forest2water2 = 1  [n = 134]:	loss = 1.647  exp loss = 1.644  adjusted loss = 1.644  adv prob = 0.250000   acc = 0.664
Current lr: 0.000010
Current validation accuracy: 0.6492536067962646


Epoch [159]:
Training:
Average incurred loss: 0.004  
Average sample loss: 0.003  
Average acc: 1.000  
  waterbird_complete50 = 0, forest2water2 = 0  [n = 61]:	loss = 0.000  exp loss = 0.000  adjusted loss = 0.000  adv prob = 0.250000   acc = 1.000
  waterbird_complete50 = 0, forest2water2 = 1  [n = 59]:	loss = 0.000  exp loss = 0.000  adjusted loss = 0.000  adv prob = 0.250000   acc = 1.000
  waterbird_complete50 = 1, forest2water2 = 0  [n = 53]:	loss = 0.011  exp loss = 0.069  adjusted loss = 0.069  adv prob = 0.250000   acc = 1.000
  waterbird_complete50 = 1, forest2water2 = 1  [n = 51]:	loss = 0.004  exp loss = 0.044  adjusted loss = 0.044  adv prob = 0.250000   acc = 1.000

Validation:
Average incurred loss: 0.366  
Average sample loss: 0.361  
Average acc: 0.932  
  waterbird_complete50 = 0, forest2water2 = 0  [n = 465]:	loss = 0.002  exp loss = 0.001  adjusted loss = 0.001  adv prob = 0.250000   acc = 1.000
  waterbird_complete50 = 0, forest2water2 = 1  [n = 466]:	loss = 0.023  exp loss = 0.020  adjusted loss = 0.020  adv prob = 0.250000   acc = 0.994
  waterbird_complete50 = 1, forest2water2 = 0  [n = 134]:	loss = 1.784  exp loss = 2.001  adjusted loss = 2.001  adv prob = 0.250000   acc = 0.701
  waterbird_complete50 = 1, forest2water2 = 1  [n = 134]:	loss = 1.404  exp loss = 1.409  adjusted loss = 1.409  adv prob = 0.250000   acc = 0.716
Current lr: 0.000010
Current validation accuracy: 0.7014925479888916


Epoch [160]:
Training:
Average incurred loss: 0.021  
Average sample loss: 0.020  
Average acc: 1.000  
  waterbird_complete50 = 0, forest2water2 = 0  [n = 57]:	loss = 0.000  exp loss = 0.000  adjusted loss = 0.000  adv prob = 0.250000   acc = 1.000
  waterbird_complete50 = 0, forest2water2 = 1  [n = 51]:	loss = 0.000  exp loss = 0.000  adjusted loss = 0.000  adv prob = 0.250000   acc = 1.000
  waterbird_complete50 = 1, forest2water2 = 0  [n = 70]:	loss = 0.056  exp loss = 0.063  adjusted loss = 0.063  adv prob = 0.250000   acc = 1.000
  waterbird_complete50 = 1, forest2water2 = 1  [n = 46]:	loss = 0.017  exp loss = 0.034  adjusted loss = 0.034  adv prob = 0.250000   acc = 1.000

Validation:
Average incurred loss: 0.371  
Average sample loss: 0.366  
Average acc: 0.930  
  waterbird_complete50 = 0, forest2water2 = 0  [n = 465]:	loss = 0.002  exp loss = 0.001  adjusted loss = 0.001  adv prob = 0.250000   acc = 1.000
  waterbird_complete50 = 0, forest2water2 = 1  [n = 466]:	loss = 0.024  exp loss = 0.021  adjusted loss = 0.021  adv prob = 0.250000   acc = 0.994
  waterbird_complete50 = 1, forest2water2 = 0  [n = 134]:	loss = 1.819  exp loss = 2.051  adjusted loss = 2.051  adv prob = 0.250000   acc = 0.687
  waterbird_complete50 = 1, forest2water2 = 1  [n = 134]:	loss = 1.414  exp loss = 1.420  adjusted loss = 1.420  adv prob = 0.250000   acc = 0.709
Current lr: 0.000010
Current validation accuracy: 0.6865671873092651


Epoch [161]:
Training:
Average incurred loss: 0.021  
Average sample loss: 0.019  
Average acc: 0.991  
  waterbird_complete50 = 0, forest2water2 = 0  [n = 69]:	loss = 0.000  exp loss = 0.000  adjusted loss = 0.000  adv prob = 0.250000   acc = 1.000
  waterbird_complete50 = 0, forest2water2 = 1  [n = 53]:	loss = 0.000  exp loss = 0.000  adjusted loss = 0.000  adv prob = 0.250000   acc = 1.000
  waterbird_complete50 = 1, forest2water2 = 0  [n = 53]:	loss = 0.061  exp loss = 0.059  adjusted loss = 0.059  adv prob = 0.250000   acc = 0.981
  waterbird_complete50 = 1, forest2water2 = 1  [n = 49]:	loss = 0.029  exp loss = 0.032  adjusted loss = 0.032  adv prob = 0.250000   acc = 0.980

Validation:
Average incurred loss: 0.362  
Average sample loss: 0.357  
Average acc: 0.932  
  waterbird_complete50 = 0, forest2water2 = 0  [n = 465]:	loss = 0.002  exp loss = 0.001  adjusted loss = 0.001  adv prob = 0.250000   acc = 1.000
  waterbird_complete50 = 0, forest2water2 = 1  [n = 466]:	loss = 0.024  exp loss = 0.021  adjusted loss = 0.021  adv prob = 0.250000   acc = 0.994
  waterbird_complete50 = 1, forest2water2 = 0  [n = 134]:	loss = 1.778  exp loss = 2.008  adjusted loss = 2.008  adv prob = 0.250000   acc = 0.694
  waterbird_complete50 = 1, forest2water2 = 1  [n = 134]:	loss = 1.368  exp loss = 1.375  adjusted loss = 1.375  adv prob = 0.250000   acc = 0.716
Current lr: 0.000010
Current validation accuracy: 0.6940298080444336


Epoch [162]:
Training:
Average incurred loss: 0.092  
Average sample loss: 0.149  
Average acc: 0.964  
  waterbird_complete50 = 0, forest2water2 = 0  [n = 62]:	loss = 0.000  exp loss = 0.000  adjusted loss = 0.000  adv prob = 0.250000   acc = 1.000
  waterbird_complete50 = 0, forest2water2 = 1  [n = 48]:	loss = 0.000  exp loss = 0.000  adjusted loss = 0.000  adv prob = 0.250000   acc = 1.000
  waterbird_complete50 = 1, forest2water2 = 0  [n = 56]:	loss = 0.319  exp loss = 0.171  adjusted loss = 0.171  adv prob = 0.250000   acc = 0.893
  waterbird_complete50 = 1, forest2water2 = 1  [n = 58]:	loss = 0.047  exp loss = 0.047  adjusted loss = 0.047  adv prob = 0.250000   acc = 0.966

Validation:
Average incurred loss: 0.396  
Average sample loss: 0.390  
Average acc: 0.923  
  waterbird_complete50 = 0, forest2water2 = 0  [n = 465]:	loss = 0.001  exp loss = 0.001  adjusted loss = 0.001  adv prob = 0.250000   acc = 1.000
  waterbird_complete50 = 0, forest2water2 = 1  [n = 466]:	loss = 0.020  exp loss = 0.017  adjusted loss = 0.017  adv prob = 0.250000   acc = 0.994
  waterbird_complete50 = 1, forest2water2 = 0  [n = 134]:	loss = 1.943  exp loss = 2.214  adjusted loss = 2.214  adv prob = 0.250000   acc = 0.657
  waterbird_complete50 = 1, forest2water2 = 1  [n = 134]:	loss = 1.526  exp loss = 1.526  adjusted loss = 1.526  adv prob = 0.250000   acc = 0.679
Current lr: 0.000010
Current validation accuracy: 0.6567164659500122


Epoch [163]:
Training:
Average incurred loss: 0.135  
Average sample loss: 0.124  
Average acc: 0.938  
  waterbird_complete50 = 0, forest2water2 = 0  [n = 41]:	loss = 0.000  exp loss = 0.000  adjusted loss = 0.000  adv prob = 0.250000   acc = 1.000
  waterbird_complete50 = 0, forest2water2 = 1  [n = 55]:	loss = 0.000  exp loss = 0.000  adjusted loss = 0.000  adv prob = 0.250000   acc = 1.000
  waterbird_complete50 = 1, forest2water2 = 0  [n = 62]:	loss = 0.350  exp loss = 0.220  adjusted loss = 0.220  adv prob = 0.250000   acc = 0.855
  waterbird_complete50 = 1, forest2water2 = 1  [n = 66]:	loss = 0.130  exp loss = 0.071  adjusted loss = 0.071  adv prob = 0.250000   acc = 0.924

Validation:
Average incurred loss: 0.436  
Average sample loss: 0.430  
Average acc: 0.918  
  waterbird_complete50 = 0, forest2water2 = 0  [n = 465]:	loss = 0.001  exp loss = 0.000  adjusted loss = 0.000  adv prob = 0.250000   acc = 1.000
  waterbird_complete50 = 0, forest2water2 = 1  [n = 466]:	loss = 0.016  exp loss = 0.014  adjusted loss = 0.014  adv prob = 0.250000   acc = 0.994
  waterbird_complete50 = 1, forest2water2 = 0  [n = 134]:	loss = 2.121  exp loss = 2.423  adjusted loss = 2.423  adv prob = 0.250000   acc = 0.634
  waterbird_complete50 = 1, forest2water2 = 1  [n = 134]:	loss = 1.724  exp loss = 1.717  adjusted loss = 1.717  adv prob = 0.250000   acc = 0.657
Current lr: 0.000010
Current validation accuracy: 0.6343283653259277


Epoch [164]:
Training:
Average incurred loss: 0.085  
Average sample loss: 0.077  
Average acc: 0.964  
  waterbird_complete50 = 0, forest2water2 = 0  [n = 54]:	loss = 0.000  exp loss = 0.000  adjusted loss = 0.000  adv prob = 0.250000   acc = 1.000
  waterbird_complete50 = 0, forest2water2 = 1  [n = 49]:	loss = 0.000  exp loss = 0.000  adjusted loss = 0.000  adv prob = 0.250000   acc = 1.000
  waterbird_complete50 = 1, forest2water2 = 0  [n = 58]:	loss = 0.279  exp loss = 0.216  adjusted loss = 0.216  adv prob = 0.250000   acc = 0.879
  waterbird_complete50 = 1, forest2water2 = 1  [n = 63]:	loss = 0.045  exp loss = 0.061  adjusted loss = 0.061  adv prob = 0.250000   acc = 0.984

Validation:
Average incurred loss: 0.454  
Average sample loss: 0.448  
Average acc: 0.917  
  waterbird_complete50 = 0, forest2water2 = 0  [n = 465]:	loss = 0.000  exp loss = 0.000  adjusted loss = 0.000  adv prob = 0.250000   acc = 1.000
  waterbird_complete50 = 0, forest2water2 = 1  [n = 466]:	loss = 0.015  exp loss = 0.013  adjusted loss = 0.013  adv prob = 0.250000   acc = 0.996
  waterbird_complete50 = 1, forest2water2 = 0  [n = 134]:	loss = 2.221  exp loss = 2.540  adjusted loss = 2.540  adv prob = 0.250000   acc = 0.627
  waterbird_complete50 = 1, forest2water2 = 1  [n = 134]:	loss = 1.791  exp loss = 1.780  adjusted loss = 1.780  adv prob = 0.250000   acc = 0.649
Current lr: 0.000010
Current validation accuracy: 0.6268656253814697


Epoch [165]:
Training:
Average incurred loss: 0.014  
Average sample loss: 0.015  
Average acc: 1.000  
  waterbird_complete50 = 0, forest2water2 = 0  [n = 57]:	loss = 0.000  exp loss = 0.000  adjusted loss = 0.000  adv prob = 0.250000   acc = 1.000
  waterbird_complete50 = 0, forest2water2 = 1  [n = 54]:	loss = 0.000  exp loss = 0.000  adjusted loss = 0.000  adv prob = 0.250000   acc = 1.000
  waterbird_complete50 = 1, forest2water2 = 0  [n = 64]:	loss = 0.041  exp loss = 0.156  adjusted loss = 0.156  adv prob = 0.250000   acc = 1.000
  waterbird_complete50 = 1, forest2water2 = 1  [n = 49]:	loss = 0.009  exp loss = 0.044  adjusted loss = 0.044  adv prob = 0.250000   acc = 1.000

Validation:
Average incurred loss: 0.439  
Average sample loss: 0.433  
Average acc: 0.917  
  waterbird_complete50 = 0, forest2water2 = 0  [n = 465]:	loss = 0.001  exp loss = 0.000  adjusted loss = 0.000  adv prob = 0.250000   acc = 1.000
  waterbird_complete50 = 0, forest2water2 = 1  [n = 466]:	loss = 0.018  exp loss = 0.015  adjusted loss = 0.015  adv prob = 0.250000   acc = 0.994
  waterbird_complete50 = 1, forest2water2 = 0  [n = 134]:	loss = 2.161  exp loss = 2.470  adjusted loss = 2.470  adv prob = 0.250000   acc = 0.627
  waterbird_complete50 = 1, forest2water2 = 1  [n = 134]:	loss = 1.701  exp loss = 1.701  adjusted loss = 1.701  adv prob = 0.250000   acc = 0.657
Current lr: 0.000010
Current validation accuracy: 0.6268656253814697


Epoch [166]:
Training:
Average incurred loss: 0.066  
Average sample loss: 0.106  
Average acc: 0.964  
  waterbird_complete50 = 0, forest2water2 = 0  [n = 50]:	loss = 0.000  exp loss = 0.000  adjusted loss = 0.000  adv prob = 0.250000   acc = 1.000
  waterbird_complete50 = 0, forest2water2 = 1  [n = 55]:	loss = 0.000  exp loss = 0.000  adjusted loss = 0.000  adv prob = 0.250000   acc = 1.000
  waterbird_complete50 = 1, forest2water2 = 0  [n = 53]:	loss = 0.209  exp loss = 0.218  adjusted loss = 0.218  adv prob = 0.250000   acc = 0.868
  waterbird_complete50 = 1, forest2water2 = 1  [n = 66]:	loss = 0.056  exp loss = 0.053  adjusted loss = 0.053  adv prob = 0.250000   acc = 0.985

Validation:
Average incurred loss: 0.450  
Average sample loss: 0.444  
Average acc: 0.917  
  waterbird_complete50 = 0, forest2water2 = 0  [n = 465]:	loss = 0.001  exp loss = 0.000  adjusted loss = 0.000  adv prob = 0.250000   acc = 1.000
  waterbird_complete50 = 0, forest2water2 = 1  [n = 466]:	loss = 0.015  exp loss = 0.013  adjusted loss = 0.013  adv prob = 0.250000   acc = 0.994
  waterbird_complete50 = 1, forest2water2 = 0  [n = 134]:	loss = 2.208  exp loss = 2.520  adjusted loss = 2.520  adv prob = 0.250000   acc = 0.634
  waterbird_complete50 = 1, forest2water2 = 1  [n = 134]:	loss = 1.766  exp loss = 1.765  adjusted loss = 1.765  adv prob = 0.250000   acc = 0.649
Current lr: 0.000010
Current validation accuracy: 0.6343283653259277


Epoch [167]:
Training:
Average incurred loss: 0.041  
Average sample loss: 0.052  
Average acc: 0.982  
  waterbird_complete50 = 0, forest2water2 = 0  [n = 61]:	loss = 0.000  exp loss = 0.000  adjusted loss = 0.000  adv prob = 0.250000   acc = 1.000
  waterbird_complete50 = 0, forest2water2 = 1  [n = 48]:	loss = 0.000  exp loss = 0.000  adjusted loss = 0.000  adv prob = 0.250000   acc = 1.000
  waterbird_complete50 = 1, forest2water2 = 0  [n = 57]:	loss = 0.089  exp loss = 0.181  adjusted loss = 0.181  adv prob = 0.250000   acc = 0.982
  waterbird_complete50 = 1, forest2water2 = 1  [n = 58]:	loss = 0.069  exp loss = 0.062  adjusted loss = 0.062  adv prob = 0.250000   acc = 0.948

Validation:
Average incurred loss: 0.453  
Average sample loss: 0.447  
Average acc: 0.917  
  waterbird_complete50 = 0, forest2water2 = 0  [n = 465]:	loss = 0.001  exp loss = 0.000  adjusted loss = 0.000  adv prob = 0.250000   acc = 1.000
  waterbird_complete50 = 0, forest2water2 = 1  [n = 466]:	loss = 0.015  exp loss = 0.013  adjusted loss = 0.013  adv prob = 0.250000   acc = 0.996
  waterbird_complete50 = 1, forest2water2 = 0  [n = 134]:	loss = 2.216  exp loss = 2.523  adjusted loss = 2.523  adv prob = 0.250000   acc = 0.634
  waterbird_complete50 = 1, forest2water2 = 1  [n = 134]:	loss = 1.784  exp loss = 1.773  adjusted loss = 1.773  adv prob = 0.250000   acc = 0.642
Current lr: 0.000010
Current validation accuracy: 0.6343283653259277


Epoch [168]:
Training:
Average incurred loss: 0.005  
Average sample loss: 0.004  
Average acc: 1.000  
  waterbird_complete50 = 0, forest2water2 = 0  [n = 66]:	loss = 0.000  exp loss = 0.000  adjusted loss = 0.000  adv prob = 0.250000   acc = 1.000
  waterbird_complete50 = 0, forest2water2 = 1  [n = 57]:	loss = 0.000  exp loss = 0.000  adjusted loss = 0.000  adv prob = 0.250000   acc = 1.000
  waterbird_complete50 = 1, forest2water2 = 0  [n = 58]:	loss = 0.014  exp loss = 0.124  adjusted loss = 0.124  adv prob = 0.250000   acc = 1.000
  waterbird_complete50 = 1, forest2water2 = 1  [n = 43]:	loss = 0.006  exp loss = 0.042  adjusted loss = 0.042  adv prob = 0.250000   acc = 1.000

Validation:
Average incurred loss: 0.382  
Average sample loss: 0.377  
Average acc: 0.928  
  waterbird_complete50 = 0, forest2water2 = 0  [n = 465]:	loss = 0.001  exp loss = 0.001  adjusted loss = 0.001  adv prob = 0.250000   acc = 1.000
  waterbird_complete50 = 0, forest2water2 = 1  [n = 466]:	loss = 0.023  exp loss = 0.020  adjusted loss = 0.020  adv prob = 0.250000   acc = 0.994
  waterbird_complete50 = 1, forest2water2 = 0  [n = 134]:	loss = 1.900  exp loss = 2.143  adjusted loss = 2.143  adv prob = 0.250000   acc = 0.687
  waterbird_complete50 = 1, forest2water2 = 1  [n = 134]:	loss = 1.436  exp loss = 1.439  adjusted loss = 1.439  adv prob = 0.250000   acc = 0.694
Current lr: 0.000010
Current validation accuracy: 0.6865670680999756


Epoch [169]:
Training:
Average incurred loss: 0.028  
Average sample loss: 0.026  
Average acc: 0.996  
  waterbird_complete50 = 0, forest2water2 = 0  [n = 59]:	loss = 0.000  exp loss = 0.000  adjusted loss = 0.000  adv prob = 0.250000   acc = 1.000
  waterbird_complete50 = 0, forest2water2 = 1  [n = 48]:	loss = 0.000  exp loss = 0.000  adjusted loss = 0.000  adv prob = 0.250000   acc = 1.000
  waterbird_complete50 = 1, forest2water2 = 0  [n = 49]:	loss = 0.086  exp loss = 0.109  adjusted loss = 0.109  adv prob = 0.250000   acc = 1.000
  waterbird_complete50 = 1, forest2water2 = 1  [n = 68]:	loss = 0.029  exp loss = 0.035  adjusted loss = 0.035  adv prob = 0.250000   acc = 0.985

Validation:
Average incurred loss: 0.402  
Average sample loss: 0.396  
Average acc: 0.922  
  waterbird_complete50 = 0, forest2water2 = 0  [n = 465]:	loss = 0.001  exp loss = 0.000  adjusted loss = 0.000  adv prob = 0.250000   acc = 1.000
  waterbird_complete50 = 0, forest2water2 = 1  [n = 466]:	loss = 0.019  exp loss = 0.017  adjusted loss = 0.017  adv prob = 0.250000   acc = 0.994
  waterbird_complete50 = 1, forest2water2 = 0  [n = 134]:	loss = 1.979  exp loss = 2.231  adjusted loss = 2.231  adv prob = 0.250000   acc = 0.657
  waterbird_complete50 = 1, forest2water2 = 1  [n = 134]:	loss = 1.547  exp loss = 1.544  adjusted loss = 1.544  adv prob = 0.250000   acc = 0.672
Current lr: 0.000010
Current validation accuracy: 0.6567164659500122


Epoch [170]:
Training:
Average incurred loss: 0.016  
Average sample loss: 0.027  
Average acc: 0.991  
  waterbird_complete50 = 0, forest2water2 = 0  [n = 59]:	loss = 0.000  exp loss = 0.000  adjusted loss = 0.000  adv prob = 0.250000   acc = 1.000
  waterbird_complete50 = 0, forest2water2 = 1  [n = 61]:	loss = 0.000  exp loss = 0.000  adjusted loss = 0.000  adv prob = 0.250000   acc = 1.000
  waterbird_complete50 = 1, forest2water2 = 0  [n = 50]:	loss = 0.060  exp loss = 0.104  adjusted loss = 0.104  adv prob = 0.250000   acc = 0.960
  waterbird_complete50 = 1, forest2water2 = 1  [n = 54]:	loss = 0.011  exp loss = 0.029  adjusted loss = 0.029  adv prob = 0.250000   acc = 1.000

Validation:
Average incurred loss: 0.387  
Average sample loss: 0.382  
Average acc: 0.926  
  waterbird_complete50 = 0, forest2water2 = 0  [n = 465]:	loss = 0.001  exp loss = 0.000  adjusted loss = 0.000  adv prob = 0.250000   acc = 1.000
  waterbird_complete50 = 0, forest2water2 = 1  [n = 466]:	loss = 0.021  exp loss = 0.018  adjusted loss = 0.018  adv prob = 0.250000   acc = 0.994
  waterbird_complete50 = 1, forest2water2 = 0  [n = 134]:	loss = 1.903  exp loss = 2.148  adjusted loss = 2.148  adv prob = 0.250000   acc = 0.664
  waterbird_complete50 = 1, forest2water2 = 1  [n = 134]:	loss = 1.486  exp loss = 1.492  adjusted loss = 1.492  adv prob = 0.250000   acc = 0.694
Current lr: 0.000010
Current validation accuracy: 0.6641790866851807


Epoch [171]:
Training:
Average incurred loss: 0.040  
Average sample loss: 0.041  
Average acc: 0.991  
  waterbird_complete50 = 0, forest2water2 = 0  [n = 45]:	loss = 0.000  exp loss = 0.000  adjusted loss = 0.000  adv prob = 0.250000   acc = 1.000
  waterbird_complete50 = 0, forest2water2 = 1  [n = 57]:	loss = 0.000  exp loss = 0.000  adjusted loss = 0.000  adv prob = 0.250000   acc = 1.000
  waterbird_complete50 = 1, forest2water2 = 0  [n = 58]:	loss = 0.075  exp loss = 0.095  adjusted loss = 0.095  adv prob = 0.250000   acc = 0.983
  waterbird_complete50 = 1, forest2water2 = 1  [n = 64]:	loss = 0.073  exp loss = 0.044  adjusted loss = 0.044  adv prob = 0.250000   acc = 0.984

Validation:
Average incurred loss: 0.418  
Average sample loss: 0.412  
Average acc: 0.921  
  waterbird_complete50 = 0, forest2water2 = 0  [n = 465]:	loss = 0.001  exp loss = 0.000  adjusted loss = 0.000  adv prob = 0.250000   acc = 1.000
  waterbird_complete50 = 0, forest2water2 = 1  [n = 466]:	loss = 0.018  exp loss = 0.016  adjusted loss = 0.016  adv prob = 0.250000   acc = 0.994
  waterbird_complete50 = 1, forest2water2 = 0  [n = 134]:	loss = 2.026  exp loss = 2.305  adjusted loss = 2.305  adv prob = 0.250000   acc = 0.657
  waterbird_complete50 = 1, forest2water2 = 1  [n = 134]:	loss = 1.648  exp loss = 1.645  adjusted loss = 1.645  adv prob = 0.250000   acc = 0.657
Current lr: 0.000010
Current validation accuracy: 0.6567164659500122


Epoch [172]:
Training:
Average incurred loss: 0.016  
Average sample loss: 0.016  
Average acc: 1.000  
  waterbird_complete50 = 0, forest2water2 = 0  [n = 50]:	loss = 0.000  exp loss = 0.000  adjusted loss = 0.000  adv prob = 0.250000   acc = 1.000
  waterbird_complete50 = 0, forest2water2 = 1  [n = 62]:	loss = 0.000  exp loss = 0.000  adjusted loss = 0.000  adv prob = 0.250000   acc = 1.000
  waterbird_complete50 = 1, forest2water2 = 0  [n = 58]:	loss = 0.049  exp loss = 0.079  adjusted loss = 0.079  adv prob = 0.250000   acc = 1.000
  waterbird_complete50 = 1, forest2water2 = 1  [n = 54]:	loss = 0.012  exp loss = 0.033  adjusted loss = 0.033  adv prob = 0.250000   acc = 1.000

Validation:
Average incurred loss: 0.424  
Average sample loss: 0.418  
Average acc: 0.918  
  waterbird_complete50 = 0, forest2water2 = 0  [n = 465]:	loss = 0.001  exp loss = 0.000  adjusted loss = 0.000  adv prob = 0.250000   acc = 1.000
  waterbird_complete50 = 0, forest2water2 = 1  [n = 466]:	loss = 0.017  exp loss = 0.015  adjusted loss = 0.015  adv prob = 0.250000   acc = 0.994
  waterbird_complete50 = 1, forest2water2 = 0  [n = 134]:	loss = 2.057  exp loss = 2.343  adjusted loss = 2.343  adv prob = 0.250000   acc = 0.642
  waterbird_complete50 = 1, forest2water2 = 1  [n = 134]:	loss = 1.680  exp loss = 1.674  adjusted loss = 1.674  adv prob = 0.250000   acc = 0.649
Current lr: 0.000010
Current validation accuracy: 0.6417909860610962


Epoch [173]:
Training:
Average incurred loss: 0.021  
Average sample loss: 0.018  
Average acc: 0.991  
  waterbird_complete50 = 0, forest2water2 = 0  [n = 47]:	loss = 0.000  exp loss = 0.000  adjusted loss = 0.000  adv prob = 0.250000   acc = 1.000
  waterbird_complete50 = 0, forest2water2 = 1  [n = 67]:	loss = 0.000  exp loss = 0.000  adjusted loss = 0.000  adv prob = 0.250000   acc = 1.000
  waterbird_complete50 = 1, forest2water2 = 0  [n = 60]:	loss = 0.059  exp loss = 0.066  adjusted loss = 0.066  adv prob = 0.250000   acc = 0.967
  waterbird_complete50 = 1, forest2water2 = 1  [n = 50]:	loss = 0.022  exp loss = 0.028  adjusted loss = 0.028  adv prob = 0.250000   acc = 1.000

Validation:
Average incurred loss: 0.379  
Average sample loss: 0.374  
Average acc: 0.926  
  waterbird_complete50 = 0, forest2water2 = 0  [n = 465]:	loss = 0.001  exp loss = 0.001  adjusted loss = 0.001  adv prob = 0.250000   acc = 1.000
  waterbird_complete50 = 0, forest2water2 = 1  [n = 466]:	loss = 0.023  exp loss = 0.020  adjusted loss = 0.020  adv prob = 0.250000   acc = 0.994
  waterbird_complete50 = 1, forest2water2 = 0  [n = 134]:	loss = 1.859  exp loss = 2.120  adjusted loss = 2.120  adv prob = 0.250000   acc = 0.672
  waterbird_complete50 = 1, forest2water2 = 1  [n = 134]:	loss = 1.452  exp loss = 1.459  adjusted loss = 1.459  adv prob = 0.250000   acc = 0.687
Current lr: 0.000010
Current validation accuracy: 0.6716418266296387


Epoch [174]:
Training:
Average incurred loss: 0.017  
Average sample loss: 0.026  
Average acc: 0.996  
  waterbird_complete50 = 0, forest2water2 = 0  [n = 62]:	loss = 0.000  exp loss = 0.000  adjusted loss = 0.000  adv prob = 0.250000   acc = 1.000
  waterbird_complete50 = 0, forest2water2 = 1  [n = 52]:	loss = 0.000  exp loss = 0.000  adjusted loss = 0.000  adv prob = 0.250000   acc = 1.000
  waterbird_complete50 = 1, forest2water2 = 0  [n = 63]:	loss = 0.055  exp loss = 0.069  adjusted loss = 0.069  adv prob = 0.250000   acc = 0.984
  waterbird_complete50 = 1, forest2water2 = 1  [n = 47]:	loss = 0.006  exp loss = 0.020  adjusted loss = 0.020  adv prob = 0.250000   acc = 1.000

Validation:
Average incurred loss: 0.378  
Average sample loss: 0.372  
Average acc: 0.927  
  waterbird_complete50 = 0, forest2water2 = 0  [n = 465]:	loss = 0.001  exp loss = 0.001  adjusted loss = 0.001  adv prob = 0.250000   acc = 1.000
  waterbird_complete50 = 0, forest2water2 = 1  [n = 466]:	loss = 0.024  exp loss = 0.021  adjusted loss = 0.021  adv prob = 0.250000   acc = 0.994
  waterbird_complete50 = 1, forest2water2 = 0  [n = 134]:	loss = 1.848  exp loss = 2.088  adjusted loss = 2.088  adv prob = 0.250000   acc = 0.664
  waterbird_complete50 = 1, forest2water2 = 1  [n = 134]:	loss = 1.446  exp loss = 1.453  adjusted loss = 1.453  adv prob = 0.250000   acc = 0.701
Current lr: 0.000010
Current validation accuracy: 0.6641790866851807


Epoch [175]:
Training:
Average incurred loss: 0.031  
Average sample loss: 0.028  
Average acc: 0.987  
  waterbird_complete50 = 0, forest2water2 = 0  [n = 61]:	loss = 0.000  exp loss = 0.000  adjusted loss = 0.000  adv prob = 0.250000   acc = 1.000
  waterbird_complete50 = 0, forest2water2 = 1  [n = 53]:	loss = 0.000  exp loss = 0.000  adjusted loss = 0.000  adv prob = 0.250000   acc = 1.000
  waterbird_complete50 = 1, forest2water2 = 0  [n = 47]:	loss = 0.050  exp loss = 0.058  adjusted loss = 0.058  adv prob = 0.250000   acc = 0.979
  waterbird_complete50 = 1, forest2water2 = 1  [n = 63]:	loss = 0.072  exp loss = 0.032  adjusted loss = 0.032  adv prob = 0.250000   acc = 0.968

Validation:
Average incurred loss: 0.381  
Average sample loss: 0.375  
Average acc: 0.927  
  waterbird_complete50 = 0, forest2water2 = 0  [n = 465]:	loss = 0.001  exp loss = 0.001  adjusted loss = 0.001  adv prob = 0.250000   acc = 1.000
  waterbird_complete50 = 0, forest2water2 = 1  [n = 466]:	loss = 0.022  exp loss = 0.020  adjusted loss = 0.020  adv prob = 0.250000   acc = 0.994
  waterbird_complete50 = 1, forest2water2 = 0  [n = 134]:	loss = 1.856  exp loss = 2.092  adjusted loss = 2.092  adv prob = 0.250000   acc = 0.679
  waterbird_complete50 = 1, forest2water2 = 1  [n = 134]:	loss = 1.468  exp loss = 1.469  adjusted loss = 1.469  adv prob = 0.250000   acc = 0.694
Current lr: 0.000010
Current validation accuracy: 0.6791044473648071


Epoch [176]:
Training:
Average incurred loss: 0.002  
Average sample loss: 0.002  
Average acc: 1.000  
  waterbird_complete50 = 0, forest2water2 = 0  [n = 59]:	loss = 0.000  exp loss = 0.000  adjusted loss = 0.000  adv prob = 0.250000   acc = 1.000
  waterbird_complete50 = 0, forest2water2 = 1  [n = 66]:	loss = 0.000  exp loss = 0.000  adjusted loss = 0.000  adv prob = 0.250000   acc = 1.000
  waterbird_complete50 = 1, forest2water2 = 0  [n = 39]:	loss = 0.005  exp loss = 0.040  adjusted loss = 0.040  adv prob = 0.250000   acc = 1.000
  waterbird_complete50 = 1, forest2water2 = 1  [n = 60]:	loss = 0.004  exp loss = 0.023  adjusted loss = 0.023  adv prob = 0.250000   acc = 1.000

Validation:
Average incurred loss: 0.352  
Average sample loss: 0.347  
Average acc: 0.933  
  waterbird_complete50 = 0, forest2water2 = 0  [n = 465]:	loss = 0.002  exp loss = 0.001  adjusted loss = 0.001  adv prob = 0.250000   acc = 0.998
  waterbird_complete50 = 0, forest2water2 = 1  [n = 466]:	loss = 0.026  exp loss = 0.023  adjusted loss = 0.023  adv prob = 0.250000   acc = 0.994
  waterbird_complete50 = 1, forest2water2 = 0  [n = 134]:	loss = 1.716  exp loss = 1.926  adjusted loss = 1.926  adv prob = 0.250000   acc = 0.701
  waterbird_complete50 = 1, forest2water2 = 1  [n = 134]:	loss = 1.338  exp loss = 1.346  adjusted loss = 1.346  adv prob = 0.250000   acc = 0.731
Current lr: 0.000010
Current validation accuracy: 0.7014925479888916


Epoch [177]:
Training:
Average incurred loss: 0.002  
Average sample loss: 0.002  
Average acc: 1.000  
  waterbird_complete50 = 0, forest2water2 = 0  [n = 63]:	loss = 0.000  exp loss = 0.000  adjusted loss = 0.000  adv prob = 0.250000   acc = 1.000
  waterbird_complete50 = 0, forest2water2 = 1  [n = 60]:	loss = 0.000  exp loss = 0.000  adjusted loss = 0.000  adv prob = 0.250000   acc = 1.000
  waterbird_complete50 = 1, forest2water2 = 0  [n = 49]:	loss = 0.005  exp loss = 0.027  adjusted loss = 0.027  adv prob = 0.250000   acc = 1.000
  waterbird_complete50 = 1, forest2water2 = 1  [n = 52]:	loss = 0.003  exp loss = 0.016  adjusted loss = 0.016  adv prob = 0.250000   acc = 1.000

Validation:
Average incurred loss: 0.330  
Average sample loss: 0.325  
Average acc: 0.937  
  waterbird_complete50 = 0, forest2water2 = 0  [n = 465]:	loss = 0.003  exp loss = 0.002  adjusted loss = 0.002  adv prob = 0.250000   acc = 0.998
  waterbird_complete50 = 0, forest2water2 = 1  [n = 466]:	loss = 0.030  exp loss = 0.026  adjusted loss = 0.026  adv prob = 0.250000   acc = 0.994
  waterbird_complete50 = 1, forest2water2 = 0  [n = 134]:	loss = 1.598  exp loss = 1.798  adjusted loss = 1.798  adv prob = 0.250000   acc = 0.709
  waterbird_complete50 = 1, forest2water2 = 1  [n = 134]:	loss = 1.238  exp loss = 1.250  adjusted loss = 1.250  adv prob = 0.250000   acc = 0.754
Current lr: 0.000010
Current validation accuracy: 0.7089552879333496


Epoch [178]:
Training:
Average incurred loss: 0.014  
Average sample loss: 0.012  
Average acc: 1.000  
  waterbird_complete50 = 0, forest2water2 = 0  [n = 53]:	loss = 0.000  exp loss = 0.000  adjusted loss = 0.000  adv prob = 0.250000   acc = 1.000
  waterbird_complete50 = 0, forest2water2 = 1  [n = 55]:	loss = 0.000  exp loss = 0.000  adjusted loss = 0.000  adv prob = 0.250000   acc = 1.000
  waterbird_complete50 = 1, forest2water2 = 0  [n = 59]:	loss = 0.035  exp loss = 0.029  adjusted loss = 0.029  adv prob = 0.250000   acc = 1.000
  waterbird_complete50 = 1, forest2water2 = 1  [n = 57]:	loss = 0.017  exp loss = 0.016  adjusted loss = 0.016  adv prob = 0.250000   acc = 1.000

Validation:
Average incurred loss: 0.347  
Average sample loss: 0.342  
Average acc: 0.933  
  waterbird_complete50 = 0, forest2water2 = 0  [n = 465]:	loss = 0.003  exp loss = 0.001  adjusted loss = 0.001  adv prob = 0.250000   acc = 0.998
  waterbird_complete50 = 0, forest2water2 = 1  [n = 466]:	loss = 0.026  exp loss = 0.023  adjusted loss = 0.023  adv prob = 0.250000   acc = 0.994
  waterbird_complete50 = 1, forest2water2 = 0  [n = 134]:	loss = 1.690  exp loss = 1.885  adjusted loss = 1.885  adv prob = 0.250000   acc = 0.701
  waterbird_complete50 = 1, forest2water2 = 1  [n = 134]:	loss = 1.317  exp loss = 1.325  adjusted loss = 1.325  adv prob = 0.250000   acc = 0.731
Current lr: 0.000010
Current validation accuracy: 0.7014925479888916


Epoch [179]:
Training:
Average incurred loss: 0.010  
Average sample loss: 0.009  
Average acc: 1.000  
  waterbird_complete50 = 0, forest2water2 = 0  [n = 61]:	loss = 0.000  exp loss = 0.000  adjusted loss = 0.000  adv prob = 0.250000   acc = 1.000
  waterbird_complete50 = 0, forest2water2 = 1  [n = 58]:	loss = 0.000  exp loss = 0.000  adjusted loss = 0.000  adv prob = 0.250000   acc = 1.000
  waterbird_complete50 = 1, forest2water2 = 0  [n = 59]:	loss = 0.028  exp loss = 0.027  adjusted loss = 0.027  adv prob = 0.250000   acc = 1.000
  waterbird_complete50 = 1, forest2water2 = 1  [n = 46]:	loss = 0.011  exp loss = 0.013  adjusted loss = 0.013  adv prob = 0.250000   acc = 1.000

Validation:
Average incurred loss: 0.322  
Average sample loss: 0.318  
Average acc: 0.937  
  waterbird_complete50 = 0, forest2water2 = 0  [n = 465]:	loss = 0.003  exp loss = 0.002  adjusted loss = 0.002  adv prob = 0.250000   acc = 0.998
  waterbird_complete50 = 0, forest2water2 = 1  [n = 466]:	loss = 0.031  exp loss = 0.027  adjusted loss = 0.027  adv prob = 0.250000   acc = 0.994
  waterbird_complete50 = 1, forest2water2 = 0  [n = 134]:	loss = 1.586  exp loss = 1.768  adjusted loss = 1.768  adv prob = 0.250000   acc = 0.701
  waterbird_complete50 = 1, forest2water2 = 1  [n = 134]:	loss = 1.179  exp loss = 1.194  adjusted loss = 1.194  adv prob = 0.250000   acc = 0.761
Current lr: 0.000010
Current validation accuracy: 0.7014925479888916


Epoch [180]:
Training:
Average incurred loss: 0.006  
Average sample loss: 0.006  
Average acc: 1.000  
  waterbird_complete50 = 0, forest2water2 = 0  [n = 64]:	loss = 0.000  exp loss = 0.000  adjusted loss = 0.000  adv prob = 0.250000   acc = 1.000
  waterbird_complete50 = 0, forest2water2 = 1  [n = 53]:	loss = 0.000  exp loss = 0.000  adjusted loss = 0.000  adv prob = 0.250000   acc = 1.000
  waterbird_complete50 = 1, forest2water2 = 0  [n = 49]:	loss = 0.023  exp loss = 0.027  adjusted loss = 0.027  adv prob = 0.250000   acc = 1.000
  waterbird_complete50 = 1, forest2water2 = 1  [n = 58]:	loss = 0.004  exp loss = 0.010  adjusted loss = 0.010  adv prob = 0.250000   acc = 1.000

Validation:
Average incurred loss: 0.337  
Average sample loss: 0.332  
Average acc: 0.934  
  waterbird_complete50 = 0, forest2water2 = 0  [n = 465]:	loss = 0.003  exp loss = 0.001  adjusted loss = 0.001  adv prob = 0.250000   acc = 0.998
  waterbird_complete50 = 0, forest2water2 = 1  [n = 466]:	loss = 0.027  exp loss = 0.024  adjusted loss = 0.024  adv prob = 0.250000   acc = 0.994
  waterbird_complete50 = 1, forest2water2 = 0  [n = 134]:	loss = 1.658  exp loss = 1.866  adjusted loss = 1.866  adv prob = 0.250000   acc = 0.701
  waterbird_complete50 = 1, forest2water2 = 1  [n = 134]:	loss = 1.256  exp loss = 1.264  adjusted loss = 1.264  adv prob = 0.250000   acc = 0.739
Current lr: 0.000010
Current validation accuracy: 0.7014925479888916


Epoch [181]:
Training:
Average incurred loss: 0.049  
Average sample loss: 0.053  
Average acc: 0.982  
  waterbird_complete50 = 0, forest2water2 = 0  [n = 45]:	loss = 0.000  exp loss = 0.000  adjusted loss = 0.000  adv prob = 0.250000   acc = 1.000
  waterbird_complete50 = 0, forest2water2 = 1  [n = 55]:	loss = 0.000  exp loss = 0.000  adjusted loss = 0.000  adv prob = 0.250000   acc = 1.000
  waterbird_complete50 = 1, forest2water2 = 0  [n = 61]:	loss = 0.111  exp loss = 0.059  adjusted loss = 0.059  adv prob = 0.250000   acc = 0.967
  waterbird_complete50 = 1, forest2water2 = 1  [n = 63]:	loss = 0.067  exp loss = 0.029  adjusted loss = 0.029  adv prob = 0.250000   acc = 0.968

Validation:
Average incurred loss: 0.388  
Average sample loss: 0.383  
Average acc: 0.924  
  waterbird_complete50 = 0, forest2water2 = 0  [n = 465]:	loss = 0.001  exp loss = 0.001  adjusted loss = 0.001  adv prob = 0.250000   acc = 1.000
  waterbird_complete50 = 0, forest2water2 = 1  [n = 466]:	loss = 0.020  exp loss = 0.018  adjusted loss = 0.018  adv prob = 0.250000   acc = 0.994
  waterbird_complete50 = 1, forest2water2 = 0  [n = 134]:	loss = 1.901  exp loss = 2.163  adjusted loss = 2.163  adv prob = 0.250000   acc = 0.657
  waterbird_complete50 = 1, forest2water2 = 1  [n = 134]:	loss = 1.501  exp loss = 1.500  adjusted loss = 1.500  adv prob = 0.250000   acc = 0.687
Current lr: 0.000010
Current validation accuracy: 0.6567164659500122


Epoch [182]:
Training:
Average incurred loss: 0.011  
Average sample loss: 0.017  
Average acc: 0.996  
  waterbird_complete50 = 0, forest2water2 = 0  [n = 58]:	loss = 0.000  exp loss = 0.000  adjusted loss = 0.000  adv prob = 0.250000   acc = 1.000
  waterbird_complete50 = 0, forest2water2 = 1  [n = 59]:	loss = 0.000  exp loss = 0.000  adjusted loss = 0.000  adv prob = 0.250000   acc = 1.000
  waterbird_complete50 = 1, forest2water2 = 0  [n = 62]:	loss = 0.037  exp loss = 0.056  adjusted loss = 0.056  adv prob = 0.250000   acc = 0.984
  waterbird_complete50 = 1, forest2water2 = 1  [n = 45]:	loss = 0.005  exp loss = 0.021  adjusted loss = 0.021  adv prob = 0.250000   acc = 1.000

Validation:
Average incurred loss: 0.383  
Average sample loss: 0.378  
Average acc: 0.927  
  waterbird_complete50 = 0, forest2water2 = 0  [n = 465]:	loss = 0.001  exp loss = 0.001  adjusted loss = 0.001  adv prob = 0.250000   acc = 1.000
  waterbird_complete50 = 0, forest2water2 = 1  [n = 466]:	loss = 0.022  exp loss = 0.020  adjusted loss = 0.020  adv prob = 0.250000   acc = 0.994
  waterbird_complete50 = 1, forest2water2 = 0  [n = 134]:	loss = 1.884  exp loss = 2.127  adjusted loss = 2.127  adv prob = 0.250000   acc = 0.657
  waterbird_complete50 = 1, forest2water2 = 1  [n = 134]:	loss = 1.464  exp loss = 1.459  adjusted loss = 1.459  adv prob = 0.250000   acc = 0.709
Current lr: 0.000010
Current validation accuracy: 0.6567164659500122


Epoch [183]:
Training:
Average incurred loss: 0.033  
Average sample loss: 0.034  
Average acc: 0.987  
  waterbird_complete50 = 0, forest2water2 = 0  [n = 50]:	loss = 0.000  exp loss = 0.000  adjusted loss = 0.000  adv prob = 0.250000   acc = 1.000
  waterbird_complete50 = 0, forest2water2 = 1  [n = 55]:	loss = 0.000  exp loss = 0.000  adjusted loss = 0.000  adv prob = 0.250000   acc = 1.000
  waterbird_complete50 = 1, forest2water2 = 0  [n = 58]:	loss = 0.099  exp loss = 0.069  adjusted loss = 0.069  adv prob = 0.250000   acc = 0.948
  waterbird_complete50 = 1, forest2water2 = 1  [n = 61]:	loss = 0.028  exp loss = 0.023  adjusted loss = 0.023  adv prob = 0.250000   acc = 1.000

Validation:
Average incurred loss: 0.401  
Average sample loss: 0.395  
Average acc: 0.922  
  waterbird_complete50 = 0, forest2water2 = 0  [n = 465]:	loss = 0.001  exp loss = 0.001  adjusted loss = 0.001  adv prob = 0.250000   acc = 1.000
  waterbird_complete50 = 0, forest2water2 = 1  [n = 466]:	loss = 0.019  exp loss = 0.017  adjusted loss = 0.017  adv prob = 0.250000   acc = 0.994
  waterbird_complete50 = 1, forest2water2 = 0  [n = 134]:	loss = 1.965  exp loss = 2.238  adjusted loss = 2.238  adv prob = 0.250000   acc = 0.657
  waterbird_complete50 = 1, forest2water2 = 1  [n = 134]:	loss = 1.551  exp loss = 1.547  adjusted loss = 1.547  adv prob = 0.250000   acc = 0.672
Current lr: 0.000010
Current validation accuracy: 0.6567164659500122


Epoch [184]:
Training:
Average incurred loss: 0.061  
Average sample loss: 0.083  
Average acc: 0.978  
  waterbird_complete50 = 0, forest2water2 = 0  [n = 49]:	loss = 0.000  exp loss = 0.000  adjusted loss = 0.000  adv prob = 0.250000   acc = 1.000
  waterbird_complete50 = 0, forest2water2 = 1  [n = 59]:	loss = 0.000  exp loss = 0.000  adjusted loss = 0.000  adv prob = 0.250000   acc = 1.000
  waterbird_complete50 = 1, forest2water2 = 0  [n = 64]:	loss = 0.184  exp loss = 0.120  adjusted loss = 0.120  adv prob = 0.250000   acc = 0.922
  waterbird_complete50 = 1, forest2water2 = 1  [n = 52]:	loss = 0.037  exp loss = 0.027  adjusted loss = 0.027  adv prob = 0.250000   acc = 1.000

Validation:
Average incurred loss: 0.406  
Average sample loss: 0.401  
Average acc: 0.923  
  waterbird_complete50 = 0, forest2water2 = 0  [n = 465]:	loss = 0.001  exp loss = 0.000  adjusted loss = 0.000  adv prob = 0.250000   acc = 1.000
  waterbird_complete50 = 0, forest2water2 = 1  [n = 466]:	loss = 0.019  exp loss = 0.017  adjusted loss = 0.017  adv prob = 0.250000   acc = 0.994
  waterbird_complete50 = 1, forest2water2 = 0  [n = 134]:	loss = 1.998  exp loss = 2.266  adjusted loss = 2.266  adv prob = 0.250000   acc = 0.657
  waterbird_complete50 = 1, forest2water2 = 1  [n = 134]:	loss = 1.568  exp loss = 1.565  adjusted loss = 1.565  adv prob = 0.250000   acc = 0.679
Current lr: 0.000010
Current validation accuracy: 0.6567164659500122


Epoch [185]:
Training:
Average incurred loss: 0.072  
Average sample loss: 0.065  
Average acc: 0.978  
  waterbird_complete50 = 0, forest2water2 = 0  [n = 41]:	loss = 0.000  exp loss = 0.000  adjusted loss = 0.000  adv prob = 0.250000   acc = 1.000
  waterbird_complete50 = 0, forest2water2 = 1  [n = 66]:	loss = 0.000  exp loss = 0.000  adjusted loss = 0.000  adv prob = 0.250000   acc = 1.000
  waterbird_complete50 = 1, forest2water2 = 0  [n = 49]:	loss = 0.251  exp loss = 0.144  adjusted loss = 0.144  adv prob = 0.250000   acc = 0.918
  waterbird_complete50 = 1, forest2water2 = 1  [n = 68]:	loss = 0.055  exp loss = 0.034  adjusted loss = 0.034  adv prob = 0.250000   acc = 0.985

Validation:
Average incurred loss: 0.409  
Average sample loss: 0.403  
Average acc: 0.922  
  waterbird_complete50 = 0, forest2water2 = 0  [n = 465]:	loss = 0.001  exp loss = 0.000  adjusted loss = 0.000  adv prob = 0.250000   acc = 1.000
  waterbird_complete50 = 0, forest2water2 = 1  [n = 466]:	loss = 0.018  exp loss = 0.016  adjusted loss = 0.016  adv prob = 0.250000   acc = 0.994
  waterbird_complete50 = 1, forest2water2 = 0  [n = 134]:	loss = 1.977  exp loss = 2.263  adjusted loss = 2.263  adv prob = 0.250000   acc = 0.664
  waterbird_complete50 = 1, forest2water2 = 1  [n = 134]:	loss = 1.615  exp loss = 1.605  adjusted loss = 1.605  adv prob = 0.250000   acc = 0.657
Current lr: 0.000010
Current validation accuracy: 0.656716525554657


Epoch [186]:
Training:
Average incurred loss: 0.045  
Average sample loss: 0.040  
Average acc: 0.973  
  waterbird_complete50 = 0, forest2water2 = 0  [n = 57]:	loss = 0.000  exp loss = 0.000  adjusted loss = 0.000  adv prob = 0.250000   acc = 1.000
  waterbird_complete50 = 0, forest2water2 = 1  [n = 52]:	loss = 0.000  exp loss = 0.000  adjusted loss = 0.000  adv prob = 0.250000   acc = 1.000
  waterbird_complete50 = 1, forest2water2 = 0  [n = 67]:	loss = 0.141  exp loss = 0.131  adjusted loss = 0.131  adv prob = 0.250000   acc = 0.910
  waterbird_complete50 = 1, forest2water2 = 1  [n = 48]:	loss = 0.014  exp loss = 0.027  adjusted loss = 0.027  adv prob = 0.250000   acc = 1.000

Validation:
Average incurred loss: 0.400  
Average sample loss: 0.395  
Average acc: 0.922  
  waterbird_complete50 = 0, forest2water2 = 0  [n = 465]:	loss = 0.001  exp loss = 0.000  adjusted loss = 0.000  adv prob = 0.250000   acc = 1.000
  waterbird_complete50 = 0, forest2water2 = 1  [n = 466]:	loss = 0.019  exp loss = 0.017  adjusted loss = 0.017  adv prob = 0.250000   acc = 0.994
  waterbird_complete50 = 1, forest2water2 = 0  [n = 134]:	loss = 1.949  exp loss = 2.243  adjusted loss = 2.243  adv prob = 0.250000   acc = 0.664
  waterbird_complete50 = 1, forest2water2 = 1  [n = 134]:	loss = 1.564  exp loss = 1.549  adjusted loss = 1.549  adv prob = 0.250000   acc = 0.664
Current lr: 0.000010
Current validation accuracy: 0.6641790866851807


Epoch [187]:
Training:
Average incurred loss: 0.134  
Average sample loss: 0.220  
Average acc: 0.960  
  waterbird_complete50 = 0, forest2water2 = 0  [n = 58]:	loss = 0.000  exp loss = 0.000  adjusted loss = 0.000  adv prob = 0.250000   acc = 1.000
  waterbird_complete50 = 0, forest2water2 = 1  [n = 39]:	loss = 0.000  exp loss = 0.000  adjusted loss = 0.000  adv prob = 0.250000   acc = 1.000
  waterbird_complete50 = 1, forest2water2 = 0  [n = 66]:	loss = 0.436  exp loss = 0.261  adjusted loss = 0.261  adv prob = 0.250000   acc = 0.864
  waterbird_complete50 = 1, forest2water2 = 1  [n = 61]:	loss = 0.020  exp loss = 0.029  adjusted loss = 0.029  adv prob = 0.250000   acc = 1.000

Validation:
Average incurred loss: 0.431  
Average sample loss: 0.425  
Average acc: 0.919  
  waterbird_complete50 = 0, forest2water2 = 0  [n = 465]:	loss = 0.001  exp loss = 0.000  adjusted loss = 0.000  adv prob = 0.250000   acc = 1.000
  waterbird_complete50 = 0, forest2water2 = 1  [n = 466]:	loss = 0.016  exp loss = 0.014  adjusted loss = 0.014  adv prob = 0.250000   acc = 0.994
  waterbird_complete50 = 1, forest2water2 = 0  [n = 134]:	loss = 2.089  exp loss = 2.407  adjusted loss = 2.407  adv prob = 0.250000   acc = 0.649
  waterbird_complete50 = 1, forest2water2 = 1  [n = 134]:	loss = 1.713  exp loss = 1.691  adjusted loss = 1.691  adv prob = 0.250000   acc = 0.649
Current lr: 0.000010
Current validation accuracy: 0.6492537260055542


Epoch [188]:
Training:
Average incurred loss: 0.078  
Average sample loss: 0.110  
Average acc: 0.969  
  waterbird_complete50 = 0, forest2water2 = 0  [n = 55]:	loss = 0.000  exp loss = 0.000  adjusted loss = 0.000  adv prob = 0.250000   acc = 1.000
  waterbird_complete50 = 0, forest2water2 = 1  [n = 55]:	loss = 0.000  exp loss = 0.000  adjusted loss = 0.000  adv prob = 0.250000   acc = 1.000
  waterbird_complete50 = 1, forest2water2 = 0  [n = 46]:	loss = 0.187  exp loss = 0.239  adjusted loss = 0.239  adv prob = 0.250000   acc = 0.891
  waterbird_complete50 = 1, forest2water2 = 1  [n = 68]:	loss = 0.129  exp loss = 0.087  adjusted loss = 0.087  adv prob = 0.250000   acc = 0.971

Validation:
Average incurred loss: 0.417  
Average sample loss: 0.412  
Average acc: 0.922  
  waterbird_complete50 = 0, forest2water2 = 0  [n = 465]:	loss = 0.001  exp loss = 0.001  adjusted loss = 0.001  adv prob = 0.250000   acc = 1.000
  waterbird_complete50 = 0, forest2water2 = 1  [n = 466]:	loss = 0.018  exp loss = 0.016  adjusted loss = 0.016  adv prob = 0.250000   acc = 0.994
  waterbird_complete50 = 1, forest2water2 = 0  [n = 134]:	loss = 2.012  exp loss = 2.321  adjusted loss = 2.321  adv prob = 0.250000   acc = 0.664
  waterbird_complete50 = 1, forest2water2 = 1  [n = 134]:	loss = 1.656  exp loss = 1.635  adjusted loss = 1.635  adv prob = 0.250000   acc = 0.664
Current lr: 0.000010
Current validation accuracy: 0.6641790866851807


Epoch [189]:
Training:
Average incurred loss: 0.033  
Average sample loss: 0.034  
Average acc: 0.987  
  waterbird_complete50 = 0, forest2water2 = 0  [n = 57]:	loss = 0.000  exp loss = 0.000  adjusted loss = 0.000  adv prob = 0.250000   acc = 1.000
  waterbird_complete50 = 0, forest2water2 = 1  [n = 56]:	loss = 0.000  exp loss = 0.000  adjusted loss = 0.000  adv prob = 0.250000   acc = 1.000
  waterbird_complete50 = 1, forest2water2 = 0  [n = 59]:	loss = 0.104  exp loss = 0.186  adjusted loss = 0.186  adv prob = 0.250000   acc = 0.949
  waterbird_complete50 = 1, forest2water2 = 1  [n = 52]:	loss = 0.022  exp loss = 0.067  adjusted loss = 0.067  adv prob = 0.250000   acc = 1.000

Validation:
Average incurred loss: 0.389  
Average sample loss: 0.383  
Average acc: 0.926  
  waterbird_complete50 = 0, forest2water2 = 0  [n = 465]:	loss = 0.002  exp loss = 0.001  adjusted loss = 0.001  adv prob = 0.250000   acc = 1.000
  waterbird_complete50 = 0, forest2water2 = 1  [n = 466]:	loss = 0.022  exp loss = 0.020  adjusted loss = 0.020  adv prob = 0.250000   acc = 0.994
  waterbird_complete50 = 1, forest2water2 = 0  [n = 134]:	loss = 1.885  exp loss = 2.166  adjusted loss = 2.166  adv prob = 0.250000   acc = 0.664
  waterbird_complete50 = 1, forest2water2 = 1  [n = 134]:	loss = 1.509  exp loss = 1.501  adjusted loss = 1.501  adv prob = 0.250000   acc = 0.694
Current lr: 0.000010
Current validation accuracy: 0.6641790866851807


Epoch [190]:
Training:
Average incurred loss: 0.007  
Average sample loss: 0.007  
Average acc: 1.000  
  waterbird_complete50 = 0, forest2water2 = 0  [n = 70]:	loss = 0.000  exp loss = 0.000  adjusted loss = 0.000  adv prob = 0.250000   acc = 1.000
  waterbird_complete50 = 0, forest2water2 = 1  [n = 49]:	loss = 0.000  exp loss = 0.000  adjusted loss = 0.000  adv prob = 0.250000   acc = 1.000
  waterbird_complete50 = 1, forest2water2 = 0  [n = 47]:	loss = 0.030  exp loss = 0.131  adjusted loss = 0.131  adv prob = 0.250000   acc = 1.000
  waterbird_complete50 = 1, forest2water2 = 1  [n = 58]:	loss = 0.004  exp loss = 0.045  adjusted loss = 0.045  adv prob = 0.250000   acc = 1.000

Validation:
Average incurred loss: 0.367  
Average sample loss: 0.362  
Average acc: 0.932  
  waterbird_complete50 = 0, forest2water2 = 0  [n = 465]:	loss = 0.002  exp loss = 0.001  adjusted loss = 0.001  adv prob = 0.250000   acc = 1.000
  waterbird_complete50 = 0, forest2water2 = 1  [n = 466]:	loss = 0.025  exp loss = 0.022  adjusted loss = 0.022  adv prob = 0.250000   acc = 0.994
  waterbird_complete50 = 1, forest2water2 = 0  [n = 134]:	loss = 1.800  exp loss = 2.055  adjusted loss = 2.055  adv prob = 0.250000   acc = 0.694
  waterbird_complete50 = 1, forest2water2 = 1  [n = 134]:	loss = 1.391  exp loss = 1.393  adjusted loss = 1.393  adv prob = 0.250000   acc = 0.716
Current lr: 0.000010
Current validation accuracy: 0.6940298080444336


Epoch [191]:
Training:
Average incurred loss: 0.023  
Average sample loss: 0.021  
Average acc: 0.996  
  waterbird_complete50 = 0, forest2water2 = 0  [n = 50]:	loss = 0.000  exp loss = 0.000  adjusted loss = 0.000  adv prob = 0.250000   acc = 1.000
  waterbird_complete50 = 0, forest2water2 = 1  [n = 56]:	loss = 0.000  exp loss = 0.000  adjusted loss = 0.000  adv prob = 0.250000   acc = 1.000
  waterbird_complete50 = 1, forest2water2 = 0  [n = 59]:	loss = 0.058  exp loss = 0.103  adjusted loss = 0.103  adv prob = 0.250000   acc = 0.983
  waterbird_complete50 = 1, forest2water2 = 1  [n = 59]:	loss = 0.030  exp loss = 0.038  adjusted loss = 0.038  adv prob = 0.250000   acc = 1.000

Validation:
Average incurred loss: 0.377  
Average sample loss: 0.372  
Average acc: 0.931  
  waterbird_complete50 = 0, forest2water2 = 0  [n = 465]:	loss = 0.002  exp loss = 0.001  adjusted loss = 0.001  adv prob = 0.250000   acc = 1.000
  waterbird_complete50 = 0, forest2water2 = 1  [n = 466]:	loss = 0.024  exp loss = 0.022  adjusted loss = 0.022  adv prob = 0.250000   acc = 0.994
  waterbird_complete50 = 1, forest2water2 = 0  [n = 134]:	loss = 1.837  exp loss = 2.100  adjusted loss = 2.100  adv prob = 0.250000   acc = 0.694
  waterbird_complete50 = 1, forest2water2 = 1  [n = 134]:	loss = 1.446  exp loss = 1.445  adjusted loss = 1.445  adv prob = 0.250000   acc = 0.709
Current lr: 0.000010
Current validation accuracy: 0.6940298080444336


Epoch [192]:
Training:
Average incurred loss: 0.066  
Average sample loss: 0.090  
Average acc: 0.969  
  waterbird_complete50 = 0, forest2water2 = 0  [n = 51]:	loss = 0.000  exp loss = 0.000  adjusted loss = 0.000  adv prob = 0.250000   acc = 1.000
  waterbird_complete50 = 0, forest2water2 = 1  [n = 56]:	loss = 0.000  exp loss = 0.000  adjusted loss = 0.000  adv prob = 0.250000   acc = 1.000
  waterbird_complete50 = 1, forest2water2 = 0  [n = 43]:	loss = 0.264  exp loss = 0.193  adjusted loss = 0.193  adv prob = 0.250000   acc = 0.860
  waterbird_complete50 = 1, forest2water2 = 1  [n = 74]:	loss = 0.047  exp loss = 0.039  adjusted loss = 0.039  adv prob = 0.250000   acc = 0.986

Validation:
Average incurred loss: 0.409  
Average sample loss: 0.403  
Average acc: 0.921  
  waterbird_complete50 = 0, forest2water2 = 0  [n = 465]:	loss = 0.001  exp loss = 0.001  adjusted loss = 0.001  adv prob = 0.250000   acc = 1.000
  waterbird_complete50 = 0, forest2water2 = 1  [n = 466]:	loss = 0.019  exp loss = 0.017  adjusted loss = 0.017  adv prob = 0.250000   acc = 0.994
  waterbird_complete50 = 1, forest2water2 = 0  [n = 134]:	loss = 1.992  exp loss = 2.294  adjusted loss = 2.294  adv prob = 0.250000   acc = 0.649
  waterbird_complete50 = 1, forest2water2 = 1  [n = 134]:	loss = 1.595  exp loss = 1.588  adjusted loss = 1.588  adv prob = 0.250000   acc = 0.664
Current lr: 0.000010
Current validation accuracy: 0.6492537260055542


Epoch [193]:
Training:
Average incurred loss: 0.042  
Average sample loss: 0.059  
Average acc: 0.987  
  waterbird_complete50 = 0, forest2water2 = 0  [n = 53]:	loss = 0.000  exp loss = 0.000  adjusted loss = 0.000  adv prob = 0.250000   acc = 1.000
  waterbird_complete50 = 0, forest2water2 = 1  [n = 56]:	loss = 0.000  exp loss = 0.000  adjusted loss = 0.000  adv prob = 0.250000   acc = 1.000
  waterbird_complete50 = 1, forest2water2 = 0  [n = 61]:	loss = 0.113  exp loss = 0.186  adjusted loss = 0.186  adv prob = 0.250000   acc = 0.967
  waterbird_complete50 = 1, forest2water2 = 1  [n = 54]:	loss = 0.048  exp loss = 0.043  adjusted loss = 0.043  adv prob = 0.250000   acc = 0.981

Validation:
Average incurred loss: 0.406  
Average sample loss: 0.401  
Average acc: 0.922  
  waterbird_complete50 = 0, forest2water2 = 0  [n = 465]:	loss = 0.001  exp loss = 0.000  adjusted loss = 0.000  adv prob = 0.250000   acc = 1.000
  waterbird_complete50 = 0, forest2water2 = 1  [n = 466]:	loss = 0.019  exp loss = 0.017  adjusted loss = 0.017  adv prob = 0.250000   acc = 0.994
  waterbird_complete50 = 1, forest2water2 = 0  [n = 134]:	loss = 1.985  exp loss = 2.292  adjusted loss = 2.292  adv prob = 0.250000   acc = 0.649
  waterbird_complete50 = 1, forest2water2 = 1  [n = 134]:	loss = 1.582  exp loss = 1.567  adjusted loss = 1.567  adv prob = 0.250000   acc = 0.672
Current lr: 0.000010
Current validation accuracy: 0.6492537260055542


Epoch [194]:
Training:
Average incurred loss: 0.038  
Average sample loss: 0.041  
Average acc: 0.982  
  waterbird_complete50 = 0, forest2water2 = 0  [n = 50]:	loss = 0.000  exp loss = 0.000  adjusted loss = 0.000  adv prob = 0.250000   acc = 1.000
  waterbird_complete50 = 0, forest2water2 = 1  [n = 56]:	loss = 0.000  exp loss = 0.000  adjusted loss = 0.000  adv prob = 0.250000   acc = 1.000
  waterbird_complete50 = 1, forest2water2 = 0  [n = 62]:	loss = 0.116  exp loss = 0.162  adjusted loss = 0.162  adv prob = 0.250000   acc = 0.935
  waterbird_complete50 = 1, forest2water2 = 1  [n = 56]:	loss = 0.025  exp loss = 0.038  adjusted loss = 0.038  adv prob = 0.250000   acc = 1.000

Validation:
Average incurred loss: 0.422  
Average sample loss: 0.416  
Average acc: 0.919  
  waterbird_complete50 = 0, forest2water2 = 0  [n = 465]:	loss = 0.001  exp loss = 0.000  adjusted loss = 0.000  adv prob = 0.250000   acc = 1.000
  waterbird_complete50 = 0, forest2water2 = 1  [n = 466]:	loss = 0.018  exp loss = 0.016  adjusted loss = 0.016  adv prob = 0.250000   acc = 0.994
  waterbird_complete50 = 1, forest2water2 = 0  [n = 134]:	loss = 2.060  exp loss = 2.373  adjusted loss = 2.373  adv prob = 0.250000   acc = 0.642
  waterbird_complete50 = 1, forest2water2 = 1  [n = 134]:	loss = 1.651  exp loss = 1.634  adjusted loss = 1.634  adv prob = 0.250000   acc = 0.657
Current lr: 0.000010
Current validation accuracy: 0.6417909860610962


Epoch [195]:
Training:
Average incurred loss: 0.058  
Average sample loss: 0.052  
Average acc: 0.964  
  waterbird_complete50 = 0, forest2water2 = 0  [n = 53]:	loss = 0.000  exp loss = 0.000  adjusted loss = 0.000  adv prob = 0.250000   acc = 1.000
  waterbird_complete50 = 0, forest2water2 = 1  [n = 54]:	loss = 0.000  exp loss = 0.000  adjusted loss = 0.000  adv prob = 0.250000   acc = 1.000
  waterbird_complete50 = 1, forest2water2 = 0  [n = 59]:	loss = 0.186  exp loss = 0.165  adjusted loss = 0.165  adv prob = 0.250000   acc = 0.881
  waterbird_complete50 = 1, forest2water2 = 1  [n = 58]:	loss = 0.035  exp loss = 0.032  adjusted loss = 0.032  adv prob = 0.250000   acc = 0.983

Validation:
Average incurred loss: 0.402  
Average sample loss: 0.396  
Average acc: 0.923  
  waterbird_complete50 = 0, forest2water2 = 0  [n = 465]:	loss = 0.001  exp loss = 0.000  adjusted loss = 0.000  adv prob = 0.250000   acc = 1.000
  waterbird_complete50 = 0, forest2water2 = 1  [n = 466]:	loss = 0.020  exp loss = 0.018  adjusted loss = 0.018  adv prob = 0.250000   acc = 0.994
  waterbird_complete50 = 1, forest2water2 = 0  [n = 134]:	loss = 1.975  exp loss = 2.261  adjusted loss = 2.261  adv prob = 0.250000   acc = 0.649
  waterbird_complete50 = 1, forest2water2 = 1  [n = 134]:	loss = 1.546  exp loss = 1.536  adjusted loss = 1.536  adv prob = 0.250000   acc = 0.687
Current lr: 0.000010
Current validation accuracy: 0.6492537260055542


Epoch [196]:
Training:
Average incurred loss: 0.005  
Average sample loss: 0.005  
Average acc: 1.000  
  waterbird_complete50 = 0, forest2water2 = 0  [n = 59]:	loss = 0.000  exp loss = 0.000  adjusted loss = 0.000  adv prob = 0.250000   acc = 1.000
  waterbird_complete50 = 0, forest2water2 = 1  [n = 65]:	loss = 0.000  exp loss = 0.000  adjusted loss = 0.000  adv prob = 0.250000   acc = 1.000
  waterbird_complete50 = 1, forest2water2 = 0  [n = 53]:	loss = 0.008  exp loss = 0.111  adjusted loss = 0.111  adv prob = 0.250000   acc = 1.000
  waterbird_complete50 = 1, forest2water2 = 1  [n = 47]:	loss = 0.015  exp loss = 0.024  adjusted loss = 0.024  adv prob = 0.250000   acc = 1.000

Validation:
Average incurred loss: 0.359  
Average sample loss: 0.354  
Average acc: 0.930  
  waterbird_complete50 = 0, forest2water2 = 0  [n = 465]:	loss = 0.002  exp loss = 0.001  adjusted loss = 0.001  adv prob = 0.250000   acc = 1.000
  waterbird_complete50 = 0, forest2water2 = 1  [n = 466]:	loss = 0.026  exp loss = 0.024  adjusted loss = 0.024  adv prob = 0.250000   acc = 0.994
  waterbird_complete50 = 1, forest2water2 = 0  [n = 134]:	loss = 1.778  exp loss = 2.024  adjusted loss = 2.024  adv prob = 0.250000   acc = 0.687
  waterbird_complete50 = 1, forest2water2 = 1  [n = 134]:	loss = 1.337  exp loss = 1.336  adjusted loss = 1.336  adv prob = 0.250000   acc = 0.709
Current lr: 0.000010
Current validation accuracy: 0.6865670680999756


Epoch [197]:
Training:
Average incurred loss: 0.021  
Average sample loss: 0.027  
Average acc: 0.991  
  waterbird_complete50 = 0, forest2water2 = 0  [n = 49]:	loss = 0.000  exp loss = 0.000  adjusted loss = 0.000  adv prob = 0.250000   acc = 1.000
  waterbird_complete50 = 0, forest2water2 = 1  [n = 64]:	loss = 0.000  exp loss = 0.000  adjusted loss = 0.000  adv prob = 0.250000   acc = 1.000
  waterbird_complete50 = 1, forest2water2 = 0  [n = 57]:	loss = 0.067  exp loss = 0.099  adjusted loss = 0.099  adv prob = 0.250000   acc = 0.965
  waterbird_complete50 = 1, forest2water2 = 1  [n = 54]:	loss = 0.017  exp loss = 0.023  adjusted loss = 0.023  adv prob = 0.250000   acc = 1.000

Validation:
Average incurred loss: 0.366  
Average sample loss: 0.361  
Average acc: 0.930  
  waterbird_complete50 = 0, forest2water2 = 0  [n = 465]:	loss = 0.001  exp loss = 0.001  adjusted loss = 0.001  adv prob = 0.250000   acc = 1.000
  waterbird_complete50 = 0, forest2water2 = 1  [n = 466]:	loss = 0.025  exp loss = 0.022  adjusted loss = 0.022  adv prob = 0.250000   acc = 0.994
  waterbird_complete50 = 1, forest2water2 = 0  [n = 134]:	loss = 1.808  exp loss = 2.056  adjusted loss = 2.056  adv prob = 0.250000   acc = 0.687
  waterbird_complete50 = 1, forest2water2 = 1  [n = 134]:	loss = 1.380  exp loss = 1.373  adjusted loss = 1.373  adv prob = 0.250000   acc = 0.709
Current lr: 0.000010
Current validation accuracy: 0.6865670680999756


Epoch [198]:
Training:
Average incurred loss: 0.014  
Average sample loss: 0.012  
Average acc: 1.000  
  waterbird_complete50 = 0, forest2water2 = 0  [n = 62]:	loss = 0.000  exp loss = 0.000  adjusted loss = 0.000  adv prob = 0.250000   acc = 1.000
  waterbird_complete50 = 0, forest2water2 = 1  [n = 51]:	loss = 0.000  exp loss = 0.000  adjusted loss = 0.000  adv prob = 0.250000   acc = 1.000
  waterbird_complete50 = 1, forest2water2 = 0  [n = 55]:	loss = 0.036  exp loss = 0.076  adjusted loss = 0.076  adv prob = 0.250000   acc = 1.000
  waterbird_complete50 = 1, forest2water2 = 1  [n = 56]:	loss = 0.020  exp loss = 0.020  adjusted loss = 0.020  adv prob = 0.250000   acc = 1.000

Validation:
Average incurred loss: 0.345  
Average sample loss: 0.340  
Average acc: 0.933  
  waterbird_complete50 = 0, forest2water2 = 0  [n = 465]:	loss = 0.002  exp loss = 0.001  adjusted loss = 0.001  adv prob = 0.250000   acc = 1.000
  waterbird_complete50 = 0, forest2water2 = 1  [n = 466]:	loss = 0.027  exp loss = 0.024  adjusted loss = 0.024  adv prob = 0.250000   acc = 0.994
  waterbird_complete50 = 1, forest2water2 = 0  [n = 134]:	loss = 1.711  exp loss = 1.935  adjusted loss = 1.935  adv prob = 0.250000   acc = 0.701
  waterbird_complete50 = 1, forest2water2 = 1  [n = 134]:	loss = 1.275  exp loss = 1.278  adjusted loss = 1.278  adv prob = 0.250000   acc = 0.724
Current lr: 0.000010
Current validation accuracy: 0.7014925479888916


Epoch [199]:
Training:
Average incurred loss: 0.003  
Average sample loss: 0.005  
Average acc: 1.000  
  waterbird_complete50 = 0, forest2water2 = 0  [n = 59]:	loss = 0.000  exp loss = 0.000  adjusted loss = 0.000  adv prob = 0.250000   acc = 1.000
  waterbird_complete50 = 0, forest2water2 = 1  [n = 64]:	loss = 0.000  exp loss = 0.000  adjusted loss = 0.000  adv prob = 0.250000   acc = 1.000
  waterbird_complete50 = 1, forest2water2 = 0  [n = 39]:	loss = 0.014  exp loss = 0.059  adjusted loss = 0.059  adv prob = 0.250000   acc = 1.000
  waterbird_complete50 = 1, forest2water2 = 1  [n = 62]:	loss = 0.003  exp loss = 0.014  adjusted loss = 0.014  adv prob = 0.250000   acc = 1.000

Validation:
Average incurred loss: 0.340  
Average sample loss: 0.335  
Average acc: 0.935  
  waterbird_complete50 = 0, forest2water2 = 0  [n = 465]:	loss = 0.002  exp loss = 0.001  adjusted loss = 0.001  adv prob = 0.250000   acc = 1.000
  waterbird_complete50 = 0, forest2water2 = 1  [n = 466]:	loss = 0.027  exp loss = 0.025  adjusted loss = 0.025  adv prob = 0.250000   acc = 0.994
  waterbird_complete50 = 1, forest2water2 = 0  [n = 134]:	loss = 1.671  exp loss = 1.887  adjusted loss = 1.887  adv prob = 0.250000   acc = 0.701
  waterbird_complete50 = 1, forest2water2 = 1  [n = 134]:	loss = 1.269  exp loss = 1.276  adjusted loss = 1.276  adv prob = 0.250000   acc = 0.739
Current lr: 0.000010
Current validation accuracy: 0.7014925479888916


Epoch [200]:
Training:
Average incurred loss: 0.057  
Average sample loss: 0.050  
Average acc: 0.964  
  waterbird_complete50 = 0, forest2water2 = 0  [n = 70]:	loss = 0.000  exp loss = 0.000  adjusted loss = 0.000  adv prob = 0.250000   acc = 1.000
  waterbird_complete50 = 0, forest2water2 = 1  [n = 47]:	loss = 0.000  exp loss = 0.000  adjusted loss = 0.000  adv prob = 0.250000   acc = 1.000
  waterbird_complete50 = 1, forest2water2 = 0  [n = 51]:	loss = 0.142  exp loss = 0.077  adjusted loss = 0.077  adv prob = 0.250000   acc = 0.922
  waterbird_complete50 = 1, forest2water2 = 1  [n = 56]:	loss = 0.100  exp loss = 0.032  adjusted loss = 0.032  adv prob = 0.250000   acc = 0.929

Validation:
Average incurred loss: 0.330  
Average sample loss: 0.325  
Average acc: 0.937  
  waterbird_complete50 = 0, forest2water2 = 0  [n = 465]:	loss = 0.003  exp loss = 0.001  adjusted loss = 0.001  adv prob = 0.250000   acc = 1.000
  waterbird_complete50 = 0, forest2water2 = 1  [n = 466]:	loss = 0.028  exp loss = 0.025  adjusted loss = 0.025  adv prob = 0.250000   acc = 0.994
  waterbird_complete50 = 1, forest2water2 = 0  [n = 134]:	loss = 1.624  exp loss = 1.823  adjusted loss = 1.823  adv prob = 0.250000   acc = 0.701
  waterbird_complete50 = 1, forest2water2 = 1  [n = 134]:	loss = 1.219  exp loss = 1.229  adjusted loss = 1.229  adv prob = 0.250000   acc = 0.754
Current lr: 0.000010
Current validation accuracy: 0.7014925479888916


Epoch [201]:
Training:
Average incurred loss: 0.117  
Average sample loss: 0.192  
Average acc: 0.960  
  waterbird_complete50 = 0, forest2water2 = 0  [n = 54]:	loss = 0.000  exp loss = 0.000  adjusted loss = 0.000  adv prob = 0.250000   acc = 1.000
  waterbird_complete50 = 0, forest2water2 = 1  [n = 54]:	loss = 0.000  exp loss = 0.000  adjusted loss = 0.000  adv prob = 0.250000   acc = 1.000
  waterbird_complete50 = 1, forest2water2 = 0  [n = 57]:	loss = 0.341  exp loss = 0.203  adjusted loss = 0.203  adv prob = 0.250000   acc = 0.877
  waterbird_complete50 = 1, forest2water2 = 1  [n = 59]:	loss = 0.116  exp loss = 0.081  adjusted loss = 0.081  adv prob = 0.250000   acc = 0.966

Validation:
Average incurred loss: 0.367  
Average sample loss: 0.362  
Average acc: 0.928  
  waterbird_complete50 = 0, forest2water2 = 0  [n = 465]:	loss = 0.001  exp loss = 0.001  adjusted loss = 0.001  adv prob = 0.250000   acc = 1.000
  waterbird_complete50 = 0, forest2water2 = 1  [n = 466]:	loss = 0.023  exp loss = 0.021  adjusted loss = 0.021  adv prob = 0.250000   acc = 0.994
  waterbird_complete50 = 1, forest2water2 = 0  [n = 134]:	loss = 1.806  exp loss = 2.046  adjusted loss = 2.046  adv prob = 0.250000   acc = 0.664
  waterbird_complete50 = 1, forest2water2 = 1  [n = 134]:	loss = 1.391  exp loss = 1.386  adjusted loss = 1.386  adv prob = 0.250000   acc = 0.716
Current lr: 0.000010
Current validation accuracy: 0.6641790866851807


Epoch [202]:
Training:
Average incurred loss: 0.019  
Average sample loss: 0.022  
Average acc: 1.000  
  waterbird_complete50 = 0, forest2water2 = 0  [n = 60]:	loss = 0.000  exp loss = 0.000  adjusted loss = 0.000  adv prob = 0.250000   acc = 1.000
  waterbird_complete50 = 0, forest2water2 = 1  [n = 54]:	loss = 0.000  exp loss = 0.000  adjusted loss = 0.000  adv prob = 0.250000   acc = 1.000
  waterbird_complete50 = 1, forest2water2 = 0  [n = 54]:	loss = 0.053  exp loss = 0.156  adjusted loss = 0.156  adv prob = 0.250000   acc = 1.000
  waterbird_complete50 = 1, forest2water2 = 1  [n = 56]:	loss = 0.026  exp loss = 0.061  adjusted loss = 0.061  adv prob = 0.250000   acc = 1.000

Validation:
Average incurred loss: 0.367  
Average sample loss: 0.362  
Average acc: 0.929  
  waterbird_complete50 = 0, forest2water2 = 0  [n = 465]:	loss = 0.001  exp loss = 0.001  adjusted loss = 0.001  adv prob = 0.250000   acc = 1.000
  waterbird_complete50 = 0, forest2water2 = 1  [n = 466]:	loss = 0.022  exp loss = 0.020  adjusted loss = 0.020  adv prob = 0.250000   acc = 0.994
  waterbird_complete50 = 1, forest2water2 = 0  [n = 134]:	loss = 1.808  exp loss = 2.060  adjusted loss = 2.060  adv prob = 0.250000   acc = 0.672
  waterbird_complete50 = 1, forest2water2 = 1  [n = 134]:	loss = 1.390  exp loss = 1.380  adjusted loss = 1.380  adv prob = 0.250000   acc = 0.716
Current lr: 0.000010
Current validation accuracy: 0.6716418266296387


Epoch [203]:
Training:
Average incurred loss: 0.015  
Average sample loss: 0.018  
Average acc: 1.000  
  waterbird_complete50 = 0, forest2water2 = 0  [n = 56]:	loss = 0.000  exp loss = 0.000  adjusted loss = 0.000  adv prob = 0.250000   acc = 1.000
  waterbird_complete50 = 0, forest2water2 = 1  [n = 54]:	loss = 0.000  exp loss = 0.000  adjusted loss = 0.000  adv prob = 0.250000   acc = 1.000
  waterbird_complete50 = 1, forest2water2 = 0  [n = 63]:	loss = 0.045  exp loss = 0.119  adjusted loss = 0.119  adv prob = 0.250000   acc = 1.000
  waterbird_complete50 = 1, forest2water2 = 1  [n = 51]:	loss = 0.010  exp loss = 0.044  adjusted loss = 0.044  adv prob = 0.250000   acc = 1.000

Validation:
Average incurred loss: 0.365  
Average sample loss: 0.360  
Average acc: 0.931  
  waterbird_complete50 = 0, forest2water2 = 0  [n = 465]:	loss = 0.001  exp loss = 0.001  adjusted loss = 0.001  adv prob = 0.250000   acc = 1.000
  waterbird_complete50 = 0, forest2water2 = 1  [n = 466]:	loss = 0.023  exp loss = 0.021  adjusted loss = 0.021  adv prob = 0.250000   acc = 0.994
  waterbird_complete50 = 1, forest2water2 = 0  [n = 134]:	loss = 1.797  exp loss = 2.037  adjusted loss = 2.037  adv prob = 0.250000   acc = 0.687
  waterbird_complete50 = 1, forest2water2 = 1  [n = 134]:	loss = 1.386  exp loss = 1.379  adjusted loss = 1.379  adv prob = 0.250000   acc = 0.716
Current lr: 0.000010
Current validation accuracy: 0.6865670680999756


Epoch [204]:
Training:
Average incurred loss: 0.026  
Average sample loss: 0.023  
Average acc: 0.987  
  waterbird_complete50 = 0, forest2water2 = 0  [n = 52]:	loss = 0.000  exp loss = 0.000  adjusted loss = 0.000  adv prob = 0.250000   acc = 1.000
  waterbird_complete50 = 0, forest2water2 = 1  [n = 60]:	loss = 0.000  exp loss = 0.000  adjusted loss = 0.000  adv prob = 0.250000   acc = 1.000
  waterbird_complete50 = 1, forest2water2 = 0  [n = 44]:	loss = 0.028  exp loss = 0.086  adjusted loss = 0.086  adv prob = 0.250000   acc = 1.000
  waterbird_complete50 = 1, forest2water2 = 1  [n = 68]:	loss = 0.067  exp loss = 0.045  adjusted loss = 0.045  adv prob = 0.250000   acc = 0.956

Validation:
Average incurred loss: 0.364  
Average sample loss: 0.359  
Average acc: 0.927  
  waterbird_complete50 = 0, forest2water2 = 0  [n = 465]:	loss = 0.002  exp loss = 0.001  adjusted loss = 0.001  adv prob = 0.250000   acc = 1.000
  waterbird_complete50 = 0, forest2water2 = 1  [n = 466]:	loss = 0.024  exp loss = 0.021  adjusted loss = 0.021  adv prob = 0.250000   acc = 0.994
  waterbird_complete50 = 1, forest2water2 = 0  [n = 134]:	loss = 1.777  exp loss = 2.014  adjusted loss = 2.014  adv prob = 0.250000   acc = 0.679
  waterbird_complete50 = 1, forest2water2 = 1  [n = 134]:	loss = 1.392  exp loss = 1.393  adjusted loss = 1.393  adv prob = 0.250000   acc = 0.687
Current lr: 0.000010
Current validation accuracy: 0.6791044473648071


Epoch [205]:
Training:
Average incurred loss: 0.009  
Average sample loss: 0.011  
Average acc: 1.000  
  waterbird_complete50 = 0, forest2water2 = 0  [n = 61]:	loss = 0.000  exp loss = 0.000  adjusted loss = 0.000  adv prob = 0.250000   acc = 1.000
  waterbird_complete50 = 0, forest2water2 = 1  [n = 55]:	loss = 0.000  exp loss = 0.000  adjusted loss = 0.000  adv prob = 0.250000   acc = 1.000
  waterbird_complete50 = 1, forest2water2 = 0  [n = 47]:	loss = 0.032  exp loss = 0.069  adjusted loss = 0.069  adv prob = 0.250000   acc = 1.000
  waterbird_complete50 = 1, forest2water2 = 1  [n = 61]:	loss = 0.008  exp loss = 0.033  adjusted loss = 0.033  adv prob = 0.250000   acc = 1.000

Validation:
Average incurred loss: 0.360  
Average sample loss: 0.355  
Average acc: 0.930  
  waterbird_complete50 = 0, forest2water2 = 0  [n = 465]:	loss = 0.002  exp loss = 0.001  adjusted loss = 0.001  adv prob = 0.250000   acc = 1.000
  waterbird_complete50 = 0, forest2water2 = 1  [n = 466]:	loss = 0.023  exp loss = 0.020  adjusted loss = 0.020  adv prob = 0.250000   acc = 0.994
  waterbird_complete50 = 1, forest2water2 = 0  [n = 134]:	loss = 1.754  exp loss = 2.004  adjusted loss = 2.004  adv prob = 0.250000   acc = 0.687
  waterbird_complete50 = 1, forest2water2 = 1  [n = 134]:	loss = 1.379  exp loss = 1.377  adjusted loss = 1.377  adv prob = 0.250000   acc = 0.709
Current lr: 0.000010
Current validation accuracy: 0.6865671873092651


Epoch [206]:
Training:
Average incurred loss: 0.076  
Average sample loss: 0.066  
Average acc: 0.987  
  waterbird_complete50 = 0, forest2water2 = 0  [n = 64]:	loss = 0.000  exp loss = 0.000  adjusted loss = 0.000  adv prob = 0.250000   acc = 1.000
  waterbird_complete50 = 0, forest2water2 = 1  [n = 47]:	loss = 0.000  exp loss = 0.000  adjusted loss = 0.000  adv prob = 0.250000   acc = 1.000
  waterbird_complete50 = 1, forest2water2 = 0  [n = 66]:	loss = 0.031  exp loss = 0.054  adjusted loss = 0.054  adv prob = 0.250000   acc = 1.000
  waterbird_complete50 = 1, forest2water2 = 1  [n = 47]:	loss = 0.317  exp loss = 0.093  adjusted loss = 0.093  adv prob = 0.250000   acc = 0.936

Validation:
Average incurred loss: 0.346  
Average sample loss: 0.341  
Average acc: 0.932  
  waterbird_complete50 = 0, forest2water2 = 0  [n = 465]:	loss = 0.002  exp loss = 0.001  adjusted loss = 0.001  adv prob = 0.250000   acc = 1.000
  waterbird_complete50 = 0, forest2water2 = 1  [n = 466]:	loss = 0.026  exp loss = 0.023  adjusted loss = 0.023  adv prob = 0.250000   acc = 0.994
  waterbird_complete50 = 1, forest2water2 = 0  [n = 134]:	loss = 1.698  exp loss = 1.942  adjusted loss = 1.942  adv prob = 0.250000   acc = 0.694
  waterbird_complete50 = 1, forest2water2 = 1  [n = 134]:	loss = 1.304  exp loss = 1.304  adjusted loss = 1.304  adv prob = 0.250000   acc = 0.716
Current lr: 0.000010
Current validation accuracy: 0.6940298080444336


Epoch [207]:
Training:
Average incurred loss: 0.012  
Average sample loss: 0.013  
Average acc: 1.000  
  waterbird_complete50 = 0, forest2water2 = 0  [n = 56]:	loss = 0.000  exp loss = 0.000  adjusted loss = 0.000  adv prob = 0.250000   acc = 1.000
  waterbird_complete50 = 0, forest2water2 = 1  [n = 54]:	loss = 0.000  exp loss = 0.000  adjusted loss = 0.000  adv prob = 0.250000   acc = 1.000
  waterbird_complete50 = 1, forest2water2 = 0  [n = 50]:	loss = 0.040  exp loss = 0.053  adjusted loss = 0.053  adv prob = 0.250000   acc = 1.000
  waterbird_complete50 = 1, forest2water2 = 1  [n = 64]:	loss = 0.011  exp loss = 0.065  adjusted loss = 0.065  adv prob = 0.250000   acc = 1.000

Validation:
Average incurred loss: 0.354  
Average sample loss: 0.349  
Average acc: 0.931  
  waterbird_complete50 = 0, forest2water2 = 0  [n = 465]:	loss = 0.002  exp loss = 0.001  adjusted loss = 0.001  adv prob = 0.250000   acc = 1.000
  waterbird_complete50 = 0, forest2water2 = 1  [n = 466]:	loss = 0.023  exp loss = 0.021  adjusted loss = 0.021  adv prob = 0.250000   acc = 0.994
  waterbird_complete50 = 1, forest2water2 = 0  [n = 134]:	loss = 1.728  exp loss = 1.966  adjusted loss = 1.966  adv prob = 0.250000   acc = 0.694
  waterbird_complete50 = 1, forest2water2 = 1  [n = 134]:	loss = 1.352  exp loss = 1.352  adjusted loss = 1.352  adv prob = 0.250000   acc = 0.709
Current lr: 0.000010
Current validation accuracy: 0.6940298080444336


Epoch [208]:
Training:
Average incurred loss: 0.018  
Average sample loss: 0.029  
Average acc: 0.996  
  waterbird_complete50 = 0, forest2water2 = 0  [n = 54]:	loss = 0.000  exp loss = 0.000  adjusted loss = 0.000  adv prob = 0.250000   acc = 1.000
  waterbird_complete50 = 0, forest2water2 = 1  [n = 61]:	loss = 0.000  exp loss = 0.000  adjusted loss = 0.000  adv prob = 0.250000   acc = 1.000
  waterbird_complete50 = 1, forest2water2 = 0  [n = 63]:	loss = 0.053  exp loss = 0.065  adjusted loss = 0.065  adv prob = 0.250000   acc = 0.984
  waterbird_complete50 = 1, forest2water2 = 1  [n = 46]:	loss = 0.016  exp loss = 0.050  adjusted loss = 0.050  adv prob = 0.250000   acc = 1.000

Validation:
Average incurred loss: 0.353  
Average sample loss: 0.348  
Average acc: 0.931  
  waterbird_complete50 = 0, forest2water2 = 0  [n = 465]:	loss = 0.002  exp loss = 0.001  adjusted loss = 0.001  adv prob = 0.250000   acc = 1.000
  waterbird_complete50 = 0, forest2water2 = 1  [n = 466]:	loss = 0.024  exp loss = 0.022  adjusted loss = 0.022  adv prob = 0.250000   acc = 0.994
  waterbird_complete50 = 1, forest2water2 = 0  [n = 134]:	loss = 1.720  exp loss = 1.952  adjusted loss = 1.952  adv prob = 0.250000   acc = 0.687
  waterbird_complete50 = 1, forest2water2 = 1  [n = 134]:	loss = 1.350  exp loss = 1.350  adjusted loss = 1.350  adv prob = 0.250000   acc = 0.716
Current lr: 0.000010
Current validation accuracy: 0.6865670680999756


Epoch [209]:
Training:
Average incurred loss: 0.025  
Average sample loss: 0.037  
Average acc: 0.987  
  waterbird_complete50 = 0, forest2water2 = 0  [n = 56]:	loss = 0.000  exp loss = 0.000  adjusted loss = 0.000  adv prob = 0.250000   acc = 1.000
  waterbird_complete50 = 0, forest2water2 = 1  [n = 53]:	loss = 0.000  exp loss = 0.000  adjusted loss = 0.000  adv prob = 0.250000   acc = 1.000
  waterbird_complete50 = 1, forest2water2 = 0  [n = 63]:	loss = 0.053  exp loss = 0.069  adjusted loss = 0.069  adv prob = 0.250000   acc = 0.968
  waterbird_complete50 = 1, forest2water2 = 1  [n = 52]:	loss = 0.046  exp loss = 0.056  adjusted loss = 0.056  adv prob = 0.250000   acc = 0.981

Validation:
Average incurred loss: 0.384  
Average sample loss: 0.379  
Average acc: 0.926  
  waterbird_complete50 = 0, forest2water2 = 0  [n = 465]:	loss = 0.001  exp loss = 0.001  adjusted loss = 0.001  adv prob = 0.250000   acc = 1.000
  waterbird_complete50 = 0, forest2water2 = 1  [n = 466]:	loss = 0.021  exp loss = 0.019  adjusted loss = 0.019  adv prob = 0.250000   acc = 0.994
  waterbird_complete50 = 1, forest2water2 = 0  [n = 134]:	loss = 1.873  exp loss = 2.133  adjusted loss = 2.133  adv prob = 0.250000   acc = 0.664
  waterbird_complete50 = 1, forest2water2 = 1  [n = 134]:	loss = 1.485  exp loss = 1.479  adjusted loss = 1.479  adv prob = 0.250000   acc = 0.694
Current lr: 0.000010
Current validation accuracy: 0.6641790866851807


Epoch [210]:
Training:
Average incurred loss: 0.047  
Average sample loss: 0.066  
Average acc: 0.982  
  waterbird_complete50 = 0, forest2water2 = 0  [n = 49]:	loss = 0.000  exp loss = 0.000  adjusted loss = 0.000  adv prob = 0.250000   acc = 1.000
  waterbird_complete50 = 0, forest2water2 = 1  [n = 56]:	loss = 0.000  exp loss = 0.000  adjusted loss = 0.000  adv prob = 0.250000   acc = 1.000
  waterbird_complete50 = 1, forest2water2 = 0  [n = 54]:	loss = 0.095  exp loss = 0.087  adjusted loss = 0.087  adv prob = 0.250000   acc = 0.981
  waterbird_complete50 = 1, forest2water2 = 1  [n = 65]:	loss = 0.082  exp loss = 0.074  adjusted loss = 0.074  adv prob = 0.250000   acc = 0.954

Validation:
Average incurred loss: 0.415  
Average sample loss: 0.409  
Average acc: 0.919  
  waterbird_complete50 = 0, forest2water2 = 0  [n = 465]:	loss = 0.001  exp loss = 0.000  adjusted loss = 0.000  adv prob = 0.250000   acc = 1.000
  waterbird_complete50 = 0, forest2water2 = 1  [n = 466]:	loss = 0.018  exp loss = 0.016  adjusted loss = 0.016  adv prob = 0.250000   acc = 0.994
  waterbird_complete50 = 1, forest2water2 = 0  [n = 134]:	loss = 2.019  exp loss = 2.317  adjusted loss = 2.317  adv prob = 0.250000   acc = 0.642
  waterbird_complete50 = 1, forest2water2 = 1  [n = 134]:	loss = 1.630  exp loss = 1.621  adjusted loss = 1.621  adv prob = 0.250000   acc = 0.657
Current lr: 0.000010
Current validation accuracy: 0.6417909860610962


Epoch [211]:
Training:
Average incurred loss: 0.035  
Average sample loss: 0.036  
Average acc: 0.987  
  waterbird_complete50 = 0, forest2water2 = 0  [n = 52]:	loss = 0.000  exp loss = 0.000  adjusted loss = 0.000  adv prob = 0.250000   acc = 1.000
  waterbird_complete50 = 0, forest2water2 = 1  [n = 57]:	loss = 0.000  exp loss = 0.000  adjusted loss = 0.000  adv prob = 0.250000   acc = 1.000
  waterbird_complete50 = 1, forest2water2 = 0  [n = 62]:	loss = 0.097  exp loss = 0.087  adjusted loss = 0.087  adv prob = 0.250000   acc = 0.952
  waterbird_complete50 = 1, forest2water2 = 1  [n = 53]:	loss = 0.034  exp loss = 0.061  adjusted loss = 0.061  adv prob = 0.250000   acc = 1.000

Validation:
Average incurred loss: 0.407  
Average sample loss: 0.402  
Average acc: 0.921  
  waterbird_complete50 = 0, forest2water2 = 0  [n = 465]:	loss = 0.001  exp loss = 0.000  adjusted loss = 0.000  adv prob = 0.250000   acc = 1.000
  waterbird_complete50 = 0, forest2water2 = 1  [n = 466]:	loss = 0.018  exp loss = 0.016  adjusted loss = 0.016  adv prob = 0.250000   acc = 0.994
  waterbird_complete50 = 1, forest2water2 = 0  [n = 134]:	loss = 1.985  exp loss = 2.268  adjusted loss = 2.268  adv prob = 0.250000   acc = 0.649
  waterbird_complete50 = 1, forest2water2 = 1  [n = 134]:	loss = 1.593  exp loss = 1.585  adjusted loss = 1.585  adv prob = 0.250000   acc = 0.664
Current lr: 0.000010
Current validation accuracy: 0.6492537260055542


Epoch [212]:
Training:
Average incurred loss: 0.041  
Average sample loss: 0.036  
Average acc: 0.973  
  waterbird_complete50 = 0, forest2water2 = 0  [n = 50]:	loss = 0.000  exp loss = 0.000  adjusted loss = 0.000  adv prob = 0.250000   acc = 1.000
  waterbird_complete50 = 0, forest2water2 = 1  [n = 60]:	loss = 0.000  exp loss = 0.000  adjusted loss = 0.000  adv prob = 0.250000   acc = 1.000
  waterbird_complete50 = 1, forest2water2 = 0  [n = 66]:	loss = 0.091  exp loss = 0.081  adjusted loss = 0.081  adv prob = 0.250000   acc = 0.939
  waterbird_complete50 = 1, forest2water2 = 1  [n = 48]:	loss = 0.066  exp loss = 0.058  adjusted loss = 0.058  adv prob = 0.250000   acc = 0.958

Validation:
Average incurred loss: 0.395  
Average sample loss: 0.389  
Average acc: 0.922  
  waterbird_complete50 = 0, forest2water2 = 0  [n = 465]:	loss = 0.001  exp loss = 0.001  adjusted loss = 0.001  adv prob = 0.250000   acc = 1.000
  waterbird_complete50 = 0, forest2water2 = 1  [n = 466]:	loss = 0.020  exp loss = 0.018  adjusted loss = 0.018  adv prob = 0.250000   acc = 0.994
  waterbird_complete50 = 1, forest2water2 = 0  [n = 134]:	loss = 1.929  exp loss = 2.189  adjusted loss = 2.189  adv prob = 0.250000   acc = 0.649
  waterbird_complete50 = 1, forest2water2 = 1  [n = 134]:	loss = 1.532  exp loss = 1.521  adjusted loss = 1.521  adv prob = 0.250000   acc = 0.679
Current lr: 0.000010
Current validation accuracy: 0.6492537260055542


Epoch [213]:
Training:
Average incurred loss: 0.138  
Average sample loss: 0.224  
Average acc: 0.969  
  waterbird_complete50 = 0, forest2water2 = 0  [n = 46]:	loss = 0.000  exp loss = 0.000  adjusted loss = 0.000  adv prob = 0.250000   acc = 1.000
  waterbird_complete50 = 0, forest2water2 = 1  [n = 56]:	loss = 0.000  exp loss = 0.000  adjusted loss = 0.000  adv prob = 0.250000   acc = 1.000
  waterbird_complete50 = 1, forest2water2 = 0  [n = 49]:	loss = 0.267  exp loss = 0.161  adjusted loss = 0.161  adv prob = 0.250000   acc = 0.939
  waterbird_complete50 = 1, forest2water2 = 1  [n = 73]:	loss = 0.243  exp loss = 0.186  adjusted loss = 0.186  adv prob = 0.250000   acc = 0.945

Validation:
Average incurred loss: 0.418  
Average sample loss: 0.412  
Average acc: 0.920  
  waterbird_complete50 = 0, forest2water2 = 0  [n = 465]:	loss = 0.001  exp loss = 0.000  adjusted loss = 0.000  adv prob = 0.250000   acc = 1.000
  waterbird_complete50 = 0, forest2water2 = 1  [n = 466]:	loss = 0.018  exp loss = 0.017  adjusted loss = 0.017  adv prob = 0.250000   acc = 0.994
  waterbird_complete50 = 1, forest2water2 = 0  [n = 134]:	loss = 2.017  exp loss = 2.311  adjusted loss = 2.311  adv prob = 0.250000   acc = 0.649
  waterbird_complete50 = 1, forest2water2 = 1  [n = 134]:	loss = 1.658  exp loss = 1.647  adjusted loss = 1.647  adv prob = 0.250000   acc = 0.657
Current lr: 0.000010
Current validation accuracy: 0.6492537260055542


Epoch [214]:
Training:
Average incurred loss: 0.085  
Average sample loss: 0.092  
Average acc: 0.973  
  waterbird_complete50 = 0, forest2water2 = 0  [n = 42]:	loss = 0.000  exp loss = 0.000  adjusted loss = 0.000  adv prob = 0.250000   acc = 1.000
  waterbird_complete50 = 0, forest2water2 = 1  [n = 50]:	loss = 0.000  exp loss = 0.000  adjusted loss = 0.000  adv prob = 0.250000   acc = 1.000
  waterbird_complete50 = 1, forest2water2 = 0  [n = 69]:	loss = 0.190  exp loss = 0.174  adjusted loss = 0.174  adv prob = 0.250000   acc = 0.942
  waterbird_complete50 = 1, forest2water2 = 1  [n = 63]:	loss = 0.095  exp loss = 0.158  adjusted loss = 0.158  adv prob = 0.250000   acc = 0.968

Validation:
Average incurred loss: 0.451  
Average sample loss: 0.444  
Average acc: 0.918  
  waterbird_complete50 = 0, forest2water2 = 0  [n = 465]:	loss = 0.001  exp loss = 0.000  adjusted loss = 0.000  adv prob = 0.250000   acc = 1.000
  waterbird_complete50 = 0, forest2water2 = 1  [n = 466]:	loss = 0.014  exp loss = 0.013  adjusted loss = 0.013  adv prob = 0.250000   acc = 0.996
  waterbird_complete50 = 1, forest2water2 = 0  [n = 134]:	loss = 2.177  exp loss = 2.502  adjusted loss = 2.502  adv prob = 0.250000   acc = 0.634
  waterbird_complete50 = 1, forest2water2 = 1  [n = 134]:	loss = 1.804  exp loss = 1.789  adjusted loss = 1.789  adv prob = 0.250000   acc = 0.649
Current lr: 0.000010
Current validation accuracy: 0.6343283653259277


Epoch [215]:
Training:
Average incurred loss: 0.004  
Average sample loss: 0.003  
Average acc: 1.000  
  waterbird_complete50 = 0, forest2water2 = 0  [n = 54]:	loss = 0.000  exp loss = 0.000  adjusted loss = 0.000  adv prob = 0.250000   acc = 1.000
  waterbird_complete50 = 0, forest2water2 = 1  [n = 68]:	loss = 0.000  exp loss = 0.000  adjusted loss = 0.000  adv prob = 0.250000   acc = 1.000
  waterbird_complete50 = 1, forest2water2 = 0  [n = 53]:	loss = 0.014  exp loss = 0.117  adjusted loss = 0.117  adv prob = 0.250000   acc = 1.000
  waterbird_complete50 = 1, forest2water2 = 1  [n = 49]:	loss = 0.002  exp loss = 0.104  adjusted loss = 0.104  adv prob = 0.250000   acc = 1.000

Validation:
Average incurred loss: 0.384  
Average sample loss: 0.379  
Average acc: 0.922  
  waterbird_complete50 = 0, forest2water2 = 0  [n = 465]:	loss = 0.001  exp loss = 0.001  adjusted loss = 0.001  adv prob = 0.250000   acc = 1.000
  waterbird_complete50 = 0, forest2water2 = 1  [n = 466]:	loss = 0.020  exp loss = 0.018  adjusted loss = 0.018  adv prob = 0.250000   acc = 0.994
  waterbird_complete50 = 1, forest2water2 = 0  [n = 134]:	loss = 1.875  exp loss = 2.143  adjusted loss = 2.143  adv prob = 0.250000   acc = 0.657
  waterbird_complete50 = 1, forest2water2 = 1  [n = 134]:	loss = 1.489  exp loss = 1.486  adjusted loss = 1.486  adv prob = 0.250000   acc = 0.672
Current lr: 0.000010
Current validation accuracy: 0.6567164659500122


Epoch [216]:
Training:
Average incurred loss: 0.002  
Average sample loss: 0.002  
Average acc: 1.000  
  waterbird_complete50 = 0, forest2water2 = 0  [n = 68]:	loss = 0.000  exp loss = 0.000  adjusted loss = 0.000  adv prob = 0.250000   acc = 1.000
  waterbird_complete50 = 0, forest2water2 = 1  [n = 61]:	loss = 0.000  exp loss = 0.000  adjusted loss = 0.000  adv prob = 0.250000   acc = 1.000
  waterbird_complete50 = 1, forest2water2 = 0  [n = 44]:	loss = 0.007  exp loss = 0.078  adjusted loss = 0.078  adv prob = 0.250000   acc = 1.000
  waterbird_complete50 = 1, forest2water2 = 1  [n = 51]:	loss = 0.002  exp loss = 0.069  adjusted loss = 0.069  adv prob = 0.250000   acc = 1.000

Validation:
Average incurred loss: 0.325  
Average sample loss: 0.321  
Average acc: 0.933  
  waterbird_complete50 = 0, forest2water2 = 0  [n = 465]:	loss = 0.003  exp loss = 0.002  adjusted loss = 0.002  adv prob = 0.250000   acc = 0.998
  waterbird_complete50 = 0, forest2water2 = 1  [n = 466]:	loss = 0.028  exp loss = 0.025  adjusted loss = 0.025  adv prob = 0.250000   acc = 0.994
  waterbird_complete50 = 1, forest2water2 = 0  [n = 134]:	loss = 1.591  exp loss = 1.809  adjusted loss = 1.809  adv prob = 0.250000   acc = 0.701
  waterbird_complete50 = 1, forest2water2 = 1  [n = 134]:	loss = 1.212  exp loss = 1.226  adjusted loss = 1.226  adv prob = 0.250000   acc = 0.731
Current lr: 0.000010
Current validation accuracy: 0.7014925479888916


Epoch [217]:
Training:
Average incurred loss: 0.007  
Average sample loss: 0.007  
Average acc: 1.000  
  waterbird_complete50 = 0, forest2water2 = 0  [n = 58]:	loss = 0.000  exp loss = 0.000  adjusted loss = 0.000  adv prob = 0.250000   acc = 1.000
  waterbird_complete50 = 0, forest2water2 = 1  [n = 57]:	loss = 0.000  exp loss = 0.000  adjusted loss = 0.000  adv prob = 0.250000   acc = 1.000
  waterbird_complete50 = 1, forest2water2 = 0  [n = 49]:	loss = 0.013  exp loss = 0.057  adjusted loss = 0.057  adv prob = 0.250000   acc = 1.000
  waterbird_complete50 = 1, forest2water2 = 1  [n = 60]:	loss = 0.013  exp loss = 0.051  adjusted loss = 0.051  adv prob = 0.250000   acc = 1.000

Validation:
Average incurred loss: 0.332  
Average sample loss: 0.328  
Average acc: 0.933  
  waterbird_complete50 = 0, forest2water2 = 0  [n = 465]:	loss = 0.003  exp loss = 0.002  adjusted loss = 0.002  adv prob = 0.250000   acc = 0.998
  waterbird_complete50 = 0, forest2water2 = 1  [n = 466]:	loss = 0.027  exp loss = 0.024  adjusted loss = 0.024  adv prob = 0.250000   acc = 0.994
  waterbird_complete50 = 1, forest2water2 = 0  [n = 134]:	loss = 1.631  exp loss = 1.835  adjusted loss = 1.835  adv prob = 0.250000   acc = 0.701
  waterbird_complete50 = 1, forest2water2 = 1  [n = 134]:	loss = 1.241  exp loss = 1.250  adjusted loss = 1.250  adv prob = 0.250000   acc = 0.731
Current lr: 0.000010
Current validation accuracy: 0.7014925479888916


Epoch [218]:
Training:
Average incurred loss: 0.002  
Average sample loss: 0.003  
Average acc: 1.000  
  waterbird_complete50 = 0, forest2water2 = 0  [n = 59]:	loss = 0.000  exp loss = 0.000  adjusted loss = 0.000  adv prob = 0.250000   acc = 1.000
  waterbird_complete50 = 0, forest2water2 = 1  [n = 62]:	loss = 0.000  exp loss = 0.000  adjusted loss = 0.000  adv prob = 0.250000   acc = 1.000
  waterbird_complete50 = 1, forest2water2 = 0  [n = 52]:	loss = 0.007  exp loss = 0.040  adjusted loss = 0.040  adv prob = 0.250000   acc = 1.000
  waterbird_complete50 = 1, forest2water2 = 1  [n = 51]:	loss = 0.003  exp loss = 0.035  adjusted loss = 0.035  adv prob = 0.250000   acc = 1.000

Validation:
Average incurred loss: 0.313  
Average sample loss: 0.309  
Average acc: 0.934  
  waterbird_complete50 = 0, forest2water2 = 0  [n = 465]:	loss = 0.004  exp loss = 0.002  adjusted loss = 0.002  adv prob = 0.250000   acc = 0.998
  waterbird_complete50 = 0, forest2water2 = 1  [n = 466]:	loss = 0.031  exp loss = 0.028  adjusted loss = 0.028  adv prob = 0.250000   acc = 0.991
  waterbird_complete50 = 1, forest2water2 = 0  [n = 134]:	loss = 1.537  exp loss = 1.728  adjusted loss = 1.728  adv prob = 0.250000   acc = 0.709
  waterbird_complete50 = 1, forest2water2 = 1  [n = 134]:	loss = 1.140  exp loss = 1.157  adjusted loss = 1.157  adv prob = 0.250000   acc = 0.739
Current lr: 0.000010
Current validation accuracy: 0.7089552879333496


Epoch [219]:
Training:
Average incurred loss: 0.001  
Average sample loss: 0.001  
Average acc: 1.000  
  waterbird_complete50 = 0, forest2water2 = 0  [n = 77]:	loss = 0.000  exp loss = 0.000  adjusted loss = 0.000  adv prob = 0.250000   acc = 1.000
  waterbird_complete50 = 0, forest2water2 = 1  [n = 54]:	loss = 0.000  exp loss = 0.000  adjusted loss = 0.000  adv prob = 0.250000   acc = 1.000
  waterbird_complete50 = 1, forest2water2 = 0  [n = 49]:	loss = 0.002  exp loss = 0.027  adjusted loss = 0.027  adv prob = 0.250000   acc = 1.000
  waterbird_complete50 = 1, forest2water2 = 1  [n = 44]:	loss = 0.001  exp loss = 0.023  adjusted loss = 0.023  adv prob = 0.250000   acc = 1.000

Validation:
Average incurred loss: 0.275  
Average sample loss: 0.272  
Average acc: 0.942  
  waterbird_complete50 = 0, forest2water2 = 0  [n = 465]:	loss = 0.006  exp loss = 0.003  adjusted loss = 0.003  adv prob = 0.250000   acc = 0.998
  waterbird_complete50 = 0, forest2water2 = 1  [n = 466]:	loss = 0.038  exp loss = 0.034  adjusted loss = 0.034  adv prob = 0.250000   acc = 0.989
  waterbird_complete50 = 1, forest2water2 = 0  [n = 134]:	loss = 1.349  exp loss = 1.488  adjusted loss = 1.488  adv prob = 0.250000   acc = 0.754
  waterbird_complete50 = 1, forest2water2 = 1  [n = 134]:	loss = 0.962  exp loss = 0.988  adjusted loss = 0.988  adv prob = 0.250000   acc = 0.776
Current lr: 0.000010
Current validation accuracy: 0.753731369972229


Epoch [220]:
Training:
Average incurred loss: 0.029  
Average sample loss: 0.025  
Average acc: 0.991  
  waterbird_complete50 = 0, forest2water2 = 0  [n = 51]:	loss = 0.000  exp loss = 0.000  adjusted loss = 0.000  adv prob = 0.250000   acc = 1.000
  waterbird_complete50 = 0, forest2water2 = 1  [n = 60]:	loss = 0.000  exp loss = 0.000  adjusted loss = 0.000  adv prob = 0.250000   acc = 1.000
  waterbird_complete50 = 1, forest2water2 = 0  [n = 52]:	loss = 0.089  exp loss = 0.041  adjusted loss = 0.041  adv prob = 0.250000   acc = 0.962
  waterbird_complete50 = 1, forest2water2 = 1  [n = 61]:	loss = 0.030  exp loss = 0.024  adjusted loss = 0.024  adv prob = 0.250000   acc = 1.000

Validation:
Average incurred loss: 0.296  
Average sample loss: 0.292  
Average acc: 0.938  
  waterbird_complete50 = 0, forest2water2 = 0  [n = 465]:	loss = 0.004  exp loss = 0.002  adjusted loss = 0.002  adv prob = 0.250000   acc = 0.998
  waterbird_complete50 = 0, forest2water2 = 1  [n = 466]:	loss = 0.034  exp loss = 0.030  adjusted loss = 0.030  adv prob = 0.250000   acc = 0.989
  waterbird_complete50 = 1, forest2water2 = 0  [n = 134]:	loss = 1.457  exp loss = 1.623  adjusted loss = 1.623  adv prob = 0.250000   acc = 0.724
  waterbird_complete50 = 1, forest2water2 = 1  [n = 134]:	loss = 1.060  exp loss = 1.079  adjusted loss = 1.079  adv prob = 0.250000   acc = 0.769
Current lr: 0.000010
Current validation accuracy: 0.7238806486129761


Epoch [221]:
Training:
Average incurred loss: 0.043  
Average sample loss: 0.041  
Average acc: 0.991  
  waterbird_complete50 = 0, forest2water2 = 0  [n = 46]:	loss = 0.000  exp loss = 0.000  adjusted loss = 0.000  adv prob = 0.250000   acc = 1.000
  waterbird_complete50 = 0, forest2water2 = 1  [n = 58]:	loss = 0.000  exp loss = 0.000  adjusted loss = 0.000  adv prob = 0.250000   acc = 1.000
  waterbird_complete50 = 1, forest2water2 = 0  [n = 60]:	loss = 0.083  exp loss = 0.053  adjusted loss = 0.053  adv prob = 0.250000   acc = 1.000
  waterbird_complete50 = 1, forest2water2 = 1  [n = 60]:	loss = 0.076  exp loss = 0.034  adjusted loss = 0.034  adv prob = 0.250000   acc = 0.967

Validation:
Average incurred loss: 0.336  
Average sample loss: 0.331  
Average acc: 0.932  
  waterbird_complete50 = 0, forest2water2 = 0  [n = 465]:	loss = 0.002  exp loss = 0.001  adjusted loss = 0.001  adv prob = 0.250000   acc = 1.000
  waterbird_complete50 = 0, forest2water2 = 1  [n = 466]:	loss = 0.027  exp loss = 0.024  adjusted loss = 0.024  adv prob = 0.250000   acc = 0.994
  waterbird_complete50 = 1, forest2water2 = 0  [n = 134]:	loss = 1.658  exp loss = 1.871  adjusted loss = 1.871  adv prob = 0.250000   acc = 0.701
  waterbird_complete50 = 1, forest2water2 = 1  [n = 134]:	loss = 1.247  exp loss = 1.259  adjusted loss = 1.259  adv prob = 0.250000   acc = 0.716
Current lr: 0.000010
Current validation accuracy: 0.7014925479888916


Epoch [222]:
Training:
Average incurred loss: 0.004  
Average sample loss: 0.004  
Average acc: 1.000  
  waterbird_complete50 = 0, forest2water2 = 0  [n = 52]:	loss = 0.000  exp loss = 0.000  adjusted loss = 0.000  adv prob = 0.250000   acc = 1.000
  waterbird_complete50 = 0, forest2water2 = 1  [n = 65]:	loss = 0.000  exp loss = 0.000  adjusted loss = 0.000  adv prob = 0.250000   acc = 1.000
  waterbird_complete50 = 1, forest2water2 = 0  [n = 61]:	loss = 0.009  exp loss = 0.037  adjusted loss = 0.037  adv prob = 0.250000   acc = 1.000
  waterbird_complete50 = 1, forest2water2 = 1  [n = 46]:	loss = 0.006  exp loss = 0.025  adjusted loss = 0.025  adv prob = 0.250000   acc = 1.000

Validation:
Average incurred loss: 0.324  
Average sample loss: 0.319  
Average acc: 0.932  
  waterbird_complete50 = 0, forest2water2 = 0  [n = 465]:	loss = 0.003  exp loss = 0.001  adjusted loss = 0.001  adv prob = 0.250000   acc = 0.998
  waterbird_complete50 = 0, forest2water2 = 1  [n = 466]:	loss = 0.028  exp loss = 0.025  adjusted loss = 0.025  adv prob = 0.250000   acc = 0.994
  waterbird_complete50 = 1, forest2water2 = 0  [n = 134]:	loss = 1.595  exp loss = 1.786  adjusted loss = 1.786  adv prob = 0.250000   acc = 0.701
  waterbird_complete50 = 1, forest2water2 = 1  [n = 134]:	loss = 1.194  exp loss = 1.206  adjusted loss = 1.206  adv prob = 0.250000   acc = 0.724
Current lr: 0.000010
Current validation accuracy: 0.7014925479888916


Epoch [223]:
Training:
Average incurred loss: 0.009  
Average sample loss: 0.008  
Average acc: 1.000  
  waterbird_complete50 = 0, forest2water2 = 0  [n = 48]:	loss = 0.000  exp loss = 0.000  adjusted loss = 0.000  adv prob = 0.250000   acc = 1.000
  waterbird_complete50 = 0, forest2water2 = 1  [n = 62]:	loss = 0.000  exp loss = 0.000  adjusted loss = 0.000  adv prob = 0.250000   acc = 1.000
  waterbird_complete50 = 1, forest2water2 = 0  [n = 61]:	loss = 0.017  exp loss = 0.029  adjusted loss = 0.029  adv prob = 0.250000   acc = 1.000
  waterbird_complete50 = 1, forest2water2 = 1  [n = 53]:	loss = 0.017  exp loss = 0.021  adjusted loss = 0.021  adv prob = 0.250000   acc = 1.000

Validation:
Average incurred loss: 0.332  
Average sample loss: 0.328  
Average acc: 0.932  
  waterbird_complete50 = 0, forest2water2 = 0  [n = 465]:	loss = 0.003  exp loss = 0.001  adjusted loss = 0.001  adv prob = 0.250000   acc = 0.998
  waterbird_complete50 = 0, forest2water2 = 1  [n = 466]:	loss = 0.026  exp loss = 0.023  adjusted loss = 0.023  adv prob = 0.250000   acc = 0.994
  waterbird_complete50 = 1, forest2water2 = 0  [n = 134]:	loss = 1.637  exp loss = 1.834  adjusted loss = 1.834  adv prob = 0.250000   acc = 0.701
  waterbird_complete50 = 1, forest2water2 = 1  [n = 134]:	loss = 1.236  exp loss = 1.244  adjusted loss = 1.244  adv prob = 0.250000   acc = 0.716
Current lr: 0.000010
Current validation accuracy: 0.7014925479888916


Epoch [224]:
Training:
Average incurred loss: 0.023  
Average sample loss: 0.021  
Average acc: 0.996  
  waterbird_complete50 = 0, forest2water2 = 0  [n = 57]:	loss = 0.000  exp loss = 0.000  adjusted loss = 0.000  adv prob = 0.250000   acc = 1.000
  waterbird_complete50 = 0, forest2water2 = 1  [n = 60]:	loss = 0.000  exp loss = 0.000  adjusted loss = 0.000  adv prob = 0.250000   acc = 1.000
  waterbird_complete50 = 1, forest2water2 = 0  [n = 55]:	loss = 0.053  exp loss = 0.030  adjusted loss = 0.030  adv prob = 0.250000   acc = 1.000
  waterbird_complete50 = 1, forest2water2 = 1  [n = 52]:	loss = 0.043  exp loss = 0.025  adjusted loss = 0.025  adv prob = 0.250000   acc = 0.981

Validation:
Average incurred loss: 0.322  
Average sample loss: 0.317  
Average acc: 0.934  
  waterbird_complete50 = 0, forest2water2 = 0  [n = 465]:	loss = 0.003  exp loss = 0.001  adjusted loss = 0.001  adv prob = 0.250000   acc = 0.998
  waterbird_complete50 = 0, forest2water2 = 1  [n = 466]:	loss = 0.029  exp loss = 0.025  adjusted loss = 0.025  adv prob = 0.250000   acc = 0.994
  waterbird_complete50 = 1, forest2water2 = 0  [n = 134]:	loss = 1.584  exp loss = 1.785  adjusted loss = 1.785  adv prob = 0.250000   acc = 0.701
  waterbird_complete50 = 1, forest2water2 = 1  [n = 134]:	loss = 1.188  exp loss = 1.195  adjusted loss = 1.195  adv prob = 0.250000   acc = 0.739
Current lr: 0.000010
Current validation accuracy: 0.7014925479888916


Epoch [225]:
Training:
Average incurred loss: 0.049  
Average sample loss: 0.048  
Average acc: 0.982  
  waterbird_complete50 = 0, forest2water2 = 0  [n = 53]:	loss = 0.000  exp loss = 0.000  adjusted loss = 0.000  adv prob = 0.250000   acc = 1.000
  waterbird_complete50 = 0, forest2water2 = 1  [n = 49]:	loss = 0.000  exp loss = 0.000  adjusted loss = 0.000  adv prob = 0.250000   acc = 1.000
  waterbird_complete50 = 1, forest2water2 = 0  [n = 60]:	loss = 0.088  exp loss = 0.050  adjusted loss = 0.050  adv prob = 0.250000   acc = 0.967
  waterbird_complete50 = 1, forest2water2 = 1  [n = 62]:	loss = 0.090  exp loss = 0.039  adjusted loss = 0.039  adv prob = 0.250000   acc = 0.968

Validation:
Average incurred loss: 0.356  
Average sample loss: 0.351  
Average acc: 0.930  
  waterbird_complete50 = 0, forest2water2 = 0  [n = 465]:	loss = 0.002  exp loss = 0.001  adjusted loss = 0.001  adv prob = 0.250000   acc = 1.000
  waterbird_complete50 = 0, forest2water2 = 1  [n = 466]:	loss = 0.024  exp loss = 0.021  adjusted loss = 0.021  adv prob = 0.250000   acc = 0.994
  waterbird_complete50 = 1, forest2water2 = 0  [n = 134]:	loss = 1.749  exp loss = 1.983  adjusted loss = 1.983  adv prob = 0.250000   acc = 0.679
  waterbird_complete50 = 1, forest2water2 = 1  [n = 134]:	loss = 1.345  exp loss = 1.345  adjusted loss = 1.345  adv prob = 0.250000   acc = 0.716
Current lr: 0.000010
Current validation accuracy: 0.6791044473648071


Epoch [226]:
Training:
Average incurred loss: 0.011  
Average sample loss: 0.011  
Average acc: 1.000  
  waterbird_complete50 = 0, forest2water2 = 0  [n = 57]:	loss = 0.000  exp loss = 0.000  adjusted loss = 0.000  adv prob = 0.250000   acc = 1.000
  waterbird_complete50 = 0, forest2water2 = 1  [n = 55]:	loss = 0.000  exp loss = 0.000  adjusted loss = 0.000  adv prob = 0.250000   acc = 1.000
  waterbird_complete50 = 1, forest2water2 = 0  [n = 66]:	loss = 0.033  exp loss = 0.044  adjusted loss = 0.044  adv prob = 0.250000   acc = 1.000
  waterbird_complete50 = 1, forest2water2 = 1  [n = 46]:	loss = 0.007  exp loss = 0.028  adjusted loss = 0.028  adv prob = 0.250000   acc = 1.000

Validation:
Average incurred loss: 0.364  
Average sample loss: 0.359  
Average acc: 0.927  
  waterbird_complete50 = 0, forest2water2 = 0  [n = 465]:	loss = 0.001  exp loss = 0.001  adjusted loss = 0.001  adv prob = 0.250000   acc = 1.000
  waterbird_complete50 = 0, forest2water2 = 1  [n = 466]:	loss = 0.023  exp loss = 0.020  adjusted loss = 0.020  adv prob = 0.250000   acc = 0.994
  waterbird_complete50 = 1, forest2water2 = 0  [n = 134]:	loss = 1.791  exp loss = 2.009  adjusted loss = 2.009  adv prob = 0.250000   acc = 0.672
  waterbird_complete50 = 1, forest2water2 = 1  [n = 134]:	loss = 1.386  exp loss = 1.380  adjusted loss = 1.380  adv prob = 0.250000   acc = 0.694
Current lr: 0.000010
Current validation accuracy: 0.6716418266296387


Epoch [227]:
Training:
Average incurred loss: 0.061  
Average sample loss: 0.054  
Average acc: 0.960  
  waterbird_complete50 = 0, forest2water2 = 0  [n = 50]:	loss = 0.000  exp loss = 0.000  adjusted loss = 0.000  adv prob = 0.250000   acc = 1.000
  waterbird_complete50 = 0, forest2water2 = 1  [n = 55]:	loss = 0.000  exp loss = 0.000  adjusted loss = 0.000  adv prob = 0.250000   acc = 1.000
  waterbird_complete50 = 1, forest2water2 = 0  [n = 60]:	loss = 0.158  exp loss = 0.076  adjusted loss = 0.076  adv prob = 0.250000   acc = 0.900
  waterbird_complete50 = 1, forest2water2 = 1  [n = 59]:	loss = 0.070  exp loss = 0.035  adjusted loss = 0.035  adv prob = 0.250000   acc = 0.949

Validation:
Average incurred loss: 0.371  
Average sample loss: 0.365  
Average acc: 0.927  
  waterbird_complete50 = 0, forest2water2 = 0  [n = 465]:	loss = 0.001  exp loss = 0.001  adjusted loss = 0.001  adv prob = 0.250000   acc = 1.000
  waterbird_complete50 = 0, forest2water2 = 1  [n = 466]:	loss = 0.022  exp loss = 0.019  adjusted loss = 0.019  adv prob = 0.250000   acc = 0.994
  waterbird_complete50 = 1, forest2water2 = 0  [n = 134]:	loss = 1.806  exp loss = 2.049  adjusted loss = 2.049  adv prob = 0.250000   acc = 0.672
  waterbird_complete50 = 1, forest2water2 = 1  [n = 134]:	loss = 1.431  exp loss = 1.424  adjusted loss = 1.424  adv prob = 0.250000   acc = 0.701
Current lr: 0.000010
Current validation accuracy: 0.6716418266296387


Epoch [228]:
Training:
Average incurred loss: 0.006  
Average sample loss: 0.007  
Average acc: 1.000  
  waterbird_complete50 = 0, forest2water2 = 0  [n = 52]:	loss = 0.000  exp loss = 0.000  adjusted loss = 0.000  adv prob = 0.250000   acc = 1.000
  waterbird_complete50 = 0, forest2water2 = 1  [n = 58]:	loss = 0.000  exp loss = 0.000  adjusted loss = 0.000  adv prob = 0.250000   acc = 1.000
  waterbird_complete50 = 1, forest2water2 = 0  [n = 63]:	loss = 0.018  exp loss = 0.056  adjusted loss = 0.056  adv prob = 0.250000   acc = 1.000
  waterbird_complete50 = 1, forest2water2 = 1  [n = 51]:	loss = 0.004  exp loss = 0.025  adjusted loss = 0.025  adv prob = 0.250000   acc = 1.000

Validation:
Average incurred loss: 0.361  
Average sample loss: 0.356  
Average acc: 0.928  
  waterbird_complete50 = 0, forest2water2 = 0  [n = 465]:	loss = 0.001  exp loss = 0.001  adjusted loss = 0.001  adv prob = 0.250000   acc = 1.000
  waterbird_complete50 = 0, forest2water2 = 1  [n = 466]:	loss = 0.023  exp loss = 0.020  adjusted loss = 0.020  adv prob = 0.250000   acc = 0.994
  waterbird_complete50 = 1, forest2water2 = 0  [n = 134]:	loss = 1.765  exp loss = 2.000  adjusted loss = 2.000  adv prob = 0.250000   acc = 0.672
  waterbird_complete50 = 1, forest2water2 = 1  [n = 134]:	loss = 1.381  exp loss = 1.386  adjusted loss = 1.386  adv prob = 0.250000   acc = 0.709
Current lr: 0.000010
Current validation accuracy: 0.6716418266296387


Epoch [229]:
Training:
Average incurred loss: 0.047  
Average sample loss: 0.078  
Average acc: 0.982  
  waterbird_complete50 = 0, forest2water2 = 0  [n = 60]:	loss = 0.000  exp loss = 0.000  adjusted loss = 0.000  adv prob = 0.250000   acc = 1.000
  waterbird_complete50 = 0, forest2water2 = 1  [n = 56]:	loss = 0.000  exp loss = 0.000  adjusted loss = 0.000  adv prob = 0.250000   acc = 1.000
  waterbird_complete50 = 1, forest2water2 = 0  [n = 63]:	loss = 0.162  exp loss = 0.118  adjusted loss = 0.118  adv prob = 0.250000   acc = 0.937
  waterbird_complete50 = 1, forest2water2 = 1  [n = 45]:	loss = 0.007  exp loss = 0.019  adjusted loss = 0.019  adv prob = 0.250000   acc = 1.000

Validation:
Average incurred loss: 0.355  
Average sample loss: 0.350  
Average acc: 0.929  
  waterbird_complete50 = 0, forest2water2 = 0  [n = 465]:	loss = 0.002  exp loss = 0.001  adjusted loss = 0.001  adv prob = 0.250000   acc = 1.000
  waterbird_complete50 = 0, forest2water2 = 1  [n = 466]:	loss = 0.023  exp loss = 0.020  adjusted loss = 0.020  adv prob = 0.250000   acc = 0.994
  waterbird_complete50 = 1, forest2water2 = 0  [n = 134]:	loss = 1.745  exp loss = 1.962  adjusted loss = 1.962  adv prob = 0.250000   acc = 0.679
  waterbird_complete50 = 1, forest2water2 = 1  [n = 134]:	loss = 1.344  exp loss = 1.351  adjusted loss = 1.351  adv prob = 0.250000   acc = 0.709
Current lr: 0.000010
Current validation accuracy: 0.6791044473648071


Epoch [230]:
Training:
Average incurred loss: 0.007  
Average sample loss: 0.010  
Average acc: 1.000  
  waterbird_complete50 = 0, forest2water2 = 0  [n = 57]:	loss = 0.000  exp loss = 0.000  adjusted loss = 0.000  adv prob = 0.250000   acc = 1.000
  waterbird_complete50 = 0, forest2water2 = 1  [n = 56]:	loss = 0.000  exp loss = 0.000  adjusted loss = 0.000  adv prob = 0.250000   acc = 1.000
  waterbird_complete50 = 1, forest2water2 = 0  [n = 57]:	loss = 0.014  exp loss = 0.084  adjusted loss = 0.084  adv prob = 0.250000   acc = 1.000
  waterbird_complete50 = 1, forest2water2 = 1  [n = 54]:	loss = 0.013  exp loss = 0.020  adjusted loss = 0.020  adv prob = 0.250000   acc = 1.000

Validation:
Average incurred loss: 0.355  
Average sample loss: 0.350  
Average acc: 0.928  
  waterbird_complete50 = 0, forest2water2 = 0  [n = 465]:	loss = 0.002  exp loss = 0.001  adjusted loss = 0.001  adv prob = 0.250000   acc = 1.000
  waterbird_complete50 = 0, forest2water2 = 1  [n = 466]:	loss = 0.023  exp loss = 0.020  adjusted loss = 0.020  adv prob = 0.250000   acc = 0.994
  waterbird_complete50 = 1, forest2water2 = 0  [n = 134]:	loss = 1.741  exp loss = 1.946  adjusted loss = 1.946  adv prob = 0.250000   acc = 0.672
  waterbird_complete50 = 1, forest2water2 = 1  [n = 134]:	loss = 1.351  exp loss = 1.355  adjusted loss = 1.355  adv prob = 0.250000   acc = 0.709
Current lr: 0.000010
Current validation accuracy: 0.6716418266296387


Epoch [231]:
Training:
Average incurred loss: 0.035  
Average sample loss: 0.031  
Average acc: 0.991  
  waterbird_complete50 = 0, forest2water2 = 0  [n = 46]:	loss = 0.000  exp loss = 0.000  adjusted loss = 0.000  adv prob = 0.250000   acc = 1.000
  waterbird_complete50 = 0, forest2water2 = 1  [n = 59]:	loss = 0.000  exp loss = 0.000  adjusted loss = 0.000  adv prob = 0.250000   acc = 1.000
  waterbird_complete50 = 1, forest2water2 = 0  [n = 46]:	loss = 0.060  exp loss = 0.073  adjusted loss = 0.073  adv prob = 0.250000   acc = 1.000
  waterbird_complete50 = 1, forest2water2 = 1  [n = 73]:	loss = 0.068  exp loss = 0.032  adjusted loss = 0.032  adv prob = 0.250000   acc = 0.973

Validation:
Average incurred loss: 0.370  
Average sample loss: 0.365  
Average acc: 0.927  
  waterbird_complete50 = 0, forest2water2 = 0  [n = 465]:	loss = 0.002  exp loss = 0.001  adjusted loss = 0.001  adv prob = 0.250000   acc = 1.000
  waterbird_complete50 = 0, forest2water2 = 1  [n = 466]:	loss = 0.022  exp loss = 0.019  adjusted loss = 0.019  adv prob = 0.250000   acc = 0.994
  waterbird_complete50 = 1, forest2water2 = 0  [n = 134]:	loss = 1.795  exp loss = 2.024  adjusted loss = 2.024  adv prob = 0.250000   acc = 0.672
  waterbird_complete50 = 1, forest2water2 = 1  [n = 134]:	loss = 1.434  exp loss = 1.438  adjusted loss = 1.438  adv prob = 0.250000   acc = 0.701
Current lr: 0.000010
Current validation accuracy: 0.6716418266296387


Epoch [232]:
Training:
Average incurred loss: 0.032  
Average sample loss: 0.028  
Average acc: 0.996  
  waterbird_complete50 = 0, forest2water2 = 0  [n = 51]:	loss = 0.000  exp loss = 0.000  adjusted loss = 0.000  adv prob = 0.250000   acc = 1.000
  waterbird_complete50 = 0, forest2water2 = 1  [n = 53]:	loss = 0.000  exp loss = 0.000  adjusted loss = 0.000  adv prob = 0.250000   acc = 1.000
  waterbird_complete50 = 1, forest2water2 = 0  [n = 67]:	loss = 0.091  exp loss = 0.075  adjusted loss = 0.075  adv prob = 0.250000   acc = 0.985
  waterbird_complete50 = 1, forest2water2 = 1  [n = 53]:	loss = 0.019  exp loss = 0.025  adjusted loss = 0.025  adv prob = 0.250000   acc = 1.000

Validation:
Average incurred loss: 0.372  
Average sample loss: 0.367  
Average acc: 0.926  
  waterbird_complete50 = 0, forest2water2 = 0  [n = 465]:	loss = 0.001  exp loss = 0.001  adjusted loss = 0.001  adv prob = 0.250000   acc = 1.000
  waterbird_complete50 = 0, forest2water2 = 1  [n = 466]:	loss = 0.022  exp loss = 0.020  adjusted loss = 0.020  adv prob = 0.250000   acc = 0.994
  waterbird_complete50 = 1, forest2water2 = 0  [n = 134]:	loss = 1.828  exp loss = 2.056  adjusted loss = 2.056  adv prob = 0.250000   acc = 0.657
  waterbird_complete50 = 1, forest2water2 = 1  [n = 134]:	loss = 1.421  exp loss = 1.427  adjusted loss = 1.427  adv prob = 0.250000   acc = 0.701
Current lr: 0.000010
Current validation accuracy: 0.6567164659500122


Epoch [233]:
Training:
Average incurred loss: 0.015  
Average sample loss: 0.013  
Average acc: 1.000  
  waterbird_complete50 = 0, forest2water2 = 0  [n = 53]:	loss = 0.000  exp loss = 0.000  adjusted loss = 0.000  adv prob = 0.250000   acc = 1.000
  waterbird_complete50 = 0, forest2water2 = 1  [n = 59]:	loss = 0.000  exp loss = 0.000  adjusted loss = 0.000  adv prob = 0.250000   acc = 1.000
  waterbird_complete50 = 1, forest2water2 = 0  [n = 56]:	loss = 0.050  exp loss = 0.063  adjusted loss = 0.063  adv prob = 0.250000   acc = 1.000
  waterbird_complete50 = 1, forest2water2 = 1  [n = 56]:	loss = 0.009  exp loss = 0.019  adjusted loss = 0.019  adv prob = 0.250000   acc = 1.000

Validation:
Average incurred loss: 0.367  
Average sample loss: 0.361  
Average acc: 0.926  
  waterbird_complete50 = 0, forest2water2 = 0  [n = 465]:	loss = 0.001  exp loss = 0.001  adjusted loss = 0.001  adv prob = 0.250000   acc = 1.000
  waterbird_complete50 = 0, forest2water2 = 1  [n = 466]:	loss = 0.022  exp loss = 0.020  adjusted loss = 0.020  adv prob = 0.250000   acc = 0.994
  waterbird_complete50 = 1, forest2water2 = 0  [n = 134]:	loss = 1.804  exp loss = 2.044  adjusted loss = 2.044  adv prob = 0.250000   acc = 0.657
  waterbird_complete50 = 1, forest2water2 = 1  [n = 134]:	loss = 1.395  exp loss = 1.403  adjusted loss = 1.403  adv prob = 0.250000   acc = 0.701
Current lr: 0.000010
Current validation accuracy: 0.6567164659500122


Epoch [234]:
Training:
Average incurred loss: 0.052  
Average sample loss: 0.048  
Average acc: 0.987  
  waterbird_complete50 = 0, forest2water2 = 0  [n = 48]:	loss = 0.000  exp loss = 0.000  adjusted loss = 0.000  adv prob = 0.250000   acc = 1.000
  waterbird_complete50 = 0, forest2water2 = 1  [n = 53]:	loss = 0.000  exp loss = 0.000  adjusted loss = 0.000  adv prob = 0.250000   acc = 1.000
  waterbird_complete50 = 1, forest2water2 = 0  [n = 63]:	loss = 0.140  exp loss = 0.087  adjusted loss = 0.087  adv prob = 0.250000   acc = 0.952
  waterbird_complete50 = 1, forest2water2 = 1  [n = 60]:	loss = 0.045  exp loss = 0.029  adjusted loss = 0.029  adv prob = 0.250000   acc = 1.000

Validation:
Average incurred loss: 0.395  
Average sample loss: 0.389  
Average acc: 0.922  
  waterbird_complete50 = 0, forest2water2 = 0  [n = 465]:	loss = 0.001  exp loss = 0.001  adjusted loss = 0.001  adv prob = 0.250000   acc = 1.000
  waterbird_complete50 = 0, forest2water2 = 1  [n = 466]:	loss = 0.017  exp loss = 0.015  adjusted loss = 0.015  adv prob = 0.250000   acc = 0.994
  waterbird_complete50 = 1, forest2water2 = 0  [n = 134]:	loss = 1.944  exp loss = 2.204  adjusted loss = 2.204  adv prob = 0.250000   acc = 0.649
  waterbird_complete50 = 1, forest2water2 = 1  [n = 134]:	loss = 1.525  exp loss = 1.530  adjusted loss = 1.530  adv prob = 0.250000   acc = 0.672
Current lr: 0.000010
Current validation accuracy: 0.6492537260055542


Epoch [235]:
Training:
Average incurred loss: 0.029  
Average sample loss: 0.045  
Average acc: 0.991  
  waterbird_complete50 = 0, forest2water2 = 0  [n = 60]:	loss = 0.000  exp loss = 0.000  adjusted loss = 0.000  adv prob = 0.250000   acc = 1.000
  waterbird_complete50 = 0, forest2water2 = 1  [n = 55]:	loss = 0.000  exp loss = 0.000  adjusted loss = 0.000  adv prob = 0.250000   acc = 1.000
  waterbird_complete50 = 1, forest2water2 = 0  [n = 51]:	loss = 0.102  exp loss = 0.120  adjusted loss = 0.120  adv prob = 0.250000   acc = 0.980
  waterbird_complete50 = 1, forest2water2 = 1  [n = 58]:	loss = 0.023  exp loss = 0.029  adjusted loss = 0.029  adv prob = 0.250000   acc = 0.983

Validation:
Average incurred loss: 0.379  
Average sample loss: 0.374  
Average acc: 0.924  
  waterbird_complete50 = 0, forest2water2 = 0  [n = 465]:	loss = 0.001  exp loss = 0.001  adjusted loss = 0.001  adv prob = 0.250000   acc = 1.000
  waterbird_complete50 = 0, forest2water2 = 1  [n = 466]:	loss = 0.020  exp loss = 0.018  adjusted loss = 0.018  adv prob = 0.250000   acc = 0.994
  waterbird_complete50 = 1, forest2water2 = 0  [n = 134]:	loss = 1.870  exp loss = 2.125  adjusted loss = 2.125  adv prob = 0.250000   acc = 0.657
  waterbird_complete50 = 1, forest2water2 = 1  [n = 134]:	loss = 1.452  exp loss = 1.451  adjusted loss = 1.451  adv prob = 0.250000   acc = 0.687
Current lr: 0.000010
Current validation accuracy: 0.6567164659500122


Epoch [236]:
Training:
Average incurred loss: 0.046  
Average sample loss: 0.065  
Average acc: 0.982  
  waterbird_complete50 = 0, forest2water2 = 0  [n = 50]:	loss = 0.000  exp loss = 0.000  adjusted loss = 0.000  adv prob = 0.250000   acc = 1.000
  waterbird_complete50 = 0, forest2water2 = 1  [n = 49]:	loss = 0.000  exp loss = 0.000  adjusted loss = 0.000  adv prob = 0.250000   acc = 1.000
  waterbird_complete50 = 1, forest2water2 = 0  [n = 70]:	loss = 0.103  exp loss = 0.123  adjusted loss = 0.123  adv prob = 0.250000   acc = 0.957
  waterbird_complete50 = 1, forest2water2 = 1  [n = 55]:	loss = 0.057  exp loss = 0.058  adjusted loss = 0.058  adv prob = 0.250000   acc = 0.982

Validation:
Average incurred loss: 0.408  
Average sample loss: 0.402  
Average acc: 0.919  
  waterbird_complete50 = 0, forest2water2 = 0  [n = 465]:	loss = 0.001  exp loss = 0.000  adjusted loss = 0.000  adv prob = 0.250000   acc = 1.000
  waterbird_complete50 = 0, forest2water2 = 1  [n = 466]:	loss = 0.017  exp loss = 0.015  adjusted loss = 0.015  adv prob = 0.250000   acc = 0.994
  waterbird_complete50 = 1, forest2water2 = 0  [n = 134]:	loss = 2.009  exp loss = 2.278  adjusted loss = 2.278  adv prob = 0.250000   acc = 0.642
  waterbird_complete50 = 1, forest2water2 = 1  [n = 134]:	loss = 1.574  exp loss = 1.568  adjusted loss = 1.568  adv prob = 0.250000   acc = 0.657
Current lr: 0.000010
Current validation accuracy: 0.6417909860610962


Epoch [237]:
Training:
Average incurred loss: 0.077  
Average sample loss: 0.067  
Average acc: 0.982  
  waterbird_complete50 = 0, forest2water2 = 0  [n = 49]:	loss = 0.000  exp loss = 0.000  adjusted loss = 0.000  adv prob = 0.250000   acc = 1.000
  waterbird_complete50 = 0, forest2water2 = 1  [n = 48]:	loss = 0.000  exp loss = 0.000  adjusted loss = 0.000  adv prob = 0.250000   acc = 1.000
  waterbird_complete50 = 1, forest2water2 = 0  [n = 67]:	loss = 0.092  exp loss = 0.109  adjusted loss = 0.109  adv prob = 0.250000   acc = 0.955
  waterbird_complete50 = 1, forest2water2 = 1  [n = 60]:	loss = 0.183  exp loss = 0.082  adjusted loss = 0.082  adv prob = 0.250000   acc = 0.983

Validation:
Average incurred loss: 0.412  
Average sample loss: 0.406  
Average acc: 0.919  
  waterbird_complete50 = 0, forest2water2 = 0  [n = 465]:	loss = 0.001  exp loss = 0.000  adjusted loss = 0.000  adv prob = 0.250000   acc = 1.000
  waterbird_complete50 = 0, forest2water2 = 1  [n = 466]:	loss = 0.017  exp loss = 0.016  adjusted loss = 0.016  adv prob = 0.250000   acc = 0.994
  waterbird_complete50 = 1, forest2water2 = 0  [n = 134]:	loss = 2.015  exp loss = 2.281  adjusted loss = 2.281  adv prob = 0.250000   acc = 0.642
  waterbird_complete50 = 1, forest2water2 = 1  [n = 134]:	loss = 1.607  exp loss = 1.598  adjusted loss = 1.598  adv prob = 0.250000   acc = 0.657
Current lr: 0.000010
Current validation accuracy: 0.6417909860610962


Epoch [238]:
Training:
Average incurred loss: 0.012  
Average sample loss: 0.011  
Average acc: 1.000  
  waterbird_complete50 = 0, forest2water2 = 0  [n = 54]:	loss = 0.000  exp loss = 0.000  adjusted loss = 0.000  adv prob = 0.250000   acc = 1.000
  waterbird_complete50 = 0, forest2water2 = 1  [n = 60]:	loss = 0.000  exp loss = 0.000  adjusted loss = 0.000  adv prob = 0.250000   acc = 1.000
  waterbird_complete50 = 1, forest2water2 = 0  [n = 51]:	loss = 0.031  exp loss = 0.080  adjusted loss = 0.080  adv prob = 0.250000   acc = 1.000
  waterbird_complete50 = 1, forest2water2 = 1  [n = 59]:	loss = 0.018  exp loss = 0.059  adjusted loss = 0.059  adv prob = 0.250000   acc = 1.000

Validation:
Average incurred loss: 0.376  
Average sample loss: 0.371  
Average acc: 0.926  
  waterbird_complete50 = 0, forest2water2 = 0  [n = 465]:	loss = 0.001  exp loss = 0.001  adjusted loss = 0.001  adv prob = 0.250000   acc = 1.000
  waterbird_complete50 = 0, forest2water2 = 1  [n = 466]:	loss = 0.021  exp loss = 0.019  adjusted loss = 0.019  adv prob = 0.250000   acc = 0.994
  waterbird_complete50 = 1, forest2water2 = 0  [n = 134]:	loss = 1.843  exp loss = 2.091  adjusted loss = 2.091  adv prob = 0.250000   acc = 0.657
  waterbird_complete50 = 1, forest2water2 = 1  [n = 134]:	loss = 1.446  exp loss = 1.442  adjusted loss = 1.442  adv prob = 0.250000   acc = 0.701
Current lr: 0.000010
Current validation accuracy: 0.6567164659500122


Epoch [239]:
Training:
Average incurred loss: 0.013  
Average sample loss: 0.022  
Average acc: 0.996  
  waterbird_complete50 = 0, forest2water2 = 0  [n = 67]:	loss = 0.000  exp loss = 0.000  adjusted loss = 0.000  adv prob = 0.250000   acc = 1.000
  waterbird_complete50 = 0, forest2water2 = 1  [n = 56]:	loss = 0.000  exp loss = 0.000  adjusted loss = 0.000  adv prob = 0.250000   acc = 1.000
  waterbird_complete50 = 1, forest2water2 = 0  [n = 49]:	loss = 0.040  exp loss = 0.075  adjusted loss = 0.075  adv prob = 0.250000   acc = 0.980
  waterbird_complete50 = 1, forest2water2 = 1  [n = 52]:	loss = 0.020  exp loss = 0.047  adjusted loss = 0.047  adv prob = 0.250000   acc = 1.000

Validation:
Average incurred loss: 0.349  
Average sample loss: 0.344  
Average acc: 0.932  
  waterbird_complete50 = 0, forest2water2 = 0  [n = 465]:	loss = 0.002  exp loss = 0.001  adjusted loss = 0.001  adv prob = 0.250000   acc = 1.000
  waterbird_complete50 = 0, forest2water2 = 1  [n = 466]:	loss = 0.024  exp loss = 0.022  adjusted loss = 0.022  adv prob = 0.250000   acc = 0.994
  waterbird_complete50 = 1, forest2water2 = 0  [n = 134]:	loss = 1.713  exp loss = 1.945  adjusted loss = 1.945  adv prob = 0.250000   acc = 0.694
  waterbird_complete50 = 1, forest2water2 = 1  [n = 134]:	loss = 1.317  exp loss = 1.313  adjusted loss = 1.313  adv prob = 0.250000   acc = 0.716
Current lr: 0.000010
Current validation accuracy: 0.6940298080444336


Epoch [240]:
Training:
Average incurred loss: 0.004  
Average sample loss: 0.004  
Average acc: 1.000  
  waterbird_complete50 = 0, forest2water2 = 0  [n = 60]:	loss = 0.000  exp loss = 0.000  adjusted loss = 0.000  adv prob = 0.250000   acc = 1.000
  waterbird_complete50 = 0, forest2water2 = 1  [n = 66]:	loss = 0.000  exp loss = 0.000  adjusted loss = 0.000  adv prob = 0.250000   acc = 1.000
  waterbird_complete50 = 1, forest2water2 = 0  [n = 51]:	loss = 0.014  exp loss = 0.052  adjusted loss = 0.052  adv prob = 0.250000   acc = 1.000
  waterbird_complete50 = 1, forest2water2 = 1  [n = 47]:	loss = 0.003  exp loss = 0.032  adjusted loss = 0.032  adv prob = 0.250000   acc = 1.000

Validation:
Average incurred loss: 0.304  
Average sample loss: 0.300  
Average acc: 0.937  
  waterbird_complete50 = 0, forest2water2 = 0  [n = 465]:	loss = 0.004  exp loss = 0.002  adjusted loss = 0.002  adv prob = 0.250000   acc = 0.998
  waterbird_complete50 = 0, forest2water2 = 1  [n = 466]:	loss = 0.032  exp loss = 0.029  adjusted loss = 0.029  adv prob = 0.250000   acc = 0.989
  waterbird_complete50 = 1, forest2water2 = 0  [n = 134]:	loss = 1.495  exp loss = 1.668  adjusted loss = 1.668  adv prob = 0.250000   acc = 0.709
  waterbird_complete50 = 1, forest2water2 = 1  [n = 134]:	loss = 1.102  exp loss = 1.117  adjusted loss = 1.117  adv prob = 0.250000   acc = 0.769
Current lr: 0.000010
Current validation accuracy: 0.7089552879333496


Epoch [241]:
Training:
Average incurred loss: 0.026  
Average sample loss: 0.045  
Average acc: 0.991  
  waterbird_complete50 = 0, forest2water2 = 0  [n = 55]:	loss = 0.000  exp loss = 0.000  adjusted loss = 0.000  adv prob = 0.250000   acc = 1.000
  waterbird_complete50 = 0, forest2water2 = 1  [n = 63]:	loss = 0.000  exp loss = 0.000  adjusted loss = 0.000  adv prob = 0.250000   acc = 1.000
  waterbird_complete50 = 1, forest2water2 = 0  [n = 55]:	loss = 0.102  exp loss = 0.084  adjusted loss = 0.084  adv prob = 0.250000   acc = 0.964
  waterbird_complete50 = 1, forest2water2 = 1  [n = 51]:	loss = 0.006  exp loss = 0.024  adjusted loss = 0.024  adv prob = 0.250000   acc = 1.000

Validation:
Average incurred loss: 0.314  
Average sample loss: 0.310  
Average acc: 0.935  
  waterbird_complete50 = 0, forest2water2 = 0  [n = 465]:	loss = 0.003  exp loss = 0.002  adjusted loss = 0.002  adv prob = 0.250000   acc = 0.998
  waterbird_complete50 = 0, forest2water2 = 1  [n = 466]:	loss = 0.030  exp loss = 0.027  adjusted loss = 0.027  adv prob = 0.250000   acc = 0.991
  waterbird_complete50 = 1, forest2water2 = 0  [n = 134]:	loss = 1.539  exp loss = 1.725  adjusted loss = 1.725  adv prob = 0.250000   acc = 0.701
  waterbird_complete50 = 1, forest2water2 = 1  [n = 134]:	loss = 1.153  exp loss = 1.165  adjusted loss = 1.165  adv prob = 0.250000   acc = 0.754
Current lr: 0.000010
Current validation accuracy: 0.7014925479888916


Epoch [242]:
Training:
Average incurred loss: 0.072  
Average sample loss: 0.064  
Average acc: 0.955  
  waterbird_complete50 = 0, forest2water2 = 0  [n = 52]:	loss = 0.000  exp loss = 0.000  adjusted loss = 0.000  adv prob = 0.250000   acc = 1.000
  waterbird_complete50 = 0, forest2water2 = 1  [n = 48]:	loss = 0.000  exp loss = 0.000  adjusted loss = 0.000  adv prob = 0.250000   acc = 1.000
  waterbird_complete50 = 1, forest2water2 = 0  [n = 62]:	loss = 0.174  exp loss = 0.098  adjusted loss = 0.098  adv prob = 0.250000   acc = 0.903
  waterbird_complete50 = 1, forest2water2 = 1  [n = 62]:	loss = 0.085  exp loss = 0.039  adjusted loss = 0.039  adv prob = 0.250000   acc = 0.935

Validation:
Average incurred loss: 0.343  
Average sample loss: 0.338  
Average acc: 0.932  
  waterbird_complete50 = 0, forest2water2 = 0  [n = 465]:	loss = 0.002  exp loss = 0.001  adjusted loss = 0.001  adv prob = 0.250000   acc = 1.000
  waterbird_complete50 = 0, forest2water2 = 1  [n = 466]:	loss = 0.026  exp loss = 0.023  adjusted loss = 0.023  adv prob = 0.250000   acc = 0.994
  waterbird_complete50 = 1, forest2water2 = 0  [n = 134]:	loss = 1.680  exp loss = 1.907  adjusted loss = 1.907  adv prob = 0.250000   acc = 0.694
  waterbird_complete50 = 1, forest2water2 = 1  [n = 134]:	loss = 1.289  exp loss = 1.286  adjusted loss = 1.286  adv prob = 0.250000   acc = 0.716
Current lr: 0.000010
Current validation accuracy: 0.6940298080444336


Epoch [243]:
Training:
Average incurred loss: 0.002  
Average sample loss: 0.003  
Average acc: 1.000  
  waterbird_complete50 = 0, forest2water2 = 0  [n = 61]:	loss = 0.000  exp loss = 0.000  adjusted loss = 0.000  adv prob = 0.250000   acc = 1.000
  waterbird_complete50 = 0, forest2water2 = 1  [n = 65]:	loss = 0.000  exp loss = 0.000  adjusted loss = 0.000  adv prob = 0.250000   acc = 1.000
  waterbird_complete50 = 1, forest2water2 = 0  [n = 44]:	loss = 0.008  exp loss = 0.068  adjusted loss = 0.068  adv prob = 0.250000   acc = 1.000
  waterbird_complete50 = 1, forest2water2 = 1  [n = 54]:	loss = 0.002  exp loss = 0.026  adjusted loss = 0.026  adv prob = 0.250000   acc = 1.000

Validation:
Average incurred loss: 0.319  
Average sample loss: 0.315  
Average acc: 0.934  
  waterbird_complete50 = 0, forest2water2 = 0  [n = 465]:	loss = 0.003  exp loss = 0.001  adjusted loss = 0.001  adv prob = 0.250000   acc = 0.998
  waterbird_complete50 = 0, forest2water2 = 1  [n = 466]:	loss = 0.029  exp loss = 0.026  adjusted loss = 0.026  adv prob = 0.250000   acc = 0.994
  waterbird_complete50 = 1, forest2water2 = 0  [n = 134]:	loss = 1.562  exp loss = 1.767  adjusted loss = 1.767  adv prob = 0.250000   acc = 0.701
  waterbird_complete50 = 1, forest2water2 = 1  [n = 134]:	loss = 1.180  exp loss = 1.189  adjusted loss = 1.189  adv prob = 0.250000   acc = 0.739
Current lr: 0.000010
Current validation accuracy: 0.7014925479888916


Epoch [244]:
Training:
Average incurred loss: 0.052  
Average sample loss: 0.046  
Average acc: 0.978  
  waterbird_complete50 = 0, forest2water2 = 0  [n = 55]:	loss = 0.000  exp loss = 0.000  adjusted loss = 0.000  adv prob = 0.250000   acc = 1.000
  waterbird_complete50 = 0, forest2water2 = 1  [n = 47]:	loss = 0.000  exp loss = 0.000  adjusted loss = 0.000  adv prob = 0.250000   acc = 1.000
  waterbird_complete50 = 1, forest2water2 = 0  [n = 58]:	loss = 0.076  exp loss = 0.064  adjusted loss = 0.064  adv prob = 0.250000   acc = 0.948
  waterbird_complete50 = 1, forest2water2 = 1  [n = 64]:	loss = 0.111  exp loss = 0.042  adjusted loss = 0.042  adv prob = 0.250000   acc = 0.969

Validation:
Average incurred loss: 0.335  
Average sample loss: 0.331  
Average acc: 0.933  
  waterbird_complete50 = 0, forest2water2 = 0  [n = 465]:	loss = 0.003  exp loss = 0.001  adjusted loss = 0.001  adv prob = 0.250000   acc = 0.998
  waterbird_complete50 = 0, forest2water2 = 1  [n = 466]:	loss = 0.027  exp loss = 0.023  adjusted loss = 0.023  adv prob = 0.250000   acc = 0.994
  waterbird_complete50 = 1, forest2water2 = 0  [n = 134]:	loss = 1.637  exp loss = 1.843  adjusted loss = 1.843  adv prob = 0.250000   acc = 0.701
  waterbird_complete50 = 1, forest2water2 = 1  [n = 134]:	loss = 1.261  exp loss = 1.266  adjusted loss = 1.266  adv prob = 0.250000   acc = 0.731
Current lr: 0.000010
Current validation accuracy: 0.7014925479888916


Epoch [245]:
Training:
Average incurred loss: 0.008  
Average sample loss: 0.007  
Average acc: 1.000  
  waterbird_complete50 = 0, forest2water2 = 0  [n = 50]:	loss = 0.000  exp loss = 0.000  adjusted loss = 0.000  adv prob = 0.250000   acc = 1.000
  waterbird_complete50 = 0, forest2water2 = 1  [n = 61]:	loss = 0.000  exp loss = 0.000  adjusted loss = 0.000  adv prob = 0.250000   acc = 1.000
  waterbird_complete50 = 1, forest2water2 = 0  [n = 61]:	loss = 0.021  exp loss = 0.048  adjusted loss = 0.048  adv prob = 0.250000   acc = 1.000
  waterbird_complete50 = 1, forest2water2 = 1  [n = 52]:	loss = 0.010  exp loss = 0.030  adjusted loss = 0.030  adv prob = 0.250000   acc = 1.000

Validation:
Average incurred loss: 0.334  
Average sample loss: 0.329  
Average acc: 0.932  
  waterbird_complete50 = 0, forest2water2 = 0  [n = 465]:	loss = 0.003  exp loss = 0.001  adjusted loss = 0.001  adv prob = 0.250000   acc = 0.998
  waterbird_complete50 = 0, forest2water2 = 1  [n = 466]:	loss = 0.026  exp loss = 0.023  adjusted loss = 0.023  adv prob = 0.250000   acc = 0.994
  waterbird_complete50 = 1, forest2water2 = 0  [n = 134]:	loss = 1.626  exp loss = 1.831  adjusted loss = 1.831  adv prob = 0.250000   acc = 0.701
  waterbird_complete50 = 1, forest2water2 = 1  [n = 134]:	loss = 1.263  exp loss = 1.270  adjusted loss = 1.270  adv prob = 0.250000   acc = 0.724
Current lr: 0.000010
Current validation accuracy: 0.7014925479888916


Epoch [246]:
Training:
Average incurred loss: 0.013  
Average sample loss: 0.012  
Average acc: 1.000  
  waterbird_complete50 = 0, forest2water2 = 0  [n = 62]:	loss = 0.000  exp loss = 0.000  adjusted loss = 0.000  adv prob = 0.250000   acc = 1.000
  waterbird_complete50 = 0, forest2water2 = 1  [n = 45]:	loss = 0.000  exp loss = 0.000  adjusted loss = 0.000  adv prob = 0.250000   acc = 1.000
  waterbird_complete50 = 1, forest2water2 = 0  [n = 56]:	loss = 0.042  exp loss = 0.043  adjusted loss = 0.043  adv prob = 0.250000   acc = 1.000
  waterbird_complete50 = 1, forest2water2 = 1  [n = 61]:	loss = 0.010  exp loss = 0.024  adjusted loss = 0.024  adv prob = 0.250000   acc = 1.000

Validation:
Average incurred loss: 0.348  
Average sample loss: 0.343  
Average acc: 0.932  
  waterbird_complete50 = 0, forest2water2 = 0  [n = 465]:	loss = 0.002  exp loss = 0.001  adjusted loss = 0.001  adv prob = 0.250000   acc = 1.000
  waterbird_complete50 = 0, forest2water2 = 1  [n = 466]:	loss = 0.025  exp loss = 0.022  adjusted loss = 0.022  adv prob = 0.250000   acc = 0.994
  waterbird_complete50 = 1, forest2water2 = 0  [n = 134]:	loss = 1.695  exp loss = 1.913  adjusted loss = 1.913  adv prob = 0.250000   acc = 0.694
  waterbird_complete50 = 1, forest2water2 = 1  [n = 134]:	loss = 1.322  exp loss = 1.325  adjusted loss = 1.325  adv prob = 0.250000   acc = 0.716
Current lr: 0.000010
Current validation accuracy: 0.6940298080444336


Epoch [247]:
Training:
Average incurred loss: 0.052  
Average sample loss: 0.046  
Average acc: 0.982  
  waterbird_complete50 = 0, forest2water2 = 0  [n = 53]:	loss = 0.000  exp loss = 0.000  adjusted loss = 0.000  adv prob = 0.250000   acc = 1.000
  waterbird_complete50 = 0, forest2water2 = 1  [n = 50]:	loss = 0.000  exp loss = 0.000  adjusted loss = 0.000  adv prob = 0.250000   acc = 1.000
  waterbird_complete50 = 1, forest2water2 = 0  [n = 59]:	loss = 0.122  exp loss = 0.059  adjusted loss = 0.059  adv prob = 0.250000   acc = 0.966
  waterbird_complete50 = 1, forest2water2 = 1  [n = 62]:	loss = 0.072  exp loss = 0.033  adjusted loss = 0.033  adv prob = 0.250000   acc = 0.968

Validation:
Average incurred loss: 0.327  
Average sample loss: 0.323  
Average acc: 0.932  
  waterbird_complete50 = 0, forest2water2 = 0  [n = 465]:	loss = 0.003  exp loss = 0.001  adjusted loss = 0.001  adv prob = 0.250000   acc = 0.998
  waterbird_complete50 = 0, forest2water2 = 1  [n = 466]:	loss = 0.027  exp loss = 0.024  adjusted loss = 0.024  adv prob = 0.250000   acc = 0.994
  waterbird_complete50 = 1, forest2water2 = 0  [n = 134]:	loss = 1.591  exp loss = 1.776  adjusted loss = 1.776  adv prob = 0.250000   acc = 0.701
  waterbird_complete50 = 1, forest2water2 = 1  [n = 134]:	loss = 1.232  exp loss = 1.238  adjusted loss = 1.238  adv prob = 0.250000   acc = 0.724
Current lr: 0.000010
Current validation accuracy: 0.7014925479888916


Epoch [248]:
Training:
Average incurred loss: 0.025  
Average sample loss: 0.023  
Average acc: 0.987  
  waterbird_complete50 = 0, forest2water2 = 0  [n = 57]:	loss = 0.000  exp loss = 0.000  adjusted loss = 0.000  adv prob = 0.250000   acc = 1.000
  waterbird_complete50 = 0, forest2water2 = 1  [n = 55]:	loss = 0.000  exp loss = 0.000  adjusted loss = 0.000  adv prob = 0.250000   acc = 1.000
  waterbird_complete50 = 1, forest2water2 = 0  [n = 61]:	loss = 0.057  exp loss = 0.053  adjusted loss = 0.053  adv prob = 0.250000   acc = 0.967
  waterbird_complete50 = 1, forest2water2 = 1  [n = 51]:	loss = 0.040  exp loss = 0.033  adjusted loss = 0.033  adv prob = 0.250000   acc = 0.980

Validation:
Average incurred loss: 0.320  
Average sample loss: 0.316  
Average acc: 0.936  
  waterbird_complete50 = 0, forest2water2 = 0  [n = 465]:	loss = 0.003  exp loss = 0.002  adjusted loss = 0.002  adv prob = 0.250000   acc = 0.998
  waterbird_complete50 = 0, forest2water2 = 1  [n = 466]:	loss = 0.028  exp loss = 0.025  adjusted loss = 0.025  adv prob = 0.250000   acc = 0.994
  waterbird_complete50 = 1, forest2water2 = 0  [n = 134]:	loss = 1.562  exp loss = 1.748  adjusted loss = 1.748  adv prob = 0.250000   acc = 0.716
  waterbird_complete50 = 1, forest2water2 = 1  [n = 134]:	loss = 1.196  exp loss = 1.203  adjusted loss = 1.203  adv prob = 0.250000   acc = 0.739
Current lr: 0.000010
Current validation accuracy: 0.7164179086685181


Epoch [249]:
Training:
Average incurred loss: 0.002  
Average sample loss: 0.001  
Average acc: 1.000  
  waterbird_complete50 = 0, forest2water2 = 0  [n = 69]:	loss = 0.000  exp loss = 0.000  adjusted loss = 0.000  adv prob = 0.250000   acc = 1.000
  waterbird_complete50 = 0, forest2water2 = 1  [n = 57]:	loss = 0.000  exp loss = 0.000  adjusted loss = 0.000  adv prob = 0.250000   acc = 1.000
  waterbird_complete50 = 1, forest2water2 = 0  [n = 41]:	loss = 0.005  exp loss = 0.037  adjusted loss = 0.037  adv prob = 0.250000   acc = 1.000
  waterbird_complete50 = 1, forest2water2 = 1  [n = 57]:	loss = 0.002  exp loss = 0.022  adjusted loss = 0.022  adv prob = 0.250000   acc = 1.000

Validation:
Average incurred loss: 0.282  
Average sample loss: 0.278  
Average acc: 0.942  
  waterbird_complete50 = 0, forest2water2 = 0  [n = 465]:	loss = 0.005  exp loss = 0.003  adjusted loss = 0.003  adv prob = 0.250000   acc = 0.998
  waterbird_complete50 = 0, forest2water2 = 1  [n = 466]:	loss = 0.035  exp loss = 0.031  adjusted loss = 0.031  adv prob = 0.250000   acc = 0.989
  waterbird_complete50 = 1, forest2water2 = 0  [n = 134]:	loss = 1.379  exp loss = 1.529  adjusted loss = 1.529  adv prob = 0.250000   acc = 0.746
  waterbird_complete50 = 1, forest2water2 = 1  [n = 134]:	loss = 1.006  exp loss = 1.029  adjusted loss = 1.029  adv prob = 0.250000   acc = 0.776
Current lr: 0.000010
Current validation accuracy: 0.746268630027771


Epoch [250]:
Training:
Average incurred loss: 0.062  
Average sample loss: 0.102  
Average acc: 0.978  
  waterbird_complete50 = 0, forest2water2 = 0  [n = 56]:	loss = 0.000  exp loss = 0.000  adjusted loss = 0.000  adv prob = 0.250000   acc = 1.000
  waterbird_complete50 = 0, forest2water2 = 1  [n = 51]:	loss = 0.000  exp loss = 0.000  adjusted loss = 0.000  adv prob = 0.250000   acc = 1.000
  waterbird_complete50 = 1, forest2water2 = 0  [n = 48]:	loss = 0.241  exp loss = 0.137  adjusted loss = 0.137  adv prob = 0.250000   acc = 0.896
  waterbird_complete50 = 1, forest2water2 = 1  [n = 69]:	loss = 0.032  exp loss = 0.032  adjusted loss = 0.032  adv prob = 0.250000   acc = 1.000

Validation:
Average incurred loss: 0.328  
Average sample loss: 0.324  
Average acc: 0.934  
  waterbird_complete50 = 0, forest2water2 = 0  [n = 465]:	loss = 0.003  exp loss = 0.001  adjusted loss = 0.001  adv prob = 0.250000   acc = 0.998
  waterbird_complete50 = 0, forest2water2 = 1  [n = 466]:	loss = 0.028  exp loss = 0.025  adjusted loss = 0.025  adv prob = 0.250000   acc = 0.994
  waterbird_complete50 = 1, forest2water2 = 0  [n = 134]:	loss = 1.602  exp loss = 1.812  adjusted loss = 1.812  adv prob = 0.250000   acc = 0.701
  waterbird_complete50 = 1, forest2water2 = 1  [n = 134]:	loss = 1.227  exp loss = 1.232  adjusted loss = 1.232  adv prob = 0.250000   acc = 0.739
Current lr: 0.000010
Current validation accuracy: 0.7014925479888916


Epoch [251]:
Training:
Average incurred loss: 0.007  
Average sample loss: 0.006  
Average acc: 1.000  
  waterbird_complete50 = 0, forest2water2 = 0  [n = 63]:	loss = 0.000  exp loss = 0.000  adjusted loss = 0.000  adv prob = 0.250000   acc = 1.000
  waterbird_complete50 = 0, forest2water2 = 1  [n = 58]:	loss = 0.000  exp loss = 0.000  adjusted loss = 0.000  adv prob = 0.250000   acc = 1.000
  waterbird_complete50 = 1, forest2water2 = 0  [n = 54]:	loss = 0.019  exp loss = 0.095  adjusted loss = 0.095  adv prob = 0.250000   acc = 1.000
  waterbird_complete50 = 1, forest2water2 = 1  [n = 49]:	loss = 0.009  exp loss = 0.023  adjusted loss = 0.023  adv prob = 0.250000   acc = 1.000

Validation:
Average incurred loss: 0.309  
Average sample loss: 0.305  
Average acc: 0.937  
  waterbird_complete50 = 0, forest2water2 = 0  [n = 465]:	loss = 0.003  exp loss = 0.002  adjusted loss = 0.002  adv prob = 0.250000   acc = 0.998
  waterbird_complete50 = 0, forest2water2 = 1  [n = 466]:	loss = 0.030  exp loss = 0.026  adjusted loss = 0.026  adv prob = 0.250000   acc = 0.994
  waterbird_complete50 = 1, forest2water2 = 0  [n = 134]:	loss = 1.509  exp loss = 1.688  adjusted loss = 1.688  adv prob = 0.250000   acc = 0.709
  waterbird_complete50 = 1, forest2water2 = 1  [n = 134]:	loss = 1.141  exp loss = 1.156  adjusted loss = 1.156  adv prob = 0.250000   acc = 0.761
Current lr: 0.000010
Current validation accuracy: 0.7089552879333496


Epoch [252]:
Training:
Average incurred loss: 0.062  
Average sample loss: 0.108  
Average acc: 0.973  
  waterbird_complete50 = 0, forest2water2 = 0  [n = 57]:	loss = 0.000  exp loss = 0.000  adjusted loss = 0.000  adv prob = 0.250000   acc = 1.000
  waterbird_complete50 = 0, forest2water2 = 1  [n = 61]:	loss = 0.000  exp loss = 0.000  adjusted loss = 0.000  adv prob = 0.250000   acc = 1.000
  waterbird_complete50 = 1, forest2water2 = 0  [n = 48]:	loss = 0.196  exp loss = 0.156  adjusted loss = 0.156  adv prob = 0.250000   acc = 0.917
  waterbird_complete50 = 1, forest2water2 = 1  [n = 58]:	loss = 0.078  exp loss = 0.050  adjusted loss = 0.050  adv prob = 0.250000   acc = 0.966

Validation:
Average incurred loss: 0.323  
Average sample loss: 0.318  
Average acc: 0.934  
  waterbird_complete50 = 0, forest2water2 = 0  [n = 465]:	loss = 0.003  exp loss = 0.001  adjusted loss = 0.001  adv prob = 0.250000   acc = 0.998
  waterbird_complete50 = 0, forest2water2 = 1  [n = 466]:	loss = 0.029  exp loss = 0.026  adjusted loss = 0.026  adv prob = 0.250000   acc = 0.991
  waterbird_complete50 = 1, forest2water2 = 0  [n = 134]:	loss = 1.563  exp loss = 1.776  adjusted loss = 1.776  adv prob = 0.250000   acc = 0.709
  waterbird_complete50 = 1, forest2water2 = 1  [n = 134]:	loss = 1.214  exp loss = 1.219  adjusted loss = 1.219  adv prob = 0.250000   acc = 0.739
Current lr: 0.000010
Current validation accuracy: 0.7089552879333496


Epoch [253]:
Training:
Average incurred loss: 0.007  
Average sample loss: 0.011  
Average acc: 1.000  
  waterbird_complete50 = 0, forest2water2 = 0  [n = 67]:	loss = 0.000  exp loss = 0.000  adjusted loss = 0.000  adv prob = 0.250000   acc = 1.000
  waterbird_complete50 = 0, forest2water2 = 1  [n = 58]:	loss = 0.000  exp loss = 0.000  adjusted loss = 0.000  adv prob = 0.250000   acc = 1.000
  waterbird_complete50 = 1, forest2water2 = 0  [n = 47]:	loss = 0.018  exp loss = 0.113  adjusted loss = 0.113  adv prob = 0.250000   acc = 1.000
  waterbird_complete50 = 1, forest2water2 = 1  [n = 52]:	loss = 0.012  exp loss = 0.038  adjusted loss = 0.038  adv prob = 0.250000   acc = 1.000

Validation:
Average incurred loss: 0.311  
Average sample loss: 0.307  
Average acc: 0.936  
  waterbird_complete50 = 0, forest2water2 = 0  [n = 465]:	loss = 0.003  exp loss = 0.002  adjusted loss = 0.002  adv prob = 0.250000   acc = 0.998
  waterbird_complete50 = 0, forest2water2 = 1  [n = 466]:	loss = 0.030  exp loss = 0.026  adjusted loss = 0.026  adv prob = 0.250000   acc = 0.991
  waterbird_complete50 = 1, forest2water2 = 0  [n = 134]:	loss = 1.514  exp loss = 1.711  adjusted loss = 1.711  adv prob = 0.250000   acc = 0.709
  waterbird_complete50 = 1, forest2water2 = 1  [n = 134]:	loss = 1.155  exp loss = 1.164  adjusted loss = 1.164  adv prob = 0.250000   acc = 0.754
Current lr: 0.000010
Current validation accuracy: 0.7089552879333496


Epoch [254]:
Training:
Average incurred loss: 0.027  
Average sample loss: 0.032  
Average acc: 1.000  
  waterbird_complete50 = 0, forest2water2 = 0  [n = 54]:	loss = 0.000  exp loss = 0.000  adjusted loss = 0.000  adv prob = 0.250000   acc = 1.000
  waterbird_complete50 = 0, forest2water2 = 1  [n = 46]:	loss = 0.000  exp loss = 0.000  adjusted loss = 0.000  adv prob = 0.250000   acc = 1.000
  waterbird_complete50 = 1, forest2water2 = 0  [n = 65]:	loss = 0.087  exp loss = 0.116  adjusted loss = 0.116  adv prob = 0.250000   acc = 1.000
  waterbird_complete50 = 1, forest2water2 = 1  [n = 59]:	loss = 0.009  exp loss = 0.029  adjusted loss = 0.029  adv prob = 0.250000   acc = 1.000

Validation:
Average incurred loss: 0.349  
Average sample loss: 0.344  
Average acc: 0.932  
  waterbird_complete50 = 0, forest2water2 = 0  [n = 465]:	loss = 0.002  exp loss = 0.001  adjusted loss = 0.001  adv prob = 0.250000   acc = 1.000
  waterbird_complete50 = 0, forest2water2 = 1  [n = 466]:	loss = 0.024  exp loss = 0.021  adjusted loss = 0.021  adv prob = 0.250000   acc = 0.994
  waterbird_complete50 = 1, forest2water2 = 0  [n = 134]:	loss = 1.702  exp loss = 1.953  adjusted loss = 1.953  adv prob = 0.250000   acc = 0.694
  waterbird_complete50 = 1, forest2water2 = 1  [n = 134]:	loss = 1.334  exp loss = 1.338  adjusted loss = 1.338  adv prob = 0.250000   acc = 0.724
Current lr: 0.000010
Current validation accuracy: 0.6940298080444336


Epoch [255]:
Training:
Average incurred loss: 0.008  
Average sample loss: 0.008  
Average acc: 1.000  
  waterbird_complete50 = 0, forest2water2 = 0  [n = 59]:	loss = 0.000  exp loss = 0.000  adjusted loss = 0.000  adv prob = 0.250000   acc = 1.000
  waterbird_complete50 = 0, forest2water2 = 1  [n = 49]:	loss = 0.000  exp loss = 0.000  adjusted loss = 0.000  adv prob = 0.250000   acc = 1.000
  waterbird_complete50 = 1, forest2water2 = 0  [n = 60]:	loss = 0.021  exp loss = 0.083  adjusted loss = 0.083  adv prob = 0.250000   acc = 1.000
  waterbird_complete50 = 1, forest2water2 = 1  [n = 56]:	loss = 0.009  exp loss = 0.021  adjusted loss = 0.021  adv prob = 0.250000   acc = 1.000

Validation:
Average incurred loss: 0.348  
Average sample loss: 0.343  
Average acc: 0.932  
  waterbird_complete50 = 0, forest2water2 = 0  [n = 465]:	loss = 0.002  exp loss = 0.001  adjusted loss = 0.001  adv prob = 0.250000   acc = 1.000
  waterbird_complete50 = 0, forest2water2 = 1  [n = 466]:	loss = 0.025  exp loss = 0.022  adjusted loss = 0.022  adv prob = 0.250000   acc = 0.994
  waterbird_complete50 = 1, forest2water2 = 0  [n = 134]:	loss = 1.693  exp loss = 1.922  adjusted loss = 1.922  adv prob = 0.250000   acc = 0.694
  waterbird_complete50 = 1, forest2water2 = 1  [n = 134]:	loss = 1.330  exp loss = 1.334  adjusted loss = 1.334  adv prob = 0.250000   acc = 0.716
Current lr: 0.000010
Current validation accuracy: 0.6940298080444336


Epoch [256]:
Training:
Average incurred loss: 0.003  
Average sample loss: 0.004  
Average acc: 1.000  
  waterbird_complete50 = 0, forest2water2 = 0  [n = 54]:	loss = 0.000  exp loss = 0.000  adjusted loss = 0.000  adv prob = 0.250000   acc = 1.000
  waterbird_complete50 = 0, forest2water2 = 1  [n = 68]:	loss = 0.000  exp loss = 0.000  adjusted loss = 0.000  adv prob = 0.250000   acc = 1.000
  waterbird_complete50 = 1, forest2water2 = 0  [n = 54]:	loss = 0.009  exp loss = 0.058  adjusted loss = 0.058  adv prob = 0.250000   acc = 1.000
  waterbird_complete50 = 1, forest2water2 = 1  [n = 48]:	loss = 0.004  exp loss = 0.015  adjusted loss = 0.015  adv prob = 0.250000   acc = 1.000

Validation:
Average incurred loss: 0.318  
Average sample loss: 0.314  
Average acc: 0.934  
  waterbird_complete50 = 0, forest2water2 = 0  [n = 465]:	loss = 0.003  exp loss = 0.002  adjusted loss = 0.002  adv prob = 0.250000   acc = 0.998
  waterbird_complete50 = 0, forest2water2 = 1  [n = 466]:	loss = 0.030  exp loss = 0.026  adjusted loss = 0.026  adv prob = 0.250000   acc = 0.994
  waterbird_complete50 = 1, forest2water2 = 0  [n = 134]:	loss = 1.559  exp loss = 1.743  adjusted loss = 1.743  adv prob = 0.250000   acc = 0.701
  waterbird_complete50 = 1, forest2water2 = 1  [n = 134]:	loss = 1.174  exp loss = 1.182  adjusted loss = 1.182  adv prob = 0.250000   acc = 0.739
Current lr: 0.000010
Current validation accuracy: 0.7014925479888916


Epoch [257]:
Training:
Average incurred loss: 0.007  
Average sample loss: 0.006  
Average acc: 1.000  
  waterbird_complete50 = 0, forest2water2 = 0  [n = 57]:	loss = 0.000  exp loss = 0.000  adjusted loss = 0.000  adv prob = 0.250000   acc = 1.000
  waterbird_complete50 = 0, forest2water2 = 1  [n = 60]:	loss = 0.000  exp loss = 0.000  adjusted loss = 0.000  adv prob = 0.250000   acc = 1.000
  waterbird_complete50 = 1, forest2water2 = 0  [n = 52]:	loss = 0.024  exp loss = 0.044  adjusted loss = 0.044  adv prob = 0.250000   acc = 1.000
  waterbird_complete50 = 1, forest2water2 = 1  [n = 55]:	loss = 0.005  exp loss = 0.012  adjusted loss = 0.012  adv prob = 0.250000   acc = 1.000

Validation:
Average incurred loss: 0.305  
Average sample loss: 0.301  
Average acc: 0.937  
  waterbird_complete50 = 0, forest2water2 = 0  [n = 465]:	loss = 0.003  exp loss = 0.002  adjusted loss = 0.002  adv prob = 0.250000   acc = 0.998
  waterbird_complete50 = 0, forest2water2 = 1  [n = 466]:	loss = 0.032  exp loss = 0.028  adjusted loss = 0.028  adv prob = 0.250000   acc = 0.991
  waterbird_complete50 = 1, forest2water2 = 0  [n = 134]:	loss = 1.492  exp loss = 1.657  adjusted loss = 1.657  adv prob = 0.250000   acc = 0.701
  waterbird_complete50 = 1, forest2water2 = 1  [n = 134]:	loss = 1.121  exp loss = 1.131  adjusted loss = 1.131  adv prob = 0.250000   acc = 0.769
Current lr: 0.000010
Current validation accuracy: 0.7014925479888916


Epoch [258]:
Training:
Average incurred loss: 0.009  
Average sample loss: 0.009  
Average acc: 1.000  
  waterbird_complete50 = 0, forest2water2 = 0  [n = 62]:	loss = 0.000  exp loss = 0.000  adjusted loss = 0.000  adv prob = 0.250000   acc = 1.000
  waterbird_complete50 = 0, forest2water2 = 1  [n = 43]:	loss = 0.000  exp loss = 0.000  adjusted loss = 0.000  adv prob = 0.250000   acc = 1.000
  waterbird_complete50 = 1, forest2water2 = 0  [n = 59]:	loss = 0.028  exp loss = 0.038  adjusted loss = 0.038  adv prob = 0.250000   acc = 1.000
  waterbird_complete50 = 1, forest2water2 = 1  [n = 60]:	loss = 0.008  exp loss = 0.010  adjusted loss = 0.010  adv prob = 0.250000   acc = 1.000

Validation:
Average incurred loss: 0.326  
Average sample loss: 0.321  
Average acc: 0.934  
  waterbird_complete50 = 0, forest2water2 = 0  [n = 465]:	loss = 0.002  exp loss = 0.001  adjusted loss = 0.001  adv prob = 0.250000   acc = 1.000
  waterbird_complete50 = 0, forest2water2 = 1  [n = 466]:	loss = 0.027  exp loss = 0.024  adjusted loss = 0.024  adv prob = 0.250000   acc = 0.994
  waterbird_complete50 = 1, forest2water2 = 0  [n = 134]:	loss = 1.590  exp loss = 1.772  adjusted loss = 1.772  adv prob = 0.250000   acc = 0.701
  waterbird_complete50 = 1, forest2water2 = 1  [n = 134]:	loss = 1.221  exp loss = 1.224  adjusted loss = 1.224  adv prob = 0.250000   acc = 0.731
Current lr: 0.000010
Current validation accuracy: 0.7014925479888916


Epoch [259]:
Training:
Average incurred loss: 0.037  
Average sample loss: 0.054  
Average acc: 0.987  
  waterbird_complete50 = 0, forest2water2 = 0  [n = 50]:	loss = 0.000  exp loss = 0.000  adjusted loss = 0.000  adv prob = 0.250000   acc = 1.000
  waterbird_complete50 = 0, forest2water2 = 1  [n = 58]:	loss = 0.000  exp loss = 0.000  adjusted loss = 0.000  adv prob = 0.250000   acc = 1.000
  waterbird_complete50 = 1, forest2water2 = 0  [n = 57]:	loss = 0.119  exp loss = 0.085  adjusted loss = 0.085  adv prob = 0.250000   acc = 0.947
  waterbird_complete50 = 1, forest2water2 = 1  [n = 59]:	loss = 0.025  exp loss = 0.018  adjusted loss = 0.018  adv prob = 0.250000   acc = 1.000

Validation:
Average incurred loss: 0.346  
Average sample loss: 0.341  
Average acc: 0.932  
  waterbird_complete50 = 0, forest2water2 = 0  [n = 465]:	loss = 0.002  exp loss = 0.001  adjusted loss = 0.001  adv prob = 0.250000   acc = 1.000
  waterbird_complete50 = 0, forest2water2 = 1  [n = 466]:	loss = 0.024  exp loss = 0.021  adjusted loss = 0.021  adv prob = 0.250000   acc = 0.994
  waterbird_complete50 = 1, forest2water2 = 0  [n = 134]:	loss = 1.697  exp loss = 1.913  adjusted loss = 1.913  adv prob = 0.250000   acc = 0.694
  waterbird_complete50 = 1, forest2water2 = 1  [n = 134]:	loss = 1.311  exp loss = 1.308  adjusted loss = 1.308  adv prob = 0.250000   acc = 0.716
Current lr: 0.000010
Current validation accuracy: 0.6940298080444336


Epoch [260]:
Training:
Average incurred loss: 0.019  
Average sample loss: 0.028  
Average acc: 0.991  
  waterbird_complete50 = 0, forest2water2 = 0  [n = 51]:	loss = 0.000  exp loss = 0.000  adjusted loss = 0.000  adv prob = 0.250000   acc = 1.000
  waterbird_complete50 = 0, forest2water2 = 1  [n = 58]:	loss = 0.000  exp loss = 0.000  adjusted loss = 0.000  adv prob = 0.250000   acc = 1.000
  waterbird_complete50 = 1, forest2water2 = 0  [n = 59]:	loss = 0.030  exp loss = 0.073  adjusted loss = 0.073  adv prob = 0.250000   acc = 1.000
  waterbird_complete50 = 1, forest2water2 = 1  [n = 56]:	loss = 0.045  exp loss = 0.031  adjusted loss = 0.031  adv prob = 0.250000   acc = 0.964

Validation:
Average incurred loss: 0.351  
Average sample loss: 0.346  
Average acc: 0.930  
  waterbird_complete50 = 0, forest2water2 = 0  [n = 465]:	loss = 0.002  exp loss = 0.001  adjusted loss = 0.001  adv prob = 0.250000   acc = 1.000
  waterbird_complete50 = 0, forest2water2 = 1  [n = 466]:	loss = 0.024  exp loss = 0.021  adjusted loss = 0.021  adv prob = 0.250000   acc = 0.994
  waterbird_complete50 = 1, forest2water2 = 0  [n = 134]:	loss = 1.718  exp loss = 1.939  adjusted loss = 1.939  adv prob = 0.250000   acc = 0.694
  waterbird_complete50 = 1, forest2water2 = 1  [n = 134]:	loss = 1.334  exp loss = 1.338  adjusted loss = 1.338  adv prob = 0.250000   acc = 0.701
Current lr: 0.000010
Current validation accuracy: 0.6940298080444336


Epoch [261]:
Training:
Average incurred loss: 0.013  
Average sample loss: 0.013  
Average acc: 1.000  
  waterbird_complete50 = 0, forest2water2 = 0  [n = 57]:	loss = 0.000  exp loss = 0.000  adjusted loss = 0.000  adv prob = 0.250000   acc = 1.000
  waterbird_complete50 = 0, forest2water2 = 1  [n = 55]:	loss = 0.000  exp loss = 0.000  adjusted loss = 0.000  adv prob = 0.250000   acc = 1.000
  waterbird_complete50 = 1, forest2water2 = 0  [n = 55]:	loss = 0.041  exp loss = 0.061  adjusted loss = 0.061  adv prob = 0.250000   acc = 1.000
  waterbird_complete50 = 1, forest2water2 = 1  [n = 57]:	loss = 0.011  exp loss = 0.023  adjusted loss = 0.023  adv prob = 0.250000   acc = 1.000

Validation:
Average incurred loss: 0.351  
Average sample loss: 0.346  
Average acc: 0.932  
  waterbird_complete50 = 0, forest2water2 = 0  [n = 465]:	loss = 0.002  exp loss = 0.001  adjusted loss = 0.001  adv prob = 0.250000   acc = 1.000
  waterbird_complete50 = 0, forest2water2 = 1  [n = 466]:	loss = 0.023  exp loss = 0.021  adjusted loss = 0.021  adv prob = 0.250000   acc = 0.994
  waterbird_complete50 = 1, forest2water2 = 0  [n = 134]:	loss = 1.722  exp loss = 1.968  adjusted loss = 1.968  adv prob = 0.250000   acc = 0.694
  waterbird_complete50 = 1, forest2water2 = 1  [n = 134]:	loss = 1.332  exp loss = 1.335  adjusted loss = 1.335  adv prob = 0.250000   acc = 0.716
Current lr: 0.000010
Current validation accuracy: 0.6940298080444336


Epoch [262]:
Training:
Average incurred loss: 0.008  
Average sample loss: 0.007  
Average acc: 1.000  
  waterbird_complete50 = 0, forest2water2 = 0  [n = 57]:	loss = 0.000  exp loss = 0.000  adjusted loss = 0.000  adv prob = 0.250000   acc = 1.000
  waterbird_complete50 = 0, forest2water2 = 1  [n = 58]:	loss = 0.000  exp loss = 0.000  adjusted loss = 0.000  adv prob = 0.250000   acc = 1.000
  waterbird_complete50 = 1, forest2water2 = 0  [n = 53]:	loss = 0.023  exp loss = 0.046  adjusted loss = 0.046  adv prob = 0.250000   acc = 1.000
  waterbird_complete50 = 1, forest2water2 = 1  [n = 56]:	loss = 0.011  exp loss = 0.018  adjusted loss = 0.018  adv prob = 0.250000   acc = 1.000

Validation:
Average incurred loss: 0.325  
Average sample loss: 0.320  
Average acc: 0.934  
  waterbird_complete50 = 0, forest2water2 = 0  [n = 465]:	loss = 0.002  exp loss = 0.001  adjusted loss = 0.001  adv prob = 0.250000   acc = 1.000
  waterbird_complete50 = 0, forest2water2 = 1  [n = 466]:	loss = 0.028  exp loss = 0.025  adjusted loss = 0.025  adv prob = 0.250000   acc = 0.994
  waterbird_complete50 = 1, forest2water2 = 0  [n = 134]:	loss = 1.585  exp loss = 1.796  adjusted loss = 1.796  adv prob = 0.250000   acc = 0.701
  waterbird_complete50 = 1, forest2water2 = 1  [n = 134]:	loss = 1.215  exp loss = 1.221  adjusted loss = 1.221  adv prob = 0.250000   acc = 0.731
Current lr: 0.000010
Current validation accuracy: 0.7014925479888916


Epoch [263]:
Training:
Average incurred loss: 0.003  
Average sample loss: 0.002  
Average acc: 1.000  
  waterbird_complete50 = 0, forest2water2 = 0  [n = 58]:	loss = 0.000  exp loss = 0.000  adjusted loss = 0.000  adv prob = 0.250000   acc = 1.000
  waterbird_complete50 = 0, forest2water2 = 1  [n = 66]:	loss = 0.000  exp loss = 0.000  adjusted loss = 0.000  adv prob = 0.250000   acc = 1.000
  waterbird_complete50 = 1, forest2water2 = 0  [n = 49]:	loss = 0.009  exp loss = 0.033  adjusted loss = 0.033  adv prob = 0.250000   acc = 1.000
  waterbird_complete50 = 1, forest2water2 = 1  [n = 51]:	loss = 0.002  exp loss = 0.012  adjusted loss = 0.012  adv prob = 0.250000   acc = 1.000

Validation:
Average incurred loss: 0.298  
Average sample loss: 0.294  
Average acc: 0.939  
  waterbird_complete50 = 0, forest2water2 = 0  [n = 465]:	loss = 0.004  exp loss = 0.002  adjusted loss = 0.002  adv prob = 0.250000   acc = 0.998
  waterbird_complete50 = 0, forest2water2 = 1  [n = 466]:	loss = 0.032  exp loss = 0.029  adjusted loss = 0.029  adv prob = 0.250000   acc = 0.994
  waterbird_complete50 = 1, forest2water2 = 0  [n = 134]:	loss = 1.450  exp loss = 1.630  adjusted loss = 1.630  adv prob = 0.250000   acc = 0.716
  waterbird_complete50 = 1, forest2water2 = 1  [n = 134]:	loss = 1.092  exp loss = 1.111  adjusted loss = 1.111  adv prob = 0.250000   acc = 0.769
Current lr: 0.000010
Current validation accuracy: 0.7164179086685181


Epoch [264]:
Training:
Average incurred loss: 0.016  
Average sample loss: 0.018  
Average acc: 1.000  
  waterbird_complete50 = 0, forest2water2 = 0  [n = 44]:	loss = 0.000  exp loss = 0.000  adjusted loss = 0.000  adv prob = 0.250000   acc = 1.000
  waterbird_complete50 = 0, forest2water2 = 1  [n = 70]:	loss = 0.000  exp loss = 0.000  adjusted loss = 0.000  adv prob = 0.250000   acc = 1.000
  waterbird_complete50 = 1, forest2water2 = 0  [n = 46]:	loss = 0.050  exp loss = 0.036  adjusted loss = 0.036  adv prob = 0.250000   acc = 1.000
  waterbird_complete50 = 1, forest2water2 = 1  [n = 64]:	loss = 0.021  exp loss = 0.016  adjusted loss = 0.016  adv prob = 0.250000   acc = 1.000

Validation:
Average incurred loss: 0.307  
Average sample loss: 0.303  
Average acc: 0.937  
  waterbird_complete50 = 0, forest2water2 = 0  [n = 465]:	loss = 0.003  exp loss = 0.002  adjusted loss = 0.002  adv prob = 0.250000   acc = 0.998
  waterbird_complete50 = 0, forest2water2 = 1  [n = 466]:	loss = 0.030  exp loss = 0.027  adjusted loss = 0.027  adv prob = 0.250000   acc = 0.994
  waterbird_complete50 = 1, forest2water2 = 0  [n = 134]:	loss = 1.490  exp loss = 1.690  adjusted loss = 1.690  adv prob = 0.250000   acc = 0.716
  waterbird_complete50 = 1, forest2water2 = 1  [n = 134]:	loss = 1.141  exp loss = 1.155  adjusted loss = 1.155  adv prob = 0.250000   acc = 0.746
Current lr: 0.000010
Current validation accuracy: 0.7164179086685181


Epoch [265]:
Training:
Average incurred loss: 0.057  
Average sample loss: 0.050  
Average acc: 0.982  
  waterbird_complete50 = 0, forest2water2 = 0  [n = 40]:	loss = 0.000  exp loss = 0.000  adjusted loss = 0.000  adv prob = 0.250000   acc = 1.000
  waterbird_complete50 = 0, forest2water2 = 1  [n = 58]:	loss = 0.000  exp loss = 0.000  adjusted loss = 0.000  adv prob = 0.250000   acc = 1.000
  waterbird_complete50 = 1, forest2water2 = 0  [n = 55]:	loss = 0.181  exp loss = 0.082  adjusted loss = 0.082  adv prob = 0.250000   acc = 0.927
  waterbird_complete50 = 1, forest2water2 = 1  [n = 71]:	loss = 0.040  exp loss = 0.019  adjusted loss = 0.019  adv prob = 0.250000   acc = 1.000

Validation:
Average incurred loss: 0.332  
Average sample loss: 0.327  
Average acc: 0.933  
  waterbird_complete50 = 0, forest2water2 = 0  [n = 465]:	loss = 0.002  exp loss = 0.001  adjusted loss = 0.001  adv prob = 0.250000   acc = 1.000
  waterbird_complete50 = 0, forest2water2 = 1  [n = 466]:	loss = 0.028  exp loss = 0.025  adjusted loss = 0.025  adv prob = 0.250000   acc = 0.994
  waterbird_complete50 = 1, forest2water2 = 0  [n = 134]:	loss = 1.608  exp loss = 1.829  adjusted loss = 1.829  adv prob = 0.250000   acc = 0.694
  waterbird_complete50 = 1, forest2water2 = 1  [n = 134]:	loss = 1.257  exp loss = 1.265  adjusted loss = 1.265  adv prob = 0.250000   acc = 0.731
Current lr: 0.000010
Current validation accuracy: 0.6940298080444336


Epoch [266]:
Training:
Average incurred loss: 0.024  
Average sample loss: 0.023  
Average acc: 0.996  
  waterbird_complete50 = 0, forest2water2 = 0  [n = 49]:	loss = 0.000  exp loss = 0.000  adjusted loss = 0.000  adv prob = 0.250000   acc = 1.000
  waterbird_complete50 = 0, forest2water2 = 1  [n = 50]:	loss = 0.000  exp loss = 0.000  adjusted loss = 0.000  adv prob = 0.250000   acc = 1.000
  waterbird_complete50 = 1, forest2water2 = 0  [n = 72]:	loss = 0.062  exp loss = 0.073  adjusted loss = 0.073  adv prob = 0.250000   acc = 0.986
  waterbird_complete50 = 1, forest2water2 = 1  [n = 53]:	loss = 0.017  exp loss = 0.018  adjusted loss = 0.018  adv prob = 0.250000   acc = 1.000

Validation:
Average incurred loss: 0.348  
Average sample loss: 0.343  
Average acc: 0.930  
  waterbird_complete50 = 0, forest2water2 = 0  [n = 465]:	loss = 0.002  exp loss = 0.001  adjusted loss = 0.001  adv prob = 0.250000   acc = 1.000
  waterbird_complete50 = 0, forest2water2 = 1  [n = 466]:	loss = 0.025  exp loss = 0.023  adjusted loss = 0.023  adv prob = 0.250000   acc = 0.994
  waterbird_complete50 = 1, forest2water2 = 0  [n = 134]:	loss = 1.696  exp loss = 1.933  adjusted loss = 1.933  adv prob = 0.250000   acc = 0.679
  waterbird_complete50 = 1, forest2water2 = 1  [n = 134]:	loss = 1.319  exp loss = 1.323  adjusted loss = 1.323  adv prob = 0.250000   acc = 0.716
Current lr: 0.000010
Current validation accuracy: 0.6791044473648071


Epoch [267]:
Training:
Average incurred loss: 0.016  
Average sample loss: 0.016  
Average acc: 1.000  
  waterbird_complete50 = 0, forest2water2 = 0  [n = 50]:	loss = 0.000  exp loss = 0.000  adjusted loss = 0.000  adv prob = 0.250000   acc = 1.000
  waterbird_complete50 = 0, forest2water2 = 1  [n = 60]:	loss = 0.000  exp loss = 0.000  adjusted loss = 0.000  adv prob = 0.250000   acc = 1.000
  waterbird_complete50 = 1, forest2water2 = 0  [n = 54]:	loss = 0.049  exp loss = 0.061  adjusted loss = 0.061  adv prob = 0.250000   acc = 1.000
  waterbird_complete50 = 1, forest2water2 = 1  [n = 60]:	loss = 0.017  exp loss = 0.017  adjusted loss = 0.017  adv prob = 0.250000   acc = 1.000

Validation:
Average incurred loss: 0.353  
Average sample loss: 0.348  
Average acc: 0.927  
  waterbird_complete50 = 0, forest2water2 = 0  [n = 465]:	loss = 0.002  exp loss = 0.001  adjusted loss = 0.001  adv prob = 0.250000   acc = 1.000
  waterbird_complete50 = 0, forest2water2 = 1  [n = 466]:	loss = 0.023  exp loss = 0.020  adjusted loss = 0.020  adv prob = 0.250000   acc = 0.994
  waterbird_complete50 = 1, forest2water2 = 0  [n = 134]:	loss = 1.725  exp loss = 1.966  adjusted loss = 1.966  adv prob = 0.250000   acc = 0.664
  waterbird_complete50 = 1, forest2water2 = 1  [n = 134]:	loss = 1.344  exp loss = 1.339  adjusted loss = 1.339  adv prob = 0.250000   acc = 0.701
Current lr: 0.000010
Current validation accuracy: 0.6641790866851807


Epoch [268]:
Training:
Average incurred loss: 0.030  
Average sample loss: 0.027  
Average acc: 0.987  
  waterbird_complete50 = 0, forest2water2 = 0  [n = 54]:	loss = 0.000  exp loss = 0.000  adjusted loss = 0.000  adv prob = 0.250000   acc = 1.000
  waterbird_complete50 = 0, forest2water2 = 1  [n = 58]:	loss = 0.000  exp loss = 0.000  adjusted loss = 0.000  adv prob = 0.250000   acc = 1.000
  waterbird_complete50 = 1, forest2water2 = 0  [n = 59]:	loss = 0.036  exp loss = 0.051  adjusted loss = 0.051  adv prob = 0.250000   acc = 1.000
  waterbird_complete50 = 1, forest2water2 = 1  [n = 53]:	loss = 0.088  exp loss = 0.031  adjusted loss = 0.031  adv prob = 0.250000   acc = 0.943

Validation:
Average incurred loss: 0.335  
Average sample loss: 0.331  
Average acc: 0.931  
  waterbird_complete50 = 0, forest2water2 = 0  [n = 465]:	loss = 0.002  exp loss = 0.001  adjusted loss = 0.001  adv prob = 0.250000   acc = 1.000
  waterbird_complete50 = 0, forest2water2 = 1  [n = 466]:	loss = 0.023  exp loss = 0.021  adjusted loss = 0.021  adv prob = 0.250000   acc = 0.994
  waterbird_complete50 = 1, forest2water2 = 0  [n = 134]:	loss = 1.659  exp loss = 1.887  adjusted loss = 1.887  adv prob = 0.250000   acc = 0.687
  waterbird_complete50 = 1, forest2water2 = 1  [n = 134]:	loss = 1.253  exp loss = 1.260  adjusted loss = 1.260  adv prob = 0.250000   acc = 0.716
Current lr: 0.000010
Current validation accuracy: 0.6865670680999756


Epoch [269]:
Training:
Average incurred loss: 0.041  
Average sample loss: 0.037  
Average acc: 0.982  
  waterbird_complete50 = 0, forest2water2 = 0  [n = 54]:	loss = 0.000  exp loss = 0.000  adjusted loss = 0.000  adv prob = 0.250000   acc = 1.000
  waterbird_complete50 = 0, forest2water2 = 1  [n = 54]:	loss = 0.000  exp loss = 0.000  adjusted loss = 0.000  adv prob = 0.250000   acc = 1.000
  waterbird_complete50 = 1, forest2water2 = 0  [n = 50]:	loss = 0.157  exp loss = 0.079  adjusted loss = 0.079  adv prob = 0.250000   acc = 0.920
  waterbird_complete50 = 1, forest2water2 = 1  [n = 66]:	loss = 0.018  exp loss = 0.026  adjusted loss = 0.026  adv prob = 0.250000   acc = 1.000

Validation:
Average incurred loss: 0.342  
Average sample loss: 0.338  
Average acc: 0.929  
  waterbird_complete50 = 0, forest2water2 = 0  [n = 465]:	loss = 0.002  exp loss = 0.001  adjusted loss = 0.001  adv prob = 0.250000   acc = 0.998
  waterbird_complete50 = 0, forest2water2 = 1  [n = 466]:	loss = 0.023  exp loss = 0.020  adjusted loss = 0.020  adv prob = 0.250000   acc = 0.994
  waterbird_complete50 = 1, forest2water2 = 0  [n = 134]:	loss = 1.692  exp loss = 1.924  adjusted loss = 1.924  adv prob = 0.250000   acc = 0.687
  waterbird_complete50 = 1, forest2water2 = 1  [n = 134]:	loss = 1.284  exp loss = 1.286  adjusted loss = 1.286  adv prob = 0.250000   acc = 0.709
Current lr: 0.000010
Current validation accuracy: 0.6865670680999756


Epoch [270]:
Training:
Average incurred loss: 0.013  
Average sample loss: 0.013  
Average acc: 1.000  
  waterbird_complete50 = 0, forest2water2 = 0  [n = 56]:	loss = 0.000  exp loss = 0.000  adjusted loss = 0.000  adv prob = 0.250000   acc = 1.000
  waterbird_complete50 = 0, forest2water2 = 1  [n = 53]:	loss = 0.000  exp loss = 0.000  adjusted loss = 0.000  adv prob = 0.250000   acc = 1.000
  waterbird_complete50 = 1, forest2water2 = 0  [n = 60]:	loss = 0.040  exp loss = 0.067  adjusted loss = 0.067  adv prob = 0.250000   acc = 1.000
  waterbird_complete50 = 1, forest2water2 = 1  [n = 55]:	loss = 0.007  exp loss = 0.019  adjusted loss = 0.019  adv prob = 0.250000   acc = 1.000

Validation:
Average incurred loss: 0.343  
Average sample loss: 0.339  
Average acc: 0.929  
  waterbird_complete50 = 0, forest2water2 = 0  [n = 465]:	loss = 0.002  exp loss = 0.001  adjusted loss = 0.001  adv prob = 0.250000   acc = 1.000
  waterbird_complete50 = 0, forest2water2 = 1  [n = 466]:	loss = 0.023  exp loss = 0.020  adjusted loss = 0.020  adv prob = 0.250000   acc = 0.994
  waterbird_complete50 = 1, forest2water2 = 0  [n = 134]:	loss = 1.702  exp loss = 1.923  adjusted loss = 1.923  adv prob = 0.250000   acc = 0.679
  waterbird_complete50 = 1, forest2water2 = 1  [n = 134]:	loss = 1.283  exp loss = 1.287  adjusted loss = 1.287  adv prob = 0.250000   acc = 0.709
Current lr: 0.000010
Current validation accuracy: 0.6791044473648071


Epoch [271]:
Training:
Average incurred loss: 0.018  
Average sample loss: 0.021  
Average acc: 0.996  
  waterbird_complete50 = 0, forest2water2 = 0  [n = 54]:	loss = 0.000  exp loss = 0.000  adjusted loss = 0.000  adv prob = 0.250000   acc = 1.000
  waterbird_complete50 = 0, forest2water2 = 1  [n = 54]:	loss = 0.000  exp loss = 0.000  adjusted loss = 0.000  adv prob = 0.250000   acc = 1.000
  waterbird_complete50 = 1, forest2water2 = 0  [n = 53]:	loss = 0.054  exp loss = 0.064  adjusted loss = 0.064  adv prob = 0.250000   acc = 0.981
  waterbird_complete50 = 1, forest2water2 = 1  [n = 63]:	loss = 0.018  exp loss = 0.020  adjusted loss = 0.020  adv prob = 0.250000   acc = 1.000

Validation:
Average incurred loss: 0.358  
Average sample loss: 0.353  
Average acc: 0.927  
  waterbird_complete50 = 0, forest2water2 = 0  [n = 465]:	loss = 0.002  exp loss = 0.001  adjusted loss = 0.001  adv prob = 0.250000   acc = 1.000
  waterbird_complete50 = 0, forest2water2 = 1  [n = 466]:	loss = 0.021  exp loss = 0.019  adjusted loss = 0.019  adv prob = 0.250000   acc = 0.994
  waterbird_complete50 = 1, forest2water2 = 0  [n = 134]:	loss = 1.747  exp loss = 1.970  adjusted loss = 1.970  adv prob = 0.250000   acc = 0.672
  waterbird_complete50 = 1, forest2water2 = 1  [n = 134]:	loss = 1.378  exp loss = 1.371  adjusted loss = 1.371  adv prob = 0.250000   acc = 0.701
Current lr: 0.000010
Current validation accuracy: 0.6716418266296387


Epoch [272]:
Training:
Average incurred loss: 0.007  
Average sample loss: 0.009  
Average acc: 1.000  
  waterbird_complete50 = 0, forest2water2 = 0  [n = 52]:	loss = 0.000  exp loss = 0.000  adjusted loss = 0.000  adv prob = 0.250000   acc = 1.000
  waterbird_complete50 = 0, forest2water2 = 1  [n = 61]:	loss = 0.000  exp loss = 0.000  adjusted loss = 0.000  adv prob = 0.250000   acc = 1.000
  waterbird_complete50 = 1, forest2water2 = 0  [n = 56]:	loss = 0.024  exp loss = 0.051  adjusted loss = 0.051  adv prob = 0.250000   acc = 1.000
  waterbird_complete50 = 1, forest2water2 = 1  [n = 55]:	loss = 0.004  exp loss = 0.015  adjusted loss = 0.015  adv prob = 0.250000   acc = 1.000

Validation:
Average incurred loss: 0.343  
Average sample loss: 0.338  
Average acc: 0.931  
  waterbird_complete50 = 0, forest2water2 = 0  [n = 465]:	loss = 0.002  exp loss = 0.001  adjusted loss = 0.001  adv prob = 0.250000   acc = 1.000
  waterbird_complete50 = 0, forest2water2 = 1  [n = 466]:	loss = 0.024  exp loss = 0.021  adjusted loss = 0.021  adv prob = 0.250000   acc = 0.994
  waterbird_complete50 = 1, forest2water2 = 0  [n = 134]:	loss = 1.671  exp loss = 1.889  adjusted loss = 1.889  adv prob = 0.250000   acc = 0.687
  waterbird_complete50 = 1, forest2water2 = 1  [n = 134]:	loss = 1.304  exp loss = 1.303  adjusted loss = 1.303  adv prob = 0.250000   acc = 0.716
Current lr: 0.000010
Current validation accuracy: 0.6865670680999756


Epoch [273]:
Training:
Average incurred loss: 0.030  
Average sample loss: 0.047  
Average acc: 0.991  
  waterbird_complete50 = 0, forest2water2 = 0  [n = 62]:	loss = 0.000  exp loss = 0.000  adjusted loss = 0.000  adv prob = 0.250000   acc = 1.000
  waterbird_complete50 = 0, forest2water2 = 1  [n = 52]:	loss = 0.000  exp loss = 0.000  adjusted loss = 0.000  adv prob = 0.250000   acc = 1.000
  waterbird_complete50 = 1, forest2water2 = 0  [n = 48]:	loss = 0.048  exp loss = 0.062  adjusted loss = 0.062  adv prob = 0.250000   acc = 0.979
  waterbird_complete50 = 1, forest2water2 = 1  [n = 62]:	loss = 0.071  exp loss = 0.045  adjusted loss = 0.045  adv prob = 0.250000   acc = 0.984

Validation:
Average incurred loss: 0.351  
Average sample loss: 0.346  
Average acc: 0.928  
  waterbird_complete50 = 0, forest2water2 = 0  [n = 465]:	loss = 0.001  exp loss = 0.001  adjusted loss = 0.001  adv prob = 0.250000   acc = 1.000
  waterbird_complete50 = 0, forest2water2 = 1  [n = 466]:	loss = 0.024  exp loss = 0.021  adjusted loss = 0.021  adv prob = 0.250000   acc = 0.994
  waterbird_complete50 = 1, forest2water2 = 0  [n = 134]:	loss = 1.702  exp loss = 1.930  adjusted loss = 1.930  adv prob = 0.250000   acc = 0.679
  waterbird_complete50 = 1, forest2water2 = 1  [n = 134]:	loss = 1.351  exp loss = 1.345  adjusted loss = 1.345  adv prob = 0.250000   acc = 0.701
Current lr: 0.000010
Current validation accuracy: 0.6791044473648071


Epoch [274]:
Training:
Average incurred loss: 0.024  
Average sample loss: 0.032  
Average acc: 0.996  
  waterbird_complete50 = 0, forest2water2 = 0  [n = 46]:	loss = 0.000  exp loss = 0.000  adjusted loss = 0.000  adv prob = 0.250000   acc = 1.000
  waterbird_complete50 = 0, forest2water2 = 1  [n = 56]:	loss = 0.000  exp loss = 0.000  adjusted loss = 0.000  adv prob = 0.250000   acc = 1.000
  waterbird_complete50 = 1, forest2water2 = 0  [n = 72]:	loss = 0.071  exp loss = 0.075  adjusted loss = 0.075  adv prob = 0.250000   acc = 0.986
  waterbird_complete50 = 1, forest2water2 = 1  [n = 50]:	loss = 0.007  exp loss = 0.032  adjusted loss = 0.032  adv prob = 0.250000   acc = 1.000

Validation:
Average incurred loss: 0.373  
Average sample loss: 0.368  
Average acc: 0.923  
  waterbird_complete50 = 0, forest2water2 = 0  [n = 465]:	loss = 0.001  exp loss = 0.001  adjusted loss = 0.001  adv prob = 0.250000   acc = 1.000
  waterbird_complete50 = 0, forest2water2 = 1  [n = 466]:	loss = 0.020  exp loss = 0.017  adjusted loss = 0.017  adv prob = 0.250000   acc = 0.994
  waterbird_complete50 = 1, forest2water2 = 0  [n = 134]:	loss = 1.813  exp loss = 2.064  adjusted loss = 2.064  adv prob = 0.250000   acc = 0.649
  waterbird_complete50 = 1, forest2water2 = 1  [n = 134]:	loss = 1.450  exp loss = 1.435  adjusted loss = 1.435  adv prob = 0.250000   acc = 0.687
Current lr: 0.000010
Current validation accuracy: 0.6492537260055542


Epoch [275]:
Training:
Average incurred loss: 0.059  
Average sample loss: 0.053  
Average acc: 0.982  
  waterbird_complete50 = 0, forest2water2 = 0  [n = 55]:	loss = 0.000  exp loss = 0.000  adjusted loss = 0.000  adv prob = 0.250000   acc = 1.000
  waterbird_complete50 = 0, forest2water2 = 1  [n = 41]:	loss = 0.000  exp loss = 0.000  adjusted loss = 0.000  adv prob = 0.250000   acc = 1.000
  waterbird_complete50 = 1, forest2water2 = 0  [n = 68]:	loss = 0.121  exp loss = 0.086  adjusted loss = 0.086  adv prob = 0.250000   acc = 0.956
  waterbird_complete50 = 1, forest2water2 = 1  [n = 60]:	loss = 0.083  exp loss = 0.045  adjusted loss = 0.045  adv prob = 0.250000   acc = 0.983

Validation:
Average incurred loss: 0.397  
Average sample loss: 0.391  
Average acc: 0.920  
  waterbird_complete50 = 0, forest2water2 = 0  [n = 465]:	loss = 0.001  exp loss = 0.000  adjusted loss = 0.000  adv prob = 0.250000   acc = 1.000
  waterbird_complete50 = 0, forest2water2 = 1  [n = 466]:	loss = 0.017  exp loss = 0.015  adjusted loss = 0.015  adv prob = 0.250000   acc = 0.994
  waterbird_complete50 = 1, forest2water2 = 0  [n = 134]:	loss = 1.925  exp loss = 2.204  adjusted loss = 2.204  adv prob = 0.250000   acc = 0.642
  waterbird_complete50 = 1, forest2water2 = 1  [n = 134]:	loss = 1.564  exp loss = 1.544  adjusted loss = 1.544  adv prob = 0.250000   acc = 0.664
Current lr: 0.000010
Current validation accuracy: 0.6417909860610962


Epoch [276]:
Training:
Average incurred loss: 0.017  
Average sample loss: 0.015  
Average acc: 1.000  
  waterbird_complete50 = 0, forest2water2 = 0  [n = 53]:	loss = 0.000  exp loss = 0.000  adjusted loss = 0.000  adv prob = 0.250000   acc = 1.000
  waterbird_complete50 = 0, forest2water2 = 1  [n = 51]:	loss = 0.000  exp loss = 0.000  adjusted loss = 0.000  adv prob = 0.250000   acc = 1.000
  waterbird_complete50 = 1, forest2water2 = 0  [n = 59]:	loss = 0.046  exp loss = 0.069  adjusted loss = 0.069  adv prob = 0.250000   acc = 1.000
  waterbird_complete50 = 1, forest2water2 = 1  [n = 61]:	loss = 0.016  exp loss = 0.034  adjusted loss = 0.034  adv prob = 0.250000   acc = 1.000

Validation:
Average incurred loss: 0.388  
Average sample loss: 0.382  
Average acc: 0.922  
  waterbird_complete50 = 0, forest2water2 = 0  [n = 465]:	loss = 0.001  exp loss = 0.001  adjusted loss = 0.001  adv prob = 0.250000   acc = 1.000
  waterbird_complete50 = 0, forest2water2 = 1  [n = 466]:	loss = 0.019  exp loss = 0.017  adjusted loss = 0.017  adv prob = 0.250000   acc = 0.994
  waterbird_complete50 = 1, forest2water2 = 0  [n = 134]:	loss = 1.880  exp loss = 2.137  adjusted loss = 2.137  adv prob = 0.250000   acc = 0.649
  waterbird_complete50 = 1, forest2water2 = 1  [n = 134]:	loss = 1.518  exp loss = 1.503  adjusted loss = 1.503  adv prob = 0.250000   acc = 0.679
Current lr: 0.000010
Current validation accuracy: 0.6492537260055542


Epoch [277]:
Training:
Average incurred loss: 0.003  
Average sample loss: 0.005  
Average acc: 1.000  
  waterbird_complete50 = 0, forest2water2 = 0  [n = 60]:	loss = 0.000  exp loss = 0.000  adjusted loss = 0.000  adv prob = 0.250000   acc = 1.000
  waterbird_complete50 = 0, forest2water2 = 1  [n = 61]:	loss = 0.000  exp loss = 0.000  adjusted loss = 0.000  adv prob = 0.250000   acc = 1.000
  waterbird_complete50 = 1, forest2water2 = 0  [n = 50]:	loss = 0.012  exp loss = 0.052  adjusted loss = 0.052  adv prob = 0.250000   acc = 1.000
  waterbird_complete50 = 1, forest2water2 = 1  [n = 53]:	loss = 0.003  exp loss = 0.024  adjusted loss = 0.024  adv prob = 0.250000   acc = 1.000

Validation:
Average incurred loss: 0.339  
Average sample loss: 0.334  
Average acc: 0.932  
  waterbird_complete50 = 0, forest2water2 = 0  [n = 465]:	loss = 0.002  exp loss = 0.001  adjusted loss = 0.001  adv prob = 0.250000   acc = 1.000
  waterbird_complete50 = 0, forest2water2 = 1  [n = 466]:	loss = 0.024  exp loss = 0.022  adjusted loss = 0.022  adv prob = 0.250000   acc = 0.994
  waterbird_complete50 = 1, forest2water2 = 0  [n = 134]:	loss = 1.652  exp loss = 1.867  adjusted loss = 1.867  adv prob = 0.250000   acc = 0.687
  waterbird_complete50 = 1, forest2water2 = 1  [n = 134]:	loss = 1.290  exp loss = 1.282  adjusted loss = 1.282  adv prob = 0.250000   acc = 0.724
Current lr: 0.000010
Current validation accuracy: 0.6865670680999756


Epoch [278]:
Training:
Average incurred loss: 0.004  
Average sample loss: 0.004  
Average acc: 1.000  
  waterbird_complete50 = 0, forest2water2 = 0  [n = 52]:	loss = 0.000  exp loss = 0.000  adjusted loss = 0.000  adv prob = 0.250000   acc = 1.000
  waterbird_complete50 = 0, forest2water2 = 1  [n = 68]:	loss = 0.000  exp loss = 0.000  adjusted loss = 0.000  adv prob = 0.250000   acc = 1.000
  waterbird_complete50 = 1, forest2water2 = 0  [n = 41]:	loss = 0.010  exp loss = 0.037  adjusted loss = 0.037  adv prob = 0.250000   acc = 1.000
  waterbird_complete50 = 1, forest2water2 = 1  [n = 63]:	loss = 0.007  exp loss = 0.018  adjusted loss = 0.018  adv prob = 0.250000   acc = 1.000

Validation:
Average incurred loss: 0.320  
Average sample loss: 0.315  
Average acc: 0.937  
  waterbird_complete50 = 0, forest2water2 = 0  [n = 465]:	loss = 0.003  exp loss = 0.001  adjusted loss = 0.001  adv prob = 0.250000   acc = 0.998
  waterbird_complete50 = 0, forest2water2 = 1  [n = 466]:	loss = 0.027  exp loss = 0.024  adjusted loss = 0.024  adv prob = 0.250000   acc = 0.994
  waterbird_complete50 = 1, forest2water2 = 0  [n = 134]:	loss = 1.563  exp loss = 1.754  adjusted loss = 1.754  adv prob = 0.250000   acc = 0.709
  waterbird_complete50 = 1, forest2water2 = 1  [n = 134]:	loss = 1.193  exp loss = 1.201  adjusted loss = 1.201  adv prob = 0.250000   acc = 0.754
Current lr: 0.000010
Current validation accuracy: 0.7089552879333496


Epoch [279]:
Training:
Average incurred loss: 0.021  
Average sample loss: 0.032  
Average acc: 0.991  
  waterbird_complete50 = 0, forest2water2 = 0  [n = 50]:	loss = 0.000  exp loss = 0.000  adjusted loss = 0.000  adv prob = 0.250000   acc = 1.000
  waterbird_complete50 = 0, forest2water2 = 1  [n = 62]:	loss = 0.000  exp loss = 0.000  adjusted loss = 0.000  adv prob = 0.250000   acc = 1.000
  waterbird_complete50 = 1, forest2water2 = 0  [n = 56]:	loss = 0.025  exp loss = 0.036  adjusted loss = 0.036  adv prob = 0.250000   acc = 1.000
  waterbird_complete50 = 1, forest2water2 = 1  [n = 56]:	loss = 0.060  exp loss = 0.038  adjusted loss = 0.038  adv prob = 0.250000   acc = 0.964

Validation:
Average incurred loss: 0.329  
Average sample loss: 0.325  
Average acc: 0.932  
  waterbird_complete50 = 0, forest2water2 = 0  [n = 465]:	loss = 0.003  exp loss = 0.002  adjusted loss = 0.002  adv prob = 0.250000   acc = 0.998
  waterbird_complete50 = 0, forest2water2 = 1  [n = 466]:	loss = 0.025  exp loss = 0.022  adjusted loss = 0.022  adv prob = 0.250000   acc = 0.994
  waterbird_complete50 = 1, forest2water2 = 0  [n = 134]:	loss = 1.604  exp loss = 1.805  adjusted loss = 1.805  adv prob = 0.250000   acc = 0.701
  waterbird_complete50 = 1, forest2water2 = 1  [n = 134]:	loss = 1.247  exp loss = 1.252  adjusted loss = 1.252  adv prob = 0.250000   acc = 0.724
Current lr: 0.000010
Current validation accuracy: 0.7014925479888916


Epoch [280]:
Training:
Average incurred loss: 0.030  
Average sample loss: 0.026  
Average acc: 0.996  
  waterbird_complete50 = 0, forest2water2 = 0  [n = 56]:	loss = 0.000  exp loss = 0.000  adjusted loss = 0.000  adv prob = 0.250000   acc = 1.000
  waterbird_complete50 = 0, forest2water2 = 1  [n = 47]:	loss = 0.000  exp loss = 0.000  adjusted loss = 0.000  adv prob = 0.250000   acc = 1.000
  waterbird_complete50 = 1, forest2water2 = 0  [n = 62]:	loss = 0.083  exp loss = 0.046  adjusted loss = 0.046  adv prob = 0.250000   acc = 0.984
  waterbird_complete50 = 1, forest2water2 = 1  [n = 59]:	loss = 0.026  exp loss = 0.031  adjusted loss = 0.031  adv prob = 0.250000   acc = 1.000

Validation:
Average incurred loss: 0.329  
Average sample loss: 0.324  
Average acc: 0.932  
  waterbird_complete50 = 0, forest2water2 = 0  [n = 465]:	loss = 0.002  exp loss = 0.001  adjusted loss = 0.001  adv prob = 0.250000   acc = 1.000
  waterbird_complete50 = 0, forest2water2 = 1  [n = 466]:	loss = 0.026  exp loss = 0.023  adjusted loss = 0.023  adv prob = 0.250000   acc = 0.994
  waterbird_complete50 = 1, forest2water2 = 0  [n = 134]:	loss = 1.606  exp loss = 1.806  adjusted loss = 1.806  adv prob = 0.250000   acc = 0.694
  waterbird_complete50 = 1, forest2water2 = 1  [n = 134]:	loss = 1.236  exp loss = 1.236  adjusted loss = 1.236  adv prob = 0.250000   acc = 0.724
Current lr: 0.000010
Current validation accuracy: 0.6940298080444336


Epoch [281]:
Training:
Average incurred loss: 0.004  
Average sample loss: 0.003  
Average acc: 1.000  
  waterbird_complete50 = 0, forest2water2 = 0  [n = 53]:	loss = 0.000  exp loss = 0.000  adjusted loss = 0.000  adv prob = 0.250000   acc = 1.000
  waterbird_complete50 = 0, forest2water2 = 1  [n = 62]:	loss = 0.000  exp loss = 0.000  adjusted loss = 0.000  adv prob = 0.250000   acc = 1.000
  waterbird_complete50 = 1, forest2water2 = 0  [n = 55]:	loss = 0.010  exp loss = 0.033  adjusted loss = 0.033  adv prob = 0.250000   acc = 1.000
  waterbird_complete50 = 1, forest2water2 = 1  [n = 54]:	loss = 0.005  exp loss = 0.022  adjusted loss = 0.022  adv prob = 0.250000   acc = 1.000

Validation:
Average incurred loss: 0.316  
Average sample loss: 0.312  
Average acc: 0.934  
  waterbird_complete50 = 0, forest2water2 = 0  [n = 465]:	loss = 0.003  exp loss = 0.001  adjusted loss = 0.001  adv prob = 0.250000   acc = 0.998
  waterbird_complete50 = 0, forest2water2 = 1  [n = 466]:	loss = 0.027  exp loss = 0.024  adjusted loss = 0.024  adv prob = 0.250000   acc = 0.994
  waterbird_complete50 = 1, forest2water2 = 0  [n = 134]:	loss = 1.544  exp loss = 1.716  adjusted loss = 1.716  adv prob = 0.250000   acc = 0.701
  waterbird_complete50 = 1, forest2water2 = 1  [n = 134]:	loss = 1.180  exp loss = 1.178  adjusted loss = 1.178  adv prob = 0.250000   acc = 0.739
Current lr: 0.000010
Current validation accuracy: 0.7014925479888916


Epoch [282]:
Training:
Average incurred loss: 0.052  
Average sample loss: 0.068  
Average acc: 0.978  
  waterbird_complete50 = 0, forest2water2 = 0  [n = 53]:	loss = 0.000  exp loss = 0.000  adjusted loss = 0.000  adv prob = 0.250000   acc = 1.000
  waterbird_complete50 = 0, forest2water2 = 1  [n = 55]:	loss = 0.000  exp loss = 0.000  adjusted loss = 0.000  adv prob = 0.250000   acc = 1.000
  waterbird_complete50 = 1, forest2water2 = 0  [n = 49]:	loss = 0.121  exp loss = 0.067  adjusted loss = 0.067  adv prob = 0.250000   acc = 0.939
  waterbird_complete50 = 1, forest2water2 = 1  [n = 67]:	loss = 0.085  exp loss = 0.052  adjusted loss = 0.052  adv prob = 0.250000   acc = 0.970

Validation:
Average incurred loss: 0.338  
Average sample loss: 0.333  
Average acc: 0.933  
  waterbird_complete50 = 0, forest2water2 = 0  [n = 465]:	loss = 0.002  exp loss = 0.001  adjusted loss = 0.001  adv prob = 0.250000   acc = 1.000
  waterbird_complete50 = 0, forest2water2 = 1  [n = 466]:	loss = 0.026  exp loss = 0.023  adjusted loss = 0.023  adv prob = 0.250000   acc = 0.994
  waterbird_complete50 = 1, forest2water2 = 0  [n = 134]:	loss = 1.642  exp loss = 1.864  adjusted loss = 1.864  adv prob = 0.250000   acc = 0.701
  waterbird_complete50 = 1, forest2water2 = 1  [n = 134]:	loss = 1.282  exp loss = 1.278  adjusted loss = 1.278  adv prob = 0.250000   acc = 0.724
Current lr: 0.000010
Current validation accuracy: 0.7014925479888916


Epoch [283]:
Training:
Average incurred loss: 0.027  
Average sample loss: 0.024  
Average acc: 0.991  
  waterbird_complete50 = 0, forest2water2 = 0  [n = 59]:	loss = 0.000  exp loss = 0.000  adjusted loss = 0.000  adv prob = 0.250000   acc = 1.000
  waterbird_complete50 = 0, forest2water2 = 1  [n = 52]:	loss = 0.000  exp loss = 0.000  adjusted loss = 0.000  adv prob = 0.250000   acc = 1.000
  waterbird_complete50 = 1, forest2water2 = 0  [n = 52]:	loss = 0.070  exp loss = 0.060  adjusted loss = 0.060  adv prob = 0.250000   acc = 0.981
  waterbird_complete50 = 1, forest2water2 = 1  [n = 61]:	loss = 0.039  exp loss = 0.043  adjusted loss = 0.043  adv prob = 0.250000   acc = 0.984

Validation:
Average incurred loss: 0.334  
Average sample loss: 0.330  
Average acc: 0.932  
  waterbird_complete50 = 0, forest2water2 = 0  [n = 465]:	loss = 0.002  exp loss = 0.001  adjusted loss = 0.001  adv prob = 0.250000   acc = 1.000
  waterbird_complete50 = 0, forest2water2 = 1  [n = 466]:	loss = 0.026  exp loss = 0.023  adjusted loss = 0.023  adv prob = 0.250000   acc = 0.994
  waterbird_complete50 = 1, forest2water2 = 0  [n = 134]:	loss = 1.624  exp loss = 1.820  adjusted loss = 1.820  adv prob = 0.250000   acc = 0.694
  waterbird_complete50 = 1, forest2water2 = 1  [n = 134]:	loss = 1.268  exp loss = 1.265  adjusted loss = 1.265  adv prob = 0.250000   acc = 0.724
Current lr: 0.000010
Current validation accuracy: 0.6940298080444336


Epoch [284]:
Training:
Average incurred loss: 0.039  
Average sample loss: 0.047  
Average acc: 0.987  
  waterbird_complete50 = 0, forest2water2 = 0  [n = 55]:	loss = 0.000  exp loss = 0.000  adjusted loss = 0.000  adv prob = 0.250000   acc = 1.000
  waterbird_complete50 = 0, forest2water2 = 1  [n = 53]:	loss = 0.000  exp loss = 0.000  adjusted loss = 0.000  adv prob = 0.250000   acc = 1.000
  waterbird_complete50 = 1, forest2water2 = 0  [n = 59]:	loss = 0.128  exp loss = 0.089  adjusted loss = 0.089  adv prob = 0.250000   acc = 0.949
  waterbird_complete50 = 1, forest2water2 = 1  [n = 57]:	loss = 0.022  exp loss = 0.038  adjusted loss = 0.038  adv prob = 0.250000   acc = 1.000

Validation:
Average incurred loss: 0.346  
Average sample loss: 0.341  
Average acc: 0.928  
  waterbird_complete50 = 0, forest2water2 = 0  [n = 465]:	loss = 0.002  exp loss = 0.001  adjusted loss = 0.001  adv prob = 0.250000   acc = 1.000
  waterbird_complete50 = 0, forest2water2 = 1  [n = 466]:	loss = 0.024  exp loss = 0.021  adjusted loss = 0.021  adv prob = 0.250000   acc = 0.994
  waterbird_complete50 = 1, forest2water2 = 0  [n = 134]:	loss = 1.680  exp loss = 1.898  adjusted loss = 1.898  adv prob = 0.250000   acc = 0.679
  waterbird_complete50 = 1, forest2water2 = 1  [n = 134]:	loss = 1.330  exp loss = 1.321  adjusted loss = 1.321  adv prob = 0.250000   acc = 0.701
Current lr: 0.000010
Current validation accuracy: 0.6791044473648071


Epoch [285]:
Training:
Average incurred loss: 0.011  
Average sample loss: 0.010  
Average acc: 1.000  
  waterbird_complete50 = 0, forest2water2 = 0  [n = 43]:	loss = 0.000  exp loss = 0.000  adjusted loss = 0.000  adv prob = 0.250000   acc = 1.000
  waterbird_complete50 = 0, forest2water2 = 1  [n = 64]:	loss = 0.000  exp loss = 0.000  adjusted loss = 0.000  adv prob = 0.250000   acc = 1.000
  waterbird_complete50 = 1, forest2water2 = 0  [n = 57]:	loss = 0.037  exp loss = 0.070  adjusted loss = 0.070  adv prob = 0.250000   acc = 1.000
  waterbird_complete50 = 1, forest2water2 = 1  [n = 60]:	loss = 0.007  exp loss = 0.027  adjusted loss = 0.027  adv prob = 0.250000   acc = 1.000

Validation:
Average incurred loss: 0.336  
Average sample loss: 0.331  
Average acc: 0.932  
  waterbird_complete50 = 0, forest2water2 = 0  [n = 465]:	loss = 0.002  exp loss = 0.001  adjusted loss = 0.001  adv prob = 0.250000   acc = 1.000
  waterbird_complete50 = 0, forest2water2 = 1  [n = 466]:	loss = 0.023  exp loss = 0.021  adjusted loss = 0.021  adv prob = 0.250000   acc = 0.994
  waterbird_complete50 = 1, forest2water2 = 0  [n = 134]:	loss = 1.626  exp loss = 1.842  adjusted loss = 1.842  adv prob = 0.250000   acc = 0.701
  waterbird_complete50 = 1, forest2water2 = 1  [n = 134]:	loss = 1.290  exp loss = 1.287  adjusted loss = 1.287  adv prob = 0.250000   acc = 0.716
Current lr: 0.000010
Current validation accuracy: 0.7014925479888916


Epoch [286]:
Training:
Average incurred loss: 0.022  
Average sample loss: 0.019  
Average acc: 0.991  
  waterbird_complete50 = 0, forest2water2 = 0  [n = 53]:	loss = 0.000  exp loss = 0.000  adjusted loss = 0.000  adv prob = 0.250000   acc = 1.000
  waterbird_complete50 = 0, forest2water2 = 1  [n = 52]:	loss = 0.000  exp loss = 0.000  adjusted loss = 0.000  adv prob = 0.250000   acc = 1.000
  waterbird_complete50 = 1, forest2water2 = 0  [n = 63]:	loss = 0.060  exp loss = 0.061  adjusted loss = 0.061  adv prob = 0.250000   acc = 0.968
  waterbird_complete50 = 1, forest2water2 = 1  [n = 56]:	loss = 0.020  exp loss = 0.024  adjusted loss = 0.024  adv prob = 0.250000   acc = 1.000

Validation:
Average incurred loss: 0.335  
Average sample loss: 0.330  
Average acc: 0.930  
  waterbird_complete50 = 0, forest2water2 = 0  [n = 465]:	loss = 0.002  exp loss = 0.001  adjusted loss = 0.001  adv prob = 0.250000   acc = 1.000
  waterbird_complete50 = 0, forest2water2 = 1  [n = 466]:	loss = 0.024  exp loss = 0.021  adjusted loss = 0.021  adv prob = 0.250000   acc = 0.994
  waterbird_complete50 = 1, forest2water2 = 0  [n = 134]:	loss = 1.640  exp loss = 1.842  adjusted loss = 1.842  adv prob = 0.250000   acc = 0.687
  waterbird_complete50 = 1, forest2water2 = 1  [n = 134]:	loss = 1.267  exp loss = 1.269  adjusted loss = 1.269  adv prob = 0.250000   acc = 0.709
Current lr: 0.000010
Current validation accuracy: 0.6865670680999756


Epoch [287]:
Training:
Average incurred loss: 0.009  
Average sample loss: 0.008  
Average acc: 1.000  
  waterbird_complete50 = 0, forest2water2 = 0  [n = 54]:	loss = 0.000  exp loss = 0.000  adjusted loss = 0.000  adv prob = 0.250000   acc = 1.000
  waterbird_complete50 = 0, forest2water2 = 1  [n = 59]:	loss = 0.000  exp loss = 0.000  adjusted loss = 0.000  adv prob = 0.250000   acc = 1.000
  waterbird_complete50 = 1, forest2water2 = 0  [n = 57]:	loss = 0.015  exp loss = 0.045  adjusted loss = 0.045  adv prob = 0.250000   acc = 1.000
  waterbird_complete50 = 1, forest2water2 = 1  [n = 54]:	loss = 0.021  exp loss = 0.020  adjusted loss = 0.020  adv prob = 0.250000   acc = 1.000

Validation:
Average incurred loss: 0.324  
Average sample loss: 0.319  
Average acc: 0.932  
  waterbird_complete50 = 0, forest2water2 = 0  [n = 465]:	loss = 0.003  exp loss = 0.001  adjusted loss = 0.001  adv prob = 0.250000   acc = 0.998
  waterbird_complete50 = 0, forest2water2 = 1  [n = 466]:	loss = 0.025  exp loss = 0.023  adjusted loss = 0.023  adv prob = 0.250000   acc = 0.994
  waterbird_complete50 = 1, forest2water2 = 0  [n = 134]:	loss = 1.583  exp loss = 1.778  adjusted loss = 1.778  adv prob = 0.250000   acc = 0.694
  waterbird_complete50 = 1, forest2water2 = 1  [n = 134]:	loss = 1.215  exp loss = 1.220  adjusted loss = 1.220  adv prob = 0.250000   acc = 0.724
Current lr: 0.000010
Current validation accuracy: 0.6940298080444336


Epoch [288]:
Training:
Average incurred loss: 0.018  
Average sample loss: 0.016  
Average acc: 0.996  
  waterbird_complete50 = 0, forest2water2 = 0  [n = 54]:	loss = 0.000  exp loss = 0.000  adjusted loss = 0.000  adv prob = 0.250000   acc = 1.000
  waterbird_complete50 = 0, forest2water2 = 1  [n = 52]:	loss = 0.000  exp loss = 0.000  adjusted loss = 0.000  adv prob = 0.250000   acc = 1.000
  waterbird_complete50 = 1, forest2water2 = 0  [n = 55]:	loss = 0.041  exp loss = 0.041  adjusted loss = 0.041  adv prob = 0.250000   acc = 1.000
  waterbird_complete50 = 1, forest2water2 = 1  [n = 63]:	loss = 0.029  exp loss = 0.020  adjusted loss = 0.020  adv prob = 0.250000   acc = 0.984

Validation:
Average incurred loss: 0.331  
Average sample loss: 0.327  
Average acc: 0.932  
  waterbird_complete50 = 0, forest2water2 = 0  [n = 465]:	loss = 0.002  exp loss = 0.001  adjusted loss = 0.001  adv prob = 0.250000   acc = 1.000
  waterbird_complete50 = 0, forest2water2 = 1  [n = 466]:	loss = 0.024  exp loss = 0.021  adjusted loss = 0.021  adv prob = 0.250000   acc = 0.994
  waterbird_complete50 = 1, forest2water2 = 0  [n = 134]:	loss = 1.619  exp loss = 1.822  adjusted loss = 1.822  adv prob = 0.250000   acc = 0.694
  waterbird_complete50 = 1, forest2water2 = 1  [n = 134]:	loss = 1.255  exp loss = 1.254  adjusted loss = 1.254  adv prob = 0.250000   acc = 0.724
Current lr: 0.000010
Current validation accuracy: 0.6940298080444336


Epoch [289]:
Training:
Average incurred loss: 0.013  
Average sample loss: 0.014  
Average acc: 1.000  
  waterbird_complete50 = 0, forest2water2 = 0  [n = 54]:	loss = 0.000  exp loss = 0.000  adjusted loss = 0.000  adv prob = 0.250000   acc = 1.000
  waterbird_complete50 = 0, forest2water2 = 1  [n = 53]:	loss = 0.000  exp loss = 0.000  adjusted loss = 0.000  adv prob = 0.250000   acc = 1.000
  waterbird_complete50 = 1, forest2water2 = 0  [n = 61]:	loss = 0.029  exp loss = 0.038  adjusted loss = 0.038  adv prob = 0.250000   acc = 1.000
  waterbird_complete50 = 1, forest2water2 = 1  [n = 56]:	loss = 0.022  exp loss = 0.019  adjusted loss = 0.019  adv prob = 0.250000   acc = 1.000

Validation:
Average incurred loss: 0.338  
Average sample loss: 0.333  
Average acc: 0.930  
  waterbird_complete50 = 0, forest2water2 = 0  [n = 465]:	loss = 0.002  exp loss = 0.001  adjusted loss = 0.001  adv prob = 0.250000   acc = 1.000
  waterbird_complete50 = 0, forest2water2 = 1  [n = 466]:	loss = 0.023  exp loss = 0.021  adjusted loss = 0.021  adv prob = 0.250000   acc = 0.994
  waterbird_complete50 = 1, forest2water2 = 0  [n = 134]:	loss = 1.652  exp loss = 1.862  adjusted loss = 1.862  adv prob = 0.250000   acc = 0.687
  waterbird_complete50 = 1, forest2water2 = 1  [n = 134]:	loss = 1.281  exp loss = 1.285  adjusted loss = 1.285  adv prob = 0.250000   acc = 0.709
Current lr: 0.000010
Current validation accuracy: 0.6865670680999756


Epoch [290]:
Training:
Average incurred loss: 0.008  
Average sample loss: 0.013  
Average acc: 1.000  
  waterbird_complete50 = 0, forest2water2 = 0  [n = 64]:	loss = 0.000  exp loss = 0.000  adjusted loss = 0.000  adv prob = 0.250000   acc = 1.000
  waterbird_complete50 = 0, forest2water2 = 1  [n = 62]:	loss = 0.000  exp loss = 0.000  adjusted loss = 0.000  adv prob = 0.250000   acc = 1.000
  waterbird_complete50 = 1, forest2water2 = 0  [n = 43]:	loss = 0.036  exp loss = 0.040  adjusted loss = 0.040  adv prob = 0.250000   acc = 1.000
  waterbird_complete50 = 1, forest2water2 = 1  [n = 55]:	loss = 0.003  exp loss = 0.014  adjusted loss = 0.014  adv prob = 0.250000   acc = 1.000

Validation:
Average incurred loss: 0.305  
Average sample loss: 0.300  
Average acc: 0.936  
  waterbird_complete50 = 0, forest2water2 = 0  [n = 465]:	loss = 0.003  exp loss = 0.002  adjusted loss = 0.002  adv prob = 0.250000   acc = 0.998
  waterbird_complete50 = 0, forest2water2 = 1  [n = 466]:	loss = 0.028  exp loss = 0.025  adjusted loss = 0.025  adv prob = 0.250000   acc = 0.994
  waterbird_complete50 = 1, forest2water2 = 0  [n = 134]:	loss = 1.498  exp loss = 1.683  adjusted loss = 1.683  adv prob = 0.250000   acc = 0.701
  waterbird_complete50 = 1, forest2water2 = 1  [n = 134]:	loss = 1.118  exp loss = 1.127  adjusted loss = 1.127  adv prob = 0.250000   acc = 0.754
Current lr: 0.000010
Current validation accuracy: 0.7014925479888916


Epoch [291]:
Training:
Average incurred loss: 0.004  
Average sample loss: 0.005  
Average acc: 1.000  
  waterbird_complete50 = 0, forest2water2 = 0  [n = 53]:	loss = 0.000  exp loss = 0.000  adjusted loss = 0.000  adv prob = 0.250000   acc = 1.000
  waterbird_complete50 = 0, forest2water2 = 1  [n = 67]:	loss = 0.000  exp loss = 0.000  adjusted loss = 0.000  adv prob = 0.250000   acc = 1.000
  waterbird_complete50 = 1, forest2water2 = 0  [n = 55]:	loss = 0.012  exp loss = 0.032  adjusted loss = 0.032  adv prob = 0.250000   acc = 1.000
  waterbird_complete50 = 1, forest2water2 = 1  [n = 49]:	loss = 0.003  exp loss = 0.010  adjusted loss = 0.010  adv prob = 0.250000   acc = 1.000

Validation:
Average incurred loss: 0.291  
Average sample loss: 0.287  
Average acc: 0.940  
  waterbird_complete50 = 0, forest2water2 = 0  [n = 465]:	loss = 0.004  exp loss = 0.002  adjusted loss = 0.002  adv prob = 0.250000   acc = 0.998
  waterbird_complete50 = 0, forest2water2 = 1  [n = 466]:	loss = 0.031  exp loss = 0.028  adjusted loss = 0.028  adv prob = 0.250000   acc = 0.991
  waterbird_complete50 = 1, forest2water2 = 0  [n = 134]:	loss = 1.440  exp loss = 1.605  adjusted loss = 1.605  adv prob = 0.250000   acc = 0.724
  waterbird_complete50 = 1, forest2water2 = 1  [n = 134]:	loss = 1.043  exp loss = 1.061  adjusted loss = 1.061  adv prob = 0.250000   acc = 0.776
Current lr: 0.000010
Current validation accuracy: 0.7238806486129761


Epoch [292]:
Training:
Average incurred loss: 0.008  
Average sample loss: 0.010  
Average acc: 1.000  
  waterbird_complete50 = 0, forest2water2 = 0  [n = 50]:	loss = 0.000  exp loss = 0.000  adjusted loss = 0.000  adv prob = 0.250000   acc = 1.000
  waterbird_complete50 = 0, forest2water2 = 1  [n = 57]:	loss = 0.000  exp loss = 0.000  adjusted loss = 0.000  adv prob = 0.250000   acc = 1.000
  waterbird_complete50 = 1, forest2water2 = 0  [n = 58]:	loss = 0.022  exp loss = 0.030  adjusted loss = 0.030  adv prob = 0.250000   acc = 1.000
  waterbird_complete50 = 1, forest2water2 = 1  [n = 59]:	loss = 0.009  exp loss = 0.011  adjusted loss = 0.011  adv prob = 0.250000   acc = 1.000

Validation:
Average incurred loss: 0.309  
Average sample loss: 0.304  
Average acc: 0.936  
  waterbird_complete50 = 0, forest2water2 = 0  [n = 465]:	loss = 0.003  exp loss = 0.002  adjusted loss = 0.002  adv prob = 0.250000   acc = 0.998
  waterbird_complete50 = 0, forest2water2 = 1  [n = 466]:	loss = 0.028  exp loss = 0.025  adjusted loss = 0.025  adv prob = 0.250000   acc = 0.994
  waterbird_complete50 = 1, forest2water2 = 0  [n = 134]:	loss = 1.531  exp loss = 1.722  adjusted loss = 1.722  adv prob = 0.250000   acc = 0.701
  waterbird_complete50 = 1, forest2water2 = 1  [n = 134]:	loss = 1.120  exp loss = 1.133  adjusted loss = 1.133  adv prob = 0.250000   acc = 0.754
Current lr: 0.000010
Current validation accuracy: 0.7014925479888916


Epoch [293]:
Training:
Average incurred loss: 0.018  
Average sample loss: 0.016  
Average acc: 1.000  
  waterbird_complete50 = 0, forest2water2 = 0  [n = 56]:	loss = 0.000  exp loss = 0.000  adjusted loss = 0.000  adv prob = 0.250000   acc = 1.000
  waterbird_complete50 = 0, forest2water2 = 1  [n = 49]:	loss = 0.000  exp loss = 0.000  adjusted loss = 0.000  adv prob = 0.250000   acc = 1.000
  waterbird_complete50 = 1, forest2water2 = 0  [n = 69]:	loss = 0.039  exp loss = 0.031  adjusted loss = 0.031  adv prob = 0.250000   acc = 1.000
  waterbird_complete50 = 1, forest2water2 = 1  [n = 50]:	loss = 0.026  exp loss = 0.014  adjusted loss = 0.014  adv prob = 0.250000   acc = 1.000

Validation:
Average incurred loss: 0.309  
Average sample loss: 0.304  
Average acc: 0.937  
  waterbird_complete50 = 0, forest2water2 = 0  [n = 465]:	loss = 0.003  exp loss = 0.002  adjusted loss = 0.002  adv prob = 0.250000   acc = 0.998
  waterbird_complete50 = 0, forest2water2 = 1  [n = 466]:	loss = 0.029  exp loss = 0.026  adjusted loss = 0.026  adv prob = 0.250000   acc = 0.994
  waterbird_complete50 = 1, forest2water2 = 0  [n = 134]:	loss = 1.533  exp loss = 1.734  adjusted loss = 1.734  adv prob = 0.250000   acc = 0.701
  waterbird_complete50 = 1, forest2water2 = 1  [n = 134]:	loss = 1.120  exp loss = 1.125  adjusted loss = 1.125  adv prob = 0.250000   acc = 0.769
Current lr: 0.000010
Current validation accuracy: 0.7014925479888916


Epoch [294]:
Training:
Average incurred loss: 0.034  
Average sample loss: 0.043  
Average acc: 0.991  
  waterbird_complete50 = 0, forest2water2 = 0  [n = 49]:	loss = 0.000  exp loss = 0.000  adjusted loss = 0.000  adv prob = 0.250000   acc = 1.000
  waterbird_complete50 = 0, forest2water2 = 1  [n = 49]:	loss = 0.000  exp loss = 0.000  adjusted loss = 0.000  adv prob = 0.250000   acc = 1.000
  waterbird_complete50 = 1, forest2water2 = 0  [n = 61]:	loss = 0.084  exp loss = 0.056  adjusted loss = 0.056  adv prob = 0.250000   acc = 0.984
  waterbird_complete50 = 1, forest2water2 = 1  [n = 65]:	loss = 0.040  exp loss = 0.028  adjusted loss = 0.028  adv prob = 0.250000   acc = 0.985

Validation:
Average incurred loss: 0.350  
Average sample loss: 0.345  
Average acc: 0.927  
  waterbird_complete50 = 0, forest2water2 = 0  [n = 465]:	loss = 0.002  exp loss = 0.001  adjusted loss = 0.001  adv prob = 0.250000   acc = 1.000
  waterbird_complete50 = 0, forest2water2 = 1  [n = 466]:	loss = 0.022  exp loss = 0.020  adjusted loss = 0.020  adv prob = 0.250000   acc = 0.994
  waterbird_complete50 = 1, forest2water2 = 0  [n = 134]:	loss = 1.728  exp loss = 1.956  adjusted loss = 1.956  adv prob = 0.250000   acc = 0.672
  waterbird_complete50 = 1, forest2water2 = 1  [n = 134]:	loss = 1.321  exp loss = 1.317  adjusted loss = 1.317  adv prob = 0.250000   acc = 0.701
Current lr: 0.000010
Current validation accuracy: 0.6716418266296387


Epoch [295]:
Training:
Average incurred loss: 0.007  
Average sample loss: 0.007  
Average acc: 1.000  
  waterbird_complete50 = 0, forest2water2 = 0  [n = 58]:	loss = 0.000  exp loss = 0.000  adjusted loss = 0.000  adv prob = 0.250000   acc = 1.000
  waterbird_complete50 = 0, forest2water2 = 1  [n = 52]:	loss = 0.000  exp loss = 0.000  adjusted loss = 0.000  adv prob = 0.250000   acc = 1.000
  waterbird_complete50 = 1, forest2water2 = 0  [n = 59]:	loss = 0.024  exp loss = 0.044  adjusted loss = 0.044  adv prob = 0.250000   acc = 1.000
  waterbird_complete50 = 1, forest2water2 = 1  [n = 55]:	loss = 0.004  exp loss = 0.020  adjusted loss = 0.020  adv prob = 0.250000   acc = 1.000

Validation:
Average incurred loss: 0.344  
Average sample loss: 0.339  
Average acc: 0.929  
  waterbird_complete50 = 0, forest2water2 = 0  [n = 465]:	loss = 0.002  exp loss = 0.001  adjusted loss = 0.001  adv prob = 0.250000   acc = 1.000
  waterbird_complete50 = 0, forest2water2 = 1  [n = 466]:	loss = 0.023  exp loss = 0.021  adjusted loss = 0.021  adv prob = 0.250000   acc = 0.994
  waterbird_complete50 = 1, forest2water2 = 0  [n = 134]:	loss = 1.688  exp loss = 1.902  adjusted loss = 1.902  adv prob = 0.250000   acc = 0.672
  waterbird_complete50 = 1, forest2water2 = 1  [n = 134]:	loss = 1.301  exp loss = 1.301  adjusted loss = 1.301  adv prob = 0.250000   acc = 0.716
Current lr: 0.000010
Current validation accuracy: 0.6716418266296387


Epoch [296]:
Training:
Average incurred loss: 0.029  
Average sample loss: 0.030  
Average acc: 0.991  
  waterbird_complete50 = 0, forest2water2 = 0  [n = 72]:	loss = 0.000  exp loss = 0.000  adjusted loss = 0.000  adv prob = 0.250000   acc = 1.000
  waterbird_complete50 = 0, forest2water2 = 1  [n = 39]:	loss = 0.000  exp loss = 0.000  adjusted loss = 0.000  adv prob = 0.250000   acc = 1.000
  waterbird_complete50 = 1, forest2water2 = 0  [n = 52]:	loss = 0.068  exp loss = 0.050  adjusted loss = 0.050  adv prob = 0.250000   acc = 0.981
  waterbird_complete50 = 1, forest2water2 = 1  [n = 61]:	loss = 0.050  exp loss = 0.028  adjusted loss = 0.028  adv prob = 0.250000   acc = 0.984

Validation:
Average incurred loss: 0.335  
Average sample loss: 0.330  
Average acc: 0.932  
  waterbird_complete50 = 0, forest2water2 = 0  [n = 465]:	loss = 0.002  exp loss = 0.001  adjusted loss = 0.001  adv prob = 0.250000   acc = 1.000
  waterbird_complete50 = 0, forest2water2 = 1  [n = 466]:	loss = 0.025  exp loss = 0.022  adjusted loss = 0.022  adv prob = 0.250000   acc = 0.994
  waterbird_complete50 = 1, forest2water2 = 0  [n = 134]:	loss = 1.641  exp loss = 1.842  adjusted loss = 1.842  adv prob = 0.250000   acc = 0.679
  waterbird_complete50 = 1, forest2water2 = 1  [n = 134]:	loss = 1.259  exp loss = 1.262  adjusted loss = 1.262  adv prob = 0.250000   acc = 0.739
Current lr: 0.000010
Current validation accuracy: 0.6791044473648071


Epoch [297]:
Training:
Average incurred loss: 0.013  
Average sample loss: 0.012  
Average acc: 0.996  
  waterbird_complete50 = 0, forest2water2 = 0  [n = 54]:	loss = 0.000  exp loss = 0.000  adjusted loss = 0.000  adv prob = 0.250000   acc = 1.000
  waterbird_complete50 = 0, forest2water2 = 1  [n = 54]:	loss = 0.000  exp loss = 0.000  adjusted loss = 0.000  adv prob = 0.250000   acc = 1.000
  waterbird_complete50 = 1, forest2water2 = 0  [n = 60]:	loss = 0.029  exp loss = 0.042  adjusted loss = 0.042  adv prob = 0.250000   acc = 1.000
  waterbird_complete50 = 1, forest2water2 = 1  [n = 56]:	loss = 0.019  exp loss = 0.024  adjusted loss = 0.024  adv prob = 0.250000   acc = 0.982

Validation:
Average incurred loss: 0.328  
Average sample loss: 0.323  
Average acc: 0.932  
  waterbird_complete50 = 0, forest2water2 = 0  [n = 465]:	loss = 0.003  exp loss = 0.001  adjusted loss = 0.001  adv prob = 0.250000   acc = 1.000
  waterbird_complete50 = 0, forest2water2 = 1  [n = 466]:	loss = 0.026  exp loss = 0.023  adjusted loss = 0.023  adv prob = 0.250000   acc = 0.994
  waterbird_complete50 = 1, forest2water2 = 0  [n = 134]:	loss = 1.602  exp loss = 1.809  adjusted loss = 1.809  adv prob = 0.250000   acc = 0.694
  waterbird_complete50 = 1, forest2water2 = 1  [n = 134]:	loss = 1.231  exp loss = 1.233  adjusted loss = 1.233  adv prob = 0.250000   acc = 0.724
Current lr: 0.000010
Current validation accuracy: 0.6940298080444336


Epoch [298]:
Training:
Average incurred loss: 0.025  
Average sample loss: 0.040  
Average acc: 0.991  
  waterbird_complete50 = 0, forest2water2 = 0  [n = 64]:	loss = 0.000  exp loss = 0.000  adjusted loss = 0.000  adv prob = 0.250000   acc = 1.000
  waterbird_complete50 = 0, forest2water2 = 1  [n = 53]:	loss = 0.000  exp loss = 0.000  adjusted loss = 0.000  adv prob = 0.250000   acc = 1.000
  waterbird_complete50 = 1, forest2water2 = 0  [n = 55]:	loss = 0.078  exp loss = 0.062  adjusted loss = 0.062  adv prob = 0.250000   acc = 0.982
  waterbird_complete50 = 1, forest2water2 = 1  [n = 52]:	loss = 0.023  exp loss = 0.034  adjusted loss = 0.034  adv prob = 0.250000   acc = 0.981

Validation:
Average incurred loss: 0.325  
Average sample loss: 0.320  
Average acc: 0.934  
  waterbird_complete50 = 0, forest2water2 = 0  [n = 465]:	loss = 0.003  exp loss = 0.001  adjusted loss = 0.001  adv prob = 0.250000   acc = 1.000
  waterbird_complete50 = 0, forest2water2 = 1  [n = 466]:	loss = 0.026  exp loss = 0.023  adjusted loss = 0.023  adv prob = 0.250000   acc = 0.994
  waterbird_complete50 = 1, forest2water2 = 0  [n = 134]:	loss = 1.593  exp loss = 1.789  adjusted loss = 1.789  adv prob = 0.250000   acc = 0.694
  waterbird_complete50 = 1, forest2water2 = 1  [n = 134]:	loss = 1.212  exp loss = 1.215  adjusted loss = 1.215  adv prob = 0.250000   acc = 0.739
Current lr: 0.000010
Current validation accuracy: 0.6940298080444336


Epoch [299]:
Training:
Average incurred loss: 0.004  
Average sample loss: 0.003  
Average acc: 1.000  
  waterbird_complete50 = 0, forest2water2 = 0  [n = 52]:	loss = 0.000  exp loss = 0.000  adjusted loss = 0.000  adv prob = 0.250000   acc = 1.000
  waterbird_complete50 = 0, forest2water2 = 1  [n = 66]:	loss = 0.000  exp loss = 0.000  adjusted loss = 0.000  adv prob = 0.250000   acc = 1.000
  waterbird_complete50 = 1, forest2water2 = 0  [n = 49]:	loss = 0.013  exp loss = 0.044  adjusted loss = 0.044  adv prob = 0.250000   acc = 1.000
  waterbird_complete50 = 1, forest2water2 = 1  [n = 57]:	loss = 0.003  exp loss = 0.023  adjusted loss = 0.023  adv prob = 0.250000   acc = 1.000

Validation:
Average incurred loss: 0.309  
Average sample loss: 0.305  
Average acc: 0.936  
  waterbird_complete50 = 0, forest2water2 = 0  [n = 465]:	loss = 0.003  exp loss = 0.002  adjusted loss = 0.002  adv prob = 0.250000   acc = 1.000
  waterbird_complete50 = 0, forest2water2 = 1  [n = 466]:	loss = 0.027  exp loss = 0.024  adjusted loss = 0.024  adv prob = 0.250000   acc = 0.994
  waterbird_complete50 = 1, forest2water2 = 0  [n = 134]:	loss = 1.512  exp loss = 1.693  adjusted loss = 1.693  adv prob = 0.250000   acc = 0.701
  waterbird_complete50 = 1, forest2water2 = 1  [n = 134]:	loss = 1.148  exp loss = 1.151  adjusted loss = 1.151  adv prob = 0.250000   acc = 0.746
Current lr: 0.000010
Current validation accuracy: 0.7014925479888916


Epoch [300]:
Training:
Average incurred loss: 0.015  
Average sample loss: 0.014  
Average acc: 1.000  
  waterbird_complete50 = 0, forest2water2 = 0  [n = 52]:	loss = 0.000  exp loss = 0.000  adjusted loss = 0.000  adv prob = 0.250000   acc = 1.000
  waterbird_complete50 = 0, forest2water2 = 1  [n = 55]:	loss = 0.000  exp loss = 0.000  adjusted loss = 0.000  adv prob = 0.250000   acc = 1.000
  waterbird_complete50 = 1, forest2water2 = 0  [n = 59]:	loss = 0.036  exp loss = 0.037  adjusted loss = 0.037  adv prob = 0.250000   acc = 1.000
  waterbird_complete50 = 1, forest2water2 = 1  [n = 58]:	loss = 0.023  exp loss = 0.022  adjusted loss = 0.022  adv prob = 0.250000   acc = 1.000

Validation:
Average incurred loss: 0.326  
Average sample loss: 0.321  
Average acc: 0.932  
  waterbird_complete50 = 0, forest2water2 = 0  [n = 465]:	loss = 0.002  exp loss = 0.001  adjusted loss = 0.001  adv prob = 0.250000   acc = 1.000
  waterbird_complete50 = 0, forest2water2 = 1  [n = 466]:	loss = 0.024  exp loss = 0.022  adjusted loss = 0.022  adv prob = 0.250000   acc = 0.994
  waterbird_complete50 = 1, forest2water2 = 0  [n = 134]:	loss = 1.599  exp loss = 1.803  adjusted loss = 1.803  adv prob = 0.250000   acc = 0.694
  waterbird_complete50 = 1, forest2water2 = 1  [n = 134]:	loss = 1.222  exp loss = 1.222  adjusted loss = 1.222  adv prob = 0.250000   acc = 0.724
Current lr: 0.000010
Current validation accuracy: 0.6940298080444336

Total Experiment Time: 13621.0s
Finished with job 912 (seed=111)
