

WARNING: You are using 'metadata_dfr.csv' instead of the default 'metadata.csv'.


Dataset: CUB
Shift type: confounder
Wandb: False
Project name: spurious
Target name: waterbird_complete50
Confounder names: ['forest2water2']
Up weight: 0
Resume: False
Finetune: True
Normalize: False
Recalculate groups: False
Unfreeze: 0
Restart layers: 0
Minority fraction: None
Imbalance ratio: None
Fraction: 0.10086393088552917
Root dir: ../datasets
Reweight groups: True
Augment data: False
Val fraction: 0.1
Loss type: erm
Alpha: 0.2
Generalization adjustment: 0.0
Sv dropout: 0.0
Automatic adjustment: False
Robust step size: 0.01
Joint dro alpha: 1
Use normalized loss: False
Btl: False
Hinge: False
Model: resnet50
Train from scratch: False
Pretrained path: pretrained_models/CUB/erm_50_222.pth
N epochs: 301
Batch size: 64
Lr: 1e-05
Scheduler: False
L1: 0.0
Weight decay: 1.0
Gamma: 0.1
Minimum variational weight: 0
Seed: 222
Accum: 1
Show progress: False
Log dir: results/CUB/erm_dfr_rw_50/model_outputs_222
Log every: 50
Save step: 10
Save best: True
Save last: True
Use bert params: 1
Num folds per sweep: 5
Num sweeps: 4
Q: 0.7
Metadata csv name: metadata_dfr.csv
Fold: None
Metadata path: None
Aug col: None

Reading '../datasets/waterbird_complete50_forest2water2/metadata_dfr.csv'
Training Data...
    waterbird_complete50 = 0, forest2water2 = 0: n = 36
    waterbird_complete50 = 0, forest2water2 = 1: n = 64
    waterbird_complete50 = 1, forest2water2 = 0: n = 67
    waterbird_complete50 = 1, forest2water2 = 1: n = 57
Validation Data...
    waterbird_complete50 = 0, forest2water2 = 0: n = 465
    waterbird_complete50 = 0, forest2water2 = 1: n = 466
    waterbird_complete50 = 1, forest2water2 = 0: n = 134
    waterbird_complete50 = 1, forest2water2 = 1: n = 134
Test Data...
    waterbird_complete50 = 0, forest2water2 = 0: n = 2255
    waterbird_complete50 = 0, forest2water2 = 1: n = 2255
    waterbird_complete50 = 1, forest2water2 = 0: n = 642
    waterbird_complete50 = 1, forest2water2 = 1: n = 642
Training
Loading pretrained model from: pretrained_models/CUB/erm_50_222.pth
conv1.weight False
bn1.weight False
bn1.bias False
layer1.0.conv1.weight False
layer1.0.bn1.weight False
layer1.0.bn1.bias False
layer1.0.conv2.weight False
layer1.0.bn2.weight False
layer1.0.bn2.bias False
layer1.0.conv3.weight False
layer1.0.bn3.weight False
layer1.0.bn3.bias False
layer1.0.downsample.0.weight False
layer1.0.downsample.1.weight False
layer1.0.downsample.1.bias False
layer1.1.conv1.weight False
layer1.1.bn1.weight False
layer1.1.bn1.bias False
layer1.1.conv2.weight False
layer1.1.bn2.weight False
layer1.1.bn2.bias False
layer1.1.conv3.weight False
layer1.1.bn3.weight False
layer1.1.bn3.bias False
layer1.2.conv1.weight False
layer1.2.bn1.weight False
layer1.2.bn1.bias False
layer1.2.conv2.weight False
layer1.2.bn2.weight False
layer1.2.bn2.bias False
layer1.2.conv3.weight False
layer1.2.bn3.weight False
layer1.2.bn3.bias False
layer2.0.conv1.weight False
layer2.0.bn1.weight False
layer2.0.bn1.bias False
layer2.0.conv2.weight False
layer2.0.bn2.weight False
layer2.0.bn2.bias False
layer2.0.conv3.weight False
layer2.0.bn3.weight False
layer2.0.bn3.bias False
layer2.0.downsample.0.weight False
layer2.0.downsample.1.weight False
layer2.0.downsample.1.bias False
layer2.1.conv1.weight False
layer2.1.bn1.weight False
layer2.1.bn1.bias False
layer2.1.conv2.weight False
layer2.1.bn2.weight False
layer2.1.bn2.bias False
layer2.1.conv3.weight False
layer2.1.bn3.weight False
layer2.1.bn3.bias False
layer2.2.conv1.weight False
layer2.2.bn1.weight False
layer2.2.bn1.bias False
layer2.2.conv2.weight False
layer2.2.bn2.weight False
layer2.2.bn2.bias False
layer2.2.conv3.weight False
layer2.2.bn3.weight False
layer2.2.bn3.bias False
layer2.3.conv1.weight False
layer2.3.bn1.weight False
layer2.3.bn1.bias False
layer2.3.conv2.weight False
layer2.3.bn2.weight False
layer2.3.bn2.bias False
layer2.3.conv3.weight False
layer2.3.bn3.weight False
layer2.3.bn3.bias False
layer3.0.conv1.weight False
layer3.0.bn1.weight False
layer3.0.bn1.bias False
layer3.0.conv2.weight False
layer3.0.bn2.weight False
layer3.0.bn2.bias False
layer3.0.conv3.weight False
layer3.0.bn3.weight False
layer3.0.bn3.bias False
layer3.0.downsample.0.weight False
layer3.0.downsample.1.weight False
layer3.0.downsample.1.bias False
layer3.1.conv1.weight False
layer3.1.bn1.weight False
layer3.1.bn1.bias False
layer3.1.conv2.weight False
layer3.1.bn2.weight False
layer3.1.bn2.bias False
layer3.1.conv3.weight False
layer3.1.bn3.weight False
layer3.1.bn3.bias False
layer3.2.conv1.weight False
layer3.2.bn1.weight False
layer3.2.bn1.bias False
layer3.2.conv2.weight False
layer3.2.bn2.weight False
layer3.2.bn2.bias False
layer3.2.conv3.weight False
layer3.2.bn3.weight False
layer3.2.bn3.bias False
layer3.3.conv1.weight False
layer3.3.bn1.weight False
layer3.3.bn1.bias False
layer3.3.conv2.weight False
layer3.3.bn2.weight False
layer3.3.bn2.bias False
layer3.3.conv3.weight False
layer3.3.bn3.weight False
layer3.3.bn3.bias False
layer3.4.conv1.weight False
layer3.4.bn1.weight False
layer3.4.bn1.bias False
layer3.4.conv2.weight False
layer3.4.bn2.weight False
layer3.4.bn2.bias False
layer3.4.conv3.weight False
layer3.4.bn3.weight False
layer3.4.bn3.bias False
layer3.5.conv1.weight False
layer3.5.bn1.weight False
layer3.5.bn1.bias False
layer3.5.conv2.weight False
layer3.5.bn2.weight False
layer3.5.bn2.bias False
layer3.5.conv3.weight False
layer3.5.bn3.weight False
layer3.5.bn3.bias False
layer4.0.conv1.weight False
layer4.0.bn1.weight False
layer4.0.bn1.bias False
layer4.0.conv2.weight False
layer4.0.bn2.weight False
layer4.0.bn2.bias False
layer4.0.conv3.weight False
layer4.0.bn3.weight False
layer4.0.bn3.bias False
layer4.0.downsample.0.weight False
layer4.0.downsample.1.weight False
layer4.0.downsample.1.bias False
layer4.1.conv1.weight False
layer4.1.bn1.weight False
layer4.1.bn1.bias False
layer4.1.conv2.weight False
layer4.1.bn2.weight False
layer4.1.bn2.bias False
layer4.1.conv3.weight False
layer4.1.bn3.weight False
layer4.1.bn3.bias False
layer4.2.conv1.weight False
layer4.2.bn1.weight False
layer4.2.bn1.bias False
layer4.2.conv2.weight False
layer4.2.bn2.weight False
layer4.2.bn2.bias False
layer4.2.conv3.weight False
layer4.2.bn3.weight False
layer4.2.bn3.bias False
fc.weight True
fc.bias True

Epoch [0]:
Training:
Average incurred loss: 0.237  
Average sample loss: 0.208  
Average acc: 0.911  
  waterbird_complete50 = 0, forest2water2 = 0  [n = 69]:	loss = 0.000  exp loss = 0.000  adjusted loss = 0.000  adv prob = 0.250000   acc = 1.000
  waterbird_complete50 = 0, forest2water2 = 1  [n = 42]:	loss = 0.000  exp loss = 0.000  adjusted loss = 0.000  adv prob = 0.250000   acc = 1.000
  waterbird_complete50 = 1, forest2water2 = 0  [n = 52]:	loss = 0.663  exp loss = 0.161  adjusted loss = 0.161  adv prob = 0.250000   acc = 0.769
  waterbird_complete50 = 1, forest2water2 = 1  [n = 61]:	loss = 0.305  exp loss = 0.086  adjusted loss = 0.086  adv prob = 0.250000   acc = 0.869

Validation:
Average incurred loss: 0.299  
Average sample loss: 0.295  
Average acc: 0.949  
  waterbird_complete50 = 0, forest2water2 = 0  [n = 465]:	loss = 0.016  exp loss = 0.011  adjusted loss = 0.011  adv prob = 0.250000   acc = 0.996
  waterbird_complete50 = 0, forest2water2 = 1  [n = 466]:	loss = 0.056  exp loss = 0.051  adjusted loss = 0.051  adv prob = 0.250000   acc = 0.991
  waterbird_complete50 = 1, forest2water2 = 0  [n = 134]:	loss = 1.346  exp loss = 1.357  adjusted loss = 1.357  adv prob = 0.250000   acc = 0.784
  waterbird_complete50 = 1, forest2water2 = 1  [n = 134]:	loss = 1.078  exp loss = 1.128  adjusted loss = 1.128  adv prob = 0.250000   acc = 0.806
Current lr: 0.000010
Current validation accuracy: 0.7835820913314819
Best model saved at epoch 0


Epoch [1]:
Training:
Average incurred loss: 0.174  
Average sample loss: 0.238  
Average acc: 0.938  
  waterbird_complete50 = 0, forest2water2 = 0  [n = 61]:	loss = 0.000  exp loss = 0.000  adjusted loss = 0.000  adv prob = 0.250000   acc = 1.000
  waterbird_complete50 = 0, forest2water2 = 1  [n = 43]:	loss = 0.000  exp loss = 0.000  adjusted loss = 0.000  adv prob = 0.250000   acc = 1.000
  waterbird_complete50 = 1, forest2water2 = 0  [n = 59]:	loss = 0.309  exp loss = 0.259  adjusted loss = 0.259  adv prob = 0.250000   acc = 0.898
  waterbird_complete50 = 1, forest2water2 = 1  [n = 61]:	loss = 0.338  exp loss = 0.201  adjusted loss = 0.201  adv prob = 0.250000   acc = 0.869

Validation:
Average incurred loss: 0.425  
Average sample loss: 0.419  
Average acc: 0.935  
  waterbird_complete50 = 0, forest2water2 = 0  [n = 465]:	loss = 0.004  exp loss = 0.002  adjusted loss = 0.002  adv prob = 0.250000   acc = 0.998
  waterbird_complete50 = 0, forest2water2 = 1  [n = 466]:	loss = 0.030  exp loss = 0.029  adjusted loss = 0.029  adv prob = 0.250000   acc = 0.994
  waterbird_complete50 = 1, forest2water2 = 0  [n = 134]:	loss = 2.003  exp loss = 2.176  adjusted loss = 2.176  adv prob = 0.250000   acc = 0.716
  waterbird_complete50 = 1, forest2water2 = 1  [n = 134]:	loss = 1.676  exp loss = 1.697  adjusted loss = 1.697  adv prob = 0.250000   acc = 0.731
Current lr: 0.000010
Current validation accuracy: 0.7164179086685181


Epoch [2]:
Training:
Average incurred loss: 0.076  
Average sample loss: 0.067  
Average acc: 0.969  
  waterbird_complete50 = 0, forest2water2 = 0  [n = 61]:	loss = 0.000  exp loss = 0.000  adjusted loss = 0.000  adv prob = 0.250000   acc = 1.000
  waterbird_complete50 = 0, forest2water2 = 1  [n = 61]:	loss = 0.000  exp loss = 0.000  adjusted loss = 0.000  adv prob = 0.250000   acc = 1.000
  waterbird_complete50 = 1, forest2water2 = 0  [n = 43]:	loss = 0.223  exp loss = 0.222  adjusted loss = 0.222  adv prob = 0.250000   acc = 0.907
  waterbird_complete50 = 1, forest2water2 = 1  [n = 59]:	loss = 0.125  exp loss = 0.162  adjusted loss = 0.162  adv prob = 0.250000   acc = 0.949

Validation:
Average incurred loss: 0.461  
Average sample loss: 0.454  
Average acc: 0.929  
  waterbird_complete50 = 0, forest2water2 = 0  [n = 465]:	loss = 0.003  exp loss = 0.001  adjusted loss = 0.001  adv prob = 0.250000   acc = 0.998
  waterbird_complete50 = 0, forest2water2 = 1  [n = 466]:	loss = 0.026  exp loss = 0.024  adjusted loss = 0.024  adv prob = 0.250000   acc = 0.994
  waterbird_complete50 = 1, forest2water2 = 0  [n = 134]:	loss = 2.181  exp loss = 2.408  adjusted loss = 2.408  adv prob = 0.250000   acc = 0.679
  waterbird_complete50 = 1, forest2water2 = 1  [n = 134]:	loss = 1.841  exp loss = 1.860  adjusted loss = 1.860  adv prob = 0.250000   acc = 0.716
Current lr: 0.000010
Current validation accuracy: 0.6791044473648071


Epoch [3]:
Training:
Average incurred loss: 0.066  
Average sample loss: 0.062  
Average acc: 0.978  
  waterbird_complete50 = 0, forest2water2 = 0  [n = 53]:	loss = 0.000  exp loss = 0.000  adjusted loss = 0.000  adv prob = 0.250000   acc = 1.000
  waterbird_complete50 = 0, forest2water2 = 1  [n = 59]:	loss = 0.000  exp loss = 0.000  adjusted loss = 0.000  adv prob = 0.250000   acc = 1.000
  waterbird_complete50 = 1, forest2water2 = 0  [n = 54]:	loss = 0.135  exp loss = 0.197  adjusted loss = 0.197  adv prob = 0.250000   acc = 0.944
  waterbird_complete50 = 1, forest2water2 = 1  [n = 58]:	loss = 0.130  exp loss = 0.138  adjusted loss = 0.138  adv prob = 0.250000   acc = 0.966

Validation:
Average incurred loss: 0.525  
Average sample loss: 0.517  
Average acc: 0.920  
  waterbird_complete50 = 0, forest2water2 = 0  [n = 465]:	loss = 0.001  exp loss = 0.001  adjusted loss = 0.001  adv prob = 0.250000   acc = 1.000
  waterbird_complete50 = 0, forest2water2 = 1  [n = 466]:	loss = 0.019  exp loss = 0.017  adjusted loss = 0.017  adv prob = 0.250000   acc = 0.994
  waterbird_complete50 = 1, forest2water2 = 0  [n = 134]:	loss = 2.480  exp loss = 2.787  adjusted loss = 2.787  adv prob = 0.250000   acc = 0.634
  waterbird_complete50 = 1, forest2water2 = 1  [n = 134]:	loss = 2.144  exp loss = 2.153  adjusted loss = 2.153  adv prob = 0.250000   acc = 0.672
Current lr: 0.000010
Current validation accuracy: 0.6343283653259277


Epoch [4]:
Training:
Average incurred loss: 0.255  
Average sample loss: 0.232  
Average acc: 0.862  
  waterbird_complete50 = 0, forest2water2 = 0  [n = 52]:	loss = 0.000  exp loss = 0.000  adjusted loss = 0.000  adv prob = 0.250000   acc = 1.000
  waterbird_complete50 = 0, forest2water2 = 1  [n = 45]:	loss = 0.000  exp loss = 0.000  adjusted loss = 0.000  adv prob = 0.250000   acc = 1.000
  waterbird_complete50 = 1, forest2water2 = 0  [n = 61]:	loss = 0.495  exp loss = 0.261  adjusted loss = 0.261  adv prob = 0.250000   acc = 0.721
  waterbird_complete50 = 1, forest2water2 = 1  [n = 66]:	loss = 0.409  exp loss = 0.222  adjusted loss = 0.222  adv prob = 0.250000   acc = 0.788

Validation:
Average incurred loss: 0.617  
Average sample loss: 0.609  
Average acc: 0.906  
  waterbird_complete50 = 0, forest2water2 = 0  [n = 465]:	loss = 0.001  exp loss = 0.000  adjusted loss = 0.000  adv prob = 0.250000   acc = 1.000
  waterbird_complete50 = 0, forest2water2 = 1  [n = 466]:	loss = 0.011  exp loss = 0.010  adjusted loss = 0.010  adv prob = 0.250000   acc = 0.996
  waterbird_complete50 = 1, forest2water2 = 0  [n = 134]:	loss = 2.908  exp loss = 3.303  adjusted loss = 3.303  adv prob = 0.250000   acc = 0.590
  waterbird_complete50 = 1, forest2water2 = 1  [n = 134]:	loss = 2.574  exp loss = 2.573  adjusted loss = 2.573  adv prob = 0.250000   acc = 0.582
Current lr: 0.000010
Current validation accuracy: 0.5820895433425903


Epoch [5]:
Training:
Average incurred loss: 0.087  
Average sample loss: 0.077  
Average acc: 0.955  
  waterbird_complete50 = 0, forest2water2 = 0  [n = 58]:	loss = 0.000  exp loss = 0.000  adjusted loss = 0.000  adv prob = 0.250000   acc = 1.000
  waterbird_complete50 = 0, forest2water2 = 1  [n = 53]:	loss = 0.000  exp loss = 0.000  adjusted loss = 0.000  adv prob = 0.250000   acc = 1.000
  waterbird_complete50 = 1, forest2water2 = 0  [n = 64]:	loss = 0.221  exp loss = 0.232  adjusted loss = 0.232  adv prob = 0.250000   acc = 0.859
  waterbird_complete50 = 1, forest2water2 = 1  [n = 49]:	loss = 0.109  exp loss = 0.178  adjusted loss = 0.178  adv prob = 0.250000   acc = 0.980

Validation:
Average incurred loss: 0.633  
Average sample loss: 0.624  
Average acc: 0.906  
  waterbird_complete50 = 0, forest2water2 = 0  [n = 465]:	loss = 0.000  exp loss = 0.000  adjusted loss = 0.000  adv prob = 0.250000   acc = 1.000
  waterbird_complete50 = 0, forest2water2 = 1  [n = 466]:	loss = 0.010  exp loss = 0.009  adjusted loss = 0.009  adv prob = 0.250000   acc = 0.998
  waterbird_complete50 = 1, forest2water2 = 0  [n = 134]:	loss = 2.990  exp loss = 3.415  adjusted loss = 3.415  adv prob = 0.250000   acc = 0.582
  waterbird_complete50 = 1, forest2water2 = 1  [n = 134]:	loss = 2.639  exp loss = 2.629  adjusted loss = 2.629  adv prob = 0.250000   acc = 0.582
Current lr: 0.000010
Current validation accuracy: 0.5820895433425903


Epoch [6]:
Training:
Average incurred loss: 0.245  
Average sample loss: 0.221  
Average acc: 0.902  
  waterbird_complete50 = 0, forest2water2 = 0  [n = 49]:	loss = 0.000  exp loss = 0.000  adjusted loss = 0.000  adv prob = 0.250000   acc = 1.000
  waterbird_complete50 = 0, forest2water2 = 1  [n = 52]:	loss = 0.000  exp loss = 0.000  adjusted loss = 0.000  adv prob = 0.250000   acc = 1.000
  waterbird_complete50 = 1, forest2water2 = 0  [n = 55]:	loss = 0.473  exp loss = 0.294  adjusted loss = 0.294  adv prob = 0.250000   acc = 0.836
  waterbird_complete50 = 1, forest2water2 = 1  [n = 68]:	loss = 0.425  exp loss = 0.218  adjusted loss = 0.218  adv prob = 0.250000   acc = 0.809

Validation:
Average incurred loss: 0.696  
Average sample loss: 0.687  
Average acc: 0.902  
  waterbird_complete50 = 0, forest2water2 = 0  [n = 465]:	loss = 0.000  exp loss = 0.000  adjusted loss = 0.000  adv prob = 0.250000   acc = 1.000
  waterbird_complete50 = 0, forest2water2 = 1  [n = 466]:	loss = 0.008  exp loss = 0.007  adjusted loss = 0.007  adv prob = 0.250000   acc = 0.998
  waterbird_complete50 = 1, forest2water2 = 0  [n = 134]:	loss = 3.258  exp loss = 3.749  adjusted loss = 3.749  adv prob = 0.250000   acc = 0.575
  waterbird_complete50 = 1, forest2water2 = 1  [n = 134]:	loss = 2.946  exp loss = 2.938  adjusted loss = 2.938  adv prob = 0.250000   acc = 0.552
Current lr: 0.000010
Current validation accuracy: 0.5522388219833374


Epoch [7]:
Training:
Average incurred loss: 0.013  
Average sample loss: 0.012  
Average acc: 1.000  
  waterbird_complete50 = 0, forest2water2 = 0  [n = 61]:	loss = 0.000  exp loss = 0.000  adjusted loss = 0.000  adv prob = 0.250000   acc = 1.000
  waterbird_complete50 = 0, forest2water2 = 1  [n = 60]:	loss = 0.000  exp loss = 0.000  adjusted loss = 0.000  adv prob = 0.250000   acc = 1.000
  waterbird_complete50 = 1, forest2water2 = 0  [n = 49]:	loss = 0.038  exp loss = 0.205  adjusted loss = 0.205  adv prob = 0.250000   acc = 1.000
  waterbird_complete50 = 1, forest2water2 = 1  [n = 54]:	loss = 0.017  exp loss = 0.148  adjusted loss = 0.148  adv prob = 0.250000   acc = 1.000

Validation:
Average incurred loss: 0.639  
Average sample loss: 0.630  
Average acc: 0.904  
  waterbird_complete50 = 0, forest2water2 = 0  [n = 465]:	loss = 0.000  exp loss = 0.000  adjusted loss = 0.000  adv prob = 0.250000   acc = 1.000
  waterbird_complete50 = 0, forest2water2 = 1  [n = 466]:	loss = 0.010  exp loss = 0.009  adjusted loss = 0.009  adv prob = 0.250000   acc = 0.998
  waterbird_complete50 = 1, forest2water2 = 0  [n = 134]:	loss = 3.027  exp loss = 3.459  adjusted loss = 3.459  adv prob = 0.250000   acc = 0.582
  waterbird_complete50 = 1, forest2water2 = 1  [n = 134]:	loss = 2.651  exp loss = 2.648  adjusted loss = 2.648  adv prob = 0.250000   acc = 0.567
Current lr: 0.000010
Current validation accuracy: 0.5671643018722534


Epoch [8]:
Training:
Average incurred loss: 0.074  
Average sample loss: 0.065  
Average acc: 0.978  
  waterbird_complete50 = 0, forest2water2 = 0  [n = 63]:	loss = 0.000  exp loss = 0.000  adjusted loss = 0.000  adv prob = 0.250000   acc = 1.000
  waterbird_complete50 = 0, forest2water2 = 1  [n = 54]:	loss = 0.000  exp loss = 0.000  adjusted loss = 0.000  adv prob = 0.250000   acc = 1.000
  waterbird_complete50 = 1, forest2water2 = 0  [n = 59]:	loss = 0.222  exp loss = 0.180  adjusted loss = 0.180  adv prob = 0.250000   acc = 0.915
  waterbird_complete50 = 1, forest2water2 = 1  [n = 48]:	loss = 0.071  exp loss = 0.118  adjusted loss = 0.118  adv prob = 0.250000   acc = 1.000

Validation:
Average incurred loss: 0.618  
Average sample loss: 0.609  
Average acc: 0.907  
  waterbird_complete50 = 0, forest2water2 = 0  [n = 465]:	loss = 0.000  exp loss = 0.000  adjusted loss = 0.000  adv prob = 0.250000   acc = 1.000
  waterbird_complete50 = 0, forest2water2 = 1  [n = 466]:	loss = 0.012  exp loss = 0.010  adjusted loss = 0.010  adv prob = 0.250000   acc = 0.998
  waterbird_complete50 = 1, forest2water2 = 0  [n = 134]:	loss = 2.919  exp loss = 3.330  adjusted loss = 3.330  adv prob = 0.250000   acc = 0.582
  waterbird_complete50 = 1, forest2water2 = 1  [n = 134]:	loss = 2.568  exp loss = 2.562  adjusted loss = 2.562  adv prob = 0.250000   acc = 0.590
Current lr: 0.000010
Current validation accuracy: 0.5820895433425903


Epoch [9]:
Training:
Average incurred loss: 0.055  
Average sample loss: 0.062  
Average acc: 0.978  
  waterbird_complete50 = 0, forest2water2 = 0  [n = 52]:	loss = 0.000  exp loss = 0.000  adjusted loss = 0.000  adv prob = 0.250000   acc = 1.000
  waterbird_complete50 = 0, forest2water2 = 1  [n = 60]:	loss = 0.000  exp loss = 0.000  adjusted loss = 0.000  adv prob = 0.250000   acc = 1.000
  waterbird_complete50 = 1, forest2water2 = 0  [n = 56]:	loss = 0.102  exp loss = 0.144  adjusted loss = 0.144  adv prob = 0.250000   acc = 0.982
  waterbird_complete50 = 1, forest2water2 = 1  [n = 56]:	loss = 0.118  exp loss = 0.122  adjusted loss = 0.122  adv prob = 0.250000   acc = 0.929

Validation:
Average incurred loss: 0.642  
Average sample loss: 0.633  
Average acc: 0.904  
  waterbird_complete50 = 0, forest2water2 = 0  [n = 465]:	loss = 0.000  exp loss = 0.000  adjusted loss = 0.000  adv prob = 0.250000   acc = 1.000
  waterbird_complete50 = 0, forest2water2 = 1  [n = 466]:	loss = 0.010  exp loss = 0.009  adjusted loss = 0.009  adv prob = 0.250000   acc = 0.998
  waterbird_complete50 = 1, forest2water2 = 0  [n = 134]:	loss = 3.037  exp loss = 3.478  adjusted loss = 3.478  adv prob = 0.250000   acc = 0.582
  waterbird_complete50 = 1, forest2water2 = 1  [n = 134]:	loss = 2.674  exp loss = 2.670  adjusted loss = 2.670  adv prob = 0.250000   acc = 0.567
Current lr: 0.000010
Current validation accuracy: 0.5671641826629639


Epoch [10]:
Training:
Average incurred loss: 0.192  
Average sample loss: 0.170  
Average acc: 0.938  
  waterbird_complete50 = 0, forest2water2 = 0  [n = 58]:	loss = 0.000  exp loss = 0.000  adjusted loss = 0.000  adv prob = 0.250000   acc = 1.000
  waterbird_complete50 = 0, forest2water2 = 1  [n = 44]:	loss = 0.000  exp loss = 0.000  adjusted loss = 0.000  adv prob = 0.250000   acc = 1.000
  waterbird_complete50 = 1, forest2water2 = 0  [n = 61]:	loss = 0.403  exp loss = 0.224  adjusted loss = 0.224  adv prob = 0.250000   acc = 0.869
  waterbird_complete50 = 1, forest2water2 = 1  [n = 61]:	loss = 0.304  exp loss = 0.164  adjusted loss = 0.164  adv prob = 0.250000   acc = 0.902

Validation:
Average incurred loss: 0.686  
Average sample loss: 0.676  
Average acc: 0.902  
  waterbird_complete50 = 0, forest2water2 = 0  [n = 465]:	loss = 0.000  exp loss = 0.000  adjusted loss = 0.000  adv prob = 0.250000   acc = 1.000
  waterbird_complete50 = 0, forest2water2 = 1  [n = 466]:	loss = 0.008  exp loss = 0.007  adjusted loss = 0.007  adv prob = 0.250000   acc = 0.998
  waterbird_complete50 = 1, forest2water2 = 0  [n = 134]:	loss = 3.230  exp loss = 3.727  adjusted loss = 3.727  adv prob = 0.250000   acc = 0.582
  waterbird_complete50 = 1, forest2water2 = 1  [n = 134]:	loss = 2.876  exp loss = 2.868  adjusted loss = 2.868  adv prob = 0.250000   acc = 0.552
Current lr: 0.000010
Current validation accuracy: 0.5522388219833374


Epoch [11]:
Training:
Average incurred loss: 0.180  
Average sample loss: 0.255  
Average acc: 0.942  
  waterbird_complete50 = 0, forest2water2 = 0  [n = 48]:	loss = 0.000  exp loss = 0.000  adjusted loss = 0.000  adv prob = 0.250000   acc = 1.000
  waterbird_complete50 = 0, forest2water2 = 1  [n = 52]:	loss = 0.000  exp loss = 0.000  adjusted loss = 0.000  adv prob = 0.250000   acc = 1.000
  waterbird_complete50 = 1, forest2water2 = 0  [n = 59]:	loss = 0.465  exp loss = 0.361  adjusted loss = 0.361  adv prob = 0.250000   acc = 0.831
  waterbird_complete50 = 1, forest2water2 = 1  [n = 65]:	loss = 0.197  exp loss = 0.204  adjusted loss = 0.204  adv prob = 0.250000   acc = 0.954

Validation:
Average incurred loss: 0.718  
Average sample loss: 0.708  
Average acc: 0.900  
  waterbird_complete50 = 0, forest2water2 = 0  [n = 465]:	loss = 0.000  exp loss = 0.000  adjusted loss = 0.000  adv prob = 0.250000   acc = 1.000
  waterbird_complete50 = 0, forest2water2 = 1  [n = 466]:	loss = 0.008  exp loss = 0.007  adjusted loss = 0.007  adv prob = 0.250000   acc = 0.998
  waterbird_complete50 = 1, forest2water2 = 0  [n = 134]:	loss = 3.355  exp loss = 3.870  adjusted loss = 3.870  adv prob = 0.250000   acc = 0.575
  waterbird_complete50 = 1, forest2water2 = 1  [n = 134]:	loss = 3.043  exp loss = 3.034  adjusted loss = 3.034  adv prob = 0.250000   acc = 0.537
Current lr: 0.000010
Current validation accuracy: 0.5373134613037109


Epoch [12]:
Training:
Average incurred loss: 0.133  
Average sample loss: 0.120  
Average acc: 0.946  
  waterbird_complete50 = 0, forest2water2 = 0  [n = 54]:	loss = 0.000  exp loss = 0.000  adjusted loss = 0.000  adv prob = 0.250000   acc = 1.000
  waterbird_complete50 = 0, forest2water2 = 1  [n = 56]:	loss = 0.000  exp loss = 0.000  adjusted loss = 0.000  adv prob = 0.250000   acc = 1.000
  waterbird_complete50 = 1, forest2water2 = 0  [n = 57]:	loss = 0.426  exp loss = 0.335  adjusted loss = 0.335  adv prob = 0.250000   acc = 0.825
  waterbird_complete50 = 1, forest2water2 = 1  [n = 57]:	loss = 0.097  exp loss = 0.164  adjusted loss = 0.164  adv prob = 0.250000   acc = 0.965

Validation:
Average incurred loss: 0.711  
Average sample loss: 0.701  
Average acc: 0.901  
  waterbird_complete50 = 0, forest2water2 = 0  [n = 465]:	loss = 0.000  exp loss = 0.000  adjusted loss = 0.000  adv prob = 0.250000   acc = 1.000
  waterbird_complete50 = 0, forest2water2 = 1  [n = 466]:	loss = 0.008  exp loss = 0.007  adjusted loss = 0.007  adv prob = 0.250000   acc = 0.998
  waterbird_complete50 = 1, forest2water2 = 0  [n = 134]:	loss = 3.341  exp loss = 3.856  adjusted loss = 3.856  adv prob = 0.250000   acc = 0.575
  waterbird_complete50 = 1, forest2water2 = 1  [n = 134]:	loss = 2.993  exp loss = 2.987  adjusted loss = 2.987  adv prob = 0.250000   acc = 0.545
Current lr: 0.000010
Current validation accuracy: 0.5447760820388794


Epoch [13]:
Training:
Average incurred loss: 0.006  
Average sample loss: 0.005  
Average acc: 1.000  
  waterbird_complete50 = 0, forest2water2 = 0  [n = 63]:	loss = 0.000  exp loss = 0.000  adjusted loss = 0.000  adv prob = 0.250000   acc = 1.000
  waterbird_complete50 = 0, forest2water2 = 1  [n = 64]:	loss = 0.000  exp loss = 0.000  adjusted loss = 0.000  adv prob = 0.250000   acc = 1.000
  waterbird_complete50 = 1, forest2water2 = 0  [n = 42]:	loss = 0.009  exp loss = 0.222  adjusted loss = 0.222  adv prob = 0.250000   acc = 1.000
  waterbird_complete50 = 1, forest2water2 = 1  [n = 55]:	loss = 0.016  exp loss = 0.112  adjusted loss = 0.112  adv prob = 0.250000   acc = 1.000

Validation:
Average incurred loss: 0.619  
Average sample loss: 0.610  
Average acc: 0.907  
  waterbird_complete50 = 0, forest2water2 = 0  [n = 465]:	loss = 0.000  exp loss = 0.000  adjusted loss = 0.000  adv prob = 0.250000   acc = 1.000
  waterbird_complete50 = 0, forest2water2 = 1  [n = 466]:	loss = 0.010  exp loss = 0.009  adjusted loss = 0.009  adv prob = 0.250000   acc = 0.998
  waterbird_complete50 = 1, forest2water2 = 0  [n = 134]:	loss = 2.933  exp loss = 3.359  adjusted loss = 3.359  adv prob = 0.250000   acc = 0.582
  waterbird_complete50 = 1, forest2water2 = 1  [n = 134]:	loss = 2.566  exp loss = 2.569  adjusted loss = 2.569  adv prob = 0.250000   acc = 0.590
Current lr: 0.000010
Current validation accuracy: 0.5820895433425903


Epoch [14]:
Training:
Average incurred loss: 0.072  
Average sample loss: 0.104  
Average acc: 0.969  
  waterbird_complete50 = 0, forest2water2 = 0  [n = 53]:	loss = 0.000  exp loss = 0.000  adjusted loss = 0.000  adv prob = 0.250000   acc = 1.000
  waterbird_complete50 = 0, forest2water2 = 1  [n = 61]:	loss = 0.000  exp loss = 0.000  adjusted loss = 0.000  adv prob = 0.250000   acc = 1.000
  waterbird_complete50 = 1, forest2water2 = 0  [n = 53]:	loss = 0.154  exp loss = 0.231  adjusted loss = 0.231  adv prob = 0.250000   acc = 0.906
  waterbird_complete50 = 1, forest2water2 = 1  [n = 57]:	loss = 0.140  exp loss = 0.135  adjusted loss = 0.135  adv prob = 0.250000   acc = 0.965

Validation:
Average incurred loss: 0.638  
Average sample loss: 0.629  
Average acc: 0.904  
  waterbird_complete50 = 0, forest2water2 = 0  [n = 465]:	loss = 0.000  exp loss = 0.000  adjusted loss = 0.000  adv prob = 0.250000   acc = 1.000
  waterbird_complete50 = 0, forest2water2 = 1  [n = 466]:	loss = 0.009  exp loss = 0.008  adjusted loss = 0.008  adv prob = 0.250000   acc = 0.998
  waterbird_complete50 = 1, forest2water2 = 0  [n = 134]:	loss = 3.029  exp loss = 3.481  adjusted loss = 3.481  adv prob = 0.250000   acc = 0.575
  waterbird_complete50 = 1, forest2water2 = 1  [n = 134]:	loss = 2.646  exp loss = 2.647  adjusted loss = 2.647  adv prob = 0.250000   acc = 0.575
Current lr: 0.000010
Current validation accuracy: 0.5746268033981323


Epoch [15]:
Training:
Average incurred loss: 0.289  
Average sample loss: 0.253  
Average acc: 0.902  
  waterbird_complete50 = 0, forest2water2 = 0  [n = 51]:	loss = 0.000  exp loss = 0.000  adjusted loss = 0.000  adv prob = 0.250000   acc = 1.000
  waterbird_complete50 = 0, forest2water2 = 1  [n = 50]:	loss = 0.000  exp loss = 0.000  adjusted loss = 0.000  adv prob = 0.250000   acc = 1.000
  waterbird_complete50 = 1, forest2water2 = 0  [n = 53]:	loss = 0.444  exp loss = 0.273  adjusted loss = 0.273  adv prob = 0.250000   acc = 0.868
  waterbird_complete50 = 1, forest2water2 = 1  [n = 70]:	loss = 0.588  exp loss = 0.224  adjusted loss = 0.224  adv prob = 0.250000   acc = 0.786

Validation:
Average incurred loss: 0.653  
Average sample loss: 0.644  
Average acc: 0.903  
  waterbird_complete50 = 0, forest2water2 = 0  [n = 465]:	loss = 0.000  exp loss = 0.000  adjusted loss = 0.000  adv prob = 0.250000   acc = 1.000
  waterbird_complete50 = 0, forest2water2 = 1  [n = 466]:	loss = 0.008  exp loss = 0.007  adjusted loss = 0.007  adv prob = 0.250000   acc = 0.998
  waterbird_complete50 = 1, forest2water2 = 0  [n = 134]:	loss = 3.107  exp loss = 3.559  adjusted loss = 3.559  adv prob = 0.250000   acc = 0.575
  waterbird_complete50 = 1, forest2water2 = 1  [n = 134]:	loss = 2.710  exp loss = 2.698  adjusted loss = 2.698  adv prob = 0.250000   acc = 0.567
Current lr: 0.000010
Current validation accuracy: 0.5671643018722534


Epoch [16]:
Training:
Average incurred loss: 0.096  
Average sample loss: 0.086  
Average acc: 0.955  
  waterbird_complete50 = 0, forest2water2 = 0  [n = 45]:	loss = 0.000  exp loss = 0.000  adjusted loss = 0.000  adv prob = 0.250000   acc = 1.000
  waterbird_complete50 = 0, forest2water2 = 1  [n = 58]:	loss = 0.000  exp loss = 0.000  adjusted loss = 0.000  adv prob = 0.250000   acc = 1.000
  waterbird_complete50 = 1, forest2water2 = 0  [n = 61]:	loss = 0.181  exp loss = 0.226  adjusted loss = 0.226  adv prob = 0.250000   acc = 0.918
  waterbird_complete50 = 1, forest2water2 = 1  [n = 60]:	loss = 0.174  exp loss = 0.197  adjusted loss = 0.197  adv prob = 0.250000   acc = 0.917

Validation:
Average incurred loss: 0.685  
Average sample loss: 0.675  
Average acc: 0.903  
  waterbird_complete50 = 0, forest2water2 = 0  [n = 465]:	loss = 0.000  exp loss = 0.000  adjusted loss = 0.000  adv prob = 0.250000   acc = 1.000
  waterbird_complete50 = 0, forest2water2 = 1  [n = 466]:	loss = 0.007  exp loss = 0.006  adjusted loss = 0.006  adv prob = 0.250000   acc = 0.998
  waterbird_complete50 = 1, forest2water2 = 0  [n = 134]:	loss = 3.244  exp loss = 3.731  adjusted loss = 3.731  adv prob = 0.250000   acc = 0.575
  waterbird_complete50 = 1, forest2water2 = 1  [n = 134]:	loss = 2.858  exp loss = 2.846  adjusted loss = 2.846  adv prob = 0.250000   acc = 0.567
Current lr: 0.000010
Current validation accuracy: 0.5671643018722534


Epoch [17]:
Training:
Average incurred loss: 0.017  
Average sample loss: 0.020  
Average acc: 0.991  
  waterbird_complete50 = 0, forest2water2 = 0  [n = 56]:	loss = 0.000  exp loss = 0.000  adjusted loss = 0.000  adv prob = 0.250000   acc = 1.000
  waterbird_complete50 = 0, forest2water2 = 1  [n = 66]:	loss = 0.000  exp loss = 0.000  adjusted loss = 0.000  adv prob = 0.250000   acc = 1.000
  waterbird_complete50 = 1, forest2water2 = 0  [n = 44]:	loss = 0.047  exp loss = 0.169  adjusted loss = 0.169  adv prob = 0.250000   acc = 0.977
  waterbird_complete50 = 1, forest2water2 = 1  [n = 58]:	loss = 0.030  exp loss = 0.139  adjusted loss = 0.139  adv prob = 0.250000   acc = 0.983

Validation:
Average incurred loss: 0.651  
Average sample loss: 0.642  
Average acc: 0.904  
  waterbird_complete50 = 0, forest2water2 = 0  [n = 465]:	loss = 0.000  exp loss = 0.000  adjusted loss = 0.000  adv prob = 0.250000   acc = 1.000
  waterbird_complete50 = 0, forest2water2 = 1  [n = 466]:	loss = 0.009  exp loss = 0.007  adjusted loss = 0.007  adv prob = 0.250000   acc = 0.998
  waterbird_complete50 = 1, forest2water2 = 0  [n = 134]:	loss = 3.095  exp loss = 3.552  adjusted loss = 3.552  adv prob = 0.250000   acc = 0.575
  waterbird_complete50 = 1, forest2water2 = 1  [n = 134]:	loss = 2.701  exp loss = 2.703  adjusted loss = 2.703  adv prob = 0.250000   acc = 0.575
Current lr: 0.000010
Current validation accuracy: 0.5746268033981323


Epoch [18]:
Training:
Average incurred loss: 0.044  
Average sample loss: 0.040  
Average acc: 0.987  
  waterbird_complete50 = 0, forest2water2 = 0  [n = 58]:	loss = 0.000  exp loss = 0.000  adjusted loss = 0.000  adv prob = 0.250000   acc = 1.000
  waterbird_complete50 = 0, forest2water2 = 1  [n = 54]:	loss = 0.000  exp loss = 0.000  adjusted loss = 0.000  adv prob = 0.250000   acc = 1.000
  waterbird_complete50 = 1, forest2water2 = 0  [n = 50]:	loss = 0.082  exp loss = 0.135  adjusted loss = 0.135  adv prob = 0.250000   acc = 0.980
  waterbird_complete50 = 1, forest2water2 = 1  [n = 62]:	loss = 0.092  exp loss = 0.118  adjusted loss = 0.118  adv prob = 0.250000   acc = 0.968

Validation:
Average incurred loss: 0.641  
Average sample loss: 0.632  
Average acc: 0.903  
  waterbird_complete50 = 0, forest2water2 = 0  [n = 465]:	loss = 0.000  exp loss = 0.000  adjusted loss = 0.000  adv prob = 0.250000   acc = 1.000
  waterbird_complete50 = 0, forest2water2 = 1  [n = 466]:	loss = 0.008  exp loss = 0.007  adjusted loss = 0.007  adv prob = 0.250000   acc = 0.998
  waterbird_complete50 = 1, forest2water2 = 0  [n = 134]:	loss = 3.024  exp loss = 3.465  adjusted loss = 3.465  adv prob = 0.250000   acc = 0.575
  waterbird_complete50 = 1, forest2water2 = 1  [n = 134]:	loss = 2.680  exp loss = 2.666  adjusted loss = 2.666  adv prob = 0.250000   acc = 0.567
Current lr: 0.000010
Current validation accuracy: 0.5671643018722534


Epoch [19]:
Training:
Average incurred loss: 0.005  
Average sample loss: 0.004  
Average acc: 1.000  
  waterbird_complete50 = 0, forest2water2 = 0  [n = 62]:	loss = 0.000  exp loss = 0.000  adjusted loss = 0.000  adv prob = 0.250000   acc = 1.000
  waterbird_complete50 = 0, forest2water2 = 1  [n = 68]:	loss = 0.000  exp loss = 0.000  adjusted loss = 0.000  adv prob = 0.250000   acc = 1.000
  waterbird_complete50 = 1, forest2water2 = 0  [n = 49]:	loss = 0.016  exp loss = 0.093  adjusted loss = 0.093  adv prob = 0.250000   acc = 1.000
  waterbird_complete50 = 1, forest2water2 = 1  [n = 45]:	loss = 0.007  exp loss = 0.079  adjusted loss = 0.079  adv prob = 0.250000   acc = 1.000

Validation:
Average incurred loss: 0.550  
Average sample loss: 0.542  
Average acc: 0.913  
  waterbird_complete50 = 0, forest2water2 = 0  [n = 465]:	loss = 0.001  exp loss = 0.001  adjusted loss = 0.001  adv prob = 0.250000   acc = 1.000
  waterbird_complete50 = 0, forest2water2 = 1  [n = 466]:	loss = 0.013  exp loss = 0.012  adjusted loss = 0.012  adv prob = 0.250000   acc = 0.994
  waterbird_complete50 = 1, forest2water2 = 0  [n = 134]:	loss = 2.610  exp loss = 2.942  adjusted loss = 2.942  adv prob = 0.250000   acc = 0.612
  waterbird_complete50 = 1, forest2water2 = 1  [n = 134]:	loss = 2.260  exp loss = 2.257  adjusted loss = 2.257  adv prob = 0.250000   acc = 0.634
Current lr: 0.000010
Current validation accuracy: 0.6119402647018433


Epoch [20]:
Training:
Average incurred loss: 0.031  
Average sample loss: 0.032  
Average acc: 0.987  
  waterbird_complete50 = 0, forest2water2 = 0  [n = 66]:	loss = 0.000  exp loss = 0.000  adjusted loss = 0.000  adv prob = 0.250000   acc = 1.000
  waterbird_complete50 = 0, forest2water2 = 1  [n = 50]:	loss = 0.000  exp loss = 0.000  adjusted loss = 0.000  adv prob = 0.250000   acc = 1.000
  waterbird_complete50 = 1, forest2water2 = 0  [n = 48]:	loss = 0.100  exp loss = 0.096  adjusted loss = 0.096  adv prob = 0.250000   acc = 0.938
  waterbird_complete50 = 1, forest2water2 = 1  [n = 60]:	loss = 0.034  exp loss = 0.064  adjusted loss = 0.064  adv prob = 0.250000   acc = 1.000

Validation:
Average incurred loss: 0.572  
Average sample loss: 0.564  
Average acc: 0.910  
  waterbird_complete50 = 0, forest2water2 = 0  [n = 465]:	loss = 0.001  exp loss = 0.000  adjusted loss = 0.000  adv prob = 0.250000   acc = 1.000
  waterbird_complete50 = 0, forest2water2 = 1  [n = 466]:	loss = 0.012  exp loss = 0.011  adjusted loss = 0.011  adv prob = 0.250000   acc = 0.994
  waterbird_complete50 = 1, forest2water2 = 0  [n = 134]:	loss = 2.716  exp loss = 3.078  adjusted loss = 3.078  adv prob = 0.250000   acc = 0.604
  waterbird_complete50 = 1, forest2water2 = 1  [n = 134]:	loss = 2.359  exp loss = 2.358  adjusted loss = 2.358  adv prob = 0.250000   acc = 0.612
Current lr: 0.000010
Current validation accuracy: 0.6044776439666748


Epoch [21]:
Training:
Average incurred loss: 0.439  
Average sample loss: 0.753  
Average acc: 0.929  
  waterbird_complete50 = 0, forest2water2 = 0  [n = 51]:	loss = 0.000  exp loss = 0.000  adjusted loss = 0.000  adv prob = 0.250000   acc = 1.000
  waterbird_complete50 = 0, forest2water2 = 1  [n = 58]:	loss = 0.000  exp loss = 0.000  adjusted loss = 0.000  adv prob = 0.250000   acc = 1.000
  waterbird_complete50 = 1, forest2water2 = 0  [n = 53]:	loss = 1.206  exp loss = 0.519  adjusted loss = 0.519  adv prob = 0.250000   acc = 0.811
  waterbird_complete50 = 1, forest2water2 = 1  [n = 62]:	loss = 0.557  exp loss = 0.317  adjusted loss = 0.317  adv prob = 0.250000   acc = 0.903

Validation:
Average incurred loss: 0.658  
Average sample loss: 0.649  
Average acc: 0.902  
  waterbird_complete50 = 0, forest2water2 = 0  [n = 465]:	loss = 0.000  exp loss = 0.000  adjusted loss = 0.000  adv prob = 0.250000   acc = 1.000
  waterbird_complete50 = 0, forest2water2 = 1  [n = 466]:	loss = 0.008  exp loss = 0.007  adjusted loss = 0.007  adv prob = 0.250000   acc = 0.998
  waterbird_complete50 = 1, forest2water2 = 0  [n = 134]:	loss = 3.099  exp loss = 3.562  adjusted loss = 3.562  adv prob = 0.250000   acc = 0.575
  waterbird_complete50 = 1, forest2water2 = 1  [n = 134]:	loss = 2.761  exp loss = 2.751  adjusted loss = 2.751  adv prob = 0.250000   acc = 0.560
Current lr: 0.000010
Current validation accuracy: 0.5597015619277954


Epoch [22]:
Training:
Average incurred loss: 0.056  
Average sample loss: 0.082  
Average acc: 0.991  
  waterbird_complete50 = 0, forest2water2 = 0  [n = 62]:	loss = 0.000  exp loss = 0.000  adjusted loss = 0.000  adv prob = 0.250000   acc = 1.000
  waterbird_complete50 = 0, forest2water2 = 1  [n = 54]:	loss = 0.000  exp loss = 0.000  adjusted loss = 0.000  adv prob = 0.250000   acc = 1.000
  waterbird_complete50 = 1, forest2water2 = 0  [n = 51]:	loss = 0.149  exp loss = 0.412  adjusted loss = 0.412  adv prob = 0.250000   acc = 0.980
  waterbird_complete50 = 1, forest2water2 = 1  [n = 57]:	loss = 0.085  exp loss = 0.258  adjusted loss = 0.258  adv prob = 0.250000   acc = 0.982

Validation:
Average incurred loss: 0.654  
Average sample loss: 0.645  
Average acc: 0.902  
  waterbird_complete50 = 0, forest2water2 = 0  [n = 465]:	loss = 0.000  exp loss = 0.000  adjusted loss = 0.000  adv prob = 0.250000   acc = 1.000
  waterbird_complete50 = 0, forest2water2 = 1  [n = 466]:	loss = 0.008  exp loss = 0.007  adjusted loss = 0.007  adv prob = 0.250000   acc = 0.998
  waterbird_complete50 = 1, forest2water2 = 0  [n = 134]:	loss = 3.094  exp loss = 3.564  adjusted loss = 3.564  adv prob = 0.250000   acc = 0.575
  waterbird_complete50 = 1, forest2water2 = 1  [n = 134]:	loss = 2.733  exp loss = 2.723  adjusted loss = 2.723  adv prob = 0.250000   acc = 0.560
Current lr: 0.000010
Current validation accuracy: 0.5597015619277954


Epoch [23]:
Training:
Average incurred loss: 0.062  
Average sample loss: 0.056  
Average acc: 0.987  
  waterbird_complete50 = 0, forest2water2 = 0  [n = 58]:	loss = 0.000  exp loss = 0.000  adjusted loss = 0.000  adv prob = 0.250000   acc = 1.000
  waterbird_complete50 = 0, forest2water2 = 1  [n = 50]:	loss = 0.000  exp loss = 0.000  adjusted loss = 0.000  adv prob = 0.250000   acc = 1.000
  waterbird_complete50 = 1, forest2water2 = 0  [n = 64]:	loss = 0.117  exp loss = 0.307  adjusted loss = 0.307  adv prob = 0.250000   acc = 0.969
  waterbird_complete50 = 1, forest2water2 = 1  [n = 52]:	loss = 0.123  exp loss = 0.204  adjusted loss = 0.204  adv prob = 0.250000   acc = 0.981

Validation:
Average incurred loss: 0.668  
Average sample loss: 0.659  
Average acc: 0.902  
  waterbird_complete50 = 0, forest2water2 = 0  [n = 465]:	loss = 0.000  exp loss = 0.000  adjusted loss = 0.000  adv prob = 0.250000   acc = 1.000
  waterbird_complete50 = 0, forest2water2 = 1  [n = 466]:	loss = 0.007  exp loss = 0.006  adjusted loss = 0.006  adv prob = 0.250000   acc = 0.998
  waterbird_complete50 = 1, forest2water2 = 0  [n = 134]:	loss = 3.177  exp loss = 3.637  adjusted loss = 3.637  adv prob = 0.250000   acc = 0.575
  waterbird_complete50 = 1, forest2water2 = 1  [n = 134]:	loss = 2.777  exp loss = 2.764  adjusted loss = 2.764  adv prob = 0.250000   acc = 0.560
Current lr: 0.000010
Current validation accuracy: 0.5597015619277954


Epoch [24]:
Training:
Average incurred loss: 0.064  
Average sample loss: 0.061  
Average acc: 0.987  
  waterbird_complete50 = 0, forest2water2 = 0  [n = 57]:	loss = 0.000  exp loss = 0.000  adjusted loss = 0.000  adv prob = 0.250000   acc = 1.000
  waterbird_complete50 = 0, forest2water2 = 1  [n = 54]:	loss = 0.000  exp loss = 0.000  adjusted loss = 0.000  adv prob = 0.250000   acc = 1.000
  waterbird_complete50 = 1, forest2water2 = 0  [n = 67]:	loss = 0.090  exp loss = 0.231  adjusted loss = 0.231  adv prob = 0.250000   acc = 0.970
  waterbird_complete50 = 1, forest2water2 = 1  [n = 46]:	loss = 0.182  exp loss = 0.180  adjusted loss = 0.180  adv prob = 0.250000   acc = 0.978

Validation:
Average incurred loss: 0.673  
Average sample loss: 0.664  
Average acc: 0.903  
  waterbird_complete50 = 0, forest2water2 = 0  [n = 465]:	loss = 0.000  exp loss = 0.000  adjusted loss = 0.000  adv prob = 0.250000   acc = 1.000
  waterbird_complete50 = 0, forest2water2 = 1  [n = 466]:	loss = 0.008  exp loss = 0.007  adjusted loss = 0.007  adv prob = 0.250000   acc = 0.998
  waterbird_complete50 = 1, forest2water2 = 0  [n = 134]:	loss = 3.201  exp loss = 3.648  adjusted loss = 3.648  adv prob = 0.250000   acc = 0.575
  waterbird_complete50 = 1, forest2water2 = 1  [n = 134]:	loss = 2.793  exp loss = 2.787  adjusted loss = 2.787  adv prob = 0.250000   acc = 0.567
Current lr: 0.000010
Current validation accuracy: 0.5671643018722534


Epoch [25]:
Training:
Average incurred loss: 0.018  
Average sample loss: 0.016  
Average acc: 1.000  
  waterbird_complete50 = 0, forest2water2 = 0  [n = 55]:	loss = 0.000  exp loss = 0.000  adjusted loss = 0.000  adv prob = 0.250000   acc = 1.000
  waterbird_complete50 = 0, forest2water2 = 1  [n = 65]:	loss = 0.000  exp loss = 0.000  adjusted loss = 0.000  adv prob = 0.250000   acc = 1.000
  waterbird_complete50 = 1, forest2water2 = 0  [n = 48]:	loss = 0.055  exp loss = 0.166  adjusted loss = 0.166  adv prob = 0.250000   acc = 1.000
  waterbird_complete50 = 1, forest2water2 = 1  [n = 56]:	loss = 0.023  exp loss = 0.125  adjusted loss = 0.125  adv prob = 0.250000   acc = 1.000

Validation:
Average incurred loss: 0.636  
Average sample loss: 0.627  
Average acc: 0.905  
  waterbird_complete50 = 0, forest2water2 = 0  [n = 465]:	loss = 0.000  exp loss = 0.000  adjusted loss = 0.000  adv prob = 0.250000   acc = 1.000
  waterbird_complete50 = 0, forest2water2 = 1  [n = 466]:	loss = 0.009  exp loss = 0.008  adjusted loss = 0.008  adv prob = 0.250000   acc = 0.998
  waterbird_complete50 = 1, forest2water2 = 0  [n = 134]:	loss = 3.029  exp loss = 3.444  adjusted loss = 3.444  adv prob = 0.250000   acc = 0.582
  waterbird_complete50 = 1, forest2water2 = 1  [n = 134]:	loss = 2.630  exp loss = 2.629  adjusted loss = 2.629  adv prob = 0.250000   acc = 0.575
Current lr: 0.000010
Current validation accuracy: 0.5746269822120667


Epoch [26]:
Training:
Average incurred loss: 0.142  
Average sample loss: 0.216  
Average acc: 0.951  
  waterbird_complete50 = 0, forest2water2 = 0  [n = 61]:	loss = 0.000  exp loss = 0.000  adjusted loss = 0.000  adv prob = 0.250000   acc = 1.000
  waterbird_complete50 = 0, forest2water2 = 1  [n = 55]:	loss = 0.000  exp loss = 0.000  adjusted loss = 0.000  adv prob = 0.250000   acc = 1.000
  waterbird_complete50 = 1, forest2water2 = 0  [n = 49]:	loss = 0.391  exp loss = 0.516  adjusted loss = 0.516  adv prob = 0.250000   acc = 0.898
  waterbird_complete50 = 1, forest2water2 = 1  [n = 59]:	loss = 0.215  exp loss = 0.152  adjusted loss = 0.152  adv prob = 0.250000   acc = 0.898

Validation:
Average incurred loss: 0.650  
Average sample loss: 0.641  
Average acc: 0.904  
  waterbird_complete50 = 0, forest2water2 = 0  [n = 465]:	loss = 0.000  exp loss = 0.000  adjusted loss = 0.000  adv prob = 0.250000   acc = 1.000
  waterbird_complete50 = 0, forest2water2 = 1  [n = 466]:	loss = 0.008  exp loss = 0.007  adjusted loss = 0.007  adv prob = 0.250000   acc = 0.998
  waterbird_complete50 = 1, forest2water2 = 0  [n = 134]:	loss = 3.067  exp loss = 3.493  adjusted loss = 3.493  adv prob = 0.250000   acc = 0.582
  waterbird_complete50 = 1, forest2water2 = 1  [n = 134]:	loss = 2.718  exp loss = 2.712  adjusted loss = 2.712  adv prob = 0.250000   acc = 0.567
Current lr: 0.000010
Current validation accuracy: 0.5671643018722534


Epoch [27]:
Training:
Average incurred loss: 0.035  
Average sample loss: 0.031  
Average acc: 0.982  
  waterbird_complete50 = 0, forest2water2 = 0  [n = 64]:	loss = 0.000  exp loss = 0.000  adjusted loss = 0.000  adv prob = 0.250000   acc = 1.000
  waterbird_complete50 = 0, forest2water2 = 1  [n = 50]:	loss = 0.000  exp loss = 0.000  adjusted loss = 0.000  adv prob = 0.250000   acc = 1.000
  waterbird_complete50 = 1, forest2water2 = 0  [n = 54]:	loss = 0.079  exp loss = 0.357  adjusted loss = 0.357  adv prob = 0.250000   acc = 0.963
  waterbird_complete50 = 1, forest2water2 = 1  [n = 56]:	loss = 0.065  exp loss = 0.121  adjusted loss = 0.121  adv prob = 0.250000   acc = 0.964

Validation:
Average incurred loss: 0.617  
Average sample loss: 0.608  
Average acc: 0.906  
  waterbird_complete50 = 0, forest2water2 = 0  [n = 465]:	loss = 0.000  exp loss = 0.000  adjusted loss = 0.000  adv prob = 0.250000   acc = 1.000
  waterbird_complete50 = 0, forest2water2 = 1  [n = 466]:	loss = 0.010  exp loss = 0.009  adjusted loss = 0.009  adv prob = 0.250000   acc = 0.998
  waterbird_complete50 = 1, forest2water2 = 0  [n = 134]:	loss = 2.911  exp loss = 3.316  adjusted loss = 3.316  adv prob = 0.250000   acc = 0.582
  waterbird_complete50 = 1, forest2water2 = 1  [n = 134]:	loss = 2.570  exp loss = 2.560  adjusted loss = 2.560  adv prob = 0.250000   acc = 0.582
Current lr: 0.000010
Current validation accuracy: 0.5820895433425903


Epoch [28]:
Training:
Average incurred loss: 0.052  
Average sample loss: 0.049  
Average acc: 0.982  
  waterbird_complete50 = 0, forest2water2 = 0  [n = 65]:	loss = 0.000  exp loss = 0.000  adjusted loss = 0.000  adv prob = 0.250000   acc = 1.000
  waterbird_complete50 = 0, forest2water2 = 1  [n = 49]:	loss = 0.000  exp loss = 0.000  adjusted loss = 0.000  adv prob = 0.250000   acc = 1.000
  waterbird_complete50 = 1, forest2water2 = 0  [n = 56]:	loss = 0.113  exp loss = 0.268  adjusted loss = 0.268  adv prob = 0.250000   acc = 0.946
  waterbird_complete50 = 1, forest2water2 = 1  [n = 54]:	loss = 0.097  exp loss = 0.105  adjusted loss = 0.105  adv prob = 0.250000   acc = 0.981

Validation:
Average incurred loss: 0.614  
Average sample loss: 0.605  
Average acc: 0.906  
  waterbird_complete50 = 0, forest2water2 = 0  [n = 465]:	loss = 0.000  exp loss = 0.000  adjusted loss = 0.000  adv prob = 0.250000   acc = 1.000
  waterbird_complete50 = 0, forest2water2 = 1  [n = 466]:	loss = 0.010  exp loss = 0.009  adjusted loss = 0.009  adv prob = 0.250000   acc = 0.998
  waterbird_complete50 = 1, forest2water2 = 0  [n = 134]:	loss = 2.904  exp loss = 3.299  adjusted loss = 3.299  adv prob = 0.250000   acc = 0.582
  waterbird_complete50 = 1, forest2water2 = 1  [n = 134]:	loss = 2.553  exp loss = 2.541  adjusted loss = 2.541  adv prob = 0.250000   acc = 0.582
Current lr: 0.000010
Current validation accuracy: 0.5820895433425903


Epoch [29]:
Training:
Average incurred loss: 0.089  
Average sample loss: 0.125  
Average acc: 0.960  
  waterbird_complete50 = 0, forest2water2 = 0  [n = 54]:	loss = 0.000  exp loss = 0.000  adjusted loss = 0.000  adv prob = 0.250000   acc = 1.000
  waterbird_complete50 = 0, forest2water2 = 1  [n = 58]:	loss = 0.000  exp loss = 0.000  adjusted loss = 0.000  adv prob = 0.250000   acc = 1.000
  waterbird_complete50 = 1, forest2water2 = 0  [n = 42]:	loss = 0.127  exp loss = 0.264  adjusted loss = 0.264  adv prob = 0.250000   acc = 0.976
  waterbird_complete50 = 1, forest2water2 = 1  [n = 70]:	loss = 0.210  exp loss = 0.163  adjusted loss = 0.163  adv prob = 0.250000   acc = 0.886

Validation:
Average incurred loss: 0.635  
Average sample loss: 0.626  
Average acc: 0.904  
  waterbird_complete50 = 0, forest2water2 = 0  [n = 465]:	loss = 0.000  exp loss = 0.000  adjusted loss = 0.000  adv prob = 0.250000   acc = 1.000
  waterbird_complete50 = 0, forest2water2 = 1  [n = 466]:	loss = 0.008  exp loss = 0.007  adjusted loss = 0.007  adv prob = 0.250000   acc = 0.998
  waterbird_complete50 = 1, forest2water2 = 0  [n = 134]:	loss = 2.982  exp loss = 3.424  adjusted loss = 3.424  adv prob = 0.250000   acc = 0.582
  waterbird_complete50 = 1, forest2water2 = 1  [n = 134]:	loss = 2.670  exp loss = 2.653  adjusted loss = 2.653  adv prob = 0.250000   acc = 0.567
Current lr: 0.000010
Current validation accuracy: 0.5671641826629639


Epoch [30]:
Training:
Average incurred loss: 0.029  
Average sample loss: 0.026  
Average acc: 0.982  
  waterbird_complete50 = 0, forest2water2 = 0  [n = 60]:	loss = 0.000  exp loss = 0.000  adjusted loss = 0.000  adv prob = 0.250000   acc = 1.000
  waterbird_complete50 = 0, forest2water2 = 1  [n = 57]:	loss = 0.000  exp loss = 0.000  adjusted loss = 0.000  adv prob = 0.250000   acc = 1.000
  waterbird_complete50 = 1, forest2water2 = 0  [n = 54]:	loss = 0.069  exp loss = 0.189  adjusted loss = 0.189  adv prob = 0.250000   acc = 0.963
  waterbird_complete50 = 1, forest2water2 = 1  [n = 53]:	loss = 0.051  exp loss = 0.121  adjusted loss = 0.121  adv prob = 0.250000   acc = 0.962

Validation:
Average incurred loss: 0.605  
Average sample loss: 0.597  
Average acc: 0.907  
  waterbird_complete50 = 0, forest2water2 = 0  [n = 465]:	loss = 0.001  exp loss = 0.000  adjusted loss = 0.000  adv prob = 0.250000   acc = 1.000
  waterbird_complete50 = 0, forest2water2 = 1  [n = 466]:	loss = 0.009  exp loss = 0.008  adjusted loss = 0.008  adv prob = 0.250000   acc = 0.998
  waterbird_complete50 = 1, forest2water2 = 0  [n = 134]:	loss = 2.861  exp loss = 3.277  adjusted loss = 3.277  adv prob = 0.250000   acc = 0.590
  waterbird_complete50 = 1, forest2water2 = 1  [n = 134]:	loss = 2.521  exp loss = 2.520  adjusted loss = 2.520  adv prob = 0.250000   acc = 0.582
Current lr: 0.000010
Current validation accuracy: 0.5820895433425903


Epoch [31]:
Training:
Average incurred loss: 0.043  
Average sample loss: 0.053  
Average acc: 0.987  
  waterbird_complete50 = 0, forest2water2 = 0  [n = 50]:	loss = 0.000  exp loss = 0.000  adjusted loss = 0.000  adv prob = 0.250000   acc = 1.000
  waterbird_complete50 = 0, forest2water2 = 1  [n = 59]:	loss = 0.000  exp loss = 0.000  adjusted loss = 0.000  adv prob = 0.250000   acc = 1.000
  waterbird_complete50 = 1, forest2water2 = 0  [n = 61]:	loss = 0.116  exp loss = 0.176  adjusted loss = 0.176  adv prob = 0.250000   acc = 0.951
  waterbird_complete50 = 1, forest2water2 = 1  [n = 54]:	loss = 0.048  exp loss = 0.096  adjusted loss = 0.096  adv prob = 0.250000   acc = 1.000

Validation:
Average incurred loss: 0.649  
Average sample loss: 0.640  
Average acc: 0.904  
  waterbird_complete50 = 0, forest2water2 = 0  [n = 465]:	loss = 0.000  exp loss = 0.000  adjusted loss = 0.000  adv prob = 0.250000   acc = 1.000
  waterbird_complete50 = 0, forest2water2 = 1  [n = 466]:	loss = 0.008  exp loss = 0.007  adjusted loss = 0.007  adv prob = 0.250000   acc = 0.998
  waterbird_complete50 = 1, forest2water2 = 0  [n = 134]:	loss = 3.066  exp loss = 3.499  adjusted loss = 3.499  adv prob = 0.250000   acc = 0.582
  waterbird_complete50 = 1, forest2water2 = 1  [n = 134]:	loss = 2.716  exp loss = 2.700  adjusted loss = 2.700  adv prob = 0.250000   acc = 0.567
Current lr: 0.000010
Current validation accuracy: 0.5671642422676086


Epoch [32]:
Training:
Average incurred loss: 0.113  
Average sample loss: 0.100  
Average acc: 0.938  
  waterbird_complete50 = 0, forest2water2 = 0  [n = 60]:	loss = 0.000  exp loss = 0.000  adjusted loss = 0.000  adv prob = 0.250000   acc = 1.000
  waterbird_complete50 = 0, forest2water2 = 1  [n = 49]:	loss = 0.000  exp loss = 0.000  adjusted loss = 0.000  adv prob = 0.250000   acc = 1.000
  waterbird_complete50 = 1, forest2water2 = 0  [n = 59]:	loss = 0.250  exp loss = 0.186  adjusted loss = 0.186  adv prob = 0.250000   acc = 0.881
  waterbird_complete50 = 1, forest2water2 = 1  [n = 56]:	loss = 0.189  exp loss = 0.114  adjusted loss = 0.114  adv prob = 0.250000   acc = 0.875

Validation:
Average incurred loss: 0.650  
Average sample loss: 0.641  
Average acc: 0.904  
  waterbird_complete50 = 0, forest2water2 = 0  [n = 465]:	loss = 0.000  exp loss = 0.000  adjusted loss = 0.000  adv prob = 0.250000   acc = 1.000
  waterbird_complete50 = 0, forest2water2 = 1  [n = 466]:	loss = 0.008  exp loss = 0.007  adjusted loss = 0.007  adv prob = 0.250000   acc = 0.998
  waterbird_complete50 = 1, forest2water2 = 0  [n = 134]:	loss = 3.086  exp loss = 3.512  adjusted loss = 3.512  adv prob = 0.250000   acc = 0.582
  waterbird_complete50 = 1, forest2water2 = 1  [n = 134]:	loss = 2.705  exp loss = 2.695  adjusted loss = 2.695  adv prob = 0.250000   acc = 0.567
Current lr: 0.000010
Current validation accuracy: 0.5671642422676086


Epoch [33]:
Training:
Average incurred loss: 0.029  
Average sample loss: 0.048  
Average acc: 0.978  
  waterbird_complete50 = 0, forest2water2 = 0  [n = 53]:	loss = 0.000  exp loss = 0.000  adjusted loss = 0.000  adv prob = 0.250000   acc = 1.000
  waterbird_complete50 = 0, forest2water2 = 1  [n = 70]:	loss = 0.000  exp loss = 0.000  adjusted loss = 0.000  adv prob = 0.250000   acc = 1.000
  waterbird_complete50 = 1, forest2water2 = 0  [n = 48]:	loss = 0.101  exp loss = 0.169  adjusted loss = 0.169  adv prob = 0.250000   acc = 0.917
  waterbird_complete50 = 1, forest2water2 = 1  [n = 53]:	loss = 0.031  exp loss = 0.096  adjusted loss = 0.096  adv prob = 0.250000   acc = 0.981

Validation:
Average incurred loss: 0.610  
Average sample loss: 0.601  
Average acc: 0.907  
  waterbird_complete50 = 0, forest2water2 = 0  [n = 465]:	loss = 0.000  exp loss = 0.000  adjusted loss = 0.000  adv prob = 0.250000   acc = 1.000
  waterbird_complete50 = 0, forest2water2 = 1  [n = 466]:	loss = 0.010  exp loss = 0.009  adjusted loss = 0.009  adv prob = 0.250000   acc = 0.998
  waterbird_complete50 = 1, forest2water2 = 0  [n = 134]:	loss = 2.892  exp loss = 3.300  adjusted loss = 3.300  adv prob = 0.250000   acc = 0.590
  waterbird_complete50 = 1, forest2water2 = 1  [n = 134]:	loss = 2.529  exp loss = 2.516  adjusted loss = 2.516  adv prob = 0.250000   acc = 0.582
Current lr: 0.000010
Current validation accuracy: 0.5820895433425903


Epoch [34]:
Training:
Average incurred loss: 0.072  
Average sample loss: 0.096  
Average acc: 0.987  
  waterbird_complete50 = 0, forest2water2 = 0  [n = 49]:	loss = 0.000  exp loss = 0.000  adjusted loss = 0.000  adv prob = 0.250000   acc = 1.000
  waterbird_complete50 = 0, forest2water2 = 1  [n = 58]:	loss = 0.000  exp loss = 0.000  adjusted loss = 0.000  adv prob = 0.250000   acc = 1.000
  waterbird_complete50 = 1, forest2water2 = 0  [n = 51]:	loss = 0.233  exp loss = 0.222  adjusted loss = 0.222  adv prob = 0.250000   acc = 0.941
  waterbird_complete50 = 1, forest2water2 = 1  [n = 66]:	loss = 0.064  exp loss = 0.087  adjusted loss = 0.087  adv prob = 0.250000   acc = 1.000

Validation:
Average incurred loss: 0.644  
Average sample loss: 0.635  
Average acc: 0.903  
  waterbird_complete50 = 0, forest2water2 = 0  [n = 465]:	loss = 0.000  exp loss = 0.000  adjusted loss = 0.000  adv prob = 0.250000   acc = 1.000
  waterbird_complete50 = 0, forest2water2 = 1  [n = 466]:	loss = 0.009  exp loss = 0.008  adjusted loss = 0.008  adv prob = 0.250000   acc = 0.998
  waterbird_complete50 = 1, forest2water2 = 0  [n = 134]:	loss = 3.030  exp loss = 3.470  adjusted loss = 3.470  adv prob = 0.250000   acc = 0.582
  waterbird_complete50 = 1, forest2water2 = 1  [n = 134]:	loss = 2.696  exp loss = 2.680  adjusted loss = 2.680  adv prob = 0.250000   acc = 0.560
Current lr: 0.000010
Current validation accuracy: 0.5597015619277954


Epoch [35]:
Training:
Average incurred loss: 0.117  
Average sample loss: 0.103  
Average acc: 0.946  
  waterbird_complete50 = 0, forest2water2 = 0  [n = 63]:	loss = 0.000  exp loss = 0.000  adjusted loss = 0.000  adv prob = 0.250000   acc = 1.000
  waterbird_complete50 = 0, forest2water2 = 1  [n = 46]:	loss = 0.000  exp loss = 0.000  adjusted loss = 0.000  adv prob = 0.250000   acc = 1.000
  waterbird_complete50 = 1, forest2water2 = 0  [n = 65]:	loss = 0.231  exp loss = 0.205  adjusted loss = 0.205  adv prob = 0.250000   acc = 0.908
  waterbird_complete50 = 1, forest2water2 = 1  [n = 50]:	loss = 0.226  exp loss = 0.110  adjusted loss = 0.110  adv prob = 0.250000   acc = 0.880

Validation:
Average incurred loss: 0.626  
Average sample loss: 0.617  
Average acc: 0.904  
  waterbird_complete50 = 0, forest2water2 = 0  [n = 465]:	loss = 0.000  exp loss = 0.000  adjusted loss = 0.000  adv prob = 0.250000   acc = 1.000
  waterbird_complete50 = 0, forest2water2 = 1  [n = 466]:	loss = 0.009  exp loss = 0.008  adjusted loss = 0.008  adv prob = 0.250000   acc = 0.998
  waterbird_complete50 = 1, forest2water2 = 0  [n = 134]:	loss = 2.977  exp loss = 3.401  adjusted loss = 3.401  adv prob = 0.250000   acc = 0.582
  waterbird_complete50 = 1, forest2water2 = 1  [n = 134]:	loss = 2.594  exp loss = 2.566  adjusted loss = 2.566  adv prob = 0.250000   acc = 0.567
Current lr: 0.000010
Current validation accuracy: 0.5671642422676086


Epoch [36]:
Training:
Average incurred loss: 0.020  
Average sample loss: 0.024  
Average acc: 1.000  
  waterbird_complete50 = 0, forest2water2 = 0  [n = 61]:	loss = 0.000  exp loss = 0.000  adjusted loss = 0.000  adv prob = 0.250000   acc = 1.000
  waterbird_complete50 = 0, forest2water2 = 1  [n = 53]:	loss = 0.000  exp loss = 0.000  adjusted loss = 0.000  adv prob = 0.250000   acc = 1.000
  waterbird_complete50 = 1, forest2water2 = 0  [n = 48]:	loss = 0.057  exp loss = 0.157  adjusted loss = 0.157  adv prob = 0.250000   acc = 1.000
  waterbird_complete50 = 1, forest2water2 = 1  [n = 62]:	loss = 0.030  exp loss = 0.085  adjusted loss = 0.085  adv prob = 0.250000   acc = 1.000

Validation:
Average incurred loss: 0.616  
Average sample loss: 0.608  
Average acc: 0.907  
  waterbird_complete50 = 0, forest2water2 = 0  [n = 465]:	loss = 0.000  exp loss = 0.000  adjusted loss = 0.000  adv prob = 0.250000   acc = 1.000
  waterbird_complete50 = 0, forest2water2 = 1  [n = 466]:	loss = 0.010  exp loss = 0.009  adjusted loss = 0.009  adv prob = 0.250000   acc = 0.998
  waterbird_complete50 = 1, forest2water2 = 0  [n = 134]:	loss = 2.937  exp loss = 3.361  adjusted loss = 3.361  adv prob = 0.250000   acc = 0.582
  waterbird_complete50 = 1, forest2water2 = 1  [n = 134]:	loss = 2.542  exp loss = 2.517  adjusted loss = 2.517  adv prob = 0.250000   acc = 0.590
Current lr: 0.000010
Current validation accuracy: 0.5820895433425903


Epoch [37]:
Training:
Average incurred loss: 0.080  
Average sample loss: 0.070  
Average acc: 0.955  
  waterbird_complete50 = 0, forest2water2 = 0  [n = 61]:	loss = 0.000  exp loss = 0.000  adjusted loss = 0.000  adv prob = 0.250000   acc = 1.000
  waterbird_complete50 = 0, forest2water2 = 1  [n = 57]:	loss = 0.000  exp loss = 0.000  adjusted loss = 0.000  adv prob = 0.250000   acc = 1.000
  waterbird_complete50 = 1, forest2water2 = 0  [n = 53]:	loss = 0.198  exp loss = 0.156  adjusted loss = 0.156  adv prob = 0.250000   acc = 0.868
  waterbird_complete50 = 1, forest2water2 = 1  [n = 53]:	loss = 0.142  exp loss = 0.090  adjusted loss = 0.090  adv prob = 0.250000   acc = 0.943

Validation:
Average incurred loss: 0.574  
Average sample loss: 0.566  
Average acc: 0.910  
  waterbird_complete50 = 0, forest2water2 = 0  [n = 465]:	loss = 0.000  exp loss = 0.000  adjusted loss = 0.000  adv prob = 0.250000   acc = 1.000
  waterbird_complete50 = 0, forest2water2 = 1  [n = 466]:	loss = 0.012  exp loss = 0.010  adjusted loss = 0.010  adv prob = 0.250000   acc = 0.994
  waterbird_complete50 = 1, forest2water2 = 0  [n = 134]:	loss = 2.742  exp loss = 3.115  adjusted loss = 3.115  adv prob = 0.250000   acc = 0.604
  waterbird_complete50 = 1, forest2water2 = 1  [n = 134]:	loss = 2.356  exp loss = 2.348  adjusted loss = 2.348  adv prob = 0.250000   acc = 0.612
Current lr: 0.000010
Current validation accuracy: 0.6044776439666748


Epoch [38]:
Training:
Average incurred loss: 0.006  
Average sample loss: 0.005  
Average acc: 1.000  
  waterbird_complete50 = 0, forest2water2 = 0  [n = 60]:	loss = 0.000  exp loss = 0.000  adjusted loss = 0.000  adv prob = 0.250000   acc = 1.000
  waterbird_complete50 = 0, forest2water2 = 1  [n = 65]:	loss = 0.000  exp loss = 0.000  adjusted loss = 0.000  adv prob = 0.250000   acc = 1.000
  waterbird_complete50 = 1, forest2water2 = 0  [n = 58]:	loss = 0.017  exp loss = 0.107  adjusted loss = 0.107  adv prob = 0.250000   acc = 1.000
  waterbird_complete50 = 1, forest2water2 = 1  [n = 41]:	loss = 0.009  exp loss = 0.061  adjusted loss = 0.061  adv prob = 0.250000   acc = 1.000

Validation:
Average incurred loss: 0.538  
Average sample loss: 0.530  
Average acc: 0.913  
  waterbird_complete50 = 0, forest2water2 = 0  [n = 465]:	loss = 0.001  exp loss = 0.000  adjusted loss = 0.000  adv prob = 0.250000   acc = 1.000
  waterbird_complete50 = 0, forest2water2 = 1  [n = 466]:	loss = 0.015  exp loss = 0.014  adjusted loss = 0.014  adv prob = 0.250000   acc = 0.994
  waterbird_complete50 = 1, forest2water2 = 0  [n = 134]:	loss = 2.585  exp loss = 2.917  adjusted loss = 2.917  adv prob = 0.250000   acc = 0.612
  waterbird_complete50 = 1, forest2water2 = 1  [n = 134]:	loss = 2.172  exp loss = 2.177  adjusted loss = 2.177  adv prob = 0.250000   acc = 0.634
Current lr: 0.000010
Current validation accuracy: 0.6119402647018433


Epoch [39]:
Training:
Average incurred loss: 0.129  
Average sample loss: 0.129  
Average acc: 0.951  
  waterbird_complete50 = 0, forest2water2 = 0  [n = 50]:	loss = 0.000  exp loss = 0.000  adjusted loss = 0.000  adv prob = 0.250000   acc = 1.000
  waterbird_complete50 = 0, forest2water2 = 1  [n = 55]:	loss = 0.000  exp loss = 0.000  adjusted loss = 0.000  adv prob = 0.250000   acc = 1.000
  waterbird_complete50 = 1, forest2water2 = 0  [n = 62]:	loss = 0.229  exp loss = 0.151  adjusted loss = 0.151  adv prob = 0.250000   acc = 0.871
  waterbird_complete50 = 1, forest2water2 = 1  [n = 57]:	loss = 0.258  exp loss = 0.119  adjusted loss = 0.119  adv prob = 0.250000   acc = 0.947

Validation:
Average incurred loss: 0.600  
Average sample loss: 0.591  
Average acc: 0.908  
  waterbird_complete50 = 0, forest2water2 = 0  [n = 465]:	loss = 0.000  exp loss = 0.000  adjusted loss = 0.000  adv prob = 0.250000   acc = 1.000
  waterbird_complete50 = 0, forest2water2 = 1  [n = 466]:	loss = 0.012  exp loss = 0.010  adjusted loss = 0.010  adv prob = 0.250000   acc = 0.998
  waterbird_complete50 = 1, forest2water2 = 0  [n = 134]:	loss = 2.867  exp loss = 3.251  adjusted loss = 3.251  adv prob = 0.250000   acc = 0.590
  waterbird_complete50 = 1, forest2water2 = 1  [n = 134]:	loss = 2.456  exp loss = 2.460  adjusted loss = 2.460  adv prob = 0.250000   acc = 0.597
Current lr: 0.000010
Current validation accuracy: 0.5895522832870483


Epoch [40]:
Training:
Average incurred loss: 0.019  
Average sample loss: 0.019  
Average acc: 1.000  
  waterbird_complete50 = 0, forest2water2 = 0  [n = 55]:	loss = 0.000  exp loss = 0.000  adjusted loss = 0.000  adv prob = 0.250000   acc = 1.000
  waterbird_complete50 = 0, forest2water2 = 1  [n = 65]:	loss = 0.000  exp loss = 0.000  adjusted loss = 0.000  adv prob = 0.250000   acc = 1.000
  waterbird_complete50 = 1, forest2water2 = 0  [n = 52]:	loss = 0.059  exp loss = 0.119  adjusted loss = 0.119  adv prob = 0.250000   acc = 1.000
  waterbird_complete50 = 1, forest2water2 = 1  [n = 52]:	loss = 0.021  exp loss = 0.086  adjusted loss = 0.086  adv prob = 0.250000   acc = 1.000

Validation:
Average incurred loss: 0.586  
Average sample loss: 0.577  
Average acc: 0.908  
  waterbird_complete50 = 0, forest2water2 = 0  [n = 465]:	loss = 0.001  exp loss = 0.000  adjusted loss = 0.000  adv prob = 0.250000   acc = 1.000
  waterbird_complete50 = 0, forest2water2 = 1  [n = 466]:	loss = 0.012  exp loss = 0.011  adjusted loss = 0.011  adv prob = 0.250000   acc = 0.994
  waterbird_complete50 = 1, forest2water2 = 0  [n = 134]:	loss = 2.788  exp loss = 3.170  adjusted loss = 3.170  adv prob = 0.250000   acc = 0.597
  waterbird_complete50 = 1, forest2water2 = 1  [n = 134]:	loss = 2.407  exp loss = 2.399  adjusted loss = 2.399  adv prob = 0.250000   acc = 0.604
Current lr: 0.000010
Current validation accuracy: 0.5970149636268616


Epoch [41]:
Training:
Average incurred loss: 0.043  
Average sample loss: 0.038  
Average acc: 0.982  
  waterbird_complete50 = 0, forest2water2 = 0  [n = 56]:	loss = 0.000  exp loss = 0.000  adjusted loss = 0.000  adv prob = 0.250000   acc = 1.000
  waterbird_complete50 = 0, forest2water2 = 1  [n = 56]:	loss = 0.000  exp loss = 0.000  adjusted loss = 0.000  adv prob = 0.250000   acc = 1.000
  waterbird_complete50 = 1, forest2water2 = 0  [n = 61]:	loss = 0.108  exp loss = 0.106  adjusted loss = 0.106  adv prob = 0.250000   acc = 0.951
  waterbird_complete50 = 1, forest2water2 = 1  [n = 51]:	loss = 0.061  exp loss = 0.074  adjusted loss = 0.074  adv prob = 0.250000   acc = 0.980

Validation:
Average incurred loss: 0.583  
Average sample loss: 0.575  
Average acc: 0.910  
  waterbird_complete50 = 0, forest2water2 = 0  [n = 465]:	loss = 0.000  exp loss = 0.000  adjusted loss = 0.000  adv prob = 0.250000   acc = 1.000
  waterbird_complete50 = 0, forest2water2 = 1  [n = 466]:	loss = 0.013  exp loss = 0.011  adjusted loss = 0.011  adv prob = 0.250000   acc = 0.994
  waterbird_complete50 = 1, forest2water2 = 0  [n = 134]:	loss = 2.781  exp loss = 3.154  adjusted loss = 3.154  adv prob = 0.250000   acc = 0.597
  waterbird_complete50 = 1, forest2water2 = 1  [n = 134]:	loss = 2.387  exp loss = 2.380  adjusted loss = 2.380  adv prob = 0.250000   acc = 0.619
Current lr: 0.000010
Current validation accuracy: 0.5970149636268616


Epoch [42]:
Training:
Average incurred loss: 0.131  
Average sample loss: 0.115  
Average acc: 0.938  
  waterbird_complete50 = 0, forest2water2 = 0  [n = 55]:	loss = 0.000  exp loss = 0.000  adjusted loss = 0.000  adv prob = 0.250000   acc = 1.000
  waterbird_complete50 = 0, forest2water2 = 1  [n = 50]:	loss = 0.000  exp loss = 0.000  adjusted loss = 0.000  adv prob = 0.250000   acc = 1.000
  waterbird_complete50 = 1, forest2water2 = 0  [n = 65]:	loss = 0.309  exp loss = 0.150  adjusted loss = 0.150  adv prob = 0.250000   acc = 0.846
  waterbird_complete50 = 1, forest2water2 = 1  [n = 54]:	loss = 0.173  exp loss = 0.100  adjusted loss = 0.100  adv prob = 0.250000   acc = 0.926

Validation:
Average incurred loss: 0.608  
Average sample loss: 0.599  
Average acc: 0.906  
  waterbird_complete50 = 0, forest2water2 = 0  [n = 465]:	loss = 0.000  exp loss = 0.000  adjusted loss = 0.000  adv prob = 0.250000   acc = 1.000
  waterbird_complete50 = 0, forest2water2 = 1  [n = 466]:	loss = 0.011  exp loss = 0.010  adjusted loss = 0.010  adv prob = 0.250000   acc = 0.996
  waterbird_complete50 = 1, forest2water2 = 0  [n = 134]:	loss = 2.893  exp loss = 3.297  adjusted loss = 3.297  adv prob = 0.250000   acc = 0.582
  waterbird_complete50 = 1, forest2water2 = 1  [n = 134]:	loss = 2.505  exp loss = 2.491  adjusted loss = 2.491  adv prob = 0.250000   acc = 0.590
Current lr: 0.000010
Current validation accuracy: 0.5820895433425903


Epoch [43]:
Training:
Average incurred loss: 0.018  
Average sample loss: 0.016  
Average acc: 0.996  
  waterbird_complete50 = 0, forest2water2 = 0  [n = 64]:	loss = 0.000  exp loss = 0.000  adjusted loss = 0.000  adv prob = 0.250000   acc = 1.000
  waterbird_complete50 = 0, forest2water2 = 1  [n = 57]:	loss = 0.000  exp loss = 0.000  adjusted loss = 0.000  adv prob = 0.250000   acc = 1.000
  waterbird_complete50 = 1, forest2water2 = 0  [n = 49]:	loss = 0.023  exp loss = 0.106  adjusted loss = 0.106  adv prob = 0.250000   acc = 1.000
  waterbird_complete50 = 1, forest2water2 = 1  [n = 54]:	loss = 0.053  exp loss = 0.080  adjusted loss = 0.080  adv prob = 0.250000   acc = 0.981

Validation:
Average incurred loss: 0.570  
Average sample loss: 0.562  
Average acc: 0.910  
  waterbird_complete50 = 0, forest2water2 = 0  [n = 465]:	loss = 0.001  exp loss = 0.000  adjusted loss = 0.000  adv prob = 0.250000   acc = 1.000
  waterbird_complete50 = 0, forest2water2 = 1  [n = 466]:	loss = 0.014  exp loss = 0.012  adjusted loss = 0.012  adv prob = 0.250000   acc = 0.994
  waterbird_complete50 = 1, forest2water2 = 0  [n = 134]:	loss = 2.735  exp loss = 3.099  adjusted loss = 3.099  adv prob = 0.250000   acc = 0.590
  waterbird_complete50 = 1, forest2water2 = 1  [n = 134]:	loss = 2.314  exp loss = 2.310  adjusted loss = 2.310  adv prob = 0.250000   acc = 0.627
Current lr: 0.000010
Current validation accuracy: 0.5895522832870483


Epoch [44]:
Training:
Average incurred loss: 0.027  
Average sample loss: 0.026  
Average acc: 0.996  
  waterbird_complete50 = 0, forest2water2 = 0  [n = 68]:	loss = 0.000  exp loss = 0.000  adjusted loss = 0.000  adv prob = 0.250000   acc = 1.000
  waterbird_complete50 = 0, forest2water2 = 1  [n = 50]:	loss = 0.000  exp loss = 0.000  adjusted loss = 0.000  adv prob = 0.250000   acc = 1.000
  waterbird_complete50 = 1, forest2water2 = 0  [n = 47]:	loss = 0.049  exp loss = 0.085  adjusted loss = 0.085  adv prob = 0.250000   acc = 1.000
  waterbird_complete50 = 1, forest2water2 = 1  [n = 59]:	loss = 0.062  exp loss = 0.073  adjusted loss = 0.073  adv prob = 0.250000   acc = 0.983

Validation:
Average incurred loss: 0.560  
Average sample loss: 0.552  
Average acc: 0.912  
  waterbird_complete50 = 0, forest2water2 = 0  [n = 465]:	loss = 0.000  exp loss = 0.000  adjusted loss = 0.000  adv prob = 0.250000   acc = 1.000
  waterbird_complete50 = 0, forest2water2 = 1  [n = 466]:	loss = 0.014  exp loss = 0.012  adjusted loss = 0.012  adv prob = 0.250000   acc = 0.994
  waterbird_complete50 = 1, forest2water2 = 0  [n = 134]:	loss = 2.707  exp loss = 3.067  adjusted loss = 3.067  adv prob = 0.250000   acc = 0.597
  waterbird_complete50 = 1, forest2water2 = 1  [n = 134]:	loss = 2.251  exp loss = 2.256  adjusted loss = 2.256  adv prob = 0.250000   acc = 0.634
Current lr: 0.000010
Current validation accuracy: 0.5970149636268616


Epoch [45]:
Training:
Average incurred loss: 0.179  
Average sample loss: 0.161  
Average acc: 0.929  
  waterbird_complete50 = 0, forest2water2 = 0  [n = 49]:	loss = 0.000  exp loss = 0.000  adjusted loss = 0.000  adv prob = 0.250000   acc = 1.000
  waterbird_complete50 = 0, forest2water2 = 1  [n = 55]:	loss = 0.000  exp loss = 0.000  adjusted loss = 0.000  adv prob = 0.250000   acc = 1.000
  waterbird_complete50 = 1, forest2water2 = 0  [n = 60]:	loss = 0.488  exp loss = 0.188  adjusted loss = 0.188  adv prob = 0.250000   acc = 0.783
  waterbird_complete50 = 1, forest2water2 = 1  [n = 60]:	loss = 0.180  exp loss = 0.100  adjusted loss = 0.100  adv prob = 0.250000   acc = 0.950

Validation:
Average incurred loss: 0.616  
Average sample loss: 0.608  
Average acc: 0.907  
  waterbird_complete50 = 0, forest2water2 = 0  [n = 465]:	loss = 0.000  exp loss = 0.000  adjusted loss = 0.000  adv prob = 0.250000   acc = 1.000
  waterbird_complete50 = 0, forest2water2 = 1  [n = 466]:	loss = 0.011  exp loss = 0.009  adjusted loss = 0.009  adv prob = 0.250000   acc = 0.996
  waterbird_complete50 = 1, forest2water2 = 0  [n = 134]:	loss = 2.951  exp loss = 3.380  adjusted loss = 3.380  adv prob = 0.250000   acc = 0.582
  waterbird_complete50 = 1, forest2water2 = 1  [n = 134]:	loss = 2.526  exp loss = 2.511  adjusted loss = 2.511  adv prob = 0.250000   acc = 0.597
Current lr: 0.000010
Current validation accuracy: 0.5820895433425903


Epoch [46]:
Training:
Average incurred loss: 0.011  
Average sample loss: 0.010  
Average acc: 1.000  
  waterbird_complete50 = 0, forest2water2 = 0  [n = 65]:	loss = 0.000  exp loss = 0.000  adjusted loss = 0.000  adv prob = 0.250000   acc = 1.000
  waterbird_complete50 = 0, forest2water2 = 1  [n = 62]:	loss = 0.000  exp loss = 0.000  adjusted loss = 0.000  adv prob = 0.250000   acc = 1.000
  waterbird_complete50 = 1, forest2water2 = 0  [n = 47]:	loss = 0.042  exp loss = 0.134  adjusted loss = 0.134  adv prob = 0.250000   acc = 1.000
  waterbird_complete50 = 1, forest2water2 = 1  [n = 50]:	loss = 0.011  exp loss = 0.069  adjusted loss = 0.069  adv prob = 0.250000   acc = 1.000

Validation:
Average incurred loss: 0.546  
Average sample loss: 0.539  
Average acc: 0.914  
  waterbird_complete50 = 0, forest2water2 = 0  [n = 465]:	loss = 0.001  exp loss = 0.000  adjusted loss = 0.000  adv prob = 0.250000   acc = 1.000
  waterbird_complete50 = 0, forest2water2 = 1  [n = 466]:	loss = 0.014  exp loss = 0.013  adjusted loss = 0.013  adv prob = 0.250000   acc = 0.994
  waterbird_complete50 = 1, forest2water2 = 0  [n = 134]:	loss = 2.602  exp loss = 2.961  adjusted loss = 2.961  adv prob = 0.250000   acc = 0.619
  waterbird_complete50 = 1, forest2water2 = 1  [n = 134]:	loss = 2.235  exp loss = 2.231  adjusted loss = 2.231  adv prob = 0.250000   acc = 0.634
Current lr: 0.000010
Current validation accuracy: 0.6194030046463013


Epoch [47]:
Training:
Average incurred loss: 0.049  
Average sample loss: 0.044  
Average acc: 0.973  
  waterbird_complete50 = 0, forest2water2 = 0  [n = 57]:	loss = 0.000  exp loss = 0.000  adjusted loss = 0.000  adv prob = 0.250000   acc = 1.000
  waterbird_complete50 = 0, forest2water2 = 1  [n = 57]:	loss = 0.000  exp loss = 0.000  adjusted loss = 0.000  adv prob = 0.250000   acc = 1.000
  waterbird_complete50 = 1, forest2water2 = 0  [n = 48]:	loss = 0.087  exp loss = 0.109  adjusted loss = 0.109  adv prob = 0.250000   acc = 0.938
  waterbird_complete50 = 1, forest2water2 = 1  [n = 62]:	loss = 0.111  exp loss = 0.074  adjusted loss = 0.074  adv prob = 0.250000   acc = 0.952

Validation:
Average incurred loss: 0.578  
Average sample loss: 0.570  
Average acc: 0.911  
  waterbird_complete50 = 0, forest2water2 = 0  [n = 465]:	loss = 0.000  exp loss = 0.000  adjusted loss = 0.000  adv prob = 0.250000   acc = 1.000
  waterbird_complete50 = 0, forest2water2 = 1  [n = 466]:	loss = 0.013  exp loss = 0.011  adjusted loss = 0.011  adv prob = 0.250000   acc = 0.994
  waterbird_complete50 = 1, forest2water2 = 0  [n = 134]:	loss = 2.737  exp loss = 3.142  adjusted loss = 3.142  adv prob = 0.250000   acc = 0.612
  waterbird_complete50 = 1, forest2water2 = 1  [n = 134]:	loss = 2.392  exp loss = 2.379  adjusted loss = 2.379  adv prob = 0.250000   acc = 0.612
Current lr: 0.000010
Current validation accuracy: 0.6119402647018433


Epoch [48]:
Training:
Average incurred loss: 0.121  
Average sample loss: 0.106  
Average acc: 0.955  
  waterbird_complete50 = 0, forest2water2 = 0  [n = 51]:	loss = 0.000  exp loss = 0.000  adjusted loss = 0.000  adv prob = 0.250000   acc = 1.000
  waterbird_complete50 = 0, forest2water2 = 1  [n = 59]:	loss = 0.000  exp loss = 0.000  adjusted loss = 0.000  adv prob = 0.250000   acc = 1.000
  waterbird_complete50 = 1, forest2water2 = 0  [n = 47]:	loss = 0.364  exp loss = 0.160  adjusted loss = 0.160  adv prob = 0.250000   acc = 0.851
  waterbird_complete50 = 1, forest2water2 = 1  [n = 67]:	loss = 0.149  exp loss = 0.088  adjusted loss = 0.088  adv prob = 0.250000   acc = 0.955

Validation:
Average incurred loss: 0.552  
Average sample loss: 0.544  
Average acc: 0.912  
  waterbird_complete50 = 0, forest2water2 = 0  [n = 465]:	loss = 0.001  exp loss = 0.000  adjusted loss = 0.000  adv prob = 0.250000   acc = 1.000
  waterbird_complete50 = 0, forest2water2 = 1  [n = 466]:	loss = 0.015  exp loss = 0.013  adjusted loss = 0.013  adv prob = 0.250000   acc = 0.994
  waterbird_complete50 = 1, forest2water2 = 0  [n = 134]:	loss = 2.623  exp loss = 2.989  adjusted loss = 2.989  adv prob = 0.250000   acc = 0.612
  waterbird_complete50 = 1, forest2water2 = 1  [n = 134]:	loss = 2.259  exp loss = 2.260  adjusted loss = 2.260  adv prob = 0.250000   acc = 0.627
Current lr: 0.000010
Current validation accuracy: 0.6119402647018433


Epoch [49]:
Training:
Average incurred loss: 0.274  
Average sample loss: 0.253  
Average acc: 0.906  
  waterbird_complete50 = 0, forest2water2 = 0  [n = 51]:	loss = 0.000  exp loss = 0.000  adjusted loss = 0.000  adv prob = 0.250000   acc = 1.000
  waterbird_complete50 = 0, forest2water2 = 1  [n = 46]:	loss = 0.000  exp loss = 0.000  adjusted loss = 0.000  adv prob = 0.250000   acc = 1.000
  waterbird_complete50 = 1, forest2water2 = 0  [n = 60]:	loss = 0.549  exp loss = 0.262  adjusted loss = 0.262  adv prob = 0.250000   acc = 0.850
  waterbird_complete50 = 1, forest2water2 = 1  [n = 67]:	loss = 0.425  exp loss = 0.171  adjusted loss = 0.171  adv prob = 0.250000   acc = 0.821

Validation:
Average incurred loss: 0.650  
Average sample loss: 0.641  
Average acc: 0.903  
  waterbird_complete50 = 0, forest2water2 = 0  [n = 465]:	loss = 0.000  exp loss = 0.000  adjusted loss = 0.000  adv prob = 0.250000   acc = 1.000
  waterbird_complete50 = 0, forest2water2 = 1  [n = 466]:	loss = 0.009  exp loss = 0.008  adjusted loss = 0.008  adv prob = 0.250000   acc = 0.998
  waterbird_complete50 = 1, forest2water2 = 0  [n = 134]:	loss = 3.068  exp loss = 3.551  adjusted loss = 3.551  adv prob = 0.250000   acc = 0.582
  waterbird_complete50 = 1, forest2water2 = 1  [n = 134]:	loss = 2.719  exp loss = 2.712  adjusted loss = 2.712  adv prob = 0.250000   acc = 0.560
Current lr: 0.000010
Current validation accuracy: 0.5597015619277954


Epoch [50]:
Training:
Average incurred loss: 0.098  
Average sample loss: 0.100  
Average acc: 0.955  
  waterbird_complete50 = 0, forest2water2 = 0  [n = 47]:	loss = 0.000  exp loss = 0.000  adjusted loss = 0.000  adv prob = 0.250000   acc = 1.000
  waterbird_complete50 = 0, forest2water2 = 1  [n = 61]:	loss = 0.000  exp loss = 0.000  adjusted loss = 0.000  adv prob = 0.250000   acc = 1.000
  waterbird_complete50 = 1, forest2water2 = 0  [n = 66]:	loss = 0.144  exp loss = 0.223  adjusted loss = 0.223  adv prob = 0.250000   acc = 0.939
  waterbird_complete50 = 1, forest2water2 = 1  [n = 50]:	loss = 0.251  exp loss = 0.191  adjusted loss = 0.191  adv prob = 0.250000   acc = 0.880

Validation:
Average incurred loss: 0.665  
Average sample loss: 0.655  
Average acc: 0.902  
  waterbird_complete50 = 0, forest2water2 = 0  [n = 465]:	loss = 0.000  exp loss = 0.000  adjusted loss = 0.000  adv prob = 0.250000   acc = 1.000
  waterbird_complete50 = 0, forest2water2 = 1  [n = 466]:	loss = 0.008  exp loss = 0.007  adjusted loss = 0.007  adv prob = 0.250000   acc = 0.998
  waterbird_complete50 = 1, forest2water2 = 0  [n = 134]:	loss = 3.149  exp loss = 3.625  adjusted loss = 3.625  adv prob = 0.250000   acc = 0.575
  waterbird_complete50 = 1, forest2water2 = 1  [n = 134]:	loss = 2.771  exp loss = 2.768  adjusted loss = 2.768  adv prob = 0.250000   acc = 0.552
Current lr: 0.000010
Current validation accuracy: 0.5522388219833374


Epoch [51]:
Training:
Average incurred loss: 0.067  
Average sample loss: 0.059  
Average acc: 0.973  
  waterbird_complete50 = 0, forest2water2 = 0  [n = 51]:	loss = 0.000  exp loss = 0.000  adjusted loss = 0.000  adv prob = 0.250000   acc = 1.000
  waterbird_complete50 = 0, forest2water2 = 1  [n = 59]:	loss = 0.000  exp loss = 0.000  adjusted loss = 0.000  adv prob = 0.250000   acc = 1.000
  waterbird_complete50 = 1, forest2water2 = 0  [n = 61]:	loss = 0.182  exp loss = 0.187  adjusted loss = 0.187  adv prob = 0.250000   acc = 0.918
  waterbird_complete50 = 1, forest2water2 = 1  [n = 53]:	loss = 0.071  exp loss = 0.146  adjusted loss = 0.146  adv prob = 0.250000   acc = 0.981

Validation:
Average incurred loss: 0.625  
Average sample loss: 0.617  
Average acc: 0.905  
  waterbird_complete50 = 0, forest2water2 = 0  [n = 465]:	loss = 0.000  exp loss = 0.000  adjusted loss = 0.000  adv prob = 0.250000   acc = 1.000
  waterbird_complete50 = 0, forest2water2 = 1  [n = 466]:	loss = 0.009  exp loss = 0.008  adjusted loss = 0.008  adv prob = 0.250000   acc = 0.998
  waterbird_complete50 = 1, forest2water2 = 0  [n = 134]:	loss = 2.968  exp loss = 3.400  adjusted loss = 3.400  adv prob = 0.250000   acc = 0.582
  waterbird_complete50 = 1, forest2water2 = 1  [n = 134]:	loss = 2.596  exp loss = 2.605  adjusted loss = 2.605  adv prob = 0.250000   acc = 0.575
Current lr: 0.000010
Current validation accuracy: 0.5746269226074219


Epoch [52]:
Training:
Average incurred loss: 0.011  
Average sample loss: 0.010  
Average acc: 1.000  
  waterbird_complete50 = 0, forest2water2 = 0  [n = 51]:	loss = 0.000  exp loss = 0.000  adjusted loss = 0.000  adv prob = 0.250000   acc = 1.000
  waterbird_complete50 = 0, forest2water2 = 1  [n = 65]:	loss = 0.000  exp loss = 0.000  adjusted loss = 0.000  adv prob = 0.250000   acc = 1.000
  waterbird_complete50 = 1, forest2water2 = 0  [n = 57]:	loss = 0.022  exp loss = 0.129  adjusted loss = 0.129  adv prob = 0.250000   acc = 1.000
  waterbird_complete50 = 1, forest2water2 = 1  [n = 51]:	loss = 0.023  exp loss = 0.102  adjusted loss = 0.102  adv prob = 0.250000   acc = 1.000

Validation:
Average incurred loss: 0.579  
Average sample loss: 0.571  
Average acc: 0.907  
  waterbird_complete50 = 0, forest2water2 = 0  [n = 465]:	loss = 0.000  exp loss = 0.000  adjusted loss = 0.000  adv prob = 0.250000   acc = 1.000
  waterbird_complete50 = 0, forest2water2 = 1  [n = 466]:	loss = 0.011  exp loss = 0.010  adjusted loss = 0.010  adv prob = 0.250000   acc = 0.994
  waterbird_complete50 = 1, forest2water2 = 0  [n = 134]:	loss = 2.756  exp loss = 3.130  adjusted loss = 3.130  adv prob = 0.250000   acc = 0.590
  waterbird_complete50 = 1, forest2water2 = 1  [n = 134]:	loss = 2.384  exp loss = 2.387  adjusted loss = 2.387  adv prob = 0.250000   acc = 0.604
Current lr: 0.000010
Current validation accuracy: 0.5895522832870483


Epoch [53]:
Training:
Average incurred loss: 0.199  
Average sample loss: 0.243  
Average acc: 0.933  
  waterbird_complete50 = 0, forest2water2 = 0  [n = 55]:	loss = 0.000  exp loss = 0.000  adjusted loss = 0.000  adv prob = 0.250000   acc = 1.000
  waterbird_complete50 = 0, forest2water2 = 1  [n = 42]:	loss = 0.000  exp loss = 0.000  adjusted loss = 0.000  adv prob = 0.250000   acc = 1.000
  waterbird_complete50 = 1, forest2water2 = 0  [n = 58]:	loss = 0.343  exp loss = 0.214  adjusted loss = 0.214  adv prob = 0.250000   acc = 0.845
  waterbird_complete50 = 1, forest2water2 = 1  [n = 69]:	loss = 0.358  exp loss = 0.222  adjusted loss = 0.222  adv prob = 0.250000   acc = 0.913

Validation:
Average incurred loss: 0.642  
Average sample loss: 0.633  
Average acc: 0.904  
  waterbird_complete50 = 0, forest2water2 = 0  [n = 465]:	loss = 0.000  exp loss = 0.000  adjusted loss = 0.000  adv prob = 0.250000   acc = 1.000
  waterbird_complete50 = 0, forest2water2 = 1  [n = 466]:	loss = 0.009  exp loss = 0.008  adjusted loss = 0.008  adv prob = 0.250000   acc = 0.998
  waterbird_complete50 = 1, forest2water2 = 0  [n = 134]:	loss = 3.045  exp loss = 3.505  adjusted loss = 3.505  adv prob = 0.250000   acc = 0.582
  waterbird_complete50 = 1, forest2water2 = 1  [n = 134]:	loss = 2.665  exp loss = 2.655  adjusted loss = 2.655  adv prob = 0.250000   acc = 0.567
Current lr: 0.000010
Current validation accuracy: 0.5671642422676086


Epoch [54]:
Training:
Average incurred loss: 0.210  
Average sample loss: 0.186  
Average acc: 0.924  
  waterbird_complete50 = 0, forest2water2 = 0  [n = 49]:	loss = 0.000  exp loss = 0.000  adjusted loss = 0.000  adv prob = 0.250000   acc = 1.000
  waterbird_complete50 = 0, forest2water2 = 1  [n = 58]:	loss = 0.000  exp loss = 0.000  adjusted loss = 0.000  adv prob = 0.250000   acc = 1.000
  waterbird_complete50 = 1, forest2water2 = 0  [n = 55]:	loss = 0.438  exp loss = 0.268  adjusted loss = 0.268  adv prob = 0.250000   acc = 0.855
  waterbird_complete50 = 1, forest2water2 = 1  [n = 62]:	loss = 0.370  exp loss = 0.232  adjusted loss = 0.232  adv prob = 0.250000   acc = 0.855

Validation:
Average incurred loss: 0.651  
Average sample loss: 0.642  
Average acc: 0.902  
  waterbird_complete50 = 0, forest2water2 = 0  [n = 465]:	loss = 0.000  exp loss = 0.000  adjusted loss = 0.000  adv prob = 0.250000   acc = 1.000
  waterbird_complete50 = 0, forest2water2 = 1  [n = 466]:	loss = 0.008  exp loss = 0.007  adjusted loss = 0.007  adv prob = 0.250000   acc = 0.998
  waterbird_complete50 = 1, forest2water2 = 0  [n = 134]:	loss = 3.079  exp loss = 3.566  adjusted loss = 3.566  adv prob = 0.250000   acc = 0.582
  waterbird_complete50 = 1, forest2water2 = 1  [n = 134]:	loss = 2.715  exp loss = 2.697  adjusted loss = 2.697  adv prob = 0.250000   acc = 0.552
Current lr: 0.000010
Current validation accuracy: 0.5522388219833374


Epoch [55]:
Training:
Average incurred loss: 0.140  
Average sample loss: 0.173  
Average acc: 0.960  
  waterbird_complete50 = 0, forest2water2 = 0  [n = 50]:	loss = 0.000  exp loss = 0.000  adjusted loss = 0.000  adv prob = 0.250000   acc = 1.000
  waterbird_complete50 = 0, forest2water2 = 1  [n = 51]:	loss = 0.000  exp loss = 0.000  adjusted loss = 0.000  adv prob = 0.250000   acc = 1.000
  waterbird_complete50 = 1, forest2water2 = 0  [n = 63]:	loss = 0.287  exp loss = 0.295  adjusted loss = 0.295  adv prob = 0.250000   acc = 0.937
  waterbird_complete50 = 1, forest2water2 = 1  [n = 60]:	loss = 0.224  exp loss = 0.247  adjusted loss = 0.247  adv prob = 0.250000   acc = 0.917

Validation:
Average incurred loss: 0.679  
Average sample loss: 0.670  
Average acc: 0.901  
  waterbird_complete50 = 0, forest2water2 = 0  [n = 465]:	loss = 0.000  exp loss = 0.000  adjusted loss = 0.000  adv prob = 0.250000   acc = 1.000
  waterbird_complete50 = 0, forest2water2 = 1  [n = 466]:	loss = 0.007  exp loss = 0.006  adjusted loss = 0.006  adv prob = 0.250000   acc = 0.998
  waterbird_complete50 = 1, forest2water2 = 0  [n = 134]:	loss = 3.206  exp loss = 3.720  adjusted loss = 3.720  adv prob = 0.250000   acc = 0.575
  waterbird_complete50 = 1, forest2water2 = 1  [n = 134]:	loss = 2.846  exp loss = 2.823  adjusted loss = 2.823  adv prob = 0.250000   acc = 0.545
Current lr: 0.000010
Current validation accuracy: 0.5447760820388794


Epoch [56]:
Training:
Average incurred loss: 0.027  
Average sample loss: 0.025  
Average acc: 0.991  
  waterbird_complete50 = 0, forest2water2 = 0  [n = 67]:	loss = 0.000  exp loss = 0.000  adjusted loss = 0.000  adv prob = 0.250000   acc = 1.000
  waterbird_complete50 = 0, forest2water2 = 1  [n = 48]:	loss = 0.000  exp loss = 0.000  adjusted loss = 0.000  adv prob = 0.250000   acc = 1.000
  waterbird_complete50 = 1, forest2water2 = 0  [n = 54]:	loss = 0.075  exp loss = 0.215  adjusted loss = 0.215  adv prob = 0.250000   acc = 0.963
  waterbird_complete50 = 1, forest2water2 = 1  [n = 55]:	loss = 0.034  exp loss = 0.171  adjusted loss = 0.171  adv prob = 0.250000   acc = 1.000

Validation:
Average incurred loss: 0.626  
Average sample loss: 0.617  
Average acc: 0.907  
  waterbird_complete50 = 0, forest2water2 = 0  [n = 465]:	loss = 0.000  exp loss = 0.000  adjusted loss = 0.000  adv prob = 0.250000   acc = 1.000
  waterbird_complete50 = 0, forest2water2 = 1  [n = 466]:	loss = 0.009  exp loss = 0.008  adjusted loss = 0.008  adv prob = 0.250000   acc = 0.998
  waterbird_complete50 = 1, forest2water2 = 0  [n = 134]:	loss = 2.981  exp loss = 3.410  adjusted loss = 3.410  adv prob = 0.250000   acc = 0.582
  waterbird_complete50 = 1, forest2water2 = 1  [n = 134]:	loss = 2.585  exp loss = 2.564  adjusted loss = 2.564  adv prob = 0.250000   acc = 0.590
Current lr: 0.000010
Current validation accuracy: 0.5820895433425903


Epoch [57]:
Training:
Average incurred loss: 0.135  
Average sample loss: 0.209  
Average acc: 0.955  
  waterbird_complete50 = 0, forest2water2 = 0  [n = 56]:	loss = 0.000  exp loss = 0.000  adjusted loss = 0.000  adv prob = 0.250000   acc = 1.000
  waterbird_complete50 = 0, forest2water2 = 1  [n = 58]:	loss = 0.000  exp loss = 0.000  adjusted loss = 0.000  adv prob = 0.250000   acc = 1.000
  waterbird_complete50 = 1, forest2water2 = 0  [n = 60]:	loss = 0.382  exp loss = 0.334  adjusted loss = 0.334  adv prob = 0.250000   acc = 0.883
  waterbird_complete50 = 1, forest2water2 = 1  [n = 50]:	loss = 0.147  exp loss = 0.167  adjusted loss = 0.167  adv prob = 0.250000   acc = 0.940

Validation:
Average incurred loss: 0.626  
Average sample loss: 0.617  
Average acc: 0.907  
  waterbird_complete50 = 0, forest2water2 = 0  [n = 465]:	loss = 0.000  exp loss = 0.000  adjusted loss = 0.000  adv prob = 0.250000   acc = 1.000
  waterbird_complete50 = 0, forest2water2 = 1  [n = 466]:	loss = 0.009  exp loss = 0.008  adjusted loss = 0.008  adv prob = 0.250000   acc = 0.998
  waterbird_complete50 = 1, forest2water2 = 0  [n = 134]:	loss = 2.994  exp loss = 3.417  adjusted loss = 3.417  adv prob = 0.250000   acc = 0.582
  waterbird_complete50 = 1, forest2water2 = 1  [n = 134]:	loss = 2.575  exp loss = 2.557  adjusted loss = 2.557  adv prob = 0.250000   acc = 0.590
Current lr: 0.000010
Current validation accuracy: 0.5820895433425903


Epoch [58]:
Training:
Average incurred loss: 0.052  
Average sample loss: 0.046  
Average acc: 0.969  
  waterbird_complete50 = 0, forest2water2 = 0  [n = 63]:	loss = 0.000  exp loss = 0.000  adjusted loss = 0.000  adv prob = 0.250000   acc = 1.000
  waterbird_complete50 = 0, forest2water2 = 1  [n = 56]:	loss = 0.000  exp loss = 0.000  adjusted loss = 0.000  adv prob = 0.250000   acc = 1.000
  waterbird_complete50 = 1, forest2water2 = 0  [n = 52]:	loss = 0.081  exp loss = 0.238  adjusted loss = 0.238  adv prob = 0.250000   acc = 0.942
  waterbird_complete50 = 1, forest2water2 = 1  [n = 53]:	loss = 0.142  exp loss = 0.138  adjusted loss = 0.138  adv prob = 0.250000   acc = 0.925

Validation:
Average incurred loss: 0.572  
Average sample loss: 0.564  
Average acc: 0.909  
  waterbird_complete50 = 0, forest2water2 = 0  [n = 465]:	loss = 0.000  exp loss = 0.000  adjusted loss = 0.000  adv prob = 0.250000   acc = 1.000
  waterbird_complete50 = 0, forest2water2 = 1  [n = 466]:	loss = 0.014  exp loss = 0.012  adjusted loss = 0.012  adv prob = 0.250000   acc = 0.994
  waterbird_complete50 = 1, forest2water2 = 0  [n = 134]:	loss = 2.722  exp loss = 3.087  adjusted loss = 3.087  adv prob = 0.250000   acc = 0.590
  waterbird_complete50 = 1, forest2water2 = 1  [n = 134]:	loss = 2.342  exp loss = 2.333  adjusted loss = 2.333  adv prob = 0.250000   acc = 0.619
Current lr: 0.000010
Current validation accuracy: 0.5895522832870483


Epoch [59]:
Training:
Average incurred loss: 0.092  
Average sample loss: 0.084  
Average acc: 0.955  
  waterbird_complete50 = 0, forest2water2 = 0  [n = 56]:	loss = 0.000  exp loss = 0.000  adjusted loss = 0.000  adv prob = 0.250000   acc = 1.000
  waterbird_complete50 = 0, forest2water2 = 1  [n = 56]:	loss = 0.000  exp loss = 0.000  adjusted loss = 0.000  adv prob = 0.250000   acc = 1.000
  waterbird_complete50 = 1, forest2water2 = 0  [n = 53]:	loss = 0.170  exp loss = 0.213  adjusted loss = 0.213  adv prob = 0.250000   acc = 0.925
  waterbird_complete50 = 1, forest2water2 = 1  [n = 59]:	loss = 0.195  exp loss = 0.149  adjusted loss = 0.149  adv prob = 0.250000   acc = 0.898

Validation:
Average incurred loss: 0.595  
Average sample loss: 0.587  
Average acc: 0.907  
  waterbird_complete50 = 0, forest2water2 = 0  [n = 465]:	loss = 0.000  exp loss = 0.000  adjusted loss = 0.000  adv prob = 0.250000   acc = 1.000
  waterbird_complete50 = 0, forest2water2 = 1  [n = 466]:	loss = 0.011  exp loss = 0.010  adjusted loss = 0.010  adv prob = 0.250000   acc = 0.994
  waterbird_complete50 = 1, forest2water2 = 0  [n = 134]:	loss = 2.836  exp loss = 3.257  adjusted loss = 3.257  adv prob = 0.250000   acc = 0.582
  waterbird_complete50 = 1, forest2water2 = 1  [n = 134]:	loss = 2.449  exp loss = 2.433  adjusted loss = 2.433  adv prob = 0.250000   acc = 0.604
Current lr: 0.000010
Current validation accuracy: 0.5820895433425903


Epoch [60]:
Training:
Average incurred loss: 0.056  
Average sample loss: 0.053  
Average acc: 0.973  
  waterbird_complete50 = 0, forest2water2 = 0  [n = 53]:	loss = 0.000  exp loss = 0.000  adjusted loss = 0.000  adv prob = 0.250000   acc = 1.000
  waterbird_complete50 = 0, forest2water2 = 1  [n = 54]:	loss = 0.000  exp loss = 0.000  adjusted loss = 0.000  adv prob = 0.250000   acc = 1.000
  waterbird_complete50 = 1, forest2water2 = 0  [n = 66]:	loss = 0.116  exp loss = 0.175  adjusted loss = 0.175  adv prob = 0.250000   acc = 0.924
  waterbird_complete50 = 1, forest2water2 = 1  [n = 51]:	loss = 0.097  exp loss = 0.130  adjusted loss = 0.130  adv prob = 0.250000   acc = 0.980

Validation:
Average incurred loss: 0.610  
Average sample loss: 0.602  
Average acc: 0.907  
  waterbird_complete50 = 0, forest2water2 = 0  [n = 465]:	loss = 0.000  exp loss = 0.000  adjusted loss = 0.000  adv prob = 0.250000   acc = 1.000
  waterbird_complete50 = 0, forest2water2 = 1  [n = 466]:	loss = 0.010  exp loss = 0.008  adjusted loss = 0.008  adv prob = 0.250000   acc = 0.996
  waterbird_complete50 = 1, forest2water2 = 0  [n = 134]:	loss = 2.928  exp loss = 3.346  adjusted loss = 3.346  adv prob = 0.250000   acc = 0.582
  waterbird_complete50 = 1, forest2water2 = 1  [n = 134]:	loss = 2.497  exp loss = 2.490  adjusted loss = 2.490  adv prob = 0.250000   acc = 0.597
Current lr: 0.000010
Current validation accuracy: 0.5820895433425903


Epoch [61]:
Training:
Average incurred loss: 0.086  
Average sample loss: 0.077  
Average acc: 0.951  
  waterbird_complete50 = 0, forest2water2 = 0  [n = 61]:	loss = 0.000  exp loss = 0.000  adjusted loss = 0.000  adv prob = 0.250000   acc = 1.000
  waterbird_complete50 = 0, forest2water2 = 1  [n = 49]:	loss = 0.000  exp loss = 0.000  adjusted loss = 0.000  adv prob = 0.250000   acc = 1.000
  waterbird_complete50 = 1, forest2water2 = 0  [n = 66]:	loss = 0.238  exp loss = 0.168  adjusted loss = 0.168  adv prob = 0.250000   acc = 0.864
  waterbird_complete50 = 1, forest2water2 = 1  [n = 48]:	loss = 0.074  exp loss = 0.105  adjusted loss = 0.105  adv prob = 0.250000   acc = 0.958

Validation:
Average incurred loss: 0.590  
Average sample loss: 0.581  
Average acc: 0.907  
  waterbird_complete50 = 0, forest2water2 = 0  [n = 465]:	loss = 0.001  exp loss = 0.000  adjusted loss = 0.000  adv prob = 0.250000   acc = 1.000
  waterbird_complete50 = 0, forest2water2 = 1  [n = 466]:	loss = 0.011  exp loss = 0.009  adjusted loss = 0.009  adv prob = 0.250000   acc = 0.996
  waterbird_complete50 = 1, forest2water2 = 0  [n = 134]:	loss = 2.834  exp loss = 3.241  adjusted loss = 3.241  adv prob = 0.250000   acc = 0.582
  waterbird_complete50 = 1, forest2water2 = 1  [n = 134]:	loss = 2.403  exp loss = 2.393  adjusted loss = 2.393  adv prob = 0.250000   acc = 0.597
Current lr: 0.000010
Current validation accuracy: 0.5820895433425903


Epoch [62]:
Training:
Average incurred loss: 0.027  
Average sample loss: 0.024  
Average acc: 0.996  
  waterbird_complete50 = 0, forest2water2 = 0  [n = 54]:	loss = 0.000  exp loss = 0.000  adjusted loss = 0.000  adv prob = 0.250000   acc = 1.000
  waterbird_complete50 = 0, forest2water2 = 1  [n = 60]:	loss = 0.000  exp loss = 0.000  adjusted loss = 0.000  adv prob = 0.250000   acc = 1.000
  waterbird_complete50 = 1, forest2water2 = 0  [n = 50]:	loss = 0.054  exp loss = 0.125  adjusted loss = 0.125  adv prob = 0.250000   acc = 0.980
  waterbird_complete50 = 1, forest2water2 = 1  [n = 60]:	loss = 0.056  exp loss = 0.082  adjusted loss = 0.082  adv prob = 0.250000   acc = 1.000

Validation:
Average incurred loss: 0.551  
Average sample loss: 0.543  
Average acc: 0.912  
  waterbird_complete50 = 0, forest2water2 = 0  [n = 465]:	loss = 0.001  exp loss = 0.000  adjusted loss = 0.000  adv prob = 0.250000   acc = 1.000
  waterbird_complete50 = 0, forest2water2 = 1  [n = 466]:	loss = 0.013  exp loss = 0.012  adjusted loss = 0.012  adv prob = 0.250000   acc = 0.994
  waterbird_complete50 = 1, forest2water2 = 0  [n = 134]:	loss = 2.642  exp loss = 2.983  adjusted loss = 2.983  adv prob = 0.250000   acc = 0.597
  waterbird_complete50 = 1, forest2water2 = 1  [n = 134]:	loss = 2.235  exp loss = 2.222  adjusted loss = 2.222  adv prob = 0.250000   acc = 0.642
Current lr: 0.000010
Current validation accuracy: 0.5970149636268616


Epoch [63]:
Training:
Average incurred loss: 0.080  
Average sample loss: 0.081  
Average acc: 0.973  
  waterbird_complete50 = 0, forest2water2 = 0  [n = 61]:	loss = 0.000  exp loss = 0.000  adjusted loss = 0.000  adv prob = 0.250000   acc = 1.000
  waterbird_complete50 = 0, forest2water2 = 1  [n = 47]:	loss = 0.000  exp loss = 0.000  adjusted loss = 0.000  adv prob = 0.250000   acc = 1.000
  waterbird_complete50 = 1, forest2water2 = 0  [n = 54]:	loss = 0.194  exp loss = 0.151  adjusted loss = 0.151  adv prob = 0.250000   acc = 0.926
  waterbird_complete50 = 1, forest2water2 = 1  [n = 62]:	loss = 0.120  exp loss = 0.091  adjusted loss = 0.091  adv prob = 0.250000   acc = 0.968

Validation:
Average incurred loss: 0.584  
Average sample loss: 0.575  
Average acc: 0.906  
  waterbird_complete50 = 0, forest2water2 = 0  [n = 465]:	loss = 0.001  exp loss = 0.000  adjusted loss = 0.000  adv prob = 0.250000   acc = 1.000
  waterbird_complete50 = 0, forest2water2 = 1  [n = 466]:	loss = 0.012  exp loss = 0.011  adjusted loss = 0.011  adv prob = 0.250000   acc = 0.994
  waterbird_complete50 = 1, forest2water2 = 0  [n = 134]:	loss = 2.786  exp loss = 3.191  adjusted loss = 3.191  adv prob = 0.250000   acc = 0.582
  waterbird_complete50 = 1, forest2water2 = 1  [n = 134]:	loss = 2.390  exp loss = 2.382  adjusted loss = 2.382  adv prob = 0.250000   acc = 0.597
Current lr: 0.000010
Current validation accuracy: 0.5820895433425903


Epoch [64]:
Training:
Average incurred loss: 0.107  
Average sample loss: 0.093  
Average acc: 0.955  
  waterbird_complete50 = 0, forest2water2 = 0  [n = 53]:	loss = 0.000  exp loss = 0.000  adjusted loss = 0.000  adv prob = 0.250000   acc = 1.000
  waterbird_complete50 = 0, forest2water2 = 1  [n = 52]:	loss = 0.000  exp loss = 0.000  adjusted loss = 0.000  adv prob = 0.250000   acc = 1.000
  waterbird_complete50 = 1, forest2water2 = 0  [n = 62]:	loss = 0.271  exp loss = 0.165  adjusted loss = 0.165  adv prob = 0.250000   acc = 0.871
  waterbird_complete50 = 1, forest2water2 = 1  [n = 57]:	loss = 0.125  exp loss = 0.092  adjusted loss = 0.092  adv prob = 0.250000   acc = 0.965

Validation:
Average incurred loss: 0.589  
Average sample loss: 0.581  
Average acc: 0.906  
  waterbird_complete50 = 0, forest2water2 = 0  [n = 465]:	loss = 0.001  exp loss = 0.000  adjusted loss = 0.000  adv prob = 0.250000   acc = 1.000
  waterbird_complete50 = 0, forest2water2 = 1  [n = 466]:	loss = 0.011  exp loss = 0.010  adjusted loss = 0.010  adv prob = 0.250000   acc = 0.994
  waterbird_complete50 = 1, forest2water2 = 0  [n = 134]:	loss = 2.810  exp loss = 3.216  adjusted loss = 3.216  adv prob = 0.250000   acc = 0.582
  waterbird_complete50 = 1, forest2water2 = 1  [n = 134]:	loss = 2.422  exp loss = 2.401  adjusted loss = 2.401  adv prob = 0.250000   acc = 0.597
Current lr: 0.000010
Current validation accuracy: 0.5820895433425903


Epoch [65]:
Training:
Average incurred loss: 0.026  
Average sample loss: 0.029  
Average acc: 0.991  
  waterbird_complete50 = 0, forest2water2 = 0  [n = 60]:	loss = 0.000  exp loss = 0.000  adjusted loss = 0.000  adv prob = 0.250000   acc = 1.000
  waterbird_complete50 = 0, forest2water2 = 1  [n = 55]:	loss = 0.000  exp loss = 0.000  adjusted loss = 0.000  adv prob = 0.250000   acc = 1.000
  waterbird_complete50 = 1, forest2water2 = 0  [n = 63]:	loss = 0.056  exp loss = 0.130  adjusted loss = 0.130  adv prob = 0.250000   acc = 0.984
  waterbird_complete50 = 1, forest2water2 = 1  [n = 46]:	loss = 0.050  exp loss = 0.080  adjusted loss = 0.080  adv prob = 0.250000   acc = 0.978

Validation:
Average incurred loss: 0.600  
Average sample loss: 0.591  
Average acc: 0.906  
  waterbird_complete50 = 0, forest2water2 = 0  [n = 465]:	loss = 0.000  exp loss = 0.000  adjusted loss = 0.000  adv prob = 0.250000   acc = 1.000
  waterbird_complete50 = 0, forest2water2 = 1  [n = 466]:	loss = 0.010  exp loss = 0.009  adjusted loss = 0.009  adv prob = 0.250000   acc = 0.994
  waterbird_complete50 = 1, forest2water2 = 0  [n = 134]:	loss = 2.860  exp loss = 3.284  adjusted loss = 3.284  adv prob = 0.250000   acc = 0.582
  waterbird_complete50 = 1, forest2water2 = 1  [n = 134]:	loss = 2.469  exp loss = 2.454  adjusted loss = 2.454  adv prob = 0.250000   acc = 0.597
Current lr: 0.000010
Current validation accuracy: 0.5820895433425903


Epoch [66]:
Training:
Average incurred loss: 0.056  
Average sample loss: 0.067  
Average acc: 0.991  
  waterbird_complete50 = 0, forest2water2 = 0  [n = 60]:	loss = 0.000  exp loss = 0.000  adjusted loss = 0.000  adv prob = 0.250000   acc = 1.000
  waterbird_complete50 = 0, forest2water2 = 1  [n = 51]:	loss = 0.000  exp loss = 0.000  adjusted loss = 0.000  adv prob = 0.250000   acc = 1.000
  waterbird_complete50 = 1, forest2water2 = 0  [n = 49]:	loss = 0.193  exp loss = 0.169  adjusted loss = 0.169  adv prob = 0.250000   acc = 0.959
  waterbird_complete50 = 1, forest2water2 = 1  [n = 64]:	loss = 0.049  exp loss = 0.066  adjusted loss = 0.066  adv prob = 0.250000   acc = 1.000

Validation:
Average incurred loss: 0.612  
Average sample loss: 0.603  
Average acc: 0.906  
  waterbird_complete50 = 0, forest2water2 = 0  [n = 465]:	loss = 0.000  exp loss = 0.000  adjusted loss = 0.000  adv prob = 0.250000   acc = 1.000
  waterbird_complete50 = 0, forest2water2 = 1  [n = 466]:	loss = 0.010  exp loss = 0.009  adjusted loss = 0.009  adv prob = 0.250000   acc = 0.996
  waterbird_complete50 = 1, forest2water2 = 0  [n = 134]:	loss = 2.926  exp loss = 3.381  adjusted loss = 3.381  adv prob = 0.250000   acc = 0.575
  waterbird_complete50 = 1, forest2water2 = 1  [n = 134]:	loss = 2.514  exp loss = 2.502  adjusted loss = 2.502  adv prob = 0.250000   acc = 0.597
Current lr: 0.000010
Current validation accuracy: 0.5746268033981323


Epoch [67]:
Training:
Average incurred loss: 0.051  
Average sample loss: 0.047  
Average acc: 0.987  
  waterbird_complete50 = 0, forest2water2 = 0  [n = 63]:	loss = 0.000  exp loss = 0.000  adjusted loss = 0.000  adv prob = 0.250000   acc = 1.000
  waterbird_complete50 = 0, forest2water2 = 1  [n = 47]:	loss = 0.000  exp loss = 0.000  adjusted loss = 0.000  adv prob = 0.250000   acc = 1.000
  waterbird_complete50 = 1, forest2water2 = 0  [n = 55]:	loss = 0.081  exp loss = 0.136  adjusted loss = 0.136  adv prob = 0.250000   acc = 0.982
  waterbird_complete50 = 1, forest2water2 = 1  [n = 59]:	loss = 0.117  exp loss = 0.083  adjusted loss = 0.083  adv prob = 0.250000   acc = 0.966

Validation:
Average incurred loss: 0.611  
Average sample loss: 0.602  
Average acc: 0.907  
  waterbird_complete50 = 0, forest2water2 = 0  [n = 465]:	loss = 0.000  exp loss = 0.000  adjusted loss = 0.000  adv prob = 0.250000   acc = 1.000
  waterbird_complete50 = 0, forest2water2 = 1  [n = 466]:	loss = 0.010  exp loss = 0.009  adjusted loss = 0.009  adv prob = 0.250000   acc = 0.996
  waterbird_complete50 = 1, forest2water2 = 0  [n = 134]:	loss = 2.917  exp loss = 3.333  adjusted loss = 3.333  adv prob = 0.250000   acc = 0.582
  waterbird_complete50 = 1, forest2water2 = 1  [n = 134]:	loss = 2.512  exp loss = 2.506  adjusted loss = 2.506  adv prob = 0.250000   acc = 0.597
Current lr: 0.000010
Current validation accuracy: 0.5820895433425903


Epoch [68]:
Training:
Average incurred loss: 0.163  
Average sample loss: 0.172  
Average acc: 0.920  
  waterbird_complete50 = 0, forest2water2 = 0  [n = 53]:	loss = 0.000  exp loss = 0.000  adjusted loss = 0.000  adv prob = 0.250000   acc = 1.000
  waterbird_complete50 = 0, forest2water2 = 1  [n = 52]:	loss = 0.000  exp loss = 0.000  adjusted loss = 0.000  adv prob = 0.250000   acc = 1.000
  waterbird_complete50 = 1, forest2water2 = 0  [n = 62]:	loss = 0.375  exp loss = 0.212  adjusted loss = 0.212  adv prob = 0.250000   acc = 0.855
  waterbird_complete50 = 1, forest2water2 = 1  [n = 57]:	loss = 0.234  exp loss = 0.127  adjusted loss = 0.127  adv prob = 0.250000   acc = 0.842

Validation:
Average incurred loss: 0.630  
Average sample loss: 0.622  
Average acc: 0.907  
  waterbird_complete50 = 0, forest2water2 = 0  [n = 465]:	loss = 0.000  exp loss = 0.000  adjusted loss = 0.000  adv prob = 0.250000   acc = 1.000
  waterbird_complete50 = 0, forest2water2 = 1  [n = 466]:	loss = 0.010  exp loss = 0.008  adjusted loss = 0.008  adv prob = 0.250000   acc = 0.998
  waterbird_complete50 = 1, forest2water2 = 0  [n = 134]:	loss = 2.994  exp loss = 3.440  adjusted loss = 3.440  adv prob = 0.250000   acc = 0.575
  waterbird_complete50 = 1, forest2water2 = 1  [n = 134]:	loss = 2.612  exp loss = 2.596  adjusted loss = 2.596  adv prob = 0.250000   acc = 0.597
Current lr: 0.000010
Current validation accuracy: 0.5746268033981323


Epoch [69]:
Training:
Average incurred loss: 0.145  
Average sample loss: 0.130  
Average acc: 0.933  
  waterbird_complete50 = 0, forest2water2 = 0  [n = 59]:	loss = 0.000  exp loss = 0.000  adjusted loss = 0.000  adv prob = 0.250000   acc = 1.000
  waterbird_complete50 = 0, forest2water2 = 1  [n = 46]:	loss = 0.000  exp loss = 0.000  adjusted loss = 0.000  adv prob = 0.250000   acc = 1.000
  waterbird_complete50 = 1, forest2water2 = 0  [n = 52]:	loss = 0.193  exp loss = 0.195  adjusted loss = 0.195  adv prob = 0.250000   acc = 0.923
  waterbird_complete50 = 1, forest2water2 = 1  [n = 67]:	loss = 0.335  exp loss = 0.176  adjusted loss = 0.176  adv prob = 0.250000   acc = 0.836

Validation:
Average incurred loss: 0.654  
Average sample loss: 0.645  
Average acc: 0.904  
  waterbird_complete50 = 0, forest2water2 = 0  [n = 465]:	loss = 0.000  exp loss = 0.000  adjusted loss = 0.000  adv prob = 0.250000   acc = 1.000
  waterbird_complete50 = 0, forest2water2 = 1  [n = 466]:	loss = 0.009  exp loss = 0.008  adjusted loss = 0.008  adv prob = 0.250000   acc = 0.998
  waterbird_complete50 = 1, forest2water2 = 0  [n = 134]:	loss = 3.098  exp loss = 3.573  adjusted loss = 3.573  adv prob = 0.250000   acc = 0.575
  waterbird_complete50 = 1, forest2water2 = 1  [n = 134]:	loss = 2.721  exp loss = 2.709  adjusted loss = 2.709  adv prob = 0.250000   acc = 0.575
Current lr: 0.000010
Current validation accuracy: 0.5746268033981323


Epoch [70]:
Training:
Average incurred loss: 0.175  
Average sample loss: 0.165  
Average acc: 0.924  
  waterbird_complete50 = 0, forest2water2 = 0  [n = 39]:	loss = 0.000  exp loss = 0.000  adjusted loss = 0.000  adv prob = 0.250000   acc = 1.000
  waterbird_complete50 = 0, forest2water2 = 1  [n = 61]:	loss = 0.000  exp loss = 0.000  adjusted loss = 0.000  adv prob = 0.250000   acc = 1.000
  waterbird_complete50 = 1, forest2water2 = 0  [n = 60]:	loss = 0.315  exp loss = 0.229  adjusted loss = 0.229  adv prob = 0.250000   acc = 0.850
  waterbird_complete50 = 1, forest2water2 = 1  [n = 64]:	loss = 0.319  exp loss = 0.217  adjusted loss = 0.217  adv prob = 0.250000   acc = 0.875

Validation:
Average incurred loss: 0.694  
Average sample loss: 0.685  
Average acc: 0.899  
  waterbird_complete50 = 0, forest2water2 = 0  [n = 465]:	loss = 0.000  exp loss = 0.000  adjusted loss = 0.000  adv prob = 0.250000   acc = 1.000
  waterbird_complete50 = 0, forest2water2 = 1  [n = 466]:	loss = 0.007  exp loss = 0.006  adjusted loss = 0.006  adv prob = 0.250000   acc = 0.998
  waterbird_complete50 = 1, forest2water2 = 0  [n = 134]:	loss = 3.274  exp loss = 3.792  adjusted loss = 3.792  adv prob = 0.250000   acc = 0.575
  waterbird_complete50 = 1, forest2water2 = 1  [n = 134]:	loss = 2.916  exp loss = 2.898  adjusted loss = 2.898  adv prob = 0.250000   acc = 0.530
Current lr: 0.000010
Current validation accuracy: 0.5298507213592529


Epoch [71]:
Training:
Average incurred loss: 0.176  
Average sample loss: 0.154  
Average acc: 0.933  
  waterbird_complete50 = 0, forest2water2 = 0  [n = 58]:	loss = 0.000  exp loss = 0.000  adjusted loss = 0.000  adv prob = 0.250000   acc = 1.000
  waterbird_complete50 = 0, forest2water2 = 1  [n = 42]:	loss = 0.000  exp loss = 0.000  adjusted loss = 0.000  adv prob = 0.250000   acc = 1.000
  waterbird_complete50 = 1, forest2water2 = 0  [n = 62]:	loss = 0.456  exp loss = 0.248  adjusted loss = 0.248  adv prob = 0.250000   acc = 0.839
  waterbird_complete50 = 1, forest2water2 = 1  [n = 62]:	loss = 0.178  exp loss = 0.193  adjusted loss = 0.193  adv prob = 0.250000   acc = 0.919

Validation:
Average incurred loss: 0.679  
Average sample loss: 0.669  
Average acc: 0.901  
  waterbird_complete50 = 0, forest2water2 = 0  [n = 465]:	loss = 0.000  exp loss = 0.000  adjusted loss = 0.000  adv prob = 0.250000   acc = 1.000
  waterbird_complete50 = 0, forest2water2 = 1  [n = 466]:	loss = 0.008  exp loss = 0.007  adjusted loss = 0.007  adv prob = 0.250000   acc = 0.998
  waterbird_complete50 = 1, forest2water2 = 0  [n = 134]:	loss = 3.227  exp loss = 3.724  adjusted loss = 3.724  adv prob = 0.250000   acc = 0.575
  waterbird_complete50 = 1, forest2water2 = 1  [n = 134]:	loss = 2.818  exp loss = 2.799  adjusted loss = 2.799  adv prob = 0.250000   acc = 0.545
Current lr: 0.000010
Current validation accuracy: 0.5447760820388794


Epoch [72]:
Training:
Average incurred loss: 0.014  
Average sample loss: 0.012  
Average acc: 1.000  
  waterbird_complete50 = 0, forest2water2 = 0  [n = 56]:	loss = 0.000  exp loss = 0.000  adjusted loss = 0.000  adv prob = 0.250000   acc = 1.000
  waterbird_complete50 = 0, forest2water2 = 1  [n = 62]:	loss = 0.000  exp loss = 0.000  adjusted loss = 0.000  adv prob = 0.250000   acc = 1.000
  waterbird_complete50 = 1, forest2water2 = 0  [n = 61]:	loss = 0.023  exp loss = 0.168  adjusted loss = 0.168  adv prob = 0.250000   acc = 1.000
  waterbird_complete50 = 1, forest2water2 = 1  [n = 45]:	loss = 0.039  exp loss = 0.137  adjusted loss = 0.137  adv prob = 0.250000   acc = 1.000

Validation:
Average incurred loss: 0.595  
Average sample loss: 0.586  
Average acc: 0.907  
  waterbird_complete50 = 0, forest2water2 = 0  [n = 465]:	loss = 0.000  exp loss = 0.000  adjusted loss = 0.000  adv prob = 0.250000   acc = 1.000
  waterbird_complete50 = 0, forest2water2 = 1  [n = 466]:	loss = 0.011  exp loss = 0.010  adjusted loss = 0.010  adv prob = 0.250000   acc = 0.996
  waterbird_complete50 = 1, forest2water2 = 0  [n = 134]:	loss = 2.840  exp loss = 3.258  adjusted loss = 3.258  adv prob = 0.250000   acc = 0.582
  waterbird_complete50 = 1, forest2water2 = 1  [n = 134]:	loss = 2.439  exp loss = 2.432  adjusted loss = 2.432  adv prob = 0.250000   acc = 0.604
Current lr: 0.000010
Current validation accuracy: 0.5820895433425903


Epoch [73]:
Training:
Average incurred loss: 0.040  
Average sample loss: 0.036  
Average acc: 0.991  
  waterbird_complete50 = 0, forest2water2 = 0  [n = 61]:	loss = 0.000  exp loss = 0.000  adjusted loss = 0.000  adv prob = 0.250000   acc = 1.000
  waterbird_complete50 = 0, forest2water2 = 1  [n = 63]:	loss = 0.000  exp loss = 0.000  adjusted loss = 0.000  adv prob = 0.250000   acc = 1.000
  waterbird_complete50 = 1, forest2water2 = 0  [n = 50]:	loss = 0.116  exp loss = 0.136  adjusted loss = 0.136  adv prob = 0.250000   acc = 0.980
  waterbird_complete50 = 1, forest2water2 = 1  [n = 50]:	loss = 0.062  exp loss = 0.114  adjusted loss = 0.114  adv prob = 0.250000   acc = 0.980

Validation:
Average incurred loss: 0.561  
Average sample loss: 0.553  
Average acc: 0.909  
  waterbird_complete50 = 0, forest2water2 = 0  [n = 465]:	loss = 0.001  exp loss = 0.000  adjusted loss = 0.000  adv prob = 0.250000   acc = 1.000
  waterbird_complete50 = 0, forest2water2 = 1  [n = 466]:	loss = 0.014  exp loss = 0.012  adjusted loss = 0.012  adv prob = 0.250000   acc = 0.994
  waterbird_complete50 = 1, forest2water2 = 0  [n = 134]:	loss = 2.683  exp loss = 3.057  adjusted loss = 3.057  adv prob = 0.250000   acc = 0.590
  waterbird_complete50 = 1, forest2water2 = 1  [n = 134]:	loss = 2.287  exp loss = 2.280  adjusted loss = 2.280  adv prob = 0.250000   acc = 0.619
Current lr: 0.000010
Current validation accuracy: 0.5895521640777588


Epoch [74]:
Training:
Average incurred loss: 0.013  
Average sample loss: 0.015  
Average acc: 1.000  
  waterbird_complete50 = 0, forest2water2 = 0  [n = 62]:	loss = 0.000  exp loss = 0.000  adjusted loss = 0.000  adv prob = 0.250000   acc = 1.000
  waterbird_complete50 = 0, forest2water2 = 1  [n = 53]:	loss = 0.000  exp loss = 0.000  adjusted loss = 0.000  adv prob = 0.250000   acc = 1.000
  waterbird_complete50 = 1, forest2water2 = 0  [n = 53]:	loss = 0.021  exp loss = 0.098  adjusted loss = 0.098  adv prob = 0.250000   acc = 1.000
  waterbird_complete50 = 1, forest2water2 = 1  [n = 56]:	loss = 0.031  exp loss = 0.086  adjusted loss = 0.086  adv prob = 0.250000   acc = 1.000

Validation:
Average incurred loss: 0.565  
Average sample loss: 0.557  
Average acc: 0.908  
  waterbird_complete50 = 0, forest2water2 = 0  [n = 465]:	loss = 0.000  exp loss = 0.000  adjusted loss = 0.000  adv prob = 0.250000   acc = 1.000
  waterbird_complete50 = 0, forest2water2 = 1  [n = 466]:	loss = 0.012  exp loss = 0.011  adjusted loss = 0.011  adv prob = 0.250000   acc = 0.994
  waterbird_complete50 = 1, forest2water2 = 0  [n = 134]:	loss = 2.704  exp loss = 3.082  adjusted loss = 3.082  adv prob = 0.250000   acc = 0.590
  waterbird_complete50 = 1, forest2water2 = 1  [n = 134]:	loss = 2.306  exp loss = 2.305  adjusted loss = 2.305  adv prob = 0.250000   acc = 0.612
Current lr: 0.000010
Current validation accuracy: 0.5895522832870483


Epoch [75]:
Training:
Average incurred loss: 0.011  
Average sample loss: 0.009  
Average acc: 1.000  
  waterbird_complete50 = 0, forest2water2 = 0  [n = 62]:	loss = 0.000  exp loss = 0.000  adjusted loss = 0.000  adv prob = 0.250000   acc = 1.000
  waterbird_complete50 = 0, forest2water2 = 1  [n = 56]:	loss = 0.000  exp loss = 0.000  adjusted loss = 0.000  adv prob = 0.250000   acc = 1.000
  waterbird_complete50 = 1, forest2water2 = 0  [n = 49]:	loss = 0.024  exp loss = 0.069  adjusted loss = 0.069  adv prob = 0.250000   acc = 1.000
  waterbird_complete50 = 1, forest2water2 = 1  [n = 57]:	loss = 0.021  exp loss = 0.063  adjusted loss = 0.063  adv prob = 0.250000   acc = 1.000

Validation:
Average incurred loss: 0.517  
Average sample loss: 0.510  
Average acc: 0.916  
  waterbird_complete50 = 0, forest2water2 = 0  [n = 465]:	loss = 0.001  exp loss = 0.000  adjusted loss = 0.000  adv prob = 0.250000   acc = 1.000
  waterbird_complete50 = 0, forest2water2 = 1  [n = 466]:	loss = 0.016  exp loss = 0.014  adjusted loss = 0.014  adv prob = 0.250000   acc = 0.994
  waterbird_complete50 = 1, forest2water2 = 0  [n = 134]:	loss = 2.480  exp loss = 2.789  adjusted loss = 2.789  adv prob = 0.250000   acc = 0.604
  waterbird_complete50 = 1, forest2water2 = 1  [n = 134]:	loss = 2.086  exp loss = 2.088  adjusted loss = 2.088  adv prob = 0.250000   acc = 0.664
Current lr: 0.000010
Current validation accuracy: 0.6044776439666748


Epoch [76]:
Training:
Average incurred loss: 0.007  
Average sample loss: 0.006  
Average acc: 1.000  
  waterbird_complete50 = 0, forest2water2 = 0  [n = 63]:	loss = 0.000  exp loss = 0.000  adjusted loss = 0.000  adv prob = 0.250000   acc = 1.000
  waterbird_complete50 = 0, forest2water2 = 1  [n = 62]:	loss = 0.000  exp loss = 0.000  adjusted loss = 0.000  adv prob = 0.250000   acc = 1.000
  waterbird_complete50 = 1, forest2water2 = 0  [n = 53]:	loss = 0.017  exp loss = 0.051  adjusted loss = 0.051  adv prob = 0.250000   acc = 1.000
  waterbird_complete50 = 1, forest2water2 = 1  [n = 46]:	loss = 0.014  exp loss = 0.044  adjusted loss = 0.044  adv prob = 0.250000   acc = 1.000

Validation:
Average incurred loss: 0.473  
Average sample loss: 0.466  
Average acc: 0.922  
  waterbird_complete50 = 0, forest2water2 = 0  [n = 465]:	loss = 0.001  exp loss = 0.001  adjusted loss = 0.001  adv prob = 0.250000   acc = 1.000
  waterbird_complete50 = 0, forest2water2 = 1  [n = 466]:	loss = 0.021  exp loss = 0.019  adjusted loss = 0.019  adv prob = 0.250000   acc = 0.994
  waterbird_complete50 = 1, forest2water2 = 0  [n = 134]:	loss = 2.283  exp loss = 2.541  adjusted loss = 2.541  adv prob = 0.250000   acc = 0.634
  waterbird_complete50 = 1, forest2water2 = 1  [n = 134]:	loss = 1.872  exp loss = 1.889  adjusted loss = 1.889  adv prob = 0.250000   acc = 0.694
Current lr: 0.000010
Current validation accuracy: 0.6343283653259277


Epoch [77]:
Training:
Average incurred loss: 0.061  
Average sample loss: 0.095  
Average acc: 0.982  
  waterbird_complete50 = 0, forest2water2 = 0  [n = 54]:	loss = 0.000  exp loss = 0.000  adjusted loss = 0.000  adv prob = 0.250000   acc = 1.000
  waterbird_complete50 = 0, forest2water2 = 1  [n = 63]:	loss = 0.000  exp loss = 0.000  adjusted loss = 0.000  adv prob = 0.250000   acc = 1.000
  waterbird_complete50 = 1, forest2water2 = 0  [n = 57]:	loss = 0.202  exp loss = 0.159  adjusted loss = 0.159  adv prob = 0.250000   acc = 0.947
  waterbird_complete50 = 1, forest2water2 = 1  [n = 50]:	loss = 0.044  exp loss = 0.046  adjusted loss = 0.046  adv prob = 0.250000   acc = 0.980

Validation:
Average incurred loss: 0.526  
Average sample loss: 0.519  
Average acc: 0.915  
  waterbird_complete50 = 0, forest2water2 = 0  [n = 465]:	loss = 0.001  exp loss = 0.000  adjusted loss = 0.000  adv prob = 0.250000   acc = 1.000
  waterbird_complete50 = 0, forest2water2 = 1  [n = 466]:	loss = 0.016  exp loss = 0.014  adjusted loss = 0.014  adv prob = 0.250000   acc = 0.994
  waterbird_complete50 = 1, forest2water2 = 0  [n = 134]:	loss = 2.521  exp loss = 2.842  adjusted loss = 2.842  adv prob = 0.250000   acc = 0.612
  waterbird_complete50 = 1, forest2water2 = 1  [n = 134]:	loss = 2.129  exp loss = 2.126  adjusted loss = 2.126  adv prob = 0.250000   acc = 0.649
Current lr: 0.000010
Current validation accuracy: 0.6119402647018433


Epoch [78]:
Training:
Average incurred loss: 0.115  
Average sample loss: 0.144  
Average acc: 0.946  
  waterbird_complete50 = 0, forest2water2 = 0  [n = 48]:	loss = 0.000  exp loss = 0.000  adjusted loss = 0.000  adv prob = 0.250000   acc = 1.000
  waterbird_complete50 = 0, forest2water2 = 1  [n = 55]:	loss = 0.000  exp loss = 0.000  adjusted loss = 0.000  adv prob = 0.250000   acc = 1.000
  waterbird_complete50 = 1, forest2water2 = 0  [n = 68]:	loss = 0.320  exp loss = 0.231  adjusted loss = 0.231  adv prob = 0.250000   acc = 0.853
  waterbird_complete50 = 1, forest2water2 = 1  [n = 53]:	loss = 0.076  exp loss = 0.067  adjusted loss = 0.067  adv prob = 0.250000   acc = 0.962

Validation:
Average incurred loss: 0.578  
Average sample loss: 0.570  
Average acc: 0.908  
  waterbird_complete50 = 0, forest2water2 = 0  [n = 465]:	loss = 0.001  exp loss = 0.000  adjusted loss = 0.000  adv prob = 0.250000   acc = 1.000
  waterbird_complete50 = 0, forest2water2 = 1  [n = 466]:	loss = 0.012  exp loss = 0.010  adjusted loss = 0.010  adv prob = 0.250000   acc = 0.996
  waterbird_complete50 = 1, forest2water2 = 0  [n = 134]:	loss = 2.764  exp loss = 3.155  adjusted loss = 3.155  adv prob = 0.250000   acc = 0.590
  waterbird_complete50 = 1, forest2water2 = 1  [n = 134]:	loss = 2.363  exp loss = 2.343  adjusted loss = 2.343  adv prob = 0.250000   acc = 0.604
Current lr: 0.000010
Current validation accuracy: 0.5895522832870483


Epoch [79]:
Training:
Average incurred loss: 0.038  
Average sample loss: 0.057  
Average acc: 0.987  
  waterbird_complete50 = 0, forest2water2 = 0  [n = 50]:	loss = 0.000  exp loss = 0.000  adjusted loss = 0.000  adv prob = 0.250000   acc = 1.000
  waterbird_complete50 = 0, forest2water2 = 1  [n = 64]:	loss = 0.000  exp loss = 0.000  adjusted loss = 0.000  adv prob = 0.250000   acc = 1.000
  waterbird_complete50 = 1, forest2water2 = 0  [n = 54]:	loss = 0.112  exp loss = 0.204  adjusted loss = 0.204  adv prob = 0.250000   acc = 0.963
  waterbird_complete50 = 1, forest2water2 = 1  [n = 56]:	loss = 0.044  exp loss = 0.063  adjusted loss = 0.063  adv prob = 0.250000   acc = 0.982

Validation:
Average incurred loss: 0.575  
Average sample loss: 0.567  
Average acc: 0.908  
  waterbird_complete50 = 0, forest2water2 = 0  [n = 465]:	loss = 0.000  exp loss = 0.000  adjusted loss = 0.000  adv prob = 0.250000   acc = 1.000
  waterbird_complete50 = 0, forest2water2 = 1  [n = 466]:	loss = 0.012  exp loss = 0.011  adjusted loss = 0.011  adv prob = 0.250000   acc = 0.994
  waterbird_complete50 = 1, forest2water2 = 0  [n = 134]:	loss = 2.762  exp loss = 3.147  adjusted loss = 3.147  adv prob = 0.250000   acc = 0.590
  waterbird_complete50 = 1, forest2water2 = 1  [n = 134]:	loss = 2.343  exp loss = 2.338  adjusted loss = 2.338  adv prob = 0.250000   acc = 0.612
Current lr: 0.000010
Current validation accuracy: 0.5895522832870483


Epoch [80]:
Training:
Average incurred loss: 0.124  
Average sample loss: 0.109  
Average acc: 0.946  
  waterbird_complete50 = 0, forest2water2 = 0  [n = 46]:	loss = 0.000  exp loss = 0.000  adjusted loss = 0.000  adv prob = 0.250000   acc = 1.000
  waterbird_complete50 = 0, forest2water2 = 1  [n = 53]:	loss = 0.000  exp loss = 0.000  adjusted loss = 0.000  adv prob = 0.250000   acc = 1.000
  waterbird_complete50 = 1, forest2water2 = 0  [n = 67]:	loss = 0.165  exp loss = 0.180  adjusted loss = 0.180  adv prob = 0.250000   acc = 0.925
  waterbird_complete50 = 1, forest2water2 = 1  [n = 58]:	loss = 0.288  exp loss = 0.132  adjusted loss = 0.132  adv prob = 0.250000   acc = 0.879

Validation:
Average incurred loss: 0.608  
Average sample loss: 0.599  
Average acc: 0.906  
  waterbird_complete50 = 0, forest2water2 = 0  [n = 465]:	loss = 0.000  exp loss = 0.000  adjusted loss = 0.000  adv prob = 0.250000   acc = 1.000
  waterbird_complete50 = 0, forest2water2 = 1  [n = 466]:	loss = 0.010  exp loss = 0.008  adjusted loss = 0.008  adv prob = 0.250000   acc = 0.996
  waterbird_complete50 = 1, forest2water2 = 0  [n = 134]:	loss = 2.901  exp loss = 3.317  adjusted loss = 3.317  adv prob = 0.250000   acc = 0.582
  waterbird_complete50 = 1, forest2water2 = 1  [n = 134]:	loss = 2.501  exp loss = 2.490  adjusted loss = 2.490  adv prob = 0.250000   acc = 0.590
Current lr: 0.000010
Current validation accuracy: 0.5820895433425903


Epoch [81]:
Training:
Average incurred loss: 0.008  
Average sample loss: 0.013  
Average acc: 1.000  
  waterbird_complete50 = 0, forest2water2 = 0  [n = 71]:	loss = 0.000  exp loss = 0.000  adjusted loss = 0.000  adv prob = 0.250000   acc = 1.000
  waterbird_complete50 = 0, forest2water2 = 1  [n = 54]:	loss = 0.000  exp loss = 0.000  adjusted loss = 0.000  adv prob = 0.250000   acc = 1.000
  waterbird_complete50 = 1, forest2water2 = 0  [n = 55]:	loss = 0.014  exp loss = 0.125  adjusted loss = 0.125  adv prob = 0.250000   acc = 1.000
  waterbird_complete50 = 1, forest2water2 = 1  [n = 44]:	loss = 0.023  exp loss = 0.100  adjusted loss = 0.100  adv prob = 0.250000   acc = 1.000

Validation:
Average incurred loss: 0.543  
Average sample loss: 0.535  
Average acc: 0.910  
  waterbird_complete50 = 0, forest2water2 = 0  [n = 465]:	loss = 0.001  exp loss = 0.000  adjusted loss = 0.000  adv prob = 0.250000   acc = 1.000
  waterbird_complete50 = 0, forest2water2 = 1  [n = 466]:	loss = 0.014  exp loss = 0.012  adjusted loss = 0.012  adv prob = 0.250000   acc = 0.994
  waterbird_complete50 = 1, forest2water2 = 0  [n = 134]:	loss = 2.603  exp loss = 2.950  adjusted loss = 2.950  adv prob = 0.250000   acc = 0.590
  waterbird_complete50 = 1, forest2water2 = 1  [n = 134]:	loss = 2.202  exp loss = 2.200  adjusted loss = 2.200  adv prob = 0.250000   acc = 0.627
Current lr: 0.000010
Current validation accuracy: 0.5895522832870483


Epoch [82]:
Training:
Average incurred loss: 0.066  
Average sample loss: 0.064  
Average acc: 0.982  
  waterbird_complete50 = 0, forest2water2 = 0  [n = 48]:	loss = 0.000  exp loss = 0.000  adjusted loss = 0.000  adv prob = 0.250000   acc = 1.000
  waterbird_complete50 = 0, forest2water2 = 1  [n = 57]:	loss = 0.000  exp loss = 0.000  adjusted loss = 0.000  adv prob = 0.250000   acc = 1.000
  waterbird_complete50 = 1, forest2water2 = 0  [n = 65]:	loss = 0.125  exp loss = 0.116  adjusted loss = 0.116  adv prob = 0.250000   acc = 0.969
  waterbird_complete50 = 1, forest2water2 = 1  [n = 54]:	loss = 0.125  exp loss = 0.108  adjusted loss = 0.108  adv prob = 0.250000   acc = 0.963

Validation:
Average incurred loss: 0.590  
Average sample loss: 0.582  
Average acc: 0.906  
  waterbird_complete50 = 0, forest2water2 = 0  [n = 465]:	loss = 0.001  exp loss = 0.000  adjusted loss = 0.000  adv prob = 0.250000   acc = 1.000
  waterbird_complete50 = 0, forest2water2 = 1  [n = 466]:	loss = 0.011  exp loss = 0.010  adjusted loss = 0.010  adv prob = 0.250000   acc = 0.996
  waterbird_complete50 = 1, forest2water2 = 0  [n = 134]:	loss = 2.801  exp loss = 3.189  adjusted loss = 3.189  adv prob = 0.250000   acc = 0.582
  waterbird_complete50 = 1, forest2water2 = 1  [n = 134]:	loss = 2.436  exp loss = 2.421  adjusted loss = 2.421  adv prob = 0.250000   acc = 0.590
Current lr: 0.000010
Current validation accuracy: 0.5820895433425903


Epoch [83]:
Training:
Average incurred loss: 0.003  
Average sample loss: 0.003  
Average acc: 1.000  
  waterbird_complete50 = 0, forest2water2 = 0  [n = 59]:	loss = 0.000  exp loss = 0.000  adjusted loss = 0.000  adv prob = 0.250000   acc = 1.000
  waterbird_complete50 = 0, forest2water2 = 1  [n = 63]:	loss = 0.000  exp loss = 0.000  adjusted loss = 0.000  adv prob = 0.250000   acc = 1.000
  waterbird_complete50 = 1, forest2water2 = 0  [n = 54]:	loss = 0.008  exp loss = 0.079  adjusted loss = 0.079  adv prob = 0.250000   acc = 1.000
  waterbird_complete50 = 1, forest2water2 = 1  [n = 48]:	loss = 0.005  exp loss = 0.073  adjusted loss = 0.073  adv prob = 0.250000   acc = 1.000

Validation:
Average incurred loss: 0.543  
Average sample loss: 0.535  
Average acc: 0.911  
  waterbird_complete50 = 0, forest2water2 = 0  [n = 465]:	loss = 0.001  exp loss = 0.000  adjusted loss = 0.000  adv prob = 0.250000   acc = 1.000
  waterbird_complete50 = 0, forest2water2 = 1  [n = 466]:	loss = 0.013  exp loss = 0.012  adjusted loss = 0.012  adv prob = 0.250000   acc = 0.994
  waterbird_complete50 = 1, forest2water2 = 0  [n = 134]:	loss = 2.593  exp loss = 2.941  adjusted loss = 2.941  adv prob = 0.250000   acc = 0.590
  waterbird_complete50 = 1, forest2water2 = 1  [n = 134]:	loss = 2.217  exp loss = 2.210  adjusted loss = 2.210  adv prob = 0.250000   acc = 0.634
Current lr: 0.000010
Current validation accuracy: 0.5895522832870483


Epoch [84]:
Training:
Average incurred loss: 0.048  
Average sample loss: 0.063  
Average acc: 0.987  
  waterbird_complete50 = 0, forest2water2 = 0  [n = 64]:	loss = 0.000  exp loss = 0.000  adjusted loss = 0.000  adv prob = 0.250000   acc = 1.000
  waterbird_complete50 = 0, forest2water2 = 1  [n = 45]:	loss = 0.000  exp loss = 0.000  adjusted loss = 0.000  adv prob = 0.250000   acc = 1.000
  waterbird_complete50 = 1, forest2water2 = 0  [n = 56]:	loss = 0.139  exp loss = 0.139  adjusted loss = 0.139  adv prob = 0.250000   acc = 0.946
  waterbird_complete50 = 1, forest2water2 = 1  [n = 59]:	loss = 0.051  exp loss = 0.065  adjusted loss = 0.065  adv prob = 0.250000   acc = 1.000

Validation:
Average incurred loss: 0.582  
Average sample loss: 0.574  
Average acc: 0.907  
  waterbird_complete50 = 0, forest2water2 = 0  [n = 465]:	loss = 0.000  exp loss = 0.000  adjusted loss = 0.000  adv prob = 0.250000   acc = 1.000
  waterbird_complete50 = 0, forest2water2 = 1  [n = 466]:	loss = 0.011  exp loss = 0.010  adjusted loss = 0.010  adv prob = 0.250000   acc = 0.996
  waterbird_complete50 = 1, forest2water2 = 0  [n = 134]:	loss = 2.758  exp loss = 3.139  adjusted loss = 3.139  adv prob = 0.250000   acc = 0.582
  waterbird_complete50 = 1, forest2water2 = 1  [n = 134]:	loss = 2.412  exp loss = 2.398  adjusted loss = 2.398  adv prob = 0.250000   acc = 0.597
Current lr: 0.000010
Current validation accuracy: 0.5820895433425903


Epoch [85]:
Training:
Average incurred loss: 0.021  
Average sample loss: 0.019  
Average acc: 0.996  
  waterbird_complete50 = 0, forest2water2 = 0  [n = 62]:	loss = 0.000  exp loss = 0.000  adjusted loss = 0.000  adv prob = 0.250000   acc = 1.000
  waterbird_complete50 = 0, forest2water2 = 1  [n = 56]:	loss = 0.000  exp loss = 0.000  adjusted loss = 0.000  adv prob = 0.250000   acc = 1.000
  waterbird_complete50 = 1, forest2water2 = 0  [n = 60]:	loss = 0.036  exp loss = 0.101  adjusted loss = 0.101  adv prob = 0.250000   acc = 1.000
  waterbird_complete50 = 1, forest2water2 = 1  [n = 46]:	loss = 0.058  exp loss = 0.060  adjusted loss = 0.060  adv prob = 0.250000   acc = 0.978

Validation:
Average incurred loss: 0.528  
Average sample loss: 0.520  
Average acc: 0.914  
  waterbird_complete50 = 0, forest2water2 = 0  [n = 465]:	loss = 0.001  exp loss = 0.000  adjusted loss = 0.000  adv prob = 0.250000   acc = 1.000
  waterbird_complete50 = 0, forest2water2 = 1  [n = 466]:	loss = 0.014  exp loss = 0.012  adjusted loss = 0.012  adv prob = 0.250000   acc = 0.994
  waterbird_complete50 = 1, forest2water2 = 0  [n = 134]:	loss = 2.531  exp loss = 2.853  adjusted loss = 2.853  adv prob = 0.250000   acc = 0.604
  waterbird_complete50 = 1, forest2water2 = 1  [n = 134]:	loss = 2.138  exp loss = 2.136  adjusted loss = 2.136  adv prob = 0.250000   acc = 0.649
Current lr: 0.000010
Current validation accuracy: 0.6044776439666748


Epoch [86]:
Training:
Average incurred loss: 0.027  
Average sample loss: 0.024  
Average acc: 0.996  
  waterbird_complete50 = 0, forest2water2 = 0  [n = 55]:	loss = 0.000  exp loss = 0.000  adjusted loss = 0.000  adv prob = 0.250000   acc = 1.000
  waterbird_complete50 = 0, forest2water2 = 1  [n = 54]:	loss = 0.000  exp loss = 0.000  adjusted loss = 0.000  adv prob = 0.250000   acc = 1.000
  waterbird_complete50 = 1, forest2water2 = 0  [n = 60]:	loss = 0.045  exp loss = 0.080  adjusted loss = 0.080  adv prob = 0.250000   acc = 1.000
  waterbird_complete50 = 1, forest2water2 = 1  [n = 55]:	loss = 0.061  exp loss = 0.056  adjusted loss = 0.056  adv prob = 0.250000   acc = 0.982

Validation:
Average incurred loss: 0.550  
Average sample loss: 0.542  
Average acc: 0.910  
  waterbird_complete50 = 0, forest2water2 = 0  [n = 465]:	loss = 0.000  exp loss = 0.000  adjusted loss = 0.000  adv prob = 0.250000   acc = 1.000
  waterbird_complete50 = 0, forest2water2 = 1  [n = 466]:	loss = 0.014  exp loss = 0.012  adjusted loss = 0.012  adv prob = 0.250000   acc = 0.994
  waterbird_complete50 = 1, forest2water2 = 0  [n = 134]:	loss = 2.639  exp loss = 2.987  adjusted loss = 2.987  adv prob = 0.250000   acc = 0.582
  waterbird_complete50 = 1, forest2water2 = 1  [n = 134]:	loss = 2.231  exp loss = 2.228  adjusted loss = 2.228  adv prob = 0.250000   acc = 0.634
Current lr: 0.000010
Current validation accuracy: 0.5820895433425903


Epoch [87]:
Training:
Average incurred loss: 0.130  
Average sample loss: 0.114  
Average acc: 0.960  
  waterbird_complete50 = 0, forest2water2 = 0  [n = 50]:	loss = 0.000  exp loss = 0.000  adjusted loss = 0.000  adv prob = 0.250000   acc = 1.000
  waterbird_complete50 = 0, forest2water2 = 1  [n = 57]:	loss = 0.000  exp loss = 0.000  adjusted loss = 0.000  adv prob = 0.250000   acc = 1.000
  waterbird_complete50 = 1, forest2water2 = 0  [n = 60]:	loss = 0.136  exp loss = 0.083  adjusted loss = 0.083  adv prob = 0.250000   acc = 0.950
  waterbird_complete50 = 1, forest2water2 = 1  [n = 57]:	loss = 0.368  exp loss = 0.108  adjusted loss = 0.108  adv prob = 0.250000   acc = 0.895

Validation:
Average incurred loss: 0.578  
Average sample loss: 0.570  
Average acc: 0.907  
  waterbird_complete50 = 0, forest2water2 = 0  [n = 465]:	loss = 0.000  exp loss = 0.000  adjusted loss = 0.000  adv prob = 0.250000   acc = 1.000
  waterbird_complete50 = 0, forest2water2 = 1  [n = 466]:	loss = 0.011  exp loss = 0.010  adjusted loss = 0.010  adv prob = 0.250000   acc = 0.996
  waterbird_complete50 = 1, forest2water2 = 0  [n = 134]:	loss = 2.783  exp loss = 3.154  adjusted loss = 3.154  adv prob = 0.250000   acc = 0.582
  waterbird_complete50 = 1, forest2water2 = 1  [n = 134]:	loss = 2.353  exp loss = 2.353  adjusted loss = 2.353  adv prob = 0.250000   acc = 0.597
Current lr: 0.000010
Current validation accuracy: 0.5820895433425903


Epoch [88]:
Training:
Average incurred loss: 0.055  
Average sample loss: 0.048  
Average acc: 0.973  
  waterbird_complete50 = 0, forest2water2 = 0  [n = 53]:	loss = 0.000  exp loss = 0.000  adjusted loss = 0.000  adv prob = 0.250000   acc = 1.000
  waterbird_complete50 = 0, forest2water2 = 1  [n = 57]:	loss = 0.000  exp loss = 0.000  adjusted loss = 0.000  adv prob = 0.250000   acc = 1.000
  waterbird_complete50 = 1, forest2water2 = 0  [n = 52]:	loss = 0.118  exp loss = 0.091  adjusted loss = 0.091  adv prob = 0.250000   acc = 0.942
  waterbird_complete50 = 1, forest2water2 = 1  [n = 62]:	loss = 0.101  exp loss = 0.095  adjusted loss = 0.095  adv prob = 0.250000   acc = 0.952

Validation:
Average incurred loss: 0.550  
Average sample loss: 0.543  
Average acc: 0.912  
  waterbird_complete50 = 0, forest2water2 = 0  [n = 465]:	loss = 0.001  exp loss = 0.000  adjusted loss = 0.000  adv prob = 0.250000   acc = 1.000
  waterbird_complete50 = 0, forest2water2 = 1  [n = 466]:	loss = 0.013  exp loss = 0.012  adjusted loss = 0.012  adv prob = 0.250000   acc = 0.994
  waterbird_complete50 = 1, forest2water2 = 0  [n = 134]:	loss = 2.632  exp loss = 2.981  adjusted loss = 2.981  adv prob = 0.250000   acc = 0.597
  waterbird_complete50 = 1, forest2water2 = 1  [n = 134]:	loss = 2.243  exp loss = 2.247  adjusted loss = 2.247  adv prob = 0.250000   acc = 0.634
Current lr: 0.000010
Current validation accuracy: 0.5970149636268616


Epoch [89]:
Training:
Average incurred loss: 0.081  
Average sample loss: 0.078  
Average acc: 0.969  
  waterbird_complete50 = 0, forest2water2 = 0  [n = 54]:	loss = 0.000  exp loss = 0.000  adjusted loss = 0.000  adv prob = 0.250000   acc = 1.000
  waterbird_complete50 = 0, forest2water2 = 1  [n = 46]:	loss = 0.000  exp loss = 0.000  adjusted loss = 0.000  adv prob = 0.250000   acc = 1.000
  waterbird_complete50 = 1, forest2water2 = 0  [n = 63]:	loss = 0.127  exp loss = 0.104  adjusted loss = 0.104  adv prob = 0.250000   acc = 0.952
  waterbird_complete50 = 1, forest2water2 = 1  [n = 61]:	loss = 0.165  exp loss = 0.108  adjusted loss = 0.108  adv prob = 0.250000   acc = 0.934

Validation:
Average incurred loss: 0.607  
Average sample loss: 0.599  
Average acc: 0.907  
  waterbird_complete50 = 0, forest2water2 = 0  [n = 465]:	loss = 0.000  exp loss = 0.000  adjusted loss = 0.000  adv prob = 0.250000   acc = 1.000
  waterbird_complete50 = 0, forest2water2 = 1  [n = 466]:	loss = 0.010  exp loss = 0.009  adjusted loss = 0.009  adv prob = 0.250000   acc = 0.998
  waterbird_complete50 = 1, forest2water2 = 0  [n = 134]:	loss = 2.907  exp loss = 3.328  adjusted loss = 3.328  adv prob = 0.250000   acc = 0.575
  waterbird_complete50 = 1, forest2water2 = 1  [n = 134]:	loss = 2.491  exp loss = 2.484  adjusted loss = 2.484  adv prob = 0.250000   acc = 0.597
Current lr: 0.000010
Current validation accuracy: 0.5746268033981323


Epoch [90]:
Training:
Average incurred loss: 0.057  
Average sample loss: 0.053  
Average acc: 0.973  
  waterbird_complete50 = 0, forest2water2 = 0  [n = 54]:	loss = 0.000  exp loss = 0.000  adjusted loss = 0.000  adv prob = 0.250000   acc = 1.000
  waterbird_complete50 = 0, forest2water2 = 1  [n = 58]:	loss = 0.000  exp loss = 0.000  adjusted loss = 0.000  adv prob = 0.250000   acc = 1.000
  waterbird_complete50 = 1, forest2water2 = 0  [n = 60]:	loss = 0.179  exp loss = 0.117  adjusted loss = 0.117  adv prob = 0.250000   acc = 0.900
  waterbird_complete50 = 1, forest2water2 = 1  [n = 52]:	loss = 0.037  exp loss = 0.081  adjusted loss = 0.081  adv prob = 0.250000   acc = 1.000

Validation:
Average incurred loss: 0.592  
Average sample loss: 0.583  
Average acc: 0.907  
  waterbird_complete50 = 0, forest2water2 = 0  [n = 465]:	loss = 0.000  exp loss = 0.000  adjusted loss = 0.000  adv prob = 0.250000   acc = 1.000
  waterbird_complete50 = 0, forest2water2 = 1  [n = 466]:	loss = 0.011  exp loss = 0.010  adjusted loss = 0.010  adv prob = 0.250000   acc = 0.998
  waterbird_complete50 = 1, forest2water2 = 0  [n = 134]:	loss = 2.843  exp loss = 3.241  adjusted loss = 3.241  adv prob = 0.250000   acc = 0.582
  waterbird_complete50 = 1, forest2water2 = 1  [n = 134]:	loss = 2.413  exp loss = 2.408  adjusted loss = 2.408  adv prob = 0.250000   acc = 0.597
Current lr: 0.000010
Current validation accuracy: 0.5820895433425903


Epoch [91]:
Training:
Average incurred loss: 0.062  
Average sample loss: 0.106  
Average acc: 0.964  
  waterbird_complete50 = 0, forest2water2 = 0  [n = 63]:	loss = 0.000  exp loss = 0.000  adjusted loss = 0.000  adv prob = 0.250000   acc = 1.000
  waterbird_complete50 = 0, forest2water2 = 1  [n = 56]:	loss = 0.000  exp loss = 0.000  adjusted loss = 0.000  adv prob = 0.250000   acc = 1.000
  waterbird_complete50 = 1, forest2water2 = 0  [n = 58]:	loss = 0.164  exp loss = 0.154  adjusted loss = 0.154  adv prob = 0.250000   acc = 0.914
  waterbird_complete50 = 1, forest2water2 = 1  [n = 47]:	loss = 0.093  exp loss = 0.106  adjusted loss = 0.106  adv prob = 0.250000   acc = 0.936

Validation:
Average incurred loss: 0.574  
Average sample loss: 0.566  
Average acc: 0.911  
  waterbird_complete50 = 0, forest2water2 = 0  [n = 465]:	loss = 0.001  exp loss = 0.000  adjusted loss = 0.000  adv prob = 0.250000   acc = 1.000
  waterbird_complete50 = 0, forest2water2 = 1  [n = 466]:	loss = 0.012  exp loss = 0.011  adjusted loss = 0.011  adv prob = 0.250000   acc = 0.996
  waterbird_complete50 = 1, forest2water2 = 0  [n = 134]:	loss = 2.759  exp loss = 3.114  adjusted loss = 3.114  adv prob = 0.250000   acc = 0.590
  waterbird_complete50 = 1, forest2water2 = 1  [n = 134]:	loss = 2.335  exp loss = 2.325  adjusted loss = 2.325  adv prob = 0.250000   acc = 0.627
Current lr: 0.000010
Current validation accuracy: 0.5895521640777588


Epoch [92]:
Training:
Average incurred loss: 0.049  
Average sample loss: 0.056  
Average acc: 0.987  
  waterbird_complete50 = 0, forest2water2 = 0  [n = 67]:	loss = 0.000  exp loss = 0.000  adjusted loss = 0.000  adv prob = 0.250000   acc = 1.000
  waterbird_complete50 = 0, forest2water2 = 1  [n = 49]:	loss = 0.000  exp loss = 0.000  adjusted loss = 0.000  adv prob = 0.250000   acc = 1.000
  waterbird_complete50 = 1, forest2water2 = 0  [n = 58]:	loss = 0.142  exp loss = 0.144  adjusted loss = 0.144  adv prob = 0.250000   acc = 0.948
  waterbird_complete50 = 1, forest2water2 = 1  [n = 50]:	loss = 0.056  exp loss = 0.091  adjusted loss = 0.091  adv prob = 0.250000   acc = 1.000

Validation:
Average incurred loss: 0.567  
Average sample loss: 0.559  
Average acc: 0.910  
  waterbird_complete50 = 0, forest2water2 = 0  [n = 465]:	loss = 0.001  exp loss = 0.000  adjusted loss = 0.000  adv prob = 0.250000   acc = 1.000
  waterbird_complete50 = 0, forest2water2 = 1  [n = 466]:	loss = 0.014  exp loss = 0.012  adjusted loss = 0.012  adv prob = 0.250000   acc = 0.994
  waterbird_complete50 = 1, forest2water2 = 0  [n = 134]:	loss = 2.732  exp loss = 3.098  adjusted loss = 3.098  adv prob = 0.250000   acc = 0.590
  waterbird_complete50 = 1, forest2water2 = 1  [n = 134]:	loss = 2.288  exp loss = 2.275  adjusted loss = 2.275  adv prob = 0.250000   acc = 0.627
Current lr: 0.000010
Current validation accuracy: 0.5895521640777588


Epoch [93]:
Training:
Average incurred loss: 0.013  
Average sample loss: 0.014  
Average acc: 1.000  
  waterbird_complete50 = 0, forest2water2 = 0  [n = 62]:	loss = 0.000  exp loss = 0.000  adjusted loss = 0.000  adv prob = 0.250000   acc = 1.000
  waterbird_complete50 = 0, forest2water2 = 1  [n = 49]:	loss = 0.000  exp loss = 0.000  adjusted loss = 0.000  adv prob = 0.250000   acc = 1.000
  waterbird_complete50 = 1, forest2water2 = 0  [n = 53]:	loss = 0.028  exp loss = 0.106  adjusted loss = 0.106  adv prob = 0.250000   acc = 1.000
  waterbird_complete50 = 1, forest2water2 = 1  [n = 60]:	loss = 0.023  exp loss = 0.069  adjusted loss = 0.069  adv prob = 0.250000   acc = 1.000

Validation:
Average incurred loss: 0.566  
Average sample loss: 0.558  
Average acc: 0.908  
  waterbird_complete50 = 0, forest2water2 = 0  [n = 465]:	loss = 0.001  exp loss = 0.000  adjusted loss = 0.000  adv prob = 0.250000   acc = 1.000
  waterbird_complete50 = 0, forest2water2 = 1  [n = 466]:	loss = 0.013  exp loss = 0.012  adjusted loss = 0.012  adv prob = 0.250000   acc = 0.994
  waterbird_complete50 = 1, forest2water2 = 0  [n = 134]:	loss = 2.722  exp loss = 3.085  adjusted loss = 3.085  adv prob = 0.250000   acc = 0.590
  waterbird_complete50 = 1, forest2water2 = 1  [n = 134]:	loss = 2.296  exp loss = 2.283  adjusted loss = 2.283  adv prob = 0.250000   acc = 0.612
Current lr: 0.000010
Current validation accuracy: 0.5895521640777588


Epoch [94]:
Training:
Average incurred loss: 0.022  
Average sample loss: 0.024  
Average acc: 1.000  
  waterbird_complete50 = 0, forest2water2 = 0  [n = 52]:	loss = 0.000  exp loss = 0.000  adjusted loss = 0.000  adv prob = 0.250000   acc = 1.000
  waterbird_complete50 = 0, forest2water2 = 1  [n = 58]:	loss = 0.000  exp loss = 0.000  adjusted loss = 0.000  adv prob = 0.250000   acc = 1.000
  waterbird_complete50 = 1, forest2water2 = 0  [n = 51]:	loss = 0.023  exp loss = 0.075  adjusted loss = 0.075  adv prob = 0.250000   acc = 1.000
  waterbird_complete50 = 1, forest2water2 = 1  [n = 63]:	loss = 0.061  exp loss = 0.073  adjusted loss = 0.073  adv prob = 0.250000   acc = 1.000

Validation:
Average incurred loss: 0.583  
Average sample loss: 0.575  
Average acc: 0.907  
  waterbird_complete50 = 0, forest2water2 = 0  [n = 465]:	loss = 0.000  exp loss = 0.000  adjusted loss = 0.000  adv prob = 0.250000   acc = 1.000
  waterbird_complete50 = 0, forest2water2 = 1  [n = 466]:	loss = 0.012  exp loss = 0.011  adjusted loss = 0.011  adv prob = 0.250000   acc = 0.994
  waterbird_complete50 = 1, forest2water2 = 0  [n = 134]:	loss = 2.795  exp loss = 3.201  adjusted loss = 3.201  adv prob = 0.250000   acc = 0.582
  waterbird_complete50 = 1, forest2water2 = 1  [n = 134]:	loss = 2.379  exp loss = 2.365  adjusted loss = 2.365  adv prob = 0.250000   acc = 0.604
Current lr: 0.000010
Current validation accuracy: 0.5820895433425903


Epoch [95]:
Training:
Average incurred loss: 0.016  
Average sample loss: 0.014  
Average acc: 1.000  
  waterbird_complete50 = 0, forest2water2 = 0  [n = 64]:	loss = 0.000  exp loss = 0.000  adjusted loss = 0.000  adv prob = 0.250000   acc = 1.000
  waterbird_complete50 = 0, forest2water2 = 1  [n = 47]:	loss = 0.000  exp loss = 0.000  adjusted loss = 0.000  adv prob = 0.250000   acc = 1.000
  waterbird_complete50 = 1, forest2water2 = 0  [n = 51]:	loss = 0.041  exp loss = 0.061  adjusted loss = 0.061  adv prob = 0.250000   acc = 1.000
  waterbird_complete50 = 1, forest2water2 = 1  [n = 62]:	loss = 0.024  exp loss = 0.055  adjusted loss = 0.055  adv prob = 0.250000   acc = 1.000

Validation:
Average incurred loss: 0.562  
Average sample loss: 0.554  
Average acc: 0.908  
  waterbird_complete50 = 0, forest2water2 = 0  [n = 465]:	loss = 0.000  exp loss = 0.000  adjusted loss = 0.000  adv prob = 0.250000   acc = 1.000
  waterbird_complete50 = 0, forest2water2 = 1  [n = 466]:	loss = 0.013  exp loss = 0.012  adjusted loss = 0.012  adv prob = 0.250000   acc = 0.994
  waterbird_complete50 = 1, forest2water2 = 0  [n = 134]:	loss = 2.697  exp loss = 3.083  adjusted loss = 3.083  adv prob = 0.250000   acc = 0.582
  waterbird_complete50 = 1, forest2water2 = 1  [n = 134]:	loss = 2.287  exp loss = 2.283  adjusted loss = 2.283  adv prob = 0.250000   acc = 0.619
Current lr: 0.000010
Current validation accuracy: 0.5820895433425903


Epoch [96]:
Training:
Average incurred loss: 0.015  
Average sample loss: 0.014  
Average acc: 0.991  
  waterbird_complete50 = 0, forest2water2 = 0  [n = 58]:	loss = 0.000  exp loss = 0.000  adjusted loss = 0.000  adv prob = 0.250000   acc = 1.000
  waterbird_complete50 = 0, forest2water2 = 1  [n = 61]:	loss = 0.000  exp loss = 0.000  adjusted loss = 0.000  adv prob = 0.250000   acc = 1.000
  waterbird_complete50 = 1, forest2water2 = 0  [n = 48]:	loss = 0.014  exp loss = 0.045  adjusted loss = 0.045  adv prob = 0.250000   acc = 1.000
  waterbird_complete50 = 1, forest2water2 = 1  [n = 57]:	loss = 0.048  exp loss = 0.049  adjusted loss = 0.049  adv prob = 0.250000   acc = 0.965

Validation:
Average incurred loss: 0.537  
Average sample loss: 0.529  
Average acc: 0.914  
  waterbird_complete50 = 0, forest2water2 = 0  [n = 465]:	loss = 0.001  exp loss = 0.000  adjusted loss = 0.000  adv prob = 0.250000   acc = 1.000
  waterbird_complete50 = 0, forest2water2 = 1  [n = 466]:	loss = 0.015  exp loss = 0.014  adjusted loss = 0.014  adv prob = 0.250000   acc = 0.994
  waterbird_complete50 = 1, forest2water2 = 0  [n = 134]:	loss = 2.560  exp loss = 2.909  adjusted loss = 2.909  adv prob = 0.250000   acc = 0.612
  waterbird_complete50 = 1, forest2water2 = 1  [n = 134]:	loss = 2.188  exp loss = 2.182  adjusted loss = 2.182  adv prob = 0.250000   acc = 0.642
Current lr: 0.000010
Current validation accuracy: 0.6119402647018433


Epoch [97]:
Training:
Average incurred loss: 0.033  
Average sample loss: 0.036  
Average acc: 0.996  
  waterbird_complete50 = 0, forest2water2 = 0  [n = 49]:	loss = 0.000  exp loss = 0.000  adjusted loss = 0.000  adv prob = 0.250000   acc = 1.000
  waterbird_complete50 = 0, forest2water2 = 1  [n = 60]:	loss = 0.000  exp loss = 0.000  adjusted loss = 0.000  adv prob = 0.250000   acc = 1.000
  waterbird_complete50 = 1, forest2water2 = 0  [n = 54]:	loss = 0.112  exp loss = 0.063  adjusted loss = 0.063  adv prob = 0.250000   acc = 0.981
  waterbird_complete50 = 1, forest2water2 = 1  [n = 61]:	loss = 0.023  exp loss = 0.041  adjusted loss = 0.041  adv prob = 0.250000   acc = 1.000

Validation:
Average incurred loss: 0.549  
Average sample loss: 0.541  
Average acc: 0.912  
  waterbird_complete50 = 0, forest2water2 = 0  [n = 465]:	loss = 0.001  exp loss = 0.000  adjusted loss = 0.000  adv prob = 0.250000   acc = 1.000
  waterbird_complete50 = 0, forest2water2 = 1  [n = 466]:	loss = 0.013  exp loss = 0.012  adjusted loss = 0.012  adv prob = 0.250000   acc = 0.994
  waterbird_complete50 = 1, forest2water2 = 0  [n = 134]:	loss = 2.620  exp loss = 2.976  adjusted loss = 2.976  adv prob = 0.250000   acc = 0.597
  waterbird_complete50 = 1, forest2water2 = 1  [n = 134]:	loss = 2.243  exp loss = 2.231  adjusted loss = 2.231  adv prob = 0.250000   acc = 0.634
Current lr: 0.000010
Current validation accuracy: 0.5970149636268616


Epoch [98]:
Training:
Average incurred loss: 0.034  
Average sample loss: 0.050  
Average acc: 0.996  
  waterbird_complete50 = 0, forest2water2 = 0  [n = 60]:	loss = 0.000  exp loss = 0.000  adjusted loss = 0.000  adv prob = 0.250000   acc = 1.000
  waterbird_complete50 = 0, forest2water2 = 1  [n = 49]:	loss = 0.000  exp loss = 0.000  adjusted loss = 0.000  adv prob = 0.250000   acc = 1.000
  waterbird_complete50 = 1, forest2water2 = 0  [n = 60]:	loss = 0.068  exp loss = 0.070  adjusted loss = 0.070  adv prob = 0.250000   acc = 1.000
  waterbird_complete50 = 1, forest2water2 = 1  [n = 55]:	loss = 0.064  exp loss = 0.066  adjusted loss = 0.066  adv prob = 0.250000   acc = 0.982

Validation:
Average incurred loss: 0.570  
Average sample loss: 0.562  
Average acc: 0.907  
  waterbird_complete50 = 0, forest2water2 = 0  [n = 465]:	loss = 0.000  exp loss = 0.000  adjusted loss = 0.000  adv prob = 0.250000   acc = 1.000
  waterbird_complete50 = 0, forest2water2 = 1  [n = 466]:	loss = 0.012  exp loss = 0.010  adjusted loss = 0.010  adv prob = 0.250000   acc = 0.994
  waterbird_complete50 = 1, forest2water2 = 0  [n = 134]:	loss = 2.714  exp loss = 3.092  adjusted loss = 3.092  adv prob = 0.250000   acc = 0.582
  waterbird_complete50 = 1, forest2water2 = 1  [n = 134]:	loss = 2.340  exp loss = 2.319  adjusted loss = 2.319  adv prob = 0.250000   acc = 0.604
Current lr: 0.000010
Current validation accuracy: 0.5820895433425903


Epoch [99]:
Training:
Average incurred loss: 0.006  
Average sample loss: 0.007  
Average acc: 1.000  
  waterbird_complete50 = 0, forest2water2 = 0  [n = 62]:	loss = 0.000  exp loss = 0.000  adjusted loss = 0.000  adv prob = 0.250000   acc = 1.000
  waterbird_complete50 = 0, forest2water2 = 1  [n = 60]:	loss = 0.000  exp loss = 0.000  adjusted loss = 0.000  adv prob = 0.250000   acc = 1.000
  waterbird_complete50 = 1, forest2water2 = 0  [n = 44]:	loss = 0.018  exp loss = 0.054  adjusted loss = 0.054  adv prob = 0.250000   acc = 1.000
  waterbird_complete50 = 1, forest2water2 = 1  [n = 58]:	loss = 0.011  exp loss = 0.047  adjusted loss = 0.047  adv prob = 0.250000   acc = 1.000

Validation:
Average incurred loss: 0.527  
Average sample loss: 0.520  
Average acc: 0.912  
  waterbird_complete50 = 0, forest2water2 = 0  [n = 465]:	loss = 0.000  exp loss = 0.000  adjusted loss = 0.000  adv prob = 0.250000   acc = 1.000
  waterbird_complete50 = 0, forest2water2 = 1  [n = 466]:	loss = 0.014  exp loss = 0.013  adjusted loss = 0.013  adv prob = 0.250000   acc = 0.994
  waterbird_complete50 = 1, forest2water2 = 0  [n = 134]:	loss = 2.517  exp loss = 2.852  adjusted loss = 2.852  adv prob = 0.250000   acc = 0.604
  waterbird_complete50 = 1, forest2water2 = 1  [n = 134]:	loss = 2.147  exp loss = 2.127  adjusted loss = 2.127  adv prob = 0.250000   acc = 0.634
Current lr: 0.000010
Current validation accuracy: 0.6044776439666748


Epoch [100]:
Training:
Average incurred loss: 0.011  
Average sample loss: 0.011  
Average acc: 1.000  
  waterbird_complete50 = 0, forest2water2 = 0  [n = 46]:	loss = 0.000  exp loss = 0.000  adjusted loss = 0.000  adv prob = 0.250000   acc = 1.000
  waterbird_complete50 = 0, forest2water2 = 1  [n = 69]:	loss = 0.000  exp loss = 0.000  adjusted loss = 0.000  adv prob = 0.250000   acc = 1.000
  waterbird_complete50 = 1, forest2water2 = 0  [n = 54]:	loss = 0.020  exp loss = 0.041  adjusted loss = 0.041  adv prob = 0.250000   acc = 1.000
  waterbird_complete50 = 1, forest2water2 = 1  [n = 55]:	loss = 0.024  exp loss = 0.039  adjusted loss = 0.039  adv prob = 0.250000   acc = 1.000

Validation:
Average incurred loss: 0.526  
Average sample loss: 0.519  
Average acc: 0.912  
  waterbird_complete50 = 0, forest2water2 = 0  [n = 465]:	loss = 0.001  exp loss = 0.000  adjusted loss = 0.000  adv prob = 0.250000   acc = 1.000
  waterbird_complete50 = 0, forest2water2 = 1  [n = 466]:	loss = 0.014  exp loss = 0.013  adjusted loss = 0.013  adv prob = 0.250000   acc = 0.994
  waterbird_complete50 = 1, forest2water2 = 0  [n = 134]:	loss = 2.489  exp loss = 2.833  adjusted loss = 2.833  adv prob = 0.250000   acc = 0.612
  waterbird_complete50 = 1, forest2water2 = 1  [n = 134]:	loss = 2.165  exp loss = 2.145  adjusted loss = 2.145  adv prob = 0.250000   acc = 0.627
Current lr: 0.000010
Current validation accuracy: 0.6119402647018433


Epoch [101]:
Training:
Average incurred loss: 0.015  
Average sample loss: 0.020  
Average acc: 1.000  
  waterbird_complete50 = 0, forest2water2 = 0  [n = 56]:	loss = 0.000  exp loss = 0.000  adjusted loss = 0.000  adv prob = 0.250000   acc = 1.000
  waterbird_complete50 = 0, forest2water2 = 1  [n = 60]:	loss = 0.000  exp loss = 0.000  adjusted loss = 0.000  adv prob = 0.250000   acc = 1.000
  waterbird_complete50 = 1, forest2water2 = 0  [n = 53]:	loss = 0.033  exp loss = 0.043  adjusted loss = 0.043  adv prob = 0.250000   acc = 1.000
  waterbird_complete50 = 1, forest2water2 = 1  [n = 55]:	loss = 0.029  exp loss = 0.039  adjusted loss = 0.039  adv prob = 0.250000   acc = 1.000

Validation:
Average incurred loss: 0.533  
Average sample loss: 0.526  
Average acc: 0.912  
  waterbird_complete50 = 0, forest2water2 = 0  [n = 465]:	loss = 0.001  exp loss = 0.000  adjusted loss = 0.000  adv prob = 0.250000   acc = 1.000
  waterbird_complete50 = 0, forest2water2 = 1  [n = 466]:	loss = 0.013  exp loss = 0.012  adjusted loss = 0.012  adv prob = 0.250000   acc = 0.996
  waterbird_complete50 = 1, forest2water2 = 0  [n = 134]:	loss = 2.516  exp loss = 2.867  adjusted loss = 2.867  adv prob = 0.250000   acc = 0.604
  waterbird_complete50 = 1, forest2water2 = 1  [n = 134]:	loss = 2.208  exp loss = 2.183  adjusted loss = 2.183  adv prob = 0.250000   acc = 0.619
Current lr: 0.000010
Current validation accuracy: 0.6044776439666748


Epoch [102]:
Training:
Average incurred loss: 0.042  
Average sample loss: 0.062  
Average acc: 0.982  
  waterbird_complete50 = 0, forest2water2 = 0  [n = 52]:	loss = 0.000  exp loss = 0.000  adjusted loss = 0.000  adv prob = 0.250000   acc = 1.000
  waterbird_complete50 = 0, forest2water2 = 1  [n = 56]:	loss = 0.000  exp loss = 0.000  adjusted loss = 0.000  adv prob = 0.250000   acc = 1.000
  waterbird_complete50 = 1, forest2water2 = 0  [n = 53]:	loss = 0.086  exp loss = 0.067  adjusted loss = 0.067  adv prob = 0.250000   acc = 0.981
  waterbird_complete50 = 1, forest2water2 = 1  [n = 63]:	loss = 0.077  exp loss = 0.066  adjusted loss = 0.066  adv prob = 0.250000   acc = 0.952

Validation:
Average incurred loss: 0.565  
Average sample loss: 0.557  
Average acc: 0.910  
  waterbird_complete50 = 0, forest2water2 = 0  [n = 465]:	loss = 0.001  exp loss = 0.000  adjusted loss = 0.000  adv prob = 0.250000   acc = 1.000
  waterbird_complete50 = 0, forest2water2 = 1  [n = 466]:	loss = 0.012  exp loss = 0.011  adjusted loss = 0.011  adv prob = 0.250000   acc = 0.996
  waterbird_complete50 = 1, forest2water2 = 0  [n = 134]:	loss = 2.662  exp loss = 3.044  adjusted loss = 3.044  adv prob = 0.250000   acc = 0.597
  waterbird_complete50 = 1, forest2water2 = 1  [n = 134]:	loss = 2.352  exp loss = 2.325  adjusted loss = 2.325  adv prob = 0.250000   acc = 0.612
Current lr: 0.000010
Current validation accuracy: 0.5970149636268616


Epoch [103]:
Training:
Average incurred loss: 0.011  
Average sample loss: 0.015  
Average acc: 1.000  
  waterbird_complete50 = 0, forest2water2 = 0  [n = 61]:	loss = 0.000  exp loss = 0.000  adjusted loss = 0.000  adv prob = 0.250000   acc = 1.000
  waterbird_complete50 = 0, forest2water2 = 1  [n = 56]:	loss = 0.000  exp loss = 0.000  adjusted loss = 0.000  adv prob = 0.250000   acc = 1.000
  waterbird_complete50 = 1, forest2water2 = 0  [n = 53]:	loss = 0.031  exp loss = 0.061  adjusted loss = 0.061  adv prob = 0.250000   acc = 1.000
  waterbird_complete50 = 1, forest2water2 = 1  [n = 54]:	loss = 0.015  exp loss = 0.050  adjusted loss = 0.050  adv prob = 0.250000   acc = 1.000

Validation:
Average incurred loss: 0.552  
Average sample loss: 0.545  
Average acc: 0.910  
  waterbird_complete50 = 0, forest2water2 = 0  [n = 465]:	loss = 0.001  exp loss = 0.000  adjusted loss = 0.000  adv prob = 0.250000   acc = 1.000
  waterbird_complete50 = 0, forest2water2 = 1  [n = 466]:	loss = 0.012  exp loss = 0.011  adjusted loss = 0.011  adv prob = 0.250000   acc = 0.996
  waterbird_complete50 = 1, forest2water2 = 0  [n = 134]:	loss = 2.611  exp loss = 2.974  adjusted loss = 2.974  adv prob = 0.250000   acc = 0.597
  waterbird_complete50 = 1, forest2water2 = 1  [n = 134]:	loss = 2.284  exp loss = 2.265  adjusted loss = 2.265  adv prob = 0.250000   acc = 0.612
Current lr: 0.000010
Current validation accuracy: 0.5970149636268616


Epoch [104]:
Training:
Average incurred loss: 0.046  
Average sample loss: 0.044  
Average acc: 0.987  
  waterbird_complete50 = 0, forest2water2 = 0  [n = 47]:	loss = 0.000  exp loss = 0.000  adjusted loss = 0.000  adv prob = 0.250000   acc = 1.000
  waterbird_complete50 = 0, forest2water2 = 1  [n = 64]:	loss = 0.000  exp loss = 0.000  adjusted loss = 0.000  adv prob = 0.250000   acc = 1.000
  waterbird_complete50 = 1, forest2water2 = 0  [n = 51]:	loss = 0.110  exp loss = 0.076  adjusted loss = 0.076  adv prob = 0.250000   acc = 0.961
  waterbird_complete50 = 1, forest2water2 = 1  [n = 62]:	loss = 0.077  exp loss = 0.053  adjusted loss = 0.053  adv prob = 0.250000   acc = 0.984

Validation:
Average incurred loss: 0.561  
Average sample loss: 0.553  
Average acc: 0.907  
  waterbird_complete50 = 0, forest2water2 = 0  [n = 465]:	loss = 0.001  exp loss = 0.000  adjusted loss = 0.000  adv prob = 0.250000   acc = 1.000
  waterbird_complete50 = 0, forest2water2 = 1  [n = 466]:	loss = 0.012  exp loss = 0.011  adjusted loss = 0.011  adv prob = 0.250000   acc = 0.994
  waterbird_complete50 = 1, forest2water2 = 0  [n = 134]:	loss = 2.632  exp loss = 3.014  adjusted loss = 3.014  adv prob = 0.250000   acc = 0.597
  waterbird_complete50 = 1, forest2water2 = 1  [n = 134]:	loss = 2.343  exp loss = 2.319  adjusted loss = 2.319  adv prob = 0.250000   acc = 0.597
Current lr: 0.000010
Current validation accuracy: 0.5970149636268616


Epoch [105]:
Training:
Average incurred loss: 0.183  
Average sample loss: 0.162  
Average acc: 0.929  
  waterbird_complete50 = 0, forest2water2 = 0  [n = 52]:	loss = 0.000  exp loss = 0.000  adjusted loss = 0.000  adv prob = 0.250000   acc = 1.000
  waterbird_complete50 = 0, forest2water2 = 1  [n = 52]:	loss = 0.000  exp loss = 0.000  adjusted loss = 0.000  adv prob = 0.250000   acc = 1.000
  waterbird_complete50 = 1, forest2water2 = 0  [n = 61]:	loss = 0.350  exp loss = 0.131  adjusted loss = 0.131  adv prob = 0.250000   acc = 0.836
  waterbird_complete50 = 1, forest2water2 = 1  [n = 59]:	loss = 0.334  exp loss = 0.103  adjusted loss = 0.103  adv prob = 0.250000   acc = 0.898

Validation:
Average incurred loss: 0.576  
Average sample loss: 0.568  
Average acc: 0.907  
  waterbird_complete50 = 0, forest2water2 = 0  [n = 465]:	loss = 0.000  exp loss = 0.000  adjusted loss = 0.000  adv prob = 0.250000   acc = 1.000
  waterbird_complete50 = 0, forest2water2 = 1  [n = 466]:	loss = 0.011  exp loss = 0.010  adjusted loss = 0.010  adv prob = 0.250000   acc = 0.996
  waterbird_complete50 = 1, forest2water2 = 0  [n = 134]:	loss = 2.720  exp loss = 3.114  adjusted loss = 3.114  adv prob = 0.250000   acc = 0.597
  waterbird_complete50 = 1, forest2water2 = 1  [n = 134]:	loss = 2.394  exp loss = 2.367  adjusted loss = 2.367  adv prob = 0.250000   acc = 0.590
Current lr: 0.000010
Current validation accuracy: 0.5895522832870483


Epoch [106]:
Training:
Average incurred loss: 0.009  
Average sample loss: 0.008  
Average acc: 1.000  
  waterbird_complete50 = 0, forest2water2 = 0  [n = 65]:	loss = 0.000  exp loss = 0.000  adjusted loss = 0.000  adv prob = 0.250000   acc = 1.000
  waterbird_complete50 = 0, forest2water2 = 1  [n = 53]:	loss = 0.000  exp loss = 0.000  adjusted loss = 0.000  adv prob = 0.250000   acc = 1.000
  waterbird_complete50 = 1, forest2water2 = 0  [n = 59]:	loss = 0.023  exp loss = 0.094  adjusted loss = 0.094  adv prob = 0.250000   acc = 1.000
  waterbird_complete50 = 1, forest2water2 = 1  [n = 47]:	loss = 0.012  exp loss = 0.070  adjusted loss = 0.070  adv prob = 0.250000   acc = 1.000

Validation:
Average incurred loss: 0.540  
Average sample loss: 0.533  
Average acc: 0.910  
  waterbird_complete50 = 0, forest2water2 = 0  [n = 465]:	loss = 0.001  exp loss = 0.000  adjusted loss = 0.000  adv prob = 0.250000   acc = 1.000
  waterbird_complete50 = 0, forest2water2 = 1  [n = 466]:	loss = 0.013  exp loss = 0.012  adjusted loss = 0.012  adv prob = 0.250000   acc = 0.994
  waterbird_complete50 = 1, forest2water2 = 0  [n = 134]:	loss = 2.582  exp loss = 2.929  adjusted loss = 2.929  adv prob = 0.250000   acc = 0.597
  waterbird_complete50 = 1, forest2water2 = 1  [n = 134]:	loss = 2.206  exp loss = 2.186  adjusted loss = 2.186  adv prob = 0.250000   acc = 0.619
Current lr: 0.000010
Current validation accuracy: 0.5970149636268616


Epoch [107]:
Training:
Average incurred loss: 0.015  
Average sample loss: 0.023  
Average acc: 0.996  
  waterbird_complete50 = 0, forest2water2 = 0  [n = 68]:	loss = 0.000  exp loss = 0.000  adjusted loss = 0.000  adv prob = 0.250000   acc = 1.000
  waterbird_complete50 = 0, forest2water2 = 1  [n = 53]:	loss = 0.000  exp loss = 0.000  adjusted loss = 0.000  adv prob = 0.250000   acc = 1.000
  waterbird_complete50 = 1, forest2water2 = 0  [n = 60]:	loss = 0.009  exp loss = 0.066  adjusted loss = 0.066  adv prob = 0.250000   acc = 1.000
  waterbird_complete50 = 1, forest2water2 = 1  [n = 43]:	loss = 0.064  exp loss = 0.075  adjusted loss = 0.075  adv prob = 0.250000   acc = 0.977

Validation:
Average incurred loss: 0.506  
Average sample loss: 0.499  
Average acc: 0.917  
  waterbird_complete50 = 0, forest2water2 = 0  [n = 465]:	loss = 0.001  exp loss = 0.000  adjusted loss = 0.000  adv prob = 0.250000   acc = 1.000
  waterbird_complete50 = 0, forest2water2 = 1  [n = 466]:	loss = 0.017  exp loss = 0.015  adjusted loss = 0.015  adv prob = 0.250000   acc = 0.994
  waterbird_complete50 = 1, forest2water2 = 0  [n = 134]:	loss = 2.417  exp loss = 2.708  adjusted loss = 2.708  adv prob = 0.250000   acc = 0.619
  waterbird_complete50 = 1, forest2water2 = 1  [n = 134]:	loss = 2.048  exp loss = 2.034  adjusted loss = 2.034  adv prob = 0.250000   acc = 0.657
Current lr: 0.000010
Current validation accuracy: 0.6194030046463013


Epoch [108]:
Training:
Average incurred loss: 0.065  
Average sample loss: 0.078  
Average acc: 0.969  
  waterbird_complete50 = 0, forest2water2 = 0  [n = 54]:	loss = 0.000  exp loss = 0.000  adjusted loss = 0.000  adv prob = 0.250000   acc = 1.000
  waterbird_complete50 = 0, forest2water2 = 1  [n = 46]:	loss = 0.000  exp loss = 0.000  adjusted loss = 0.000  adv prob = 0.250000   acc = 1.000
  waterbird_complete50 = 1, forest2water2 = 0  [n = 67]:	loss = 0.141  exp loss = 0.098  adjusted loss = 0.098  adv prob = 0.250000   acc = 0.925
  waterbird_complete50 = 1, forest2water2 = 1  [n = 57]:	loss = 0.088  exp loss = 0.088  adjusted loss = 0.088  adv prob = 0.250000   acc = 0.965

Validation:
Average incurred loss: 0.561  
Average sample loss: 0.553  
Average acc: 0.907  
  waterbird_complete50 = 0, forest2water2 = 0  [n = 465]:	loss = 0.001  exp loss = 0.000  adjusted loss = 0.000  adv prob = 0.250000   acc = 1.000
  waterbird_complete50 = 0, forest2water2 = 1  [n = 466]:	loss = 0.013  exp loss = 0.012  adjusted loss = 0.012  adv prob = 0.250000   acc = 0.994
  waterbird_complete50 = 1, forest2water2 = 0  [n = 134]:	loss = 2.682  exp loss = 3.029  adjusted loss = 3.029  adv prob = 0.250000   acc = 0.590
  waterbird_complete50 = 1, forest2water2 = 1  [n = 134]:	loss = 2.292  exp loss = 2.272  adjusted loss = 2.272  adv prob = 0.250000   acc = 0.604
Current lr: 0.000010
Current validation accuracy: 0.5895521640777588


Epoch [109]:
Training:
Average incurred loss: 0.123  
Average sample loss: 0.108  
Average acc: 0.920  
  waterbird_complete50 = 0, forest2water2 = 0  [n = 48]:	loss = 0.000  exp loss = 0.000  adjusted loss = 0.000  adv prob = 0.250000   acc = 1.000
  waterbird_complete50 = 0, forest2water2 = 1  [n = 56]:	loss = 0.000  exp loss = 0.000  adjusted loss = 0.000  adv prob = 0.250000   acc = 1.000
  waterbird_complete50 = 1, forest2water2 = 0  [n = 61]:	loss = 0.342  exp loss = 0.157  adjusted loss = 0.157  adv prob = 0.250000   acc = 0.770
  waterbird_complete50 = 1, forest2water2 = 1  [n = 59]:	loss = 0.114  exp loss = 0.088  adjusted loss = 0.088  adv prob = 0.250000   acc = 0.932

Validation:
Average incurred loss: 0.557  
Average sample loss: 0.549  
Average acc: 0.908  
  waterbird_complete50 = 0, forest2water2 = 0  [n = 465]:	loss = 0.001  exp loss = 0.000  adjusted loss = 0.000  adv prob = 0.250000   acc = 1.000
  waterbird_complete50 = 0, forest2water2 = 1  [n = 466]:	loss = 0.012  exp loss = 0.011  adjusted loss = 0.011  adv prob = 0.250000   acc = 0.994
  waterbird_complete50 = 1, forest2water2 = 0  [n = 134]:	loss = 2.659  exp loss = 3.012  adjusted loss = 3.012  adv prob = 0.250000   acc = 0.590
  waterbird_complete50 = 1, forest2water2 = 1  [n = 134]:	loss = 2.279  exp loss = 2.265  adjusted loss = 2.265  adv prob = 0.250000   acc = 0.612
Current lr: 0.000010
Current validation accuracy: 0.5895521640777588


Epoch [110]:
Training:
Average incurred loss: 0.023  
Average sample loss: 0.020  
Average acc: 0.991  
  waterbird_complete50 = 0, forest2water2 = 0  [n = 62]:	loss = 0.000  exp loss = 0.000  adjusted loss = 0.000  adv prob = 0.250000   acc = 1.000
  waterbird_complete50 = 0, forest2water2 = 1  [n = 52]:	loss = 0.000  exp loss = 0.000  adjusted loss = 0.000  adv prob = 0.250000   acc = 1.000
  waterbird_complete50 = 1, forest2water2 = 0  [n = 59]:	loss = 0.041  exp loss = 0.114  adjusted loss = 0.114  adv prob = 0.250000   acc = 1.000
  waterbird_complete50 = 1, forest2water2 = 1  [n = 51]:	loss = 0.053  exp loss = 0.074  adjusted loss = 0.074  adv prob = 0.250000   acc = 0.961

Validation:
Average incurred loss: 0.547  
Average sample loss: 0.540  
Average acc: 0.910  
  waterbird_complete50 = 0, forest2water2 = 0  [n = 465]:	loss = 0.001  exp loss = 0.000  adjusted loss = 0.000  adv prob = 0.250000   acc = 1.000
  waterbird_complete50 = 0, forest2water2 = 1  [n = 466]:	loss = 0.013  exp loss = 0.012  adjusted loss = 0.012  adv prob = 0.250000   acc = 0.994
  waterbird_complete50 = 1, forest2water2 = 0  [n = 134]:	loss = 2.613  exp loss = 2.955  adjusted loss = 2.955  adv prob = 0.250000   acc = 0.582
  waterbird_complete50 = 1, forest2water2 = 1  [n = 134]:	loss = 2.237  exp loss = 2.220  adjusted loss = 2.220  adv prob = 0.250000   acc = 0.634
Current lr: 0.000010
Current validation accuracy: 0.5820895433425903


Epoch [111]:
Training:
Average incurred loss: 0.127  
Average sample loss: 0.123  
Average acc: 0.942  
  waterbird_complete50 = 0, forest2water2 = 0  [n = 49]:	loss = 0.000  exp loss = 0.000  adjusted loss = 0.000  adv prob = 0.250000   acc = 1.000
  waterbird_complete50 = 0, forest2water2 = 1  [n = 54]:	loss = 0.000  exp loss = 0.000  adjusted loss = 0.000  adv prob = 0.250000   acc = 1.000
  waterbird_complete50 = 1, forest2water2 = 0  [n = 63]:	loss = 0.220  exp loss = 0.144  adjusted loss = 0.144  adv prob = 0.250000   acc = 0.921
  waterbird_complete50 = 1, forest2water2 = 1  [n = 58]:	loss = 0.249  exp loss = 0.125  adjusted loss = 0.125  adv prob = 0.250000   acc = 0.862

Validation:
Average incurred loss: 0.567  
Average sample loss: 0.559  
Average acc: 0.907  
  waterbird_complete50 = 0, forest2water2 = 0  [n = 465]:	loss = 0.001  exp loss = 0.000  adjusted loss = 0.000  adv prob = 0.250000   acc = 1.000
  waterbird_complete50 = 0, forest2water2 = 1  [n = 466]:	loss = 0.012  exp loss = 0.011  adjusted loss = 0.011  adv prob = 0.250000   acc = 0.994
  waterbird_complete50 = 1, forest2water2 = 0  [n = 134]:	loss = 2.708  exp loss = 3.083  adjusted loss = 3.083  adv prob = 0.250000   acc = 0.590
  waterbird_complete50 = 1, forest2water2 = 1  [n = 134]:	loss = 2.321  exp loss = 2.304  adjusted loss = 2.304  adv prob = 0.250000   acc = 0.604
Current lr: 0.000010
Current validation accuracy: 0.5895522832870483


Epoch [112]:
Training:
Average incurred loss: 0.013  
Average sample loss: 0.012  
Average acc: 1.000  
  waterbird_complete50 = 0, forest2water2 = 0  [n = 58]:	loss = 0.000  exp loss = 0.000  adjusted loss = 0.000  adv prob = 0.250000   acc = 1.000
  waterbird_complete50 = 0, forest2water2 = 1  [n = 52]:	loss = 0.000  exp loss = 0.000  adjusted loss = 0.000  adv prob = 0.250000   acc = 1.000
  waterbird_complete50 = 1, forest2water2 = 0  [n = 62]:	loss = 0.032  exp loss = 0.106  adjusted loss = 0.106  adv prob = 0.250000   acc = 1.000
  waterbird_complete50 = 1, forest2water2 = 1  [n = 52]:	loss = 0.015  exp loss = 0.087  adjusted loss = 0.087  adv prob = 0.250000   acc = 1.000

Validation:
Average incurred loss: 0.543  
Average sample loss: 0.536  
Average acc: 0.911  
  waterbird_complete50 = 0, forest2water2 = 0  [n = 465]:	loss = 0.001  exp loss = 0.000  adjusted loss = 0.000  adv prob = 0.250000   acc = 1.000
  waterbird_complete50 = 0, forest2water2 = 1  [n = 466]:	loss = 0.014  exp loss = 0.013  adjusted loss = 0.013  adv prob = 0.250000   acc = 0.994
  waterbird_complete50 = 1, forest2water2 = 0  [n = 134]:	loss = 2.614  exp loss = 2.962  adjusted loss = 2.962  adv prob = 0.250000   acc = 0.590
  waterbird_complete50 = 1, forest2water2 = 1  [n = 134]:	loss = 2.194  exp loss = 2.191  adjusted loss = 2.191  adv prob = 0.250000   acc = 0.634
Current lr: 0.000010
Current validation accuracy: 0.5895522832870483


Epoch [113]:
Training:
Average incurred loss: 0.022  
Average sample loss: 0.019  
Average acc: 0.991  
  waterbird_complete50 = 0, forest2water2 = 0  [n = 51]:	loss = 0.000  exp loss = 0.000  adjusted loss = 0.000  adv prob = 0.250000   acc = 1.000
  waterbird_complete50 = 0, forest2water2 = 1  [n = 66]:	loss = 0.000  exp loss = 0.000  adjusted loss = 0.000  adv prob = 0.250000   acc = 1.000
  waterbird_complete50 = 1, forest2water2 = 0  [n = 49]:	loss = 0.058  exp loss = 0.083  adjusted loss = 0.083  adv prob = 0.250000   acc = 0.980
  waterbird_complete50 = 1, forest2water2 = 1  [n = 58]:	loss = 0.035  exp loss = 0.066  adjusted loss = 0.066  adv prob = 0.250000   acc = 0.983

Validation:
Average incurred loss: 0.511  
Average sample loss: 0.503  
Average acc: 0.916  
  waterbird_complete50 = 0, forest2water2 = 0  [n = 465]:	loss = 0.001  exp loss = 0.000  adjusted loss = 0.000  adv prob = 0.250000   acc = 1.000
  waterbird_complete50 = 0, forest2water2 = 1  [n = 466]:	loss = 0.016  exp loss = 0.014  adjusted loss = 0.014  adv prob = 0.250000   acc = 0.994
  waterbird_complete50 = 1, forest2water2 = 0  [n = 134]:	loss = 2.438  exp loss = 2.763  adjusted loss = 2.763  adv prob = 0.250000   acc = 0.612
  waterbird_complete50 = 1, forest2water2 = 1  [n = 134]:	loss = 2.072  exp loss = 2.072  adjusted loss = 2.072  adv prob = 0.250000   acc = 0.657
Current lr: 0.000010
Current validation accuracy: 0.6119402647018433


Epoch [114]:
Training:
Average incurred loss: 0.027  
Average sample loss: 0.025  
Average acc: 0.996  
  waterbird_complete50 = 0, forest2water2 = 0  [n = 58]:	loss = 0.000  exp loss = 0.000  adjusted loss = 0.000  adv prob = 0.250000   acc = 1.000
  waterbird_complete50 = 0, forest2water2 = 1  [n = 55]:	loss = 0.000  exp loss = 0.000  adjusted loss = 0.000  adv prob = 0.250000   acc = 1.000
  waterbird_complete50 = 1, forest2water2 = 0  [n = 64]:	loss = 0.072  exp loss = 0.077  adjusted loss = 0.077  adv prob = 0.250000   acc = 0.984
  waterbird_complete50 = 1, forest2water2 = 1  [n = 47]:	loss = 0.032  exp loss = 0.053  adjusted loss = 0.053  adv prob = 0.250000   acc = 1.000

Validation:
Average incurred loss: 0.514  
Average sample loss: 0.506  
Average acc: 0.915  
  waterbird_complete50 = 0, forest2water2 = 0  [n = 465]:	loss = 0.001  exp loss = 0.000  adjusted loss = 0.000  adv prob = 0.250000   acc = 1.000
  waterbird_complete50 = 0, forest2water2 = 1  [n = 466]:	loss = 0.017  exp loss = 0.015  adjusted loss = 0.015  adv prob = 0.250000   acc = 0.994
  waterbird_complete50 = 1, forest2water2 = 0  [n = 134]:	loss = 2.468  exp loss = 2.781  adjusted loss = 2.781  adv prob = 0.250000   acc = 0.604
  waterbird_complete50 = 1, forest2water2 = 1  [n = 134]:	loss = 2.066  exp loss = 2.072  adjusted loss = 2.072  adv prob = 0.250000   acc = 0.657
Current lr: 0.000010
Current validation accuracy: 0.6044776439666748


Epoch [115]:
Training:
Average incurred loss: 0.041  
Average sample loss: 0.036  
Average acc: 0.973  
  waterbird_complete50 = 0, forest2water2 = 0  [n = 58]:	loss = 0.000  exp loss = 0.000  adjusted loss = 0.000  adv prob = 0.250000   acc = 1.000
  waterbird_complete50 = 0, forest2water2 = 1  [n = 57]:	loss = 0.000  exp loss = 0.000  adjusted loss = 0.000  adv prob = 0.250000   acc = 1.000
  waterbird_complete50 = 1, forest2water2 = 0  [n = 54]:	loss = 0.080  exp loss = 0.072  adjusted loss = 0.072  adv prob = 0.250000   acc = 0.944
  waterbird_complete50 = 1, forest2water2 = 1  [n = 55]:	loss = 0.089  exp loss = 0.058  adjusted loss = 0.058  adv prob = 0.250000   acc = 0.945

Validation:
Average incurred loss: 0.490  
Average sample loss: 0.483  
Average acc: 0.921  
  waterbird_complete50 = 0, forest2water2 = 0  [n = 465]:	loss = 0.001  exp loss = 0.001  adjusted loss = 0.001  adv prob = 0.250000   acc = 1.000
  waterbird_complete50 = 0, forest2water2 = 1  [n = 466]:	loss = 0.019  exp loss = 0.017  adjusted loss = 0.017  adv prob = 0.250000   acc = 0.994
  waterbird_complete50 = 1, forest2water2 = 0  [n = 134]:	loss = 2.356  exp loss = 2.649  adjusted loss = 2.649  adv prob = 0.250000   acc = 0.627
  waterbird_complete50 = 1, forest2water2 = 1  [n = 134]:	loss = 1.962  exp loss = 1.968  adjusted loss = 1.968  adv prob = 0.250000   acc = 0.687
Current lr: 0.000010
Current validation accuracy: 0.6268656253814697


Epoch [116]:
Training:
Average incurred loss: 0.085  
Average sample loss: 0.081  
Average acc: 0.964  
  waterbird_complete50 = 0, forest2water2 = 0  [n = 47]:	loss = 0.000  exp loss = 0.000  adjusted loss = 0.000  adv prob = 0.250000   acc = 1.000
  waterbird_complete50 = 0, forest2water2 = 1  [n = 61]:	loss = 0.000  exp loss = 0.000  adjusted loss = 0.000  adv prob = 0.250000   acc = 1.000
  waterbird_complete50 = 1, forest2water2 = 0  [n = 54]:	loss = 0.156  exp loss = 0.093  adjusted loss = 0.093  adv prob = 0.250000   acc = 0.907
  waterbird_complete50 = 1, forest2water2 = 1  [n = 62]:	loss = 0.171  exp loss = 0.080  adjusted loss = 0.080  adv prob = 0.250000   acc = 0.952

Validation:
Average incurred loss: 0.505  
Average sample loss: 0.497  
Average acc: 0.916  
  waterbird_complete50 = 0, forest2water2 = 0  [n = 465]:	loss = 0.001  exp loss = 0.001  adjusted loss = 0.001  adv prob = 0.250000   acc = 1.000
  waterbird_complete50 = 0, forest2water2 = 1  [n = 466]:	loss = 0.017  exp loss = 0.016  adjusted loss = 0.016  adv prob = 0.250000   acc = 0.994
  waterbird_complete50 = 1, forest2water2 = 0  [n = 134]:	loss = 2.413  exp loss = 2.734  adjusted loss = 2.734  adv prob = 0.250000   acc = 0.619
  waterbird_complete50 = 1, forest2water2 = 1  [n = 134]:	loss = 2.038  exp loss = 2.044  adjusted loss = 2.044  adv prob = 0.250000   acc = 0.649
Current lr: 0.000010
Current validation accuracy: 0.6194030046463013


Epoch [117]:
Training:
Average incurred loss: 0.021  
Average sample loss: 0.019  
Average acc: 0.996  
  waterbird_complete50 = 0, forest2water2 = 0  [n = 56]:	loss = 0.000  exp loss = 0.000  adjusted loss = 0.000  adv prob = 0.250000   acc = 1.000
  waterbird_complete50 = 0, forest2water2 = 1  [n = 57]:	loss = 0.000  exp loss = 0.000  adjusted loss = 0.000  adv prob = 0.250000   acc = 1.000
  waterbird_complete50 = 1, forest2water2 = 0  [n = 56]:	loss = 0.023  exp loss = 0.070  adjusted loss = 0.070  adv prob = 0.250000   acc = 1.000
  waterbird_complete50 = 1, forest2water2 = 1  [n = 55]:	loss = 0.062  exp loss = 0.069  adjusted loss = 0.069  adv prob = 0.250000   acc = 0.982

Validation:
Average incurred loss: 0.510  
Average sample loss: 0.503  
Average acc: 0.917  
  waterbird_complete50 = 0, forest2water2 = 0  [n = 465]:	loss = 0.001  exp loss = 0.001  adjusted loss = 0.001  adv prob = 0.250000   acc = 1.000
  waterbird_complete50 = 0, forest2water2 = 1  [n = 466]:	loss = 0.016  exp loss = 0.014  adjusted loss = 0.014  adv prob = 0.250000   acc = 0.994
  waterbird_complete50 = 1, forest2water2 = 0  [n = 134]:	loss = 2.447  exp loss = 2.772  adjusted loss = 2.772  adv prob = 0.250000   acc = 0.619
  waterbird_complete50 = 1, forest2water2 = 1  [n = 134]:	loss = 2.061  exp loss = 2.064  adjusted loss = 2.064  adv prob = 0.250000   acc = 0.664
Current lr: 0.000010
Current validation accuracy: 0.6194030046463013


Epoch [118]:
Training:
Average incurred loss: 0.023  
Average sample loss: 0.030  
Average acc: 0.991  
  waterbird_complete50 = 0, forest2water2 = 0  [n = 51]:	loss = 0.000  exp loss = 0.000  adjusted loss = 0.000  adv prob = 0.250000   acc = 1.000
  waterbird_complete50 = 0, forest2water2 = 1  [n = 63]:	loss = 0.000  exp loss = 0.000  adjusted loss = 0.000  adv prob = 0.250000   acc = 1.000
  waterbird_complete50 = 1, forest2water2 = 0  [n = 47]:	loss = 0.065  exp loss = 0.073  adjusted loss = 0.073  adv prob = 0.250000   acc = 0.957
  waterbird_complete50 = 1, forest2water2 = 1  [n = 63]:	loss = 0.032  exp loss = 0.060  adjusted loss = 0.060  adv prob = 0.250000   acc = 1.000

Validation:
Average incurred loss: 0.513  
Average sample loss: 0.506  
Average acc: 0.915  
  waterbird_complete50 = 0, forest2water2 = 0  [n = 465]:	loss = 0.001  exp loss = 0.001  adjusted loss = 0.001  adv prob = 0.250000   acc = 1.000
  waterbird_complete50 = 0, forest2water2 = 1  [n = 466]:	loss = 0.015  exp loss = 0.014  adjusted loss = 0.014  adv prob = 0.250000   acc = 0.994
  waterbird_complete50 = 1, forest2water2 = 0  [n = 134]:	loss = 2.439  exp loss = 2.751  adjusted loss = 2.751  adv prob = 0.250000   acc = 0.627
  waterbird_complete50 = 1, forest2water2 = 1  [n = 134]:	loss = 2.094  exp loss = 2.094  adjusted loss = 2.094  adv prob = 0.250000   acc = 0.634
Current lr: 0.000010
Current validation accuracy: 0.6268656253814697


Epoch [119]:
Training:
Average incurred loss: 0.078  
Average sample loss: 0.129  
Average acc: 0.964  
  waterbird_complete50 = 0, forest2water2 = 0  [n = 53]:	loss = 0.000  exp loss = 0.000  adjusted loss = 0.000  adv prob = 0.250000   acc = 1.000
  waterbird_complete50 = 0, forest2water2 = 1  [n = 55]:	loss = 0.000  exp loss = 0.000  adjusted loss = 0.000  adv prob = 0.250000   acc = 1.000
  waterbird_complete50 = 1, forest2water2 = 0  [n = 56]:	loss = 0.156  exp loss = 0.146  adjusted loss = 0.146  adv prob = 0.250000   acc = 0.946
  waterbird_complete50 = 1, forest2water2 = 1  [n = 60]:	loss = 0.147  exp loss = 0.106  adjusted loss = 0.106  adv prob = 0.250000   acc = 0.917

Validation:
Average incurred loss: 0.538  
Average sample loss: 0.531  
Average acc: 0.913  
  waterbird_complete50 = 0, forest2water2 = 0  [n = 465]:	loss = 0.001  exp loss = 0.000  adjusted loss = 0.000  adv prob = 0.250000   acc = 1.000
  waterbird_complete50 = 0, forest2water2 = 1  [n = 466]:	loss = 0.015  exp loss = 0.013  adjusted loss = 0.013  adv prob = 0.250000   acc = 0.994
  waterbird_complete50 = 1, forest2water2 = 0  [n = 134]:	loss = 2.560  exp loss = 2.890  adjusted loss = 2.890  adv prob = 0.250000   acc = 0.612
  waterbird_complete50 = 1, forest2water2 = 1  [n = 134]:	loss = 2.201  exp loss = 2.200  adjusted loss = 2.200  adv prob = 0.250000   acc = 0.634
Current lr: 0.000010
Current validation accuracy: 0.6119402647018433


Epoch [120]:
Training:
Average incurred loss: 0.061  
Average sample loss: 0.080  
Average acc: 0.978  
  waterbird_complete50 = 0, forest2water2 = 0  [n = 56]:	loss = 0.000  exp loss = 0.000  adjusted loss = 0.000  adv prob = 0.250000   acc = 1.000
  waterbird_complete50 = 0, forest2water2 = 1  [n = 57]:	loss = 0.000  exp loss = 0.000  adjusted loss = 0.000  adv prob = 0.250000   acc = 1.000
  waterbird_complete50 = 1, forest2water2 = 0  [n = 47]:	loss = 0.193  exp loss = 0.168  adjusted loss = 0.168  adv prob = 0.250000   acc = 0.915
  waterbird_complete50 = 1, forest2water2 = 1  [n = 64]:	loss = 0.071  exp loss = 0.100  adjusted loss = 0.100  adv prob = 0.250000   acc = 0.984

Validation:
Average incurred loss: 0.543  
Average sample loss: 0.535  
Average acc: 0.912  
  waterbird_complete50 = 0, forest2water2 = 0  [n = 465]:	loss = 0.001  exp loss = 0.000  adjusted loss = 0.000  adv prob = 0.250000   acc = 1.000
  waterbird_complete50 = 0, forest2water2 = 1  [n = 466]:	loss = 0.013  exp loss = 0.012  adjusted loss = 0.012  adv prob = 0.250000   acc = 0.994
  waterbird_complete50 = 1, forest2water2 = 0  [n = 134]:	loss = 2.591  exp loss = 2.932  adjusted loss = 2.932  adv prob = 0.250000   acc = 0.604
  waterbird_complete50 = 1, forest2water2 = 1  [n = 134]:	loss = 2.220  exp loss = 2.220  adjusted loss = 2.220  adv prob = 0.250000   acc = 0.634
Current lr: 0.000010
Current validation accuracy: 0.6044776439666748


Epoch [121]:
Training:
Average incurred loss: 0.012  
Average sample loss: 0.016  
Average acc: 1.000  
  waterbird_complete50 = 0, forest2water2 = 0  [n = 63]:	loss = 0.000  exp loss = 0.000  adjusted loss = 0.000  adv prob = 0.250000   acc = 1.000
  waterbird_complete50 = 0, forest2water2 = 1  [n = 52]:	loss = 0.000  exp loss = 0.000  adjusted loss = 0.000  adv prob = 0.250000   acc = 1.000
  waterbird_complete50 = 1, forest2water2 = 0  [n = 52]:	loss = 0.025  exp loss = 0.123  adjusted loss = 0.123  adv prob = 0.250000   acc = 1.000
  waterbird_complete50 = 1, forest2water2 = 1  [n = 57]:	loss = 0.023  exp loss = 0.077  adjusted loss = 0.077  adv prob = 0.250000   acc = 1.000

Validation:
Average incurred loss: 0.517  
Average sample loss: 0.510  
Average acc: 0.915  
  waterbird_complete50 = 0, forest2water2 = 0  [n = 465]:	loss = 0.001  exp loss = 0.000  adjusted loss = 0.000  adv prob = 0.250000   acc = 1.000
  waterbird_complete50 = 0, forest2water2 = 1  [n = 466]:	loss = 0.015  exp loss = 0.013  adjusted loss = 0.013  adv prob = 0.250000   acc = 0.994
  waterbird_complete50 = 1, forest2water2 = 0  [n = 134]:	loss = 2.472  exp loss = 2.780  adjusted loss = 2.780  adv prob = 0.250000   acc = 0.612
  waterbird_complete50 = 1, forest2water2 = 1  [n = 134]:	loss = 2.098  exp loss = 2.099  adjusted loss = 2.099  adv prob = 0.250000   acc = 0.649
Current lr: 0.000010
Current validation accuracy: 0.6119402647018433


Epoch [122]:
Training:
Average incurred loss: 0.008  
Average sample loss: 0.009  
Average acc: 1.000  
  waterbird_complete50 = 0, forest2water2 = 0  [n = 64]:	loss = 0.000  exp loss = 0.000  adjusted loss = 0.000  adv prob = 0.250000   acc = 1.000
  waterbird_complete50 = 0, forest2water2 = 1  [n = 55]:	loss = 0.000  exp loss = 0.000  adjusted loss = 0.000  adv prob = 0.250000   acc = 1.000
  waterbird_complete50 = 1, forest2water2 = 0  [n = 56]:	loss = 0.020  exp loss = 0.088  adjusted loss = 0.088  adv prob = 0.250000   acc = 1.000
  waterbird_complete50 = 1, forest2water2 = 1  [n = 49]:	loss = 0.013  exp loss = 0.057  adjusted loss = 0.057  adv prob = 0.250000   acc = 1.000

Validation:
Average incurred loss: 0.496  
Average sample loss: 0.489  
Average acc: 0.918  
  waterbird_complete50 = 0, forest2water2 = 0  [n = 465]:	loss = 0.001  exp loss = 0.000  adjusted loss = 0.000  adv prob = 0.250000   acc = 1.000
  waterbird_complete50 = 0, forest2water2 = 1  [n = 466]:	loss = 0.016  exp loss = 0.015  adjusted loss = 0.015  adv prob = 0.250000   acc = 0.994
  waterbird_complete50 = 1, forest2water2 = 0  [n = 134]:	loss = 2.377  exp loss = 2.686  adjusted loss = 2.686  adv prob = 0.250000   acc = 0.619
  waterbird_complete50 = 1, forest2water2 = 1  [n = 134]:	loss = 1.999  exp loss = 2.000  adjusted loss = 2.000  adv prob = 0.250000   acc = 0.672
Current lr: 0.000010
Current validation accuracy: 0.6194030046463013


Epoch [123]:
Training:
Average incurred loss: 0.005  
Average sample loss: 0.005  
Average acc: 1.000  
  waterbird_complete50 = 0, forest2water2 = 0  [n = 60]:	loss = 0.000  exp loss = 0.000  adjusted loss = 0.000  adv prob = 0.250000   acc = 1.000
  waterbird_complete50 = 0, forest2water2 = 1  [n = 62]:	loss = 0.000  exp loss = 0.000  adjusted loss = 0.000  adv prob = 0.250000   acc = 1.000
  waterbird_complete50 = 1, forest2water2 = 0  [n = 57]:	loss = 0.008  exp loss = 0.061  adjusted loss = 0.061  adv prob = 0.250000   acc = 1.000
  waterbird_complete50 = 1, forest2water2 = 1  [n = 45]:	loss = 0.016  exp loss = 0.043  adjusted loss = 0.043  adv prob = 0.250000   acc = 1.000

Validation:
Average incurred loss: 0.474  
Average sample loss: 0.468  
Average acc: 0.922  
  waterbird_complete50 = 0, forest2water2 = 0  [n = 465]:	loss = 0.001  exp loss = 0.001  adjusted loss = 0.001  adv prob = 0.250000   acc = 1.000
  waterbird_complete50 = 0, forest2water2 = 1  [n = 466]:	loss = 0.019  exp loss = 0.017  adjusted loss = 0.017  adv prob = 0.250000   acc = 0.994
  waterbird_complete50 = 1, forest2water2 = 0  [n = 134]:	loss = 2.276  exp loss = 2.563  adjusted loss = 2.563  adv prob = 0.250000   acc = 0.634
  waterbird_complete50 = 1, forest2water2 = 1  [n = 134]:	loss = 1.900  exp loss = 1.893  adjusted loss = 1.893  adv prob = 0.250000   acc = 0.694
Current lr: 0.000010
Current validation accuracy: 0.6343283653259277


Epoch [124]:
Training:
Average incurred loss: 0.177  
Average sample loss: 0.183  
Average acc: 0.920  
  waterbird_complete50 = 0, forest2water2 = 0  [n = 40]:	loss = 0.000  exp loss = 0.000  adjusted loss = 0.000  adv prob = 0.250000   acc = 1.000
  waterbird_complete50 = 0, forest2water2 = 1  [n = 63]:	loss = 0.000  exp loss = 0.000  adjusted loss = 0.000  adv prob = 0.250000   acc = 1.000
  waterbird_complete50 = 1, forest2water2 = 0  [n = 55]:	loss = 0.460  exp loss = 0.206  adjusted loss = 0.206  adv prob = 0.250000   acc = 0.764
  waterbird_complete50 = 1, forest2water2 = 1  [n = 66]:	loss = 0.216  exp loss = 0.087  adjusted loss = 0.087  adv prob = 0.250000   acc = 0.924

Validation:
Average incurred loss: 0.542  
Average sample loss: 0.534  
Average acc: 0.912  
  waterbird_complete50 = 0, forest2water2 = 0  [n = 465]:	loss = 0.001  exp loss = 0.000  adjusted loss = 0.000  adv prob = 0.250000   acc = 1.000
  waterbird_complete50 = 0, forest2water2 = 1  [n = 466]:	loss = 0.014  exp loss = 0.012  adjusted loss = 0.012  adv prob = 0.250000   acc = 0.994
  waterbird_complete50 = 1, forest2water2 = 0  [n = 134]:	loss = 2.595  exp loss = 2.963  adjusted loss = 2.963  adv prob = 0.250000   acc = 0.604
  waterbird_complete50 = 1, forest2water2 = 1  [n = 134]:	loss = 2.206  exp loss = 2.185  adjusted loss = 2.185  adv prob = 0.250000   acc = 0.627
Current lr: 0.000010
Current validation accuracy: 0.6044776439666748


Epoch [125]:
Training:
Average incurred loss: 0.039  
Average sample loss: 0.059  
Average acc: 0.991  
  waterbird_complete50 = 0, forest2water2 = 0  [n = 56]:	loss = 0.000  exp loss = 0.000  adjusted loss = 0.000  adv prob = 0.250000   acc = 1.000
  waterbird_complete50 = 0, forest2water2 = 1  [n = 59]:	loss = 0.000  exp loss = 0.000  adjusted loss = 0.000  adv prob = 0.250000   acc = 1.000
  waterbird_complete50 = 1, forest2water2 = 0  [n = 56]:	loss = 0.034  exp loss = 0.153  adjusted loss = 0.153  adv prob = 0.250000   acc = 1.000
  waterbird_complete50 = 1, forest2water2 = 1  [n = 53]:	loss = 0.130  exp loss = 0.120  adjusted loss = 0.120  adv prob = 0.250000   acc = 0.962

Validation:
Average incurred loss: 0.531  
Average sample loss: 0.523  
Average acc: 0.913  
  waterbird_complete50 = 0, forest2water2 = 0  [n = 465]:	loss = 0.001  exp loss = 0.000  adjusted loss = 0.000  adv prob = 0.250000   acc = 1.000
  waterbird_complete50 = 0, forest2water2 = 1  [n = 466]:	loss = 0.014  exp loss = 0.013  adjusted loss = 0.013  adv prob = 0.250000   acc = 0.994
  waterbird_complete50 = 1, forest2water2 = 0  [n = 134]:	loss = 2.542  exp loss = 2.908  adjusted loss = 2.908  adv prob = 0.250000   acc = 0.604
  waterbird_complete50 = 1, forest2water2 = 1  [n = 134]:	loss = 2.156  exp loss = 2.141  adjusted loss = 2.141  adv prob = 0.250000   acc = 0.642
Current lr: 0.000010
Current validation accuracy: 0.6044776439666748


Epoch [126]:
Training:
Average incurred loss: 0.029  
Average sample loss: 0.025  
Average acc: 0.991  
  waterbird_complete50 = 0, forest2water2 = 0  [n = 54]:	loss = 0.000  exp loss = 0.000  adjusted loss = 0.000  adv prob = 0.250000   acc = 1.000
  waterbird_complete50 = 0, forest2water2 = 1  [n = 54]:	loss = 0.000  exp loss = 0.000  adjusted loss = 0.000  adv prob = 0.250000   acc = 1.000
  waterbird_complete50 = 1, forest2water2 = 0  [n = 52]:	loss = 0.063  exp loss = 0.116  adjusted loss = 0.116  adv prob = 0.250000   acc = 0.981
  waterbird_complete50 = 1, forest2water2 = 1  [n = 64]:	loss = 0.050  exp loss = 0.095  adjusted loss = 0.095  adv prob = 0.250000   acc = 0.984

Validation:
Average incurred loss: 0.547  
Average sample loss: 0.539  
Average acc: 0.912  
  waterbird_complete50 = 0, forest2water2 = 0  [n = 465]:	loss = 0.001  exp loss = 0.000  adjusted loss = 0.000  adv prob = 0.250000   acc = 1.000
  waterbird_complete50 = 0, forest2water2 = 1  [n = 466]:	loss = 0.013  exp loss = 0.011  adjusted loss = 0.011  adv prob = 0.250000   acc = 0.994
  waterbird_complete50 = 1, forest2water2 = 0  [n = 134]:	loss = 2.614  exp loss = 2.999  adjusted loss = 2.999  adv prob = 0.250000   acc = 0.604
  waterbird_complete50 = 1, forest2water2 = 1  [n = 134]:	loss = 2.234  exp loss = 2.217  adjusted loss = 2.217  adv prob = 0.250000   acc = 0.627
Current lr: 0.000010
Current validation accuracy: 0.6044776439666748


Epoch [127]:
Training:
Average incurred loss: 0.026  
Average sample loss: 0.035  
Average acc: 0.996  
  waterbird_complete50 = 0, forest2water2 = 0  [n = 59]:	loss = 0.000  exp loss = 0.000  adjusted loss = 0.000  adv prob = 0.250000   acc = 1.000
  waterbird_complete50 = 0, forest2water2 = 1  [n = 56]:	loss = 0.000  exp loss = 0.000  adjusted loss = 0.000  adv prob = 0.250000   acc = 1.000
  waterbird_complete50 = 1, forest2water2 = 0  [n = 59]:	loss = 0.049  exp loss = 0.092  adjusted loss = 0.092  adv prob = 0.250000   acc = 1.000
  waterbird_complete50 = 1, forest2water2 = 1  [n = 50]:	loss = 0.060  exp loss = 0.107  adjusted loss = 0.107  adv prob = 0.250000   acc = 0.980

Validation:
Average incurred loss: 0.542  
Average sample loss: 0.535  
Average acc: 0.912  
  waterbird_complete50 = 0, forest2water2 = 0  [n = 465]:	loss = 0.001  exp loss = 0.000  adjusted loss = 0.000  adv prob = 0.250000   acc = 1.000
  waterbird_complete50 = 0, forest2water2 = 1  [n = 466]:	loss = 0.014  exp loss = 0.012  adjusted loss = 0.012  adv prob = 0.250000   acc = 0.994
  waterbird_complete50 = 1, forest2water2 = 0  [n = 134]:	loss = 2.592  exp loss = 2.978  adjusted loss = 2.978  adv prob = 0.250000   acc = 0.604
  waterbird_complete50 = 1, forest2water2 = 1  [n = 134]:	loss = 2.209  exp loss = 2.181  adjusted loss = 2.181  adv prob = 0.250000   acc = 0.634
Current lr: 0.000010
Current validation accuracy: 0.6044776439666748


Epoch [128]:
Training:
Average incurred loss: 0.012  
Average sample loss: 0.012  
Average acc: 1.000  
  waterbird_complete50 = 0, forest2water2 = 0  [n = 56]:	loss = 0.000  exp loss = 0.000  adjusted loss = 0.000  adv prob = 0.250000   acc = 1.000
  waterbird_complete50 = 0, forest2water2 = 1  [n = 58]:	loss = 0.000  exp loss = 0.000  adjusted loss = 0.000  adv prob = 0.250000   acc = 1.000
  waterbird_complete50 = 1, forest2water2 = 0  [n = 56]:	loss = 0.036  exp loss = 0.077  adjusted loss = 0.077  adv prob = 0.250000   acc = 1.000
  waterbird_complete50 = 1, forest2water2 = 1  [n = 54]:	loss = 0.012  exp loss = 0.074  adjusted loss = 0.074  adv prob = 0.250000   acc = 1.000

Validation:
Average incurred loss: 0.529  
Average sample loss: 0.522  
Average acc: 0.914  
  waterbird_complete50 = 0, forest2water2 = 0  [n = 465]:	loss = 0.001  exp loss = 0.000  adjusted loss = 0.000  adv prob = 0.250000   acc = 1.000
  waterbird_complete50 = 0, forest2water2 = 1  [n = 466]:	loss = 0.016  exp loss = 0.014  adjusted loss = 0.014  adv prob = 0.250000   acc = 0.994
  waterbird_complete50 = 1, forest2water2 = 0  [n = 134]:	loss = 2.523  exp loss = 2.887  adjusted loss = 2.887  adv prob = 0.250000   acc = 0.619
  waterbird_complete50 = 1, forest2water2 = 1  [n = 134]:	loss = 2.156  exp loss = 2.143  adjusted loss = 2.143  adv prob = 0.250000   acc = 0.634
Current lr: 0.000010
Current validation accuracy: 0.6194030046463013


Epoch [129]:
Training:
Average incurred loss: 0.122  
Average sample loss: 0.211  
Average acc: 0.969  
  waterbird_complete50 = 0, forest2water2 = 0  [n = 66]:	loss = 0.000  exp loss = 0.000  adjusted loss = 0.000  adv prob = 0.250000   acc = 1.000
  waterbird_complete50 = 0, forest2water2 = 1  [n = 50]:	loss = 0.000  exp loss = 0.000  adjusted loss = 0.000  adv prob = 0.250000   acc = 1.000
  waterbird_complete50 = 1, forest2water2 = 0  [n = 61]:	loss = 0.165  exp loss = 0.149  adjusted loss = 0.149  adv prob = 0.250000   acc = 0.934
  waterbird_complete50 = 1, forest2water2 = 1  [n = 47]:	loss = 0.367  exp loss = 0.192  adjusted loss = 0.192  adv prob = 0.250000   acc = 0.936

Validation:
Average incurred loss: 0.528  
Average sample loss: 0.521  
Average acc: 0.914  
  waterbird_complete50 = 0, forest2water2 = 0  [n = 465]:	loss = 0.001  exp loss = 0.000  adjusted loss = 0.000  adv prob = 0.250000   acc = 1.000
  waterbird_complete50 = 0, forest2water2 = 1  [n = 466]:	loss = 0.015  exp loss = 0.014  adjusted loss = 0.014  adv prob = 0.250000   acc = 0.994
  waterbird_complete50 = 1, forest2water2 = 0  [n = 134]:	loss = 2.539  exp loss = 2.912  adjusted loss = 2.912  adv prob = 0.250000   acc = 0.604
  waterbird_complete50 = 1, forest2water2 = 1  [n = 134]:	loss = 2.133  exp loss = 2.119  adjusted loss = 2.119  adv prob = 0.250000   acc = 0.649
Current lr: 0.000010
Current validation accuracy: 0.6044776439666748


Epoch [130]:
Training:
Average incurred loss: 0.045  
Average sample loss: 0.040  
Average acc: 0.982  
  waterbird_complete50 = 0, forest2water2 = 0  [n = 63]:	loss = 0.000  exp loss = 0.000  adjusted loss = 0.000  adv prob = 0.250000   acc = 1.000
  waterbird_complete50 = 0, forest2water2 = 1  [n = 47]:	loss = 0.000  exp loss = 0.000  adjusted loss = 0.000  adv prob = 0.250000   acc = 1.000
  waterbird_complete50 = 1, forest2water2 = 0  [n = 59]:	loss = 0.144  exp loss = 0.132  adjusted loss = 0.132  adv prob = 0.250000   acc = 0.932
  waterbird_complete50 = 1, forest2water2 = 1  [n = 55]:	loss = 0.027  exp loss = 0.134  adjusted loss = 0.134  adv prob = 0.250000   acc = 1.000

Validation:
Average incurred loss: 0.531  
Average sample loss: 0.523  
Average acc: 0.913  
  waterbird_complete50 = 0, forest2water2 = 0  [n = 465]:	loss = 0.001  exp loss = 0.000  adjusted loss = 0.000  adv prob = 0.250000   acc = 1.000
  waterbird_complete50 = 0, forest2water2 = 1  [n = 466]:	loss = 0.015  exp loss = 0.014  adjusted loss = 0.014  adv prob = 0.250000   acc = 0.994
  waterbird_complete50 = 1, forest2water2 = 0  [n = 134]:	loss = 2.558  exp loss = 2.938  adjusted loss = 2.938  adv prob = 0.250000   acc = 0.597
  waterbird_complete50 = 1, forest2water2 = 1  [n = 134]:	loss = 2.135  exp loss = 2.118  adjusted loss = 2.118  adv prob = 0.250000   acc = 0.649
Current lr: 0.000010
Current validation accuracy: 0.5970149040222168


Epoch [131]:
Training:
Average incurred loss: 0.028  
Average sample loss: 0.025  
Average acc: 0.982  
  waterbird_complete50 = 0, forest2water2 = 0  [n = 70]:	loss = 0.000  exp loss = 0.000  adjusted loss = 0.000  adv prob = 0.250000   acc = 1.000
  waterbird_complete50 = 0, forest2water2 = 1  [n = 53]:	loss = 0.000  exp loss = 0.000  adjusted loss = 0.000  adv prob = 0.250000   acc = 1.000
  waterbird_complete50 = 1, forest2water2 = 0  [n = 44]:	loss = 0.080  exp loss = 0.106  adjusted loss = 0.106  adv prob = 0.250000   acc = 0.955
  waterbird_complete50 = 1, forest2water2 = 1  [n = 57]:	loss = 0.047  exp loss = 0.103  adjusted loss = 0.103  adv prob = 0.250000   acc = 0.965

Validation:
Average incurred loss: 0.500  
Average sample loss: 0.493  
Average acc: 0.920  
  waterbird_complete50 = 0, forest2water2 = 0  [n = 465]:	loss = 0.001  exp loss = 0.000  adjusted loss = 0.000  adv prob = 0.250000   acc = 1.000
  waterbird_complete50 = 0, forest2water2 = 1  [n = 466]:	loss = 0.018  exp loss = 0.017  adjusted loss = 0.017  adv prob = 0.250000   acc = 0.994
  waterbird_complete50 = 1, forest2water2 = 0  [n = 134]:	loss = 2.402  exp loss = 2.740  adjusted loss = 2.740  adv prob = 0.250000   acc = 0.627
  waterbird_complete50 = 1, forest2water2 = 1  [n = 134]:	loss = 2.001  exp loss = 1.989  adjusted loss = 1.989  adv prob = 0.250000   acc = 0.679
Current lr: 0.000010
Current validation accuracy: 0.6268656253814697


Epoch [132]:
Training:
Average incurred loss: 0.058  
Average sample loss: 0.088  
Average acc: 0.982  
  waterbird_complete50 = 0, forest2water2 = 0  [n = 57]:	loss = 0.000  exp loss = 0.000  adjusted loss = 0.000  adv prob = 0.250000   acc = 1.000
  waterbird_complete50 = 0, forest2water2 = 1  [n = 61]:	loss = 0.000  exp loss = 0.000  adjusted loss = 0.000  adv prob = 0.250000   acc = 1.000
  waterbird_complete50 = 1, forest2water2 = 0  [n = 49]:	loss = 0.129  exp loss = 0.118  adjusted loss = 0.118  adv prob = 0.250000   acc = 0.959
  waterbird_complete50 = 1, forest2water2 = 1  [n = 57]:	loss = 0.117  exp loss = 0.150  adjusted loss = 0.150  adv prob = 0.250000   acc = 0.965

Validation:
Average incurred loss: 0.500  
Average sample loss: 0.493  
Average acc: 0.919  
  waterbird_complete50 = 0, forest2water2 = 0  [n = 465]:	loss = 0.001  exp loss = 0.000  adjusted loss = 0.000  adv prob = 0.250000   acc = 1.000
  waterbird_complete50 = 0, forest2water2 = 1  [n = 466]:	loss = 0.018  exp loss = 0.017  adjusted loss = 0.017  adv prob = 0.250000   acc = 0.994
  waterbird_complete50 = 1, forest2water2 = 0  [n = 134]:	loss = 2.395  exp loss = 2.732  adjusted loss = 2.732  adv prob = 0.250000   acc = 0.619
  waterbird_complete50 = 1, forest2water2 = 1  [n = 134]:	loss = 2.013  exp loss = 1.995  adjusted loss = 1.995  adv prob = 0.250000   acc = 0.679
Current lr: 0.000010
Current validation accuracy: 0.6194030046463013


Epoch [133]:
Training:
Average incurred loss: 0.174  
Average sample loss: 0.169  
Average acc: 0.942  
  waterbird_complete50 = 0, forest2water2 = 0  [n = 41]:	loss = 0.000  exp loss = 0.000  adjusted loss = 0.000  adv prob = 0.250000   acc = 1.000
  waterbird_complete50 = 0, forest2water2 = 1  [n = 55]:	loss = 0.000  exp loss = 0.000  adjusted loss = 0.000  adv prob = 0.250000   acc = 1.000
  waterbird_complete50 = 1, forest2water2 = 0  [n = 62]:	loss = 0.358  exp loss = 0.196  adjusted loss = 0.196  adv prob = 0.250000   acc = 0.855
  waterbird_complete50 = 1, forest2water2 = 1  [n = 66]:	loss = 0.254  exp loss = 0.155  adjusted loss = 0.155  adv prob = 0.250000   acc = 0.939

Validation:
Average incurred loss: 0.554  
Average sample loss: 0.547  
Average acc: 0.910  
  waterbird_complete50 = 0, forest2water2 = 0  [n = 465]:	loss = 0.000  exp loss = 0.000  adjusted loss = 0.000  adv prob = 0.250000   acc = 1.000
  waterbird_complete50 = 0, forest2water2 = 1  [n = 466]:	loss = 0.013  exp loss = 0.012  adjusted loss = 0.012  adv prob = 0.250000   acc = 0.994
  waterbird_complete50 = 1, forest2water2 = 0  [n = 134]:	loss = 2.653  exp loss = 3.038  adjusted loss = 3.038  adv prob = 0.250000   acc = 0.597
  waterbird_complete50 = 1, forest2water2 = 1  [n = 134]:	loss = 2.261  exp loss = 2.235  adjusted loss = 2.235  adv prob = 0.250000   acc = 0.619
Current lr: 0.000010
Current validation accuracy: 0.5970149040222168


Epoch [134]:
Training:
Average incurred loss: 0.131  
Average sample loss: 0.115  
Average acc: 0.946  
  waterbird_complete50 = 0, forest2water2 = 0  [n = 51]:	loss = 0.000  exp loss = 0.000  adjusted loss = 0.000  adv prob = 0.250000   acc = 1.000
  waterbird_complete50 = 0, forest2water2 = 1  [n = 47]:	loss = 0.000  exp loss = 0.000  adjusted loss = 0.000  adv prob = 0.250000   acc = 1.000
  waterbird_complete50 = 1, forest2water2 = 0  [n = 55]:	loss = 0.376  exp loss = 0.229  adjusted loss = 0.229  adv prob = 0.250000   acc = 0.818
  waterbird_complete50 = 1, forest2water2 = 1  [n = 71]:	loss = 0.123  exp loss = 0.135  adjusted loss = 0.135  adv prob = 0.250000   acc = 0.972

Validation:
Average incurred loss: 0.586  
Average sample loss: 0.578  
Average acc: 0.906  
  waterbird_complete50 = 0, forest2water2 = 0  [n = 465]:	loss = 0.000  exp loss = 0.000  adjusted loss = 0.000  adv prob = 0.250000   acc = 1.000
  waterbird_complete50 = 0, forest2water2 = 1  [n = 466]:	loss = 0.011  exp loss = 0.010  adjusted loss = 0.010  adv prob = 0.250000   acc = 0.994
  waterbird_complete50 = 1, forest2water2 = 0  [n = 134]:	loss = 2.771  exp loss = 3.195  adjusted loss = 3.195  adv prob = 0.250000   acc = 0.582
  waterbird_complete50 = 1, forest2water2 = 1  [n = 134]:	loss = 2.436  exp loss = 2.407  adjusted loss = 2.407  adv prob = 0.250000   acc = 0.597
Current lr: 0.000010
Current validation accuracy: 0.5820895433425903


Epoch [135]:
Training:
Average incurred loss: 0.152  
Average sample loss: 0.257  
Average acc: 0.964  
  waterbird_complete50 = 0, forest2water2 = 0  [n = 60]:	loss = 0.000  exp loss = 0.000  adjusted loss = 0.000  adv prob = 0.250000   acc = 1.000
  waterbird_complete50 = 0, forest2water2 = 1  [n = 47]:	loss = 0.000  exp loss = 0.000  adjusted loss = 0.000  adv prob = 0.250000   acc = 1.000
  waterbird_complete50 = 1, forest2water2 = 0  [n = 43]:	loss = 0.105  exp loss = 0.204  adjusted loss = 0.204  adv prob = 0.250000   acc = 0.977
  waterbird_complete50 = 1, forest2water2 = 1  [n = 74]:	loss = 0.400  exp loss = 0.296  adjusted loss = 0.296  adv prob = 0.250000   acc = 0.905

Validation:
Average incurred loss: 0.618  
Average sample loss: 0.609  
Average acc: 0.903  
  waterbird_complete50 = 0, forest2water2 = 0  [n = 465]:	loss = 0.000  exp loss = 0.000  adjusted loss = 0.000  adv prob = 0.250000   acc = 1.000
  waterbird_complete50 = 0, forest2water2 = 1  [n = 466]:	loss = 0.009  exp loss = 0.007  adjusted loss = 0.007  adv prob = 0.250000   acc = 0.996
  waterbird_complete50 = 1, forest2water2 = 0  [n = 134]:	loss = 2.903  exp loss = 3.361  adjusted loss = 3.361  adv prob = 0.250000   acc = 0.575
  waterbird_complete50 = 1, forest2water2 = 1  [n = 134]:	loss = 2.592  exp loss = 2.560  adjusted loss = 2.560  adv prob = 0.250000   acc = 0.575
Current lr: 0.000010
Current validation accuracy: 0.5746268033981323


Epoch [136]:
Training:
Average incurred loss: 0.016  
Average sample loss: 0.014  
Average acc: 0.991  
  waterbird_complete50 = 0, forest2water2 = 0  [n = 59]:	loss = 0.000  exp loss = 0.000  adjusted loss = 0.000  adv prob = 0.250000   acc = 1.000
  waterbird_complete50 = 0, forest2water2 = 1  [n = 58]:	loss = 0.000  exp loss = 0.000  adjusted loss = 0.000  adv prob = 0.250000   acc = 1.000
  waterbird_complete50 = 1, forest2water2 = 0  [n = 49]:	loss = 0.038  exp loss = 0.146  adjusted loss = 0.146  adv prob = 0.250000   acc = 0.980
  waterbird_complete50 = 1, forest2water2 = 1  [n = 58]:	loss = 0.031  exp loss = 0.201  adjusted loss = 0.201  adv prob = 0.250000   acc = 0.983

Validation:
Average incurred loss: 0.534  
Average sample loss: 0.526  
Average acc: 0.912  
  waterbird_complete50 = 0, forest2water2 = 0  [n = 465]:	loss = 0.001  exp loss = 0.000  adjusted loss = 0.000  adv prob = 0.250000   acc = 1.000
  waterbird_complete50 = 0, forest2water2 = 1  [n = 466]:	loss = 0.014  exp loss = 0.012  adjusted loss = 0.012  adv prob = 0.250000   acc = 0.994
  waterbird_complete50 = 1, forest2water2 = 0  [n = 134]:	loss = 2.527  exp loss = 2.889  adjusted loss = 2.889  adv prob = 0.250000   acc = 0.604
  waterbird_complete50 = 1, forest2water2 = 1  [n = 134]:	loss = 2.201  exp loss = 2.186  adjusted loss = 2.186  adv prob = 0.250000   acc = 0.634
Current lr: 0.000010
Current validation accuracy: 0.6044776439666748


Epoch [137]:
Training:
Average incurred loss: 0.040  
Average sample loss: 0.047  
Average acc: 0.987  
  waterbird_complete50 = 0, forest2water2 = 0  [n = 46]:	loss = 0.000  exp loss = 0.000  adjusted loss = 0.000  adv prob = 0.250000   acc = 1.000
  waterbird_complete50 = 0, forest2water2 = 1  [n = 64]:	loss = 0.000  exp loss = 0.000  adjusted loss = 0.000  adv prob = 0.250000   acc = 1.000
  waterbird_complete50 = 1, forest2water2 = 0  [n = 59]:	loss = 0.085  exp loss = 0.127  adjusted loss = 0.127  adv prob = 0.250000   acc = 0.983
  waterbird_complete50 = 1, forest2water2 = 1  [n = 55]:	loss = 0.071  exp loss = 0.154  adjusted loss = 0.154  adv prob = 0.250000   acc = 0.964

Validation:
Average incurred loss: 0.530  
Average sample loss: 0.523  
Average acc: 0.912  
  waterbird_complete50 = 0, forest2water2 = 0  [n = 465]:	loss = 0.000  exp loss = 0.000  adjusted loss = 0.000  adv prob = 0.250000   acc = 1.000
  waterbird_complete50 = 0, forest2water2 = 1  [n = 466]:	loss = 0.013  exp loss = 0.011  adjusted loss = 0.011  adv prob = 0.250000   acc = 0.994
  waterbird_complete50 = 1, forest2water2 = 0  [n = 134]:	loss = 2.529  exp loss = 2.892  adjusted loss = 2.892  adv prob = 0.250000   acc = 0.597
  waterbird_complete50 = 1, forest2water2 = 1  [n = 134]:	loss = 2.167  exp loss = 2.153  adjusted loss = 2.153  adv prob = 0.250000   acc = 0.634
Current lr: 0.000010
Current validation accuracy: 0.5970149636268616


Epoch [138]:
Training:
Average incurred loss: 0.051  
Average sample loss: 0.045  
Average acc: 0.987  
  waterbird_complete50 = 0, forest2water2 = 0  [n = 55]:	loss = 0.000  exp loss = 0.000  adjusted loss = 0.000  adv prob = 0.250000   acc = 1.000
  waterbird_complete50 = 0, forest2water2 = 1  [n = 56]:	loss = 0.000  exp loss = 0.000  adjusted loss = 0.000  adv prob = 0.250000   acc = 1.000
  waterbird_complete50 = 1, forest2water2 = 0  [n = 58]:	loss = 0.065  exp loss = 0.099  adjusted loss = 0.099  adv prob = 0.250000   acc = 0.983
  waterbird_complete50 = 1, forest2water2 = 1  [n = 55]:	loss = 0.140  exp loss = 0.138  adjusted loss = 0.138  adv prob = 0.250000   acc = 0.964

Validation:
Average incurred loss: 0.519  
Average sample loss: 0.512  
Average acc: 0.912  
  waterbird_complete50 = 0, forest2water2 = 0  [n = 465]:	loss = 0.000  exp loss = 0.000  adjusted loss = 0.000  adv prob = 0.250000   acc = 1.000
  waterbird_complete50 = 0, forest2water2 = 1  [n = 466]:	loss = 0.013  exp loss = 0.012  adjusted loss = 0.012  adv prob = 0.250000   acc = 0.994
  waterbird_complete50 = 1, forest2water2 = 0  [n = 134]:	loss = 2.499  exp loss = 2.844  adjusted loss = 2.844  adv prob = 0.250000   acc = 0.597
  waterbird_complete50 = 1, forest2water2 = 1  [n = 134]:	loss = 2.101  exp loss = 2.092  adjusted loss = 2.092  adv prob = 0.250000   acc = 0.642
Current lr: 0.000010
Current validation accuracy: 0.5970149636268616


Epoch [139]:
Training:
Average incurred loss: 0.015  
Average sample loss: 0.013  
Average acc: 1.000  
  waterbird_complete50 = 0, forest2water2 = 0  [n = 59]:	loss = 0.000  exp loss = 0.000  adjusted loss = 0.000  adv prob = 0.250000   acc = 1.000
  waterbird_complete50 = 0, forest2water2 = 1  [n = 58]:	loss = 0.000  exp loss = 0.000  adjusted loss = 0.000  adv prob = 0.250000   acc = 1.000
  waterbird_complete50 = 1, forest2water2 = 0  [n = 64]:	loss = 0.041  exp loss = 0.076  adjusted loss = 0.076  adv prob = 0.250000   acc = 1.000
  waterbird_complete50 = 1, forest2water2 = 1  [n = 43]:	loss = 0.018  exp loss = 0.096  adjusted loss = 0.096  adv prob = 0.250000   acc = 1.000

Validation:
Average incurred loss: 0.504  
Average sample loss: 0.497  
Average acc: 0.915  
  waterbird_complete50 = 0, forest2water2 = 0  [n = 465]:	loss = 0.001  exp loss = 0.000  adjusted loss = 0.000  adv prob = 0.250000   acc = 1.000
  waterbird_complete50 = 0, forest2water2 = 1  [n = 466]:	loss = 0.016  exp loss = 0.014  adjusted loss = 0.014  adv prob = 0.250000   acc = 0.994
  waterbird_complete50 = 1, forest2water2 = 0  [n = 134]:	loss = 2.440  exp loss = 2.769  adjusted loss = 2.769  adv prob = 0.250000   acc = 0.604
  waterbird_complete50 = 1, forest2water2 = 1  [n = 134]:	loss = 2.013  exp loss = 2.008  adjusted loss = 2.008  adv prob = 0.250000   acc = 0.657
Current lr: 0.000010
Current validation accuracy: 0.6044776439666748


Epoch [140]:
Training:
Average incurred loss: 0.029  
Average sample loss: 0.026  
Average acc: 0.996  
  waterbird_complete50 = 0, forest2water2 = 0  [n = 64]:	loss = 0.000  exp loss = 0.000  adjusted loss = 0.000  adv prob = 0.250000   acc = 1.000
  waterbird_complete50 = 0, forest2water2 = 1  [n = 52]:	loss = 0.000  exp loss = 0.000  adjusted loss = 0.000  adv prob = 0.250000   acc = 1.000
  waterbird_complete50 = 1, forest2water2 = 0  [n = 57]:	loss = 0.071  exp loss = 0.067  adjusted loss = 0.067  adv prob = 0.250000   acc = 0.982
  waterbird_complete50 = 1, forest2water2 = 1  [n = 51]:	loss = 0.048  exp loss = 0.074  adjusted loss = 0.074  adv prob = 0.250000   acc = 1.000

Validation:
Average incurred loss: 0.470  
Average sample loss: 0.463  
Average acc: 0.921  
  waterbird_complete50 = 0, forest2water2 = 0  [n = 465]:	loss = 0.001  exp loss = 0.000  adjusted loss = 0.000  adv prob = 0.250000   acc = 1.000
  waterbird_complete50 = 0, forest2water2 = 1  [n = 466]:	loss = 0.019  exp loss = 0.017  adjusted loss = 0.017  adv prob = 0.250000   acc = 0.994
  waterbird_complete50 = 1, forest2water2 = 0  [n = 134]:	loss = 2.289  exp loss = 2.576  adjusted loss = 2.576  adv prob = 0.250000   acc = 0.627
  waterbird_complete50 = 1, forest2water2 = 1  [n = 134]:	loss = 1.849  exp loss = 1.842  adjusted loss = 1.842  adv prob = 0.250000   acc = 0.687
Current lr: 0.000010
Current validation accuracy: 0.6268656253814697


Epoch [141]:
Training:
Average incurred loss: 0.168  
Average sample loss: 0.161  
Average acc: 0.929  
  waterbird_complete50 = 0, forest2water2 = 0  [n = 50]:	loss = 0.000  exp loss = 0.000  adjusted loss = 0.000  adv prob = 0.250000   acc = 1.000
  waterbird_complete50 = 0, forest2water2 = 1  [n = 48]:	loss = 0.000  exp loss = 0.000  adjusted loss = 0.000  adv prob = 0.250000   acc = 1.000
  waterbird_complete50 = 1, forest2water2 = 0  [n = 65]:	loss = 0.348  exp loss = 0.161  adjusted loss = 0.161  adv prob = 0.250000   acc = 0.846
  waterbird_complete50 = 1, forest2water2 = 1  [n = 61]:	loss = 0.245  exp loss = 0.117  adjusted loss = 0.117  adv prob = 0.250000   acc = 0.902

Validation:
Average incurred loss: 0.520  
Average sample loss: 0.513  
Average acc: 0.912  
  waterbird_complete50 = 0, forest2water2 = 0  [n = 465]:	loss = 0.000  exp loss = 0.000  adjusted loss = 0.000  adv prob = 0.250000   acc = 1.000
  waterbird_complete50 = 0, forest2water2 = 1  [n = 466]:	loss = 0.013  exp loss = 0.012  adjusted loss = 0.012  adv prob = 0.250000   acc = 0.994
  waterbird_complete50 = 1, forest2water2 = 0  [n = 134]:	loss = 2.521  exp loss = 2.876  adjusted loss = 2.876  adv prob = 0.250000   acc = 0.590
  waterbird_complete50 = 1, forest2water2 = 1  [n = 134]:	loss = 2.083  exp loss = 2.060  adjusted loss = 2.060  adv prob = 0.250000   acc = 0.649
Current lr: 0.000010
Current validation accuracy: 0.5895521640777588


Epoch [142]:
Training:
Average incurred loss: 0.025  
Average sample loss: 0.039  
Average acc: 0.996  
  waterbird_complete50 = 0, forest2water2 = 0  [n = 53]:	loss = 0.000  exp loss = 0.000  adjusted loss = 0.000  adv prob = 0.250000   acc = 1.000
  waterbird_complete50 = 0, forest2water2 = 1  [n = 58]:	loss = 0.000  exp loss = 0.000  adjusted loss = 0.000  adv prob = 0.250000   acc = 1.000
  waterbird_complete50 = 1, forest2water2 = 0  [n = 54]:	loss = 0.081  exp loss = 0.137  adjusted loss = 0.137  adv prob = 0.250000   acc = 0.981
  waterbird_complete50 = 1, forest2water2 = 1  [n = 59]:	loss = 0.020  exp loss = 0.091  adjusted loss = 0.091  adv prob = 0.250000   acc = 1.000

Validation:
Average incurred loss: 0.523  
Average sample loss: 0.516  
Average acc: 0.912  
  waterbird_complete50 = 0, forest2water2 = 0  [n = 465]:	loss = 0.001  exp loss = 0.000  adjusted loss = 0.000  adv prob = 0.250000   acc = 1.000
  waterbird_complete50 = 0, forest2water2 = 1  [n = 466]:	loss = 0.013  exp loss = 0.012  adjusted loss = 0.012  adv prob = 0.250000   acc = 0.994
  waterbird_complete50 = 1, forest2water2 = 0  [n = 134]:	loss = 2.528  exp loss = 2.872  adjusted loss = 2.872  adv prob = 0.250000   acc = 0.582
  waterbird_complete50 = 1, forest2water2 = 1  [n = 134]:	loss = 2.108  exp loss = 2.094  adjusted loss = 2.094  adv prob = 0.250000   acc = 0.649
Current lr: 0.000010
Current validation accuracy: 0.5820895433425903


Epoch [143]:
Training:
Average incurred loss: 0.021  
Average sample loss: 0.019  
Average acc: 1.000  
  waterbird_complete50 = 0, forest2water2 = 0  [n = 58]:	loss = 0.000  exp loss = 0.000  adjusted loss = 0.000  adv prob = 0.250000   acc = 1.000
  waterbird_complete50 = 0, forest2water2 = 1  [n = 51]:	loss = 0.000  exp loss = 0.000  adjusted loss = 0.000  adv prob = 0.250000   acc = 1.000
  waterbird_complete50 = 1, forest2water2 = 0  [n = 56]:	loss = 0.046  exp loss = 0.103  adjusted loss = 0.103  adv prob = 0.250000   acc = 1.000
  waterbird_complete50 = 1, forest2water2 = 1  [n = 59]:	loss = 0.035  exp loss = 0.071  adjusted loss = 0.071  adv prob = 0.250000   acc = 1.000

Validation:
Average incurred loss: 0.519  
Average sample loss: 0.512  
Average acc: 0.913  
  waterbird_complete50 = 0, forest2water2 = 0  [n = 465]:	loss = 0.001  exp loss = 0.000  adjusted loss = 0.000  adv prob = 0.250000   acc = 1.000
  waterbird_complete50 = 0, forest2water2 = 1  [n = 466]:	loss = 0.013  exp loss = 0.012  adjusted loss = 0.012  adv prob = 0.250000   acc = 0.994
  waterbird_complete50 = 1, forest2water2 = 0  [n = 134]:	loss = 2.504  exp loss = 2.843  adjusted loss = 2.843  adv prob = 0.250000   acc = 0.597
  waterbird_complete50 = 1, forest2water2 = 1  [n = 134]:	loss = 2.093  exp loss = 2.084  adjusted loss = 2.084  adv prob = 0.250000   acc = 0.649
Current lr: 0.000010
Current validation accuracy: 0.5970149040222168


Epoch [144]:
Training:
Average incurred loss: 0.027  
Average sample loss: 0.030  
Average acc: 0.987  
  waterbird_complete50 = 0, forest2water2 = 0  [n = 65]:	loss = 0.000  exp loss = 0.000  adjusted loss = 0.000  adv prob = 0.250000   acc = 1.000
  waterbird_complete50 = 0, forest2water2 = 1  [n = 48]:	loss = 0.000  exp loss = 0.000  adjusted loss = 0.000  adv prob = 0.250000   acc = 1.000
  waterbird_complete50 = 1, forest2water2 = 0  [n = 58]:	loss = 0.092  exp loss = 0.108  adjusted loss = 0.108  adv prob = 0.250000   acc = 0.948
  waterbird_complete50 = 1, forest2water2 = 1  [n = 53]:	loss = 0.012  exp loss = 0.052  adjusted loss = 0.052  adv prob = 0.250000   acc = 1.000

Validation:
Average incurred loss: 0.513  
Average sample loss: 0.506  
Average acc: 0.916  
  waterbird_complete50 = 0, forest2water2 = 0  [n = 465]:	loss = 0.001  exp loss = 0.000  adjusted loss = 0.000  adv prob = 0.250000   acc = 1.000
  waterbird_complete50 = 0, forest2water2 = 1  [n = 466]:	loss = 0.014  exp loss = 0.013  adjusted loss = 0.013  adv prob = 0.250000   acc = 0.994
  waterbird_complete50 = 1, forest2water2 = 0  [n = 134]:	loss = 2.485  exp loss = 2.833  adjusted loss = 2.833  adv prob = 0.250000   acc = 0.604
  waterbird_complete50 = 1, forest2water2 = 1  [n = 134]:	loss = 2.051  exp loss = 2.042  adjusted loss = 2.042  adv prob = 0.250000   acc = 0.664
Current lr: 0.000010
Current validation accuracy: 0.6044776439666748


Epoch [145]:
Training:
Average incurred loss: 0.027  
Average sample loss: 0.023  
Average acc: 0.991  
  waterbird_complete50 = 0, forest2water2 = 0  [n = 55]:	loss = 0.000  exp loss = 0.000  adjusted loss = 0.000  adv prob = 0.250000   acc = 1.000
  waterbird_complete50 = 0, forest2water2 = 1  [n = 60]:	loss = 0.000  exp loss = 0.000  adjusted loss = 0.000  adv prob = 0.250000   acc = 1.000
  waterbird_complete50 = 1, forest2water2 = 0  [n = 59]:	loss = 0.089  exp loss = 0.093  adjusted loss = 0.093  adv prob = 0.250000   acc = 0.966
  waterbird_complete50 = 1, forest2water2 = 1  [n = 50]:	loss = 0.014  exp loss = 0.038  adjusted loss = 0.038  adv prob = 0.250000   acc = 1.000

Validation:
Average incurred loss: 0.493  
Average sample loss: 0.486  
Average acc: 0.917  
  waterbird_complete50 = 0, forest2water2 = 0  [n = 465]:	loss = 0.001  exp loss = 0.000  adjusted loss = 0.000  adv prob = 0.250000   acc = 1.000
  waterbird_complete50 = 0, forest2water2 = 1  [n = 466]:	loss = 0.016  exp loss = 0.015  adjusted loss = 0.015  adv prob = 0.250000   acc = 0.994
  waterbird_complete50 = 1, forest2water2 = 0  [n = 134]:	loss = 2.386  exp loss = 2.693  adjusted loss = 2.693  adv prob = 0.250000   acc = 0.604
  waterbird_complete50 = 1, forest2water2 = 1  [n = 134]:	loss = 1.966  exp loss = 1.957  adjusted loss = 1.957  adv prob = 0.250000   acc = 0.672
Current lr: 0.000010
Current validation accuracy: 0.6044776439666748


Epoch [146]:
Training:
Average incurred loss: 0.016  
Average sample loss: 0.014  
Average acc: 0.996  
  waterbird_complete50 = 0, forest2water2 = 0  [n = 55]:	loss = 0.000  exp loss = 0.000  adjusted loss = 0.000  adv prob = 0.250000   acc = 1.000
  waterbird_complete50 = 0, forest2water2 = 1  [n = 60]:	loss = 0.000  exp loss = 0.000  adjusted loss = 0.000  adv prob = 0.250000   acc = 1.000
  waterbird_complete50 = 1, forest2water2 = 0  [n = 48]:	loss = 0.053  exp loss = 0.076  adjusted loss = 0.076  adv prob = 0.250000   acc = 0.979
  waterbird_complete50 = 1, forest2water2 = 1  [n = 61]:	loss = 0.017  exp loss = 0.029  adjusted loss = 0.029  adv prob = 0.250000   acc = 1.000

Validation:
Average incurred loss: 0.463  
Average sample loss: 0.456  
Average acc: 0.922  
  waterbird_complete50 = 0, forest2water2 = 0  [n = 465]:	loss = 0.001  exp loss = 0.000  adjusted loss = 0.000  adv prob = 0.250000   acc = 1.000
  waterbird_complete50 = 0, forest2water2 = 1  [n = 466]:	loss = 0.019  exp loss = 0.018  adjusted loss = 0.018  adv prob = 0.250000   acc = 0.994
  waterbird_complete50 = 1, forest2water2 = 0  [n = 134]:	loss = 2.252  exp loss = 2.528  adjusted loss = 2.528  adv prob = 0.250000   acc = 0.627
  waterbird_complete50 = 1, forest2water2 = 1  [n = 134]:	loss = 1.816  exp loss = 1.814  adjusted loss = 1.814  adv prob = 0.250000   acc = 0.694
Current lr: 0.000010
Current validation accuracy: 0.6268656253814697


Epoch [147]:
Training:
Average incurred loss: 0.008  
Average sample loss: 0.009  
Average acc: 1.000  
  waterbird_complete50 = 0, forest2water2 = 0  [n = 56]:	loss = 0.000  exp loss = 0.000  adjusted loss = 0.000  adv prob = 0.250000   acc = 1.000
  waterbird_complete50 = 0, forest2water2 = 1  [n = 62]:	loss = 0.000  exp loss = 0.000  adjusted loss = 0.000  adv prob = 0.250000   acc = 1.000
  waterbird_complete50 = 1, forest2water2 = 0  [n = 44]:	loss = 0.015  exp loss = 0.055  adjusted loss = 0.055  adv prob = 0.250000   acc = 1.000
  waterbird_complete50 = 1, forest2water2 = 1  [n = 62]:	loss = 0.019  exp loss = 0.026  adjusted loss = 0.026  adv prob = 0.250000   acc = 1.000

Validation:
Average incurred loss: 0.455  
Average sample loss: 0.449  
Average acc: 0.922  
  waterbird_complete50 = 0, forest2water2 = 0  [n = 465]:	loss = 0.001  exp loss = 0.001  adjusted loss = 0.001  adv prob = 0.250000   acc = 1.000
  waterbird_complete50 = 0, forest2water2 = 1  [n = 466]:	loss = 0.019  exp loss = 0.018  adjusted loss = 0.018  adv prob = 0.250000   acc = 0.994
  waterbird_complete50 = 1, forest2water2 = 0  [n = 134]:	loss = 2.192  exp loss = 2.447  adjusted loss = 2.447  adv prob = 0.250000   acc = 0.634
  waterbird_complete50 = 1, forest2water2 = 1  [n = 134]:	loss = 1.808  exp loss = 1.809  adjusted loss = 1.809  adv prob = 0.250000   acc = 0.694
Current lr: 0.000010
Current validation accuracy: 0.6343283653259277


Epoch [148]:
Training:
Average incurred loss: 0.016  
Average sample loss: 0.020  
Average acc: 1.000  
  waterbird_complete50 = 0, forest2water2 = 0  [n = 54]:	loss = 0.000  exp loss = 0.000  adjusted loss = 0.000  adv prob = 0.250000   acc = 1.000
  waterbird_complete50 = 0, forest2water2 = 1  [n = 58]:	loss = 0.000  exp loss = 0.000  adjusted loss = 0.000  adv prob = 0.250000   acc = 1.000
  waterbird_complete50 = 1, forest2water2 = 0  [n = 61]:	loss = 0.034  exp loss = 0.050  adjusted loss = 0.050  adv prob = 0.250000   acc = 1.000
  waterbird_complete50 = 1, forest2water2 = 1  [n = 51]:	loss = 0.029  exp loss = 0.031  adjusted loss = 0.031  adv prob = 0.250000   acc = 1.000

Validation:
Average incurred loss: 0.482  
Average sample loss: 0.475  
Average acc: 0.918  
  waterbird_complete50 = 0, forest2water2 = 0  [n = 465]:	loss = 0.001  exp loss = 0.000  adjusted loss = 0.000  adv prob = 0.250000   acc = 1.000
  waterbird_complete50 = 0, forest2water2 = 1  [n = 466]:	loss = 0.017  exp loss = 0.015  adjusted loss = 0.015  adv prob = 0.250000   acc = 0.994
  waterbird_complete50 = 1, forest2water2 = 0  [n = 134]:	loss = 2.313  exp loss = 2.601  adjusted loss = 2.601  adv prob = 0.250000   acc = 0.627
  waterbird_complete50 = 1, forest2water2 = 1  [n = 134]:	loss = 1.939  exp loss = 1.927  adjusted loss = 1.927  adv prob = 0.250000   acc = 0.664
Current lr: 0.000010
Current validation accuracy: 0.6268656253814697


Epoch [149]:
Training:
Average incurred loss: 0.028  
Average sample loss: 0.025  
Average acc: 0.996  
  waterbird_complete50 = 0, forest2water2 = 0  [n = 48]:	loss = 0.000  exp loss = 0.000  adjusted loss = 0.000  adv prob = 0.250000   acc = 1.000
  waterbird_complete50 = 0, forest2water2 = 1  [n = 61]:	loss = 0.000  exp loss = 0.000  adjusted loss = 0.000  adv prob = 0.250000   acc = 1.000
  waterbird_complete50 = 1, forest2water2 = 0  [n = 57]:	loss = 0.043  exp loss = 0.045  adjusted loss = 0.045  adv prob = 0.250000   acc = 1.000
  waterbird_complete50 = 1, forest2water2 = 1  [n = 58]:	loss = 0.066  exp loss = 0.039  adjusted loss = 0.039  adv prob = 0.250000   acc = 0.983

Validation:
Average incurred loss: 0.498  
Average sample loss: 0.491  
Average acc: 0.916  
  waterbird_complete50 = 0, forest2water2 = 0  [n = 465]:	loss = 0.001  exp loss = 0.000  adjusted loss = 0.000  adv prob = 0.250000   acc = 1.000
  waterbird_complete50 = 0, forest2water2 = 1  [n = 466]:	loss = 0.016  exp loss = 0.014  adjusted loss = 0.014  adv prob = 0.250000   acc = 0.994
  waterbird_complete50 = 1, forest2water2 = 0  [n = 134]:	loss = 2.383  exp loss = 2.670  adjusted loss = 2.670  adv prob = 0.250000   acc = 0.619
  waterbird_complete50 = 1, forest2water2 = 1  [n = 134]:	loss = 2.019  exp loss = 2.005  adjusted loss = 2.005  adv prob = 0.250000   acc = 0.649
Current lr: 0.000010
Current validation accuracy: 0.6194030046463013


Epoch [150]:
Training:
Average incurred loss: 0.022  
Average sample loss: 0.019  
Average acc: 0.991  
  waterbird_complete50 = 0, forest2water2 = 0  [n = 69]:	loss = 0.000  exp loss = 0.000  adjusted loss = 0.000  adv prob = 0.250000   acc = 1.000
  waterbird_complete50 = 0, forest2water2 = 1  [n = 56]:	loss = 0.000  exp loss = 0.000  adjusted loss = 0.000  adv prob = 0.250000   acc = 1.000
  waterbird_complete50 = 1, forest2water2 = 0  [n = 54]:	loss = 0.081  exp loss = 0.046  adjusted loss = 0.046  adv prob = 0.250000   acc = 0.963
  waterbird_complete50 = 1, forest2water2 = 1  [n = 45]:	loss = 0.012  exp loss = 0.029  adjusted loss = 0.029  adv prob = 0.250000   acc = 1.000

Validation:
Average incurred loss: 0.459  
Average sample loss: 0.453  
Average acc: 0.920  
  waterbird_complete50 = 0, forest2water2 = 0  [n = 465]:	loss = 0.001  exp loss = 0.000  adjusted loss = 0.000  adv prob = 0.250000   acc = 1.000
  waterbird_complete50 = 0, forest2water2 = 1  [n = 466]:	loss = 0.020  exp loss = 0.018  adjusted loss = 0.018  adv prob = 0.250000   acc = 0.994
  waterbird_complete50 = 1, forest2water2 = 0  [n = 134]:	loss = 2.206  exp loss = 2.479  adjusted loss = 2.479  adv prob = 0.250000   acc = 0.634
  waterbird_complete50 = 1, forest2water2 = 1  [n = 134]:	loss = 1.827  exp loss = 1.823  adjusted loss = 1.823  adv prob = 0.250000   acc = 0.672
Current lr: 0.000010
Current validation accuracy: 0.6343283653259277


Epoch [151]:
Training:
Average incurred loss: 0.008  
Average sample loss: 0.012  
Average acc: 1.000  
  waterbird_complete50 = 0, forest2water2 = 0  [n = 60]:	loss = 0.000  exp loss = 0.000  adjusted loss = 0.000  adv prob = 0.250000   acc = 1.000
  waterbird_complete50 = 0, forest2water2 = 1  [n = 56]:	loss = 0.000  exp loss = 0.000  adjusted loss = 0.000  adv prob = 0.250000   acc = 1.000
  waterbird_complete50 = 1, forest2water2 = 0  [n = 61]:	loss = 0.017  exp loss = 0.039  adjusted loss = 0.039  adv prob = 0.250000   acc = 1.000
  waterbird_complete50 = 1, forest2water2 = 1  [n = 47]:	loss = 0.016  exp loss = 0.027  adjusted loss = 0.027  adv prob = 0.250000   acc = 1.000

Validation:
Average incurred loss: 0.480  
Average sample loss: 0.474  
Average acc: 0.918  
  waterbird_complete50 = 0, forest2water2 = 0  [n = 465]:	loss = 0.001  exp loss = 0.001  adjusted loss = 0.001  adv prob = 0.250000   acc = 1.000
  waterbird_complete50 = 0, forest2water2 = 1  [n = 466]:	loss = 0.018  exp loss = 0.016  adjusted loss = 0.016  adv prob = 0.250000   acc = 0.994
  waterbird_complete50 = 1, forest2water2 = 0  [n = 134]:	loss = 2.311  exp loss = 2.593  adjusted loss = 2.593  adv prob = 0.250000   acc = 0.627
  waterbird_complete50 = 1, forest2water2 = 1  [n = 134]:	loss = 1.923  exp loss = 1.916  adjusted loss = 1.916  adv prob = 0.250000   acc = 0.664
Current lr: 0.000010
Current validation accuracy: 0.6268656253814697


Epoch [152]:
Training:
Average incurred loss: 0.028  
Average sample loss: 0.025  
Average acc: 0.996  
  waterbird_complete50 = 0, forest2water2 = 0  [n = 53]:	loss = 0.000  exp loss = 0.000  adjusted loss = 0.000  adv prob = 0.250000   acc = 1.000
  waterbird_complete50 = 0, forest2water2 = 1  [n = 56]:	loss = 0.000  exp loss = 0.000  adjusted loss = 0.000  adv prob = 0.250000   acc = 1.000
  waterbird_complete50 = 1, forest2water2 = 0  [n = 65]:	loss = 0.073  exp loss = 0.043  adjusted loss = 0.043  adv prob = 0.250000   acc = 0.985
  waterbird_complete50 = 1, forest2water2 = 1  [n = 50]:	loss = 0.033  exp loss = 0.028  adjusted loss = 0.028  adv prob = 0.250000   acc = 1.000

Validation:
Average incurred loss: 0.471  
Average sample loss: 0.464  
Average acc: 0.921  
  waterbird_complete50 = 0, forest2water2 = 0  [n = 465]:	loss = 0.001  exp loss = 0.001  adjusted loss = 0.001  adv prob = 0.250000   acc = 1.000
  waterbird_complete50 = 0, forest2water2 = 1  [n = 466]:	loss = 0.017  exp loss = 0.016  adjusted loss = 0.016  adv prob = 0.250000   acc = 0.994
  waterbird_complete50 = 1, forest2water2 = 0  [n = 134]:	loss = 2.274  exp loss = 2.548  adjusted loss = 2.548  adv prob = 0.250000   acc = 0.634
  waterbird_complete50 = 1, forest2water2 = 1  [n = 134]:	loss = 1.874  exp loss = 1.870  adjusted loss = 1.870  adv prob = 0.250000   acc = 0.679
Current lr: 0.000010
Current validation accuracy: 0.6343283653259277


Epoch [153]:
Training:
Average incurred loss: 0.067  
Average sample loss: 0.076  
Average acc: 0.960  
  waterbird_complete50 = 0, forest2water2 = 0  [n = 46]:	loss = 0.000  exp loss = 0.000  adjusted loss = 0.000  adv prob = 0.250000   acc = 1.000
  waterbird_complete50 = 0, forest2water2 = 1  [n = 68]:	loss = 0.000  exp loss = 0.000  adjusted loss = 0.000  adv prob = 0.250000   acc = 1.000
  waterbird_complete50 = 1, forest2water2 = 0  [n = 51]:	loss = 0.151  exp loss = 0.088  adjusted loss = 0.088  adv prob = 0.250000   acc = 0.922
  waterbird_complete50 = 1, forest2water2 = 1  [n = 59]:	loss = 0.124  exp loss = 0.052  adjusted loss = 0.052  adv prob = 0.250000   acc = 0.915

Validation:
Average incurred loss: 0.482  
Average sample loss: 0.475  
Average acc: 0.917  
  waterbird_complete50 = 0, forest2water2 = 0  [n = 465]:	loss = 0.001  exp loss = 0.001  adjusted loss = 0.001  adv prob = 0.250000   acc = 1.000
  waterbird_complete50 = 0, forest2water2 = 1  [n = 466]:	loss = 0.016  exp loss = 0.014  adjusted loss = 0.014  adv prob = 0.250000   acc = 0.994
  waterbird_complete50 = 1, forest2water2 = 0  [n = 134]:	loss = 2.324  exp loss = 2.611  adjusted loss = 2.611  adv prob = 0.250000   acc = 0.627
  waterbird_complete50 = 1, forest2water2 = 1  [n = 134]:	loss = 1.926  exp loss = 1.921  adjusted loss = 1.921  adv prob = 0.250000   acc = 0.657
Current lr: 0.000010
Current validation accuracy: 0.6268656253814697


Epoch [154]:
Training:
Average incurred loss: 0.045  
Average sample loss: 0.050  
Average acc: 0.978  
  waterbird_complete50 = 0, forest2water2 = 0  [n = 53]:	loss = 0.000  exp loss = 0.000  adjusted loss = 0.000  adv prob = 0.250000   acc = 1.000
  waterbird_complete50 = 0, forest2water2 = 1  [n = 55]:	loss = 0.000  exp loss = 0.000  adjusted loss = 0.000  adv prob = 0.250000   acc = 1.000
  waterbird_complete50 = 1, forest2water2 = 0  [n = 48]:	loss = 0.143  exp loss = 0.108  adjusted loss = 0.108  adv prob = 0.250000   acc = 0.917
  waterbird_complete50 = 1, forest2water2 = 1  [n = 68]:	loss = 0.046  exp loss = 0.050  adjusted loss = 0.050  adv prob = 0.250000   acc = 0.985

Validation:
Average incurred loss: 0.508  
Average sample loss: 0.501  
Average acc: 0.914  
  waterbird_complete50 = 0, forest2water2 = 0  [n = 465]:	loss = 0.001  exp loss = 0.000  adjusted loss = 0.000  adv prob = 0.250000   acc = 1.000
  waterbird_complete50 = 0, forest2water2 = 1  [n = 466]:	loss = 0.014  exp loss = 0.013  adjusted loss = 0.013  adv prob = 0.250000   acc = 0.994
  waterbird_complete50 = 1, forest2water2 = 0  [n = 134]:	loss = 2.433  exp loss = 2.765  adjusted loss = 2.765  adv prob = 0.250000   acc = 0.612
  waterbird_complete50 = 1, forest2water2 = 1  [n = 134]:	loss = 2.060  exp loss = 2.050  adjusted loss = 2.050  adv prob = 0.250000   acc = 0.642
Current lr: 0.000010
Current validation accuracy: 0.6119402647018433


Epoch [155]:
Training:
Average incurred loss: 0.006  
Average sample loss: 0.006  
Average acc: 1.000  
  waterbird_complete50 = 0, forest2water2 = 0  [n = 63]:	loss = 0.000  exp loss = 0.000  adjusted loss = 0.000  adv prob = 0.250000   acc = 1.000
  waterbird_complete50 = 0, forest2water2 = 1  [n = 55]:	loss = 0.000  exp loss = 0.000  adjusted loss = 0.000  adv prob = 0.250000   acc = 1.000
  waterbird_complete50 = 1, forest2water2 = 0  [n = 54]:	loss = 0.015  exp loss = 0.075  adjusted loss = 0.075  adv prob = 0.250000   acc = 1.000
  waterbird_complete50 = 1, forest2water2 = 1  [n = 52]:	loss = 0.012  exp loss = 0.036  adjusted loss = 0.036  adv prob = 0.250000   acc = 1.000

Validation:
Average incurred loss: 0.465  
Average sample loss: 0.458  
Average acc: 0.919  
  waterbird_complete50 = 0, forest2water2 = 0  [n = 465]:	loss = 0.001  exp loss = 0.001  adjusted loss = 0.001  adv prob = 0.250000   acc = 1.000
  waterbird_complete50 = 0, forest2water2 = 1  [n = 466]:	loss = 0.018  exp loss = 0.016  adjusted loss = 0.016  adv prob = 0.250000   acc = 0.994
  waterbird_complete50 = 1, forest2water2 = 0  [n = 134]:	loss = 2.235  exp loss = 2.514  adjusted loss = 2.514  adv prob = 0.250000   acc = 0.634
  waterbird_complete50 = 1, forest2water2 = 1  [n = 134]:	loss = 1.859  exp loss = 1.856  adjusted loss = 1.856  adv prob = 0.250000   acc = 0.664
Current lr: 0.000010
Current validation accuracy: 0.6343283653259277


Epoch [156]:
Training:
Average incurred loss: 0.012  
Average sample loss: 0.011  
Average acc: 1.000  
  waterbird_complete50 = 0, forest2water2 = 0  [n = 56]:	loss = 0.000  exp loss = 0.000  adjusted loss = 0.000  adv prob = 0.250000   acc = 1.000
  waterbird_complete50 = 0, forest2water2 = 1  [n = 60]:	loss = 0.000  exp loss = 0.000  adjusted loss = 0.000  adv prob = 0.250000   acc = 1.000
  waterbird_complete50 = 1, forest2water2 = 0  [n = 62]:	loss = 0.030  exp loss = 0.057  adjusted loss = 0.057  adv prob = 0.250000   acc = 1.000
  waterbird_complete50 = 1, forest2water2 = 1  [n = 46]:	loss = 0.017  exp loss = 0.028  adjusted loss = 0.028  adv prob = 0.250000   acc = 1.000

Validation:
Average incurred loss: 0.451  
Average sample loss: 0.445  
Average acc: 0.922  
  waterbird_complete50 = 0, forest2water2 = 0  [n = 465]:	loss = 0.001  exp loss = 0.001  adjusted loss = 0.001  adv prob = 0.250000   acc = 1.000
  waterbird_complete50 = 0, forest2water2 = 1  [n = 466]:	loss = 0.019  exp loss = 0.018  adjusted loss = 0.018  adv prob = 0.250000   acc = 0.994
  waterbird_complete50 = 1, forest2water2 = 0  [n = 134]:	loss = 2.176  exp loss = 2.427  adjusted loss = 2.427  adv prob = 0.250000   acc = 0.634
  waterbird_complete50 = 1, forest2water2 = 1  [n = 134]:	loss = 1.787  exp loss = 1.784  adjusted loss = 1.784  adv prob = 0.250000   acc = 0.694
Current lr: 0.000010
Current validation accuracy: 0.6343283653259277


Epoch [157]:
Training:
Average incurred loss: 0.004  
Average sample loss: 0.003  
Average acc: 1.000  
  waterbird_complete50 = 0, forest2water2 = 0  [n = 65]:	loss = 0.000  exp loss = 0.000  adjusted loss = 0.000  adv prob = 0.250000   acc = 1.000
  waterbird_complete50 = 0, forest2water2 = 1  [n = 59]:	loss = 0.000  exp loss = 0.000  adjusted loss = 0.000  adv prob = 0.250000   acc = 1.000
  waterbird_complete50 = 1, forest2water2 = 0  [n = 53]:	loss = 0.012  exp loss = 0.040  adjusted loss = 0.040  adv prob = 0.250000   acc = 1.000
  waterbird_complete50 = 1, forest2water2 = 1  [n = 47]:	loss = 0.003  exp loss = 0.020  adjusted loss = 0.020  adv prob = 0.250000   acc = 1.000

Validation:
Average incurred loss: 0.422  
Average sample loss: 0.416  
Average acc: 0.927  
  waterbird_complete50 = 0, forest2water2 = 0  [n = 465]:	loss = 0.002  exp loss = 0.001  adjusted loss = 0.001  adv prob = 0.250000   acc = 0.998
  waterbird_complete50 = 0, forest2water2 = 1  [n = 466]:	loss = 0.024  exp loss = 0.022  adjusted loss = 0.022  adv prob = 0.250000   acc = 0.994
  waterbird_complete50 = 1, forest2water2 = 0  [n = 134]:	loss = 2.034  exp loss = 2.242  adjusted loss = 2.242  adv prob = 0.250000   acc = 0.664
  waterbird_complete50 = 1, forest2water2 = 1  [n = 134]:	loss = 1.648  exp loss = 1.658  adjusted loss = 1.658  adv prob = 0.250000   acc = 0.716
Current lr: 0.000010
Current validation accuracy: 0.6641790866851807


Epoch [158]:
Training:
Average incurred loss: 0.012  
Average sample loss: 0.014  
Average acc: 1.000  
  waterbird_complete50 = 0, forest2water2 = 0  [n = 48]:	loss = 0.000  exp loss = 0.000  adjusted loss = 0.000  adv prob = 0.250000   acc = 1.000
  waterbird_complete50 = 0, forest2water2 = 1  [n = 71]:	loss = 0.000  exp loss = 0.000  adjusted loss = 0.000  adv prob = 0.250000   acc = 1.000
  waterbird_complete50 = 1, forest2water2 = 0  [n = 50]:	loss = 0.029  exp loss = 0.037  adjusted loss = 0.037  adv prob = 0.250000   acc = 1.000
  waterbird_complete50 = 1, forest2water2 = 1  [n = 55]:	loss = 0.022  exp loss = 0.022  adjusted loss = 0.022  adv prob = 0.250000   acc = 1.000

Validation:
Average incurred loss: 0.428  
Average sample loss: 0.422  
Average acc: 0.927  
  waterbird_complete50 = 0, forest2water2 = 0  [n = 465]:	loss = 0.002  exp loss = 0.001  adjusted loss = 0.001  adv prob = 0.250000   acc = 0.998
  waterbird_complete50 = 0, forest2water2 = 1  [n = 466]:	loss = 0.023  exp loss = 0.021  adjusted loss = 0.021  adv prob = 0.250000   acc = 0.994
  waterbird_complete50 = 1, forest2water2 = 0  [n = 134]:	loss = 2.054  exp loss = 2.279  adjusted loss = 2.279  adv prob = 0.250000   acc = 0.664
  waterbird_complete50 = 1, forest2water2 = 1  [n = 134]:	loss = 1.689  exp loss = 1.693  adjusted loss = 1.693  adv prob = 0.250000   acc = 0.716
Current lr: 0.000010
Current validation accuracy: 0.6641790866851807


Epoch [159]:
Training:
Average incurred loss: 0.027  
Average sample loss: 0.033  
Average acc: 0.991  
  waterbird_complete50 = 0, forest2water2 = 0  [n = 49]:	loss = 0.000  exp loss = 0.000  adjusted loss = 0.000  adv prob = 0.250000   acc = 1.000
  waterbird_complete50 = 0, forest2water2 = 1  [n = 60]:	loss = 0.000  exp loss = 0.000  adjusted loss = 0.000  adv prob = 0.250000   acc = 1.000
  waterbird_complete50 = 1, forest2water2 = 0  [n = 51]:	loss = 0.094  exp loss = 0.064  adjusted loss = 0.064  adv prob = 0.250000   acc = 0.961
  waterbird_complete50 = 1, forest2water2 = 1  [n = 64]:	loss = 0.019  exp loss = 0.021  adjusted loss = 0.021  adv prob = 0.250000   acc = 1.000

Validation:
Average incurred loss: 0.454  
Average sample loss: 0.448  
Average acc: 0.922  
  waterbird_complete50 = 0, forest2water2 = 0  [n = 465]:	loss = 0.001  exp loss = 0.001  adjusted loss = 0.001  adv prob = 0.250000   acc = 1.000
  waterbird_complete50 = 0, forest2water2 = 1  [n = 466]:	loss = 0.020  exp loss = 0.018  adjusted loss = 0.018  adv prob = 0.250000   acc = 0.994
  waterbird_complete50 = 1, forest2water2 = 0  [n = 134]:	loss = 2.171  exp loss = 2.435  adjusted loss = 2.435  adv prob = 0.250000   acc = 0.642
  waterbird_complete50 = 1, forest2water2 = 1  [n = 134]:	loss = 1.815  exp loss = 1.817  adjusted loss = 1.817  adv prob = 0.250000   acc = 0.687
Current lr: 0.000010
Current validation accuracy: 0.6417911052703857


Epoch [160]:
Training:
Average incurred loss: 0.121  
Average sample loss: 0.181  
Average acc: 0.955  
  waterbird_complete50 = 0, forest2water2 = 0  [n = 50]:	loss = 0.000  exp loss = 0.000  adjusted loss = 0.000  adv prob = 0.250000   acc = 1.000
  waterbird_complete50 = 0, forest2water2 = 1  [n = 53]:	loss = 0.000  exp loss = 0.000  adjusted loss = 0.000  adv prob = 0.250000   acc = 1.000
  waterbird_complete50 = 1, forest2water2 = 0  [n = 62]:	loss = 0.214  exp loss = 0.143  adjusted loss = 0.143  adv prob = 0.250000   acc = 0.903
  waterbird_complete50 = 1, forest2water2 = 1  [n = 59]:	loss = 0.236  exp loss = 0.134  adjusted loss = 0.134  adv prob = 0.250000   acc = 0.932

Validation:
Average incurred loss: 0.523  
Average sample loss: 0.516  
Average acc: 0.913  
  waterbird_complete50 = 0, forest2water2 = 0  [n = 465]:	loss = 0.001  exp loss = 0.000  adjusted loss = 0.000  adv prob = 0.250000   acc = 1.000
  waterbird_complete50 = 0, forest2water2 = 1  [n = 466]:	loss = 0.015  exp loss = 0.013  adjusted loss = 0.013  adv prob = 0.250000   acc = 0.994
  waterbird_complete50 = 1, forest2water2 = 0  [n = 134]:	loss = 2.502  exp loss = 2.839  adjusted loss = 2.839  adv prob = 0.250000   acc = 0.612
  waterbird_complete50 = 1, forest2water2 = 1  [n = 134]:	loss = 2.127  exp loss = 2.111  adjusted loss = 2.111  adv prob = 0.250000   acc = 0.634
Current lr: 0.000010
Current validation accuracy: 0.6119402647018433


Epoch [161]:
Training:
Average incurred loss: 0.008  
Average sample loss: 0.008  
Average acc: 1.000  
  waterbird_complete50 = 0, forest2water2 = 0  [n = 57]:	loss = 0.000  exp loss = 0.000  adjusted loss = 0.000  adv prob = 0.250000   acc = 1.000
  waterbird_complete50 = 0, forest2water2 = 1  [n = 59]:	loss = 0.000  exp loss = 0.000  adjusted loss = 0.000  adv prob = 0.250000   acc = 1.000
  waterbird_complete50 = 1, forest2water2 = 0  [n = 49]:	loss = 0.021  exp loss = 0.102  adjusted loss = 0.102  adv prob = 0.250000   acc = 1.000
  waterbird_complete50 = 1, forest2water2 = 1  [n = 59]:	loss = 0.013  exp loss = 0.091  adjusted loss = 0.091  adv prob = 0.250000   acc = 1.000

Validation:
Average incurred loss: 0.498  
Average sample loss: 0.491  
Average acc: 0.916  
  waterbird_complete50 = 0, forest2water2 = 0  [n = 465]:	loss = 0.001  exp loss = 0.000  adjusted loss = 0.000  adv prob = 0.250000   acc = 1.000
  waterbird_complete50 = 0, forest2water2 = 1  [n = 466]:	loss = 0.016  exp loss = 0.015  adjusted loss = 0.015  adv prob = 0.250000   acc = 0.994
  waterbird_complete50 = 1, forest2water2 = 0  [n = 134]:	loss = 2.387  exp loss = 2.711  adjusted loss = 2.711  adv prob = 0.250000   acc = 0.619
  waterbird_complete50 = 1, forest2water2 = 1  [n = 134]:	loss = 2.011  exp loss = 1.998  adjusted loss = 1.998  adv prob = 0.250000   acc = 0.649
Current lr: 0.000010
Current validation accuracy: 0.6194030046463013


Epoch [162]:
Training:
Average incurred loss: 0.046  
Average sample loss: 0.041  
Average acc: 0.978  
  waterbird_complete50 = 0, forest2water2 = 0  [n = 52]:	loss = 0.000  exp loss = 0.000  adjusted loss = 0.000  adv prob = 0.250000   acc = 1.000
  waterbird_complete50 = 0, forest2water2 = 1  [n = 54]:	loss = 0.000  exp loss = 0.000  adjusted loss = 0.000  adv prob = 0.250000   acc = 1.000
  waterbird_complete50 = 1, forest2water2 = 0  [n = 62]:	loss = 0.132  exp loss = 0.099  adjusted loss = 0.099  adv prob = 0.250000   acc = 0.935
  waterbird_complete50 = 1, forest2water2 = 1  [n = 56]:	loss = 0.037  exp loss = 0.072  adjusted loss = 0.072  adv prob = 0.250000   acc = 0.982

Validation:
Average incurred loss: 0.517  
Average sample loss: 0.510  
Average acc: 0.910  
  waterbird_complete50 = 0, forest2water2 = 0  [n = 465]:	loss = 0.000  exp loss = 0.000  adjusted loss = 0.000  adv prob = 0.250000   acc = 1.000
  waterbird_complete50 = 0, forest2water2 = 1  [n = 466]:	loss = 0.014  exp loss = 0.012  adjusted loss = 0.012  adv prob = 0.250000   acc = 0.994
  waterbird_complete50 = 1, forest2water2 = 0  [n = 134]:	loss = 2.495  exp loss = 2.844  adjusted loss = 2.844  adv prob = 0.250000   acc = 0.590
  waterbird_complete50 = 1, forest2water2 = 1  [n = 134]:	loss = 2.086  exp loss = 2.065  adjusted loss = 2.065  adv prob = 0.250000   acc = 0.627
Current lr: 0.000010
Current validation accuracy: 0.5895521640777588


Epoch [163]:
Training:
Average incurred loss: 0.009  
Average sample loss: 0.008  
Average acc: 1.000  
  waterbird_complete50 = 0, forest2water2 = 0  [n = 53]:	loss = 0.000  exp loss = 0.000  adjusted loss = 0.000  adv prob = 0.250000   acc = 1.000
  waterbird_complete50 = 0, forest2water2 = 1  [n = 65]:	loss = 0.000  exp loss = 0.000  adjusted loss = 0.000  adv prob = 0.250000   acc = 1.000
  waterbird_complete50 = 1, forest2water2 = 0  [n = 56]:	loss = 0.031  exp loss = 0.073  adjusted loss = 0.073  adv prob = 0.250000   acc = 1.000
  waterbird_complete50 = 1, forest2water2 = 1  [n = 50]:	loss = 0.006  exp loss = 0.049  adjusted loss = 0.049  adv prob = 0.250000   acc = 1.000

Validation:
Average incurred loss: 0.472  
Average sample loss: 0.466  
Average acc: 0.920  
  waterbird_complete50 = 0, forest2water2 = 0  [n = 465]:	loss = 0.001  exp loss = 0.001  adjusted loss = 0.001  adv prob = 0.250000   acc = 1.000
  waterbird_complete50 = 0, forest2water2 = 1  [n = 466]:	loss = 0.017  exp loss = 0.015  adjusted loss = 0.015  adv prob = 0.250000   acc = 0.994
  waterbird_complete50 = 1, forest2water2 = 0  [n = 134]:	loss = 2.269  exp loss = 2.557  adjusted loss = 2.557  adv prob = 0.250000   acc = 0.627
  waterbird_complete50 = 1, forest2water2 = 1  [n = 134]:	loss = 1.894  exp loss = 1.888  adjusted loss = 1.888  adv prob = 0.250000   acc = 0.679
Current lr: 0.000010
Current validation accuracy: 0.6268656253814697


Epoch [164]:
Training:
Average incurred loss: 0.028  
Average sample loss: 0.029  
Average acc: 1.000  
  waterbird_complete50 = 0, forest2water2 = 0  [n = 52]:	loss = 0.000  exp loss = 0.000  adjusted loss = 0.000  adv prob = 0.250000   acc = 1.000
  waterbird_complete50 = 0, forest2water2 = 1  [n = 56]:	loss = 0.000  exp loss = 0.000  adjusted loss = 0.000  adv prob = 0.250000   acc = 1.000
  waterbird_complete50 = 1, forest2water2 = 0  [n = 60]:	loss = 0.063  exp loss = 0.071  adjusted loss = 0.071  adv prob = 0.250000   acc = 1.000
  waterbird_complete50 = 1, forest2water2 = 1  [n = 56]:	loss = 0.043  exp loss = 0.046  adjusted loss = 0.046  adv prob = 0.250000   acc = 1.000

Validation:
Average incurred loss: 0.503  
Average sample loss: 0.496  
Average acc: 0.916  
  waterbird_complete50 = 0, forest2water2 = 0  [n = 465]:	loss = 0.001  exp loss = 0.000  adjusted loss = 0.000  adv prob = 0.250000   acc = 1.000
  waterbird_complete50 = 0, forest2water2 = 1  [n = 466]:	loss = 0.015  exp loss = 0.013  adjusted loss = 0.013  adv prob = 0.250000   acc = 0.994
  waterbird_complete50 = 1, forest2water2 = 0  [n = 134]:	loss = 2.417  exp loss = 2.743  adjusted loss = 2.743  adv prob = 0.250000   acc = 0.619
  waterbird_complete50 = 1, forest2water2 = 1  [n = 134]:	loss = 2.029  exp loss = 2.018  adjusted loss = 2.018  adv prob = 0.250000   acc = 0.649
Current lr: 0.000010
Current validation accuracy: 0.6194030046463013


Epoch [165]:
Training:
Average incurred loss: 0.006  
Average sample loss: 0.006  
Average acc: 1.000  
  waterbird_complete50 = 0, forest2water2 = 0  [n = 54]:	loss = 0.000  exp loss = 0.000  adjusted loss = 0.000  adv prob = 0.250000   acc = 1.000
  waterbird_complete50 = 0, forest2water2 = 1  [n = 63]:	loss = 0.000  exp loss = 0.000  adjusted loss = 0.000  adv prob = 0.250000   acc = 1.000
  waterbird_complete50 = 1, forest2water2 = 0  [n = 52]:	loss = 0.012  exp loss = 0.050  adjusted loss = 0.050  adv prob = 0.250000   acc = 1.000
  waterbird_complete50 = 1, forest2water2 = 1  [n = 55]:	loss = 0.014  exp loss = 0.035  adjusted loss = 0.035  adv prob = 0.250000   acc = 1.000

Validation:
Average incurred loss: 0.482  
Average sample loss: 0.475  
Average acc: 0.920  
  waterbird_complete50 = 0, forest2water2 = 0  [n = 465]:	loss = 0.001  exp loss = 0.001  adjusted loss = 0.001  adv prob = 0.250000   acc = 1.000
  waterbird_complete50 = 0, forest2water2 = 1  [n = 466]:	loss = 0.017  exp loss = 0.016  adjusted loss = 0.016  adv prob = 0.250000   acc = 0.994
  waterbird_complete50 = 1, forest2water2 = 0  [n = 134]:	loss = 2.330  exp loss = 2.629  adjusted loss = 2.629  adv prob = 0.250000   acc = 0.627
  waterbird_complete50 = 1, forest2water2 = 1  [n = 134]:	loss = 1.919  exp loss = 1.917  adjusted loss = 1.917  adv prob = 0.250000   acc = 0.679
Current lr: 0.000010
Current validation accuracy: 0.6268656253814697


Epoch [166]:
Training:
Average incurred loss: 0.004  
Average sample loss: 0.005  
Average acc: 1.000  
  waterbird_complete50 = 0, forest2water2 = 0  [n = 68]:	loss = 0.000  exp loss = 0.000  adjusted loss = 0.000  adv prob = 0.250000   acc = 1.000
  waterbird_complete50 = 0, forest2water2 = 1  [n = 50]:	loss = 0.000  exp loss = 0.000  adjusted loss = 0.000  adv prob = 0.250000   acc = 1.000
  waterbird_complete50 = 1, forest2water2 = 0  [n = 51]:	loss = 0.010  exp loss = 0.037  adjusted loss = 0.037  adv prob = 0.250000   acc = 1.000
  waterbird_complete50 = 1, forest2water2 = 1  [n = 55]:	loss = 0.009  exp loss = 0.026  adjusted loss = 0.026  adv prob = 0.250000   acc = 1.000

Validation:
Average incurred loss: 0.461  
Average sample loss: 0.454  
Average acc: 0.922  
  waterbird_complete50 = 0, forest2water2 = 0  [n = 465]:	loss = 0.002  exp loss = 0.001  adjusted loss = 0.001  adv prob = 0.250000   acc = 0.998
  waterbird_complete50 = 0, forest2water2 = 1  [n = 466]:	loss = 0.020  exp loss = 0.017  adjusted loss = 0.017  adv prob = 0.250000   acc = 0.994
  waterbird_complete50 = 1, forest2water2 = 0  [n = 134]:	loss = 2.227  exp loss = 2.498  adjusted loss = 2.498  adv prob = 0.250000   acc = 0.634
  waterbird_complete50 = 1, forest2water2 = 1  [n = 134]:	loss = 1.824  exp loss = 1.820  adjusted loss = 1.820  adv prob = 0.250000   acc = 0.701
Current lr: 0.000010
Current validation accuracy: 0.6343283653259277


Epoch [167]:
Training:
Average incurred loss: 0.295  
Average sample loss: 0.259  
Average acc: 0.897  
  waterbird_complete50 = 0, forest2water2 = 0  [n = 41]:	loss = 0.000  exp loss = 0.000  adjusted loss = 0.000  adv prob = 0.250000   acc = 1.000
  waterbird_complete50 = 0, forest2water2 = 1  [n = 53]:	loss = 0.000  exp loss = 0.000  adjusted loss = 0.000  adv prob = 0.250000   acc = 1.000
  waterbird_complete50 = 1, forest2water2 = 0  [n = 62]:	loss = 0.656  exp loss = 0.159  adjusted loss = 0.159  adv prob = 0.250000   acc = 0.790
  waterbird_complete50 = 1, forest2water2 = 1  [n = 68]:	loss = 0.374  exp loss = 0.122  adjusted loss = 0.122  adv prob = 0.250000   acc = 0.853

Validation:
Average incurred loss: 0.526  
Average sample loss: 0.518  
Average acc: 0.912  
  waterbird_complete50 = 0, forest2water2 = 0  [n = 465]:	loss = 0.001  exp loss = 0.000  adjusted loss = 0.000  adv prob = 0.250000   acc = 1.000
  waterbird_complete50 = 0, forest2water2 = 1  [n = 466]:	loss = 0.013  exp loss = 0.012  adjusted loss = 0.012  adv prob = 0.250000   acc = 0.994
  waterbird_complete50 = 1, forest2water2 = 0  [n = 134]:	loss = 2.533  exp loss = 2.893  adjusted loss = 2.893  adv prob = 0.250000   acc = 0.597
  waterbird_complete50 = 1, forest2water2 = 1  [n = 134]:	loss = 2.124  exp loss = 2.112  adjusted loss = 2.112  adv prob = 0.250000   acc = 0.634
Current lr: 0.000010
Current validation accuracy: 0.5970149636268616


Epoch [168]:
Training:
Average incurred loss: 0.053  
Average sample loss: 0.056  
Average acc: 0.982  
  waterbird_complete50 = 0, forest2water2 = 0  [n = 48]:	loss = 0.000  exp loss = 0.000  adjusted loss = 0.000  adv prob = 0.250000   acc = 1.000
  waterbird_complete50 = 0, forest2water2 = 1  [n = 48]:	loss = 0.000  exp loss = 0.000  adjusted loss = 0.000  adv prob = 0.250000   acc = 1.000
  waterbird_complete50 = 1, forest2water2 = 0  [n = 68]:	loss = 0.148  exp loss = 0.160  adjusted loss = 0.160  adv prob = 0.250000   acc = 0.941
  waterbird_complete50 = 1, forest2water2 = 1  [n = 60]:	loss = 0.032  exp loss = 0.090  adjusted loss = 0.090  adv prob = 0.250000   acc = 1.000

Validation:
Average incurred loss: 0.569  
Average sample loss: 0.561  
Average acc: 0.907  
  waterbird_complete50 = 0, forest2water2 = 0  [n = 465]:	loss = 0.000  exp loss = 0.000  adjusted loss = 0.000  adv prob = 0.250000   acc = 1.000
  waterbird_complete50 = 0, forest2water2 = 1  [n = 466]:	loss = 0.009  exp loss = 0.008  adjusted loss = 0.008  adv prob = 0.250000   acc = 0.996
  waterbird_complete50 = 1, forest2water2 = 0  [n = 134]:	loss = 2.766  exp loss = 3.165  adjusted loss = 3.165  adv prob = 0.250000   acc = 0.582
  waterbird_complete50 = 1, forest2water2 = 1  [n = 134]:	loss = 2.293  exp loss = 2.279  adjusted loss = 2.279  adv prob = 0.250000   acc = 0.597
Current lr: 0.000010
Current validation accuracy: 0.5820895433425903


Epoch [169]:
Training:
Average incurred loss: 0.057  
Average sample loss: 0.087  
Average acc: 0.982  
  waterbird_complete50 = 0, forest2water2 = 0  [n = 58]:	loss = 0.000  exp loss = 0.000  adjusted loss = 0.000  adv prob = 0.250000   acc = 1.000
  waterbird_complete50 = 0, forest2water2 = 1  [n = 53]:	loss = 0.000  exp loss = 0.000  adjusted loss = 0.000  adv prob = 0.250000   acc = 1.000
  waterbird_complete50 = 1, forest2water2 = 0  [n = 62]:	loss = 0.072  exp loss = 0.139  adjusted loss = 0.139  adv prob = 0.250000   acc = 0.968
  waterbird_complete50 = 1, forest2water2 = 1  [n = 51]:	loss = 0.164  exp loss = 0.146  adjusted loss = 0.146  adv prob = 0.250000   acc = 0.961

Validation:
Average incurred loss: 0.570  
Average sample loss: 0.562  
Average acc: 0.905  
  waterbird_complete50 = 0, forest2water2 = 0  [n = 465]:	loss = 0.000  exp loss = 0.000  adjusted loss = 0.000  adv prob = 0.250000   acc = 1.000
  waterbird_complete50 = 0, forest2water2 = 1  [n = 466]:	loss = 0.010  exp loss = 0.009  adjusted loss = 0.009  adv prob = 0.250000   acc = 0.994
  waterbird_complete50 = 1, forest2water2 = 0  [n = 134]:	loss = 2.757  exp loss = 3.164  adjusted loss = 3.164  adv prob = 0.250000   acc = 0.582
  waterbird_complete50 = 1, forest2water2 = 1  [n = 134]:	loss = 2.306  exp loss = 2.287  adjusted loss = 2.287  adv prob = 0.250000   acc = 0.590
Current lr: 0.000010
Current validation accuracy: 0.5820895433425903


Epoch [170]:
Training:
Average incurred loss: 0.011  
Average sample loss: 0.011  
Average acc: 1.000  
  waterbird_complete50 = 0, forest2water2 = 0  [n = 66]:	loss = 0.000  exp loss = 0.000  adjusted loss = 0.000  adv prob = 0.250000   acc = 1.000
  waterbird_complete50 = 0, forest2water2 = 1  [n = 54]:	loss = 0.000  exp loss = 0.000  adjusted loss = 0.000  adv prob = 0.250000   acc = 1.000
  waterbird_complete50 = 1, forest2water2 = 0  [n = 51]:	loss = 0.033  exp loss = 0.102  adjusted loss = 0.102  adv prob = 0.250000   acc = 1.000
  waterbird_complete50 = 1, forest2water2 = 1  [n = 53]:	loss = 0.013  exp loss = 0.101  adjusted loss = 0.101  adv prob = 0.250000   acc = 1.000

Validation:
Average incurred loss: 0.500  
Average sample loss: 0.493  
Average acc: 0.916  
  waterbird_complete50 = 0, forest2water2 = 0  [n = 465]:	loss = 0.001  exp loss = 0.001  adjusted loss = 0.001  adv prob = 0.250000   acc = 1.000
  waterbird_complete50 = 0, forest2water2 = 1  [n = 466]:	loss = 0.015  exp loss = 0.013  adjusted loss = 0.013  adv prob = 0.250000   acc = 0.994
  waterbird_complete50 = 1, forest2water2 = 0  [n = 134]:	loss = 2.430  exp loss = 2.753  adjusted loss = 2.753  adv prob = 0.250000   acc = 0.604
  waterbird_complete50 = 1, forest2water2 = 1  [n = 134]:	loss = 1.993  exp loss = 1.981  adjusted loss = 1.981  adv prob = 0.250000   acc = 0.664
Current lr: 0.000010
Current validation accuracy: 0.6044776439666748


Epoch [171]:
Training:
Average incurred loss: 0.050  
Average sample loss: 0.057  
Average acc: 0.987  
  waterbird_complete50 = 0, forest2water2 = 0  [n = 54]:	loss = 0.000  exp loss = 0.000  adjusted loss = 0.000  adv prob = 0.250000   acc = 1.000
  waterbird_complete50 = 0, forest2water2 = 1  [n = 53]:	loss = 0.000  exp loss = 0.000  adjusted loss = 0.000  adv prob = 0.250000   acc = 1.000
  waterbird_complete50 = 1, forest2water2 = 0  [n = 59]:	loss = 0.104  exp loss = 0.102  adjusted loss = 0.102  adv prob = 0.250000   acc = 0.983
  waterbird_complete50 = 1, forest2water2 = 1  [n = 58]:	loss = 0.089  exp loss = 0.101  adjusted loss = 0.101  adv prob = 0.250000   acc = 0.966

Validation:
Average incurred loss: 0.520  
Average sample loss: 0.513  
Average acc: 0.911  
  waterbird_complete50 = 0, forest2water2 = 0  [n = 465]:	loss = 0.001  exp loss = 0.000  adjusted loss = 0.000  adv prob = 0.250000   acc = 1.000
  waterbird_complete50 = 0, forest2water2 = 1  [n = 466]:	loss = 0.013  exp loss = 0.011  adjusted loss = 0.011  adv prob = 0.250000   acc = 0.994
  waterbird_complete50 = 1, forest2water2 = 0  [n = 134]:	loss = 2.520  exp loss = 2.881  adjusted loss = 2.881  adv prob = 0.250000   acc = 0.590
  waterbird_complete50 = 1, forest2water2 = 1  [n = 134]:	loss = 2.086  exp loss = 2.073  adjusted loss = 2.073  adv prob = 0.250000   acc = 0.634
Current lr: 0.000010
Current validation accuracy: 0.5895521640777588


Epoch [172]:
Training:
Average incurred loss: 0.074  
Average sample loss: 0.079  
Average acc: 0.960  
  waterbird_complete50 = 0, forest2water2 = 0  [n = 62]:	loss = 0.000  exp loss = 0.000  adjusted loss = 0.000  adv prob = 0.250000   acc = 1.000
  waterbird_complete50 = 0, forest2water2 = 1  [n = 50]:	loss = 0.000  exp loss = 0.000  adjusted loss = 0.000  adv prob = 0.250000   acc = 1.000
  waterbird_complete50 = 1, forest2water2 = 0  [n = 53]:	loss = 0.204  exp loss = 0.142  adjusted loss = 0.142  adv prob = 0.250000   acc = 0.887
  waterbird_complete50 = 1, forest2water2 = 1  [n = 59]:	loss = 0.098  exp loss = 0.089  adjusted loss = 0.089  adv prob = 0.250000   acc = 0.949

Validation:
Average incurred loss: 0.517  
Average sample loss: 0.509  
Average acc: 0.912  
  waterbird_complete50 = 0, forest2water2 = 0  [n = 465]:	loss = 0.001  exp loss = 0.000  adjusted loss = 0.000  adv prob = 0.250000   acc = 1.000
  waterbird_complete50 = 0, forest2water2 = 1  [n = 466]:	loss = 0.014  exp loss = 0.012  adjusted loss = 0.012  adv prob = 0.250000   acc = 0.994
  waterbird_complete50 = 1, forest2water2 = 0  [n = 134]:	loss = 2.491  exp loss = 2.830  adjusted loss = 2.830  adv prob = 0.250000   acc = 0.590
  waterbird_complete50 = 1, forest2water2 = 1  [n = 134]:	loss = 2.081  exp loss = 2.066  adjusted loss = 2.066  adv prob = 0.250000   acc = 0.642
Current lr: 0.000010
Current validation accuracy: 0.5895521640777588


Epoch [173]:
Training:
Average incurred loss: 0.003  
Average sample loss: 0.002  
Average acc: 1.000  
  waterbird_complete50 = 0, forest2water2 = 0  [n = 70]:	loss = 0.000  exp loss = 0.000  adjusted loss = 0.000  adv prob = 0.250000   acc = 1.000
  waterbird_complete50 = 0, forest2water2 = 1  [n = 57]:	loss = 0.000  exp loss = 0.000  adjusted loss = 0.000  adv prob = 0.250000   acc = 1.000
  waterbird_complete50 = 1, forest2water2 = 0  [n = 58]:	loss = 0.007  exp loss = 0.095  adjusted loss = 0.095  adv prob = 0.250000   acc = 1.000
  waterbird_complete50 = 1, forest2water2 = 1  [n = 39]:	loss = 0.006  exp loss = 0.060  adjusted loss = 0.060  adv prob = 0.250000   acc = 1.000

Validation:
Average incurred loss: 0.439  
Average sample loss: 0.433  
Average acc: 0.923  
  waterbird_complete50 = 0, forest2water2 = 0  [n = 465]:	loss = 0.002  exp loss = 0.001  adjusted loss = 0.001  adv prob = 0.250000   acc = 0.998
  waterbird_complete50 = 0, forest2water2 = 1  [n = 466]:	loss = 0.020  exp loss = 0.018  adjusted loss = 0.018  adv prob = 0.250000   acc = 0.994
  waterbird_complete50 = 1, forest2water2 = 0  [n = 134]:	loss = 2.128  exp loss = 2.379  adjusted loss = 2.379  adv prob = 0.250000   acc = 0.634
  waterbird_complete50 = 1, forest2water2 = 1  [n = 134]:	loss = 1.725  exp loss = 1.715  adjusted loss = 1.715  adv prob = 0.250000   acc = 0.709
Current lr: 0.000010
Current validation accuracy: 0.6343283653259277


Epoch [174]:
Training:
Average incurred loss: 0.011  
Average sample loss: 0.012  
Average acc: 1.000  
  waterbird_complete50 = 0, forest2water2 = 0  [n = 67]:	loss = 0.000  exp loss = 0.000  adjusted loss = 0.000  adv prob = 0.250000   acc = 1.000
  waterbird_complete50 = 0, forest2water2 = 1  [n = 46]:	loss = 0.000  exp loss = 0.000  adjusted loss = 0.000  adv prob = 0.250000   acc = 1.000
  waterbird_complete50 = 1, forest2water2 = 0  [n = 59]:	loss = 0.025  exp loss = 0.072  adjusted loss = 0.072  adv prob = 0.250000   acc = 1.000
  waterbird_complete50 = 1, forest2water2 = 1  [n = 52]:	loss = 0.019  exp loss = 0.046  adjusted loss = 0.046  adv prob = 0.250000   acc = 1.000

Validation:
Average incurred loss: 0.465  
Average sample loss: 0.459  
Average acc: 0.921  
  waterbird_complete50 = 0, forest2water2 = 0  [n = 465]:	loss = 0.002  exp loss = 0.001  adjusted loss = 0.001  adv prob = 0.250000   acc = 0.998
  waterbird_complete50 = 0, forest2water2 = 1  [n = 466]:	loss = 0.020  exp loss = 0.018  adjusted loss = 0.018  adv prob = 0.250000   acc = 0.994
  waterbird_complete50 = 1, forest2water2 = 0  [n = 134]:	loss = 2.256  exp loss = 2.536  adjusted loss = 2.536  adv prob = 0.250000   acc = 0.619
  waterbird_complete50 = 1, forest2water2 = 1  [n = 134]:	loss = 1.832  exp loss = 1.827  adjusted loss = 1.827  adv prob = 0.250000   acc = 0.701
Current lr: 0.000010
Current validation accuracy: 0.6194030046463013


Epoch [175]:
Training:
Average incurred loss: 0.016  
Average sample loss: 0.015  
Average acc: 1.000  
  waterbird_complete50 = 0, forest2water2 = 0  [n = 51]:	loss = 0.000  exp loss = 0.000  adjusted loss = 0.000  adv prob = 0.250000   acc = 1.000
  waterbird_complete50 = 0, forest2water2 = 1  [n = 59]:	loss = 0.000  exp loss = 0.000  adjusted loss = 0.000  adv prob = 0.250000   acc = 1.000
  waterbird_complete50 = 1, forest2water2 = 0  [n = 69]:	loss = 0.029  exp loss = 0.055  adjusted loss = 0.055  adv prob = 0.250000   acc = 1.000
  waterbird_complete50 = 1, forest2water2 = 1  [n = 45]:	loss = 0.036  exp loss = 0.040  adjusted loss = 0.040  adv prob = 0.250000   acc = 1.000

Validation:
Average incurred loss: 0.464  
Average sample loss: 0.458  
Average acc: 0.922  
  waterbird_complete50 = 0, forest2water2 = 0  [n = 465]:	loss = 0.002  exp loss = 0.001  adjusted loss = 0.001  adv prob = 0.250000   acc = 0.998
  waterbird_complete50 = 0, forest2water2 = 1  [n = 466]:	loss = 0.019  exp loss = 0.017  adjusted loss = 0.017  adv prob = 0.250000   acc = 0.994
  waterbird_complete50 = 1, forest2water2 = 0  [n = 134]:	loss = 2.252  exp loss = 2.527  adjusted loss = 2.527  adv prob = 0.250000   acc = 0.634
  waterbird_complete50 = 1, forest2water2 = 1  [n = 134]:	loss = 1.829  exp loss = 1.824  adjusted loss = 1.824  adv prob = 0.250000   acc = 0.694
Current lr: 0.000010
Current validation accuracy: 0.6343283653259277


Epoch [176]:
Training:
Average incurred loss: 0.028  
Average sample loss: 0.037  
Average acc: 0.991  
  waterbird_complete50 = 0, forest2water2 = 0  [n = 53]:	loss = 0.000  exp loss = 0.000  adjusted loss = 0.000  adv prob = 0.250000   acc = 1.000
  waterbird_complete50 = 0, forest2water2 = 1  [n = 58]:	loss = 0.000  exp loss = 0.000  adjusted loss = 0.000  adv prob = 0.250000   acc = 1.000
  waterbird_complete50 = 1, forest2water2 = 0  [n = 59]:	loss = 0.051  exp loss = 0.055  adjusted loss = 0.055  adv prob = 0.250000   acc = 1.000
  waterbird_complete50 = 1, forest2water2 = 1  [n = 54]:	loss = 0.059  exp loss = 0.053  adjusted loss = 0.053  adv prob = 0.250000   acc = 0.963

Validation:
Average incurred loss: 0.475  
Average sample loss: 0.468  
Average acc: 0.920  
  waterbird_complete50 = 0, forest2water2 = 0  [n = 465]:	loss = 0.002  exp loss = 0.001  adjusted loss = 0.001  adv prob = 0.250000   acc = 0.998
  waterbird_complete50 = 0, forest2water2 = 1  [n = 466]:	loss = 0.017  exp loss = 0.016  adjusted loss = 0.016  adv prob = 0.250000   acc = 0.994
  waterbird_complete50 = 1, forest2water2 = 0  [n = 134]:	loss = 2.302  exp loss = 2.590  adjusted loss = 2.590  adv prob = 0.250000   acc = 0.619
  waterbird_complete50 = 1, forest2water2 = 1  [n = 134]:	loss = 1.880  exp loss = 1.870  adjusted loss = 1.870  adv prob = 0.250000   acc = 0.694
Current lr: 0.000010
Current validation accuracy: 0.6194030046463013


Epoch [177]:
Training:
Average incurred loss: 0.018  
Average sample loss: 0.030  
Average acc: 0.996  
  waterbird_complete50 = 0, forest2water2 = 0  [n = 60]:	loss = 0.000  exp loss = 0.000  adjusted loss = 0.000  adv prob = 0.250000   acc = 1.000
  waterbird_complete50 = 0, forest2water2 = 1  [n = 59]:	loss = 0.000  exp loss = 0.000  adjusted loss = 0.000  adv prob = 0.250000   acc = 1.000
  waterbird_complete50 = 1, forest2water2 = 0  [n = 54]:	loss = 0.061  exp loss = 0.071  adjusted loss = 0.071  adv prob = 0.250000   acc = 0.981
  waterbird_complete50 = 1, forest2water2 = 1  [n = 51]:	loss = 0.014  exp loss = 0.042  adjusted loss = 0.042  adv prob = 0.250000   acc = 1.000

Validation:
Average incurred loss: 0.453  
Average sample loss: 0.446  
Average acc: 0.922  
  waterbird_complete50 = 0, forest2water2 = 0  [n = 465]:	loss = 0.002  exp loss = 0.001  adjusted loss = 0.001  adv prob = 0.250000   acc = 0.998
  waterbird_complete50 = 0, forest2water2 = 1  [n = 466]:	loss = 0.020  exp loss = 0.018  adjusted loss = 0.018  adv prob = 0.250000   acc = 0.994
  waterbird_complete50 = 1, forest2water2 = 0  [n = 134]:	loss = 2.185  exp loss = 2.441  adjusted loss = 2.441  adv prob = 0.250000   acc = 0.642
  waterbird_complete50 = 1, forest2water2 = 1  [n = 134]:	loss = 1.790  exp loss = 1.789  adjusted loss = 1.789  adv prob = 0.250000   acc = 0.694
Current lr: 0.000010
Current validation accuracy: 0.6417911052703857


Epoch [178]:
Training:
Average incurred loss: 0.012  
Average sample loss: 0.011  
Average acc: 0.996  
  waterbird_complete50 = 0, forest2water2 = 0  [n = 60]:	loss = 0.000  exp loss = 0.000  adjusted loss = 0.000  adv prob = 0.250000   acc = 1.000
  waterbird_complete50 = 0, forest2water2 = 1  [n = 52]:	loss = 0.000  exp loss = 0.000  adjusted loss = 0.000  adv prob = 0.250000   acc = 1.000
  waterbird_complete50 = 1, forest2water2 = 0  [n = 59]:	loss = 0.034  exp loss = 0.057  adjusted loss = 0.057  adv prob = 0.250000   acc = 0.983
  waterbird_complete50 = 1, forest2water2 = 1  [n = 53]:	loss = 0.012  exp loss = 0.031  adjusted loss = 0.031  adv prob = 0.250000   acc = 1.000

Validation:
Average incurred loss: 0.461  
Average sample loss: 0.454  
Average acc: 0.922  
  waterbird_complete50 = 0, forest2water2 = 0  [n = 465]:	loss = 0.002  exp loss = 0.001  adjusted loss = 0.001  adv prob = 0.250000   acc = 0.998
  waterbird_complete50 = 0, forest2water2 = 1  [n = 466]:	loss = 0.018  exp loss = 0.017  adjusted loss = 0.017  adv prob = 0.250000   acc = 0.994
  waterbird_complete50 = 1, forest2water2 = 0  [n = 134]:	loss = 2.237  exp loss = 2.500  adjusted loss = 2.500  adv prob = 0.250000   acc = 0.642
  waterbird_complete50 = 1, forest2water2 = 1  [n = 134]:	loss = 1.816  exp loss = 1.815  adjusted loss = 1.815  adv prob = 0.250000   acc = 0.694
Current lr: 0.000010
Current validation accuracy: 0.6417911052703857


Epoch [179]:
Training:
Average incurred loss: 0.021  
Average sample loss: 0.022  
Average acc: 0.991  
  waterbird_complete50 = 0, forest2water2 = 0  [n = 57]:	loss = 0.000  exp loss = 0.000  adjusted loss = 0.000  adv prob = 0.250000   acc = 1.000
  waterbird_complete50 = 0, forest2water2 = 1  [n = 56]:	loss = 0.000  exp loss = 0.000  adjusted loss = 0.000  adv prob = 0.250000   acc = 1.000
  waterbird_complete50 = 1, forest2water2 = 0  [n = 58]:	loss = 0.048  exp loss = 0.056  adjusted loss = 0.056  adv prob = 0.250000   acc = 0.966
  waterbird_complete50 = 1, forest2water2 = 1  [n = 53]:	loss = 0.036  exp loss = 0.031  adjusted loss = 0.031  adv prob = 0.250000   acc = 1.000

Validation:
Average incurred loss: 0.473  
Average sample loss: 0.467  
Average acc: 0.921  
  waterbird_complete50 = 0, forest2water2 = 0  [n = 465]:	loss = 0.001  exp loss = 0.001  adjusted loss = 0.001  adv prob = 0.250000   acc = 1.000
  waterbird_complete50 = 0, forest2water2 = 1  [n = 466]:	loss = 0.018  exp loss = 0.016  adjusted loss = 0.016  adv prob = 0.250000   acc = 0.994
  waterbird_complete50 = 1, forest2water2 = 0  [n = 134]:	loss = 2.286  exp loss = 2.566  adjusted loss = 2.566  adv prob = 0.250000   acc = 0.627
  waterbird_complete50 = 1, forest2water2 = 1  [n = 134]:	loss = 1.884  exp loss = 1.876  adjusted loss = 1.876  adv prob = 0.250000   acc = 0.687
Current lr: 0.000010
Current validation accuracy: 0.6268656253814697


Epoch [180]:
Training:
Average incurred loss: 0.028  
Average sample loss: 0.027  
Average acc: 0.996  
  waterbird_complete50 = 0, forest2water2 = 0  [n = 50]:	loss = 0.000  exp loss = 0.000  adjusted loss = 0.000  adv prob = 0.250000   acc = 1.000
  waterbird_complete50 = 0, forest2water2 = 1  [n = 62]:	loss = 0.000  exp loss = 0.000  adjusted loss = 0.000  adv prob = 0.250000   acc = 1.000
  waterbird_complete50 = 1, forest2water2 = 0  [n = 50]:	loss = 0.075  exp loss = 0.056  adjusted loss = 0.056  adv prob = 0.250000   acc = 0.980
  waterbird_complete50 = 1, forest2water2 = 1  [n = 62]:	loss = 0.040  exp loss = 0.034  adjusted loss = 0.034  adv prob = 0.250000   acc = 1.000

Validation:
Average incurred loss: 0.481  
Average sample loss: 0.474  
Average acc: 0.918  
  waterbird_complete50 = 0, forest2water2 = 0  [n = 465]:	loss = 0.001  exp loss = 0.001  adjusted loss = 0.001  adv prob = 0.250000   acc = 1.000
  waterbird_complete50 = 0, forest2water2 = 1  [n = 466]:	loss = 0.017  exp loss = 0.016  adjusted loss = 0.016  adv prob = 0.250000   acc = 0.994
  waterbird_complete50 = 1, forest2water2 = 0  [n = 134]:	loss = 2.307  exp loss = 2.616  adjusted loss = 2.616  adv prob = 0.250000   acc = 0.627
  waterbird_complete50 = 1, forest2water2 = 1  [n = 134]:	loss = 1.933  exp loss = 1.920  adjusted loss = 1.920  adv prob = 0.250000   acc = 0.664
Current lr: 0.000010
Current validation accuracy: 0.6268656253814697


Epoch [181]:
Training:
Average incurred loss: 0.040  
Average sample loss: 0.036  
Average acc: 0.982  
  waterbird_complete50 = 0, forest2water2 = 0  [n = 49]:	loss = 0.000  exp loss = 0.000  adjusted loss = 0.000  adv prob = 0.250000   acc = 1.000
  waterbird_complete50 = 0, forest2water2 = 1  [n = 53]:	loss = 0.000  exp loss = 0.000  adjusted loss = 0.000  adv prob = 0.250000   acc = 1.000
  waterbird_complete50 = 1, forest2water2 = 0  [n = 63]:	loss = 0.091  exp loss = 0.064  adjusted loss = 0.064  adv prob = 0.250000   acc = 0.937
  waterbird_complete50 = 1, forest2water2 = 1  [n = 59]:	loss = 0.054  exp loss = 0.037  adjusted loss = 0.037  adv prob = 0.250000   acc = 1.000

Validation:
Average incurred loss: 0.512  
Average sample loss: 0.505  
Average acc: 0.913  
  waterbird_complete50 = 0, forest2water2 = 0  [n = 465]:	loss = 0.001  exp loss = 0.000  adjusted loss = 0.000  adv prob = 0.250000   acc = 1.000
  waterbird_complete50 = 0, forest2water2 = 1  [n = 466]:	loss = 0.014  exp loss = 0.012  adjusted loss = 0.012  adv prob = 0.250000   acc = 0.994
  waterbird_complete50 = 1, forest2water2 = 0  [n = 134]:	loss = 2.443  exp loss = 2.796  adjusted loss = 2.796  adv prob = 0.250000   acc = 0.612
  waterbird_complete50 = 1, forest2water2 = 1  [n = 134]:	loss = 2.084  exp loss = 2.061  adjusted loss = 2.061  adv prob = 0.250000   acc = 0.634
Current lr: 0.000010
Current validation accuracy: 0.6119402647018433


Epoch [182]:
Training:
Average incurred loss: 0.033  
Average sample loss: 0.035  
Average acc: 0.996  
  waterbird_complete50 = 0, forest2water2 = 0  [n = 52]:	loss = 0.000  exp loss = 0.000  adjusted loss = 0.000  adv prob = 0.250000   acc = 1.000
  waterbird_complete50 = 0, forest2water2 = 1  [n = 53]:	loss = 0.000  exp loss = 0.000  adjusted loss = 0.000  adv prob = 0.250000   acc = 1.000
  waterbird_complete50 = 1, forest2water2 = 0  [n = 60]:	loss = 0.066  exp loss = 0.068  adjusted loss = 0.068  adv prob = 0.250000   acc = 1.000
  waterbird_complete50 = 1, forest2water2 = 1  [n = 59]:	loss = 0.056  exp loss = 0.042  adjusted loss = 0.042  adv prob = 0.250000   acc = 0.983

Validation:
Average incurred loss: 0.529  
Average sample loss: 0.522  
Average acc: 0.912  
  waterbird_complete50 = 0, forest2water2 = 0  [n = 465]:	loss = 0.001  exp loss = 0.000  adjusted loss = 0.000  adv prob = 0.250000   acc = 1.000
  waterbird_complete50 = 0, forest2water2 = 1  [n = 466]:	loss = 0.012  exp loss = 0.010  adjusted loss = 0.010  adv prob = 0.250000   acc = 0.996
  waterbird_complete50 = 1, forest2water2 = 0  [n = 134]:	loss = 2.538  exp loss = 2.911  adjusted loss = 2.911  adv prob = 0.250000   acc = 0.590
  waterbird_complete50 = 1, forest2water2 = 1  [n = 134]:	loss = 2.152  exp loss = 2.133  adjusted loss = 2.133  adv prob = 0.250000   acc = 0.634
Current lr: 0.000010
Current validation accuracy: 0.5895521640777588


Epoch [183]:
Training:
Average incurred loss: 0.030  
Average sample loss: 0.028  
Average acc: 1.000  
  waterbird_complete50 = 0, forest2water2 = 0  [n = 58]:	loss = 0.000  exp loss = 0.000  adjusted loss = 0.000  adv prob = 0.250000   acc = 1.000
  waterbird_complete50 = 0, forest2water2 = 1  [n = 52]:	loss = 0.000  exp loss = 0.000  adjusted loss = 0.000  adv prob = 0.250000   acc = 1.000
  waterbird_complete50 = 1, forest2water2 = 0  [n = 53]:	loss = 0.043  exp loss = 0.055  adjusted loss = 0.055  adv prob = 0.250000   acc = 1.000
  waterbird_complete50 = 1, forest2water2 = 1  [n = 61]:	loss = 0.074  exp loss = 0.047  adjusted loss = 0.047  adv prob = 0.250000   acc = 1.000

Validation:
Average incurred loss: 0.508  
Average sample loss: 0.501  
Average acc: 0.914  
  waterbird_complete50 = 0, forest2water2 = 0  [n = 465]:	loss = 0.001  exp loss = 0.000  adjusted loss = 0.000  adv prob = 0.250000   acc = 1.000
  waterbird_complete50 = 0, forest2water2 = 1  [n = 466]:	loss = 0.014  exp loss = 0.012  adjusted loss = 0.012  adv prob = 0.250000   acc = 0.994
  waterbird_complete50 = 1, forest2water2 = 0  [n = 134]:	loss = 2.450  exp loss = 2.802  adjusted loss = 2.802  adv prob = 0.250000   acc = 0.604
  waterbird_complete50 = 1, forest2water2 = 1  [n = 134]:	loss = 2.047  exp loss = 2.035  adjusted loss = 2.035  adv prob = 0.250000   acc = 0.649
Current lr: 0.000010
Current validation accuracy: 0.6044776439666748


Epoch [184]:
Training:
Average incurred loss: 0.014  
Average sample loss: 0.023  
Average acc: 0.991  
  waterbird_complete50 = 0, forest2water2 = 0  [n = 55]:	loss = 0.000  exp loss = 0.000  adjusted loss = 0.000  adv prob = 0.250000   acc = 1.000
  waterbird_complete50 = 0, forest2water2 = 1  [n = 66]:	loss = 0.000  exp loss = 0.000  adjusted loss = 0.000  adv prob = 0.250000   acc = 1.000
  waterbird_complete50 = 1, forest2water2 = 0  [n = 48]:	loss = 0.012  exp loss = 0.045  adjusted loss = 0.045  adv prob = 0.250000   acc = 1.000
  waterbird_complete50 = 1, forest2water2 = 1  [n = 55]:	loss = 0.045  exp loss = 0.050  adjusted loss = 0.050  adv prob = 0.250000   acc = 0.964

Validation:
Average incurred loss: 0.482  
Average sample loss: 0.476  
Average acc: 0.920  
  waterbird_complete50 = 0, forest2water2 = 0  [n = 465]:	loss = 0.001  exp loss = 0.001  adjusted loss = 0.001  adv prob = 0.250000   acc = 1.000
  waterbird_complete50 = 0, forest2water2 = 1  [n = 466]:	loss = 0.017  exp loss = 0.015  adjusted loss = 0.015  adv prob = 0.250000   acc = 0.994
  waterbird_complete50 = 1, forest2water2 = 0  [n = 134]:	loss = 2.326  exp loss = 2.661  adjusted loss = 2.661  adv prob = 0.250000   acc = 0.634
  waterbird_complete50 = 1, forest2water2 = 1  [n = 134]:	loss = 1.928  exp loss = 1.915  adjusted loss = 1.915  adv prob = 0.250000   acc = 0.672
Current lr: 0.000010
Current validation accuracy: 0.6343283653259277


Epoch [185]:
Training:
Average incurred loss: 0.027  
Average sample loss: 0.045  
Average acc: 0.987  
  waterbird_complete50 = 0, forest2water2 = 0  [n = 47]:	loss = 0.000  exp loss = 0.000  adjusted loss = 0.000  adv prob = 0.250000   acc = 1.000
  waterbird_complete50 = 0, forest2water2 = 1  [n = 71]:	loss = 0.000  exp loss = 0.000  adjusted loss = 0.000  adv prob = 0.250000   acc = 1.000
  waterbird_complete50 = 1, forest2water2 = 0  [n = 51]:	loss = 0.077  exp loss = 0.073  adjusted loss = 0.073  adv prob = 0.250000   acc = 0.961
  waterbird_complete50 = 1, forest2water2 = 1  [n = 55]:	loss = 0.036  exp loss = 0.049  adjusted loss = 0.049  adv prob = 0.250000   acc = 0.982

Validation:
Average incurred loss: 0.477  
Average sample loss: 0.470  
Average acc: 0.918  
  waterbird_complete50 = 0, forest2water2 = 0  [n = 465]:	loss = 0.001  exp loss = 0.001  adjusted loss = 0.001  adv prob = 0.250000   acc = 1.000
  waterbird_complete50 = 0, forest2water2 = 1  [n = 466]:	loss = 0.018  exp loss = 0.016  adjusted loss = 0.016  adv prob = 0.250000   acc = 0.994
  waterbird_complete50 = 1, forest2water2 = 0  [n = 134]:	loss = 2.291  exp loss = 2.611  adjusted loss = 2.611  adv prob = 0.250000   acc = 0.634
  waterbird_complete50 = 1, forest2water2 = 1  [n = 134]:	loss = 1.908  exp loss = 1.895  adjusted loss = 1.895  adv prob = 0.250000   acc = 0.657
Current lr: 0.000010
Current validation accuracy: 0.6343283653259277


Epoch [186]:
Training:
Average incurred loss: 0.066  
Average sample loss: 0.097  
Average acc: 0.978  
  waterbird_complete50 = 0, forest2water2 = 0  [n = 54]:	loss = 0.000  exp loss = 0.000  adjusted loss = 0.000  adv prob = 0.250000   acc = 1.000
  waterbird_complete50 = 0, forest2water2 = 1  [n = 54]:	loss = 0.000  exp loss = 0.000  adjusted loss = 0.000  adv prob = 0.250000   acc = 1.000
  waterbird_complete50 = 1, forest2water2 = 0  [n = 61]:	loss = 0.151  exp loss = 0.124  adjusted loss = 0.124  adv prob = 0.250000   acc = 0.934
  waterbird_complete50 = 1, forest2water2 = 1  [n = 55]:	loss = 0.102  exp loss = 0.072  adjusted loss = 0.072  adv prob = 0.250000   acc = 0.982

Validation:
Average incurred loss: 0.477  
Average sample loss: 0.470  
Average acc: 0.917  
  waterbird_complete50 = 0, forest2water2 = 0  [n = 465]:	loss = 0.001  exp loss = 0.000  adjusted loss = 0.000  adv prob = 0.250000   acc = 1.000
  waterbird_complete50 = 0, forest2water2 = 1  [n = 466]:	loss = 0.015  exp loss = 0.013  adjusted loss = 0.013  adv prob = 0.250000   acc = 0.994
  waterbird_complete50 = 1, forest2water2 = 0  [n = 134]:	loss = 2.312  exp loss = 2.627  adjusted loss = 2.627  adv prob = 0.250000   acc = 0.627
  waterbird_complete50 = 1, forest2water2 = 1  [n = 134]:	loss = 1.900  exp loss = 1.895  adjusted loss = 1.895  adv prob = 0.250000   acc = 0.657
Current lr: 0.000010
Current validation accuracy: 0.6268656253814697


Epoch [187]:
Training:
Average incurred loss: 0.016  
Average sample loss: 0.015  
Average acc: 0.996  
  waterbird_complete50 = 0, forest2water2 = 0  [n = 50]:	loss = 0.000  exp loss = 0.000  adjusted loss = 0.000  adv prob = 0.250000   acc = 1.000
  waterbird_complete50 = 0, forest2water2 = 1  [n = 61]:	loss = 0.000  exp loss = 0.000  adjusted loss = 0.000  adv prob = 0.250000   acc = 1.000
  waterbird_complete50 = 1, forest2water2 = 0  [n = 59]:	loss = 0.037  exp loss = 0.092  adjusted loss = 0.092  adv prob = 0.250000   acc = 0.983
  waterbird_complete50 = 1, forest2water2 = 1  [n = 54]:	loss = 0.027  exp loss = 0.055  adjusted loss = 0.055  adv prob = 0.250000   acc = 1.000

Validation:
Average incurred loss: 0.465  
Average sample loss: 0.459  
Average acc: 0.919  
  waterbird_complete50 = 0, forest2water2 = 0  [n = 465]:	loss = 0.001  exp loss = 0.000  adjusted loss = 0.000  adv prob = 0.250000   acc = 1.000
  waterbird_complete50 = 0, forest2water2 = 1  [n = 466]:	loss = 0.016  exp loss = 0.014  adjusted loss = 0.014  adv prob = 0.250000   acc = 0.994
  waterbird_complete50 = 1, forest2water2 = 0  [n = 134]:	loss = 2.247  exp loss = 2.542  adjusted loss = 2.542  adv prob = 0.250000   acc = 0.627
  waterbird_complete50 = 1, forest2water2 = 1  [n = 134]:	loss = 1.858  exp loss = 1.851  adjusted loss = 1.851  adv prob = 0.250000   acc = 0.672
Current lr: 0.000010
Current validation accuracy: 0.6268656253814697


Epoch [188]:
Training:
Average incurred loss: 0.109  
Average sample loss: 0.095  
Average acc: 0.938  
  waterbird_complete50 = 0, forest2water2 = 0  [n = 59]:	loss = 0.000  exp loss = 0.000  adjusted loss = 0.000  adv prob = 0.250000   acc = 1.000
  waterbird_complete50 = 0, forest2water2 = 1  [n = 56]:	loss = 0.000  exp loss = 0.000  adjusted loss = 0.000  adv prob = 0.250000   acc = 1.000
  waterbird_complete50 = 1, forest2water2 = 0  [n = 57]:	loss = 0.280  exp loss = 0.119  adjusted loss = 0.119  adv prob = 0.250000   acc = 0.842
  waterbird_complete50 = 1, forest2water2 = 1  [n = 52]:	loss = 0.163  exp loss = 0.070  adjusted loss = 0.070  adv prob = 0.250000   acc = 0.904

Validation:
Average incurred loss: 0.431  
Average sample loss: 0.425  
Average acc: 0.927  
  waterbird_complete50 = 0, forest2water2 = 0  [n = 465]:	loss = 0.002  exp loss = 0.001  adjusted loss = 0.001  adv prob = 0.250000   acc = 1.000
  waterbird_complete50 = 0, forest2water2 = 1  [n = 466]:	loss = 0.020  exp loss = 0.019  adjusted loss = 0.019  adv prob = 0.250000   acc = 0.994
  waterbird_complete50 = 1, forest2water2 = 0  [n = 134]:	loss = 2.069  exp loss = 2.331  adjusted loss = 2.331  adv prob = 0.250000   acc = 0.664
  waterbird_complete50 = 1, forest2water2 = 1  [n = 134]:	loss = 1.709  exp loss = 1.704  adjusted loss = 1.704  adv prob = 0.250000   acc = 0.709
Current lr: 0.000010
Current validation accuracy: 0.6641790866851807


Epoch [189]:
Training:
Average incurred loss: 0.024  
Average sample loss: 0.021  
Average acc: 0.996  
  waterbird_complete50 = 0, forest2water2 = 0  [n = 53]:	loss = 0.000  exp loss = 0.000  adjusted loss = 0.000  adv prob = 0.250000   acc = 1.000
  waterbird_complete50 = 0, forest2water2 = 1  [n = 54]:	loss = 0.000  exp loss = 0.000  adjusted loss = 0.000  adv prob = 0.250000   acc = 1.000
  waterbird_complete50 = 1, forest2water2 = 0  [n = 51]:	loss = 0.047  exp loss = 0.090  adjusted loss = 0.090  adv prob = 0.250000   acc = 0.980
  waterbird_complete50 = 1, forest2water2 = 1  [n = 66]:	loss = 0.044  exp loss = 0.059  adjusted loss = 0.059  adv prob = 0.250000   acc = 1.000

Validation:
Average incurred loss: 0.452  
Average sample loss: 0.446  
Average acc: 0.923  
  waterbird_complete50 = 0, forest2water2 = 0  [n = 465]:	loss = 0.001  exp loss = 0.001  adjusted loss = 0.001  adv prob = 0.250000   acc = 1.000
  waterbird_complete50 = 0, forest2water2 = 1  [n = 466]:	loss = 0.018  exp loss = 0.016  adjusted loss = 0.016  adv prob = 0.250000   acc = 0.994
  waterbird_complete50 = 1, forest2water2 = 0  [n = 134]:	loss = 2.164  exp loss = 2.450  adjusted loss = 2.450  adv prob = 0.250000   acc = 0.642
  waterbird_complete50 = 1, forest2water2 = 1  [n = 134]:	loss = 1.817  exp loss = 1.806  adjusted loss = 1.806  adv prob = 0.250000   acc = 0.694
Current lr: 0.000010
Current validation accuracy: 0.6417911052703857


Epoch [190]:
Training:
Average incurred loss: 0.034  
Average sample loss: 0.031  
Average acc: 0.991  
  waterbird_complete50 = 0, forest2water2 = 0  [n = 57]:	loss = 0.000  exp loss = 0.000  adjusted loss = 0.000  adv prob = 0.250000   acc = 1.000
  waterbird_complete50 = 0, forest2water2 = 1  [n = 48]:	loss = 0.000  exp loss = 0.000  adjusted loss = 0.000  adv prob = 0.250000   acc = 1.000
  waterbird_complete50 = 1, forest2water2 = 0  [n = 71]:	loss = 0.042  exp loss = 0.073  adjusted loss = 0.073  adv prob = 0.250000   acc = 1.000
  waterbird_complete50 = 1, forest2water2 = 1  [n = 48]:	loss = 0.095  exp loss = 0.070  adjusted loss = 0.070  adv prob = 0.250000   acc = 0.958

Validation:
Average incurred loss: 0.487  
Average sample loss: 0.480  
Average acc: 0.915  
  waterbird_complete50 = 0, forest2water2 = 0  [n = 465]:	loss = 0.001  exp loss = 0.000  adjusted loss = 0.000  adv prob = 0.250000   acc = 1.000
  waterbird_complete50 = 0, forest2water2 = 1  [n = 466]:	loss = 0.014  exp loss = 0.012  adjusted loss = 0.012  adv prob = 0.250000   acc = 0.994
  waterbird_complete50 = 1, forest2water2 = 0  [n = 134]:	loss = 2.346  exp loss = 2.674  adjusted loss = 2.674  adv prob = 0.250000   acc = 0.612
  waterbird_complete50 = 1, forest2water2 = 1  [n = 134]:	loss = 1.960  exp loss = 1.937  adjusted loss = 1.937  adv prob = 0.250000   acc = 0.649
Current lr: 0.000010
Current validation accuracy: 0.6119402647018433


Epoch [191]:
Training:
Average incurred loss: 0.001  
Average sample loss: 0.002  
Average acc: 1.000  
  waterbird_complete50 = 0, forest2water2 = 0  [n = 65]:	loss = 0.000  exp loss = 0.000  adjusted loss = 0.000  adv prob = 0.250000   acc = 1.000
  waterbird_complete50 = 0, forest2water2 = 1  [n = 57]:	loss = 0.000  exp loss = 0.000  adjusted loss = 0.000  adv prob = 0.250000   acc = 1.000
  waterbird_complete50 = 1, forest2water2 = 0  [n = 54]:	loss = 0.003  exp loss = 0.048  adjusted loss = 0.048  adv prob = 0.250000   acc = 1.000
  waterbird_complete50 = 1, forest2water2 = 1  [n = 48]:	loss = 0.004  exp loss = 0.048  adjusted loss = 0.048  adv prob = 0.250000   acc = 1.000

Validation:
Average incurred loss: 0.446  
Average sample loss: 0.440  
Average acc: 0.922  
  waterbird_complete50 = 0, forest2water2 = 0  [n = 465]:	loss = 0.001  exp loss = 0.001  adjusted loss = 0.001  adv prob = 0.250000   acc = 1.000
  waterbird_complete50 = 0, forest2water2 = 1  [n = 466]:	loss = 0.018  exp loss = 0.016  adjusted loss = 0.016  adv prob = 0.250000   acc = 0.994
  waterbird_complete50 = 1, forest2water2 = 0  [n = 134]:	loss = 2.160  exp loss = 2.426  adjusted loss = 2.426  adv prob = 0.250000   acc = 0.642
  waterbird_complete50 = 1, forest2water2 = 1  [n = 134]:	loss = 1.762  exp loss = 1.748  adjusted loss = 1.748  adv prob = 0.250000   acc = 0.687
Current lr: 0.000010
Current validation accuracy: 0.6417911052703857


Epoch [192]:
Training:
Average incurred loss: 0.101  
Average sample loss: 0.093  
Average acc: 0.969  
  waterbird_complete50 = 0, forest2water2 = 0  [n = 55]:	loss = 0.000  exp loss = 0.000  adjusted loss = 0.000  adv prob = 0.250000   acc = 1.000
  waterbird_complete50 = 0, forest2water2 = 1  [n = 50]:	loss = 0.000  exp loss = 0.000  adjusted loss = 0.000  adv prob = 0.250000   acc = 1.000
  waterbird_complete50 = 1, forest2water2 = 0  [n = 58]:	loss = 0.229  exp loss = 0.085  adjusted loss = 0.085  adv prob = 0.250000   acc = 0.914
  waterbird_complete50 = 1, forest2water2 = 1  [n = 61]:	loss = 0.153  exp loss = 0.071  adjusted loss = 0.071  adv prob = 0.250000   acc = 0.967

Validation:
Average incurred loss: 0.469  
Average sample loss: 0.462  
Average acc: 0.917  
  waterbird_complete50 = 0, forest2water2 = 0  [n = 465]:	loss = 0.001  exp loss = 0.001  adjusted loss = 0.001  adv prob = 0.250000   acc = 1.000
  waterbird_complete50 = 0, forest2water2 = 1  [n = 466]:	loss = 0.016  exp loss = 0.014  adjusted loss = 0.014  adv prob = 0.250000   acc = 0.994
  waterbird_complete50 = 1, forest2water2 = 0  [n = 134]:	loss = 2.281  exp loss = 2.566  adjusted loss = 2.566  adv prob = 0.250000   acc = 0.619
  waterbird_complete50 = 1, forest2water2 = 1  [n = 134]:	loss = 1.854  exp loss = 1.846  adjusted loss = 1.846  adv prob = 0.250000   acc = 0.664
Current lr: 0.000010
Current validation accuracy: 0.6194030046463013


Epoch [193]:
Training:
Average incurred loss: 0.022  
Average sample loss: 0.019  
Average acc: 0.991  
  waterbird_complete50 = 0, forest2water2 = 0  [n = 60]:	loss = 0.000  exp loss = 0.000  adjusted loss = 0.000  adv prob = 0.250000   acc = 1.000
  waterbird_complete50 = 0, forest2water2 = 1  [n = 52]:	loss = 0.000  exp loss = 0.000  adjusted loss = 0.000  adv prob = 0.250000   acc = 1.000
  waterbird_complete50 = 1, forest2water2 = 0  [n = 52]:	loss = 0.021  exp loss = 0.061  adjusted loss = 0.061  adv prob = 0.250000   acc = 1.000
  waterbird_complete50 = 1, forest2water2 = 1  [n = 60]:	loss = 0.064  exp loss = 0.063  adjusted loss = 0.063  adv prob = 0.250000   acc = 0.967

Validation:
Average incurred loss: 0.463  
Average sample loss: 0.456  
Average acc: 0.920  
  waterbird_complete50 = 0, forest2water2 = 0  [n = 465]:	loss = 0.001  exp loss = 0.001  adjusted loss = 0.001  adv prob = 0.250000   acc = 1.000
  waterbird_complete50 = 0, forest2water2 = 1  [n = 466]:	loss = 0.017  exp loss = 0.015  adjusted loss = 0.015  adv prob = 0.250000   acc = 0.994
  waterbird_complete50 = 1, forest2water2 = 0  [n = 134]:	loss = 2.246  exp loss = 2.520  adjusted loss = 2.520  adv prob = 0.250000   acc = 0.627
  waterbird_complete50 = 1, forest2water2 = 1  [n = 134]:	loss = 1.833  exp loss = 1.833  adjusted loss = 1.833  adv prob = 0.250000   acc = 0.679
Current lr: 0.000010
Current validation accuracy: 0.6268656253814697


Epoch [194]:
Training:
Average incurred loss: 0.018  
Average sample loss: 0.028  
Average acc: 0.991  
  waterbird_complete50 = 0, forest2water2 = 0  [n = 63]:	loss = 0.000  exp loss = 0.000  adjusted loss = 0.000  adv prob = 0.250000   acc = 1.000
  waterbird_complete50 = 0, forest2water2 = 1  [n = 50]:	loss = 0.000  exp loss = 0.000  adjusted loss = 0.000  adv prob = 0.250000   acc = 1.000
  waterbird_complete50 = 1, forest2water2 = 0  [n = 55]:	loss = 0.040  exp loss = 0.060  adjusted loss = 0.060  adv prob = 0.250000   acc = 0.982
  waterbird_complete50 = 1, forest2water2 = 1  [n = 56]:	loss = 0.035  exp loss = 0.060  adjusted loss = 0.060  adv prob = 0.250000   acc = 0.982

Validation:
Average incurred loss: 0.465  
Average sample loss: 0.458  
Average acc: 0.919  
  waterbird_complete50 = 0, forest2water2 = 0  [n = 465]:	loss = 0.001  exp loss = 0.001  adjusted loss = 0.001  adv prob = 0.250000   acc = 1.000
  waterbird_complete50 = 0, forest2water2 = 1  [n = 466]:	loss = 0.015  exp loss = 0.013  adjusted loss = 0.013  adv prob = 0.250000   acc = 0.994
  waterbird_complete50 = 1, forest2water2 = 0  [n = 134]:	loss = 2.254  exp loss = 2.525  adjusted loss = 2.525  adv prob = 0.250000   acc = 0.619
  waterbird_complete50 = 1, forest2water2 = 1  [n = 134]:	loss = 1.850  exp loss = 1.848  adjusted loss = 1.848  adv prob = 0.250000   acc = 0.679
Current lr: 0.000010
Current validation accuracy: 0.6194030046463013


Epoch [195]:
Training:
Average incurred loss: 0.039  
Average sample loss: 0.034  
Average acc: 0.991  
  waterbird_complete50 = 0, forest2water2 = 0  [n = 60]:	loss = 0.000  exp loss = 0.000  adjusted loss = 0.000  adv prob = 0.250000   acc = 1.000
  waterbird_complete50 = 0, forest2water2 = 1  [n = 57]:	loss = 0.000  exp loss = 0.000  adjusted loss = 0.000  adv prob = 0.250000   acc = 1.000
  waterbird_complete50 = 1, forest2water2 = 0  [n = 52]:	loss = 0.096  exp loss = 0.064  adjusted loss = 0.064  adv prob = 0.250000   acc = 0.962
  waterbird_complete50 = 1, forest2water2 = 1  [n = 55]:	loss = 0.069  exp loss = 0.055  adjusted loss = 0.055  adv prob = 0.250000   acc = 1.000

Validation:
Average incurred loss: 0.431  
Average sample loss: 0.425  
Average acc: 0.922  
  waterbird_complete50 = 0, forest2water2 = 0  [n = 465]:	loss = 0.002  exp loss = 0.001  adjusted loss = 0.001  adv prob = 0.250000   acc = 0.998
  waterbird_complete50 = 0, forest2water2 = 1  [n = 466]:	loss = 0.019  exp loss = 0.017  adjusted loss = 0.017  adv prob = 0.250000   acc = 0.994
  waterbird_complete50 = 1, forest2water2 = 0  [n = 134]:	loss = 2.095  exp loss = 2.343  adjusted loss = 2.343  adv prob = 0.250000   acc = 0.634
  waterbird_complete50 = 1, forest2water2 = 1  [n = 134]:	loss = 1.692  exp loss = 1.701  adjusted loss = 1.701  adv prob = 0.250000   acc = 0.694
Current lr: 0.000010
Current validation accuracy: 0.6343283653259277


Epoch [196]:
Training:
Average incurred loss: 0.011  
Average sample loss: 0.010  
Average acc: 1.000  
  waterbird_complete50 = 0, forest2water2 = 0  [n = 63]:	loss = 0.000  exp loss = 0.000  adjusted loss = 0.000  adv prob = 0.250000   acc = 1.000
  waterbird_complete50 = 0, forest2water2 = 1  [n = 47]:	loss = 0.000  exp loss = 0.000  adjusted loss = 0.000  adv prob = 0.250000   acc = 1.000
  waterbird_complete50 = 1, forest2water2 = 0  [n = 53]:	loss = 0.032  exp loss = 0.051  adjusted loss = 0.051  adv prob = 0.250000   acc = 1.000
  waterbird_complete50 = 1, forest2water2 = 1  [n = 61]:	loss = 0.013  exp loss = 0.040  adjusted loss = 0.040  adv prob = 0.250000   acc = 1.000

Validation:
Average incurred loss: 0.444  
Average sample loss: 0.438  
Average acc: 0.922  
  waterbird_complete50 = 0, forest2water2 = 0  [n = 465]:	loss = 0.001  exp loss = 0.001  adjusted loss = 0.001  adv prob = 0.250000   acc = 1.000
  waterbird_complete50 = 0, forest2water2 = 1  [n = 466]:	loss = 0.018  exp loss = 0.016  adjusted loss = 0.016  adv prob = 0.250000   acc = 0.994
  waterbird_complete50 = 1, forest2water2 = 0  [n = 134]:	loss = 2.162  exp loss = 2.435  adjusted loss = 2.435  adv prob = 0.250000   acc = 0.634
  waterbird_complete50 = 1, forest2water2 = 1  [n = 134]:	loss = 1.747  exp loss = 1.750  adjusted loss = 1.750  adv prob = 0.250000   acc = 0.694
Current lr: 0.000010
Current validation accuracy: 0.6343283653259277


Epoch [197]:
Training:
Average incurred loss: 0.025  
Average sample loss: 0.038  
Average acc: 0.991  
  waterbird_complete50 = 0, forest2water2 = 0  [n = 67]:	loss = 0.000  exp loss = 0.000  adjusted loss = 0.000  adv prob = 0.250000   acc = 1.000
  waterbird_complete50 = 0, forest2water2 = 1  [n = 49]:	loss = 0.000  exp loss = 0.000  adjusted loss = 0.000  adv prob = 0.250000   acc = 1.000
  waterbird_complete50 = 1, forest2water2 = 0  [n = 58]:	loss = 0.082  exp loss = 0.076  adjusted loss = 0.076  adv prob = 0.250000   acc = 0.966
  waterbird_complete50 = 1, forest2water2 = 1  [n = 50]:	loss = 0.016  exp loss = 0.032  adjusted loss = 0.032  adv prob = 0.250000   acc = 1.000

Validation:
Average incurred loss: 0.454  
Average sample loss: 0.448  
Average acc: 0.922  
  waterbird_complete50 = 0, forest2water2 = 0  [n = 465]:	loss = 0.001  exp loss = 0.001  adjusted loss = 0.001  adv prob = 0.250000   acc = 1.000
  waterbird_complete50 = 0, forest2water2 = 1  [n = 466]:	loss = 0.016  exp loss = 0.014  adjusted loss = 0.014  adv prob = 0.250000   acc = 0.994
  waterbird_complete50 = 1, forest2water2 = 0  [n = 134]:	loss = 2.209  exp loss = 2.491  adjusted loss = 2.491  adv prob = 0.250000   acc = 0.627
  waterbird_complete50 = 1, forest2water2 = 1  [n = 134]:	loss = 1.797  exp loss = 1.790  adjusted loss = 1.790  adv prob = 0.250000   acc = 0.694
Current lr: 0.000010
Current validation accuracy: 0.6268656253814697


Epoch [198]:
Training:
Average incurred loss: 0.002  
Average sample loss: 0.004  
Average acc: 1.000  
  waterbird_complete50 = 0, forest2water2 = 0  [n = 58]:	loss = 0.000  exp loss = 0.000  adjusted loss = 0.000  adv prob = 0.250000   acc = 1.000
  waterbird_complete50 = 0, forest2water2 = 1  [n = 70]:	loss = 0.000  exp loss = 0.000  adjusted loss = 0.000  adv prob = 0.250000   acc = 1.000
  waterbird_complete50 = 1, forest2water2 = 0  [n = 47]:	loss = 0.010  exp loss = 0.053  adjusted loss = 0.053  adv prob = 0.250000   acc = 1.000
  waterbird_complete50 = 1, forest2water2 = 1  [n = 49]:	loss = 0.002  exp loss = 0.022  adjusted loss = 0.022  adv prob = 0.250000   acc = 1.000

Validation:
Average incurred loss: 0.418  
Average sample loss: 0.412  
Average acc: 0.926  
  waterbird_complete50 = 0, forest2water2 = 0  [n = 465]:	loss = 0.002  exp loss = 0.001  adjusted loss = 0.001  adv prob = 0.250000   acc = 0.998
  waterbird_complete50 = 0, forest2water2 = 1  [n = 466]:	loss = 0.020  exp loss = 0.018  adjusted loss = 0.018  adv prob = 0.250000   acc = 0.994
  waterbird_complete50 = 1, forest2water2 = 0  [n = 134]:	loss = 2.022  exp loss = 2.262  adjusted loss = 2.262  adv prob = 0.250000   acc = 0.657
  waterbird_complete50 = 1, forest2water2 = 1  [n = 134]:	loss = 1.644  exp loss = 1.636  adjusted loss = 1.636  adv prob = 0.250000   acc = 0.709
Current lr: 0.000010
Current validation accuracy: 0.6567164659500122


Epoch [199]:
Training:
Average incurred loss: 0.008  
Average sample loss: 0.007  
Average acc: 1.000  
  waterbird_complete50 = 0, forest2water2 = 0  [n = 66]:	loss = 0.000  exp loss = 0.000  adjusted loss = 0.000  adv prob = 0.250000   acc = 1.000
  waterbird_complete50 = 0, forest2water2 = 1  [n = 57]:	loss = 0.000  exp loss = 0.000  adjusted loss = 0.000  adv prob = 0.250000   acc = 1.000
  waterbird_complete50 = 1, forest2water2 = 0  [n = 55]:	loss = 0.014  exp loss = 0.038  adjusted loss = 0.038  adv prob = 0.250000   acc = 1.000
  waterbird_complete50 = 1, forest2water2 = 1  [n = 46]:	loss = 0.021  exp loss = 0.019  adjusted loss = 0.019  adv prob = 0.250000   acc = 1.000

Validation:
Average incurred loss: 0.381  
Average sample loss: 0.376  
Average acc: 0.932  
  waterbird_complete50 = 0, forest2water2 = 0  [n = 465]:	loss = 0.003  exp loss = 0.002  adjusted loss = 0.002  adv prob = 0.250000   acc = 0.998
  waterbird_complete50 = 0, forest2water2 = 1  [n = 466]:	loss = 0.025  exp loss = 0.022  adjusted loss = 0.022  adv prob = 0.250000   acc = 0.994
  waterbird_complete50 = 1, forest2water2 = 0  [n = 134]:	loss = 1.841  exp loss = 2.022  adjusted loss = 2.022  adv prob = 0.250000   acc = 0.694
  waterbird_complete50 = 1, forest2water2 = 1  [n = 134]:	loss = 1.473  exp loss = 1.472  adjusted loss = 1.472  adv prob = 0.250000   acc = 0.731
Current lr: 0.000010
Current validation accuracy: 0.6940298080444336


Epoch [200]:
Training:
Average incurred loss: 0.005  
Average sample loss: 0.008  
Average acc: 1.000  
  waterbird_complete50 = 0, forest2water2 = 0  [n = 58]:	loss = 0.000  exp loss = 0.000  adjusted loss = 0.000  adv prob = 0.250000   acc = 1.000
  waterbird_complete50 = 0, forest2water2 = 1  [n = 76]:	loss = 0.000  exp loss = 0.000  adjusted loss = 0.000  adv prob = 0.250000   acc = 1.000
  waterbird_complete50 = 1, forest2water2 = 0  [n = 48]:	loss = 0.019  exp loss = 0.034  adjusted loss = 0.034  adv prob = 0.250000   acc = 1.000
  waterbird_complete50 = 1, forest2water2 = 1  [n = 42]:	loss = 0.002  exp loss = 0.013  adjusted loss = 0.013  adv prob = 0.250000   acc = 1.000

Validation:
Average incurred loss: 0.365  
Average sample loss: 0.360  
Average acc: 0.935  
  waterbird_complete50 = 0, forest2water2 = 0  [n = 465]:	loss = 0.004  exp loss = 0.002  adjusted loss = 0.002  adv prob = 0.250000   acc = 0.998
  waterbird_complete50 = 0, forest2water2 = 1  [n = 466]:	loss = 0.027  exp loss = 0.024  adjusted loss = 0.024  adv prob = 0.250000   acc = 0.994
  waterbird_complete50 = 1, forest2water2 = 0  [n = 134]:	loss = 1.764  exp loss = 1.911  adjusted loss = 1.911  adv prob = 0.250000   acc = 0.709
  waterbird_complete50 = 1, forest2water2 = 1  [n = 134]:	loss = 1.393  exp loss = 1.398  adjusted loss = 1.398  adv prob = 0.250000   acc = 0.739
Current lr: 0.000010
Current validation accuracy: 0.7089552879333496


Epoch [201]:
Training:
Average incurred loss: 0.093  
Average sample loss: 0.135  
Average acc: 0.951  
  waterbird_complete50 = 0, forest2water2 = 0  [n = 50]:	loss = 0.000  exp loss = 0.000  adjusted loss = 0.000  adv prob = 0.250000   acc = 1.000
  waterbird_complete50 = 0, forest2water2 = 1  [n = 48]:	loss = 0.000  exp loss = 0.000  adjusted loss = 0.000  adv prob = 0.250000   acc = 1.000
  waterbird_complete50 = 1, forest2water2 = 0  [n = 50]:	loss = 0.192  exp loss = 0.115  adjusted loss = 0.115  adv prob = 0.250000   acc = 0.860
  waterbird_complete50 = 1, forest2water2 = 1  [n = 76]:	loss = 0.149  exp loss = 0.076  adjusted loss = 0.076  adv prob = 0.250000   acc = 0.947

Validation:
Average incurred loss: 0.441  
Average sample loss: 0.435  
Average acc: 0.922  
  waterbird_complete50 = 0, forest2water2 = 0  [n = 465]:	loss = 0.002  exp loss = 0.001  adjusted loss = 0.001  adv prob = 0.250000   acc = 0.998
  waterbird_complete50 = 0, forest2water2 = 1  [n = 466]:	loss = 0.019  exp loss = 0.017  adjusted loss = 0.017  adv prob = 0.250000   acc = 0.994
  waterbird_complete50 = 1, forest2water2 = 0  [n = 134]:	loss = 2.132  exp loss = 2.390  adjusted loss = 2.390  adv prob = 0.250000   acc = 0.642
  waterbird_complete50 = 1, forest2water2 = 1  [n = 134]:	loss = 1.738  exp loss = 1.729  adjusted loss = 1.729  adv prob = 0.250000   acc = 0.687
Current lr: 0.000010
Current validation accuracy: 0.6417911052703857


Epoch [202]:
Training:
Average incurred loss: 0.048  
Average sample loss: 0.042  
Average acc: 0.982  
  waterbird_complete50 = 0, forest2water2 = 0  [n = 59]:	loss = 0.000  exp loss = 0.000  adjusted loss = 0.000  adv prob = 0.250000   acc = 1.000
  waterbird_complete50 = 0, forest2water2 = 1  [n = 47]:	loss = 0.000  exp loss = 0.000  adjusted loss = 0.000  adv prob = 0.250000   acc = 1.000
  waterbird_complete50 = 1, forest2water2 = 0  [n = 66]:	loss = 0.135  exp loss = 0.111  adjusted loss = 0.111  adv prob = 0.250000   acc = 0.939
  waterbird_complete50 = 1, forest2water2 = 1  [n = 52]:	loss = 0.037  exp loss = 0.060  adjusted loss = 0.060  adv prob = 0.250000   acc = 1.000

Validation:
Average incurred loss: 0.459  
Average sample loss: 0.453  
Average acc: 0.920  
  waterbird_complete50 = 0, forest2water2 = 0  [n = 465]:	loss = 0.001  exp loss = 0.001  adjusted loss = 0.001  adv prob = 0.250000   acc = 1.000
  waterbird_complete50 = 0, forest2water2 = 1  [n = 466]:	loss = 0.020  exp loss = 0.018  adjusted loss = 0.018  adv prob = 0.250000   acc = 0.994
  waterbird_complete50 = 1, forest2water2 = 0  [n = 134]:	loss = 2.214  exp loss = 2.493  adjusted loss = 2.493  adv prob = 0.250000   acc = 0.627
  waterbird_complete50 = 1, forest2water2 = 1  [n = 134]:	loss = 1.821  exp loss = 1.810  adjusted loss = 1.810  adv prob = 0.250000   acc = 0.679
Current lr: 0.000010
Current validation accuracy: 0.6268656253814697


Epoch [203]:
Training:
Average incurred loss: 0.012  
Average sample loss: 0.016  
Average acc: 1.000  
  waterbird_complete50 = 0, forest2water2 = 0  [n = 53]:	loss = 0.000  exp loss = 0.000  adjusted loss = 0.000  adv prob = 0.250000   acc = 1.000
  waterbird_complete50 = 0, forest2water2 = 1  [n = 61]:	loss = 0.000  exp loss = 0.000  adjusted loss = 0.000  adv prob = 0.250000   acc = 1.000
  waterbird_complete50 = 1, forest2water2 = 0  [n = 48]:	loss = 0.035  exp loss = 0.089  adjusted loss = 0.089  adv prob = 0.250000   acc = 1.000
  waterbird_complete50 = 1, forest2water2 = 1  [n = 62]:	loss = 0.016  exp loss = 0.047  adjusted loss = 0.047  adv prob = 0.250000   acc = 1.000

Validation:
Average incurred loss: 0.472  
Average sample loss: 0.465  
Average acc: 0.918  
  waterbird_complete50 = 0, forest2water2 = 0  [n = 465]:	loss = 0.001  exp loss = 0.001  adjusted loss = 0.001  adv prob = 0.250000   acc = 1.000
  waterbird_complete50 = 0, forest2water2 = 1  [n = 466]:	loss = 0.019  exp loss = 0.017  adjusted loss = 0.017  adv prob = 0.250000   acc = 0.994
  waterbird_complete50 = 1, forest2water2 = 0  [n = 134]:	loss = 2.263  exp loss = 2.543  adjusted loss = 2.543  adv prob = 0.250000   acc = 0.627
  waterbird_complete50 = 1, forest2water2 = 1  [n = 134]:	loss = 1.888  exp loss = 1.881  adjusted loss = 1.881  adv prob = 0.250000   acc = 0.664
Current lr: 0.000010
Current validation accuracy: 0.6268656253814697


Epoch [204]:
Training:
Average incurred loss: 0.030  
Average sample loss: 0.027  
Average acc: 0.991  
  waterbird_complete50 = 0, forest2water2 = 0  [n = 61]:	loss = 0.000  exp loss = 0.000  adjusted loss = 0.000  adv prob = 0.250000   acc = 1.000
  waterbird_complete50 = 0, forest2water2 = 1  [n = 54]:	loss = 0.000  exp loss = 0.000  adjusted loss = 0.000  adv prob = 0.250000   acc = 1.000
  waterbird_complete50 = 1, forest2water2 = 0  [n = 43]:	loss = 0.085  exp loss = 0.073  adjusted loss = 0.073  adv prob = 0.250000   acc = 0.953
  waterbird_complete50 = 1, forest2water2 = 1  [n = 66]:	loss = 0.045  exp loss = 0.043  adjusted loss = 0.043  adv prob = 0.250000   acc = 1.000

Validation:
Average incurred loss: 0.449  
Average sample loss: 0.442  
Average acc: 0.922  
  waterbird_complete50 = 0, forest2water2 = 0  [n = 465]:	loss = 0.001  exp loss = 0.001  adjusted loss = 0.001  adv prob = 0.250000   acc = 1.000
  waterbird_complete50 = 0, forest2water2 = 1  [n = 466]:	loss = 0.019  exp loss = 0.017  adjusted loss = 0.017  adv prob = 0.250000   acc = 0.994
  waterbird_complete50 = 1, forest2water2 = 0  [n = 134]:	loss = 2.142  exp loss = 2.404  adjusted loss = 2.404  adv prob = 0.250000   acc = 0.634
  waterbird_complete50 = 1, forest2water2 = 1  [n = 134]:	loss = 1.801  exp loss = 1.796  adjusted loss = 1.796  adv prob = 0.250000   acc = 0.687
Current lr: 0.000010
Current validation accuracy: 0.6343283653259277


Epoch [205]:
Training:
Average incurred loss: 0.019  
Average sample loss: 0.019  
Average acc: 0.996  
  waterbird_complete50 = 0, forest2water2 = 0  [n = 52]:	loss = 0.000  exp loss = 0.000  adjusted loss = 0.000  adv prob = 0.250000   acc = 1.000
  waterbird_complete50 = 0, forest2water2 = 1  [n = 69]:	loss = 0.000  exp loss = 0.000  adjusted loss = 0.000  adv prob = 0.250000   acc = 1.000
  waterbird_complete50 = 1, forest2water2 = 0  [n = 50]:	loss = 0.072  exp loss = 0.063  adjusted loss = 0.063  adv prob = 0.250000   acc = 0.980
  waterbird_complete50 = 1, forest2water2 = 1  [n = 53]:	loss = 0.015  exp loss = 0.036  adjusted loss = 0.036  adv prob = 0.250000   acc = 1.000

Validation:
Average incurred loss: 0.431  
Average sample loss: 0.425  
Average acc: 0.925  
  waterbird_complete50 = 0, forest2water2 = 0  [n = 465]:	loss = 0.001  exp loss = 0.001  adjusted loss = 0.001  adv prob = 0.250000   acc = 1.000
  waterbird_complete50 = 0, forest2water2 = 1  [n = 466]:	loss = 0.021  exp loss = 0.019  adjusted loss = 0.019  adv prob = 0.250000   acc = 0.994
  waterbird_complete50 = 1, forest2water2 = 0  [n = 134]:	loss = 2.057  exp loss = 2.295  adjusted loss = 2.295  adv prob = 0.250000   acc = 0.642
  waterbird_complete50 = 1, forest2water2 = 1  [n = 134]:	loss = 1.717  exp loss = 1.712  adjusted loss = 1.712  adv prob = 0.250000   acc = 0.709
Current lr: 0.000010
Current validation accuracy: 0.6417911052703857


Epoch [206]:
Training:
Average incurred loss: 0.005  
Average sample loss: 0.007  
Average acc: 1.000  
  waterbird_complete50 = 0, forest2water2 = 0  [n = 58]:	loss = 0.000  exp loss = 0.000  adjusted loss = 0.000  adv prob = 0.250000   acc = 1.000
  waterbird_complete50 = 0, forest2water2 = 1  [n = 55]:	loss = 0.000  exp loss = 0.000  adjusted loss = 0.000  adv prob = 0.250000   acc = 1.000
  waterbird_complete50 = 1, forest2water2 = 0  [n = 53]:	loss = 0.015  exp loss = 0.050  adjusted loss = 0.050  adv prob = 0.250000   acc = 1.000
  waterbird_complete50 = 1, forest2water2 = 1  [n = 58]:	loss = 0.007  exp loss = 0.026  adjusted loss = 0.026  adv prob = 0.250000   acc = 1.000

Validation:
Average incurred loss: 0.435  
Average sample loss: 0.429  
Average acc: 0.925  
  waterbird_complete50 = 0, forest2water2 = 0  [n = 465]:	loss = 0.001  exp loss = 0.001  adjusted loss = 0.001  adv prob = 0.250000   acc = 1.000
  waterbird_complete50 = 0, forest2water2 = 1  [n = 466]:	loss = 0.021  exp loss = 0.018  adjusted loss = 0.018  adv prob = 0.250000   acc = 0.994
  waterbird_complete50 = 1, forest2water2 = 0  [n = 134]:	loss = 2.086  exp loss = 2.339  adjusted loss = 2.339  adv prob = 0.250000   acc = 0.642
  waterbird_complete50 = 1, forest2water2 = 1  [n = 134]:	loss = 1.734  exp loss = 1.727  adjusted loss = 1.727  adv prob = 0.250000   acc = 0.709
Current lr: 0.000010
Current validation accuracy: 0.6417911052703857


Epoch [207]:
Training:
Average incurred loss: 0.111  
Average sample loss: 0.101  
Average acc: 0.969  
  waterbird_complete50 = 0, forest2water2 = 0  [n = 38]:	loss = 0.000  exp loss = 0.000  adjusted loss = 0.000  adv prob = 0.250000   acc = 1.000
  waterbird_complete50 = 0, forest2water2 = 1  [n = 57]:	loss = 0.000  exp loss = 0.000  adjusted loss = 0.000  adv prob = 0.250000   acc = 1.000
  waterbird_complete50 = 1, forest2water2 = 0  [n = 65]:	loss = 0.270  exp loss = 0.119  adjusted loss = 0.119  adv prob = 0.250000   acc = 0.908
  waterbird_complete50 = 1, forest2water2 = 1  [n = 64]:	loss = 0.115  exp loss = 0.050  adjusted loss = 0.050  adv prob = 0.250000   acc = 0.984

Validation:
Average incurred loss: 0.496  
Average sample loss: 0.489  
Average acc: 0.913  
  waterbird_complete50 = 0, forest2water2 = 0  [n = 465]:	loss = 0.001  exp loss = 0.000  adjusted loss = 0.000  adv prob = 0.250000   acc = 1.000
  waterbird_complete50 = 0, forest2water2 = 1  [n = 466]:	loss = 0.015  exp loss = 0.013  adjusted loss = 0.013  adv prob = 0.250000   acc = 0.994
  waterbird_complete50 = 1, forest2water2 = 0  [n = 134]:	loss = 2.396  exp loss = 2.715  adjusted loss = 2.715  adv prob = 0.250000   acc = 0.612
  waterbird_complete50 = 1, forest2water2 = 1  [n = 134]:	loss = 1.987  exp loss = 1.969  adjusted loss = 1.969  adv prob = 0.250000   acc = 0.634
Current lr: 0.000010
Current validation accuracy: 0.6119402647018433


Epoch [208]:
Training:
Average incurred loss: 0.004  
Average sample loss: 0.004  
Average acc: 1.000  
  waterbird_complete50 = 0, forest2water2 = 0  [n = 51]:	loss = 0.000  exp loss = 0.000  adjusted loss = 0.000  adv prob = 0.250000   acc = 1.000
  waterbird_complete50 = 0, forest2water2 = 1  [n = 66]:	loss = 0.000  exp loss = 0.000  adjusted loss = 0.000  adv prob = 0.250000   acc = 1.000
  waterbird_complete50 = 1, forest2water2 = 0  [n = 42]:	loss = 0.007  exp loss = 0.080  adjusted loss = 0.080  adv prob = 0.250000   acc = 1.000
  waterbird_complete50 = 1, forest2water2 = 1  [n = 65]:	loss = 0.011  exp loss = 0.036  adjusted loss = 0.036  adv prob = 0.250000   acc = 1.000

Validation:
Average incurred loss: 0.463  
Average sample loss: 0.457  
Average acc: 0.920  
  waterbird_complete50 = 0, forest2water2 = 0  [n = 465]:	loss = 0.001  exp loss = 0.000  adjusted loss = 0.000  adv prob = 0.250000   acc = 1.000
  waterbird_complete50 = 0, forest2water2 = 1  [n = 466]:	loss = 0.017  exp loss = 0.016  adjusted loss = 0.016  adv prob = 0.250000   acc = 0.994
  waterbird_complete50 = 1, forest2water2 = 0  [n = 134]:	loss = 2.231  exp loss = 2.543  adjusted loss = 2.543  adv prob = 0.250000   acc = 0.634
  waterbird_complete50 = 1, forest2water2 = 1  [n = 134]:	loss = 1.849  exp loss = 1.836  adjusted loss = 1.836  adv prob = 0.250000   acc = 0.672
Current lr: 0.000010
Current validation accuracy: 0.6343283653259277


Epoch [209]:
Training:
Average incurred loss: 0.113  
Average sample loss: 0.181  
Average acc: 0.951  
  waterbird_complete50 = 0, forest2water2 = 0  [n = 47]:	loss = 0.000  exp loss = 0.000  adjusted loss = 0.000  adv prob = 0.250000   acc = 1.000
  waterbird_complete50 = 0, forest2water2 = 1  [n = 63]:	loss = 0.000  exp loss = 0.000  adjusted loss = 0.000  adv prob = 0.250000   acc = 1.000
  waterbird_complete50 = 1, forest2water2 = 0  [n = 51]:	loss = 0.345  exp loss = 0.195  adjusted loss = 0.195  adv prob = 0.250000   acc = 0.863
  waterbird_complete50 = 1, forest2water2 = 1  [n = 63]:	loss = 0.122  exp loss = 0.080  adjusted loss = 0.080  adv prob = 0.250000   acc = 0.937

Validation:
Average incurred loss: 0.497  
Average sample loss: 0.490  
Average acc: 0.915  
  waterbird_complete50 = 0, forest2water2 = 0  [n = 465]:	loss = 0.000  exp loss = 0.000  adjusted loss = 0.000  adv prob = 0.250000   acc = 1.000
  waterbird_complete50 = 0, forest2water2 = 1  [n = 466]:	loss = 0.014  exp loss = 0.013  adjusted loss = 0.013  adv prob = 0.250000   acc = 0.994
  waterbird_complete50 = 1, forest2water2 = 0  [n = 134]:	loss = 2.398  exp loss = 2.743  adjusted loss = 2.743  adv prob = 0.250000   acc = 0.612
  waterbird_complete50 = 1, forest2water2 = 1  [n = 134]:	loss = 1.996  exp loss = 1.978  adjusted loss = 1.978  adv prob = 0.250000   acc = 0.649
Current lr: 0.000010
Current validation accuracy: 0.6119402647018433


Epoch [210]:
Training:
Average incurred loss: 0.026  
Average sample loss: 0.025  
Average acc: 0.991  
  waterbird_complete50 = 0, forest2water2 = 0  [n = 51]:	loss = 0.000  exp loss = 0.000  adjusted loss = 0.000  adv prob = 0.250000   acc = 1.000
  waterbird_complete50 = 0, forest2water2 = 1  [n = 55]:	loss = 0.000  exp loss = 0.000  adjusted loss = 0.000  adv prob = 0.250000   acc = 1.000
  waterbird_complete50 = 1, forest2water2 = 0  [n = 58]:	loss = 0.075  exp loss = 0.151  adjusted loss = 0.151  adv prob = 0.250000   acc = 0.966
  waterbird_complete50 = 1, forest2water2 = 1  [n = 60]:	loss = 0.023  exp loss = 0.064  adjusted loss = 0.064  adv prob = 0.250000   acc = 1.000

Validation:
Average incurred loss: 0.504  
Average sample loss: 0.497  
Average acc: 0.914  
  waterbird_complete50 = 0, forest2water2 = 0  [n = 465]:	loss = 0.000  exp loss = 0.000  adjusted loss = 0.000  adv prob = 0.250000   acc = 1.000
  waterbird_complete50 = 0, forest2water2 = 1  [n = 466]:	loss = 0.014  exp loss = 0.012  adjusted loss = 0.012  adv prob = 0.250000   acc = 0.994
  waterbird_complete50 = 1, forest2water2 = 0  [n = 134]:	loss = 2.425  exp loss = 2.777  adjusted loss = 2.777  adv prob = 0.250000   acc = 0.612
  waterbird_complete50 = 1, forest2water2 = 1  [n = 134]:	loss = 2.031  exp loss = 2.011  adjusted loss = 2.011  adv prob = 0.250000   acc = 0.642
Current lr: 0.000010
Current validation accuracy: 0.6119402647018433


Epoch [211]:
Training:
Average incurred loss: 0.004  
Average sample loss: 0.006  
Average acc: 1.000  
  waterbird_complete50 = 0, forest2water2 = 0  [n = 64]:	loss = 0.000  exp loss = 0.000  adjusted loss = 0.000  adv prob = 0.250000   acc = 1.000
  waterbird_complete50 = 0, forest2water2 = 1  [n = 61]:	loss = 0.000  exp loss = 0.000  adjusted loss = 0.000  adv prob = 0.250000   acc = 1.000
  waterbird_complete50 = 1, forest2water2 = 0  [n = 51]:	loss = 0.004  exp loss = 0.102  adjusted loss = 0.102  adv prob = 0.250000   acc = 1.000
  waterbird_complete50 = 1, forest2water2 = 1  [n = 48]:	loss = 0.014  exp loss = 0.047  adjusted loss = 0.047  adv prob = 0.250000   acc = 1.000

Validation:
Average incurred loss: 0.459  
Average sample loss: 0.452  
Average acc: 0.919  
  waterbird_complete50 = 0, forest2water2 = 0  [n = 465]:	loss = 0.001  exp loss = 0.001  adjusted loss = 0.001  adv prob = 0.250000   acc = 1.000
  waterbird_complete50 = 0, forest2water2 = 1  [n = 466]:	loss = 0.018  exp loss = 0.016  adjusted loss = 0.016  adv prob = 0.250000   acc = 0.994
  waterbird_complete50 = 1, forest2water2 = 0  [n = 134]:	loss = 2.206  exp loss = 2.479  adjusted loss = 2.479  adv prob = 0.250000   acc = 0.634
  waterbird_complete50 = 1, forest2water2 = 1  [n = 134]:	loss = 1.830  exp loss = 1.821  adjusted loss = 1.821  adv prob = 0.250000   acc = 0.664
Current lr: 0.000010
Current validation accuracy: 0.6343283653259277


Epoch [212]:
Training:
Average incurred loss: 0.028  
Average sample loss: 0.028  
Average acc: 0.996  
  waterbird_complete50 = 0, forest2water2 = 0  [n = 50]:	loss = 0.000  exp loss = 0.000  adjusted loss = 0.000  adv prob = 0.250000   acc = 1.000
  waterbird_complete50 = 0, forest2water2 = 1  [n = 57]:	loss = 0.000  exp loss = 0.000  adjusted loss = 0.000  adv prob = 0.250000   acc = 1.000
  waterbird_complete50 = 1, forest2water2 = 0  [n = 63]:	loss = 0.058  exp loss = 0.087  adjusted loss = 0.087  adv prob = 0.250000   acc = 0.984
  waterbird_complete50 = 1, forest2water2 = 1  [n = 54]:	loss = 0.047  exp loss = 0.046  adjusted loss = 0.046  adv prob = 0.250000   acc = 1.000

Validation:
Average incurred loss: 0.488  
Average sample loss: 0.481  
Average acc: 0.917  
  waterbird_complete50 = 0, forest2water2 = 0  [n = 465]:	loss = 0.001  exp loss = 0.001  adjusted loss = 0.001  adv prob = 0.250000   acc = 1.000
  waterbird_complete50 = 0, forest2water2 = 1  [n = 466]:	loss = 0.016  exp loss = 0.014  adjusted loss = 0.014  adv prob = 0.250000   acc = 0.994
  waterbird_complete50 = 1, forest2water2 = 0  [n = 134]:	loss = 2.351  exp loss = 2.665  adjusted loss = 2.665  adv prob = 0.250000   acc = 0.619
  waterbird_complete50 = 1, forest2water2 = 1  [n = 134]:	loss = 1.956  exp loss = 1.940  adjusted loss = 1.940  adv prob = 0.250000   acc = 0.657
Current lr: 0.000010
Current validation accuracy: 0.6194030046463013


Epoch [213]:
Training:
Average incurred loss: 0.012  
Average sample loss: 0.011  
Average acc: 1.000  
  waterbird_complete50 = 0, forest2water2 = 0  [n = 55]:	loss = 0.000  exp loss = 0.000  adjusted loss = 0.000  adv prob = 0.250000   acc = 1.000
  waterbird_complete50 = 0, forest2water2 = 1  [n = 59]:	loss = 0.000  exp loss = 0.000  adjusted loss = 0.000  adv prob = 0.250000   acc = 1.000
  waterbird_complete50 = 1, forest2water2 = 0  [n = 55]:	loss = 0.036  exp loss = 0.067  adjusted loss = 0.067  adv prob = 0.250000   acc = 1.000
  waterbird_complete50 = 1, forest2water2 = 1  [n = 55]:	loss = 0.010  exp loss = 0.034  adjusted loss = 0.034  adv prob = 0.250000   acc = 1.000

Validation:
Average incurred loss: 0.464  
Average sample loss: 0.458  
Average acc: 0.917  
  waterbird_complete50 = 0, forest2water2 = 0  [n = 465]:	loss = 0.001  exp loss = 0.001  adjusted loss = 0.001  adv prob = 0.250000   acc = 1.000
  waterbird_complete50 = 0, forest2water2 = 1  [n = 466]:	loss = 0.017  exp loss = 0.015  adjusted loss = 0.015  adv prob = 0.250000   acc = 0.994
  waterbird_complete50 = 1, forest2water2 = 0  [n = 134]:	loss = 2.237  exp loss = 2.532  adjusted loss = 2.532  adv prob = 0.250000   acc = 0.627
  waterbird_complete50 = 1, forest2water2 = 1  [n = 134]:	loss = 1.851  exp loss = 1.835  adjusted loss = 1.835  adv prob = 0.250000   acc = 0.657
Current lr: 0.000010
Current validation accuracy: 0.6268656253814697


Epoch [214]:
Training:
Average incurred loss: 0.087  
Average sample loss: 0.098  
Average acc: 0.964  
  waterbird_complete50 = 0, forest2water2 = 0  [n = 49]:	loss = 0.000  exp loss = 0.000  adjusted loss = 0.000  adv prob = 0.250000   acc = 1.000
  waterbird_complete50 = 0, forest2water2 = 1  [n = 45]:	loss = 0.000  exp loss = 0.000  adjusted loss = 0.000  adv prob = 0.250000   acc = 1.000
  waterbird_complete50 = 1, forest2water2 = 0  [n = 65]:	loss = 0.131  exp loss = 0.091  adjusted loss = 0.091  adv prob = 0.250000   acc = 0.954
  waterbird_complete50 = 1, forest2water2 = 1  [n = 65]:	loss = 0.167  exp loss = 0.089  adjusted loss = 0.089  adv prob = 0.250000   acc = 0.923

Validation:
Average incurred loss: 0.533  
Average sample loss: 0.525  
Average acc: 0.909  
  waterbird_complete50 = 0, forest2water2 = 0  [n = 465]:	loss = 0.001  exp loss = 0.000  adjusted loss = 0.000  adv prob = 0.250000   acc = 1.000
  waterbird_complete50 = 0, forest2water2 = 1  [n = 466]:	loss = 0.012  exp loss = 0.010  adjusted loss = 0.010  adv prob = 0.250000   acc = 0.996
  waterbird_complete50 = 1, forest2water2 = 0  [n = 134]:	loss = 2.566  exp loss = 2.957  adjusted loss = 2.957  adv prob = 0.250000   acc = 0.582
  waterbird_complete50 = 1, forest2water2 = 1  [n = 134]:	loss = 2.158  exp loss = 2.143  adjusted loss = 2.143  adv prob = 0.250000   acc = 0.619
Current lr: 0.000010
Current validation accuracy: 0.5820895433425903


Epoch [215]:
Training:
Average incurred loss: 0.157  
Average sample loss: 0.137  
Average acc: 0.929  
  waterbird_complete50 = 0, forest2water2 = 0  [n = 42]:	loss = 0.000  exp loss = 0.000  adjusted loss = 0.000  adv prob = 0.250000   acc = 1.000
  waterbird_complete50 = 0, forest2water2 = 1  [n = 57]:	loss = 0.000  exp loss = 0.000  adjusted loss = 0.000  adv prob = 0.250000   acc = 1.000
  waterbird_complete50 = 1, forest2water2 = 0  [n = 65]:	loss = 0.445  exp loss = 0.179  adjusted loss = 0.179  adv prob = 0.250000   acc = 0.800
  waterbird_complete50 = 1, forest2water2 = 1  [n = 60]:	loss = 0.103  exp loss = 0.089  adjusted loss = 0.089  adv prob = 0.250000   acc = 0.950

Validation:
Average incurred loss: 0.530  
Average sample loss: 0.523  
Average acc: 0.914  
  waterbird_complete50 = 0, forest2water2 = 0  [n = 465]:	loss = 0.001  exp loss = 0.000  adjusted loss = 0.000  adv prob = 0.250000   acc = 1.000
  waterbird_complete50 = 0, forest2water2 = 1  [n = 466]:	loss = 0.013  exp loss = 0.011  adjusted loss = 0.011  adv prob = 0.250000   acc = 0.996
  waterbird_complete50 = 1, forest2water2 = 0  [n = 134]:	loss = 2.534  exp loss = 2.925  adjusted loss = 2.925  adv prob = 0.250000   acc = 0.612
  waterbird_complete50 = 1, forest2water2 = 1  [n = 134]:	loss = 2.165  exp loss = 2.149  adjusted loss = 2.149  adv prob = 0.250000   acc = 0.634
Current lr: 0.000010
Current validation accuracy: 0.6119402647018433


Epoch [216]:
Training:
Average incurred loss: 0.004  
Average sample loss: 0.005  
Average acc: 1.000  
  waterbird_complete50 = 0, forest2water2 = 0  [n = 55]:	loss = 0.000  exp loss = 0.000  adjusted loss = 0.000  adv prob = 0.250000   acc = 1.000
  waterbird_complete50 = 0, forest2water2 = 1  [n = 62]:	loss = 0.000  exp loss = 0.000  adjusted loss = 0.000  adv prob = 0.250000   acc = 1.000
  waterbird_complete50 = 1, forest2water2 = 0  [n = 52]:	loss = 0.008  exp loss = 0.120  adjusted loss = 0.120  adv prob = 0.250000   acc = 1.000
  waterbird_complete50 = 1, forest2water2 = 1  [n = 55]:	loss = 0.010  exp loss = 0.063  adjusted loss = 0.063  adv prob = 0.250000   acc = 1.000

Validation:
Average incurred loss: 0.487  
Average sample loss: 0.480  
Average acc: 0.915  
  waterbird_complete50 = 0, forest2water2 = 0  [n = 465]:	loss = 0.001  exp loss = 0.000  adjusted loss = 0.000  adv prob = 0.250000   acc = 1.000
  waterbird_complete50 = 0, forest2water2 = 1  [n = 466]:	loss = 0.015  exp loss = 0.013  adjusted loss = 0.013  adv prob = 0.250000   acc = 0.994
  waterbird_complete50 = 1, forest2water2 = 0  [n = 134]:	loss = 2.316  exp loss = 2.621  adjusted loss = 2.621  adv prob = 0.250000   acc = 0.619
  waterbird_complete50 = 1, forest2water2 = 1  [n = 134]:	loss = 1.986  exp loss = 1.964  adjusted loss = 1.964  adv prob = 0.250000   acc = 0.642
Current lr: 0.000010
Current validation accuracy: 0.6194030046463013


Epoch [217]:
Training:
Average incurred loss: 0.044  
Average sample loss: 0.075  
Average acc: 0.987  
  waterbird_complete50 = 0, forest2water2 = 0  [n = 59]:	loss = 0.000  exp loss = 0.000  adjusted loss = 0.000  adv prob = 0.250000   acc = 1.000
  waterbird_complete50 = 0, forest2water2 = 1  [n = 55]:	loss = 0.000  exp loss = 0.000  adjusted loss = 0.000  adv prob = 0.250000   acc = 1.000
  waterbird_complete50 = 1, forest2water2 = 0  [n = 64]:	loss = 0.110  exp loss = 0.132  adjusted loss = 0.132  adv prob = 0.250000   acc = 0.969
  waterbird_complete50 = 1, forest2water2 = 1  [n = 46]:	loss = 0.062  exp loss = 0.076  adjusted loss = 0.076  adv prob = 0.250000   acc = 0.978

Validation:
Average incurred loss: 0.485  
Average sample loss: 0.479  
Average acc: 0.917  
  waterbird_complete50 = 0, forest2water2 = 0  [n = 465]:	loss = 0.001  exp loss = 0.001  adjusted loss = 0.001  adv prob = 0.250000   acc = 1.000
  waterbird_complete50 = 0, forest2water2 = 1  [n = 466]:	loss = 0.015  exp loss = 0.014  adjusted loss = 0.014  adv prob = 0.250000   acc = 0.994
  waterbird_complete50 = 1, forest2water2 = 0  [n = 134]:	loss = 2.336  exp loss = 2.636  adjusted loss = 2.636  adv prob = 0.250000   acc = 0.619
  waterbird_complete50 = 1, forest2water2 = 1  [n = 134]:	loss = 1.950  exp loss = 1.926  adjusted loss = 1.926  adv prob = 0.250000   acc = 0.657
Current lr: 0.000010
Current validation accuracy: 0.6194030046463013


Epoch [218]:
Training:
Average incurred loss: 0.043  
Average sample loss: 0.038  
Average acc: 0.987  
  waterbird_complete50 = 0, forest2water2 = 0  [n = 44]:	loss = 0.000  exp loss = 0.000  adjusted loss = 0.000  adv prob = 0.250000   acc = 1.000
  waterbird_complete50 = 0, forest2water2 = 1  [n = 59]:	loss = 0.000  exp loss = 0.000  adjusted loss = 0.000  adv prob = 0.250000   acc = 1.000
  waterbird_complete50 = 1, forest2water2 = 0  [n = 63]:	loss = 0.093  exp loss = 0.112  adjusted loss = 0.112  adv prob = 0.250000   acc = 0.968
  waterbird_complete50 = 1, forest2water2 = 1  [n = 58]:	loss = 0.064  exp loss = 0.067  adjusted loss = 0.067  adv prob = 0.250000   acc = 0.983

Validation:
Average incurred loss: 0.505  
Average sample loss: 0.498  
Average acc: 0.911  
  waterbird_complete50 = 0, forest2water2 = 0  [n = 465]:	loss = 0.001  exp loss = 0.000  adjusted loss = 0.000  adv prob = 0.250000   acc = 1.000
  waterbird_complete50 = 0, forest2water2 = 1  [n = 466]:	loss = 0.013  exp loss = 0.012  adjusted loss = 0.012  adv prob = 0.250000   acc = 0.994
  waterbird_complete50 = 1, forest2water2 = 0  [n = 134]:	loss = 2.433  exp loss = 2.765  adjusted loss = 2.765  adv prob = 0.250000   acc = 0.590
  waterbird_complete50 = 1, forest2water2 = 1  [n = 134]:	loss = 2.040  exp loss = 2.021  adjusted loss = 2.021  adv prob = 0.250000   acc = 0.634
Current lr: 0.000010
Current validation accuracy: 0.5895521640777588


Epoch [219]:
Training:
Average incurred loss: 0.038  
Average sample loss: 0.034  
Average acc: 0.987  
  waterbird_complete50 = 0, forest2water2 = 0  [n = 45]:	loss = 0.000  exp loss = 0.000  adjusted loss = 0.000  adv prob = 0.250000   acc = 1.000
  waterbird_complete50 = 0, forest2water2 = 1  [n = 60]:	loss = 0.000  exp loss = 0.000  adjusted loss = 0.000  adv prob = 0.250000   acc = 1.000
  waterbird_complete50 = 1, forest2water2 = 0  [n = 63]:	loss = 0.067  exp loss = 0.093  adjusted loss = 0.093  adv prob = 0.250000   acc = 0.968
  waterbird_complete50 = 1, forest2water2 = 1  [n = 56]:	loss = 0.078  exp loss = 0.063  adjusted loss = 0.063  adv prob = 0.250000   acc = 0.982

Validation:
Average incurred loss: 0.486  
Average sample loss: 0.479  
Average acc: 0.915  
  waterbird_complete50 = 0, forest2water2 = 0  [n = 465]:	loss = 0.001  exp loss = 0.000  adjusted loss = 0.000  adv prob = 0.250000   acc = 1.000
  waterbird_complete50 = 0, forest2water2 = 1  [n = 466]:	loss = 0.014  exp loss = 0.013  adjusted loss = 0.013  adv prob = 0.250000   acc = 0.994
  waterbird_complete50 = 1, forest2water2 = 0  [n = 134]:	loss = 2.347  exp loss = 2.666  adjusted loss = 2.666  adv prob = 0.250000   acc = 0.612
  waterbird_complete50 = 1, forest2water2 = 1  [n = 134]:	loss = 1.947  exp loss = 1.938  adjusted loss = 1.938  adv prob = 0.250000   acc = 0.649
Current lr: 0.000010
Current validation accuracy: 0.6119402647018433


Epoch [220]:
Training:
Average incurred loss: 0.134  
Average sample loss: 0.119  
Average acc: 0.938  
  waterbird_complete50 = 0, forest2water2 = 0  [n = 50]:	loss = 0.000  exp loss = 0.000  adjusted loss = 0.000  adv prob = 0.250000   acc = 1.000
  waterbird_complete50 = 0, forest2water2 = 1  [n = 50]:	loss = 0.000  exp loss = 0.000  adjusted loss = 0.000  adv prob = 0.250000   acc = 1.000
  waterbird_complete50 = 1, forest2water2 = 0  [n = 58]:	loss = 0.333  exp loss = 0.141  adjusted loss = 0.141  adv prob = 0.250000   acc = 0.845
  waterbird_complete50 = 1, forest2water2 = 1  [n = 66]:	loss = 0.162  exp loss = 0.093  adjusted loss = 0.093  adv prob = 0.250000   acc = 0.924

Validation:
Average incurred loss: 0.515  
Average sample loss: 0.508  
Average acc: 0.911  
  waterbird_complete50 = 0, forest2water2 = 0  [n = 465]:	loss = 0.001  exp loss = 0.000  adjusted loss = 0.000  adv prob = 0.250000   acc = 1.000
  waterbird_complete50 = 0, forest2water2 = 1  [n = 466]:	loss = 0.013  exp loss = 0.011  adjusted loss = 0.011  adv prob = 0.250000   acc = 0.994
  waterbird_complete50 = 1, forest2water2 = 0  [n = 134]:	loss = 2.463  exp loss = 2.815  adjusted loss = 2.815  adv prob = 0.250000   acc = 0.590
  waterbird_complete50 = 1, forest2water2 = 1  [n = 134]:	loss = 2.101  exp loss = 2.088  adjusted loss = 2.088  adv prob = 0.250000   acc = 0.634
Current lr: 0.000010
Current validation accuracy: 0.5895521640777588


Epoch [221]:
Training:
Average incurred loss: 0.001  
Average sample loss: 0.001  
Average acc: 1.000  
  waterbird_complete50 = 0, forest2water2 = 0  [n = 60]:	loss = 0.000  exp loss = 0.000  adjusted loss = 0.000  adv prob = 0.250000   acc = 1.000
  waterbird_complete50 = 0, forest2water2 = 1  [n = 69]:	loss = 0.000  exp loss = 0.000  adjusted loss = 0.000  adv prob = 0.250000   acc = 1.000
  waterbird_complete50 = 1, forest2water2 = 0  [n = 42]:	loss = 0.005  exp loss = 0.094  adjusted loss = 0.094  adv prob = 0.250000   acc = 1.000
  waterbird_complete50 = 1, forest2water2 = 1  [n = 53]:	loss = 0.001  exp loss = 0.061  adjusted loss = 0.061  adv prob = 0.250000   acc = 1.000

Validation:
Average incurred loss: 0.430  
Average sample loss: 0.424  
Average acc: 0.924  
  waterbird_complete50 = 0, forest2water2 = 0  [n = 465]:	loss = 0.002  exp loss = 0.001  adjusted loss = 0.001  adv prob = 0.250000   acc = 0.998
  waterbird_complete50 = 0, forest2water2 = 1  [n = 466]:	loss = 0.021  exp loss = 0.019  adjusted loss = 0.019  adv prob = 0.250000   acc = 0.994
  waterbird_complete50 = 1, forest2water2 = 0  [n = 134]:	loss = 2.069  exp loss = 2.325  adjusted loss = 2.325  adv prob = 0.250000   acc = 0.642
  waterbird_complete50 = 1, forest2water2 = 1  [n = 134]:	loss = 1.702  exp loss = 1.702  adjusted loss = 1.702  adv prob = 0.250000   acc = 0.709
Current lr: 0.000010
Current validation accuracy: 0.6417911052703857


Epoch [222]:
Training:
Average incurred loss: 0.038  
Average sample loss: 0.035  
Average acc: 0.982  
  waterbird_complete50 = 0, forest2water2 = 0  [n = 57]:	loss = 0.000  exp loss = 0.000  adjusted loss = 0.000  adv prob = 0.250000   acc = 1.000
  waterbird_complete50 = 0, forest2water2 = 1  [n = 47]:	loss = 0.000  exp loss = 0.000  adjusted loss = 0.000  adv prob = 0.250000   acc = 1.000
  waterbird_complete50 = 1, forest2water2 = 0  [n = 62]:	loss = 0.114  exp loss = 0.094  adjusted loss = 0.094  adv prob = 0.250000   acc = 0.935
  waterbird_complete50 = 1, forest2water2 = 1  [n = 58]:	loss = 0.025  exp loss = 0.048  adjusted loss = 0.048  adv prob = 0.250000   acc = 1.000

Validation:
Average incurred loss: 0.450  
Average sample loss: 0.444  
Average acc: 0.922  
  waterbird_complete50 = 0, forest2water2 = 0  [n = 465]:	loss = 0.002  exp loss = 0.001  adjusted loss = 0.001  adv prob = 0.250000   acc = 1.000
  waterbird_complete50 = 0, forest2water2 = 1  [n = 466]:	loss = 0.018  exp loss = 0.016  adjusted loss = 0.016  adv prob = 0.250000   acc = 0.994
  waterbird_complete50 = 1, forest2water2 = 0  [n = 134]:	loss = 2.155  exp loss = 2.431  adjusted loss = 2.431  adv prob = 0.250000   acc = 0.642
  waterbird_complete50 = 1, forest2water2 = 1  [n = 134]:	loss = 1.802  exp loss = 1.803  adjusted loss = 1.803  adv prob = 0.250000   acc = 0.679
Current lr: 0.000010
Current validation accuracy: 0.6417911052703857


Epoch [223]:
Training:
Average incurred loss: 0.037  
Average sample loss: 0.033  
Average acc: 0.978  
  waterbird_complete50 = 0, forest2water2 = 0  [n = 66]:	loss = 0.000  exp loss = 0.000  adjusted loss = 0.000  adv prob = 0.250000   acc = 1.000
  waterbird_complete50 = 0, forest2water2 = 1  [n = 52]:	loss = 0.000  exp loss = 0.000  adjusted loss = 0.000  adv prob = 0.250000   acc = 1.000
  waterbird_complete50 = 1, forest2water2 = 0  [n = 49]:	loss = 0.086  exp loss = 0.082  adjusted loss = 0.082  adv prob = 0.250000   acc = 0.918
  waterbird_complete50 = 1, forest2water2 = 1  [n = 57]:	loss = 0.072  exp loss = 0.048  adjusted loss = 0.048  adv prob = 0.250000   acc = 0.982

Validation:
Average incurred loss: 0.424  
Average sample loss: 0.419  
Average acc: 0.926  
  waterbird_complete50 = 0, forest2water2 = 0  [n = 465]:	loss = 0.002  exp loss = 0.001  adjusted loss = 0.001  adv prob = 0.250000   acc = 0.998
  waterbird_complete50 = 0, forest2water2 = 1  [n = 466]:	loss = 0.021  exp loss = 0.018  adjusted loss = 0.018  adv prob = 0.250000   acc = 0.994
  waterbird_complete50 = 1, forest2water2 = 0  [n = 134]:	loss = 2.037  exp loss = 2.278  adjusted loss = 2.278  adv prob = 0.250000   acc = 0.649
  waterbird_complete50 = 1, forest2water2 = 1  [n = 134]:	loss = 1.683  exp loss = 1.691  adjusted loss = 1.691  adv prob = 0.250000   acc = 0.716
Current lr: 0.000010
Current validation accuracy: 0.6492537260055542


Epoch [224]:
Training:
Average incurred loss: 0.002  
Average sample loss: 0.002  
Average acc: 1.000  
  waterbird_complete50 = 0, forest2water2 = 0  [n = 61]:	loss = 0.000  exp loss = 0.000  adjusted loss = 0.000  adv prob = 0.250000   acc = 1.000
  waterbird_complete50 = 0, forest2water2 = 1  [n = 67]:	loss = 0.000  exp loss = 0.000  adjusted loss = 0.000  adv prob = 0.250000   acc = 1.000
  waterbird_complete50 = 1, forest2water2 = 0  [n = 51]:	loss = 0.005  exp loss = 0.055  adjusted loss = 0.055  adv prob = 0.250000   acc = 1.000
  waterbird_complete50 = 1, forest2water2 = 1  [n = 45]:	loss = 0.004  exp loss = 0.033  adjusted loss = 0.033  adv prob = 0.250000   acc = 1.000

Validation:
Average incurred loss: 0.371  
Average sample loss: 0.366  
Average acc: 0.932  
  waterbird_complete50 = 0, forest2water2 = 0  [n = 465]:	loss = 0.003  exp loss = 0.002  adjusted loss = 0.002  adv prob = 0.250000   acc = 0.998
  waterbird_complete50 = 0, forest2water2 = 1  [n = 466]:	loss = 0.027  exp loss = 0.025  adjusted loss = 0.025  adv prob = 0.250000   acc = 0.994
  waterbird_complete50 = 1, forest2water2 = 0  [n = 134]:	loss = 1.771  exp loss = 1.951  adjusted loss = 1.951  adv prob = 0.250000   acc = 0.694
  waterbird_complete50 = 1, forest2water2 = 1  [n = 134]:	loss = 1.442  exp loss = 1.457  adjusted loss = 1.457  adv prob = 0.250000   acc = 0.731
Current lr: 0.000010
Current validation accuracy: 0.6940298080444336


Epoch [225]:
Training:
Average incurred loss: 0.019  
Average sample loss: 0.017  
Average acc: 1.000  
  waterbird_complete50 = 0, forest2water2 = 0  [n = 54]:	loss = 0.000  exp loss = 0.000  adjusted loss = 0.000  adv prob = 0.250000   acc = 1.000
  waterbird_complete50 = 0, forest2water2 = 1  [n = 50]:	loss = 0.000  exp loss = 0.000  adjusted loss = 0.000  adv prob = 0.250000   acc = 1.000
  waterbird_complete50 = 1, forest2water2 = 0  [n = 55]:	loss = 0.039  exp loss = 0.048  adjusted loss = 0.048  adv prob = 0.250000   acc = 1.000
  waterbird_complete50 = 1, forest2water2 = 1  [n = 65]:	loss = 0.034  exp loss = 0.032  adjusted loss = 0.032  adv prob = 0.250000   acc = 1.000

Validation:
Average incurred loss: 0.421  
Average sample loss: 0.416  
Average acc: 0.927  
  waterbird_complete50 = 0, forest2water2 = 0  [n = 465]:	loss = 0.002  exp loss = 0.001  adjusted loss = 0.001  adv prob = 0.250000   acc = 0.998
  waterbird_complete50 = 0, forest2water2 = 1  [n = 466]:	loss = 0.022  exp loss = 0.020  adjusted loss = 0.020  adv prob = 0.250000   acc = 0.994
  waterbird_complete50 = 1, forest2water2 = 0  [n = 134]:	loss = 2.010  exp loss = 2.255  adjusted loss = 2.255  adv prob = 0.250000   acc = 0.664
  waterbird_complete50 = 1, forest2water2 = 1  [n = 134]:	loss = 1.678  exp loss = 1.677  adjusted loss = 1.677  adv prob = 0.250000   acc = 0.709
Current lr: 0.000010
Current validation accuracy: 0.6641790866851807


Epoch [226]:
Training:
Average incurred loss: 0.020  
Average sample loss: 0.018  
Average acc: 0.991  
  waterbird_complete50 = 0, forest2water2 = 0  [n = 51]:	loss = 0.000  exp loss = 0.000  adjusted loss = 0.000  adv prob = 0.250000   acc = 1.000
  waterbird_complete50 = 0, forest2water2 = 1  [n = 60]:	loss = 0.000  exp loss = 0.000  adjusted loss = 0.000  adv prob = 0.250000   acc = 1.000
  waterbird_complete50 = 1, forest2water2 = 0  [n = 59]:	loss = 0.027  exp loss = 0.039  adjusted loss = 0.039  adv prob = 0.250000   acc = 1.000
  waterbird_complete50 = 1, forest2water2 = 1  [n = 54]:	loss = 0.055  exp loss = 0.033  adjusted loss = 0.033  adv prob = 0.250000   acc = 0.963

Validation:
Average incurred loss: 0.425  
Average sample loss: 0.419  
Average acc: 0.926  
  waterbird_complete50 = 0, forest2water2 = 0  [n = 465]:	loss = 0.002  exp loss = 0.001  adjusted loss = 0.001  adv prob = 0.250000   acc = 1.000
  waterbird_complete50 = 0, forest2water2 = 1  [n = 466]:	loss = 0.021  exp loss = 0.019  adjusted loss = 0.019  adv prob = 0.250000   acc = 0.994
  waterbird_complete50 = 1, forest2water2 = 0  [n = 134]:	loss = 2.029  exp loss = 2.261  adjusted loss = 2.261  adv prob = 0.250000   acc = 0.649
  waterbird_complete50 = 1, forest2water2 = 1  [n = 134]:	loss = 1.692  exp loss = 1.688  adjusted loss = 1.688  adv prob = 0.250000   acc = 0.709
Current lr: 0.000010
Current validation accuracy: 0.6492537260055542


Epoch [227]:
Training:
Average incurred loss: 0.004  
Average sample loss: 0.004  
Average acc: 1.000  
  waterbird_complete50 = 0, forest2water2 = 0  [n = 59]:	loss = 0.000  exp loss = 0.000  adjusted loss = 0.000  adv prob = 0.250000   acc = 1.000
  waterbird_complete50 = 0, forest2water2 = 1  [n = 62]:	loss = 0.000  exp loss = 0.000  adjusted loss = 0.000  adv prob = 0.250000   acc = 1.000
  waterbird_complete50 = 1, forest2water2 = 0  [n = 49]:	loss = 0.009  exp loss = 0.028  adjusted loss = 0.028  adv prob = 0.250000   acc = 1.000
  waterbird_complete50 = 1, forest2water2 = 1  [n = 54]:	loss = 0.009  exp loss = 0.024  adjusted loss = 0.024  adv prob = 0.250000   acc = 1.000

Validation:
Average incurred loss: 0.400  
Average sample loss: 0.394  
Average acc: 0.931  
  waterbird_complete50 = 0, forest2water2 = 0  [n = 465]:	loss = 0.002  exp loss = 0.001  adjusted loss = 0.001  adv prob = 0.250000   acc = 0.998
  waterbird_complete50 = 0, forest2water2 = 1  [n = 466]:	loss = 0.024  exp loss = 0.021  adjusted loss = 0.021  adv prob = 0.250000   acc = 0.994
  waterbird_complete50 = 1, forest2water2 = 0  [n = 134]:	loss = 1.931  exp loss = 2.139  adjusted loss = 2.139  adv prob = 0.250000   acc = 0.679
  waterbird_complete50 = 1, forest2water2 = 1  [n = 134]:	loss = 1.554  exp loss = 1.562  adjusted loss = 1.562  adv prob = 0.250000   acc = 0.731
Current lr: 0.000010
Current validation accuracy: 0.6791044473648071


Epoch [228]:
Training:
Average incurred loss: 0.066  
Average sample loss: 0.059  
Average acc: 0.978  
  waterbird_complete50 = 0, forest2water2 = 0  [n = 58]:	loss = 0.000  exp loss = 0.000  adjusted loss = 0.000  adv prob = 0.250000   acc = 1.000
  waterbird_complete50 = 0, forest2water2 = 1  [n = 44]:	loss = 0.000  exp loss = 0.000  adjusted loss = 0.000  adv prob = 0.250000   acc = 1.000
  waterbird_complete50 = 1, forest2water2 = 0  [n = 67]:	loss = 0.130  exp loss = 0.055  adjusted loss = 0.055  adv prob = 0.250000   acc = 0.940
  waterbird_complete50 = 1, forest2water2 = 1  [n = 55]:	loss = 0.112  exp loss = 0.044  adjusted loss = 0.044  adv prob = 0.250000   acc = 0.982

Validation:
Average incurred loss: 0.431  
Average sample loss: 0.425  
Average acc: 0.924  
  waterbird_complete50 = 0, forest2water2 = 0  [n = 465]:	loss = 0.001  exp loss = 0.001  adjusted loss = 0.001  adv prob = 0.250000   acc = 1.000
  waterbird_complete50 = 0, forest2water2 = 1  [n = 466]:	loss = 0.020  exp loss = 0.018  adjusted loss = 0.018  adv prob = 0.250000   acc = 0.994
  waterbird_complete50 = 1, forest2water2 = 0  [n = 134]:	loss = 2.097  exp loss = 2.367  adjusted loss = 2.367  adv prob = 0.250000   acc = 0.642
  waterbird_complete50 = 1, forest2water2 = 1  [n = 134]:	loss = 1.681  exp loss = 1.675  adjusted loss = 1.675  adv prob = 0.250000   acc = 0.701
Current lr: 0.000010
Current validation accuracy: 0.6417911052703857


Epoch [229]:
Training:
Average incurred loss: 0.012  
Average sample loss: 0.013  
Average acc: 1.000  
  waterbird_complete50 = 0, forest2water2 = 0  [n = 56]:	loss = 0.000  exp loss = 0.000  adjusted loss = 0.000  adv prob = 0.250000   acc = 1.000
  waterbird_complete50 = 0, forest2water2 = 1  [n = 61]:	loss = 0.000  exp loss = 0.000  adjusted loss = 0.000  adv prob = 0.250000   acc = 1.000
  waterbird_complete50 = 1, forest2water2 = 0  [n = 51]:	loss = 0.038  exp loss = 0.050  adjusted loss = 0.050  adv prob = 0.250000   acc = 1.000
  waterbird_complete50 = 1, forest2water2 = 1  [n = 56]:	loss = 0.013  exp loss = 0.034  adjusted loss = 0.034  adv prob = 0.250000   acc = 1.000

Validation:
Average incurred loss: 0.436  
Average sample loss: 0.430  
Average acc: 0.924  
  waterbird_complete50 = 0, forest2water2 = 0  [n = 465]:	loss = 0.001  exp loss = 0.001  adjusted loss = 0.001  adv prob = 0.250000   acc = 1.000
  waterbird_complete50 = 0, forest2water2 = 1  [n = 466]:	loss = 0.020  exp loss = 0.018  adjusted loss = 0.018  adv prob = 0.250000   acc = 0.994
  waterbird_complete50 = 1, forest2water2 = 0  [n = 134]:	loss = 2.109  exp loss = 2.386  adjusted loss = 2.386  adv prob = 0.250000   acc = 0.642
  waterbird_complete50 = 1, forest2water2 = 1  [n = 134]:	loss = 1.719  exp loss = 1.712  adjusted loss = 1.712  adv prob = 0.250000   acc = 0.701
Current lr: 0.000010
Current validation accuracy: 0.6417911052703857


Epoch [230]:
Training:
Average incurred loss: 0.026  
Average sample loss: 0.037  
Average acc: 0.996  
  waterbird_complete50 = 0, forest2water2 = 0  [n = 57]:	loss = 0.000  exp loss = 0.000  adjusted loss = 0.000  adv prob = 0.250000   acc = 1.000
  waterbird_complete50 = 0, forest2water2 = 1  [n = 51]:	loss = 0.000  exp loss = 0.000  adjusted loss = 0.000  adv prob = 0.250000   acc = 1.000
  waterbird_complete50 = 1, forest2water2 = 0  [n = 48]:	loss = 0.046  exp loss = 0.051  adjusted loss = 0.051  adv prob = 0.250000   acc = 1.000
  waterbird_complete50 = 1, forest2water2 = 1  [n = 68]:	loss = 0.053  exp loss = 0.050  adjusted loss = 0.050  adv prob = 0.250000   acc = 0.985

Validation:
Average incurred loss: 0.451  
Average sample loss: 0.445  
Average acc: 0.922  
  waterbird_complete50 = 0, forest2water2 = 0  [n = 465]:	loss = 0.001  exp loss = 0.001  adjusted loss = 0.001  adv prob = 0.250000   acc = 1.000
  waterbird_complete50 = 0, forest2water2 = 1  [n = 466]:	loss = 0.019  exp loss = 0.017  adjusted loss = 0.017  adv prob = 0.250000   acc = 0.994
  waterbird_complete50 = 1, forest2water2 = 0  [n = 134]:	loss = 2.170  exp loss = 2.469  adjusted loss = 2.469  adv prob = 0.250000   acc = 0.642
  waterbird_complete50 = 1, forest2water2 = 1  [n = 134]:	loss = 1.794  exp loss = 1.777  adjusted loss = 1.777  adv prob = 0.250000   acc = 0.679
Current lr: 0.000010
Current validation accuracy: 0.6417911052703857


Epoch [231]:
Training:
Average incurred loss: 0.005  
Average sample loss: 0.006  
Average acc: 1.000  
  waterbird_complete50 = 0, forest2water2 = 0  [n = 64]:	loss = 0.000  exp loss = 0.000  adjusted loss = 0.000  adv prob = 0.250000   acc = 1.000
  waterbird_complete50 = 0, forest2water2 = 1  [n = 56]:	loss = 0.000  exp loss = 0.000  adjusted loss = 0.000  adv prob = 0.250000   acc = 1.000
  waterbird_complete50 = 1, forest2water2 = 0  [n = 57]:	loss = 0.017  exp loss = 0.039  adjusted loss = 0.039  adv prob = 0.250000   acc = 1.000
  waterbird_complete50 = 1, forest2water2 = 1  [n = 47]:	loss = 0.004  exp loss = 0.034  adjusted loss = 0.034  adv prob = 0.250000   acc = 1.000

Validation:
Average incurred loss: 0.430  
Average sample loss: 0.424  
Average acc: 0.925  
  waterbird_complete50 = 0, forest2water2 = 0  [n = 465]:	loss = 0.002  exp loss = 0.001  adjusted loss = 0.001  adv prob = 0.250000   acc = 0.998
  waterbird_complete50 = 0, forest2water2 = 1  [n = 466]:	loss = 0.021  exp loss = 0.019  adjusted loss = 0.019  adv prob = 0.250000   acc = 0.994
  waterbird_complete50 = 1, forest2water2 = 0  [n = 134]:	loss = 2.055  exp loss = 2.328  adjusted loss = 2.328  adv prob = 0.250000   acc = 0.649
  waterbird_complete50 = 1, forest2water2 = 1  [n = 134]:	loss = 1.708  exp loss = 1.692  adjusted loss = 1.692  adv prob = 0.250000   acc = 0.709
Current lr: 0.000010
Current validation accuracy: 0.6492537260055542


Epoch [232]:
Training:
Average incurred loss: 0.011  
Average sample loss: 0.012  
Average acc: 1.000  
  waterbird_complete50 = 0, forest2water2 = 0  [n = 62]:	loss = 0.000  exp loss = 0.000  adjusted loss = 0.000  adv prob = 0.250000   acc = 1.000
  waterbird_complete50 = 0, forest2water2 = 1  [n = 57]:	loss = 0.000  exp loss = 0.000  adjusted loss = 0.000  adv prob = 0.250000   acc = 1.000
  waterbird_complete50 = 1, forest2water2 = 0  [n = 49]:	loss = 0.033  exp loss = 0.035  adjusted loss = 0.035  adv prob = 0.250000   acc = 1.000
  waterbird_complete50 = 1, forest2water2 = 1  [n = 56]:	loss = 0.013  exp loss = 0.027  adjusted loss = 0.027  adv prob = 0.250000   acc = 1.000

Validation:
Average incurred loss: 0.420  
Average sample loss: 0.415  
Average acc: 0.927  
  waterbird_complete50 = 0, forest2water2 = 0  [n = 465]:	loss = 0.002  exp loss = 0.001  adjusted loss = 0.001  adv prob = 0.250000   acc = 0.998
  waterbird_complete50 = 0, forest2water2 = 1  [n = 466]:	loss = 0.022  exp loss = 0.020  adjusted loss = 0.020  adv prob = 0.250000   acc = 0.994
  waterbird_complete50 = 1, forest2water2 = 0  [n = 134]:	loss = 2.008  exp loss = 2.262  adjusted loss = 2.262  adv prob = 0.250000   acc = 0.657
  waterbird_complete50 = 1, forest2water2 = 1  [n = 134]:	loss = 1.670  exp loss = 1.660  adjusted loss = 1.660  adv prob = 0.250000   acc = 0.716
Current lr: 0.000010
Current validation accuracy: 0.6567164659500122


Epoch [233]:
Training:
Average incurred loss: 0.025  
Average sample loss: 0.030  
Average acc: 0.996  
  waterbird_complete50 = 0, forest2water2 = 0  [n = 45]:	loss = 0.000  exp loss = 0.000  adjusted loss = 0.000  adv prob = 0.250000   acc = 1.000
  waterbird_complete50 = 0, forest2water2 = 1  [n = 63]:	loss = 0.000  exp loss = 0.000  adjusted loss = 0.000  adv prob = 0.250000   acc = 1.000
  waterbird_complete50 = 1, forest2water2 = 0  [n = 54]:	loss = 0.081  exp loss = 0.060  adjusted loss = 0.060  adv prob = 0.250000   acc = 0.981
  waterbird_complete50 = 1, forest2water2 = 1  [n = 62]:	loss = 0.019  exp loss = 0.026  adjusted loss = 0.026  adv prob = 0.250000   acc = 1.000

Validation:
Average incurred loss: 0.450  
Average sample loss: 0.444  
Average acc: 0.922  
  waterbird_complete50 = 0, forest2water2 = 0  [n = 465]:	loss = 0.001  exp loss = 0.001  adjusted loss = 0.001  adv prob = 0.250000   acc = 1.000
  waterbird_complete50 = 0, forest2water2 = 1  [n = 466]:	loss = 0.019  exp loss = 0.016  adjusted loss = 0.016  adv prob = 0.250000   acc = 0.994
  waterbird_complete50 = 1, forest2water2 = 0  [n = 134]:	loss = 2.160  exp loss = 2.434  adjusted loss = 2.434  adv prob = 0.250000   acc = 0.642
  waterbird_complete50 = 1, forest2water2 = 1  [n = 134]:	loss = 1.801  exp loss = 1.791  adjusted loss = 1.791  adv prob = 0.250000   acc = 0.679
Current lr: 0.000010
Current validation accuracy: 0.6417911052703857


Epoch [234]:
Training:
Average incurred loss: 0.026  
Average sample loss: 0.035  
Average acc: 0.987  
  waterbird_complete50 = 0, forest2water2 = 0  [n = 49]:	loss = 0.000  exp loss = 0.000  adjusted loss = 0.000  adv prob = 0.250000   acc = 1.000
  waterbird_complete50 = 0, forest2water2 = 1  [n = 62]:	loss = 0.000  exp loss = 0.000  adjusted loss = 0.000  adv prob = 0.250000   acc = 1.000
  waterbird_complete50 = 1, forest2water2 = 0  [n = 58]:	loss = 0.065  exp loss = 0.069  adjusted loss = 0.069  adv prob = 0.250000   acc = 0.966
  waterbird_complete50 = 1, forest2water2 = 1  [n = 55]:	loss = 0.038  exp loss = 0.038  adjusted loss = 0.038  adv prob = 0.250000   acc = 0.982

Validation:
Average incurred loss: 0.454  
Average sample loss: 0.448  
Average acc: 0.921  
  waterbird_complete50 = 0, forest2water2 = 0  [n = 465]:	loss = 0.001  exp loss = 0.000  adjusted loss = 0.000  adv prob = 0.250000   acc = 1.000
  waterbird_complete50 = 0, forest2water2 = 1  [n = 466]:	loss = 0.018  exp loss = 0.016  adjusted loss = 0.016  adv prob = 0.250000   acc = 0.994
  waterbird_complete50 = 1, forest2water2 = 0  [n = 134]:	loss = 2.173  exp loss = 2.440  adjusted loss = 2.440  adv prob = 0.250000   acc = 0.642
  waterbird_complete50 = 1, forest2water2 = 1  [n = 134]:	loss = 1.825  exp loss = 1.807  adjusted loss = 1.807  adv prob = 0.250000   acc = 0.672
Current lr: 0.000010
Current validation accuracy: 0.6417911052703857


Epoch [235]:
Training:
Average incurred loss: 0.069  
Average sample loss: 0.061  
Average acc: 0.982  
  waterbird_complete50 = 0, forest2water2 = 0  [n = 54]:	loss = 0.000  exp loss = 0.000  adjusted loss = 0.000  adv prob = 0.250000   acc = 1.000
  waterbird_complete50 = 0, forest2water2 = 1  [n = 52]:	loss = 0.000  exp loss = 0.000  adjusted loss = 0.000  adv prob = 0.250000   acc = 1.000
  waterbird_complete50 = 1, forest2water2 = 0  [n = 57]:	loss = 0.105  exp loss = 0.079  adjusted loss = 0.079  adv prob = 0.250000   acc = 0.982
  waterbird_complete50 = 1, forest2water2 = 1  [n = 61]:	loss = 0.154  exp loss = 0.068  adjusted loss = 0.068  adv prob = 0.250000   acc = 0.951

Validation:
Average incurred loss: 0.456  
Average sample loss: 0.450  
Average acc: 0.922  
  waterbird_complete50 = 0, forest2water2 = 0  [n = 465]:	loss = 0.001  exp loss = 0.001  adjusted loss = 0.001  adv prob = 0.250000   acc = 1.000
  waterbird_complete50 = 0, forest2water2 = 1  [n = 466]:	loss = 0.019  exp loss = 0.017  adjusted loss = 0.017  adv prob = 0.250000   acc = 0.994
  waterbird_complete50 = 1, forest2water2 = 0  [n = 134]:	loss = 2.193  exp loss = 2.469  adjusted loss = 2.469  adv prob = 0.250000   acc = 0.642
  waterbird_complete50 = 1, forest2water2 = 1  [n = 134]:	loss = 1.822  exp loss = 1.814  adjusted loss = 1.814  adv prob = 0.250000   acc = 0.679
Current lr: 0.000010
Current validation accuracy: 0.6417911052703857


Epoch [236]:
Training:
Average incurred loss: 0.013  
Average sample loss: 0.012  
Average acc: 1.000  
  waterbird_complete50 = 0, forest2water2 = 0  [n = 60]:	loss = 0.000  exp loss = 0.000  adjusted loss = 0.000  adv prob = 0.250000   acc = 1.000
  waterbird_complete50 = 0, forest2water2 = 1  [n = 47]:	loss = 0.000  exp loss = 0.000  adjusted loss = 0.000  adv prob = 0.250000   acc = 1.000
  waterbird_complete50 = 1, forest2water2 = 0  [n = 65]:	loss = 0.024  exp loss = 0.059  adjusted loss = 0.059  adv prob = 0.250000   acc = 1.000
  waterbird_complete50 = 1, forest2water2 = 1  [n = 52]:	loss = 0.028  exp loss = 0.053  adjusted loss = 0.053  adv prob = 0.250000   acc = 1.000

Validation:
Average incurred loss: 0.448  
Average sample loss: 0.441  
Average acc: 0.921  
  waterbird_complete50 = 0, forest2water2 = 0  [n = 465]:	loss = 0.001  exp loss = 0.001  adjusted loss = 0.001  adv prob = 0.250000   acc = 1.000
  waterbird_complete50 = 0, forest2water2 = 1  [n = 466]:	loss = 0.019  exp loss = 0.017  adjusted loss = 0.017  adv prob = 0.250000   acc = 0.994
  waterbird_complete50 = 1, forest2water2 = 0  [n = 134]:	loss = 2.169  exp loss = 2.424  adjusted loss = 2.424  adv prob = 0.250000   acc = 0.627
  waterbird_complete50 = 1, forest2water2 = 1  [n = 134]:	loss = 1.766  exp loss = 1.756  adjusted loss = 1.756  adv prob = 0.250000   acc = 0.687
Current lr: 0.000010
Current validation accuracy: 0.6268656253814697


Epoch [237]:
Training:
Average incurred loss: 0.039  
Average sample loss: 0.035  
Average acc: 0.978  
  waterbird_complete50 = 0, forest2water2 = 0  [n = 50]:	loss = 0.000  exp loss = 0.000  adjusted loss = 0.000  adv prob = 0.250000   acc = 1.000
  waterbird_complete50 = 0, forest2water2 = 1  [n = 52]:	loss = 0.000  exp loss = 0.000  adjusted loss = 0.000  adv prob = 0.250000   acc = 1.000
  waterbird_complete50 = 1, forest2water2 = 0  [n = 60]:	loss = 0.066  exp loss = 0.055  adjusted loss = 0.055  adv prob = 0.250000   acc = 0.967
  waterbird_complete50 = 1, forest2water2 = 1  [n = 62]:	loss = 0.079  exp loss = 0.058  adjusted loss = 0.058  adv prob = 0.250000   acc = 0.952

Validation:
Average incurred loss: 0.463  
Average sample loss: 0.456  
Average acc: 0.918  
  waterbird_complete50 = 0, forest2water2 = 0  [n = 465]:	loss = 0.001  exp loss = 0.001  adjusted loss = 0.001  adv prob = 0.250000   acc = 1.000
  waterbird_complete50 = 0, forest2water2 = 1  [n = 466]:	loss = 0.016  exp loss = 0.014  adjusted loss = 0.014  adv prob = 0.250000   acc = 0.994
  waterbird_complete50 = 1, forest2water2 = 0  [n = 134]:	loss = 2.233  exp loss = 2.518  adjusted loss = 2.518  adv prob = 0.250000   acc = 0.627
  waterbird_complete50 = 1, forest2water2 = 1  [n = 134]:	loss = 1.848  exp loss = 1.837  adjusted loss = 1.837  adv prob = 0.250000   acc = 0.664
Current lr: 0.000010
Current validation accuracy: 0.6268656253814697


Epoch [238]:
Training:
Average incurred loss: 0.063  
Average sample loss: 0.055  
Average acc: 0.978  
  waterbird_complete50 = 0, forest2water2 = 0  [n = 46]:	loss = 0.000  exp loss = 0.000  adjusted loss = 0.000  adv prob = 0.250000   acc = 1.000
  waterbird_complete50 = 0, forest2water2 = 1  [n = 60]:	loss = 0.000  exp loss = 0.000  adjusted loss = 0.000  adv prob = 0.250000   acc = 1.000
  waterbird_complete50 = 1, forest2water2 = 0  [n = 57]:	loss = 0.158  exp loss = 0.075  adjusted loss = 0.075  adv prob = 0.250000   acc = 0.930
  waterbird_complete50 = 1, forest2water2 = 1  [n = 61]:	loss = 0.082  exp loss = 0.060  adjusted loss = 0.060  adv prob = 0.250000   acc = 0.984

Validation:
Average incurred loss: 0.462  
Average sample loss: 0.455  
Average acc: 0.921  
  waterbird_complete50 = 0, forest2water2 = 0  [n = 465]:	loss = 0.001  exp loss = 0.001  adjusted loss = 0.001  adv prob = 0.250000   acc = 1.000
  waterbird_complete50 = 0, forest2water2 = 1  [n = 466]:	loss = 0.016  exp loss = 0.014  adjusted loss = 0.014  adv prob = 0.250000   acc = 0.994
  waterbird_complete50 = 1, forest2water2 = 0  [n = 134]:	loss = 2.231  exp loss = 2.538  adjusted loss = 2.538  adv prob = 0.250000   acc = 0.634
  waterbird_complete50 = 1, forest2water2 = 1  [n = 134]:	loss = 1.842  exp loss = 1.833  adjusted loss = 1.833  adv prob = 0.250000   acc = 0.679
Current lr: 0.000010
Current validation accuracy: 0.6343283653259277


Epoch [239]:
Training:
Average incurred loss: 0.009  
Average sample loss: 0.008  
Average acc: 0.996  
  waterbird_complete50 = 0, forest2water2 = 0  [n = 59]:	loss = 0.000  exp loss = 0.000  adjusted loss = 0.000  adv prob = 0.250000   acc = 1.000
  waterbird_complete50 = 0, forest2water2 = 1  [n = 59]:	loss = 0.000  exp loss = 0.000  adjusted loss = 0.000  adv prob = 0.250000   acc = 1.000
  waterbird_complete50 = 1, forest2water2 = 0  [n = 55]:	loss = 0.028  exp loss = 0.057  adjusted loss = 0.057  adv prob = 0.250000   acc = 0.982
  waterbird_complete50 = 1, forest2water2 = 1  [n = 51]:	loss = 0.010  exp loss = 0.042  adjusted loss = 0.042  adv prob = 0.250000   acc = 1.000

Validation:
Average incurred loss: 0.427  
Average sample loss: 0.421  
Average acc: 0.923  
  waterbird_complete50 = 0, forest2water2 = 0  [n = 465]:	loss = 0.002  exp loss = 0.001  adjusted loss = 0.001  adv prob = 0.250000   acc = 0.998
  waterbird_complete50 = 0, forest2water2 = 1  [n = 466]:	loss = 0.019  exp loss = 0.017  adjusted loss = 0.017  adv prob = 0.250000   acc = 0.994
  waterbird_complete50 = 1, forest2water2 = 0  [n = 134]:	loss = 2.067  exp loss = 2.309  adjusted loss = 2.309  adv prob = 0.250000   acc = 0.642
  waterbird_complete50 = 1, forest2water2 = 1  [n = 134]:	loss = 1.676  exp loss = 1.673  adjusted loss = 1.673  adv prob = 0.250000   acc = 0.701
Current lr: 0.000010
Current validation accuracy: 0.6417911052703857


Epoch [240]:
Training:
Average incurred loss: 0.099  
Average sample loss: 0.088  
Average acc: 0.964  
  waterbird_complete50 = 0, forest2water2 = 0  [n = 47]:	loss = 0.000  exp loss = 0.000  adjusted loss = 0.000  adv prob = 0.250000   acc = 1.000
  waterbird_complete50 = 0, forest2water2 = 1  [n = 54]:	loss = 0.000  exp loss = 0.000  adjusted loss = 0.000  adv prob = 0.250000   acc = 1.000
  waterbird_complete50 = 1, forest2water2 = 0  [n = 67]:	loss = 0.259  exp loss = 0.116  adjusted loss = 0.116  adv prob = 0.250000   acc = 0.925
  waterbird_complete50 = 1, forest2water2 = 1  [n = 56]:	loss = 0.085  exp loss = 0.051  adjusted loss = 0.051  adv prob = 0.250000   acc = 0.946

Validation:
Average incurred loss: 0.469  
Average sample loss: 0.462  
Average acc: 0.921  
  waterbird_complete50 = 0, forest2water2 = 0  [n = 465]:	loss = 0.001  exp loss = 0.001  adjusted loss = 0.001  adv prob = 0.250000   acc = 1.000
  waterbird_complete50 = 0, forest2water2 = 1  [n = 466]:	loss = 0.015  exp loss = 0.013  adjusted loss = 0.013  adv prob = 0.250000   acc = 0.994
  waterbird_complete50 = 1, forest2water2 = 0  [n = 134]:	loss = 2.268  exp loss = 2.555  adjusted loss = 2.555  adv prob = 0.250000   acc = 0.634
  waterbird_complete50 = 1, forest2water2 = 1  [n = 134]:	loss = 1.869  exp loss = 1.855  adjusted loss = 1.855  adv prob = 0.250000   acc = 0.679
Current lr: 0.000010
Current validation accuracy: 0.6343283653259277


Epoch [241]:
Training:
Average incurred loss: 0.059  
Average sample loss: 0.052  
Average acc: 0.978  
  waterbird_complete50 = 0, forest2water2 = 0  [n = 52]:	loss = 0.000  exp loss = 0.000  adjusted loss = 0.000  adv prob = 0.250000   acc = 1.000
  waterbird_complete50 = 0, forest2water2 = 1  [n = 54]:	loss = 0.000  exp loss = 0.000  adjusted loss = 0.000  adv prob = 0.250000   acc = 1.000
  waterbird_complete50 = 1, forest2water2 = 0  [n = 60]:	loss = 0.149  exp loss = 0.116  adjusted loss = 0.116  adv prob = 0.250000   acc = 0.967
  waterbird_complete50 = 1, forest2water2 = 1  [n = 58]:	loss = 0.074  exp loss = 0.053  adjusted loss = 0.053  adv prob = 0.250000   acc = 0.948

Validation:
Average incurred loss: 0.475  
Average sample loss: 0.469  
Average acc: 0.917  
  waterbird_complete50 = 0, forest2water2 = 0  [n = 465]:	loss = 0.001  exp loss = 0.001  adjusted loss = 0.001  adv prob = 0.250000   acc = 1.000
  waterbird_complete50 = 0, forest2water2 = 1  [n = 466]:	loss = 0.014  exp loss = 0.013  adjusted loss = 0.013  adv prob = 0.250000   acc = 0.994
  waterbird_complete50 = 1, forest2water2 = 0  [n = 134]:	loss = 2.268  exp loss = 2.565  adjusted loss = 2.565  adv prob = 0.250000   acc = 0.634
  waterbird_complete50 = 1, forest2water2 = 1  [n = 134]:	loss = 1.930  exp loss = 1.913  adjusted loss = 1.913  adv prob = 0.250000   acc = 0.642
Current lr: 0.000010
Current validation accuracy: 0.6343283653259277


Epoch [242]:
Training:
Average incurred loss: 0.013  
Average sample loss: 0.012  
Average acc: 0.996  
  waterbird_complete50 = 0, forest2water2 = 0  [n = 50]:	loss = 0.000  exp loss = 0.000  adjusted loss = 0.000  adv prob = 0.250000   acc = 1.000
  waterbird_complete50 = 0, forest2water2 = 1  [n = 62]:	loss = 0.000  exp loss = 0.000  adjusted loss = 0.000  adv prob = 0.250000   acc = 1.000
  waterbird_complete50 = 1, forest2water2 = 0  [n = 59]:	loss = 0.016  exp loss = 0.081  adjusted loss = 0.081  adv prob = 0.250000   acc = 1.000
  waterbird_complete50 = 1, forest2water2 = 1  [n = 53]:	loss = 0.037  exp loss = 0.044  adjusted loss = 0.044  adv prob = 0.250000   acc = 0.981

Validation:
Average incurred loss: 0.465  
Average sample loss: 0.458  
Average acc: 0.921  
  waterbird_complete50 = 0, forest2water2 = 0  [n = 465]:	loss = 0.001  exp loss = 0.001  adjusted loss = 0.001  adv prob = 0.250000   acc = 1.000
  waterbird_complete50 = 0, forest2water2 = 1  [n = 466]:	loss = 0.017  exp loss = 0.015  adjusted loss = 0.015  adv prob = 0.250000   acc = 0.994
  waterbird_complete50 = 1, forest2water2 = 0  [n = 134]:	loss = 2.217  exp loss = 2.517  adjusted loss = 2.517  adv prob = 0.250000   acc = 0.642
  waterbird_complete50 = 1, forest2water2 = 1  [n = 134]:	loss = 1.878  exp loss = 1.869  adjusted loss = 1.869  adv prob = 0.250000   acc = 0.672
Current lr: 0.000010
Current validation accuracy: 0.6417911052703857


Epoch [243]:
Training:
Average incurred loss: 0.016  
Average sample loss: 0.016  
Average acc: 0.996  
  waterbird_complete50 = 0, forest2water2 = 0  [n = 49]:	loss = 0.000  exp loss = 0.000  adjusted loss = 0.000  adv prob = 0.250000   acc = 1.000
  waterbird_complete50 = 0, forest2water2 = 1  [n = 58]:	loss = 0.000  exp loss = 0.000  adjusted loss = 0.000  adv prob = 0.250000   acc = 1.000
  waterbird_complete50 = 1, forest2water2 = 0  [n = 53]:	loss = 0.031  exp loss = 0.063  adjusted loss = 0.063  adv prob = 0.250000   acc = 1.000
  waterbird_complete50 = 1, forest2water2 = 1  [n = 64]:	loss = 0.030  exp loss = 0.041  adjusted loss = 0.041  adv prob = 0.250000   acc = 0.984

Validation:
Average incurred loss: 0.473  
Average sample loss: 0.466  
Average acc: 0.917  
  waterbird_complete50 = 0, forest2water2 = 0  [n = 465]:	loss = 0.001  exp loss = 0.001  adjusted loss = 0.001  adv prob = 0.250000   acc = 1.000
  waterbird_complete50 = 0, forest2water2 = 1  [n = 466]:	loss = 0.015  exp loss = 0.013  adjusted loss = 0.013  adv prob = 0.250000   acc = 0.994
  waterbird_complete50 = 1, forest2water2 = 0  [n = 134]:	loss = 2.257  exp loss = 2.551  adjusted loss = 2.551  adv prob = 0.250000   acc = 0.634
  waterbird_complete50 = 1, forest2water2 = 1  [n = 134]:	loss = 1.920  exp loss = 1.912  adjusted loss = 1.912  adv prob = 0.250000   acc = 0.642
Current lr: 0.000010
Current validation accuracy: 0.6343283653259277


Epoch [244]:
Training:
Average incurred loss: 0.013  
Average sample loss: 0.015  
Average acc: 1.000  
  waterbird_complete50 = 0, forest2water2 = 0  [n = 61]:	loss = 0.000  exp loss = 0.000  adjusted loss = 0.000  adv prob = 0.250000   acc = 1.000
  waterbird_complete50 = 0, forest2water2 = 1  [n = 51]:	loss = 0.000  exp loss = 0.000  adjusted loss = 0.000  adv prob = 0.250000   acc = 1.000
  waterbird_complete50 = 1, forest2water2 = 0  [n = 61]:	loss = 0.023  exp loss = 0.050  adjusted loss = 0.050  adv prob = 0.250000   acc = 1.000
  waterbird_complete50 = 1, forest2water2 = 1  [n = 51]:	loss = 0.029  exp loss = 0.038  adjusted loss = 0.038  adv prob = 0.250000   acc = 1.000

Validation:
Average incurred loss: 0.469  
Average sample loss: 0.463  
Average acc: 0.917  
  waterbird_complete50 = 0, forest2water2 = 0  [n = 465]:	loss = 0.001  exp loss = 0.001  adjusted loss = 0.001  adv prob = 0.250000   acc = 1.000
  waterbird_complete50 = 0, forest2water2 = 1  [n = 466]:	loss = 0.015  exp loss = 0.014  adjusted loss = 0.014  adv prob = 0.250000   acc = 0.994
  waterbird_complete50 = 1, forest2water2 = 0  [n = 134]:	loss = 2.246  exp loss = 2.529  adjusted loss = 2.529  adv prob = 0.250000   acc = 0.627
  waterbird_complete50 = 1, forest2water2 = 1  [n = 134]:	loss = 1.895  exp loss = 1.874  adjusted loss = 1.874  adv prob = 0.250000   acc = 0.649
Current lr: 0.000010
Current validation accuracy: 0.6268656253814697


Epoch [245]:
Training:
Average incurred loss: 0.032  
Average sample loss: 0.039  
Average acc: 0.991  
  waterbird_complete50 = 0, forest2water2 = 0  [n = 45]:	loss = 0.000  exp loss = 0.000  adjusted loss = 0.000  adv prob = 0.250000   acc = 1.000
  waterbird_complete50 = 0, forest2water2 = 1  [n = 56]:	loss = 0.000  exp loss = 0.000  adjusted loss = 0.000  adv prob = 0.250000   acc = 1.000
  waterbird_complete50 = 1, forest2water2 = 0  [n = 78]:	loss = 0.073  exp loss = 0.065  adjusted loss = 0.065  adv prob = 0.250000   acc = 0.987
  waterbird_complete50 = 1, forest2water2 = 1  [n = 45]:	loss = 0.031  exp loss = 0.041  adjusted loss = 0.041  adv prob = 0.250000   acc = 0.978

Validation:
Average incurred loss: 0.495  
Average sample loss: 0.488  
Average acc: 0.912  
  waterbird_complete50 = 0, forest2water2 = 0  [n = 465]:	loss = 0.001  exp loss = 0.000  adjusted loss = 0.000  adv prob = 0.250000   acc = 1.000
  waterbird_complete50 = 0, forest2water2 = 1  [n = 466]:	loss = 0.014  exp loss = 0.012  adjusted loss = 0.012  adv prob = 0.250000   acc = 0.994
  waterbird_complete50 = 1, forest2water2 = 0  [n = 134]:	loss = 2.387  exp loss = 2.706  adjusted loss = 2.706  adv prob = 0.250000   acc = 0.597
  waterbird_complete50 = 1, forest2water2 = 1  [n = 134]:	loss = 1.994  exp loss = 1.964  adjusted loss = 1.964  adv prob = 0.250000   acc = 0.634
Current lr: 0.000010
Current validation accuracy: 0.5970149040222168


Epoch [246]:
Training:
Average incurred loss: 0.072  
Average sample loss: 0.121  
Average acc: 0.964  
  waterbird_complete50 = 0, forest2water2 = 0  [n = 51]:	loss = 0.000  exp loss = 0.000  adjusted loss = 0.000  adv prob = 0.250000   acc = 1.000
  waterbird_complete50 = 0, forest2water2 = 1  [n = 58]:	loss = 0.000  exp loss = 0.000  adjusted loss = 0.000  adv prob = 0.250000   acc = 1.000
  waterbird_complete50 = 1, forest2water2 = 0  [n = 54]:	loss = 0.177  exp loss = 0.167  adjusted loss = 0.167  adv prob = 0.250000   acc = 0.944
  waterbird_complete50 = 1, forest2water2 = 1  [n = 61]:	loss = 0.109  exp loss = 0.071  adjusted loss = 0.071  adv prob = 0.250000   acc = 0.918

Validation:
Average incurred loss: 0.506  
Average sample loss: 0.499  
Average acc: 0.912  
  waterbird_complete50 = 0, forest2water2 = 0  [n = 465]:	loss = 0.001  exp loss = 0.000  adjusted loss = 0.000  adv prob = 0.250000   acc = 1.000
  waterbird_complete50 = 0, forest2water2 = 1  [n = 466]:	loss = 0.014  exp loss = 0.012  adjusted loss = 0.012  adv prob = 0.250000   acc = 0.994
  waterbird_complete50 = 1, forest2water2 = 0  [n = 134]:	loss = 2.439  exp loss = 2.768  adjusted loss = 2.768  adv prob = 0.250000   acc = 0.597
  waterbird_complete50 = 1, forest2water2 = 1  [n = 134]:	loss = 2.035  exp loss = 2.003  adjusted loss = 2.003  adv prob = 0.250000   acc = 0.634
Current lr: 0.000010
Current validation accuracy: 0.5970149040222168


Epoch [247]:
Training:
Average incurred loss: 0.041  
Average sample loss: 0.037  
Average acc: 0.982  
  waterbird_complete50 = 0, forest2water2 = 0  [n = 46]:	loss = 0.000  exp loss = 0.000  adjusted loss = 0.000  adv prob = 0.250000   acc = 1.000
  waterbird_complete50 = 0, forest2water2 = 1  [n = 57]:	loss = 0.000  exp loss = 0.000  adjusted loss = 0.000  adv prob = 0.250000   acc = 1.000
  waterbird_complete50 = 1, forest2water2 = 0  [n = 61]:	loss = 0.118  exp loss = 0.140  adjusted loss = 0.140  adv prob = 0.250000   acc = 0.934
  waterbird_complete50 = 1, forest2water2 = 1  [n = 60]:	loss = 0.034  exp loss = 0.056  adjusted loss = 0.056  adv prob = 0.250000   acc = 1.000

Validation:
Average incurred loss: 0.503  
Average sample loss: 0.496  
Average acc: 0.911  
  waterbird_complete50 = 0, forest2water2 = 0  [n = 465]:	loss = 0.000  exp loss = 0.000  adjusted loss = 0.000  adv prob = 0.250000   acc = 1.000
  waterbird_complete50 = 0, forest2water2 = 1  [n = 466]:	loss = 0.013  exp loss = 0.012  adjusted loss = 0.012  adv prob = 0.250000   acc = 0.994
  waterbird_complete50 = 1, forest2water2 = 0  [n = 134]:	loss = 2.432  exp loss = 2.760  adjusted loss = 2.760  adv prob = 0.250000   acc = 0.590
  waterbird_complete50 = 1, forest2water2 = 1  [n = 134]:	loss = 2.022  exp loss = 1.989  adjusted loss = 1.989  adv prob = 0.250000   acc = 0.634
Current lr: 0.000010
Current validation accuracy: 0.5895521640777588


Epoch [248]:
Training:
Average incurred loss: 0.105  
Average sample loss: 0.092  
Average acc: 0.969  
  waterbird_complete50 = 0, forest2water2 = 0  [n = 59]:	loss = 0.000  exp loss = 0.000  adjusted loss = 0.000  adv prob = 0.250000   acc = 1.000
  waterbird_complete50 = 0, forest2water2 = 1  [n = 42]:	loss = 0.000  exp loss = 0.000  adjusted loss = 0.000  adv prob = 0.250000   acc = 1.000
  waterbird_complete50 = 1, forest2water2 = 0  [n = 61]:	loss = 0.202  exp loss = 0.143  adjusted loss = 0.143  adv prob = 0.250000   acc = 0.934
  waterbird_complete50 = 1, forest2water2 = 1  [n = 62]:	loss = 0.179  exp loss = 0.084  adjusted loss = 0.084  adv prob = 0.250000   acc = 0.952

Validation:
Average incurred loss: 0.478  
Average sample loss: 0.472  
Average acc: 0.918  
  waterbird_complete50 = 0, forest2water2 = 0  [n = 465]:	loss = 0.001  exp loss = 0.000  adjusted loss = 0.000  adv prob = 0.250000   acc = 1.000
  waterbird_complete50 = 0, forest2water2 = 1  [n = 466]:	loss = 0.016  exp loss = 0.014  adjusted loss = 0.014  adv prob = 0.250000   acc = 0.994
  waterbird_complete50 = 1, forest2water2 = 0  [n = 134]:	loss = 2.318  exp loss = 2.635  adjusted loss = 2.635  adv prob = 0.250000   acc = 0.619
  waterbird_complete50 = 1, forest2water2 = 1  [n = 134]:	loss = 1.905  exp loss = 1.878  adjusted loss = 1.878  adv prob = 0.250000   acc = 0.672
Current lr: 0.000010
Current validation accuracy: 0.6194030046463013


Epoch [249]:
Training:
Average incurred loss: 0.013  
Average sample loss: 0.012  
Average acc: 1.000  
  waterbird_complete50 = 0, forest2water2 = 0  [n = 62]:	loss = 0.000  exp loss = 0.000  adjusted loss = 0.000  adv prob = 0.250000   acc = 1.000
  waterbird_complete50 = 0, forest2water2 = 1  [n = 54]:	loss = 0.000  exp loss = 0.000  adjusted loss = 0.000  adv prob = 0.250000   acc = 1.000
  waterbird_complete50 = 1, forest2water2 = 0  [n = 49]:	loss = 0.032  exp loss = 0.100  adjusted loss = 0.100  adv prob = 0.250000   acc = 1.000
  waterbird_complete50 = 1, forest2water2 = 1  [n = 59]:	loss = 0.023  exp loss = 0.061  adjusted loss = 0.061  adv prob = 0.250000   acc = 1.000

Validation:
Average incurred loss: 0.455  
Average sample loss: 0.448  
Average acc: 0.921  
  waterbird_complete50 = 0, forest2water2 = 0  [n = 465]:	loss = 0.001  exp loss = 0.000  adjusted loss = 0.000  adv prob = 0.250000   acc = 1.000
  waterbird_complete50 = 0, forest2water2 = 1  [n = 466]:	loss = 0.017  exp loss = 0.015  adjusted loss = 0.015  adv prob = 0.250000   acc = 0.994
  waterbird_complete50 = 1, forest2water2 = 0  [n = 134]:	loss = 2.196  exp loss = 2.490  adjusted loss = 2.490  adv prob = 0.250000   acc = 0.634
  waterbird_complete50 = 1, forest2water2 = 1  [n = 134]:	loss = 1.809  exp loss = 1.793  adjusted loss = 1.793  adv prob = 0.250000   acc = 0.679
Current lr: 0.000010
Current validation accuracy: 0.6343283653259277


Epoch [250]:
Training:
Average incurred loss: 0.058  
Average sample loss: 0.100  
Average acc: 0.978  
  waterbird_complete50 = 0, forest2water2 = 0  [n = 55]:	loss = 0.000  exp loss = 0.000  adjusted loss = 0.000  adv prob = 0.250000   acc = 1.000
  waterbird_complete50 = 0, forest2water2 = 1  [n = 65]:	loss = 0.000  exp loss = 0.000  adjusted loss = 0.000  adv prob = 0.250000   acc = 1.000
  waterbird_complete50 = 1, forest2water2 = 0  [n = 48]:	loss = 0.139  exp loss = 0.131  adjusted loss = 0.131  adv prob = 0.250000   acc = 0.938
  waterbird_complete50 = 1, forest2water2 = 1  [n = 56]:	loss = 0.113  exp loss = 0.103  adjusted loss = 0.103  adv prob = 0.250000   acc = 0.964

Validation:
Average incurred loss: 0.431  
Average sample loss: 0.425  
Average acc: 0.925  
  waterbird_complete50 = 0, forest2water2 = 0  [n = 465]:	loss = 0.001  exp loss = 0.001  adjusted loss = 0.001  adv prob = 0.250000   acc = 1.000
  waterbird_complete50 = 0, forest2water2 = 1  [n = 466]:	loss = 0.019  exp loss = 0.017  adjusted loss = 0.017  adv prob = 0.250000   acc = 0.994
  waterbird_complete50 = 1, forest2water2 = 0  [n = 134]:	loss = 2.077  exp loss = 2.334  adjusted loss = 2.334  adv prob = 0.250000   acc = 0.642
  waterbird_complete50 = 1, forest2water2 = 1  [n = 134]:	loss = 1.706  exp loss = 1.697  adjusted loss = 1.697  adv prob = 0.250000   acc = 0.709
Current lr: 0.000010
Current validation accuracy: 0.6417911052703857


Epoch [251]:
Training:
Average incurred loss: 0.004  
Average sample loss: 0.005  
Average acc: 1.000  
  waterbird_complete50 = 0, forest2water2 = 0  [n = 57]:	loss = 0.000  exp loss = 0.000  adjusted loss = 0.000  adv prob = 0.250000   acc = 1.000
  waterbird_complete50 = 0, forest2water2 = 1  [n = 58]:	loss = 0.000  exp loss = 0.000  adjusted loss = 0.000  adv prob = 0.250000   acc = 1.000
  waterbird_complete50 = 1, forest2water2 = 0  [n = 53]:	loss = 0.009  exp loss = 0.089  adjusted loss = 0.089  adv prob = 0.250000   acc = 1.000
  waterbird_complete50 = 1, forest2water2 = 1  [n = 56]:	loss = 0.009  exp loss = 0.071  adjusted loss = 0.071  adv prob = 0.250000   acc = 1.000

Validation:
Average incurred loss: 0.406  
Average sample loss: 0.400  
Average acc: 0.927  
  waterbird_complete50 = 0, forest2water2 = 0  [n = 465]:	loss = 0.002  exp loss = 0.001  adjusted loss = 0.001  adv prob = 0.250000   acc = 0.998
  waterbird_complete50 = 0, forest2water2 = 1  [n = 466]:	loss = 0.020  exp loss = 0.018  adjusted loss = 0.018  adv prob = 0.250000   acc = 0.994
  waterbird_complete50 = 1, forest2water2 = 0  [n = 134]:	loss = 1.962  exp loss = 2.195  adjusted loss = 2.195  adv prob = 0.250000   acc = 0.657
  waterbird_complete50 = 1, forest2water2 = 1  [n = 134]:	loss = 1.591  exp loss = 1.590  adjusted loss = 1.590  adv prob = 0.250000   acc = 0.716
Current lr: 0.000010
Current validation accuracy: 0.6567164659500122


Epoch [252]:
Training:
Average incurred loss: 0.011  
Average sample loss: 0.010  
Average acc: 0.996  
  waterbird_complete50 = 0, forest2water2 = 0  [n = 64]:	loss = 0.000  exp loss = 0.000  adjusted loss = 0.000  adv prob = 0.250000   acc = 1.000
  waterbird_complete50 = 0, forest2water2 = 1  [n = 46]:	loss = 0.000  exp loss = 0.000  adjusted loss = 0.000  adv prob = 0.250000   acc = 1.000
  waterbird_complete50 = 1, forest2water2 = 0  [n = 53]:	loss = 0.016  exp loss = 0.063  adjusted loss = 0.063  adv prob = 0.250000   acc = 1.000
  waterbird_complete50 = 1, forest2water2 = 1  [n = 61]:	loss = 0.025  exp loss = 0.054  adjusted loss = 0.054  adv prob = 0.250000   acc = 0.984

Validation:
Average incurred loss: 0.407  
Average sample loss: 0.402  
Average acc: 0.928  
  waterbird_complete50 = 0, forest2water2 = 0  [n = 465]:	loss = 0.002  exp loss = 0.001  adjusted loss = 0.001  adv prob = 0.250000   acc = 0.998
  waterbird_complete50 = 0, forest2water2 = 1  [n = 466]:	loss = 0.022  exp loss = 0.020  adjusted loss = 0.020  adv prob = 0.250000   acc = 0.994
  waterbird_complete50 = 1, forest2water2 = 0  [n = 134]:	loss = 1.965  exp loss = 2.204  adjusted loss = 2.204  adv prob = 0.250000   acc = 0.664
  waterbird_complete50 = 1, forest2water2 = 1  [n = 134]:	loss = 1.596  exp loss = 1.598  adjusted loss = 1.598  adv prob = 0.250000   acc = 0.724
Current lr: 0.000010
Current validation accuracy: 0.6641790866851807


Epoch [253]:
Training:
Average incurred loss: 0.008  
Average sample loss: 0.007  
Average acc: 0.996  
  waterbird_complete50 = 0, forest2water2 = 0  [n = 59]:	loss = 0.000  exp loss = 0.000  adjusted loss = 0.000  adv prob = 0.250000   acc = 1.000
  waterbird_complete50 = 0, forest2water2 = 1  [n = 58]:	loss = 0.000  exp loss = 0.000  adjusted loss = 0.000  adv prob = 0.250000   acc = 1.000
  waterbird_complete50 = 1, forest2water2 = 0  [n = 58]:	loss = 0.008  exp loss = 0.043  adjusted loss = 0.043  adv prob = 0.250000   acc = 1.000
  waterbird_complete50 = 1, forest2water2 = 1  [n = 49]:	loss = 0.030  exp loss = 0.042  adjusted loss = 0.042  adv prob = 0.250000   acc = 0.980

Validation:
Average incurred loss: 0.384  
Average sample loss: 0.378  
Average acc: 0.930  
  waterbird_complete50 = 0, forest2water2 = 0  [n = 465]:	loss = 0.004  exp loss = 0.002  adjusted loss = 0.002  adv prob = 0.250000   acc = 0.998
  waterbird_complete50 = 0, forest2water2 = 1  [n = 466]:	loss = 0.024  exp loss = 0.022  adjusted loss = 0.022  adv prob = 0.250000   acc = 0.994
  waterbird_complete50 = 1, forest2water2 = 0  [n = 134]:	loss = 1.857  exp loss = 2.080  adjusted loss = 2.080  adv prob = 0.250000   acc = 0.679
  waterbird_complete50 = 1, forest2water2 = 1  [n = 134]:	loss = 1.481  exp loss = 1.481  adjusted loss = 1.481  adv prob = 0.250000   acc = 0.724
Current lr: 0.000010
Current validation accuracy: 0.6791044473648071


Epoch [254]:
Training:
Average incurred loss: 0.026  
Average sample loss: 0.033  
Average acc: 0.996  
  waterbird_complete50 = 0, forest2water2 = 0  [n = 43]:	loss = 0.000  exp loss = 0.000  adjusted loss = 0.000  adv prob = 0.250000   acc = 1.000
  waterbird_complete50 = 0, forest2water2 = 1  [n = 72]:	loss = 0.000  exp loss = 0.000  adjusted loss = 0.000  adv prob = 0.250000   acc = 1.000
  waterbird_complete50 = 1, forest2water2 = 0  [n = 49]:	loss = 0.079  exp loss = 0.058  adjusted loss = 0.058  adv prob = 0.250000   acc = 0.980
  waterbird_complete50 = 1, forest2water2 = 1  [n = 60]:	loss = 0.033  exp loss = 0.035  adjusted loss = 0.035  adv prob = 0.250000   acc = 1.000

Validation:
Average incurred loss: 0.396  
Average sample loss: 0.390  
Average acc: 0.928  
  waterbird_complete50 = 0, forest2water2 = 0  [n = 465]:	loss = 0.003  exp loss = 0.002  adjusted loss = 0.002  adv prob = 0.250000   acc = 0.998
  waterbird_complete50 = 0, forest2water2 = 1  [n = 466]:	loss = 0.021  exp loss = 0.019  adjusted loss = 0.019  adv prob = 0.250000   acc = 0.994
  waterbird_complete50 = 1, forest2water2 = 0  [n = 134]:	loss = 1.919  exp loss = 2.134  adjusted loss = 2.134  adv prob = 0.250000   acc = 0.657
  waterbird_complete50 = 1, forest2water2 = 1  [n = 134]:	loss = 1.537  exp loss = 1.538  adjusted loss = 1.538  adv prob = 0.250000   acc = 0.731
Current lr: 0.000010
Current validation accuracy: 0.6567164659500122


Epoch [255]:
Training:
Average incurred loss: 0.030  
Average sample loss: 0.044  
Average acc: 0.996  
  waterbird_complete50 = 0, forest2water2 = 0  [n = 54]:	loss = 0.000  exp loss = 0.000  adjusted loss = 0.000  adv prob = 0.250000   acc = 1.000
  waterbird_complete50 = 0, forest2water2 = 1  [n = 55]:	loss = 0.000  exp loss = 0.000  adjusted loss = 0.000  adv prob = 0.250000   acc = 1.000
  waterbird_complete50 = 1, forest2water2 = 0  [n = 57]:	loss = 0.091  exp loss = 0.079  adjusted loss = 0.079  adv prob = 0.250000   acc = 0.982
  waterbird_complete50 = 1, forest2water2 = 1  [n = 58]:	loss = 0.027  exp loss = 0.036  adjusted loss = 0.036  adv prob = 0.250000   acc = 1.000

Validation:
Average incurred loss: 0.415  
Average sample loss: 0.410  
Average acc: 0.926  
  waterbird_complete50 = 0, forest2water2 = 0  [n = 465]:	loss = 0.003  exp loss = 0.001  adjusted loss = 0.001  adv prob = 0.250000   acc = 0.998
  waterbird_complete50 = 0, forest2water2 = 1  [n = 466]:	loss = 0.020  exp loss = 0.018  adjusted loss = 0.018  adv prob = 0.250000   acc = 0.994
  waterbird_complete50 = 1, forest2water2 = 0  [n = 134]:	loss = 2.011  exp loss = 2.248  adjusted loss = 2.248  adv prob = 0.250000   acc = 0.642
  waterbird_complete50 = 1, forest2water2 = 1  [n = 134]:	loss = 1.627  exp loss = 1.628  adjusted loss = 1.628  adv prob = 0.250000   acc = 0.724
Current lr: 0.000010
Current validation accuracy: 0.6417911052703857


Epoch [256]:
Training:
Average incurred loss: 0.080  
Average sample loss: 0.070  
Average acc: 0.960  
  waterbird_complete50 = 0, forest2water2 = 0  [n = 58]:	loss = 0.000  exp loss = 0.000  adjusted loss = 0.000  adv prob = 0.250000   acc = 1.000
  waterbird_complete50 = 0, forest2water2 = 1  [n = 49]:	loss = 0.000  exp loss = 0.000  adjusted loss = 0.000  adv prob = 0.250000   acc = 1.000
  waterbird_complete50 = 1, forest2water2 = 0  [n = 67]:	loss = 0.132  exp loss = 0.088  adjusted loss = 0.088  adv prob = 0.250000   acc = 0.910
  waterbird_complete50 = 1, forest2water2 = 1  [n = 50]:	loss = 0.179  exp loss = 0.068  adjusted loss = 0.068  adv prob = 0.250000   acc = 0.940

Validation:
Average incurred loss: 0.412  
Average sample loss: 0.407  
Average acc: 0.928  
  waterbird_complete50 = 0, forest2water2 = 0  [n = 465]:	loss = 0.002  exp loss = 0.001  adjusted loss = 0.001  adv prob = 0.250000   acc = 0.998
  waterbird_complete50 = 0, forest2water2 = 1  [n = 466]:	loss = 0.021  exp loss = 0.019  adjusted loss = 0.019  adv prob = 0.250000   acc = 0.994
  waterbird_complete50 = 1, forest2water2 = 0  [n = 134]:	loss = 1.994  exp loss = 2.220  adjusted loss = 2.220  adv prob = 0.250000   acc = 0.657
  waterbird_complete50 = 1, forest2water2 = 1  [n = 134]:	loss = 1.615  exp loss = 1.608  adjusted loss = 1.608  adv prob = 0.250000   acc = 0.731
Current lr: 0.000010
Current validation accuracy: 0.6567164659500122


Epoch [257]:
Training:
Average incurred loss: 0.013  
Average sample loss: 0.011  
Average acc: 0.996  
  waterbird_complete50 = 0, forest2water2 = 0  [n = 60]:	loss = 0.000  exp loss = 0.000  adjusted loss = 0.000  adv prob = 0.250000   acc = 1.000
  waterbird_complete50 = 0, forest2water2 = 1  [n = 52]:	loss = 0.000  exp loss = 0.000  adjusted loss = 0.000  adv prob = 0.250000   acc = 1.000
  waterbird_complete50 = 1, forest2water2 = 0  [n = 59]:	loss = 0.029  exp loss = 0.065  adjusted loss = 0.065  adv prob = 0.250000   acc = 1.000
  waterbird_complete50 = 1, forest2water2 = 1  [n = 53]:	loss = 0.022  exp loss = 0.050  adjusted loss = 0.050  adv prob = 0.250000   acc = 0.981

Validation:
Average incurred loss: 0.401  
Average sample loss: 0.395  
Average acc: 0.929  
  waterbird_complete50 = 0, forest2water2 = 0  [n = 465]:	loss = 0.003  exp loss = 0.001  adjusted loss = 0.001  adv prob = 0.250000   acc = 0.998
  waterbird_complete50 = 0, forest2water2 = 1  [n = 466]:	loss = 0.023  exp loss = 0.021  adjusted loss = 0.021  adv prob = 0.250000   acc = 0.994
  waterbird_complete50 = 1, forest2water2 = 0  [n = 134]:	loss = 1.932  exp loss = 2.144  adjusted loss = 2.144  adv prob = 0.250000   acc = 0.664
  waterbird_complete50 = 1, forest2water2 = 1  [n = 134]:	loss = 1.563  exp loss = 1.565  adjusted loss = 1.565  adv prob = 0.250000   acc = 0.731
Current lr: 0.000010
Current validation accuracy: 0.6641790866851807


Epoch [258]:
Training:
Average incurred loss: 0.012  
Average sample loss: 0.012  
Average acc: 0.996  
  waterbird_complete50 = 0, forest2water2 = 0  [n = 58]:	loss = 0.000  exp loss = 0.000  adjusted loss = 0.000  adv prob = 0.250000   acc = 1.000
  waterbird_complete50 = 0, forest2water2 = 1  [n = 56]:	loss = 0.000  exp loss = 0.000  adjusted loss = 0.000  adv prob = 0.250000   acc = 1.000
  waterbird_complete50 = 1, forest2water2 = 0  [n = 59]:	loss = 0.016  exp loss = 0.047  adjusted loss = 0.047  adv prob = 0.250000   acc = 1.000
  waterbird_complete50 = 1, forest2water2 = 1  [n = 51]:	loss = 0.032  exp loss = 0.045  adjusted loss = 0.045  adv prob = 0.250000   acc = 0.980

Validation:
Average incurred loss: 0.404  
Average sample loss: 0.399  
Average acc: 0.928  
  waterbird_complete50 = 0, forest2water2 = 0  [n = 465]:	loss = 0.002  exp loss = 0.001  adjusted loss = 0.001  adv prob = 0.250000   acc = 0.998
  waterbird_complete50 = 0, forest2water2 = 1  [n = 466]:	loss = 0.022  exp loss = 0.020  adjusted loss = 0.020  adv prob = 0.250000   acc = 0.994
  waterbird_complete50 = 1, forest2water2 = 0  [n = 134]:	loss = 1.950  exp loss = 2.171  adjusted loss = 2.171  adv prob = 0.250000   acc = 0.664
  waterbird_complete50 = 1, forest2water2 = 1  [n = 134]:	loss = 1.581  exp loss = 1.584  adjusted loss = 1.584  adv prob = 0.250000   acc = 0.724
Current lr: 0.000010
Current validation accuracy: 0.6641790866851807


Epoch [259]:
Training:
Average incurred loss: 0.023  
Average sample loss: 0.020  
Average acc: 1.000  
  waterbird_complete50 = 0, forest2water2 = 0  [n = 55]:	loss = 0.000  exp loss = 0.000  adjusted loss = 0.000  adv prob = 0.250000   acc = 1.000
  waterbird_complete50 = 0, forest2water2 = 1  [n = 54]:	loss = 0.000  exp loss = 0.000  adjusted loss = 0.000  adv prob = 0.250000   acc = 1.000
  waterbird_complete50 = 1, forest2water2 = 0  [n = 62]:	loss = 0.043  exp loss = 0.042  adjusted loss = 0.042  adv prob = 0.250000   acc = 1.000
  waterbird_complete50 = 1, forest2water2 = 1  [n = 53]:	loss = 0.044  exp loss = 0.038  adjusted loss = 0.038  adv prob = 0.250000   acc = 1.000

Validation:
Average incurred loss: 0.392  
Average sample loss: 0.387  
Average acc: 0.927  
  waterbird_complete50 = 0, forest2water2 = 0  [n = 465]:	loss = 0.002  exp loss = 0.001  adjusted loss = 0.001  adv prob = 0.250000   acc = 0.998
  waterbird_complete50 = 0, forest2water2 = 1  [n = 466]:	loss = 0.023  exp loss = 0.021  adjusted loss = 0.021  adv prob = 0.250000   acc = 0.994
  waterbird_complete50 = 1, forest2water2 = 0  [n = 134]:	loss = 1.895  exp loss = 2.100  adjusted loss = 2.100  adv prob = 0.250000   acc = 0.657
  waterbird_complete50 = 1, forest2water2 = 1  [n = 134]:	loss = 1.528  exp loss = 1.530  adjusted loss = 1.530  adv prob = 0.250000   acc = 0.724
Current lr: 0.000010
Current validation accuracy: 0.6567164659500122


Epoch [260]:
Training:
Average incurred loss: 0.014  
Average sample loss: 0.017  
Average acc: 0.996  
  waterbird_complete50 = 0, forest2water2 = 0  [n = 49]:	loss = 0.000  exp loss = 0.000  adjusted loss = 0.000  adv prob = 0.250000   acc = 1.000
  waterbird_complete50 = 0, forest2water2 = 1  [n = 56]:	loss = 0.000  exp loss = 0.000  adjusted loss = 0.000  adv prob = 0.250000   acc = 1.000
  waterbird_complete50 = 1, forest2water2 = 0  [n = 58]:	loss = 0.028  exp loss = 0.041  adjusted loss = 0.041  adv prob = 0.250000   acc = 1.000
  waterbird_complete50 = 1, forest2water2 = 1  [n = 61]:	loss = 0.026  exp loss = 0.035  adjusted loss = 0.035  adv prob = 0.250000   acc = 0.984

Validation:
Average incurred loss: 0.426  
Average sample loss: 0.420  
Average acc: 0.927  
  waterbird_complete50 = 0, forest2water2 = 0  [n = 465]:	loss = 0.001  exp loss = 0.001  adjusted loss = 0.001  adv prob = 0.250000   acc = 1.000
  waterbird_complete50 = 0, forest2water2 = 1  [n = 466]:	loss = 0.020  exp loss = 0.018  adjusted loss = 0.018  adv prob = 0.250000   acc = 0.994
  waterbird_complete50 = 1, forest2water2 = 0  [n = 134]:	loss = 2.074  exp loss = 2.320  adjusted loss = 2.320  adv prob = 0.250000   acc = 0.649
  waterbird_complete50 = 1, forest2water2 = 1  [n = 134]:	loss = 1.665  exp loss = 1.661  adjusted loss = 1.661  adv prob = 0.250000   acc = 0.716
Current lr: 0.000010
Current validation accuracy: 0.6492537260055542


Epoch [261]:
Training:
Average incurred loss: 0.001  
Average sample loss: 0.001  
Average acc: 1.000  
  waterbird_complete50 = 0, forest2water2 = 0  [n = 71]:	loss = 0.000  exp loss = 0.000  adjusted loss = 0.000  adv prob = 0.250000   acc = 1.000
  waterbird_complete50 = 0, forest2water2 = 1  [n = 47]:	loss = 0.000  exp loss = 0.000  adjusted loss = 0.000  adv prob = 0.250000   acc = 1.000
  waterbird_complete50 = 1, forest2water2 = 0  [n = 53]:	loss = 0.004  exp loss = 0.028  adjusted loss = 0.028  adv prob = 0.250000   acc = 1.000
  waterbird_complete50 = 1, forest2water2 = 1  [n = 53]:	loss = 0.002  exp loss = 0.024  adjusted loss = 0.024  adv prob = 0.250000   acc = 1.000

Validation:
Average incurred loss: 0.399  
Average sample loss: 0.394  
Average acc: 0.928  
  waterbird_complete50 = 0, forest2water2 = 0  [n = 465]:	loss = 0.002  exp loss = 0.001  adjusted loss = 0.001  adv prob = 0.250000   acc = 0.998
  waterbird_complete50 = 0, forest2water2 = 1  [n = 466]:	loss = 0.022  exp loss = 0.020  adjusted loss = 0.020  adv prob = 0.250000   acc = 0.994
  waterbird_complete50 = 1, forest2water2 = 0  [n = 134]:	loss = 1.948  exp loss = 2.156  adjusted loss = 2.156  adv prob = 0.250000   acc = 0.664
  waterbird_complete50 = 1, forest2water2 = 1  [n = 134]:	loss = 1.542  exp loss = 1.545  adjusted loss = 1.545  adv prob = 0.250000   acc = 0.724
Current lr: 0.000010
Current validation accuracy: 0.6641790866851807


Epoch [262]:
Training:
Average incurred loss: 0.027  
Average sample loss: 0.024  
Average acc: 0.996  
  waterbird_complete50 = 0, forest2water2 = 0  [n = 54]:	loss = 0.000  exp loss = 0.000  adjusted loss = 0.000  adv prob = 0.250000   acc = 1.000
  waterbird_complete50 = 0, forest2water2 = 1  [n = 48]:	loss = 0.000  exp loss = 0.000  adjusted loss = 0.000  adv prob = 0.250000   acc = 1.000
  waterbird_complete50 = 1, forest2water2 = 0  [n = 60]:	loss = 0.056  exp loss = 0.035  adjusted loss = 0.035  adv prob = 0.250000   acc = 1.000
  waterbird_complete50 = 1, forest2water2 = 1  [n = 62]:	loss = 0.044  exp loss = 0.027  adjusted loss = 0.027  adv prob = 0.250000   acc = 0.984

Validation:
Average incurred loss: 0.431  
Average sample loss: 0.425  
Average acc: 0.924  
  waterbird_complete50 = 0, forest2water2 = 0  [n = 465]:	loss = 0.001  exp loss = 0.001  adjusted loss = 0.001  adv prob = 0.250000   acc = 1.000
  waterbird_complete50 = 0, forest2water2 = 1  [n = 466]:	loss = 0.018  exp loss = 0.016  adjusted loss = 0.016  adv prob = 0.250000   acc = 0.994
  waterbird_complete50 = 1, forest2water2 = 0  [n = 134]:	loss = 2.100  exp loss = 2.349  adjusted loss = 2.349  adv prob = 0.250000   acc = 0.642
  waterbird_complete50 = 1, forest2water2 = 1  [n = 134]:	loss = 1.686  exp loss = 1.679  adjusted loss = 1.679  adv prob = 0.250000   acc = 0.701
Current lr: 0.000010
Current validation accuracy: 0.6417911052703857


Epoch [263]:
Training:
Average incurred loss: 0.018  
Average sample loss: 0.020  
Average acc: 0.996  
  waterbird_complete50 = 0, forest2water2 = 0  [n = 42]:	loss = 0.000  exp loss = 0.000  adjusted loss = 0.000  adv prob = 0.250000   acc = 1.000
  waterbird_complete50 = 0, forest2water2 = 1  [n = 64]:	loss = 0.000  exp loss = 0.000  adjusted loss = 0.000  adv prob = 0.250000   acc = 1.000
  waterbird_complete50 = 1, forest2water2 = 0  [n = 58]:	loss = 0.044  exp loss = 0.042  adjusted loss = 0.042  adv prob = 0.250000   acc = 0.983
  waterbird_complete50 = 1, forest2water2 = 1  [n = 60]:	loss = 0.026  exp loss = 0.025  adjusted loss = 0.025  adv prob = 0.250000   acc = 1.000

Validation:
Average incurred loss: 0.445  
Average sample loss: 0.439  
Average acc: 0.924  
  waterbird_complete50 = 0, forest2water2 = 0  [n = 465]:	loss = 0.001  exp loss = 0.001  adjusted loss = 0.001  adv prob = 0.250000   acc = 1.000
  waterbird_complete50 = 0, forest2water2 = 1  [n = 466]:	loss = 0.019  exp loss = 0.017  adjusted loss = 0.017  adv prob = 0.250000   acc = 0.994
  waterbird_complete50 = 1, forest2water2 = 0  [n = 134]:	loss = 2.155  exp loss = 2.425  adjusted loss = 2.425  adv prob = 0.250000   acc = 0.642
  waterbird_complete50 = 1, forest2water2 = 1  [n = 134]:	loss = 1.757  exp loss = 1.746  adjusted loss = 1.746  adv prob = 0.250000   acc = 0.701
Current lr: 0.000010
Current validation accuracy: 0.6417911052703857


Epoch [264]:
Training:
Average incurred loss: 0.012  
Average sample loss: 0.011  
Average acc: 1.000  
  waterbird_complete50 = 0, forest2water2 = 0  [n = 66]:	loss = 0.000  exp loss = 0.000  adjusted loss = 0.000  adv prob = 0.250000   acc = 1.000
  waterbird_complete50 = 0, forest2water2 = 1  [n = 52]:	loss = 0.000  exp loss = 0.000  adjusted loss = 0.000  adv prob = 0.250000   acc = 1.000
  waterbird_complete50 = 1, forest2water2 = 0  [n = 50]:	loss = 0.032  exp loss = 0.035  adjusted loss = 0.035  adv prob = 0.250000   acc = 1.000
  waterbird_complete50 = 1, forest2water2 = 1  [n = 56]:	loss = 0.021  exp loss = 0.022  adjusted loss = 0.022  adv prob = 0.250000   acc = 1.000

Validation:
Average incurred loss: 0.413  
Average sample loss: 0.408  
Average acc: 0.927  
  waterbird_complete50 = 0, forest2water2 = 0  [n = 465]:	loss = 0.002  exp loss = 0.001  adjusted loss = 0.001  adv prob = 0.250000   acc = 0.998
  waterbird_complete50 = 0, forest2water2 = 1  [n = 466]:	loss = 0.022  exp loss = 0.020  adjusted loss = 0.020  adv prob = 0.250000   acc = 0.994
  waterbird_complete50 = 1, forest2water2 = 0  [n = 134]:	loss = 2.005  exp loss = 2.243  adjusted loss = 2.243  adv prob = 0.250000   acc = 0.649
  waterbird_complete50 = 1, forest2water2 = 1  [n = 134]:	loss = 1.611  exp loss = 1.611  adjusted loss = 1.611  adv prob = 0.250000   acc = 0.724
Current lr: 0.000010
Current validation accuracy: 0.6492537260055542


Epoch [265]:
Training:
Average incurred loss: 0.021  
Average sample loss: 0.019  
Average acc: 0.996  
  waterbird_complete50 = 0, forest2water2 = 0  [n = 46]:	loss = 0.000  exp loss = 0.000  adjusted loss = 0.000  adv prob = 0.250000   acc = 1.000
  waterbird_complete50 = 0, forest2water2 = 1  [n = 61]:	loss = 0.000  exp loss = 0.000  adjusted loss = 0.000  adv prob = 0.250000   acc = 1.000
  waterbird_complete50 = 1, forest2water2 = 0  [n = 50]:	loss = 0.065  exp loss = 0.038  adjusted loss = 0.038  adv prob = 0.250000   acc = 0.980
  waterbird_complete50 = 1, forest2water2 = 1  [n = 67]:	loss = 0.020  exp loss = 0.021  adjusted loss = 0.021  adv prob = 0.250000   acc = 1.000

Validation:
Average incurred loss: 0.425  
Average sample loss: 0.419  
Average acc: 0.925  
  waterbird_complete50 = 0, forest2water2 = 0  [n = 465]:	loss = 0.002  exp loss = 0.001  adjusted loss = 0.001  adv prob = 0.250000   acc = 1.000
  waterbird_complete50 = 0, forest2water2 = 1  [n = 466]:	loss = 0.022  exp loss = 0.020  adjusted loss = 0.020  adv prob = 0.250000   acc = 0.994
  waterbird_complete50 = 1, forest2water2 = 0  [n = 134]:	loss = 2.047  exp loss = 2.284  adjusted loss = 2.284  adv prob = 0.250000   acc = 0.642
  waterbird_complete50 = 1, forest2water2 = 1  [n = 134]:	loss = 1.670  exp loss = 1.674  adjusted loss = 1.674  adv prob = 0.250000   acc = 0.709
Current lr: 0.000010
Current validation accuracy: 0.6417911052703857


Epoch [266]:
Training:
Average incurred loss: 0.028  
Average sample loss: 0.025  
Average acc: 0.987  
  waterbird_complete50 = 0, forest2water2 = 0  [n = 63]:	loss = 0.000  exp loss = 0.000  adjusted loss = 0.000  adv prob = 0.250000   acc = 1.000
  waterbird_complete50 = 0, forest2water2 = 1  [n = 48]:	loss = 0.000  exp loss = 0.000  adjusted loss = 0.000  adv prob = 0.250000   acc = 1.000
  waterbird_complete50 = 1, forest2water2 = 0  [n = 58]:	loss = 0.039  exp loss = 0.037  adjusted loss = 0.037  adv prob = 0.250000   acc = 1.000
  waterbird_complete50 = 1, forest2water2 = 1  [n = 55]:	loss = 0.074  exp loss = 0.031  adjusted loss = 0.031  adv prob = 0.250000   acc = 0.945

Validation:
Average incurred loss: 0.423  
Average sample loss: 0.417  
Average acc: 0.924  
  waterbird_complete50 = 0, forest2water2 = 0  [n = 465]:	loss = 0.002  exp loss = 0.001  adjusted loss = 0.001  adv prob = 0.250000   acc = 0.998
  waterbird_complete50 = 0, forest2water2 = 1  [n = 466]:	loss = 0.022  exp loss = 0.020  adjusted loss = 0.020  adv prob = 0.250000   acc = 0.994
  waterbird_complete50 = 1, forest2water2 = 0  [n = 134]:	loss = 2.041  exp loss = 2.296  adjusted loss = 2.296  adv prob = 0.250000   acc = 0.642
  waterbird_complete50 = 1, forest2water2 = 1  [n = 134]:	loss = 1.664  exp loss = 1.667  adjusted loss = 1.667  adv prob = 0.250000   acc = 0.709
Current lr: 0.000010
Current validation accuracy: 0.6417911052703857


Epoch [267]:
Training:
Average incurred loss: 0.009  
Average sample loss: 0.008  
Average acc: 0.996  
  waterbird_complete50 = 0, forest2water2 = 0  [n = 58]:	loss = 0.000  exp loss = 0.000  adjusted loss = 0.000  adv prob = 0.250000   acc = 1.000
  waterbird_complete50 = 0, forest2water2 = 1  [n = 62]:	loss = 0.000  exp loss = 0.000  adjusted loss = 0.000  adv prob = 0.250000   acc = 1.000
  waterbird_complete50 = 1, forest2water2 = 0  [n = 59]:	loss = 0.032  exp loss = 0.032  adjusted loss = 0.032  adv prob = 0.250000   acc = 0.983
  waterbird_complete50 = 1, forest2water2 = 1  [n = 45]:	loss = 0.003  exp loss = 0.022  adjusted loss = 0.022  adv prob = 0.250000   acc = 1.000

Validation:
Average incurred loss: 0.391  
Average sample loss: 0.385  
Average acc: 0.930  
  waterbird_complete50 = 0, forest2water2 = 0  [n = 465]:	loss = 0.002  exp loss = 0.001  adjusted loss = 0.001  adv prob = 0.250000   acc = 0.998
  waterbird_complete50 = 0, forest2water2 = 1  [n = 466]:	loss = 0.026  exp loss = 0.024  adjusted loss = 0.024  adv prob = 0.250000   acc = 0.994
  waterbird_complete50 = 1, forest2water2 = 0  [n = 134]:	loss = 1.898  exp loss = 2.124  adjusted loss = 2.124  adv prob = 0.250000   acc = 0.679
  waterbird_complete50 = 1, forest2water2 = 1  [n = 134]:	loss = 1.500  exp loss = 1.502  adjusted loss = 1.502  adv prob = 0.250000   acc = 0.724
Current lr: 0.000010
Current validation accuracy: 0.6791044473648071


Epoch [268]:
Training:
Average incurred loss: 0.003  
Average sample loss: 0.003  
Average acc: 1.000  
  waterbird_complete50 = 0, forest2water2 = 0  [n = 66]:	loss = 0.000  exp loss = 0.000  adjusted loss = 0.000  adv prob = 0.250000   acc = 1.000
  waterbird_complete50 = 0, forest2water2 = 1  [n = 53]:	loss = 0.000  exp loss = 0.000  adjusted loss = 0.000  adv prob = 0.250000   acc = 1.000
  waterbird_complete50 = 1, forest2water2 = 0  [n = 52]:	loss = 0.008  exp loss = 0.023  adjusted loss = 0.023  adv prob = 0.250000   acc = 1.000
  waterbird_complete50 = 1, forest2water2 = 1  [n = 53]:	loss = 0.007  exp loss = 0.016  adjusted loss = 0.016  adv prob = 0.250000   acc = 1.000

Validation:
Average incurred loss: 0.379  
Average sample loss: 0.373  
Average acc: 0.933  
  waterbird_complete50 = 0, forest2water2 = 0  [n = 465]:	loss = 0.003  exp loss = 0.001  adjusted loss = 0.001  adv prob = 0.250000   acc = 0.998
  waterbird_complete50 = 0, forest2water2 = 1  [n = 466]:	loss = 0.025  exp loss = 0.023  adjusted loss = 0.023  adv prob = 0.250000   acc = 0.994
  waterbird_complete50 = 1, forest2water2 = 0  [n = 134]:	loss = 1.835  exp loss = 2.049  adjusted loss = 2.049  adv prob = 0.250000   acc = 0.701
  waterbird_complete50 = 1, forest2water2 = 1  [n = 134]:	loss = 1.456  exp loss = 1.455  adjusted loss = 1.455  adv prob = 0.250000   acc = 0.731
Current lr: 0.000010
Current validation accuracy: 0.7014925479888916


Epoch [269]:
Training:
Average incurred loss: 0.005  
Average sample loss: 0.004  
Average acc: 1.000  
  waterbird_complete50 = 0, forest2water2 = 0  [n = 57]:	loss = 0.000  exp loss = 0.000  adjusted loss = 0.000  adv prob = 0.250000   acc = 1.000
  waterbird_complete50 = 0, forest2water2 = 1  [n = 59]:	loss = 0.000  exp loss = 0.000  adjusted loss = 0.000  adv prob = 0.250000   acc = 1.000
  waterbird_complete50 = 1, forest2water2 = 0  [n = 60]:	loss = 0.014  exp loss = 0.019  adjusted loss = 0.019  adv prob = 0.250000   acc = 1.000
  waterbird_complete50 = 1, forest2water2 = 1  [n = 48]:	loss = 0.004  exp loss = 0.012  adjusted loss = 0.012  adv prob = 0.250000   acc = 1.000

Validation:
Average incurred loss: 0.380  
Average sample loss: 0.375  
Average acc: 0.930  
  waterbird_complete50 = 0, forest2water2 = 0  [n = 465]:	loss = 0.003  exp loss = 0.002  adjusted loss = 0.002  adv prob = 0.250000   acc = 0.998
  waterbird_complete50 = 0, forest2water2 = 1  [n = 466]:	loss = 0.024  exp loss = 0.022  adjusted loss = 0.022  adv prob = 0.250000   acc = 0.994
  waterbird_complete50 = 1, forest2water2 = 0  [n = 134]:	loss = 1.835  exp loss = 2.036  adjusted loss = 2.036  adv prob = 0.250000   acc = 0.679
  waterbird_complete50 = 1, forest2water2 = 1  [n = 134]:	loss = 1.471  exp loss = 1.467  adjusted loss = 1.467  adv prob = 0.250000   acc = 0.724
Current lr: 0.000010
Current validation accuracy: 0.6791044473648071


Epoch [270]:
Training:
Average incurred loss: 0.080  
Average sample loss: 0.072  
Average acc: 0.973  
  waterbird_complete50 = 0, forest2water2 = 0  [n = 46]:	loss = 0.000  exp loss = 0.000  adjusted loss = 0.000  adv prob = 0.250000   acc = 1.000
  waterbird_complete50 = 0, forest2water2 = 1  [n = 54]:	loss = 0.000  exp loss = 0.000  adjusted loss = 0.000  adv prob = 0.250000   acc = 1.000
  waterbird_complete50 = 1, forest2water2 = 0  [n = 57]:	loss = 0.222  exp loss = 0.069  adjusted loss = 0.069  adv prob = 0.250000   acc = 0.930
  waterbird_complete50 = 1, forest2water2 = 1  [n = 67]:	loss = 0.078  exp loss = 0.030  adjusted loss = 0.030  adv prob = 0.250000   acc = 0.970

Validation:
Average incurred loss: 0.426  
Average sample loss: 0.420  
Average acc: 0.923  
  waterbird_complete50 = 0, forest2water2 = 0  [n = 465]:	loss = 0.001  exp loss = 0.001  adjusted loss = 0.001  adv prob = 0.250000   acc = 1.000
  waterbird_complete50 = 0, forest2water2 = 1  [n = 466]:	loss = 0.020  exp loss = 0.018  adjusted loss = 0.018  adv prob = 0.250000   acc = 0.994
  waterbird_complete50 = 1, forest2water2 = 0  [n = 134]:	loss = 2.058  exp loss = 2.309  adjusted loss = 2.309  adv prob = 0.250000   acc = 0.642
  waterbird_complete50 = 1, forest2water2 = 1  [n = 134]:	loss = 1.678  exp loss = 1.668  adjusted loss = 1.668  adv prob = 0.250000   acc = 0.694
Current lr: 0.000010
Current validation accuracy: 0.6417911052703857


Epoch [271]:
Training:
Average incurred loss: 0.004  
Average sample loss: 0.004  
Average acc: 1.000  
  waterbird_complete50 = 0, forest2water2 = 0  [n = 62]:	loss = 0.000  exp loss = 0.000  adjusted loss = 0.000  adv prob = 0.250000   acc = 1.000
  waterbird_complete50 = 0, forest2water2 = 1  [n = 59]:	loss = 0.000  exp loss = 0.000  adjusted loss = 0.000  adv prob = 0.250000   acc = 1.000
  waterbird_complete50 = 1, forest2water2 = 0  [n = 48]:	loss = 0.014  exp loss = 0.049  adjusted loss = 0.049  adv prob = 0.250000   acc = 1.000
  waterbird_complete50 = 1, forest2water2 = 1  [n = 55]:	loss = 0.005  exp loss = 0.021  adjusted loss = 0.021  adv prob = 0.250000   acc = 1.000

Validation:
Average incurred loss: 0.384  
Average sample loss: 0.379  
Average acc: 0.930  
  waterbird_complete50 = 0, forest2water2 = 0  [n = 465]:	loss = 0.003  exp loss = 0.001  adjusted loss = 0.001  adv prob = 0.250000   acc = 0.998
  waterbird_complete50 = 0, forest2water2 = 1  [n = 466]:	loss = 0.025  exp loss = 0.022  adjusted loss = 0.022  adv prob = 0.250000   acc = 0.994
  waterbird_complete50 = 1, forest2water2 = 0  [n = 134]:	loss = 1.840  exp loss = 2.042  adjusted loss = 2.042  adv prob = 0.250000   acc = 0.672
  waterbird_complete50 = 1, forest2water2 = 1  [n = 134]:	loss = 1.499  exp loss = 1.495  adjusted loss = 1.495  adv prob = 0.250000   acc = 0.731
Current lr: 0.000010
Current validation accuracy: 0.6716418266296387


Epoch [272]:
Training:
Average incurred loss: 0.060  
Average sample loss: 0.052  
Average acc: 0.964  
  waterbird_complete50 = 0, forest2water2 = 0  [n = 57]:	loss = 0.000  exp loss = 0.000  adjusted loss = 0.000  adv prob = 0.250000   acc = 1.000
  waterbird_complete50 = 0, forest2water2 = 1  [n = 56]:	loss = 0.000  exp loss = 0.000  adjusted loss = 0.000  adv prob = 0.250000   acc = 1.000
  waterbird_complete50 = 1, forest2water2 = 0  [n = 52]:	loss = 0.152  exp loss = 0.072  adjusted loss = 0.072  adv prob = 0.250000   acc = 0.904
  waterbird_complete50 = 1, forest2water2 = 1  [n = 59]:	loss = 0.093  exp loss = 0.035  adjusted loss = 0.035  adv prob = 0.250000   acc = 0.949

Validation:
Average incurred loss: 0.381  
Average sample loss: 0.376  
Average acc: 0.931  
  waterbird_complete50 = 0, forest2water2 = 0  [n = 465]:	loss = 0.003  exp loss = 0.001  adjusted loss = 0.001  adv prob = 0.250000   acc = 0.998
  waterbird_complete50 = 0, forest2water2 = 1  [n = 466]:	loss = 0.026  exp loss = 0.024  adjusted loss = 0.024  adv prob = 0.250000   acc = 0.994
  waterbird_complete50 = 1, forest2water2 = 0  [n = 134]:	loss = 1.829  exp loss = 2.029  adjusted loss = 2.029  adv prob = 0.250000   acc = 0.679
  waterbird_complete50 = 1, forest2water2 = 1  [n = 134]:	loss = 1.481  exp loss = 1.481  adjusted loss = 1.481  adv prob = 0.250000   acc = 0.731
Current lr: 0.000010
Current validation accuracy: 0.6791044473648071


Epoch [273]:
Training:
Average incurred loss: 0.040  
Average sample loss: 0.035  
Average acc: 0.987  
  waterbird_complete50 = 0, forest2water2 = 0  [n = 48]:	loss = 0.000  exp loss = 0.000  adjusted loss = 0.000  adv prob = 0.250000   acc = 1.000
  waterbird_complete50 = 0, forest2water2 = 1  [n = 53]:	loss = 0.000  exp loss = 0.000  adjusted loss = 0.000  adv prob = 0.250000   acc = 1.000
  waterbird_complete50 = 1, forest2water2 = 0  [n = 65]:	loss = 0.038  exp loss = 0.058  adjusted loss = 0.058  adv prob = 0.250000   acc = 0.985
  waterbird_complete50 = 1, forest2water2 = 1  [n = 58]:	loss = 0.111  exp loss = 0.052  adjusted loss = 0.052  adv prob = 0.250000   acc = 0.966

Validation:
Average incurred loss: 0.433  
Average sample loss: 0.427  
Average acc: 0.923  
  waterbird_complete50 = 0, forest2water2 = 0  [n = 465]:	loss = 0.001  exp loss = 0.001  adjusted loss = 0.001  adv prob = 0.250000   acc = 1.000
  waterbird_complete50 = 0, forest2water2 = 1  [n = 466]:	loss = 0.020  exp loss = 0.018  adjusted loss = 0.018  adv prob = 0.250000   acc = 0.994
  waterbird_complete50 = 1, forest2water2 = 0  [n = 134]:	loss = 2.081  exp loss = 2.335  adjusted loss = 2.335  adv prob = 0.250000   acc = 0.642
  waterbird_complete50 = 1, forest2water2 = 1  [n = 134]:	loss = 1.719  exp loss = 1.708  adjusted loss = 1.708  adv prob = 0.250000   acc = 0.694
Current lr: 0.000010
Current validation accuracy: 0.6417911052703857


Epoch [274]:
Training:
Average incurred loss: 0.034  
Average sample loss: 0.030  
Average acc: 0.991  
  waterbird_complete50 = 0, forest2water2 = 0  [n = 53]:	loss = 0.000  exp loss = 0.000  adjusted loss = 0.000  adv prob = 0.250000   acc = 1.000
  waterbird_complete50 = 0, forest2water2 = 1  [n = 61]:	loss = 0.000  exp loss = 0.000  adjusted loss = 0.000  adv prob = 0.250000   acc = 1.000
  waterbird_complete50 = 1, forest2water2 = 0  [n = 41]:	loss = 0.071  exp loss = 0.058  adjusted loss = 0.058  adv prob = 0.250000   acc = 0.951
  waterbird_complete50 = 1, forest2water2 = 1  [n = 69]:	loss = 0.068  exp loss = 0.051  adjusted loss = 0.051  adv prob = 0.250000   acc = 1.000

Validation:
Average incurred loss: 0.414  
Average sample loss: 0.408  
Average acc: 0.925  
  waterbird_complete50 = 0, forest2water2 = 0  [n = 465]:	loss = 0.002  exp loss = 0.001  adjusted loss = 0.001  adv prob = 0.250000   acc = 0.998
  waterbird_complete50 = 0, forest2water2 = 1  [n = 466]:	loss = 0.022  exp loss = 0.020  adjusted loss = 0.020  adv prob = 0.250000   acc = 0.994
  waterbird_complete50 = 1, forest2water2 = 0  [n = 134]:	loss = 1.984  exp loss = 2.229  adjusted loss = 2.229  adv prob = 0.250000   acc = 0.642
  waterbird_complete50 = 1, forest2water2 = 1  [n = 134]:	loss = 1.637  exp loss = 1.632  adjusted loss = 1.632  adv prob = 0.250000   acc = 0.716
Current lr: 0.000010
Current validation accuracy: 0.6417911052703857


Epoch [275]:
Training:
Average incurred loss: 0.015  
Average sample loss: 0.015  
Average acc: 0.996  
  waterbird_complete50 = 0, forest2water2 = 0  [n = 53]:	loss = 0.000  exp loss = 0.000  adjusted loss = 0.000  adv prob = 0.250000   acc = 1.000
  waterbird_complete50 = 0, forest2water2 = 1  [n = 55]:	loss = 0.000  exp loss = 0.000  adjusted loss = 0.000  adv prob = 0.250000   acc = 1.000
  waterbird_complete50 = 1, forest2water2 = 0  [n = 49]:	loss = 0.043  exp loss = 0.052  adjusted loss = 0.052  adv prob = 0.250000   acc = 0.980
  waterbird_complete50 = 1, forest2water2 = 1  [n = 67]:	loss = 0.018  exp loss = 0.040  adjusted loss = 0.040  adv prob = 0.250000   acc = 1.000

Validation:
Average incurred loss: 0.427  
Average sample loss: 0.421  
Average acc: 0.926  
  waterbird_complete50 = 0, forest2water2 = 0  [n = 465]:	loss = 0.001  exp loss = 0.001  adjusted loss = 0.001  adv prob = 0.250000   acc = 1.000
  waterbird_complete50 = 0, forest2water2 = 1  [n = 466]:	loss = 0.020  exp loss = 0.018  adjusted loss = 0.018  adv prob = 0.250000   acc = 0.994
  waterbird_complete50 = 1, forest2water2 = 0  [n = 134]:	loss = 2.056  exp loss = 2.306  adjusted loss = 2.306  adv prob = 0.250000   acc = 0.642
  waterbird_complete50 = 1, forest2water2 = 1  [n = 134]:	loss = 1.688  exp loss = 1.680  adjusted loss = 1.680  adv prob = 0.250000   acc = 0.716
Current lr: 0.000010
Current validation accuracy: 0.6417911052703857


Epoch [276]:
Training:
Average incurred loss: 0.022  
Average sample loss: 0.025  
Average acc: 0.991  
  waterbird_complete50 = 0, forest2water2 = 0  [n = 51]:	loss = 0.000  exp loss = 0.000  adjusted loss = 0.000  adv prob = 0.250000   acc = 1.000
  waterbird_complete50 = 0, forest2water2 = 1  [n = 59]:	loss = 0.000  exp loss = 0.000  adjusted loss = 0.000  adv prob = 0.250000   acc = 1.000
  waterbird_complete50 = 1, forest2water2 = 0  [n = 65]:	loss = 0.051  exp loss = 0.052  adjusted loss = 0.052  adv prob = 0.250000   acc = 0.985
  waterbird_complete50 = 1, forest2water2 = 1  [n = 49]:	loss = 0.032  exp loss = 0.039  adjusted loss = 0.039  adv prob = 0.250000   acc = 0.980

Validation:
Average incurred loss: 0.435  
Average sample loss: 0.429  
Average acc: 0.925  
  waterbird_complete50 = 0, forest2water2 = 0  [n = 465]:	loss = 0.001  exp loss = 0.001  adjusted loss = 0.001  adv prob = 0.250000   acc = 1.000
  waterbird_complete50 = 0, forest2water2 = 1  [n = 466]:	loss = 0.020  exp loss = 0.018  adjusted loss = 0.018  adv prob = 0.250000   acc = 0.994
  waterbird_complete50 = 1, forest2water2 = 0  [n = 134]:	loss = 2.096  exp loss = 2.349  adjusted loss = 2.349  adv prob = 0.250000   acc = 0.642
  waterbird_complete50 = 1, forest2water2 = 1  [n = 134]:	loss = 1.726  exp loss = 1.722  adjusted loss = 1.722  adv prob = 0.250000   acc = 0.709
Current lr: 0.000010
Current validation accuracy: 0.6417911052703857


Epoch [277]:
Training:
Average incurred loss: 0.014  
Average sample loss: 0.015  
Average acc: 0.996  
  waterbird_complete50 = 0, forest2water2 = 0  [n = 50]:	loss = 0.000  exp loss = 0.000  adjusted loss = 0.000  adv prob = 0.250000   acc = 1.000
  waterbird_complete50 = 0, forest2water2 = 1  [n = 55]:	loss = 0.000  exp loss = 0.000  adjusted loss = 0.000  adv prob = 0.250000   acc = 1.000
  waterbird_complete50 = 1, forest2water2 = 0  [n = 51]:	loss = 0.021  exp loss = 0.043  adjusted loss = 0.043  adv prob = 0.250000   acc = 1.000
  waterbird_complete50 = 1, forest2water2 = 1  [n = 68]:	loss = 0.029  exp loss = 0.036  adjusted loss = 0.036  adv prob = 0.250000   acc = 0.985

Validation:
Average incurred loss: 0.452  
Average sample loss: 0.446  
Average acc: 0.921  
  waterbird_complete50 = 0, forest2water2 = 0  [n = 465]:	loss = 0.001  exp loss = 0.001  adjusted loss = 0.001  adv prob = 0.250000   acc = 1.000
  waterbird_complete50 = 0, forest2water2 = 1  [n = 466]:	loss = 0.018  exp loss = 0.016  adjusted loss = 0.016  adv prob = 0.250000   acc = 0.994
  waterbird_complete50 = 1, forest2water2 = 0  [n = 134]:	loss = 2.182  exp loss = 2.483  adjusted loss = 2.483  adv prob = 0.250000   acc = 0.634
  waterbird_complete50 = 1, forest2water2 = 1  [n = 134]:	loss = 1.794  exp loss = 1.791  adjusted loss = 1.791  adv prob = 0.250000   acc = 0.679
Current lr: 0.000010
Current validation accuracy: 0.6343283653259277


Epoch [278]:
Training:
Average incurred loss: 0.086  
Average sample loss: 0.149  
Average acc: 0.973  
  waterbird_complete50 = 0, forest2water2 = 0  [n = 56]:	loss = 0.000  exp loss = 0.000  adjusted loss = 0.000  adv prob = 0.250000   acc = 1.000
  waterbird_complete50 = 0, forest2water2 = 1  [n = 55]:	loss = 0.000  exp loss = 0.000  adjusted loss = 0.000  adv prob = 0.250000   acc = 1.000
  waterbird_complete50 = 1, forest2water2 = 0  [n = 53]:	loss = 0.251  exp loss = 0.175  adjusted loss = 0.175  adv prob = 0.250000   acc = 0.925
  waterbird_complete50 = 1, forest2water2 = 1  [n = 60]:	loss = 0.099  exp loss = 0.072  adjusted loss = 0.072  adv prob = 0.250000   acc = 0.967

Validation:
Average incurred loss: 0.463  
Average sample loss: 0.456  
Average acc: 0.918  
  waterbird_complete50 = 0, forest2water2 = 0  [n = 465]:	loss = 0.001  exp loss = 0.001  adjusted loss = 0.001  adv prob = 0.250000   acc = 1.000
  waterbird_complete50 = 0, forest2water2 = 1  [n = 466]:	loss = 0.017  exp loss = 0.015  adjusted loss = 0.015  adv prob = 0.250000   acc = 0.994
  waterbird_complete50 = 1, forest2water2 = 0  [n = 134]:	loss = 2.220  exp loss = 2.542  adjusted loss = 2.542  adv prob = 0.250000   acc = 0.634
  waterbird_complete50 = 1, forest2water2 = 1  [n = 134]:	loss = 1.858  exp loss = 1.850  adjusted loss = 1.850  adv prob = 0.250000   acc = 0.657
Current lr: 0.000010
Current validation accuracy: 0.6343283653259277


Epoch [279]:
Training:
Average incurred loss: 0.014  
Average sample loss: 0.012  
Average acc: 0.991  
  waterbird_complete50 = 0, forest2water2 = 0  [n = 53]:	loss = 0.000  exp loss = 0.000  adjusted loss = 0.000  adv prob = 0.250000   acc = 1.000
  waterbird_complete50 = 0, forest2water2 = 1  [n = 60]:	loss = 0.000  exp loss = 0.000  adjusted loss = 0.000  adv prob = 0.250000   acc = 1.000
  waterbird_complete50 = 1, forest2water2 = 0  [n = 52]:	loss = 0.019  exp loss = 0.123  adjusted loss = 0.123  adv prob = 0.250000   acc = 1.000
  waterbird_complete50 = 1, forest2water2 = 1  [n = 59]:	loss = 0.036  exp loss = 0.056  adjusted loss = 0.056  adv prob = 0.250000   acc = 0.966

Validation:
Average incurred loss: 0.436  
Average sample loss: 0.430  
Average acc: 0.922  
  waterbird_complete50 = 0, forest2water2 = 0  [n = 465]:	loss = 0.002  exp loss = 0.001  adjusted loss = 0.001  adv prob = 0.250000   acc = 0.998
  waterbird_complete50 = 0, forest2water2 = 1  [n = 466]:	loss = 0.019  exp loss = 0.017  adjusted loss = 0.017  adv prob = 0.250000   acc = 0.994
  waterbird_complete50 = 1, forest2water2 = 0  [n = 134]:	loss = 2.106  exp loss = 2.388  adjusted loss = 2.388  adv prob = 0.250000   acc = 0.642
  waterbird_complete50 = 1, forest2water2 = 1  [n = 134]:	loss = 1.722  exp loss = 1.716  adjusted loss = 1.716  adv prob = 0.250000   acc = 0.687
Current lr: 0.000010
Current validation accuracy: 0.6417911052703857


Epoch [280]:
Training:
Average incurred loss: 0.020  
Average sample loss: 0.018  
Average acc: 0.996  
  waterbird_complete50 = 0, forest2water2 = 0  [n = 52]:	loss = 0.000  exp loss = 0.000  adjusted loss = 0.000  adv prob = 0.250000   acc = 1.000
  waterbird_complete50 = 0, forest2water2 = 1  [n = 56]:	loss = 0.000  exp loss = 0.000  adjusted loss = 0.000  adv prob = 0.250000   acc = 1.000
  waterbird_complete50 = 1, forest2water2 = 0  [n = 66]:	loss = 0.049  exp loss = 0.092  adjusted loss = 0.092  adv prob = 0.250000   acc = 0.985
  waterbird_complete50 = 1, forest2water2 = 1  [n = 50]:	loss = 0.027  exp loss = 0.046  adjusted loss = 0.046  adv prob = 0.250000   acc = 1.000

Validation:
Average incurred loss: 0.436  
Average sample loss: 0.430  
Average acc: 0.922  
  waterbird_complete50 = 0, forest2water2 = 0  [n = 465]:	loss = 0.002  exp loss = 0.001  adjusted loss = 0.001  adv prob = 0.250000   acc = 0.998
  waterbird_complete50 = 0, forest2water2 = 1  [n = 466]:	loss = 0.018  exp loss = 0.016  adjusted loss = 0.016  adv prob = 0.250000   acc = 0.994
  waterbird_complete50 = 1, forest2water2 = 0  [n = 134]:	loss = 2.105  exp loss = 2.372  adjusted loss = 2.372  adv prob = 0.250000   acc = 0.642
  waterbird_complete50 = 1, forest2water2 = 1  [n = 134]:	loss = 1.728  exp loss = 1.709  adjusted loss = 1.709  adv prob = 0.250000   acc = 0.687
Current lr: 0.000010
Current validation accuracy: 0.6417911052703857


Epoch [281]:
Training:
Average incurred loss: 0.004  
Average sample loss: 0.003  
Average acc: 1.000  
  waterbird_complete50 = 0, forest2water2 = 0  [n = 61]:	loss = 0.000  exp loss = 0.000  adjusted loss = 0.000  adv prob = 0.250000   acc = 1.000
  waterbird_complete50 = 0, forest2water2 = 1  [n = 55]:	loss = 0.000  exp loss = 0.000  adjusted loss = 0.000  adv prob = 0.250000   acc = 1.000
  waterbird_complete50 = 1, forest2water2 = 0  [n = 59]:	loss = 0.008  exp loss = 0.062  adjusted loss = 0.062  adv prob = 0.250000   acc = 1.000
  waterbird_complete50 = 1, forest2water2 = 1  [n = 49]:	loss = 0.008  exp loss = 0.032  adjusted loss = 0.032  adv prob = 0.250000   acc = 1.000

Validation:
Average incurred loss: 0.403  
Average sample loss: 0.398  
Average acc: 0.926  
  waterbird_complete50 = 0, forest2water2 = 0  [n = 465]:	loss = 0.002  exp loss = 0.001  adjusted loss = 0.001  adv prob = 0.250000   acc = 0.998
  waterbird_complete50 = 0, forest2water2 = 1  [n = 466]:	loss = 0.021  exp loss = 0.019  adjusted loss = 0.019  adv prob = 0.250000   acc = 0.994
  waterbird_complete50 = 1, forest2water2 = 0  [n = 134]:	loss = 1.957  exp loss = 2.183  adjusted loss = 2.183  adv prob = 0.250000   acc = 0.642
  waterbird_complete50 = 1, forest2water2 = 1  [n = 134]:	loss = 1.573  exp loss = 1.562  adjusted loss = 1.562  adv prob = 0.250000   acc = 0.724
Current lr: 0.000010
Current validation accuracy: 0.6417911052703857


Epoch [282]:
Training:
Average incurred loss: 0.033  
Average sample loss: 0.029  
Average acc: 0.991  
  waterbird_complete50 = 0, forest2water2 = 0  [n = 59]:	loss = 0.000  exp loss = 0.000  adjusted loss = 0.000  adv prob = 0.250000   acc = 1.000
  waterbird_complete50 = 0, forest2water2 = 1  [n = 57]:	loss = 0.000  exp loss = 0.000  adjusted loss = 0.000  adv prob = 0.250000   acc = 1.000
  waterbird_complete50 = 1, forest2water2 = 0  [n = 59]:	loss = 0.065  exp loss = 0.055  adjusted loss = 0.055  adv prob = 0.250000   acc = 0.983
  waterbird_complete50 = 1, forest2water2 = 1  [n = 49]:	loss = 0.072  exp loss = 0.036  adjusted loss = 0.036  adv prob = 0.250000   acc = 0.980

Validation:
Average incurred loss: 0.365  
Average sample loss: 0.360  
Average acc: 0.932  
  waterbird_complete50 = 0, forest2water2 = 0  [n = 465]:	loss = 0.003  exp loss = 0.002  adjusted loss = 0.002  adv prob = 0.250000   acc = 0.998
  waterbird_complete50 = 0, forest2water2 = 1  [n = 466]:	loss = 0.027  exp loss = 0.024  adjusted loss = 0.024  adv prob = 0.250000   acc = 0.994
  waterbird_complete50 = 1, forest2water2 = 0  [n = 134]:	loss = 1.753  exp loss = 1.923  adjusted loss = 1.923  adv prob = 0.250000   acc = 0.694
  waterbird_complete50 = 1, forest2water2 = 1  [n = 134]:	loss = 1.406  exp loss = 1.407  adjusted loss = 1.407  adv prob = 0.250000   acc = 0.731
Current lr: 0.000010
Current validation accuracy: 0.6940298080444336


Epoch [283]:
Training:
Average incurred loss: 0.071  
Average sample loss: 0.068  
Average acc: 0.973  
  waterbird_complete50 = 0, forest2water2 = 0  [n = 47]:	loss = 0.000  exp loss = 0.000  adjusted loss = 0.000  adv prob = 0.250000   acc = 1.000
  waterbird_complete50 = 0, forest2water2 = 1  [n = 55]:	loss = 0.000  exp loss = 0.000  adjusted loss = 0.000  adv prob = 0.250000   acc = 1.000
  waterbird_complete50 = 1, forest2water2 = 0  [n = 65]:	loss = 0.184  exp loss = 0.096  adjusted loss = 0.096  adv prob = 0.250000   acc = 0.923
  waterbird_complete50 = 1, forest2water2 = 1  [n = 57]:	loss = 0.069  exp loss = 0.044  adjusted loss = 0.044  adv prob = 0.250000   acc = 0.982

Validation:
Average incurred loss: 0.420  
Average sample loss: 0.414  
Average acc: 0.926  
  waterbird_complete50 = 0, forest2water2 = 0  [n = 465]:	loss = 0.001  exp loss = 0.001  adjusted loss = 0.001  adv prob = 0.250000   acc = 1.000
  waterbird_complete50 = 0, forest2water2 = 1  [n = 466]:	loss = 0.019  exp loss = 0.017  adjusted loss = 0.017  adv prob = 0.250000   acc = 0.994
  waterbird_complete50 = 1, forest2water2 = 0  [n = 134]:	loss = 2.032  exp loss = 2.266  adjusted loss = 2.266  adv prob = 0.250000   acc = 0.642
  waterbird_complete50 = 1, forest2water2 = 1  [n = 134]:	loss = 1.656  exp loss = 1.642  adjusted loss = 1.642  adv prob = 0.250000   acc = 0.716
Current lr: 0.000010
Current validation accuracy: 0.6417911052703857


Epoch [284]:
Training:
Average incurred loss: 0.007  
Average sample loss: 0.007  
Average acc: 1.000  
  waterbird_complete50 = 0, forest2water2 = 0  [n = 46]:	loss = 0.000  exp loss = 0.000  adjusted loss = 0.000  adv prob = 0.250000   acc = 1.000
  waterbird_complete50 = 0, forest2water2 = 1  [n = 64]:	loss = 0.000  exp loss = 0.000  adjusted loss = 0.000  adv prob = 0.250000   acc = 1.000
  waterbird_complete50 = 1, forest2water2 = 0  [n = 63]:	loss = 0.019  exp loss = 0.068  adjusted loss = 0.068  adv prob = 0.250000   acc = 1.000
  waterbird_complete50 = 1, forest2water2 = 1  [n = 51]:	loss = 0.008  exp loss = 0.031  adjusted loss = 0.031  adv prob = 0.250000   acc = 1.000

Validation:
Average incurred loss: 0.415  
Average sample loss: 0.409  
Average acc: 0.926  
  waterbird_complete50 = 0, forest2water2 = 0  [n = 465]:	loss = 0.001  exp loss = 0.001  adjusted loss = 0.001  adv prob = 0.250000   acc = 1.000
  waterbird_complete50 = 0, forest2water2 = 1  [n = 466]:	loss = 0.019  exp loss = 0.017  adjusted loss = 0.017  adv prob = 0.250000   acc = 0.994
  waterbird_complete50 = 1, forest2water2 = 0  [n = 134]:	loss = 2.016  exp loss = 2.248  adjusted loss = 2.248  adv prob = 0.250000   acc = 0.642
  waterbird_complete50 = 1, forest2water2 = 1  [n = 134]:	loss = 1.631  exp loss = 1.619  adjusted loss = 1.619  adv prob = 0.250000   acc = 0.716
Current lr: 0.000010
Current validation accuracy: 0.6417911052703857


Epoch [285]:
Training:
Average incurred loss: 0.012  
Average sample loss: 0.011  
Average acc: 1.000  
  waterbird_complete50 = 0, forest2water2 = 0  [n = 53]:	loss = 0.000  exp loss = 0.000  adjusted loss = 0.000  adv prob = 0.250000   acc = 1.000
  waterbird_complete50 = 0, forest2water2 = 1  [n = 61]:	loss = 0.000  exp loss = 0.000  adjusted loss = 0.000  adv prob = 0.250000   acc = 1.000
  waterbird_complete50 = 1, forest2water2 = 0  [n = 54]:	loss = 0.014  exp loss = 0.049  adjusted loss = 0.049  adv prob = 0.250000   acc = 1.000
  waterbird_complete50 = 1, forest2water2 = 1  [n = 56]:	loss = 0.033  exp loss = 0.028  adjusted loss = 0.028  adv prob = 0.250000   acc = 1.000

Validation:
Average incurred loss: 0.413  
Average sample loss: 0.407  
Average acc: 0.926  
  waterbird_complete50 = 0, forest2water2 = 0  [n = 465]:	loss = 0.001  exp loss = 0.001  adjusted loss = 0.001  adv prob = 0.250000   acc = 1.000
  waterbird_complete50 = 0, forest2water2 = 1  [n = 466]:	loss = 0.020  exp loss = 0.018  adjusted loss = 0.018  adv prob = 0.250000   acc = 0.994
  waterbird_complete50 = 1, forest2water2 = 0  [n = 134]:	loss = 2.002  exp loss = 2.240  adjusted loss = 2.240  adv prob = 0.250000   acc = 0.642
  waterbird_complete50 = 1, forest2water2 = 1  [n = 134]:	loss = 1.622  exp loss = 1.614  adjusted loss = 1.614  adv prob = 0.250000   acc = 0.716
Current lr: 0.000010
Current validation accuracy: 0.6417911052703857


Epoch [286]:
Training:
Average incurred loss: 0.011  
Average sample loss: 0.017  
Average acc: 1.000  
  waterbird_complete50 = 0, forest2water2 = 0  [n = 58]:	loss = 0.000  exp loss = 0.000  adjusted loss = 0.000  adv prob = 0.250000   acc = 1.000
  waterbird_complete50 = 0, forest2water2 = 1  [n = 60]:	loss = 0.000  exp loss = 0.000  adjusted loss = 0.000  adv prob = 0.250000   acc = 1.000
  waterbird_complete50 = 1, forest2water2 = 0  [n = 54]:	loss = 0.017  exp loss = 0.044  adjusted loss = 0.044  adv prob = 0.250000   acc = 1.000
  waterbird_complete50 = 1, forest2water2 = 1  [n = 52]:	loss = 0.030  exp loss = 0.030  adjusted loss = 0.030  adv prob = 0.250000   acc = 1.000

Validation:
Average incurred loss: 0.407  
Average sample loss: 0.401  
Average acc: 0.926  
  waterbird_complete50 = 0, forest2water2 = 0  [n = 465]:	loss = 0.001  exp loss = 0.001  adjusted loss = 0.001  adv prob = 0.250000   acc = 1.000
  waterbird_complete50 = 0, forest2water2 = 1  [n = 466]:	loss = 0.021  exp loss = 0.019  adjusted loss = 0.019  adv prob = 0.250000   acc = 0.994
  waterbird_complete50 = 1, forest2water2 = 0  [n = 134]:	loss = 1.952  exp loss = 2.193  adjusted loss = 2.193  adv prob = 0.250000   acc = 0.642
  waterbird_complete50 = 1, forest2water2 = 1  [n = 134]:	loss = 1.607  exp loss = 1.591  adjusted loss = 1.591  adv prob = 0.250000   acc = 0.716
Current lr: 0.000010
Current validation accuracy: 0.6417911052703857


Epoch [287]:
Training:
Average incurred loss: 0.003  
Average sample loss: 0.002  
Average acc: 1.000  
  waterbird_complete50 = 0, forest2water2 = 0  [n = 62]:	loss = 0.000  exp loss = 0.000  adjusted loss = 0.000  adv prob = 0.250000   acc = 1.000
  waterbird_complete50 = 0, forest2water2 = 1  [n = 60]:	loss = 0.000  exp loss = 0.000  adjusted loss = 0.000  adv prob = 0.250000   acc = 1.000
  waterbird_complete50 = 1, forest2water2 = 0  [n = 46]:	loss = 0.003  exp loss = 0.029  adjusted loss = 0.029  adv prob = 0.250000   acc = 1.000
  waterbird_complete50 = 1, forest2water2 = 1  [n = 56]:	loss = 0.008  exp loss = 0.022  adjusted loss = 0.022  adv prob = 0.250000   acc = 1.000

Validation:
Average incurred loss: 0.360  
Average sample loss: 0.355  
Average acc: 0.936  
  waterbird_complete50 = 0, forest2water2 = 0  [n = 465]:	loss = 0.004  exp loss = 0.002  adjusted loss = 0.002  adv prob = 0.250000   acc = 0.998
  waterbird_complete50 = 0, forest2water2 = 1  [n = 466]:	loss = 0.026  exp loss = 0.024  adjusted loss = 0.024  adv prob = 0.250000   acc = 0.994
  waterbird_complete50 = 1, forest2water2 = 0  [n = 134]:	loss = 1.725  exp loss = 1.913  adjusted loss = 1.913  adv prob = 0.250000   acc = 0.709
  waterbird_complete50 = 1, forest2water2 = 1  [n = 134]:	loss = 1.395  exp loss = 1.391  adjusted loss = 1.391  adv prob = 0.250000   acc = 0.746
Current lr: 0.000010
Current validation accuracy: 0.7089552879333496


Epoch [288]:
Training:
Average incurred loss: 0.014  
Average sample loss: 0.012  
Average acc: 0.991  
  waterbird_complete50 = 0, forest2water2 = 0  [n = 52]:	loss = 0.000  exp loss = 0.000  adjusted loss = 0.000  adv prob = 0.250000   acc = 1.000
  waterbird_complete50 = 0, forest2water2 = 1  [n = 67]:	loss = 0.000  exp loss = 0.000  adjusted loss = 0.000  adv prob = 0.250000   acc = 1.000
  waterbird_complete50 = 1, forest2water2 = 0  [n = 51]:	loss = 0.019  exp loss = 0.023  adjusted loss = 0.023  adv prob = 0.250000   acc = 1.000
  waterbird_complete50 = 1, forest2water2 = 1  [n = 54]:	loss = 0.040  exp loss = 0.023  adjusted loss = 0.023  adv prob = 0.250000   acc = 0.963

Validation:
Average incurred loss: 0.350  
Average sample loss: 0.345  
Average acc: 0.936  
  waterbird_complete50 = 0, forest2water2 = 0  [n = 465]:	loss = 0.004  exp loss = 0.002  adjusted loss = 0.002  adv prob = 0.250000   acc = 0.998
  waterbird_complete50 = 0, forest2water2 = 1  [n = 466]:	loss = 0.028  exp loss = 0.026  adjusted loss = 0.026  adv prob = 0.250000   acc = 0.994
  waterbird_complete50 = 1, forest2water2 = 0  [n = 134]:	loss = 1.680  exp loss = 1.864  adjusted loss = 1.864  adv prob = 0.250000   acc = 0.709
  waterbird_complete50 = 1, forest2water2 = 1  [n = 134]:	loss = 1.342  exp loss = 1.345  adjusted loss = 1.345  adv prob = 0.250000   acc = 0.746
Current lr: 0.000010
Current validation accuracy: 0.7089552879333496


Epoch [289]:
Training:
Average incurred loss: 0.017  
Average sample loss: 0.018  
Average acc: 1.000  
  waterbird_complete50 = 0, forest2water2 = 0  [n = 52]:	loss = 0.000  exp loss = 0.000  adjusted loss = 0.000  adv prob = 0.250000   acc = 1.000
  waterbird_complete50 = 0, forest2water2 = 1  [n = 58]:	loss = 0.000  exp loss = 0.000  adjusted loss = 0.000  adv prob = 0.250000   acc = 1.000
  waterbird_complete50 = 1, forest2water2 = 0  [n = 50]:	loss = 0.043  exp loss = 0.028  adjusted loss = 0.028  adv prob = 0.250000   acc = 1.000
  waterbird_complete50 = 1, forest2water2 = 1  [n = 64]:	loss = 0.027  exp loss = 0.027  adjusted loss = 0.027  adv prob = 0.250000   acc = 1.000

Validation:
Average incurred loss: 0.376  
Average sample loss: 0.371  
Average acc: 0.930  
  waterbird_complete50 = 0, forest2water2 = 0  [n = 465]:	loss = 0.003  exp loss = 0.001  adjusted loss = 0.001  adv prob = 0.250000   acc = 0.998
  waterbird_complete50 = 0, forest2water2 = 1  [n = 466]:	loss = 0.025  exp loss = 0.022  adjusted loss = 0.022  adv prob = 0.250000   acc = 0.994
  waterbird_complete50 = 1, forest2water2 = 0  [n = 134]:	loss = 1.799  exp loss = 2.007  adjusted loss = 2.007  adv prob = 0.250000   acc = 0.679
  waterbird_complete50 = 1, forest2water2 = 1  [n = 134]:	loss = 1.472  exp loss = 1.465  adjusted loss = 1.465  adv prob = 0.250000   acc = 0.724
Current lr: 0.000010
Current validation accuracy: 0.6791044473648071


Epoch [290]:
Training:
Average incurred loss: 0.007  
Average sample loss: 0.007  
Average acc: 1.000  
  waterbird_complete50 = 0, forest2water2 = 0  [n = 63]:	loss = 0.000  exp loss = 0.000  adjusted loss = 0.000  adv prob = 0.250000   acc = 1.000
  waterbird_complete50 = 0, forest2water2 = 1  [n = 50]:	loss = 0.000  exp loss = 0.000  adjusted loss = 0.000  adv prob = 0.250000   acc = 1.000
  waterbird_complete50 = 1, forest2water2 = 0  [n = 61]:	loss = 0.015  exp loss = 0.023  adjusted loss = 0.023  adv prob = 0.250000   acc = 1.000
  waterbird_complete50 = 1, forest2water2 = 1  [n = 50]:	loss = 0.014  exp loss = 0.022  adjusted loss = 0.022  adv prob = 0.250000   acc = 1.000

Validation:
Average incurred loss: 0.382  
Average sample loss: 0.377  
Average acc: 0.930  
  waterbird_complete50 = 0, forest2water2 = 0  [n = 465]:	loss = 0.002  exp loss = 0.001  adjusted loss = 0.001  adv prob = 0.250000   acc = 0.998
  waterbird_complete50 = 0, forest2water2 = 1  [n = 466]:	loss = 0.024  exp loss = 0.022  adjusted loss = 0.022  adv prob = 0.250000   acc = 0.994
  waterbird_complete50 = 1, forest2water2 = 0  [n = 134]:	loss = 1.842  exp loss = 2.064  adjusted loss = 2.064  adv prob = 0.250000   acc = 0.672
  waterbird_complete50 = 1, forest2water2 = 1  [n = 134]:	loss = 1.484  exp loss = 1.477  adjusted loss = 1.477  adv prob = 0.250000   acc = 0.731
Current lr: 0.000010
Current validation accuracy: 0.6716418266296387


Epoch [291]:
Training:
Average incurred loss: 0.004  
Average sample loss: 0.006  
Average acc: 1.000  
  waterbird_complete50 = 0, forest2water2 = 0  [n = 49]:	loss = 0.000  exp loss = 0.000  adjusted loss = 0.000  adv prob = 0.250000   acc = 1.000
  waterbird_complete50 = 0, forest2water2 = 1  [n = 73]:	loss = 0.000  exp loss = 0.000  adjusted loss = 0.000  adv prob = 0.250000   acc = 1.000
  waterbird_complete50 = 1, forest2water2 = 0  [n = 52]:	loss = 0.014  exp loss = 0.021  adjusted loss = 0.021  adv prob = 0.250000   acc = 1.000
  waterbird_complete50 = 1, forest2water2 = 1  [n = 50]:	loss = 0.004  exp loss = 0.016  adjusted loss = 0.016  adv prob = 0.250000   acc = 1.000

Validation:
Average incurred loss: 0.368  
Average sample loss: 0.363  
Average acc: 0.932  
  waterbird_complete50 = 0, forest2water2 = 0  [n = 465]:	loss = 0.003  exp loss = 0.001  adjusted loss = 0.001  adv prob = 0.250000   acc = 0.998
  waterbird_complete50 = 0, forest2water2 = 1  [n = 466]:	loss = 0.024  exp loss = 0.022  adjusted loss = 0.022  adv prob = 0.250000   acc = 0.994
  waterbird_complete50 = 1, forest2water2 = 0  [n = 134]:	loss = 1.780  exp loss = 1.984  adjusted loss = 1.984  adv prob = 0.250000   acc = 0.694
  waterbird_complete50 = 1, forest2water2 = 1  [n = 134]:	loss = 1.417  exp loss = 1.412  adjusted loss = 1.412  adv prob = 0.250000   acc = 0.731
Current lr: 0.000010
Current validation accuracy: 0.6940298080444336


Epoch [292]:
Training:
Average incurred loss: 0.010  
Average sample loss: 0.010  
Average acc: 1.000  
  waterbird_complete50 = 0, forest2water2 = 0  [n = 59]:	loss = 0.000  exp loss = 0.000  adjusted loss = 0.000  adv prob = 0.250000   acc = 1.000
  waterbird_complete50 = 0, forest2water2 = 1  [n = 52]:	loss = 0.000  exp loss = 0.000  adjusted loss = 0.000  adv prob = 0.250000   acc = 1.000
  waterbird_complete50 = 1, forest2water2 = 0  [n = 61]:	loss = 0.027  exp loss = 0.022  adjusted loss = 0.022  adv prob = 0.250000   acc = 1.000
  waterbird_complete50 = 1, forest2water2 = 1  [n = 52]:	loss = 0.013  exp loss = 0.014  adjusted loss = 0.014  adv prob = 0.250000   acc = 1.000

Validation:
Average incurred loss: 0.380  
Average sample loss: 0.375  
Average acc: 0.930  
  waterbird_complete50 = 0, forest2water2 = 0  [n = 465]:	loss = 0.003  exp loss = 0.001  adjusted loss = 0.001  adv prob = 0.250000   acc = 0.998
  waterbird_complete50 = 0, forest2water2 = 1  [n = 466]:	loss = 0.024  exp loss = 0.021  adjusted loss = 0.021  adv prob = 0.250000   acc = 0.994
  waterbird_complete50 = 1, forest2water2 = 0  [n = 134]:	loss = 1.835  exp loss = 2.046  adjusted loss = 2.046  adv prob = 0.250000   acc = 0.672
  waterbird_complete50 = 1, forest2water2 = 1  [n = 134]:	loss = 1.475  exp loss = 1.464  adjusted loss = 1.464  adv prob = 0.250000   acc = 0.731
Current lr: 0.000010
Current validation accuracy: 0.6716418266296387


Epoch [293]:
Training:
Average incurred loss: 0.035  
Average sample loss: 0.045  
Average acc: 0.982  
  waterbird_complete50 = 0, forest2water2 = 0  [n = 48]:	loss = 0.000  exp loss = 0.000  adjusted loss = 0.000  adv prob = 0.250000   acc = 1.000
  waterbird_complete50 = 0, forest2water2 = 1  [n = 59]:	loss = 0.000  exp loss = 0.000  adjusted loss = 0.000  adv prob = 0.250000   acc = 1.000
  waterbird_complete50 = 1, forest2water2 = 0  [n = 57]:	loss = 0.094  exp loss = 0.051  adjusted loss = 0.051  adv prob = 0.250000   acc = 0.930
  waterbird_complete50 = 1, forest2water2 = 1  [n = 60]:	loss = 0.043  exp loss = 0.023  adjusted loss = 0.023  adv prob = 0.250000   acc = 1.000

Validation:
Average incurred loss: 0.403  
Average sample loss: 0.398  
Average acc: 0.926  
  waterbird_complete50 = 0, forest2water2 = 0  [n = 465]:	loss = 0.002  exp loss = 0.001  adjusted loss = 0.001  adv prob = 0.250000   acc = 0.998
  waterbird_complete50 = 0, forest2water2 = 1  [n = 466]:	loss = 0.020  exp loss = 0.018  adjusted loss = 0.018  adv prob = 0.250000   acc = 0.994
  waterbird_complete50 = 1, forest2water2 = 0  [n = 134]:	loss = 1.948  exp loss = 2.202  adjusted loss = 2.202  adv prob = 0.250000   acc = 0.649
  waterbird_complete50 = 1, forest2water2 = 1  [n = 134]:	loss = 1.584  exp loss = 1.565  adjusted loss = 1.565  adv prob = 0.250000   acc = 0.716
Current lr: 0.000010
Current validation accuracy: 0.6492537260055542


Epoch [294]:
Training:
Average incurred loss: 0.001  
Average sample loss: 0.001  
Average acc: 1.000  
  waterbird_complete50 = 0, forest2water2 = 0  [n = 62]:	loss = 0.000  exp loss = 0.000  adjusted loss = 0.000  adv prob = 0.250000   acc = 1.000
  waterbird_complete50 = 0, forest2water2 = 1  [n = 70]:	loss = 0.000  exp loss = 0.000  adjusted loss = 0.000  adv prob = 0.250000   acc = 1.000
  waterbird_complete50 = 1, forest2water2 = 0  [n = 51]:	loss = 0.002  exp loss = 0.034  adjusted loss = 0.034  adv prob = 0.250000   acc = 1.000
  waterbird_complete50 = 1, forest2water2 = 1  [n = 41]:	loss = 0.001  exp loss = 0.015  adjusted loss = 0.015  adv prob = 0.250000   acc = 1.000

Validation:
Average incurred loss: 0.347  
Average sample loss: 0.342  
Average acc: 0.936  
  waterbird_complete50 = 0, forest2water2 = 0  [n = 465]:	loss = 0.004  exp loss = 0.002  adjusted loss = 0.002  adv prob = 0.250000   acc = 0.998
  waterbird_complete50 = 0, forest2water2 = 1  [n = 466]:	loss = 0.028  exp loss = 0.025  adjusted loss = 0.025  adv prob = 0.250000   acc = 0.994
  waterbird_complete50 = 1, forest2water2 = 0  [n = 134]:	loss = 1.669  exp loss = 1.855  adjusted loss = 1.855  adv prob = 0.250000   acc = 0.709
  waterbird_complete50 = 1, forest2water2 = 1  [n = 134]:	loss = 1.326  exp loss = 1.322  adjusted loss = 1.322  adv prob = 0.250000   acc = 0.746
Current lr: 0.000010
Current validation accuracy: 0.7089552879333496


Epoch [295]:
Training:
Average incurred loss: 0.006  
Average sample loss: 0.007  
Average acc: 1.000  
  waterbird_complete50 = 0, forest2water2 = 0  [n = 60]:	loss = 0.000  exp loss = 0.000  adjusted loss = 0.000  adv prob = 0.250000   acc = 1.000
  waterbird_complete50 = 0, forest2water2 = 1  [n = 49]:	loss = 0.000  exp loss = 0.000  adjusted loss = 0.000  adv prob = 0.250000   acc = 1.000
  waterbird_complete50 = 1, forest2water2 = 0  [n = 52]:	loss = 0.012  exp loss = 0.027  adjusted loss = 0.027  adv prob = 0.250000   acc = 1.000
  waterbird_complete50 = 1, forest2water2 = 1  [n = 63]:	loss = 0.012  exp loss = 0.014  adjusted loss = 0.014  adv prob = 0.250000   acc = 1.000

Validation:
Average incurred loss: 0.371  
Average sample loss: 0.366  
Average acc: 0.931  
  waterbird_complete50 = 0, forest2water2 = 0  [n = 465]:	loss = 0.003  exp loss = 0.002  adjusted loss = 0.002  adv prob = 0.250000   acc = 0.998
  waterbird_complete50 = 0, forest2water2 = 1  [n = 466]:	loss = 0.023  exp loss = 0.020  adjusted loss = 0.020  adv prob = 0.250000   acc = 0.994
  waterbird_complete50 = 1, forest2water2 = 0  [n = 134]:	loss = 1.793  exp loss = 2.007  adjusted loss = 2.007  adv prob = 0.250000   acc = 0.687
  waterbird_complete50 = 1, forest2water2 = 1  [n = 134]:	loss = 1.439  exp loss = 1.427  adjusted loss = 1.427  adv prob = 0.250000   acc = 0.724
Current lr: 0.000010
Current validation accuracy: 0.6865670680999756


Epoch [296]:
Training:
Average incurred loss: 0.019  
Average sample loss: 0.016  
Average acc: 0.996  
  waterbird_complete50 = 0, forest2water2 = 0  [n = 56]:	loss = 0.000  exp loss = 0.000  adjusted loss = 0.000  adv prob = 0.250000   acc = 1.000
  waterbird_complete50 = 0, forest2water2 = 1  [n = 60]:	loss = 0.000  exp loss = 0.000  adjusted loss = 0.000  adv prob = 0.250000   acc = 1.000
  waterbird_complete50 = 1, forest2water2 = 0  [n = 61]:	loss = 0.062  exp loss = 0.035  adjusted loss = 0.035  adv prob = 0.250000   acc = 0.984
  waterbird_complete50 = 1, forest2water2 = 1  [n = 47]:	loss = 0.008  exp loss = 0.012  adjusted loss = 0.012  adv prob = 0.250000   acc = 1.000

Validation:
Average incurred loss: 0.367  
Average sample loss: 0.362  
Average acc: 0.931  
  waterbird_complete50 = 0, forest2water2 = 0  [n = 465]:	loss = 0.003  exp loss = 0.002  adjusted loss = 0.002  adv prob = 0.250000   acc = 0.998
  waterbird_complete50 = 0, forest2water2 = 1  [n = 466]:	loss = 0.025  exp loss = 0.022  adjusted loss = 0.022  adv prob = 0.250000   acc = 0.994
  waterbird_complete50 = 1, forest2water2 = 0  [n = 134]:	loss = 1.756  exp loss = 1.953  adjusted loss = 1.953  adv prob = 0.250000   acc = 0.679
  waterbird_complete50 = 1, forest2water2 = 1  [n = 134]:	loss = 1.431  exp loss = 1.420  adjusted loss = 1.420  adv prob = 0.250000   acc = 0.731
Current lr: 0.000010
Current validation accuracy: 0.6791044473648071


Epoch [297]:
Training:
Average incurred loss: 0.002  
Average sample loss: 0.002  
Average acc: 1.000  
  waterbird_complete50 = 0, forest2water2 = 0  [n = 58]:	loss = 0.000  exp loss = 0.000  adjusted loss = 0.000  adv prob = 0.250000   acc = 1.000
  waterbird_complete50 = 0, forest2water2 = 1  [n = 58]:	loss = 0.000  exp loss = 0.000  adjusted loss = 0.000  adv prob = 0.250000   acc = 1.000
  waterbird_complete50 = 1, forest2water2 = 0  [n = 61]:	loss = 0.004  exp loss = 0.025  adjusted loss = 0.025  adv prob = 0.250000   acc = 1.000
  waterbird_complete50 = 1, forest2water2 = 1  [n = 47]:	loss = 0.003  exp loss = 0.009  adjusted loss = 0.009  adv prob = 0.250000   acc = 1.000

Validation:
Average incurred loss: 0.362  
Average sample loss: 0.357  
Average acc: 0.935  
  waterbird_complete50 = 0, forest2water2 = 0  [n = 465]:	loss = 0.004  exp loss = 0.002  adjusted loss = 0.002  adv prob = 0.250000   acc = 0.998
  waterbird_complete50 = 0, forest2water2 = 1  [n = 466]:	loss = 0.027  exp loss = 0.024  adjusted loss = 0.024  adv prob = 0.250000   acc = 0.994
  waterbird_complete50 = 1, forest2water2 = 0  [n = 134]:	loss = 1.742  exp loss = 1.925  adjusted loss = 1.925  adv prob = 0.250000   acc = 0.701
  waterbird_complete50 = 1, forest2water2 = 1  [n = 134]:	loss = 1.389  exp loss = 1.386  adjusted loss = 1.386  adv prob = 0.250000   acc = 0.746
Current lr: 0.000010
Current validation accuracy: 0.7014925479888916


Epoch [298]:
Training:
Average incurred loss: 0.025  
Average sample loss: 0.029  
Average acc: 0.996  
  waterbird_complete50 = 0, forest2water2 = 0  [n = 52]:	loss = 0.000  exp loss = 0.000  adjusted loss = 0.000  adv prob = 0.250000   acc = 1.000
  waterbird_complete50 = 0, forest2water2 = 1  [n = 48]:	loss = 0.000  exp loss = 0.000  adjusted loss = 0.000  adv prob = 0.250000   acc = 1.000
  waterbird_complete50 = 1, forest2water2 = 0  [n = 57]:	loss = 0.062  exp loss = 0.043  adjusted loss = 0.043  adv prob = 0.250000   acc = 0.982
  waterbird_complete50 = 1, forest2water2 = 1  [n = 67]:	loss = 0.032  exp loss = 0.017  adjusted loss = 0.017  adv prob = 0.250000   acc = 1.000

Validation:
Average incurred loss: 0.403  
Average sample loss: 0.397  
Average acc: 0.925  
  waterbird_complete50 = 0, forest2water2 = 0  [n = 465]:	loss = 0.002  exp loss = 0.001  adjusted loss = 0.001  adv prob = 0.250000   acc = 0.998
  waterbird_complete50 = 0, forest2water2 = 1  [n = 466]:	loss = 0.021  exp loss = 0.018  adjusted loss = 0.018  adv prob = 0.250000   acc = 0.994
  waterbird_complete50 = 1, forest2water2 = 0  [n = 134]:	loss = 1.959  exp loss = 2.217  adjusted loss = 2.217  adv prob = 0.250000   acc = 0.649
  waterbird_complete50 = 1, forest2water2 = 1  [n = 134]:	loss = 1.568  exp loss = 1.557  adjusted loss = 1.557  adv prob = 0.250000   acc = 0.709
Current lr: 0.000010
Current validation accuracy: 0.6492537260055542


Epoch [299]:
Training:
Average incurred loss: 0.008  
Average sample loss: 0.008  
Average acc: 1.000  
  waterbird_complete50 = 0, forest2water2 = 0  [n = 58]:	loss = 0.000  exp loss = 0.000  adjusted loss = 0.000  adv prob = 0.250000   acc = 1.000
  waterbird_complete50 = 0, forest2water2 = 1  [n = 53]:	loss = 0.000  exp loss = 0.000  adjusted loss = 0.000  adv prob = 0.250000   acc = 1.000
  waterbird_complete50 = 1, forest2water2 = 0  [n = 55]:	loss = 0.010  exp loss = 0.031  adjusted loss = 0.031  adv prob = 0.250000   acc = 1.000
  waterbird_complete50 = 1, forest2water2 = 1  [n = 58]:	loss = 0.023  exp loss = 0.017  adjusted loss = 0.017  adv prob = 0.250000   acc = 1.000

Validation:
Average incurred loss: 0.403  
Average sample loss: 0.397  
Average acc: 0.927  
  waterbird_complete50 = 0, forest2water2 = 0  [n = 465]:	loss = 0.001  exp loss = 0.001  adjusted loss = 0.001  adv prob = 0.250000   acc = 1.000
  waterbird_complete50 = 0, forest2water2 = 1  [n = 466]:	loss = 0.022  exp loss = 0.019  adjusted loss = 0.019  adv prob = 0.250000   acc = 0.994
  waterbird_complete50 = 1, forest2water2 = 0  [n = 134]:	loss = 1.949  exp loss = 2.201  adjusted loss = 2.201  adv prob = 0.250000   acc = 0.649
  waterbird_complete50 = 1, forest2water2 = 1  [n = 134]:	loss = 1.574  exp loss = 1.565  adjusted loss = 1.565  adv prob = 0.250000   acc = 0.716
Current lr: 0.000010
Current validation accuracy: 0.6492537260055542


Epoch [300]:
Training:
Average incurred loss: 0.028  
Average sample loss: 0.032  
Average acc: 0.991  
  waterbird_complete50 = 0, forest2water2 = 0  [n = 52]:	loss = 0.000  exp loss = 0.000  adjusted loss = 0.000  adv prob = 0.250000   acc = 1.000
  waterbird_complete50 = 0, forest2water2 = 1  [n = 50]:	loss = 0.000  exp loss = 0.000  adjusted loss = 0.000  adv prob = 0.250000   acc = 1.000
  waterbird_complete50 = 1, forest2water2 = 0  [n = 66]:	loss = 0.073  exp loss = 0.050  adjusted loss = 0.050  adv prob = 0.250000   acc = 0.970
  waterbird_complete50 = 1, forest2water2 = 1  [n = 56]:	loss = 0.026  exp loss = 0.019  adjusted loss = 0.019  adv prob = 0.250000   acc = 1.000

Validation:
Average incurred loss: 0.438  
Average sample loss: 0.432  
Average acc: 0.922  
  waterbird_complete50 = 0, forest2water2 = 0  [n = 465]:	loss = 0.001  exp loss = 0.001  adjusted loss = 0.001  adv prob = 0.250000   acc = 1.000
  waterbird_complete50 = 0, forest2water2 = 1  [n = 466]:	loss = 0.018  exp loss = 0.016  adjusted loss = 0.016  adv prob = 0.250000   acc = 0.994
  waterbird_complete50 = 1, forest2water2 = 0  [n = 134]:	loss = 2.116  exp loss = 2.409  adjusted loss = 2.409  adv prob = 0.250000   acc = 0.627
  waterbird_complete50 = 1, forest2water2 = 1  [n = 134]:	loss = 1.733  exp loss = 1.710  adjusted loss = 1.710  adv prob = 0.250000   acc = 0.694
Current lr: 0.000010
Current validation accuracy: 0.6268656253814697

Total Experiment Time: 14474.9s
Finished with job 861 (seed=222)
