Dataset: CUB
Shift type: confounder
Wandb: False
Project name: spurious
Target name: waterbird_complete50
Confounder names: ['forest2water2']
Up weight: 0
Resume: False
Finetune: True
Normalize: False
Recalculate groups: False
Unfreeze: 0
Restart layers: 0
Minority fraction: None
Imbalance ratio: None
Fraction: 0.047
Root dir: ../datasets
Reweight groups: True
Augment data: False
Val fraction: 0.1
Loss type: erm
Alpha: 0.2
Generalization adjustment: 0.0
Sv dropout: 0.0
Automatic adjustment: False
Robust step size: 0.01
Joint dro alpha: 1
Use normalized loss: False
Btl: False
Hinge: False
Model: resnet50
Train from scratch: False
Pretrained path: pretrained_models/CUB/erm_625_111.pth
N epochs: 301
Batch size: 64
Lr: 1e-05
Scheduler: False
L1: 0.0
Weight decay: 1.0
Gamma: 0.1
Minimum variational weight: 0
Seed: 111
Accum: 1
Show progress: False
Log dir: results/CUB/erm_dfr_rw_625/model_outputs_111
Log every: 50
Save step: 10
Save best: True
Save last: True
Use bert params: 1
Num folds per sweep: 5
Num sweeps: 4
Q: 0.7
Metadata csv name: metadata.csv
Fold: None
Metadata path: None
Aug col: None

Reading '../datasets/waterbird_complete50_forest2water2/metadata.csv'
Training Data...
    waterbird_complete50 = 0, forest2water2 = 0: n = 89
    waterbird_complete50 = 0, forest2water2 = 1: n = 81
    waterbird_complete50 = 1, forest2water2 = 0: n = 24
    waterbird_complete50 = 1, forest2water2 = 1: n = 31
Validation Data...
    waterbird_complete50 = 0, forest2water2 = 0: n = 465
    waterbird_complete50 = 0, forest2water2 = 1: n = 466
    waterbird_complete50 = 1, forest2water2 = 0: n = 134
    waterbird_complete50 = 1, forest2water2 = 1: n = 134
Test Data...
    waterbird_complete50 = 0, forest2water2 = 0: n = 2255
    waterbird_complete50 = 0, forest2water2 = 1: n = 2255
    waterbird_complete50 = 1, forest2water2 = 0: n = 642
    waterbird_complete50 = 1, forest2water2 = 1: n = 642
Training
Downloading: "https://download.pytorch.org/models/resnet50-0676ba61.pth" to /home/araymond/.cache/torch/hub/checkpoints/resnet50-0676ba61.pth
Loading pretrained model from: pretrained_models/CUB/erm_625_111.pth
conv1.weight False
bn1.weight False
bn1.bias False
layer1.0.conv1.weight False
layer1.0.bn1.weight False
layer1.0.bn1.bias False
layer1.0.conv2.weight False
layer1.0.bn2.weight False
layer1.0.bn2.bias False
layer1.0.conv3.weight False
layer1.0.bn3.weight False
layer1.0.bn3.bias False
layer1.0.downsample.0.weight False
layer1.0.downsample.1.weight False
layer1.0.downsample.1.bias False
layer1.1.conv1.weight False
layer1.1.bn1.weight False
layer1.1.bn1.bias False
layer1.1.conv2.weight False
layer1.1.bn2.weight False
layer1.1.bn2.bias False
layer1.1.conv3.weight False
layer1.1.bn3.weight False
layer1.1.bn3.bias False
layer1.2.conv1.weight False
layer1.2.bn1.weight False
layer1.2.bn1.bias False
layer1.2.conv2.weight False
layer1.2.bn2.weight False
layer1.2.bn2.bias False
layer1.2.conv3.weight False
layer1.2.bn3.weight False
layer1.2.bn3.bias False
layer2.0.conv1.weight False
layer2.0.bn1.weight False
layer2.0.bn1.bias False
layer2.0.conv2.weight False
layer2.0.bn2.weight False
layer2.0.bn2.bias False
layer2.0.conv3.weight False
layer2.0.bn3.weight False
layer2.0.bn3.bias False
layer2.0.downsample.0.weight False
layer2.0.downsample.1.weight False
layer2.0.downsample.1.bias False
layer2.1.conv1.weight False
layer2.1.bn1.weight False
layer2.1.bn1.bias False
layer2.1.conv2.weight False
layer2.1.bn2.weight False
layer2.1.bn2.bias False
layer2.1.conv3.weight False
layer2.1.bn3.weight False
layer2.1.bn3.bias False
layer2.2.conv1.weight False
layer2.2.bn1.weight False
layer2.2.bn1.bias False
layer2.2.conv2.weight False
layer2.2.bn2.weight False
layer2.2.bn2.bias False
layer2.2.conv3.weight False
layer2.2.bn3.weight False
layer2.2.bn3.bias False
layer2.3.conv1.weight False
layer2.3.bn1.weight False
layer2.3.bn1.bias False
layer2.3.conv2.weight False
layer2.3.bn2.weight False
layer2.3.bn2.bias False
layer2.3.conv3.weight False
layer2.3.bn3.weight False
layer2.3.bn3.bias False
layer3.0.conv1.weight False
layer3.0.bn1.weight False
layer3.0.bn1.bias False
layer3.0.conv2.weight False
layer3.0.bn2.weight False
layer3.0.bn2.bias False
layer3.0.conv3.weight False
layer3.0.bn3.weight False
layer3.0.bn3.bias False
layer3.0.downsample.0.weight False
layer3.0.downsample.1.weight False
layer3.0.downsample.1.bias False
layer3.1.conv1.weight False
layer3.1.bn1.weight False
layer3.1.bn1.bias False
layer3.1.conv2.weight False
layer3.1.bn2.weight False
layer3.1.bn2.bias False
layer3.1.conv3.weight False
layer3.1.bn3.weight False
layer3.1.bn3.bias False
layer3.2.conv1.weight False
layer3.2.bn1.weight False
layer3.2.bn1.bias False
layer3.2.conv2.weight False
layer3.2.bn2.weight False
layer3.2.bn2.bias False
layer3.2.conv3.weight False
layer3.2.bn3.weight False
layer3.2.bn3.bias False
layer3.3.conv1.weight False
layer3.3.bn1.weight False
layer3.3.bn1.bias False
layer3.3.conv2.weight False
layer3.3.bn2.weight False
layer3.3.bn2.bias False
layer3.3.conv3.weight False
layer3.3.bn3.weight False
layer3.3.bn3.bias False
layer3.4.conv1.weight False
layer3.4.bn1.weight False
layer3.4.bn1.bias False
layer3.4.conv2.weight False
layer3.4.bn2.weight False
layer3.4.bn2.bias False
layer3.4.conv3.weight False
layer3.4.bn3.weight False
layer3.4.bn3.bias False
layer3.5.conv1.weight False
layer3.5.bn1.weight False
layer3.5.bn1.bias False
layer3.5.conv2.weight False
layer3.5.bn2.weight False
layer3.5.bn2.bias False
layer3.5.conv3.weight False
layer3.5.bn3.weight False
layer3.5.bn3.bias False
layer4.0.conv1.weight False
layer4.0.bn1.weight False
layer4.0.bn1.bias False
layer4.0.conv2.weight False
layer4.0.bn2.weight False
layer4.0.bn2.bias False
layer4.0.conv3.weight False
layer4.0.bn3.weight False
layer4.0.bn3.bias False
layer4.0.downsample.0.weight False
layer4.0.downsample.1.weight False
layer4.0.downsample.1.bias False
layer4.1.conv1.weight False
layer4.1.bn1.weight False
layer4.1.bn1.bias False
layer4.1.conv2.weight False
layer4.1.bn2.weight False
layer4.1.bn2.bias False
layer4.1.conv3.weight False
layer4.1.bn3.weight False
layer4.1.bn3.bias False
layer4.2.conv1.weight False
layer4.2.bn1.weight False
layer4.2.bn1.bias False
layer4.2.conv2.weight False
layer4.2.bn2.weight False
layer4.2.bn2.bias False
layer4.2.conv3.weight False
layer4.2.bn3.weight False
layer4.2.bn3.bias False
fc.weight True
fc.bias True

Epoch [0]:
Training:
Average incurred loss: 0.863  
Average sample loss: 0.924  
Average acc: 0.827  
  waterbird_complete50 = 0, forest2water2 = 0  [n = 60]:	loss = 0.000  exp loss = 0.000  adjusted loss = 0.000  adv prob = 0.250000   acc = 1.000
  waterbird_complete50 = 0, forest2water2 = 1  [n = 54]:	loss = 0.000  exp loss = 0.000  adjusted loss = 0.000  adv prob = 0.250000   acc = 1.000
  waterbird_complete50 = 1, forest2water2 = 0  [n = 55]:	loss = 2.551  exp loss = 2.299  adjusted loss = 2.299  adv prob = 0.250000   acc = 0.582
  waterbird_complete50 = 1, forest2water2 = 1  [n = 56]:	loss = 0.963  exp loss = 0.964  adjusted loss = 0.964  adv prob = 0.250000   acc = 0.714

Validation:
Average incurred loss: 0.157  
Average sample loss: 0.155  
Average acc: 0.969  
  waterbird_complete50 = 0, forest2water2 = 0  [n = 465]:	loss = 0.003  exp loss = 0.002  adjusted loss = 0.002  adv prob = 0.250000   acc = 0.998
  waterbird_complete50 = 0, forest2water2 = 1  [n = 466]:	loss = 0.057  exp loss = 0.052  adjusted loss = 0.052  adv prob = 0.250000   acc = 0.991
  waterbird_complete50 = 1, forest2water2 = 0  [n = 134]:	loss = 0.710  exp loss = 1.046  adjusted loss = 1.046  adv prob = 0.250000   acc = 0.843
  waterbird_complete50 = 1, forest2water2 = 1  [n = 134]:	loss = 0.482  exp loss = 0.545  adjusted loss = 0.545  adv prob = 0.250000   acc = 0.918
Current lr: 0.000010
Current validation accuracy: 0.8432835936546326
Best model saved at epoch 0


Epoch [1]:
Training:
Average incurred loss: 0.748  
Average sample loss: 0.712  
Average acc: 0.836  
  waterbird_complete50 = 0, forest2water2 = 0  [n = 62]:	loss = 0.000  exp loss = 0.000  adjusted loss = 0.000  adv prob = 0.250000   acc = 1.000
  waterbird_complete50 = 0, forest2water2 = 1  [n = 56]:	loss = 0.000  exp loss = 0.000  adjusted loss = 0.000  adv prob = 0.250000   acc = 1.000
  waterbird_complete50 = 1, forest2water2 = 0  [n = 46]:	loss = 2.589  exp loss = 2.318  adjusted loss = 2.318  adv prob = 0.250000   acc = 0.500
  waterbird_complete50 = 1, forest2water2 = 1  [n = 61]:	loss = 0.806  exp loss = 0.863  adjusted loss = 0.863  adv prob = 0.250000   acc = 0.770

Validation:
Average incurred loss: 0.178  
Average sample loss: 0.175  
Average acc: 0.968  
  waterbird_complete50 = 0, forest2water2 = 0  [n = 465]:	loss = 0.001  exp loss = 0.001  adjusted loss = 0.001  adv prob = 0.250000   acc = 1.000
  waterbird_complete50 = 0, forest2water2 = 1  [n = 466]:	loss = 0.046  exp loss = 0.042  adjusted loss = 0.042  adv prob = 0.250000   acc = 0.991
  waterbird_complete50 = 1, forest2water2 = 0  [n = 134]:	loss = 0.860  exp loss = 1.237  adjusted loss = 1.237  adv prob = 0.250000   acc = 0.836
  waterbird_complete50 = 1, forest2water2 = 1  [n = 134]:	loss = 0.565  exp loss = 0.633  adjusted loss = 0.633  adv prob = 0.250000   acc = 0.910
Current lr: 0.000010
Current validation accuracy: 0.8358209729194641


Epoch [2]:
Training:
Average incurred loss: 0.900  
Average sample loss: 0.908  
Average acc: 0.831  
  waterbird_complete50 = 0, forest2water2 = 0  [n = 51]:	loss = 0.001  exp loss = 0.000  adjusted loss = 0.000  adv prob = 0.250000   acc = 1.000
  waterbird_complete50 = 0, forest2water2 = 1  [n = 61]:	loss = 0.000  exp loss = 0.000  adjusted loss = 0.000  adv prob = 0.250000   acc = 1.000
  waterbird_complete50 = 1, forest2water2 = 0  [n = 58]:	loss = 2.655  exp loss = 2.375  adjusted loss = 2.375  adv prob = 0.250000   acc = 0.569
  waterbird_complete50 = 1, forest2water2 = 1  [n = 55]:	loss = 0.880  exp loss = 0.904  adjusted loss = 0.904  adv prob = 0.250000   acc = 0.764

Validation:
Average incurred loss: 0.213  
Average sample loss: 0.210  
Average acc: 0.961  
  waterbird_complete50 = 0, forest2water2 = 0  [n = 465]:	loss = 0.001  exp loss = 0.000  adjusted loss = 0.000  adv prob = 0.250000   acc = 1.000
  waterbird_complete50 = 0, forest2water2 = 1  [n = 466]:	loss = 0.037  exp loss = 0.034  adjusted loss = 0.034  adv prob = 0.250000   acc = 0.994
  waterbird_complete50 = 1, forest2water2 = 0  [n = 134]:	loss = 1.082  exp loss = 1.525  adjusted loss = 1.525  adv prob = 0.250000   acc = 0.791
  waterbird_complete50 = 1, forest2water2 = 1  [n = 134]:	loss = 0.692  exp loss = 0.769  adjusted loss = 0.769  adv prob = 0.250000   acc = 0.881
Current lr: 0.000010
Current validation accuracy: 0.7910447716712952


Epoch [3]:
Training:
Average incurred loss: 0.679  
Average sample loss: 0.648  
Average acc: 0.853  
  waterbird_complete50 = 0, forest2water2 = 0  [n = 54]:	loss = 0.000  exp loss = 0.000  adjusted loss = 0.000  adv prob = 0.250000   acc = 1.000
  waterbird_complete50 = 0, forest2water2 = 1  [n = 60]:	loss = 0.000  exp loss = 0.000  adjusted loss = 0.000  adv prob = 0.250000   acc = 1.000
  waterbird_complete50 = 1, forest2water2 = 0  [n = 41]:	loss = 2.250  exp loss = 2.279  adjusted loss = 2.279  adv prob = 0.250000   acc = 0.659
  waterbird_complete50 = 1, forest2water2 = 1  [n = 70]:	loss = 0.863  exp loss = 0.851  adjusted loss = 0.851  adv prob = 0.250000   acc = 0.729

Validation:
Average incurred loss: 0.243  
Average sample loss: 0.239  
Average acc: 0.953  
  waterbird_complete50 = 0, forest2water2 = 0  [n = 465]:	loss = 0.000  exp loss = 0.000  adjusted loss = 0.000  adv prob = 0.250000   acc = 1.000
  waterbird_complete50 = 0, forest2water2 = 1  [n = 466]:	loss = 0.029  exp loss = 0.027  adjusted loss = 0.027  adv prob = 0.250000   acc = 0.994
  waterbird_complete50 = 1, forest2water2 = 0  [n = 134]:	loss = 1.245  exp loss = 1.732  adjusted loss = 1.732  adv prob = 0.250000   acc = 0.754
  waterbird_complete50 = 1, forest2water2 = 1  [n = 134]:	loss = 0.822  exp loss = 0.904  adjusted loss = 0.904  adv prob = 0.250000   acc = 0.851
Current lr: 0.000010
Current validation accuracy: 0.753731369972229


Epoch [4]:
Training:
Average incurred loss: 0.964  
Average sample loss: 0.914  
Average acc: 0.849  
  waterbird_complete50 = 0, forest2water2 = 0  [n = 60]:	loss = 0.040  exp loss = 0.012  adjusted loss = 0.012  adv prob = 0.250000   acc = 0.983
  waterbird_complete50 = 0, forest2water2 = 1  [n = 54]:	loss = 0.000  exp loss = 0.000  adjusted loss = 0.000  adv prob = 0.250000   acc = 1.000
  waterbird_complete50 = 1, forest2water2 = 0  [n = 71]:	loss = 2.568  exp loss = 2.287  adjusted loss = 2.287  adv prob = 0.250000   acc = 0.662
  waterbird_complete50 = 1, forest2water2 = 1  [n = 40]:	loss = 0.803  exp loss = 0.813  adjusted loss = 0.813  adv prob = 0.250000   acc = 0.775

Validation:
Average incurred loss: 0.253  
Average sample loss: 0.249  
Average acc: 0.952  
  waterbird_complete50 = 0, forest2water2 = 0  [n = 465]:	loss = 0.000  exp loss = 0.000  adjusted loss = 0.000  adv prob = 0.250000   acc = 1.000
  waterbird_complete50 = 0, forest2water2 = 1  [n = 466]:	loss = 0.029  exp loss = 0.027  adjusted loss = 0.027  adv prob = 0.250000   acc = 0.994
  waterbird_complete50 = 1, forest2water2 = 0  [n = 134]:	loss = 1.317  exp loss = 1.828  adjusted loss = 1.828  adv prob = 0.250000   acc = 0.754
  waterbird_complete50 = 1, forest2water2 = 1  [n = 134]:	loss = 0.845  exp loss = 0.932  adjusted loss = 0.932  adv prob = 0.250000   acc = 0.843
Current lr: 0.000010
Current validation accuracy: 0.753731369972229


Epoch [5]:
Training:
Average incurred loss: 0.801  
Average sample loss: 0.799  
Average acc: 0.822  
  waterbird_complete50 = 0, forest2water2 = 0  [n = 44]:	loss = 0.000  exp loss = 0.008  adjusted loss = 0.008  adv prob = 0.250000   acc = 1.000
  waterbird_complete50 = 0, forest2water2 = 1  [n = 63]:	loss = 0.000  exp loss = 0.000  adjusted loss = 0.000  adv prob = 0.250000   acc = 1.000
  waterbird_complete50 = 1, forest2water2 = 0  [n = 56]:	loss = 2.440  exp loss = 2.428  adjusted loss = 2.428  adv prob = 0.250000   acc = 0.589
  waterbird_complete50 = 1, forest2water2 = 1  [n = 62]:	loss = 0.704  exp loss = 0.720  adjusted loss = 0.720  adv prob = 0.250000   acc = 0.726

Validation:
Average incurred loss: 0.277  
Average sample loss: 0.273  
Average acc: 0.947  
  waterbird_complete50 = 0, forest2water2 = 0  [n = 465]:	loss = 0.000  exp loss = 0.000  adjusted loss = 0.000  adv prob = 0.250000   acc = 1.000
  waterbird_complete50 = 0, forest2water2 = 1  [n = 466]:	loss = 0.024  exp loss = 0.022  adjusted loss = 0.022  adv prob = 0.250000   acc = 0.994
  waterbird_complete50 = 1, forest2water2 = 0  [n = 134]:	loss = 1.439  exp loss = 1.997  adjusted loss = 1.997  adv prob = 0.250000   acc = 0.746
  waterbird_complete50 = 1, forest2water2 = 1  [n = 134]:	loss = 0.956  exp loss = 1.045  adjusted loss = 1.045  adv prob = 0.250000   acc = 0.806
Current lr: 0.000010
Current validation accuracy: 0.746268630027771


Epoch [6]:
Training:
Average incurred loss: 0.764  
Average sample loss: 0.854  
Average acc: 0.809  
  waterbird_complete50 = 0, forest2water2 = 0  [n = 58]:	loss = 0.000  exp loss = 0.005  adjusted loss = 0.005  adv prob = 0.250000   acc = 1.000
  waterbird_complete50 = 0, forest2water2 = 1  [n = 51]:	loss = 0.000  exp loss = 0.000  adjusted loss = 0.000  adv prob = 0.250000   acc = 1.000
  waterbird_complete50 = 1, forest2water2 = 0  [n = 48]:	loss = 2.153  exp loss = 2.367  adjusted loss = 2.367  adv prob = 0.250000   acc = 0.562
  waterbird_complete50 = 1, forest2water2 = 1  [n = 68]:	loss = 1.006  exp loss = 0.810  adjusted loss = 0.810  adv prob = 0.250000   acc = 0.676

Validation:
Average incurred loss: 0.301  
Average sample loss: 0.296  
Average acc: 0.947  
  waterbird_complete50 = 0, forest2water2 = 0  [n = 465]:	loss = 0.000  exp loss = 0.000  adjusted loss = 0.000  adv prob = 0.250000   acc = 1.000
  waterbird_complete50 = 0, forest2water2 = 1  [n = 466]:	loss = 0.020  exp loss = 0.018  adjusted loss = 0.018  adv prob = 0.250000   acc = 0.994
  waterbird_complete50 = 1, forest2water2 = 0  [n = 134]:	loss = 1.563  exp loss = 2.157  adjusted loss = 2.157  adv prob = 0.250000   acc = 0.746
  waterbird_complete50 = 1, forest2water2 = 1  [n = 134]:	loss = 1.057  exp loss = 1.154  adjusted loss = 1.154  adv prob = 0.250000   acc = 0.799
Current lr: 0.000010
Current validation accuracy: 0.746268630027771


Epoch [7]:
Training:
Average incurred loss: 0.896  
Average sample loss: 0.859  
Average acc: 0.862  
  waterbird_complete50 = 0, forest2water2 = 0  [n = 48]:	loss = 0.000  exp loss = 0.003  adjusted loss = 0.003  adv prob = 0.250000   acc = 1.000
  waterbird_complete50 = 0, forest2water2 = 1  [n = 67]:	loss = 0.000  exp loss = 0.000  adjusted loss = 0.000  adv prob = 0.250000   acc = 1.000
  waterbird_complete50 = 1, forest2water2 = 0  [n = 62]:	loss = 2.782  exp loss = 2.546  adjusted loss = 2.546  adv prob = 0.250000   acc = 0.645
  waterbird_complete50 = 1, forest2water2 = 1  [n = 48]:	loss = 0.608  exp loss = 0.732  adjusted loss = 0.732  adv prob = 0.250000   acc = 0.813

Validation:
Average incurred loss: 0.278  
Average sample loss: 0.274  
Average acc: 0.947  
  waterbird_complete50 = 0, forest2water2 = 0  [n = 465]:	loss = 0.000  exp loss = 0.000  adjusted loss = 0.000  adv prob = 0.250000   acc = 1.000
  waterbird_complete50 = 0, forest2water2 = 1  [n = 466]:	loss = 0.024  exp loss = 0.021  adjusted loss = 0.021  adv prob = 0.250000   acc = 0.994
  waterbird_complete50 = 1, forest2water2 = 0  [n = 134]:	loss = 1.445  exp loss = 2.002  adjusted loss = 2.002  adv prob = 0.250000   acc = 0.746
  waterbird_complete50 = 1, forest2water2 = 1  [n = 134]:	loss = 0.962  exp loss = 1.051  adjusted loss = 1.051  adv prob = 0.250000   acc = 0.806
Current lr: 0.000010
Current validation accuracy: 0.746268630027771


Epoch [8]:
Training:
Average incurred loss: 1.215  
Average sample loss: 1.098  
Average acc: 0.831  
  waterbird_complete50 = 0, forest2water2 = 0  [n = 54]:	loss = 0.001  exp loss = 0.003  adjusted loss = 0.003  adv prob = 0.250000   acc = 1.000
  waterbird_complete50 = 0, forest2water2 = 1  [n = 51]:	loss = 0.000  exp loss = 0.000  adjusted loss = 0.000  adv prob = 0.250000   acc = 1.000
  waterbird_complete50 = 1, forest2water2 = 0  [n = 66]:	loss = 3.313  exp loss = 2.610  adjusted loss = 2.610  adv prob = 0.250000   acc = 0.576
  waterbird_complete50 = 1, forest2water2 = 1  [n = 54]:	loss = 1.012  exp loss = 0.798  adjusted loss = 0.798  adv prob = 0.250000   acc = 0.815

Validation:
Average incurred loss: 0.266  
Average sample loss: 0.262  
Average acc: 0.950  
  waterbird_complete50 = 0, forest2water2 = 0  [n = 465]:	loss = 0.000  exp loss = 0.000  adjusted loss = 0.000  adv prob = 0.250000   acc = 1.000
  waterbird_complete50 = 0, forest2water2 = 1  [n = 466]:	loss = 0.026  exp loss = 0.023  adjusted loss = 0.023  adv prob = 0.250000   acc = 0.994
  waterbird_complete50 = 1, forest2water2 = 0  [n = 134]:	loss = 1.383  exp loss = 1.927  adjusted loss = 1.927  adv prob = 0.250000   acc = 0.746
  waterbird_complete50 = 1, forest2water2 = 1  [n = 134]:	loss = 0.903  exp loss = 0.991  adjusted loss = 0.991  adv prob = 0.250000   acc = 0.828
Current lr: 0.000010
Current validation accuracy: 0.746268630027771


Epoch [9]:
Training:
Average incurred loss: 0.786  
Average sample loss: 0.875  
Average acc: 0.884  
  waterbird_complete50 = 0, forest2water2 = 0  [n = 56]:	loss = 0.000  exp loss = 0.002  adjusted loss = 0.002  adv prob = 0.250000   acc = 1.000
  waterbird_complete50 = 0, forest2water2 = 1  [n = 64]:	loss = 0.000  exp loss = 0.000  adjusted loss = 0.000  adv prob = 0.250000   acc = 1.000
  waterbird_complete50 = 1, forest2water2 = 0  [n = 55]:	loss = 2.962  exp loss = 2.781  adjusted loss = 2.781  adv prob = 0.250000   acc = 0.618
  waterbird_complete50 = 1, forest2water2 = 1  [n = 50]:	loss = 0.276  exp loss = 0.597  adjusted loss = 0.597  adv prob = 0.250000   acc = 0.900

Validation:
Average incurred loss: 0.262  
Average sample loss: 0.259  
Average acc: 0.951  
  waterbird_complete50 = 0, forest2water2 = 0  [n = 465]:	loss = 0.000  exp loss = 0.000  adjusted loss = 0.000  adv prob = 0.250000   acc = 1.000
  waterbird_complete50 = 0, forest2water2 = 1  [n = 466]:	loss = 0.027  exp loss = 0.024  adjusted loss = 0.024  adv prob = 0.250000   acc = 0.994
  waterbird_complete50 = 1, forest2water2 = 0  [n = 134]:	loss = 1.367  exp loss = 1.907  adjusted loss = 1.907  adv prob = 0.250000   acc = 0.746
  waterbird_complete50 = 1, forest2water2 = 1  [n = 134]:	loss = 0.888  exp loss = 0.981  adjusted loss = 0.981  adv prob = 0.250000   acc = 0.836
Current lr: 0.000010
Current validation accuracy: 0.746268630027771


Epoch [10]:
Training:
Average incurred loss: 0.698  
Average sample loss: 0.655  
Average acc: 0.884  
  waterbird_complete50 = 0, forest2water2 = 0  [n = 53]:	loss = 0.000  exp loss = 0.001  adjusted loss = 0.001  adv prob = 0.250000   acc = 1.000
  waterbird_complete50 = 0, forest2water2 = 1  [n = 66]:	loss = 0.000  exp loss = 0.000  adjusted loss = 0.000  adv prob = 0.250000   acc = 1.000
  waterbird_complete50 = 1, forest2water2 = 0  [n = 59]:	loss = 2.331  exp loss = 2.495  adjusted loss = 2.495  adv prob = 0.250000   acc = 0.644
  waterbird_complete50 = 1, forest2water2 = 1  [n = 47]:	loss = 0.416  exp loss = 0.549  adjusted loss = 0.549  adv prob = 0.250000   acc = 0.894

Validation:
Average incurred loss: 0.272  
Average sample loss: 0.268  
Average acc: 0.948  
  waterbird_complete50 = 0, forest2water2 = 0  [n = 465]:	loss = 0.000  exp loss = 0.000  adjusted loss = 0.000  adv prob = 0.250000   acc = 1.000
  waterbird_complete50 = 0, forest2water2 = 1  [n = 466]:	loss = 0.026  exp loss = 0.023  adjusted loss = 0.023  adv prob = 0.250000   acc = 0.994
  waterbird_complete50 = 1, forest2water2 = 0  [n = 134]:	loss = 1.407  exp loss = 1.951  adjusted loss = 1.951  adv prob = 0.250000   acc = 0.746
  waterbird_complete50 = 1, forest2water2 = 1  [n = 134]:	loss = 0.934  exp loss = 1.019  adjusted loss = 1.019  adv prob = 0.250000   acc = 0.813
Current lr: 0.000010
Current validation accuracy: 0.746268630027771


Epoch [11]:
Training:
Average incurred loss: 0.767  
Average sample loss: 0.878  
Average acc: 0.880  
  waterbird_complete50 = 0, forest2water2 = 0  [n = 49]:	loss = 0.003  exp loss = 0.002  adjusted loss = 0.002  adv prob = 0.250000   acc = 1.000
  waterbird_complete50 = 0, forest2water2 = 1  [n = 63]:	loss = 0.000  exp loss = 0.000  adjusted loss = 0.000  adv prob = 0.250000   acc = 1.000
  waterbird_complete50 = 1, forest2water2 = 0  [n = 59]:	loss = 2.102  exp loss = 2.403  adjusted loss = 2.403  adv prob = 0.250000   acc = 0.695
  waterbird_complete50 = 1, forest2water2 = 1  [n = 54]:	loss = 0.896  exp loss = 0.711  adjusted loss = 0.711  adv prob = 0.250000   acc = 0.833

Validation:
Average incurred loss: 0.285  
Average sample loss: 0.281  
Average acc: 0.946  
  waterbird_complete50 = 0, forest2water2 = 0  [n = 465]:	loss = 0.000  exp loss = 0.000  adjusted loss = 0.000  adv prob = 0.250000   acc = 1.000
  waterbird_complete50 = 0, forest2water2 = 1  [n = 466]:	loss = 0.022  exp loss = 0.020  adjusted loss = 0.020  adv prob = 0.250000   acc = 0.994
  waterbird_complete50 = 1, forest2water2 = 0  [n = 134]:	loss = 1.487  exp loss = 2.049  adjusted loss = 2.049  adv prob = 0.250000   acc = 0.739
  waterbird_complete50 = 1, forest2water2 = 1  [n = 134]:	loss = 0.989  exp loss = 1.076  adjusted loss = 1.076  adv prob = 0.250000   acc = 0.799
Current lr: 0.000010
Current validation accuracy: 0.7388059496879578


Epoch [12]:
Training:
Average incurred loss: 1.217  
Average sample loss: 1.254  
Average acc: 0.822  
  waterbird_complete50 = 0, forest2water2 = 0  [n = 53]:	loss = 0.000  exp loss = 0.001  adjusted loss = 0.001  adv prob = 0.250000   acc = 1.000
  waterbird_complete50 = 0, forest2water2 = 1  [n = 51]:	loss = 0.000  exp loss = 0.000  adjusted loss = 0.000  adv prob = 0.250000   acc = 1.000
  waterbird_complete50 = 1, forest2water2 = 0  [n = 61]:	loss = 3.778  exp loss = 2.861  adjusted loss = 2.861  adv prob = 0.250000   acc = 0.508
  waterbird_complete50 = 1, forest2water2 = 1  [n = 60]:	loss = 0.724  exp loss = 0.735  adjusted loss = 0.735  adv prob = 0.250000   acc = 0.833

Validation:
Average incurred loss: 0.302  
Average sample loss: 0.298  
Average acc: 0.946  
  waterbird_complete50 = 0, forest2water2 = 0  [n = 465]:	loss = 0.000  exp loss = 0.000  adjusted loss = 0.000  adv prob = 0.250000   acc = 1.000
  waterbird_complete50 = 0, forest2water2 = 1  [n = 466]:	loss = 0.019  exp loss = 0.018  adjusted loss = 0.018  adv prob = 0.250000   acc = 0.994
  waterbird_complete50 = 1, forest2water2 = 0  [n = 134]:	loss = 1.565  exp loss = 2.148  adjusted loss = 2.148  adv prob = 0.250000   acc = 0.739
  waterbird_complete50 = 1, forest2water2 = 1  [n = 134]:	loss = 1.069  exp loss = 1.153  adjusted loss = 1.153  adv prob = 0.250000   acc = 0.799
Current lr: 0.000010
Current validation accuracy: 0.7388059496879578


Epoch [13]:
Training:
Average incurred loss: 0.755  
Average sample loss: 0.839  
Average acc: 0.867  
  waterbird_complete50 = 0, forest2water2 = 0  [n = 61]:	loss = 0.000  exp loss = 0.001  adjusted loss = 0.001  adv prob = 0.250000   acc = 1.000
  waterbird_complete50 = 0, forest2water2 = 1  [n = 54]:	loss = 0.000  exp loss = 0.000  adjusted loss = 0.000  adv prob = 0.250000   acc = 1.000
  waterbird_complete50 = 1, forest2water2 = 0  [n = 56]:	loss = 2.402  exp loss = 2.721  adjusted loss = 2.721  adv prob = 0.250000   acc = 0.661
  waterbird_complete50 = 1, forest2water2 = 1  [n = 54]:	loss = 0.653  exp loss = 0.749  adjusted loss = 0.749  adv prob = 0.250000   acc = 0.796

Validation:
Average incurred loss: 0.296  
Average sample loss: 0.292  
Average acc: 0.947  
  waterbird_complete50 = 0, forest2water2 = 0  [n = 465]:	loss = 0.000  exp loss = 0.000  adjusted loss = 0.000  adv prob = 0.250000   acc = 1.000
  waterbird_complete50 = 0, forest2water2 = 1  [n = 466]:	loss = 0.018  exp loss = 0.016  adjusted loss = 0.016  adv prob = 0.250000   acc = 0.994
  waterbird_complete50 = 1, forest2water2 = 0  [n = 134]:	loss = 1.543  exp loss = 2.120  adjusted loss = 2.120  adv prob = 0.250000   acc = 0.746
  waterbird_complete50 = 1, forest2water2 = 1  [n = 134]:	loss = 1.044  exp loss = 1.134  adjusted loss = 1.134  adv prob = 0.250000   acc = 0.799
Current lr: 0.000010
Current validation accuracy: 0.746268630027771


Epoch [14]:
Training:
Average incurred loss: 1.160  
Average sample loss: 1.108  
Average acc: 0.809  
  waterbird_complete50 = 0, forest2water2 = 0  [n = 63]:	loss = 0.000  exp loss = 0.000  adjusted loss = 0.000  adv prob = 0.250000   acc = 1.000
  waterbird_complete50 = 0, forest2water2 = 1  [n = 42]:	loss = 0.000  exp loss = 0.000  adjusted loss = 0.000  adv prob = 0.250000   acc = 1.000
  waterbird_complete50 = 1, forest2water2 = 0  [n = 60]:	loss = 3.625  exp loss = 2.973  adjusted loss = 2.973  adv prob = 0.250000   acc = 0.450
  waterbird_complete50 = 1, forest2water2 = 1  [n = 60]:	loss = 0.725  exp loss = 0.670  adjusted loss = 0.670  adv prob = 0.250000   acc = 0.833

Validation:
Average incurred loss: 0.299  
Average sample loss: 0.295  
Average acc: 0.946  
  waterbird_complete50 = 0, forest2water2 = 0  [n = 465]:	loss = 0.000  exp loss = 0.000  adjusted loss = 0.000  adv prob = 0.250000   acc = 1.000
  waterbird_complete50 = 0, forest2water2 = 1  [n = 466]:	loss = 0.019  exp loss = 0.017  adjusted loss = 0.017  adv prob = 0.250000   acc = 0.994
  waterbird_complete50 = 1, forest2water2 = 0  [n = 134]:	loss = 1.560  exp loss = 2.146  adjusted loss = 2.146  adv prob = 0.250000   acc = 0.739
  waterbird_complete50 = 1, forest2water2 = 1  [n = 134]:	loss = 1.051  exp loss = 1.141  adjusted loss = 1.141  adv prob = 0.250000   acc = 0.799
Current lr: 0.000010
Current validation accuracy: 0.7388059496879578


Epoch [15]:
Training:
Average incurred loss: 0.499  
Average sample loss: 0.453  
Average acc: 0.893  
  waterbird_complete50 = 0, forest2water2 = 0  [n = 64]:	loss = 0.000  exp loss = 0.000  adjusted loss = 0.000  adv prob = 0.250000   acc = 1.000
  waterbird_complete50 = 0, forest2water2 = 1  [n = 57]:	loss = 0.001  exp loss = 0.000  adjusted loss = 0.000  adv prob = 0.250000   acc = 1.000
  waterbird_complete50 = 1, forest2water2 = 0  [n = 54]:	loss = 1.479  exp loss = 2.367  adjusted loss = 2.367  adv prob = 0.250000   acc = 0.759
  waterbird_complete50 = 1, forest2water2 = 1  [n = 50]:	loss = 0.647  exp loss = 0.651  adjusted loss = 0.651  adv prob = 0.250000   acc = 0.780

Validation:
Average incurred loss: 0.266  
Average sample loss: 0.263  
Average acc: 0.951  
  waterbird_complete50 = 0, forest2water2 = 0  [n = 465]:	loss = 0.000  exp loss = 0.000  adjusted loss = 0.000  adv prob = 0.250000   acc = 1.000
  waterbird_complete50 = 0, forest2water2 = 1  [n = 466]:	loss = 0.024  exp loss = 0.022  adjusted loss = 0.022  adv prob = 0.250000   acc = 0.994
  waterbird_complete50 = 1, forest2water2 = 0  [n = 134]:	loss = 1.392  exp loss = 1.928  adjusted loss = 1.928  adv prob = 0.250000   acc = 0.746
  waterbird_complete50 = 1, forest2water2 = 1  [n = 134]:	loss = 0.905  exp loss = 0.986  adjusted loss = 0.986  adv prob = 0.250000   acc = 0.836
Current lr: 0.000010
Current validation accuracy: 0.746268630027771


Epoch [16]:
Training:
Average incurred loss: 0.541  
Average sample loss: 0.587  
Average acc: 0.893  
  waterbird_complete50 = 0, forest2water2 = 0  [n = 65]:	loss = 0.002  exp loss = 0.001  adjusted loss = 0.001  adv prob = 0.250000   acc = 1.000
  waterbird_complete50 = 0, forest2water2 = 1  [n = 58]:	loss = 0.000  exp loss = 0.000  adjusted loss = 0.000  adv prob = 0.250000   acc = 1.000
  waterbird_complete50 = 1, forest2water2 = 0  [n = 49]:	loss = 1.964  exp loss = 2.311  adjusted loss = 2.311  adv prob = 0.250000   acc = 0.673
  waterbird_complete50 = 1, forest2water2 = 1  [n = 53]:	loss = 0.476  exp loss = 0.602  adjusted loss = 0.602  adv prob = 0.250000   acc = 0.849

Validation:
Average incurred loss: 0.249  
Average sample loss: 0.246  
Average acc: 0.951  
  waterbird_complete50 = 0, forest2water2 = 0  [n = 465]:	loss = 0.000  exp loss = 0.000  adjusted loss = 0.000  adv prob = 0.250000   acc = 1.000
  waterbird_complete50 = 0, forest2water2 = 1  [n = 466]:	loss = 0.028  exp loss = 0.025  adjusted loss = 0.025  adv prob = 0.250000   acc = 0.994
  waterbird_complete50 = 1, forest2water2 = 0  [n = 134]:	loss = 1.289  exp loss = 1.796  adjusted loss = 1.796  adv prob = 0.250000   acc = 0.754
  waterbird_complete50 = 1, forest2water2 = 1  [n = 134]:	loss = 0.846  exp loss = 0.922  adjusted loss = 0.922  adv prob = 0.250000   acc = 0.828
Current lr: 0.000010
Current validation accuracy: 0.753731369972229


Epoch [17]:
Training:
Average incurred loss: 0.775  
Average sample loss: 0.775  
Average acc: 0.871  
  waterbird_complete50 = 0, forest2water2 = 0  [n = 50]:	loss = 0.000  exp loss = 0.001  adjusted loss = 0.001  adv prob = 0.250000   acc = 1.000
  waterbird_complete50 = 0, forest2water2 = 1  [n = 62]:	loss = 0.000  exp loss = 0.000  adjusted loss = 0.000  adv prob = 0.250000   acc = 1.000
  waterbird_complete50 = 1, forest2water2 = 0  [n = 46]:	loss = 2.722  exp loss = 2.457  adjusted loss = 2.457  adv prob = 0.250000   acc = 0.609
  waterbird_complete50 = 1, forest2water2 = 1  [n = 67]:	loss = 0.734  exp loss = 0.638  adjusted loss = 0.638  adv prob = 0.250000   acc = 0.836

Validation:
Average incurred loss: 0.259  
Average sample loss: 0.256  
Average acc: 0.950  
  waterbird_complete50 = 0, forest2water2 = 0  [n = 465]:	loss = 0.000  exp loss = 0.000  adjusted loss = 0.000  adv prob = 0.250000   acc = 1.000
  waterbird_complete50 = 0, forest2water2 = 1  [n = 466]:	loss = 0.025  exp loss = 0.023  adjusted loss = 0.023  adv prob = 0.250000   acc = 0.994
  waterbird_complete50 = 1, forest2water2 = 0  [n = 134]:	loss = 1.338  exp loss = 1.851  adjusted loss = 1.851  adv prob = 0.250000   acc = 0.754
  waterbird_complete50 = 1, forest2water2 = 1  [n = 134]:	loss = 0.892  exp loss = 0.969  adjusted loss = 0.969  adv prob = 0.250000   acc = 0.821
Current lr: 0.000010
Current validation accuracy: 0.753731369972229


Epoch [18]:
Training:
Average incurred loss: 0.585  
Average sample loss: 0.570  
Average acc: 0.880  
  waterbird_complete50 = 0, forest2water2 = 0  [n = 67]:	loss = 0.000  exp loss = 0.000  adjusted loss = 0.000  adv prob = 0.250000   acc = 1.000
  waterbird_complete50 = 0, forest2water2 = 1  [n = 50]:	loss = 0.000  exp loss = 0.000  adjusted loss = 0.000  adv prob = 0.250000   acc = 1.000
  waterbird_complete50 = 1, forest2water2 = 0  [n = 42]:	loss = 2.265  exp loss = 2.330  adjusted loss = 2.330  adv prob = 0.250000   acc = 0.619
  waterbird_complete50 = 1, forest2water2 = 1  [n = 66]:	loss = 0.553  exp loss = 0.552  adjusted loss = 0.552  adv prob = 0.250000   acc = 0.833

Validation:
Average incurred loss: 0.268  
Average sample loss: 0.264  
Average acc: 0.948  
  waterbird_complete50 = 0, forest2water2 = 0  [n = 465]:	loss = 0.000  exp loss = 0.000  adjusted loss = 0.000  adv prob = 0.250000   acc = 1.000
  waterbird_complete50 = 0, forest2water2 = 1  [n = 466]:	loss = 0.024  exp loss = 0.022  adjusted loss = 0.022  adv prob = 0.250000   acc = 0.994
  waterbird_complete50 = 1, forest2water2 = 0  [n = 134]:	loss = 1.385  exp loss = 1.900  adjusted loss = 1.900  adv prob = 0.250000   acc = 0.754
  waterbird_complete50 = 1, forest2water2 = 1  [n = 134]:	loss = 0.927  exp loss = 1.005  adjusted loss = 1.005  adv prob = 0.250000   acc = 0.806
Current lr: 0.000010
Current validation accuracy: 0.753731369972229


Epoch [19]:
Training:
Average incurred loss: 0.657  
Average sample loss: 0.653  
Average acc: 0.876  
  waterbird_complete50 = 0, forest2water2 = 0  [n = 60]:	loss = 0.006  exp loss = 0.002  adjusted loss = 0.002  adv prob = 0.250000   acc = 1.000
  waterbird_complete50 = 0, forest2water2 = 1  [n = 59]:	loss = 0.001  exp loss = 0.001  adjusted loss = 0.001  adv prob = 0.250000   acc = 1.000
  waterbird_complete50 = 1, forest2water2 = 0  [n = 55]:	loss = 2.073  exp loss = 2.274  adjusted loss = 2.274  adv prob = 0.250000   acc = 0.709
  waterbird_complete50 = 1, forest2water2 = 1  [n = 51]:	loss = 0.657  exp loss = 0.563  adjusted loss = 0.563  adv prob = 0.250000   acc = 0.765

Validation:
Average incurred loss: 0.251  
Average sample loss: 0.248  
Average acc: 0.952  
  waterbird_complete50 = 0, forest2water2 = 0  [n = 465]:	loss = 0.000  exp loss = 0.000  adjusted loss = 0.000  adv prob = 0.250000   acc = 1.000
  waterbird_complete50 = 0, forest2water2 = 1  [n = 466]:	loss = 0.027  exp loss = 0.025  adjusted loss = 0.025  adv prob = 0.250000   acc = 0.994
  waterbird_complete50 = 1, forest2water2 = 0  [n = 134]:	loss = 1.294  exp loss = 1.798  adjusted loss = 1.798  adv prob = 0.250000   acc = 0.754
  waterbird_complete50 = 1, forest2water2 = 1  [n = 134]:	loss = 0.858  exp loss = 0.942  adjusted loss = 0.942  adv prob = 0.250000   acc = 0.843
Current lr: 0.000010
Current validation accuracy: 0.753731369972229


Epoch [20]:
Training:
Average incurred loss: 1.020  
Average sample loss: 1.176  
Average acc: 0.818  
  waterbird_complete50 = 0, forest2water2 = 0  [n = 55]:	loss = 0.000  exp loss = 0.001  adjusted loss = 0.001  adv prob = 0.250000   acc = 1.000
  waterbird_complete50 = 0, forest2water2 = 1  [n = 51]:	loss = 0.000  exp loss = 0.000  adjusted loss = 0.000  adv prob = 0.250000   acc = 1.000
  waterbird_complete50 = 1, forest2water2 = 0  [n = 54]:	loss = 3.044  exp loss = 2.736  adjusted loss = 2.736  adv prob = 0.250000   acc = 0.574
  waterbird_complete50 = 1, forest2water2 = 1  [n = 65]:	loss = 1.001  exp loss = 0.735  adjusted loss = 0.735  adv prob = 0.250000   acc = 0.723

Validation:
Average incurred loss: 0.270  
Average sample loss: 0.266  
Average acc: 0.947  
  waterbird_complete50 = 0, forest2water2 = 0  [n = 465]:	loss = 0.000  exp loss = 0.000  adjusted loss = 0.000  adv prob = 0.250000   acc = 1.000
  waterbird_complete50 = 0, forest2water2 = 1  [n = 466]:	loss = 0.023  exp loss = 0.021  adjusted loss = 0.021  adv prob = 0.250000   acc = 0.994
  waterbird_complete50 = 1, forest2water2 = 0  [n = 134]:	loss = 1.390  exp loss = 1.919  adjusted loss = 1.919  adv prob = 0.250000   acc = 0.754
  waterbird_complete50 = 1, forest2water2 = 1  [n = 134]:	loss = 0.942  exp loss = 1.029  adjusted loss = 1.029  adv prob = 0.250000   acc = 0.799
Current lr: 0.000010
Current validation accuracy: 0.753731369972229


Epoch [21]:
Training:
Average incurred loss: 0.786  
Average sample loss: 0.746  
Average acc: 0.858  
  waterbird_complete50 = 0, forest2water2 = 0  [n = 64]:	loss = 0.002  exp loss = 0.001  adjusted loss = 0.001  adv prob = 0.250000   acc = 1.000
  waterbird_complete50 = 0, forest2water2 = 1  [n = 45]:	loss = 0.000  exp loss = 0.000  adjusted loss = 0.000  adv prob = 0.250000   acc = 1.000
  waterbird_complete50 = 1, forest2water2 = 0  [n = 64]:	loss = 2.365  exp loss = 2.521  adjusted loss = 2.521  adv prob = 0.250000   acc = 0.641
  waterbird_complete50 = 1, forest2water2 = 1  [n = 52]:	loss = 0.488  exp loss = 0.662  adjusted loss = 0.662  adv prob = 0.250000   acc = 0.827

Validation:
Average incurred loss: 0.268  
Average sample loss: 0.264  
Average acc: 0.949  
  waterbird_complete50 = 0, forest2water2 = 0  [n = 465]:	loss = 0.000  exp loss = 0.000  adjusted loss = 0.000  adv prob = 0.250000   acc = 1.000
  waterbird_complete50 = 0, forest2water2 = 1  [n = 466]:	loss = 0.025  exp loss = 0.023  adjusted loss = 0.023  adv prob = 0.250000   acc = 0.994
  waterbird_complete50 = 1, forest2water2 = 0  [n = 134]:	loss = 1.383  exp loss = 1.914  adjusted loss = 1.914  adv prob = 0.250000   acc = 0.746
  waterbird_complete50 = 1, forest2water2 = 1  [n = 134]:	loss = 0.925  exp loss = 1.009  adjusted loss = 1.009  adv prob = 0.250000   acc = 0.821
Current lr: 0.000010
Current validation accuracy: 0.746268630027771


Epoch [22]:
Training:
Average incurred loss: 0.651  
Average sample loss: 0.780  
Average acc: 0.876  
  waterbird_complete50 = 0, forest2water2 = 0  [n = 61]:	loss = 0.018  exp loss = 0.007  adjusted loss = 0.007  adv prob = 0.250000   acc = 0.984
  waterbird_complete50 = 0, forest2water2 = 1  [n = 59]:	loss = 0.000  exp loss = 0.000  adjusted loss = 0.000  adv prob = 0.250000   acc = 1.000
  waterbird_complete50 = 1, forest2water2 = 0  [n = 51]:	loss = 2.244  exp loss = 2.494  adjusted loss = 2.494  adv prob = 0.250000   acc = 0.627
  waterbird_complete50 = 1, forest2water2 = 1  [n = 54]:	loss = 0.571  exp loss = 0.697  adjusted loss = 0.697  adv prob = 0.250000   acc = 0.852

Validation:
Average incurred loss: 0.264  
Average sample loss: 0.261  
Average acc: 0.951  
  waterbird_complete50 = 0, forest2water2 = 0  [n = 465]:	loss = 0.000  exp loss = 0.000  adjusted loss = 0.000  adv prob = 0.250000   acc = 1.000
  waterbird_complete50 = 0, forest2water2 = 1  [n = 466]:	loss = 0.024  exp loss = 0.022  adjusted loss = 0.022  adv prob = 0.250000   acc = 0.994
  waterbird_complete50 = 1, forest2water2 = 0  [n = 134]:	loss = 1.367  exp loss = 1.897  adjusted loss = 1.897  adv prob = 0.250000   acc = 0.754
  waterbird_complete50 = 1, forest2water2 = 1  [n = 134]:	loss = 0.915  exp loss = 1.000  adjusted loss = 1.000  adv prob = 0.250000   acc = 0.828
Current lr: 0.000010
Current validation accuracy: 0.753731369972229


Epoch [23]:
Training:
Average incurred loss: 0.939  
Average sample loss: 0.898  
Average acc: 0.876  
  waterbird_complete50 = 0, forest2water2 = 0  [n = 48]:	loss = 0.000  exp loss = 0.004  adjusted loss = 0.004  adv prob = 0.250000   acc = 1.000
  waterbird_complete50 = 0, forest2water2 = 1  [n = 62]:	loss = 0.000  exp loss = 0.000  adjusted loss = 0.000  adv prob = 0.250000   acc = 1.000
  waterbird_complete50 = 1, forest2water2 = 0  [n = 58]:	loss = 3.225  exp loss = 2.710  adjusted loss = 2.710  adv prob = 0.250000   acc = 0.638
  waterbird_complete50 = 1, forest2water2 = 1  [n = 57]:	loss = 0.423  exp loss = 0.557  adjusted loss = 0.557  adv prob = 0.250000   acc = 0.877

Validation:
Average incurred loss: 0.256  
Average sample loss: 0.252  
Average acc: 0.951  
  waterbird_complete50 = 0, forest2water2 = 0  [n = 465]:	loss = 0.000  exp loss = 0.000  adjusted loss = 0.000  adv prob = 0.250000   acc = 1.000
  waterbird_complete50 = 0, forest2water2 = 1  [n = 466]:	loss = 0.027  exp loss = 0.024  adjusted loss = 0.024  adv prob = 0.250000   acc = 0.994
  waterbird_complete50 = 1, forest2water2 = 0  [n = 134]:	loss = 1.322  exp loss = 1.851  adjusted loss = 1.851  adv prob = 0.250000   acc = 0.754
  waterbird_complete50 = 1, forest2water2 = 1  [n = 134]:	loss = 0.873  exp loss = 0.955  adjusted loss = 0.955  adv prob = 0.250000   acc = 0.828
Current lr: 0.000010
Current validation accuracy: 0.753731369972229


Epoch [24]:
Training:
Average incurred loss: 0.575  
Average sample loss: 0.578  
Average acc: 0.880  
  waterbird_complete50 = 0, forest2water2 = 0  [n = 64]:	loss = 0.000  exp loss = 0.003  adjusted loss = 0.003  adv prob = 0.250000   acc = 1.000
  waterbird_complete50 = 0, forest2water2 = 1  [n = 58]:	loss = 0.000  exp loss = 0.000  adjusted loss = 0.000  adv prob = 0.250000   acc = 1.000
  waterbird_complete50 = 1, forest2water2 = 0  [n = 52]:	loss = 1.987  exp loss = 2.473  adjusted loss = 2.473  adv prob = 0.250000   acc = 0.654
  waterbird_complete50 = 1, forest2water2 = 1  [n = 51]:	loss = 0.509  exp loss = 0.501  adjusted loss = 0.501  adv prob = 0.250000   acc = 0.824

Validation:
Average incurred loss: 0.222  
Average sample loss: 0.219  
Average acc: 0.957  
  waterbird_complete50 = 0, forest2water2 = 0  [n = 465]:	loss = 0.000  exp loss = 0.000  adjusted loss = 0.000  adv prob = 0.250000   acc = 1.000
  waterbird_complete50 = 0, forest2water2 = 1  [n = 466]:	loss = 0.032  exp loss = 0.029  adjusted loss = 0.029  adv prob = 0.250000   acc = 0.994
  waterbird_complete50 = 1, forest2water2 = 0  [n = 134]:	loss = 1.136  exp loss = 1.604  adjusted loss = 1.604  adv prob = 0.250000   acc = 0.784
  waterbird_complete50 = 1, forest2water2 = 1  [n = 134]:	loss = 0.740  exp loss = 0.816  adjusted loss = 0.816  adv prob = 0.250000   acc = 0.858
Current lr: 0.000010
Current validation accuracy: 0.7835820317268372


Epoch [25]:
Training:
Average incurred loss: 0.690  
Average sample loss: 0.730  
Average acc: 0.827  
  waterbird_complete50 = 0, forest2water2 = 0  [n = 55]:	loss = 0.000  exp loss = 0.002  adjusted loss = 0.002  adv prob = 0.250000   acc = 1.000
  waterbird_complete50 = 0, forest2water2 = 1  [n = 57]:	loss = 0.000  exp loss = 0.000  adjusted loss = 0.000  adv prob = 0.250000   acc = 1.000
  waterbird_complete50 = 1, forest2water2 = 0  [n = 57]:	loss = 1.696  exp loss = 2.213  adjusted loss = 2.213  adv prob = 0.250000   acc = 0.632
  waterbird_complete50 = 1, forest2water2 = 1  [n = 56]:	loss = 1.045  exp loss = 0.707  adjusted loss = 0.707  adv prob = 0.250000   acc = 0.679

Validation:
Average incurred loss: 0.242  
Average sample loss: 0.238  
Average acc: 0.954  
  waterbird_complete50 = 0, forest2water2 = 0  [n = 465]:	loss = 0.000  exp loss = 0.000  adjusted loss = 0.000  adv prob = 0.250000   acc = 1.000
  waterbird_complete50 = 0, forest2water2 = 1  [n = 466]:	loss = 0.027  exp loss = 0.025  adjusted loss = 0.025  adv prob = 0.250000   acc = 0.994
  waterbird_complete50 = 1, forest2water2 = 0  [n = 134]:	loss = 1.253  exp loss = 1.756  adjusted loss = 1.756  adv prob = 0.250000   acc = 0.754
  waterbird_complete50 = 1, forest2water2 = 1  [n = 134]:	loss = 0.814  exp loss = 0.893  adjusted loss = 0.893  adv prob = 0.250000   acc = 0.858
Current lr: 0.000010
Current validation accuracy: 0.753731369972229


Epoch [26]:
Training:
Average incurred loss: 0.865  
Average sample loss: 0.818  
Average acc: 0.844  
  waterbird_complete50 = 0, forest2water2 = 0  [n = 49]:	loss = 0.001  exp loss = 0.002  adjusted loss = 0.002  adv prob = 0.250000   acc = 1.000
  waterbird_complete50 = 0, forest2water2 = 1  [n = 57]:	loss = 0.000  exp loss = 0.000  adjusted loss = 0.000  adv prob = 0.250000   acc = 1.000
  waterbird_complete50 = 1, forest2water2 = 0  [n = 53]:	loss = 2.699  exp loss = 2.277  adjusted loss = 2.277  adv prob = 0.250000   acc = 0.604
  waterbird_complete50 = 1, forest2water2 = 1  [n = 66]:	loss = 0.782  exp loss = 0.717  adjusted loss = 0.717  adv prob = 0.250000   acc = 0.788

Validation:
Average incurred loss: 0.260  
Average sample loss: 0.256  
Average acc: 0.950  
  waterbird_complete50 = 0, forest2water2 = 0  [n = 465]:	loss = 0.000  exp loss = 0.000  adjusted loss = 0.000  adv prob = 0.250000   acc = 1.000
  waterbird_complete50 = 0, forest2water2 = 1  [n = 466]:	loss = 0.024  exp loss = 0.022  adjusted loss = 0.022  adv prob = 0.250000   acc = 0.994
  waterbird_complete50 = 1, forest2water2 = 0  [n = 134]:	loss = 1.348  exp loss = 1.879  adjusted loss = 1.879  adv prob = 0.250000   acc = 0.746
  waterbird_complete50 = 1, forest2water2 = 1  [n = 134]:	loss = 0.890  exp loss = 0.972  adjusted loss = 0.972  adv prob = 0.250000   acc = 0.828
Current lr: 0.000010
Current validation accuracy: 0.746268630027771


Epoch [27]:
Training:
Average incurred loss: 0.341  
Average sample loss: 0.360  
Average acc: 0.902  
  waterbird_complete50 = 0, forest2water2 = 0  [n = 67]:	loss = 0.000  exp loss = 0.001  adjusted loss = 0.001  adv prob = 0.250000   acc = 1.000
  waterbird_complete50 = 0, forest2water2 = 1  [n = 57]:	loss = 0.000  exp loss = 0.000  adjusted loss = 0.000  adv prob = 0.250000   acc = 1.000
  waterbird_complete50 = 1, forest2water2 = 0  [n = 58]:	loss = 1.093  exp loss = 1.980  adjusted loss = 1.980  adv prob = 0.250000   acc = 0.759
  waterbird_complete50 = 1, forest2water2 = 1  [n = 43]:	loss = 0.307  exp loss = 0.563  adjusted loss = 0.563  adv prob = 0.250000   acc = 0.814

Validation:
Average incurred loss: 0.235  
Average sample loss: 0.231  
Average acc: 0.954  
  waterbird_complete50 = 0, forest2water2 = 0  [n = 465]:	loss = 0.000  exp loss = 0.000  adjusted loss = 0.000  adv prob = 0.250000   acc = 1.000
  waterbird_complete50 = 0, forest2water2 = 1  [n = 466]:	loss = 0.029  exp loss = 0.026  adjusted loss = 0.026  adv prob = 0.250000   acc = 0.994
  waterbird_complete50 = 1, forest2water2 = 0  [n = 134]:	loss = 1.210  exp loss = 1.703  adjusted loss = 1.703  adv prob = 0.250000   acc = 0.754
  waterbird_complete50 = 1, forest2water2 = 1  [n = 134]:	loss = 0.788  exp loss = 0.867  adjusted loss = 0.867  adv prob = 0.250000   acc = 0.858
Current lr: 0.000010
Current validation accuracy: 0.753731369972229


Epoch [28]:
Training:
Average incurred loss: 0.451  
Average sample loss: 0.438  
Average acc: 0.876  
  waterbird_complete50 = 0, forest2water2 = 0  [n = 59]:	loss = 0.001  exp loss = 0.002  adjusted loss = 0.002  adv prob = 0.250000   acc = 1.000
  waterbird_complete50 = 0, forest2water2 = 1  [n = 68]:	loss = 0.001  exp loss = 0.001  adjusted loss = 0.001  adv prob = 0.250000   acc = 1.000
  waterbird_complete50 = 1, forest2water2 = 0  [n = 52]:	loss = 1.477  exp loss = 1.784  adjusted loss = 1.784  adv prob = 0.250000   acc = 0.654
  waterbird_complete50 = 1, forest2water2 = 1  [n = 46]:	loss = 0.530  exp loss = 0.519  adjusted loss = 0.519  adv prob = 0.250000   acc = 0.783

Validation:
Average incurred loss: 0.224  
Average sample loss: 0.221  
Average acc: 0.954  
  waterbird_complete50 = 0, forest2water2 = 0  [n = 465]:	loss = 0.000  exp loss = 0.000  adjusted loss = 0.000  adv prob = 0.250000   acc = 1.000
  waterbird_complete50 = 0, forest2water2 = 1  [n = 466]:	loss = 0.030  exp loss = 0.028  adjusted loss = 0.028  adv prob = 0.250000   acc = 0.994
  waterbird_complete50 = 1, forest2water2 = 0  [n = 134]:	loss = 1.152  exp loss = 1.629  adjusted loss = 1.629  adv prob = 0.250000   acc = 0.754
  waterbird_complete50 = 1, forest2water2 = 1  [n = 134]:	loss = 0.743  exp loss = 0.823  adjusted loss = 0.823  adv prob = 0.250000   acc = 0.858
Current lr: 0.000010
Current validation accuracy: 0.753731369972229


Epoch [29]:
Training:
Average incurred loss: 0.895  
Average sample loss: 1.013  
Average acc: 0.844  
  waterbird_complete50 = 0, forest2water2 = 0  [n = 50]:	loss = 0.001  exp loss = 0.001  adjusted loss = 0.001  adv prob = 0.250000   acc = 1.000
  waterbird_complete50 = 0, forest2water2 = 1  [n = 59]:	loss = 0.000  exp loss = 0.001  adjusted loss = 0.001  adv prob = 0.250000   acc = 1.000
  waterbird_complete50 = 1, forest2water2 = 0  [n = 57]:	loss = 2.495  exp loss = 2.016  adjusted loss = 2.016  adv prob = 0.250000   acc = 0.632
  waterbird_complete50 = 1, forest2water2 = 1  [n = 59]:	loss = 1.003  exp loss = 0.734  adjusted loss = 0.734  adv prob = 0.250000   acc = 0.763

Validation:
Average incurred loss: 0.231  
Average sample loss: 0.228  
Average acc: 0.954  
  waterbird_complete50 = 0, forest2water2 = 0  [n = 465]:	loss = 0.000  exp loss = 0.000  adjusted loss = 0.000  adv prob = 0.250000   acc = 1.000
  waterbird_complete50 = 0, forest2water2 = 1  [n = 466]:	loss = 0.030  exp loss = 0.028  adjusted loss = 0.028  adv prob = 0.250000   acc = 0.994
  waterbird_complete50 = 1, forest2water2 = 0  [n = 134]:	loss = 1.197  exp loss = 1.686  adjusted loss = 1.686  adv prob = 0.250000   acc = 0.754
  waterbird_complete50 = 1, forest2water2 = 1  [n = 134]:	loss = 0.764  exp loss = 0.845  adjusted loss = 0.845  adv prob = 0.250000   acc = 0.858
Current lr: 0.000010
Current validation accuracy: 0.753731369972229


Epoch [30]:
Training:
Average incurred loss: 0.951  
Average sample loss: 0.978  
Average acc: 0.836  
  waterbird_complete50 = 0, forest2water2 = 0  [n = 51]:	loss = 0.000  exp loss = 0.001  adjusted loss = 0.001  adv prob = 0.250000   acc = 1.000
  waterbird_complete50 = 0, forest2water2 = 1  [n = 52]:	loss = 0.000  exp loss = 0.000  adjusted loss = 0.000  adv prob = 0.250000   acc = 1.000
  waterbird_complete50 = 1, forest2water2 = 0  [n = 61]:	loss = 2.428  exp loss = 2.233  adjusted loss = 2.233  adv prob = 0.250000   acc = 0.705
  waterbird_complete50 = 1, forest2water2 = 1  [n = 61]:	loss = 1.082  exp loss = 0.877  adjusted loss = 0.877  adv prob = 0.250000   acc = 0.689

Validation:
Average incurred loss: 0.262  
Average sample loss: 0.258  
Average acc: 0.950  
  waterbird_complete50 = 0, forest2water2 = 0  [n = 465]:	loss = 0.000  exp loss = 0.000  adjusted loss = 0.000  adv prob = 0.250000   acc = 1.000
  waterbird_complete50 = 0, forest2water2 = 1  [n = 466]:	loss = 0.024  exp loss = 0.022  adjusted loss = 0.022  adv prob = 0.250000   acc = 0.994
  waterbird_complete50 = 1, forest2water2 = 0  [n = 134]:	loss = 1.363  exp loss = 1.898  adjusted loss = 1.898  adv prob = 0.250000   acc = 0.746
  waterbird_complete50 = 1, forest2water2 = 1  [n = 134]:	loss = 0.894  exp loss = 0.978  adjusted loss = 0.978  adv prob = 0.250000   acc = 0.828
Current lr: 0.000010
Current validation accuracy: 0.746268630027771


Epoch [31]:
Training:
Average incurred loss: 0.802  
Average sample loss: 0.784  
Average acc: 0.836  
  waterbird_complete50 = 0, forest2water2 = 0  [n = 53]:	loss = 0.092  exp loss = 0.034  adjusted loss = 0.034  adv prob = 0.250000   acc = 0.943
  waterbird_complete50 = 0, forest2water2 = 1  [n = 59]:	loss = 0.003  exp loss = 0.003  adjusted loss = 0.003  adv prob = 0.250000   acc = 1.000
  waterbird_complete50 = 1, forest2water2 = 0  [n = 66]:	loss = 2.234  exp loss = 2.171  adjusted loss = 2.171  adv prob = 0.250000   acc = 0.621
  waterbird_complete50 = 1, forest2water2 = 1  [n = 47]:	loss = 0.596  exp loss = 0.757  adjusted loss = 0.757  adv prob = 0.250000   acc = 0.809

Validation:
Average incurred loss: 0.248  
Average sample loss: 0.244  
Average acc: 0.953  
  waterbird_complete50 = 0, forest2water2 = 0  [n = 465]:	loss = 0.000  exp loss = 0.000  adjusted loss = 0.000  adv prob = 0.250000   acc = 1.000
  waterbird_complete50 = 0, forest2water2 = 1  [n = 466]:	loss = 0.027  exp loss = 0.025  adjusted loss = 0.025  adv prob = 0.250000   acc = 0.994
  waterbird_complete50 = 1, forest2water2 = 0  [n = 134]:	loss = 1.295  exp loss = 1.803  adjusted loss = 1.803  adv prob = 0.250000   acc = 0.754
  waterbird_complete50 = 1, forest2water2 = 1  [n = 134]:	loss = 0.825  exp loss = 0.904  adjusted loss = 0.904  adv prob = 0.250000   acc = 0.851
Current lr: 0.000010
Current validation accuracy: 0.753731369972229


Epoch [32]:
Training:
Average incurred loss: 0.941  
Average sample loss: 1.085  
Average acc: 0.849  
  waterbird_complete50 = 0, forest2water2 = 0  [n = 44]:	loss = 0.000  exp loss = 0.022  adjusted loss = 0.022  adv prob = 0.250000   acc = 1.000
  waterbird_complete50 = 0, forest2water2 = 1  [n = 60]:	loss = 0.000  exp loss = 0.002  adjusted loss = 0.002  adv prob = 0.250000   acc = 1.000
  waterbird_complete50 = 1, forest2water2 = 0  [n = 67]:	loss = 2.321  exp loss = 2.250  adjusted loss = 2.250  adv prob = 0.250000   acc = 0.701
  waterbird_complete50 = 1, forest2water2 = 1  [n = 54]:	loss = 1.041  exp loss = 0.954  adjusted loss = 0.954  adv prob = 0.250000   acc = 0.741

Validation:
Average incurred loss: 0.257  
Average sample loss: 0.254  
Average acc: 0.952  
  waterbird_complete50 = 0, forest2water2 = 0  [n = 465]:	loss = 0.000  exp loss = 0.000  adjusted loss = 0.000  adv prob = 0.250000   acc = 1.000
  waterbird_complete50 = 0, forest2water2 = 1  [n = 466]:	loss = 0.026  exp loss = 0.024  adjusted loss = 0.024  adv prob = 0.250000   acc = 0.994
  waterbird_complete50 = 1, forest2water2 = 0  [n = 134]:	loss = 1.349  exp loss = 1.882  adjusted loss = 1.882  adv prob = 0.250000   acc = 0.746
  waterbird_complete50 = 1, forest2water2 = 1  [n = 134]:	loss = 0.864  exp loss = 0.943  adjusted loss = 0.943  adv prob = 0.250000   acc = 0.843
Current lr: 0.000010
Current validation accuracy: 0.746268630027771


Epoch [33]:
Training:
Average incurred loss: 0.632  
Average sample loss: 0.578  
Average acc: 0.884  
  waterbird_complete50 = 0, forest2water2 = 0  [n = 55]:	loss = 0.000  exp loss = 0.015  adjusted loss = 0.015  adv prob = 0.250000   acc = 1.000
  waterbird_complete50 = 0, forest2water2 = 1  [n = 64]:	loss = 0.000  exp loss = 0.001  adjusted loss = 0.001  adv prob = 0.250000   acc = 1.000
  waterbird_complete50 = 1, forest2water2 = 0  [n = 54]:	loss = 2.175  exp loss = 2.115  adjusted loss = 2.115  adv prob = 0.250000   acc = 0.667
  waterbird_complete50 = 1, forest2water2 = 1  [n = 52]:	loss = 0.476  exp loss = 0.765  adjusted loss = 0.765  adv prob = 0.250000   acc = 0.846

Validation:
Average incurred loss: 0.241  
Average sample loss: 0.238  
Average acc: 0.952  
  waterbird_complete50 = 0, forest2water2 = 0  [n = 465]:	loss = 0.000  exp loss = 0.000  adjusted loss = 0.000  adv prob = 0.250000   acc = 1.000
  waterbird_complete50 = 0, forest2water2 = 1  [n = 466]:	loss = 0.028  exp loss = 0.026  adjusted loss = 0.026  adv prob = 0.250000   acc = 0.994
  waterbird_complete50 = 1, forest2water2 = 0  [n = 134]:	loss = 1.262  exp loss = 1.784  adjusted loss = 1.784  adv prob = 0.250000   acc = 0.754
  waterbird_complete50 = 1, forest2water2 = 1  [n = 134]:	loss = 0.800  exp loss = 0.881  adjusted loss = 0.881  adv prob = 0.250000   acc = 0.843
Current lr: 0.000010
Current validation accuracy: 0.753731369972229


Epoch [34]:
Training:
Average incurred loss: 0.831  
Average sample loss: 0.761  
Average acc: 0.831  
  waterbird_complete50 = 0, forest2water2 = 0  [n = 47]:	loss = 0.000  exp loss = 0.010  adjusted loss = 0.010  adv prob = 0.250000   acc = 1.000
  waterbird_complete50 = 0, forest2water2 = 1  [n = 56]:	loss = 0.000  exp loss = 0.001  adjusted loss = 0.001  adv prob = 0.250000   acc = 1.000
  waterbird_complete50 = 1, forest2water2 = 0  [n = 51]:	loss = 2.183  exp loss = 2.021  adjusted loss = 2.021  adv prob = 0.250000   acc = 0.667
  waterbird_complete50 = 1, forest2water2 = 1  [n = 71]:	loss = 1.066  exp loss = 0.842  adjusted loss = 0.842  adv prob = 0.250000   acc = 0.704

Validation:
Average incurred loss: 0.251  
Average sample loss: 0.248  
Average acc: 0.952  
  waterbird_complete50 = 0, forest2water2 = 0  [n = 465]:	loss = 0.000  exp loss = 0.000  adjusted loss = 0.000  adv prob = 0.250000   acc = 1.000
  waterbird_complete50 = 0, forest2water2 = 1  [n = 466]:	loss = 0.025  exp loss = 0.023  adjusted loss = 0.023  adv prob = 0.250000   acc = 0.994
  waterbird_complete50 = 1, forest2water2 = 0  [n = 134]:	loss = 1.307  exp loss = 1.831  adjusted loss = 1.831  adv prob = 0.250000   acc = 0.754
  waterbird_complete50 = 1, forest2water2 = 1  [n = 134]:	loss = 0.854  exp loss = 0.940  adjusted loss = 0.940  adv prob = 0.250000   acc = 0.843
Current lr: 0.000010
Current validation accuracy: 0.753731369972229


Epoch [35]:
Training:
Average incurred loss: 0.793  
Average sample loss: 0.847  
Average acc: 0.844  
  waterbird_complete50 = 0, forest2water2 = 0  [n = 52]:	loss = 0.000  exp loss = 0.006  adjusted loss = 0.006  adv prob = 0.250000   acc = 1.000
  waterbird_complete50 = 0, forest2water2 = 1  [n = 54]:	loss = 0.000  exp loss = 0.001  adjusted loss = 0.001  adv prob = 0.250000   acc = 1.000
  waterbird_complete50 = 1, forest2water2 = 0  [n = 60]:	loss = 2.318  exp loss = 2.155  adjusted loss = 2.155  adv prob = 0.250000   acc = 0.633
  waterbird_complete50 = 1, forest2water2 = 1  [n = 59]:	loss = 0.666  exp loss = 0.809  adjusted loss = 0.809  adv prob = 0.250000   acc = 0.780

Validation:
Average incurred loss: 0.268  
Average sample loss: 0.264  
Average acc: 0.952  
  waterbird_complete50 = 0, forest2water2 = 0  [n = 465]:	loss = 0.000  exp loss = 0.000  adjusted loss = 0.000  adv prob = 0.250000   acc = 1.000
  waterbird_complete50 = 0, forest2water2 = 1  [n = 466]:	loss = 0.024  exp loss = 0.022  adjusted loss = 0.022  adv prob = 0.250000   acc = 0.994
  waterbird_complete50 = 1, forest2water2 = 0  [n = 134]:	loss = 1.386  exp loss = 1.918  adjusted loss = 1.918  adv prob = 0.250000   acc = 0.746
  waterbird_complete50 = 1, forest2water2 = 1  [n = 134]:	loss = 0.931  exp loss = 1.017  adjusted loss = 1.017  adv prob = 0.250000   acc = 0.843
Current lr: 0.000010
Current validation accuracy: 0.746268630027771


Epoch [36]:
Training:
Average incurred loss: 0.631  
Average sample loss: 0.567  
Average acc: 0.849  
  waterbird_complete50 = 0, forest2water2 = 0  [n = 55]:	loss = 0.000  exp loss = 0.004  adjusted loss = 0.004  adv prob = 0.250000   acc = 1.000
  waterbird_complete50 = 0, forest2water2 = 1  [n = 52]:	loss = 0.001  exp loss = 0.001  adjusted loss = 0.001  adv prob = 0.250000   acc = 1.000
  waterbird_complete50 = 1, forest2water2 = 0  [n = 65]:	loss = 1.864  exp loss = 1.972  adjusted loss = 1.972  adv prob = 0.250000   acc = 0.646
  waterbird_complete50 = 1, forest2water2 = 1  [n = 53]:	loss = 0.391  exp loss = 0.631  adjusted loss = 0.631  adv prob = 0.250000   acc = 0.792

Validation:
Average incurred loss: 0.258  
Average sample loss: 0.254  
Average acc: 0.952  
  waterbird_complete50 = 0, forest2water2 = 0  [n = 465]:	loss = 0.000  exp loss = 0.000  adjusted loss = 0.000  adv prob = 0.250000   acc = 1.000
  waterbird_complete50 = 0, forest2water2 = 1  [n = 466]:	loss = 0.026  exp loss = 0.024  adjusted loss = 0.024  adv prob = 0.250000   acc = 0.994
  waterbird_complete50 = 1, forest2water2 = 0  [n = 134]:	loss = 1.336  exp loss = 1.850  adjusted loss = 1.850  adv prob = 0.250000   acc = 0.746
  waterbird_complete50 = 1, forest2water2 = 1  [n = 134]:	loss = 0.881  exp loss = 0.970  adjusted loss = 0.970  adv prob = 0.250000   acc = 0.843
Current lr: 0.000010
Current validation accuracy: 0.746268630027771


Epoch [37]:
Training:
Average incurred loss: 0.529  
Average sample loss: 0.525  
Average acc: 0.889  
  waterbird_complete50 = 0, forest2water2 = 0  [n = 60]:	loss = 0.000  exp loss = 0.003  adjusted loss = 0.003  adv prob = 0.250000   acc = 1.000
  waterbird_complete50 = 0, forest2water2 = 1  [n = 60]:	loss = 0.001  exp loss = 0.001  adjusted loss = 0.001  adv prob = 0.250000   acc = 1.000
  waterbird_complete50 = 1, forest2water2 = 0  [n = 58]:	loss = 1.835  exp loss = 1.864  adjusted loss = 1.864  adv prob = 0.250000   acc = 0.655
  waterbird_complete50 = 1, forest2water2 = 1  [n = 47]:	loss = 0.269  exp loss = 0.528  adjusted loss = 0.528  adv prob = 0.250000   acc = 0.894

Validation:
Average incurred loss: 0.230  
Average sample loss: 0.227  
Average acc: 0.953  
  waterbird_complete50 = 0, forest2water2 = 0  [n = 465]:	loss = 0.000  exp loss = 0.000  adjusted loss = 0.000  adv prob = 0.250000   acc = 1.000
  waterbird_complete50 = 0, forest2water2 = 1  [n = 466]:	loss = 0.030  exp loss = 0.027  adjusted loss = 0.027  adv prob = 0.250000   acc = 0.994
  waterbird_complete50 = 1, forest2water2 = 0  [n = 134]:	loss = 1.186  exp loss = 1.659  adjusted loss = 1.659  adv prob = 0.250000   acc = 0.754
  waterbird_complete50 = 1, forest2water2 = 1  [n = 134]:	loss = 0.768  exp loss = 0.850  adjusted loss = 0.850  adv prob = 0.250000   acc = 0.851
Current lr: 0.000010
Current validation accuracy: 0.753731369972229


Epoch [38]:
Training:
Average incurred loss: 0.878  
Average sample loss: 0.976  
Average acc: 0.858  
  waterbird_complete50 = 0, forest2water2 = 0  [n = 62]:	loss = 0.006  exp loss = 0.003  adjusted loss = 0.003  adv prob = 0.250000   acc = 1.000
  waterbird_complete50 = 0, forest2water2 = 1  [n = 46]:	loss = 0.000  exp loss = 0.000  adjusted loss = 0.000  adv prob = 0.250000   acc = 1.000
  waterbird_complete50 = 1, forest2water2 = 0  [n = 45]:	loss = 3.246  exp loss = 2.394  adjusted loss = 2.394  adv prob = 0.250000   acc = 0.556
  waterbird_complete50 = 1, forest2water2 = 1  [n = 72]:	loss = 0.709  exp loss = 0.635  adjusted loss = 0.635  adv prob = 0.250000   acc = 0.833

Validation:
Average incurred loss: 0.249  
Average sample loss: 0.246  
Average acc: 0.952  
  waterbird_complete50 = 0, forest2water2 = 0  [n = 465]:	loss = 0.000  exp loss = 0.000  adjusted loss = 0.000  adv prob = 0.250000   acc = 1.000
  waterbird_complete50 = 0, forest2water2 = 1  [n = 466]:	loss = 0.025  exp loss = 0.022  adjusted loss = 0.022  adv prob = 0.250000   acc = 0.994
  waterbird_complete50 = 1, forest2water2 = 0  [n = 134]:	loss = 1.293  exp loss = 1.810  adjusted loss = 1.810  adv prob = 0.250000   acc = 0.754
  waterbird_complete50 = 1, forest2water2 = 1  [n = 134]:	loss = 0.849  exp loss = 0.925  adjusted loss = 0.925  adv prob = 0.250000   acc = 0.843
Current lr: 0.000010
Current validation accuracy: 0.753731369972229


Epoch [39]:
Training:
Average incurred loss: 0.691  
Average sample loss: 0.612  
Average acc: 0.884  
  waterbird_complete50 = 0, forest2water2 = 0  [n = 47]:	loss = 0.028  exp loss = 0.018  adjusted loss = 0.018  adv prob = 0.250000   acc = 0.979
  waterbird_complete50 = 0, forest2water2 = 1  [n = 68]:	loss = 0.000  exp loss = 0.000  adjusted loss = 0.000  adv prob = 0.250000   acc = 1.000
  waterbird_complete50 = 1, forest2water2 = 0  [n = 52]:	loss = 2.587  exp loss = 2.357  adjusted loss = 2.357  adv prob = 0.250000   acc = 0.596
  waterbird_complete50 = 1, forest2water2 = 1  [n = 58]:	loss = 0.338  exp loss = 0.517  adjusted loss = 0.517  adv prob = 0.250000   acc = 0.931

Validation:
Average incurred loss: 0.232  
Average sample loss: 0.229  
Average acc: 0.954  
  waterbird_complete50 = 0, forest2water2 = 0  [n = 465]:	loss = 0.000  exp loss = 0.000  adjusted loss = 0.000  adv prob = 0.250000   acc = 1.000
  waterbird_complete50 = 0, forest2water2 = 1  [n = 466]:	loss = 0.028  exp loss = 0.026  adjusted loss = 0.026  adv prob = 0.250000   acc = 0.994
  waterbird_complete50 = 1, forest2water2 = 0  [n = 134]:	loss = 1.206  exp loss = 1.711  adjusted loss = 1.711  adv prob = 0.250000   acc = 0.761
  waterbird_complete50 = 1, forest2water2 = 1  [n = 134]:	loss = 0.770  exp loss = 0.845  adjusted loss = 0.845  adv prob = 0.250000   acc = 0.851
Current lr: 0.000010
Current validation accuracy: 0.7611940503120422


Epoch [40]:
Training:
Average incurred loss: 0.508  
Average sample loss: 0.519  
Average acc: 0.916  
  waterbird_complete50 = 0, forest2water2 = 0  [n = 59]:	loss = 0.004  exp loss = 0.013  adjusted loss = 0.013  adv prob = 0.250000   acc = 1.000
  waterbird_complete50 = 0, forest2water2 = 1  [n = 63]:	loss = 0.000  exp loss = 0.000  adjusted loss = 0.000  adv prob = 0.250000   acc = 1.000
  waterbird_complete50 = 1, forest2water2 = 0  [n = 51]:	loss = 1.882  exp loss = 2.193  adjusted loss = 2.193  adv prob = 0.250000   acc = 0.725
  waterbird_complete50 = 1, forest2water2 = 1  [n = 52]:	loss = 0.350  exp loss = 0.445  adjusted loss = 0.445  adv prob = 0.250000   acc = 0.904

Validation:
Average incurred loss: 0.217  
Average sample loss: 0.214  
Average acc: 0.956  
  waterbird_complete50 = 0, forest2water2 = 0  [n = 465]:	loss = 0.001  exp loss = 0.000  adjusted loss = 0.000  adv prob = 0.250000   acc = 1.000
  waterbird_complete50 = 0, forest2water2 = 1  [n = 466]:	loss = 0.030  exp loss = 0.028  adjusted loss = 0.028  adv prob = 0.250000   acc = 0.994
  waterbird_complete50 = 1, forest2water2 = 0  [n = 134]:	loss = 1.120  exp loss = 1.599  adjusted loss = 1.599  adv prob = 0.250000   acc = 0.776
  waterbird_complete50 = 1, forest2water2 = 1  [n = 134]:	loss = 0.713  exp loss = 0.786  adjusted loss = 0.786  adv prob = 0.250000   acc = 0.851
Current lr: 0.000010
Current validation accuracy: 0.7761193513870239


Epoch [41]:
Training:
Average incurred loss: 0.587  
Average sample loss: 0.545  
Average acc: 0.876  
  waterbird_complete50 = 0, forest2water2 = 0  [n = 62]:	loss = 0.001  exp loss = 0.009  adjusted loss = 0.009  adv prob = 0.250000   acc = 1.000
  waterbird_complete50 = 0, forest2water2 = 1  [n = 55]:	loss = 0.001  exp loss = 0.000  adjusted loss = 0.000  adv prob = 0.250000   acc = 1.000
  waterbird_complete50 = 1, forest2water2 = 0  [n = 51]:	loss = 1.903  exp loss = 2.028  adjusted loss = 2.028  adv prob = 0.250000   acc = 0.647
  waterbird_complete50 = 1, forest2water2 = 1  [n = 57]:	loss = 0.610  exp loss = 0.441  adjusted loss = 0.441  adv prob = 0.250000   acc = 0.825

Validation:
Average incurred loss: 0.215  
Average sample loss: 0.212  
Average acc: 0.956  
  waterbird_complete50 = 0, forest2water2 = 0  [n = 465]:	loss = 0.001  exp loss = 0.000  adjusted loss = 0.000  adv prob = 0.250000   acc = 1.000
  waterbird_complete50 = 0, forest2water2 = 1  [n = 466]:	loss = 0.031  exp loss = 0.028  adjusted loss = 0.028  adv prob = 0.250000   acc = 0.994
  waterbird_complete50 = 1, forest2water2 = 0  [n = 134]:	loss = 1.109  exp loss = 1.576  adjusted loss = 1.576  adv prob = 0.250000   acc = 0.769
  waterbird_complete50 = 1, forest2water2 = 1  [n = 134]:	loss = 0.702  exp loss = 0.773  adjusted loss = 0.773  adv prob = 0.250000   acc = 0.858
Current lr: 0.000010
Current validation accuracy: 0.7686566710472107


Epoch [42]:
Training:
Average incurred loss: 0.480  
Average sample loss: 0.449  
Average acc: 0.867  
  waterbird_complete50 = 0, forest2water2 = 0  [n = 58]:	loss = 0.006  exp loss = 0.008  adjusted loss = 0.008  adv prob = 0.250000   acc = 1.000
  waterbird_complete50 = 0, forest2water2 = 1  [n = 51]:	loss = 0.000  exp loss = 0.000  adjusted loss = 0.000  adv prob = 0.250000   acc = 1.000
  waterbird_complete50 = 1, forest2water2 = 0  [n = 64]:	loss = 1.258  exp loss = 1.703  adjusted loss = 1.703  adv prob = 0.250000   acc = 0.656
  waterbird_complete50 = 1, forest2water2 = 1  [n = 52]:	loss = 0.523  exp loss = 0.463  adjusted loss = 0.463  adv prob = 0.250000   acc = 0.846

Validation:
Average incurred loss: 0.234  
Average sample loss: 0.231  
Average acc: 0.954  
  waterbird_complete50 = 0, forest2water2 = 0  [n = 465]:	loss = 0.000  exp loss = 0.000  adjusted loss = 0.000  adv prob = 0.250000   acc = 1.000
  waterbird_complete50 = 0, forest2water2 = 1  [n = 466]:	loss = 0.027  exp loss = 0.024  adjusted loss = 0.024  adv prob = 0.250000   acc = 0.994
  waterbird_complete50 = 1, forest2water2 = 0  [n = 134]:	loss = 1.215  exp loss = 1.708  adjusted loss = 1.708  adv prob = 0.250000   acc = 0.761
  waterbird_complete50 = 1, forest2water2 = 1  [n = 134]:	loss = 0.787  exp loss = 0.865  adjusted loss = 0.865  adv prob = 0.250000   acc = 0.851
Current lr: 0.000010
Current validation accuracy: 0.7611939907073975


Epoch [43]:
Training:
Average incurred loss: 0.559  
Average sample loss: 0.653  
Average acc: 0.871  
  waterbird_complete50 = 0, forest2water2 = 0  [n = 52]:	loss = 0.000  exp loss = 0.005  adjusted loss = 0.005  adv prob = 0.250000   acc = 1.000
  waterbird_complete50 = 0, forest2water2 = 1  [n = 55]:	loss = 0.000  exp loss = 0.000  adjusted loss = 0.000  adv prob = 0.250000   acc = 1.000
  waterbird_complete50 = 1, forest2water2 = 0  [n = 49]:	loss = 1.687  exp loss = 1.814  adjusted loss = 1.814  adv prob = 0.250000   acc = 0.653
  waterbird_complete50 = 1, forest2water2 = 1  [n = 69]:	loss = 0.626  exp loss = 0.523  adjusted loss = 0.523  adv prob = 0.250000   acc = 0.826

Validation:
Average incurred loss: 0.233  
Average sample loss: 0.230  
Average acc: 0.953  
  waterbird_complete50 = 0, forest2water2 = 0  [n = 465]:	loss = 0.000  exp loss = 0.000  adjusted loss = 0.000  adv prob = 0.250000   acc = 1.000
  waterbird_complete50 = 0, forest2water2 = 1  [n = 466]:	loss = 0.027  exp loss = 0.025  adjusted loss = 0.025  adv prob = 0.250000   acc = 0.994
  waterbird_complete50 = 1, forest2water2 = 0  [n = 134]:	loss = 1.197  exp loss = 1.688  adjusted loss = 1.688  adv prob = 0.250000   acc = 0.761
  waterbird_complete50 = 1, forest2water2 = 1  [n = 134]:	loss = 0.794  exp loss = 0.870  adjusted loss = 0.870  adv prob = 0.250000   acc = 0.843
Current lr: 0.000010
Current validation accuracy: 0.7611939907073975


Epoch [44]:
Training:
Average incurred loss: 0.700  
Average sample loss: 0.692  
Average acc: 0.858  
  waterbird_complete50 = 0, forest2water2 = 0  [n = 57]:	loss = 0.002  exp loss = 0.004  adjusted loss = 0.004  adv prob = 0.250000   acc = 1.000
  waterbird_complete50 = 0, forest2water2 = 1  [n = 57]:	loss = 0.002  exp loss = 0.001  adjusted loss = 0.001  adv prob = 0.250000   acc = 1.000
  waterbird_complete50 = 1, forest2water2 = 0  [n = 51]:	loss = 2.303  exp loss = 2.015  adjusted loss = 2.015  adv prob = 0.250000   acc = 0.686
  waterbird_complete50 = 1, forest2water2 = 1  [n = 60]:	loss = 0.665  exp loss = 0.571  adjusted loss = 0.571  adv prob = 0.250000   acc = 0.733

Validation:
Average incurred loss: 0.225  
Average sample loss: 0.222  
Average acc: 0.955  
  waterbird_complete50 = 0, forest2water2 = 0  [n = 465]:	loss = 0.000  exp loss = 0.000  adjusted loss = 0.000  adv prob = 0.250000   acc = 1.000
  waterbird_complete50 = 0, forest2water2 = 1  [n = 466]:	loss = 0.029  exp loss = 0.026  adjusted loss = 0.026  adv prob = 0.250000   acc = 0.994
  waterbird_complete50 = 1, forest2water2 = 0  [n = 134]:	loss = 1.149  exp loss = 1.606  adjusted loss = 1.606  adv prob = 0.250000   acc = 0.769
  waterbird_complete50 = 1, forest2water2 = 1  [n = 134]:	loss = 0.760  exp loss = 0.836  adjusted loss = 0.836  adv prob = 0.250000   acc = 0.851
Current lr: 0.000010
Current validation accuracy: 0.7686566710472107


Epoch [45]:
Training:
Average incurred loss: 0.538  
Average sample loss: 0.493  
Average acc: 0.876  
  waterbird_complete50 = 0, forest2water2 = 0  [n = 56]:	loss = 0.001  exp loss = 0.003  adjusted loss = 0.003  adv prob = 0.250000   acc = 1.000
  waterbird_complete50 = 0, forest2water2 = 1  [n = 57]:	loss = 0.001  exp loss = 0.001  adjusted loss = 0.001  adv prob = 0.250000   acc = 1.000
  waterbird_complete50 = 1, forest2water2 = 0  [n = 56]:	loss = 1.796  exp loss = 1.839  adjusted loss = 1.839  adv prob = 0.250000   acc = 0.661
  waterbird_complete50 = 1, forest2water2 = 1  [n = 56]:	loss = 0.366  exp loss = 0.502  adjusted loss = 0.502  adv prob = 0.250000   acc = 0.839

Validation:
Average incurred loss: 0.209  
Average sample loss: 0.206  
Average acc: 0.958  
  waterbird_complete50 = 0, forest2water2 = 0  [n = 465]:	loss = 0.001  exp loss = 0.000  adjusted loss = 0.000  adv prob = 0.250000   acc = 1.000
  waterbird_complete50 = 0, forest2water2 = 1  [n = 466]:	loss = 0.032  exp loss = 0.030  adjusted loss = 0.030  adv prob = 0.250000   acc = 0.994
  waterbird_complete50 = 1, forest2water2 = 0  [n = 134]:	loss = 1.064  exp loss = 1.505  adjusted loss = 1.505  adv prob = 0.250000   acc = 0.784
  waterbird_complete50 = 1, forest2water2 = 1  [n = 134]:	loss = 0.689  exp loss = 0.760  adjusted loss = 0.760  adv prob = 0.250000   acc = 0.866
Current lr: 0.000010
Current validation accuracy: 0.7835820913314819


Epoch [46]:
Training:
Average incurred loss: 0.769  
Average sample loss: 0.751  
Average acc: 0.867  
  waterbird_complete50 = 0, forest2water2 = 0  [n = 57]:	loss = 0.000  exp loss = 0.002  adjusted loss = 0.002  adv prob = 0.250000   acc = 1.000
  waterbird_complete50 = 0, forest2water2 = 1  [n = 60]:	loss = 0.002  exp loss = 0.001  adjusted loss = 0.001  adv prob = 0.250000   acc = 1.000
  waterbird_complete50 = 1, forest2water2 = 0  [n = 61]:	loss = 2.484  exp loss = 2.023  adjusted loss = 2.023  adv prob = 0.250000   acc = 0.623
  waterbird_complete50 = 1, forest2water2 = 1  [n = 47]:	loss = 0.457  exp loss = 0.437  adjusted loss = 0.437  adv prob = 0.250000   acc = 0.851

Validation:
Average incurred loss: 0.196  
Average sample loss: 0.194  
Average acc: 0.962  
  waterbird_complete50 = 0, forest2water2 = 0  [n = 465]:	loss = 0.001  exp loss = 0.000  adjusted loss = 0.000  adv prob = 0.250000   acc = 1.000
  waterbird_complete50 = 0, forest2water2 = 1  [n = 466]:	loss = 0.037  exp loss = 0.034  adjusted loss = 0.034  adv prob = 0.250000   acc = 0.994
  waterbird_complete50 = 1, forest2water2 = 0  [n = 134]:	loss = 0.991  exp loss = 1.414  adjusted loss = 1.414  adv prob = 0.250000   acc = 0.799
  waterbird_complete50 = 1, forest2water2 = 1  [n = 134]:	loss = 0.633  exp loss = 0.704  adjusted loss = 0.704  adv prob = 0.250000   acc = 0.881
Current lr: 0.000010
Current validation accuracy: 0.7985074520111084


Epoch [47]:
Training:
Average incurred loss: 0.509  
Average sample loss: 0.475  
Average acc: 0.907  
  waterbird_complete50 = 0, forest2water2 = 0  [n = 55]:	loss = 0.000  exp loss = 0.001  adjusted loss = 0.001  adv prob = 0.250000   acc = 1.000
  waterbird_complete50 = 0, forest2water2 = 1  [n = 69]:	loss = 0.005  exp loss = 0.002  adjusted loss = 0.002  adv prob = 0.250000   acc = 1.000
  waterbird_complete50 = 1, forest2water2 = 0  [n = 50]:	loss = 2.178  exp loss = 1.923  adjusted loss = 1.923  adv prob = 0.250000   acc = 0.640
  waterbird_complete50 = 1, forest2water2 = 1  [n = 51]:	loss = 0.102  exp loss = 0.328  adjusted loss = 0.328  adv prob = 0.250000   acc = 0.941

Validation:
Average incurred loss: 0.183  
Average sample loss: 0.180  
Average acc: 0.967  
  waterbird_complete50 = 0, forest2water2 = 0  [n = 465]:	loss = 0.001  exp loss = 0.001  adjusted loss = 0.001  adv prob = 0.250000   acc = 1.000
  waterbird_complete50 = 0, forest2water2 = 1  [n = 466]:	loss = 0.043  exp loss = 0.039  adjusted loss = 0.039  adv prob = 0.250000   acc = 0.994
  waterbird_complete50 = 1, forest2water2 = 0  [n = 134]:	loss = 0.906  exp loss = 1.300  adjusted loss = 1.300  adv prob = 0.250000   acc = 0.828
  waterbird_complete50 = 1, forest2water2 = 1  [n = 134]:	loss = 0.575  exp loss = 0.644  adjusted loss = 0.644  adv prob = 0.250000   acc = 0.903
Current lr: 0.000010
Current validation accuracy: 0.8283581733703613


Epoch [48]:
Training:
Average incurred loss: 0.387  
Average sample loss: 0.340  
Average acc: 0.911  
  waterbird_complete50 = 0, forest2water2 = 0  [n = 75]:	loss = 0.001  exp loss = 0.001  adjusted loss = 0.001  adv prob = 0.250000   acc = 1.000
  waterbird_complete50 = 0, forest2water2 = 1  [n = 52]:	loss = 0.001  exp loss = 0.002  adjusted loss = 0.002  adv prob = 0.250000   acc = 1.000
  waterbird_complete50 = 1, forest2water2 = 0  [n = 51]:	loss = 1.250  exp loss = 1.594  adjusted loss = 1.594  adv prob = 0.250000   acc = 0.765
  waterbird_complete50 = 1, forest2water2 = 1  [n = 47]:	loss = 0.492  exp loss = 0.348  adjusted loss = 0.348  adv prob = 0.250000   acc = 0.830

Validation:
Average incurred loss: 0.166  
Average sample loss: 0.164  
Average acc: 0.970  
  waterbird_complete50 = 0, forest2water2 = 0  [n = 465]:	loss = 0.002  exp loss = 0.001  adjusted loss = 0.001  adv prob = 0.250000   acc = 1.000
  waterbird_complete50 = 0, forest2water2 = 1  [n = 466]:	loss = 0.048  exp loss = 0.044  adjusted loss = 0.044  adv prob = 0.250000   acc = 0.991
  waterbird_complete50 = 1, forest2water2 = 0  [n = 134]:	loss = 0.803  exp loss = 1.155  adjusted loss = 1.155  adv prob = 0.250000   acc = 0.843
  waterbird_complete50 = 1, forest2water2 = 1  [n = 134]:	loss = 0.511  exp loss = 0.577  adjusted loss = 0.577  adv prob = 0.250000   acc = 0.918
Current lr: 0.000010
Current validation accuracy: 0.8432835936546326


Epoch [49]:
Training:
Average incurred loss: 0.383  
Average sample loss: 0.403  
Average acc: 0.920  
  waterbird_complete50 = 0, forest2water2 = 0  [n = 55]:	loss = 0.000  exp loss = 0.001  adjusted loss = 0.001  adv prob = 0.250000   acc = 1.000
  waterbird_complete50 = 0, forest2water2 = 1  [n = 65]:	loss = 0.000  exp loss = 0.001  adjusted loss = 0.001  adv prob = 0.250000   acc = 1.000
  waterbird_complete50 = 1, forest2water2 = 0  [n = 57]:	loss = 1.415  exp loss = 1.559  adjusted loss = 1.559  adv prob = 0.250000   acc = 0.737
  waterbird_complete50 = 1, forest2water2 = 1  [n = 48]:	loss = 0.116  exp loss = 0.286  adjusted loss = 0.286  adv prob = 0.250000   acc = 0.938

Validation:
Average incurred loss: 0.175  
Average sample loss: 0.172  
Average acc: 0.967  
  waterbird_complete50 = 0, forest2water2 = 0  [n = 465]:	loss = 0.001  exp loss = 0.001  adjusted loss = 0.001  adv prob = 0.250000   acc = 1.000
  waterbird_complete50 = 0, forest2water2 = 1  [n = 466]:	loss = 0.046  exp loss = 0.042  adjusted loss = 0.042  adv prob = 0.250000   acc = 0.991
  waterbird_complete50 = 1, forest2water2 = 0  [n = 134]:	loss = 0.858  exp loss = 1.227  adjusted loss = 1.227  adv prob = 0.250000   acc = 0.828
  waterbird_complete50 = 1, forest2water2 = 1  [n = 134]:	loss = 0.540  exp loss = 0.610  adjusted loss = 0.610  adv prob = 0.250000   acc = 0.903
Current lr: 0.000010
Current validation accuracy: 0.8283581733703613


Epoch [50]:
Training:
Average incurred loss: 0.564  
Average sample loss: 0.585  
Average acc: 0.893  
  waterbird_complete50 = 0, forest2water2 = 0  [n = 61]:	loss = 0.044  exp loss = 0.020  adjusted loss = 0.020  adv prob = 0.250000   acc = 0.984
  waterbird_complete50 = 0, forest2water2 = 1  [n = 56]:	loss = 0.001  exp loss = 0.001  adjusted loss = 0.001  adv prob = 0.250000   acc = 1.000
  waterbird_complete50 = 1, forest2water2 = 0  [n = 50]:	loss = 2.299  exp loss = 1.843  adjusted loss = 1.843  adv prob = 0.250000   acc = 0.620
  waterbird_complete50 = 1, forest2water2 = 1  [n = 58]:	loss = 0.157  exp loss = 0.232  adjusted loss = 0.232  adv prob = 0.250000   acc = 0.931

Validation:
Average incurred loss: 0.170  
Average sample loss: 0.167  
Average acc: 0.967  
  waterbird_complete50 = 0, forest2water2 = 0  [n = 465]:	loss = 0.002  exp loss = 0.001  adjusted loss = 0.001  adv prob = 0.250000   acc = 0.998
  waterbird_complete50 = 0, forest2water2 = 1  [n = 466]:	loss = 0.048  exp loss = 0.043  adjusted loss = 0.043  adv prob = 0.250000   acc = 0.991
  waterbird_complete50 = 1, forest2water2 = 0  [n = 134]:	loss = 0.818  exp loss = 1.176  adjusted loss = 1.176  adv prob = 0.250000   acc = 0.836
  waterbird_complete50 = 1, forest2water2 = 1  [n = 134]:	loss = 0.526  exp loss = 0.596  adjusted loss = 0.596  adv prob = 0.250000   acc = 0.903
Current lr: 0.000010
Current validation accuracy: 0.8358209729194641


Epoch [51]:
Training:
Average incurred loss: 0.626  
Average sample loss: 0.654  
Average acc: 0.898  
  waterbird_complete50 = 0, forest2water2 = 0  [n = 60]:	loss = 0.011  exp loss = 0.016  adjusted loss = 0.016  adv prob = 0.250000   acc = 1.000
  waterbird_complete50 = 0, forest2water2 = 1  [n = 49]:	loss = 0.000  exp loss = 0.001  adjusted loss = 0.001  adv prob = 0.250000   acc = 1.000
  waterbird_complete50 = 1, forest2water2 = 0  [n = 56]:	loss = 1.867  exp loss = 1.850  adjusted loss = 1.850  adv prob = 0.250000   acc = 0.804
  waterbird_complete50 = 1, forest2water2 = 1  [n = 60]:	loss = 0.593  exp loss = 0.390  adjusted loss = 0.390  adv prob = 0.250000   acc = 0.800

Validation:
Average incurred loss: 0.193  
Average sample loss: 0.190  
Average acc: 0.963  
  waterbird_complete50 = 0, forest2water2 = 0  [n = 465]:	loss = 0.001  exp loss = 0.000  adjusted loss = 0.000  adv prob = 0.250000   acc = 1.000
  waterbird_complete50 = 0, forest2water2 = 1  [n = 466]:	loss = 0.039  exp loss = 0.035  adjusted loss = 0.035  adv prob = 0.250000   acc = 0.994
  waterbird_complete50 = 1, forest2water2 = 0  [n = 134]:	loss = 0.971  exp loss = 1.388  adjusted loss = 1.388  adv prob = 0.250000   acc = 0.806
  waterbird_complete50 = 1, forest2water2 = 1  [n = 134]:	loss = 0.616  exp loss = 0.690  adjusted loss = 0.690  adv prob = 0.250000   acc = 0.888
Current lr: 0.000010
Current validation accuracy: 0.8059701323509216


Epoch [52]:
Training:
Average incurred loss: 0.600  
Average sample loss: 0.562  
Average acc: 0.831  
  waterbird_complete50 = 0, forest2water2 = 0  [n = 63]:	loss = 0.007  exp loss = 0.012  adjusted loss = 0.012  adv prob = 0.250000   acc = 1.000
  waterbird_complete50 = 0, forest2water2 = 1  [n = 56]:	loss = 0.042  exp loss = 0.009  adjusted loss = 0.009  adv prob = 0.250000   acc = 0.964
  waterbird_complete50 = 1, forest2water2 = 0  [n = 58]:	loss = 1.564  exp loss = 1.733  adjusted loss = 1.733  adv prob = 0.250000   acc = 0.603
  waterbird_complete50 = 1, forest2water2 = 1  [n = 48]:	loss = 0.866  exp loss = 0.456  adjusted loss = 0.456  adv prob = 0.250000   acc = 0.729

Validation:
Average incurred loss: 0.178  
Average sample loss: 0.175  
Average acc: 0.967  
  waterbird_complete50 = 0, forest2water2 = 0  [n = 465]:	loss = 0.001  exp loss = 0.001  adjusted loss = 0.001  adv prob = 0.250000   acc = 1.000
  waterbird_complete50 = 0, forest2water2 = 1  [n = 466]:	loss = 0.044  exp loss = 0.040  adjusted loss = 0.040  adv prob = 0.250000   acc = 0.991
  waterbird_complete50 = 1, forest2water2 = 0  [n = 134]:	loss = 0.882  exp loss = 1.270  adjusted loss = 1.270  adv prob = 0.250000   acc = 0.828
  waterbird_complete50 = 1, forest2water2 = 1  [n = 134]:	loss = 0.551  exp loss = 0.621  adjusted loss = 0.621  adv prob = 0.250000   acc = 0.903
Current lr: 0.000010
Current validation accuracy: 0.8283581733703613


Epoch [53]:
Training:
Average incurred loss: 0.323  
Average sample loss: 0.339  
Average acc: 0.911  
  waterbird_complete50 = 0, forest2water2 = 0  [n = 60]:	loss = 0.001  exp loss = 0.008  adjusted loss = 0.008  adv prob = 0.250000   acc = 1.000
  waterbird_complete50 = 0, forest2water2 = 1  [n = 59]:	loss = 0.000  exp loss = 0.006  adjusted loss = 0.006  adv prob = 0.250000   acc = 1.000
  waterbird_complete50 = 1, forest2water2 = 0  [n = 44]:	loss = 1.103  exp loss = 1.496  adjusted loss = 1.496  adv prob = 0.250000   acc = 0.659
  waterbird_complete50 = 1, forest2water2 = 1  [n = 62]:	loss = 0.389  exp loss = 0.436  adjusted loss = 0.436  adv prob = 0.250000   acc = 0.919

Validation:
Average incurred loss: 0.189  
Average sample loss: 0.186  
Average acc: 0.964  
  waterbird_complete50 = 0, forest2water2 = 0  [n = 465]:	loss = 0.001  exp loss = 0.000  adjusted loss = 0.000  adv prob = 0.250000   acc = 1.000
  waterbird_complete50 = 0, forest2water2 = 1  [n = 466]:	loss = 0.039  exp loss = 0.035  adjusted loss = 0.035  adv prob = 0.250000   acc = 0.994
  waterbird_complete50 = 1, forest2water2 = 0  [n = 134]:	loss = 0.944  exp loss = 1.351  adjusted loss = 1.351  adv prob = 0.250000   acc = 0.821
  waterbird_complete50 = 1, forest2water2 = 1  [n = 134]:	loss = 0.605  exp loss = 0.673  adjusted loss = 0.673  adv prob = 0.250000   acc = 0.881
Current lr: 0.000010
Current validation accuracy: 0.8208956122398376


Epoch [54]:
Training:
Average incurred loss: 0.524  
Average sample loss: 0.534  
Average acc: 0.902  
  waterbird_complete50 = 0, forest2water2 = 0  [n = 55]:	loss = 0.022  exp loss = 0.010  adjusted loss = 0.010  adv prob = 0.250000   acc = 0.982
  waterbird_complete50 = 0, forest2water2 = 1  [n = 60]:	loss = 0.000  exp loss = 0.004  adjusted loss = 0.004  adv prob = 0.250000   acc = 1.000
  waterbird_complete50 = 1, forest2water2 = 0  [n = 59]:	loss = 1.892  exp loss = 1.838  adjusted loss = 1.838  adv prob = 0.250000   acc = 0.678
  waterbird_complete50 = 1, forest2water2 = 1  [n = 51]:	loss = 0.099  exp loss = 0.320  adjusted loss = 0.320  adv prob = 0.250000   acc = 0.961

Validation:
Average incurred loss: 0.200  
Average sample loss: 0.197  
Average acc: 0.958  
  waterbird_complete50 = 0, forest2water2 = 0  [n = 465]:	loss = 0.001  exp loss = 0.000  adjusted loss = 0.000  adv prob = 0.250000   acc = 1.000
  waterbird_complete50 = 0, forest2water2 = 1  [n = 466]:	loss = 0.036  exp loss = 0.033  adjusted loss = 0.033  adv prob = 0.250000   acc = 0.994
  waterbird_complete50 = 1, forest2water2 = 0  [n = 134]:	loss = 1.012  exp loss = 1.436  adjusted loss = 1.436  adv prob = 0.250000   acc = 0.784
  waterbird_complete50 = 1, forest2water2 = 1  [n = 134]:	loss = 0.653  exp loss = 0.717  adjusted loss = 0.717  adv prob = 0.250000   acc = 0.866
Current lr: 0.000010
Current validation accuracy: 0.7835820913314819


Epoch [55]:
Training:
Average incurred loss: 0.694  
Average sample loss: 0.737  
Average acc: 0.871  
  waterbird_complete50 = 0, forest2water2 = 0  [n = 49]:	loss = 0.000  exp loss = 0.007  adjusted loss = 0.007  adv prob = 0.250000   acc = 1.000
  waterbird_complete50 = 0, forest2water2 = 1  [n = 59]:	loss = 0.000  exp loss = 0.003  adjusted loss = 0.003  adv prob = 0.250000   acc = 1.000
  waterbird_complete50 = 1, forest2water2 = 0  [n = 61]:	loss = 2.193  exp loss = 2.043  adjusted loss = 2.043  adv prob = 0.250000   acc = 0.639
  waterbird_complete50 = 1, forest2water2 = 1  [n = 56]:	loss = 0.398  exp loss = 0.340  adjusted loss = 0.340  adv prob = 0.250000   acc = 0.875

Validation:
Average incurred loss: 0.209  
Average sample loss: 0.206  
Average acc: 0.958  
  waterbird_complete50 = 0, forest2water2 = 0  [n = 465]:	loss = 0.000  exp loss = 0.000  adjusted loss = 0.000  adv prob = 0.250000   acc = 1.000
  waterbird_complete50 = 0, forest2water2 = 1  [n = 466]:	loss = 0.034  exp loss = 0.031  adjusted loss = 0.031  adv prob = 0.250000   acc = 0.994
  waterbird_complete50 = 1, forest2water2 = 0  [n = 134]:	loss = 1.064  exp loss = 1.506  adjusted loss = 1.506  adv prob = 0.250000   acc = 0.784
  waterbird_complete50 = 1, forest2water2 = 1  [n = 134]:	loss = 0.684  exp loss = 0.748  adjusted loss = 0.748  adv prob = 0.250000   acc = 0.866
Current lr: 0.000010
Current validation accuracy: 0.7835820913314819


Epoch [56]:
Training:
Average incurred loss: 0.720  
Average sample loss: 0.671  
Average acc: 0.880  
  waterbird_complete50 = 0, forest2water2 = 0  [n = 54]:	loss = 0.003  exp loss = 0.005  adjusted loss = 0.005  adv prob = 0.250000   acc = 1.000
  waterbird_complete50 = 0, forest2water2 = 1  [n = 49]:	loss = 0.000  exp loss = 0.002  adjusted loss = 0.002  adv prob = 0.250000   acc = 1.000
  waterbird_complete50 = 1, forest2water2 = 0  [n = 71]:	loss = 1.888  exp loss = 1.863  adjusted loss = 1.863  adv prob = 0.250000   acc = 0.704
  waterbird_complete50 = 1, forest2water2 = 1  [n = 51]:	loss = 0.544  exp loss = 0.352  adjusted loss = 0.352  adv prob = 0.250000   acc = 0.882

Validation:
Average incurred loss: 0.214  
Average sample loss: 0.211  
Average acc: 0.957  
  waterbird_complete50 = 0, forest2water2 = 0  [n = 465]:	loss = 0.001  exp loss = 0.000  adjusted loss = 0.000  adv prob = 0.250000   acc = 1.000
  waterbird_complete50 = 0, forest2water2 = 1  [n = 466]:	loss = 0.034  exp loss = 0.030  adjusted loss = 0.030  adv prob = 0.250000   acc = 0.994
  waterbird_complete50 = 1, forest2water2 = 0  [n = 134]:	loss = 1.102  exp loss = 1.559  adjusted loss = 1.559  adv prob = 0.250000   acc = 0.776
  waterbird_complete50 = 1, forest2water2 = 1  [n = 134]:	loss = 0.692  exp loss = 0.756  adjusted loss = 0.756  adv prob = 0.250000   acc = 0.866
Current lr: 0.000010
Current validation accuracy: 0.7761193513870239


Epoch [57]:
Training:
Average incurred loss: 0.592  
Average sample loss: 0.644  
Average acc: 0.884  
  waterbird_complete50 = 0, forest2water2 = 0  [n = 51]:	loss = 0.006  exp loss = 0.005  adjusted loss = 0.005  adv prob = 0.250000   acc = 1.000
  waterbird_complete50 = 0, forest2water2 = 1  [n = 63]:	loss = 0.000  exp loss = 0.001  adjusted loss = 0.001  adv prob = 0.250000   acc = 1.000
  waterbird_complete50 = 1, forest2water2 = 0  [n = 56]:	loss = 1.779  exp loss = 1.856  adjusted loss = 1.856  adv prob = 0.250000   acc = 0.732
  waterbird_complete50 = 1, forest2water2 = 1  [n = 55]:	loss = 0.604  exp loss = 0.441  adjusted loss = 0.441  adv prob = 0.250000   acc = 0.800

Validation:
Average incurred loss: 0.205  
Average sample loss: 0.203  
Average acc: 0.957  
  waterbird_complete50 = 0, forest2water2 = 0  [n = 465]:	loss = 0.001  exp loss = 0.000  adjusted loss = 0.000  adv prob = 0.250000   acc = 1.000
  waterbird_complete50 = 0, forest2water2 = 1  [n = 466]:	loss = 0.033  exp loss = 0.030  adjusted loss = 0.030  adv prob = 0.250000   acc = 0.994
  waterbird_complete50 = 1, forest2water2 = 0  [n = 134]:	loss = 1.059  exp loss = 1.503  adjusted loss = 1.503  adv prob = 0.250000   acc = 0.776
  waterbird_complete50 = 1, forest2water2 = 1  [n = 134]:	loss = 0.660  exp loss = 0.726  adjusted loss = 0.726  adv prob = 0.250000   acc = 0.866
Current lr: 0.000010
Current validation accuracy: 0.7761193513870239


Epoch [58]:
Training:
Average incurred loss: 0.663  
Average sample loss: 0.765  
Average acc: 0.858  
  waterbird_complete50 = 0, forest2water2 = 0  [n = 62]:	loss = 0.000  exp loss = 0.003  adjusted loss = 0.003  adv prob = 0.250000   acc = 1.000
  waterbird_complete50 = 0, forest2water2 = 1  [n = 46]:	loss = 0.000  exp loss = 0.001  adjusted loss = 0.001  adv prob = 0.250000   acc = 1.000
  waterbird_complete50 = 1, forest2water2 = 0  [n = 60]:	loss = 2.181  exp loss = 2.034  adjusted loss = 2.034  adv prob = 0.250000   acc = 0.583
  waterbird_complete50 = 1, forest2water2 = 1  [n = 57]:	loss = 0.321  exp loss = 0.416  adjusted loss = 0.416  adv prob = 0.250000   acc = 0.877

Validation:
Average incurred loss: 0.213  
Average sample loss: 0.210  
Average acc: 0.956  
  waterbird_complete50 = 0, forest2water2 = 0  [n = 465]:	loss = 0.001  exp loss = 0.000  adjusted loss = 0.000  adv prob = 0.250000   acc = 1.000
  waterbird_complete50 = 0, forest2water2 = 1  [n = 466]:	loss = 0.031  exp loss = 0.028  adjusted loss = 0.028  adv prob = 0.250000   acc = 0.994
  waterbird_complete50 = 1, forest2water2 = 0  [n = 134]:	loss = 1.106  exp loss = 1.572  adjusted loss = 1.572  adv prob = 0.250000   acc = 0.776
  waterbird_complete50 = 1, forest2water2 = 1  [n = 134]:	loss = 0.694  exp loss = 0.762  adjusted loss = 0.762  adv prob = 0.250000   acc = 0.851
Current lr: 0.000010
Current validation accuracy: 0.7761193513870239


Epoch [59]:
Training:
Average incurred loss: 0.340  
Average sample loss: 0.334  
Average acc: 0.924  
  waterbird_complete50 = 0, forest2water2 = 0  [n = 58]:	loss = 0.000  exp loss = 0.002  adjusted loss = 0.002  adv prob = 0.250000   acc = 1.000
  waterbird_complete50 = 0, forest2water2 = 1  [n = 62]:	loss = 0.001  exp loss = 0.001  adjusted loss = 0.001  adv prob = 0.250000   acc = 1.000
  waterbird_complete50 = 1, forest2water2 = 0  [n = 53]:	loss = 1.227  exp loss = 1.806  adjusted loss = 1.806  adv prob = 0.250000   acc = 0.736
  waterbird_complete50 = 1, forest2water2 = 1  [n = 52]:	loss = 0.221  exp loss = 0.331  adjusted loss = 0.331  adv prob = 0.250000   acc = 0.942

Validation:
Average incurred loss: 0.187  
Average sample loss: 0.185  
Average acc: 0.966  
  waterbird_complete50 = 0, forest2water2 = 0  [n = 465]:	loss = 0.001  exp loss = 0.001  adjusted loss = 0.001  adv prob = 0.250000   acc = 1.000
  waterbird_complete50 = 0, forest2water2 = 1  [n = 466]:	loss = 0.039  exp loss = 0.035  adjusted loss = 0.035  adv prob = 0.250000   acc = 0.994
  waterbird_complete50 = 1, forest2water2 = 0  [n = 134]:	loss = 0.955  exp loss = 1.375  adjusted loss = 1.375  adv prob = 0.250000   acc = 0.813
  waterbird_complete50 = 1, forest2water2 = 1  [n = 134]:	loss = 0.582  exp loss = 0.644  adjusted loss = 0.644  adv prob = 0.250000   acc = 0.903
Current lr: 0.000010
Current validation accuracy: 0.8134328722953796


Epoch [60]:
Training:
Average incurred loss: 0.588  
Average sample loss: 0.577  
Average acc: 0.862  
  waterbird_complete50 = 0, forest2water2 = 0  [n = 46]:	loss = 0.000  exp loss = 0.002  adjusted loss = 0.002  adv prob = 0.250000   acc = 1.000
  waterbird_complete50 = 0, forest2water2 = 1  [n = 58]:	loss = 0.000  exp loss = 0.001  adjusted loss = 0.001  adv prob = 0.250000   acc = 1.000
  waterbird_complete50 = 1, forest2water2 = 0  [n = 60]:	loss = 1.734  exp loss = 1.799  adjusted loss = 1.799  adv prob = 0.250000   acc = 0.667
  waterbird_complete50 = 1, forest2water2 = 1  [n = 61]:	loss = 0.464  exp loss = 0.355  adjusted loss = 0.355  adv prob = 0.250000   acc = 0.820

Validation:
Average incurred loss: 0.203  
Average sample loss: 0.201  
Average acc: 0.958  
  waterbird_complete50 = 0, forest2water2 = 0  [n = 465]:	loss = 0.001  exp loss = 0.000  adjusted loss = 0.000  adv prob = 0.250000   acc = 1.000
  waterbird_complete50 = 0, forest2water2 = 1  [n = 466]:	loss = 0.033  exp loss = 0.030  adjusted loss = 0.030  adv prob = 0.250000   acc = 0.994
  waterbird_complete50 = 1, forest2water2 = 0  [n = 134]:	loss = 1.055  exp loss = 1.508  adjusted loss = 1.508  adv prob = 0.250000   acc = 0.784
  waterbird_complete50 = 1, forest2water2 = 1  [n = 134]:	loss = 0.649  exp loss = 0.711  adjusted loss = 0.711  adv prob = 0.250000   acc = 0.866
Current lr: 0.000010
Current validation accuracy: 0.7835820913314819


Epoch [61]:
Training:
Average incurred loss: 0.449  
Average sample loss: 0.424  
Average acc: 0.920  
  waterbird_complete50 = 0, forest2water2 = 0  [n = 62]:	loss = 0.003  exp loss = 0.002  adjusted loss = 0.002  adv prob = 0.250000   acc = 1.000
  waterbird_complete50 = 0, forest2water2 = 1  [n = 61]:	loss = 0.001  exp loss = 0.001  adjusted loss = 0.001  adv prob = 0.250000   acc = 1.000
  waterbird_complete50 = 1, forest2water2 = 0  [n = 45]:	loss = 1.717  exp loss = 1.683  adjusted loss = 1.683  adv prob = 0.250000   acc = 0.756
  waterbird_complete50 = 1, forest2water2 = 1  [n = 57]:	loss = 0.413  exp loss = 0.332  adjusted loss = 0.332  adv prob = 0.250000   acc = 0.877

Validation:
Average incurred loss: 0.201  
Average sample loss: 0.199  
Average acc: 0.958  
  waterbird_complete50 = 0, forest2water2 = 0  [n = 465]:	loss = 0.001  exp loss = 0.000  adjusted loss = 0.000  adv prob = 0.250000   acc = 1.000
  waterbird_complete50 = 0, forest2water2 = 1  [n = 466]:	loss = 0.034  exp loss = 0.030  adjusted loss = 0.030  adv prob = 0.250000   acc = 0.994
  waterbird_complete50 = 1, forest2water2 = 0  [n = 134]:	loss = 1.042  exp loss = 1.487  adjusted loss = 1.487  adv prob = 0.250000   acc = 0.784
  waterbird_complete50 = 1, forest2water2 = 1  [n = 134]:	loss = 0.641  exp loss = 0.709  adjusted loss = 0.709  adv prob = 0.250000   acc = 0.866
Current lr: 0.000010
Current validation accuracy: 0.7835820913314819


Epoch [62]:
Training:
Average incurred loss: 0.543  
Average sample loss: 0.506  
Average acc: 0.920  
  waterbird_complete50 = 0, forest2water2 = 0  [n = 56]:	loss = 0.008  exp loss = 0.003  adjusted loss = 0.003  adv prob = 0.250000   acc = 1.000
  waterbird_complete50 = 0, forest2water2 = 1  [n = 63]:	loss = 0.001  exp loss = 0.001  adjusted loss = 0.001  adv prob = 0.250000   acc = 1.000
  waterbird_complete50 = 1, forest2water2 = 0  [n = 57]:	loss = 2.032  exp loss = 1.792  adjusted loss = 1.792  adv prob = 0.250000   acc = 0.719
  waterbird_complete50 = 1, forest2water2 = 1  [n = 49]:	loss = 0.117  exp loss = 0.257  adjusted loss = 0.257  adv prob = 0.250000   acc = 0.959

Validation:
Average incurred loss: 0.200  
Average sample loss: 0.198  
Average acc: 0.958  
  waterbird_complete50 = 0, forest2water2 = 0  [n = 465]:	loss = 0.001  exp loss = 0.000  adjusted loss = 0.000  adv prob = 0.250000   acc = 1.000
  waterbird_complete50 = 0, forest2water2 = 1  [n = 466]:	loss = 0.034  exp loss = 0.031  adjusted loss = 0.031  adv prob = 0.250000   acc = 0.994
  waterbird_complete50 = 1, forest2water2 = 0  [n = 134]:	loss = 1.030  exp loss = 1.473  adjusted loss = 1.473  adv prob = 0.250000   acc = 0.784
  waterbird_complete50 = 1, forest2water2 = 1  [n = 134]:	loss = 0.643  exp loss = 0.710  adjusted loss = 0.710  adv prob = 0.250000   acc = 0.866
Current lr: 0.000010
Current validation accuracy: 0.7835820913314819


Epoch [63]:
Training:
Average incurred loss: 0.620  
Average sample loss: 0.656  
Average acc: 0.893  
  waterbird_complete50 = 0, forest2water2 = 0  [n = 55]:	loss = 0.000  exp loss = 0.002  adjusted loss = 0.002  adv prob = 0.250000   acc = 1.000
  waterbird_complete50 = 0, forest2water2 = 1  [n = 52]:	loss = 0.000  exp loss = 0.001  adjusted loss = 0.001  adv prob = 0.250000   acc = 1.000
  waterbird_complete50 = 1, forest2water2 = 0  [n = 62]:	loss = 1.783  exp loss = 1.746  adjusted loss = 1.746  adv prob = 0.250000   acc = 0.742
  waterbird_complete50 = 1, forest2water2 = 1  [n = 56]:	loss = 0.515  exp loss = 0.362  adjusted loss = 0.362  adv prob = 0.250000   acc = 0.857

Validation:
Average incurred loss: 0.226  
Average sample loss: 0.223  
Average acc: 0.953  
  waterbird_complete50 = 0, forest2water2 = 0  [n = 465]:	loss = 0.000  exp loss = 0.000  adjusted loss = 0.000  adv prob = 0.250000   acc = 1.000
  waterbird_complete50 = 0, forest2water2 = 1  [n = 466]:	loss = 0.028  exp loss = 0.025  adjusted loss = 0.025  adv prob = 0.250000   acc = 0.994
  waterbird_complete50 = 1, forest2water2 = 0  [n = 134]:	loss = 1.174  exp loss = 1.651  adjusted loss = 1.651  adv prob = 0.250000   acc = 0.761
  waterbird_complete50 = 1, forest2water2 = 1  [n = 134]:	loss = 0.747  exp loss = 0.819  adjusted loss = 0.819  adv prob = 0.250000   acc = 0.843
Current lr: 0.000010
Current validation accuracy: 0.7611940503120422


Epoch [64]:
Training:
Average incurred loss: 0.675  
Average sample loss: 0.679  
Average acc: 0.853  
  waterbird_complete50 = 0, forest2water2 = 0  [n = 60]:	loss = 0.045  exp loss = 0.012  adjusted loss = 0.012  adv prob = 0.250000   acc = 0.983
  waterbird_complete50 = 0, forest2water2 = 1  [n = 55]:	loss = 0.003  exp loss = 0.001  adjusted loss = 0.001  adv prob = 0.250000   acc = 1.000
  waterbird_complete50 = 1, forest2water2 = 0  [n = 47]:	loss = 2.492  exp loss = 2.173  adjusted loss = 2.173  adv prob = 0.250000   acc = 0.574
  waterbird_complete50 = 1, forest2water2 = 1  [n = 63]:	loss = 0.507  exp loss = 0.399  adjusted loss = 0.399  adv prob = 0.250000   acc = 0.810

Validation:
Average incurred loss: 0.213  
Average sample loss: 0.210  
Average acc: 0.957  
  waterbird_complete50 = 0, forest2water2 = 0  [n = 465]:	loss = 0.001  exp loss = 0.000  adjusted loss = 0.000  adv prob = 0.250000   acc = 1.000
  waterbird_complete50 = 0, forest2water2 = 1  [n = 466]:	loss = 0.030  exp loss = 0.027  adjusted loss = 0.027  adv prob = 0.250000   acc = 0.994
  waterbird_complete50 = 1, forest2water2 = 0  [n = 134]:	loss = 1.098  exp loss = 1.556  adjusted loss = 1.556  adv prob = 0.250000   acc = 0.776
  waterbird_complete50 = 1, forest2water2 = 1  [n = 134]:	loss = 0.701  exp loss = 0.771  adjusted loss = 0.771  adv prob = 0.250000   acc = 0.858
Current lr: 0.000010
Current validation accuracy: 0.7761193513870239


Epoch [65]:
Training:
Average incurred loss: 0.713  
Average sample loss: 0.755  
Average acc: 0.876  
  waterbird_complete50 = 0, forest2water2 = 0  [n = 43]:	loss = 0.000  exp loss = 0.008  adjusted loss = 0.008  adv prob = 0.250000   acc = 1.000
  waterbird_complete50 = 0, forest2water2 = 1  [n = 61]:	loss = 0.000  exp loss = 0.001  adjusted loss = 0.001  adv prob = 0.250000   acc = 1.000
  waterbird_complete50 = 1, forest2water2 = 0  [n = 61]:	loss = 2.143  exp loss = 2.187  adjusted loss = 2.187  adv prob = 0.250000   acc = 0.672
  waterbird_complete50 = 1, forest2water2 = 1  [n = 60]:	loss = 0.496  exp loss = 0.388  adjusted loss = 0.388  adv prob = 0.250000   acc = 0.867

Validation:
Average incurred loss: 0.226  
Average sample loss: 0.223  
Average acc: 0.955  
  waterbird_complete50 = 0, forest2water2 = 0  [n = 465]:	loss = 0.000  exp loss = 0.000  adjusted loss = 0.000  adv prob = 0.250000   acc = 1.000
  waterbird_complete50 = 0, forest2water2 = 1  [n = 466]:	loss = 0.029  exp loss = 0.026  adjusted loss = 0.026  adv prob = 0.250000   acc = 0.994
  waterbird_complete50 = 1, forest2water2 = 0  [n = 134]:	loss = 1.176  exp loss = 1.662  adjusted loss = 1.662  adv prob = 0.250000   acc = 0.769
  waterbird_complete50 = 1, forest2water2 = 1  [n = 134]:	loss = 0.747  exp loss = 0.825  adjusted loss = 0.825  adv prob = 0.250000   acc = 0.851
Current lr: 0.000010
Current validation accuracy: 0.7686566710472107


Epoch [66]:
Training:
Average incurred loss: 0.503  
Average sample loss: 0.460  
Average acc: 0.898  
  waterbird_complete50 = 0, forest2water2 = 0  [n = 60]:	loss = 0.001  exp loss = 0.006  adjusted loss = 0.006  adv prob = 0.250000   acc = 1.000
  waterbird_complete50 = 0, forest2water2 = 1  [n = 45]:	loss = 0.000  exp loss = 0.001  adjusted loss = 0.001  adv prob = 0.250000   acc = 1.000
  waterbird_complete50 = 1, forest2water2 = 0  [n = 63]:	loss = 1.385  exp loss = 1.815  adjusted loss = 1.815  adv prob = 0.250000   acc = 0.746
  waterbird_complete50 = 1, forest2water2 = 1  [n = 57]:	loss = 0.451  exp loss = 0.405  adjusted loss = 0.405  adv prob = 0.250000   acc = 0.877

Validation:
Average incurred loss: 0.221  
Average sample loss: 0.218  
Average acc: 0.956  
  waterbird_complete50 = 0, forest2water2 = 0  [n = 465]:	loss = 0.000  exp loss = 0.000  adjusted loss = 0.000  adv prob = 0.250000   acc = 1.000
  waterbird_complete50 = 0, forest2water2 = 1  [n = 466]:	loss = 0.030  exp loss = 0.027  adjusted loss = 0.027  adv prob = 0.250000   acc = 0.994
  waterbird_complete50 = 1, forest2water2 = 0  [n = 134]:	loss = 1.145  exp loss = 1.622  adjusted loss = 1.622  adv prob = 0.250000   acc = 0.769
  waterbird_complete50 = 1, forest2water2 = 1  [n = 134]:	loss = 0.727  exp loss = 0.802  adjusted loss = 0.802  adv prob = 0.250000   acc = 0.858
Current lr: 0.000010
Current validation accuracy: 0.7686566710472107


Epoch [67]:
Training:
Average incurred loss: 0.830  
Average sample loss: 0.796  
Average acc: 0.827  
  waterbird_complete50 = 0, forest2water2 = 0  [n = 50]:	loss = 0.002  exp loss = 0.004  adjusted loss = 0.004  adv prob = 0.250000   acc = 1.000
  waterbird_complete50 = 0, forest2water2 = 1  [n = 49]:	loss = 0.000  exp loss = 0.000  adjusted loss = 0.000  adv prob = 0.250000   acc = 1.000
  waterbird_complete50 = 1, forest2water2 = 0  [n = 64]:	loss = 2.353  exp loss = 1.941  adjusted loss = 1.941  adv prob = 0.250000   acc = 0.609
  waterbird_complete50 = 1, forest2water2 = 1  [n = 62]:	loss = 0.581  exp loss = 0.451  adjusted loss = 0.451  adv prob = 0.250000   acc = 0.774

Validation:
Average incurred loss: 0.231  
Average sample loss: 0.228  
Average acc: 0.954  
  waterbird_complete50 = 0, forest2water2 = 0  [n = 465]:	loss = 0.000  exp loss = 0.000  adjusted loss = 0.000  adv prob = 0.250000   acc = 1.000
  waterbird_complete50 = 0, forest2water2 = 1  [n = 466]:	loss = 0.026  exp loss = 0.024  adjusted loss = 0.024  adv prob = 0.250000   acc = 0.994
  waterbird_complete50 = 1, forest2water2 = 0  [n = 134]:	loss = 1.199  exp loss = 1.682  adjusted loss = 1.682  adv prob = 0.250000   acc = 0.769
  waterbird_complete50 = 1, forest2water2 = 1  [n = 134]:	loss = 0.778  exp loss = 0.853  adjusted loss = 0.853  adv prob = 0.250000   acc = 0.843
Current lr: 0.000010
Current validation accuracy: 0.7686566710472107


Epoch [68]:
Training:
Average incurred loss: 0.313  
Average sample loss: 0.277  
Average acc: 0.938  
  waterbird_complete50 = 0, forest2water2 = 0  [n = 54]:	loss = 0.001  exp loss = 0.003  adjusted loss = 0.003  adv prob = 0.250000   acc = 1.000
  waterbird_complete50 = 0, forest2water2 = 1  [n = 60]:	loss = 0.000  exp loss = 0.000  adjusted loss = 0.000  adv prob = 0.250000   acc = 1.000
  waterbird_complete50 = 1, forest2water2 = 0  [n = 55]:	loss = 1.214  exp loss = 1.598  adjusted loss = 1.598  adv prob = 0.250000   acc = 0.764
  waterbird_complete50 = 1, forest2water2 = 1  [n = 56]:	loss = 0.062  exp loss = 0.315  adjusted loss = 0.315  adv prob = 0.250000   acc = 0.982

Validation:
Average incurred loss: 0.213  
Average sample loss: 0.210  
Average acc: 0.957  
  waterbird_complete50 = 0, forest2water2 = 0  [n = 465]:	loss = 0.000  exp loss = 0.000  adjusted loss = 0.000  adv prob = 0.250000   acc = 1.000
  waterbird_complete50 = 0, forest2water2 = 1  [n = 466]:	loss = 0.030  exp loss = 0.027  adjusted loss = 0.027  adv prob = 0.250000   acc = 0.994
  waterbird_complete50 = 1, forest2water2 = 0  [n = 134]:	loss = 1.103  exp loss = 1.551  adjusted loss = 1.551  adv prob = 0.250000   acc = 0.776
  waterbird_complete50 = 1, forest2water2 = 1  [n = 134]:	loss = 0.701  exp loss = 0.773  adjusted loss = 0.773  adv prob = 0.250000   acc = 0.858
Current lr: 0.000010
Current validation accuracy: 0.7761193513870239


Epoch [69]:
Training:
Average incurred loss: 0.543  
Average sample loss: 0.520  
Average acc: 0.898  
  waterbird_complete50 = 0, forest2water2 = 0  [n = 44]:	loss = 0.000  exp loss = 0.002  adjusted loss = 0.002  adv prob = 0.250000   acc = 1.000
  waterbird_complete50 = 0, forest2water2 = 1  [n = 65]:	loss = 0.000  exp loss = 0.000  adjusted loss = 0.000  adv prob = 0.250000   acc = 1.000
  waterbird_complete50 = 1, forest2water2 = 0  [n = 62]:	loss = 1.818  exp loss = 1.629  adjusted loss = 1.629  adv prob = 0.250000   acc = 0.677
  waterbird_complete50 = 1, forest2water2 = 1  [n = 54]:	loss = 0.177  exp loss = 0.261  adjusted loss = 0.261  adv prob = 0.250000   acc = 0.944

Validation:
Average incurred loss: 0.204  
Average sample loss: 0.201  
Average acc: 0.957  
  waterbird_complete50 = 0, forest2water2 = 0  [n = 465]:	loss = 0.001  exp loss = 0.000  adjusted loss = 0.000  adv prob = 0.250000   acc = 1.000
  waterbird_complete50 = 0, forest2water2 = 1  [n = 466]:	loss = 0.030  exp loss = 0.027  adjusted loss = 0.027  adv prob = 0.250000   acc = 0.994
  waterbird_complete50 = 1, forest2water2 = 0  [n = 134]:	loss = 1.045  exp loss = 1.472  adjusted loss = 1.472  adv prob = 0.250000   acc = 0.776
  waterbird_complete50 = 1, forest2water2 = 1  [n = 134]:	loss = 0.674  exp loss = 0.745  adjusted loss = 0.745  adv prob = 0.250000   acc = 0.858
Current lr: 0.000010
Current validation accuracy: 0.7761193513870239


Epoch [70]:
Training:
Average incurred loss: 0.595  
Average sample loss: 0.577  
Average acc: 0.884  
  waterbird_complete50 = 0, forest2water2 = 0  [n = 50]:	loss = 0.000  exp loss = 0.001  adjusted loss = 0.001  adv prob = 0.250000   acc = 1.000
  waterbird_complete50 = 0, forest2water2 = 1  [n = 57]:	loss = 0.000  exp loss = 0.000  adjusted loss = 0.000  adv prob = 0.250000   acc = 1.000
  waterbird_complete50 = 1, forest2water2 = 0  [n = 60]:	loss = 1.860  exp loss = 1.628  adjusted loss = 1.628  adv prob = 0.250000   acc = 0.683
  waterbird_complete50 = 1, forest2water2 = 1  [n = 58]:	loss = 0.384  exp loss = 0.325  adjusted loss = 0.325  adv prob = 0.250000   acc = 0.879

Validation:
Average incurred loss: 0.209  
Average sample loss: 0.206  
Average acc: 0.957  
  waterbird_complete50 = 0, forest2water2 = 0  [n = 465]:	loss = 0.000  exp loss = 0.000  adjusted loss = 0.000  adv prob = 0.250000   acc = 1.000
  waterbird_complete50 = 0, forest2water2 = 1  [n = 466]:	loss = 0.031  exp loss = 0.028  adjusted loss = 0.028  adv prob = 0.250000   acc = 0.994
  waterbird_complete50 = 1, forest2water2 = 0  [n = 134]:	loss = 1.075  exp loss = 1.515  adjusted loss = 1.515  adv prob = 0.250000   acc = 0.776
  waterbird_complete50 = 1, forest2water2 = 1  [n = 134]:	loss = 0.690  exp loss = 0.761  adjusted loss = 0.761  adv prob = 0.250000   acc = 0.866
Current lr: 0.000010
Current validation accuracy: 0.7761193513870239


Epoch [71]:
Training:
Average incurred loss: 0.460  
Average sample loss: 0.433  
Average acc: 0.902  
  waterbird_complete50 = 0, forest2water2 = 0  [n = 54]:	loss = 0.000  exp loss = 0.001  adjusted loss = 0.001  adv prob = 0.250000   acc = 1.000
  waterbird_complete50 = 0, forest2water2 = 1  [n = 56]:	loss = 0.002  exp loss = 0.001  adjusted loss = 0.001  adv prob = 0.250000   acc = 1.000
  waterbird_complete50 = 1, forest2water2 = 0  [n = 62]:	loss = 1.444  exp loss = 1.541  adjusted loss = 1.541  adv prob = 0.250000   acc = 0.742
  waterbird_complete50 = 1, forest2water2 = 1  [n = 53]:	loss = 0.261  exp loss = 0.288  adjusted loss = 0.288  adv prob = 0.250000   acc = 0.887

Validation:
Average incurred loss: 0.196  
Average sample loss: 0.193  
Average acc: 0.961  
  waterbird_complete50 = 0, forest2water2 = 0  [n = 465]:	loss = 0.001  exp loss = 0.000  adjusted loss = 0.000  adv prob = 0.250000   acc = 1.000
  waterbird_complete50 = 0, forest2water2 = 1  [n = 466]:	loss = 0.036  exp loss = 0.032  adjusted loss = 0.032  adv prob = 0.250000   acc = 0.994
  waterbird_complete50 = 1, forest2water2 = 0  [n = 134]:	loss = 1.008  exp loss = 1.433  adjusted loss = 1.433  adv prob = 0.250000   acc = 0.806
  waterbird_complete50 = 1, forest2water2 = 1  [n = 134]:	loss = 0.617  exp loss = 0.686  adjusted loss = 0.686  adv prob = 0.250000   acc = 0.866
Current lr: 0.000010
Current validation accuracy: 0.8059701919555664


Epoch [72]:
Training:
Average incurred loss: 0.555  
Average sample loss: 0.572  
Average acc: 0.867  
  waterbird_complete50 = 0, forest2water2 = 0  [n = 59]:	loss = 0.000  exp loss = 0.001  adjusted loss = 0.001  adv prob = 0.250000   acc = 1.000
  waterbird_complete50 = 0, forest2water2 = 1  [n = 52]:	loss = 0.002  exp loss = 0.001  adjusted loss = 0.001  adv prob = 0.250000   acc = 1.000
  waterbird_complete50 = 1, forest2water2 = 0  [n = 54]:	loss = 1.493  exp loss = 1.535  adjusted loss = 1.535  adv prob = 0.250000   acc = 0.759
  waterbird_complete50 = 1, forest2water2 = 1  [n = 60]:	loss = 0.737  exp loss = 0.392  adjusted loss = 0.392  adv prob = 0.250000   acc = 0.717

Validation:
Average incurred loss: 0.187  
Average sample loss: 0.185  
Average acc: 0.962  
  waterbird_complete50 = 0, forest2water2 = 0  [n = 465]:	loss = 0.001  exp loss = 0.000  adjusted loss = 0.000  adv prob = 0.250000   acc = 1.000
  waterbird_complete50 = 0, forest2water2 = 1  [n = 466]:	loss = 0.039  exp loss = 0.035  adjusted loss = 0.035  adv prob = 0.250000   acc = 0.991
  waterbird_complete50 = 1, forest2water2 = 0  [n = 134]:	loss = 0.962  exp loss = 1.383  adjusted loss = 1.383  adv prob = 0.250000   acc = 0.813
  waterbird_complete50 = 1, forest2water2 = 1  [n = 134]:	loss = 0.577  exp loss = 0.643  adjusted loss = 0.643  adv prob = 0.250000   acc = 0.873
Current lr: 0.000010
Current validation accuracy: 0.8134328722953796


Epoch [73]:
Training:
Average incurred loss: 0.256  
Average sample loss: 0.248  
Average acc: 0.938  
  waterbird_complete50 = 0, forest2water2 = 0  [n = 63]:	loss = 0.013  exp loss = 0.005  adjusted loss = 0.005  adv prob = 0.250000   acc = 0.984
  waterbird_complete50 = 0, forest2water2 = 1  [n = 62]:	loss = 0.009  exp loss = 0.007  adjusted loss = 0.007  adv prob = 0.250000   acc = 1.000
  waterbird_complete50 = 1, forest2water2 = 0  [n = 57]:	loss = 0.904  exp loss = 1.306  adjusted loss = 1.306  adv prob = 0.250000   acc = 0.789
  waterbird_complete50 = 1, forest2water2 = 1  [n = 43]:	loss = 0.109  exp loss = 0.292  adjusted loss = 0.292  adv prob = 0.250000   acc = 0.977

Validation:
Average incurred loss: 0.173  
Average sample loss: 0.170  
Average acc: 0.967  
  waterbird_complete50 = 0, forest2water2 = 0  [n = 465]:	loss = 0.001  exp loss = 0.000  adjusted loss = 0.000  adv prob = 0.250000   acc = 1.000
  waterbird_complete50 = 0, forest2water2 = 1  [n = 466]:	loss = 0.045  exp loss = 0.040  adjusted loss = 0.040  adv prob = 0.250000   acc = 0.991
  waterbird_complete50 = 1, forest2water2 = 0  [n = 134]:	loss = 0.869  exp loss = 1.260  adjusted loss = 1.260  adv prob = 0.250000   acc = 0.828
  waterbird_complete50 = 1, forest2water2 = 1  [n = 134]:	loss = 0.518  exp loss = 0.584  adjusted loss = 0.584  adv prob = 0.250000   acc = 0.910
Current lr: 0.000010
Current validation accuracy: 0.8283581733703613


Epoch [74]:
Training:
Average incurred loss: 0.687  
Average sample loss: 0.645  
Average acc: 0.898  
  waterbird_complete50 = 0, forest2water2 = 0  [n = 52]:	loss = 0.000  exp loss = 0.003  adjusted loss = 0.003  adv prob = 0.250000   acc = 1.000
  waterbird_complete50 = 0, forest2water2 = 1  [n = 60]:	loss = 0.001  exp loss = 0.005  adjusted loss = 0.005  adv prob = 0.250000   acc = 1.000
  waterbird_complete50 = 1, forest2water2 = 0  [n = 60]:	loss = 2.359  exp loss = 1.555  adjusted loss = 1.555  adv prob = 0.250000   acc = 0.717
  waterbird_complete50 = 1, forest2water2 = 1  [n = 53]:	loss = 0.243  exp loss = 0.285  adjusted loss = 0.285  adv prob = 0.250000   acc = 0.887

Validation:
Average incurred loss: 0.164  
Average sample loss: 0.162  
Average acc: 0.968  
  waterbird_complete50 = 0, forest2water2 = 0  [n = 465]:	loss = 0.001  exp loss = 0.001  adjusted loss = 0.001  adv prob = 0.250000   acc = 1.000
  waterbird_complete50 = 0, forest2water2 = 1  [n = 466]:	loss = 0.047  exp loss = 0.042  adjusted loss = 0.042  adv prob = 0.250000   acc = 0.991
  waterbird_complete50 = 1, forest2water2 = 0  [n = 134]:	loss = 0.808  exp loss = 1.184  adjusted loss = 1.184  adv prob = 0.250000   acc = 0.836
  waterbird_complete50 = 1, forest2water2 = 1  [n = 134]:	loss = 0.492  exp loss = 0.554  adjusted loss = 0.554  adv prob = 0.250000   acc = 0.910
Current lr: 0.000010
Current validation accuracy: 0.8358209729194641


Epoch [75]:
Training:
Average incurred loss: 0.421  
Average sample loss: 0.400  
Average acc: 0.911  
  waterbird_complete50 = 0, forest2water2 = 0  [n = 62]:	loss = 0.059  exp loss = 0.041  adjusted loss = 0.041  adv prob = 0.250000   acc = 0.984
  waterbird_complete50 = 0, forest2water2 = 1  [n = 65]:	loss = 0.003  exp loss = 0.005  adjusted loss = 0.005  adv prob = 0.250000   acc = 1.000
  waterbird_complete50 = 1, forest2water2 = 0  [n = 46]:	loss = 1.891  exp loss = 1.584  adjusted loss = 1.584  adv prob = 0.250000   acc = 0.609
  waterbird_complete50 = 1, forest2water2 = 1  [n = 52]:	loss = 0.073  exp loss = 0.205  adjusted loss = 0.205  adv prob = 0.250000   acc = 0.981

Validation:
Average incurred loss: 0.150  
Average sample loss: 0.148  
Average acc: 0.970  
  waterbird_complete50 = 0, forest2water2 = 0  [n = 465]:	loss = 0.002  exp loss = 0.001  adjusted loss = 0.001  adv prob = 0.250000   acc = 0.998
  waterbird_complete50 = 0, forest2water2 = 1  [n = 466]:	loss = 0.054  exp loss = 0.048  adjusted loss = 0.048  adv prob = 0.250000   acc = 0.991
  waterbird_complete50 = 1, forest2water2 = 0  [n = 134]:	loss = 0.711  exp loss = 1.064  adjusted loss = 1.064  adv prob = 0.250000   acc = 0.851
  waterbird_complete50 = 1, forest2water2 = 1  [n = 134]:	loss = 0.438  exp loss = 0.493  adjusted loss = 0.493  adv prob = 0.250000   acc = 0.918
Current lr: 0.000010
Current validation accuracy: 0.8507462739944458
Best model saved at epoch 75


Epoch [76]:
Training:
Average incurred loss: 0.465  
Average sample loss: 0.560  
Average acc: 0.893  
  waterbird_complete50 = 0, forest2water2 = 0  [n = 52]:	loss = 0.001  exp loss = 0.027  adjusted loss = 0.027  adv prob = 0.250000   acc = 1.000
  waterbird_complete50 = 0, forest2water2 = 1  [n = 60]:	loss = 0.001  exp loss = 0.004  adjusted loss = 0.004  adv prob = 0.250000   acc = 1.000
  waterbird_complete50 = 1, forest2water2 = 0  [n = 53]:	loss = 1.614  exp loss = 1.680  adjusted loss = 1.680  adv prob = 0.250000   acc = 0.736
  waterbird_complete50 = 1, forest2water2 = 1  [n = 60]:	loss = 0.317  exp loss = 0.258  adjusted loss = 0.258  adv prob = 0.250000   acc = 0.833

Validation:
Average incurred loss: 0.171  
Average sample loss: 0.169  
Average acc: 0.967  
  waterbird_complete50 = 0, forest2water2 = 0  [n = 465]:	loss = 0.001  exp loss = 0.001  adjusted loss = 0.001  adv prob = 0.250000   acc = 1.000
  waterbird_complete50 = 0, forest2water2 = 1  [n = 466]:	loss = 0.044  exp loss = 0.039  adjusted loss = 0.039  adv prob = 0.250000   acc = 0.991
  waterbird_complete50 = 1, forest2water2 = 0  [n = 134]:	loss = 0.851  exp loss = 1.253  adjusted loss = 1.253  adv prob = 0.250000   acc = 0.828
  waterbird_complete50 = 1, forest2water2 = 1  [n = 134]:	loss = 0.523  exp loss = 0.584  adjusted loss = 0.584  adv prob = 0.250000   acc = 0.903
Current lr: 0.000010
Current validation accuracy: 0.8283581733703613


Epoch [77]:
Training:
Average incurred loss: 0.220  
Average sample loss: 0.196  
Average acc: 0.956  
  waterbird_complete50 = 0, forest2water2 = 0  [n = 56]:	loss = 0.001  exp loss = 0.018  adjusted loss = 0.018  adv prob = 0.250000   acc = 1.000
  waterbird_complete50 = 0, forest2water2 = 1  [n = 67]:	loss = 0.001  exp loss = 0.003  adjusted loss = 0.003  adv prob = 0.250000   acc = 1.000
  waterbird_complete50 = 1, forest2water2 = 0  [n = 40]:	loss = 0.828  exp loss = 1.353  adjusted loss = 1.353  adv prob = 0.250000   acc = 0.900
  waterbird_complete50 = 1, forest2water2 = 1  [n = 62]:	loss = 0.263  exp loss = 0.241  adjusted loss = 0.241  adv prob = 0.250000   acc = 0.903

Validation:
Average incurred loss: 0.165  
Average sample loss: 0.163  
Average acc: 0.968  
  waterbird_complete50 = 0, forest2water2 = 0  [n = 465]:	loss = 0.001  exp loss = 0.001  adjusted loss = 0.001  adv prob = 0.250000   acc = 1.000
  waterbird_complete50 = 0, forest2water2 = 1  [n = 466]:	loss = 0.046  exp loss = 0.041  adjusted loss = 0.041  adv prob = 0.250000   acc = 0.991
  waterbird_complete50 = 1, forest2water2 = 0  [n = 134]:	loss = 0.813  exp loss = 1.193  adjusted loss = 1.193  adv prob = 0.250000   acc = 0.828
  waterbird_complete50 = 1, forest2water2 = 1  [n = 134]:	loss = 0.500  exp loss = 0.558  adjusted loss = 0.558  adv prob = 0.250000   acc = 0.918
Current lr: 0.000010
Current validation accuracy: 0.8283581733703613


Epoch [78]:
Training:
Average incurred loss: 0.490  
Average sample loss: 0.522  
Average acc: 0.898  
  waterbird_complete50 = 0, forest2water2 = 0  [n = 61]:	loss = 0.004  exp loss = 0.013  adjusted loss = 0.013  adv prob = 0.250000   acc = 1.000
  waterbird_complete50 = 0, forest2water2 = 1  [n = 53]:	loss = 0.001  exp loss = 0.002  adjusted loss = 0.002  adv prob = 0.250000   acc = 1.000
  waterbird_complete50 = 1, forest2water2 = 0  [n = 52]:	loss = 1.679  exp loss = 1.505  adjusted loss = 1.505  adv prob = 0.250000   acc = 0.692
  waterbird_complete50 = 1, forest2water2 = 1  [n = 59]:	loss = 0.384  exp loss = 0.284  adjusted loss = 0.284  adv prob = 0.250000   acc = 0.881

Validation:
Average incurred loss: 0.175  
Average sample loss: 0.173  
Average acc: 0.964  
  waterbird_complete50 = 0, forest2water2 = 0  [n = 465]:	loss = 0.001  exp loss = 0.000  adjusted loss = 0.000  adv prob = 0.250000   acc = 1.000
  waterbird_complete50 = 0, forest2water2 = 1  [n = 466]:	loss = 0.041  exp loss = 0.037  adjusted loss = 0.037  adv prob = 0.250000   acc = 0.991
  waterbird_complete50 = 1, forest2water2 = 0  [n = 134]:	loss = 0.878  exp loss = 1.272  adjusted loss = 1.272  adv prob = 0.250000   acc = 0.821
  waterbird_complete50 = 1, forest2water2 = 1  [n = 134]:	loss = 0.544  exp loss = 0.607  adjusted loss = 0.607  adv prob = 0.250000   acc = 0.888
Current lr: 0.000010
Current validation accuracy: 0.8208956122398376


Epoch [79]:
Training:
Average incurred loss: 0.354  
Average sample loss: 0.405  
Average acc: 0.893  
  waterbird_complete50 = 0, forest2water2 = 0  [n = 53]:	loss = 0.000  exp loss = 0.008  adjusted loss = 0.008  adv prob = 0.250000   acc = 1.000
  waterbird_complete50 = 0, forest2water2 = 1  [n = 62]:	loss = 0.002  exp loss = 0.002  adjusted loss = 0.002  adv prob = 0.250000   acc = 1.000
  waterbird_complete50 = 1, forest2water2 = 0  [n = 58]:	loss = 1.075  exp loss = 1.371  adjusted loss = 1.371  adv prob = 0.250000   acc = 0.690
  waterbird_complete50 = 1, forest2water2 = 1  [n = 52]:	loss = 0.331  exp loss = 0.339  adjusted loss = 0.339  adv prob = 0.250000   acc = 0.885

Validation:
Average incurred loss: 0.180  
Average sample loss: 0.178  
Average acc: 0.962  
  waterbird_complete50 = 0, forest2water2 = 0  [n = 465]:	loss = 0.001  exp loss = 0.000  adjusted loss = 0.000  adv prob = 0.250000   acc = 1.000
  waterbird_complete50 = 0, forest2water2 = 1  [n = 466]:	loss = 0.041  exp loss = 0.036  adjusted loss = 0.036  adv prob = 0.250000   acc = 0.991
  waterbird_complete50 = 1, forest2water2 = 0  [n = 134]:	loss = 0.906  exp loss = 1.303  adjusted loss = 1.303  adv prob = 0.250000   acc = 0.813
  waterbird_complete50 = 1, forest2water2 = 1  [n = 134]:	loss = 0.561  exp loss = 0.625  adjusted loss = 0.625  adv prob = 0.250000   acc = 0.881
Current lr: 0.000010
Current validation accuracy: 0.8134328722953796


Epoch [80]:
Training:
Average incurred loss: 0.858  
Average sample loss: 0.863  
Average acc: 0.827  
  waterbird_complete50 = 0, forest2water2 = 0  [n = 49]:	loss = 0.006  exp loss = 0.010  adjusted loss = 0.010  adv prob = 0.250000   acc = 1.000
  waterbird_complete50 = 0, forest2water2 = 1  [n = 48]:	loss = 0.000  exp loss = 0.001  adjusted loss = 0.001  adv prob = 0.250000   acc = 1.000
  waterbird_complete50 = 1, forest2water2 = 0  [n = 68]:	loss = 2.482  exp loss = 1.784  adjusted loss = 1.784  adv prob = 0.250000   acc = 0.574
  waterbird_complete50 = 1, forest2water2 = 1  [n = 60]:	loss = 0.400  exp loss = 0.356  adjusted loss = 0.356  adv prob = 0.250000   acc = 0.833

Validation:
Average incurred loss: 0.184  
Average sample loss: 0.182  
Average acc: 0.963  
  waterbird_complete50 = 0, forest2water2 = 0  [n = 465]:	loss = 0.001  exp loss = 0.000  adjusted loss = 0.000  adv prob = 0.250000   acc = 1.000
  waterbird_complete50 = 0, forest2water2 = 1  [n = 466]:	loss = 0.040  exp loss = 0.036  adjusted loss = 0.036  adv prob = 0.250000   acc = 0.991
  waterbird_complete50 = 1, forest2water2 = 0  [n = 134]:	loss = 0.929  exp loss = 1.343  adjusted loss = 1.343  adv prob = 0.250000   acc = 0.813
  waterbird_complete50 = 1, forest2water2 = 1  [n = 134]:	loss = 0.577  exp loss = 0.642  adjusted loss = 0.642  adv prob = 0.250000   acc = 0.888
Current lr: 0.000010
Current validation accuracy: 0.8134328722953796


Epoch [81]:
Training:
Average incurred loss: 0.589  
Average sample loss: 0.576  
Average acc: 0.876  
  waterbird_complete50 = 0, forest2water2 = 0  [n = 58]:	loss = 0.001  exp loss = 0.007  adjusted loss = 0.007  adv prob = 0.250000   acc = 1.000
  waterbird_complete50 = 0, forest2water2 = 1  [n = 47]:	loss = 0.000  exp loss = 0.001  adjusted loss = 0.001  adv prob = 0.250000   acc = 1.000
  waterbird_complete50 = 1, forest2water2 = 0  [n = 50]:	loss = 2.125  exp loss = 1.932  adjusted loss = 1.932  adv prob = 0.250000   acc = 0.620
  waterbird_complete50 = 1, forest2water2 = 1  [n = 70]:	loss = 0.375  exp loss = 0.351  adjusted loss = 0.351  adv prob = 0.250000   acc = 0.871

Validation:
Average incurred loss: 0.178  
Average sample loss: 0.175  
Average acc: 0.966  
  waterbird_complete50 = 0, forest2water2 = 0  [n = 465]:	loss = 0.001  exp loss = 0.001  adjusted loss = 0.001  adv prob = 0.250000   acc = 1.000
  waterbird_complete50 = 0, forest2water2 = 1  [n = 466]:	loss = 0.038  exp loss = 0.035  adjusted loss = 0.035  adv prob = 0.250000   acc = 0.991
  waterbird_complete50 = 1, forest2water2 = 0  [n = 134]:	loss = 0.898  exp loss = 1.302  adjusted loss = 1.302  adv prob = 0.250000   acc = 0.828
  waterbird_complete50 = 1, forest2water2 = 1  [n = 134]:	loss = 0.557  exp loss = 0.619  adjusted loss = 0.619  adv prob = 0.250000   acc = 0.896
